date,asset,y_true_logrv,y_true_rv,yhat_logrv,yhat_rv,model,horizon,split
2018-01-02,GLD,-5.2028686199026675,0.0055007621704302985,-4.987974969597651,0.0068194601333174355,"GARCH(1,1)",1,val
2018-01-02,SPY,-5.915226687889019,0.0026980481146928006,-5.380833071584646,0.004603984882965103,"GARCH(1,1)",1,val
2018-01-02,TLT,-5.530338970959576,0.0039646449617867984,-4.942419042287667,0.007137312012947478,"GARCH(1,1)",1,val
2018-01-03,GLD,-5.187028998630425,0.005588585870802201,-4.9805001473714885,0.006870625372797768,"GARCH(1,1)",1,val
2018-01-03,SPY,-5.492919479266242,0.004115810593216799,-5.325957839485541,0.004863690147936092,"GARCH(1,1)",1,val
2018-01-03,TLT,-5.539680475178999,0.0039277816615537,-4.958905274363394,0.007020609268236555,"GARCH(1,1)",1,val
2018-01-04,GLD,-5.78005151685072,0.0030885562914448007,-4.919826514499666,0.0073003972500036655,"GARCH(1,1)",1,val
2018-01-04,SPY,-5.620396425564946,0.0036232044933408015,-5.216515115949999,0.0054262059140709,"GARCH(1,1)",1,val
2018-01-04,TLT,-5.3943998489337694,0.0045419454343976,-4.928084051789073,0.007240362159616661,"GARCH(1,1)",1,val
2018-01-05,GLD,-6.07043216853694,0.0023101746100544994,-4.935003344985139,0.007190436893951664,"GARCH(1,1)",1,val
2018-01-05,SPY,-5.974771599679489,0.0025420826329559994,-5.171412300393172,0.005676546166972153,"GARCH(1,1)",1,val
2018-01-05,TLT,-5.402965625179643,0.004503206298336699,-4.937236812735642,0.0071743952060018485,"GARCH(1,1)",1,val
2018-01-08,GLD,-5.692676056374863,0.0033705610783812995,-4.939671460798226,0.00715694932452167,"GARCH(1,1)",1,val
2018-01-08,SPY,-5.81067978523983,0.002995393156016501,-5.189418447090296,0.005575248174115683,"GARCH(1,1)",1,val
2018-01-08,TLT,-5.547412560436939,0.0038975288283372004,-4.954532147564959,0.007051378512635933,"GARCH(1,1)",1,val
2018-01-09,GLD,-5.724851352410621,0.0032638384016293997,-4.95720660526486,0.007032545094893299,"GARCH(1,1)",1,val
2018-01-09,SPY,-5.587364318309075,0.003744885193930801,-5.142494601043404,0.005843095325620658,"GARCH(1,1)",1,val
2018-01-09,TLT,-5.23900571353483,0.005305529430304498,-4.967870702679928,0.006957947812220883,"GARCH(1,1)",1,val
2018-01-10,GLD,-6.081506837215926,0.0022847313395999995,-4.974870875149305,0.00690941105852724,"GARCH(1,1)",1,val
2018-01-10,SPY,-5.972371610398211,0.0025481909310202003,-5.196121048939932,0.005538004459716839,"GARCH(1,1)",1,val
2018-01-10,TLT,-5.099338422623915,0.006100781369631501,-4.984284189983741,0.006844675761795498,"GARCH(1,1)",1,val
2018-01-11,GLD,-5.164411026431841,0.0057164286731044,-4.980185026860815,0.006872790788939489,"GARCH(1,1)",1,val
2018-01-11,SPY,-5.536640606578582,0.0039397397680236,-5.238915887127594,0.0053060060283569325,"GARCH(1,1)",1,val
2018-01-11,TLT,-5.394358626830208,0.004542132666801699,-4.92678703233989,0.007249759142874489,"GARCH(1,1)",1,val
2018-01-12,GLD,-5.70304802643016,0.0033357823933306,-4.993981462174955,0.006778621866797822,"GARCH(1,1)",1,val
2018-01-12,SPY,-4.779698400437879,0.0083985315790017,-5.267778234669574,0.005155051173132955,"GARCH(1,1)",1,val
2018-01-12,TLT,-5.51546249778757,0.004024065786487799,-4.9435532555583706,0.007129221368070977,"GARCH(1,1)",1,val
2018-01-16,GLD,-5.00660933742269,0.006693560478158401,-5.0045224882896076,0.006707543514208204,"GARCH(1,1)",1,val
2018-01-16,SPY,-4.964451160387548,0.006981781536021698,-5.176214682139162,0.005649350579343754,"GARCH(1,1)",1,val
2018-01-16,TLT,-5.152660678065086,0.0057839948872966986,-4.954213781696048,0.007053623788273731,"GARCH(1,1)",1,val
2018-01-17,GLD,-5.570300234226279,0.0038093365676699006,-4.9407537407174225,0.007149207692047385,"GARCH(1,1)",1,val
2018-01-17,SPY,-5.680672004905053,0.0034112652859705998,-5.138022114933043,0.00586928701563126,"GARCH(1,1)",1,val
2018-01-17,TLT,-5.51723136735322,0.0040169540307264,-4.969981710617718,0.0069432750217960125,"GARCH(1,1)",1,val
2018-01-18,GLD,-6.419946505675292,0.0016287433609840994,-4.957630765696762,0.007029562800058922,"GARCH(1,1)",1,val
2018-01-18,SPY,-5.839453573908727,0.0029104325276611003,-5.151336111032313,0.005791661252428524,"GARCH(1,1)",1,val
2018-01-18,TLT,-5.860087440771505,0.0028509943786320996,-4.979633408449099,0.006876582992707093,"GARCH(1,1)",1,val
2018-01-19,GLD,-5.977421420491148,0.002535355486293099,-4.940695327034776,0.007149625315794034,"GARCH(1,1)",1,val
2018-01-19,SPY,-5.706155062824146,0.0033254340806491006,-5.0253380003663715,0.006569365671627375,"GARCH(1,1)",1,val
2018-01-19,TLT,-5.547637946525438,0.003896650478547398,-4.995027701000299,0.006771533518117835,"GARCH(1,1)",1,val
2018-01-22,GLD,-5.456806453103873,0.004267161388128101,-4.956379523078825,0.007038363993685831,"GARCH(1,1)",1,val
2018-01-22,SPY,-5.849859273560875,0.002880304464559799,-5.083158561354388,0.0062002940455481445,"GARCH(1,1)",1,val
2018-01-22,TLT,-5.209618783171308,0.0054637561664761,-4.973714918047167,0.006917402659395936,"GARCH(1,1)",1,val
2018-01-23,GLD,-5.251002739853787,0.0052422591406238,-4.9636639237586255,0.006987280014199732,"GARCH(1,1)",1,val
2018-01-23,SPY,-4.976539584359497,0.006897890875248097,-5.111334766902931,0.0060280315344490455,"GARCH(1,1)",1,val
2018-01-23,TLT,-5.726733307609051,0.0032577017802171006,-4.978293528576547,0.0068858029632981,"GARCH(1,1)",1,val
2018-01-24,GLD,-4.48189881849659,0.011311913478590896,-4.979534400853486,0.006877263860360217,"GARCH(1,1)",1,val
2018-01-24,SPY,-5.456202797625051,0.004269738061112201,-5.045317898349703,0.0064394129596817,"GARCH(1,1)",1,val
2018-01-24,TLT,-5.066539569934914,0.006304197674422502,-4.994281440190872,0.006776588734222351,"GARCH(1,1)",1,val
2018-01-25,GLD,-5.836739058660354,0.0029183436737423,-4.9831758142704485,0.00685226644005986,"GARCH(1,1)",1,val
2018-01-25,SPY,-5.461182296598464,0.004248529752019202,-5.108660854153697,0.006044171533680161,"GARCH(1,1)",1,val
2018-01-25,TLT,-5.425504118243514,0.004402846047239498,-5.002693239007821,0.00671982451244321,"GARCH(1,1)",1,val
2018-01-26,GLD,-5.57755789415655,0.0037817897818193985,-4.923303830592036,0.007275055547256326,"GARCH(1,1)",1,val
2018-01-26,SPY,-5.539283920172428,0.003929339551910501,-5.16670842393932,0.005703310838329286,"GARCH(1,1)",1,val
2018-01-26,TLT,-5.6082697918155,0.0036674092529854997,-5.005358528386783,0.006701938082386155,"GARCH(1,1)",1,val
2018-01-29,GLD,-5.602852936798951,0.003687328979623301,-4.9197979432482155,0.007300605834468926,"GARCH(1,1)",1,val
2018-01-29,SPY,-4.756106127577644,0.008599027809002296,-5.220738699183185,0.005403336211795008,"GARCH(1,1)",1,val
2018-01-29,TLT,-5.618247522636032,0.003630998779671597,-4.992962221945926,0.006785534433086235,"GARCH(1,1)",1,val
2018-01-30,GLD,-4.827526528142216,0.0080063001527243,-4.938349084619806,0.007166419764180416,"GARCH(1,1)",1,val
2018-01-30,SPY,-5.065523483148621,0.006310606541808999,-4.989997665915984,0.0068056803772417905,"GARCH(1,1)",1,val
2018-01-30,TLT,-5.171939631708568,0.005673553535538499,-5.00282320196246,0.00671895124094262,"GARCH(1,1)",1,val
2018-01-31,GLD,-5.510198803376412,0.0040453030833644986,-4.940460877249142,0.007151301740427707,"GARCH(1,1)",1,val
2018-01-31,SPY,-5.139040892889744,0.0058633105602556,-4.960562094658249,0.0070089870109731915,"GARCH(1,1)",1,val
2018-01-31,TLT,-5.071825089675028,0.0062709646175263985,-4.997173952503543,0.0067570156891543325,"GARCH(1,1)",1,val
2018-02-01,GLD,-5.396678015288275,0.004531609904623201,-4.949115381945961,0.007089677812849984,"GARCH(1,1)",1,val
2018-02-01,SPY,-5.025143212605563,0.006570645428292903,-4.838727720591857,0.007917120435911232,"GARCH(1,1)",1,val
2018-02-01,TLT,-5.249911901489534,0.005247980718100502,-4.997949136862557,0.0067517797859358184,"GARCH(1,1)",1,val
2018-02-02,GLD,-5.335264503841662,0.004818635396120701,-4.944207198361638,0.007124560789106552,"GARCH(1,1)",1,val
2018-02-02,SPY,-3.711584494344044,0.02443876948515829,-4.924516615327108,0.007266237819025702,"GARCH(1,1)",1,val
2018-02-02,TLT,-4.079518683102746,0.016915605460370006,-4.999424124489886,0.006741828335226635,"GARCH(1,1)",1,val
2018-02-05,GLD,-5.338915213012594,0.004801076031258,-4.956837280366022,0.007035142868580766,"GARCH(1,1)",1,val
2018-02-05,SPY,-3.911165542750604,0.020017156608075203,-4.997083792817137,0.006757624927033839,"GARCH(1,1)",1,val
2018-02-05,TLT,-5.062846139364745,0.0063275248429543,-4.904854465404569,0.007410521491687113,"GARCH(1,1)",1,val
2018-02-06,GLD,-4.978894643286588,0.006881665049651397,-4.8890415113151855,0.007528635129400887,"GARCH(1,1)",1,val
2018-02-06,SPY,-4.392370203610749,0.012371371772577498,-4.486700226845471,0.011257730544062322,"GARCH(1,1)",1,val
2018-02-06,TLT,-4.8333647721950355,0.007959693601066402,-4.8911020222142,0.007513138265873077,"GARCH(1,1)",1,val
2018-02-07,GLD,-5.248864460489886,0.0052534805481408995,-4.905597795052221,0.007405015078151543,"GARCH(1,1)",1,val
2018-02-07,SPY,-4.240430453309332,0.014401391382124195,-3.8501005646202437,0.02127759655736332,"GARCH(1,1)",1,val
2018-02-07,TLT,-4.949570851984727,0.007086449412297403,-4.8785430426149965,0.007608090620371477,"GARCH(1,1)",1,val
2018-02-08,GLD,-5.470680873737211,0.004208365816538399,-4.873842391855235,0.007643937783817599,"GARCH(1,1)",1,val
2018-02-08,SPY,-3.5327316337634493,0.029224974803985598,-3.890923799858273,0.020426467351571963,"GARCH(1,1)",1,val
2018-02-08,TLT,-4.865306117954935,0.007709467823682,-4.883050717513823,0.007573873000147264,"GARCH(1,1)",1,val
2018-02-09,GLD,-5.546632527689982,0.0039005702144916995,-4.883914298959742,0.007567335167332461,"GARCH(1,1)",1,val
2018-02-09,SPY,-4.27835570796688,0.013865442188903399,-4.006110714116511,0.0182040585206973,"GARCH(1,1)",1,val
2018-02-09,TLT,-5.02234160544907,0.006589079606152402,-4.869493807038337,0.007677250474640626,"GARCH(1,1)",1,val
2018-02-12,GLD,-5.774102938602824,0.003106983563915301,-4.902352254477921,0.007429087397755436,"GARCH(1,1)",1,val
2018-02-12,SPY,-4.90083927931219,0.007440335929721299,-3.760831658130642,0.0232643843128313,"GARCH(1,1)",1,val
2018-02-12,TLT,-5.772255129354723,0.0031127299843878007,-4.887400325698176,0.007541001161792571,"GARCH(1,1)",1,val
2018-02-13,GLD,-4.662959869540399,0.0094384843341331,-4.92008610026543,0.00729850241673965,"GARCH(1,1)",1,val
2018-02-13,SPY,-4.739068234883953,0.008746792345715002,-3.845337817144307,0.02137917808822989,"GARCH(1,1)",1,val
2018-02-13,TLT,-5.322619100002048,0.004879955880680802,-4.891093863095596,0.007513199566709362,"GARCH(1,1)",1,val
2018-02-14,GLD,-5.665051985632309,0.0034649676395041985,-4.9273541673436725,0.007245648716389116,"GARCH(1,1)",1,val
2018-02-14,SPY,-4.543525592685391,0.0106358427257371,-3.9233576225699527,0.019774587552349957,"GARCH(1,1)",1,val
2018-02-14,TLT,-5.339900816245403,0.004796346406350301,-4.902177088458174,0.007430388835405751,"GARCH(1,1)",1,val
2018-02-15,GLD,-5.11369497979636,0.006013820873389,-4.930041627011958,0.007226202469898937,"GARCH(1,1)",1,val
2018-02-15,SPY,-4.8706219643568485,0.0076685942120627,-4.047103625308644,0.01747290951309911,"GARCH(1,1)",1,val
2018-02-15,TLT,-5.321871092966064,0.0048836074875584,-4.912684729567981,0.0073527217398043675,"GARCH(1,1)",1,val
2018-02-16,GLD,-5.181344930412595,0.005620442225209298,-4.8220424939013995,0.00805032759055002,"GARCH(1,1)",1,val
2018-02-16,SPY,-4.814478707424779,0.008111449414321398,-4.111125567206776,0.016389316862968625,"GARCH(1,1)",1,val
2018-02-16,TLT,-5.439085990949179,0.004343451410905998,-4.885786977363705,0.007553177242946235,"GARCH(1,1)",1,val
2018-02-20,GLD,-5.028686324423012,0.0065474060909246,-4.842571472551232,0.007886747399327872,"GARCH(1,1)",1,val
2018-02-20,SPY,-4.451271202750328,0.011663730575973402,-4.173720996293425,0.015394869163258036,"GARCH(1,1)",1,val
2018-02-20,TLT,-4.932342664128346,0.007209593825686802,-4.899659897269639,0.007449116104880089,"GARCH(1,1)",1,val
2018-02-21,GLD,-6.209703451748625,0.002009833388282401,-4.858476344111819,0.007762301962604438,"GARCH(1,1)",1,val
2018-02-21,SPY,-4.7398706106006445,0.008739776946807097,-4.294820897701521,0.013639014257343495,"GARCH(1,1)",1,val
2018-02-21,TLT,-5.547492283226138,0.0038972181188535013,-4.9069595228185765,0.007394938325963078,"GARCH(1,1)",1,val
2018-02-22,GLD,-5.9943026938077,0.0024929146925776998,-4.804687106750222,0.0081912636045336,"GARCH(1,1)",1,val
2018-02-22,SPY,-5.113011145829768,0.0060179347348099975,-4.3840895948626075,0.012474239578139241,"GARCH(1,1)",1,val
2018-02-22,TLT,-5.719701645251731,0.0032806895656513992,-4.917180131323581,0.007319742484626424,"GARCH(1,1)",1,val
2018-02-23,GLD,-6.006999077699286,0.002461463769612401,-4.817865557547628,0.008084023620618608,"GARCH(1,1)",1,val
2018-02-23,SPY,-5.20948138764551,0.005464506913700901,-4.477622060554153,0.011360395393214175,"GARCH(1,1)",1,val
2018-02-23,TLT,-5.414958659116439,0.004449521756109999,-4.880645163160219,0.007592114294732823,"GARCH(1,1)",1,val
2018-02-26,GLD,-4.892960183697166,0.007499190604248203,-4.828442555516674,0.007998969520658693,"GARCH(1,1)",1,val
2018-02-26,SPY,-4.803035227994693,0.0082048057607836,-4.592672925273632,0.01012575677802922,"GARCH(1,1)",1,val
2018-02-26,TLT,-4.836482312199678,0.007934917578028496,-4.895423845892081,0.007480737871847102,"GARCH(1,1)",1,val
2018-02-27,GLD,-5.614216470039688,0.003645665067158001,-4.848296503549455,0.007841724527631941,"GARCH(1,1)",1,val
2018-02-27,SPY,-4.7394798196184595,0.008743193040270002,-4.4911846852150825,0.011207358749624995,"GARCH(1,1)",1,val
2018-02-27,TLT,-5.765674380386095,0.0031332816274563004,-4.886231728393427,0.0075498187065013945,"GARCH(1,1)",1,val
2018-02-28,GLD,-4.6661070338345665,0.009408826566658203,-4.865639937428956,0.0077068946826943,"GARCH(1,1)",1,val
2018-02-28,SPY,-4.089379716994596,0.016749619841564905,-4.505040942480159,0.011053137634726859,"GARCH(1,1)",1,val
2018-02-28,TLT,-4.90596314981731,0.007402310114772898,-4.903794438948649,0.007418381005430765,"GARCH(1,1)",1,val
2018-03-01,GLD,-5.567937455599719,0.003818347828308099,-4.839922819074612,0.007907664348893586,"GARCH(1,1)",1,val
2018-03-01,SPY,-4.557689758185144,0.010486256770120501,-4.472735874551011,0.011416040232984133,"GARCH(1,1)",1,val
2018-03-01,TLT,-5.506498282495842,0.0040603005439864,-4.920223542197874,0.007297499365395782,"GARCH(1,1)",1,val
2018-03-02,GLD,-5.873619740242821,0.0028126737368905992,-4.859557765017472,0.007753912184244572,"GARCH(1,1)",1,val
2018-03-02,SPY,-4.683906204525196,0.0092428388605537,-4.489947230287318,0.01122123593536204,"GARCH(1,1)",1,val
2018-03-02,TLT,-5.134511707332432,0.005889926811233501,-4.922830766086391,0.0072784979319831435,"GARCH(1,1)",1,val
2018-03-05,GLD,-5.438821746143787,0.004344599297033599,-4.877004995537645,0.007619801225336698,"GARCH(1,1)",1,val
2018-03-05,SPY,-5.17447911331099,0.005659163929517697,-4.422419813362284,0.012005146893438061,"GARCH(1,1)",1,val
2018-03-05,TLT,-5.7641207036854745,0.0031381535178085992,-4.931496560641686,0.007215696469530168,"GARCH(1,1)",1,val
2018-03-06,GLD,-5.467952062456986,0.0042198653355226,-4.88351604111898,0.0075703495181010955,"GARCH(1,1)",1,val
2018-03-06,SPY,-5.190975826255992,0.005566572156443901,-4.52064360605511,0.010882017681776726,"GARCH(1,1)",1,val
2018-03-06,TLT,-5.763644630206635,0.003139647865152301,-4.923504156812883,0.0072735983088384965,"GARCH(1,1)",1,val
2018-03-07,GLD,-5.835276538681933,0.0029226149323081986,-4.901200294957091,0.0074376503368470395,"GARCH(1,1)",1,val
2018-03-07,SPY,-5.394876245373572,0.0045397821830864,-4.5288156748864825,0.010793451461770505,"GARCH(1,1)",1,val
2018-03-07,TLT,-5.554987162841832,0.003868118124912199,-4.937556935542662,0.0071720988860416385,"GARCH(1,1)",1,val
2018-03-08,GLD,-5.475679908425032,0.004187380546591101,-4.86940591044093,0.0076779253084921515,"GARCH(1,1)",1,val
2018-03-08,SPY,-5.196385942666238,0.0055365376713593,-4.635350802620266,0.009702702707726923,"GARCH(1,1)",1,val
2018-03-08,TLT,-5.507696826134594,0.004055437011758002,-4.953846171392212,0.00705621724972005,"GARCH(1,1)",1,val
2018-03-09,GLD,-5.715898123556755,0.0032931915002066014,-4.871334015001373,0.007663135728200511,"GARCH(1,1)",1,val
2018-03-09,SPY,-5.429901556936767,0.004383527309285101,-4.7392495106292545,0.008745206908118565,"GARCH(1,1)",1,val
2018-03-09,TLT,-6.036030430975431,0.0023910314646444996,-4.9696586994851195,0.006945518139181188,"GARCH(1,1)",1,val
2018-03-12,GLD,-5.246215688891502,0.005267414263677898,-4.888101609544418,0.0075357146333884595,"GARCH(1,1)",1,val
2018-03-12,SPY,-4.746575468021294,0.008681373999001898,-4.814384255889969,0.008112215589350743,"GARCH(1,1)",1,val
2018-03-12,TLT,-5.239298171560203,0.005303978012517102,-4.972821904519967,0.006923582752586572,"GARCH(1,1)",1,val
2018-03-13,GLD,-6.153980247687393,0.002125006861462601,-4.906413802531755,0.007398974995173307,"GARCH(1,1)",1,val
2018-03-13,SPY,-5.043012245097957,0.0064542771423522,-4.580287011426799,0.010251953446322315,"GARCH(1,1)",1,val
2018-03-13,TLT,-5.464725451388663,0.004233503189915,-4.97125535875447,0.006934437361730874,"GARCH(1,1)",1,val
2018-03-14,GLD,-5.972543186983554,0.0025477537586267997,-4.924727318722869,0.007264706959327157,"GARCH(1,1)",1,val
2018-03-14,SPY,-5.253225623746173,0.005230619149188099,-4.6827268364916526,0.009253745999746446,"GARCH(1,1)",1,val
2018-03-14,TLT,-5.721707905802634,0.0032741142457040993,-4.974340024346302,0.0069130798986531475,"GARCH(1,1)",1,val
2018-03-15,GLD,-5.640424137579616,0.003551361820737199,-4.940860309612673,0.007148445849476807,"GARCH(1,1)",1,val
2018-03-15,SPY,-5.7621739263431175,0.0031442687545447014,-4.720864956157842,0.008907470643836143,"GARCH(1,1)",1,val
2018-03-15,TLT,-5.908942205197213,0.0027150573424889004,-4.980336244399649,0.006871751581006679,"GARCH(1,1)",1,val
2018-03-16,GLD,-5.542279453069832,0.003917586697836599,-4.9582619247106114,0.007025127427994014,"GARCH(1,1)",1,val
2018-03-16,SPY,-4.300615686330606,0.013560207607077898,-4.774250181807882,0.008444413489060614,"GARCH(1,1)",1,val
2018-03-16,TLT,-5.424678765790327,0.004406481447062299,-4.965945836953083,0.006971353825742555,"GARCH(1,1)",1,val
2018-03-19,GLD,-5.707737901921925,0.0033201746171095015,-4.955298421808263,0.007045977292574109,"GARCH(1,1)",1,val
2018-03-19,SPY,-5.549640494411861,0.003888855057324701,-4.86503624780299,0.0077115486597001326,"GARCH(1,1)",1,val
2018-03-19,TLT,-6.0716017301140885,0.0023074742979925004,-4.982126822007668,0.0068594581859214,"GARCH(1,1)",1,val
2018-03-20,GLD,-4.812844894288351,0.008124712838958298,-4.969793444880016,0.006944582325646464,"GARCH(1,1)",1,val
2018-03-20,SPY,-4.835595860403266,0.007941954618507703,-4.931021807446407,0.007219122957789008,"GARCH(1,1)",1,val
2018-03-20,TLT,-4.894980912593071,0.007484052073682701,-4.992581773974566,0.006788116467029541,"GARCH(1,1)",1,val
2018-03-21,GLD,-5.549075970190392,0.0038910510299798996,-4.984341474663727,0.006844283677965185,"GARCH(1,1)",1,val
2018-03-21,SPY,-4.530686776679658,0.010773274697662196,-4.708027736513014,0.00902255490148691,"GARCH(1,1)",1,val
2018-03-21,TLT,-4.997064153627705,0.006757757642613101,-5.003970849960398,0.006711244673062168,"GARCH(1,1)",1,val
2018-03-22,GLD,-6.0881311959216085,0.0022696464785885006,-4.990550597644714,0.006801918340796127,"GARCH(1,1)",1,val
2018-03-22,SPY,-4.523232677139718,0.010853879805653397,-4.805656379535237,0.00818332788220798,"GARCH(1,1)",1,val
2018-03-22,TLT,-5.751893800492404,0.0031767589485591,-5.0124540264282205,0.006654552803729836,"GARCH(1,1)",1,val
2018-03-23,GLD,-5.830370302662434,0.0029369892039109997,-4.865006349115827,0.00771177922832788,"GARCH(1,1)",1,val
2018-03-23,SPY,-4.2252609661820335,0.014621518489807903,-4.887349646156558,0.007541383345959172,"GARCH(1,1)",1,val
2018-03-23,TLT,-5.439699680411197,0.004340786698282998,-5.027606196464459,0.006554481948027015,"GARCH(1,1)",1,val
2018-03-26,GLD,-5.843093100592383,0.0028998591834711995,-4.877860634987929,0.007613284211309727,"GARCH(1,1)",1,val
2018-03-26,SPY,-4.085840415996998,0.016809006819982205,-4.341907840539632,0.013011680296893778,"GARCH(1,1)",1,val
2018-03-26,TLT,-5.334014988731621,0.004824660117064,-5.000834025105034,0.006732329724931289,"GARCH(1,1)",1,val
2018-03-27,GLD,-5.310301551538074,0.004940436696747399,-4.829534712756224,0.007990238157066655,"GARCH(1,1)",1,val
2018-03-27,SPY,-4.528678474936942,0.010794932424358096,-4.1994498034488394,0.015003829605245668,"GARCH(1,1)",1,val
2018-03-27,TLT,-5.531994570230446,0.0039580865290451,-5.016305179932495,0.0066289743842039735,"GARCH(1,1)",1,val
2018-03-28,GLD,-6.147262352664055,0.0021393304929392004,-4.839051488031135,0.00791455754501394,"GARCH(1,1)",1,val
2018-03-28,SPY,-4.2844264685532085,0.013781523392142295,-4.046406211029685,0.017485099619971717,"GARCH(1,1)",1,val
2018-03-28,TLT,-5.488433302801571,0.004134316324784999,-5.025109395988744,0.006570867629048627,"GARCH(1,1)",1,val
2018-03-29,GLD,-5.162197537040937,0.005729095941586397,-4.8438656514512495,0.00787654713915834,"GARCH(1,1)",1,val
2018-03-29,SPY,-3.92917146338638,0.0196599547992886,-4.058771187747654,0.01727022794954508,"GARCH(1,1)",1,val
2018-03-29,TLT,-5.048185404417869,0.0064209743529871025,-4.992151414319113,0.006791038427195252,"GARCH(1,1)",1,val
2018-04-02,GLD,-5.800771075641722,0.0030252211714542994,-4.790488958773428,0.008308393926469539,"GARCH(1,1)",1,val
2018-04-02,SPY,-4.480980107022825,0.011322310638557697,-4.175420252138336,0.015368731555381505,"GARCH(1,1)",1,val
2018-04-02,TLT,-5.769160771241081,0.0031223768033294,-5.005290169064852,0.006702396237988515,"GARCH(1,1)",1,val
2018-04-03,GLD,-5.43486762125772,0.004361812394174501,-4.8115372045025735,0.008135344392822335,"GARCH(1,1)",1,val
2018-04-03,SPY,-4.313802182252506,0.013382569769099295,-4.22801596463679,0.014581291666823386,"GARCH(1,1)",1,val
2018-04-03,TLT,-5.5970035289629685,0.003708960875863301,-5.011222509442069,0.006662753046875836,"GARCH(1,1)",1,val
2018-04-04,GLD,-5.738794999211322,0.003218644408516799,-4.782726595731781,0.00837313765348647,"GARCH(1,1)",1,val
2018-04-04,SPY,-5.087117939813078,0.006175793270794102,-4.125636494578889,0.016153209884910754,"GARCH(1,1)",1,val
2018-04-04,TLT,-6.003825448394102,0.0024692879521257005,-5.026862973890473,0.006559355197701838,"GARCH(1,1)",1,val
2018-04-05,GLD,-6.000784830090821,0.0024768075405747,-4.7836394292094875,0.00836549786058278,"GARCH(1,1)",1,val
2018-04-05,SPY,-4.06900133949294,0.017094451539621,-4.184599742201016,0.01522829996807095,"GARCH(1,1)",1,val
2018-04-05,TLT,-5.3069197939358395,0.004957172338096702,-5.015031808103989,0.006637420910079437,"GARCH(1,1)",1,val
2018-04-06,GLD,-5.803907846527353,0.0030157466132888014,-4.804235224824336,0.008194965924949496,"GARCH(1,1)",1,val
2018-04-06,SPY,-4.329370226475731,0.013175842674638194,-4.255930093619003,0.014179895979576312,"GARCH(1,1)",1,val
2018-04-06,TLT,-5.424809496355478,0.0044059054229051995,-5.028617966305113,0.006547853674579913,"GARCH(1,1)",1,val
2018-04-09,GLD,-5.646478000486632,0.0035299273094009983,-4.815012282633875,0.008107122500473714,"GARCH(1,1)",1,val
2018-04-09,SPY,-4.838989732585293,0.0079150463271361,-4.3441897558888485,0.01298202259495714,"GARCH(1,1)",1,val
2018-04-09,TLT,-5.669529677816176,0.0034494872650281004,-5.018506466377843,0.006614398161851759,"GARCH(1,1)",1,val
2018-04-10,GLD,-4.678784994401344,0.009290294792681498,-4.82691408778402,0.00801120503587854,"GARCH(1,1)",1,val
2018-04-10,SPY,-5.120038926689132,0.005975790272748102,-4.182644030493384,0.015258111274264234,"GARCH(1,1)",1,val
2018-04-10,TLT,-5.75712540611145,0.003160182796346,-4.9842292749758785,0.006845051647539565,"GARCH(1,1)",1,val
2018-04-11,GLD,-5.588818268937111,0.0037394442721254985,-4.842313082342396,0.00788878552093942,"GARCH(1,1)",1,val
2018-04-11,SPY,-5.315990250403446,0.004912411828211801,-4.292031516996327,0.013677111770082332,"GARCH(1,1)",1,val
2018-04-11,TLT,-5.743006561000989,0.0032051173936352003,-4.999310349662957,0.006742595429215829,"GARCH(1,1)",1,val
2018-04-12,GLD,-5.643769710910368,0.003539500332145501,-4.859561858477648,0.0077538804439788,"GARCH(1,1)",1,val
2018-04-12,SPY,-4.8574257831758265,0.0077704610188622,-4.2841280507230195,0.01378563665815511,"GARCH(1,1)",1,val
2018-04-12,TLT,-5.768222749341553,0.0031253070352455,-5.013632351857033,0.0066467161928894705,"GARCH(1,1)",1,val
2018-04-13,GLD,-5.951830921283526,0.0026010737946215003,-4.854518971083089,0.007793081149224708,"GARCH(1,1)",1,val
2018-04-13,SPY,-5.187554519201396,0.0055856497255344,-4.3789912055271785,0.012538000509082704,"GARCH(1,1)",1,val
2018-04-13,TLT,-5.863553603871783,0.0028411294736791987,-5.024019980977427,0.006578029931532639,"GARCH(1,1)",1,val
2018-04-16,GLD,-6.0069891833664855,0.0024614881242745992,-4.820984131425805,0.008058852265490411,"GARCH(1,1)",1,val
2018-04-16,SPY,-5.260890657525317,0.005190679541491399,-4.4528063416367765,0.011645838866248547,"GARCH(1,1)",1,val
2018-04-16,TLT,-5.508090608868231,0.004053840365072,-5.015074471678063,0.006637137740021342,"GARCH(1,1)",1,val
2018-04-17,GLD,-5.595378733561903,0.0037149920768440995,-4.824885187363014,0.008027475473115732,"GARCH(1,1)",1,val
2018-04-17,SPY,-5.6067900516899885,0.003672840082731201,-4.553040612383584,0.010535122410483355,"GARCH(1,1)",1,val
2018-04-17,TLT,-5.643077985576102,0.0035419495411881993,-5.028523769429875,0.0065484704909862055,"GARCH(1,1)",1,val
2018-04-18,GLD,-5.513548492338198,0.0040317752459519,-4.843956801386904,0.007875829225112835,"GARCH(1,1)",1,val
2018-04-18,SPY,-5.22050530256704,0.0054045974793648,-4.606112462859258,0.009990581669322781,"GARCH(1,1)",1,val
2018-04-18,TLT,-5.4631060742213045,0.004240364382248401,-5.044013021410919,0.006447821085743948,"GARCH(1,1)",1,val
2018-04-19,GLD,-6.064333620747405,0.0023243063681176995,-4.862946395919491,0.007727681505949201,"GARCH(1,1)",1,val
2018-04-19,SPY,-4.884598730188382,0.007562157618866399,-4.609897254662145,0.00995284086331324,"GARCH(1,1)",1,val
2018-04-19,TLT,-5.653215353033455,0.003506224880122201,-5.056052655365422,0.0063706571250799066,"GARCH(1,1)",1,val
2018-04-20,GLD,-6.046763499433594,0.0023655055907699997,-4.881646010610135,0.007584519547727025,"GARCH(1,1)",1,val
2018-04-20,SPY,-5.0295076060280985,0.006542031034260801,-4.714902173846164,0.008960742618989262,"GARCH(1,1)",1,val
2018-04-20,TLT,-5.771482035905715,0.003115137345985101,-5.040150393448775,0.006472774782161882,"GARCH(1,1)",1,val
2018-04-23,GLD,-5.797631173550948,0.0030347349981614,-4.898551516503266,0.007457377139237282,"GARCH(1,1)",1,val
2018-04-23,SPY,-4.266766611985767,0.014027064850601605,-4.762737489569234,0.008542193196544331,"GARCH(1,1)",1,val
2018-04-23,TLT,-5.54734074679624,0.003897808734122499,-5.024520133756301,0.006574740734202028,"GARCH(1,1)",1,val
2018-04-24,GLD,-6.041594901781898,0.0023777635884518005,-4.891792078163027,0.007507955568499588,"GARCH(1,1)",1,val
2018-04-24,SPY,-4.747784908679336,0.008670880739086508,-4.744100036666807,0.008702890765050252,"GARCH(1,1)",1,val
2018-04-24,TLT,-5.504108952737393,0.0040700135400588,-5.016520766498966,0.0066275454204154875,"GARCH(1,1)",1,val
2018-04-25,GLD,-5.4991658246410235,0.004090181944778201,-4.883179687336924,0.007572896262072468,"GARCH(1,1)",1,val
2018-04-25,SPY,-4.958124831076455,0.0070260905942640004,-4.840572310493255,0.007902530056277456,"GARCH(1,1)",1,val
2018-04-25,TLT,-5.822778275470184,0.002959371762799601,-5.032265526588548,0.006524013489263524,"GARCH(1,1)",1,val
2018-04-26,GLD,-6.18704569366337,0.0020558915236261,-4.891690237441813,0.007508720223045347,"GARCH(1,1)",1,val
2018-04-26,SPY,-5.344410314061025,0.0047747659877041,-4.6622129592168235,0.009445536668924136,"GARCH(1,1)",1,val
2018-04-26,TLT,-6.16776762573171,0.002095909636663201,-5.038062036547006,0.006486306370526909,"GARCH(1,1)",1,val
2018-04-27,GLD,-5.174954763363024,0.005656472787971698,-4.892093166081946,0.007505695354060833,"GARCH(1,1)",1,val
2018-04-27,SPY,-5.025119760236204,0.006570799527303403,-4.759354192275974,0.00857114292081168,"GARCH(1,1)",1,val
2018-04-27,TLT,-5.606240227702288,0.0036748600535749998,-5.032575729133093,0.006521990037534669,"GARCH(1,1)",1,val
2018-04-30,GLD,-5.7336088329607575,0.003235380193291001,-4.905211900443244,0.007407873184978134,"GARCH(1,1)",1,val
2018-04-30,SPY,-4.881656311925987,0.007584441417598001,-4.736667484061619,0.008767816441341312,"GARCH(1,1)",1,val
2018-04-30,TLT,-5.772644179453768,0.0031115192120199004,-5.026299454852889,0.006563052560899446,"GARCH(1,1)",1,val
2018-05-01,GLD,-5.235192663750797,0.005325798296693201,-4.91526621409875,0.007333765280804095,"GARCH(1,1)",1,val
2018-05-01,SPY,-4.976583137689103,0.0068975904556754,-4.833302526882222,0.007960189070104652,"GARCH(1,1)",1,val
2018-05-01,TLT,-5.773385205121273,0.0031092143505051,-5.015964787646082,0.006631231220034147,"GARCH(1,1)",1,val
2018-05-02,GLD,-6.090976382447713,0.0022631980887945005,-4.9098482960484064,0.0073736068518208,"GARCH(1,1)",1,val
2018-05-02,SPY,-4.453595624942522,0.011636650626589102,-4.815132797909087,0.00810614552724567,"GARCH(1,1)",1,val
2018-05-02,TLT,-5.588571703873199,0.003740366402119299,-5.030487960362283,0.006535620668510333,"GARCH(1,1)",1,val
2018-05-03,GLD,-5.818766983704798,0.0029712665070780004,-4.906035844918149,0.007401772022651234,"GARCH(1,1)",1,val
2018-05-03,SPY,-4.531672968551249,0.010762655418908801,-4.9045937381663745,0.0074124538683898985,"GARCH(1,1)",1,val
2018-05-03,TLT,-5.467809216541692,0.004220468169104001,-5.030486912701569,0.006535627515626933,"GARCH(1,1)",1,val
2018-05-04,GLD,-6.099150338289621,0.002244774208129,-4.924083177642248,0.007269387962969855,"GARCH(1,1)",1,val
2018-05-04,SPY,-5.287051609651604,0.0050566472725577,-4.8917384649665845,0.007508358104786895,"GARCH(1,1)",1,val
2018-05-04,TLT,-6.565230305722522,0.0014084995280473995,-5.045512859420409,0.006438157647208869,"GARCH(1,1)",1,val
2018-05-07,GLD,-5.083215071457033,0.006199943676194997,-4.929800908560035,0.0072279421595500696,"GARCH(1,1)",1,val
2018-05-07,SPY,-5.166141625679598,0.005706544381283799,-4.961736688088422,0.007000759134029013,"GARCH(1,1)",1,val
2018-05-07,TLT,-5.49513153366596,0.004106716258575501,-5.0517419829532875,0.006398178215582788,"GARCH(1,1)",1,val
2018-05-08,GLD,-5.647598766798567,0.003525973301962101,-4.945338914039764,0.007116502372739915,"GARCH(1,1)",1,val
2018-05-08,SPY,-5.117772084795037,0.005989351809611401,-4.792621090108792,0.008290698210930867,"GARCH(1,1)",1,val
2018-05-08,TLT,-5.9807738496803315,0.002526870117801499,-5.066123486854652,0.006306821290192672,"GARCH(1,1)",1,val
2018-05-09,GLD,-5.655003469385315,0.0034999609440729993,-4.962693025841066,0.006994067244135468,"GARCH(1,1)",1,val
2018-05-09,SPY,-5.486410049166736,0.0041426895630527,-4.873969176558839,0.007642968710864421,"GARCH(1,1)",1,val
2018-05-09,TLT,-5.749654734482753,0.0031838798906963996,-5.080019005340026,0.006219790805580111,"GARCH(1,1)",1,val
2018-05-10,GLD,-6.0584178618201525,0.0023380971555327004,-4.979766362709118,0.006875668782479256,"GARCH(1,1)",1,val
2018-05-10,SPY,-5.583347831224575,0.0037599567239866988,-4.9596381465667125,0.0070154659437834735,"GARCH(1,1)",1,val
2018-05-10,TLT,-5.75344809439096,0.003171825166774899,-5.09466896606549,0.006129335317035844,"GARCH(1,1)",1,val
2018-05-11,GLD,-5.874544091915664,0.0028100750384573996,-4.994396494581253,0.006775809102787541,"GARCH(1,1)",1,val
2018-05-11,SPY,-5.431744278749869,0.004375457125729201,-4.891397633423182,0.007510917626226212,"GARCH(1,1)",1,val
2018-05-11,TLT,-6.14770977294646,0.002138373527184801,-5.090510786823896,0.006154875254935967,"GARCH(1,1)",1,val
2018-05-14,GLD,-5.629079754386813,0.0035918792179968004,-4.986234873954745,0.006831336976607171,"GARCH(1,1)",1,val
2018-05-14,SPY,-5.5290585178307845,0.003969724755357401,-4.852536441663067,0.007808546487053844,"GARCH(1,1)",1,val
2018-05-14,TLT,-5.287919582623264,0.005052260143627999,-5.073016029945869,0.006263500718637444,"GARCH(1,1)",1,val
2018-05-15,GLD,-5.707322088820888,0.003321555476282799,-5.0019525566099166,0.006724803611914623,"GARCH(1,1)",1,val
2018-05-15,SPY,-5.662114594492986,0.003475160567726099,-4.931111782787274,0.007218473443960675,"GARCH(1,1)",1,val
2018-05-15,TLT,-5.802527781303999,0.0030199114134991985,-5.085222272168047,0.006187511625823975,"GARCH(1,1)",1,val
2018-05-16,GLD,-6.138956888461707,0.0021571726167621996,-5.009518460521071,0.006674116383106942,"GARCH(1,1)",1,val
2018-05-16,SPY,-5.211522151024865,0.0054533665194259,-5.0126799009398075,0.006653049879607979,"GARCH(1,1)",1,val
2018-05-16,TLT,-5.566564309194073,0.003823594580359,-5.085610559075477,0.006185109562445154,"GARCH(1,1)",1,val
2018-05-17,GLD,-5.740002836225327,0.0032147591575125986,-4.897150960294874,0.0074678289325414825,"GARCH(1,1)",1,val
2018-05-17,SPY,-5.88274409934444,0.002787126619457499,-4.965798764286922,0.006972379196736635,"GARCH(1,1)",1,val
2018-05-17,TLT,-5.843653126665525,0.0028982356413754,-5.036027185163622,0.006499518477796548,"GARCH(1,1)",1,val
2018-05-18,GLD,-5.877629832530425,0.0028014172405099,-4.914740638498651,0.007337620741971946,"GARCH(1,1)",1,val
2018-05-18,SPY,-5.639309768820753,0.0035553215532930014,-5.018233984373336,0.006616200711891581,"GARCH(1,1)",1,val
2018-05-18,TLT,-5.996820624913315,0.0024866456010121,-5.044800368261304,0.006442746412146536,"GARCH(1,1)",1,val
2018-05-21,GLD,-6.331710073339769,0.0017789889648236995,-4.932711582364666,0.007206934565602978,"GARCH(1,1)",1,val
2018-05-21,SPY,-5.472970408302868,0.004198741639184001,-5.085868797121307,0.006183512538053609,"GARCH(1,1)",1,val
2018-05-21,TLT,-5.868616715669901,0.002826780872459401,-5.048230276444856,0.00642068623731687,"GARCH(1,1)",1,val
2018-05-22,GLD,-5.803010481214851,0.003018454054290999,-4.95037076145495,0.007080783160848477,"GARCH(1,1)",1,val
2018-05-22,SPY,-5.59247999363047,0.0037257764957835996,-5.125051833108248,0.005945909153531817,"GARCH(1,1)",1,val
2018-05-22,TLT,-5.988947436584593,0.0025063007027643996,-5.029865094034525,0.006539692754606751,"GARCH(1,1)",1,val
2018-05-23,GLD,-5.670759999702742,0.0034452458950086987,-4.967583789858321,0.00695994442307321,"GARCH(1,1)",1,val
2018-05-23,SPY,-5.061150919301348,0.0063382604870884,-5.067955047041831,0.006295280539425945,"GARCH(1,1)",1,val
2018-05-23,TLT,-6.078090439387235,0.0022925502394188996,-5.045650256584965,0.0064372731233701035,"GARCH(1,1)",1,val
2018-05-24,GLD,-6.403335502762195,0.0016560243769248007,-4.984547074948658,0.006842876635939922,"GARCH(1,1)",1,val
2018-05-24,SPY,-5.706323134894772,0.0033248752150236015,-5.105291836662271,0.006064568793367758,"GARCH(1,1)",1,val
2018-05-24,TLT,-6.135727007152582,0.0021641512923576997,-5.060128589759552,0.006344743591397825,"GARCH(1,1)",1,val
2018-05-25,GLD,-5.232172739799996,0.005341906112473999,-5.000673782248258,0.006733408619119403,"GARCH(1,1)",1,val
2018-05-25,SPY,-4.7747771780158486,0.0084399644875798,-5.157269324876189,0.00575739982839303,"GARCH(1,1)",1,val
2018-05-25,TLT,-4.641396987056022,0.009644215368424497,-5.050702379531183,0.006404833242245808,"GARCH(1,1)",1,val
2018-05-29,GLD,-6.07003975783706,0.0023110813251808,-4.978643910501909,0.006883390725025177,"GARCH(1,1)",1,val
2018-05-29,SPY,-5.285181108243329,0.0050661145899571,-5.191946427071408,0.005561171858160697,"GARCH(1,1)",1,val
2018-05-29,TLT,-5.587182066247511,0.0037455677691761993,-5.037103842332761,0.0064925244903704426,"GARCH(1,1)",1,val
2018-05-30,GLD,-5.56994101368018,0.0038107052054387005,-4.990871263404748,0.006799737548153138,"GARCH(1,1)",1,val
2018-05-30,SPY,-5.2769290769629675,0.005108093292592,-5.214705831343938,0.005436032351631072,"GARCH(1,1)",1,val
2018-05-30,TLT,-5.160653625988324,0.005737947987759698,-5.035481521371598,0.006503065997483972,"GARCH(1,1)",1,val
2018-05-31,GLD,-5.595125808501632,0.0037159318102750983,-5.007633121030446,0.006686711227336938,"GARCH(1,1)",1,val
2018-05-31,SPY,-5.754790444427902,0.003167570323528499,-4.914894616893649,0.007336490993887624,"GARCH(1,1)",1,val
2018-05-31,TLT,-5.296126915673471,0.0050109642583234994,-4.868061140280208,0.007688257298862405,"GARCH(1,1)",1,val
2018-06-01,GLD,-6.155372285013055,0.0021220508305242005,-5.0228785805839555,0.006585542384027278,"GARCH(1,1)",1,val
2018-06-01,SPY,-6.10014475776203,0.002242543070472499,-4.754285517012844,0.008614697549797922,"GARCH(1,1)",1,val
2018-06-01,TLT,-5.854532091170507,0.002866876724260499,-4.870994763117321,0.007665735902466117,"GARCH(1,1)",1,val
2018-06-04,GLD,-5.248170281175657,0.005257128671744598,-5.036553167556552,0.006496100744427286,"GARCH(1,1)",1,val
2018-06-04,SPY,-5.663235846760505,0.0034712662197408004,-4.785617316672741,0.008348968199533865,"GARCH(1,1)",1,val
2018-06-04,TLT,-5.839938284336053,0.0029090221525062995,-4.888703148755092,0.007531182968679682,"GARCH(1,1)",1,val
2018-06-05,GLD,-5.506623344921065,0.004059792784704701,-5.038622580493119,0.006482671529597495,"GARCH(1,1)",1,val
2018-06-05,SPY,-5.28675341062529,0.005058155384698398,-4.764323161995377,0.00852865880972163,"GARCH(1,1)",1,val
2018-06-05,TLT,-5.616345023858831,0.003637913325782101,-4.886229594665488,0.007549834815777691,"GARCH(1,1)",1,val
2018-06-06,GLD,-5.9532369907712805,0.002597419074121101,-5.0542631302461345,0.006382067782815802,"GARCH(1,1)",1,val
2018-06-06,SPY,-5.344702690946581,0.004773370160559099,-4.835216645639809,0.007944966896063705,"GARCH(1,1)",1,val
2018-06-06,TLT,-4.745971588697138,0.008686618084503198,-4.885787958684746,0.007553169830858114,"GARCH(1,1)",1,val
2018-06-07,GLD,-6.764385449044382,0.0011541565643966997,-5.060532296798074,0.006342182690713955,"GARCH(1,1)",1,val
2018-06-07,SPY,-5.9060634496801265,0.0027228845897529002,-4.924739239436618,0.007264620359351196,"GARCH(1,1)",1,val
2018-06-07,TLT,-6.024785271366653,0.0024180707406472996,-4.902097074649765,0.007430983392900521,"GARCH(1,1)",1,val
2018-06-08,GLD,-6.119437279003483,0.002199693428514101,-5.076198790485852,0.006243597186598038,"GARCH(1,1)",1,val
2018-06-08,SPY,-5.923931129609369,0.0026746650281162005,-4.901835561530046,0.007432926946671508,"GARCH(1,1)",1,val
2018-06-08,TLT,-6.049612017891812,0.0023587769922499007,-4.89617957184705,0.007475086619742938,"GARCH(1,1)",1,val
2018-06-11,GLD,-5.797122028648832,0.003036280511426701,-5.091832539822837,0.006146745404120585,"GARCH(1,1)",1,val
2018-06-11,SPY,-5.849512190649308,0.0028813043425297987,-4.98466918453906,0.006842041106090879,"GARCH(1,1)",1,val
2018-06-11,TLT,-5.944688675150069,0.002619717804673201,-4.882381777215865,0.007578941163969201,"GARCH(1,1)",1,val
2018-06-12,GLD,-5.363911913729749,0.004682552490727198,-5.106353824452351,0.00605813171401193,"GARCH(1,1)",1,val
2018-06-12,SPY,-5.687439161911429,0.0033882586507443004,-5.049978111382678,0.0064094737392388825,"GARCH(1,1)",1,val
2018-06-12,TLT,-5.12789443303857,0.005929031312426202,-4.897130762003381,0.007467979771450418,"GARCH(1,1)",1,val
2018-06-13,GLD,-5.870378887231001,0.0028218039859483008,-5.119505462804697,0.005978978991497093,"GARCH(1,1)",1,val
2018-06-13,SPY,-5.756795892616063,0.003161224290809101,-5.118876948086413,0.005982738048981292,"GARCH(1,1)",1,val
2018-06-13,TLT,-5.4925609813268945,0.0041172863673484,-4.913464074402098,0.007346993666461859,"GARCH(1,1)",1,val
2018-06-14,GLD,-5.002531591972734,0.0067209108399503975,-5.12719163329807,0.005933199698692811,"GARCH(1,1)",1,val
2018-06-14,SPY,-5.222154998730217,0.0053956888858961985,-5.179960155871977,0.005628230661879597,"GARCH(1,1)",1,val
2018-06-14,TLT,-5.520117198928934,0.004005378488512399,-4.930671860851815,0.007221649707371948,"GARCH(1,1)",1,val
2018-06-15,GLD,-6.066671289273213,0.0023188792561425003,-5.135734565863215,0.0058827286660403195,"GARCH(1,1)",1,val
2018-06-15,SPY,-5.576849700683494,0.0037844689692389005,-5.187895283521688,0.0055837466596691775,"GARCH(1,1)",1,val
2018-06-15,TLT,-5.85774819323928,0.0028576713667159007,-4.947396420506342,0.00710187517602465,"GARCH(1,1)",1,val
2018-06-18,GLD,-5.939455181399966,0.0026334640204229995,-5.149298523067183,0.005803474302672001,"GARCH(1,1)",1,val
2018-06-18,SPY,-5.381786484046851,0.004599597478237398,-5.230480578787633,0.005350953130075686,"GARCH(1,1)",1,val
2018-06-18,TLT,-5.776939419947625,0.003098183150003,-4.938927580849883,0.007162275216281936,"GARCH(1,1)",1,val
2018-06-19,GLD,-5.928965797801662,0.0026612328189054998,-4.986472316620881,0.006829715118298972,"GARCH(1,1)",1,val
2018-06-19,SPY,-5.873313821489199,0.002813534318161799,-5.150047372004626,0.005799130003921734,"GARCH(1,1)",1,val
2018-06-19,TLT,-5.8925102947546275,0.0027600394806980995,-4.95532017705381,0.007045824007275375,"GARCH(1,1)",1,val
2018-06-20,GLD,-5.854655407474373,0.0028665232134164995,-5.002292361004525,0.006722518882296984,"GARCH(1,1)",1,val
2018-06-20,SPY,-5.411924827455078,0.0044630413538137015,-5.185817315234216,0.005595361571683277,"GARCH(1,1)",1,val
2018-06-20,TLT,-5.819674785200533,0.002968570410843899,-4.971291020054877,0.006934190075086273,"GARCH(1,1)",1,val
2018-06-21,GLD,-6.418438731260307,0.0016312009908625003,-5.016147126094968,0.006630022201847879,"GARCH(1,1)",1,val
2018-06-21,SPY,-5.9459772550338394,0.0026163442630147003,-5.17726643040446,0.005643412008160264,"GARCH(1,1)",1,val
2018-06-21,TLT,-6.040969707980396,0.0023792506163005994,-4.974516422044299,0.00691186055482084,"GARCH(1,1)",1,val
2018-06-22,GLD,-6.080747073583794,0.0022864678549680993,-5.022303291013469,0.0065893320678550756,"GARCH(1,1)",1,val
2018-06-22,SPY,-4.568103830371543,0.010377618798829098,-5.2285809635891916,0.005361127542642536,"GARCH(1,1)",1,val
2018-06-22,TLT,-5.931943612235686,0.0026533199487817002,-4.959953350154504,0.007013254992216202,"GARCH(1,1)",1,val
2018-06-25,GLD,-5.82231480953356,0.0029607436486920997,-5.037648909251419,0.006488986594334802,"GARCH(1,1)",1,val
2018-06-25,SPY,-5.380400711892306,0.0046059758908373995,-5.130849541315269,0.005911536245562035,"GARCH(1,1)",1,val
2018-06-25,TLT,-6.263219648300061,0.0019051021528458001,-4.9659511706473305,0.006971316642771921,"GARCH(1,1)",1,val
2018-06-26,GLD,-5.896131241940214,0.0027500635954848,-5.050562363023563,0.00640573008741337,"GARCH(1,1)",1,val
2018-06-26,SPY,-4.582798971412928,0.010226233267040497,-5.187800671538181,0.0055842749740080905,"GARCH(1,1)",1,val
2018-06-26,TLT,-5.756706081442509,0.0031615082168221995,-4.9821007444713965,0.006859637066023414,"GARCH(1,1)",1,val
2018-06-27,GLD,-5.674545031519225,0.0034322301776717012,-5.058947113939297,0.006352244182547823,"GARCH(1,1)",1,val
2018-06-27,SPY,-4.866681677740249,0.0076988702802259,-4.817358372601242,0.008088124755634273,"GARCH(1,1)",1,val
2018-06-27,TLT,-6.018645187984787,0.002432963571440501,-4.996121751460851,0.006764129169857556,"GARCH(1,1)",1,val
2018-06-28,GLD,-5.550196854426526,0.003886692055627601,-5.059009833880185,0.006351845782662127,"GARCH(1,1)",1,val
2018-06-28,SPY,-5.079066167967348,0.0062257200790780025,-4.905219041339979,0.0074078202863095645,"GARCH(1,1)",1,val
2018-06-28,TLT,-5.436035404941483,0.004356721713814199,-5.0110958099893175,0.006663597267520712,"GARCH(1,1)",1,val
2018-06-29,GLD,-5.79750035050473,0.0030351320374087006,-5.056240284439785,0.006369461916711866,"GARCH(1,1)",1,val
2018-06-29,SPY,-5.310370081910787,0.004940098138380101,-4.853015677796449,0.00780480524596861,"GARCH(1,1)",1,val
2018-06-29,TLT,-6.328152300749552,0.0017853294753603,-4.990773255674787,0.0068004040076531215,"GARCH(1,1)",1,val
2018-07-02,GLD,-5.527863332998509,0.0039744721466132,-5.0675198923335385,0.006298020556515132,"GARCH(1,1)",1,val
2018-07-02,SPY,-5.31647706106037,0.004910020995771199,-4.8987130643060315,0.007456172513650974,"GARCH(1,1)",1,val
2018-07-02,TLT,-6.416095620056611,0.0016350275574645002,-5.0065590836377405,0.00669389686335946,"GARCH(1,1)",1,val
2018-07-03,GLD,-5.727212746118713,0.0032561402868806003,-5.075055969714221,0.006250736577897888,"GARCH(1,1)",1,val
2018-07-03,SPY,-5.229327425450563,0.005357127158650797,-4.981957973671189,0.006860616491811499,"GARCH(1,1)",1,val
2018-07-03,TLT,-5.944317721845836,0.0026206897779162,-5.016834571188097,0.006625465991869413,"GARCH(1,1)",1,val
2018-07-05,GLD,-6.383479000232772,0.0016892358699883002,-5.03111485258026,0.00653152482273465,"GARCH(1,1)",1,val
2018-07-05,SPY,-5.083414486548771,0.006198707437124498,-5.053769625378456,0.006385218141627244,"GARCH(1,1)",1,val
2018-07-05,TLT,-5.977307219654738,0.0025356450425437003,-5.028023181339698,0.006551749397945284,"GARCH(1,1)",1,val
2018-07-06,GLD,-6.062010899228608,0.0023297113592498,-4.990393281299997,0.006802988477899388,"GARCH(1,1)",1,val
2018-07-06,SPY,-6.133267213800113,0.002169481209880799,-5.08010168802615,0.006219276557829164,"GARCH(1,1)",1,val
2018-07-06,TLT,-6.373442192647875,0.0017062757754609003,-5.031181817988973,0.006531087451149927,"GARCH(1,1)",1,val
2018-07-09,GLD,-6.069739439802369,0.002311775488812101,-5.00173988260611,0.006726233954916579,"GARCH(1,1)",1,val
2018-07-09,SPY,-6.169278719398082,0.0020927449125854006,-5.017493817358181,0.006621099618204946,"GARCH(1,1)",1,val
2018-07-09,TLT,-6.3145504343745795,0.0018097791922566,-5.043054314909396,0.006454005617841379,"GARCH(1,1)",1,val
2018-07-10,GLD,-5.6861334171751725,0.0033926857413387,-5.018071422609476,0.006617276340575036,"GARCH(1,1)",1,val
2018-07-10,SPY,-5.567167742386045,0.0038212879924824014,-4.965776753645917,0.0069725326649610455,"GARCH(1,1)",1,val
2018-07-10,TLT,-5.93136961856019,0.002654843374827999,-5.053642909043627,0.006386027304333216,"GARCH(1,1)",1,val
2018-07-11,GLD,-6.325780775418575,0.001789568453871,-5.031666538481286,0.006527922466353729,"GARCH(1,1)",1,val
2018-07-11,SPY,-5.5314817314123434,0.0039601169100471996,-4.914645010200744,0.00733832245970569,"GARCH(1,1)",1,val
2018-07-11,TLT,-6.524511365460975,0.0014670358163038002,-5.048799136932781,0.0064170348012884005,"GARCH(1,1)",1,val
2018-07-12,GLD,-6.318254167303473,0.0018030886511052004,-5.046881128336878,0.006429354540103179,"GARCH(1,1)",1,val
2018-07-12,SPY,-5.78394163674571,0.0030765647765063995,-4.9813886472196796,0.006864523534339748,"GARCH(1,1)",1,val
2018-07-12,TLT,-6.1024617581075375,0.0022373531122927004,-5.063955435623739,0.00632050963500866,"GARCH(1,1)",1,val
2018-07-13,GLD,-6.167519472532691,0.0020964298078828,-4.99788051870142,0.006752243096544711,"GARCH(1,1)",1,val
2018-07-13,SPY,-6.058940610880754,0.002336875236847299,-4.932611233920702,0.007207657806559834,"GARCH(1,1)",1,val
2018-07-13,TLT,-5.5810859115563884,0.003768471069805202,-5.072194458009462,0.006268648749500815,"GARCH(1,1)",1,val
2018-07-16,GLD,-5.444832505637347,0.0043185632820637,-5.005695926998607,0.0066996772392047535,"GARCH(1,1)",1,val
2018-07-16,SPY,-5.405574947301714,0.0044914712993766,-4.889704536003702,0.007523645112874141,"GARCH(1,1)",1,val
2018-07-16,TLT,-6.0501432143204,0.0023575243510644993,-5.087178602890084,0.006175418639534599,"GARCH(1,1)",1,val
2018-07-17,GLD,-5.881476789602935,0.0027906610112847004,-5.013130282925519,0.0066500541404562775,"GARCH(1,1)",1,val
2018-07-17,SPY,-5.953730499380355,0.0025961375416963,-4.97474496363245,0.006910281087726396,"GARCH(1,1)",1,val
2018-07-17,TLT,-5.939102295351226,0.0026343934971256996,-5.099044000697839,0.006102577837879758,"GARCH(1,1)",1,val
2018-07-18,GLD,-4.908056151673099,0.0073868332681498025,-5.030413077779569,0.006536110090990012,"GARCH(1,1)",1,val
2018-07-18,SPY,-5.758037105150119,0.003157302973693799,-5.046521834334192,0.006431664983669982,"GARCH(1,1)",1,val
2018-07-18,TLT,-5.755638731870844,0.0031648844527547007,-5.104327786297501,0.006070418162215232,"GARCH(1,1)",1,val
2018-07-19,GLD,-5.906161716547542,0.0027226170335601005,-4.984707060658285,0.006841781961033938,"GARCH(1,1)",1,val
2018-07-19,SPY,-6.004792505250716,0.0024669011645463007,-5.089258721349519,0.006162586388156232,"GARCH(1,1)",1,val
2018-07-19,TLT,-5.793018245120441,0.0030487663514465004,-5.117051944472184,0.005993666536775293,"GARCH(1,1)",1,val
2018-07-20,GLD,-5.7851170583222435,0.003072950640369401,-5.002529651175985,0.0067209238838849645,"GARCH(1,1)",1,val
2018-07-20,SPY,-5.797242060223971,0.003035916083766199,-5.149029263262051,0.005805037155429101,"GARCH(1,1)",1,val
2018-07-20,TLT,-5.490120646748208,0.004127346193319198,-5.122506926299775,0.005961060209054165,"GARCH(1,1)",1,val
2018-07-23,GLD,-5.804166679978363,0.0030149661381964,-5.010698679562202,0.006666244110285801,"GARCH(1,1)",1,val
2018-07-23,SPY,-5.332893104199771,0.0048300758659752,-5.1504339231022085,0.005796888777055954,"GARCH(1,1)",1,val
2018-07-23,TLT,-5.6709136240612965,0.0034447166619706,-5.115796931897387,0.006001193385805241,"GARCH(1,1)",1,val
2018-07-24,GLD,-5.681606254599451,0.0034080798006707004,-5.00457188895806,0.006707212165259422,"GARCH(1,1)",1,val
2018-07-24,SPY,-5.299135564384855,0.004995910683978802,-5.198090303512572,0.005527109450155809,"GARCH(1,1)",1,val
2018-07-24,TLT,-5.254391498402759,0.0052245244563980985,-5.051936743221523,0.006396932226015872,"GARCH(1,1)",1,val
2018-07-25,GLD,-5.589724590874522,0.003736056667110201,-5.010272029113385,0.006669088873143898,"GARCH(1,1)",1,val
2018-07-25,SPY,-5.98169194349881,0.0025245512785851006,-5.2449013358689385,0.0052743420573223895,"GARCH(1,1)",1,val
2018-07-25,TLT,-5.638313475843951,0.003558865460278499,-4.998150869436845,0.0067504178693946594,"GARCH(1,1)",1,val
2018-07-26,GLD,-5.869626124178928,0.0028239289354204987,-5.027543082925736,0.006554895637631823,"GARCH(1,1)",1,val
2018-07-26,SPY,-4.962046867594713,0.0069985879787584976,-5.22706411485749,0.0053692657327974085,"GARCH(1,1)",1,val
2018-07-26,TLT,-6.26544720751287,0.0019008631480637993,-5.009413532611722,0.006674816720927621,"GARCH(1,1)",1,val
2018-07-27,GLD,-6.130548167671234,0.0021753881563568995,-5.026839183968311,0.006559511246107606,"GARCH(1,1)",1,val
2018-07-27,SPY,-5.349535688676941,0.004750356131578398,-5.100193165173217,0.0060955690001452175,"GARCH(1,1)",1,val
2018-07-27,TLT,-5.955523595091294,0.0025914865896524996,-5.024146842300649,0.006577195486881829,"GARCH(1,1)",1,val
2018-07-30,GLD,-5.268742776385744,0.005150081308433699,-5.011298216081093,0.0066622486513292995,"GARCH(1,1)",1,val
2018-07-30,SPY,-5.531415584694675,0.003960378867446099,-5.139267075347719,0.005861984532228999,"GARCH(1,1)",1,val
2018-07-30,TLT,-6.371622826642628,0.0017093829412812007,-5.038063745987115,0.00648629528258412,"GARCH(1,1)",1,val
2018-07-31,GLD,-6.080645418968181,0.0022867002967932,-5.028464583114709,0.006548858082294479,"GARCH(1,1)",1,val
2018-07-31,SPY,-5.341923593860918,0.004786654270026198,-5.055974206901674,0.006371156912947968,"GARCH(1,1)",1,val
2018-07-31,TLT,-5.40169141978933,0.004508947965330402,-5.052345556965881,0.006394317606682723,"GARCH(1,1)",1,val
2018-08-01,GLD,-5.644608926058826,0.0035365311759035,-5.04443793117323,0.006445081925608132,"GARCH(1,1)",1,val
2018-08-01,SPY,-5.206011198377757,0.005483502727418199,-5.043423928153561,0.006451620572686402,"GARCH(1,1)",1,val
2018-08-01,TLT,-5.9428455155772095,0.0026245508152597,-5.061903092726965,0.006333494808518453,"GARCH(1,1)",1,val
2018-08-02,GLD,-5.519272677647207,0.004008762544639899,-5.055750006369034,0.006372585489859256,"GARCH(1,1)",1,val
2018-08-02,SPY,-6.05317792429112,0.0023503807932056,-5.071504767001935,0.006272973671431136,"GARCH(1,1)",1,val
2018-08-02,TLT,-6.216992093116176,0.0019952376895289994,-5.063223245672027,0.006325139143286005,"GARCH(1,1)",1,val
2018-08-03,GLD,-6.118336075419288,0.0022021170730198002,-5.042025713627616,0.006460647631698873,"GARCH(1,1)",1,val
2018-08-03,SPY,-5.5515876025097555,0.003881290403140701,-5.1246651704785515,0.005948208658938812,"GARCH(1,1)",1,val
2018-08-03,TLT,-5.773120916686411,0.0031100361884958006,-5.027912668832343,0.006552473488208592,"GARCH(1,1)",1,val
2018-08-06,GLD,-5.849859028454317,0.0028803051705413992,-5.04313023546976,0.006453515644718034,"GARCH(1,1)",1,val
2018-08-06,SPY,-6.286699337876987,0.0018608919971053004,-5.125132063171105,0.005945432132002679,"GARCH(1,1)",1,val
2018-08-06,TLT,-5.979499998141549,0.0025300910262333995,-5.042681319873885,0.006456413378909544,"GARCH(1,1)",1,val
2018-08-07,GLD,-5.739941701196828,0.003214955697913001,-5.052375192558797,0.0063941281100970936,"GARCH(1,1)",1,val
2018-08-07,SPY,-6.033024331825002,0.002398229956568401,-5.150680655719805,0.0057954586719481185,"GARCH(1,1)",1,val
2018-08-07,TLT,-6.030199950264866,0.0024050130475441007,-5.047054651414346,0.006428238995506414,"GARCH(1,1)",1,val
2018-08-08,GLD,-6.133192525522998,0.0021696432507457993,-5.054519249091796,0.006380433424286278,"GARCH(1,1)",1,val
2018-08-08,SPY,-6.032179754847356,0.002400256301958701,-5.182850565066832,0.00561198626001743,"GARCH(1,1)",1,val
2018-08-08,TLT,-5.799460652319751,0.0030291880904354004,-5.062312592556313,0.006330901774434931,"GARCH(1,1)",1,val
2018-08-09,GLD,-5.583566062137797,0.0037591362747240995,-5.0678631665513825,0.006295858979462691,"GARCH(1,1)",1,val
2018-08-09,SPY,-5.473486123441209,0.004196576842815801,-5.215531485104153,0.005431545923452315,"GARCH(1,1)",1,val
2018-08-09,TLT,-5.45913566797213,0.0042572338185872,-5.064314140661939,0.00631824284293776,"GARCH(1,1)",1,val
2018-08-10,GLD,-5.531391190342936,0.0039604754794995995,-5.079192595567301,0.0062249330259840875,"GARCH(1,1)",1,val
2018-08-10,SPY,-5.267224149536033,0.005157908301823801,-5.260493487015331,0.005192741535786625,"GARCH(1,1)",1,val
2018-08-10,TLT,-5.894281641549285,0.0027551548211011004,-5.079053263590285,0.0062258004186357555,"GARCH(1,1)",1,val
2018-08-13,GLD,-5.553179102501625,0.0038751182422954006,-5.0946344600894085,0.0061295468193827175,"GARCH(1,1)",1,val
2018-08-13,SPY,-5.618734495730218,0.003629231011423599,-5.287816081428553,0.005052783085650949,"GARCH(1,1)",1,val
2018-08-13,TLT,-6.0610771745803484,0.0023318876840552004,-5.060465272517228,0.0063426077851934624,"GARCH(1,1)",1,val
2018-08-14,GLD,-5.395192325212898,0.004538347476216298,-5.110988787742263,0.006030117468563871,"GARCH(1,1)",1,val
2018-08-14,SPY,-5.144105350281982,0.005833691140199501,-5.151388231479944,0.005791359396318024,"GARCH(1,1)",1,val
2018-08-14,TLT,-5.762606873185065,0.003142907747960199,-5.051546167904791,0.00639943119783275,"GARCH(1,1)",1,val
2018-08-15,GLD,-5.399246990567495,0.004519983251489699,-4.992908950322169,0.006785895919151931,"GARCH(1,1)",1,val
2018-08-15,SPY,-5.54114870906991,0.003922018990911498,-5.153748530560289,0.005777706175242043,"GARCH(1,1)",1,val
2018-08-15,TLT,-5.570237184540404,0.0038095767527156,-5.064777074643462,0.006315318590542377,"GARCH(1,1)",1,val
2018-08-16,GLD,-5.4692431464488145,0.004214420650469401,-5.010126598807389,0.006670058831308381,"GARCH(1,1)",1,val
2018-08-16,SPY,-5.352964375425839,0.004734096538911301,-5.122786688294196,0.005959392764215937,"GARCH(1,1)",1,val
2018-08-16,TLT,-5.600777206028298,0.0036949908310672003,-5.077391239842809,0.006236156450380024,"GARCH(1,1)",1,val
2018-08-17,GLD,-5.738294529782479,0.003220255644799199,-4.894983165872525,0.007484035210040926,"GARCH(1,1)",1,val
2018-08-17,SPY,-6.099857755121847,0.002243186778623,-5.02283678777015,0.006585817618125303,"GARCH(1,1)",1,val
2018-08-17,TLT,-6.21049143663948,0.0020082502937485,-5.076296458029085,0.0062429874195775925,"GARCH(1,1)",1,val
2018-08-20,GLD,-5.5460504005989515,0.0039028415031092003,-4.9145794269853145,0.007338803746270447,"GARCH(1,1)",1,val
2018-08-20,SPY,-5.535562449076966,0.0039439897186552995,-4.980373701643815,0.00687149418895049,"GARCH(1,1)",1,val
2018-08-20,TLT,-5.921552147723475,0.0026810355824810994,-5.091393945667317,0.006149441922025574,"GARCH(1,1)",1,val
2018-08-21,GLD,-5.976484597708647,0.0025377317779827005,-4.895145614791064,0.007482819535359944,"GARCH(1,1)",1,val
2018-08-21,SPY,-5.861543189784473,0.002846847065835101,-5.040550043284087,0.006470188455633086,"GARCH(1,1)",1,val
2018-08-21,TLT,-5.939532380170096,0.0026332607280865005,-5.1056661318455445,0.006062299279240371,"GARCH(1,1)",1,val
2018-08-22,GLD,-5.421563393773727,0.0044202306819246,-4.903270795159221,0.007422266611819911,"GARCH(1,1)",1,val
2018-08-22,SPY,-5.596624456502948,0.003710367107301601,-5.1065493668234145,0.006056947208386651,"GARCH(1,1)",1,val
2018-08-22,TLT,-6.207989714219942,0.0020132806682091,-5.097911329480468,0.006109493968259986,"GARCH(1,1)",1,val
2018-08-23,GLD,-5.178490207542953,0.005636509953711198,-4.9184354792500695,0.0073105594262485255,"GARCH(1,1)",1,val
2018-08-23,SPY,-6.1308428271897455,0.0021747472519591,-5.162625540053578,0.005726644395935575,"GARCH(1,1)",1,val
2018-08-23,TLT,-5.6619989741706735,0.003475562390139999,-5.106648287807442,0.006056348078842327,"GARCH(1,1)",1,val
2018-08-24,GLD,-5.751379837893223,0.0031783921034996003,-4.9348327492307895,0.007191663656594966,"GARCH(1,1)",1,val
2018-08-24,SPY,-6.104402345938441,0.002233015542148701,-5.214152921926283,0.005439038816187657,"GARCH(1,1)",1,val
2018-08-24,TLT,-6.327094554411668,0.0017872189001646996,-5.1136308656994585,0.0060142064564437485,"GARCH(1,1)",1,val
2018-08-27,GLD,-5.170937644809957,0.0056792412108619,-4.914521606863198,0.0073392280890669055,"GARCH(1,1)",1,val
2018-08-27,SPY,-6.052941062062984,0.0023509375755750004,-5.250306462656699,0.005245910477148308,"GARCH(1,1)",1,val
2018-08-27,TLT,-6.0801839520110965,0.002287755776936799,-5.127307852812366,0.005932510185173848,"GARCH(1,1)",1,val
2018-08-28,GLD,-6.109461549801959,0.002221746790781601,-4.811490250896396,0.008135726385546969,"GARCH(1,1)",1,val
2018-08-28,SPY,-5.65396696810629,0.0035035905387828994,-5.203248623611894,0.005498672257514442,"GARCH(1,1)",1,val
2018-08-28,TLT,-5.785156594284236,0.0030728291507113002,-5.140139264007769,0.005856874004790613,"GARCH(1,1)",1,val
2018-08-29,GLD,-5.517968740890797,0.004013993126902698,-4.826938569466204,0.008011008910503693,"GARCH(1,1)",1,val
2018-08-29,SPY,-5.525875959122473,0.0039823787628272996,-5.109345858991321,0.006040032664674644,"GARCH(1,1)",1,val
2018-08-29,TLT,-6.114595799072075,0.0022103690220866006,-5.135532166205361,0.005883919448812522,"GARCH(1,1)",1,val
2018-08-30,GLD,-5.605139333330057,0.003678907914051301,-4.824692132539614,0.00802902536557784,"GARCH(1,1)",1,val
2018-08-30,SPY,-5.636284578335237,0.0035660933634025995,-5.172795952489355,0.005668697233318122,"GARCH(1,1)",1,val
2018-08-30,TLT,-5.545692120846302,0.003904240062720401,-5.129408953821379,0.005920058467776597,"GARCH(1,1)",1,val
2018-08-31,GLD,-5.912024831812829,0.002706700721251001,-4.836995268350153,0.007930848357008536,"GARCH(1,1)",1,val
2018-08-31,SPY,-5.589417730939739,0.003737203289132598,-5.164960460134911,0.005713288737202494,"GARCH(1,1)",1,val
2018-08-31,TLT,-6.19894285476008,0.0020315771736336,-5.143373946772773,0.005837959483121301,"GARCH(1,1)",1,val
2018-09-04,GLD,-6.221937208182889,0.0019853953653388,-4.848501352847501,0.007840118320387814,"GARCH(1,1)",1,val
2018-09-04,SPY,-5.471063164842856,0.0042067573031971985,-5.156386763031587,0.005762483332729206,"GARCH(1,1)",1,val
2018-09-04,TLT,-6.189542896262472,0.0020507639509284004,-5.155645193153406,0.005766758201653385,"GARCH(1,1)",1,val
2018-09-05,GLD,-5.152869294657811,0.005782788375844501,-4.867963235224542,0.007689010054969939,"GARCH(1,1)",1,val
2018-09-05,SPY,-5.163028414928763,0.005724337739467501,-5.212734880590411,0.005446757069163959,"GARCH(1,1)",1,val
2018-09-05,TLT,-5.6098624023842,0.0036615731468052004,-5.166983598784834,0.0057017416465613814,"GARCH(1,1)",1,val
2018-09-06,GLD,-5.539394869107555,0.003928903620054998,-4.8775068938939965,0.007615977819186865,"GARCH(1,1)",1,val
2018-09-06,SPY,-5.359453062524451,0.004703477912546699,-5.243621476481826,0.005281096795150562,"GARCH(1,1)",1,val
2018-09-06,TLT,-6.120432056788906,0.0021975063103852996,-5.142368176062203,0.00584383408553522,"GARCH(1,1)",1,val
2018-09-07,GLD,-5.9457761602294745,0.0026168704491572993,-4.8914192862691275,0.00751075499524466,"GARCH(1,1)",1,val
2018-09-07,SPY,-5.996793837159091,0.0024867122135555,-5.250425946742085,0.00524528371177792,"GARCH(1,1)",1,val
2018-09-07,TLT,-6.525288370585342,0.0014658963646940995,-5.152934906248742,0.00578240897034598,"GARCH(1,1)",1,val
2018-09-10,GLD,-5.28713086057245,0.005056246544484199,-4.908444118627908,0.0073839679767962,"GARCH(1,1)",1,val
2018-09-10,SPY,-5.266989510607566,0.005159118689897401,-5.248573092881692,0.0052550114652219005,"GARCH(1,1)",1,val
2018-09-10,TLT,-5.958839366039934,0.002582908043810899,-5.1600074124528374,0.005741657125733814,"GARCH(1,1)",1,val
2018-09-11,GLD,-5.124247126711394,0.005950695790323101,-4.924090566832685,0.007269334248276288,"GARCH(1,1)",1,val
2018-09-11,SPY,-5.562553051124551,0.0038389628073297985,-5.269777209706637,0.0051447566472012495,"GARCH(1,1)",1,val
2018-09-11,TLT,-6.504006160195053,0.0014974282232201998,-5.131761523768922,0.0059061474858326,"GARCH(1,1)",1,val
2018-09-12,GLD,-5.242567405240009,0.005286666382262701,-4.942117083039568,0.007139467515736978,"GARCH(1,1)",1,val
2018-09-12,SPY,-6.081729912964939,0.0022842217282881996,-5.307881393584921,0.004952407814065405,"GARCH(1,1)",1,val
2018-09-12,TLT,-5.7125049248384006,0.0033043849334161005,-5.139307943921242,0.00586174496617855,"GARCH(1,1)",1,val
2018-09-13,GLD,-5.402552547232559,0.0045050668578013,-4.959674575296104,0.007015210383927942,"GARCH(1,1)",1,val
2018-09-13,SPY,-5.7874339898027864,0.003065839065989199,-5.318130024021403,0.004901911617025077,"GARCH(1,1)",1,val
2018-09-13,TLT,-5.637483133698182,0.0035618217634629987,-5.121058634971964,0.0059696998156830135,"GARCH(1,1)",1,val
2018-09-14,GLD,-5.815073147651041,0.0029822621740201996,-4.944187827493644,0.007124698799369799,"GARCH(1,1)",1,val
2018-09-14,SPY,-5.7634174117602734,0.0031403613321157003,-5.352146647472499,0.004737969325211982,"GARCH(1,1)",1,val
2018-09-14,TLT,-5.599735427410954,0.003698842199294499,-5.1332793838074515,0.005897189580725129,"GARCH(1,1)",1,val
2018-09-17,GLD,-5.677380678252771,0.0034225113714424996,-4.9565312187032875,0.007037296385642395,"GARCH(1,1)",1,val
2018-09-17,SPY,-5.512374748687888,0.0040365102948695,-5.277518088678503,0.005105085451712332,"GARCH(1,1)",1,val
2018-09-17,TLT,-5.5796495424474255,0.0037738878745720993,-5.147158076396829,0.005815909633753425,"GARCH(1,1)",1,val
2018-09-18,GLD,-5.84338172933418,0.0028990223215406992,-4.955368102402474,0.007045486341794635,"GARCH(1,1)",1,val
2018-09-18,SPY,-6.205390144802067,0.0020185211395972002,-5.318099819240354,0.00490205968042829,"GARCH(1,1)",1,val
2018-09-18,TLT,-5.318112883078305,0.004901995641133299,-5.148485142230876,0.0058081966577299944,"GARCH(1,1)",1,val
2018-09-19,GLD,-5.76248212200157,0.0031432998538787013,-4.959757655991623,0.0070146275795802595,"GARCH(1,1)",1,val
2018-09-19,SPY,-5.081056368720897,0.006213341967834102,-5.226064637846868,0.00537463487318049,"GARCH(1,1)",1,val
2018-09-19,TLT,-5.520751448633094,0.004002838883847899,-5.163524708728721,0.00572149749099569,"GARCH(1,1)",1,val
2018-09-20,GLD,-5.427800868317803,0.0043927454140086,-4.976469256428901,0.006898376006697773,"GARCH(1,1)",1,val
2018-09-20,SPY,-5.999062438922198,0.002481077248006599,-5.204340122184455,0.005492673738877188,"GARCH(1,1)",1,val
2018-09-20,TLT,-6.0489600333247475,0.0023603153798940004,-5.114255211293017,0.006010452685091156,"GARCH(1,1)",1,val
2018-09-21,GLD,-5.7797690244283295,0.0030894289084413013,-4.985980134006422,0.006833077412705458,"GARCH(1,1)",1,val
2018-09-21,SPY,-5.929375671227296,0.0026601422738016006,-5.256378195587965,0.005214155212051398,"GARCH(1,1)",1,val
2018-09-21,TLT,-5.711185513596044,0.0033087476535243994,-5.110152394208638,0.006035163129606568,"GARCH(1,1)",1,val
2018-09-24,GLD,-6.259078754109888,0.0019130073352483,-4.996893298669635,0.006758912337651656,"GARCH(1,1)",1,val
2018-09-24,SPY,-6.0733208711310285,0.0023035108321357994,-5.135856333741132,0.005882012382265357,"GARCH(1,1)",1,val
2018-09-24,TLT,-6.339383280691244,0.0017653906516789998,-5.11414936109591,0.0060110889263651135,"GARCH(1,1)",1,val
2018-09-25,GLD,-5.138563975299585,0.005866107543110499,-4.991423809395409,0.006795981418246186,"GARCH(1,1)",1,val
2018-09-25,SPY,-5.033166571860573,0.006518137705325601,-5.097855024802865,0.006109837971032578,"GARCH(1,1)",1,val
2018-09-25,TLT,-5.3687000944059955,0.004660185175482898,-5.129442438009155,0.005919860242745935,"GARCH(1,1)",1,val
2018-09-26,GLD,-5.631378302987639,0.003583632590314001,-5.008552705284049,0.006680565059376648,"GARCH(1,1)",1,val
2018-09-26,SPY,-5.435945638056786,0.0043571128207039005,-5.121482590435475,0.005967169465246477,"GARCH(1,1)",1,val
2018-09-26,TLT,-5.884606081389355,0.002781941868190001,-5.14090114916995,0.005852413438824883,"GARCH(1,1)",1,val
2018-09-27,GLD,-5.336708055595719,0.004811684464764101,-5.023870314755036,0.006579014514100808,"GARCH(1,1)",1,val
2018-09-27,SPY,-5.866153190544132,0.0028337533030164,-5.177150901733389,0.005644064021712275,"GARCH(1,1)",1,val
2018-09-27,TLT,-5.879381303249557,0.0027965149346169003,-5.15545023973979,0.005767882560445527,"GARCH(1,1)",1,val
2018-09-28,GLD,-5.876699777121946,0.0028040239257588,-5.026415559289124,0.006562290605615932,"GARCH(1,1)",1,val
2018-09-28,SPY,-5.370240372095575,0.004653012721431299,-5.192356064466087,0.005558894260735746,"GARCH(1,1)",1,val
2018-09-28,TLT,-5.7014143132140065,0.0033412365591710996,-5.141922146669946,0.0058464411886799406,"GARCH(1,1)",1,val
2018-10-01,GLD,-5.4330953156113795,0.0043695497133309,-5.003234243371881,0.006716190041277293,"GARCH(1,1)",1,val
2018-10-01,SPY,-5.823642559697309,0.0029568151294509,-5.232383590108359,0.005340779888659428,"GARCH(1,1)",1,val
2018-10-01,TLT,-5.794853575265284,0.0030431759903055008,-5.156855042817436,0.005759785509985424,"GARCH(1,1)",1,val
2018-10-02,GLD,-5.459784249213599,0.004254473551817301,-4.999065644865531,0.006744245576555713,"GARCH(1,1)",1,val
2018-10-02,SPY,-5.515156329913325,0.0040252980147802,-5.279787435699119,0.00509351337674571,"GARCH(1,1)",1,val
2018-10-02,TLT,-4.561838429941628,0.010442842850147002,-5.167674936968061,0.005697801177105661,"GARCH(1,1)",1,val
2018-10-03,GLD,-5.210940456856313,0.0054565396337307994,-5.014951363224042,0.006637954878084912,"GARCH(1,1)",1,val
2018-10-03,SPY,-4.839278638414418,0.007912759954403499,-5.293362886168543,0.005024833870560213,"GARCH(1,1)",1,val
2018-10-03,TLT,-5.4790771876298825,0.004173178982735101,-5.128426043739453,0.005925880213587786,"GARCH(1,1)",1,val
2018-10-04,GLD,-5.716339843657166,0.0032917371525574,-4.964815881427763,0.006979235597704182,"GARCH(1,1)",1,val
2018-10-04,SPY,-4.701292256642285,0.009083531260403004,-5.326954382200576,0.004858845687207923,"GARCH(1,1)",1,val
2018-10-04,TLT,-5.020836003341193,0.0065990076102329,-5.12323100965799,0.005956745466864499,"GARCH(1,1)",1,val
2018-10-05,GLD,-5.511481107119035,0.004040119100511301,-4.975567349774514,0.0069046005044587164,"GARCH(1,1)",1,val
2018-10-05,SPY,-5.0367544295305375,0.006494793457926199,-5.361528345336865,0.004693726987139779,"GARCH(1,1)",1,val
2018-10-05,TLT,-6.067855695266083,0.0023161343874951003,-4.989136885388459,0.006811541096421685,"GARCH(1,1)",1,val
2018-10-08,GLD,-5.468013120163091,0.0042196076880909004,-4.992855586603641,0.006786258049453948,"GARCH(1,1)",1,val
2018-10-08,SPY,-5.2717335829989,0.005134701421795801,-5.146523974272514,0.00581959868390067,"GARCH(1,1)",1,val
2018-10-08,TLT,-5.729153252963824,0.0032498278510086007,-4.985101994775361,0.006839080441412177,"GARCH(1,1)",1,val
2018-10-09,GLD,-5.561683764901841,0.0038423014157006,-5.005682921544204,0.006699764372118204,"GARCH(1,1)",1,val
2018-10-09,SPY,-4.372513180482512,0.012619485636780796,-5.10138024766874,0.0060883373500167474,"GARCH(1,1)",1,val
2018-10-09,TLT,-5.393336387352413,0.004546778188140201,-4.971258113540058,0.006934418258869081,"GARCH(1,1)",1,val
2018-10-10,GLD,-4.778720037809031,0.008406752409256599,-4.963561768645483,0.006987993837039849,"GARCH(1,1)",1,val
2018-10-10,SPY,-3.964585273377922,0.018975904793641002,-5.165938486449062,0.00570770372206824,"GARCH(1,1)",1,val
2018-10-10,TLT,-4.969545741185467,0.006946302737413003,-4.984166951440765,0.006845478268650402,"GARCH(1,1)",1,val
2018-10-11,GLD,-5.6931461789561695,0.003368976873921001,-4.981090250870384,0.006866572188742344,"GARCH(1,1)",1,val
2018-10-11,SPY,-4.422184202414721,0.012007975770717397,-5.210014030815284,0.005461597056443727,"GARCH(1,1)",1,val
2018-10-11,TLT,-5.407795472171704,0.004481508940579701,-4.9595857419248786,0.007015833596396823,"GARCH(1,1)",1,val
2018-10-12,GLD,-5.562063222704093,0.0038408437010379014,-4.995085725351293,0.006771140615679275,"GARCH(1,1)",1,val
2018-10-12,SPY,-5.031346447617693,0.006530012329148599,-4.209151790836511,0.014858966505941111,"GARCH(1,1)",1,val
2018-10-12,TLT,-5.808775645051627,0.0030011022382258013,-4.97422142899167,0.006913899806432993,"GARCH(1,1)",1,val
2018-10-15,GLD,-5.753188228694737,0.0031726495224364006,-4.756884106443565,0.008592340548710303,"GARCH(1,1)",1,val
2018-10-15,SPY,-4.758481423233459,0.0085786268143922,-4.107921100212626,0.016441920125608616,"GARCH(1,1)",1,val
2018-10-15,TLT,-5.782315794131633,0.0030815708550702,-4.933608865478538,0.00720047080525966,"GARCH(1,1)",1,val
2018-10-16,GLD,-5.540238710668521,0.003925589646322399,-4.771378888776933,0.008468694717240976,"GARCH(1,1)",1,val
2018-10-16,SPY,-4.700894984159291,0.009087140614322203,-4.161820796125784,0.0155791655951508,"GARCH(1,1)",1,val
2018-10-16,TLT,-5.6570615209924195,0.003492765250921001,-4.946917891978085,0.007105274439157824,"GARCH(1,1)",1,val
2018-10-17,GLD,-5.353967631076593,0.0047293494114968,-4.777432576558867,0.008417582747547685,"GARCH(1,1)",1,val
2018-10-17,SPY,-4.498222394639413,0.011128761511996498,-4.2641971032536325,0.014063153861880145,"GARCH(1,1)",1,val
2018-10-17,TLT,-5.324756524104099,0.004869536484665398,-4.9645161537585585,0.006981327781249699,"GARCH(1,1)",1,val
2018-10-18,GLD,-6.697890981391901,0.0012335106582297998,-4.797382553626894,0.008251316186300912,"GARCH(1,1)",1,val
2018-10-18,SPY,-4.650030298997572,0.009561312227978704,-4.1769018885042195,0.015345977544559056,"GARCH(1,1)",1,val
2018-10-18,TLT,-5.72277337944368,0.0032706276210606997,-4.979655496825182,0.006876431101833303,"GARCH(1,1)",1,val
2018-10-19,GLD,-6.212510176382914,0.002004200248434899,-4.817602130658764,0.008086153450325383,"GARCH(1,1)",1,val
2018-10-19,SPY,-5.101111224759263,0.006089975472580898,-4.297024104783316,0.013608997762961483,"GARCH(1,1)",1,val
2018-10-19,TLT,-5.925055548700693,0.002671659273876101,-4.982091299101366,0.006859701858139767,"GARCH(1,1)",1,val
2018-10-22,GLD,-5.580053613240033,0.0037723632647533004,-4.8368398786446765,0.007932080824952843,"GARCH(1,1)",1,val
2018-10-22,SPY,-4.191983221341879,0.015116276204388405,-4.288321773965221,0.013727944570172448,"GARCH(1,1)",1,val
2018-10-22,TLT,-5.1699076770234385,0.005685093659760501,-4.9988130174974605,0.0067459495727943165,"GARCH(1,1)",1,val
2018-10-23,GLD,-5.686691853227996,0.0033907916722123004,-4.855871132350985,0.007782550767728582,"GARCH(1,1)",1,val
2018-10-23,SPY,-4.200634357379144,0.014986067282208896,-4.40442276317525,0.012223160036930435,"GARCH(1,1)",1,val
2018-10-23,TLT,-5.891592267098861,0.0027625744366741997,-5.013186061562074,0.006649683219848125,"GARCH(1,1)",1,val
2018-10-24,GLD,-5.765156385303483,0.0031349050723637013,-4.872421806890559,0.007654804363526635,"GARCH(1,1)",1,val
2018-10-24,SPY,-4.322135219404736,0.013271515669617286,-4.497951011498465,0.011131782080097576,"GARCH(1,1)",1,val
2018-10-24,TLT,-5.854311739304198,0.002867508515502801,-5.02859531956674,0.00654800196378811,"GARCH(1,1)",1,val
2018-10-25,GLD,-4.936240982922165,0.007181543241164202,-4.87741312856448,0.007616691967337319,"GARCH(1,1)",1,val
2018-10-25,SPY,-3.769721239993147,0.0230584901762837,-4.578612167909572,0.010269138251003068,"GARCH(1,1)",1,val
2018-10-25,TLT,-5.73184594234063,0.003241088845072201,-5.040047312712128,0.00647344203494444,"GARCH(1,1)",1,val
2018-10-26,GLD,-5.466389546371867,0.004226464096979298,-4.893596086590091,0.007494423363160211,"GARCH(1,1)",1,val
2018-10-26,SPY,-3.679297984952595,0.025240687959814403,-4.123154988726002,0.016193343945641345,"GARCH(1,1)",1,val
2018-10-26,TLT,-5.370947611727455,0.004649723089843098,-5.030652597961264,0.006534544748186515,"GARCH(1,1)",1,val
2018-10-29,GLD,-6.021142425517641,0.0024268954634009006,-4.909853160447081,0.007373570983744638,"GARCH(1,1)",1,val
2018-10-29,SPY,-4.685201536292766,0.009230874068615603,-4.129440125585057,0.01609188573609477,"GARCH(1,1)",1,val
2018-10-29,TLT,-5.753653071945,0.003171175080439199,-5.0386638504630294,0.006482403995459128,"GARCH(1,1)",1,val
2018-10-30,GLD,-5.875964683842275,0.0028060859026825,-4.923279738408557,0.007275230821340745,"GARCH(1,1)",1,val
2018-10-30,SPY,-4.8165574310602866,0.008094605465728003,-4.118024871549163,0.0162766311514666,"GARCH(1,1)",1,val
2018-10-30,TLT,-5.38467561698548,0.004586327807809802,-5.0382716684911655,0.006484946776024242,"GARCH(1,1)",1,val
2018-10-31,GLD,-5.268123697261753,0.0051532706033697,-4.934614135931355,0.007193236021779066,"GARCH(1,1)",1,val
2018-10-31,SPY,-4.887591270028138,0.007539561387841203,-4.220398525165652,0.014692787892246885,"GARCH(1,1)",1,val
2018-10-31,TLT,-5.719740308404547,0.0032805627263014004,-5.051638563658831,0.006398839944876847,"GARCH(1,1)",1,val
2018-11-01,GLD,-5.635455932664384,0.0035690496159037992,-4.944090165555081,0.007125394645244498,"GARCH(1,1)",1,val
2018-11-01,SPY,-4.333866029265661,0.013116739641722398,-4.243756272788673,0.014353574513348216,"GARCH(1,1)",1,val
2018-11-01,TLT,-5.186753762170045,0.005590124265097201,-5.055723738994716,0.006372752883146175,"GARCH(1,1)",1,val
2018-11-02,GLD,-5.941493586564263,0.0026281014211956,-4.948072964389074,0.007097072070757331,"GARCH(1,1)",1,val
2018-11-02,SPY,-5.028315840656989,0.006549832247988999,-4.308521243172971,0.01345342924237912,"GARCH(1,1)",1,val
2018-11-02,TLT,-6.096240279161209,0.0022513161479036994,-5.05916667166512,0.0063508496513568794,"GARCH(1,1)",1,val
2018-11-05,GLD,-5.447186875280916,0.004308407747400899,-4.896342319103666,0.007473870168892311,"GARCH(1,1)",1,val
2018-11-05,SPY,-5.6958869674073185,0.0033597558632049015,-4.3656150940343235,0.01270683687144547,"GARCH(1,1)",1,val
2018-11-05,TLT,-6.133687700563489,0.002168569163513801,-5.07358234381303,0.006259954615521965,"GARCH(1,1)",1,val
2018-11-06,GLD,-6.01243052781662,0.0024481306936784,-4.914372773275114,0.00734032049400842,"GARCH(1,1)",1,val
2018-11-06,SPY,-5.00673264864508,0.006692735137921598,-4.4486341766855615,0.01169452872743144,"GARCH(1,1)",1,val
2018-11-06,TLT,-5.301780328667697,0.0049827151350913985,-5.017992928382842,0.0066177957789500036,"GARCH(1,1)",1,val
2018-11-07,GLD,-5.5295235284579505,0.003967879220289201,-4.929897082918387,0.00722724705027705,"GARCH(1,1)",1,val
2018-11-07,SPY,-5.303897941086857,0.004972174839709199,-4.540197539722033,0.010671298339994006,"GARCH(1,1)",1,val
2018-11-07,TLT,-5.996091099897753,0.0024884603330486005,-5.027332500979867,0.006556276125657992,"GARCH(1,1)",1,val
2018-11-08,GLD,-5.5961113457616705,0.0037122714250396017,-4.944151838809055,0.007124955212521639,"GARCH(1,1)",1,val
2018-11-08,SPY,-4.925751452807585,0.007257270733810601,-4.61730711627825,0.009879364251782928,"GARCH(1,1)",1,val
2018-11-08,TLT,-5.6293024166136,0.003591079531205099,-5.0430209285269045,0.0064542210973385595,"GARCH(1,1)",1,val
2018-11-09,GLD,-6.115720950642845,0.0022078834205109007,-4.961389803646045,0.0070031880097026706,"GARCH(1,1)",1,val
2018-11-09,SPY,-4.662843418905228,0.009439583515627804,-4.388786073928787,0.012415791929604104,"GARCH(1,1)",1,val
2018-11-09,TLT,-6.049837543962614,0.0023582450865245,-5.057812525366279,0.006359455456351207,"GARCH(1,1)",1,val
2018-11-12,GLD,-5.753850075129772,0.0031705504103819,-4.976454038445727,0.006898480986866563,"GARCH(1,1)",1,val
2018-11-12,SPY,-4.576375924306912,0.010292128241750902,-4.494891043433472,0.011165897146656813,"GARCH(1,1)",1,val
2018-11-12,TLT,-5.843357076540958,0.0028990937914195004,-5.073227806143073,0.006262174398720515,"GARCH(1,1)",1,val
2018-11-13,GLD,-4.848415503645578,0.007840791417180602,-4.937584107226372,0.0071719040106867265,"GARCH(1,1)",1,val
2018-11-13,SPY,-4.323707745064624,0.013250662271230496,-4.5133407066536355,0.010961778851604336,"GARCH(1,1)",1,val
2018-11-13,TLT,-4.990694061483957,0.006800942581471502,-5.062358856343926,0.006330608889714868,"GARCH(1,1)",1,val
2018-11-14,GLD,-5.941091703731711,0.0026291578222994998,-4.933705553912711,0.00719977463666846,"GARCH(1,1)",1,val
2018-11-14,SPY,-4.265491724602862,0.0140449591828043,-4.356089971863937,0.012828449312253978,"GARCH(1,1)",1,val
2018-11-14,TLT,-5.325768425463381,0.004864611486304002,-5.058135344563535,0.006357402833376676,"GARCH(1,1)",1,val
2018-11-15,GLD,-5.840351857016027,0.002907819309167301,-4.951047516623457,0.007075992825372274,"GARCH(1,1)",1,val
2018-11-15,SPY,-4.824072178617101,0.008034004534615396,-4.463087216569602,0.011526722811185334,"GARCH(1,1)",1,val
2018-11-15,TLT,-5.342010284233452,0.004786239331170201,-5.073363977812119,0.006261321726037035,"GARCH(1,1)",1,val
2018-11-16,GLD,-5.761022159315025,0.0031478923059666004,-4.937970094063015,0.0071691362843322665,"GARCH(1,1)",1,val
2018-11-16,SPY,-4.555963534361212,0.010504374029104096,-4.526086253928373,0.010822951575200523,"GARCH(1,1)",1,val
2018-11-16,TLT,-6.323827407609466,0.0017930675556847994,-5.088418564025905,0.006167766105826831,"GARCH(1,1)",1,val
2018-11-19,GLD,-5.733332689756498,0.0032362737449130002,-4.954655363478148,0.007050509724118643,"GARCH(1,1)",1,val
2018-11-19,SPY,-4.6203711982316005,0.0098491393994282,-4.5511084511080035,0.01055549764381799,"GARCH(1,1)",1,val
2018-11-19,TLT,-5.774785503819347,0.0031048635686061012,-5.103381043613778,0.00607616800757999,"GARCH(1,1)",1,val
2018-11-20,GLD,-5.824863470781695,0.002953207323937901,-4.947179897659864,0.007103413060740676,"GARCH(1,1)",1,val
2018-11-20,SPY,-5.233262323478027,0.005336088828548598,-4.651688453702226,0.009545471230167274,"GARCH(1,1)",1,val
2018-11-20,TLT,-5.709744581299422,0.003313518771483199,-5.101541321936342,0.006087356754513656,"GARCH(1,1)",1,val
2018-11-21,GLD,-6.336206125504962,0.0017710084913924006,-4.964292517247179,0.006982889235632094,"GARCH(1,1)",1,val
2018-11-21,SPY,-5.363316931282206,0.0046853393562546995,-4.474047681837131,0.011401074406514115,"GARCH(1,1)",1,val
2018-11-21,TLT,-5.8261020977831235,0.0029495516660713013,-5.112600013538998,0.006020409410777966,"GARCH(1,1)",1,val
2018-11-23,GLD,-6.331766590283396,0.0017788884246457996,-4.981257891488696,0.006865421168816484,"GARCH(1,1)",1,val
2018-11-23,SPY,-5.302292827665105,0.0049801621528366,-4.337510093122471,0.013069028389097702,"GARCH(1,1)",1,val
2018-11-23,TLT,-6.365755206931805,0.0017194424340984998,-5.127445866703395,0.005931691472857756,"GARCH(1,1)",1,val
2018-11-26,GLD,-5.2145457989214785,0.005436902362670002,-4.9965351548676304,0.006761333433738077,"GARCH(1,1)",1,val
2018-11-26,SPY,-5.211956231301699,0.005450999834280303,-4.444317703725687,0.011745116947256991,"GARCH(1,1)",1,val
2018-11-26,TLT,-5.873918850298786,0.0028118325636997,-5.142187645842384,0.005844889169421668,"GARCH(1,1)",1,val
2018-11-27,GLD,-4.775515171432668,0.008433738147131501,-5.012835010584914,0.006652018007431008,"GARCH(1,1)",1,val
2018-11-27,SPY,-4.452657380332617,0.011647573774808004,-4.510952494029937,0.010987989195715584,"GARCH(1,1)",1,val
2018-11-27,TLT,-5.67134994813693,0.0034432139770098993,-5.156338282145438,0.005762762709799761,"GARCH(1,1)",1,val
2018-11-28,GLD,-5.531268894057778,0.003960959860556601,-5.0286221721384585,0.006547826135456499,"GARCH(1,1)",1,val
2018-11-28,SPY,-4.82472769462233,0.008028739841790599,-4.440551237312152,0.011789437950150488,"GARCH(1,1)",1,val
2018-11-28,TLT,-5.506671741653301,0.004059596308754801,-5.167997368703251,0.005695964321331572,"GARCH(1,1)",1,val
2018-11-29,GLD,-5.587225010512218,0.003745406921976199,-5.026904041705128,0.006559085824849633,"GARCH(1,1)",1,val
2018-11-29,SPY,-5.120515265786669,0.005972944448045103,-4.542761475962758,0.01064397285681211,"GARCH(1,1)",1,val
2018-11-29,TLT,-5.915031934007988,0.002698573621204901,-5.181917065873703,0.005617227490624666,"GARCH(1,1)",1,val
2018-11-30,GLD,-5.927320412044501,0.0026656151778290003,-5.035391147945708,0.006503653728394183,"GARCH(1,1)",1,val
2018-11-30,SPY,-4.962592476743257,0.006994770526643499,-4.318523433096767,0.013319536215972396,"GARCH(1,1)",1,val
2018-11-30,TLT,-5.582850184967876,0.0037618283180330015,-5.181786219618582,0.00561796253189363,"GARCH(1,1)",1,val
2018-12-03,GLD,-6.015943608771069,0.0024395453017826995,-5.045974568302736,0.006435185778759157,"GARCH(1,1)",1,val
2018-12-03,SPY,-4.274923828995624,0.013913108454021498,-4.424916939810071,0.011975205922374669,"GARCH(1,1)",1,val
2018-12-03,TLT,-4.506953890168765,0.011032013771501,-5.186961389709707,0.005588963721834172,"GARCH(1,1)",1,val
2018-12-04,GLD,-5.411747725007276,0.0044638318393585,-5.060524421707625,0.006342232636172951,"GARCH(1,1)",1,val
2018-12-04,SPY,-4.027684383418898,0.017815536177312893,-4.511368579332102,0.01098341820593767,"GARCH(1,1)",1,val
2018-12-04,TLT,-5.098581420987317,0.006105401419584898,-5.193007489846227,0.005555274235145074,"GARCH(1,1)",1,val
2018-12-06,GLD,-5.709417509179647,0.0033146027083448015,-5.044652735122029,0.0064436976452399465,"GARCH(1,1)",1,val
2018-12-06,SPY,-4.009388822497096,0.018144481347466702,-4.493876297004765,0.011177233451674448,"GARCH(1,1)",1,val
2018-12-06,TLT,-5.266418284691127,0.0051620665540671,-5.193481352873568,0.005552642419687568,"GARCH(1,1)",1,val
2018-12-07,GLD,-5.76903076088633,0.003122782771034699,-5.040339155289889,0.006471553084585452,"GARCH(1,1)",1,val
2018-12-07,SPY,-4.040890820699003,0.017581803203211004,-4.055754439638426,0.017322406542321245,"GARCH(1,1)",1,val
2018-12-07,TLT,-5.299366228132308,0.004994758441393901,-5.058413001981072,0.006355637898358707,"GARCH(1,1)",1,val
2018-12-10,GLD,-5.753125016182143,0.0031728500799230986,-5.056452039759061,0.006368113292064339,"GARCH(1,1)",1,val
2018-12-10,SPY,-4.442306115828863,0.011768767061521697,-4.171199707103502,0.015433733053424903,"GARCH(1,1)",1,val
2018-12-10,TLT,-5.392332924715722,0.0045513430000954005,-5.06961623864208,0.0062848315535592985,"GARCH(1,1)",1,val
2018-12-11,GLD,-6.22205945751816,0.001985152666910301,-5.036398449995874,0.0064971058830426785,"GARCH(1,1)",1,val
2018-12-11,SPY,-4.781273435391978,0.0083853140100007,-4.068295462762876,0.017106522374935696,"GARCH(1,1)",1,val
2018-12-11,TLT,-5.952941941391657,0.0025981855540766997,-5.083523950276999,0.006198028940634294,"GARCH(1,1)",1,val
2018-12-12,GLD,-6.1344477443448495,0.0021669215822029,-5.046451072757094,0.006432120114530294,"GARCH(1,1)",1,val
2018-12-12,SPY,-4.76149557513734,0.008552808459815101,-4.184314542505054,0.01523264369397707,"GARCH(1,1)",1,val
2018-12-12,TLT,-5.828089003347215,0.0029436970037111008,-5.0907157352016785,0.006153613952492373,"GARCH(1,1)",1,val
2018-12-13,GLD,-5.59822212746655,0.0037044438944425014,-5.061904214410534,0.006333487704345376,"GARCH(1,1)",1,val
2018-12-13,SPY,-4.644885987789364,0.009610625325847796,-4.29812353938133,0.013594043781944946,"GARCH(1,1)",1,val
2018-12-13,TLT,-5.725582578300042,0.0032614526708515993,-5.1058504267715845,0.006061182131188591,"GARCH(1,1)",1,val
2018-12-14,GLD,-5.77110260543347,0.0031163195482869993,-5.075146545087202,0.006250170440740366,"GARCH(1,1)",1,val
2018-12-14,SPY,-4.07564529984475,0.016981253140595304,-4.398282384612925,0.012298445771691776,"GARCH(1,1)",1,val
2018-12-14,TLT,-5.802123850404423,0.0030211314954308992,-5.110332971172305,0.006034073416564889,"GARCH(1,1)",1,val
2018-12-17,GLD,-6.364418964128445,0.0017217415624316004,-5.088321403552461,0.0061683653980150474,"GARCH(1,1)",1,val
2018-12-17,SPY,-4.435375041299322,0.011850620601955202,-4.506189982234473,0.011040444434067294,"GARCH(1,1)",1,val
2018-12-17,TLT,-5.469987411468782,0.0042112851715582,-5.122206933543154,0.005962848752200244,"GARCH(1,1)",1,val
2018-12-18,GLD,-4.791632813769554,0.008298895761864102,-5.094774773779552,0.006128686820385812,"GARCH(1,1)",1,val
2018-12-18,SPY,-3.6404576759052905,0.026240331649481,-4.356947640676248,0.01281745146829659,"GARCH(1,1)",1,val
2018-12-18,TLT,-4.759979291278576,0.008565786782153598,-5.130897066532408,0.0059112553051942655,"GARCH(1,1)",1,val
2018-12-19,GLD,-5.075034441064762,0.006250871149263097,-5.08141549433982,0.006211110998177476,"GARCH(1,1)",1,val
2018-12-19,SPY,-3.979786694960277,0.018689625503893505,-4.245379297601556,0.01433029720069727,"GARCH(1,1)",1,val
2018-12-19,TLT,-5.397331272169983,0.0045286505659771995,-5.128080155410313,0.005927930260916833,"GARCH(1,1)",1,val
2018-12-20,GLD,-5.740670973992825,0.0032126119728935,-5.093773074364164,0.006134828998185251,"GARCH(1,1)",1,val
2018-12-20,SPY,-3.7504889936945665,0.023506248637837793,-4.355602269491847,0.012834707303308301,"GARCH(1,1)",1,val
2018-12-20,TLT,-5.452134586112115,0.004287143639431001,-5.1362291654179995,0.005879819790484756,"GARCH(1,1)",1,val
2018-12-21,GLD,-6.023869787160855,0.002420285459834401,-5.0875982949161225,0.006172827409371492,"GARCH(1,1)",1,val
2018-12-21,SPY,-4.1883528192990065,0.015171254099950404,-4.323215520568045,0.013257186177277757,"GARCH(1,1)",1,val
2018-12-21,TLT,-5.8737369471877745,0.0028123440913135015,-5.065119445760412,0.006313156777954853,"GARCH(1,1)",1,val
2018-12-24,GLD,-4.993395114289444,0.006782597662882002,-4.977933738895181,0.006888280849884497,"GARCH(1,1)",1,val
2018-12-24,SPY,-3.671685677079573,0.025433561020680503,-4.279100657304051,0.013855116983290231,"GARCH(1,1)",1,val
2018-12-24,TLT,-5.013407550476188,0.006648210551828398,-5.074096778127275,0.00625673510824563,"GARCH(1,1)",1,val
2018-12-26,GLD,-5.412820029372904,0.004459047818411402,-4.986475427618408,0.006829693871105178,"GARCH(1,1)",1,val
2018-12-26,SPY,-3.76261353363606,0.023222966987493005,-4.084218221916237,0.01683629641987834,"GARCH(1,1)",1,val
2018-12-26,TLT,-5.245377848253424,0.0052718293667237005,-5.089443903022502,0.006161445295756929,"GARCH(1,1)",1,val
2018-12-27,GLD,-6.420910580887123,0.0016271738865505996,-4.948304592284592,0.007095428381258759,"GARCH(1,1)",1,val
2018-12-27,SPY,-4.320223506342634,0.013296911266289402,-3.9671368934759355,0.018927547214913513,"GARCH(1,1)",1,val
2018-12-27,TLT,-5.829823936034372,0.0029385943152487005,-5.0930106856204205,0.006139507906104996,"GARCH(1,1)",1,val
2018-12-28,GLD,-6.168083847298105,0.0020952469696152005,-4.962279786421045,0.0069969580656865935,"GARCH(1,1)",1,val
2018-12-28,SPY,-4.869464272421773,0.007677477222638101,-3.624051699035346,0.02667438068728502,"GARCH(1,1)",1,val
2018-12-28,TLT,-5.366167510071502,0.004672002445253999,-5.052284126014867,0.00639471042775995,"GARCH(1,1)",1,val
2018-12-31,GLD,-5.28442270363749,0.0050699582119219004,-4.953594723323604,0.007057991745006524,"GARCH(1,1)",1,val
2018-12-31,SPY,-4.543321463285,0.0106380140355419,-3.739825810932371,0.02375824119677422,"GARCH(1,1)",1,val
2018-12-31,TLT,-5.507887569260854,0.004054663538793699,-5.067926465267385,0.006295460472285784,"GARCH(1,1)",1,val
2019-01-02,GLD,-5.940031261770396,0.0026319473703926995,-4.963763941849398,0.006986581194740897,"GARCH(1,1)",1,val
2019-01-02,SPY,-4.629657117290278,0.009758104414068599,-3.8607165147840075,0.021052909396708612,"GARCH(1,1)",1,val
2019-01-02,TLT,-4.97430042309205,0.006913353670708699,-5.0516632305858105,0.0063986821071058695,"GARCH(1,1)",1,val
2019-01-03,GLD,-5.244608957340607,0.005275884387152101,-4.980130657356372,0.006873164469327144,"GARCH(1,1)",1,val
2019-01-03,SPY,-4.438523095656217,0.011813372863850598,-3.964377308073011,0.018979851533845668,"GARCH(1,1)",1,val
2019-01-03,TLT,-5.271020120243371,0.005138366147188099,-5.061031605087941,0.006339016776769943,"GARCH(1,1)",1,val
2019-01-04,GLD,-5.670234842594019,0.0034470556655470997,-4.997162217628144,0.0067570949823567575,"GARCH(1,1)",1,val
2019-01-04,SPY,-4.498882608021675,0.0111214165795964,-4.083073587989232,0.016855578849521935,"GARCH(1,1)",1,val
2019-01-04,TLT,-5.522231565070215,0.0039969185986572986,-5.064238875737302,0.006318718402905444,"GARCH(1,1)",1,val
2019-01-07,GLD,-5.729745814641847,0.0032479026980062014,-4.975163294655749,0.006907390907335891,"GARCH(1,1)",1,val
2019-01-07,SPY,-4.6935284781699185,0.009154328255333702,-4.000205247147403,0.018311880041858894,"GARCH(1,1)",1,val
2019-01-07,TLT,-5.840619828897538,0.0029070401997502993,-5.023623784107153,0.0065806366427553975,"GARCH(1,1)",1,val
2019-01-08,GLD,-5.866405669878481,0.0028330379291811006,-4.962413387245299,0.006996023328763953,"GARCH(1,1)",1,val
2019-01-08,SPY,-4.90598594092788,0.007402141409827097,-3.8514888186492517,0.021248078342346165,"GARCH(1,1)",1,val
2019-01-08,TLT,-5.605740439909371,0.003676697162814599,-4.982498339482438,0.006856910250668418,"GARCH(1,1)",1,val
2019-01-09,GLD,-5.8339669679715955,0.0029264448104219004,-4.974390987468122,0.006912727595497429,"GARCH(1,1)",1,val
2019-01-09,SPY,-4.850844868519891,0.007821766392644902,-3.958379185923362,0.019094037108899196,"GARCH(1,1)",1,val
2019-01-09,TLT,-5.376016152803907,0.0046262154025336994,-4.995482833102408,0.006768452277072276,"GARCH(1,1)",1,val
2019-01-10,GLD,-6.100257006932968,0.0022422913609994005,-4.9883323058621345,0.006817023728241474,"GARCH(1,1)",1,val
2019-01-10,SPY,-5.418425121109092,0.004434124360718301,-4.053875779659719,0.01735498004191192,"GARCH(1,1)",1,val
2019-01-10,TLT,-5.68103427841364,0.0034100296987505012,-5.008869876616202,0.006678446511646295,"GARCH(1,1)",1,val
2019-01-11,GLD,-6.1555638987282295,0.0021216442554346997,-4.98582560699227,0.006834133389341868,"GARCH(1,1)",1,val
2019-01-11,SPY,-5.293089924825902,0.005026205643171998,-4.1650987972959435,0.015528180682056145,"GARCH(1,1)",1,val
2019-01-11,TLT,-5.531043823221814,0.0039618514574361,-5.0238484412592825,0.006579158421720719,"GARCH(1,1)",1,val
2019-01-14,GLD,-5.545267332678259,0.0039058988900044,-4.986614206442701,0.006828746119984881,"GARCH(1,1)",1,val
2019-01-14,SPY,-5.292420268245018,0.005029572602085098,-4.277147478075468,0.013882204955212115,"GARCH(1,1)",1,val
2019-01-14,TLT,-6.0058945576866165,0.002464184007608501,-5.021635106183927,0.006593736430880041,"GARCH(1,1)",1,val
2019-01-15,GLD,-6.15191948735129,0.002129390506586301,-5.00224230461232,0.006722855395761013,"GARCH(1,1)",1,val
2019-01-15,SPY,-5.602043484951028,0.0036903149031973998,-4.391475916325769,0.01238244028152722,"GARCH(1,1)",1,val
2019-01-15,TLT,-5.45767198444163,0.004263469624122601,-5.031246438612304,0.006530665421843847,"GARCH(1,1)",1,val
2019-01-16,GLD,-5.961731320097885,0.002575449182952199,-5.016230293933672,0.006629470820159722,"GARCH(1,1)",1,val
2019-01-16,SPY,-4.819676385215379,0.008069398093131097,-4.470480896990257,0.01144181219421861,"GARCH(1,1)",1,val
2019-01-16,TLT,-5.582949001880501,0.0037614566041389,-5.040677175538935,0.006469365938270781,"GARCH(1,1)",1,val
2019-01-17,GLD,-5.911188711101195,0.0027089647961723003,-5.031419360169975,0.006529536226640383,"GARCH(1,1)",1,val
2019-01-17,SPY,-4.6011213391331385,0.010040570545088197,-4.489307935306165,0.011228411908715324,"GARCH(1,1)",1,val
2019-01-17,TLT,-5.507111053509705,0.004057813271647499,-5.050093087955898,0.006408736842275954,"GARCH(1,1)",1,val
2019-01-18,GLD,-5.7397315562834095,0.003215631375492399,-5.042439793391192,0.006457972962056498,"GARCH(1,1)",1,val
2019-01-18,SPY,-4.6345590066228,0.009710388311209003,-4.595636774346012,0.01009578999364525,"GARCH(1,1)",1,val
2019-01-18,TLT,-5.571435692763623,0.003805013678637599,-5.065073089642648,0.006313449438177157,"GARCH(1,1)",1,val
2019-01-22,GLD,-5.623634007840729,0.0036114930393195003,-5.057871048722277,0.006359083290565879,"GARCH(1,1)",1,val
2019-01-22,SPY,-4.507540574947531,0.011025543355175098,-4.651075274869956,0.009551326105929151,"GARCH(1,1)",1,val
2019-01-22,TLT,-5.508981363054995,0.004050230997562599,-5.0801924354629255,0.006218712200030341,"GARCH(1,1)",1,val
2019-01-23,GLD,-5.974372750410005,0.002543096742982199,-5.031430200341562,0.006529465445730942,"GARCH(1,1)",1,val
2019-01-23,SPY,-5.177843059665868,0.005640158789702797,-4.589546955319601,0.010157459113938493,"GARCH(1,1)",1,val
2019-01-23,TLT,-5.793925828260171,0.0030460005977744993,-5.0819067455566245,0.006208060531675954,"GARCH(1,1)",1,val
2019-01-24,GLD,-5.854091131286457,0.0028681411806552003,-5.0411764851067815,0.006466136528264653,"GARCH(1,1)",1,val
2019-01-24,SPY,-4.816316117980153,0.008096559035606904,-4.510701313830383,0.0109907495076878,"GARCH(1,1)",1,val
2019-01-24,TLT,-5.990056528435633,0.0025035225259901006,-5.075917302475413,0.006245354931728556,"GARCH(1,1)",1,val
2019-01-25,GLD,-6.311756972487939,0.0018148418092751005,-5.056544963254891,0.0063675215722081655,"GARCH(1,1)",1,val
2019-01-25,SPY,-5.217856908481683,0.005418929954006099,-4.615003530064496,0.009902148451683003,"GARCH(1,1)",1,val
2019-01-25,TLT,-5.798431975806487,0.003032305748334099,-5.0908628784575924,0.0061527085563128706,"GARCH(1,1)",1,val
2019-01-28,GLD,-5.887946171648705,0.002772665431945299,-5.07144026548526,0.0062733783007964655,"GARCH(1,1)",1,val
2019-01-28,SPY,-5.21713092266668,0.005422865448669001,-4.71688553528507,0.00894298784050649,"GARCH(1,1)",1,val
2019-01-28,TLT,-5.859451111397042,0.0028528091274294004,-5.0857578197126525,0.0061841988063309,"GARCH(1,1)",1,val
2019-01-29,GLD,-4.999489090546999,0.006741390359448899,-4.978920634535788,0.006881486188904598,"GARCH(1,1)",1,val
2019-01-29,SPY,-4.630903086629101,0.0097459536864526,-4.737732094457571,0.008758487099746238,"GARCH(1,1)",1,val
2019-01-29,TLT,-5.577720282992546,0.0037811757112392007,-5.089402954964992,0.006161697600138897,"GARCH(1,1)",1,val
2019-01-30,GLD,-5.910558702213128,0.0027106720057935,-4.990418280059783,0.006802818413750303,"GARCH(1,1)",1,val
2019-01-30,SPY,-5.069632373214499,0.006284730151307503,-4.7431712384942575,0.008710977749095366,"GARCH(1,1)",1,val
2019-01-30,TLT,-5.709803368501328,0.0033133239847116997,-5.103740266833641,0.006073985698935317,"GARCH(1,1)",1,val
2019-01-31,GLD,-5.704867431650352,0.0033297187711963006,-4.9926334377065995,0.006787765776658439,"GARCH(1,1)",1,val
2019-01-31,SPY,-5.24335499661512,0.005282504288646603,-4.8322178010208905,0.007968828377843242,"GARCH(1,1)",1,val
2019-01-31,TLT,-5.707489070092532,0.0033210008850299995,-5.106259744890652,0.006058701687199294,"GARCH(1,1)",1,val
2019-02-01,GLD,-5.923895635807791,0.0026747599638308004,-4.994114912227527,0.0067777173197106026,"GARCH(1,1)",1,val
2019-02-01,SPY,-5.196473562492783,0.0055360525821409,-4.637580942772091,0.009681088431228394,"GARCH(1,1)",1,val
2019-02-01,TLT,-5.7718513568223635,0.0031139870730280007,-5.120657924288873,0.005972092417512545,"GARCH(1,1)",1,val
2019-02-04,GLD,-6.163295412384396,0.0021053039828173993,-5.011038695739228,0.006663977864750203,"GARCH(1,1)",1,val
2019-02-04,SPY,-5.584465853451581,0.0037557553578446996,-4.667247447492572,0.009398102728303883,"GARCH(1,1)",1,val
2019-02-04,TLT,-5.777802495495816,0.0030955103374679,-5.099318225609475,0.006100904588445239,"GARCH(1,1)",1,val
2019-02-05,GLD,-5.91409421892367,0.002701105301207401,-5.025807167323657,0.006566284265227479,"GARCH(1,1)",1,val
2019-02-05,SPY,-5.604521131612987,0.0036811829243759003,-4.7654624596496875,0.008518947661739782,"GARCH(1,1)",1,val
2019-02-05,TLT,-5.62879090810904,0.0035929168687927012,-5.0804159924838945,0.006217322118643655,"GARCH(1,1)",1,val
2019-02-06,GLD,-5.84311626727025,0.002899792004145801,-5.03272765551339,0.006520999250461188,"GARCH(1,1)",1,val
2019-02-06,SPY,-4.78667495858579,0.008340142648794199,-4.802233006834541,0.008211390470423402,"GARCH(1,1)",1,val
2019-02-06,TLT,-5.662404132962555,0.003474154520705499,-5.085739056956746,0.006184314840032131,"GARCH(1,1)",1,val
2019-02-07,GLD,-6.306008647108554,0.0018253041521734006,-5.04570521080619,0.006436919377758791,"GARCH(1,1)",1,val
2019-02-07,SPY,-5.109719378803847,0.0060377770140974,-4.873489306697092,0.007646637221336453,"GARCH(1,1)",1,val
2019-02-07,TLT,-6.089026711392214,0.002267614884851699,-5.09112110416705,0.006151119973896067,"GARCH(1,1)",1,val
2019-02-08,GLD,-5.823489365317998,0.0029572681316071994,-5.037924495918367,0.006487198562537577,"GARCH(1,1)",1,val
2019-02-08,SPY,-5.634313710579253,0.003573128592303001,-4.9511370602411935,0.00707535924374263,"GARCH(1,1)",1,val
2019-02-08,TLT,-5.994485430844853,0.0024924591863531,-5.105964972451633,0.006060487888721472,"GARCH(1,1)",1,val
2019-02-11,GLD,-6.055265467561422,0.0023454793893244,-5.051188591126895,0.006401719894988929,"GARCH(1,1)",1,val
2019-02-11,SPY,-5.485830570373725,0.004145090859483499,-4.84655511191657,0.007855391937814813,"GARCH(1,1)",1,val
2019-02-11,TLT,-5.757020097689047,0.003160515607734401,-5.099931762748261,0.006097162604940349,"GARCH(1,1)",1,val
2019-02-12,GLD,-5.0103178054560535,0.006668783593633698,-5.0596428558090585,0.006347826197369923,"GARCH(1,1)",1,val
2019-02-12,SPY,-5.649756060503204,0.0035183749408502006,-4.932647047347237,0.007207399680258713,"GARCH(1,1)",1,val
2019-02-12,TLT,-5.8817913739277525,0.0027897832511467003,-5.106233997539402,0.006058857684728007,"GARCH(1,1)",1,val
2019-02-13,GLD,-5.609669377466905,0.0036622799898760007,-5.0626146720794365,0.006328989627470729,"GARCH(1,1)",1,val
2019-02-13,SPY,-4.960253857171382,0.0070111477765122995,-5.012259038857685,0.006655850485325812,"GARCH(1,1)",1,val
2019-02-13,TLT,-5.768853017075008,0.0031233378756780985,-5.113012799601235,0.00601792478252947,"GARCH(1,1)",1,val
2019-02-14,GLD,-5.396006174420685,0.004534655448298901,-5.076277289587196,0.0062431070890660925,"GARCH(1,1)",1,val
2019-02-14,SPY,-6.050544450589395,0.002356578616533999,-4.825577560111629,0.00802191939151967,"GARCH(1,1)",1,val
2019-02-14,TLT,-6.330565761453091,0.0017810258482351,-5.124253880490927,0.0059506556007713814,"GARCH(1,1)",1,val
2019-02-15,GLD,-5.726623159962691,0.0032580606281635005,-5.083398278177282,0.006198807908891633,"GARCH(1,1)",1,val
2019-02-15,SPY,-5.423471102679281,0.004411806206766202,-4.9029290114188315,0.007424803855434275,"GARCH(1,1)",1,val
2019-02-15,TLT,-5.6993037948569665,0.0033482957469168004,-5.131170746289792,0.005909637735634626,"GARCH(1,1)",1,val
2019-02-19,GLD,-5.443417881965175,0.004324676747018901,-5.081425388244047,0.006211049546344119,"GARCH(1,1)",1,val
2019-02-19,SPY,-5.514185028960364,0.004029209689977301,-4.968708796798534,0.006952118840036735,"GARCH(1,1)",1,val
2019-02-19,TLT,-5.862739026662169,0.0028434447358498993,-5.129409255780833,0.005920056680159244,"GARCH(1,1)",1,val
2019-02-20,GLD,-5.597825433861839,0.003705913715159401,-5.077248830800843,0.006237044598684346,"GARCH(1,1)",1,val
2019-02-20,SPY,-5.4217477029964325,0.004419416067716199,-4.86278098433914,0.007728959859683891,"GARCH(1,1)",1,val
2019-02-20,TLT,-6.015470652697326,0.0024406993724412004,-5.142913507801033,0.005840648126113272,"GARCH(1,1)",1,val
2019-02-21,GLD,-5.76116671705371,0.003147437286662299,-4.976455213911364,0.0068984728779439815,"GARCH(1,1)",1,val
2019-02-21,SPY,-5.422377675316048,0.004416632834696599,-4.9458576970482495,0.007112811409716324,"GARCH(1,1)",1,val
2019-02-21,TLT,-5.79687100415982,0.0030370427878616004,-5.154208648942669,0.005775048357925017,"GARCH(1,1)",1,val
2019-02-22,GLD,-5.7506001429389855,0.0031808712461472003,-4.992483767239212,0.006788781780765758,"GARCH(1,1)",1,val
2019-02-22,SPY,-5.544684106893565,0.003908177575378899,-5.020275126303189,0.006602709880237155,"GARCH(1,1)",1,val
2019-02-22,TLT,-6.11513625298069,0.0022091747422648,-5.163861678279487,0.0057195698453536255,"GARCH(1,1)",1,val
2019-02-25,GLD,-5.819963124176372,0.0029677145796826007,-4.950605464010853,0.007079121477951069,"GARCH(1,1)",1,val
2019-02-25,SPY,-5.650649239056153,0.0035152338068173998,-5.050023269680189,0.006409184304852107,"GARCH(1,1)",1,val
2019-02-25,TLT,-5.935543294239662,0.0026437860105789994,-5.133567695136894,0.0058954895992308735,"GARCH(1,1)",1,val
2019-02-26,GLD,-5.508870227976124,0.004050681145317099,-4.962709402430415,0.0069939527061062086,"GARCH(1,1)",1,val
2019-02-26,SPY,-5.27115543004183,0.0051376709229367015,-5.048651544253396,0.006417981978544929,"GARCH(1,1)",1,val
2019-02-26,TLT,-5.65760728814586,0.003490859534458399,-5.130194397102677,0.005915410423254814,"GARCH(1,1)",1,val
2019-02-27,GLD,-6.180539133964409,0.0020693119175098002,-4.979812853770862,0.006875349132767846,"GARCH(1,1)",1,val
2019-02-27,SPY,-5.8794598927205515,0.0027962951666234003,-5.1154225339901584,0.006003440640707278,"GARCH(1,1)",1,val
2019-02-27,TLT,-5.388114591241693,0.004570582633690001,-5.140042207054723,0.005857442482722815,"GARCH(1,1)",1,val
2019-02-28,GLD,-4.723925988259105,0.008880246278839403,-4.995774494823708,0.006766478466487098,"GARCH(1,1)",1,val
2019-02-28,SPY,-5.258154267022889,0.005204902718898602,-5.170064598724608,0.0056842016151845125,"GARCH(1,1)",1,val
2019-02-28,TLT,-5.531514055693007,0.003959988904185598,-5.142050137972697,0.0058456929429412385,"GARCH(1,1)",1,val
2019-03-01,GLD,-5.547089063303429,0.0038987898717019005,-4.989001573293077,0.0068124628426805235,"GARCH(1,1)",1,val
2019-03-01,SPY,-4.44286513106491,0.0117621899799405,-5.219585030084519,0.005409573470987061,"GARCH(1,1)",1,val
2019-03-01,TLT,-5.545843177268433,0.003903650346726699,-5.089904239755806,0.0061586096088925395,"GARCH(1,1)",1,val
2019-03-04,GLD,-5.602464831598053,0.0036887603289168,-4.991346435764588,0.006796507268346709,"GARCH(1,1)",1,val
2019-03-04,SPY,-5.738765862427215,0.0032187381908302987,-5.244604334844822,0.00527590877496181,"GARCH(1,1)",1,val
2019-03-04,TLT,-6.200344449135496,0.0020287317210448,-5.099214688327892,0.006101536292223405,"GARCH(1,1)",1,val
2019-03-05,GLD,-6.208735188384667,0.0020117803787675997,-4.883921852351616,0.007567278008500374,"GARCH(1,1)",1,val
2019-03-05,SPY,-5.5711422425520185,0.0038061304245534007,-5.191125256411033,0.0055657404048494495,"GARCH(1,1)",1,val
2019-03-05,TLT,-5.743465684107659,0.0032036461879383013,-5.053029980976901,0.0063899426795020085,"GARCH(1,1)",1,val
2019-03-06,GLD,-5.867242962678292,0.002830666839708001,-4.900178052693506,0.007445257304782765,"GARCH(1,1)",1,val
2019-03-06,SPY,-5.071510461272452,0.006272937951523802,-5.184698880560827,0.005601623118988291,"GARCH(1,1)",1,val
2019-03-06,TLT,-5.7676587301207745,0.0031270702656853995,-5.042002138184476,0.0064607999461251935,"GARCH(1,1)",1,val
2019-03-07,GLD,-5.8384243737440045,0.0029134294872691004,-4.9178704621136635,0.0073146911847483285,"GARCH(1,1)",1,val
2019-03-07,SPY,-5.3779853591398545,0.004617114393674698,-5.223042437463195,0.005390902666640049,"GARCH(1,1)",1,val
2019-03-07,TLT,-5.444095364706582,0.0043217478454128004,-5.055896592002373,0.0063716514288408525,"GARCH(1,1)",1,val
2019-03-08,GLD,-5.716010278237129,0.0032928221740776992,-4.9356548889740575,0.00718575353388894,"GARCH(1,1)",1,val
2019-03-08,SPY,-5.31951872026721,0.004895109075190602,-5.134399341553362,0.005890588674633011,"GARCH(1,1)",1,val
2019-03-08,TLT,-6.042644119939632,0.0023752701040533,-5.065527879174678,0.006310578800279183,"GARCH(1,1)",1,val
2019-03-11,GLD,-5.8547463703683,0.0028662624780282993,-4.953135421233506,0.00706123423995225,"GARCH(1,1)",1,val
2019-03-11,SPY,-5.8310976798911485,0.002934853681602399,-4.997344421250551,0.0067558639273287745,"GARCH(1,1)",1,val
2019-03-11,TLT,-5.500918170827949,0.004083020806272802,-5.062315194161821,0.006330885303947429,"GARCH(1,1)",1,val
2019-03-12,GLD,-6.140134257148243,0.002154634323818301,-4.920624556196382,0.00729457355268129,"GARCH(1,1)",1,val
2019-03-12,SPY,-5.32481018009789,0.0048692752118555,-5.055062710199646,0.006376966848928714,"GARCH(1,1)",1,val
2019-03-12,TLT,-6.3350870204038605,0.0017729915454452005,-5.069934190844513,0.0062828335951693945,"GARCH(1,1)",1,val
2019-03-13,GLD,-6.010850811010598,0.0024520011031491005,-4.928942837553989,0.007234146908827581,"GARCH(1,1)",1,val
2019-03-13,SPY,-5.841445359268532,0.0029046413400777003,-4.790078066647197,0.008311808481574407,"GARCH(1,1)",1,val
2019-03-13,TLT,-5.777395582711109,0.0030967701965084007,-5.080946129464749,0.006214026959786635,"GARCH(1,1)",1,val
2019-03-14,GLD,-5.8866045789183365,0.0027763877160688994,-4.9315392470922,0.007215388463633785,"GARCH(1,1)",1,val
2019-03-14,SPY,-5.424193300541288,0.004408621160011502,-4.867314414849639,0.0076940004601196415,"GARCH(1,1)",1,val
2019-03-14,TLT,-5.745898387096,0.003195862140260201,-5.073901787863917,0.006257955229624176,"GARCH(1,1)",1,val
2019-03-15,GLD,-5.945294229326084,0.0026181319038395,-4.929120840057284,0.007232859327168383,"GARCH(1,1)",1,val
2019-03-15,SPY,-5.827558291932292,0.0029452596719393,-4.894338921283438,0.0074888583126916045,"GARCH(1,1)",1,val
2019-03-15,TLT,-6.237632950419958,0.0019544763942999995,-5.087320658296427,0.006174541450236638,"GARCH(1,1)",1,val
2019-03-18,GLD,-6.252775527111327,0.001925103537236601,-4.893630246114596,0.007494167361594157,"GARCH(1,1)",1,val
2019-03-18,SPY,-4.967697643385966,0.0069591520539562975,-4.973858291763051,0.00691641095676614,"GARCH(1,1)",1,val
2019-03-18,TLT,-5.539535471544198,0.0039283512454662,-5.077319542869079,0.006236603579953953,"GARCH(1,1)",1,val
2019-03-19,GLD,-4.626384977144588,0.009790086595822303,-4.903750337576038,0.0074187081734298855,"GARCH(1,1)",1,val
2019-03-19,SPY,-4.845698420798446,0.007862124465754,-5.049461741736648,0.006412784251575332,"GARCH(1,1)",1,val
2019-03-19,TLT,-5.433289536334507,0.0043687011386338995,-5.072880881931631,0.006264347275525696,"GARCH(1,1)",1,val
2019-03-20,GLD,-5.060437991272355,0.006342780821789899,-4.9217120439794755,0.0072866451048863015,"GARCH(1,1)",1,val
2019-03-20,SPY,-4.9440593910296045,0.0071256139292577006,-5.097008752404221,0.006115010746747584,"GARCH(1,1)",1,val
2019-03-20,TLT,-6.20820780835329,0.0020128416313839994,-5.0878818542351025,0.006171077294777488,"GARCH(1,1)",1,val
2019-03-21,GLD,-5.882588537808003,0.0027875602228818004,-4.936306233809709,0.0071810746543818,"GARCH(1,1)",1,val
2019-03-21,SPY,-4.88000581027391,0.007596969886973404,-5.159123504374714,0.005746734466469738,"GARCH(1,1)",1,val
2019-03-21,TLT,-5.097475120291492,0.006112159567006001,-5.1003793177070245,0.006094434400138453,"GARCH(1,1)",1,val
2019-03-22,GLD,-5.780793332587795,0.003086266001374601,-4.936440802743699,0.007180108369838051,"GARCH(1,1)",1,val
2019-03-22,SPY,-5.043104748141102,0.006453680129688399,-5.173932501230162,0.005662258142479007,"GARCH(1,1)",1,val
2019-03-22,TLT,-4.8310044184474465,0.0079785034839432,-5.065417200923105,0.006311277282759911,"GARCH(1,1)",1,val
2019-03-25,GLD,-6.059272181510476,0.002336100526096199,-4.947246135658858,0.007102942560456174,"GARCH(1,1)",1,val
2019-03-25,SPY,-5.022236557418046,0.0065897718123481015,-4.966964588957641,0.006964255361459391,"GARCH(1,1)",1,val
2019-03-25,TLT,-5.642177650654816,0.003545139918037901,-5.07865338835911,0.006228290459837124,"GARCH(1,1)",1,val
2019-03-26,GLD,-5.778666249893825,0.0030928377312037006,-4.962175137050037,0.006997690331262034,"GARCH(1,1)",1,val
2019-03-26,SPY,-4.697223368964511,0.009120566423683196,-4.537330905435561,0.010701932937812287,"GARCH(1,1)",1,val
2019-03-26,TLT,-5.372826379241745,0.004640995542235099,-4.993538576718387,0.006781624684741317,"GARCH(1,1)",1,val
2019-03-27,GLD,-5.734791776466146,0.0032315551841348004,-4.954121758627829,0.007054272914243613,"GARCH(1,1)",1,val
2019-03-27,SPY,-5.232081072394726,0.005342395813590998,-4.641697942228814,0.009641313328635699,"GARCH(1,1)",1,val
2019-03-27,TLT,-5.6587176938632435,0.0034869854153927985,-5.008935983174445,0.006678005037125338,"GARCH(1,1)",1,val
2019-03-28,GLD,-5.865837221514844,0.0028346488227675997,-4.9608012485460975,0.007007310984901699,"GARCH(1,1)",1,val
2019-03-28,SPY,-5.458905090085117,0.0042582155557447,-4.6915440304755665,0.009172512577884283,"GARCH(1,1)",1,val
2019-03-28,TLT,-5.891275106532667,0.0027634507553061993,-5.024630664244219,0.00657401406506103,"GARCH(1,1)",1,val
2019-03-29,GLD,-5.666102524684254,0.0034613294670409003,-4.966109275545154,0.006970214530593382,"GARCH(1,1)",1,val
2019-03-29,SPY,-5.626446346829242,0.0036013505653607015,-4.745315753951655,0.008692316939012894,"GARCH(1,1)",1,val
2019-03-29,TLT,-5.340424009503651,0.004793837646586601,-5.006874247967302,0.006691787518254996,"GARCH(1,1)",1,val
2019-04-01,GLD,-6.5845102741806985,0.0013816038090088997,-4.900495083958357,0.007442897299559776,"GARCH(1,1)",1,val
2019-04-01,SPY,-5.871788804372497,0.0028178282795055004,-4.825849572269027,0.008019737628665976,"GARCH(1,1)",1,val
2019-04-01,TLT,-5.907894660811932,0.0027179029757671003,-5.018228969769351,0.006616233889601225,"GARCH(1,1)",1,val
2019-04-02,GLD,-6.275693878988595,0.0018814850777738993,-4.918172471734166,0.007312482411191752,"GARCH(1,1)",1,val
2019-04-02,SPY,-5.391129950806876,0.004556821441525099,-4.865154017411853,0.00771064052710701,"GARCH(1,1)",1,val
2019-04-02,TLT,-5.8696195546744585,0.0028239474872951992,-5.03349737867732,0.0065159818175510266,"GARCH(1,1)",1,val
2019-04-03,GLD,-5.228357230994792,0.0053623271358055995,-4.929816413327569,0.007227830092855924,"GARCH(1,1)",1,val
2019-04-03,SPY,-5.66382196408634,0.0034692322465985003,-4.769528676786914,0.008484378102065896,"GARCH(1,1)",1,val
2019-04-03,TLT,-6.125410282268907,0.0021865938134504,-4.942216328837257,0.007138758988748046,"GARCH(1,1)",1,val
2019-04-04,GLD,-5.92256127757979,0.0026783314340769,-4.941589361065777,0.0071432361639379716,"GARCH(1,1)",1,val
2019-04-04,SPY,-6.164024546453845,0.002103769493449201,-4.861623769921779,0.007737909100561313,"GARCH(1,1)",1,val
2019-04-04,TLT,-5.9271964822430245,0.002665945547459699,-4.958023422096177,0.007026803139075116,"GARCH(1,1)",1,val
2019-04-05,GLD,-5.911202797910715,0.0027089266357700004,-4.958046170712126,0.0070266432908473305,"GARCH(1,1)",1,val
2019-04-05,SPY,-5.6623021161522304,0.0034745089609474005,-4.945731777406938,0.007113707108769619,"GARCH(1,1)",1,val
2019-04-05,TLT,-6.1464187504123275,0.0021411359984174,-4.946513735844859,0.007108146659774356,"GARCH(1,1)",1,val
2019-04-08,GLD,-6.347590359380824,0.0017509612443159994,-4.972211546688512,0.006927809905448037,"GARCH(1,1)",1,val
2019-04-08,SPY,-5.720633303907698,0.003277634506177299,-5.016469604989609,0.006627884504316476,"GARCH(1,1)",1,val
2019-04-08,TLT,-5.803009297248184,0.0030184576280421005,-4.9605001490483325,0.007009421200396406,"GARCH(1,1)",1,val
2019-04-09,GLD,-5.832313521490892,0.0029312875327824994,-4.988612507267024,0.006815113856202567,"GARCH(1,1)",1,val
2019-04-09,SPY,-6.030583332930084,0.0024040911839566005,-5.0500235949067225,0.006409182220415651,"GARCH(1,1)",1,val
2019-04-09,TLT,-6.037075246828979,0.002388534581682499,-4.976372897673424,0.006899040757651363,"GARCH(1,1)",1,val
2019-04-10,GLD,-5.366235313657444,0.004671685677473802,-4.9964992015310985,0.00676157653060447,"GARCH(1,1)",1,val
2019-04-10,SPY,-5.882442531453984,0.0027879672541003997,-5.118187968687455,0.005986861452553345,"GARCH(1,1)",1,val
2019-04-10,TLT,-5.836981321073966,0.0029176367543935996,-4.987471986102962,0.006822891071987614,"GARCH(1,1)",1,val
2019-04-11,GLD,-5.850219401897226,0.0028792673720591994,-5.000318738128857,0.006735799700697757,"GARCH(1,1)",1,val
2019-04-11,SPY,-5.223287917435755,0.0053895794704171,-5.090102473648883,0.0061573888847322785,"GARCH(1,1)",1,val
2019-04-11,TLT,-6.114571349407792,0.0022104230655278006,-4.999733791333967,0.006739740937738306,"GARCH(1,1)",1,val
2019-04-12,GLD,-5.611014762508226,0.003657356126149501,-5.0122800244493195,0.006655710809831141,"GARCH(1,1)",1,val
2019-04-12,SPY,-5.794158591523004,0.0030452916832446005,-5.134591628690721,0.005889456099092748,"GARCH(1,1)",1,val
2019-04-12,TLT,-6.742551654447298,0.0011796332965388,-5.013259970943156,0.006649191764038776,"GARCH(1,1)",1,val
2019-04-15,GLD,-5.993361792295731,0.0024952613836106002,-4.954672907826314,0.007050386028606375,"GARCH(1,1)",1,val
2019-04-15,SPY,-5.7237315001601425,0.0032674954657121993,-5.1898850280546736,0.00557264747621121,"GARCH(1,1)",1,val
2019-04-15,TLT,-6.038150804370542,0.0023859669563618007,-5.014539478508332,0.0066406895133813496,"GARCH(1,1)",1,val
2019-04-16,GLD,-6.459010871070652,0.0015663442608315995,-4.971424681071122,0.00693326330613182,"GARCH(1,1)",1,val
2019-04-16,SPY,-5.464501147862746,0.004234452886113598,-5.136390216066807,0.005878872917941894,"GARCH(1,1)",1,val
2019-04-16,TLT,-5.9618332398972,0.002575186707064299,-5.009341201605354,0.006675299534599359,"GARCH(1,1)",1,val
2019-04-17,GLD,-6.123456860191709,0.0021908693286628003,-4.986806565206104,0.006827432677155815,"GARCH(1,1)",1,val
2019-04-17,SPY,-5.5087666507590685,0.004051100725326401,-5.188828364924147,0.005578538999468274,"GARCH(1,1)",1,val
2019-04-17,TLT,-6.3292826970650555,0.0017833124857130002,-5.022434011814126,0.0065884707613879335,"GARCH(1,1)",1,val
2019-04-18,GLD,-6.669839337135727,0.0012686025519547995,-4.968084803620086,0.0069564582685147595,"GARCH(1,1)",1,val
2019-04-18,SPY,-6.045550904447865,0.0023683757307950996,-5.239867819499964,0.005300957472773535,"GARCH(1,1)",1,val
2019-04-18,TLT,-6.362809644125405,0.0017245146263431997,-5.021519396683525,0.006594499432970688,"GARCH(1,1)",1,val
2019-04-22,GLD,-5.794976769924243,0.0030428011103693013,-4.983523101515686,0.006849887148496981,"GARCH(1,1)",1,val
2019-04-22,SPY,-5.373964159161455,0.0046357181135452015,-5.249695436565121,0.00524911684481132,"GARCH(1,1)",1,val
2019-04-22,TLT,-6.332711082463095,0.0017772090716329004,-5.036770338011053,0.00649469013645287,"GARCH(1,1)",1,val
2019-04-23,GLD,-5.688116196190648,0.003385965459862899,-4.999938985782777,0.006738358122189353,"GARCH(1,1)",1,val
2019-04-23,SPY,-6.053378586624082,0.0023499092076285995,-5.286578447748209,0.005059040451541893,"GARCH(1,1)",1,val
2019-04-23,TLT,-6.385201274912251,0.0016863290457152004,-5.040874322480594,0.006468090648275471,"GARCH(1,1)",1,val
2019-04-24,GLD,-5.676347532053093,0.0034260491532675,-5.016449965465996,0.006628014674088939,"GARCH(1,1)",1,val
2019-04-24,SPY,-5.305099752682752,0.0049662028116751016,-5.3233023488414455,0.004876622795282046,"GARCH(1,1)",1,val
2019-04-24,TLT,-5.830071586820504,0.002937866660162301,-5.045963400237606,0.006435257647734374,"GARCH(1,1)",1,val
2019-04-25,GLD,-5.968232904995112,0.0025587589965646003,-5.030811012538169,0.006533509663033422,"GARCH(1,1)",1,val
2019-04-25,SPY,-5.365001520626622,0.004677453127893301,-5.135852796240813,0.005882033189922841,"GARCH(1,1)",1,val
2019-04-25,TLT,-6.21697254306161,0.0019952766969159996,-5.059175446892699,0.006350793921450395,"GARCH(1,1)",1,val
2019-04-26,GLD,-6.584751407434926,0.0013812706985499995,-5.042538440112651,0.006457335935617322,"GARCH(1,1)",1,val
2019-04-26,SPY,-6.039334961279213,0.0023831432692808002,-5.169561421124365,0.0056870624978182065,"GARCH(1,1)",1,val
2019-04-26,TLT,-5.92594525515402,0.002669283338478299,-5.046402510878354,0.0064324324779517494,"GARCH(1,1)",1,val
2019-04-29,GLD,-5.984815097444346,0.002516679015841799,-5.058164568313368,0.0063572170489413615,"GARCH(1,1)",1,val
2019-04-29,SPY,-5.162222329450815,0.005728953905252302,-5.2180013488257835,0.005418147298423768,"GARCH(1,1)",1,val
2019-04-29,TLT,-5.802786818807128,0.0030191292444969008,-5.0603999047640995,0.006343022400764453,"GARCH(1,1)",1,val
2019-04-30,GLD,-4.915854622495214,0.007329451301050597,-5.050853108140937,0.0064038679233879075,"GARCH(1,1)",1,val
2019-04-30,SPY,-5.419760456348276,0.004428207269733802,-5.216131478019581,0.005428288011838099,"GARCH(1,1)",1,val
2019-04-30,TLT,-5.353818005960087,0.004730057093895701,-5.070410851141572,0.006279839531473879,"GARCH(1,1)",1,val
2019-05-01,GLD,-5.775186547316639,0.0031036186329153,-5.056789407916363,0.0063659652557774005,"GARCH(1,1)",1,val
2019-05-01,SPY,-4.872997060109443,0.0076504021789834025,-5.261428595056438,0.005187888031050439,"GARCH(1,1)",1,val
2019-05-01,TLT,-5.521696831411309,0.003999056457105402,-5.066698378415978,0.006303196593857644,"GARCH(1,1)",1,val
2019-05-02,GLD,-5.660164966473602,0.003481942447063601,-5.067589886681535,0.006297579746099908,"GARCH(1,1)",1,val
2019-05-02,SPY,-4.979253394211406,0.006879196688740402,-5.302236228851223,0.0049804440320843305,"GARCH(1,1)",1,val
2019-05-02,TLT,-5.8371802862530435,0.0029170563040209004,-5.070375975543023,0.006280058548455487,"GARCH(1,1)",1,val
2019-05-03,GLD,-5.73396027335318,0.003234243349784301,-5.060523621890617,0.006342237708800512,"GARCH(1,1)",1,val
2019-05-03,SPY,-4.889517422920481,0.007525053017022803,-5.123542239461816,0.005954891838608543,"GARCH(1,1)",1,val
2019-05-03,TLT,-6.194979516934242,0.0020396449774472006,-5.083435057926034,0.0061985799224868465,"GARCH(1,1)",1,val
2019-05-06,GLD,-5.873845980071216,0.002812037470044199,-5.068911144798885,0.006289264512235512,"GARCH(1,1)",1,val
2019-05-06,SPY,-4.483307620589608,0.0112959884514459,-5.160648889390398,0.005737975166176605,"GARCH(1,1)",1,val
2019-05-06,TLT,-5.599469857572777,0.0036998246306651017,-5.087345630397054,0.006174387260891445,"GARCH(1,1)",1,val
2019-05-07,GLD,-5.768433787231159,0.0031246475466354,-5.065695823077429,0.006309519066037291,"GARCH(1,1)",1,val
2019-05-07,SPY,-5.0700418646114676,0.0062821571352282,-5.015094246887327,0.006637006490531368,"GARCH(1,1)",1,val
2019-05-07,TLT,-5.448411197610445,0.004303136095350202,-5.09844864494698,0.00610621212442996,"GARCH(1,1)",1,val
2019-05-08,GLD,-5.458972909275435,0.004257926776805998,-5.080568426622147,0.006216374458733958,"GARCH(1,1)",1,val
2019-05-08,SPY,-4.657315281361602,0.009491911336088397,-5.035315466302777,0.006504145954219399,"GARCH(1,1)",1,val
2019-05-08,TLT,-5.197751305535236,0.005528983446702503,-5.109625193586419,0.006038345710219216,"GARCH(1,1)",1,val
2019-05-09,GLD,-5.991417053644974,0.002500118736477101,-5.090045203677311,0.006157741528316508,"GARCH(1,1)",1,val
2019-05-09,SPY,-4.164569618300236,0.015536400043679597,-4.644701714969226,0.009612396466061369,"GARCH(1,1)",1,val
2019-05-09,TLT,-5.336242222253595,0.004813926429970099,-5.09705292566882,0.006114740632725794,"GARCH(1,1)",1,val
2019-05-10,GLD,-5.811639357267097,0.0029925202391390994,-5.10239949883876,0.006082134966479567,"GARCH(1,1)",1,val
2019-05-10,SPY,-4.798015071580494,0.008246098730913302,-4.741457879836929,0.008725915571504959,"GARCH(1,1)",1,val
2019-05-10,TLT,-5.665718357681941,0.0034626594510578997,-5.102439585887043,0.006081891156528341,"GARCH(1,1)",1,val
2019-05-13,GLD,-5.79656953107356,0.0030379585125501997,-5.114488933512167,0.0060090480729024336,"GARCH(1,1)",1,val
2019-05-13,SPY,-4.894072649122035,0.007490852652687797,-4.81733359922557,0.008088325128269267,"GARCH(1,1)",1,val
2019-05-13,TLT,-6.021647008127268,0.0024256712030509006,-5.1093354037201895,0.006040095815183924,"GARCH(1,1)",1,val
2019-05-14,GLD,-5.903918751859282,0.002728730621143499,-5.1277376502229846,0.005929960955523184,"GARCH(1,1)",1,val
2019-05-14,SPY,-4.83625207162845,0.0079367447283183,-4.877727006367189,0.007614301631954933,"GARCH(1,1)",1,val
2019-05-14,TLT,-5.886124757721987,0.002777720205397101,-5.122795007709715,0.005959343185757527,"GARCH(1,1)",1,val
2019-05-15,GLD,-5.43215898240784,0.004373642983845502,-5.08201878723478,0.006207365009120377,"GARCH(1,1)",1,val
2019-05-15,SPY,-4.897251925094111,0.007467074982754403,-4.331915068293504,0.013142354867873771,"GARCH(1,1)",1,val
2019-05-15,TLT,-6.4290891874875955,0.0016139201439135003,-5.10802815961821,0.0060479968579843476,"GARCH(1,1)",1,val
2019-05-16,GLD,-5.571684451081945,0.003804067267552401,-5.0963056675375515,0.006119311630028948,"GARCH(1,1)",1,val
2019-05-16,SPY,-4.774553472849857,0.008441852762437002,-4.402995372016069,0.012240619725442487,"GARCH(1,1)",1,val
2019-05-16,TLT,-5.772828152334743,0.0031109468295193003,-5.118045042572345,0.005987717192554802,"GARCH(1,1)",1,val
2019-05-17,GLD,-6.346525200172376,0.0017528272904507008,-5.111890205085075,0.006024684265258256,"GARCH(1,1)",1,val
2019-05-17,SPY,-4.954218222339626,0.007053592465714099,-4.495228268535809,0.011162132360674697,"GARCH(1,1)",1,val
2019-05-17,TLT,-5.622450146875794,0.0036157710767549998,-5.114764813522223,0.006007390525312289,"GARCH(1,1)",1,val
2019-05-20,GLD,-5.890887477580892,0.0027645221564653994,-5.09737486015071,0.006112772403705702,"GARCH(1,1)",1,val
2019-05-20,SPY,-5.785253038009513,0.003072532809911201,-4.541965020248412,0.010652453686671648,"GARCH(1,1)",1,val
2019-05-20,TLT,-6.057300629395139,0.0023407108132474,-5.123445459961801,0.005955468177951793,"GARCH(1,1)",1,val
2019-05-21,GLD,-6.359342508038734,0.0017305041304490993,-5.084939315822397,0.0061892626692250235,"GARCH(1,1)",1,val
2019-05-21,SPY,-5.543451357248047,0.003912998350693599,-4.599336149036218,0.010058510880883107,"GARCH(1,1)",1,val
2019-05-21,TLT,-6.00286731359023,0.002471654996646199,-5.135627417896619,0.005883359022225011,"GARCH(1,1)",1,val
2019-05-22,GLD,-5.523603498771793,0.003991438851114001,-5.100873201175779,0.006091425202894369,"GARCH(1,1)",1,val
2019-05-22,SPY,-5.078229010461049,0.006230934169577298,-4.646664702997807,0.009593545954589779,"GARCH(1,1)",1,val
2019-05-22,TLT,-5.198306190873854,0.005525916345873799,-5.147544365480357,0.00581366344521811,"GARCH(1,1)",1,val
2019-05-23,GLD,-6.0782286448080995,0.002292233418441899,-5.113656296442844,0.006014053512647431,"GARCH(1,1)",1,val
2019-05-23,SPY,-5.332885708280454,0.004830111588958702,-4.6716205935333734,0.009357093188277257,"GARCH(1,1)",1,val
2019-05-23,TLT,-6.277830800851315,0.0018774687839581998,-5.160372864193994,0.005739559210506824,"GARCH(1,1)",1,val
2019-05-24,GLD,-6.10946448889701,0.0022217402608661996,-5.1288259816403095,0.005923510703354495,"GARCH(1,1)",1,val
2019-05-24,SPY,-4.865541568356235,0.007707652840066798,-4.753121173784957,0.008624733856269214,"GARCH(1,1)",1,val
2019-05-24,TLT,-5.535978058696435,0.003942350899167301,-5.157569818427533,0.005755670026782221,"GARCH(1,1)",1,val
2019-05-28,GLD,-5.909590242737233,0.0027132984533823,-5.1079486340783,0.006048477847325071,"GARCH(1,1)",1,val
2019-05-28,SPY,-5.022717349934381,0.006586604260904903,-4.6470991590472135,0.00958937888578422,"GARCH(1,1)",1,val
2019-05-28,TLT,-5.50895691903113,0.004050330002715801,-5.109108575448269,0.0060414660350763495,"GARCH(1,1)",1,val
2019-05-29,GLD,-5.626956732751212,0.0035995129557169986,-5.122990986346045,0.005958175396241191,"GARCH(1,1)",1,val
2019-05-29,SPY,-5.176001395553561,0.005650555638546599,-4.744445926584941,0.008699881043422189,"GARCH(1,1)",1,val
2019-05-29,TLT,-5.114293788971062,0.006010220820254999,-5.1234519281477695,0.005955429657000671,"GARCH(1,1)",1,val
2019-05-30,GLD,-5.338114161535965,0.0048049234810991995,-5.129658513439463,0.005918581244581635,"GARCH(1,1)",1,val
2019-05-30,SPY,-5.4415097050132495,0.004332936873897599,-4.712223328274562,0.00898477924550332,"GARCH(1,1)",1,val
2019-05-30,TLT,-5.5514611082352445,0.0038817813952076,-5.11348359573791,0.006015092233619917,"GARCH(1,1)",1,val
2019-05-31,GLD,-5.052509028233947,0.006393272404907699,-5.1452216406071,0.0058271826805610825,"GARCH(1,1)",1,val
2019-05-31,SPY,-4.739383222700528,0.008744037646563096,-4.739467693699923,0.008743299060159354,"GARCH(1,1)",1,val
2019-05-31,TLT,-5.3145214053451015,0.004919632701924301,-5.123960306633243,0.0059524028141473865,"GARCH(1,1)",1,val
2019-06-03,GLD,-5.4306059191123595,0.004380440805588601,-5.131388667106666,0.00590835004286447,"GARCH(1,1)",1,val
2019-06-03,SPY,-4.968315474288598,0.0069548538026942015,-4.828424449068981,0.007999114354893132,"GARCH(1,1)",1,val
2019-06-03,TLT,-5.091529926527781,0.006148605772473099,-5.1038413639327675,0.006073371667639931,"GARCH(1,1)",1,val
2019-06-04,GLD,-5.240929937876418,0.005295330217363599,-5.044598451282874,0.006444047443380593,"GARCH(1,1)",1,val
2019-06-04,SPY,-5.027003236994117,0.006558435226704401,-4.6580228753005475,0.009485197292846264,"GARCH(1,1)",1,val
2019-06-04,TLT,-5.469859300519022,0.004211824717861398,-5.05003802516081,0.006409089734955012,"GARCH(1,1)",1,val
2019-06-05,GLD,-5.616936514293217,0.003635762171105201,-4.962888763226582,0.00699269837767252,"GARCH(1,1)",1,val
2019-06-05,SPY,-5.01439502698435,0.006641648840388301,-4.744828853305406,0.008696550264268665,"GARCH(1,1)",1,val
2019-06-05,TLT,-5.014539908660978,0.006640686656871799,-5.056789355893116,0.006365965586955592,"GARCH(1,1)",1,val
2019-06-06,GLD,-5.2798530575684195,0.005093179141843302,-4.980675094248867,0.006869423483479616,"GARCH(1,1)",1,val
2019-06-06,SPY,-5.007785251961894,0.006685694049103698,-4.437059377845982,0.011830676969184491,"GARCH(1,1)",1,val
2019-06-06,TLT,-5.691981093645063,0.0033729043068432005,-5.0154352318809705,0.006634743756716444,"GARCH(1,1)",1,val
2019-06-07,GLD,-5.985608345100715,0.0025146834577011996,-4.995191511893092,0.0067704243580153905,"GARCH(1,1)",1,val
2019-06-07,SPY,-5.3646825752407805,0.0046789452179208995,-4.498867364680935,0.011121586108430923,"GARCH(1,1)",1,val
2019-06-07,TLT,-6.2806902755676655,0.0018721078777803996,-5.017611708041938,0.0066203190982526555,"GARCH(1,1)",1,val
2019-06-10,GLD,-5.919953395661587,0.0026853253218476997,-5.007421791388115,0.0066881244769544925,"GARCH(1,1)",1,val
2019-06-10,SPY,-5.042956032153814,0.006454639966470298,-4.576650330435766,0.01028930440613904,"GARCH(1,1)",1,val
2019-06-10,TLT,-6.09318471466667,0.0022582057099814995,-5.029429573152112,0.0065425415476753545,"GARCH(1,1)",1,val
2019-06-11,GLD,-5.6808937790142755,0.0034105088395336987,-5.009413571217463,0.006674816463241381,"GARCH(1,1)",1,val
2019-06-11,SPY,-5.658543371656854,0.0034875933273687985,-4.598268695081004,0.010069253610771147,"GARCH(1,1)",1,val
2019-06-11,TLT,-6.210073726883972,0.0020090893347132995,-5.015728228281223,0.00663280008543738,"GARCH(1,1)",1,val
2019-06-12,GLD,-5.637821599608809,0.0035606164122129994,-4.979818016146299,0.0068753136397259745,"GARCH(1,1)",1,val
2019-06-12,SPY,-5.7133429021622755,0.0033016170936279996,-4.6845190650833395,0.009237176024612437,"GARCH(1,1)",1,val
2019-06-12,TLT,-6.2521352994437285,0.0019263364364100993,-4.995103634880162,0.006771019348826863,"GARCH(1,1)",1,val
2019-06-13,GLD,-4.971137928741493,0.0069352517206144005,-4.9965675856505305,0.00676111416195697,"GARCH(1,1)",1,val
2019-06-13,SPY,-5.594882924954568,0.0037168344585886007,-4.780935057399425,0.008388151895834308,"GARCH(1,1)",1,val
2019-06-13,TLT,-5.854028564412636,0.0028683206368964992,-5.010999792755809,0.006664237118413415,"GARCH(1,1)",1,val
2019-06-14,GLD,-5.752126949294908,0.003176018377349399,-5.001170318871191,0.0067300660650617666,"GARCH(1,1)",1,val
2019-06-14,SPY,-5.984304231080562,0.0025179650309624002,-4.863399426971203,0.007724181419153131,"GARCH(1,1)",1,val
2019-06-14,TLT,-5.783365353924265,0.003078338258900801,-5.026530805163619,0.006561534372273626,"GARCH(1,1)",1,val
2019-06-17,GLD,-4.929872678130817,0.007227423431858299,-5.000833454351011,0.0067323335674366585,"GARCH(1,1)",1,val
2019-06-17,SPY,-5.139664621306874,0.005859654587126401,-4.929212378175364,0.007232197275139202,"GARCH(1,1)",1,val
2019-06-17,TLT,-5.403085375025316,0.004502667072364201,-5.0374858260892985,0.0064900449250831806,"GARCH(1,1)",1,val
2019-06-18,GLD,-5.375575160647715,0.0046282559771447015,-5.01781825534713,0.006618951830391003,"GARCH(1,1)",1,val
2019-06-18,SPY,-5.267483066883194,0.0051565730027629,-5.00324437632549,0.006716121986779969,"GARCH(1,1)",1,val
2019-06-18,TLT,-5.260043489473211,0.005195078782552801,-5.050388138373275,0.006406846220723834,"GARCH(1,1)",1,val
2019-06-19,GLD,-5.085151666157899,0.006187948516755999,-5.034390520150204,0.006510164722084514,"GARCH(1,1)",1,val
2019-06-19,SPY,-4.8769399757113066,0.007620296679596101,-5.076917519133874,0.006239111346677257,"GARCH(1,1)",1,val
2019-06-19,TLT,-5.320861250147067,0.0048885416544576996,-5.064369601494456,0.006317892437646622,"GARCH(1,1)",1,val
2019-06-20,GLD,-5.145408865894933,0.0058260917867311,-5.038274618179816,0.006484927647478549,"GARCH(1,1)",1,val
2019-06-20,SPY,-5.469143364361663,0.0042148411951391015,-4.941095185374105,0.007146767049977229,"GARCH(1,1)",1,val
2019-06-20,TLT,-5.660946756353267,0.0034792213634933,-5.068985711016363,0.006288795563054217,"GARCH(1,1)",1,val
2019-06-21,GLD,-5.203218667491425,0.005498836978870199,-5.03664396944456,0.0064955109129943124,"GARCH(1,1)",1,val
2019-06-21,SPY,-6.049104488042098,0.0023599744458282996,-5.015310794667623,0.00663556941711118,"GARCH(1,1)",1,val
2019-06-21,TLT,-6.166448120255159,0.0020986770262984996,-5.083117562524744,0.006200548255558583,"GARCH(1,1)",1,val
2019-06-24,GLD,-4.432796692223759,0.011881215063280604,-4.806278344026261,0.008178239725337315,"GARCH(1,1)",1,val
2019-06-24,SPY,-5.496414660830028,0.004101450198623801,-4.932844462234355,0.007205976972700864,"GARCH(1,1)",1,val
2019-06-24,TLT,-6.233025320562571,0.0019635026770056002,-5.095019779712765,0.0061271854396831105,"GARCH(1,1)",1,val
2019-06-25,GLD,-5.105857465167016,0.0060611394703421,-4.812024568829172,0.008131380482193454,"GARCH(1,1)",1,val
2019-06-25,SPY,-5.548324842177919,0.0038939748053337993,-4.921594563329935,0.007287501194972216,"GARCH(1,1)",1,val
2019-06-25,TLT,-5.862472046193946,0.0028442039814041997,-5.054009944366335,0.00638368383683473,"GARCH(1,1)",1,val
2019-06-26,GLD,-5.772509453669347,0.0031119384421263996,-4.763190958629522,0.00853832045437343,"GARCH(1,1)",1,val
2019-06-26,SPY,-5.874835293622992,0.002809256858941899,-4.994743552301636,0.006773457913949297,"GARCH(1,1)",1,val
2019-06-26,TLT,-5.263693283254123,0.005176152376071101,-5.046591102375056,0.006431219490266475,"GARCH(1,1)",1,val
2019-06-27,GLD,-5.567991573890865,0.0038181411914401,-4.78281023404038,0.008372437367701227,"GARCH(1,1)",1,val
2019-06-27,SPY,-5.62381647315279,0.003610834127231201,-4.864582436476773,0.0077150490420210705,"GARCH(1,1)",1,val
2019-06-27,TLT,-5.751572031800445,0.0031777812946012993,-5.05800246668102,0.006358247647730798,"GARCH(1,1)",1,val
2019-06-28,GLD,-5.34670091809936,0.004763841406172498,-4.77640388616721,0.00842624628932818,"GARCH(1,1)",1,val
2019-06-28,SPY,-5.1475544239698365,0.005813604968839601,-4.944738697274817,0.007120775098924493,"GARCH(1,1)",1,val
2019-06-28,TLT,-5.114397571641267,0.006009597095856201,-5.054595270792036,0.006379948391325845,"GARCH(1,1)",1,val
2019-07-01,GLD,-4.762356193339218,0.0085454509236463,-4.796308180686697,0.008260185940991517,"GARCH(1,1)",1,val
2019-07-01,SPY,-5.528251969780324,0.003972927820659099,-5.006909105952939,0.0066915542600872735,"GARCH(1,1)",1,val
2019-07-01,TLT,-5.585920579632953,0.0037502957342862983,-5.0495620336529,0.0064121411334045475,"GARCH(1,1)",1,val
2019-07-02,GLD,-5.3813612831615165,0.004601553647010199,-4.813748713497559,0.008117372884920536,"GARCH(1,1)",1,val
2019-07-02,SPY,-5.946661349823179,0.0026145550476035007,-5.036286808086989,0.006497831272836885,"GARCH(1,1)",1,val
2019-07-02,TLT,-5.956443280289599,0.0025891043334251994,-5.0643227100068895,0.006318188699967346,"GARCH(1,1)",1,val
2019-07-03,GLD,-4.898815998358476,0.007455405059097702,-4.718312669319542,0.008930234101001931,"GARCH(1,1)",1,val
2019-07-03,SPY,-5.135896348222693,0.0058817770212983,-4.961141348639233,0.007004928202998249,"GARCH(1,1)",1,val
2019-07-03,TLT,-5.364070625855842,0.0046818093718384015,-5.070607603830751,0.006278604077701864,"GARCH(1,1)",1,val
2019-07-05,GLD,-5.5636880579129535,0.0038346080303013,-4.624322902135615,0.009810295317516331,"GARCH(1,1)",1,val
2019-07-05,SPY,-5.331525210016347,0.0048366874195797,-5.030542561299042,0.00653526382724155,"GARCH(1,1)",1,val
2019-07-05,TLT,-5.9880674224457415,0.0025085072535746002,-5.060744102720758,0.0063408395211079814,"GARCH(1,1)",1,val
2019-07-08,GLD,-5.335368557238096,0.004818134026826597,-4.6464633608751065,0.009595477733964256,"GARCH(1,1)",1,val
2019-07-08,SPY,-5.678176780141478,0.0034197877879444004,-4.988550056713611,0.0068155394771244535,"GARCH(1,1)",1,val
2019-07-08,TLT,-5.849176137641094,0.0028822727762351013,-5.055007515860194,0.006377318831115269,"GARCH(1,1)",1,val
2019-07-09,GLD,-4.972151168702028,0.006928228205288798,-4.637857448375019,0.009678411926086107,"GARCH(1,1)",1,val
2019-07-09,SPY,-5.421147229624422,0.004422070606294801,-5.054970581103378,0.0063775543801853855,"GARCH(1,1)",1,val
2019-07-09,TLT,-5.439698676164083,0.004340791057507702,-4.996695375733596,0.006760250213819775,"GARCH(1,1)",1,val
2019-07-10,GLD,-5.205112814286754,0.005488431232545301,-4.6498880326870715,0.009562672577356568,"GARCH(1,1)",1,val
2019-07-10,SPY,-5.724602768851559,0.0032646498390463004,-5.033217848445013,0.006517803486056043,"GARCH(1,1)",1,val
2019-07-10,TLT,-5.0038185970376485,0.0067122665574693985,-5.011862481804176,0.00665849043319325,"GARCH(1,1)",1,val
2019-07-11,GLD,-5.223141190104352,0.005390370327048901,-4.668753381761843,0.009383960454679142,"GARCH(1,1)",1,val
2019-07-11,SPY,-6.053567492621102,0.0023494653376129994,-5.101982374759866,0.006084672500621668,"GARCH(1,1)",1,val
2019-07-11,TLT,-5.53833073546695,0.003933086723863799,-5.027236480879978,0.0065569056901714174,"GARCH(1,1)",1,val
2019-07-12,GLD,-5.667186033689286,0.0034575811164465004,-4.630599731341276,0.009748910621516555,"GARCH(1,1)",1,val
2019-07-12,SPY,-6.181777893515826,0.0020667501246574003,-5.121128543837132,0.005969282495330867,"GARCH(1,1)",1,val
2019-07-12,TLT,-6.165201974869173,0.0021012939131636005,-5.029641299749399,0.006541156464250528,"GARCH(1,1)",1,val
2019-07-15,GLD,-5.287791308372801,0.005052908260078501,-4.635608620439422,0.009700201500516648,"GARCH(1,1)",1,val
2019-07-15,SPY,-5.851815891264596,0.0028746743196691005,-5.173241148241644,0.005666174115071272,"GARCH(1,1)",1,val
2019-07-15,TLT,-5.8528936287424,0.002871577844311799,-4.974409349669322,0.006912600663767859,"GARCH(1,1)",1,val
2019-07-16,GLD,-5.244131228826232,0.005278405429701399,-4.648246252378739,0.009578385279762416,"GARCH(1,1)",1,val
2019-07-16,SPY,-5.789190859089901,0.0030604575162189005,-5.184663407929057,0.005601821826826827,"GARCH(1,1)",1,val
2019-07-16,TLT,-5.875757605124345,0.0028066670435225012,-4.989984873030011,0.006805767442091734,"GARCH(1,1)",1,val
2019-07-17,GLD,-4.598818136520748,0.010063722665174598,-4.6698331645295905,0.009373833284442875,"GARCH(1,1)",1,val
2019-07-17,SPY,-5.29993901030774,0.004991898351970398,-5.235389668497228,0.0053247491924928655,"GARCH(1,1)",1,val
2019-07-17,TLT,-5.253749600337876,0.005227879145105501,-4.993786505107382,0.006779943535869338,"GARCH(1,1)",1,val
2019-07-18,GLD,-4.625278282071232,0.009800927233959596,-4.672968337033148,0.00934449072111018,"GARCH(1,1)",1,val
2019-07-18,SPY,-5.4657547311722565,0.0042291479724210004,-5.227954472610394,0.0053644872930009415,"GARCH(1,1)",1,val
2019-07-18,TLT,-6.117179693267787,0.002204665034823399,-5.0057660960349235,0.00669920714580244,"GARCH(1,1)",1,val
2019-07-19,GLD,-5.960878315847779,0.002577646989286999,-4.630094453985469,0.009753837769980834,"GARCH(1,1)",1,val
2019-07-19,SPY,-5.6799429751333905,0.0034137531066605986,-5.109199216944038,0.006040918452375522,"GARCH(1,1)",1,val
2019-07-19,TLT,-5.761224637365299,0.0031472549913933,-4.978952734508606,0.006881265296930315,"GARCH(1,1)",1,val
2019-07-22,GLD,-5.040975260026985,0.006467437808024197,-4.607214977494875,0.009979572976551597,"GARCH(1,1)",1,val
2019-07-22,SPY,-5.557137579168865,0.0038598089977848,-5.147106451146516,0.0058162098892943865,"GARCH(1,1)",1,val
2019-07-22,TLT,-5.589965577579782,0.003735156435599601,-4.994756245472084,0.0067733719378391295,"GARCH(1,1)",1,val
2019-07-23,GLD,-5.42420037975516,0.004408589950549899,-4.581073275043663,0.010243895876427819,"GARCH(1,1)",1,val
2019-07-23,SPY,-5.812308781009994,0.0029905176454066004,-5.098575446205583,0.006105437898134755,"GARCH(1,1)",1,val
2019-07-23,TLT,-6.15270418294864,0.0021277202386424,-5.007958773906026,0.00668453403512128,"GARCH(1,1)",1,val
2019-07-24,GLD,-5.295992533585255,0.0050116376874119,-4.603539416822567,0.01001632099592668,"GARCH(1,1)",1,val
2019-07-24,SPY,-5.519669049638353,0.004007173898316298,-5.152873038316336,0.00578276672710002,"GARCH(1,1)",1,val
2019-07-24,TLT,-5.330674916903358,0.0048408017705365005,-5.022052180026763,0.006590986929300621,"GARCH(1,1)",1,val
2019-07-25,GLD,-6.019881562229606,0.0024299573767160004,-4.6183534524596865,0.00986903252169082,"GARCH(1,1)",1,val
2019-07-25,SPY,-5.8923640214051956,0.0027604432304457,-5.099314027639075,0.006100930199915876,"GARCH(1,1)",1,val
2019-07-25,TLT,-5.939097511892994,0.0026344060986670994,-5.024869966977876,0.006572441073742227,"GARCH(1,1)",1,val
2019-07-26,GLD,-5.0443271351548375,0.006445796054584297,-4.63423443941749,0.009713540496325935,"GARCH(1,1)",1,val
2019-07-26,SPY,-5.959993366641519,0.0025799290855649006,-5.120885745938381,0.005970732000539076,"GARCH(1,1)",1,val
2019-07-26,TLT,-5.96558696249492,0.002565538290597301,-5.032896409283777,0.0065198989000977295,"GARCH(1,1)",1,val
2019-07-29,GLD,-5.54424127564197,0.003909908621798498,-4.643909721404623,0.009620012437705067,"GARCH(1,1)",1,val
2019-07-29,SPY,-5.631632063215005,0.0035827233222659985,-5.10161665071872,0.00608689821861213,"GARCH(1,1)",1,val
2019-07-29,TLT,-5.6534970642214715,0.0035052372764618014,-5.0381729983025405,0.006485586678514986,"GARCH(1,1)",1,val
2019-07-30,GLD,-4.664903473909967,0.009420157470594496,-4.664531763040348,0.009423659696387216,"GARCH(1,1)",1,val
2019-07-30,SPY,-4.409996285626333,0.012155223478873095,-5.075683767299892,0.0062468136121086905,"GARCH(1,1)",1,val
2019-07-30,TLT,-4.970288492015816,0.0069411452808766025,-5.051043626152201,0.0064026479874203235,"GARCH(1,1)",1,val
2019-07-31,GLD,-4.475123756872995,0.011388812593461898,-4.674720178422771,0.00932813498600975,"GARCH(1,1)",1,val
2019-07-31,SPY,-4.175021059193409,0.015374867869296007,-5.124208478500542,0.005950925778513009,"GARCH(1,1)",1,val
2019-07-31,TLT,-4.9432121351167195,0.007131653706049198,-5.06581324153894,0.006308778255508948,"GARCH(1,1)",1,val
2019-08-01,GLD,-5.120750905228676,0.0059715371525619,-4.692730002702181,0.009161640680876897,"GARCH(1,1)",1,val
2019-08-01,SPY,-4.915170975395264,0.0073344637723622985,-5.155662252786683,0.005766659823712418,"GARCH(1,1)",1,val
2019-08-01,TLT,-5.455423180716473,0.004273068119015899,-5.078110923814224,0.006231670003145177,"GARCH(1,1)",1,val
2019-08-02,GLD,-4.811963820756014,0.008131874462893903,-4.669725871389095,0.009374839086411308,"GARCH(1,1)",1,val
2019-08-02,SPY,-4.330450482402228,0.013161617077528503,-4.91171896629152,0.007359826158483845,"GARCH(1,1)",1,val
2019-08-02,TLT,-5.226997950336329,0.0053696209994465015,-5.0657905390704,0.006308921481974615,"GARCH(1,1)",1,val
2019-08-05,GLD,-5.401247660938271,0.004510949294919999,-4.565451847928014,0.010405176586923144,"GARCH(1,1)",1,val
2019-08-05,SPY,-4.786682238891689,0.008340081930225497,-4.8448447763616045,0.007868838789980978,"GARCH(1,1)",1,val
2019-08-05,TLT,-5.22187037503263,0.005397224845392801,-4.962028352452311,0.006998717559811142,"GARCH(1,1)",1,val
2019-08-06,GLD,-4.846882584464575,0.0078528199337547,-4.584694646576367,0.010206866013431279,"GARCH(1,1)",1,val
2019-08-06,SPY,-4.206348554438184,0.014900678138160303,-4.827057930778817,0.00801005276302943,"GARCH(1,1)",1,val
2019-08-06,TLT,-4.369611564051275,0.012656155719186794,-4.949460808861025,0.007087229270234904,"GARCH(1,1)",1,val
2019-08-07,GLD,-4.900022632124941,0.007446414540833002,-4.566808018389813,0.010391074958053734,"GARCH(1,1)",1,val
2019-08-07,SPY,-4.927005216175864,0.0072481775351617,-4.17988919131768,0.015300202868115766,"GARCH(1,1)",1,val
2019-08-07,TLT,-4.486172107273414,0.0112636775421244,-4.872238312261861,0.007656209107888656,"GARCH(1,1)",1,val
2019-08-08,GLD,-5.231317461052696,0.005346476885605999,-4.5756090135582435,0.010300024412968458,"GARCH(1,1)",1,val
2019-08-08,SPY,-4.771544364980274,0.008467293465732002,-4.219550037084216,0.014705259838056966,"GARCH(1,1)",1,val
2019-08-08,TLT,-4.830345926451289,0.007983758994794699,-4.871054842384005,0.0076652753645090315,"GARCH(1,1)",1,val
2019-08-09,GLD,-4.8869184607887695,0.007544635781261699,-4.5517532071814735,0.010548694116147226,"GARCH(1,1)",1,val
2019-08-09,SPY,-4.560543983193625,0.010456369306864497,-4.338922244366166,0.013050585969212018,"GARCH(1,1)",1,val
2019-08-09,TLT,-4.852140917408554,0.007811635567444803,-4.888427995685611,0.007533255481906448,"GARCH(1,1)",1,val
2019-08-12,GLD,-3.97604466265312,0.018759693703308107,-4.569117280610951,0.01036710692610262,"GARCH(1,1)",1,val
2019-08-12,SPY,-4.350144566976154,0.012904946816480498,-4.2592086079820906,0.01413348311114108,"GARCH(1,1)",1,val
2019-08-12,TLT,-4.854961976732111,0.007789629534851101,-4.904172841905697,0.007415574399169347,"GARCH(1,1)",1,val
2019-08-13,GLD,-4.781099871749133,0.008386769521955004,-4.588862752406511,0.010164411255120251,"GARCH(1,1)",1,val
2019-08-13,SPY,-4.789204154163683,0.008319075449651598,-4.344762472336263,0.012974589705768416,"GARCH(1,1)",1,val
2019-08-13,TLT,-5.421629210220608,0.004419939767620299,-4.9192756659001216,0.00730441977140337,"GARCH(1,1)",1,val
2019-08-14,GLD,-5.087621183954226,0.006172686120906701,-4.5911038978754055,0.010141656838394943,"GARCH(1,1)",1,val
2019-08-14,SPY,-4.818863137504816,0.008075963181815799,-4.355795366069048,0.012832229204522556,"GARCH(1,1)",1,val
2019-08-14,TLT,-4.318107708322498,0.013325074628306996,-4.811183107347086,0.008138225605215198,"GARCH(1,1)",1,val
2019-08-15,GLD,-5.020678128627286,0.006600049508914001,-4.605094985840461,0.010000752029752322,"GARCH(1,1)",1,val
2019-08-15,SPY,-4.588780179774468,0.010165250591963404,-4.337839090236151,0.013064729423691466,"GARCH(1,1)",1,val
2019-08-15,TLT,-4.815793582882583,0.008100790877419203,-4.825813746343339,0.008020024948337008,"GARCH(1,1)",1,val
2019-08-16,GLD,-5.381138164877302,0.0046025804523099,-4.616572336552356,0.009886626075933717,"GARCH(1,1)",1,val
2019-08-16,SPY,-5.532350605828981,0.0039566775601750995,-4.03806780339991,0.01763150706222056,"GARCH(1,1)",1,val
2019-08-16,TLT,-5.246568060413589,0.005265558503874002,-4.716447342425823,0.008946907452628834,"GARCH(1,1)",1,val
2019-08-19,GLD,-5.927548836365897,0.0026650063560284005,-4.628257988480565,0.009771766814582849,"GARCH(1,1)",1,val
2019-08-19,SPY,-5.376624272981147,0.004623402962840498,-4.159711203744648,0.015612065975188705,"GARCH(1,1)",1,val
2019-08-19,TLT,-5.614595861680677,0.0036442821946473998,-4.707958975096533,0.009023175326472616,"GARCH(1,1)",1,val
2019-08-20,GLD,-5.658874554081443,0.0034864384889963006,-4.6399476884475845,0.009658202849907798,"GARCH(1,1)",1,val
2019-08-20,SPY,-5.893571671002403,0.002757111594419701,-4.194031466824197,0.01508534604703429,"GARCH(1,1)",1,val
2019-08-20,TLT,-4.922548376911102,0.007280553591245799,-4.711901543167343,0.008987670878873498,"GARCH(1,1)",1,val
2019-08-21,GLD,-5.6139075380061305,0.0036467915038681004,-4.629258478999558,0.009761995143578244,"GARCH(1,1)",1,val
2019-08-21,SPY,-4.786510386982213,0.008341515312391598,-4.251965992554524,0.014236218079817689,"GARCH(1,1)",1,val
2019-08-21,TLT,-5.16168685546792,0.005732022432502703,-4.682058900868472,0.00925992897103106,"GARCH(1,1)",1,val
2019-08-22,GLD,-4.752856244993253,0.008627019099288497,-4.636872415482447,0.009687950177155446,"GARCH(1,1)",1,val
2019-08-22,SPY,-3.981390669658726,0.0186596718463381,-4.330503272695207,0.01316092229024608,"GARCH(1,1)",1,val
2019-08-22,TLT,-4.701742434547458,0.009079442975625403,-4.679142799241707,0.009286971274857114,"GARCH(1,1)",1,val
2019-08-23,GLD,-5.270067890130072,0.005143261384492901,-4.655600044899942,0.009508206179262471,"GARCH(1,1)",1,val
2019-08-23,SPY,-5.157770685308527,0.0057545140194016,-4.41094497954996,0.012143697360462086,"GARCH(1,1)",1,val
2019-08-23,TLT,-5.436322851647358,0.004355469568480299,-4.688863395258038,0.009197133723545296,"GARCH(1,1)",1,val
2019-08-26,GLD,-5.472824570383781,0.0041993540195804984,-4.674904386232986,0.009326416828944428,"GARCH(1,1)",1,val
2019-08-26,SPY,-4.864883585004577,0.007712726016165597,-4.523459480719367,0.010851418386000334,"GARCH(1,1)",1,val
2019-08-26,TLT,-5.451864531194544,0.004288301559997198,-4.698243173665443,0.009111269968259329,"GARCH(1,1)",1,val
2019-08-27,GLD,-5.304419391800486,0.0049695827714674005,-4.6091291674316075,0.009960488449918748,"GARCH(1,1)",1,val
2019-08-27,SPY,-4.92125756332902,0.007289957496745199,-4.196240464522958,0.015052059331006607,"GARCH(1,1)",1,val
2019-08-27,TLT,-5.459942074023149,0.004253802143323102,-4.65989964066529,0.009467412497253698,"GARCH(1,1)",1,val
2019-08-28,GLD,-4.675123384090462,0.009324374587272397,-4.630503902781224,0.009749844890347591,"GARCH(1,1)",1,val
2019-08-28,SPY,-5.132725420450087,0.005900457312682601,-4.262727590307587,0.014083835040450542,"GARCH(1,1)",1,val
2019-08-28,TLT,-5.144609043001807,0.005830753492340499,-4.676492821412008,0.009311614179995684,"GARCH(1,1)",1,val
2019-08-29,GLD,-4.696356019069422,0.0091284805776881,-4.631342884021742,0.00974166838383403,"GARCH(1,1)",1,val
2019-08-29,SPY,-5.1701423110825635,0.005683759899637501,-4.366345062623766,0.01269756466427987,"GARCH(1,1)",1,val
2019-08-29,TLT,-5.3848798117768215,0.0045853913991682005,-4.647043210518661,0.009589915412431408,"GARCH(1,1)",1,val
2019-08-30,GLD,-5.14071768464364,0.0058534872475841,-4.650570856709097,0.009556145183590235,"GARCH(1,1)",1,val
2019-08-30,SPY,-5.182759949459206,0.005612494816603601,-4.452018385407091,0.011655018893788095,"GARCH(1,1)",1,val
2019-08-30,TLT,-4.600536406215597,0.010046445323318998,-4.667358982895345,0.00939705456558549,"GARCH(1,1)",1,val
2019-09-03,GLD,-5.460347505126876,0.004252077869185901,-4.659101864374436,0.009474968388034261,"GARCH(1,1)",1,val
2019-09-03,SPY,-5.581695230334602,0.0037661755690340986,-4.4545717359185275,0.011625297506042763,"GARCH(1,1)",1,val
2019-09-03,TLT,-5.535185456970794,0.003945476851947201,-4.684009248885305,0.00924188648720692,"GARCH(1,1)",1,val
2019-09-04,GLD,-4.379733436716182,0.012528697866839798,-4.6782680203248255,0.009295098875938785,"GARCH(1,1)",1,val
2019-09-04,SPY,-4.48124177686826,0.011319348318874706,-4.563568003174325,0.010424796799162112,"GARCH(1,1)",1,val
2019-09-04,TLT,-4.768691649253337,0.008491482733113703,-4.703725799751002,0.009061452970632274,"GARCH(1,1)",1,val
2019-09-05,GLD,-4.841341655191316,0.007896452624796999,-4.653161275494082,0.00953142280008243,"GARCH(1,1)",1,val
2019-09-05,SPY,-5.754409003491063,0.003168778794985799,-4.6262871457065895,0.009791044420924044,"GARCH(1,1)",1,val
2019-09-05,TLT,-5.516010185468355,0.004021862458652702,-4.722943322487556,0.008888976881830364,"GARCH(1,1)",1,val
2019-09-06,GLD,-5.355430691327138,0.0047224351475876015,-4.664962567089894,0.009419600819981434,"GARCH(1,1)",1,val
2019-09-06,SPY,-5.397541558725207,0.004527698351772298,-4.612922716932662,0.009922774424169674,"GARCH(1,1)",1,val
2019-09-06,TLT,-5.839752612714753,0.0029095623255116,-4.74148592096581,0.008725670890412396,"GARCH(1,1)",1,val
2019-09-09,GLD,-5.282654549910961,0.005078930607377301,-4.557458769061456,0.010488679261156368,"GARCH(1,1)",1,val
2019-09-09,SPY,-5.2866753296926365,0.005058550345607601,-4.573241221074954,0.01032444162939413,"GARCH(1,1)",1,val
2019-09-09,TLT,-4.6999515830715195,0.009095717477737502,-4.682745945576722,0.009253569170816447,"GARCH(1,1)",1,val
2019-09-10,GLD,-5.555722882258229,0.0038652733219195017,-4.5647205316487325,0.010412788845094858,"GARCH(1,1)",1,val
2019-09-10,SPY,-5.321895845984405,0.004883486605028802,-4.67835747334188,0.009294267438488364,"GARCH(1,1)",1,val
2019-09-10,TLT,-5.569219601358075,0.003813455286981899,-4.691710309090183,0.009170987511996713,"GARCH(1,1)",1,val
2019-09-11,GLD,-4.839195028555287,0.0079134215668069,-4.583596242846126,0.010218083432634242,"GARCH(1,1)",1,val
2019-09-11,SPY,-5.337437612262441,0.004808175348489899,-4.778231442155165,0.008410860915564321,"GARCH(1,1)",1,val
2019-09-11,TLT,-4.541179927478952,0.010660820134827304,-4.641737318845436,0.009640933693811436,"GARCH(1,1)",1,val
2019-09-12,GLD,-5.0032912880030445,0.006715806929620899,-4.58975491762375,0.010155346964968148,"GARCH(1,1)",1,val
2019-09-12,SPY,-5.746863806542381,0.0031927782816501002,-4.870921192122372,0.007666299899030116,"GARCH(1,1)",1,val
2019-09-12,TLT,-4.8412119979453045,0.007897476523474098,-4.598832985583282,0.010063573229436908,"GARCH(1,1)",1,val
2019-09-13,GLD,-5.298984600582425,0.004996664942583699,-4.603535394430247,0.010016361285580365,"GARCH(1,1)",1,val
2019-09-13,SPY,-5.540680197029372,0.0039238569345476995,-4.888239056078267,0.007534678946709431,"GARCH(1,1)",1,val
2019-09-13,TLT,-5.032227489617592,0.0065242616476947,-4.618968150825773,0.00986296790767001,"GARCH(1,1)",1,val
2019-09-16,GLD,-5.440733568993549,0.004336301127666902,-4.623905290194636,0.009814393069560999,"GARCH(1,1)",1,val
2019-09-16,SPY,-6.120645226061109,0.0021970379194895,-4.960063568164144,0.007012482047806841,"GARCH(1,1)",1,val
2019-09-16,TLT,-4.897162177729081,0.0074677451631316,-4.6304428111933795,0.009750440542047649,"GARCH(1,1)",1,val
2019-09-17,GLD,-4.3801360665144,0.012523654455127799,-4.629492821015365,0.00975970776598281,"GARCH(1,1)",1,val
2019-09-17,SPY,-4.973856682036074,0.006916422090308399,-5.035439080003651,0.0065033420023577265,"GARCH(1,1)",1,val
2019-09-17,TLT,-5.196759589525945,0.005534469347880097,-4.56113283562017,0.010450213860927805,"GARCH(1,1)",1,val
2019-09-18,GLD,-5.8125208582808074,0.0029898834918332005,-4.635019194185644,0.009705920739317152,"GARCH(1,1)",1,val
2019-09-18,SPY,-5.4253094341134185,0.004403703294935702,-5.071692284642869,0.006271797488487599,"GARCH(1,1)",1,val
2019-09-18,TLT,-5.5152136210321165,0.0040250674075594005,-4.5541600118076015,0.01052333599860719,"GARCH(1,1)",1,val
2019-09-19,GLD,-5.2664157848489745,0.005162079458434798,-4.6550652663124765,0.009513292324191836,"GARCH(1,1)",1,val
2019-09-19,SPY,-5.053788582608186,0.006385097096727398,-5.130923571508232,0.005911098629591664,"GARCH(1,1)",1,val
2019-09-19,TLT,-5.127111204134378,0.005933676920173598,-4.570492823906171,0.010352856325085919,"GARCH(1,1)",1,val
2019-09-20,GLD,-5.621207010368117,0.0036202687688273003,-4.666300427535467,0.009407007134806345,"GARCH(1,1)",1,val
2019-09-20,SPY,-5.55574047962486,0.0038652053038861997,-5.191515116720694,0.0055635709664881555,"GARCH(1,1)",1,val
2019-09-20,TLT,-4.954000643674011,0.007055127343922903,-4.588415092199729,0.010168962476188814,"GARCH(1,1)",1,val
2019-09-23,GLD,-4.905905281197721,0.007402738488635597,-4.682988242997155,0.009251327326484083,"GARCH(1,1)",1,val
2019-09-23,SPY,-4.666466597169701,0.0094054441057391,-5.241808117336475,0.005290682008412031,"GARCH(1,1)",1,val
2019-09-23,TLT,-5.285962370736327,0.0050621581703451015,-4.60754630433566,0.00997626702387057,"GARCH(1,1)",1,val
2019-09-24,GLD,-4.588968829535748,0.010163333100738697,-4.669764345644994,0.009374478403391832,"GARCH(1,1)",1,val
2019-09-24,SPY,-4.788271909661987,0.008326834478092604,-5.01056299276501,0.006667148692967,"GARCH(1,1)",1,val
2019-09-24,TLT,-4.702802035727134,0.009069827482331299,-4.595918857759516,0.010092942540370374,"GARCH(1,1)",1,val
2019-09-25,GLD,-5.357555032858947,0.004712413730697102,-4.682840593691392,0.009252693379387125,"GARCH(1,1)",1,val
2019-09-25,SPY,-5.186519548368094,0.005591433702692902,-5.082144609978812,0.006206584030555186,"GARCH(1,1)",1,val
2019-09-25,TLT,-5.223292651550714,0.005389553955588702,-4.6163977717725135,0.009888352083283715,"GARCH(1,1)",1,val
2019-09-26,GLD,-4.968664260280845,0.0069524284700953004,-4.696432979385762,0.009127778073967937,"GARCH(1,1)",1,val
2019-09-26,SPY,-4.73089850846415,0.008818543942604196,-4.979010407726762,0.00688086844365967,"GARCH(1,1)",1,val
2019-09-26,TLT,-5.582447623717956,0.0037633429891961987,-4.609608498715079,0.009955715220276586,"GARCH(1,1)",1,val
2019-09-27,GLD,-4.572940013562587,0.010327551897168401,-4.632703692615108,0.009728420853504463,"GARCH(1,1)",1,val
2019-09-27,SPY,-5.654088471799873,0.0035031648654526,-4.998805571834013,0.006745999801051461,"GARCH(1,1)",1,val
2019-09-27,TLT,-5.704680336009177,0.0033303418053464004,-4.588220754071878,0.010170938885358237,"GARCH(1,1)",1,val
2019-09-30,GLD,-4.609808457115089,0.009953724690408396,-4.653580672915654,0.009527426184079967,"GARCH(1,1)",1,val
2019-09-30,SPY,-4.711437127839046,0.008991845860383003,-5.055683555416589,0.006373008968304709,"GARCH(1,1)",1,val
2019-09-30,TLT,-4.54617850427979,0.010607664169389797,-4.60140940532564,0.010037678612714701,"GARCH(1,1)",1,val
2019-10-01,GLD,-4.990187301001124,0.006804389903827403,-4.667913128472817,0.009391848671901406,"GARCH(1,1)",1,val
2019-10-01,SPY,-4.672075788128517,0.009352834859289401,-5.03585912045891,0.006500610909247304,"GARCH(1,1)",1,val
2019-10-01,TLT,-5.29340756457418,0.005024609374009399,-4.620729127587339,0.009845614734136605,"GARCH(1,1)",1,val
2019-10-02,GLD,-4.6618337780336425,0.009449118917811803,-4.631642124879705,0.00973875371474465,"GARCH(1,1)",1,val
2019-10-02,SPY,-4.369889118554713,0.012652643433618603,-5.069919384545441,0.0062829266213713045,"GARCH(1,1)",1,val
2019-10-02,TLT,-4.889048249596751,0.007528584399508497,-4.639761270148643,0.009660003483484218,"GARCH(1,1)",1,val
2019-10-03,GLD,-5.195915381411795,0.005539143564539302,-4.645806612760816,0.009601781615676387,"GARCH(1,1)",1,val
2019-10-03,SPY,-5.259324461210947,0.0051988155342762,-4.828555810672463,0.007998063647417859,"GARCH(1,1)",1,val
2019-10-03,TLT,-5.821039898761817,0.0029645207398776995,-4.659364556125251,0.00947247971889023,"GARCH(1,1)",1,val
2019-10-04,GLD,-4.907986423808399,0.007387348354218203,-4.635949203230512,0.009696898341346984,"GARCH(1,1)",1,val
2019-10-04,SPY,-5.12752409397137,0.0059312274709883974,-4.526369895188472,0.010819882174902606,"GARCH(1,1)",1,val
2019-10-04,TLT,-5.61351308417011,0.0036482302785124008,-4.677914092995051,0.009298389247705834,"GARCH(1,1)",1,val
2019-10-07,GLD,-5.190895126825604,0.005567021393772498,-4.652149261105878,0.009541073619656625,"GARCH(1,1)",1,val
2019-10-07,SPY,-5.0881474143192,0.006169438720551701,-4.584125034114746,0.01021268162767256,"GARCH(1,1)",1,val
2019-10-07,TLT,-5.16030767362577,0.005739933387829398,-4.680210802544664,0.009277058053479963,"GARCH(1,1)",1,val
2019-10-08,GLD,-5.349013086374457,0.004752839327435798,-4.6728273376051614,0.009345808381849206,"GARCH(1,1)",1,val
2019-10-08,SPY,-5.2353265221737395,0.0053250854414442,-4.538093893775117,0.01069377060204951,"GARCH(1,1)",1,val
2019-10-08,TLT,-5.566605464487886,0.0038234372224386984,-4.68839532945987,0.009201439594919416,"GARCH(1,1)",1,val
2019-10-09,GLD,-5.476738092525372,0.004182951870665099,-4.675426358656281,0.00932154996684596,"GARCH(1,1)",1,val
2019-10-09,SPY,-5.051243151672682,0.006401370623185798,-4.622057495450875,0.009832544818676748,"GARCH(1,1)",1,val
2019-10-09,TLT,-5.119650909800363,0.0059781094302047005,-4.691977111017908,0.009168541001230776,"GARCH(1,1)",1,val
2019-10-10,GLD,-5.038974413526597,0.0064803911127947,-4.677475205397417,0.009302471091094328,"GARCH(1,1)",1,val
2019-10-10,SPY,-5.086283470866672,0.0061809489293173,-4.481447261628231,0.011317022604260011,"GARCH(1,1)",1,val
2019-10-10,TLT,-5.023494836059445,0.006581485257715602,-4.709934125297375,0.009005370789020447,"GARCH(1,1)",1,val
2019-10-11,GLD,-6.0603152332103685,0.0023336651228179003,-4.697735920339242,0.009115892862646793,"GARCH(1,1)",1,val
2019-10-11,SPY,-5.942149645068484,0.0026263777983688,-4.527994925334445,0.010802313818612899,"GARCH(1,1)",1,val
2019-10-11,TLT,-6.142243234638893,0.0021500950368382996,-4.7213800259862415,0.008902883855819617,"GARCH(1,1)",1,val
2019-10-14,GLD,-5.36628566614731,0.004671450452390201,-4.698330511304901,0.009110474246196583,"GARCH(1,1)",1,val
2019-10-14,SPY,-5.240120546043197,0.005299617949389301,-4.602483748594352,0.01002690049100158,"GARCH(1,1)",1,val
2019-10-14,TLT,-5.156622405041184,0.0057611256095510014,-4.688428777216512,0.009201131832554102,"GARCH(1,1)",1,val
2019-10-15,GLD,-5.5179070966846115,0.0040142405739494015,-4.710582009512264,0.008999538241048915,"GARCH(1,1)",1,val
2019-10-15,SPY,-5.830598983932511,0.0029363176462789005,-4.612883409426647,0.009923164471350873,"GARCH(1,1)",1,val
2019-10-15,TLT,-5.692540089788886,0.003371019393220999,-4.673537053072892,0.009339177870248792,"GARCH(1,1)",1,val
2019-10-16,GLD,-5.660039364449081,0.0034823798135506993,-4.726543365953411,0.008857033711588894,"GARCH(1,1)",1,val
2019-10-16,SPY,-5.527285206507283,0.003976770558572199,-4.71387162411827,0.008969981869792988,"GARCH(1,1)",1,val
2019-10-16,TLT,-5.2113033724643545,0.005454559729622602,-4.682196366469443,0.009258656136817575,"GARCH(1,1)",1,val
2019-10-17,GLD,-6.237578207196427,0.0019545833915668,-4.733219435193595,0.00879810048131779,"GARCH(1,1)",1,val
2019-10-17,SPY,-5.218452611329745,0.005415702843294001,-4.707966032365893,0.009023111647718554,"GARCH(1,1)",1,val
2019-10-17,TLT,-5.570375624856479,0.003809049390210801,-4.669267926132107,0.009379133232672868,"GARCH(1,1)",1,val
2019-10-18,GLD,-5.48374988381507,0.004153724473126402,-4.744193275841418,0.008702079352526891,"GARCH(1,1)",1,val
2019-10-18,SPY,-5.894424266153947,0.002754761896255001,-4.799921909603271,0.008230389738325669,"GARCH(1,1)",1,val
2019-10-18,TLT,-5.553731888595933,0.0038729767227729003,-4.68854582550743,0.009200054918825272,"GARCH(1,1)",1,val
2019-10-21,GLD,-5.83865478542756,0.002912758276406399,-4.763538601570172,0.008535352683434659,"GARCH(1,1)",1,val
2019-10-21,SPY,-5.690050809417367,0.003379421258589301,-4.885142610007824,0.00755804583220631,"GARCH(1,1)",1,val
2019-10-21,TLT,-5.398968081230974,0.004521244092841499,-4.706465705503773,0.009036659425009311,"GARCH(1,1)",1,val
2019-10-22,GLD,-5.992313547028964,0.002497878400943699,-4.782990817080146,0.008370925584016479,"GARCH(1,1)",1,val
2019-10-22,SPY,-6.022189881848954,0.0024243547272697003,-4.92386371127952,0.007270983524184953,"GARCH(1,1)",1,val
2019-10-22,TLT,-5.4883795701284175,0.004134538478621198,-4.725738727077422,0.008864163293223794,"GARCH(1,1)",1,val
2019-10-23,GLD,-5.691427552763292,0.0033747718641043015,-4.79554820627045,0.008266465856965603,"GARCH(1,1)",1,val
2019-10-23,SPY,-5.620336288227291,0.0036234223897646015,-4.936791971094827,0.007177587385691725,"GARCH(1,1)",1,val
2019-10-23,TLT,-5.159979207048066,0.005741819073781,-4.730884776623806,0.008818665038273114,"GARCH(1,1)",1,val
2019-10-24,GLD,-5.14263189241807,0.005842293174096599,-4.81240922295405,0.008128253314627541,"GARCH(1,1)",1,val
2019-10-24,SPY,-5.402999277120808,0.004503054759253099,-4.986012899335488,0.006832853528343334,"GARCH(1,1)",1,val
2019-10-24,TLT,-5.4239885574307545,0.0044095238872314015,-4.742154380558864,0.008719840081047219,"GARCH(1,1)",1,val
2019-10-25,GLD,-5.70969613384889,0.0033136793069086998,-4.830101387503139,0.007985711573552622,"GARCH(1,1)",1,val
2019-10-25,SPY,-6.183670064383691,0.0020628431777516003,-5.0521870569991005,0.006395331186135,"GARCH(1,1)",1,val
2019-10-25,TLT,-5.924903132270292,0.002672066509679799,-4.761084307740672,0.00855632667449847,"GARCH(1,1)",1,val
2019-10-28,GLD,-5.48681363001363,0.0041410179902205005,-4.832360384236142,0.007967692237670526,"GARCH(1,1)",1,val
2019-10-28,SPY,-5.756457870592264,0.0031622930348609002,-5.120037622348002,0.005975798067222218,"GARCH(1,1)",1,val
2019-10-28,TLT,-5.927105135535071,0.002666189083932,-4.778986627252102,0.00840451155652089,"GARCH(1,1)",1,val
2019-10-29,GLD,-4.933031947257579,0.007204626086580203,-4.84984487430711,0.00782959202591313,"GARCH(1,1)",1,val
2019-10-29,SPY,-5.151712564343083,0.005789481372712399,-5.149487199619282,0.005802379426442365,"GARCH(1,1)",1,val
2019-10-29,TLT,-5.3490424899400795,0.004752699579067302,-4.791213736398717,0.008302374370132926,"GARCH(1,1)",1,val
2019-10-30,GLD,-5.66792332850224,0.003455032799369899,-4.842578598921498,0.00788669119564598,"GARCH(1,1)",1,val
2019-10-30,SPY,-5.229235521319003,0.005357619523394801,-5.137836501443286,0.005870376535588289,"GARCH(1,1)",1,val
2019-10-30,TLT,-5.241285816976205,0.005293446055299602,-4.786771937086067,0.008339333873485563,"GARCH(1,1)",1,val
2019-10-31,GLD,-5.485816610031759,0.0041451487267733,-4.85904162353099,0.007757915333012108,"GARCH(1,1)",1,val
2019-10-31,SPY,-6.092423230359964,0.002259925953076899,-5.19398552510179,0.005549843637179805,"GARCH(1,1)",1,val
2019-10-31,TLT,-4.905050017098751,0.007409072493336302,-4.805727046451635,0.008182749612093195,"GARCH(1,1)",1,val
2019-11-01,GLD,-5.654914738897294,0.0035002715110937993,-4.867189394732053,0.007694962425093103,"GARCH(1,1)",1,val
2019-11-01,SPY,-6.125580664326043,0.002186221288835,-5.227578177618873,0.005366506302549143,"GARCH(1,1)",1,val
2019-11-01,TLT,-5.849763053764289,0.0028805816202031992,-4.768109221414644,0.008496429849578577,"GARCH(1,1)",1,val
2019-11-04,GLD,-4.999052422737638,0.0067443347504228006,-4.8503996772877,0.0078252493496966,"GARCH(1,1)",1,val
2019-11-04,SPY,-5.974256779574802,0.002543391685137499,-5.234385545519805,0.005330098580778443,"GARCH(1,1)",1,val
2019-11-04,TLT,-5.613417626104143,0.0036485785481412993,-4.742738342259227,0.008714749514899086,"GARCH(1,1)",1,val
2019-11-05,GLD,-5.599288795525282,0.0037004945891383006,-4.8691823819389715,0.007679641735462537,"GARCH(1,1)",1,val
2019-11-05,SPY,-5.780926174652186,0.0030858560426582013,-5.070414277108736,0.006279818016986702,"GARCH(1,1)",1,val
2019-11-05,TLT,-5.2057899331419915,0.005484716170183402,-4.755611007113792,0.008603286417814954,"GARCH(1,1)",1,val
2019-11-06,GLD,-4.568112264259805,0.0103775312755208,-4.884936383125779,0.007559604665163745,"GARCH(1,1)",1,val
2019-11-06,SPY,-5.405754945276642,0.004490662916394099,-5.110278106645399,0.00603440448223,"GARCH(1,1)",1,val
2019-11-06,TLT,-4.694359434345147,0.009146724569342301,-4.730792467179305,0.008819479121917261,"GARCH(1,1)",1,val
2019-11-07,GLD,-5.388203574025519,0.004570175948617798,-4.809829027796386,0.008149252874301079,"GARCH(1,1)",1,val
2019-11-07,SPY,-5.547973239276644,0.003895344178896601,-5.163508897878444,0.005721587953451023,"GARCH(1,1)",1,val
2019-11-07,TLT,-5.114146352626695,0.0060111070105683005,-4.7190910066575205,0.008923286070670715,"GARCH(1,1)",1,val
2019-11-08,GLD,-5.035670728673715,0.006501835686306702,-4.823086406237366,0.008041928139177899,"GARCH(1,1)",1,val
2019-11-08,SPY,-6.104827368139631,0.0022320666626294006,-5.218552871878104,0.005415159889176079,"GARCH(1,1)",1,val
2019-11-08,TLT,-5.649852148208572,0.0035180368845173005,-4.729981378124936,0.008826635406698088,"GARCH(1,1)",1,val
2019-11-11,GLD,-4.9616794050106705,0.007001160170545,-4.766099268897699,0.008513524444046319,"GARCH(1,1)",1,val
2019-11-11,SPY,-5.477566486930085,0.004179488171592799,-5.240218075633589,0.005299101105025686,"GARCH(1,1)",1,val
2019-11-11,TLT,-5.140451720532248,0.005855044272165601,-4.6731035763799005,0.009343227063739348,"GARCH(1,1)",1,val
2019-11-12,GLD,-5.8567246551823215,0.0028605977995162,-4.773718633729644,0.008448903293990454,"GARCH(1,1)",1,val
2019-11-12,SPY,-5.632682786486442,0.0035789608485016994,-5.274224829759381,0.005121925534064771,"GARCH(1,1)",1,val
2019-11-12,TLT,-5.562320010664463,0.0038398575452396988,-4.688498697879335,0.009200488505808823,"GARCH(1,1)",1,val
2019-11-13,GLD,-5.21892410378662,0.0054131499821293986,-4.791511976713648,0.008299898636586232,"GARCH(1,1)",1,val
2019-11-13,SPY,-5.743714458785074,0.003202849301018099,-5.286911455669137,0.005057356031477412,"GARCH(1,1)",1,val
2019-11-13,TLT,-5.543551959690571,0.0039126047133027,-4.707696692678639,0.009025542257102899,"GARCH(1,1)",1,val
2019-11-14,GLD,-6.1398110411945614,0.002155330848564,-4.808549297049045,0.008159688399679328,"GARCH(1,1)",1,val
2019-11-14,SPY,-5.730218919148674,0.0032463664640303,-5.316901164727635,0.004907939079365942,"GARCH(1,1)",1,val
2019-11-14,TLT,-5.647523417728575,0.0035262389907807987,-4.722221134423977,0.008895398713437802,"GARCH(1,1)",1,val
2019-11-15,GLD,-5.919028099970107,0.0026878111917031993,-4.822518412122399,0.008046497204512216,"GARCH(1,1)",1,val
2019-11-15,SPY,-5.928460246934016,0.0026625785476045998,-5.3484763541622495,0.004755391014127244,"GARCH(1,1)",1,val
2019-11-15,TLT,-5.696102610070316,0.003359031434615201,-4.731741181171561,0.008811115926437458,"GARCH(1,1)",1,val
2019-11-18,GLD,-5.6630075612296995,0.0034720587500504992,-4.8356568013150065,0.007941470643299342,"GARCH(1,1)",1,val
2019-11-18,SPY,-5.816151778494665,0.002979047148280199,-5.373099866754246,0.00463972646145551,"GARCH(1,1)",1,val
2019-11-18,TLT,-5.926119775822178,0.0026688175340140005,-4.726309840851908,0.00885910229280883,"GARCH(1,1)",1,val
2019-11-19,GLD,-5.4090185545296885,0.004476031036704002,-4.852343513574212,0.007810053120335592,"GARCH(1,1)",1,val
2019-11-19,SPY,-5.071590183675331,0.006272437877771,-5.232824557642593,0.005338425297308364,"GARCH(1,1)",1,val
2019-11-19,TLT,-5.857007926000944,0.0028597875903955006,-4.744925511573881,0.00869570971140226,"GARCH(1,1)",1,val
2019-11-20,GLD,-5.615006153574498,0.0036427872819004,-4.867929883947185,0.007689266497553201,"GARCH(1,1)",1,val
2019-11-20,SPY,-5.661261508594546,0.0034781264430946003,-5.279597315466617,0.005094481848753294,"GARCH(1,1)",1,val
2019-11-20,TLT,-5.328852627544843,0.004849631154492501,-4.763055929200709,0.008539473456750284,"GARCH(1,1)",1,val
2019-11-21,GLD,-5.823535940474203,0.0029571303995895005,-4.88640428192468,0.0075485160710136775,"GARCH(1,1)",1,val
2019-11-21,SPY,-5.758988601676006,0.0031543002396552003,-5.314648973010443,0.0049190051558943215,"GARCH(1,1)",1,val
2019-11-21,TLT,-5.843754845241518,0.0028979408519661,-4.7648403120065135,0.008524249353996517,"GARCH(1,1)",1,val
2019-11-22,GLD,-5.790390279644429,0.0030567889410897,-4.904725436378412,0.007411477725748154,"GARCH(1,1)",1,val
2019-11-22,SPY,-6.502941487461112,0.0014990233432102002,-5.270804342172319,0.005139475013553918,"GARCH(1,1)",1,val
2019-11-22,TLT,-6.340867963641078,0.0017627715510268,-4.757529087037806,0.008586800442619794,"GARCH(1,1)",1,val
2019-11-25,GLD,-5.246762577734254,0.005264534361152001,-4.911027732614049,0.007364915276867294,"GARCH(1,1)",1,val
2019-11-25,SPY,-6.028623089796201,0.0024088084091368,-5.290762690593092,0.0050379164225838186,"GARCH(1,1)",1,val
2019-11-25,TLT,-6.340651703693081,0.0017631528091346996,-4.765906493576536,0.008515165799656594,"GARCH(1,1)",1,val
2019-11-26,GLD,-6.235342701468821,0.0019589577615766,-4.9278011266452815,0.007242410929932423,"GARCH(1,1)",1,val
2019-11-26,SPY,-6.316013605147044,0.0018071331125432,-5.319861359855765,0.004893432104345852,"GARCH(1,1)",1,val
2019-11-26,TLT,-6.03001354228594,0.0024054614029528,-4.784257607409843,0.008360328090254542,"GARCH(1,1)",1,val
2019-11-27,GLD,-5.482168196965912,0.0041602995629964005,-4.936227636157167,0.007181639092173815,"GARCH(1,1)",1,val
2019-11-27,SPY,-6.144353284936363,0.002145563011248701,-5.181271149850873,0.005620856919891817,"GARCH(1,1)",1,val
2019-11-27,TLT,-5.414588820279798,0.0044511676664019005,-4.8007919343189025,0.008223232209898852,"GARCH(1,1)",1,val
2019-11-29,GLD,-5.667446624384376,0.0034566802203677013,-4.94428087828838,0.007124035871327731,"GARCH(1,1)",1,val
2019-11-29,SPY,-5.243286433888088,0.0052828664839626015,-5.228749776560538,0.005360222591158218,"GARCH(1,1)",1,val
2019-11-29,TLT,-5.626611103913173,0.0036007572662198014,-4.810371033769753,0.008144837127353442,"GARCH(1,1)",1,val
2019-12-02,GLD,-5.799103659697957,0.0030302696812822003,-4.949965325360514,0.007083654547961414,"GARCH(1,1)",1,val
2019-12-02,SPY,-5.209682890220438,0.0054634059124181,-5.2299573272381705,0.005353753757244452,"GARCH(1,1)",1,val
2019-12-02,TLT,-4.872469555411895,0.007654438866663198,-4.826275492046361,0.008016322591118537,"GARCH(1,1)",1,val
2019-12-03,GLD,-5.895680622179293,0.0027513031077380993,-4.950974449314465,0.007076509868015695,"GARCH(1,1)",1,val
2019-12-03,SPY,-5.573453022450938,0.0037973454488573997,-5.210375911318665,0.005459620968527087,"GARCH(1,1)",1,val
2019-12-03,TLT,-5.105026487907107,0.006066178232669599,-4.843277355342973,0.007881182244460485,"GARCH(1,1)",1,val
2019-12-04,GLD,-5.734331329520549,0.0032330434864647007,-4.968643475906967,0.006952572973469684,"GARCH(1,1)",1,val
2019-12-04,SPY,-5.5809849623921615,0.0037688515130125007,-5.026015502771405,0.006564916417945525,"GARCH(1,1)",1,val
2019-12-04,TLT,-5.587604023187898,0.003743987634258199,-4.794636762562487,0.008274003709900515,"GARCH(1,1)",1,val
2019-12-05,GLD,-6.157656440905475,0.002117209267163401,-4.945818048621504,0.007113093427089191,"GARCH(1,1)",1,val
2019-12-05,SPY,-6.095802603923935,0.0022523017088949995,-4.976406629088494,0.0068988080471688315,"GARCH(1,1)",1,val
2019-12-05,TLT,-5.071930690069817,0.006270302436150999,-4.708777019049243,0.009015796990775468,"GARCH(1,1)",1,val
2019-12-06,GLD,-6.462826192206697,0.0015603795403644999,-4.962758366281668,0.006993610263629952,"GARCH(1,1)",1,val
2019-12-06,SPY,-5.8436267634243055,0.0028983120492678998,-4.992777755408909,0.006786786252580769,"GARCH(1,1)",1,val
2019-12-06,TLT,-6.079020423430166,0.0022904191953506993,-4.7045364417646205,0.009054110352669249,"GARCH(1,1)",1,val
2019-12-09,GLD,-5.8971870689494,0.002747161536369501,-4.980192238838288,0.006872741222705878,"GARCH(1,1)",1,val
2019-12-09,SPY,-5.551913138248865,0.0038800271100353006,-5.068099156606144,0.00629437339465587,"GARCH(1,1)",1,val
2019-12-09,TLT,-5.476829669385421,0.004182568826606301,-4.717832168798761,0.008934526114212872,"GARCH(1,1)",1,val
2019-12-10,GLD,-5.28345176782182,0.005074883206473701,-4.952597550742657,0.007065033291086056,"GARCH(1,1)",1,val
2019-12-10,SPY,-5.90348171964401,0.0027299234249595996,-4.977372775432604,0.006892146007766065,"GARCH(1,1)",1,val
2019-12-10,TLT,-5.485228454461082,0.004147587436188199,-4.729209593557762,0.00883345029716042,"GARCH(1,1)",1,val
2019-12-11,GLD,-4.826387997170624,0.008015420764480303,-4.970205038227752,0.006941724569915391,"GARCH(1,1)",1,val
2019-12-11,SPY,-5.006765649973893,0.006692514272413102,-5.022977926624303,0.0065848881689652625,"GARCH(1,1)",1,val
2019-12-11,TLT,-4.488825401045027,0.011233831309577594,-4.746931410610004,0.008678284478145778,"GARCH(1,1)",1,val
2019-12-12,GLD,-5.1482873490308965,0.0058093455931550984,-4.983948721811183,0.006846972317854256,"GARCH(1,1)",1,val
2019-12-12,SPY,-5.143271786684352,0.0058385559200437994,-5.088917546667582,0.006164689265310945,"GARCH(1,1)",1,val
2019-12-12,TLT,-4.470919655391198,0.0114367931041609,-4.765496425803099,0.008518658310770694,"GARCH(1,1)",1,val
2019-12-13,GLD,-5.8386069420807765,0.0029128976358443995,-4.979272327307897,0.006879066445478668,"GARCH(1,1)",1,val
2019-12-13,SPY,-5.049707385002828,0.0064112091877663,-5.143720873527437,0.005835934490066404,"GARCH(1,1)",1,val
2019-12-13,TLT,-5.401467913491506,0.004509955856228,-4.769012584113621,0.00848875795755027,"GARCH(1,1)",1,val
2019-12-16,GLD,-6.080291923952582,0.002287508776838699,-4.990761483746708,0.006800484061991206,"GARCH(1,1)",1,val
2019-12-16,SPY,-6.462882432638024,0.0015602917864138003,-5.0430148728852995,0.006454260181906706,"GARCH(1,1)",1,val
2019-12-16,TLT,-5.277245507827163,0.0051064771899229,-4.7202535397970395,0.008912918482400257,"GARCH(1,1)",1,val
2019-12-17,GLD,-6.156195086737434,0.002120305521561701,-4.998401445146103,0.006748726590554793,"GARCH(1,1)",1,val
2019-12-17,SPY,-6.587345539239771,0.0013776921439277994,-5.11526777197485,0.006004369817178377,"GARCH(1,1)",1,val
2019-12-17,TLT,-5.354638195253978,0.0047261791422524005,-4.709681498177738,0.009007646077291799,"GARCH(1,1)",1,val
2019-12-18,GLD,-5.775518010330496,0.0031025900686043,-5.015543634326969,0.006634024573245971,"GARCH(1,1)",1,val
2019-12-18,SPY,-6.025594887340114,0.0024161138242329997,-5.080385830013434,0.006217509651266613,"GARCH(1,1)",1,val
2019-12-18,TLT,-5.2422928981962125,0.0052881178086270995,-4.709705193478517,0.009007432640937413,"GARCH(1,1)",1,val
2019-12-19,GLD,-5.9296598051601315,0.0026593865444846996,-5.032494936389417,0.006522516988290639,"GARCH(1,1)",1,val
2019-12-19,SPY,-5.173479291309204,0.005664824915643802,-5.147576615457686,0.005813475957727055,"GARCH(1,1)",1,val
2019-12-19,TLT,-5.760034510973388,0.0031510028523924006,-4.728031874343949,0.00884385974980266,"GARCH(1,1)",1,val
2019-12-20,GLD,-6.7983180371160135,0.0011156500526226997,-5.049307735799377,0.006413771934477078,"GARCH(1,1)",1,val
2019-12-20,SPY,-6.827776968099322,0.0010832635723896,-5.20557089056583,0.005485917688129824,"GARCH(1,1)",1,val
2019-12-20,TLT,-5.349373249248141,0.004751127839391198,-4.73041681277571,0.00882279282045058,"GARCH(1,1)",1,val
2019-12-23,GLD,-5.935284753706395,0.002644469624791201,-5.0622632561511605,0.006331214126074945,"GARCH(1,1)",1,val
2019-12-23,SPY,-6.658168432526266,0.0012834950266098998,-5.2202951195215315,0.00540573355351034,"GARCH(1,1)",1,val
2019-12-23,TLT,-5.431095388322126,0.004378297239336699,-4.749058212999452,0.00865984709526613,"GARCH(1,1)",1,val
2019-12-24,GLD,-6.028856353514382,0.0024082465870597994,-5.078228137281278,0.006230939610305346,"GARCH(1,1)",1,val
2019-12-24,SPY,-6.5435461156468815,0.0014393752472018002,-5.263825106069687,0.005175470086062783,"GARCH(1,1)",1,val
2019-12-24,TLT,-5.662582738522663,0.003473534072800799,-4.767199036766778,0.008504166690031914,"GARCH(1,1)",1,val
2019-12-26,GLD,-5.891473410420631,0.0027629028066092,-5.089020555781838,0.006164054278835319,"GARCH(1,1)",1,val
2019-12-26,SPY,-5.8552158297477215,0.0028649172000255007,-5.304420536251349,0.004969577084027363,"GARCH(1,1)",1,val
2019-12-26,TLT,-6.3993310017721114,0.0016626692239503007,-4.784939627985785,0.008354628118445336,"GARCH(1,1)",1,val
2019-12-27,GLD,-6.402307834199766,0.0016577270958810998,-5.0543540610362,0.006381487482734031,"GARCH(1,1)",1,val
2019-12-27,SPY,-5.4525425693810154,0.0042853949133044985,-5.338505024736596,0.0048030457803145635,"GARCH(1,1)",1,val
2019-12-27,TLT,-5.33085680377103,0.0048399213723342984,-4.801240818411996,0.008219541760120084,"GARCH(1,1)",1,val
2019-12-30,GLD,-5.64752634840343,0.0035262286565359994,-5.037937534258072,0.00648711398079039,"GARCH(1,1)",1,val
2019-12-30,SPY,-5.6495562117325875,0.0035190781540225015,-5.286449428370116,0.005059693207902899,"GARCH(1,1)",1,val
2019-12-30,TLT,-5.399666057545163,0.004518089472607199,-4.818019403654323,0.0080827800207221,"GARCH(1,1)",1,val
2019-12-31,GLD,-5.530519069005418,0.003963931001270101,-5.054579398038759,0.006380049659476281,"GARCH(1,1)",1,val
2019-12-31,SPY,-5.408012808454665,0.004480535051919,-5.3219406908572315,0.0048832676106034725,"GARCH(1,1)",1,val
2019-12-31,TLT,-5.444121864900689,0.0043216333197735,-4.8359099702621755,0.007939460364018486,"GARCH(1,1)",1,val
2020-01-02,GLD,-5.418141752519795,0.0044353810303251005,-5.068729154039119,0.006290409204421005,"GARCH(1,1)",1,test
2020-01-02,SPY,-5.2940990904159815,0.0050211359279096,-5.211089956009681,0.005455723946649021,"GARCH(1,1)",1,test
2020-01-02,TLT,-5.238348654997538,0.005309016619229701,-4.849822578300971,0.007829766596491114,"GARCH(1,1)",1,test
2020-01-03,GLD,-5.141984272847073,0.005846077982921498,-5.08314559887362,0.006200374417261373,"GARCH(1,1)",1,test
2020-01-03,SPY,-5.46818346094863,0.004218888978017201,-5.252955110054108,0.00523203429468542,"GARCH(1,1)",1,test
2020-01-03,TLT,-5.277388133016698,0.0051057489295812004,-4.838263628740129,0.007920795559726234,"GARCH(1,1)",1,test
2020-01-06,GLD,-5.82549840912999,0.0029513328145194,-5.068616222414312,0.006291119630667197,"GARCH(1,1)",1,test
2020-01-06,SPY,-5.88110638506838,0.00279169487624,-5.079453068905254,0.006223311808051466,"GARCH(1,1)",1,test
2020-01-06,TLT,-5.687623342804174,0.0033876346557069003,-4.820710579116727,0.008061057084689094,"GARCH(1,1)",1,test
2020-01-07,GLD,-4.63935934678895,0.0096638868448935,-4.994405505478978,0.006775748046939797,"GARCH(1,1)",1,test
2020-01-07,SPY,-5.0942778210109365,0.006131733245171097,-4.983973337995571,0.006846803773595648,"GARCH(1,1)",1,test
2020-01-07,TLT,-4.742311327333563,0.008718471637659804,-4.7771704138659175,0.008419789813001382,"GARCH(1,1)",1,test
2020-01-08,GLD,-5.360777143048708,0.0046972542502707,-4.961552603320914,0.007002047985771925,"GARCH(1,1)",1,test
2020-01-08,SPY,-6.010821558947771,0.0024520728302885,-5.042279505292319,0.0064590081812295995,"GARCH(1,1)",1,test
2020-01-08,TLT,-5.177239814701492,0.0056435622135369,-4.786655050859537,0.008340308683723648,"GARCH(1,1)",1,test
2020-01-09,GLD,-5.928675928422793,0.0026620043406246,-4.972679728377948,0.006924567190851446,"GARCH(1,1)",1,test
2020-01-09,SPY,-5.555913971426616,0.003864534780620698,-5.083258268076688,0.006199675865370439,"GARCH(1,1)",1,test
2020-01-09,TLT,-5.972248676286974,0.0025485042098635,-4.7980864232343015,0.008245510379121577,"GARCH(1,1)",1,test
2020-01-10,GLD,-6.3031709036209715,0.0018304912534946993,-4.963878133875969,0.006985783428425607,"GARCH(1,1)",1,test
2020-01-10,SPY,-5.723384605666474,0.003268629138518401,-5.096899489601015,0.006115678926466337,"GARCH(1,1)",1,test
2020-01-10,TLT,-5.644265571577176,0.003537745668221001,-4.80395073110404,0.008197297672961294,"GARCH(1,1)",1,test
2020-01-13,GLD,-5.6968500651072045,0.0033565216477435995,-4.96677472231047,0.006965577766811274,"GARCH(1,1)",1,test
2020-01-13,SPY,-5.562197336523595,0.003840328625359199,-5.070377282713553,0.006280050339353391,"GARCH(1,1)",1,test
2020-01-13,TLT,-6.015153294727801,0.0024414740707601,-4.818851012571888,0.00807606110292135,"GARCH(1,1)",1,test
2020-01-14,GLD,-5.479871416977583,0.004169865837386601,-4.968420295419872,0.006954124825257548,"GARCH(1,1)",1,test
2020-01-14,SPY,-5.671736731902995,0.003441882455262601,-5.105217031135702,0.006065022473598447,"GARCH(1,1)",1,test
2020-01-14,TLT,-5.596995734904791,0.0037089897838328005,-4.81567317878486,0.008101766304557176,"GARCH(1,1)",1,test
2020-01-15,GLD,-5.674670659008301,0.0034317990222955987,-4.960566497727374,0.007008956149986825,"GARCH(1,1)",1,test
2020-01-15,SPY,-6.140334126553367,0.0021542037213713003,-5.0737545021941175,0.006258877004632208,"GARCH(1,1)",1,test
2020-01-15,TLT,-5.5192932736818,0.004008679980878099,-4.8308223858344785,0.007979955963975313,"GARCH(1,1)",1,test
2020-01-16,GLD,-5.724388453528745,0.003265349578510199,-4.978037235295608,0.006887567974502054,"GARCH(1,1)",1,test
2020-01-16,SPY,-5.87888907039819,0.0027978918099809,-5.129017923812527,0.005922373840952348,"GARCH(1,1)",1,test
2020-01-16,TLT,-5.661437614600146,0.003477513978070701,-4.8414707174413305,0.007895433556617142,"GARCH(1,1)",1,test
2020-01-17,GLD,-5.336771343406768,0.004811379953422898,-4.980156314942327,0.00687298812278131,"GARCH(1,1)",1,test
2020-01-17,SPY,-5.87739775485969,0.002802067462345901,-5.1850835478285395,0.005599468772308244,"GARCH(1,1)",1,test
2020-01-17,TLT,-5.695892405518427,0.0033597375925289003,-4.846949454767536,0.007852294830863724,"GARCH(1,1)",1,test
2020-01-21,GLD,-6.204124897992852,0.0020210766833842994,-4.996446411845539,0.00676193348152499,"GARCH(1,1)",1,test
2020-01-21,SPY,-5.685491870929388,0.003394863004472,-5.080900953774145,0.006214307689087,"GARCH(1,1)",1,test
2020-01-21,TLT,-5.964678052886817,0.0025678711930376993,-4.861494695281019,0.007738907932859272,"GARCH(1,1)",1,test
2020-01-22,GLD,-5.343416190460919,0.004779515055446501,-5.012200520604861,0.006656239985463593,"GARCH(1,1)",1,test
2020-01-22,SPY,-5.196856811911645,0.0055339312997220984,-5.134821076038627,0.005888104934026754,"GARCH(1,1)",1,test
2020-01-22,TLT,-5.815505022870328,0.002980974486969901,-4.856121673273693,0.007780601164516107,"GARCH(1,1)",1,test
2020-01-23,GLD,-5.203786452588487,0.005495715707372,-5.028751979921229,0.006546976231827133,"GARCH(1,1)",1,test
2020-01-23,SPY,-4.747913948773323,0.008669761920008798,-5.174465900987805,0.00565923870071444,"GARCH(1,1)",1,test
2020-01-23,TLT,-5.200343125431897,0.0055146718719206985,-4.842160215565048,0.007889991546337452,"GARCH(1,1)",1,test
2020-01-24,GLD,-5.534253544005686,0.0039491554067593,-5.045573818203098,0.006437765196917702,"GARCH(1,1)",1,test
2020-01-24,SPY,-5.241174519004216,0.0052940352378972,-5.2297930186139485,0.0053546334974312,"GARCH(1,1)",1,test
2020-01-24,TLT,-5.6283439910963775,0.0035945229633352013,-4.856550816755099,0.007777262886596273,"GARCH(1,1)",1,test
2020-01-27,GLD,-5.53533507444591,0.003944886583820799,-5.059636405313365,0.006347867144127533,"GARCH(1,1)",1,test
2020-01-27,SPY,-4.762865710601544,0.008541097977931003,-5.278186515229504,0.00510167421725813,"GARCH(1,1)",1,test
2020-01-27,TLT,-5.240367211812582,0.005298310876262099,-4.860077523275907,0.0077498830715246455,"GARCH(1,1)",1,test
2020-01-28,GLD,-5.736761482177745,0.003225196236115301,-5.057797531039319,0.006359550812820506,"GARCH(1,1)",1,test
2020-01-28,SPY,-5.664298158819256,0.003467580609757001,-5.044110767223228,0.006447190869035322,"GARCH(1,1)",1,test
2020-01-28,TLT,-5.537705563341197,0.003935546348816099,-4.8587430731465435,0.007760231807392233,"GARCH(1,1)",1,test
2020-01-29,GLD,-5.097061849011627,0.006114686069042399,-5.04959719351861,0.0064119156873467305,"GARCH(1,1)",1,test
2020-01-29,SPY,-4.952347877479167,0.007066797461228399,-4.659437392849783,0.009471789799620338,"GARCH(1,1)",1,test
2020-01-29,TLT,-5.02236006978767,0.0065889579442787016,-4.809464502941124,0.008152224021021096,"GARCH(1,1)",1,test
2020-01-30,GLD,-5.607446845027793,0.0036704285778509003,-5.023061922861294,0.006584335086366812,"GARCH(1,1)",1,test
2020-01-30,SPY,-4.627466256647048,0.009779506496911804,-4.656051558963111,0.00950391405950616,"GARCH(1,1)",1,test
2020-01-30,TLT,-5.787319680886089,0.003066189538762301,-4.809935145666696,0.008148388138824198,"GARCH(1,1)",1,test
2020-01-31,GLD,-5.279494816004979,0.0050950040571627,-5.025503365617257,0.006568279416641817,"GARCH(1,1)",1,test
2020-01-31,SPY,-5.078416847678364,0.006229763878157197,-4.757908988475084,0.008583538924356994,"GARCH(1,1)",1,test
2020-01-31,TLT,-4.880627945372901,0.007592245015267398,-4.803106238051093,0.008204223157749355,"GARCH(1,1)",1,test
2020-02-03,GLD,-5.206284208527657,0.005482005879853199,-5.042506850188119,0.0064575399255941985,"GARCH(1,1)",1,test
2020-02-03,SPY,-5.391785060829045,0.0045538371997396005,-4.8467590264945555,0.007853790272189935,"GARCH(1,1)",1,test
2020-02-03,TLT,-5.295499887619314,0.005014107258763599,-4.821051171361898,0.008058312018658809,"GARCH(1,1)",1,test
2020-02-04,GLD,-5.815147717881047,0.0029820397943354994,-5.0419749438496355,0.006460975645671274,"GARCH(1,1)",1,test
2020-02-04,SPY,-5.290987941406635,0.005036781755608198,-4.515400960459336,0.010939218053473395,"GARCH(1,1)",1,test
2020-02-04,TLT,-5.581293215569361,0.0037676899315989996,-4.816830960393224,0.008092391656479255,"GARCH(1,1)",1,test
2020-02-05,GLD,-5.815382003492406,0.0029813412271545007,-5.035709520859389,0.006501583470781561,"GARCH(1,1)",1,test
2020-02-05,SPY,-5.827863895186294,0.002944359728519499,-4.585685069015547,0.010196761908789818,"GARCH(1,1)",1,test
2020-02-05,TLT,-5.557843741061815,0.0038570843099051005,-4.832715968639813,0.00796485955423643,"GARCH(1,1)",1,test
2020-02-06,GLD,-5.517394445796882,0.004016299005526501,-4.967578558554633,0.006959980832751374,"GARCH(1,1)",1,test
2020-02-06,SPY,-5.309552117230182,0.004944140617253099,-4.503552675301251,0.011069599903781356,"GARCH(1,1)",1,test
2020-02-06,TLT,-5.480770020363246,0.004166120464881602,-4.798819853581026,0.00823946508875599,"GARCH(1,1)",1,test
2020-02-07,GLD,-5.963323569940814,0.0025713516873792,-4.984854221765499,0.006840775190905757,"GARCH(1,1)",1,test
2020-02-07,SPY,-5.531513551360332,0.0039599909013379,-4.516034511278418,0.010932289697879922,"GARCH(1,1)",1,test
2020-02-07,TLT,-5.980358591248663,0.002527919639819999,-4.784365525108769,0.008359425911566172,"GARCH(1,1)",1,test
2020-02-10,GLD,-5.242725368892121,0.005285831347087798,-4.989059158969379,0.0068120705536956665,"GARCH(1,1)",1,test
2020-02-10,SPY,-5.3738193580030815,0.004636389419499701,-4.621032591116951,0.009842627402434214,"GARCH(1,1)",1,test
2020-02-10,TLT,-5.748928859544292,0.003186191828303399,-4.7975107277049025,0.008250258649232246,"GARCH(1,1)",1,test
2020-02-11,GLD,-5.784433243801272,0.0030750526872626973,-5.003401172777064,0.006715069005238148,"GARCH(1,1)",1,test
2020-02-11,SPY,-6.067522290182367,0.0023169067272183,-4.684597364170209,0.009236452790479114,"GARCH(1,1)",1,test
2020-02-11,TLT,-5.8911261637680585,0.0027638623819552,-4.7766302471245,0.008424339132012884,"GARCH(1,1)",1,test
2020-02-12,GLD,-5.827038129895209,0.0029467920827264014,-5.017616591370964,0.006620286769135175,"GARCH(1,1)",1,test
2020-02-12,SPY,-5.319422314007668,0.004895581017095301,-4.730762033721712,0.008819747533245433,"GARCH(1,1)",1,test
2020-02-12,TLT,-5.502434118336391,0.0040768358502733994,-4.79302096295895,0.008287383648553378,"GARCH(1,1)",1,test
2020-02-13,GLD,-6.160042956934649,0.0021121625377558,-5.028438162972558,0.006549031106341592,"GARCH(1,1)",1,test
2020-02-13,SPY,-5.742617692928721,0.0032063640038251986,-4.829412001583164,0.007991218708725023,"GARCH(1,1)",1,test
2020-02-13,TLT,-5.8286547866857985,0.0029420319800583,-4.8038461254955935,0.008198155201122336,"GARCH(1,1)",1,test
2020-02-14,GLD,-5.063504328690243,0.006323361503928798,-5.044989793002017,0.006441526112159085,"GARCH(1,1)",1,test
2020-02-14,SPY,-5.267914437573905,0.005154349088005302,-4.8691545879950295,0.007679855185960729,"GARCH(1,1)",1,test
2020-02-14,TLT,-5.21667651785707,0.005425330184762303,-4.8143575979473034,0.008112431847211297,"GARCH(1,1)",1,test
2020-02-18,GLD,-5.6945534062110905,0.0033642392920518,-5.0448911384067765,0.006442161629658258,"GARCH(1,1)",1,test
2020-02-18,SPY,-5.748386215858185,0.0031879212643730987,-4.952923430653758,0.007062731313769682,"GARCH(1,1)",1,test
2020-02-18,TLT,-5.96226683206067,0.0025740703683239997,-4.828393569765391,0.007999361365787494,"GARCH(1,1)",1,test
2020-02-19,GLD,-5.5928722829531505,0.0037243152000896998,-5.052594100347892,0.006392728538843436,"GARCH(1,1)",1,test
2020-02-19,SPY,-4.572558364391792,0.010331494151017397,-5.034379424409339,0.00651023695758601,"GARCH(1,1)",1,test
2020-02-19,TLT,-5.577009061875571,0.003783865919805198,-4.841007511301607,0.007899091617068973,"GARCH(1,1)",1,test
2020-02-20,GLD,-5.375615539371672,0.004628069097847199,-4.987797510584338,0.006820670415368578,"GARCH(1,1)",1,test
2020-02-20,SPY,-5.158996955600212,0.0057474617546916,-5.080875342666884,0.006214466846425865,"GARCH(1,1)",1,test
2020-02-20,TLT,-5.1535429161847,0.005778894276830798,-4.845702551800859,0.007862091987365944,"GARCH(1,1)",1,test
2020-02-21,GLD,-4.5426902594969345,0.010644730909933902,-4.989837930923822,0.006806767569372509,"GARCH(1,1)",1,test
2020-02-21,SPY,-3.627772588513884,0.026575312689674002,-5.107267680437441,0.006052597982988343,"GARCH(1,1)",1,test
2020-02-21,TLT,-5.566705204994106,0.0038230558898921007,-4.863238257535957,0.007725426421435653,"GARCH(1,1)",1,test
2020-02-24,GLD,-4.380554417692437,0.012518416265311,-4.99981880082929,0.0067391680201146454,"GARCH(1,1)",1,test
2020-02-24,SPY,-3.995216756676667,0.01840345690619879,-5.107421756015349,0.0060516654972947465,"GARCH(1,1)",1,test
2020-02-24,TLT,-4.99806493871168,0.006750997962620901,-4.863013399230559,0.0077271637430475285,"GARCH(1,1)",1,test
2020-02-25,GLD,-4.518528492344201,0.010905058745222499,-4.9186187382620625,0.007309219823101879,"GARCH(1,1)",1,test
2020-02-25,SPY,-4.148211885148028,0.015792630289347697,-4.900892875396882,0.007439937167532813,"GARCH(1,1)",1,test
2020-02-25,TLT,-4.6084168349186125,0.009967586157350697,-4.8554618329985315,0.007785736812696842,"GARCH(1,1)",1,test
2020-02-26,GLD,-4.73894373006043,0.008747881431349197,-4.905306024144058,0.007407175961351953,"GARCH(1,1)",1,test
2020-02-26,SPY,-3.567957113818255,0.028213431677341496,-4.096951765730646,0.0166232698715783,"GARCH(1,1)",1,test
2020-02-26,TLT,-4.613090609972529,0.0099211085992518,-4.812083403996167,0.008130902085138314,"GARCH(1,1)",1,test
2020-02-27,GLD,-3.9014912063380978,0.02021174907391059,-4.802252332826679,0.00821123177868917,"GARCH(1,1)",1,test
2020-02-27,SPY,-3.6783411185658808,0.025264851484489304,-3.898526626870189,0.02027175731587696,"GARCH(1,1)",1,test
2020-02-27,TLT,-4.886538056335498,0.007547506340263301,-4.822653907690428,0.00804540701366253,"GARCH(1,1)",1,test
2020-02-28,GLD,-4.92714919158779,0.007247134050935201,-4.816911783405941,0.008091737631435985,"GARCH(1,1)",1,test
2020-02-28,SPY,-3.6389979991273056,0.0262786620204068,-4.024883044018537,0.017865513509797166,"GARCH(1,1)",1,test
2020-02-28,TLT,-4.489192476292756,0.011229708404921098,-4.8319268820563135,0.007971146998392808,"GARCH(1,1)",1,test
2020-03-02,GLD,-4.094228042750344,0.016668608771006902,-4.8374855958818435,0.007926960596925225,"GARCH(1,1)",1,test
2020-03-02,SPY,-3.4245150643382005,0.0325650691240264,-3.6445544176512596,0.026133051686578306,"GARCH(1,1)",1,test
2020-03-02,TLT,-3.4514468834068435,0.0316997373568263,-4.818220888035049,0.00808115163084815,"GARCH(1,1)",1,test
2020-03-03,GLD,-5.168764929637204,0.005691593999096199,-4.488506528690301,0.011237414039006195,"GARCH(1,1)",1,test
2020-03-03,SPY,-4.024742548167318,0.017868023716657896,-3.776151626237962,0.022910690890763936,"GARCH(1,1)",1,test
2020-03-03,TLT,-4.378240205638493,0.012547420082676005,-4.714524134066649,0.008964130776542045,"GARCH(1,1)",1,test
2020-03-04,GLD,-5.046137377432461,0.0064341381570464,-4.509260312889124,0.011006598604612785,"GARCH(1,1)",1,test
2020-03-04,SPY,-3.9646067961955183,0.018975496383098495,-3.5984601474161657,0.027365829362804184,"GARCH(1,1)",1,test
2020-03-04,TLT,-4.94040136831305,0.007151727319448702,-4.714790531888206,0.008961743069685097,"GARCH(1,1)",1,test
2020-03-05,GLD,-3.862949550839401,0.021005949941546496,-4.355987524172488,0.012829763624593865,"GARCH(1,1)",1,test
2020-03-05,SPY,-3.994475307210107,0.0184171071993807,-3.5985664383822282,0.027362920776945045,"GARCH(1,1)",1,test
2020-03-05,TLT,-3.8142924242916583,0.022053313323099403,-4.6823947053578685,0.009256819967349006,"GARCH(1,1)",1,test
2020-03-06,GLD,-4.323000594404882,0.013260035799655406,-4.384750332252309,0.012466000104005951,"GARCH(1,1)",1,test
2020-03-06,SPY,-3.607004944993182,0.02713299008930229,-3.5071987135489784,0.02998078167149616,"GARCH(1,1)",1,test
2020-03-06,TLT,-3.659529956501858,0.025744610969785402,-4.67636574730497,0.009312797520237056,"GARCH(1,1)",1,test
2020-03-09,GLD,-5.086146438123287,0.0061817959797413,-4.337914465054865,0.013063744709191406,"GARCH(1,1)",1,test
2020-03-09,SPY,-3.299436879368771,0.036903942922762105,-3.4932709554383483,0.03040126816645171,"GARCH(1,1)",1,test
2020-03-09,TLT,-3.2831055011705574,0.03751158346997591,-4.577711981714324,0.0102783865494645,"GARCH(1,1)",1,test
2020-03-10,GLD,-4.6733003021011434,0.009341389191440801,-4.367007319694487,0.012689158396162498,"GARCH(1,1)",1,test
2020-03-10,SPY,-3.710023171539627,0.0244769560963234,-3.5889097847843905,0.02762843495022704,"GARCH(1,1)",1,test
2020-03-10,TLT,-3.316070877548996,0.0362951600865766,-4.218593006264505,0.014719339961415168,"GARCH(1,1)",1,test
2020-03-11,GLD,-4.13715808572409,0.015968167244740802,-4.394939805820108,0.012339623076566922,"GARCH(1,1)",1,test
2020-03-11,SPY,-3.027230354772733,0.0484496407868605,-3.1178879912371618,0.0442505272990201,"GARCH(1,1)",1,test
2020-03-11,TLT,-3.1980493676527275,0.040841793651852004,-4.165585765024189,0.015520620800044297,"GARCH(1,1)",1,test
2020-03-12,GLD,-3.5423201340996666,0.028946090302023504,-4.347520475343554,0.012938855049138304,"GARCH(1,1)",1,test
2020-03-12,SPY,-2.8007111895781405,0.06076683051736731,-3.110536341421223,0.04457704041435538,"GARCH(1,1)",1,test
2020-03-12,TLT,-3.6099833113979463,0.0270522983276247,-3.9283929372319117,0.019675266547820487,"GARCH(1,1)",1,test
2020-03-13,GLD,-3.522437854622524,0.029527363933334105,-4.373803315282163,0.012603215296929678,"GARCH(1,1)",1,test
2020-03-13,SPY,-2.8853945037260567,0.05583275895975241,-3.099540816779545,0.04506989298141364,"GARCH(1,1)",1,test
2020-03-13,TLT,-3.387057790305399,0.0338080009399651,-3.856573344468925,0.02114031613142721,"GARCH(1,1)",1,test
2020-03-16,GLD,-3.603491060646798,0.027228499985537582,-4.171396391407384,0.015430697778888192,"GARCH(1,1)",1,test
2020-03-16,SPY,-2.971043432945139,0.051249806686311704,-2.8038981027801557,0.060573480161992495,"GARCH(1,1)",1,test
2020-03-16,TLT,-3.2221983270432295,0.03986732044910141,-3.890122386505485,0.020442843956596266,"GARCH(1,1)",1,test
2020-03-17,GLD,-3.8385305099138503,0.021525209197207015,-4.095381671577029,0.016649390470951805,"GARCH(1,1)",1,test
2020-03-17,SPY,-2.8192588213353424,0.05965013773814519,-2.743236367296132,0.06436171132695051,"GARCH(1,1)",1,test
2020-03-17,TLT,-2.751402150179778,0.06383828755715351,-3.8869413485642728,0.020507976959201323,"GARCH(1,1)",1,test
2020-03-18,GLD,-4.371662482184802,0.0126302255793077,-4.113424024361764,0.016351689978815052,"GARCH(1,1)",1,test
2020-03-18,SPY,-3.1100570431954417,0.04459841123182489,-2.5595474766121367,0.07733973056266963,"GARCH(1,1)",1,test
2020-03-18,TLT,-3.2589882702497164,0.038427256355645895,-3.6814016100650466,0.02518764682365956,"GARCH(1,1)",1,test
2020-03-19,GLD,-4.616077489220833,0.009891519657153102,-4.1256318287451395,0.01615328525327843,"GARCH(1,1)",1,test
2020-03-19,SPY,-3.469111907285044,0.031144677744071404,-2.6433817749258837,0.07112034940279326,"GARCH(1,1)",1,test
2020-03-19,TLT,-3.789859816325419,0.02259876960764741,-3.5027494448710907,0.030114471414575603,"GARCH(1,1)",1,test
2020-03-20,GLD,-4.100075178478122,0.016571429540077707,-4.113610554021206,0.01634864018809906,"GARCH(1,1)",1,test
2020-03-20,SPY,-3.409861306196526,0.03304578330344289,-2.7145261100064286,0.06623633430688285,"GARCH(1,1)",1,test
2020-03-20,TLT,-3.5098094845594368,0.029902610803357398,-3.4207182907459033,0.032688946336559936,"GARCH(1,1)",1,test
2020-03-23,GLD,-4.0991284719113805,0.016587125249686998,-4.106747436476126,0.016461228739712112,"GARCH(1,1)",1,test
2020-03-23,SPY,-3.8961904713814985,0.020319170653897104,-2.8565649208423323,0.0574658212565195,"GARCH(1,1)",1,test
2020-03-23,TLT,-3.866651302567564,0.0209283348745326,-3.4387480605358767,0.032104853511648185,"GARCH(1,1)",1,test
2020-03-24,GLD,-4.96883992503184,0.006951207280742398,-4.1149844381724705,0.01632619447288674,"GARCH(1,1)",1,test
2020-03-24,SPY,-3.055712980250951,0.0470891351754033,-2.9007686420879812,0.054980943143644344,"GARCH(1,1)",1,test
2020-03-24,TLT,-3.843053223512649,0.021428076657752305,-3.3180486771523148,0.03622344647430872,"GARCH(1,1)",1,test
2020-03-25,GLD,-4.375843894182999,0.012577523663529499,-3.9729707522638935,0.01881744804103443,"GARCH(1,1)",1,test
2020-03-25,SPY,-3.680529732379428,0.025209616947116792,-3.0111649348115437,0.04923429060117693,"GARCH(1,1)",1,test
2020-03-25,TLT,-4.234281956774387,0.014490211061068195,-3.3163211052064407,0.03628607916988719,"GARCH(1,1)",1,test
2020-03-26,GLD,-5.037256325859123,0.0064915345628169,-3.8401974522788245,0.021489357803486455,"GARCH(1,1)",1,test
2020-03-26,SPY,-3.6131576054127126,0.026966562526268698,-2.8460754669337436,0.058071778866069304,"GARCH(1,1)",1,test
2020-03-26,TLT,-4.323309444951397,0.0132559410627153,-3.349088178765909,0.0351163593492136,"GARCH(1,1)",1,test
2020-03-27,GLD,-5.006389620096583,0.006695031330948798,-3.861770790555881,0.021030725520420634,"GARCH(1,1)",1,test
2020-03-27,SPY,-3.9236564930838105,0.0197686783942874,-2.9794043344861687,0.050823098417261785,"GARCH(1,1)",1,test
2020-03-27,TLT,-4.139306000167259,0.015933905796187198,-3.3909979424396264,0.03367505435978072,"GARCH(1,1)",1,test
2020-03-30,GLD,-4.445386101686337,0.0117325751892503,-3.8845347300711177,0.020557391272658963,"GARCH(1,1)",1,test
2020-03-30,SPY,-4.009449616700535,0.018143378301706096,-2.976038696410523,0.05099443874544504,"GARCH(1,1)",1,test
2020-03-30,TLT,-4.636907263274444,0.0096876125793651,-3.431592754073515,0.032335397399917504,"GARCH(1,1)",1,test
2020-03-31,GLD,-4.6875956633590805,0.009208800617029599,-3.91496792615517,0.01994118822596972,"GARCH(1,1)",1,test
2020-03-31,SPY,-3.256218236585791,0.0385338487134153,-3.0686321456106467,0.04648469568525476,"GARCH(1,1)",1,test
2020-03-31,TLT,-4.6685956409868155,0.009385440804626798,-3.4496107085558187,0.03175799708850332,"GARCH(1,1)",1,test
2020-04-01,GLD,-4.842186132277796,0.007889787066342703,-3.94659169862583,0.019320439565370173,"GARCH(1,1)",1,test
2020-04-01,SPY,-4.139822610799267,0.0159256762969499,-3.151343044574366,0.04279461318091851,"GARCH(1,1)",1,test
2020-04-01,TLT,-4.855524178459175,0.007785251422479897,-3.4877888645221016,0.03056838834798111,"GARCH(1,1)",1,test
2020-04-02,GLD,-5.04969608375009,0.006411281642871098,-3.9010628428515775,0.02022040890385762,"GARCH(1,1)",1,test
2020-04-02,SPY,-3.813564650798558,0.0220693689817037,-3.274433428692336,0.03783830125318768,"GARCH(1,1)",1,test
2020-04-02,TLT,-4.694148380388092,0.009148655225485896,-3.5256624828889467,0.029432302512207038,"GARCH(1,1)",1,test
2020-04-03,GLD,-4.5984688233762006,0.010067238669842197,-3.927671483136304,0.019689466471134086,"GARCH(1,1)",1,test
2020-04-03,SPY,-3.017060665544206,0.0489448724849586,-3.2384232084477667,0.03922569710957109,"GARCH(1,1)",1,test
2020-04-03,TLT,-5.081688602826003,0.0062094149226721,-3.5599905701450565,0.02843909288944075,"GARCH(1,1)",1,test
2020-04-06,GLD,-4.893142035678188,0.007497826985572901,-3.9405052600905788,0.01943839082066908,"GARCH(1,1)",1,test
2020-04-06,SPY,-4.113100552693983,0.016356980142806496,-3.3377578207448977,0.03551650287698935,"GARCH(1,1)",1,test
2020-04-06,TLT,-4.559827314729411,0.010463865742905703,-3.5989740331528246,0.027351770066168197,"GARCH(1,1)",1,test
2020-04-07,GLD,-5.650311506201819,0.0035164212172671,-3.971206249513756,0.018850680790870215,"GARCH(1,1)",1,test
2020-04-07,SPY,-3.7131930189999496,0.0243994907207809,-3.453977736315165,0.03161961142059178,"GARCH(1,1)",1,test
2020-04-07,TLT,-4.7308070059605525,0.0088193508983717,-3.639769234274542,0.02625840280594763,"GARCH(1,1)",1,test
2020-04-08,GLD,-4.826895617684467,0.008011353004999597,-3.944873947473302,0.019353655793140193,"GARCH(1,1)",1,test
2020-04-08,SPY,-4.234204165127214,0.014491338322299702,-3.2130096784367836,0.04023533543847116,"GARCH(1,1)",1,test
2020-04-08,TLT,-4.887317232320625,0.007541627795083399,-3.681099365914872,0.025195260793149585,"GARCH(1,1)",1,test
2020-04-09,GLD,-4.264848995407538,0.014053989189731903,-3.975047467575533,0.018778410107928398,"GARCH(1,1)",1,test
2020-04-09,SPY,-4.175986438313723,0.015360032454929206,-3.352552348061896,0.034994920798661566,"GARCH(1,1)",1,test
2020-04-09,TLT,-4.943518287403673,0.0071294706681454025,-3.717150736926338,0.024303115258206772,"GARCH(1,1)",1,test
2020-04-13,GLD,-4.470275838734154,0.011444158672848004,-4.00061982314824,0.018304289949307162,"GARCH(1,1)",1,test
2020-04-13,SPY,-3.777629305192019,0.022876861245844596,-3.387421553844376,0.033795705058429715,"GARCH(1,1)",1,test
2020-04-13,TLT,-5.215986144798712,0.005429076979748901,-3.757387977182982,0.02334463753378261,"GARCH(1,1)",1,test
2020-04-14,GLD,-4.88435544491058,0.007563997604295099,-3.9774667951390774,0.01873303389484906,"GARCH(1,1)",1,test
2020-04-14,SPY,-3.842699618069336,0.021435655082105307,-3.502709409886535,0.03011567707110766,"GARCH(1,1)",1,test
2020-04-14,TLT,-5.125712437841336,0.005941982554910099,-3.8026372806616298,0.02231185158096521,"GARCH(1,1)",1,test
2020-04-15,GLD,-4.519033451441875,0.0108995535266705,-3.9860783447341417,0.01857240606432452,"GARCH(1,1)",1,test
2020-04-15,SPY,-4.5222384967197184,0.010864675886173904,-3.627282420425806,0.026588342252962364,"GARCH(1,1)",1,test
2020-04-15,TLT,-5.4071617241345455,0.004484349988233398,-3.8429607007681263,0.02143005933393443,"GARCH(1,1)",1,test
2020-04-16,GLD,-4.904573072976376,0.007412607049740198,-4.013145151272558,0.01807645255930318,"GARCH(1,1)",1,test
2020-04-16,SPY,-4.435277322469656,0.011851778687313694,-3.630591807261707,0.026500496580951348,"GARCH(1,1)",1,test
2020-04-16,TLT,-4.345111103366662,0.012970067149587804,-3.893079246876326,0.020382486599547767,"GARCH(1,1)",1,test
2020-04-17,GLD,-5.024648940336549,0.006573893918870902,-4.042883934076807,0.017546795574716098,"GARCH(1,1)",1,test
2020-04-17,SPY,-4.315947276353489,0.013353893665098298,-3.680699190725786,0.025205345329057504,"GARCH(1,1)",1,test
2020-04-17,TLT,-5.317137559238201,0.0049067790066322,-3.8745556107992263,0.020763562926925223,"GARCH(1,1)",1,test
2020-04-20,GLD,-4.726812590040263,0.008854649505732901,-4.074902392661846,0.016993873322759714,"GARCH(1,1)",1,test
2020-04-20,SPY,-4.33996604303006,0.013036970891950198,-3.8157202062392055,0.022021848468274183,"GARCH(1,1)",1,test
2020-04-20,TLT,-5.268293048305493,0.0051523979655075,-3.911739482964155,0.020005671253205667,"GARCH(1,1)",1,test
2020-04-21,GLD,-5.70595593687438,0.0033260963268018015,-4.068838107646439,0.01709724212626084,"GARCH(1,1)",1,test
2020-04-21,SPY,-4.582244930212144,0.0102319005914199,-3.7923156973916083,0.02254333781205816,"GARCH(1,1)",1,test
2020-04-21,TLT,-4.986829999289343,0.006827272684404797,-3.9423808310534487,0.019401966907775174,"GARCH(1,1)",1,test
2020-04-22,GLD,-5.000521334932885,0.006734435187433502,-4.0958985852833365,0.016640786396789224,"GARCH(1,1)",1,test
2020-04-22,SPY,-4.369086315081985,0.012662805098070303,-3.8445234114993334,0.021396596503414928,"GARCH(1,1)",1,test
2020-04-22,TLT,-5.284223361406574,0.005070968969442498,-3.9880111743940265,0.018536543436368194,"GARCH(1,1)",1,test
2020-04-23,GLD,-4.56693771796601,0.0103897273274309,-4.122949800816225,0.016196666964947884,"GARCH(1,1)",1,test
2020-04-23,SPY,-4.413515705853395,0.012112519330497801,-3.7471781688890835,0.02358420268379817,"GARCH(1,1)",1,test
2020-04-23,TLT,-5.889193428453782,0.002769209361868601,-4.0220159419172115,0.01791680926106173,"GARCH(1,1)",1,test
2020-04-24,GLD,-4.981305286689496,0.006865095788512402,-4.113880369536323,0.0163442296663656,"GARCH(1,1)",1,test
2020-04-24,SPY,-4.831405443806098,0.007975304543193102,-3.7848962895368325,0.022711218045538814,"GARCH(1,1)",1,test
2020-04-24,TLT,-5.069005805337444,0.006288669195246603,-4.0623720580030085,0.01720815193033844,"GARCH(1,1)",1,test
2020-04-27,GLD,-4.823630685379544,0.008037552276382304,-4.135303067292774,0.015997815980267564,"GARCH(1,1)",1,test
2020-04-27,SPY,-4.678085697072531,0.0092967937430984,-3.9211752823531945,0.01981778955362148,"GARCH(1,1)",1,test
2020-04-27,TLT,-5.41907698408227,0.0044312348611103,-4.118129917705444,0.016274921443727622,"GARCH(1,1)",1,test
2020-04-28,GLD,-5.006332360435538,0.006695414697149102,-4.1653122765445,0.01552486609152342,"GARCH(1,1)",1,test
2020-04-28,SPY,-4.586017899420373,0.010193368681111797,-4.000747214456842,0.018301958290377177,"GARCH(1,1)",1,test
2020-04-28,TLT,-4.695877746851011,0.009132847520555201,-4.182053992045958,0.015267116803094002,"GARCH(1,1)",1,test
2020-04-29,GLD,-4.55004897653495,0.010566686851471397,-4.1920142353451295,0.01511580739541892,"GARCH(1,1)",1,test
2020-04-29,SPY,-4.492593115249725,0.011191585079615797,-4.065986732097241,0.017146062353742754,"GARCH(1,1)",1,test
2020-04-29,TLT,-4.880774005114678,0.007591136174901401,-4.161200690898368,0.015588829313126478,"GARCH(1,1)",1,test
2020-04-30,GLD,-4.656766636043236,0.0094971204576547,-4.221854901421693,0.014671405239199098,"GARCH(1,1)",1,test
2020-04-30,SPY,-3.820839946822322,0.021909390440563406,-4.186441293229467,0.015200282082704105,"GARCH(1,1)",1,test
2020-04-30,TLT,-4.982087917645336,0.006859725053959202,-4.193966904686253,0.015086320020667286,"GARCH(1,1)",1,test
2020-05-01,GLD,-5.385249262733418,0.004583697634830101,-4.250346904041902,0.014259286446798518,"GARCH(1,1)",1,test
2020-05-01,SPY,-4.58223394678482,0.010232012973373601,-4.041800861346586,0.01756581032582626,"GARCH(1,1)",1,test
2020-05-01,TLT,-5.327441062082459,0.004856481560096001,-4.249454481238226,0.014272017439056758,"GARCH(1,1)",1,test
2020-05-04,GLD,-4.952260335547226,0.007067416129410098,-4.234396866052079,0.014488546097043298,"GARCH(1,1)",1,test
2020-05-04,SPY,-4.294771476296056,0.013639688333254001,-4.131626691324494,0.01605673821025276,"GARCH(1,1)",1,test
2020-05-04,TLT,-5.574240693208367,0.0037943555685666986,-4.27397883390563,0.013926262487466715,"GARCH(1,1)",1,test
2020-05-05,GLD,-4.878908191996058,0.007605313037937503,-4.2615742558200385,0.014100087783742722,"GARCH(1,1)",1,test
2020-05-05,SPY,-4.812872490562856,0.0081244886302462,-3.9705378186543796,0.018863285379809882,"GARCH(1,1)",1,test
2020-05-05,TLT,-4.9805795108627935,0.006870080117617698,-4.32249575593408,0.01326673166587451,"GARCH(1,1)",1,test
2020-05-06,GLD,-4.733580126481352,0.008794927655365102,-4.292581779753605,0.01366958783510858,"GARCH(1,1)",1,test
2020-05-06,SPY,-5.036819376741147,0.006494371652905299,-4.102384424248543,0.01653320618704649,"GARCH(1,1)",1,test
2020-05-06,TLT,-4.753737750113192,0.008619417688616097,-4.379063389842267,0.012537095494767685,"GARCH(1,1)",1,test
2020-05-07,GLD,-4.778903474044639,0.008405210447671098,-4.322786782283886,0.013262871259151213,"GARCH(1,1)",1,test
2020-05-07,SPY,-4.972655700384122,0.006924733576308101,-4.200053630958053,0.014994772614891612,"GARCH(1,1)",1,test
2020-05-07,TLT,-4.942700543664543,0.007135303132553202,-4.4279302487706165,0.011939175240116558,"GARCH(1,1)",1,test
2020-05-08,GLD,-4.9314778927801575,0.0072158311724099975,-4.326416549336838,0.013214817390960932,"GARCH(1,1)",1,test
2020-05-08,SPY,-4.7270861633760894,0.008852227441051304,-4.296374702441251,0.0136178383482196,"GARCH(1,1)",1,test
2020-05-08,TLT,-4.776092723697515,0.0084288686288995,-4.388788441484475,0.012415762534560105,"GARCH(1,1)",1,test
2020-05-11,GLD,-5.234427041914949,0.005329877405490598,-4.319340389878166,0.013308659174177164,"GARCH(1,1)",1,test
2020-05-11,SPY,-4.51011538824147,0.010997191156044703,-4.340549651278299,0.013029364627960694,"GARCH(1,1)",1,test
2020-05-11,TLT,-5.074413907101274,0.0062547512308493,-4.3600950002081635,0.012777173757709965,"GARCH(1,1)",1,test
2020-05-12,GLD,-5.509342415470186,0.004048768915838798,-4.345702078955805,0.012962404420978653,"GARCH(1,1)",1,test
2020-05-12,SPY,-4.012301156012532,0.018091715439574607,-4.304605338654839,0.013506214871022002,"GARCH(1,1)",1,test
2020-05-12,TLT,-5.112266107123707,0.006022419999758501,-4.363985738844373,0.012727557698259036,"GARCH(1,1)",1,test
2020-05-13,GLD,-5.185357591576924,0.005597934483137698,-4.371334829422373,0.012634364585650268,"GARCH(1,1)",1,test
2020-05-13,SPY,-3.5862455540832725,0.027702141617029302,-4.430803002266433,0.011904926150857779,"GARCH(1,1)",1,test
2020-05-13,TLT,-5.383348394321898,0.004592418927260701,-4.399315408705002,0.012285747740729679,"GARCH(1,1)",1,test
2020-05-14,GLD,-4.904798519874281,0.0074109360888389994,-4.401705125006704,0.012256423341527803,"GARCH(1,1)",1,test
2020-05-14,SPY,-4.707510894677226,0.009027219340610498,-4.25597587750864,0.014179246783645192,"GARCH(1,1)",1,test
2020-05-14,TLT,-4.967668043152136,0.006959358049533098,-4.421077521664079,0.012021272122408205,"GARCH(1,1)",1,test
2020-05-15,GLD,-5.028483242870173,0.006548735883344197,-4.415892450532768,0.012083765148835201,"GARCH(1,1)",1,test
2020-05-15,SPY,-4.7330864408707765,0.008799270656544999,-4.195170168298216,0.015068178117682721,"GARCH(1,1)",1,test
2020-05-15,TLT,-4.721682105572979,0.008900194882506098,-4.459044495557445,0.011573416456791387,"GARCH(1,1)",1,test
2020-05-18,GLD,-5.210949473178486,0.005456490436033301,-4.43249262061574,0.011884828352771645,"GARCH(1,1)",1,test
2020-05-18,SPY,-4.72011590117113,0.008914145328681804,-4.2563595143520585,0.014173808145464761,"GARCH(1,1)",1,test
2020-05-18,TLT,-5.803345846052592,0.003017441940660001,-4.479441893171585,0.011339740175350752,"GARCH(1,1)",1,test
2020-05-19,GLD,-5.385449941085218,0.004582777878234299,-4.458857098339451,0.011575585486066754,"GARCH(1,1)",1,test
2020-05-19,SPY,-5.3058984173628465,0.004962238064357802,-4.37391242134304,0.012601840284766682,"GARCH(1,1)",1,test
2020-05-19,TLT,-4.9733482327709115,0.006919939634208298,-4.529442349526831,0.010786689598423015,"GARCH(1,1)",1,test
2020-05-20,GLD,-4.775103325075164,0.0084372122668202,-4.478209413827701,0.01135372478698415,"GARCH(1,1)",1,test
2020-05-20,SPY,-4.752400481454229,0.008630951876184496,-4.057149881990886,0.01729825098035243,"GARCH(1,1)",1,test
2020-05-20,TLT,-5.415161681630456,0.004448618494711201,-4.406212977498773,0.012201297535873755,"GARCH(1,1)",1,test
2020-05-21,GLD,-5.8416707153102,0.0029039868353539,-4.488754663447306,0.011234625991924263,"GARCH(1,1)",1,test
2020-05-21,SPY,-5.204802282925308,0.005490135827219502,-4.136079571992441,0.015985398422744317,"GARCH(1,1)",1,test
2020-05-21,TLT,-5.698430706844659,0.0033512203803405007,-4.451124087056494,0.011665446620015191,"GARCH(1,1)",1,test
2020-05-22,GLD,-5.275140822611478,0.0051172360349883,-4.5208825432504804,0.010879417873599676,"GARCH(1,1)",1,test
2020-05-22,SPY,-4.213480769688519,0.014794781382431394,-4.146792894526898,0.01581505579063637,"GARCH(1,1)",1,test
2020-05-22,TLT,-5.74642636513154,0.0031941752406077,-4.4973874960021485,0.01113805677958048,"GARCH(1,1)",1,test
2020-05-26,GLD,-5.0320709002442054,0.006525283357730299,-4.496127076168697,0.011152104258252221,"GARCH(1,1)",1,test
2020-05-26,SPY,-4.166041409180868,0.015513550530754497,-4.245264157948638,0.014331947281136188,"GARCH(1,1)",1,test
2020-05-26,TLT,-5.177204670572793,0.005643760555098903,-4.544437206867622,0.010626151358733304,"GARCH(1,1)",1,test
2020-05-27,GLD,-5.013475110225151,0.006647761415564399,-4.520018121783674,0.010888826341811065,"GARCH(1,1)",1,test
2020-05-27,SPY,-4.593951286529745,0.010112820673144698,-4.3710934639450745,0.012637414453140396,"GARCH(1,1)",1,test
2020-05-27,TLT,-5.644440239985745,0.003537127789778701,-4.579569654037881,0.010259310399344695,"GARCH(1,1)",1,test
2020-05-28,GLD,-5.400001320003378,0.0045165749807145016,-4.498635498264298,0.011124165129731859,"GARCH(1,1)",1,test
2020-05-28,SPY,-4.400811950714945,0.012267375354065304,-4.396823811057644,0.012316397047911294,"GARCH(1,1)",1,test
2020-05-28,TLT,-4.997968088303546,0.006751651831192102,-4.552275594278636,0.010543185053505938,"GARCH(1,1)",1,test
2020-05-29,GLD,-5.272263179282146,0.005131982822950702,-4.530066907298175,0.010779954790964335,"GARCH(1,1)",1,test
2020-05-29,SPY,-5.089608315305446,0.0061604323617413,-4.3740489834654905,0.01260011946821247,"GARCH(1,1)",1,test
2020-05-29,TLT,-5.717396188803569,0.0032882617779138004,-4.598253548904869,0.010069406122614871,"GARCH(1,1)",1,test
2020-06-01,GLD,-4.793156984989481,0.008286256458464796,-4.559330339788648,0.010469067314381714,"GARCH(1,1)",1,test
2020-06-01,SPY,-5.072731309571328,0.006265284318809598,-4.49123946889701,0.01120674478606575,"GARCH(1,1)",1,test
2020-06-01,TLT,-5.606705399844099,0.003673151008583899,-4.639151555313072,0.00966589512684843,"GARCH(1,1)",1,test
2020-06-02,GLD,-4.739872740657594,0.008739758330604301,-4.575952822337006,0.010296483782838551,"GARCH(1,1)",1,test
2020-06-02,SPY,-5.058359650972891,0.006355976987093501,-4.596448914007392,0.010087594130721597,"GARCH(1,1)",1,test
2020-06-02,TLT,-5.179313260417061,0.0056318727166013004,-4.66253794643128,0.009442467489022178,"GARCH(1,1)",1,test
2020-06-03,GLD,-4.72086095628516,0.0089075062726559,-4.601754093477907,0.01003421934004004,"GARCH(1,1)",1,test
2020-06-03,SPY,-4.721958402679697,0.0088977361241004,-4.697737177793278,0.009115881399837728,"GARCH(1,1)",1,test
2020-06-03,TLT,-5.359830177116945,0.0047017044968019,-4.675635426072055,0.009319601338187867,"GARCH(1,1)",1,test
2020-06-04,GLD,-4.96335512866112,0.006989437985181298,-4.619842806295941,0.009854344980432438,"GARCH(1,1)",1,test
2020-06-04,SPY,-4.813592534651708,0.008118640745852999,-4.727828180197961,0.00884566137574573,"GARCH(1,1)",1,test
2020-06-04,TLT,-4.395385558025726,0.012334123888092801,-4.713841603170423,0.008970251161193057,"GARCH(1,1)",1,test
2020-06-05,GLD,-5.243456546156526,0.005281967879995102,-4.54563786225562,0.010613400668974694,"GARCH(1,1)",1,test
2020-06-05,SPY,-5.116481865031545,0.005997084376969602,-4.631374047917024,0.009741364800231092,"GARCH(1,1)",1,test
2020-06-05,TLT,-5.321687168990536,0.004884505782668902,-4.665051129068787,0.009418766638431367,"GARCH(1,1)",1,test
2020-06-08,GLD,-5.536405503324149,0.003940666122554899,-4.547246730928375,0.010596338829936469,"GARCH(1,1)",1,test
2020-06-08,SPY,-4.759006078926107,0.008574127169484299,-4.727704644305686,0.00884675419991666,"GARCH(1,1)",1,test
2020-06-08,TLT,-5.1952854821900845,0.005542633765881701,-4.613191234346285,0.009920110344137277,"GARCH(1,1)",1,test
2020-06-09,GLD,-4.393742602371799,0.0123544049625619,-4.473455640849776,0.011407826308366757,"GARCH(1,1)",1,test
2020-06-09,SPY,-4.838703375725882,0.007917313179493297,-4.2958498378113,0.013624987745973849,"GARCH(1,1)",1,test
2020-06-09,TLT,-5.237082944051172,0.0053157405540603985,-4.635125709642503,0.00970488696379288,"GARCH(1,1)",1,test
2020-06-10,GLD,-4.792380871522786,0.008292690029958496,-4.478101178121272,0.011354953731913727,"GARCH(1,1)",1,test
2020-06-10,SPY,-4.054000552535319,0.017352814746234,-4.338927114926925,0.013050522405694908,"GARCH(1,1)",1,test
2020-06-10,TLT,-5.0366336301915435,0.0064955780720723,-4.672654311999418,0.00934742558591046,"GARCH(1,1)",1,test
2020-06-11,GLD,-5.326497870335823,0.004861064314289399,-4.487796431902368,0.011245396524453182,"GARCH(1,1)",1,test
2020-06-11,SPY,-3.773155938282072,0.0229794270762039,-4.412227543946041,0.012128132270339662,"GARCH(1,1)",1,test
2020-06-11,TLT,-4.965008789083236,0.006977889379580102,-4.658123005497894,0.00948424758571743,"GARCH(1,1)",1,test
2020-06-12,GLD,-4.843800631724732,0.0078770592867489,-4.472437169802492,0.011419450767757116,"GARCH(1,1)",1,test
2020-06-12,SPY,-3.932959641206634,0.019585620279653503,-4.498015465840498,0.011131064611530175,"GARCH(1,1)",1,test
2020-06-12,TLT,-4.966115585432296,0.006970170549465099,-4.610132974025498,0.009950495062487586,"GARCH(1,1)",1,test
2020-06-15,GLD,-5.185346973274138,0.005597993924016598,-4.490926691722072,0.011210250548272814,"GARCH(1,1)",1,test
2020-06-15,SPY,-4.052239993265145,0.017383392314011193,-3.5368496149032076,0.02910487436432515,"GARCH(1,1)",1,test
2020-06-15,TLT,-4.508049912104456,0.011019929066173396,-4.526487771591463,0.010818606841278385,"GARCH(1,1)",1,test
2020-06-16,GLD,-5.801879292284057,0.003021870428023101,-4.521019409420718,0.01087792895123478,"GARCH(1,1)",1,test
2020-06-16,SPY,-5.053050939708938,0.006389808755809097,-3.65269510520874,0.025921174261937432,"GARCH(1,1)",1,test
2020-06-16,TLT,-5.080474637558837,0.0062169575140133,-4.538185437929177,0.010692791694673342,"GARCH(1,1)",1,test
2020-06-17,GLD,-5.562050047179765,0.003840894306500899,-4.550531298280437,0.01056159153751432,"GARCH(1,1)",1,test
2020-06-17,SPY,-5.246252611570185,0.005267219780223999,-3.771871848293504,0.023008953681807644,"GARCH(1,1)",1,test
2020-06-17,TLT,-5.59901240246358,0.003701517521526799,-4.582374170074706,0.010230578307441455,"GARCH(1,1)",1,test
2020-06-18,GLD,-5.638258388413876,0.0035590615144306995,-4.5806769769683084,0.010247956317167066,"GARCH(1,1)",1,test
2020-06-18,SPY,-4.263909754400829,0.014067195473657604,-3.8256116016807113,0.021805095419034783,"GARCH(1,1)",1,test
2020-06-18,TLT,-5.415045780976378,0.004449134122384699,-4.538562398411225,0.010688761694384827,"GARCH(1,1)",1,test
2020-06-19,GLD,-5.175511704444673,0.0056533233430079,-4.609739867192051,0.009954407439033424,"GARCH(1,1)",1,test
2020-06-19,SPY,-4.790982177700519,0.008304297079735502,-3.9499826498052664,0.019255035851110398,"GARCH(1,1)",1,test
2020-06-19,TLT,-5.28768083918397,0.005053466481587801,-4.57702310871036,0.01028546949182652,"GARCH(1,1)",1,test
2020-06-22,GLD,-5.866841762316037,0.002831802732114501,-4.638392016847868,0.009673239534825004,"GARCH(1,1)",1,test
2020-06-22,SPY,-5.138378932614391,0.005867193123838197,-4.079592626748349,0.016914354705077957,"GARCH(1,1)",1,test
2020-06-22,TLT,-5.507909846102448,0.004054573214702398,-4.580163484873421,0.010253219913016455,"GARCH(1,1)",1,test
2020-06-23,GLD,-5.030071771908741,0.006538341284474503,-4.629756360866061,0.00975713603294728,"GARCH(1,1)",1,test
2020-06-23,SPY,-4.164484116305835,0.015537728493660896,-4.155300602864224,0.01568107664450924,"GARCH(1,1)",1,test
2020-06-23,TLT,-5.596133897731563,0.003712187706950199,-4.623419183272603,0.009819165073725829,"GARCH(1,1)",1,test
2020-06-24,GLD,-5.749008956026237,0.0031859366357672994,-4.64623647918169,0.009597655019185417,"GARCH(1,1)",1,test
2020-06-24,SPY,-4.38330000268788,0.012484093029687999,-4.265467447513871,0.014045300157667175,"GARCH(1,1)",1,test
2020-06-24,TLT,-5.779453680703212,0.0030904032940868996,-4.6661650147638705,0.009408281049965144,"GARCH(1,1)",1,test
2020-06-25,GLD,-4.853507095934041,0.007800970765354199,-4.652797244811811,0.009534893162048145,"GARCH(1,1)",1,test
2020-06-25,SPY,-4.567687758284412,0.010381937534732598,-4.380882232024938,0.012514313221594036,"GARCH(1,1)",1,test
2020-06-25,TLT,-5.771232404490612,0.0031159150791983006,-4.685840411685521,0.009224978573763365,"GARCH(1,1)",1,test
2020-06-26,GLD,-5.944469885044577,0.002620291035714399,-4.677796083098027,0.009299486614412239,"GARCH(1,1)",1,test
2020-06-26,SPY,-4.444161272645158,0.011746954392305001,-4.110528787315708,0.016399100596778213,"GARCH(1,1)",1,test
2020-06-26,TLT,-5.5750666611615864,0.0037912228464060988,-4.676007074806083,0.00931613836369378,"GARCH(1,1)",1,test
2020-06-29,GLD,-5.033790450430224,0.006514072447142798,-4.706732603496734,0.009034247880578206,"GARCH(1,1)",1,test
2020-06-29,SPY,-4.446867766482472,0.011715204317706696,-4.190975291213171,0.015131520035676546,"GARCH(1,1)",1,test
2020-06-29,TLT,-5.108866567815382,0.006042928292902303,-4.714083225093765,0.008968084013680348,"GARCH(1,1)",1,test
2020-06-30,GLD,-4.941985064911832,0.007140410117090299,-4.728183191637561,0.008842521622123714,"GARCH(1,1)",1,test
2020-06-30,SPY,-5.093960899982741,0.006133676828340699,-4.049319736662119,0.017434230474307262,"GARCH(1,1)",1,test
2020-06-30,TLT,-5.173658295604142,0.005663810978406098,-4.7010103964074865,0.009086091907512204,"GARCH(1,1)",1,test
2020-07-01,GLD,-5.4533571272075365,0.004281905632641499,-4.756721551571157,0.008593737389060413,"GARCH(1,1)",1,test
2020-07-01,SPY,-4.760123456920838,0.0085645519790109,-4.099918588458627,0.016574024663732378,"GARCH(1,1)",1,test
2020-07-01,TLT,-5.193150916136374,0.005554477519907101,-4.736629412026568,0.008768150256310652,"GARCH(1,1)",1,test
2020-07-02,GLD,-5.71089662345519,0.003309703656183301,-4.776853210909772,0.008422461018854986,"GARCH(1,1)",1,test
2020-07-02,SPY,-5.394244731689505,0.0045426500231025,-4.162042943779604,0.01557570510444953,"GARCH(1,1)",1,test
2020-07-02,TLT,-5.288426550733457,0.0050496994579985995,-4.763573479773686,0.008535054990858226,"GARCH(1,1)",1,test
2020-07-06,GLD,-5.647790214599107,0.0035252983267420007,-4.7955408548473475,0.008266526627477053,"GARCH(1,1)",1,test
2020-07-06,SPY,-4.7387863368703105,0.008749258396674103,-4.266476117266951,0.01403114023077074,"GARCH(1,1)",1,test
2020-07-06,TLT,-5.0757945596713165,0.006246121551153002,-4.79725902104756,0.008252335555633677,"GARCH(1,1)",1,test
2020-07-07,GLD,-5.425146621533127,0.004404420331601699,-4.821199594387557,0.008057116068362768,"GARCH(1,1)",1,test
2020-07-07,SPY,-4.895595483223199,0.007479454008146602,-4.374535105369758,0.012593995762696871,"GARCH(1,1)",1,test
2020-07-07,TLT,-5.380034829442524,0.0046076614449185,-4.835700926221058,0.00794112023438423,"GARCH(1,1)",1,test
2020-07-08,GLD,-4.947663449657584,0.0070999790214997015,-4.831419891949295,0.007975189315683433,"GARCH(1,1)",1,test
2020-07-08,SPY,-4.295662372666251,0.013627542195705602,-4.345963066946112,0.012959021830526213,"GARCH(1,1)",1,test
2020-07-08,TLT,-4.869563016377008,0.007676719155598799,-4.861802692368822,0.007736524738780434,"GARCH(1,1)",1,test
2020-07-09,GLD,-5.119374057357867,0.0059797647135260016,-4.839148731495508,0.007913787943439247,"GARCH(1,1)",1,test
2020-07-09,SPY,-4.65673842747331,0.009497388361619803,-4.378739623232983,0.012541155244836594,"GARCH(1,1)",1,test
2020-07-09,TLT,-5.077407605785259,0.006236054390637602,-4.78016785161452,0.008394589803777783,"GARCH(1,1)",1,test
2020-07-10,GLD,-5.493268251139932,0.004114375364542699,-4.846985706182392,0.007852010179225785,"GARCH(1,1)",1,test
2020-07-10,SPY,-4.13551410736157,0.015994440156312097,-4.461038830643268,0.01155035818688972,"GARCH(1,1)",1,test
2020-07-10,TLT,-5.248684629077281,0.005254425373921098,-4.808829721165416,0.008157400547069505,"GARCH(1,1)",1,test
2020-07-13,GLD,-5.601637243615581,0.0036918143662031987,-4.869381220032614,0.0076781148819433515,"GARCH(1,1)",1,test
2020-07-13,SPY,-4.312179878524511,0.013404297982040802,-4.538774170558114,0.010686498352038108,"GARCH(1,1)",1,test
2020-07-13,TLT,-5.555977659556345,0.0038642886634657012,-4.715255075009725,0.008957580920409018,"GARCH(1,1)",1,test
2020-07-14,GLD,-5.6736379697266,0.003435344834909099,-4.891471151040743,0.007510365461753794,"GARCH(1,1)",1,test
2020-07-14,SPY,-4.7999498881192615,0.008230159467456102,-4.562538090853365,0.0104355389566197,"GARCH(1,1)",1,test
2020-07-14,TLT,-5.405276878775522,0.004492810265149101,-4.74179015251954,0.008723016669769377,"GARCH(1,1)",1,test
2020-07-15,GLD,-5.510740772883604,0.004043111246454002,-4.9162572864748775,0.007326500589133537,"GARCH(1,1)",1,test
2020-07-15,SPY,-5.419326288837343,0.0044301302708841,-4.5797152940117645,0.010257816342445917,"GARCH(1,1)",1,test
2020-07-15,TLT,-5.837626821775394,0.002915754025538899,-4.775685004677103,0.008432305939640916,"GARCH(1,1)",1,test
2020-07-16,GLD,-5.927083788221883,0.0026662460005128998,-4.9287096707309805,0.0072358338685433645,"GARCH(1,1)",1,test
2020-07-16,SPY,-5.079439601640739,0.0062233956196021,-4.539912990035178,0.010674335286655616,"GARCH(1,1)",1,test
2020-07-16,TLT,-5.657312554163171,0.003491888561029099,-4.812977287412173,0.008123637254046984,"GARCH(1,1)",1,test
2020-07-17,GLD,-5.729350973269469,0.0032491853575717,-4.952970688914232,0.007062397549260227,"GARCH(1,1)",1,test
2020-07-17,SPY,-4.808327713513441,0.008161496652616501,-4.580496874075917,0.010249802169957616,"GARCH(1,1)",1,test
2020-07-17,TLT,-5.726756611906967,0.0032576258626489008,-4.836072816626742,0.007938167557028902,"GARCH(1,1)",1,test
2020-07-20,GLD,-5.6677903772797205,0.0034554921807414,-4.920118053205969,0.007298269211851716,"GARCH(1,1)",1,test
2020-07-20,SPY,-5.134997610493544,0.005887065572376,-4.672243861512905,0.009351263028776107,"GARCH(1,1)",1,test
2020-07-20,TLT,-5.913341217692459,0.0027031400027951,-4.859134282850294,0.007757196523160859,"GARCH(1,1)",1,test
2020-07-21,GLD,-5.135923200675302,0.0058816190832801,-4.906191719156627,0.007400618366988748,"GARCH(1,1)",1,test
2020-07-21,SPY,-5.5195091183309435,0.0040078148221274,-4.772813341709908,0.008456555481927745,"GARCH(1,1)",1,test
2020-07-21,TLT,-5.90219177130296,0.0027334471573806007,-4.891539850428231,0.007509849521969336,"GARCH(1,1)",1,test
2020-07-22,GLD,-4.5624736589697,0.010436211359713598,-4.917848539878585,0.007314851540885686,"GARCH(1,1)",1,test
2020-07-22,SPY,-4.548494519535097,0.010583125084766299,-4.789302156774096,0.008318260198490334,"GARCH(1,1)",1,test
2020-07-22,TLT,-5.299125987858484,0.004995958527678302,-4.9224447029717595,0.007281308434045287,"GARCH(1,1)",1,test
2020-07-23,GLD,-5.661268398703445,0.0034781024785072007,-4.864580351146898,0.0077150651304600994,"GARCH(1,1)",1,test
2020-07-23,SPY,-5.109121528856786,0.006041387778005602,-4.8859364074791225,0.007552048655123657,"GARCH(1,1)",1,test
2020-07-23,TLT,-5.663838892137993,0.003469173519752901,-4.956038053319522,0.007040767792533592,"GARCH(1,1)",1,test
2020-07-24,GLD,-5.323396281409192,0.0048761647430943,-4.783878246762373,0.008363500271394224,"GARCH(1,1)",1,test
2020-07-24,SPY,-5.314626716808911,0.004919114635482701,-4.929634406145356,0.0072291457295686765,"GARCH(1,1)",1,test
2020-07-24,TLT,-5.649795981604432,0.0035182344862516005,-4.981869894443173,0.006861220796228753,"GARCH(1,1)",1,test
2020-07-27,GLD,-4.680173300142762,0.009277405971963403,-4.778284080333894,0.008410418194816287,"GARCH(1,1)",1,test
2020-07-27,SPY,-5.1818231221199,0.0056177552188491015,-4.73533978791495,0.008779465168719233,"GARCH(1,1)",1,test
2020-07-27,TLT,-5.933434475057825,0.002649367159979901,-4.909911510756428,0.007373140746149115,"GARCH(1,1)",1,test
2020-07-28,GLD,-4.276737381835202,0.013887899162777603,-4.774929464294406,0.008438679294657938,"GARCH(1,1)",1,test
2020-07-28,SPY,-5.202221233762126,0.005504324440579598,-4.75997052911032,0.00856586183734745,"GARCH(1,1)",1,test
2020-07-28,TLT,-5.137616452712561,0.005871668446630302,-4.943544998672568,0.0071292802334806974,"GARCH(1,1)",1,test
2020-07-29,GLD,-4.777054152872756,0.008420768763033002,-4.658604443932042,0.009479682603377846,"GARCH(1,1)",1,test
2020-07-29,SPY,-4.636164689810974,0.0096948090150013,-4.7945455241548185,0.008274758651263347,"GARCH(1,1)",1,test
2020-07-29,TLT,-6.166991311060151,0.002097537353793,-4.964070531673618,0.006984439508366905,"GARCH(1,1)",1,test
2020-07-30,GLD,-5.261127719987954,0.005189449172059499,-4.665285452750755,0.009416559856913732,"GARCH(1,1)",1,test
2020-07-30,SPY,-4.464764062959788,0.011507410464093702,-4.808995492232251,0.008156048398154895,"GARCH(1,1)",1,test
2020-07-30,TLT,-5.206267983172441,0.005482094828067501,-4.959136408160332,0.007018986755675536,"GARCH(1,1)",1,test
2020-07-31,GLD,-5.13839406813505,0.005867104321487498,-4.675937880547802,0.009316783009280532,"GARCH(1,1)",1,test
2020-07-31,SPY,-5.529568688728649,0.0039677000338356,-4.708961218911519,0.009014136435153213,"GARCH(1,1)",1,test
2020-07-31,TLT,-5.693555738018236,0.0033675973614275996,-4.987951031396727,0.006819623380878223,"GARCH(1,1)",1,test
2020-08-03,GLD,-4.60260328739253,0.010025701959004396,-4.6849869382869205,0.009232855208349653,"GARCH(1,1)",1,test
2020-08-03,SPY,-6.0945406431747235,0.0022551458194475004,-4.785024519197126,0.008353918914047092,"GARCH(1,1)",1,test
2020-08-03,TLT,-6.063897179925068,0.002325321011700199,-4.983758392847832,0.006848275619021649,"GARCH(1,1)",1,test
2020-08-04,GLD,-4.688687104756104,0.009198755233790004,-4.685525938760801,0.009227880035947676,"GARCH(1,1)",1,test
2020-08-04,SPY,-6.08216812567146,0.002283220972590299,-4.802516575785965,0.008209062305151262,"GARCH(1,1)",1,test
2020-08-04,TLT,-5.622423726894045,0.0036158666066227994,-5.013793728092856,0.006645643657392875,"GARCH(1,1)",1,test
2020-08-05,GLD,-4.956579742637645,0.007036954916619299,-4.714185426208663,0.008967167512330185,"GARCH(1,1)",1,test
2020-08-05,SPY,-5.367939398397989,0.004663731508412101,-4.8360055133204005,0.007938701839931082,"GARCH(1,1)",1,test
2020-08-05,TLT,-5.021447833647937,0.006594971372254798,-5.007568712060687,0.00668714192538843,"GARCH(1,1)",1,test
2020-08-06,GLD,-4.428391995731517,0.0119336636348152,-4.595359396908963,0.010098590726410756,"GARCH(1,1)",1,test
2020-08-06,SPY,-5.315751395215077,0.004913585323406502,-4.913643016940356,0.007345679094386556,"GARCH(1,1)",1,test
2020-08-06,TLT,-5.09751137724173,0.006111937962758101,-4.963851534882172,0.006985969245706951,"GARCH(1,1)",1,test
2020-08-07,GLD,-4.5694927613210705,0.010363215008147903,-4.600997658815755,0.010041812442837493,"GARCH(1,1)",1,test
2020-08-07,SPY,-5.1384331424738106,0.0058668750727446,-4.94144967080695,0.007144234074144119,"GARCH(1,1)",1,test
2020-08-07,TLT,-5.871190096094198,0.0028195158417516,-4.933039220340221,0.007204573686929824,"GARCH(1,1)",1,test
2020-08-10,GLD,-4.371878792992481,0.0126274938204766,-4.580646485989468,0.0102482687921501,"GARCH(1,1)",1,test
2020-08-10,SPY,-4.717261926578563,0.008939622411144398,-4.952959473802036,0.007062476755285268,"GARCH(1,1)",1,test
2020-08-10,TLT,-4.9869709073550545,0.006826310734391603,-4.943376295862763,0.007130483064545607,"GARCH(1,1)",1,test
2020-08-11,GLD,-4.5765541498979125,0.010290294084564097,-4.537992420966779,0.010694855784041524,"GARCH(1,1)",1,test
2020-08-11,SPY,-5.347752257791723,0.004758835622464701,-5.038759067544431,0.006481786789254966,"GARCH(1,1)",1,test
2020-08-11,TLT,-5.382777673723197,0.0045950406634086,-4.939685472936338,0.007156849041061869,"GARCH(1,1)",1,test
2020-08-12,GLD,-4.473405171978182,0.0114084020630166,-4.566459932782696,0.010394692571272133,"GARCH(1,1)",1,test
2020-08-12,SPY,-5.286206636683021,0.005060921808494002,-5.102672278969076,0.006080476107173022,"GARCH(1,1)",1,test
2020-08-12,TLT,-4.743589294026972,0.008707336837756596,-4.9554218980048885,0.007045107335807094,"GARCH(1,1)",1,test
2020-08-13,GLD,-4.818831384947815,0.008076219618368302,-4.054940802437463,0.017336506432013822,"GARCH(1,1)",1,test
2020-08-13,SPY,-5.599961987753353,0.0036980042832622,-4.963001932114484,0.006991907066550431,"GARCH(1,1)",1,test
2020-08-13,TLT,-5.642457864700976,0.0035441466592063,-4.880268150296503,0.007594977159119177,"GARCH(1,1)",1,test
2020-08-14,GLD,-5.024642506105294,0.006573936216960702,-4.093322065629353,0.01668371699201007,"GARCH(1,1)",1,test
2020-08-14,SPY,-5.769805663287203,0.0031203638565004007,-4.743805111956442,0.008705457841116943,"GARCH(1,1)",1,test
2020-08-14,TLT,-5.472200804727534,0.0042019742495161,-4.857955123872217,0.0077663488860708375,"GARCH(1,1)",1,test
2020-08-17,GLD,-4.280917092850369,0.013829972899520605,-4.066250500949045,0.01714154035297044,"GARCH(1,1)",1,test
2020-08-17,SPY,-5.2625131921212915,0.005182264313204399,-4.835209410787757,0.007945024376931693,"GARCH(1,1)",1,test
2020-08-17,TLT,-5.811258543072984,0.0029936600503367,-4.819446747790149,0.00807125134171183,"GARCH(1,1)",1,test
2020-08-18,GLD,-4.2447688106903225,0.014339048330525695,-4.1041853431177,0.01650345801911526,"GARCH(1,1)",1,test
2020-08-18,SPY,-5.2432606600530836,0.005283002645446401,-4.929672815850939,0.007228868065542116,"GARCH(1,1)",1,test
2020-08-18,TLT,-4.858243427004019,0.0077641101460976985,-4.846787034082925,0.007853570309545178,"GARCH(1,1)",1,test
2020-08-19,GLD,-4.910871636100877,0.007366065004193701,-4.086243561542667,0.01680223170952517,"GARCH(1,1)",1,test
2020-08-19,SPY,-5.252675270006467,0.0052334986322923015,-5.004436677412678,0.006708119119095427,"GARCH(1,1)",1,test
2020-08-19,TLT,-5.8075163217713675,0.0030048839768568,-4.879351119461112,0.007601945181825715,"GARCH(1,1)",1,test
2020-08-20,GLD,-4.699287276755934,0.009101761827730401,-4.1158496653026555,0.01631207471577544,"GARCH(1,1)",1,test
2020-08-20,SPY,-5.651439398090222,0.0035124573101495008,-5.080000022240609,0.006219908877608008,"GARCH(1,1)",1,test
2020-08-20,TLT,-5.221528220283874,0.005399071847466001,-4.8809999122651835,0.007589421476647621,"GARCH(1,1)",1,test
2020-08-21,GLD,-5.154482706844597,0.005773465877144099,-4.031233946093505,0.017752410914885795,"GARCH(1,1)",1,test
2020-08-21,SPY,-4.932021769186795,0.007211907719114598,-5.082748460584686,0.006202837312370796,"GARCH(1,1)",1,test
2020-08-21,TLT,-5.406998843086622,0.0044850804633474,-4.887809196448096,0.007537918497241034,"GARCH(1,1)",1,test
2020-08-24,GLD,-5.127797787690472,0.0059296043534117,-4.066067074158209,0.017144684859091895,"GARCH(1,1)",1,test
2020-08-24,SPY,-5.559249671985772,0.003851665326048599,-5.1385663949087395,0.005866093349440157,"GARCH(1,1)",1,test
2020-08-24,TLT,-5.242062350880792,0.0052893371105394976,-4.86918327962372,0.00767963484156837,"GARCH(1,1)",1,test
2020-08-25,GLD,-4.8576306493953565,0.007768869276941903,-4.097651516556662,0.016611641793607624,"GARCH(1,1)",1,test
2020-08-25,SPY,-5.184209965542767,0.0056043625062659,-5.17894102157593,0.005633969508604224,"GARCH(1,1)",1,test
2020-08-25,TLT,-5.396593621789952,0.004531992359174199,-4.88157449541133,0.007585061975546004,"GARCH(1,1)",1,test
2020-08-26,GLD,-3.988165137914972,0.01853368970456551,-4.1324479065857425,0.01604355758459485,"GARCH(1,1)",1,test
2020-08-26,SPY,-4.985576827258273,0.006835833794733001,-4.9975836670477936,0.006754247808609932,"GARCH(1,1)",1,test
2020-08-26,TLT,-4.7695408874970875,0.008484274502416402,-4.914153328818049,0.007341931463406601,"GARCH(1,1)",1,test
2020-08-27,GLD,-4.887066475972657,0.007543519143250901,-4.170792045487009,0.015440026076614823,"GARCH(1,1)",1,test
2020-08-27,SPY,-5.3411273505391375,0.004790467129302801,-5.060314461709719,0.0063435643911267025,"GARCH(1,1)",1,test
2020-08-27,TLT,-5.176074264644555,0.005650143902695197,-4.9037775837407125,0.007418506044838946,"GARCH(1,1)",1,test
2020-08-28,GLD,-5.343664699025758,0.004778327452590302,-4.189258019811857,0.015157527286655063,"GARCH(1,1)",1,test
2020-08-28,SPY,-5.489832881356274,0.004128534071621101,-4.9354251308877695,0.007187404708547525,"GARCH(1,1)",1,test
2020-08-28,TLT,-4.961702050168392,0.0070010016299638005,-4.926227400369376,0.00725381747534975,"GARCH(1,1)",1,test
2020-08-31,GLD,-4.8554151281214235,0.007786100453069697,-4.206774086259477,0.014894338774349836,"GARCH(1,1)",1,test
2020-08-31,SPY,-5.190674415182858,0.0055682502358144,-5.018348931189822,0.006615440244390016,"GARCH(1,1)",1,test
2020-08-31,TLT,-4.638010425541656,0.009676931463293502,-4.770655565415514,0.008474822537901432,"GARCH(1,1)",1,test
2020-09-01,GLD,-4.792515966286512,0.008291569806628103,-4.2001517794336385,0.014993300973038599,"GARCH(1,1)",1,test
2020-09-01,SPY,-4.694422291136932,0.0091461496536494,-5.01846032644227,0.006614703356797588,"GARCH(1,1)",1,test
2020-09-01,TLT,-5.258924245536787,0.005200896598149499,-4.809286303444394,0.00815367687268374,"GARCH(1,1)",1,test
2020-09-02,GLD,-4.808996437658806,0.008156040687213803,-4.237127139244211,0.0144490423605776,"GARCH(1,1)",1,test
2020-09-02,SPY,-3.871781822041175,0.020821236614684407,-5.046864765507814,0.006429459743393221,"GARCH(1,1)",1,test
2020-09-02,TLT,-4.875166376375247,0.007633824025227197,-4.821566798153862,0.008054158008135576,"GARCH(1,1)",1,test
2020-09-03,GLD,-4.873313975302551,0.007647978034443898,-4.274455610841263,0.013919624349294465,"GARCH(1,1)",1,test
2020-09-03,SPY,-3.6469834007119784,0.026069651976289195,-4.948701231431009,0.007092614614664033,"GARCH(1,1)",1,test
2020-09-03,TLT,-4.910120223746012,0.007371602036481299,-4.798272139090293,0.00824397919929002,"GARCH(1,1)",1,test
2020-09-04,GLD,-4.49836628301527,0.0111271603277759,-4.280879713339388,0.013830489866806397,"GARCH(1,1)",1,test
2020-09-04,SPY,-3.9437875891229575,0.019374692223202605,-4.719908528474192,0.008915994070722194,"GARCH(1,1)",1,test
2020-09-04,TLT,-5.1023851889613265,0.0060822220017081995,-4.786398203728363,0.008342451143212673,"GARCH(1,1)",1,test
2020-09-08,GLD,-5.649197437631219,0.0035203409346378006,-4.305986344100608,0.013487575588171315,"GARCH(1,1)",1,test
2020-09-08,SPY,-4.468118270696252,0.011468876879839095,-4.000729369473426,0.01830228489143344,"GARCH(1,1)",1,test
2020-09-08,TLT,-5.121402108361363,0.005967649734747901,-4.820377729871046,0.008063740648045369,"GARCH(1,1)",1,test
2020-09-09,GLD,-4.956275219093853,0.007039098161385697,-4.34177759767941,0.013013375085716605,"GARCH(1,1)",1,test
2020-09-09,SPY,-4.263440992819269,0.0140737911802421,-4.101747594317988,0.01654373838084661,"GARCH(1,1)",1,test
2020-09-09,TLT,-4.799476837184901,0.008234053673088304,-4.665652703468611,0.009413102253489078,"GARCH(1,1)",1,test
2020-09-10,GLD,-5.2073137340569415,0.0054763649191029995,-4.378045737744453,0.012549860390308165,"GARCH(1,1)",1,test
2020-09-10,SPY,-4.405443350197633,0.012210691602067905,-3.9338508703553243,0.019568172779980096,"GARCH(1,1)",1,test
2020-09-10,TLT,-6.210514772352286,0.002008203430343201,-4.691500853747879,0.009172908625512026,"GARCH(1,1)",1,test
2020-09-11,GLD,-5.705240325155817,0.003328477372160701,-4.394688962068894,0.012342718782160986,"GARCH(1,1)",1,test
2020-09-11,SPY,-4.359073195571901,0.0127902362055923,-3.9542518719994866,0.019173007048885648,"GARCH(1,1)",1,test
2020-09-11,TLT,-5.670935566263445,0.0034446410781304995,-4.729032894670727,0.008835011295905916,"GARCH(1,1)",1,test
2020-09-14,GLD,-5.14923321332793,0.005803853338442699,-4.429128148727852,0.011924881865332726,"GARCH(1,1)",1,test
2020-09-14,SPY,-4.9376744785899165,0.007171255905227599,-3.9753451020215715,0.018772821837910517,"GARCH(1,1)",1,test
2020-09-14,TLT,-5.841305704558624,0.0029050470152479986,-4.756446733684069,0.008596099426362054,"GARCH(1,1)",1,test
2020-09-15,GLD,-5.206717001321829,0.0054796338205528984,-4.4661218099323765,0.011491796914397265,"GARCH(1,1)",1,test
2020-09-15,SPY,-4.823777338205824,0.008036373633052398,-4.1082706749457625,0.016436173450273223,"GARCH(1,1)",1,test
2020-09-15,TLT,-4.980161885144771,0.0068729498389527004,-4.793260806819652,0.00828539620881113,"GARCH(1,1)",1,test
2020-09-16,GLD,-5.270083633398851,0.005143180413383899,-4.486571535355202,0.01125917941140954,"GARCH(1,1)",1,test
2020-09-16,SPY,-4.712307541556016,0.008984022639618497,-4.167428290035735,0.015492049997317717,"GARCH(1,1)",1,test
2020-09-16,TLT,-5.543830455367124,0.003911515221522402,-4.830931515971747,0.007979085157802032,"GARCH(1,1)",1,test
2020-09-17,GLD,-5.189607686263879,0.005574193218581299,-4.521748026450265,0.01087000599370611,"GARCH(1,1)",1,test
2020-09-17,SPY,-4.313067266115734,0.013392408450434101,-4.286439798642363,0.013753804549375791,"GARCH(1,1)",1,test
2020-09-17,TLT,-5.76055676101485,0.003149357670657601,-4.863155221414375,0.007726067937517393,"GARCH(1,1)",1,test
2020-09-18,GLD,-4.27024193162937,0.013978400926908795,-4.556321277197318,0.010500616836641824,"GARCH(1,1)",1,test
2020-09-18,SPY,-4.463798155999726,0.011518530921752397,-4.396854776978877,0.012316015665235392,"GARCH(1,1)",1,test
2020-09-18,TLT,-5.282239553300895,0.0050810387837748995,-4.891869069102525,0.007507377546198182,"GARCH(1,1)",1,test
2020-09-21,GLD,-5.000797820335556,0.0067325734717894,-4.582661545061954,0.010227638717533355,"GARCH(1,1)",1,test
2020-09-21,SPY,-4.57071552646594,0.010350550974194697,-4.44382224589205,0.01175093759928025,"GARCH(1,1)",1,test
2020-09-21,TLT,-5.449828524573118,0.0042970414646007005,-4.919995241311088,0.007299165581164257,"GARCH(1,1)",1,test
2020-09-22,GLD,-4.595822326614394,0.010093916870697299,-4.618958906789122,0.009863059081728243,"GARCH(1,1)",1,test
2020-09-22,SPY,-4.432497951742388,0.0118847649934154,-4.355405914385652,0.012837227711063192,"GARCH(1,1)",1,test
2020-09-22,TLT,-5.41042415020081,0.0044697439664295,-4.945257557242231,0.00711708137213505,"GARCH(1,1)",1,test
2020-09-23,GLD,-4.6871675201564935,0.009212744146555199,-4.51541002847599,0.010939118856911663,"GARCH(1,1)",1,test
2020-09-23,SPY,-4.222221841725357,0.014666022696901697,-4.374118603680915,0.012599242275716236,"GARCH(1,1)",1,test
2020-09-23,TLT,-6.185991564477133,0.002058059841527699,-4.958364645634917,0.007024405837473106,"GARCH(1,1)",1,test
2020-09-24,GLD,-5.223182577763119,0.0053901472368578,-4.54376322727147,0.010633315581933644,"GARCH(1,1)",1,test
2020-09-24,SPY,-4.371536810472283,0.012631812941126903,-4.42845847815652,0.011932870282289886,"GARCH(1,1)",1,test
2020-09-24,TLT,-5.795490250601951,0.0030412390918604995,-4.989307491729833,0.006810379103440609,"GARCH(1,1)",1,test
2020-09-25,GLD,-5.084112363313721,0.0061943830123647025,-4.447158991109925,0.011711793058439208,"GARCH(1,1)",1,test
2020-09-25,SPY,-5.171435379310713,0.005676415159943001,-4.1770964369274655,0.015342992299221396,"GARCH(1,1)",1,test
2020-09-25,TLT,-6.156495945292129,0.002119667705458,-5.018408008971902,0.006615049430397217,"GARCH(1,1)",1,test
2020-09-28,GLD,-5.464218354482017,0.0042356505306958,-4.4792240309810705,0.011342210945119106,"GARCH(1,1)",1,test
2020-09-28,SPY,-5.1190638808977695,0.005981619783461701,-4.303664803022566,0.013518923923086613,"GARCH(1,1)",1,test
2020-09-28,TLT,-5.8389014889109445,0.0029120397774250986,-5.034975365856135,0.006506358393367897,"GARCH(1,1)",1,test
2020-09-29,GLD,-4.895238183094938,0.0074821268955060985,-4.512122623270077,0.010975139347724934,"GARCH(1,1)",1,test
2020-09-29,SPY,-4.519327638481166,0.010896347490899103,-4.281211754840529,0.013825898332521668,"GARCH(1,1)",1,test
2020-09-29,TLT,-5.182233212202205,0.005615451905464298,-5.063301550017931,0.006324643876793655,"GARCH(1,1)",1,test
2020-09-30,GLD,-5.15424521323191,0.005774837201246899,-4.518971852346151,0.010900224949990867,"GARCH(1,1)",1,test
2020-09-30,SPY,-4.861707709185292,0.0077372596134293965,-4.257767476046165,0.01415386600871303,"GARCH(1,1)",1,test
2020-09-30,TLT,-5.061410491067696,0.0063366154671277986,-5.081237456097235,0.00621221691190864,"GARCH(1,1)",1,test
2020-10-01,GLD,-5.4170731127520035,0.004440123388364301,-4.533658203187244,0.010741310217223157,"GARCH(1,1)",1,test
2020-10-01,SPY,-4.452312383445202,0.011651592844749701,-4.358529426359591,0.012797193033542086,"GARCH(1,1)",1,test
2020-10-01,TLT,-5.18931780742427,0.0055758092934649,-5.106228881122472,0.006058888684449346,"GARCH(1,1)",1,test
2020-10-02,GLD,-5.3616320936846105,0.004693240045980201,-4.557166021956884,0.010491750241129172,"GARCH(1,1)",1,test
2020-10-02,SPY,-5.362761122369945,0.004687944233465798,-4.445784030562899,0.011727907387574196,"GARCH(1,1)",1,test
2020-10-02,TLT,-5.700733418256502,0.0033435123650005,-5.034383354042493,0.006510211374793287,"GARCH(1,1)",1,test
2020-10-05,GLD,-4.758061547282484,0.008582229529777797,-4.567262992294013,0.010386348365430923,"GARCH(1,1)",1,test
2020-10-05,SPY,-4.308417170410909,0.0134548294507801,-4.536657478303603,0.010709142337047074,"GARCH(1,1)",1,test
2020-10-05,TLT,-4.484854772899831,0.011278525349339805,-5.062259426819246,0.006331238370441676,"GARCH(1,1)",1,test
2020-10-06,GLD,-5.539030228167192,0.003930336520396799,-4.601217544057786,0.010039604639218689,"GARCH(1,1)",1,test
2020-10-06,SPY,-5.192684978585337,0.005557066162586099,-4.543311140737166,0.010638123847517413,"GARCH(1,1)",1,test
2020-10-06,TLT,-4.989339340422467,0.0068101622052238004,-5.074078431353196,0.006256849900204164,"GARCH(1,1)",1,test
2020-10-07,GLD,-4.962646828700567,0.006994390357506004,-4.627107120027318,0.009783019306569262,"GARCH(1,1)",1,test
2020-10-07,SPY,-5.5878614533567665,0.003743023942936201,-4.406430700146628,0.012198641326235963,"GARCH(1,1)",1,test
2020-10-07,TLT,-5.974686286386234,0.0025422995156484996,-4.80481082782435,0.00819025023529084,"GARCH(1,1)",1,test
2020-10-08,GLD,-5.629287795173144,0.0035911320383445002,-4.610743688000204,0.009944420011345816,"GARCH(1,1)",1,test
2020-10-08,SPY,-5.412547225453869,0.004460264430072099,-4.356328508775206,0.01282538961851811,"GARCH(1,1)",1,test
2020-10-08,TLT,-5.102840641082096,0.006079452471540598,-4.826166607753247,0.008017195490258889,"GARCH(1,1)",1,test
2020-10-09,GLD,-5.988741234545661,0.0025068175603661998,-4.64424623632593,0.009616775704611655,"GARCH(1,1)",1,test
2020-10-09,SPY,-4.754026274401874,0.0086169311359913,-4.296354743216529,0.01361811015242791,"GARCH(1,1)",1,test
2020-10-09,TLT,-6.0218952893183255,0.002425069029272799,-4.829360262673541,0.007991632176363664,"GARCH(1,1)",1,test
2020-10-12,GLD,-5.260243767578458,0.0051940384262014,-4.672800457481831,0.009346059601707531,"GARCH(1,1)",1,test
2020-10-12,SPY,-5.175715206031846,0.005652172999787098,-4.376819506798327,0.012565258856596784,"GARCH(1,1)",1,test
2020-10-12,TLT,-6.242975441694054,0.0019440624641532006,-4.8487171536081775,0.007838426599434381,"GARCH(1,1)",1,test
2020-10-13,GLD,-5.4335449291945475,0.004367585546018699,-4.589687175862795,0.010156034929356364,"GARCH(1,1)",1,test
2020-10-13,SPY,-4.792675001116588,0.008290251263082797,-4.44676931585156,0.011716357743739872,"GARCH(1,1)",1,test
2020-10-13,TLT,-5.713717185769379,0.0033003815837028996,-4.884423897339843,0.0075634798480051805,"GARCH(1,1)",1,test
2020-10-14,GLD,-5.3985651173799685,0.004523066357901301,-4.620160961549678,0.009851210267493913,"GARCH(1,1)",1,test
2020-10-14,SPY,-4.916402719805387,0.007325435149228996,-4.382310769003903,0.012496448825403935,"GARCH(1,1)",1,test
2020-10-14,TLT,-5.309269292193861,0.004945539141762302,-4.912052896946705,0.007357368897212959,"GARCH(1,1)",1,test
2020-10-15,GLD,-5.668029202560182,0.0034546670203907007,-4.569889160664812,0.010359107850610677,"GARCH(1,1)",1,test
2020-10-15,SPY,-4.995345631668058,0.0067693809821414005,-4.460634254755502,0.011555032128725532,"GARCH(1,1)",1,test
2020-10-15,TLT,-5.252854609059766,0.005232560145758302,-4.910069621406934,0.007371975066225107,"GARCH(1,1)",1,test
2020-10-16,GLD,-5.957771935433133,0.0025856665909283006,-4.60044495135401,0.010047364161600956,"GARCH(1,1)",1,test
2020-10-16,SPY,-4.417372428238141,0.012065894673032703,-4.532476816448494,0.01075400735731029,"GARCH(1,1)",1,test
2020-10-16,TLT,-5.533780978816235,0.0039510220811601994,-4.9396571535268965,0.007157051721670057,"GARCH(1,1)",1,test
2020-10-19,GLD,-5.153152779159862,0.005781149277301801,-4.6291434513935625,0.009763118107094015,"GARCH(1,1)",1,test
2020-10-19,SPY,-4.744987136325185,0.008695173856965003,-4.6444961215703024,0.009614372914488037,"GARCH(1,1)",1,test
2020-10-19,TLT,-5.5078211577010565,0.0040549328242654985,-4.96871612225244,0.006952067912797158,"GARCH(1,1)",1,test
2020-10-20,GLD,-5.472477076483932,0.004200813523055202,-4.657282268796022,0.009492224693606197,"GARCH(1,1)",1,test
2020-10-20,SPY,-5.015768006719187,0.006632536248258198,-4.753168261415816,0.00862432774754656,"GARCH(1,1)",1,test
2020-10-20,TLT,-5.417800014891592,0.004436897025940202,-4.992276719674206,0.00679018752702597,"GARCH(1,1)",1,test
2020-10-21,GLD,-5.260992010749583,0.005190153476043399,-4.689451436088714,0.009191727023226742,"GARCH(1,1)",1,test
2020-10-21,SPY,-4.7125667810454255,0.008981693928036601,-4.536665992369636,0.010709051159090203,"GARCH(1,1)",1,test
2020-10-21,TLT,-5.18371084745747,0.005607160443141699,-5.00873519710727,0.006679346022114365,"GARCH(1,1)",1,test
2020-10-22,GLD,-5.205446418669954,0.0054866005732042014,-4.711974837902313,0.008987012154059257,"GARCH(1,1)",1,test
2020-10-22,SPY,-5.139075261127669,0.005863109052065997,-4.640836604835298,0.009649621329810653,"GARCH(1,1)",1,test
2020-10-22,TLT,-5.396889520941321,0.004530651544863801,-4.96073287141415,0.007007790141110989,"GARCH(1,1)",1,test
2020-10-23,GLD,-5.634154755042569,0.0035736966060192993,-4.71990322058544,0.00891604139595243,"GARCH(1,1)",1,test
2020-10-23,SPY,-4.233466987558875,0.014502024950333403,-4.741605623698411,0.008724626466274497,"GARCH(1,1)",1,test
2020-10-23,TLT,-5.437204794089038,0.004351629988407599,-4.981417956746272,0.006864322341353124,"GARCH(1,1)",1,test
2020-10-26,GLD,-5.663132729902024,0.0034716241842641005,-4.709580082406332,0.009008559640991377,"GARCH(1,1)",1,test
2020-10-26,SPY,-5.6753790726365585,0.0034293687500194007,-4.810610553043195,0.008142886515496292,"GARCH(1,1)",1,test
2020-10-26,TLT,-5.712656035406083,0.003303885643657899,-4.925728187488022,0.007257439578497486,"GARCH(1,1)",1,test
2020-10-27,GLD,-5.19455143830186,0.0055467037959298,-4.740248072046692,0.008736478640493517,"GARCH(1,1)",1,test
2020-10-27,SPY,-3.743470920369817,0.0236717974517397,-4.897814122733025,0.007462878190653351,"GARCH(1,1)",1,test
2020-10-27,TLT,-5.322879120016949,0.004878687159433599,-4.93173974937158,0.007213941906824027,"GARCH(1,1)",1,test
2020-10-28,GLD,-5.2778135471264855,0.005103577333891999,-4.7707770497758775,0.008473793042041312,"GARCH(1,1)",1,test
2020-10-28,SPY,-4.081859796798957,0.016876050424231608,-4.4955408929730565,0.011158643350730257,"GARCH(1,1)",1,test
2020-10-28,TLT,-4.775829610728922,0.0084310866653306,-4.9037219022696,0.007418919129669456,"GARCH(1,1)",1,test
2020-10-29,GLD,-5.4106290088658495,0.004468828394432098,-4.79766384428554,0.00824899549454593,"GARCH(1,1)",1,test
2020-10-29,SPY,-4.19882612320907,0.015013190115970694,-4.59375178633527,0.010114838384095857,"GARCH(1,1)",1,test
2020-10-29,TLT,-5.203287673194068,0.005498457540852599,-4.906783737133596,0.007396238364522834,"GARCH(1,1)",1,test
2020-10-30,GLD,-5.8960697230976065,0.0027502327814182994,-4.705946447970424,0.009041352996972897,"GARCH(1,1)",1,test
2020-10-30,SPY,-4.5118863931966615,0.0109777323119548,-3.9837591346851835,0.018615529361765554,"GARCH(1,1)",1,test
2020-10-30,TLT,-5.572376139756131,0.0038014369470938986,-4.939479580557253,0.007158322733443492,"GARCH(1,1)",1,test
2020-11-02,GLD,-5.447208064303759,0.004308316457417898,-4.7294644815459135,0.00883119904370666,"GARCH(1,1)",1,test
2020-11-02,SPY,-4.118467966605725,0.016269420654251705,-4.082011064811207,0.016873497810698565,"GARCH(1,1)",1,test
2020-11-02,TLT,-5.483918737231904,0.0041530231617676015,-4.90120957211043,0.007437581336944445,"GARCH(1,1)",1,test
2020-11-03,GLD,-5.107458995471207,0.006051440140760698,-4.751000599881315,0.008643042647522185,"GARCH(1,1)",1,test
2020-11-03,SPY,-4.106080478463994,0.0164722113501725,-4.154198706115012,0.0156983650951825,"GARCH(1,1)",1,test
2020-11-03,TLT,-4.9893941970858044,0.006809788632695002,-4.867238485724045,0.007694584681026303,"GARCH(1,1)",1,test
2020-11-04,GLD,-5.093261055046507,0.006137970953445098,-4.740121643948262,0.00873758324670017,"GARCH(1,1)",1,test
2020-11-04,SPY,-5.039297228790915,0.006478299481248198,-4.2259832276277844,0.01461096174354871,"GARCH(1,1)",1,test
2020-11-04,TLT,-5.303473476983775,0.0049742857974241,-4.876178141721956,0.0076261042925531335,"GARCH(1,1)",1,test
2020-11-05,GLD,-5.2721549792658005,0.005132538133617801,-4.756307247510351,0.008597298547008362,"GARCH(1,1)",1,test
2020-11-05,SPY,-4.853994410928045,0.007797170161453302,-4.2010220352260195,0.014980258641925127,"GARCH(1,1)",1,test
2020-11-05,TLT,-5.456421714760585,0.0042688034445919,-4.88721292643489,0.007542414472277272,"GARCH(1,1)",1,test
2020-11-06,GLD,-4.574159025646801,0.010314970156810198,-4.78589862426099,0.008346619901737764,"GARCH(1,1)",1,test
2020-11-06,SPY,-4.410202005627244,0.012152723163479201,-4.109770716552349,0.01641153698872301,"GARCH(1,1)",1,test
2020-11-06,TLT,-4.97514576324523,0.006907512004703003,-4.672531017778167,0.00934857814051898,"GARCH(1,1)",1,test
2020-11-09,GLD,-5.738884790755595,0.0032183554144396996,-4.611457007241074,0.009937328994592444,"GARCH(1,1)",1,test
2020-11-09,SPY,-4.676791566555361,0.009308832795965803,-4.08994095502366,0.0167402219554097,"GARCH(1,1)",1,test
2020-11-09,TLT,-5.377164930362391,0.0046209039615148,-4.71378407833543,0.008970767188252998,"GARCH(1,1)",1,test
2020-11-10,GLD,-5.707323023435279,0.0033215523719107003,-4.643305463798901,0.00962582716000585,"GARCH(1,1)",1,test
2020-11-10,SPY,-5.310600932658374,0.0049389578446556,-4.218046824159811,0.014727381597393919,"GARCH(1,1)",1,test
2020-11-10,TLT,-5.681120946967334,0.0034097341692152015,-4.682873954065544,0.009252384711222746,"GARCH(1,1)",1,test
2020-11-11,GLD,-5.594224490283874,0.003719282557129401,-4.20800869275461,0.014875961473660023,"GARCH(1,1)",1,test
2020-11-11,SPY,-4.5968358386219546,0.010083691747263498,-4.2655795983868225,0.014043725053319946,"GARCH(1,1)",1,test
2020-11-11,TLT,-5.283605020660706,0.005074105525807701,-4.5396452142399735,0.010677193998005046,"GARCH(1,1)",1,test
2020-11-12,GLD,-5.6775859010680305,0.0034218090660905988,-4.24636843410138,0.014316129588688928,"GARCH(1,1)",1,test
2020-11-12,SPY,-5.008509836397503,0.006680851453900901,-4.386744226830755,0.012441168977534467,"GARCH(1,1)",1,test
2020-11-12,TLT,-5.984552465928655,0.0025173400618681992,-4.573569840867119,0.010321049370943823,"GARCH(1,1)",1,test
2020-11-13,GLD,-5.4879887389155195,0.004136154701124099,-4.282030500068161,0.013814583077031995,"GARCH(1,1)",1,test
2020-11-13,SPY,-5.182105217181691,0.005616170701346299,-4.471793794015439,0.01142680012982983,"GARCH(1,1)",1,test
2020-11-13,TLT,-5.811460717223292,0.0029930548708376014,-4.6141657224190995,0.009910448023598604,"GARCH(1,1)",1,test
2020-11-16,GLD,-5.357285579450828,0.004713683677725401,-4.313436827210849,0.013387460051725069,"GARCH(1,1)",1,test
2020-11-16,SPY,-4.970549717398901,0.0069393323143483,-4.488596872050975,0.011236398859114705,"GARCH(1,1)",1,test
2020-11-16,TLT,-5.9787036362250126,0.002532106696867199,-4.550327956419678,0.010563739369554818,"GARCH(1,1)",1,test
2020-11-17,GLD,-5.21800058586034,0.005418151432284503,-4.341890436214511,0.01301190675837873,"GARCH(1,1)",1,test
2020-11-17,SPY,-5.026923270876074,0.006558959700279701,-4.455504312027532,0.011614461085007606,"GARCH(1,1)",1,test
2020-11-17,TLT,-5.223888947082087,0.005386341146635897,-4.595452808891373,0.010097647441089212,"GARCH(1,1)",1,test
2020-11-18,GLD,-5.82579907912804,0.002950445570678299,-4.378576049379926,0.012543206817709046,"GARCH(1,1)",1,test
2020-11-18,SPY,-4.955898112430708,0.007041753152780899,-4.456833333818543,0.011599035465897273,"GARCH(1,1)",1,test
2020-11-18,TLT,-5.558578512665367,0.003854251274826,-4.637243695317339,0.009684353904266347,"GARCH(1,1)",1,test
2020-11-19,GLD,-5.866488045355291,0.0028328045659427007,-4.41152221064992,0.01213668966340204,"GARCH(1,1)",1,test
2020-11-19,SPY,-5.7724975675427865,0.0031119754312403988,-4.5391952704341865,0.010681999216265663,"GARCH(1,1)",1,test
2020-11-19,TLT,-5.699252712402398,0.003348466790450799,-4.662600729678656,0.00944187467885945,"GARCH(1,1)",1,test
2020-11-20,GLD,-4.639667631980527,0.009660908070865701,-4.4391943891846495,0.011805445284262278,"GARCH(1,1)",1,test
2020-11-20,SPY,-4.850946601287426,0.007820970703177301,-4.49239966787525,0.011193750271784278,"GARCH(1,1)",1,test
2020-11-20,TLT,-5.770103347364344,0.0031194351121085003,-4.701291184058148,0.009083541003259766,"GARCH(1,1)",1,test
2020-11-23,GLD,-5.713849092109459,0.0032999462711581994,-4.4732245408103095,0.01141046296213051,"GARCH(1,1)",1,test
2020-11-23,SPY,-4.937954500061908,0.007169248080723097,-4.597337842912046,0.010078630961120865,"GARCH(1,1)",1,test
2020-11-23,TLT,-5.764236783891022,0.003137789261445099,-4.730009259863745,0.008826389308185965,"GARCH(1,1)",1,test
2020-11-24,GLD,-5.289894363354673,0.005042292882463103,-4.5053424856727835,0.011049805138786948,"GARCH(1,1)",1,test
2020-11-24,SPY,-5.751395333209367,0.0031783428536906987,-4.639629268697114,0.009661278702129322,"GARCH(1,1)",1,test
2020-11-24,TLT,-5.24457901481861,0.0052760423628015,-4.731854222651422,0.00881011996114766,"GARCH(1,1)",1,test
2020-11-25,GLD,-5.8222141409733466,0.0029610417174952006,-4.439256651881763,0.011804710268280528,"GARCH(1,1)",1,test
2020-11-25,SPY,-5.776383654511922,0.0030999054916759005,-4.713732652898227,0.008971228525739837,"GARCH(1,1)",1,test
2020-11-25,TLT,-6.255375564297858,0.0019201046978521005,-4.760441328271595,0.00856182998594943,"GARCH(1,1)",1,test
2020-11-27,GLD,-5.126495250314569,0.0059373329169851,-4.418639508243111,0.012050615900907918,"GARCH(1,1)",1,test
2020-11-27,SPY,-4.876922476787067,0.0076204300277571005,-4.543074904325481,0.010640637256589893,"GARCH(1,1)",1,test
2020-11-27,TLT,-5.684075695838134,0.003399674130791701,-4.745594592255316,0.00868989352598862,"GARCH(1,1)",1,test
2020-11-30,GLD,-5.36766376262037,0.004665017176853,-4.453730995253306,0.011635075476194,"GARCH(1,1)",1,test
2020-11-30,SPY,-5.248915037978671,0.0052532148470067,-4.65142923858422,0.009547945881338263,"GARCH(1,1)",1,test
2020-11-30,TLT,-4.796124281703861,0.008261705120467604,-4.779822873062413,0.00839748625679218,"GARCH(1,1)",1,test
2020-12-01,GLD,-5.146273939195698,0.005821053969633299,-4.46275626444671,0.011530538235896318,"GARCH(1,1)",1,test
2020-12-01,SPY,-5.482548977432001,0.0041587157037602,-4.755032157139569,0.008608267871554234,"GARCH(1,1)",1,test
2020-12-01,TLT,-5.10460451176159,0.006068738555337797,-4.7682563991368925,0.008495179456403339,"GARCH(1,1)",1,test
2020-12-02,GLD,-4.926418323592003,0.007252432685339499,-4.485835291094474,0.01126747196993142,"GARCH(1,1)",1,test
2020-12-02,SPY,-5.261971780570852,0.005185070810627502,-4.813040825925618,0.008123121106609895,"GARCH(1,1)",1,test
2020-12-02,TLT,-5.278051426559936,0.0051023634421929,-4.806198525707548,0.00817889252473455,"GARCH(1,1)",1,test
2020-12-03,GLD,-4.976625595429498,0.0068972976057874,-4.415551909305792,0.012087880869792029,"GARCH(1,1)",1,test
2020-12-03,SPY,-5.916324357235432,0.0026950881747969985,-4.747083498705405,0.008676964714750842,"GARCH(1,1)",1,test
2020-12-03,TLT,-5.46996925011982,0.0042113616548723,-4.708446367997907,0.009018778566432493,"GARCH(1,1)",1,test
2020-12-04,GLD,-4.8749962309366355,0.007635122996068098,-4.437842335445749,0.011821417676031058,"GARCH(1,1)",1,test
2020-12-04,SPY,-5.615146257458873,0.0036422769490028995,-4.847546894411679,0.007847604959731233,"GARCH(1,1)",1,test
2020-12-04,TLT,-5.808385755507551,0.003002272564743399,-4.717452270165345,0.008937920973284214,"GARCH(1,1)",1,test
2020-12-07,GLD,-5.322624002745133,0.004879931955569501,-4.458004935326697,0.011585453976052843,"GARCH(1,1)",1,test
2020-12-07,SPY,-5.45051467456693,0.0042940940609225,-4.9414290650348835,0.007144381288119763,"GARCH(1,1)",1,test
2020-12-07,TLT,-5.573925148783877,0.0037955530452294987,-4.7267656944661125,0.008855064759342073,"GARCH(1,1)",1,test
2020-12-08,GLD,-4.5780909146064,0.0102744924685677,-4.490405431023228,0.011216095534556292,"GARCH(1,1)",1,test
2020-12-08,SPY,-4.955128046689547,0.007047177854061803,-4.900503550744362,0.0074428342824078625,"GARCH(1,1)",1,test
2020-12-08,TLT,-5.147321422149015,0.005814959707205001,-4.663256829550231,0.009435681897858782,"GARCH(1,1)",1,test
2020-12-09,GLD,-4.928500656489383,0.0072373464189385015,-4.468845866291067,0.011460535210592744,"GARCH(1,1)",1,test
2020-12-09,SPY,-5.08182215194423,0.006208585716155602,-4.97418002813961,0.006914186053701432,"GARCH(1,1)",1,test
2020-12-09,TLT,-5.2359377308539505,0.005321831697459101,-4.670263835039832,0.009369797120070213,"GARCH(1,1)",1,test
2020-12-10,GLD,-5.323082863601303,0.004877693259478602,-4.500133385045721,0.011107514863049997,"GARCH(1,1)",1,test
2020-12-10,SPY,-5.065989737537062,0.006307664879649897,-5.047621899188232,0.006424593625258032,"GARCH(1,1)",1,test
2020-12-10,TLT,-5.351802674234818,0.004739599340185499,-4.702266692168801,0.0090746842559544,"GARCH(1,1)",1,test
2020-12-11,GLD,-5.036996052503556,0.006493224356194898,-4.457954570175174,0.01158603749389217,"GARCH(1,1)",1,test
2020-12-11,SPY,-4.861685883013678,0.0077374284900285,-4.9007450374597585,0.007441037153803836,"GARCH(1,1)",1,test
2020-12-11,TLT,-5.07426709267204,0.006255669585993503,-4.737315998941716,0.008762132225261718,"GARCH(1,1)",1,test
2020-12-14,GLD,-5.721480624614832,0.0032748584748502996,-4.491412555340319,0.011204805218330944,"GARCH(1,1)",1,test
2020-12-14,SPY,-5.11390147577914,0.006012579171745101,-4.98938014748271,0.0068098843081945476,"GARCH(1,1)",1,test
2020-12-14,TLT,-5.331384805598988,0.004837366559534799,-4.738332330840383,0.008753231514585083,"GARCH(1,1)",1,test
2020-12-15,GLD,-4.873027442321369,0.007650169746374002,-4.524505455608618,0.010840074008856927,"GARCH(1,1)",1,test
2020-12-15,SPY,-5.440665676540774,0.0043365955397804985,-5.062324102404109,0.006330828907138444,"GARCH(1,1)",1,test
2020-12-15,TLT,-5.122600792301116,0.005960500694428702,-4.771857512384395,0.008464642369876834,"GARCH(1,1)",1,test
2020-12-16,GLD,-5.310112651810667,0.004941370032043301,-4.5492422246617545,0.010575214985463786,"GARCH(1,1)",1,test
2020-12-16,SPY,-5.938981299281184,0.0026347122676703993,-5.0600612518485875,0.006345170847561983,"GARCH(1,1)",1,test
2020-12-16,TLT,-4.898983493556567,0.007454156419123999,-4.805795025536635,0.008182193375168232,"GARCH(1,1)",1,test
2020-12-17,GLD,-5.670458481370446,0.0034462848564303992,-4.527339653730092,0.010809394587779672,"GARCH(1,1)",1,test
2020-12-17,SPY,-4.917259721027366,0.007319159931673201,-4.800001684693138,0.00822973318443333,"GARCH(1,1)",1,test
2020-12-17,TLT,-5.423111851891242,0.0044133914363531,-4.836169430975863,0.00793740065318472,"GARCH(1,1)",1,test
2020-12-18,GLD,-5.402626816423523,0.004504732282555,-4.552261593844042,0.010543332663711992,"GARCH(1,1)",1,test
2020-12-18,SPY,-3.473816303360113,0.030998504941296,-4.898438717944655,0.007458218368073414,"GARCH(1,1)",1,test
2020-12-18,TLT,-5.550056576972947,0.0038872373091345,-4.867862125818086,0.007689787525516956,"GARCH(1,1)",1,test
2020-12-21,GLD,-5.2360489196206705,0.005321240002451498,-4.553357486935993,0.01053178462714219,"GARCH(1,1)",1,test
2020-12-21,SPY,-5.4931945786982315,0.0041146784917878,-4.941367770264097,0.007144819214754403,"GARCH(1,1)",1,test
2020-12-21,TLT,-5.721570209893215,0.003274565108883,-4.893567317126421,0.0074946389768024155,"GARCH(1,1)",1,test
2020-12-22,GLD,-5.472747150876005,0.004199679144087,-4.585586135630227,0.010197770758868407,"GARCH(1,1)",1,test
2020-12-22,SPY,-5.415428850681886,0.004447430120283299,-4.862462377378625,0.007731422752419275,"GARCH(1,1)",1,test
2020-12-22,TLT,-5.1905285835599555,0.005569062321995502,-4.921255802521982,0.007289970332964967,"GARCH(1,1)",1,test
2020-12-23,GLD,-6.219561214916029,0.0019901182599199,-4.614969176155043,0.009902488635037584,"GARCH(1,1)",1,test
2020-12-23,SPY,-5.949478103397749,0.0026072008526671006,-4.918525411052103,0.007309902004027474,"GARCH(1,1)",1,test
2020-12-23,TLT,-6.163492522682352,0.0021048890466174998,-4.94348986879412,0.007129673280667614,"GARCH(1,1)",1,test
2020-12-24,GLD,-4.918976908450336,0.007306602347240599,-4.625637126552327,0.009797410856266172,"GARCH(1,1)",1,test
2020-12-24,SPY,-5.878199624227223,0.0027998214708983005,-4.994065746840916,0.006778050556994768,"GARCH(1,1)",1,test
2020-12-24,TLT,-5.362255308469436,0.004690316060624902,-4.955954449696287,0.007041356450838046,"GARCH(1,1)",1,test
2020-12-28,GLD,-5.184091740186132,0.0056050251231902,-4.642684504672861,0.009631806261423216,"GARCH(1,1)",1,test
2020-12-28,SPY,-5.38873466054553,0.004567749434179,-5.076184170871635,0.0062436884662474676,"GARCH(1,1)",1,test
2020-12-28,TLT,-5.851759692370187,0.0028748358777272993,-4.948456019410892,0.007094354022274722,"GARCH(1,1)",1,test
2020-12-29,GLD,-5.966891954525499,0.0025621924671852003,-4.669037847161352,0.009381291422261111,"GARCH(1,1)",1,test
2020-12-29,SPY,-5.861754116818022,0.0028462466521524997,-5.120783004045227,0.0059713454763626215,"GARCH(1,1)",1,test
2020-12-29,TLT,-5.906697567384716,0.0027211585077543993,-4.968777300566054,0.0069516426100159085,"GARCH(1,1)",1,test
2020-12-30,GLD,-5.4791589722980865,0.0041728376946329,-4.695437071038877,0.009136873032461133,"GARCH(1,1)",1,test
2020-12-30,SPY,-5.206529051584557,0.005480663813080201,-5.020373468058282,0.0066020605900858524,"GARCH(1,1)",1,test
2020-12-30,TLT,-5.946396533102751,0.0026152475171812993,-5.000050771332406,0.006737604913222795,"GARCH(1,1)",1,test
2020-12-31,GLD,-5.208796371715134,0.005468251470382498,-4.721468507446846,0.008902096150501634,"GARCH(1,1)",1,test
2020-12-31,SPY,-4.066280810695081,0.017141020805109406,-5.079861797739923,0.006220768680828495,"GARCH(1,1)",1,test
2020-12-31,TLT,-5.033432492117703,0.006516404630910997,-5.028305581977082,0.006549899440966134,"GARCH(1,1)",1,test
2021-01-04,GLD,-5.2240978487135195,0.0053852160487044025,-4.727763572514856,0.008846232891894717,"GARCH(1,1)",1,test
2021-01-04,SPY,-5.030243542865066,0.006537218283791498,-5.151263138738157,0.005792083898657632,"GARCH(1,1)",1,test
2021-01-04,TLT,-5.228230007756535,0.005363009391826901,-5.052860232336146,0.006391027455653391,"GARCH(1,1)",1,test
2021-01-05,GLD,-4.4283474159843,0.011934195646381799,-4.752624971563761,0.008629014530318077,"GARCH(1,1)",1,test
2021-01-05,SPY,-4.309236532213236,0.013443809592713202,-5.15487803653979,0.0057711839057339315,"GARCH(1,1)",1,test
2021-01-05,TLT,-5.006743879148964,0.006692659975555698,-5.078384010394647,0.006229968450039929,"GARCH(1,1)",1,test
2021-01-06,GLD,-5.473903598776824,0.004194825241140601,-4.599067185208774,0.01006121662032472,"GARCH(1,1)",1,test
2021-01-06,SPY,-5.185070825109624,0.0055995400132286995,-4.764936828502514,0.008523426663020098,"GARCH(1,1)",1,test
2021-01-06,TLT,-5.463067480026568,0.004240528038855198,-5.102564476650315,0.0060811316319294585,"GARCH(1,1)",1,test
2021-01-07,GLD,-3.983633709731184,0.018617864360109905,-4.628291436793978,0.009771439970930048,"GARCH(1,1)",1,test
2021-01-07,SPY,-4.814552865513471,0.0081108479070399,-4.806243326196572,0.008178526114557503,"GARCH(1,1)",1,test
2021-01-07,TLT,-5.109409649941467,0.006039647377541098,-5.066400369087986,0.006305075285158647,"GARCH(1,1)",1,test
2021-01-08,GLD,-5.116473582726647,0.0059971340468566005,-4.573142032296779,0.010325465748934433,"GARCH(1,1)",1,test
2021-01-08,SPY,-5.268335741408907,0.005152177998343901,-4.856997295979655,0.007773791275352314,"GARCH(1,1)",1,test
2021-01-08,TLT,-5.695016519797675,0.003362681627842699,-4.777279902432726,0.008418867992747237,"GARCH(1,1)",1,test
2021-01-11,GLD,-5.003633348787612,0.006713510108282198,-4.603705798938721,0.010014654597876562,"GARCH(1,1)",1,test
2021-01-11,SPY,-5.029441361463761,0.006542464422611199,-4.6572164174322745,0.009492849790128774,"GARCH(1,1)",1,test
2021-01-11,TLT,-5.160358210951577,0.005739643314275501,-4.771909353925049,0.008464203561149653,"GARCH(1,1)",1,test
2021-01-12,GLD,-5.179703079248463,0.005629677734410802,-4.338759780182125,0.013052706394254661,"GARCH(1,1)",1,test
2021-01-12,SPY,-5.23759413591971,0.005313023885142597,-4.73282815507471,0.008801543676703103,"GARCH(1,1)",1,test
2021-01-12,TLT,-5.172770474707336,0.005668841660990401,-4.804848947807969,0.008189938029036725,"GARCH(1,1)",1,test
2021-01-13,GLD,-5.061798438327358,0.0063341576713002,-4.374145642950629,0.012598901606011903,"GARCH(1,1)",1,test
2021-01-13,SPY,-5.417772121710154,0.00443702078684,-4.750920719264678,0.008643733086674472,"GARCH(1,1)",1,test
2021-01-13,TLT,-5.022732847142895,0.0065865021877162,-4.840672148629927,0.007901741121785176,"GARCH(1,1)",1,test
2021-01-14,GLD,-5.121328510794057,0.005968088955413502,-4.400769073878772,0.01226790135158511,"GARCH(1,1)",1,test
2021-01-14,SPY,-4.946716995007531,0.0071067020106602005,-4.852534898885315,0.007808558533914931,"GARCH(1,1)",1,test
2021-01-14,TLT,-5.557995535778439,0.0038564988693197983,-4.876189948295805,0.007626014254921147,"GARCH(1,1)",1,test
2021-01-15,GLD,-5.5764467083904785,0.0037859943884121,-4.431325258082689,0.01189871035719188,"GARCH(1,1)",1,test
2021-01-15,SPY,-5.379230859601289,0.004611367355279301,-4.939878309824382,0.007155469069623562,"GARCH(1,1)",1,test
2021-01-15,TLT,-5.8880902500264325,0.0027722659795847994,-4.832029270177051,0.007970330889412167,"GARCH(1,1)",1,test
2021-01-19,GLD,-5.182940753673129,0.0056114801456213,-4.465410365627623,0.011499975596856957,"GARCH(1,1)",1,test
2021-01-19,SPY,-5.1026853313935865,0.006080396742735598,-4.984668319738082,0.0068420470230972745,"GARCH(1,1)",1,test
2021-01-19,TLT,-5.964014253949305,0.0025695763090718008,-4.814197229510257,0.008113732929550763,"GARCH(1,1)",1,test
2021-01-20,GLD,-5.522679971030139,0.003995126758302301,-4.4611278871184545,0.011549329598504365,"GARCH(1,1)",1,test
2021-01-20,SPY,-5.775252313508484,0.003103414526448599,-4.921124741510275,0.00729092582646472,"GARCH(1,1)",1,test
2021-01-20,TLT,-5.799746459994658,0.0030283224489398002,-4.842133409645523,0.007890203047650627,"GARCH(1,1)",1,test
2021-01-21,GLD,-4.956390059917075,0.007038289831973602,-4.4774749965711,0.011362066221066044,"GARCH(1,1)",1,test
2021-01-21,SPY,-5.496205540095662,0.0041023079865888,-4.90725914040256,0.007392723004299384,"GARCH(1,1)",1,test
2021-01-21,TLT,-5.897212717304968,0.002747091077097199,-4.871661346770281,0.007660627750919924,"GARCH(1,1)",1,test
2021-01-22,GLD,-5.0137519153667505,0.0066459215356803,-4.448195071978897,0.011699664977631172,"GARCH(1,1)",1,test
2021-01-22,SPY,-4.453818802477756,0.011634053877362698,-4.716414697418315,0.008947199529257193,"GARCH(1,1)",1,test
2021-01-22,TLT,-5.762949203340527,0.0031418320199997998,-4.905651201744765,0.007404619611348362,"GARCH(1,1)",1,test
2021-01-25,GLD,-5.755623190658637,0.0031649336392777995,-4.481894832946425,0.011311958562879365,"GARCH(1,1)",1,test
2021-01-25,SPY,-5.700921556552172,0.0033428833814524005,-4.820914128256408,0.00805941643043713,"GARCH(1,1)",1,test
2021-01-25,TLT,-5.834577442522939,0.002924658835540801,-4.903140022959029,0.007423237301423376,"GARCH(1,1)",1,test
2021-01-26,GLD,-4.896005217425283,0.007476390047774099,-4.499123227383999,0.011118740873357154,"GARCH(1,1)",1,test
2021-01-26,SPY,-4.394378228537357,0.012346554674696295,-4.883103783204889,0.007573471098006173,"GARCH(1,1)",1,test
2021-01-26,TLT,-5.452514771171808,0.004285514041264599,-4.92921530413061,0.007232176114084603,"GARCH(1,1)",1,test
2021-01-27,GLD,-4.671956176012449,0.009353953638566597,-4.531964525336416,0.010759517951092253,"GARCH(1,1)",1,test
2021-01-27,SPY,-4.503007930806255,0.011075631650121898,-4.954327738227522,0.0070528200275702555,"GARCH(1,1)",1,test
2021-01-27,TLT,-5.168774822132189,0.0056915376953096,-4.8678773073863955,0.007689670783368522,"GARCH(1,1)",1,test
2021-01-28,GLD,-5.036922524572464,0.006493701807100699,-4.562754377740748,0.010433282130450357,"GARCH(1,1)",1,test
2021-01-28,SPY,-4.344529534731966,0.012977612327638695,-5.026428300254776,0.006562206996229365,"GARCH(1,1)",1,test
2021-01-28,TLT,-5.2974597958507434,0.005004289692580898,-4.899888127643948,0.007447416184317334,"GARCH(1,1)",1,test
2021-01-29,GLD,-5.531063770001041,0.003961772432047901,-4.5826602926508455,0.010227651526749716,"GARCH(1,1)",1,test
2021-01-29,SPY,-4.382860784705577,0.0124895774721841,-4.343296817695668,0.012993619915831698,"GARCH(1,1)",1,test
2021-01-29,TLT,-5.572087682534089,0.0038025336572047996,-4.928874878005774,0.007234638554889057,"GARCH(1,1)",1,test
2021-02-01,GLD,-5.530893308635567,0.003962447818748401,-4.61434078443209,0.009908713232470398,"GARCH(1,1)",1,test
2021-02-01,SPY,-4.384637645706776,0.012467404933645499,-4.419011348711516,0.012046135827234728,"GARCH(1,1)",1,test
2021-02-01,TLT,-6.027742329037288,0.0024109309276376008,-4.937342401161829,0.007173637712895157,"GARCH(1,1)",1,test
2021-02-02,GLD,-5.5007234723415985,0.004083815841637098,-4.64584872512952,0.009601377270422798,"GARCH(1,1)",1,test
2021-02-02,SPY,-5.135978275848742,0.005881295161009102,-4.247245552429781,0.014303578154386147,"GARCH(1,1)",1,test
2021-02-02,TLT,-5.62555674574545,0.003604555756185999,-4.940870498858879,0.007148373012573135,"GARCH(1,1)",1,test
2021-02-03,GLD,-5.418249349981094,0.0044349038202601,-4.6465119238508175,0.00959501176032675,"GARCH(1,1)",1,test
2021-02-03,SPY,-5.136669283536192,0.005877232544651902,-4.232922976437024,0.014509916359508298,"GARCH(1,1)",1,test
2021-02-03,TLT,-5.73436028113708,0.0032329498859843993,-4.972305449586839,0.006927159394561761,"GARCH(1,1)",1,test
2021-02-04,GLD,-5.19619076103086,0.0055376184073027985,-4.625737203587064,0.009796430409500503,"GARCH(1,1)",1,test
2021-02-04,SPY,-5.477246019689641,0.0041808277752717,-4.257513306564788,0.014157463946719585,"GARCH(1,1)",1,test
2021-02-04,TLT,-5.141351170613438,0.005849780319805699,-4.968080006915937,0.00695649163666703,"GARCH(1,1)",1,test
2021-02-05,GLD,-5.698306043023296,0.0033516381823212003,-4.656192649271048,0.009502573243935159,"GARCH(1,1)",1,test
2021-02-05,SPY,-5.657322618684027,0.003491853417020701,-4.379743069643955,0.012528577179379448,"GARCH(1,1)",1,test
2021-02-05,TLT,-5.188351283911427,0.005581201049459901,-4.93619213084987,0.007181894083003414,"GARCH(1,1)",1,test
2021-02-08,GLD,-5.309597239343091,0.004943917532215,-4.537851035701889,0.010696367985958521,"GARCH(1,1)",1,test
2021-02-08,SPY,-5.827069978259445,0.0029466982337133006,-4.414891950566083,0.012095861005407096,"GARCH(1,1)",1,test
2021-02-08,TLT,-5.417289240755978,0.004439163857053501,-4.962109474567881,0.006998149832064363,"GARCH(1,1)",1,test
2021-02-09,GLD,-5.360677863063166,0.004697720616754799,-4.543281629528484,0.010638437796042741,"GARCH(1,1)",1,test
2021-02-09,SPY,-4.823308533593595,0.008040142005323303,-4.523499228278201,0.010850987077181401,"GARCH(1,1)",1,test
2021-02-09,TLT,-6.118376011066708,0.0022020291318048005,-4.937640653815768,0.007171498475441374,"GARCH(1,1)",1,test
2021-02-10,GLD,-4.951310353331738,0.007074133239104701,-4.547315908355742,0.010595605827830597,"GARCH(1,1)",1,test
2021-02-10,SPY,-5.042736537142369,0.006456056883241002,-4.594057798637047,0.010111743592666108,"GARCH(1,1)",1,test
2021-02-10,TLT,-5.544157385637193,0.0039102366378099005,-4.955133433932412,0.007047139889305452,"GARCH(1,1)",1,test
2021-02-11,GLD,-4.936074960222723,0.007182735639339099,-4.576335130564974,0.010292548104738224,"GARCH(1,1)",1,test
2021-02-11,SPY,-5.651239457868335,0.0035131596618553,-4.701430483556483,0.009082275758680917,"GARCH(1,1)",1,test
2021-02-11,TLT,-5.432115845522818,0.0043738316532493,-4.9855784133872465,0.006835822952227557,"GARCH(1,1)",1,test
2021-02-12,GLD,-4.626420557985322,0.009789738262507397,-4.603899405204165,0.01001271588567963,"GARCH(1,1)",1,test
2021-02-12,SPY,-5.531151699842914,0.003961424089339499,-4.803647734938651,0.008199781799044086,"GARCH(1,1)",1,test
2021-02-12,TLT,-5.374203113493397,0.004634610520957598,-4.979795029861734,0.006875471679458141,"GARCH(1,1)",1,test
2021-02-16,GLD,-5.127901151874907,0.005928991476369002,-4.610684276469374,0.009945010842112814,"GARCH(1,1)",1,test
2021-02-16,SPY,-5.269517182948553,0.005146094595537001,-4.900530996245032,0.007442630012897728,"GARCH(1,1)",1,test
2021-02-16,TLT,-4.996557482552753,0.006761182470499499,-4.984186522977425,0.006845344293432568,"GARCH(1,1)",1,test
2021-02-17,GLD,-5.083838463565631,0.0061960798846872,-4.638648971736738,0.009670754267949727,"GARCH(1,1)",1,test
2021-02-17,SPY,-5.017710964065177,0.0066196620243161985,-4.954604364856742,0.0070508692995636295,"GARCH(1,1)",1,test
2021-02-17,TLT,-5.165889534076888,0.005707983134544001,-4.895596489150659,0.007479446484362218,"GARCH(1,1)",1,test
2021-02-18,GLD,-5.187204390614757,0.0055876057635907,-4.600799754390465,0.010043799958620462,"GARCH(1,1)",1,test
2021-02-18,SPY,-5.531382074893757,0.0039605115811771,-5.033716778053718,0.006514552372019097,"GARCH(1,1)",1,test
2021-02-18,TLT,-5.0543089516594835,0.006381775354149703,-4.782639435693155,0.008373867488293519,"GARCH(1,1)",1,test
2021-02-19,GLD,-5.182977432406183,0.005611274327413597,-4.591341101132194,0.0101392514896532,"GARCH(1,1)",1,test
2021-02-19,SPY,-5.250288303912052,0.0052460057371620005,-5.110628610551351,0.006032289770517893,"GARCH(1,1)",1,test
2021-02-19,TLT,-4.678103610457662,0.009296627207543201,-4.798952758103091,0.00823837009935243,"GARCH(1,1)",1,test
2021-02-22,GLD,-5.122055444666496,0.005963752125883201,-4.6226388471078685,0.009826830313683362,"GARCH(1,1)",1,test
2021-02-22,SPY,-4.171714111287624,0.0154257959181884,-5.102075302010948,0.006084107095003655,"GARCH(1,1)",1,test
2021-02-22,TLT,-5.006899073708265,0.0066916213917336004,-4.826786214351353,0.008012229521667143,"GARCH(1,1)",1,test
2021-02-23,GLD,-5.002344141536258,0.006722170795706802,-4.647727584483957,0.009583354569284944,"GARCH(1,1)",1,test
2021-02-23,SPY,-4.6879152627335,0.009205857960373902,-5.150798891642736,0.005794773481051122,"GARCH(1,1)",1,test
2021-02-23,TLT,-4.859373448586527,0.007755341489382401,-4.760885093637874,0.008558031385235748,"GARCH(1,1)",1,test
2021-02-24,GLD,-4.775374503951502,0.008434924583278002,-4.605410412938805,0.0099975980190147,"GARCH(1,1)",1,test
2021-02-24,SPY,-4.159448026004927,0.015616175264137402,-5.0099077977159485,0.006671518407133213,"GARCH(1,1)",1,test
2021-02-24,TLT,-4.113413120617336,0.016351868274435594,-4.768303462841922,0.008494779651191463,"GARCH(1,1)",1,test
2021-02-25,GLD,-4.320201557834562,0.013297203116856497,-4.6346609349145265,0.009709398598357172,"GARCH(1,1)",1,test
2021-02-25,SPY,-4.425843411139285,0.011964116375293097,-5.0886782788388585,0.006166164453601721,"GARCH(1,1)",1,test
2021-02-25,TLT,-4.207666364614616,0.0148810548056276,-4.802419860290698,0.008209856287072345,"GARCH(1,1)",1,test
2021-02-26,GLD,-4.876789913165891,0.0076214402865168,-4.665006208834434,0.009419189741138943,"GARCH(1,1)",1,test
2021-02-26,SPY,-4.025063662204622,0.0178622869645487,-4.911035086386559,0.007364861117154932,"GARCH(1,1)",1,test
2021-02-26,TLT,-5.052646096854121,0.0063923961479358,-4.814302545139381,0.008112878471657417,"GARCH(1,1)",1,test
2021-03-01,GLD,-4.92950172188089,0.0072301049870902995,-4.577467287609352,0.010280901917797129,"GARCH(1,1)",1,test
2021-03-01,SPY,-5.251983435673191,0.005237120599085299,-4.321210312430089,0.01328379626535313,"GARCH(1,1)",1,test
2021-03-01,TLT,-5.805607229984475,0.0030106260555112013,-4.706849614173133,0.009033190838966728,"GARCH(1,1)",1,test
2021-03-02,GLD,-4.636964504807715,0.009687058061438204,-4.45140584230572,0.011662160282188644,"GARCH(1,1)",1,test
2021-03-02,SPY,-4.9211670664348395,0.007290617245109499,-4.419086942342964,0.01204522525049997,"GARCH(1,1)",1,test
2021-03-02,TLT,-4.960147442305924,0.007011893906558598,-4.373431131239686,0.01260790688556015,"GARCH(1,1)",1,test
2021-03-03,GLD,-4.42757881240193,0.011943371837883401,-4.484229186237833,0.01128558325179999,"GARCH(1,1)",1,test
2021-03-03,SPY,-3.842872438425266,0.021431950884653998,-4.196965716470818,0.015041146753319929,"GARCH(1,1)",1,test
2021-03-03,TLT,-4.704564004846669,0.009053860796921998,-4.368436787098352,0.012671032616045113,"GARCH(1,1)",1,test
2021-03-04,GLD,-5.246771741731569,0.005264486117194302,-4.509614204663304,0.011002704149053445,"GARCH(1,1)",1,test
2021-03-04,SPY,-3.81503568786386,0.022036927988725398,-4.282004328023504,0.013814944637648572,"GARCH(1,1)",1,test
2021-03-04,TLT,-5.110876376525185,0.0060307953595081995,-4.421181552463589,0.01202002160490548,"GARCH(1,1)",1,test
2021-03-05,GLD,-5.150732889765334,0.005795155959602002,-4.509974520296528,0.01099874041688102,"GARCH(1,1)",1,test
2021-03-05,SPY,-4.558588307086617,0.010476838587601603,-4.283758534082549,0.013790731621578695,"GARCH(1,1)",1,test
2021-03-05,TLT,-5.771023061830597,0.003116567441430601,-4.436283525694535,0.011839859387002799,"GARCH(1,1)",1,test
2021-03-08,GLD,-5.617842355748473,0.0036324702382188995,-4.516734153602549,0.010924643680358254,"GARCH(1,1)",1,test
2021-03-08,SPY,-4.813563050915313,0.008118880117245398,-4.298537174904396,0.013588421965306305,"GARCH(1,1)",1,test
2021-03-08,TLT,-5.580882146468505,0.0037692390308830988,-4.47323515806278,0.011410341815007566,"GARCH(1,1)",1,test
2021-03-09,GLD,-5.441109171172486,0.004334672709352702,-4.548877804001548,0.01057906951458298,"GARCH(1,1)",1,test
2021-03-09,SPY,-5.140135789352294,0.005856894355445298,-4.240221924792946,0.014404394796040844,"GARCH(1,1)",1,test
2021-03-09,TLT,-5.4507033352158825,0.004293284010765001,-4.521029584230633,0.010877818270938503,"GARCH(1,1)",1,test
2021-03-10,GLD,-5.5835165786082355,0.0037593222946575005,-4.5501067618870366,0.010566076269392818,"GARCH(1,1)",1,test
2021-03-10,SPY,-5.003432608148957,0.006714857917864503,-4.344911574689747,0.012972655308122997,"GARCH(1,1)",1,test
2021-03-10,TLT,-5.375645526238668,0.004627930318635498,-4.546610564907703,0.010603082005305704,"GARCH(1,1)",1,test
2021-03-11,GLD,-4.959359944166905,0.0070174179347565,-4.467083280102986,0.011480753204406993,"GARCH(1,1)",1,test
2021-03-11,SPY,-5.423239994356245,0.004412825929728901,-4.342766329374825,0.013000514708084207,"GARCH(1,1)",1,test
2021-03-11,TLT,-5.543291543191188,0.003913623752807201,-4.52662643778396,0.01081710677026656,"GARCH(1,1)",1,test
2021-03-12,GLD,-5.324494105890428,0.004870814507411999,-4.493760633392188,0.011178526325641884,"GARCH(1,1)",1,test
2021-03-12,SPY,-4.867918033131924,0.007689357622169903,-4.442714554942112,0.011763961218253046,"GARCH(1,1)",1,test
2021-03-12,TLT,-5.780422972633108,0.0030874092424033007,-4.572671330559906,0.010330327107631713,"GARCH(1,1)",1,test
2021-03-15,GLD,-5.1079929474707555,0.006048209824691002,-4.526086802157601,0.01082294564174376,"GARCH(1,1)",1,test
2021-03-15,SPY,-5.39145810561086,0.004555326344003302,-4.485500603736096,0.011271243681497515,"GARCH(1,1)",1,test
2021-03-15,TLT,-5.063451143321331,0.006323697823186699,-4.597949386124496,0.010072469327010598,"GARCH(1,1)",1,test
2021-03-16,GLD,-4.548133423662075,0.010586947297609195,-4.558062119593976,0.010482352819661556,"GARCH(1,1)",1,test
2021-03-16,SPY,-4.896717714745879,0.0074710650371504995,-4.6025801806030335,0.010025933623465624,"GARCH(1,1)",1,test
2021-03-16,TLT,-4.932535678412294,0.0072082024053833,-4.47876858693692,0.011347377864073476,"GARCH(1,1)",1,test
2021-03-17,GLD,-5.270714945647929,0.005139934485294602,-4.583971682055471,0.010214247883522095,"GARCH(1,1)",1,test
2021-03-17,SPY,-4.644462599541387,0.009614695213176903,-4.68147548454955,0.009265332940933653,"GARCH(1,1)",1,test
2021-03-17,TLT,-5.093086430280647,0.006139042888776202,-4.51600208357208,0.010932644212707865,"GARCH(1,1)",1,test
2021-03-18,GLD,-5.660994811734913,0.0034790541722001006,-4.6148369627288695,0.009903797963541162,"GARCH(1,1)",1,test
2021-03-18,SPY,-4.828092813746594,0.008001767583688901,-4.783287521594732,0.00836844226102922,"GARCH(1,1)",1,test
2021-03-18,TLT,-5.414771194675708,0.004450355961406999,-4.557426609979076,0.010489016572880577,"GARCH(1,1)",1,test
2021-03-19,GLD,-5.75638688586425,0.0031625175173391994,-4.629130271738321,0.0097632467824727,"GARCH(1,1)",1,test
2021-03-19,SPY,-5.086866959898836,0.006177343465385301,-4.87264827428995,0.0076530709961725885,"GARCH(1,1)",1,test
2021-03-19,TLT,-5.351021639584159,0.0047433025774905,-4.582067686538918,0.01023371429179352,"GARCH(1,1)",1,test
2021-03-22,GLD,-5.787108376210003,0.0030668375074065996,-4.6481318155183295,0.009579481462822299,"GARCH(1,1)",1,test
2021-03-22,SPY,-4.8553347861630165,0.007786726028758102,-4.614569114055748,0.009906451037979928,"GARCH(1,1)",1,test
2021-03-22,TLT,-5.131135650795808,0.005909845140929698,-4.58694606222327,0.010183911964830816,"GARCH(1,1)",1,test
2021-03-23,GLD,-5.499117028821134,0.0040903815334292,-4.672266431599571,0.009351051972340907,"GARCH(1,1)",1,test
2021-03-23,SPY,-4.854609414754312,0.007792376346228403,-4.681537890395955,0.009264754748030745,"GARCH(1,1)",1,test
2021-03-23,TLT,-5.4410216312133635,0.004335052183033801,-4.617496684841776,0.009877491612395555,"GARCH(1,1)",1,test
2021-03-24,GLD,-4.764018653822573,0.0085312562514833,-4.701355693042723,0.009082955052153056,"GARCH(1,1)",1,test
2021-03-24,SPY,-4.548809082783953,0.010579796546102001,-4.717011809175288,0.008941858645937094,"GARCH(1,1)",1,test
2021-03-24,TLT,-5.159010266256692,0.005747385252711702,-4.611478844552352,0.009937111992415303,"GARCH(1,1)",1,test
2021-03-25,GLD,-5.4616119577021145,0.004246704716138599,-4.709865038955136,0.00900599295864023,"GARCH(1,1)",1,test
2021-03-25,SPY,-4.882721952063204,0.0075763634372795,-4.714286384993759,0.008966262243690563,"GARCH(1,1)",1,test
2021-03-25,TLT,-5.2666906077776625,0.005160660995561899,-4.623363695442612,0.009819709933004475,"GARCH(1,1)",1,test
2021-03-26,GLD,-5.121875969278852,0.005964822568664,-4.73444641250347,0.008787312031602197,"GARCH(1,1)",1,test
2021-03-26,SPY,-5.003418342129919,0.006714953712838702,-4.767304891609644,0.008503266530447197,"GARCH(1,1)",1,test
2021-03-26,TLT,-4.870515090417482,0.0076694138287326,-4.655925634245081,0.009505110912559392,"GARCH(1,1)",1,test
2021-03-29,GLD,-5.983486410836925,0.0025200251160122995,-4.757753807722633,0.008584871027741693,"GARCH(1,1)",1,test
2021-03-29,SPY,-5.4419322249060125,0.004331106508584399,-4.8291516695583825,0.007993299349688926,"GARCH(1,1)",1,test
2021-03-29,TLT,-5.019280461986036,0.006609280627453701,-4.670694228316834,0.009365765290081363,"GARCH(1,1)",1,test
2021-03-30,GLD,-4.710384109280182,0.009001319427998297,-4.782812203527945,0.008372420878306188,"GARCH(1,1)",1,test
2021-03-30,SPY,-5.3956022282650755,0.004536487574949601,-4.60349342364852,0.010016781688915843,"GARCH(1,1)",1,test
2021-03-30,TLT,-4.915799504531644,0.007329855296614001,-4.7082104933948346,0.009020906118154894,"GARCH(1,1)",1,test
2021-03-31,GLD,-5.728711263518458,0.0032512645580992992,-4.74723492566981,0.008675650887800762,"GARCH(1,1)",1,test
2021-03-31,SPY,-5.89299078633574,0.0027587136235212007,-4.712346853904658,0.008983669463530415,"GARCH(1,1)",1,test
2021-03-31,TLT,-5.2509385536092275,0.005242595632349999,-4.713509814973973,0.008973227878440054,"GARCH(1,1)",1,test
2021-04-01,GLD,-5.455019291106524,0.0042747943154047,-4.661350280060412,0.00945368865229704,"GARCH(1,1)",1,test
2021-04-01,SPY,-5.441150499128176,0.0043344935698928,-4.798606331756069,0.008241224582216853,"GARCH(1,1)",1,test
2021-04-01,TLT,-5.28236425982843,0.0050804051845797,-4.742064264783448,0.008720625911604959,"GARCH(1,1)",1,test
2021-04-05,GLD,-5.823711690587107,0.002956610729255299,-4.615396293690126,0.009898260011624487,"GARCH(1,1)",1,test
2021-04-05,SPY,-5.758986949712496,0.0031543054504483995,-4.87780969846458,0.007613672015415335,"GARCH(1,1)",1,test
2021-04-05,TLT,-5.5393474038608215,0.003929090110860599,-4.7660632937359555,0.008513830724974423,"GARCH(1,1)",1,test
2021-04-06,GLD,-5.652590790502054,0.0035084154208026015,-4.596661371975328,0.010085451168623968,"GARCH(1,1)",1,test
2021-04-06,SPY,-6.018562332601842,0.0024331651639202994,-4.793694603130102,0.008281802813962198,"GARCH(1,1)",1,test
2021-04-06,TLT,-5.164094114318876,0.005718240565683997,-4.688855651688859,0.009197204942462282,"GARCH(1,1)",1,test
2021-04-07,GLD,-6.038895089587629,0.0023841917771295,-4.627533438095839,0.009778849517565535,"GARCH(1,1)",1,test
2021-04-07,SPY,-5.908345493009794,0.0027166779337599,-4.638546749602053,0.00967174288362335,"GARCH(1,1)",1,test
2021-04-07,TLT,-6.059114932707187,0.0023364679039924,-4.721800625714001,0.008899140092661661,"GARCH(1,1)",1,test
2021-04-08,GLD,-5.356571986039025,0.004717048531769199,-4.63685880051574,0.009688082079172485,"GARCH(1,1)",1,test
2021-04-08,SPY,-5.644767342183638,0.003535970976712801,-4.744903888268758,0.008695897743419542,"GARCH(1,1)",1,test
2021-04-08,TLT,-5.175926068815826,0.005650981292500599,-4.740150430986591,0.0087373317211767,"GARCH(1,1)",1,test
2021-04-09,GLD,-5.532810174766336,0.0039548596118416015,-4.664226574921255,0.009426536124268407,"GARCH(1,1)",1,test
2021-04-09,SPY,-5.9049684926410215,0.0027258676642723007,-4.846824238690836,0.007853278125976432,"GARCH(1,1)",1,test
2021-04-09,TLT,-6.113046404214625,0.002213796410986199,-4.754463140284696,0.008613167514922037,"GARCH(1,1)",1,test
2021-04-12,GLD,-5.6787834347222255,0.0034177137871822996,-4.654236953616212,0.009521175569452584,"GARCH(1,1)",1,test
2021-04-12,SPY,-5.62298152018697,0.0036138502628852986,-4.911052516557059,0.007364732747488708,"GARCH(1,1)",1,test
2021-04-12,TLT,-5.49520657882958,0.0041064080809456996,-4.758668264001544,0.008577024126897422,"GARCH(1,1)",1,test
2021-04-13,GLD,-5.727726796126219,0.0032544668980813013,-4.664019281382052,0.00942849038685004,"GARCH(1,1)",1,test
2021-04-13,SPY,-5.324221186679417,0.004872144027681899,-4.913908616145315,0.007343728346929155,"GARCH(1,1)",1,test
2021-04-13,TLT,-5.673702816259157,0.0034351220719311985,-4.7914240032849325,0.008300628839246026,"GARCH(1,1)",1,test
2021-04-14,GLD,-5.150158734857736,0.0057984842322171,-4.680368451373725,0.009275595651416722,"GARCH(1,1)",1,test
2021-04-14,SPY,-5.898123981194425,0.0027445888924460004,-5.00228931526354,0.006722539357379445,"GARCH(1,1)",1,test
2021-04-14,TLT,-5.013836620144472,0.0066453586182151,-4.830828485186061,0.007979907291566715,"GARCH(1,1)",1,test
2021-04-15,GLD,-5.606303251275373,0.003674628458061899,-4.691478855752719,0.009173110413331026,"GARCH(1,1)",1,test
2021-04-15,SPY,-5.59991241265784,0.0036981876167221004,-5.070052418607628,0.006282090833715789,"GARCH(1,1)",1,test
2021-04-15,TLT,-5.522283189612696,0.003996712264889298,-4.833768582000001,0.007956480047621632,"GARCH(1,1)",1,test
2021-04-16,GLD,-5.7878429354376735,0.0030645855608111014,-4.713338251853901,0.008974767485478116,"GARCH(1,1)",1,test
2021-04-16,SPY,-5.345069364629983,0.004771620212189699,-5.091463192209674,0.006149016109178252,"GARCH(1,1)",1,test
2021-04-16,TLT,-5.564727642497094,0.0038306237022886006,-4.864718050305606,0.007714002845621805,"GARCH(1,1)",1,test
2021-04-19,GLD,-5.522118858314555,0.003997369103772198,-4.649018080115062,0.009570995268608957,"GARCH(1,1)",1,test
2021-04-19,SPY,-4.9268537142416395,0.007249275731265197,-4.92261600184472,0.007280061260939583,"GARCH(1,1)",1,test
2021-04-19,TLT,-5.325781330965923,0.004864548706453202,-4.738285907393726,0.008753637879193732,"GARCH(1,1)",1,test
2021-04-20,GLD,-5.556708817799995,0.0038614642896115017,-4.666404728202044,0.00940602602885758,"GARCH(1,1)",1,test
2021-04-20,SPY,-5.3176514458899495,0.004904258126176498,-4.9959017306422435,0.0067656175828295926,"GARCH(1,1)",1,test
2021-04-20,TLT,-5.491413570542824,0.004122013297474098,-4.7462984627604055,0.008683779118371341,"GARCH(1,1)",1,test
2021-04-21,GLD,-5.427161926481405,0.004395553019683101,-4.693074147124106,0.00915848829580987,"GARCH(1,1)",1,test
2021-04-21,SPY,-4.831262363526462,0.0079764457336363,-4.99684319119052,0.0067592510181956,"GARCH(1,1)",1,test
2021-04-21,TLT,-5.155844744453884,0.0057656075523653,-4.781918583481055,0.008379905985366795,"GARCH(1,1)",1,test
2021-04-22,GLD,-5.037931891224,0.0064871505878989,-4.717342600681377,0.00893890124421702,"GARCH(1,1)",1,test
2021-04-22,SPY,-4.925357383544309,0.007260131164709,-4.9274219195521285,0.007245157824316583,"GARCH(1,1)",1,test
2021-04-22,TLT,-5.351108079973409,0.0047428925822896985,-4.809125175607748,0.008154990762848247,"GARCH(1,1)",1,test
2021-04-23,GLD,-5.685697430075042,0.003394165231052501,-4.708541779449858,0.00901791811272387,"GARCH(1,1)",1,test
2021-04-23,SPY,-6.042946490184746,0.0023745520016216002,-4.866257818923714,0.007702134205944512,"GARCH(1,1)",1,test
2021-04-23,TLT,-5.786016569372088,0.003070187730133199,-4.845021009810938,0.007867452159567691,"GARCH(1,1)",1,test
2021-04-26,GLD,-5.7495262959752225,0.003184288849740201,-4.720648987227616,0.008909394588490775,"GARCH(1,1)",1,test
2021-04-26,SPY,-5.789914630859993,0.003058243244875301,-4.786032660950508,0.008345501223411114,"GARCH(1,1)",1,test
2021-04-26,TLT,-5.299455539486527,0.004994312372673301,-4.869761396849033,0.007675196395477033,"GARCH(1,1)",1,test
2021-04-27,GLD,-5.402077299477596,0.004507208389550198,-4.743075243191378,0.008711814002180305,"GARCH(1,1)",1,test
2021-04-27,SPY,-5.650077410857954,0.003517244491459699,-4.731998088021799,0.00880885258114462,"GARCH(1,1)",1,test
2021-04-27,TLT,-5.352332925660185,0.004737086827070401,-4.901510862455785,0.007435340803037396,"GARCH(1,1)",1,test
2021-04-28,GLD,-4.924148274540272,0.007268914763765,-4.768207106529754,0.00849559821626765,"GARCH(1,1)",1,test
2021-04-28,SPY,-4.930896906417529,0.007220024689986499,-4.832647175211838,0.007965407503075934,"GARCH(1,1)",1,test
2021-04-28,TLT,-5.3086362158928875,0.0049486710366481,-4.934463461796389,0.007194319938051278,"GARCH(1,1)",1,test
2021-04-29,GLD,-5.758157604122555,0.0031569225448509004,-4.792833152949699,0.008288940248321015,"GARCH(1,1)",1,test
2021-04-29,SPY,-5.601016967132102,0.0036941050221825007,-4.926341431703302,0.0072529903600264045,"GARCH(1,1)",1,test
2021-04-29,TLT,-5.575781986718927,0.003788511857545898,-4.908068282595221,0.007386743659594217,"GARCH(1,1)",1,test
2021-04-30,GLD,-5.465381258535174,0.0042307277384482,-4.8159161407742515,0.008099798122404646,"GARCH(1,1)",1,test
2021-04-30,SPY,-5.751744326422273,0.0031772338271390996,-5.01109279573199,0.006663617353347873,"GARCH(1,1)",1,test
2021-04-30,TLT,-4.972727719741334,0.0069242348794052,-4.942006257688267,0.007140258793578521,"GARCH(1,1)",1,test
2021-05-03,GLD,-4.403444218097253,0.0122351268040778,-4.83395296673446,0.007955013129403646,"GARCH(1,1)",1,test
2021-05-03,SPY,-4.780618706722495,0.008390805913142698,-5.012843062163547,0.00665196444840057,"GARCH(1,1)",1,test
2021-05-03,TLT,-5.286128919485286,0.0050613151444392004,-4.967206774836466,0.006962568921378542,"GARCH(1,1)",1,test
2021-05-04,GLD,-6.340097204204772,0.0017641307475732995,-4.854224478315857,0.007795376493222125,"GARCH(1,1)",1,test
2021-05-04,SPY,-5.6727625843322675,0.0034383534022378996,-4.961881885306643,0.00699974271706956,"GARCH(1,1)",1,test
2021-05-04,TLT,-5.602900843021376,0.003687152337852201,-4.994393504473392,0.0067758293632179,"GARCH(1,1)",1,test
2021-05-05,GLD,-5.088980268840462,0.006164302614731001,-4.798629538569459,0.008241033331875033,"GARCH(1,1)",1,test
2021-05-05,SPY,-4.821341980986089,0.008055968924682697,-5.041311279985381,0.006465264984917428,"GARCH(1,1)",1,test
2021-05-05,TLT,-5.514868890890187,0.004026455208812801,-5.0237588631712615,0.006579747796550065,"GARCH(1,1)",1,test
2021-05-06,GLD,-5.055075964884168,0.006376882324805099,-4.800190117632628,0.008228182577715445,"GARCH(1,1)",1,test
2021-05-06,SPY,-5.260696855148757,0.005191685605008099,-4.99421552322842,0.006777035441090116,"GARCH(1,1)",1,test
2021-05-06,TLT,-4.876435020374719,0.007624145560745602,-5.010593467058102,0.006666945519419446,"GARCH(1,1)",1,test
2021-05-07,GLD,-5.596703560505844,0.003710073614019598,-4.818962633642777,0.008075159694641487,"GARCH(1,1)",1,test
2021-05-07,SPY,-5.333226582067914,0.004828465411112899,-5.074223566869543,0.006255941874958141,"GARCH(1,1)",1,test
2021-05-07,TLT,-5.09285431584907,0.0061404680146164995,-5.037425360178959,0.006490437363422169,"GARCH(1,1)",1,test
2021-05-10,GLD,-5.228861506868187,0.0053596237252954,-4.7268011015865925,0.008854751232547853,"GARCH(1,1)",1,test
2021-05-10,SPY,-4.736379608279658,0.0087703408466956,-5.010835164406689,0.006665334331082042,"GARCH(1,1)",1,test
2021-05-10,TLT,-5.638422025784647,0.0035584791666102987,-5.062685173677562,0.006328543439316146,"GARCH(1,1)",1,test
2021-05-11,GLD,-5.304387341318999,0.004969742051540501,-4.723692423760881,0.008882320631343745,"GARCH(1,1)",1,test
2021-05-11,SPY,-4.42687096867609,0.011951828871480202,-4.988326872827717,0.00681706076546663,"GARCH(1,1)",1,test
2021-05-11,TLT,-5.172912383962304,0.005668037256971299,-5.063023622874272,0.006326401911292425,"GARCH(1,1)",1,test
2021-05-12,GLD,-5.732672756416971,0.0032384101747261985,-4.748451830971738,0.008665099863338573,"GARCH(1,1)",1,test
2021-05-12,SPY,-4.853959092612488,0.0077974455492326004,-4.834991624321117,0.007946754884151795,"GARCH(1,1)",1,test
2021-05-12,TLT,-5.57062635391111,0.003808094470576201,-4.989742725140621,0.006807415643859749,"GARCH(1,1)",1,test
2021-05-13,GLD,-5.885654486617117,0.002779026794148501,-4.776193136479993,0.008428022305238895,"GARCH(1,1)",1,test
2021-05-13,SPY,-5.235309935126654,0.0053251737696197,-4.7717778863183495,0.008465316402884173,"GARCH(1,1)",1,test
2021-05-13,TLT,-5.604187114609359,0.0036824127074389017,-4.991013806404914,0.006798768362239658,"GARCH(1,1)",1,test
2021-05-14,GLD,-5.32350865643415,0.004875616814746902,-4.760047690092611,0.008565200912533044,"GARCH(1,1)",1,test
2021-05-14,SPY,-5.266683428236044,0.005160698046875299,-4.3655695338060365,0.012707415811022348,"GARCH(1,1)",1,test
2021-05-14,TLT,-5.778166575569485,0.003094383528972899,-4.92831346027238,0.00723870134962426,"GARCH(1,1)",1,test
2021-05-17,GLD,-5.811697978612592,0.002992344818718,-4.780413474580064,0.00839252815294041,"GARCH(1,1)",1,test
2021-05-17,SPY,-5.407150987782126,0.004484398134053699,-4.39493706688863,0.01233965687399528,"GARCH(1,1)",1,test
2021-05-17,TLT,-5.957200596578348,0.0025871443048147,-4.95998130310796,0.0070130589537657695,"GARCH(1,1)",1,test
2021-05-18,GLD,-4.540655149841487,0.010666416163037904,-4.77185774708146,0.00846464038325035,"GARCH(1,1)",1,test
2021-05-18,SPY,-4.8416203084713745,0.007894252558914298,-4.361126088115798,0.012764006157997653,"GARCH(1,1)",1,test
2021-05-18,TLT,-4.769814665526089,0.008481952012403501,-4.9238099238707065,0.007271374622066219,"GARCH(1,1)",1,test
2021-05-19,GLD,-5.311253053813363,0.004935738095708801,-4.743288287299471,0.008709958199227302,"GARCH(1,1)",1,test
2021-05-19,SPY,-5.011563971782796,0.006660478356007499,-4.474595299692481,0.011394832683794322,"GARCH(1,1)",1,test
2021-05-19,TLT,-5.6121761653941205,0.003653110927859801,-4.953690026105178,0.00705731913081241,"GARCH(1,1)",1,test
2021-05-20,GLD,-5.020524278322177,0.006601065006659999,-4.769668606089761,0.008483190972012061,"GARCH(1,1)",1,test
2021-05-20,SPY,-5.1710181606074554,0.005678783960634801,-4.509676187151358,0.01100202219520978,"GARCH(1,1)",1,test
2021-05-20,TLT,-5.715704452363785,0.0032938293582984997,-4.97998387999279,0.006874173368327376,"GARCH(1,1)",1,test
2021-05-21,GLD,-5.877593058863223,0.0028015202607894014,-4.796722163549877,0.008256767073290419,"GARCH(1,1)",1,test
2021-05-21,SPY,-5.349983568946675,0.0047482290171747,-4.6135181752123335,0.009916867584794226,"GARCH(1,1)",1,test
2021-05-21,TLT,-5.676833414066853,0.003424384901953301,-5.005196762420827,0.006703022315567484,"GARCH(1,1)",1,test
2021-05-24,GLD,-5.454337812732738,0.0042777084881431,-4.813969222762896,0.008115583126325642,"GARCH(1,1)",1,test
2021-05-24,SPY,-5.474555571605832,0.004192091220411401,-4.609895370946604,0.009952859611651908,"GARCH(1,1)",1,test
2021-05-24,TLT,-5.990769873547381,0.0025017372872553996,-4.9766647035061276,0.006897027871018535,"GARCH(1,1)",1,test
2021-05-25,GLD,-5.167459857544815,0.005699026788693798,-4.840073449904983,0.007906473300552972,"GARCH(1,1)",1,test
2021-05-25,SPY,-5.7730480962598625,0.0031102626709038003,-4.717824194099517,0.00893459736465562,"GARCH(1,1)",1,test
2021-05-25,TLT,-5.306824726407379,0.004957643626620799,-4.9989478887610534,0.006745039799403822,"GARCH(1,1)",1,test
2021-05-26,GLD,-5.554791777016249,0.0038688739742042005,-4.864174156094297,0.007718199588304128,"GARCH(1,1)",1,test
2021-05-26,SPY,-5.949939557117568,0.0026059980276806993,-4.699601678098592,0.009098900671390475,"GARCH(1,1)",1,test
2021-05-26,TLT,-5.653494016135687,0.003505247960741999,-5.016645574599153,0.006626718300679362,"GARCH(1,1)",1,test
2021-05-27,GLD,-5.662819033132387,0.0034727133923877,-4.847861444660058,0.007845136881829579,"GARCH(1,1)",1,test
2021-05-27,SPY,-6.197708428675208,0.0020340865539938005,-4.791854984877415,0.008297052191800248,"GARCH(1,1)",1,test
2021-05-27,TLT,-5.328883613065507,0.0048494808884741985,-4.971829065005392,0.00693046017264803,"GARCH(1,1)",1,test
2021-05-28,GLD,-5.137380840841447,0.005873052044409202,-4.87150276893761,0.00766184265299129,"GARCH(1,1)",1,test
2021-05-28,SPY,-5.501812536319518,0.0040793707258585995,-4.889120573877015,0.007528039919750184,"GARCH(1,1)",1,test
2021-05-28,TLT,-5.323050147585516,0.004877852840778701,-5.000126423794024,0.006737095216105864,"GARCH(1,1)",1,test
2021-06-01,GLD,-5.863685940559088,0.0028407535128937003,-4.8962143267889475,0.0074748268280563366,"GARCH(1,1)",1,test
2021-06-01,SPY,-5.7249204227386805,0.0032636129750254995,-4.981132848522623,0.006866279695117987,"GARCH(1,1)",1,test
2021-06-01,TLT,-6.0335929185091794,0.0023968667425389,-5.014439793799339,0.006641351521578504,"GARCH(1,1)",1,test
2021-06-02,GLD,-5.452772764452366,0.004284408550049002,-4.912625040383996,0.007353160630863478,"GARCH(1,1)",1,test
2021-06-02,SPY,-5.095657138296491,0.006123281469695599,-5.062073080283676,0.006332418284710926,"GARCH(1,1)",1,test
2021-06-02,TLT,-5.983173270789578,0.002520814360361999,-5.040572335494069,0.006470044222441054,"GARCH(1,1)",1,test
2021-06-03,GLD,-5.687318081836234,0.003388668926194101,-4.931800506425017,0.007213503622284674,"GARCH(1,1)",1,test
2021-06-03,SPY,-5.06894466702488,0.006289053685622898,-5.128155054836784,0.005927486278967335,"GARCH(1,1)",1,test
2021-06-03,TLT,-5.700970550986307,0.0033427196027848993,-5.064837543605709,0.006314936721326685,"GARCH(1,1)",1,test
2021-06-04,GLD,-5.537288682650913,0.0039371873441204994,-4.940942008581329,0.007147861852679705,"GARCH(1,1)",1,test
2021-06-04,SPY,-5.952826452634353,0.002598485632625101,-5.192236037397135,0.005559561518564178,"GARCH(1,1)",1,test
2021-06-04,TLT,-6.264322403963225,0.001903002448601,-5.085486308764875,0.006185878111974665,"GARCH(1,1)",1,test
2021-06-07,GLD,-5.367746497376136,0.0046646312337619,-4.76475469552172,0.008524979201504752,"GARCH(1,1)",1,test
2021-06-07,SPY,-5.362539369269972,0.004688983914904102,-5.176907244085499,0.005645439408631313,"GARCH(1,1)",1,test
2021-06-07,TLT,-6.18178036939594,0.0020667450076382,-5.094426466404894,0.006130821859005584,"GARCH(1,1)",1,test
2021-06-08,GLD,-5.567880120234815,0.0038185667609503997,-4.7445801578552755,0.00869871332571184,"GARCH(1,1)",1,test
2021-06-08,SPY,-6.152808885549554,0.0021274974724617003,-5.029800809074085,0.006540113172009886,"GARCH(1,1)",1,test
2021-06-08,TLT,-5.4079906272678615,0.004480634436606199,-4.949482889246153,0.007087072783210779,"GARCH(1,1)",1,test
2021-06-09,GLD,-5.503172782481897,0.0040738255497410995,-4.765898852076618,0.008515230868543966,"GARCH(1,1)",1,test
2021-06-09,SPY,-5.286709378445586,0.0050583781112088,-5.098781671572777,0.006104178931782195,"GARCH(1,1)",1,test
2021-06-09,TLT,-5.177293628451251,0.005643258520463699,-4.973681980290974,0.006917630506870596,"GARCH(1,1)",1,test
2021-06-10,GLD,-5.559310101515851,0.003851432578755402,-4.78875985404305,0.008322772437102603,"GARCH(1,1)",1,test
2021-06-10,SPY,-5.9209966062009185,0.002682525422866401,-5.167019405319834,0.005701537490604633,"GARCH(1,1)",1,test
2021-06-10,TLT,-5.883066888149871,0.0027862271113687997,-4.964790933108748,0.006979409720072376,"GARCH(1,1)",1,test
2021-06-11,GLD,-5.028952751422826,0.006545661917520997,-4.8135297436826265,0.008119150539178095,"GARCH(1,1)",1,test
2021-06-11,SPY,-5.631431865862309,0.0035834406457912996,-5.20837612162392,0.005470549986503682,"GARCH(1,1)",1,test
2021-06-11,TLT,-5.562468105443194,0.0038392889244920994,-4.935474938578506,0.007187046729431735,"GARCH(1,1)",1,test
2021-06-14,GLD,-5.138733436828914,0.005865113547779398,-4.830961675425583,0.00797884451658038,"GARCH(1,1)",1,test
2021-06-14,SPY,-5.8473254264508645,0.0028876119698440996,-5.207934034338472,0.005472968981761247,"GARCH(1,1)",1,test
2021-06-14,TLT,-5.857450734817986,0.0028585215315672986,-4.94135662839232,0.007144898821857443,"GARCH(1,1)",1,test
2021-06-15,GLD,-4.622936576271914,0.009823905015203799,-4.796374572641145,0.00825963754930739,"GARCH(1,1)",1,test
2021-06-15,SPY,-4.9042627289098295,0.007414907865359498,-5.259155049426986,0.00519969634949848,"GARCH(1,1)",1,test
2021-06-15,TLT,-4.958055500713358,0.0070265777325626,-4.971732180732604,0.006931131657769588,"GARCH(1,1)",1,test
2021-06-16,GLD,-4.808435523004631,0.0081606168132434,-4.80677615141219,0.00817416955036378,"GARCH(1,1)",1,test
2021-06-16,SPY,-5.083813786493603,0.006196232787683401,-5.2963726713133585,0.005009732936904032,"GARCH(1,1)",1,test
2021-06-16,TLT,-4.173462860951939,0.015398843636020499,-4.95310795481451,0.007061428189434052,"GARCH(1,1)",1,test
2021-06-17,GLD,-5.043515554367155,0.006451029462202802,-4.825974813292971,0.008018733291407022,"GARCH(1,1)",1,test
2021-06-17,SPY,-5.469321709838271,0.004214089564304302,-5.305308101676283,0.004965168216099836,"GARCH(1,1)",1,test
2021-06-17,TLT,-4.962401067179405,0.006996109520763302,-4.983768425101901,0.006848206915725334,"GARCH(1,1)",1,test
2021-06-18,GLD,-5.313741184235417,0.004923472601000601,-4.726261459035567,0.008859530922637766,"GARCH(1,1)",1,test
2021-06-18,SPY,-5.078102700688207,0.0062317212471635994,-5.183591007239213,0.005607832446738734,"GARCH(1,1)",1,test
2021-06-18,TLT,-5.212319018459471,0.005449022640215402,-5.01332913772785,0.006648731876728288,"GARCH(1,1)",1,test
2021-06-21,GLD,-5.560359397603606,0.003847393405133402,-4.456375586157277,0.011604346112630063,"GARCH(1,1)",1,test
2021-06-21,SPY,-5.174008804698437,0.005661826109027501,-5.237007496275546,0.005316141629990961,"GARCH(1,1)",1,test
2021-06-21,TLT,-5.443156331992729,0.004325808014037899,-4.871526854815589,0.007661658113006467,"GARCH(1,1)",1,test
2021-06-22,GLD,-4.809238996787103,0.008154062605005,-4.483562923464619,0.0112931049212206,"GARCH(1,1)",1,test
2021-06-22,SPY,-6.023136022299859,0.0024220620319718006,-4.654303724610748,0.009520539852314628,"GARCH(1,1)",1,test
2021-06-22,TLT,-5.561964003864776,0.0038412248039979002,-4.705247634469697,0.00904767342465491,"GARCH(1,1)",1,test
2021-06-23,GLD,-5.589394170260212,0.0037372913412189014,-4.479908917227836,0.011334445480368431,"GARCH(1,1)",1,test
2021-06-23,SPY,-6.491543256060248,0.0015162073054964997,-4.555140302720191,0.010513025122612355,"GARCH(1,1)",1,test
2021-06-23,TLT,-5.8835263311640595,0.0027849472928109,-4.6125987022670145,0.009925990069537012,"GARCH(1,1)",1,test
2021-06-24,GLD,-5.4808220942775625,0.004165903524330002,-4.509320566348906,0.011005935438945633,"GARCH(1,1)",1,test
2021-06-24,SPY,-6.059695479367494,0.002335111869012699,-4.647444287611555,0.009586069888264067,"GARCH(1,1)",1,test
2021-06-24,TLT,-4.76964573008169,0.008483385035776898,-4.657983147507295,0.009485574126288603,"GARCH(1,1)",1,test
2021-06-25,GLD,-6.073144125228,0.0023039180042199008,-4.542375683682094,0.010648080011579224,"GARCH(1,1)",1,test
2021-06-25,SPY,-5.848836737953325,0.0028832511847418003,-4.752509400434796,0.008630011852898935,"GARCH(1,1)",1,test
2021-06-25,TLT,-5.438933630737635,0.004344113230498002,-4.700188311068373,0.009093564521601606,"GARCH(1,1)",1,test
2021-06-28,GLD,-5.272476933747396,0.005130885955940998,-4.574544879348549,0.01031099085515528,"GARCH(1,1)",1,test
2021-06-28,SPY,-6.053823793052205,0.002348863245795601,-4.813114001937161,0.00812252671075405,"GARCH(1,1)",1,test
2021-06-28,TLT,-6.183467877171699,0.0020632603004295006,-4.742705611254035,0.008715034762078896,"GARCH(1,1)",1,test
2021-06-29,GLD,-5.014482584164658,0.006641067341800802,-4.602731357133209,0.010024418052170952,"GARCH(1,1)",1,test
2021-06-29,SPY,-6.058846329416487,0.002337095571253,-4.8975656142680055,0.0074647330095166855,"GARCH(1,1)",1,test
2021-06-29,TLT,-5.475955994653157,0.004186224628064201,-4.725520017164603,0.008866102185624636,"GARCH(1,1)",1,test
2021-06-30,GLD,-5.180346317561312,0.0056260576744085,-4.633502045360706,0.009720657241468577,"GARCH(1,1)",1,test
2021-06-30,SPY,-6.25611430633545,0.0019186867596050006,-4.9856999556894674,0.006834992161057527,"GARCH(1,1)",1,test
2021-06-30,TLT,-5.5877037237874605,0.0037436143750537005,-4.714693388794097,0.008962613683421869,"GARCH(1,1)",1,test
2021-07-01,GLD,-5.188080724488673,0.0055827113002912,-4.627053225288398,0.00978354657404899,"GARCH(1,1)",1,test
2021-07-01,SPY,-5.286103930888694,0.005061441621181801,-5.068166617094404,0.0062939487874756435,"GARCH(1,1)",1,test
2021-07-01,TLT,-5.833400022964386,0.0029281044141036003,-4.756272618340648,0.008597596269473647,"GARCH(1,1)",1,test
2021-07-02,GLD,-4.857551304525557,0.0077694857213187,-4.649553502914705,0.009565872111176913,"GARCH(1,1)",1,test
2021-07-02,SPY,-5.046364002635406,0.006432680184393697,-5.141303418802037,0.0058500596640818124,"GARCH(1,1)",1,test
2021-07-02,TLT,-5.439365253909207,0.004342238615160599,-4.786642479006181,0.008340413537520464,"GARCH(1,1)",1,test
2021-07-06,GLD,-5.436108801892583,0.004356401955458401,-4.675223506481969,0.009323441055323916,"GARCH(1,1)",1,test
2021-07-06,SPY,-5.262829697350628,0.005180624358990199,-5.132819268428174,0.005899903592677172,"GARCH(1,1)",1,test
2021-07-06,TLT,-5.100361213803452,0.006094544734189899,-4.825440383052085,0.008023019890313569,"GARCH(1,1)",1,test
2021-07-07,GLD,-4.970116031742769,0.006942342455916598,-4.689107732715398,0.009194886793792021,"GARCH(1,1)",1,test
2021-07-07,SPY,-5.083215412273284,0.006199941563153798,-5.059753679173692,0.006347122748892604,"GARCH(1,1)",1,test
2021-07-07,TLT,-5.126655638419992,0.005936380715770197,-4.841183686607914,0.00789770011476156,"GARCH(1,1)",1,test
2021-07-08,GLD,-5.579172363596035,0.0037756891237781995,-4.708967775181443,0.009014077336235344,"GARCH(1,1)",1,test
2021-07-08,SPY,-4.934424239619785,0.007194602120472298,-5.113516335850499,0.006014895302046753,"GARCH(1,1)",1,test
2021-07-08,TLT,-6.249523343966715,0.0019313745181741009,-4.795657166137029,0.00826556519301775,"GARCH(1,1)",1,test
2021-07-09,GLD,-5.069392122376715,0.006286240244384901,-4.731924713502242,0.008809498950183821,"GARCH(1,1)",1,test
2021-07-09,SPY,-5.789420962025893,0.003059753376974299,-5.156798955286331,0.0057601085711941405,"GARCH(1,1)",1,test
2021-07-09,TLT,-5.5211401439083625,0.004001283301629401,-4.790122335666155,0.008311440534111566,"GARCH(1,1)",1,test
2021-07-12,GLD,-5.545178030094915,0.003906247712440699,-4.759759831110762,0.008567666837449344,"GARCH(1,1)",1,test
2021-07-12,SPY,-5.523563957518547,0.003991596680728799,-4.991074884162317,0.006798353121396109,"GARCH(1,1)",1,test
2021-07-12,TLT,-4.436794116903675,0.011833815601965404,-4.821064338812535,0.008058205911931661,"GARCH(1,1)",1,test
2021-07-13,GLD,-5.772077276708236,0.0031132836408864994,-4.7825772749536295,0.00837438803026775,"GARCH(1,1)",1,test
2021-07-13,SPY,-5.384038808686967,0.004589249349549801,-4.866277441477358,0.007701983071885704,"GARCH(1,1)",1,test
2021-07-13,TLT,-5.539460311022407,0.003928646513491699,-4.741830124316822,0.008722668002083852,"GARCH(1,1)",1,test
2021-07-14,GLD,-5.541739680910068,0.003919701872874499,-4.808871268142635,0.008157061638775161,"GARCH(1,1)",1,test
2021-07-14,SPY,-5.386894600590524,0.004576162104532601,-4.9450190639228255,0.007118778950918521,"GARCH(1,1)",1,test
2021-07-14,TLT,-4.939095340215658,0.007161073778313201,-4.782351237055184,0.008376281173291856,"GARCH(1,1)",1,test
2021-07-15,GLD,-5.248100681528512,0.0052574945787785005,-4.8346037288722155,0.007949837992128013,"GARCH(1,1)",1,test
2021-07-15,SPY,-5.288358516120032,0.005050043024036199,-4.99032787251746,0.0068034334676463,"GARCH(1,1)",1,test
2021-07-15,TLT,-5.736188906852375,0.003227043432678699,-4.787054404416689,0.008336978616764357,"GARCH(1,1)",1,test
2021-07-16,GLD,-5.462746685646392,0.004241888594636699,-4.8057615711700805,0.008182467109843407,"GARCH(1,1)",1,test
2021-07-16,SPY,-4.164161930513112,0.015542735335556095,-5.071198368295452,0.00627489599693385,"GARCH(1,1)",1,test
2021-07-16,TLT,-5.140916210124351,0.0058523252965567,-4.755672011224172,0.008602761597988937,"GARCH(1,1)",1,test
2021-07-19,GLD,-5.01029944500752,0.006668906036615704,-4.8322011571051,0.00796896101145548,"GARCH(1,1)",1,test
2021-07-19,SPY,-4.626318563928085,0.009790736808554096,-5.091988425935684,0.006145787286553431,"GARCH(1,1)",1,test
2021-07-19,TLT,-4.703252713607451,0.009065740832657196,-4.733064991809437,0.008799459394665175,"GARCH(1,1)",1,test
2021-07-20,GLD,-5.7320825719796185,0.0032403219981217996,-4.8118462523145515,0.008132830570903634,"GARCH(1,1)",1,test
2021-07-20,SPY,-5.273080283879096,0.005127791168937698,-4.967069307342064,0.006963526114072698,"GARCH(1,1)",1,test
2021-07-20,TLT,-4.737381072090505,0.008761562064278996,-4.7727898053390705,0.008456754520895891,"GARCH(1,1)",1,test
2021-07-21,GLD,-5.474580988816075,0.0041919846705016,-4.837452520291272,0.007927222790164478,"GARCH(1,1)",1,test
2021-07-21,SPY,-5.764228168568577,0.0031378162946277995,-4.645771074099632,0.009602122856203566,"GARCH(1,1)",1,test
2021-07-21,TLT,-5.125431189693825,0.005943653961525198,-4.592435583432838,0.010128160329002676,"GARCH(1,1)",1,test
2021-07-22,GLD,-5.54717249555768,0.0038984646004432987,-4.862205994254353,0.007733405212863451,"GARCH(1,1)",1,test
2021-07-22,SPY,-5.40302292655144,0.0045029482658312,-4.54987193240339,0.010568557786982678,"GARCH(1,1)",1,test
2021-07-22,TLT,-5.869914991550834,0.0028231133122995997,-4.600095555546819,0.010050875281861974,"GARCH(1,1)",1,test
2021-07-23,GLD,-5.8487673899542285,0.0028834511393755003,-4.879735369007828,0.007599024698968478,"GARCH(1,1)",1,test
2021-07-23,SPY,-6.50103532498217,0.0015018834503105003,-4.607748463233411,0.009974250436567756,"GARCH(1,1)",1,test
2021-07-23,TLT,-5.518003624859588,0.004013853105334001,-4.580029700262226,0.010254591727817829,"GARCH(1,1)",1,test
2021-07-26,GLD,-5.528174997379339,0.003973233638221999,-4.9023365021979854,0.007429204423741502,"GARCH(1,1)",1,test
2021-07-26,SPY,-5.075312213924308,0.0062491350680386,-4.718966454051188,0.00892439755842578,"GARCH(1,1)",1,test
2021-07-26,TLT,-5.791458238226205,0.0030535261596751997,-4.592527666032586,0.010127227744606974,"GARCH(1,1)",1,test
2021-07-27,GLD,-5.142926704428545,0.005840571049764101,-4.920555002511205,0.007295080934798621,"GARCH(1,1)",1,test
2021-07-27,SPY,-5.367522780282641,0.004665674908243301,-4.698556560980264,0.009108415059198871,"GARCH(1,1)",1,test
2021-07-27,TLT,-5.250930929481422,0.005242635602721502,-4.619969308835263,0.009853098459614745,"GARCH(1,1)",1,test
2021-07-28,GLD,-5.78632412218905,0.0030692436304358985,-4.940649820737136,0.007149950676174588,"GARCH(1,1)",1,test
2021-07-28,SPY,-5.819410003292477,0.002969356538653099,-4.801986277851619,0.008213416708398081,"GARCH(1,1)",1,test
2021-07-28,TLT,-5.722040710118108,0.0032730247876520003,-4.661542050612543,0.009451875887027563,"GARCH(1,1)",1,test
2021-07-29,GLD,-5.145211547025947,0.005827241497999201,-4.962033230271526,0.006998683421415407,"GARCH(1,1)",1,test
2021-07-29,SPY,-5.629659648088973,0.0035897969136753,-4.850380960935463,0.007825395811190378,"GARCH(1,1)",1,test
2021-07-29,TLT,-5.925996210494619,0.0026691473277019,-4.655419051255236,0.009509927259901107,"GARCH(1,1)",1,test
2021-07-30,GLD,-5.369663866109732,0.004655695984501702,-4.967998893309998,0.00695705592567381,"GARCH(1,1)",1,test
2021-07-30,SPY,-5.391946917110095,0.0045531001922322,-4.943429806016599,0.007130101521508203,"GARCH(1,1)",1,test
2021-07-30,TLT,-4.800924508963901,0.008222142090070602,-4.699950100107034,0.009095730966373493,"GARCH(1,1)",1,test
2021-08-02,GLD,-5.96254057163319,0.0025733658398348,-4.914530507275262,0.007339162767203375,"GARCH(1,1)",1,test
2021-08-02,SPY,-4.903661982032416,0.007419363686382197,-5.0043696001010645,0.006708569096783397,"GARCH(1,1)",1,test
2021-08-02,TLT,-5.536949501949698,0.003938522988584302,-4.72670661165746,0.008855587956894694,"GARCH(1,1)",1,test
2021-08-03,GLD,-4.864625341688888,0.007714718033306497,-4.901492221767087,0.007435479404202478,"GARCH(1,1)",1,test
2021-08-03,SPY,-5.6072757373037545,0.003671056670265302,-5.004395068633675,0.006708398241548309,"GARCH(1,1)",1,test
2021-08-03,TLT,-4.637506779407046,0.009681806439948402,-4.757543912485422,0.0085866731404033,"GARCH(1,1)",1,test
2021-08-04,GLD,-5.33004981733802,0.004843828699586601,-4.924447865334343,0.0072667373899957454,"GARCH(1,1)",1,test
2021-08-04,SPY,-6.076475139560746,0.0022962563878874995,-5.062790169869358,0.006327879001237746,"GARCH(1,1)",1,test
2021-08-04,TLT,-5.556138319551159,0.003863667876738202,-4.7666436488971105,0.008508891112875316,"GARCH(1,1)",1,test
2021-08-05,GLD,-5.5706568525275335,0.0038079783307346997,-4.947355955664639,0.00710216255809384,"GARCH(1,1)",1,test
2021-08-05,SPY,-6.355076583428046,0.0017379020989769997,-4.996883947566124,0.006758975541236059,"GARCH(1,1)",1,test
2021-08-05,TLT,-5.387503885059055,0.0045733747692631,-4.807376060058443,0.008169267265982992,"GARCH(1,1)",1,test
2021-08-06,GLD,-4.914534267273757,0.007339135172014297,-4.969914692795604,0.006943740360559133,"GARCH(1,1)",1,test
2021-08-06,SPY,-6.058531455083904,0.0023378315785299994,-4.997109063799865,0.0067574541573687955,"GARCH(1,1)",1,test
2021-08-06,TLT,-5.276911992242309,0.005108180563684501,-4.844377197375882,0.007872518953957835,"GARCH(1,1)",1,test
2021-08-09,GLD,-5.100726227478224,0.006092320547974297,-4.9811814721174885,0.0068659458400325436,"GARCH(1,1)",1,test
2021-08-09,SPY,-5.995468905840582,0.0024900091200523995,-5.003033871722195,0.0067175359101879495,"GARCH(1,1)",1,test
2021-08-09,TLT,-5.840151809314283,0.002908401069925199,-4.863883540437946,0.007720442943904668,"GARCH(1,1)",1,test
2021-08-10,GLD,-5.188626790077408,0.0055796636059545004,-4.692079157984795,0.009167605427167887,"GARCH(1,1)",1,test
2021-08-10,SPY,-6.2099760479915656,0.0020092855899190992,-5.082008668531865,0.006207427819920574,"GARCH(1,1)",1,test
2021-08-10,TLT,-4.915502180170154,0.007332034965178102,-4.729465159173807,0.008831193059441883,"GARCH(1,1)",1,test
2021-08-11,GLD,-5.331144926366888,0.0048385270824976,-4.61012539395002,0.009950570488277065,"GARCH(1,1)",1,test
2021-08-11,SPY,-5.632812962362013,0.0035784949844624007,-5.145231398269801,0.005827125821155396,"GARCH(1,1)",1,test
2021-08-11,TLT,-5.328338257535685,0.004852126300973098,-4.763843718735505,0.00853274879808403,"GARCH(1,1)",1,test
2021-08-12,GLD,-5.4489569254421415,0.004300788394880399,-4.64178701631939,0.009640454575665876,"GARCH(1,1)",1,test
2021-08-12,SPY,-6.643903918757545,0.0013019346626420003,-5.207338986785827,0.005476226627690543,"GARCH(1,1)",1,test
2021-08-12,TLT,-5.467783584400727,0.004220576350125501,-4.791528835978958,0.008299758707572625,"GARCH(1,1)",1,test
2021-08-13,GLD,-5.858818067942643,0.0028546156513179007,-4.61037701162963,0.009948067063786146,"GARCH(1,1)",1,test
2021-08-13,SPY,-5.147231489443589,0.005815482685779499,-5.250010368121275,0.005247463992556275,"GARCH(1,1)",1,test
2021-08-13,TLT,-5.183900515031389,0.0056060970474729015,-4.830615341590436,0.007981608338976832,"GARCH(1,1)",1,test
2021-08-16,GLD,-5.338198088167072,0.004804520236980401,-4.6417536301861775,0.009640776438539419,"GARCH(1,1)",1,test
2021-08-16,SPY,-5.027412556013766,0.0065557512837589,-5.276975947985948,0.0051078538766447775,"GARCH(1,1)",1,test
2021-08-16,TLT,-5.574671888436284,0.0037927198132428007,-4.866554209468505,0.007699851704463798,"GARCH(1,1)",1,test
2021-08-17,GLD,-5.245582835385456,0.005270748820294098,-4.6060492266829245,0.009991213455482557,"GARCH(1,1)",1,test
2021-08-17,SPY,-4.9026412124286844,0.007426941014007198,-5.314579362497428,0.004919347582284847,"GARCH(1,1)",1,test
2021-08-17,TLT,-5.511552865101597,0.004039829200116798,-4.755363130798484,0.008605419233078018,"GARCH(1,1)",1,test
2021-08-18,GLD,-5.477646727482919,0.004179152820605901,-4.629411697033154,0.009760499544457677,"GARCH(1,1)",1,test
2021-08-18,SPY,-5.0689853737362585,0.006288797684140198,-5.3389476452039935,0.004800920324366204,"GARCH(1,1)",1,test
2021-08-18,TLT,-5.8070639435441995,0.0030062436284582993,-4.792801996834745,0.00828919850351933,"GARCH(1,1)",1,test
2021-08-19,GLD,-5.71792116540248,0.0032865359704731998,-4.659202934457326,0.009474010800586434,"GARCH(1,1)",1,test
2021-08-19,SPY,-5.371078668213086,0.0046491137534053996,-5.15640377318186,0.005762385312855438,"GARCH(1,1)",1,test
2021-08-19,TLT,-5.71820905090454,0.003285589960593099,-4.831668458100979,0.007973207199919934,"GARCH(1,1)",1,test
2021-08-20,GLD,-5.527883338755025,0.003974392635086501,-4.688706906031344,0.009198573088509115,"GARCH(1,1)",1,test
2021-08-20,SPY,-4.960208858323728,0.0070114632771815,-4.871773421433002,0.00765976923675825,"GARCH(1,1)",1,test
2021-08-20,TLT,-5.980675559031857,0.0025271184977105,-4.862259868356959,0.007732988593820111,"GARCH(1,1)",1,test
2021-08-23,GLD,-5.880779268173377,0.0027926082361793,-4.7143278594180105,0.008965890380837772,"GARCH(1,1)",1,test
2021-08-23,SPY,-6.337997356846354,0.0017678390449300994,-4.965975569077438,0.006971146555664994,"GARCH(1,1)",1,test
2021-08-23,TLT,-5.759043375712225,0.0031541274706313005,-4.863246073931588,0.00772536603668232,"GARCH(1,1)",1,test
2021-08-24,GLD,-5.347312742371903,0.0047609276638097,-4.742435173407178,0.008717391956038099,"GARCH(1,1)",1,test
2021-08-24,SPY,-6.008193575957872,0.002458525310767401,-4.935966126269101,0.007183517407397237,"GARCH(1,1)",1,test
2021-08-24,TLT,-4.96456903483676,0.006980958610870497,-4.8991974922827355,0.007452561409816711,"GARCH(1,1)",1,test
2021-08-25,GLD,-5.190502578239778,0.005569207149127403,-4.712868970821905,0.008978980162012908,"GARCH(1,1)",1,test
2021-08-25,SPY,-5.897319189905518,0.002746798602736801,-4.8907957196309555,0.007515439912014273,"GARCH(1,1)",1,test
2021-08-25,TLT,-5.371789576210004,0.004645809835789399,-4.933385556293868,0.0072020789160706965,"GARCH(1,1)",1,test
2021-08-26,GLD,-4.5963037557032145,0.010089058535061498,-4.740999038369503,0.0087299203021084,"GARCH(1,1)",1,test
2021-08-26,SPY,-5.6181560965592645,0.003631330762820499,-4.982645102799688,0.006855903981617447,"GARCH(1,1)",1,test
2021-08-26,TLT,-5.504188873888327,0.004069688272890399,-4.918379526566088,0.007310968483113636,"GARCH(1,1)",1,test
2021-08-27,GLD,-5.837640592488221,0.002915713873803999,-4.748748473257766,0.008662529809518616,"GARCH(1,1)",1,test
2021-08-27,SPY,-5.725897588064722,0.003260425443215101,-5.061934216998623,0.00633329768617315,"GARCH(1,1)",1,test
2021-08-27,TLT,-5.851053784736377,0.002876865962761301,-4.899400958382035,0.0074510452204686614,"GARCH(1,1)",1,test
2021-08-30,GLD,-5.384937792735495,0.0045851255414864,-4.775558020397028,0.00843337677792841,"GARCH(1,1)",1,test
2021-08-30,SPY,-6.062209925726776,0.0023292477310949,-5.015253518054191,0.00663594949094015,"GARCH(1,1)",1,test
2021-08-30,TLT,-5.010275416060865,0.0066690662853283985,-4.928554725859276,0.007236955110756925,"GARCH(1,1)",1,test
2021-08-31,GLD,-5.6867332777409185,0.003390651213228101,-4.712905936071519,0.008978648257904434,"GARCH(1,1)",1,test
2021-08-31,SPY,-6.117661968346263,0.0022036020361702003,-4.939422142509471,0.0071587339053350366,"GARCH(1,1)",1,test
2021-08-31,TLT,-5.529428005902346,0.003968258260355801,-4.927382990113985,0.007245439879730037,"GARCH(1,1)",1,test
2021-09-01,GLD,-5.726677543245834,0.003257883448947701,-4.731482942573841,0.008813391590478146,"GARCH(1,1)",1,test
2021-09-01,SPY,-5.703047240566078,0.0033357850148031994,-4.9974383511839875,0.006755229379281768,"GARCH(1,1)",1,test
2021-09-01,TLT,-5.631968589049727,0.0035815178461577005,-4.955573129666684,0.007044041973077492,"GARCH(1,1)",1,test
2021-09-02,GLD,-5.1964384720982455,0.005536246847818598,-4.757611045454925,0.008586096710886166,"GARCH(1,1)",1,test
2021-09-02,SPY,-5.850931934392834,0.002877216531225199,-5.065444426060655,0.006311105459706737,"GARCH(1,1)",1,test
2021-09-02,TLT,-5.917163920832609,0.0026928264264478997,-4.948589613770372,0.007093406319898442,"GARCH(1,1)",1,test
2021-09-03,GLD,-5.134139486127924,0.0058921195749569,-4.784652598791505,0.008357026484806799,"GARCH(1,1)",1,test
2021-09-03,SPY,-5.897385772446803,0.002746615719993899,-5.1390245402560515,0.00586340644160937,"GARCH(1,1)",1,test
2021-09-03,TLT,-5.548815776963679,0.0038920635868272017,-4.980564009064019,0.00687018661704271,"GARCH(1,1)",1,test
2021-09-07,GLD,-5.266168327915901,0.005163357008848698,-4.807792076699191,0.008165869421686515,"GARCH(1,1)",1,test
2021-09-07,SPY,-5.423231658976562,0.004412862712461801,-5.185593666323284,0.005596613108152224,"GARCH(1,1)",1,test
2021-09-07,TLT,-5.611554589153494,0.003655382320665702,-4.995264035106817,0.006769933362887152,"GARCH(1,1)",1,test
2021-09-08,GLD,-5.099908170780066,0.006097306450703401,-4.783470659394728,0.008366909823252073,"GARCH(1,1)",1,test
2021-09-08,SPY,-5.193234327184969,0.005554014234434599,-5.238630479194247,0.005307520620699869,"GARCH(1,1)",1,test
2021-09-08,TLT,-4.931589318027507,0.007215027191429499,-4.953064155425505,0.007061737482447627,"GARCH(1,1)",1,test
2021-09-09,GLD,-5.760090453285111,0.0031508265829390996,-4.659513260072413,0.009471071228493253,"GARCH(1,1)",1,test
2021-09-09,SPY,-5.134621525634758,0.005889280024985398,-5.213777071359337,0.00544108346622773,"GARCH(1,1)",1,test
2021-09-09,TLT,-5.4432986330906905,0.004325192490603801,-4.92731777982106,0.007245912372392494,"GARCH(1,1)",1,test
2021-09-10,GLD,-5.718797431717791,0.0032836573511110007,-4.686674920139209,0.009217283462422775,"GARCH(1,1)",1,test
2021-09-10,SPY,-4.95333586064768,0.007059819032134301,-5.250737743234381,0.0052436485056545044,"GARCH(1,1)",1,test
2021-09-10,TLT,-6.066922259991745,0.002318297358372101,-4.926186449589874,0.007254114530912015,"GARCH(1,1)",1,test
2021-09-13,GLD,-5.005376145733772,0.0067018200130575,-4.708271811103485,0.009020352993820114,"GARCH(1,1)",1,test
2021-09-13,SPY,-5.1204729703128375,0.0059731970819033,-5.199108640304792,0.005521483856108936,"GARCH(1,1)",1,test
2021-09-13,TLT,-4.905726758570067,0.0074040601629332976,-4.857932090960239,0.007766527769761217,"GARCH(1,1)",1,test
2021-09-14,GLD,-5.608086965610525,0.003668079812797399,-4.726494152111559,0.008857469610971311,"GARCH(1,1)",1,test
2021-09-14,SPY,-5.044968650292168,0.0064416623049164,-5.024574704061734,0.006574381958381364,"GARCH(1,1)",1,test
2021-09-14,TLT,-5.179843861187399,0.005628885233250002,-4.841655741644728,0.007893972845450478,"GARCH(1,1)",1,test
2021-09-15,GLD,-5.288060844270743,0.005051546503442798,-4.749754848981494,0.008653816435011936,"GARCH(1,1)",1,test
2021-09-15,SPY,-4.979896482516962,0.006874774179982501,-5.095155310656024,0.0061263550727324294,"GARCH(1,1)",1,test
2021-09-15,TLT,-5.42954982839741,0.004385069392124202,-4.855730002015733,0.007783649199236729,"GARCH(1,1)",1,test
2021-09-16,GLD,-5.532662549651867,0.003955443491541101,-4.760119904730183,0.008564582401986442,"GARCH(1,1)",1,test
2021-09-16,SPY,-5.322977877773927,0.004878205375023099,-5.055131496080747,0.006376528218731212,"GARCH(1,1)",1,test
2021-09-16,TLT,-5.7663178889591835,0.0031312659824790996,-4.80217750954323,0.008211846192997974,"GARCH(1,1)",1,test
2021-09-17,GLD,-5.386163670028867,0.004579508183996798,-4.7723354065895665,0.00846059813277513,"GARCH(1,1)",1,test
2021-09-17,SPY,-4.379973914886549,0.012525685350736396,-4.984600364539492,0.006842511991559825,"GARCH(1,1)",1,test
2021-09-17,TLT,-5.295632764169263,0.005013441045753,-4.833203790672076,0.007960975067808056,"GARCH(1,1)",1,test
2021-09-20,GLD,-5.3438934595434775,0.004777234484947101,-4.610939129363381,0.009942476650255551,"GARCH(1,1)",1,test
2021-09-20,SPY,-5.008906517411899,0.0066782018125351,-5.053599609036797,0.006386303825345746,"GARCH(1,1)",1,test
2021-09-20,TLT,-5.65757386405956,0.003490976215198701,-4.856472486176603,0.0077778721079573105,"GARCH(1,1)",1,test
2021-09-21,GLD,-4.727135759516699,0.008851788415621504,-4.640428956305899,0.009653555785638082,"GARCH(1,1)",1,test
2021-09-21,SPY,-4.622021670319006,0.009832897077201301,-4.750284835971233,0.008649231240043955,"GARCH(1,1)",1,test
2021-09-21,TLT,-5.3394148293359,0.004798677934417399,-4.876593683521969,0.007622935985775859,"GARCH(1,1)",1,test
2021-09-22,GLD,-5.703436267314589,0.003334487557594301,-4.653226037182571,0.009530805549035518,"GARCH(1,1)",1,test
2021-09-22,SPY,-4.956076110860512,0.007040499843323499,-4.489024434120708,0.01123159562807503,"GARCH(1,1)",1,test
2021-09-22,TLT,-5.273224155318845,0.005127053479307001,-4.81504879774554,0.008106826473395091,"GARCH(1,1)",1,test
2021-09-23,GLD,-5.2339339269830285,0.0053325062957438,-4.667486747142071,0.009395854034681567,"GARCH(1,1)",1,test
2021-09-23,SPY,-5.449320103889464,0.0042992267248285,-4.607203074567501,0.00997969176339092,"GARCH(1,1)",1,test
2021-09-23,TLT,-5.624801268489076,0.0036072799449808988,-4.85285928753802,0.007806025936927619,"GARCH(1,1)",1,test
2021-09-24,GLD,-5.632764412025296,0.0035786687258164,-4.691301554805986,0.009174736958681552,"GARCH(1,1)",1,test
2021-09-24,SPY,-5.677043170445179,0.003423666690705601,-4.625934097039833,0.009794501746369163,"GARCH(1,1)",1,test
2021-09-24,TLT,-5.382279537587264,0.004597330189409599,-4.866700038776098,0.00769872892229043,"GARCH(1,1)",1,test
2021-09-27,GLD,-5.5281871750371385,0.003973185253837001,-4.67206883541165,0.009352899887128133,"GARCH(1,1)",1,test
2021-09-27,SPY,-4.859709697260371,0.007752734204464001,-4.5891280199079265,0.010161715324730416,"GARCH(1,1)",1,test
2021-09-27,TLT,-4.972184717668162,0.006927995774294302,-4.624335309965371,0.009810173593797345,"GARCH(1,1)",1,test
2021-09-28,GLD,-5.013973250233454,0.006644450724300001,-4.700092367941131,0.009094437028474435,"GARCH(1,1)",1,test
2021-09-28,SPY,-5.284209449875635,0.0050710395148749025,-4.703764141567726,0.009061105544723731,"GARCH(1,1)",1,test
2021-09-28,TLT,-4.794127709096575,0.0082782166923917,-4.627798647291597,0.009776256420621325,"GARCH(1,1)",1,test
2021-09-29,GLD,-4.646859368415614,0.0095916786047184,-4.726429245087411,0.008858044541623552,"GARCH(1,1)",1,test
2021-09-29,SPY,-4.764461139949402,0.008527482124008699,-4.791389771725528,0.008300912987578627,"GARCH(1,1)",1,test
2021-09-29,TLT,-5.493654430053102,0.004112786786293498,-4.667150756063511,0.009399011488221082,"GARCH(1,1)",1,test
2021-09-30,GLD,-5.417156224316581,0.004439754378097301,-4.717616895890813,0.00893644968266928,"GARCH(1,1)",1,test
2021-09-30,SPY,-4.295125046507026,0.013634866598233606,-4.402292788690306,0.01224922280259398,"GARCH(1,1)",1,test
2021-09-30,TLT,-5.211292348854502,0.005454619858892399,-4.602705916212121,0.010024673085843703,"GARCH(1,1)",1,test
2021-10-01,GLD,-5.071265976511477,0.006274471776750297,-4.737336222938058,0.00876195502172353,"GARCH(1,1)",1,test
2021-10-01,SPY,-4.528722150785221,0.0107944609568233,-4.525408781872158,0.010830286306715776,"GARCH(1,1)",1,test
2021-10-01,TLT,-5.034767569717582,0.0065077105299976,-4.6480018522429045,0.009580726524514475,"GARCH(1,1)",1,test
2021-10-04,GLD,-5.236942463815994,0.0053164873629983015,-4.650987031219221,0.009552168987003003,"GARCH(1,1)",1,test
2021-10-04,SPY,-4.701144404216993,0.009084874381819496,-4.479913168663503,0.011334397292805077,"GARCH(1,1)",1,test
2021-10-04,TLT,-5.471639276583209,0.004204334438913302,-4.692645618457399,0.009162413811626285,"GARCH(1,1)",1,test
2021-10-05,GLD,-5.998731028135817,0.0024818996400357003,-4.678303400790172,0.009294770016832737,"GARCH(1,1)",1,test
2021-10-05,SPY,-4.664356732861856,0.0094253092655839,-4.487579265382519,0.011247838913273666,"GARCH(1,1)",1,test
2021-10-05,TLT,-5.71128110556697,0.0033084313789318006,-4.711312167339928,0.008992969556137037,"GARCH(1,1)",1,test
2021-10-06,GLD,-5.575127069572528,0.003790993831575701,-4.698986267697288,0.00910450195287074,"GARCH(1,1)",1,test
2021-10-06,SPY,-5.188525735146749,0.005580227486964299,-4.439581423541664,0.011800877055425188,"GARCH(1,1)",1,test
2021-10-06,TLT,-5.6675547577515735,0.0034563064581045987,-4.749964369503027,0.008652003472812251,"GARCH(1,1)",1,test
2021-10-07,GLD,-5.15384037660119,0.005777175540173098,-4.718762665569289,0.008926216433182638,"GARCH(1,1)",1,test
2021-10-07,SPY,-5.599611063698319,0.0036993022296478014,-4.480541911483665,0.011327273111759899,"GARCH(1,1)",1,test
2021-10-07,TLT,-5.590938226261555,0.0037315252068574984,-4.739704295673253,0.008741230623056106,"GARCH(1,1)",1,test
2021-10-08,GLD,-5.860999688442997,0.0028483947515808993,-4.743449741498603,0.0087085520534189,"GARCH(1,1)",1,test
2021-10-08,SPY,-4.778405191093911,0.008409399664355404,-4.589100099795272,0.010161999044927778,"GARCH(1,1)",1,test
2021-10-08,TLT,-6.1110042965556,0.0022183218407273004,-4.764260405282695,0.008529194057107127,"GARCH(1,1)",1,test
2021-10-11,GLD,-5.3319993544498425,0.004834394674752198,-4.759052042376854,0.008573733082069325,"GARCH(1,1)",1,test
2021-10-11,SPY,-5.394934007978431,0.004539519961015399,-4.631467475306096,0.009740454732465103,"GARCH(1,1)",1,test
2021-10-11,TLT,-5.303277958104135,0.004975258459293999,-4.743623636232341,0.008707037813741297,"GARCH(1,1)",1,test
2021-10-12,GLD,-4.9404476567280025,0.0071513962849885015,-4.785469967986443,0.008350198499669337,"GARCH(1,1)",1,test
2021-10-12,SPY,-4.91703472191143,0.007320806921465897,-4.734627431603437,0.008785721504249363,"GARCH(1,1)",1,test
2021-10-12,TLT,-5.680018075388363,0.0034134967425585015,-4.757472849358981,0.00858728335792411,"GARCH(1,1)",1,test
2021-10-13,GLD,-6.200306698645466,0.002028808308106999,-4.809795161262409,0.008149528865923848,"GARCH(1,1)",1,test
2021-10-13,SPY,-5.419559993851365,0.004429095048200101,-4.742252344570902,0.008718985892369104,"GARCH(1,1)",1,test
2021-10-13,TLT,-5.42588636737159,0.004401163384795501,-4.794131598746444,0.00827818449308985,"GARCH(1,1)",1,test
2021-10-14,GLD,-5.467600731291378,0.0042213481661967,-4.825914166076993,0.008019219620003905,"GARCH(1,1)",1,test
2021-10-14,SPY,-5.785439896089855,0.0030719587359654007,-4.83005082944415,0.007986115325835806,"GARCH(1,1)",1,test
2021-10-14,TLT,-5.723212893568858,0.0032691904498746995,-4.683909780139842,0.009242805811782783,"GARCH(1,1)",1,test
2021-10-15,GLD,-5.893248723385077,0.002758002140832001,-4.721491567129553,0.008901890873355795,"GARCH(1,1)",1,test
2021-10-15,SPY,-5.27880804737546,0.0050985043479238,-4.913317214883966,0.007348072721644258,"GARCH(1,1)",1,test
2021-10-15,TLT,-5.030799206636558,0.006533586797460998,-4.683487041537895,0.00924671392858744,"GARCH(1,1)",1,test
2021-10-18,GLD,-5.545120987013527,0.003906470543202299,-4.746474673403597,0.00868224907887614,"GARCH(1,1)",1,test
2021-10-18,SPY,-5.804461589255281,0.003014077127807801,-4.616447899070115,0.009887856419339296,"GARCH(1,1)",1,test
2021-10-18,TLT,-5.712222721073399,0.0033053175748766015,-4.720134712646227,0.008913977642036159,"GARCH(1,1)",1,test
2021-10-19,GLD,-5.4494558265077595,0.004298643262116201,-4.678456555795912,0.009293346585283075,"GARCH(1,1)",1,test
2021-10-19,SPY,-6.197000032007703,0.002035528004629199,-4.671168950885356,0.009361320205101241,"GARCH(1,1)",1,test
2021-10-19,TLT,-5.236004991738028,0.005321473758392002,-4.743591027334217,0.00870732174527965,"GARCH(1,1)",1,test
2021-10-20,GLD,-5.820758984196186,0.0029653536339142006,-4.704454119411065,0.009054855739023388,"GARCH(1,1)",1,test
2021-10-20,SPY,-5.7950071724367245,0.0030427086029767994,-4.7737537280399485,0.008448606790759337,"GARCH(1,1)",1,test
2021-10-20,TLT,-5.48772150040755,0.004137260188642998,-4.772960687830448,0.008455309533079467,"GARCH(1,1)",1,test
2021-10-21,GLD,-4.456277295277337,0.011605486770077795,-4.728238088288591,0.00884203621062386,"GARCH(1,1)",1,test
2021-10-21,SPY,-5.175673136426955,0.005652410789473801,-4.7977826371139765,0.008248015631240894,"GARCH(1,1)",1,test
2021-10-21,TLT,-5.286484290089916,0.005059516821370599,-4.709897282752779,0.009005702575907241,"GARCH(1,1)",1,test
2021-10-22,GLD,-5.926348658221127,0.002668206758555,-4.7265758315213,0.008856746167627298,"GARCH(1,1)",1,test
2021-10-22,SPY,-5.262500376482853,0.0051823307276557,-4.880455162981763,0.007593556934850283,"GARCH(1,1)",1,test
2021-10-22,TLT,-5.768958212151143,0.0031230093331932993,-4.7281899257279605,0.008842462075984249,"GARCH(1,1)",1,test
2021-10-25,GLD,-5.228782727474842,0.0053600459698329005,-4.7532627401993155,0.00862351297004267,"GARCH(1,1)",1,test
2021-10-25,SPY,-5.470934946489783,0.004207296721271301,-4.967073536362754,0.0069634966652389555,"GARCH(1,1)",1,test
2021-10-25,TLT,-5.062081055753781,0.006332367780899601,-4.768661658285893,0.008491737404714806,"GARCH(1,1)",1,test
2021-10-26,GLD,-5.208740769318609,0.005468555526722102,-4.764824936123911,0.008524380422861508,"GARCH(1,1)",1,test
2021-10-26,SPY,-5.5707775742436745,0.003807518652802699,-5.043801992147633,0.00644918190825911,"GARCH(1,1)",1,test
2021-10-26,TLT,-4.686511523542708,0.009218789658219803,-4.744456470088588,0.00869978931667824,"GARCH(1,1)",1,test
2021-10-27,GLD,-5.049128045777788,0.006414924528846199,-4.771674393486437,0.008466192547788317,"GARCH(1,1)",1,test
2021-10-27,SPY,-6.037142367002839,0.0023883742682063005,-5.063308929003626,0.006324597207509146,"GARCH(1,1)",1,test
2021-10-27,TLT,-4.99785767704889,0.0067523973306967975,-4.7837294209704435,0.00836474506857208,"GARCH(1,1)",1,test
2021-10-28,GLD,-5.417359812019806,0.0044388505907037,-4.774624318408244,0.008441254715848948,"GARCH(1,1)",1,test
2021-10-28,SPY,-5.4872683593276825,0.004139135376022701,-5.1375035345760365,0.0058723315019243655,"GARCH(1,1)",1,test
2021-10-28,TLT,-5.081308468963059,0.006211775780245801,-4.784955785991513,0.008354493125406955,"GARCH(1,1)",1,test
2021-10-29,GLD,-5.548210007507217,0.0038944219943242014,-4.79766804625344,0.008248960832604482,"GARCH(1,1)",1,test
2021-10-29,SPY,-5.564492389316622,0.0038315249747072006,-5.114793051515926,0.006007220891051539,"GARCH(1,1)",1,test
2021-10-29,TLT,-5.439171301553488,0.0043430808842465,-4.661898544560324,0.009448506951016993,"GARCH(1,1)",1,test
2021-11-01,GLD,-5.933837801200223,0.0026482988164033996,-4.822996385009463,0.008042652116009848,"GARCH(1,1)",1,test
2021-11-01,SPY,-6.034066458775603,0.0023957319983178003,-4.975064288839212,0.006908074813067577,"GARCH(1,1)",1,test
2021-11-01,TLT,-5.4039470334134,0.004498788982546801,-4.699702045282332,0.009097987486182636,"GARCH(1,1)",1,test
2021-11-02,GLD,-5.032147523963437,0.006524783385405502,-4.814388918407,0.008112177766095574,"GARCH(1,1)",1,test
2021-11-02,SPY,-5.3520007273626415,0.0047386607406609,-5.055533819267553,0.006373963309573307,"GARCH(1,1)",1,test
2021-11-02,TLT,-4.9671915706802,0.006962674782169198,-4.737430093279659,0.00876113257261494,"GARCH(1,1)",1,test
2021-11-03,GLD,-5.743398662967739,0.0032038609071529988,-4.827101489892685,0.008009703859828042,"GARCH(1,1)",1,test
2021-11-03,SPY,-6.099923426462068,0.0022430394703779,-5.1279852716475665,0.005928492751930497,"GARCH(1,1)",1,test
2021-11-03,TLT,-5.28244022814741,0.005080019249397702,-4.739698986386253,0.008741277032881413,"GARCH(1,1)",1,test
2021-11-04,GLD,-4.958430092050799,0.0070239461303305975,-4.8495097487186,0.00783221636226518,"GARCH(1,1)",1,test
2021-11-04,SPY,-5.196168363897355,0.0055377424354705,-5.159346246612729,0.005745454568522357,"GARCH(1,1)",1,test
2021-11-04,TLT,-5.104389579821297,0.006070043061275599,-4.770252161596391,0.008478242003345952,"GARCH(1,1)",1,test
2021-11-05,GLD,-5.931268969515505,0.0026551105957250006,-4.8400129719368445,0.007906951482452918,"GARCH(1,1)",1,test
2021-11-05,SPY,-5.848491850634166,0.002884245753010501,-5.129557481498186,0.005919179240542219,"GARCH(1,1)",1,test
2021-11-05,TLT,-5.613519721730768,0.0036482060632429996,-4.7501594600005115,0.008650315713788726,"GARCH(1,1)",1,test
2021-11-08,GLD,-5.40607531013511,0.0044892244962263985,-4.806335223795951,0.008177774562174575,"GARCH(1,1)",1,test
2021-11-08,SPY,-5.3085718877690224,0.004948989385610799,-5.146034040092458,0.005822450602779349,"GARCH(1,1)",1,test
2021-11-08,TLT,-5.250822924234274,0.0052432018654546015,-4.734188157603382,0.008789581691055677,"GARCH(1,1)",1,test
2021-11-09,GLD,-4.586332300734203,0.010190164376351304,-4.760694479404397,0.00855966282331104,"GARCH(1,1)",1,test
2021-11-09,SPY,-4.867730679155557,0.007690798388858599,-5.185195637116997,0.00559884116701239,"GARCH(1,1)",1,test
2021-11-09,TLT,-4.203832828293313,0.014938211355581694,-4.66989368456547,0.009373265996882476,"GARCH(1,1)",1,test
2021-11-10,GLD,-6.168230267803762,0.0020949402049532996,-4.781787278637821,0.0083810063798505,"GARCH(1,1)",1,test
2021-11-10,SPY,-6.618666186647367,0.0013352106802665006,-5.242483600224378,0.005287109449986892,"GARCH(1,1)",1,test
2021-11-10,TLT,-5.834989030384563,0.002923455329156001,-4.711114451686566,0.008994747782774324,"GARCH(1,1)",1,test
2021-11-11,GLD,-5.542208246585436,0.003917865665344699,-4.797361216380859,0.008251492248542826,"GARCH(1,1)",1,test
2021-11-11,SPY,-5.315297307191139,0.0049158170303138,-5.224583886798629,0.005382599264588073,"GARCH(1,1)",1,test
2021-11-11,TLT,-4.841755185631073,0.007893187876353501,-4.674515889558445,0.009330040814775493,"GARCH(1,1)",1,test
2021-11-12,GLD,-5.614858785314599,0.003643324152681201,-4.7736907736201015,0.008449138684640723,"GARCH(1,1)",1,test
2021-11-12,SPY,-5.6391331639191025,0.0035559494959534997,-5.030576281223386,0.006535043462355095,"GARCH(1,1)",1,test
2021-11-12,TLT,-5.130178104099195,0.005915506803842603,-4.574002515846513,0.010316584677070242,"GARCH(1,1)",1,test
2021-11-15,GLD,-5.218121657752317,0.0054174954861487,-4.786784082058653,0.008339232593119309,"GARCH(1,1)",1,test
2021-11-15,SPY,-5.44569386032118,0.004314845068933301,-5.108246550190908,0.006046676176704276,"GARCH(1,1)",1,test
2021-11-15,TLT,-4.961291184358604,0.007003878693170801,-4.61922451491047,0.009860439721011941,"GARCH(1,1)",1,test
2021-11-16,GLD,-5.888580992478047,0.0027709058447467007,-4.810928979832233,0.00814029401507236,"GARCH(1,1)",1,test
2021-11-16,SPY,-6.067856063588647,0.0023161335344107003,-5.047442404201142,0.006425746911109273,"GARCH(1,1)",1,test
2021-11-16,TLT,-5.258823101647773,0.0052014226636615,-4.655217539008618,0.009511843819807086,"GARCH(1,1)",1,test
2021-11-17,GLD,-5.691862648324714,0.0033733038352349986,-4.834747154663906,0.007948697862084164,"GARCH(1,1)",1,test
2021-11-17,SPY,-5.202110910480561,0.0055049317292131,-5.122980785837377,0.005958236172970947,"GARCH(1,1)",1,test
2021-11-17,TLT,-5.813153595498706,0.0029879922796539997,-4.6288412810518365,0.009766068677593746,"GARCH(1,1)",1,test
2021-11-18,GLD,-5.031175091610119,0.006531131381866199,-4.8341583703200355,0.007953379308985594,"GARCH(1,1)",1,test
2021-11-18,SPY,-5.6415989698365205,0.003547192016204299,-5.157286314405611,0.00575730201371017,"GARCH(1,1)",1,test
2021-11-18,TLT,-5.62579501814247,0.003603696992359701,-4.670103854405739,0.009371296226065572,"GARCH(1,1)",1,test
2021-11-19,GLD,-4.923153778986603,0.007276147262925598,-4.820879035120101,0.008059699265599235,"GARCH(1,1)",1,test
2021-11-19,SPY,-4.803717317890064,0.008199211253875903,-5.182526113723533,0.005613807371913191,"GARCH(1,1)",1,test
2021-11-19,TLT,-5.039317443584026,0.006478168525088101,-4.684925926354514,0.009233418539872345,"GARCH(1,1)",1,test
2021-11-22,GLD,-5.397287651222743,0.004528848114313198,-4.840666413338229,0.007901786440705386,"GARCH(1,1)",1,test
2021-11-22,SPY,-4.972576091545549,0.006925284868249101,-5.2160887898343615,0.005428519740548177,"GARCH(1,1)",1,test
2021-11-22,TLT,-5.320275036692854,0.004891408223475599,-4.7209076218919,0.008907090608169835,"GARCH(1,1)",1,test
2021-11-23,GLD,-5.44953749692433,0.004298292204466001,-4.836796498256319,0.007932424929163143,"GARCH(1,1)",1,test
2021-11-23,SPY,-5.324150847135833,0.0048724867441222,-5.24256647914338,0.0052866712782288815,"GARCH(1,1)",1,test
2021-11-23,TLT,-5.163052811840115,0.0057241980850107005,-4.708401910480078,0.009019179527854214,"GARCH(1,1)",1,test
2021-11-24,GLD,-4.953995605524219,0.0070551628888008006,-4.659936416476211,0.00946706433188386,"GARCH(1,1)",1,test
2021-11-24,SPY,-4.79947899363149,0.008234035916810496,-5.239244588933312,0.005304262221206241,"GARCH(1,1)",1,test
2021-11-24,TLT,-5.059059954222328,0.006351527433956198,-4.682520828267468,0.009255652543902053,"GARCH(1,1)",1,test
2021-11-26,GLD,-5.6161057584447525,0.0036387838567602014,-4.663271260025422,0.009435545737467677,"GARCH(1,1)",1,test
2021-11-26,SPY,-4.91658705629116,0.007324084928708103,-5.287041065642943,0.005056700590171427,"GARCH(1,1)",1,test
2021-11-26,TLT,-5.191803427197249,0.005561967161899402,-4.630107739086189,0.009753708190124397,"GARCH(1,1)",1,test
2021-11-29,GLD,-4.353778329675873,0.012858138398943505,-4.69156251522402,0.009172343027863641,"GARCH(1,1)",1,test
2021-11-29,SPY,-4.584399567647478,0.010209878288929499,-5.312709047595959,0.0049285569208705115,"GARCH(1,1)",1,test
2021-11-29,TLT,-4.838356304667833,0.007920061526663701,-4.57419792001078,0.010314568970408479,"GARCH(1,1)",1,test
2021-11-30,GLD,-5.218943565572619,0.005413044633588001,-4.718396646523412,0.008929484196400113,"GARCH(1,1)",1,test
2021-11-30,SPY,-4.12053692772031,0.016235794653000703,-4.456017640019651,0.011608500586995424,"GARCH(1,1)",1,test
2021-11-30,TLT,-4.64322956414008,0.009626557784729898,-4.418083070927201,0.012057323179191786,"GARCH(1,1)",1,test
2021-12-01,GLD,-5.289304864381443,0.005045266185233399,-4.74471422139952,0.008697547223540669,"GARCH(1,1)",1,test
2021-12-01,SPY,-4.594089787652478,0.010111420133117898,-4.463906919815932,0.011517278190499414,"GARCH(1,1)",1,test
2021-12-01,TLT,-4.5800495630173,0.010254388045396804,-4.448925606564326,0.011691121088910156,"GARCH(1,1)",1,test
2021-12-02,GLD,-4.957659478065414,0.0070293609675579,-4.753268026201456,0.008623467386255126,"GARCH(1,1)",1,test
2021-12-02,SPY,-4.14304333625903,0.0158744665763287,-4.282492401517148,0.013808203574555705,"GARCH(1,1)",1,test
2021-12-02,TLT,-4.2974391918749895,0.013603350015894005,-4.431675337950227,0.011894545587289739,"GARCH(1,1)",1,test
2021-12-03,GLD,-5.603290034763095,0.0036857176078225,-4.773093972979997,0.008454182640984525,"GARCH(1,1)",1,test
2021-12-03,SPY,-4.548532966656692,0.010582718201891099,-4.318752956989014,0.01331647941499503,"GARCH(1,1)",1,test
2021-12-03,TLT,-4.781343057299425,0.008384730228766997,-4.474524348859927,0.011395641185341641,"GARCH(1,1)",1,test
2021-12-06,GLD,-5.787290597390143,0.003066278715570101,-4.785929718338686,0.008346360375324931,"GARCH(1,1)",1,test
2021-12-06,SPY,-4.218480044051955,0.014721002784540796,-4.3092649501359155,0.013443427553000098,"GARCH(1,1)",1,test
2021-12-06,TLT,-4.933497537477672,0.0072012724639024025,-4.5228318139172385,0.010858231599067385,"GARCH(1,1)",1,test
2021-12-07,GLD,-5.994363821919837,0.0024927623100663003,-4.782082310192837,0.008378534083226348,"GARCH(1,1)",1,test
2021-12-07,SPY,-5.368646045334791,0.004660437060970301,-4.372860974584681,0.012615097417246594,"GARCH(1,1)",1,test
2021-12-07,TLT,-5.282439168157382,0.0050800246341702986,-4.522550182106156,0.010861290053156553,"GARCH(1,1)",1,test
2021-12-08,GLD,-5.777849876956696,0.003095363671140601,-4.804869982955701,0.008189765754292287,"GARCH(1,1)",1,test
2021-12-08,SPY,-5.36027285979846,0.0046996235942713014,-4.405496731923025,0.012210039791679492,"GARCH(1,1)",1,test
2021-12-08,TLT,-5.047112453440931,0.006427867441003502,-4.504110968075548,0.01106342155096607,"GARCH(1,1)",1,test
2021-12-09,GLD,-5.7769689412395895,0.0030980916889836985,-4.824196459269314,0.008033006125334715,"GARCH(1,1)",1,test
2021-12-09,SPY,-5.064867340473964,0.0063147485587924995,-4.267364619668216,0.014018679065690534,"GARCH(1,1)",1,test
2021-12-09,TLT,-5.273275389642417,0.005126790804919099,-4.528992600799806,0.010791541989435266,"GARCH(1,1)",1,test
2021-12-10,GLD,-6.003221454740017,0.0024707798368780007,-4.848433446284763,0.007840650733951396,"GARCH(1,1)",1,test
2021-12-10,SPY,-5.439095352788115,0.004343410748403801,-4.39237210623899,0.01237134823447858,"GARCH(1,1)",1,test
2021-12-10,TLT,-5.575835251158471,0.0037883100699592012,-4.4743737995158845,0.011397356920795224,"GARCH(1,1)",1,test
2021-12-13,GLD,-5.4807066354034175,0.004166384542629098,-4.854169160653195,0.007795807727156611,"GARCH(1,1)",1,test
2021-12-13,SPY,-4.7822858230053,0.0083768291176878,-4.468303935627404,0.01146674770926508,"GARCH(1,1)",1,test
2021-12-13,TLT,-4.891776422847146,0.007508073108835697,-4.513147366484108,0.010963898408676988,"GARCH(1,1)",1,test
2021-12-14,GLD,-4.543571629333611,0.0106353530984575,-4.869201859029022,0.0076794921598455565,"GARCH(1,1)",1,test
2021-12-14,SPY,-4.420366707078128,0.012029820055612395,-4.519873061983804,0.010890405987349788,"GARCH(1,1)",1,test
2021-12-14,TLT,-4.86876159934211,0.007682873875021297,-4.558606524806517,0.010476647725229323,"GARCH(1,1)",1,test
2021-12-15,GLD,-5.798621328454871,0.0030317316275673013,-4.889290489513619,0.007526760896720927,"GARCH(1,1)",1,test
2021-12-15,SPY,-4.701277132981889,0.009083668637683803,-4.543640529613945,0.010634620344891323,"GARCH(1,1)",1,test
2021-12-15,TLT,-5.259551240354676,0.005197636685015199,-4.528665390891606,0.010795073666667345,"GARCH(1,1)",1,test
2021-12-16,GLD,-5.402136167134703,0.004506943068561701,-4.867359707671838,0.007693651985016569,"GARCH(1,1)",1,test
2021-12-16,SPY,-4.606831151971363,0.009983404126573297,-4.5961432856292905,0.010090677656937271,"GARCH(1,1)",1,test
2021-12-16,TLT,-5.720825061867319,0.003277006053929299,-4.5736956477867,0.01031975099318979,"GARCH(1,1)",1,test
2021-12-17,GLD,-5.924426938527264,0.002673339234040301,-4.88150678478659,0.007585575582219178,"GARCH(1,1)",1,test
2021-12-17,SPY,-5.019105500151033,0.0066104371004867025,-4.491023947877009,0.011209160335424417,"GARCH(1,1)",1,test
2021-12-17,TLT,-5.2834842338142645,0.0050747184480284,-4.583094400598993,0.010223212585490622,"GARCH(1,1)",1,test
2021-12-20,GLD,-5.61994812628344,0.003624829137448102,-4.834651895792555,0.007949455082136608,"GARCH(1,1)",1,test
2021-12-20,SPY,-4.738453849189693,0.008752167900965903,-4.521384529595409,0.010873957924910856,"GARCH(1,1)",1,test
2021-12-20,TLT,-5.0691743903415984,0.006287609109284002,-4.628884995329158,0.009765641770290273,"GARCH(1,1)",1,test
2021-12-21,GLD,-5.249125317499742,0.0052521103196384,-4.856551453264048,0.007777257936300418,"GARCH(1,1)",1,test
2021-12-21,SPY,-5.401255192855708,0.004510915318950298,-4.437812096241692,0.011821775151697272,"GARCH(1,1)",1,test
2021-12-21,TLT,-5.532259150090204,0.003957039437592098,-4.6207575708944235,0.009845334696275904,"GARCH(1,1)",1,test
2021-12-22,GLD,-5.357610687247419,0.004712151471490698,-4.87120081225474,0.007664156546913745,"GARCH(1,1)",1,test
2021-12-22,SPY,-5.351403374046534,0.004741492240987102,-4.448510625553564,0.011695973688955367,"GARCH(1,1)",1,test
2021-12-22,TLT,-5.119527088512843,0.0059788496932405,-4.640924094512462,0.009648777124485915,"GARCH(1,1)",1,test
2021-12-23,GLD,-6.113841341911853,0.0022120372800574994,-4.894246566696294,0.007489549975047858,"GARCH(1,1)",1,test
2021-12-23,SPY,-5.522191618272029,0.003997078265947002,-4.352762750127229,0.012871203494534106,"GARCH(1,1)",1,test
2021-12-23,TLT,-5.887954026542622,0.0027726436530380004,-4.678599079196354,0.009292022160309277,"GARCH(1,1)",1,test
2021-12-27,GLD,-5.6610537546057635,0.0034788491128027997,-4.87243257231065,0.007654721956785517,"GARCH(1,1)",1,test
2021-12-27,SPY,-5.541760143174187,0.003919621667720099,-4.414440546948731,0.012101322353363298,"GARCH(1,1)",1,test
2021-12-27,TLT,-5.053705276214315,0.0063856290382977975,-4.712271801387724,0.008984343735837562,"GARCH(1,1)",1,test
2021-12-28,GLD,-5.570196791474299,0.0038097306363091,-4.893030676313582,0.007498661985313597,"GARCH(1,1)",1,test
2021-12-28,SPY,-5.557870378957277,0.0038569815666649,-4.510790051167673,0.010989774261112702,"GARCH(1,1)",1,test
2021-12-28,TLT,-5.469700042656266,0.004212495537479499,-4.71532140961935,0.00895698674248297,"GARCH(1,1)",1,test
2021-12-29,GLD,-5.712846223986063,0.003303257342088701,-4.912703815688306,0.007352581406211741,"GARCH(1,1)",1,test
2021-12-29,SPY,-5.435115147933317,0.004360732862864902,-4.468024291301567,0.011469954768594854,"GARCH(1,1)",1,test
2021-12-29,TLT,-4.995459802544489,0.006768608160099498,-4.755118854315962,0.00860752159138679,"GARCH(1,1)",1,test
2021-12-30,GLD,-5.562415432187421,0.003839491157665699,-4.924374580876645,0.007267269948418494,"GARCH(1,1)",1,test
2021-12-30,SPY,-5.7663928887840905,0.0031310311468851007,-4.584996836697875,0.010203782065343264,"GARCH(1,1)",1,test
2021-12-30,TLT,-4.897670847883955,0.0074639475100012,-4.787170723108704,0.008336008926713927,"GARCH(1,1)",1,test
2021-12-31,GLD,-5.583048076445173,0.0037610839579235,-4.946027113605661,0.00711160648376386,"GARCH(1,1)",1,test
2021-12-31,SPY,-5.175581403554134,0.0056529293251369,-4.6985624243662185,0.009108361653202515,"GARCH(1,1)",1,test
2021-12-31,TLT,-4.683692951798174,0.009244810131328102,-4.756634747705084,0.008594483391067265,"GARCH(1,1)",1,test
2022-01-03,GLD,-5.706186516712917,0.0033253294844604,-4.937938790653864,0.007169360706251201,"GARCH(1,1)",1,test
2022-01-03,SPY,-5.092943118471567,0.0061399227491643,-4.786547202358419,0.008341208222020106,"GARCH(1,1)",1,test
2022-01-03,TLT,-4.984761436881274,0.006841409940886998,-4.759653427413314,0.008568578517381553,"GARCH(1,1)",1,test
2022-01-04,GLD,-5.078825985363834,0.006227215568323402,-4.933242868233357,0.007203106640063107,"GARCH(1,1)",1,test
2022-01-04,SPY,-4.736261134494042,0.008771379963729698,-4.8678369808253965,0.007689980887599106,"GARCH(1,1)",1,test
2022-01-04,TLT,-5.335943019481682,0.0048153669856000995,-4.798557594452282,0.008241626247070848,"GARCH(1,1)",1,test
2022-01-05,GLD,-5.597260347830757,0.0037080084670340014,-4.832130053586944,0.0079695276527643,"GARCH(1,1)",1,test
2022-01-05,SPY,-4.810783049297818,0.008141482019209202,-4.912229451378022,0.007356070035794569,"GARCH(1,1)",1,test
2022-01-05,TLT,-5.337094548806574,0.004809825140716898,-4.523922812432264,0.01084639174432336,"GARCH(1,1)",1,test
2022-01-06,GLD,-5.3714051077573695,0.0046475963465147,-4.831818257492255,0.007972012907789216,"GARCH(1,1)",1,test
2022-01-06,SPY,-5.046690973677017,0.0064305772280751,-4.999071523009104,0.006744205933028433,"GARCH(1,1)",1,test
2022-01-06,TLT,-4.901949423562805,0.0074320806666805005,-4.563834685832825,0.010422017057308336,"GARCH(1,1)",1,test
2022-01-07,GLD,-5.988093684689378,0.0025084413754110006,-4.851810677473714,0.007814215707474778,"GARCH(1,1)",1,test
2022-01-07,SPY,-4.305064408496219,0.013500015998070195,-4.5070830473051355,0.01103058900020554,"GARCH(1,1)",1,test
2022-01-07,TLT,-5.138007263169533,0.005869374185541299,-4.59741543060795,0.010077849013701871,"GARCH(1,1)",1,test
2022-01-10,GLD,-5.421701203873762,0.004419621571463898,-4.806008796986213,0.008180444442772258,"GARCH(1,1)",1,test
2022-01-10,SPY,-4.585518536161024,0.010198460146059608,-4.620129072533624,0.009851524417905235,"GARCH(1,1)",1,test
2022-01-10,TLT,-5.649251144852983,0.003520151871983599,-4.638970399637249,0.009667646317226816,"GARCH(1,1)",1,test
2022-01-11,GLD,-6.063576132025418,0.0023260676709773004,-4.82196077110356,0.008050985512727496,"GARCH(1,1)",1,test
2022-01-11,SPY,-5.0592592820516415,0.0063502615239497025,-4.701664168214061,0.009080153618145717,"GARCH(1,1)",1,test
2022-01-11,TLT,-5.7615552619554045,0.0031462146035001995,-4.659074014878014,0.009475232264806881,"GARCH(1,1)",1,test
2022-01-12,GLD,-5.5342576005349295,0.003949139386927399,-4.842335979135686,0.007888604895115925,"GARCH(1,1)",1,test
2022-01-12,SPY,-4.605290369619195,0.009998798235906598,-4.800108125462735,0.008228857251917888,"GARCH(1,1)",1,test
2022-01-12,TLT,-5.175245427840288,0.005654828891188398,-4.698884551120649,0.009105428078741765,"GARCH(1,1)",1,test
2022-01-13,GLD,-5.517435719625043,0.004016133240912399,-4.8018688140090875,0.008214381544550536,"GARCH(1,1)",1,test
2022-01-13,SPY,-5.057030871976024,0.006364428289531603,-4.786607423654831,0.008340705918772158,"GARCH(1,1)",1,test
2022-01-13,TLT,-5.1226021832847755,0.0059604924034753985,-4.71926816164201,0.008921705406080713,"GARCH(1,1)",1,test
2022-01-14,GLD,-5.59248585871779,0.0037257546438431996,-4.823972767126962,0.008034803246677881,"GARCH(1,1)",1,test
2022-01-14,SPY,-5.1720653123306155,0.005672840524607702,-4.878506468883705,0.007608368881721965,"GARCH(1,1)",1,test
2022-01-14,TLT,-5.2491340423144575,0.005252064496148899,-4.7521166361565,0.008633402079012302,"GARCH(1,1)",1,test
2022-01-18,GLD,-5.208253817828916,0.005471219096444301,-4.84299933217589,0.007883373700332085,"GARCH(1,1)",1,test
2022-01-18,SPY,-4.6918773302176335,0.0091694558912327,-4.649552811829694,0.009565878722010025,"GARCH(1,1)",1,test
2022-01-18,TLT,-5.020162811438903,0.006603451504348202,-4.751123913428086,0.008641976908989775,"GARCH(1,1)",1,test
2022-01-19,GLD,-5.685154477703558,0.0033960086014998,-4.862836625058448,0.007728529826761574,"GARCH(1,1)",1,test
2022-01-19,SPY,-3.907285645494535,0.020094971979278998,-4.757045588447738,0.00859095315236075,"GARCH(1,1)",1,test
2022-01-19,TLT,-5.58959393744395,0.0037365448276197996,-4.676454947765255,0.009311966851460272,"GARCH(1,1)",1,test
2022-01-20,GLD,-5.3961710512420895,0.0045339078503549,-4.884748669675453,0.007561023837833275,"GARCH(1,1)",1,test
2022-01-20,SPY,-4.413567543983202,0.012111891456422502,-4.472944239161739,0.011413661782006042,"GARCH(1,1)",1,test
2022-01-20,TLT,-4.964495227965336,0.0069814738725998025,-4.630573119240501,0.009749170063960597,"GARCH(1,1)",1,test
2022-01-21,GLD,-5.2511378625189735,0.005241550840451901,-4.793257185822398,0.008285426210262369,"GARCH(1,1)",1,test
2022-01-21,SPY,-3.4985316756843954,0.03024175554302491,-4.480188682331725,0.011331274941574822,"GARCH(1,1)",1,test
2022-01-21,TLT,-5.256205357942628,0.005215056492246001,-4.653902455719919,0.009524360915366853,"GARCH(1,1)",1,test
2022-01-24,GLD,-5.271374038777341,0.0051365479059479,-4.815712742428648,0.008101445775501741,"GARCH(1,1)",1,test
2022-01-24,SPY,-3.891807940165321,0.0204084154698299,-4.473232275621523,0.011410374704694965,"GARCH(1,1)",1,test
2022-01-24,TLT,-4.752518751391425,0.008629931154409699,-4.679885412923704,0.009280077203056944,"GARCH(1,1)",1,test
2022-01-25,GLD,-4.922741441274941,0.007279148111476704,-4.8353757321373445,0.007943703059639496,"GARCH(1,1)",1,test
2022-01-25,SPY,-3.8044580547948494,0.022271263700636805,-4.287349571283007,0.013741297404483778,"GARCH(1,1)",1,test
2022-01-25,TLT,-4.970775183765338,0.006937767904673399,-4.6598516307091415,0.00946786703822369,"GARCH(1,1)",1,test
2022-01-26,GLD,-4.9290733949178405,0.0072332024993285995,-4.845662045266091,0.007862410459918447,"GARCH(1,1)",1,test
2022-01-26,SPY,-4.076578909098424,0.016965406683874598,-4.403514584656779,0.012234265890589338,"GARCH(1,1)",1,test
2022-01-26,TLT,-5.462807432852324,0.004241630919583298,-4.6713216091259655,0.00935989123150402,"GARCH(1,1)",1,test
2022-01-27,GLD,-5.483111919422701,0.0041563752468957,-4.86463378299164,0.0077146529113107905,"GARCH(1,1)",1,test
2022-01-27,SPY,-3.9674481204287217,0.01892165736865709,-4.39538831828978,0.012334089842700985,"GARCH(1,1)",1,test
2022-01-27,TLT,-5.025490244336768,0.006568365601443798,-4.711791463825823,0.008988660290221521,"GARCH(1,1)",1,test
2022-01-28,GLD,-5.936353912793238,0.0026416437769715994,-4.7702020235393565,0.008478667096583651,"GARCH(1,1)",1,test
2022-01-28,SPY,-4.472110699585138,0.011423179486956097,-4.506614761459796,0.011035755678546848,"GARCH(1,1)",1,test
2022-01-28,TLT,-5.333391147476643,0.0048276708781071,-4.681945418774955,0.009260979866784308,"GARCH(1,1)",1,test
2022-01-31,GLD,-5.541647555073151,0.0039200629953240985,-4.729995262257847,0.008826512857369693,"GARCH(1,1)",1,test
2022-01-31,SPY,-4.6020699043373705,0.010031050924942497,-4.589123877094278,0.010161757422910558,"GARCH(1,1)",1,test
2022-01-31,TLT,-5.11500991891339,0.006005918261944902,-4.587408815451646,0.010179200416917682,"GARCH(1,1)",1,test
2022-02-01,GLD,-5.632842761422587,0.0035783883502624,-4.753417699620048,0.008622176778998522,"GARCH(1,1)",1,test
2022-02-01,SPY,-4.898867254160926,0.007455022936121898,-4.2676025946144245,0.014015343368215919,"GARCH(1,1)",1,test
2022-02-01,TLT,-4.822097103837378,0.0080498879746795,-4.631489335724011,0.009740241804381327,"GARCH(1,1)",1,test
2022-02-02,GLD,-4.8980400246189175,0.007461192502803096,-4.7658326386402,0.008515794709908398,"GARCH(1,1)",1,test
2022-02-02,SPY,-4.634855297605001,0.009707511636906098,-4.2292819700147515,0.014562843353451569,"GARCH(1,1)",1,test
2022-02-02,TLT,-5.139166807243089,0.0058625723317757015,-4.662508030429825,0.009442749974118717,"GARCH(1,1)",1,test
2022-02-03,GLD,-5.643598166119743,0.003540107567071401,-4.791342608658265,0.00830130449332843,"GARCH(1,1)",1,test
2022-02-03,SPY,-4.287823517028397,0.013734786318115503,-4.333405490673496,0.013122781797747013,"GARCH(1,1)",1,test
2022-02-03,TLT,-5.151541381951142,0.005790472514812498,-4.6940210722821165,0.009149819997595766,"GARCH(1,1)",1,test
2022-02-04,GLD,-5.535943202915899,0.0039424883152799,-4.810865698712729,0.00814080915828997,"GARCH(1,1)",1,test
2022-02-04,SPY,-4.895364965237474,0.007481178355557798,-4.399683298127618,0.012281228775377677,"GARCH(1,1)",1,test
2022-02-04,TLT,-5.5797046845300855,0.003773679780272399,-4.729750912198935,0.008828669879829928,"GARCH(1,1)",1,test
2022-02-07,GLD,-5.860025418582272,0.0028511712090285996,-4.834436922448351,0.007951164186779602,"GARCH(1,1)",1,test
2022-02-07,SPY,-4.732198382551148,0.008807088392847297,-4.166559118101138,0.015505521105891436,"GARCH(1,1)",1,test
2022-02-07,TLT,-5.550788925969392,0.0038843915369686,-4.73802360655779,0.008755934266885963,"GARCH(1,1)",1,test
2022-02-08,GLD,-5.7964636836668815,0.0030382800895990985,-4.857219850960412,0.007772061371891073,"GARCH(1,1)",1,test
2022-02-08,SPY,-5.76732236688168,0.0031281222740874,-4.28507273638375,0.01377261971430827,"GARCH(1,1)",1,test
2022-02-08,TLT,-5.137917056910195,0.005869903663711999,-4.671758847208491,0.009355799625177543,"GARCH(1,1)",1,test
2022-02-09,GLD,-5.06454465067125,0.0063167865925678,-4.85487038021495,0.007790343070464653,"GARCH(1,1)",1,test
2022-02-09,SPY,-4.123506625614972,0.0161876507695783,-4.3976069139343155,0.012306755817483191,"GARCH(1,1)",1,test
2022-02-09,TLT,-4.831193300191055,0.0079769966326066,-4.713126111756054,0.008976671595492536,"GARCH(1,1)",1,test
2022-02-10,GLD,-4.698880492574414,0.009105465033617604,-4.87378599126138,0.007644368918606011,"GARCH(1,1)",1,test
2022-02-10,SPY,-4.149908149449469,0.015765864521687902,-4.472699816446458,0.011416451881178015,"GARCH(1,1)",1,test
2022-02-10,TLT,-4.198090822708978,0.015024233381732803,-4.730836853387707,0.008819087667366613,"GARCH(1,1)",1,test
2022-02-11,GLD,-5.492922574280972,0.004115797854742101,-4.890952711718384,0.0075142601400243975,"GARCH(1,1)",1,test
2022-02-11,SPY,-4.603678586346865,0.010014927126292802,-4.432387592947338,0.011886076654134842,"GARCH(1,1)",1,test
2022-02-11,TLT,-4.741001290045847,0.0087299006451755,-4.768879817592337,0.008489885055233076,"GARCH(1,1)",1,test
2022-02-14,GLD,-5.550549379286835,0.0038853221415321997,-4.90571785903212,0.007404126055940885,"GARCH(1,1)",1,test
2022-02-14,SPY,-5.612630486227812,0.0036514516204149998,-4.301799252192721,0.013544167702285274,"GARCH(1,1)",1,test
2022-02-14,TLT,-5.588900189899974,0.0037391379457975982,-4.680036279613082,0.009278677254137625,"GARCH(1,1)",1,test
2022-02-15,GLD,-5.900949723744006,0.0027368443380432006,-4.767009495083925,0.008505778736867814,"GARCH(1,1)",1,test
2022-02-15,SPY,-4.712494825817335,0.008982340231123997,-4.1891804097298255,0.015158703709241708,"GARCH(1,1)",1,test
2022-02-15,TLT,-4.81385830124476,0.008116483369053793,-4.629229498499115,0.009762278055182266,"GARCH(1,1)",1,test
2022-02-16,GLD,-5.4905705881311455,0.004125489547187401,-4.781316384688735,0.008384953874394722,"GARCH(1,1)",1,test
2022-02-16,SPY,-4.287870937879115,0.013734135018306596,-4.30598196885242,0.013487634599791071,"GARCH(1,1)",1,test
2022-02-16,TLT,-4.768074990592737,0.008496720694333501,-4.608435182083775,0.009967403282078825,"GARCH(1,1)",1,test
2022-02-17,GLD,-5.824902830958584,0.0029530910874627993,-4.769396139428162,0.008485502673652424,"GARCH(1,1)",1,test
2022-02-17,SPY,-4.585825140837322,0.010195333729799198,-4.286785269010601,0.013749053838115668,"GARCH(1,1)",1,test
2022-02-17,TLT,-5.2358393443311515,0.0053223553197330005,-4.600291578772828,0.010048905269955357,"GARCH(1,1)",1,test
2022-02-18,GLD,-5.310148604176013,0.0049411923812961,-4.754043888270136,0.008616779359838136,"GARCH(1,1)",1,test
2022-02-18,SPY,-4.168857210309287,0.015469928901402807,-4.409701870799508,0.012158802683748282,"GARCH(1,1)",1,test
2022-02-18,TLT,-5.376708745243561,0.004623012430027001,-4.630178067086508,0.009753022255452184,"GARCH(1,1)",1,test
2022-02-22,GLD,-5.944013320963489,0.0026214876396257005,-4.711690306411372,0.008989569605847094,"GARCH(1,1)",1,test
2022-02-22,SPY,-4.416682396805209,0.012074223392832303,-4.2174258503443784,0.014736529755825236,"GARCH(1,1)",1,test
2022-02-22,TLT,-5.340317723496282,0.004794347191528299,-4.650251702239963,0.009559195556777493,"GARCH(1,1)",1,test
2022-02-23,GLD,-3.8161289518402617,0.022012848973962804,-4.73848101452078,0.008751930148656462,"GARCH(1,1)",1,test
2022-02-23,SPY,-4.09550443724781,0.0166473466228223,-4.311822042196781,0.013409095385097861,"GARCH(1,1)",1,test
2022-02-23,TLT,-4.41570483121584,0.012086032509292001,-4.646413900748879,0.009595952339241112,"GARCH(1,1)",1,test
2022-02-24,GLD,-5.525258457459396,0.0039848386477497,-4.763122856643325,0.008538901950755464,"GARCH(1,1)",1,test
2022-02-24,SPY,-4.47504395013724,0.011389721533688401,-4.346671375388991,0.012949846095960957,"GARCH(1,1)",1,test
2022-02-24,TLT,-5.142493954349535,0.005843099104315797,-4.68572561431362,0.009226037637847198,"GARCH(1,1)",1,test
2022-02-25,GLD,-4.629042127153876,0.009764107397731902,-4.7807854642410605,0.008389406799829434,"GARCH(1,1)",1,test
2022-02-25,SPY,-4.5775235661865805,0.0102803233395455,-4.2544383128038366,0.014201065062249585,"GARCH(1,1)",1,test
2022-02-25,TLT,-5.130196707585302,0.005915396755817602,-4.641822022159142,0.009640117109364542,"GARCH(1,1)",1,test
2022-02-28,GLD,-5.115206219244263,0.006004739413910802,-4.788442025924812,0.00832541806861058,"GARCH(1,1)",1,test
2022-02-28,SPY,-4.215232447093234,0.014768888382887993,-4.2640714537793505,0.014064921000787352,"GARCH(1,1)",1,test
2022-02-28,TLT,-4.518143279087796,0.010909260327613697,-4.683865939224181,0.009243211033735437,"GARCH(1,1)",1,test
2022-03-01,GLD,-4.902818245526212,0.007425626316010298,-4.80847102953189,0.00816032706322411,"GARCH(1,1)",1,test
2022-03-01,SPY,-4.5447978813804015,0.010622319467843502,-4.159680973577162,0.015612537937691665,"GARCH(1,1)",1,test
2022-03-01,TLT,-4.284663898249643,0.013778251637648104,-4.724652883323105,0.008873793617140299,"GARCH(1,1)",1,test
2022-03-02,GLD,-5.046086716485867,0.006434464124832803,-4.788703203577361,0.008323243939392275,"GARCH(1,1)",1,test
2022-03-02,SPY,-4.6360124270981435,0.009696285285309901,-4.280002236845005,0.013842631122624597,"GARCH(1,1)",1,test
2022-03-02,TLT,-4.773159255144463,0.008453630751657396,-4.5692899630386155,0.010365316863471388,"GARCH(1,1)",1,test
2022-03-03,GLD,-4.753054792515728,0.008625306396052104,-4.692935425823529,0.009159758861342801,"GARCH(1,1)",1,test
2022-03-03,SPY,-4.711123265440281,0.008994668505632,-4.253459710779306,0.014214969055398305,"GARCH(1,1)",1,test
2022-03-03,TLT,-4.878991539447253,0.007604679180895802,-4.576110708407882,0.010294858239798919,"GARCH(1,1)",1,test
2022-03-04,GLD,-5.038881519089611,0.006480993133040301,-4.682413029602259,0.009256650344671756,"GARCH(1,1)",1,test
2022-03-04,SPY,-4.408128032502214,0.012177953739440606,-4.213045620385635,0.014801220722171774,"GARCH(1,1)",1,test
2022-03-04,TLT,-4.660434410669804,0.0094623509625289,-4.285504327690673,0.013766676853901708,"GARCH(1,1)",1,test
2022-03-07,GLD,-4.1631666890277454,0.015558211810695702,-4.698092593254676,0.009112642050335499,"GARCH(1,1)",1,test
2022-03-07,SPY,-3.928595462864383,0.019671282205498197,-4.318597684409148,0.013318547259644169,"GARCH(1,1)",1,test
2022-03-07,TLT,-5.298875679924128,0.004997209212259098,-4.313894804742935,0.013381330299561211,"GARCH(1,1)",1,test
2022-03-08,GLD,-4.671135685602131,0.0093616316172488,-4.643379698897793,0.009625112612297298,"GARCH(1,1)",1,test
2022-03-08,SPY,-4.547316919612681,0.010595595112956102,-4.3857825534509995,0.012453139073291916,"GARCH(1,1)",1,test
2022-03-08,TLT,-5.200106520030718,0.005515976827445,-4.298879941192117,0.013583765110505292,"GARCH(1,1)",1,test
2022-03-09,GLD,-4.717758878298238,0.0089351809541002,-4.606078185215166,0.009990924128794832,"GARCH(1,1)",1,test
2022-03-09,SPY,-4.709090353398149,0.009012972474427597,-4.037025183892565,0.017649899601971747,"GARCH(1,1)",1,test
2022-03-09,TLT,-4.901885436793098,0.007432556236729501,-4.335522160545944,0.013095034577085654,"GARCH(1,1)",1,test
2022-03-10,GLD,-4.863647419913414,0.007722266114177698,-4.448912042936437,0.011691279664001639,"GARCH(1,1)",1,test
2022-03-10,SPY,-4.614681698197008,0.009905335791477602,-4.1368579397923755,0.015972960744514996,"GARCH(1,1)",1,test
2022-03-10,TLT,-5.128376698925019,0.0059261726322618995,-4.359964688579322,0.012778838880524399,"GARCH(1,1)",1,test
2022-03-11,GLD,-5.391455876058813,0.004555336500351799,-4.298719053954223,0.013585950740769416,"GARCH(1,1)",1,test
2022-03-11,SPY,-4.300168738294049,0.0135662696698558,-4.006611174034791,0.018194950398372843,"GARCH(1,1)",1,test
2022-03-11,TLT,-5.420508590353431,0.004424895616228201,-4.384071150352729,0.012474469661496249,"GARCH(1,1)",1,test
2022-03-14,GLD,-4.722710865634604,0.008891043425604098,-4.3336770977532115,0.013119218041297826,"GARCH(1,1)",1,test
2022-03-14,SPY,-4.557395128017047,0.0104893467929,-4.12441327205765,0.016172980944769884,"GARCH(1,1)",1,test
2022-03-14,TLT,-4.777428183998768,0.008417619722367004,-4.3784496427762365,0.012544792462098093,"GARCH(1,1)",1,test
2022-03-15,GLD,-4.381246352530915,0.012509757333028395,-4.359700135083805,0.012782220014244549,"GARCH(1,1)",1,test
2022-03-15,SPY,-4.142930519746738,0.015876257579307794,-4.16712088936069,0.015496812995981726,"GARCH(1,1)",1,test
2022-03-15,TLT,-4.243992196670559,0.014350188561759205,-4.423977718796417,0.011986458570954607,"GARCH(1,1)",1,test
2022-03-16,GLD,-5.239919074174564,0.005300685780886,-4.3500410709419075,0.012906282496415766,"GARCH(1,1)",1,test
2022-03-16,SPY,-4.956998807463058,0.007034006594147999,-4.258295556660874,0.01414639359964147,"GARCH(1,1)",1,test
2022-03-16,TLT,-4.490438081881106,0.011215729325393603,-4.32998740645005,0.013167713317290967,"GARCH(1,1)",1,test
2022-03-17,GLD,-4.947929329836633,0.0070980915287408,-4.3189064604533645,0.013314435446154042,"GARCH(1,1)",1,test
2022-03-17,SPY,-4.815177636311082,0.008105782068782399,-4.157400667695856,0.015648179921641657,"GARCH(1,1)",1,test
2022-03-17,TLT,-5.754210190193328,0.0031694088529777014,-4.378319008881031,0.012546431344246406,"GARCH(1,1)",1,test
2022-03-18,GLD,-5.085292767630028,0.0061870754497078,-4.347322213567717,0.012941420583832968,"GARCH(1,1)",1,test
2022-03-18,SPY,-4.687040400312758,0.009213915343591103,-4.0895358437473055,0.016747004981940008,"GARCH(1,1)",1,test
2022-03-18,TLT,-4.6670271771436695,0.009400173079681003,-4.402179328593067,0.012250612679450558,"GARCH(1,1)",1,test
2022-03-21,GLD,-5.216325285421495,0.0054272360713819015,-4.377601624222046,0.012555435190842347,"GARCH(1,1)",1,test
2022-03-21,SPY,-5.230427559239858,0.005351236842711901,-4.1573153017426145,0.01564951580045563,"GARCH(1,1)",1,test
2022-03-21,TLT,-5.236394304985335,0.005319402441384399,-4.43442887311323,0.011861838588368248,"GARCH(1,1)",1,test
2022-03-22,GLD,-5.037133359501121,0.006492332852260299,-4.395946423390179,0.01232720804481287,"GARCH(1,1)",1,test
2022-03-22,SPY,-5.081522772513211,0.006210444717274202,-4.257377729564052,0.014159383503340438,"GARCH(1,1)",1,test
2022-03-22,TLT,-4.520998569393463,0.010878155649932797,-4.440235253193919,0.011793163813931527,"GARCH(1,1)",1,test
2022-03-23,GLD,-5.084461473331048,0.006192220868638899,-4.417781434633158,0.01206096065404128,"GARCH(1,1)",1,test
2022-03-23,SPY,-5.034069006326913,0.0065122581665522,-4.3795086611308935,0.012531514328759803,"GARCH(1,1)",1,test
2022-03-23,TLT,-4.877002247407542,0.007619822165570598,-4.344170735670334,0.01298226951821192,"GARCH(1,1)",1,test
2022-03-24,GLD,-5.016615962771057,0.006626914532827899,-4.439550580253836,0.011801241038886034,"GARCH(1,1)",1,test
2022-03-24,SPY,-4.987694129107682,0.006821375582797899,-4.411246966788677,0.012140030672502739,"GARCH(1,1)",1,test
2022-03-24,TLT,-4.66123363141701,0.009454791476573696,-4.352734097871946,0.0128715722888258,"GARCH(1,1)",1,test
2022-03-25,GLD,-4.7558433433577525,0.008601287794748204,-4.432584426997409,0.011883737299767399,"GARCH(1,1)",1,test
2022-03-25,SPY,-4.898569067989489,0.007457246252333799,-4.388376869269602,0.012420873569153551,"GARCH(1,1)",1,test
2022-03-25,TLT,-4.817355779408646,0.008088145729726697,-4.2949023143506,0.013637903859708955,"GARCH(1,1)",1,test
2022-03-28,GLD,-4.902004301865143,0.007431672817901801,-4.454199713013527,0.011629623187568867,"GARCH(1,1)",1,test
2022-03-28,SPY,-4.928896373819631,0.007234483042116802,-4.363875309544068,0.012728963271157034,"GARCH(1,1)",1,test
2022-03-28,TLT,-4.629550832538253,0.0097591416068944,-4.3302913063374815,0.01316371225868753,"GARCH(1,1)",1,test
2022-03-29,GLD,-5.532582274500269,0.003955761028111999,-4.482878688470275,0.011300834702994512,"GARCH(1,1)",1,test
2022-03-29,SPY,-4.969912654875317,0.006943754511362899,-4.470348352343697,0.011443328845681701,"GARCH(1,1)",1,test
2022-03-29,TLT,-4.908525692719306,0.007383365660884601,-4.333572501175465,0.013120590338375196,"GARCH(1,1)",1,test
2022-03-30,GLD,-5.223599770083995,0.005387898977833001,-4.437750982506324,0.011822497646612433,"GARCH(1,1)",1,test
2022-03-30,SPY,-4.808660337812132,0.008158782391955704,-4.548950400961507,0.010578301534173884,"GARCH(1,1)",1,test
2022-03-30,TLT,-5.224484500570711,0.005383134247409899,-4.36522171268968,0.012711836487333464,"GARCH(1,1)",1,test
2022-03-31,GLD,-5.1463606097560906,0.005820549477486299,-4.470602784197938,0.01144041766866859,"GARCH(1,1)",1,test
2022-03-31,SPY,-4.9985809173640865,0.006747515490307699,-4.530833271242159,0.010771696587093788,"GARCH(1,1)",1,test
2022-03-31,TLT,-4.310883691619987,0.013421683722700006,-4.399305715191751,0.01228586683336541,"GARCH(1,1)",1,test
2022-04-01,GLD,-5.337926469202021,0.004805825413041999,-4.487977863587724,0.011243356438282993,"GARCH(1,1)",1,test
2022-04-01,SPY,-5.256474541471213,0.0052136528738616,-4.593599059639793,0.010116383307910096,"GARCH(1,1)",1,test
2022-04-01,TLT,-5.040987599596618,0.0064673580031174,-4.430951930757392,0.011903153300188417,"GARCH(1,1)",1,test
2022-04-04,GLD,-4.8003539740924674,0.008226834447300302,-4.520110788723319,0.010887817354348251,"GARCH(1,1)",1,test
2022-04-04,SPY,-4.502731520644106,0.011078693490404601,-4.453889428591033,0.011633232238370613,"GARCH(1,1)",1,test
2022-04-04,TLT,-4.810691479045119,0.008142227570909702,-4.47684257160663,0.011369254148064875,"GARCH(1,1)",1,test
2022-04-05,GLD,-5.062680632365905,0.006328572179269499,-4.540987232177275,0.010662874622718031,"GARCH(1,1)",1,test
2022-04-05,SPY,-4.751654431710708,0.0086373933981672,-4.565799663536291,0.01040155813341312,"GARCH(1,1)",1,test
2022-04-05,TLT,-4.678500595643877,0.009292937316724504,-4.522313344855476,0.010863862715870733,"GARCH(1,1)",1,test
2022-04-06,GLD,-5.5437734497422095,0.003911738206247599,-4.566156570931809,0.010397846402801851,"GARCH(1,1)",1,test
2022-04-06,SPY,-4.563486135148613,0.010425650291630898,-4.611653056232431,0.009935380982225444,"GARCH(1,1)",1,test
2022-04-06,TLT,-4.988331953959824,0.0068170261271683,-4.5513072435607835,0.010553399499105639,"GARCH(1,1)",1,test
2022-04-07,GLD,-5.550321283708926,0.0038862084674110993,-4.585769280716358,0.010195903258281434,"GARCH(1,1)",1,test
2022-04-07,SPY,-4.9093847650975,0.007377025539088901,-4.531725510284959,0.010762089945189388,"GARCH(1,1)",1,test
2022-04-07,TLT,-4.741454704297799,0.0087259432810353,-4.429128442547882,0.011924878361564088,"GARCH(1,1)",1,test
2022-04-08,GLD,-4.806794982080501,0.0081740156267375,-4.615142099289152,0.009900776413712942,"GARCH(1,1)",1,test
2022-04-08,SPY,-4.995978292841465,0.006765099612097102,-4.531407283665416,0.010765515273678307,"GARCH(1,1)",1,test
2022-04-08,TLT,-4.77027902918807,0.008478014216461703,-4.456811529006604,0.011599288383441682,"GARCH(1,1)",1,test
2022-04-11,GLD,-5.051691448803133,0.0063985015502511,-4.641287842715297,0.009645268037398081,"GARCH(1,1)",1,test
2022-04-11,SPY,-4.348509235037868,0.012926067953499302,-4.624542241706303,0.009808143767521722,"GARCH(1,1)",1,test
2022-04-11,TLT,-5.0231611482291525,0.006583681785708301,-4.485691004633791,0.01126909783087484,"GARCH(1,1)",1,test
2022-04-12,GLD,-5.788554296404862,0.003062406309471599,-4.658554276515825,0.0094801581864899,"GARCH(1,1)",1,test
2022-04-12,SPY,-4.997503692978909,0.006754787994889601,-4.7169625377903905,0.008942299234550253,"GARCH(1,1)",1,test
2022-04-12,TLT,-4.825669916451654,0.0080211785506159,-4.493985355167693,0.01117601454959441,"GARCH(1,1)",1,test
2022-04-13,GLD,-5.143848310661969,0.005835190822684099,-4.680152727996683,0.009277596830077468,"GARCH(1,1)",1,test
2022-04-13,SPY,-4.846860298300303,0.007852994944939901,-4.474439750558149,0.01139660527801332,"GARCH(1,1)",1,test
2022-04-13,TLT,-4.586656539112738,0.010186860869567698,-4.461183053751365,0.011548692478452085,"GARCH(1,1)",1,test
2022-04-14,GLD,-5.353198838547798,0.004732986697970601,-4.688749759015564,0.009198178910647618,"GARCH(1,1)",1,test
2022-04-14,SPY,-5.038683207930571,0.006482278513748701,-4.570016212067176,0.01035779179503614,"GARCH(1,1)",1,test
2022-04-14,TLT,-4.923832076388935,0.007271213544591498,-4.506808582454161,0.011033616924682056,"GARCH(1,1)",1,test
2022-04-18,GLD,-4.868609462459074,0.007684042812422397,-4.709979479356671,0.009004962368161536,"GARCH(1,1)",1,test
2022-04-18,SPY,-4.807192692836549,0.008170765379174697,-4.5641496101120484,0.010418735427858025,"GARCH(1,1)",1,test
2022-04-18,TLT,-5.082050526344534,0.006207167996007598,-4.551097215985874,0.01055561623678936,"GARCH(1,1)",1,test
2022-04-19,GLD,-5.598495101506232,0.0037034328154333003,-4.734795392390322,0.008784245971471448,"GARCH(1,1)",1,test
2022-04-19,SPY,-5.164903872198825,0.0057136120495681,-4.504804553960991,0.011055750778410907,"GARCH(1,1)",1,test
2022-04-19,TLT,-4.659836238656446,0.009468012769253603,-4.4619708746777675,0.011539597759820198,"GARCH(1,1)",1,test
2022-04-20,GLD,-5.130142963215654,0.0059157146836308,-4.75992934629165,0.008566214610946305,"GARCH(1,1)",1,test
2022-04-20,SPY,-4.239671030659848,0.014412332278780401,-4.617703985709473,0.009875444212034908,"GARCH(1,1)",1,test
2022-04-20,TLT,-4.5812999663920975,0.0102415739370501,-4.500124240541528,0.011107616436230653,"GARCH(1,1)",1,test
2022-04-21,GLD,-4.938223761752218,0.007167317936735203,-4.693806447184321,0.009151783989360984,"GARCH(1,1)",1,test
2022-04-21,SPY,-4.30193895633142,0.013542275658168302,-4.494010608779117,0.011175732318429396,"GARCH(1,1)",1,test
2022-04-21,TLT,-4.651602578274802,0.0095462909867871,-4.526710836472255,0.010816193859168793,"GARCH(1,1)",1,test
2022-04-22,GLD,-5.498398286905587,0.0040933225188660004,-4.714041456663413,0.008968458604295846,"GARCH(1,1)",1,test
2022-04-22,SPY,-4.210209021430162,0.014843265453240098,-4.605134040962517,0.010000361456788133,"GARCH(1,1)",1,test
2022-04-22,TLT,-5.102169414586923,0.006083534530955598,-4.448753296862272,0.011693135756070032,"GARCH(1,1)",1,test
2022-04-25,GLD,-5.291822368827339,0.005032580679789401,-4.737587719854458,0.008759751694130591,"GARCH(1,1)",1,test
2022-04-25,SPY,-4.755894819193366,0.008600845047667102,-4.472534414130249,0.011418340344935893,"GARCH(1,1)",1,test
2022-04-25,TLT,-4.915019357334913,0.0073355758938399,-4.478152302655782,0.011354373230028872,"GARCH(1,1)",1,test
2022-04-26,GLD,-5.4599443718984855,0.004253792368627302,-4.727091295454933,0.00885218201083871,"GARCH(1,1)",1,test
2022-04-26,SPY,-4.316208653619547,0.013350403716997295,-4.113313787794859,0.016353492632338755,"GARCH(1,1)",1,test
2022-04-26,TLT,-5.1499704992115936,0.005799575816377499,-4.510850201227416,0.010989113245414602,"GARCH(1,1)",1,test
2022-04-27,GLD,-5.599516496862024,0.0036996520774979,-4.6371309348546825,0.009685445978063334,"GARCH(1,1)",1,test
2022-04-27,SPY,-3.995050980530416,0.018406508013255798,-4.227530270446288,0.014588375435609393,"GARCH(1,1)",1,test
2022-04-27,TLT,-5.239119170907959,0.005304927513018898,-4.5234560428644395,0.010851455691666633,"GARCH(1,1)",1,test
2022-04-28,GLD,-5.0474757832580766,0.0064255324293169,-4.666105474583456,0.009408841237392914,"GARCH(1,1)",1,test
2022-04-28,SPY,-4.029502736351631,0.017783170679723192,-3.979493973284052,0.018695097163196592,"GARCH(1,1)",1,test
2022-04-28,TLT,-4.516019371932398,0.010932455206849297,-4.534627236236017,0.010730906574186615,"GARCH(1,1)",1,test
2022-04-29,GLD,-4.991790408066125,0.006793490477107798,-4.675124255382962,0.00932436646301829,"GARCH(1,1)",1,test
2022-04-29,SPY,-3.994035109647895,0.01842521614971201,-4.106846709315492,0.016459594667906488,"GARCH(1,1)",1,test
2022-04-29,TLT,-4.932272435345537,0.007210100164465302,-4.5225614350544365,0.010861167832308996,"GARCH(1,1)",1,test
2022-05-02,GLD,-5.209657229836068,0.005463546107312498,-4.693872010421168,0.009151183988448936,"GARCH(1,1)",1,test
2022-05-02,SPY,-4.684181452891297,0.009240295134353503,-4.0108654572242814,0.01811770834803738,"GARCH(1,1)",1,test
2022-05-02,TLT,-5.061010715993705,0.0063391491944717986,-4.566420395464098,0.010395103557668645,"GARCH(1,1)",1,test
2022-05-03,GLD,-4.659824997420119,0.009468119202020902,-4.722480820641106,0.00889308900090929,"GARCH(1,1)",1,test
2022-05-03,SPY,-3.904915445835359,0.020142657564870603,-3.749464128783758,0.023530351716341436,"GARCH(1,1)",1,test
2022-05-03,TLT,-4.702416594865515,0.0090733240382653,-4.548953131988089,0.010578272644590653,"GARCH(1,1)",1,test
2022-05-04,GLD,-4.80608081461217,0.008179855327797803,-4.627853746700789,0.009775717769508249,"GARCH(1,1)",1,test
2022-05-04,SPY,-3.8621158694537794,0.021023469512855598,-3.875425709768099,0.020745504429711587,"GARCH(1,1)",1,test
2022-05-04,TLT,-4.262729300418708,0.014083810955548205,-4.473487590047856,0.011407461843286582,"GARCH(1,1)",1,test
2022-05-05,GLD,-4.984894958664011,0.006840496524617098,-4.655360453773702,0.009510484534015377,"GARCH(1,1)",1,test
2022-05-05,SPY,-4.158635692869846,0.015628865954584008,-4.001448286863999,0.018289131789101274,"GARCH(1,1)",1,test
2022-05-05,TLT,-4.5656627759541735,0.010402982075013997,-4.504873592535981,0.011054987531478763,"GARCH(1,1)",1,test
2022-05-06,GLD,-5.682334303747825,0.0034055994540908995,-4.652848178143438,0.009534407530540214,"GARCH(1,1)",1,test
2022-05-06,SPY,-4.285035659869448,0.013773130364506595,-3.874009733362314,0.020774900381585755,"GARCH(1,1)",1,test
2022-05-06,TLT,-4.7745115308141,0.008442206838352702,-4.539663954159009,0.01067699391012882,"GARCH(1,1)",1,test
2022-05-09,GLD,-4.909170974134769,0.0073786028490823,-4.677024030638996,0.009306669078183264,"GARCH(1,1)",1,test
2022-05-09,SPY,-4.014930092912364,0.018044215925244203,-3.701072352781611,0.024697028338169832,"GARCH(1,1)",1,test
2022-05-09,TLT,-4.71579463342814,0.008952749085860499,-4.3638985438950035,0.012728667525393087,"GARCH(1,1)",1,test
2022-05-10,GLD,-5.415678062213593,0.0044463219075063015,-4.704803898802979,0.009051689090935535,"GARCH(1,1)",1,test
2022-05-10,SPY,-3.923712162969343,0.019767577904856403,-3.8239021058862512,0.021842403017457157,"GARCH(1,1)",1,test
2022-05-10,TLT,-4.365574259105374,0.012707355764820702,-4.3575753790835865,0.012809407986591071,"GARCH(1,1)",1,test
2022-05-11,GLD,-4.868463001410148,0.007685168307811303,-4.657868227376349,0.009486664272347954,"GARCH(1,1)",1,test
2022-05-11,SPY,-3.979233117410855,0.01869997452520821,-3.7157170937559525,0.024337982240849623,"GARCH(1,1)",1,test
2022-05-11,TLT,-4.936256047056949,0.007181435058243702,-4.385755197348434,0.012453479747301401,"GARCH(1,1)",1,test
2022-05-12,GLD,-5.034821524376356,0.006507359418168701,-4.662597792499465,0.009441902411378005,"GARCH(1,1)",1,test
2022-05-12,SPY,-4.519071172699222,0.010899142389561306,-3.8474577905083334,0.021333902808288504,"GARCH(1,1)",1,test
2022-05-12,TLT,-5.222961862765076,0.0053913370544951015,-4.411226177079142,0.012140283062837721,"GARCH(1,1)",1,test
2022-05-13,GLD,-5.321033590150151,0.0048876992357672015,-4.6691345188193365,0.009380384561099879,"GARCH(1,1)",1,test
2022-05-13,SPY,-4.488494571547207,0.011237548407177196,-3.902776107041935,0.020185795660649913,"GARCH(1,1)",1,test
2022-05-13,TLT,-5.059147457220981,0.006350971680575098,-4.365728700223304,0.012705393378130947,"GARCH(1,1)",1,test
2022-05-16,GLD,-5.491111769884079,0.004123257511545501,-4.619893375771886,0.009853846663970907,"GARCH(1,1)",1,test
2022-05-16,SPY,-4.597173486776601,0.010080287582090397,-4.031725315977203,0.01774369005755798,"GARCH(1,1)",1,test
2022-05-16,TLT,-5.125673545281774,0.005942213658314601,-4.4113216707507386,0.012139123797985934,"GARCH(1,1)",1,test
2022-05-17,GLD,-5.177404030699765,0.005642635526424699,-4.628860135576812,0.009765884544743822,"GARCH(1,1)",1,test
2022-05-17,SPY,-4.198429978393547,0.015019138691570502,-3.979236806164177,0.018699905545742284,"GARCH(1,1)",1,test
2022-05-17,TLT,-4.741773346005117,0.008723163274506803,-4.399060897342468,0.01228887500107168,"GARCH(1,1)",1,test
2022-05-18,GLD,-5.022962091194065,0.0065849924443281025,-4.630031213960015,0.009754454622434364,"GARCH(1,1)",1,test
2022-05-18,SPY,-4.369694794315369,0.012655102387839002,-4.099381569197449,0.016582927624528794,"GARCH(1,1)",1,test
2022-05-18,TLT,-4.806854286682572,0.008173530884367303,-4.444708329355921,0.01174052989951484,"GARCH(1,1)",1,test
2022-05-19,GLD,-5.213529267966882,0.005442431952242099,-4.646795016717387,0.009592295865386135,"GARCH(1,1)",1,test
2022-05-19,SPY,-3.525401539902835,0.0294399836672409,-4.070698170011105,0.017065469748105213,"GARCH(1,1)",1,test
2022-05-19,TLT,-4.706053502892585,0.0090403851274401,-4.447953327323685,0.011702493651001844,"GARCH(1,1)",1,test
2022-05-20,GLD,-5.433101455578292,0.004369522884522601,-4.675967099399169,0.009316510787559589,"GARCH(1,1)",1,test
2022-05-20,SPY,-4.464391372849723,0.011511699961443104,-3.7246623694268077,0.02412124312126936,"GARCH(1,1)",1,test
2022-05-20,TLT,-4.791746134792115,0.008297955375794,-4.376377518721475,0.012570813778708197,"GARCH(1,1)",1,test
2022-05-23,GLD,-5.624862862660965,0.0036070577644025004,-4.633996677653712,0.009715850279425045,"GARCH(1,1)",1,test
2022-05-23,SPY,-4.2226485052954805,0.014659766574023094,-3.8454420146236994,0.02137695054781568,"GARCH(1,1)",1,test
2022-05-23,TLT,-4.675135448167928,0.009324262097973596,-4.421135374553574,0.01202057667719747,"GARCH(1,1)",1,test
2022-05-24,GLD,-5.155018856519621,0.005770371264952098,-4.663339285503197,0.009434903901791653,"GARCH(1,1)",1,test
2022-05-24,SPY,-4.517761921225419,0.010913421453200898,-3.9751925723664323,0.018775685468340176,"GARCH(1,1)",1,test
2022-05-24,TLT,-5.1262164329845445,0.005938988579099401,-4.43237892077963,0.011886179732631928,"GARCH(1,1)",1,test
2022-05-25,GLD,-5.465698007382924,0.0042293878725236005,-4.68485930345657,0.009234033717465624,"GARCH(1,1)",1,test
2022-05-25,SPY,-4.505449530772754,0.011048622374596894,-3.998214108635019,0.018348377855487197,"GARCH(1,1)",1,test
2022-05-25,TLT,-4.8787108320514125,0.007606814170224503,-4.403897964691327,0.012229576416292381,"GARCH(1,1)",1,test
2022-05-26,GLD,-5.8904558858927665,0.002765715558762501,-4.693456558374034,0.009154986656429035,"GARCH(1,1)",1,test
2022-05-26,SPY,-4.942417977610158,0.007137319611887097,-4.099150443731412,0.016586760804359946,"GARCH(1,1)",1,test
2022-05-26,TLT,-5.1589576601191025,0.005747687608403897,-4.355760378490145,0.012832678181008597,"GARCH(1,1)",1,test
2022-05-27,GLD,-5.134977832657378,0.005887182006945798,-4.708241955015165,0.009020622310296121,"GARCH(1,1)",1,test
2022-05-27,SPY,-4.513225028651313,0.010963046961628597,-4.195627745875269,0.015061284834475221,"GARCH(1,1)",1,test
2022-05-27,TLT,-4.93887338201715,0.007162663413758201,-4.398424440855286,0.01229669882478386,"GARCH(1,1)",1,test
2022-05-31,GLD,-5.3629225078428995,0.004687187728414602,-4.734846073169418,0.008783800790323001,"GARCH(1,1)",1,test
2022-05-31,SPY,-4.297252132025427,0.013605894894516406,-4.146724944971088,0.01581613045316347,"GARCH(1,1)",1,test
2022-05-31,TLT,-4.706599562682746,0.009035449884226004,-4.43857413234159,0.011812769963841691,"GARCH(1,1)",1,test
2022-06-01,GLD,-5.800839146690021,0.003025015248486599,-4.762154464249628,0.00854717496356992,"GARCH(1,1)",1,test
2022-06-01,SPY,-4.326293320447457,0.013216445938571396,-4.045658684776982,0.017498175077483764,"GARCH(1,1)",1,test
2022-06-01,TLT,-4.908779208202982,0.007381494100612702,-4.482153621866499,0.01130903153209686,"GARCH(1,1)",1,test
2022-06-02,GLD,-5.092652680663961,0.0061417062738554,-4.748410066747975,0.008665461762065351,"GARCH(1,1)",1,test
2022-06-02,SPY,-4.926202356741946,0.0072539991395268,-4.1552407029247584,0.015682015968183433,"GARCH(1,1)",1,test
2022-06-02,TLT,-5.249779996058139,0.005248673000918001,-4.398671466941537,0.012293661594552356,"GARCH(1,1)",1,test
2022-06-03,GLD,-5.619342569150956,0.0036270248433318995,-4.75922236845538,0.00857227287609423,"GARCH(1,1)",1,test
2022-06-03,SPY,-4.674036358060731,0.009334515936116198,-4.239885532148347,0.01440924114359227,"GARCH(1,1)",1,test
2022-06-03,TLT,-4.834976441360197,0.007946875540336596,-4.441852382026952,0.011774108160571282,"GARCH(1,1)",1,test
2022-06-06,GLD,-5.759724924920723,0.0031519785099446006,-4.726888895687388,0.00885397387174997,"GARCH(1,1)",1,test
2022-06-06,SPY,-4.683040156033654,0.009250847074456699,-4.191911957927179,0.015117353480233,"GARCH(1,1)",1,test
2022-06-06,TLT,-4.986336319946472,0.006830644000003202,-4.486737698929179,0.011257308701344724,"GARCH(1,1)",1,test
2022-06-07,GLD,-5.756435924212286,0.0031623624365070004,-4.714700488641885,0.008962550050454827,"GARCH(1,1)",1,test
2022-06-07,SPY,-4.783197341035663,0.008369196965860198,-4.169838322268708,0.015454758612239201,"GARCH(1,1)",1,test
2022-06-07,TLT,-5.174274611519373,0.0056603213570243,-4.529609827197419,0.010784883220043963,"GARCH(1,1)",1,test
2022-06-08,GLD,-5.5032310352880875,0.004073588244882802,-4.734920034435625,0.008783151153318725,"GARCH(1,1)",1,test
2022-06-08,SPY,-4.327661348936955,0.013198377825662,-4.291010065212458,0.013691089417829365,"GARCH(1,1)",1,test
2022-06-08,TLT,-5.232165634613053,0.005341944067850398,-4.464570330391488,0.011509640040241183,"GARCH(1,1)",1,test
2022-06-09,GLD,-4.357916156947604,0.012805043567589006,-4.745709999640641,0.008688890705965567,"GARCH(1,1)",1,test
2022-06-09,SPY,-4.921734102996926,0.007286484370427603,-4.36187154577672,0.0127544946774666,"GARCH(1,1)",1,test
2022-06-09,TLT,-4.638622463986224,0.0096710106212888,-4.475310906166968,0.01138668138465918,"GARCH(1,1)",1,test
2022-06-10,GLD,-5.1949244523274585,0.005544635183452799,-4.7723770179792595,0.008460246082853885,"GARCH(1,1)",1,test
2022-06-10,SPY,-4.283579450748343,0.013793201532932,-4.383451959471471,0.012482196131192105,"GARCH(1,1)",1,test
2022-06-10,TLT,-4.285042293740735,0.013773038995635603,-4.4953265614438775,0.011161035256144397,"GARCH(1,1)",1,test
2022-06-13,GLD,-5.381243365033165,0.004602096285596598,-4.794361794004579,0.008276279113586648,"GARCH(1,1)",1,test
2022-06-13,SPY,-4.344287628121133,0.012980752077601397,-4.1528512451980655,0.01571953228638696,"GARCH(1,1)",1,test
2022-06-13,TLT,-4.429975389096948,0.011914782902748203,-4.535828453138685,0.010718024166660609,"GARCH(1,1)",1,test
2022-06-14,GLD,-4.47680447079074,0.011369687334176294,-4.746281792706739,0.008683923878641848,"GARCH(1,1)",1,test
2022-06-14,SPY,-3.824509840551643,0.0218291326648031,-3.9421532676400997,0.01940638258799497,"GARCH(1,1)",1,test
2022-06-14,TLT,-4.433673193761634,0.011870805722573801,-4.565665145428605,0.010402957425443159,"GARCH(1,1)",1,test
2022-06-15,GLD,-4.8999104708313626,0.0074472497871607,-4.54258037748495,0.010645900638648214,"GARCH(1,1)",1,test
2022-06-15,SPY,-4.4669024276282325,0.011482829714801404,-3.7020748853320744,0.024672281170354457,"GARCH(1,1)",1,test
2022-06-15,TLT,-4.269934460294853,0.013982699545313303,-4.327935582703509,0.013194758881039556,"GARCH(1,1)",1,test
2022-06-16,GLD,-5.412944728532485,0.004458491813563302,-4.556414554288804,0.010499637415323986,"GARCH(1,1)",1,test
2022-06-16,SPY,-4.274003252610262,0.013925922430328305,-3.83103576628597,0.021687141183044188,"GARCH(1,1)",1,test
2022-06-16,TLT,-4.4387114544313935,0.0118111479209576,-4.337581754794261,0.013068091874231174,"GARCH(1,1)",1,test
2022-06-17,GLD,-5.160534019780947,0.005738634323000802,-4.541917300327729,0.010652962033045688,"GARCH(1,1)",1,test
2022-06-17,SPY,-4.936375439963686,0.007180577697019998,-3.9132926645453585,0.01997462293117821,"GARCH(1,1)",1,test
2022-06-17,TLT,-4.862342743995054,0.0077323477440118,-4.309114304137051,0.013445452904123675,"GARCH(1,1)",1,test
2022-06-21,GLD,-5.334816600899085,0.004820794160516202,-4.539991460374526,0.01067349770080661,"GARCH(1,1)",1,test
2022-06-21,SPY,-4.209739926646364,0.014850229985023802,-3.7537794062133303,0.0234290304924956,"GARCH(1,1)",1,test
2022-06-21,TLT,-5.283086887491053,0.005076735269406801,-4.341236593992197,0.013020417274374321,"GARCH(1,1)",1,test
2022-06-22,GLD,-4.79713652486791,0.0082533464971294,-4.552887376513413,0.010536736892828432,"GARCH(1,1)",1,test
2022-06-22,SPY,-4.516460153710248,0.010927637441676512,-3.882700809153824,0.020595126493648294,"GARCH(1,1)",1,test
2022-06-22,TLT,-4.57484016270338,0.010307946640658996,-4.383930718865067,0.012476221592838885,"GARCH(1,1)",1,test
2022-06-23,GLD,-5.611751645895028,0.0036546620739036006,-4.5799842893763945,0.010255057408485431,"GARCH(1,1)",1,test
2022-06-23,SPY,-4.8611462966584025,0.0077416046274587005,-3.8582765506341907,0.02110434046034574,"GARCH(1,1)",1,test
2022-06-23,TLT,-4.691963678384576,0.009168664159707404,-4.358798531239013,0.012793749709782247,"GARCH(1,1)",1,test
2022-06-24,GLD,-5.863254440447898,0.0028419795628516994,-4.605805091899206,0.009993652955989947,"GARCH(1,1)",1,test
2022-06-24,SPY,-5.126002802041138,0.0059402574663644,-3.9858511151242273,0.018576626744423275,"GARCH(1,1)",1,test
2022-06-24,TLT,-5.056588636701401,0.006367243486667903,-4.250961552561517,0.014250524690469356,"GARCH(1,1)",1,test
2022-06-27,GLD,-6.030554964898786,0.0024041593842579,-4.624022205425908,0.00981324568460017,"GARCH(1,1)",1,test
2022-06-27,SPY,-4.065279255962981,0.0171581970756615,-4.083887767798609,0.016841860962718305,"GARCH(1,1)",1,test
2022-06-27,TLT,-4.975696474898102,0.006903709004624003,-4.284322941236534,0.013782950230135855,"GARCH(1,1)",1,test
2022-06-28,GLD,-5.3052214880147615,0.004965598286123802,-4.65311003684137,0.009531911189857243,"GARCH(1,1)",1,test
2022-06-28,SPY,-4.960609327280851,0.007008655965953001,-3.9002267210713293,0.02023732269815819,"GARCH(1,1)",1,test
2022-06-28,TLT,-4.950657411324646,0.007078753746157699,-4.290616942124486,0.013696472759267572,"GARCH(1,1)",1,test
2022-06-29,GLD,-5.104780104868218,0.006067673020234598,-4.68148658494726,0.00926523009262392,"GARCH(1,1)",1,test
2022-06-29,SPY,-4.19191813122626,0.0151172601565767,-4.022135384306365,0.017914669362357433,"GARCH(1,1)",1,test
2022-06-29,TLT,-5.073995561650629,0.006257368424979099,-4.320781395820004,0.013289495128297446,"GARCH(1,1)",1,test
2022-06-30,GLD,-5.153438104101187,0.0057795000065237,-4.708735737400157,0.00901616918542542,"GARCH(1,1)",1,test
2022-06-30,SPY,-4.37090086536125,0.012639848635669804,-3.9907535058303627,0.01848577972785201,"GARCH(1,1)",1,test
2022-06-30,TLT,-4.24117111983602,0.014390728702822,-4.361279181283991,0.012762052225426767,"GARCH(1,1)",1,test
2022-07-01,GLD,-4.768413029522475,0.008493848957370499,-4.7362121240646555,0.008771809863362732,"GARCH(1,1)",1,test
2022-07-01,SPY,-4.284416452914527,0.0137816614235923,-4.116995421938559,0.01629339575074197,"GARCH(1,1)",1,test
2022-07-01,TLT,-4.65495143234925,0.009514375321600203,-4.3510072734890555,0.01289381843576674,"GARCH(1,1)",1,test
2022-07-05,GLD,-4.548896119144108,0.010578875759191003,-4.748659508911868,0.008663300500098425,"GARCH(1,1)",1,test
2022-07-05,SPY,-4.471059018673477,0.0114351993461934,-4.2046639155178855,0.014925801556493144,"GARCH(1,1)",1,test
2022-07-05,TLT,-4.671538250216763,0.009357863714087604,-4.378143753152508,0.01254863037090239,"GARCH(1,1)",1,test
2022-07-06,GLD,-5.4741613164802585,0.004193744299707998,-4.775287345278219,0.008435659792153374,"GARCH(1,1)",1,test
2022-07-06,SPY,-4.578925765032408,0.0102659183836905,-4.275516861691706,0.013904859971855681,"GARCH(1,1)",1,test
2022-07-06,TLT,-4.928132847775207,0.007240008867624798,-4.4061108366298605,0.012202543850654678,"GARCH(1,1)",1,test
2022-07-07,GLD,-5.006541696525885,0.006694013251904798,-4.6352075350570034,0.009704092889882547,"GARCH(1,1)",1,test
2022-07-07,SPY,-4.7340510330849614,0.008790787040851802,-4.396560669156218,0.012319638434502813,"GARCH(1,1)",1,test
2022-07-07,TLT,-4.928243297888674,0.007239209251983501,-4.434539885478246,0.011860521850701546,"GARCH(1,1)",1,test
2022-07-08,GLD,-5.469950438755834,0.004211440877074401,-4.587708205631502,0.010176153320432209,"GARCH(1,1)",1,test
2022-07-08,SPY,-5.183791880031104,0.005606706098908801,-4.509603199038513,0.011002825241353344,"GARCH(1,1)",1,test
2022-07-08,TLT,-5.159772164915817,0.005743007995319198,-4.402838885387579,0.012242535368636313,"GARCH(1,1)",1,test
2022-07-11,GLD,-5.6129221715698865,0.0036503867008182995,-4.617590772909313,0.009876562302016827,"GARCH(1,1)",1,test
2022-07-11,SPY,-4.38731623997384,0.012434054500345196,-4.447956218445178,0.011702459817719833,"GARCH(1,1)",1,test
2022-07-11,TLT,-4.9042332714721475,0.007415126292762999,-4.426604275916079,0.011955016762783986,"GARCH(1,1)",1,test
2022-07-12,GLD,-4.599073195306849,0.010061156151607797,-4.646806572766851,0.009592185016981126,"GARCH(1,1)",1,test
2022-07-12,SPY,-4.414755691352099,0.012097509290214598,-4.561847702111679,0.010442746022781177,"GARCH(1,1)",1,test
2022-07-12,TLT,-4.314092022003513,0.013378691530470596,-4.436982112361149,0.011831591107491627,"GARCH(1,1)",1,test
2022-07-13,GLD,-4.95389432203036,0.0070558774965362985,-4.666027836139756,0.009409571753541304,"GARCH(1,1)",1,test
2022-07-13,SPY,-4.318274943574468,0.013322846392418998,-4.523273263600262,0.010853439294028376,"GARCH(1,1)",1,test
2022-07-13,TLT,-4.59277339412773,0.010124739505951798,-4.404363243496446,0.01222388757714107,"GARCH(1,1)",1,test
2022-07-14,GLD,-5.519583778983596,0.004007515607227,-4.689553648501474,0.00919078756264335,"GARCH(1,1)",1,test
2022-07-14,SPY,-4.875757974026377,0.007629309208473901,-4.544650654970671,0.010623883468930066,"GARCH(1,1)",1,test
2022-07-14,TLT,-4.927126032873643,0.007247301887184502,-4.439394087216701,0.011803087995452325,"GARCH(1,1)",1,test
2022-07-15,GLD,-5.308752778686723,0.0049480942393435,-4.709142735289064,0.00901250037025158,"GARCH(1,1)",1,test
2022-07-15,SPY,-4.465478789300952,0.0114991887532031,-4.617258560507535,0.009879843963574643,"GARCH(1,1)",1,test
2022-07-15,TLT,-4.9895051144519895,0.006809033350763302,-4.447680490244698,0.01170568696079329,"GARCH(1,1)",1,test
2022-07-18,GLD,-6.041982112828556,0.0023768430703528997,-4.6671157942590815,0.009399340100366966,"GARCH(1,1)",1,test
2022-07-18,SPY,-4.674628889269499,0.0093289865824244,-4.712563643972949,0.00898172210430561,"GARCH(1,1)",1,test
2022-07-18,TLT,-4.754198819259588,0.0086154444570976,-4.472006846571441,0.01142436588017601,"GARCH(1,1)",1,test
2022-07-19,GLD,-5.391518995753688,0.0045550489779761,-4.693920481730058,0.009150740429333153,"GARCH(1,1)",1,test
2022-07-19,SPY,-4.748519547322537,0.008664513114262999,-4.464485783213205,0.01151061318896754,"GARCH(1,1)",1,test
2022-07-19,TLT,-4.8340212799144355,0.007954469715721396,-4.506042635713845,0.01104207132499626,"GARCH(1,1)",1,test
2022-07-20,GLD,-5.328807068810366,0.004849852102583601,-4.721178504403821,0.008904678159851768,"GARCH(1,1)",1,test
2022-07-20,SPY,-4.540893847221396,0.010663870421289799,-4.506258411782671,0.01103968896729119,"GARCH(1,1)",1,test
2022-07-20,TLT,-4.927006389732741,0.007248169029018103,-4.514043112795182,0.010954081934314136,"GARCH(1,1)",1,test
2022-07-21,GLD,-4.854617150846705,0.007792316063918199,-4.746032363345028,0.008686090174389694,"GARCH(1,1)",1,test
2022-07-21,SPY,-4.438141212166157,0.011817885057420499,-4.182739856422253,0.015256649221630982,"GARCH(1,1)",1,test
2022-07-21,TLT,-4.875877476337038,0.007628397542868898,-4.547144433096011,0.010597422867876186,"GARCH(1,1)",1,test
2022-07-22,GLD,-5.629192421145042,0.003591474555405799,-4.738102353161796,0.008755244793944725,"GARCH(1,1)",1,test
2022-07-22,SPY,-5.14449239622827,0.005831433670592199,-4.2893800618017535,0.013713424138166732,"GARCH(1,1)",1,test
2022-07-22,TLT,-5.227955302051148,0.0053644828434784,-4.5873742865164395,0.01017955189993746,"GARCH(1,1)",1,test
2022-07-25,GLD,-5.793594546304532,0.0030470098499736998,-4.692771566848734,0.009161259893014587,"GARCH(1,1)",1,test
2022-07-25,SPY,-5.157577351863196,0.005755626666975702,-4.353393728924347,0.012863084599730268,"GARCH(1,1)",1,test
2022-07-25,TLT,-4.796247326772063,0.0082606886209365,-4.527186805754578,0.010811046908132638,"GARCH(1,1)",1,test
2022-07-26,GLD,-4.604066725675577,0.010011040693488403,-4.7181024929137845,0.008932111222764296,"GARCH(1,1)",1,test
2022-07-26,SPY,-4.4493531122453245,0.011686124136416298,-4.398888502458998,0.01229099372286862,"GARCH(1,1)",1,test
2022-07-26,TLT,-4.749851611962947,0.008652979106444601,-4.483805061693794,0.011290370759828939,"GARCH(1,1)",1,test
2022-07-27,GLD,-5.627520567483305,0.0035974839973462987,-4.742286400917034,0.00871868896062387,"GARCH(1,1)",1,test
2022-07-27,SPY,-4.285262465532048,0.013770006894771895,-4.5155490190915115,0.010937598527706668,"GARCH(1,1)",1,test
2022-07-27,TLT,-4.6620772236718535,0.0094468188510083,-4.497222443790394,0.011139895292207717,"GARCH(1,1)",1,test
2022-07-28,GLD,-5.111392483789442,0.006027683625277301,-4.768237615620149,0.008495339027247546,"GARCH(1,1)",1,test
2022-07-28,SPY,-4.770238767268184,0.008478355564462496,-4.482164950283445,0.01130890341939807,"GARCH(1,1)",1,test
2022-07-28,TLT,-4.444177063872188,0.011746768894945902,-4.539597202057972,0.010677706645693114,"GARCH(1,1)",1,test
2022-07-29,GLD,-5.452936086805938,0.004283708867499399,-4.752965296688135,0.008626078359529504,"GARCH(1,1)",1,test
2022-07-29,SPY,-4.795801612178941,0.008264371351066398,-4.196197840762295,0.015052700920054393,"GARCH(1,1)",1,test
2022-07-29,TLT,-4.8891690206216945,0.007527675219556599,-4.570519771949763,0.010352577339621439,"GARCH(1,1)",1,test
2022-08-01,GLD,-4.768153500061024,0.008496053647494698,-4.7231691373741125,0.008886969845142097,"GARCH(1,1)",1,test
2022-08-01,SPY,-4.5527457204704,0.010538229591005302,-4.246698471142887,0.014311405515236143,"GARCH(1,1)",1,test
2022-08-01,TLT,-4.219787581544984,0.014701767099895003,-4.5896626456414085,0.01015628406219722,"GARCH(1,1)",1,test
2022-08-02,GLD,-5.109569278990396,0.006038683351319699,-4.74706763880012,0.008677102331680673,"GARCH(1,1)",1,test
2022-08-02,SPY,-4.899338455839942,0.007451510944290501,-4.262359638744891,0.014089018163072984,"GARCH(1,1)",1,test
2022-08-02,TLT,-4.193323020744373,0.015096036987834505,-4.628039079128416,0.009773906179880568,"GARCH(1,1)",1,test
2022-08-03,GLD,-5.165615689066701,0.005709546451287098,-4.760860241564194,0.008558244072705149,"GARCH(1,1)",1,test
2022-08-03,SPY,-5.399510399761193,0.004518792803140299,-4.374332287331814,0.012596550311252841,"GARCH(1,1)",1,test
2022-08-03,TLT,-5.1590779618701506,0.005746996193110199,-4.501185602860131,0.01109583348479218,"GARCH(1,1)",1,test
2022-08-04,GLD,-5.523610528624579,0.003991410791985099,-4.772465166239211,0.008459500359750497,"GARCH(1,1)",1,test
2022-08-04,SPY,-5.24318744682169,0.005283389445300797,-4.449787624791142,0.011681047471884132,"GARCH(1,1)",1,test
2022-08-04,TLT,-5.0085009115863715,0.006680911079504401,-4.415524898705,0.012088207375126163,"GARCH(1,1)",1,test
2022-08-05,GLD,-5.873752924136285,0.0028122991589957015,-4.795761258750852,0.008264704853510359,"GARCH(1,1)",1,test
2022-08-05,SPY,-4.680849265611238,0.009271136884971196,-4.394686456338903,0.012342749709720364,"GARCH(1,1)",1,test
2022-08-05,TLT,-5.415541286505545,0.004446930097925301,-4.397799920676083,0.012304380759849572,"GARCH(1,1)",1,test
2022-08-08,GLD,-5.519186503623785,0.004009108010722201,-4.714998768371619,0.00895987710211102,"GARCH(1,1)",1,test
2022-08-08,SPY,-5.485952140114512,0.004144586972491499,-4.509601066091562,0.01100284870982092,"GARCH(1,1)",1,test
2022-08-08,TLT,-5.234229983899732,0.0053309278040448,-4.441246024129532,0.011781249648969663,"GARCH(1,1)",1,test
2022-08-09,GLD,-5.2435706649732055,0.005281365142463401,-4.696179310999323,0.009130093796404106,"GARCH(1,1)",1,test
2022-08-09,SPY,-5.2040432888205395,0.0054943043897038,-4.6155967194056124,0.009896276344575171,"GARCH(1,1)",1,test
2022-08-09,TLT,-4.367792716028378,0.0126791962902908,-4.342080969460853,0.013009427793713047,"GARCH(1,1)",1,test
2022-08-10,GLD,-5.332691580336871,0.004831049339607602,-4.698695473048179,0.00910714987830405,"GARCH(1,1)",1,test
2022-08-10,SPY,-4.7631816375139495,0.008538400041416101,-4.7182826263480075,0.00893050239580099,"GARCH(1,1)",1,test
2022-08-10,TLT,-4.394144821798262,0.012349436780100295,-4.3303322257612935,0.013163173618187182,"GARCH(1,1)",1,test
2022-08-11,GLD,-5.545692041940911,0.0039042403707860007,-4.722742119906529,0.008890765546857648,"GARCH(1,1)",1,test
2022-08-11,SPY,-4.941082894737296,0.0071468548888352,-4.786081335040978,0.00834509502361533,"GARCH(1,1)",1,test
2022-08-11,TLT,-5.024219440725893,0.006576718010179199,-4.37127892794358,0.012635070885055617,"GARCH(1,1)",1,test
2022-08-12,GLD,-5.71677741629758,0.0032902970935282,-4.747104334497631,0.008676783925200349,"GARCH(1,1)",1,test
2022-08-12,SPY,-5.296533610437591,0.005008926739748599,-4.44475571186116,0.011739973616974498,"GARCH(1,1)",1,test
2022-08-12,TLT,-5.058134883378689,0.006357405765315198,-4.404509068897254,0.01222210515380016,"GARCH(1,1)",1,test
2022-08-15,GLD,-6.087720622848149,0.0022705785256425,-4.770516094187042,0.00847600461424278,"GARCH(1,1)",1,test
2022-08-15,SPY,-4.898127792208944,0.0074605376806549,-4.558097684718964,0.010481980020102727,"GARCH(1,1)",1,test
2022-08-15,TLT,-4.575312070499256,0.0103030833878735,-4.319313941300839,0.01330901117393337,"GARCH(1,1)",1,test
2022-08-16,GLD,-5.416987249706056,0.004440504647250601,-4.762592951406831,0.00854342795868482,"GARCH(1,1)",1,test
2022-08-16,SPY,-4.810692405326746,0.008142220028917397,-4.43879929693132,0.011810110445765095,"GARCH(1,1)",1,test
2022-08-16,TLT,-5.401602668846368,0.004509348156472499,-4.3418846527326265,0.013011982012723366,"GARCH(1,1)",1,test
2022-08-17,GLD,-5.238505834038462,0.005308182218666099,-4.723895828798798,0.008880514106313311,"GARCH(1,1)",1,test
2022-08-17,SPY,-5.313072349326612,0.004926766692827701,-4.5429765868132534,0.010641683469003136,"GARCH(1,1)",1,test
2022-08-17,TLT,-5.045959991158105,0.006435279586076701,-4.385830991776932,0.012452535878691587,"GARCH(1,1)",1,test
2022-08-18,GLD,-5.7084158060002546,0.003317924619923099,-4.74945846819188,0.0086563816400801,"GARCH(1,1)",1,test
2022-08-18,SPY,-5.238249887558989,0.0053095410030979985,-4.651006330150236,0.009551984642131514,"GARCH(1,1)",1,test
2022-08-18,TLT,-5.625391325931083,0.0036051520704498013,-4.4251423522224815,0.011972506866530369,"GARCH(1,1)",1,test
2022-08-19,GLD,-5.707273922328123,0.0033217154678137004,-4.759023828315908,0.008573974985309553,"GARCH(1,1)",1,test
2022-08-19,SPY,-5.100762041251517,0.006092102362894399,-4.6774219614479655,0.00930296640458098,"GARCH(1,1)",1,test
2022-08-19,TLT,-5.27910737222776,0.0050969784672413015,-4.438792236339828,0.011810193832424806,"GARCH(1,1)",1,test
2022-08-22,GLD,-5.1439597233285275,0.0058345407447287995,-4.782124510885196,0.008378180510747634,"GARCH(1,1)",1,test
2022-08-22,SPY,-5.085610900133464,0.006185107452964501,-4.773602973789946,0.008449880550149553,"GARCH(1,1)",1,test
2022-08-22,TLT,-4.51950049905827,0.010894464104769798,-4.481132346669331,0.01132058706518988,"GARCH(1,1)",1,test
2022-08-23,GLD,-5.4255651268853935,0.0044025774437754005,-4.785000308098631,0.008354121174049196,"GARCH(1,1)",1,test
2022-08-23,SPY,-5.130058024198004,0.005916217179965199,-4.606956370452147,0.009982154098140484,"GARCH(1,1)",1,test
2022-08-23,TLT,-5.077828762184016,0.0062334285894033,-4.448428079898643,0.011696939180611484,"GARCH(1,1)",1,test
2022-08-24,GLD,-5.76605877404106,0.0031320774453342986,-4.791665336966653,0.0082986258596306,"GARCH(1,1)",1,test
2022-08-24,SPY,-4.99696282526226,0.0067584424298426996,-4.3241561988365484,0.01324472129398086,"GARCH(1,1)",1,test
2022-08-24,TLT,-4.553127775736314,0.010534204173911503,-4.487845886132458,0.011244840405777334,"GARCH(1,1)",1,test
2022-08-25,GLD,-4.920752944235678,0.007293637076802799,-4.796168050172739,0.008261343526197434,"GARCH(1,1)",1,test
2022-08-25,SPY,-4.297123252512778,0.013607648528620897,-4.434906843374005,0.011856170337020595,"GARCH(1,1)",1,test
2022-08-25,TLT,-4.601339334433274,0.0100383819864551,-4.520664429294196,0.010881791085280047,"GARCH(1,1)",1,test
2022-08-26,GLD,-5.5187213099894175,0.004010973456111299,-4.817386876744221,0.008087894213855518,"GARCH(1,1)",1,test
2022-08-26,SPY,-4.815424509969272,0.008103781211700203,-4.543513673277132,0.010635969499444264,"GARCH(1,1)",1,test
2022-08-26,TLT,-5.232729659702798,0.005338931926909501,-4.5448298129121545,0.010621980286327446,"GARCH(1,1)",1,test
2022-08-29,GLD,-5.576555020792286,0.0037855843404737003,-4.837642981474027,0.007925713105708608,"GARCH(1,1)",1,test
2022-08-29,SPY,-4.4794554935445055,0.0113395859517043,-4.490350373893452,0.011216713077583637,"GARCH(1,1)",1,test
2022-08-29,TLT,-4.8375246345319125,0.0079266511451247,-4.523952999817066,0.010846064325064056,"GARCH(1,1)",1,test
2022-08-30,GLD,-5.163305829196568,0.0057227499467532,-4.7951512946940476,0.008269747564190877,"GARCH(1,1)",1,test
2022-08-30,SPY,-4.812116156012347,0.008130635786062603,-3.979708525720673,0.018691086514809947,"GARCH(1,1)",1,test
2022-08-30,TLT,-4.593492949891949,0.010117456811745598,-4.547423201161884,0.010594469056533337,"GARCH(1,1)",1,test
2022-08-31,GLD,-5.371856515799652,0.004645498857593901,-4.819966627719525,0.00806705635067463,"GARCH(1,1)",1,test
2022-08-31,SPY,-4.531571965860483,0.010763742530965603,-4.085992935253558,0.016806443318255163,"GARCH(1,1)",1,test
2022-08-31,TLT,-4.789970247661518,0.008312704700647898,-4.565043844991553,0.010409422795698925,"GARCH(1,1)",1,test
2022-09-01,GLD,-5.506350409368421,0.004060900997720501,-4.813236005806478,0.008121535791515932,"GARCH(1,1)",1,test
2022-09-01,SPY,-4.160744917355611,0.015595935908465995,-4.150109174504235,0.0157626955064454,"GARCH(1,1)",1,test
2022-09-01,TLT,-5.0662715773851135,0.006305887378835702,-4.604100964155858,0.010010697936536797,"GARCH(1,1)",1,test
2022-09-02,GLD,-5.556291343898373,0.003863076686717899,-4.811388666591332,0.008136552889637246,"GARCH(1,1)",1,test
2022-09-02,SPY,-4.646908123291186,0.009591210975021204,-4.23726121429477,0.014447105234355629,"GARCH(1,1)",1,test
2022-09-02,TLT,-5.102122698381239,0.006083818737244502,-4.609372678052121,0.009958063260487371,"GARCH(1,1)",1,test
2022-09-06,GLD,-5.120289025265312,0.005974295922984498,-4.802204135090963,0.008211627551005933,"GARCH(1,1)",1,test
2022-09-06,SPY,-4.647292633449999,0.009587523765896097,-4.353819704663018,0.012857606404638247,"GARCH(1,1)",1,test
2022-09-06,TLT,-5.0230816625150645,0.0065842051151546975,-4.504869774679729,0.0110550297379126,"GARCH(1,1)",1,test
2022-09-07,GLD,-5.378723729691931,0.0046137065106659,-4.794056586572743,0.008278805480993509,"GARCH(1,1)",1,test
2022-09-07,SPY,-4.698294118275934,0.009110805809982999,-4.380624833457602,0.012517534802485833,"GARCH(1,1)",1,test
2022-09-07,TLT,-4.770607215520182,0.008475232304590104,-4.536480861746552,0.010711033915932765,"GARCH(1,1)",1,test
2022-09-08,GLD,-5.61262184641461,0.0036514831684111996,-4.804465026453586,0.008193082924794832,"GARCH(1,1)",1,test
2022-09-08,SPY,-5.031828499431613,0.006526865283440899,-4.480153994518351,0.011331668005542517,"GARCH(1,1)",1,test
2022-09-08,TLT,-4.873787850631641,0.007644354704906998,-4.400450367772314,0.012271811829772819,"GARCH(1,1)",1,test
2022-09-09,GLD,-5.421247476062887,0.004421627331684601,-4.785647340743431,0.008348717533285482,"GARCH(1,1)",1,test
2022-09-09,SPY,-5.391171318684137,0.0045566329393940015,-4.368251057183972,0.012673386224408967,"GARCH(1,1)",1,test
2022-09-09,TLT,-4.521576709617784,0.0108718683682255,-4.383792271980571,0.012477949006423454,"GARCH(1,1)",1,test
2022-09-12,GLD,-5.544693062275617,0.0039081425763123,-4.795683561379619,0.00826534702429866,"GARCH(1,1)",1,test
2022-09-12,SPY,-4.236136111749512,0.0144633688566322,-4.4590077501913274,0.011573841734029764,"GARCH(1,1)",1,test
2022-09-12,TLT,-4.8879847138504315,0.007536595577468498,-4.40090893682626,0.012266185646727145,"GARCH(1,1)",1,test
2022-09-13,GLD,-5.351341071346615,0.004741787657957899,-4.808664624723273,0.008158747416055535,"GARCH(1,1)",1,test
2022-09-13,SPY,-4.696984616710343,0.009122744239445004,-4.403521768010297,0.012234178007848068,"GARCH(1,1)",1,test
2022-09-13,TLT,-5.13113650549246,0.005909840089807,-4.442464434962672,0.011766903987998501,"GARCH(1,1)",1,test
2022-09-14,GLD,-4.519261197178528,0.010897071482471604,-4.8219842422890125,0.008050796548771067,"GARCH(1,1)",1,test
2022-09-14,SPY,-4.412155194851356,0.012129009761472102,-4.442006978029405,0.011772288071210104,"GARCH(1,1)",1,test
2022-09-14,TLT,-5.537102919086917,0.0039379187980103005,-4.4658738011475725,0.011494647334435214,"GARCH(1,1)",1,test
2022-09-15,GLD,-4.7188546380823135,0.008925395504377502,-4.773254585875586,0.008452824899269054,"GARCH(1,1)",1,test
2022-09-15,SPY,-4.92444502129688,0.007266758056898501,-3.780595415173799,0.022809106493050228,"GARCH(1,1)",1,test
2022-09-15,TLT,-4.7767298880032145,0.008423499765277499,-4.506174988417887,0.011040609973707205,"GARCH(1,1)",1,test
2022-09-16,GLD,-5.673596890960819,0.0034354859575335007,-4.792710424089566,0.008289957602937513,"GARCH(1,1)",1,test
2022-09-16,SPY,-5.1486171403346255,0.005807430037382299,-3.9057624226928005,0.020125604422893545,"GARCH(1,1)",1,test
2022-09-16,TLT,-5.053252940822737,0.006388518137681001,-4.543837432208363,0.0106325265666967,"GARCH(1,1)",1,test
2022-09-19,GLD,-5.837213657620314,0.002916958959487899,-4.683432950801489,0.009247214103680474,"GARCH(1,1)",1,test
2022-09-19,SPY,-4.718183045923287,0.008931391743302597,-3.9861238576669997,0.018571560798889705,"GARCH(1,1)",1,test
2022-09-19,TLT,-4.708800509555256,0.009015585207629498,-4.584544552379047,0.010208398119769984,"GARCH(1,1)",1,test
2022-09-20,GLD,-4.219633698074428,0.014704029632918397,-4.7005728047532624,0.009090068775559117,"GARCH(1,1)",1,test
2022-09-20,SPY,-4.085458853311356,0.016815421733535407,-4.05510303802791,0.017333694061795992,"GARCH(1,1)",1,test
2022-09-20,TLT,-4.4823500443672115,0.011306810401989796,-4.599220094207085,0.010059678287384995,"GARCH(1,1)",1,test
2022-09-21,GLD,-5.336025317688977,0.004814970705836501,-4.727752629992711,0.008846329692523658,"GARCH(1,1)",1,test
2022-09-21,SPY,-4.795599906501974,0.008266038489814496,-4.157510505606693,0.0156464612526399,"GARCH(1,1)",1,test
2022-09-21,TLT,-4.87081107808541,0.007667144112739599,-4.637341548343094,0.009683406307297703,"GARCH(1,1)",1,test
2022-09-22,GLD,-5.272056680676489,0.005133042679673601,-4.742161283867805,0.008719779885504994,"GARCH(1,1)",1,test
2022-09-22,SPY,-4.311494371164649,0.013413489877157202,-4.205401729151497,0.014914793158184753,"GARCH(1,1)",1,test
2022-09-22,TLT,-4.393788907942745,0.012353832898031403,-4.636470824436203,0.009691841552521504,"GARCH(1,1)",1,test
2022-09-23,GLD,-4.808271301116812,0.0081619570751894,-4.760007871842457,0.008565541970635722,"GARCH(1,1)",1,test
2022-09-23,SPY,-4.313999660260925,0.013379927266800404,-4.162878469442299,0.0155626966383306,"GARCH(1,1)",1,test
2022-09-23,TLT,-4.51157035034917,0.010981202294036296,-4.573279963818999,0.010324041639943072,"GARCH(1,1)",1,test
2022-09-26,GLD,-5.31351755259095,0.004924573768398202,-4.785650777577128,0.00834868884018104,"GARCH(1,1)",1,test
2022-09-26,SPY,-4.094805402560704,0.016658987763866595,-4.241048701012559,0.01439249050673532,"GARCH(1,1)",1,test
2022-09-26,TLT,-4.6426545937456885,0.009632094361987496,-4.416399276963,0.012077642329015571,"GARCH(1,1)",1,test
2022-09-27,GLD,-5.01473945651164,0.0066393616543276015,-4.696134952954584,0.009130498798495678,"GARCH(1,1)",1,test
2022-09-27,SPY,-4.16690017261825,0.015500233779562608,-4.198897046945268,0.015012125362194026,"GARCH(1,1)",1,test
2022-09-27,TLT,-4.475621186286918,0.011383148871855904,-4.454283522734174,0.011628648552940785,"GARCH(1,1)",1,test
2022-09-28,GLD,-4.788869307142158,0.008321861533717702,-4.6768128298056775,0.00930863486202828,"GARCH(1,1)",1,test
2022-09-28,SPY,-4.367089088397956,0.012688120862551801,-4.258217874642062,0.014147492562739486,"GARCH(1,1)",1,test
2022-09-28,TLT,-4.807111570160719,0.008171428240412004,-4.399872934023166,0.012278900034373857,"GARCH(1,1)",1,test
2022-09-29,GLD,-5.0199961211166775,0.006604552327552999,-4.703181858326911,0.009066383211024884,"GARCH(1,1)",1,test
2022-09-29,SPY,-4.173108755192852,0.015404297420786597,-4.36957061562229,0.012656673979491377,"GARCH(1,1)",1,test
2022-09-29,TLT,-4.251583350380159,0.014241666499589606,-4.285931238787261,0.013760800961120801,"GARCH(1,1)",1,test
2022-09-30,GLD,-4.752767335878111,0.008627786154021504,-4.595111505687991,0.010101094388701149,"GARCH(1,1)",1,test
2022-09-30,SPY,-4.166987145946708,0.015498885731261904,-4.265771850212906,0.014041025381050204,"GARCH(1,1)",1,test
2022-09-30,TLT,-4.5649279362280435,0.0104106294089512,-4.141865765374496,0.0158931708966466,"GARCH(1,1)",1,test
2022-10-03,GLD,-4.892957822274738,0.007499208313025999,-4.624950767407301,0.009804137707058645,"GARCH(1,1)",1,test
2022-10-03,SPY,-3.929520098869633,0.019653101836108897,-4.1454750057564445,0.01583591201514034,"GARCH(1,1)",1,test
2022-10-03,TLT,-4.776672516347857,0.008423983049266202,-4.18433852420291,0.015232278393698732,"GARCH(1,1)",1,test
2022-10-04,GLD,-4.919311151464271,0.007304160574545899,-4.653951506595296,0.009523893748584115,"GARCH(1,1)",1,test
2022-10-04,SPY,-4.211681007888126,0.014821432440392803,-4.146867635089716,0.015813873808637132,"GARCH(1,1)",1,test
2022-10-04,TLT,-4.750362376788407,0.0086485605975871,-4.201803369316799,0.014968558626565145,"GARCH(1,1)",1,test
2022-10-05,GLD,-5.4477451289894585,0.004306003234024699,-4.518814809272254,0.010901936889243756,"GARCH(1,1)",1,test
2022-10-05,SPY,-4.543630883545661,0.010634722927660099,-4.01710462346837,0.018005020857236858,"GARCH(1,1)",1,test
2022-10-05,TLT,-4.794791556543822,0.008272723043046996,-4.216675910588089,0.014747585410378164,"GARCH(1,1)",1,test
2022-10-06,GLD,-5.232557740135626,0.005339849872679697,-4.499860193771197,0.01111054975372617,"GARCH(1,1)",1,test
2022-10-06,SPY,-3.846793032255269,0.021348089411058598,-3.8749819874056333,0.02075471171653614,"GARCH(1,1)",1,test
2022-10-06,TLT,-4.8319476162355794,0.007970981724915399,-4.2605356210854906,0.014114740232629062,"GARCH(1,1)",1,test
2022-10-07,GLD,-5.244897388154648,0.005274362878959001,-4.52402168602891,0.01084531937557632,"GARCH(1,1)",1,test
2022-10-07,SPY,-4.520724748371745,0.010881134725475403,-3.9976996089910424,0.01835782051827642,"GARCH(1,1)",1,test
2022-10-07,TLT,-4.594623965336678,0.010106020280496003,-4.287195936451749,0.013743408708572562,"GARCH(1,1)",1,test
2022-10-10,GLD,-4.770976511994531,0.008472103009035201,-4.554880206834401,0.010515759872827175,"GARCH(1,1)",1,test
2022-10-10,SPY,-4.24209960826548,0.014377373278867697,-4.076365154259702,0.016969033509256087,"GARCH(1,1)",1,test
2022-10-10,TLT,-4.305589579967586,0.013492928036165603,-4.32508365908246,0.013232443036190639,"GARCH(1,1)",1,test
2022-10-11,GLD,-5.4572945721119295,0.0042650790138087005,-4.552855760893351,0.010537070023564764,"GARCH(1,1)",1,test
2022-10-11,SPY,-5.057320874863276,0.0063625828545556,-3.919525746987722,0.019850506674961507,"GARCH(1,1)",1,test
2022-10-11,TLT,-4.982869301137097,0.0068543670716361025,-4.348024792082576,0.012932331413080943,"GARCH(1,1)",1,test
2022-10-12,GLD,-4.464253548115476,0.011513286667772196,-4.5225754157055365,0.010861015987172444,"GARCH(1,1)",1,test
2022-10-12,SPY,-3.6915573369668393,0.024933142486924596,-4.0216113113427925,0.017924060416805512,"GARCH(1,1)",1,test
2022-10-12,TLT,-4.343209321672202,0.0129947568556429,-4.337031377198998,0.013075286238838529,"GARCH(1,1)",1,test
2022-10-13,GLD,-5.2280372767241206,0.0053640431097753995,-4.552553191005601,0.010540258706034328,"GARCH(1,1)",1,test
2022-10-13,SPY,-4.024138872867399,0.017878813457656406,-4.124900710968859,0.016165099525558405,"GARCH(1,1)",1,test
2022-10-13,TLT,-4.666196951291654,0.009407980586933899,-4.376460389980564,0.01256977206270734,"GARCH(1,1)",1,test
2022-10-14,GLD,-4.96954022402609,0.0069463410613780025,-4.575160604817602,0.01030464406961386,"GARCH(1,1)",1,test
2022-10-14,SPY,-3.896586040111304,0.020311134614878497,-4.238102453013526,0.014434956880607747,"GARCH(1,1)",1,test
2022-10-14,TLT,-4.633835987301961,0.009717411648269102,-4.414095802214524,0.012105494939718821,"GARCH(1,1)",1,test
2022-10-17,GLD,-5.425671913704397,0.004402107331636099,-4.591501634472169,0.010137623932388816,"GARCH(1,1)",1,test
2022-10-17,SPY,-4.301739385269697,0.013544978574202495,-4.069365164429912,0.017088233283114006,"GARCH(1,1)",1,test
2022-10-17,TLT,-4.485522533877784,0.011270996504236902,-4.432924284883458,0.011879699204158527,"GARCH(1,1)",1,test
2022-10-18,GLD,-5.495607886112548,0.0041047604800951995,-4.576956625468877,0.010286153325910019,"GARCH(1,1)",1,test
2022-10-18,SPY,-4.418321542494993,0.012054448193244704,-3.990740574380519,0.01848601877733101,"GARCH(1,1)",1,test
2022-10-18,TLT,-4.987620162428762,0.006821880155955997,-4.4570488513903195,0.011596535939294342,"GARCH(1,1)",1,test
2022-10-19,GLD,-4.722038066016199,0.008897027328986302,-4.604373160505737,0.010007973431915656,"GARCH(1,1)",1,test
2022-10-19,SPY,-4.212481069043263,0.014809579130352494,-3.9271727248584143,0.01969928920490506,"GARCH(1,1)",1,test
2022-10-19,TLT,-4.64842686301876,0.009576655477681698,-4.492971631786271,0.01118734968122773,"GARCH(1,1)",1,test
2022-10-20,GLD,-4.916879297997611,0.007321944838357403,-4.6321925602877245,0.009733394634919026,"GARCH(1,1)",1,test
2022-10-20,SPY,-4.19408853510494,0.0150844851768354,-4.013454055820831,0.01807086952324798,"GARCH(1,1)",1,test
2022-10-20,TLT,-4.370470896457225,0.012645284546087201,-4.5340275320478485,0.010737343873846854,"GARCH(1,1)",1,test
2022-10-21,GLD,-5.3963584606309345,0.004533058233071201,-4.606413959961671,0.00998756999192688,"GARCH(1,1)",1,test
2022-10-21,SPY,-4.415191100006156,0.012092243076537798,-4.112641148473192,0.01636449633487649,"GARCH(1,1)",1,test
2022-10-21,TLT,-4.369482301005757,0.012657791798159604,-4.470548201675864,0.011441042132560775,"GARCH(1,1)",1,test
2022-10-24,GLD,-5.427038573656423,0.004396095257008002,-4.63484810786767,0.009707581431615805,"GARCH(1,1)",1,test
2022-10-24,SPY,-4.963524573817301,0.006988253759103802,-4.195338864908346,0.0150656363815106,"GARCH(1,1)",1,test
2022-10-24,TLT,-5.328712633118803,0.0048503101233472986,-4.430599396294848,0.011907350311691819,"GARCH(1,1)",1,test
2022-10-25,GLD,-5.4604423886132025,0.0042516744363534,-4.572533243504916,0.010331753690573146,"GARCH(1,1)",1,test
2022-10-25,SPY,-4.470648337085989,0.0114398965364729,-4.078839675045749,0.016927095193135688,"GARCH(1,1)",1,test
2022-10-25,TLT,-5.282693018521057,0.005078735231734002,-4.389292722950062,0.012409503074030407,"GARCH(1,1)",1,test
2022-10-26,GLD,-5.5274945426899365,0.003975938163732398,-4.5993746508288496,0.010058123617638203,"GARCH(1,1)",1,test
2022-10-26,SPY,-4.688040651352541,0.009204703722922798,-4.145802926868742,0.015830719936600696,"GARCH(1,1)",1,test
2022-10-26,TLT,-4.436954341770858,0.011831919682323106,-4.415088865552029,0.012093479383603414,"GARCH(1,1)",1,test
2022-10-27,GLD,-5.352410136095384,0.004736721088654499,-4.627062994239556,0.009783450999527184,"GARCH(1,1)",1,test
2022-10-27,SPY,-4.564429768710862,0.010415816938378201,-4.162619528139559,0.015566726985061377,"GARCH(1,1)",1,test
2022-10-27,TLT,-4.723570746918022,0.008883401469830604,-4.2755478540717675,0.013904429033828665,"GARCH(1,1)",1,test
2022-10-28,GLD,-5.419067810514942,0.004431275511528099,-4.643288510543339,0.009625990350496992,"GARCH(1,1)",1,test
2022-10-28,SPY,-5.162418224582458,0.005727831740989702,-4.247615971903449,0.014298280811674656,"GARCH(1,1)",1,test
2022-10-28,TLT,-4.45489689697356,0.011621518026543702,-4.279896394657933,0.013844096334516689,"GARCH(1,1)",1,test
2022-10-31,GLD,-5.317675724776453,0.004904139057695502,-4.670922031438189,0.009363631982510692,"GARCH(1,1)",1,test
2022-10-31,SPY,-4.674157860775535,0.009333381835988096,-4.343138344215018,0.012995679223174496,"GARCH(1,1)",1,test
2022-10-31,TLT,-4.837385389249735,0.007927754970749597,-4.302347234936978,0.013536747765283498,"GARCH(1,1)",1,test
2022-11-01,GLD,-4.371849388214391,0.012627865134589399,-4.664139289567413,0.00942735895871969,"GARCH(1,1)",1,test
2022-11-01,SPY,-3.862663134229371,0.021011967256207513,-4.173490037838778,0.015398425149076167,"GARCH(1,1)",1,test
2022-11-01,TLT,-4.4519239625492295,0.011656119445938298,-4.335976199150728,0.013089090275430001,"GARCH(1,1)",1,test
2022-11-02,GLD,-5.375665735729549,0.004627836791464998,-4.670105574665542,0.009371280105015239,"GARCH(1,1)",1,test
2022-11-02,SPY,-4.578645859648204,0.010268792271709494,-4.259812732396457,0.01412494730753688,"GARCH(1,1)",1,test
2022-11-02,TLT,-4.7670935467561,0.008505063841986304,-4.367734548021275,0.012679933835321223,"GARCH(1,1)",1,test
2022-11-03,GLD,-5.052377020336153,0.006394116423065202,-4.663933711165809,0.009429297219331206,"GARCH(1,1)",1,test
2022-11-03,SPY,-4.09132460608328,0.016717075346670503,-4.360700188237532,0.01276944350446694,"GARCH(1,1)",1,test
2022-11-03,TLT,-4.706560639700353,0.0090358015777272,-4.399593162445656,0.012282335802199234,"GARCH(1,1)",1,test
2022-11-04,GLD,-5.773414146590531,0.0031091243665756995,-4.675782207141975,0.009318233497521235,"GARCH(1,1)",1,test
2022-11-04,SPY,-4.7466035967074145,0.008681129806792002,-4.116950036726252,0.01629413524674828,"GARCH(1,1)",1,test
2022-11-04,TLT,-4.978123357369162,0.006886974828408201,-4.437400627068876,0.011826640448631364,"GARCH(1,1)",1,test
2022-11-07,GLD,-4.524640671623777,0.010838608356337502,-4.698605798077917,0.00910796659831768,"GARCH(1,1)",1,test
2022-11-07,SPY,-4.2945792012534065,0.013642311157053699,-4.181741437103499,0.01527188936171245,"GARCH(1,1)",1,test
2022-11-07,TLT,-4.793622432345561,0.0082824005397376,-4.471656331926069,0.011428370989614849,"GARCH(1,1)",1,test
2022-11-08,GLD,-4.833499699371299,0.007958619694536102,-4.473998916160849,0.011401630401174508,"GARCH(1,1)",1,test
2022-11-08,SPY,-4.568224025528,0.010376371534273001,-4.2104006389383715,0.014840421496184947,"GARCH(1,1)",1,test
2022-11-08,TLT,-4.768130217357041,0.0084962514608996,-4.433996892933603,0.011866963774442059,"GARCH(1,1)",1,test
2022-11-09,GLD,-5.1561674316906725,0.005763747364541398,-4.501610677120983,0.011091117933875764,"GARCH(1,1)",1,test
2022-11-09,SPY,-4.314651282235284,0.0133712114521946,-4.2864365582390445,0.013753849117321899,"GARCH(1,1)",1,test
2022-11-09,TLT,-4.752308748975242,0.0086317436511113,-4.449116448642637,0.01168889014394962,"GARCH(1,1)",1,test
2022-11-10,GLD,-5.436470224822967,0.004354827736394299,-4.418032662120968,0.012057930989778993,"GARCH(1,1)",1,test
2022-11-10,SPY,-4.692889103200889,0.009160183175223598,-4.388552172868218,0.012418696336162889,"GARCH(1,1)",1,test
2022-11-10,TLT,-5.178694514061003,0.005635358495617803,-4.458628793097122,0.011578228554617974,"GARCH(1,1)",1,test
2022-11-11,GLD,-5.570455312425009,0.0038087458684201,-4.445055526188895,0.011736454332269247,"GARCH(1,1)",1,test
2022-11-11,SPY,-4.688025232170148,0.009204845653022597,-4.222524831759414,0.01466157971130945,"GARCH(1,1)",1,test
2022-11-11,TLT,-5.0653440899883195,0.0063117387230097015,-4.4975783634663316,0.011135931089795999,"GARCH(1,1)",1,test
2022-11-14,GLD,-4.949461081756086,0.007087227336165303,-4.307103288460949,0.013472519126863536,"GARCH(1,1)",1,test
2022-11-14,SPY,-4.323783192683018,0.013249662578032702,-3.613063440470576,0.026969101950629105,"GARCH(1,1)",1,test
2022-11-14,TLT,-5.1354864365763095,0.0058841885244186026,-4.222208844146024,0.01466621332093402,"GARCH(1,1)",1,test
2022-11-15,GLD,-5.625801021201129,0.003603675359220199,-4.3340629004400375,0.013114157587959453,"GARCH(1,1)",1,test
2022-11-15,SPY,-5.3164557844845834,0.004910125465316402,-3.726399270196551,0.024079383279244426,"GARCH(1,1)",1,test
2022-11-15,TLT,-4.769753511720448,0.008482470731908996,-4.26305646060559,0.014079204046963605,"GARCH(1,1)",1,test
2022-11-16,GLD,-5.800529977316589,0.0030259506351445996,-4.3669552654269985,0.012689818938199721,"GARCH(1,1)",1,test
2022-11-16,SPY,-5.0731819766643715,0.006262461397485199,-3.833085578565756,0.021642732145378676,"GARCH(1,1)",1,test
2022-11-16,TLT,-5.199761162891274,0.0055178821384107984,-4.304542690340571,0.013507061039121037,"GARCH(1,1)",1,test
2022-11-17,GLD,-5.5847347744149465,0.0037547454922887986,-4.397651874524558,0.01230620251091625,"GARCH(1,1)",1,test
2022-11-17,SPY,-4.8160583067984035,0.008098646688158502,-3.941100753803808,0.019426818827006784,"GARCH(1,1)",1,test
2022-11-17,TLT,-4.914446474677445,0.007339779522029898,-4.2960156130368325,0.013622729247764077,"GARCH(1,1)",1,test
2022-11-18,GLD,-5.323143992375225,0.004877395101183201,-4.428987542992056,0.0119265586900045,"GARCH(1,1)",1,test
2022-11-18,SPY,-5.17305153258011,0.005667248612292,-4.040418779573703,0.01759010449650162,"GARCH(1,1)",1,test
2022-11-18,TLT,-5.10935255044372,0.0060399922482188015,-4.250808722594288,0.014252702764124022,"GARCH(1,1)",1,test
2022-11-21,GLD,-5.590082405571994,0.0037347200902618,-4.449586447626686,0.011683397668287401,"GARCH(1,1)",1,test
2022-11-21,SPY,-4.946593763425511,0.007107577834755402,-4.155770907128179,0.015673703501246177,"GARCH(1,1)",1,test
2022-11-21,TLT,-5.173400102733929,0.005665273522820101,-4.272772859308534,0.013943067337333402,"GARCH(1,1)",1,test
2022-11-22,GLD,-5.294247485743854,0.005020390870080201,-4.470574332119189,0.011440743176963693,"GARCH(1,1)",1,test
2022-11-22,SPY,-5.387074884198055,0.004575337171882898,-4.2681262801571025,0.014008005657012648,"GARCH(1,1)",1,test
2022-11-22,TLT,-5.4147140478440905,0.0044506102924168015,-4.305970427201973,0.013487790270253323,"GARCH(1,1)",1,test
2022-11-23,GLD,-5.975836806958792,0.002539376229726899,-4.494525760843599,0.011169976599515989,"GARCH(1,1)",1,test
2022-11-23,SPY,-6.083116970541251,0.0022810555775583004,-4.373447367321028,0.012607702184220176,"GARCH(1,1)",1,test
2022-11-23,TLT,-5.821564847233731,0.0029629649276417,-4.344521507735219,0.012977716499308728,"GARCH(1,1)",1,test
2022-11-25,GLD,-5.7366417164579975,0.0032255825271956,-4.525012853745314,0.010834575170671287,"GARCH(1,1)",1,test
2022-11-25,SPY,-4.7303260310943624,0.008823593804773803,-4.3756806521630764,0.012579577011489736,"GARCH(1,1)",1,test
2022-11-25,TLT,-4.927721417595864,0.0072429882386311996,-4.343691890287066,0.012988487506643767,"GARCH(1,1)",1,test
2022-11-28,GLD,-5.411797558591609,0.004463609396160698,-4.545656632080288,0.01061320145917458,"GARCH(1,1)",1,test
2022-11-28,SPY,-4.9563889995395085,0.007038297295222201,-4.466713935356345,0.011484994343463525,"GARCH(1,1)",1,test
2022-11-28,TLT,-4.937312192668437,0.007173854420955799,-4.322673192966569,0.013264377865208765,"GARCH(1,1)",1,test
2022-11-29,GLD,-4.654870242341559,0.009515147825165101,-4.575618996335793,0.010299921590629216,"GARCH(1,1)",1,test
2022-11-29,SPY,-4.104043008086468,0.016505807206509703,-4.577957241607297,0.010275865982589054,"GARCH(1,1)",1,test
2022-11-29,TLT,-5.024684653166455,0.0065736591507077015,-4.362118452180158,0.012751345899800795,"GARCH(1,1)",1,test
2022-11-30,GLD,-5.553922326515081,0.0038722392313703,-4.587721656079957,0.010176016447527008,"GARCH(1,1)",1,test
2022-11-30,SPY,-4.725805955567125,0.008863567388944204,-4.428383872917846,0.011933760570135017,"GARCH(1,1)",1,test
2022-11-30,TLT,-4.628805326754246,0.009766419816045702,-4.402004183402227,0.012252758503256073,"GARCH(1,1)",1,test
2022-12-01,GLD,-5.109683879818588,0.006037991352859001,-4.610333786499979,0.00994849707956844,"GARCH(1,1)",1,test
2022-12-01,SPY,-4.967091225206907,0.0069633734901211,-4.535065609626223,0.01072620346122681,"GARCH(1,1)",1,test
2022-12-01,TLT,-4.348975712065191,0.012920039645888202,-4.409031476569592,0.012166956607776577,"GARCH(1,1)",1,test
2022-12-02,GLD,-5.072167411320326,0.006268818297987699,-4.592615820130981,0.010126335027324827,"GARCH(1,1)",1,test
2022-12-02,SPY,-4.624451613167154,0.009809032705544103,-4.1007968265756825,0.01655947511343968,"GARCH(1,1)",1,test
2022-12-02,TLT,-4.939217074052254,0.0071602020863862975,-4.436887253661031,0.011832713490077446,"GARCH(1,1)",1,test
2022-12-05,GLD,-5.410316741956398,0.004470224079565499,-4.533193770743274,0.01074629998879499,"GARCH(1,1)",1,test
2022-12-05,SPY,-4.416659452555398,0.012074500430008296,-4.218872376140255,0.014715228395589577,"GARCH(1,1)",1,test
2022-12-05,TLT,-4.892687409864692,0.0075012364662259004,-4.2897313822259795,0.013708607178378643,"GARCH(1,1)",1,test
2022-12-06,GLD,-5.379752661441577,0.0046089617629829,-4.560227757698407,0.010459676400292812,"GARCH(1,1)",1,test
2022-12-06,SPY,-5.023622318095815,0.006580646290050399,-4.333056362853738,0.01312736412580777,"GARCH(1,1)",1,test
2022-12-06,TLT,-4.923688184971336,0.007272259885093998,-4.301436550850856,0.013549081081076008,"GARCH(1,1)",1,test
2022-12-07,GLD,-5.48702627630361,0.0041401375117266995,-4.513880859899712,0.010955859410021588,"GARCH(1,1)",1,test
2022-12-07,SPY,-4.946398756455844,0.007108963997121901,-4.239418698391,0.01441596943415024,"GARCH(1,1)",1,test
2022-12-07,TLT,-5.155630851333263,0.0057668409080554005,-4.303691711711109,0.013518560151467659,"GARCH(1,1)",1,test
2022-12-08,GLD,-5.0748792327765235,0.006251841411568602,-4.542433042275255,0.01064746927020569,"GARCH(1,1)",1,test
2022-12-08,SPY,-4.885751836546887,0.007553442672427801,-4.2322157495644275,0.0145201817918438,"GARCH(1,1)",1,test
2022-12-08,TLT,-4.785108962430964,0.008353213511902404,-4.312971996499319,0.01339368440082874,"GARCH(1,1)",1,test
2022-12-09,GLD,-5.498755763984892,0.0040918595113987,-4.551555666690508,0.010550778116192396,"GARCH(1,1)",1,test
2022-12-09,SPY,-5.060577991850842,0.0063418928909625,-4.344522078702295,0.012977709089461997,"GARCH(1,1)",1,test
2022-12-09,TLT,-4.598151621217024,0.010070432526207502,-4.252319694028601,0.014231183598901728,"GARCH(1,1)",1,test
2022-12-12,GLD,-4.969358502182492,0.006947603477982803,-4.581217146371802,0.010242422179536666,"GARCH(1,1)",1,test
2022-12-12,SPY,-4.1703758229080305,0.015446453901698102,-4.422353081104904,0.012005948050721653,"GARCH(1,1)",1,test
2022-12-12,TLT,-4.923741972097293,0.007271868741654903,-4.293002509406842,0.013663837843839562,"GARCH(1,1)",1,test
2022-12-13,GLD,-4.972819032724628,0.006923602635727802,-4.607128937550144,0.009980431655398756,"GARCH(1,1)",1,test
2022-12-13,SPY,-4.145036544951624,0.015842856964300295,-4.477974520211921,0.011356392017697399,"GARCH(1,1)",1,test
2022-12-13,TLT,-4.716663766136784,0.008944971339234296,-4.210570105582169,0.014837906752850016,"GARCH(1,1)",1,test
2022-12-14,GLD,-5.399638192189032,0.0045182153725335,-4.6157886490794295,0.009894377137747257,"GARCH(1,1)",1,test
2022-12-14,SPY,-4.506478679582146,0.0110372575470871,-4.437096778330282,0.01183023450441049,"GARCH(1,1)",1,test
2022-12-14,TLT,-5.077498642554923,0.006235486706230898,-4.251347121650809,0.014245031187772981,"GARCH(1,1)",1,test
2022-12-15,GLD,-5.547298059784244,0.0038979751234819986,-4.56396391831404,0.010420670281210237,"GARCH(1,1)",1,test
2022-12-15,SPY,-4.632766355756844,0.009727811259189399,-4.5083231491955145,0.011016918424139948,"GARCH(1,1)",1,test
2022-12-15,TLT,-4.647013870381419,0.0095901967859935,-4.27669394606458,0.013888502407481162,"GARCH(1,1)",1,test
2022-12-16,GLD,-5.397743532388324,0.0045267839682945005,-4.591879961126224,0.010133789324459335,"GARCH(1,1)",1,test
2022-12-16,SPY,-4.754773539457461,0.0086104944097368,-4.566437405201499,0.01039492674119068,"GARCH(1,1)",1,test
2022-12-16,TLT,-5.3206296690001365,0.0048896738796368015,-4.315053533490258,0.013365833947233995,"GARCH(1,1)",1,test
2022-12-19,GLD,-5.2703201541050095,0.005141964088569298,-4.547515657618058,0.010593489574749725,"GARCH(1,1)",1,test
2022-12-19,SPY,-4.845625781157422,0.007862695588395698,-4.221435177457334,0.014677564472067216,"GARCH(1,1)",1,test
2022-12-19,TLT,-5.330967197120782,0.0048393871066916986,-4.3561539430690885,0.012827628687139714,"GARCH(1,1)",1,test
2022-12-20,GLD,-5.469544654323301,0.0042131501609978,-4.557780728707034,0.01048530287325835,"GARCH(1,1)",1,test
2022-12-20,SPY,-4.932539302155768,0.0072081762847542,-4.19066453862491,0.015136222925371682,"GARCH(1,1)",1,test
2022-12-20,TLT,-4.692226691739147,0.0091662529956879,-4.369067487274154,0.0126630435131757,"GARCH(1,1)",1,test
2022-12-21,GLD,-5.088160799562009,0.0061693561416691,-4.585209419003492,0.010201613152370222,"GARCH(1,1)",1,test
2022-12-21,SPY,-3.8670053038974426,0.020920927527337603,-4.262626013992907,0.014085265697169693,"GARCH(1,1)",1,test
2022-12-21,TLT,-5.289721858303737,0.005043162778482198,-4.34651854610892,0.012951825362857938,"GARCH(1,1)",1,test
2022-12-22,GLD,-5.379875841523885,0.004608394065658798,-4.542510474301088,0.010646644847008896,"GARCH(1,1)",1,test
2022-12-22,SPY,-4.867986072888442,0.007688834457947697,-4.376772212910791,0.012565853130588662,"GARCH(1,1)",1,test
2022-12-22,TLT,-5.334630092380041,0.004821693363547602,-4.3201928020617455,0.013297319544655786,"GARCH(1,1)",1,test
2022-12-23,GLD,-4.475512571514773,0.0113843853171238,-4.571577322515441,0.010341634752789007,"GARCH(1,1)",1,test
2022-12-23,SPY,-5.102372350209962,0.006082300090345501,-4.3540336722132285,0.01285485558839748,"GARCH(1,1)",1,test
2022-12-23,TLT,-4.94305466117265,0.0071327768441161975,-4.360273118195368,0.012774898115910472,"GARCH(1,1)",1,test
2022-12-27,GLD,-5.258694623534764,0.0052020909755611,-4.561322953507756,0.01044822727719228,"GARCH(1,1)",1,test
2022-12-27,SPY,-4.559078134758195,0.0104717079988055,-4.320109083756761,0.013298432820309026,"GARCH(1,1)",1,test
2022-12-27,TLT,-4.899864297484379,0.007447593659548002,-4.401384864907879,0.012260349213494923,"GARCH(1,1)",1,test
2022-12-28,GLD,-5.719607671687776,0.0032809978782285007,-4.588404704557214,0.010169068108284399,"GARCH(1,1)",1,test
2022-12-28,SPY,-4.888107453180566,0.007535670597542696,-4.41594875652452,0.012083084779609012,"GARCH(1,1)",1,test
2022-12-28,TLT,-4.997713689807607,0.006753369659760301,-4.38996375654038,0.012401178673916982,"GARCH(1,1)",1,test
2022-12-29,GLD,-5.431543214793461,0.004376336960898598,-4.597711198840061,0.010074868746871456,"GARCH(1,1)",1,test
2022-12-29,SPY,-4.942087458869199,0.007139679019671803,-4.507665511285028,0.011024165950215147,"GARCH(1,1)",1,test
2022-12-29,TLT,-4.8133545362621355,0.008120573199227302,-4.341372036047158,0.01301865388172369,"GARCH(1,1)",1,test
2022-12-30,GLD,-4.767124144475225,0.008504803610412996,-4.62066089197385,0.009846286578619759,"GARCH(1,1)",1,test
2022-12-30,SPY,-4.210917258975871,0.014832756617160596,-4.464276523803228,0.011513022145131521,"GARCH(1,1)",1,test
2022-12-30,TLT,-4.665633208655546,0.0094132857619466,-4.374717498551787,0.012591698913206465,"GARCH(1,1)",1,test
2023-01-03,GLD,-5.290810621306091,0.005037674957444501,-4.6398420512718275,0.00965922316907062,"GARCH(1,1)",1,test
2023-01-03,SPY,-4.526637025951289,0.010816992237536401,-4.358326864593024,0.012799785518130326,"GARCH(1,1)",1,test
2023-01-03,TLT,-4.774546273906099,0.008441913535079004,-4.386387543810692,0.01244560732275263,"GARCH(1,1)",1,test
2023-01-04,GLD,-5.318310862274092,0.004901025244040901,-4.661308175402463,0.009454086705003974,"GARCH(1,1)",1,test
2023-01-04,SPY,-5.457318597420462,0.0042649765452004015,-4.461342752093538,0.011546848318667565,"GARCH(1,1)",1,test
2023-01-04,TLT,-5.123719578040827,0.0059538359001837975,-4.397540829706967,0.012307569126805714,"GARCH(1,1)",1,test
2023-01-05,GLD,-4.743247351236595,0.0087103147579218,-4.666704639689786,0.009403205476576689,"GARCH(1,1)",1,test
2023-01-05,SPY,-4.14712221034424,0.015809848500081002,-4.5474492335932934,0.010594193260334141,"GARCH(1,1)",1,test
2023-01-05,TLT,-4.569579105727427,0.0103623202411297,-4.35679689177599,0.012819383830656636,"GARCH(1,1)",1,test
2023-01-06,GLD,-5.410696660753772,0.004468526079980599,-4.6659325872133754,0.00941046804783339,"GARCH(1,1)",1,test
2023-01-06,SPY,-4.590188101692828,0.010150948783126898,-4.603091668838577,0.010020806787636765,"GARCH(1,1)",1,test
2023-01-06,TLT,-4.837402783365684,0.007927617075659704,-4.357363579303515,0.012812121303715321,"GARCH(1,1)",1,test
2023-01-09,GLD,-5.599754107584323,0.003698773104926301,-4.643288664046836,0.009625988872873923,"GARCH(1,1)",1,test
2023-01-09,SPY,-5.126562149124806,0.005936935729762801,-4.552795879809402,0.010537701013631419,"GARCH(1,1)",1,test
2023-01-09,TLT,-4.783940273981901,0.008362981522815302,-4.3943030465312,0.012347482948340162,"GARCH(1,1)",1,test
2023-01-10,GLD,-5.446062859362031,0.0043132531889605984,-4.572284033124897,0.01033432879169427,"GARCH(1,1)",1,test
2023-01-10,SPY,-5.197959438294645,0.005527832803868399,-4.300608378017632,0.013560306709681223,"GARCH(1,1)",1,test
2023-01-10,TLT,-5.2165321594410985,0.0054261134333668,-4.359490295552726,0.012784902510735536,"GARCH(1,1)",1,test
2023-01-11,GLD,-4.9592793447912,0.0070179835570552,-4.6001825728665855,0.010050000719685218,"GARCH(1,1)",1,test
2023-01-11,SPY,-4.524112483868431,0.010844334688712499,-4.412514220538388,0.01212465591702723,"GARCH(1,1)",1,test
2023-01-11,TLT,-3.991853102741058,0.01846546399317801,-4.393923118139086,0.01235217499894856,"GARCH(1,1)",1,test
2023-01-12,GLD,-5.411820897725265,0.004463505220600102,-4.62508821709763,0.009802790223974555,"GARCH(1,1)",1,test
2023-01-12,SPY,-4.982421143790539,0.006857439595030799,-4.490957664752949,0.011209903338213536,"GARCH(1,1)",1,test
2023-01-12,TLT,-4.693679256990295,0.009152948080571198,-4.370091633970784,0.012650081337709968,"GARCH(1,1)",1,test
2023-01-13,GLD,-5.513483181665699,0.004032038572503499,-4.6532746889274925,0.009530341869994538,"GARCH(1,1)",1,test
2023-01-13,SPY,-5.200721233771233,0.005512587122652602,-4.479142220118565,0.01134313889913709,"GARCH(1,1)",1,test
2023-01-13,TLT,-5.063064036186372,0.006326146245603701,-4.353718314111217,0.012858910110537072,"GARCH(1,1)",1,test
2023-01-17,GLD,-5.054367734424985,0.006381400226771198,-4.640025739865664,0.009657449042897495,"GARCH(1,1)",1,test
2023-01-17,SPY,-4.558791750781857,0.010474707357644903,-4.578540348806736,0.010269875797783814,"GARCH(1,1)",1,test
2023-01-17,TLT,-4.531476086626412,0.010764774599831398,-4.315600226902152,0.013358528930854676,"GARCH(1,1)",1,test
2023-01-18,GLD,-5.19273158478913,0.005556807174863298,-4.625172332368936,0.009801965694293568,"GARCH(1,1)",1,test
2023-01-18,SPY,-4.984263695916035,0.0068448160384814005,-4.670750732209289,0.009365236102837366,"GARCH(1,1)",1,test
2023-01-18,TLT,-5.1105179497658115,0.006032957345378998,-4.338254599434624,0.013059302036083183,"GARCH(1,1)",1,test
2023-01-19,GLD,-5.545301014210039,0.0039057673355622985,-4.640230354705319,0.009655473187661653,"GARCH(1,1)",1,test
2023-01-19,SPY,-4.570573902220405,0.010352016966974903,-4.760409077933991,0.008562106112309545,"GARCH(1,1)",1,test
2023-01-19,TLT,-5.109604583273057,0.0060384701636989994,-4.369844102160006,0.012653213022829828,"GARCH(1,1)",1,test
2023-01-20,GLD,-5.097674999893526,0.006110937993072101,-4.665594427138853,0.009413650830524424,"GARCH(1,1)",1,test
2023-01-20,SPY,-4.541671423083082,0.010655581676039798,-4.535691082656824,0.010719496607937647,"GARCH(1,1)",1,test
2023-01-20,TLT,-5.364210688210391,0.004681153672514699,-4.292320366971383,0.013673161707203951,"GARCH(1,1)",1,test
2023-01-23,GLD,-4.911872053844349,0.007358699546945297,-4.617084874734346,0.009881560100942457,"GARCH(1,1)",1,test
2023-01-23,SPY,-5.138718446905864,0.005865201466039098,-4.57680834481786,0.010287678676508835,"GARCH(1,1)",1,test
2023-01-23,TLT,-4.414981859183117,0.012094773532159604,-4.325558898113189,0.013226155956839018,"GARCH(1,1)",1,test
2023-01-24,GLD,-5.39792670375858,0.004525954867008301,-4.642036628291845,0.009638048503088635,"GARCH(1,1)",1,test
2023-01-24,SPY,-4.537669863131115,0.010698306050001204,-4.4125876949684555,0.012123765097570592,"GARCH(1,1)",1,test
2023-01-24,TLT,-4.785835518641107,0.008347146636980397,-4.312200525627547,0.013404021224976376,"GARCH(1,1)",1,test
2023-01-25,GLD,-5.000089152538948,0.0067373463207796,-4.6689040873963705,0.009382546345524226,"GARCH(1,1)",1,test
2023-01-25,SPY,-4.800964709521096,0.008221811562021002,-4.428491710407328,0.011932473732740957,"GARCH(1,1)",1,test
2023-01-25,TLT,-4.87902808817272,0.007604401244643297,-4.348464812302105,0.012926642177554671,"GARCH(1,1)",1,test
2023-01-26,GLD,-5.155908956691899,0.005765237341687003,-4.6921465879322835,0.00916698727685649,"GARCH(1,1)",1,test
2023-01-26,SPY,-4.877358665132154,0.007617106809821599,-4.534133302760886,0.010736208237388783,"GARCH(1,1)",1,test
2023-01-26,TLT,-5.348528466492275,0.004755143206078299,-4.345827180145527,0.012960782910192509,"GARCH(1,1)",1,test
2023-01-27,GLD,-6.00326674314181,0.0024706679417418006,-4.712018629151346,0.008986618610188915,"GARCH(1,1)",1,test
2023-01-27,SPY,-4.853689012079903,0.007799551771891402,-4.638323513223352,0.0096739022094915,"GARCH(1,1)",1,test
2023-01-27,TLT,-5.054967582764436,0.006377573502283703,-4.385216768942,0.012460186860044282,"GARCH(1,1)",1,test
2023-01-30,GLD,-5.4976941607153424,0.0040962057494166,-4.708978072619854,0.00901398451480705,"GARCH(1,1)",1,test
2023-01-30,SPY,-5.144474388899341,0.005831538680081903,-4.621930443982543,0.0098337941372956,"GARCH(1,1)",1,test
2023-01-30,TLT,-4.678818269228226,0.009289985664873702,-4.420290969509327,0.012030731199439999,"GARCH(1,1)",1,test
2023-01-31,GLD,-4.583616620833651,0.0102178752107791,-4.73498524074499,0.008782578455119391,"GARCH(1,1)",1,test
2023-01-31,SPY,-4.035594082647457,0.0176751764778384,-4.7194634021750925,0.0089199636975928,"GARCH(1,1)",1,test
2023-01-31,TLT,-4.282784411438719,0.013804172030766901,-4.458760409618873,0.011576704768727481,"GARCH(1,1)",1,test
2023-02-01,GLD,-4.902854516020533,0.007425356989757503,-4.75866232543128,0.008577075062309097,"GARCH(1,1)",1,test
2023-02-01,SPY,-4.735066269210577,0.008781866845094,-4.602869346859092,0.010023034880905703,"GARCH(1,1)",1,test
2023-02-01,TLT,-4.900718877326518,0.007441231814873399,-4.494915407732585,0.01116562510071298,"GARCH(1,1)",1,test
2023-02-02,GLD,-4.8546947398496165,0.007791711489338902,-4.779340869175639,0.00840153485344836,"GARCH(1,1)",1,test
2023-02-02,SPY,-4.6074985560290775,0.009976743385099603,-4.5178047045502305,0.010912954550733949,"GARCH(1,1)",1,test
2023-02-02,TLT,-4.987827453565534,0.006820466187220203,-4.515969808222478,0.010932997073316223,"GARCH(1,1)",1,test
2023-02-03,GLD,-5.363221981657872,0.004685784248587301,-4.743041128297361,0.008712111209861264,"GARCH(1,1)",1,test
2023-02-03,SPY,-5.202020493964772,0.005505429488462201,-4.534586713229353,0.010731341431596039,"GARCH(1,1)",1,test
2023-02-03,TLT,-5.4976436726215665,0.004096412564257402,-4.5286158221970965,0.010795608777638405,"GARCH(1,1)",1,test
2023-02-06,GLD,-4.928129792502083,0.007240030987863103,-4.622026722878503,0.0098328473960293,"GARCH(1,1)",1,test
2023-02-06,SPY,-4.42470723797629,0.011977717408338901,-4.474923035331243,0.011391098802922451,"GARCH(1,1)",1,test
2023-02-06,TLT,-4.818469765401618,0.008079140665363698,-4.567660095295786,0.010382224734124916,"GARCH(1,1)",1,test
2023-02-07,GLD,-5.447202560994335,0.0043083401674816986,-4.484851756735093,0.011278559367281556,"GARCH(1,1)",1,test
2023-02-07,SPY,-4.9694885424370385,0.006946700068599102,-4.473162829044921,0.011411167143671722,"GARCH(1,1)",1,test
2023-02-07,TLT,-4.905710227274251,0.0074041825626538,-4.531641047362793,0.010762998981144144,"GARCH(1,1)",1,test
2023-02-08,GLD,-5.0793863743628815,0.006223726882826002,-4.51488796211057,0.01094483129394006,"GARCH(1,1)",1,test
2023-02-08,SPY,-4.579034002031125,0.010264807291627298,-4.537996386823329,0.010694813369861767,"GARCH(1,1)",1,test
2023-02-08,TLT,-4.62139626766794,0.009839048520465002,-4.55292103689388,0.010536382228224837,"GARCH(1,1)",1,test
2023-02-09,GLD,-5.478093324633356,0.0041772868395669,-4.544998616881687,0.010620187405217802,"GARCH(1,1)",1,test
2023-02-09,SPY,-5.308945441746536,0.0049471410161955,-4.506449880201002,0.011037575417851199,"GARCH(1,1)",1,test
2023-02-09,TLT,-5.011316062566907,0.0066621297546641985,-4.570014937842359,0.010357804993199906,"GARCH(1,1)",1,test
2023-02-10,GLD,-5.711098151231574,0.003309036726169699,-4.573054215345012,0.010326372539677298,"GARCH(1,1)",1,test
2023-02-10,SPY,-5.24739872741749,0.005261186394302698,-4.491915701072233,0.011199168986450327,"GARCH(1,1)",1,test
2023-02-10,TLT,-5.3665408929303,0.004670258325257199,-4.601027148434671,0.010041516317981657,"GARCH(1,1)",1,test
2023-02-13,GLD,-4.792100633766323,0.0082950142804637,-4.584904357589853,0.010204725745641801,"GARCH(1,1)",1,test
2023-02-13,SPY,-4.507116576513213,0.011030219159492002,-4.519015391026327,0.010899750378914089,"GARCH(1,1)",1,test
2023-02-13,TLT,-4.470458963364336,0.011442063157399401,-4.606146156350396,0.009990245057418693,"GARCH(1,1)",1,test
2023-02-14,GLD,-5.721500408922098,0.003274793684684899,-4.612687511023605,0.009925108593842966,"GARCH(1,1)",1,test
2023-02-14,SPY,-5.172288685834543,0.005671573503857199,-4.621363710764053,0.009839368854636543,"GARCH(1,1)",1,test
2023-02-14,TLT,-4.660013466630065,0.0094663349212215,-4.598161140419969,0.010070336664172808,"GARCH(1,1)",1,test
2023-02-15,GLD,-5.017062098561425,0.006623958688478103,-4.633251097605078,0.009723096924690264,"GARCH(1,1)",1,test
2023-02-15,SPY,-4.806134336884508,0.0081794175350692,-4.594140313539048,0.010110909257557513,"GARCH(1,1)",1,test
2023-02-15,TLT,-5.212979208611713,0.005445426436348798,-4.6110416876883855,0.009941457018790642,"GARCH(1,1)",1,test
2023-02-16,GLD,-5.066426004651308,0.006304913653073698,-4.660943824897427,0.009457531933866921,"GARCH(1,1)",1,test
2023-02-16,SPY,-5.159650309502623,0.0057437078545714,-4.693933158628841,0.009150624427058216,"GARCH(1,1)",1,test
2023-02-16,TLT,-5.129885949109886,0.005917235301151901,-4.6470523436342726,0.009589827827025207,"GARCH(1,1)",1,test
2023-02-17,GLD,-5.446662514203302,0.004310667501141801,-4.656489403497412,0.009499753733535196,"GARCH(1,1)",1,test
2023-02-17,SPY,-4.945735560785017,0.0071136801949770005,-4.781917544318952,0.008379914693452048,"GARCH(1,1)",1,test
2023-02-17,TLT,-5.258776636457888,0.0052016643543682985,-4.649424742488456,0.009567103896248267,"GARCH(1,1)",1,test
2023-02-21,GLD,-5.515901843215946,0.004022298219895601,-4.683700366650254,0.00924474158268261,"GARCH(1,1)",1,test
2023-02-21,SPY,-4.944750656600976,0.0071206899397618,-4.605995565029421,0.00999174961490256,"GARCH(1,1)",1,test
2023-02-21,TLT,-5.344251201964309,0.004775525771175499,-4.6088429599798095,0.009963339623930825,"GARCH(1,1)",1,test
2023-02-22,GLD,-5.4574336005936415,0.0042644860875668015,-4.707639658597476,0.009026057035292346,"GARCH(1,1)",1,test
2023-02-22,SPY,-4.561519515263139,0.010446173757126396,-4.694323117013774,0.00914705676000157,"GARCH(1,1)",1,test
2023-02-22,TLT,-5.07893447147652,0.006226540038556998,-4.624547107425409,0.009808096043965304,"GARCH(1,1)",1,test
2023-02-23,GLD,-5.908895742205608,0.0027151834951061014,-4.729122111273389,0.008834223101374156,"GARCH(1,1)",1,test
2023-02-23,SPY,-5.070900088641,0.006276767949912399,-4.388715555577314,0.012416667501654797,"GARCH(1,1)",1,test
2023-02-23,TLT,-4.807139791954001,0.008171197631307503,-4.5310340860440075,0.010769533688156406,"GARCH(1,1)",1,test
2023-02-24,GLD,-5.8758032241608555,0.002806539008996599,-4.743386823081819,0.008709099998964336,"GARCH(1,1)",1,test
2023-02-24,SPY,-4.916920775474209,0.007321641148859903,-4.494439581951666,0.011170939257202042,"GARCH(1,1)",1,test
2023-02-24,TLT,-5.2014271861812285,0.0055086968718155984,-4.543706124294938,0.010633922793240401,"GARCH(1,1)",1,test
2023-02-27,GLD,-5.136955544264189,0.0058755503645676,-4.7691691941893595,0.008487428636618851,"GARCH(1,1)",1,test
2023-02-27,SPY,-5.230013805294937,0.0053534513961743,-4.580273211992558,0.01025209491845586,"GARCH(1,1)",1,test
2023-02-27,TLT,-4.926754527562459,0.007249994798511799,-4.5520839934513475,0.01054520533002159,"GARCH(1,1)",1,test
2023-02-28,GLD,-5.481917393400595,0.004161343111816998,-4.77359885176093,0.008449915380874147,"GARCH(1,1)",1,test
2023-02-28,SPY,-5.144675264867305,0.005830367381751601,-4.552320154891899,0.010542715253181578,"GARCH(1,1)",1,test
2023-02-28,TLT,-4.962321109888572,0.0069966689330912,-4.5360464509928935,0.010715687915049095,"GARCH(1,1)",1,test
2023-03-01,GLD,-5.984462405937474,0.0025175667837011007,-4.792603869021919,0.00829084098699437,"GARCH(1,1)",1,test
2023-03-01,SPY,-4.826600695119794,0.008013716082219602,-4.647619467666279,0.009584390747096772,"GARCH(1,1)",1,test
2023-03-01,TLT,-5.3362994042788925,0.0048136511677772985,-4.571930918130105,0.01033797864252233,"GARCH(1,1)",1,test
2023-03-02,GLD,-5.201579349571576,0.0055078587135933025,-4.808702955349588,0.008158434692150624,"GARCH(1,1)",1,test
2023-03-02,SPY,-5.026899514592258,0.006559115518638701,-4.721270499503437,0.00890385901077683,"GARCH(1,1)",1,test
2023-03-02,TLT,-4.9351743261085925,0.007189207570072,-4.602762718191904,0.010024103680737565,"GARCH(1,1)",1,test
2023-03-03,GLD,-6.0787707342559365,0.0022909911596318997,-4.818732477573375,0.008077018455550948,"GARCH(1,1)",1,test
2023-03-03,SPY,-5.127940353590566,0.0059287590542867,-4.7856460880833,0.008348727991397633,"GARCH(1,1)",1,test
2023-03-03,TLT,-5.04758192201866,0.006424850467460699,-4.57902525368529,0.010264897092104212,"GARCH(1,1)",1,test
2023-03-06,GLD,-5.3481890975049176,0.004756757228071899,-4.842915391448873,0.007884035464225923,"GARCH(1,1)",1,test
2023-03-06,SPY,-4.833876427335503,0.007955622024629202,-4.800961415475838,0.008221838645084995,"GARCH(1,1)",1,test
2023-03-06,TLT,-4.580976297148304,0.010244889356062199,-4.589506505123866,0.010157869993457838,"GARCH(1,1)",1,test
2023-03-07,GLD,-5.4108089705185805,0.004468024249048302,-4.815022371239803,0.008107040711322164,"GARCH(1,1)",1,test
2023-03-07,SPY,-5.206810052892723,0.005479123955740202,-4.601970338330954,0.010032049726345763,"GARCH(1,1)",1,test
2023-03-07,TLT,-4.5925240765639375,0.010127264096038702,-4.45568894741291,0.011612316842466833,"GARCH(1,1)",1,test
2023-03-08,GLD,-5.643012865349549,0.0035421802012549986,-4.827817259674364,0.008003972807146825,"GARCH(1,1)",1,test
2023-03-08,SPY,-4.217321906582835,0.014738061605771902,-4.702251270435583,0.009074824204393157,"GARCH(1,1)",1,test
2023-03-08,TLT,-4.876848987371162,0.0076209900692871,-4.478484670417483,0.01135060002949273,"GARCH(1,1)",1,test
2023-03-09,GLD,-5.533466512438679,0.003952264740138701,-4.7262231825495125,0.00885987004083966,"GARCH(1,1)",1,test
2023-03-09,SPY,-4.277676629665616,0.013874861107560995,-4.520901514177847,0.010879211482911119,"GARCH(1,1)",1,test
2023-03-09,TLT,-5.011848729934896,0.006658582000512898,-4.506891463794261,0.011032702481620842,"GARCH(1,1)",1,test
2023-03-10,GLD,-5.216798179167817,0.005424670172130601,-4.752141258801147,0.008633189504437904,"GARCH(1,1)",1,test
2023-03-10,SPY,-4.079588197607017,0.016914429621311393,-4.6239215245091465,0.009814233740910477,"GARCH(1,1)",1,test
2023-03-10,TLT,-3.771672613394093,0.023013538325075293,-4.545053253003787,0.010619607175212905,"GARCH(1,1)",1,test
2023-03-13,GLD,-5.258043452350195,0.005205479530448803,-4.741394719291462,0.008726466722497474,"GARCH(1,1)",1,test
2023-03-13,SPY,-4.471447280438785,0.011430760357309201,-4.399418102850947,0.012284486131139215,"GARCH(1,1)",1,test
2023-03-13,TLT,-4.518395575923145,0.010906508302935198,-4.581043196900177,0.010244203998431692,"GARCH(1,1)",1,test
2023-03-14,GLD,-4.586158453588216,0.010191936061342001,-4.617695968771205,0.009875523383178878,"GARCH(1,1)",1,test
2023-03-14,SPY,-4.703078847932216,0.009067317190841898,-4.350545177024159,0.012899778000525778,"GARCH(1,1)",1,test
2023-03-14,TLT,-4.189498592411213,0.015153881239503005,-4.32477785744999,0.013236490157649305,"GARCH(1,1)",1,test
2023-03-15,GLD,-5.076890627036188,0.006239279131725098,-4.5091246658281525,0.011008091718630765,"GARCH(1,1)",1,test
2023-03-15,SPY,-4.510937244120518,0.010988156762833204,-4.457040584521497,0.011596631806732007,"GARCH(1,1)",1,test
2023-03-15,TLT,-4.163784397758686,0.015548604335038699,-4.364165742382359,0.012725266899025596,"GARCH(1,1)",1,test
2023-03-16,GLD,-4.381389712501575,0.0125079640631288,-4.531731614723831,0.010762024248869705,"GARCH(1,1)",1,test
2023-03-16,SPY,-4.6842130312760775,0.0092400033453654,-4.383620079331473,0.012480097802516323,"GARCH(1,1)",1,test
2023-03-16,TLT,-4.7909936443896,0.008304201857488796,-4.344801622798112,0.012974081754532458,"GARCH(1,1)",1,test
2023-03-17,GLD,-4.986525085544274,0.006829354731093801,-4.546804118359278,0.01060102994078474,"GARCH(1,1)",1,test
2023-03-17,SPY,-5.160023763225961,0.005741563245968301,-4.455921779573794,0.011609613436375689,"GARCH(1,1)",1,test
2023-03-17,TLT,-5.117680291451248,0.005989901617475099,-4.310663962635561,0.013424633179662396,"GARCH(1,1)",1,test
2023-03-20,GLD,-4.853470514547493,0.007801256140900897,-4.5757644520443215,0.01029842351719077,"GARCH(1,1)",1,test
2023-03-20,SPY,-5.068059561225382,0.0062946226277012995,-4.363502090482015,0.012733714849524654,"GARCH(1,1)",1,test
2023-03-20,TLT,-5.131373289913926,0.0059084408974004,-4.338540058038921,0.013055574677979395,"GARCH(1,1)",1,test
2023-03-21,GLD,-4.635592060460211,0.009700362136981902,-4.412828379532708,0.012120847445581971,"GARCH(1,1)",1,test
2023-03-21,SPY,-4.176425667775613,0.015353287357570602,-4.307203413636041,0.013471170256056115,"GARCH(1,1)",1,test
2023-03-21,TLT,-4.738009968453311,0.0087560536820466,-4.333050006938303,0.013127447562489193,"GARCH(1,1)",1,test
2023-03-22,GLD,-4.8279950268316165,0.0080025500901141,-4.445723367202074,0.011728618863431805,"GARCH(1,1)",1,test
2023-03-22,SPY,-4.152630554317149,0.015723001826648708,-4.36918392181685,0.012661569183328227,"GARCH(1,1)",1,test
2023-03-22,TLT,-4.621872844458772,0.0098343605754679,-4.356614310533122,0.012821724623375155,"GARCH(1,1)",1,test
2023-03-23,GLD,-5.079837854617404,0.006220917627238299,-4.401970284293071,0.012253173867894245,"GARCH(1,1)",1,test
2023-03-23,SPY,-4.6232661252825125,0.0098206680904178,-4.376736149213523,0.012566306309883495,"GARCH(1,1)",1,test
2023-03-23,TLT,-4.877425210282634,0.007616599945167599,-4.379912243053893,0.012526457856527937,"GARCH(1,1)",1,test
2023-03-24,GLD,-5.3006980674563176,0.004988110653562999,-4.379198127028182,0.012535406395595961,"GARCH(1,1)",1,test
2023-03-24,SPY,-5.219462154954981,0.005410238213867401,-4.287290450306139,0.013742109827425157,"GARCH(1,1)",1,test
2023-03-24,TLT,-4.749701832319693,0.008654275243633304,-4.38029802795567,0.012521626270250585,"GARCH(1,1)",1,test
2023-03-27,GLD,-5.438388099678485,0.0043464837257203,-4.382798844039927,0.012490351108885953,"GARCH(1,1)",1,test
2023-03-27,SPY,-5.2974893471858655,0.005004141811324201,-4.396234754070068,0.012323654244895569,"GARCH(1,1)",1,test
2023-03-27,TLT,-5.490537534293159,0.004125625912704199,-4.419800305434991,0.01203663569547114,"GARCH(1,1)",1,test
2023-03-28,GLD,-5.525744110799309,0.003982903867405701,-4.390962320974035,0.012388801478699753,"GARCH(1,1)",1,test
2023-03-28,SPY,-5.367396885788367,0.0046662623280020014,-4.478729682948892,0.011347819330913408,"GARCH(1,1)",1,test
2023-03-28,TLT,-5.418529563613434,0.004433661273848901,-4.454490271969879,0.01162624458725778,"GARCH(1,1)",1,test
2023-03-29,GLD,-5.214247287608187,0.005438525581797101,-4.406686464500886,0.012195521747569847,"GARCH(1,1)",1,test
2023-03-29,SPY,-5.402785432347487,0.004504017816946101,-4.582931065313334,0.01022488253321561,"GARCH(1,1)",1,test
2023-03-29,TLT,-5.3251672437228965,0.004867536881162998,-4.359367831826694,0.01278646829340779,"GARCH(1,1)",1,test
2023-03-30,GLD,-5.209620264426317,0.005463748073265902,-4.425847271278072,0.011964070192232558,"GARCH(1,1)",1,test
2023-03-30,SPY,-5.2444943740632635,0.005276488949911797,-4.67428609056817,0.009332185095101243,"GARCH(1,1)",1,test
2023-03-30,TLT,-4.844653009188854,0.0078703479196447,-4.398238600390449,0.012298984261366143,"GARCH(1,1)",1,test
2023-03-31,GLD,-5.086535057860756,0.006179394078553902,-4.452705720482303,0.011647010742956885,"GARCH(1,1)",1,test
2023-03-31,SPY,-5.54031890273965,0.003925274857780199,-4.568097515795859,0.010377684329295318,"GARCH(1,1)",1,test
2023-03-31,TLT,-4.791968846546674,0.0082961075293692,-4.436365947393885,0.011838883565887037,"GARCH(1,1)",1,test
2023-04-03,GLD,-4.819780341641763,0.008068559270943501,-4.466726832065146,0.01148484622579101,"GARCH(1,1)",1,test
2023-04-03,SPY,-5.001118094481129,0.006730417547834999,-4.642343355214527,0.00963509270746485,"GARCH(1,1)",1,test
2023-04-03,TLT,-4.504955376067448,0.011054083452528002,-4.469761908590856,0.011450041682553192,"GARCH(1,1)",1,test
2023-04-04,GLD,-4.8733894240576685,0.0076474010257896,-4.491848091812117,0.011199926179575756,"GARCH(1,1)",1,test
2023-04-04,SPY,-5.324034784447888,0.004873052290849501,-4.558165348686491,0.010481270791741902,"GARCH(1,1)",1,test
2023-04-04,TLT,-5.175544150777024,0.005653139916375599,-4.45044083049098,0.011673419836574057,"GARCH(1,1)",1,test
2023-04-05,GLD,-5.3428806472612855,0.004782075377752401,-4.5107438525424435,0.010990281985303135,"GARCH(1,1)",1,test
2023-04-05,SPY,-5.209305040528913,0.005465470648712201,-4.650348077532078,0.009558274330905746,"GARCH(1,1)",1,test
2023-04-05,TLT,-5.7892523289167865,0.0030602693962070993,-4.487834994611608,0.011244962879858038,"GARCH(1,1)",1,test
2023-04-06,GLD,-5.410085750433025,0.0044712567827037,-4.463003357577854,0.011527689471069434,"GARCH(1,1)",1,test
2023-04-06,SPY,-5.392041911188919,0.004552667695216301,-4.699631151649309,0.009098632498432088,"GARCH(1,1)",1,test
2023-04-06,TLT,-5.091010441427309,0.006151800711350299,-4.51917054653838,0.010898059353752135,"GARCH(1,1)",1,test
2023-04-10,GLD,-5.787229231480069,0.0030664668863275993,-4.494287715891754,0.011172635872558439,"GARCH(1,1)",1,test
2023-04-10,SPY,-5.570057594707719,0.0038102609754051015,-4.7790574543658995,0.008403916310304503,"GARCH(1,1)",1,test
2023-04-10,TLT,-5.565133561057896,0.0038290690965713994,-4.525133215536597,0.010833271180272839,"GARCH(1,1)",1,test
2023-04-11,GLD,-5.068703172916302,0.006290572638438203,-4.512853812967809,0.01096711737205309,"GARCH(1,1)",1,test
2023-04-11,SPY,-5.1584270642892385,0.005750738116702201,-4.853792785296834,0.007798742429308184,"GARCH(1,1)",1,test
2023-04-11,TLT,-4.766226538690515,0.008512440998500601,-4.561060917320941,0.010450965449561424,"GARCH(1,1)",1,test
2023-04-12,GLD,-5.241663621543772,0.005291446544937599,-4.5297369278519675,0.010783512541436382,"GARCH(1,1)",1,test
2023-04-12,SPY,-4.8662708528129,0.007702033817834996,-4.939173647726643,0.007160513034405158,"GARCH(1,1)",1,test
2023-04-12,TLT,-4.81114077945569,0.008138570086435298,-4.516409418034945,0.01092819187680628,"GARCH(1,1)",1,test
2023-04-13,GLD,-4.492424205732438,0.011193475604508599,-4.550103841766776,0.010566107123651252,"GARCH(1,1)",1,test
2023-04-13,SPY,-4.755432774334761,0.008604819942120097,-5.017562230760485,0.006620646661747393,"GARCH(1,1)",1,test
2023-04-13,TLT,-5.315477337670929,0.004914932113073702,-4.552999398725106,0.010535556610367825,"GARCH(1,1)",1,test
2023-04-14,GLD,-4.977755982737096,0.006889505393056,-4.573992782843174,0.010316685088912007,"GARCH(1,1)",1,test
2023-04-14,SPY,-5.445559919617485,0.0043154230410243,-5.032849861215622,0.006520202395859609,"GARCH(1,1)",1,test
2023-04-14,TLT,-5.333668629067205,0.0048263314741516985,-4.590138028412559,0.01015145708715643,"GARCH(1,1)",1,test
2023-04-17,GLD,-5.0210636656368655,0.006597505436011899,-4.5553816438655605,0.010510488203231791,"GARCH(1,1)",1,test
2023-04-17,SPY,-5.386132761921978,0.0045796497301126985,-4.807495321922818,0.008168293042033314,"GARCH(1,1)",1,test
2023-04-17,TLT,-5.333293920500049,0.004828140280769501,-4.605344914113475,0.00999825287138686,"GARCH(1,1)",1,test
2023-04-18,GLD,-5.61852664688909,0.0036299854212823997,-4.504731858908567,0.011056554506006485,"GARCH(1,1)",1,test
2023-04-18,SPY,-5.503734422300369,0.004071538169500898,-4.8785112622366364,0.007608332412212088,"GARCH(1,1)",1,test
2023-04-18,TLT,-5.288730909947867,0.005048162769303101,-4.611903940432617,0.00993288866476878,"GARCH(1,1)",1,test
2023-04-19,GLD,-5.351968465442225,0.004738813621422699,-4.530483910410867,0.010775460453403328,"GARCH(1,1)",1,test
2023-04-19,SPY,-5.149981474922911,0.0057995121622568995,-4.946241281773728,0.007110083567117176,"GARCH(1,1)",1,test
2023-04-19,TLT,-5.672135253746732,0.0034405110632036006,-4.597759866806876,0.010074378435424948,"GARCH(1,1)",1,test
2023-04-20,GLD,-4.698942222354053,0.009104902972615698,-4.55701337023173,0.010493351947151846,"GARCH(1,1)",1,test
2023-04-20,SPY,-5.445928874935342,0.0043138311364334,-5.023630399148197,0.006580593111717891,"GARCH(1,1)",1,test
2023-04-20,TLT,-5.117013291656393,0.005993898213341297,-4.630188848434968,0.009752917105287539,"GARCH(1,1)",1,test
2023-04-21,GLD,-5.205694111195134,0.0054852417515455,-4.58063430661854,0.01024839361037719,"GARCH(1,1)",1,test
2023-04-21,SPY,-5.489544545017845,0.0041297246496535996,-5.091622136871383,0.0061480388335613655,"GARCH(1,1)",1,test
2023-04-21,TLT,-5.664024425328728,0.0034685299326258,-4.666392496077709,0.00940614108524116,"GARCH(1,1)",1,test
2023-04-24,GLD,-5.0112695090146175,0.0066624399076893985,-4.6059357860338626,0.009992346929511663,"GARCH(1,1)",1,test
2023-04-24,SPY,-5.1715874776409905,0.005675551852330702,-5.05363539730097,0.006386075274707098,"GARCH(1,1)",1,test
2023-04-24,TLT,-5.455753432623078,0.004271657163120799,-4.673335629857779,0.009341059186946,"GARCH(1,1)",1,test
2023-04-25,GLD,-5.060244467084803,0.006344008422076602,-4.60596214927109,0.009992083502371516,"GARCH(1,1)",1,test
2023-04-25,SPY,-5.102765044593433,0.006079912074172397,-5.120639317136055,0.0059722035421826535,"GARCH(1,1)",1,test
2023-04-25,TLT,-4.7385056041909355,0.0087517149442268,-4.695911438578178,0.009132539824331716,"GARCH(1,1)",1,test
2023-04-26,GLD,-5.2073211406989035,0.005476324357779002,-4.632513004398424,0.009730276125611807,"GARCH(1,1)",1,test
2023-04-26,SPY,-5.087707686172133,0.006172152192960102,-5.179911755668759,0.005628503075979783,"GARCH(1,1)",1,test
2023-04-26,TLT,-5.613979303217203,0.003646529800496799,-4.692277373229933,0.009165788448093235,"GARCH(1,1)",1,test
2023-04-27,GLD,-5.375109415809811,0.004630412065529099,-4.653361778594069,0.009529511911839638,"GARCH(1,1)",1,test
2023-04-27,SPY,-5.555920492390379,0.0038645095802115996,-4.704892347820745,0.009050888513331991,"GARCH(1,1)",1,test
2023-04-27,TLT,-5.149002515132094,0.005805192431394002,-4.642757948940181,0.009631098886446011,"GARCH(1,1)",1,test
2023-04-28,GLD,-5.222802651705323,0.0053921954833149,-4.671981756789939,0.009353714360220393,"GARCH(1,1)",1,test
2023-04-28,SPY,-5.524019885532955,0.003989777214784101,-4.765530816127917,0.008518365356381799,"GARCH(1,1)",1,test
2023-04-28,TLT,-4.422744762325853,0.012001246467151606,-4.635285428520182,0.009703337033918853,"GARCH(1,1)",1,test
2023-05-01,GLD,-4.965125829507938,0.006977072732234899,-4.700372448379016,0.009091890211242667,"GARCH(1,1)",1,test
2023-05-01,SPY,-4.558390943976949,0.010478906533106102,-4.477308474524077,0.011363958413133068,"GARCH(1,1)",1,test
2023-05-01,TLT,-4.976224527446874,0.0069000644458321,-4.63408531121885,0.009714989167138723,"GARCH(1,1)",1,test
2023-05-02,GLD,-4.9619453698414615,0.006999298355764502,-4.728371153388113,0.008840859722472007,"GARCH(1,1)",1,test
2023-05-02,SPY,-4.688986709578299,0.009195999655176701,-4.530770078762431,0.01077237729881971,"GARCH(1,1)",1,test
2023-05-02,TLT,-4.750728664769099,0.0086453933138943,-4.58075070260411,0.010247200807922458,"GARCH(1,1)",1,test
2023-05-03,GLD,-4.834820833651775,0.007948112231645403,-4.747859762069463,0.008670231718558796,"GARCH(1,1)",1,test
2023-05-03,SPY,-5.202199595800372,0.005504443544229899,-4.630544437869281,0.009749449687536264,"GARCH(1,1)",1,test
2023-05-03,TLT,-4.745843177269881,0.008687733617151501,-4.352159866363562,0.012878965673750619,"GARCH(1,1)",1,test
2023-05-04,GLD,-5.0881781468854745,0.006169249120780801,-4.644752336547936,0.009611909883692957,"GARCH(1,1)",1,test
2023-05-04,SPY,-5.0084553215127,0.006681215669675802,-4.577310965167729,0.010282509179109242,"GARCH(1,1)",1,test
2023-05-04,TLT,-5.454812425923623,0.004275678712985,-4.27159489073506,0.013959501510043755,"GARCH(1,1)",1,test
2023-05-05,GLD,-5.422656975394651,0.0044153994410501985,-4.650694767231202,0.009554961150009849,"GARCH(1,1)",1,test
2023-05-05,SPY,-5.70061874013478,0.0033438958147046995,-4.617672804628092,0.009875752143865353,"GARCH(1,1)",1,test
2023-05-05,TLT,-5.597858816188543,0.0037057900052019,-4.307145550317365,0.013471949765225857,"GARCH(1,1)",1,test
2023-05-08,GLD,-5.606662678721346,0.0036733079330709987,-4.66323733618821,0.009435865832814676,"GARCH(1,1)",1,test
2023-05-08,SPY,-6.0376078579671395,0.0023872627602836,-4.648086270560009,0.00957991776984197,"GARCH(1,1)",1,test
2023-05-08,TLT,-5.671552102328985,0.0034425179872213,-4.327841518313111,0.013196000096366312,"GARCH(1,1)",1,test
2023-05-09,GLD,-4.994249550514553,0.0067768048408894015,-4.613528309477321,0.009916767085139526,"GARCH(1,1)",1,test
2023-05-09,SPY,-4.644480911888331,0.009614519147154497,-4.457358959243374,0.01159294031997505,"GARCH(1,1)",1,test
2023-05-09,TLT,-5.687020069371936,0.0033896789422626994,-4.365718049225406,0.012705528703969786,"GARCH(1,1)",1,test
2023-05-10,GLD,-5.12881431428308,0.005923579815473102,-4.6418507240406734,0.009639840423836041,"GARCH(1,1)",1,test
2023-05-10,SPY,-5.467556305111909,0.004221535708733799,-4.562730880245356,0.01043352728932944,"GARCH(1,1)",1,test
2023-05-10,TLT,-5.2385615534283,0.005307886458231597,-4.361707678911569,0.01275658488777941,"GARCH(1,1)",1,test
2023-05-11,GLD,-5.376881435121596,0.004622214151503601,-4.654522560315597,0.009518456646213758,"GARCH(1,1)",1,test
2023-05-11,SPY,-4.9122403475281615,0.007355989883387699,-4.636343947418695,0.009693071302483704,"GARCH(1,1)",1,test
2023-05-11,TLT,-5.31639053054407,0.004910445880805502,-4.398475055721885,0.012296076444764206,"GARCH(1,1)",1,test
2023-05-12,GLD,-5.746980993745498,0.003192404150815201,-4.681812878370279,0.00926220740215077,"GARCH(1,1)",1,test
2023-05-12,SPY,-5.228056712025598,0.005363938858993499,-4.71555354170984,0.008954907779732265,"GARCH(1,1)",1,test
2023-05-12,TLT,-6.179359801474905,0.002071753763876399,-4.4157374897141075,0.01208563780406551,"GARCH(1,1)",1,test
2023-05-15,GLD,-4.971509644588403,0.006932674256719303,-4.683857438100933,0.009243289611745642,"GARCH(1,1)",1,test
2023-05-15,SPY,-5.598096646758127,0.0037049087598518995,-4.800069131087211,0.008229178137324027,"GARCH(1,1)",1,test
2023-05-15,TLT,-5.37956066881369,0.0046098467346149,-4.427960424226765,0.011938814975493248,"GARCH(1,1)",1,test
2023-05-16,GLD,-5.594400591538378,0.0037186276444723986,-4.7102656589816725,0.009002385700120399,"GARCH(1,1)",1,test
2023-05-16,SPY,-4.851774314959164,0.007814499857173302,-4.881153390479241,0.007588256755175627,"GARCH(1,1)",1,test
2023-05-16,TLT,-5.363666501709946,0.004683701786411499,-4.448864817572157,0.011691831801980022,"GARCH(1,1)",1,test
2023-05-17,GLD,-5.641816154030167,0.003546421705819199,-4.735641707597799,0.008776814875487884,"GARCH(1,1)",1,test
2023-05-17,SPY,-5.20401137696138,0.005494479725969302,-4.949672591465299,0.0070857284772894965,"GARCH(1,1)",1,test
2023-05-17,TLT,-5.924999696997979,0.0026718084947627008,-4.4591463549979835,0.011572237655103042,"GARCH(1,1)",1,test
2023-05-18,GLD,-4.761215171395566,0.008555207035578999,-4.703714714221173,0.009061553422196254,"GARCH(1,1)",1,test
2023-05-18,SPY,-5.258672597451457,0.005202205558512199,-4.916406184208684,0.007325409771011269,"GARCH(1,1)",1,test
2023-05-18,TLT,-5.0497774935829405,0.006410759722749199,-4.49513425067322,0.011163181849835767,"GARCH(1,1)",1,test
2023-05-19,GLD,-5.630727946615604,0.003585963986641199,-4.726306499792689,0.00885913189164366,"GARCH(1,1)",1,test
2023-05-19,SPY,-5.2732114906572445,0.005127118412115498,-4.782951473988301,0.008371254928589231,"GARCH(1,1)",1,test
2023-05-19,TLT,-5.027551942995356,0.006554837561057402,-4.530738090303544,0.010772721896079586,"GARCH(1,1)",1,test
2023-05-22,GLD,-5.420960446790787,0.004422896650316201,-4.691676282491187,0.009171299574820371,"GARCH(1,1)",1,test
2023-05-22,SPY,-4.919535293971626,0.007302523585146901,-4.759743494466179,0.008567806805520673,"GARCH(1,1)",1,test
2023-05-22,TLT,-5.165163029569003,0.005712131516748899,-4.551248132980011,0.010554023335116626,"GARCH(1,1)",1,test
2023-05-23,GLD,-5.4707226452112,0.004208190030566602,-4.685845404893938,0.0092249325116377,"GARCH(1,1)",1,test
2023-05-23,SPY,-5.373472839856857,0.004637996290955499,-4.842864013951921,0.007884440536639668,"GARCH(1,1)",1,test
2023-05-23,TLT,-5.646397274521702,0.0035302122776911995,-4.572413114933663,0.010332994903933636,"GARCH(1,1)",1,test
2023-05-24,GLD,-5.706321415329913,0.003324880932367099,-4.71117282265241,0.00899422276598174,"GARCH(1,1)",1,test
2023-05-24,SPY,-5.051587168049542,0.006399168825606,-4.92754667269896,0.007244254024455819,"GARCH(1,1)",1,test
2023-05-24,TLT,-5.347605118826202,0.0047595358841319,-4.605448044290949,0.009997221802961859,"GARCH(1,1)",1,test
2023-05-25,GLD,-5.354889575875236,0.004724991221719798,-4.737448842581151,0.008760968309038844,"GARCH(1,1)",1,test
2023-05-25,SPY,-5.082605055002872,0.006203726897648702,-4.767085730608717,0.008505130319078588,"GARCH(1,1)",1,test
2023-05-25,TLT,-5.178938140436803,0.005633985740877601,-4.639646258325578,0.00966111456198803,"GARCH(1,1)",1,test
2023-05-26,GLD,-5.369208145033402,0.004657818166811699,-4.738682922162412,0.008750163245462053,"GARCH(1,1)",1,test
2023-05-26,SPY,-5.14150031534031,0.005848907920976101,-4.765378502330839,0.008519662919770023,"GARCH(1,1)",1,test
2023-05-26,TLT,-5.223140898097574,0.005390371901073802,-4.666722067812068,0.009403041597789851,"GARCH(1,1)",1,test
2023-05-30,GLD,-5.255771374023831,0.0052173202340775006,-4.729671242553469,0.008829373284848839,"GARCH(1,1)",1,test
2023-05-30,SPY,-5.290754572673788,0.005037957320148798,-4.767128076531984,0.00850477016910822,"GARCH(1,1)",1,test
2023-05-30,TLT,-5.00601868110677,0.006697515239768301,-4.700756741652602,0.009088396930255494,"GARCH(1,1)",1,test
2023-05-31,GLD,-5.3487457124940585,0.004754110282432199,-4.750058333388568,0.008651190535142215,"GARCH(1,1)",1,test
2023-05-31,SPY,-4.741643337992473,0.008724297429351104,-4.668047793477934,0.009390584003707134,"GARCH(1,1)",1,test
2023-05-31,TLT,-4.992529960801205,0.006788468189996703,-4.708341499198031,0.009019724404510687,"GARCH(1,1)",1,test
2023-06-01,GLD,-5.202968926832886,0.0055002104335350995,-4.761153372966578,0.008555735750270167,"GARCH(1,1)",1,test
2023-06-01,SPY,-5.085807113050772,0.006183893974041302,-4.763817475617574,0.008532972726955298,"GARCH(1,1)",1,test
2023-06-01,TLT,-5.3345580126024705,0.004822040922658601,-4.700673513618304,0.00908915337114502,"GARCH(1,1)",1,test
2023-06-02,GLD,-5.207219484452173,0.0054768810886562,-4.7859105788073295,0.008346520122279781,"GARCH(1,1)",1,test
2023-06-02,SPY,-5.28081209729423,0.0050882969222111,-4.795536068234678,0.008266566196232844,"GARCH(1,1)",1,test
2023-06-02,TLT,-4.817662521703208,0.008085665133818101,-4.703728509103657,0.009061428419993866,"GARCH(1,1)",1,test
2023-06-05,GLD,-5.428956262660123,0.0043876729916982994,-4.785349863070396,0.008351201459788132,"GARCH(1,1)",1,test
2023-06-05,SPY,-5.572099144521387,0.003802490072862099,-4.772211509481612,0.008461646441355204,"GARCH(1,1)",1,test
2023-06-05,TLT,-5.00982067057297,0.006672099702794303,-4.7388471702988415,0.008748726165477618,"GARCH(1,1)",1,test
2023-06-06,GLD,-4.683935686018979,0.009242566371874001,-4.723929324082322,0.008880216655957104,"GARCH(1,1)",1,test
2023-06-06,SPY,-5.276811772724635,0.005108692528730802,-4.63175129850604,0.00973769055772104,"GARCH(1,1)",1,test
2023-06-06,TLT,-4.787120033429056,0.008336431487045602,-4.71747449537139,0.008937722328356436,"GARCH(1,1)",1,test
2023-06-07,GLD,-5.579603261659952,0.0037740625371164996,-4.737064368040716,0.008764337325912332,"GARCH(1,1)",1,test
2023-06-07,SPY,-5.283342610692614,0.005075437196390998,-4.720935601251941,0.008906841396961197,"GARCH(1,1)",1,test
2023-06-07,TLT,-5.143635277277169,0.005836434045555297,-4.75117561664996,0.008641530102490982,"GARCH(1,1)",1,test
2023-06-08,GLD,-5.5201526852140415,0.004005236355031302,-4.762713531621843,0.00854239785241109,"GARCH(1,1)",1,test
2023-06-08,SPY,-5.273665667849886,0.0051247903205917985,-4.810843749511919,0.008140987844505941,"GARCH(1,1)",1,test
2023-06-08,TLT,-5.090204089729462,0.006156763226796202,-4.7691664296922145,0.008487452100123518,"GARCH(1,1)",1,test
2023-06-09,GLD,-5.656172239466688,0.003495872684019,-4.732029459830095,0.008808576235844884,"GARCH(1,1)",1,test
2023-06-09,SPY,-5.416617034972374,0.004442148891839001,-4.8684248172027145,0.0076854617654748165,"GARCH(1,1)",1,test
2023-06-09,TLT,-4.803283150549998,0.008202771856509397,-4.699168229425409,0.009102845432677927,"GARCH(1,1)",1,test
2023-06-12,GLD,-4.960811371020732,0.0070072400539329975,-4.696657849536697,0.00912572573989773,"GARCH(1,1)",1,test
2023-06-12,SPY,-5.536460227934838,0.003940450477036098,-4.9014150376240515,0.007436053327456949,"GARCH(1,1)",1,test
2023-06-12,TLT,-4.8670581758567195,0.0076959722156586,-4.678075178153206,0.0092968915358361,"GARCH(1,1)",1,test
2023-06-13,GLD,-5.0949055874997935,0.006127885156498101,-4.721053195261453,0.00890579406735029,"GARCH(1,1)",1,test
2023-06-13,SPY,-4.726040879111248,0.008861485372846497,-4.979509287622908,0.006877436572841961,"GARCH(1,1)",1,test
2023-06-13,TLT,-5.250254084406034,0.005246185255958399,-4.71271564959074,0.008980356935847589,"GARCH(1,1)",1,test
2023-06-14,GLD,-5.362060756704608,0.004691228658662999,-4.747168182312111,0.008676229949195277,"GARCH(1,1)",1,test
2023-06-14,SPY,-4.760747134898626,0.008559212121900703,-4.915497006644218,0.007332072897749285,"GARCH(1,1)",1,test
2023-06-14,TLT,-4.953180928407434,0.0070609129104490026,-4.7437700164953345,0.008705763368535315,"GARCH(1,1)",1,test
2023-06-15,GLD,-5.384436725070484,0.0045874235753224,-4.751829912846265,0.008635877831546006,"GARCH(1,1)",1,test
2023-06-15,SPY,-5.204942888289106,0.005489363938941302,-4.929651743800116,0.0072290203942223154,"GARCH(1,1)",1,test
2023-06-15,TLT,-5.21455440496016,0.005436855572679299,-4.732245423848881,0.00880667410572443,"GARCH(1,1)",1,test
2023-06-16,GLD,-5.728347552473831,0.0032524472940021008,-4.77741007475358,0.00841777216048672,"GARCH(1,1)",1,test
2023-06-16,SPY,-5.222369438217903,0.005394531961185399,-5.007124219248778,0.006690114972606586,"GARCH(1,1)",1,test
2023-06-16,TLT,-5.636935087126052,0.0035637743426743004,-4.737772649709951,0.008758131904294007,"GARCH(1,1)",1,test
2023-06-20,GLD,-4.983619266751596,0.006849228459155402,-4.782547943615714,0.008374633665875297,"GARCH(1,1)",1,test
2023-06-20,SPY,-5.533832030423839,0.0039508203802798994,-4.827882153371226,0.008003453416614558,"GARCH(1,1)",1,test
2023-06-20,TLT,-4.856585735343581,0.007776991320295403,-4.7305602608809565,0.00882152729830805,"GARCH(1,1)",1,test
2023-06-21,GLD,-5.320019853177099,0.004892656589497498,-4.8064797945621285,0.008176592380497012,"GARCH(1,1)",1,test
2023-06-21,SPY,-5.721588147167855,0.0032745063726360986,-4.815107432449443,0.00810635114596071,"GARCH(1,1)",1,test
2023-06-21,TLT,-5.022276605029105,0.006589507913013901,-4.757816543629942,0.008584332464962426,"GARCH(1,1)",1,test
2023-06-22,GLD,-5.201871337186436,0.005506250721832798,-4.78494609171386,0.008354574116575534,"GARCH(1,1)",1,test
2023-06-22,SPY,-5.471966919051941,0.004202957146040501,-4.844352214188685,0.007872715637029444,"GARCH(1,1)",1,test
2023-06-22,TLT,-5.130861441240782,0.0059114658991396025,-4.768859043252095,0.008490061428825843,"GARCH(1,1)",1,test
2023-06-23,GLD,-6.311964872745014,0.0018144645424146998,-4.808922863171167,0.008156640785804223,"GARCH(1,1)",1,test
2023-06-23,SPY,-5.23588376353423,0.005322118910201798,-4.869735924135335,0.007675391906047475,"GARCH(1,1)",1,test
2023-06-23,TLT,-5.463735464027876,0.0042376963798249016,-4.799689635672687,0.008232301665337238,"GARCH(1,1)",1,test
2023-06-26,GLD,-5.1866490098895355,0.0055907098740337014,-4.7908269752691535,0.008305586026854333,"GARCH(1,1)",1,test
2023-06-26,SPY,-5.13690743814048,0.005875833021319,-4.9372715526001105,0.007174145972813936,"GARCH(1,1)",1,test
2023-06-26,TLT,-4.861351883183291,0.007740013221457701,-4.758399631057873,0.008579328507639001,"GARCH(1,1)",1,test
2023-06-27,GLD,-5.534852348091274,0.003946791344242899,-4.812340564177695,0.008128811409712871,"GARCH(1,1)",1,test
2023-06-27,SPY,-5.397473035500159,0.004528008614895399,-4.883888153629908,0.0075675330203928345,"GARCH(1,1)",1,test
2023-06-27,TLT,-4.9899250471302725,0.006806174615432,-4.745950840091717,0.008686798321584107,"GARCH(1,1)",1,test
2023-06-28,GLD,-5.137034077448896,0.0058750889570037025,-4.835195445370497,0.00794513533328703,"GARCH(1,1)",1,test
2023-06-28,SPY,-5.7409195705409966,0.0032118134279082995,-4.921647896188089,0.007287112542068767,"GARCH(1,1)",1,test
2023-06-28,TLT,-5.1863505483926495,0.0055923787347042985,-4.779425404839829,0.00840082465413832,"GARCH(1,1)",1,test
2023-06-29,GLD,-5.434965608855423,0.0043613850115958004,-4.848914838706452,0.007836877212452163,"GARCH(1,1)",1,test
2023-06-29,SPY,-5.428276525968875,0.004390656467894201,-4.822267642810721,0.008048515272101743,"GARCH(1,1)",1,test
2023-06-29,TLT,-5.07640607784027,0.006242303101983497,-4.809132317607929,0.008154932520110724,"GARCH(1,1)",1,test
2023-06-30,GLD,-5.671158035989645,0.003443874835009099,-4.869588077298504,0.007676526772353353,"GARCH(1,1)",1,test
2023-06-30,SPY,-6.232351484085615,0.0019648262026018,-4.908161000900342,0.007386058804991508,"GARCH(1,1)",1,test
2023-06-30,TLT,-4.981984479265671,0.006860434649502801,-4.832128303702667,0.007969541598527632,"GARCH(1,1)",1,test
2023-07-03,GLD,-5.767884674144485,0.0031263638026607,-4.891729438869934,0.007508425876258691,"GARCH(1,1)",1,test
2023-07-03,SPY,-5.923612862428537,0.0026755164216924992,-4.967609115859388,0.006959768157745383,"GARCH(1,1)",1,test
2023-07-03,TLT,-4.909220895533868,0.007378234508098803,-4.703028581057659,0.00906777298799335,"GARCH(1,1)",1,test
2023-07-05,GLD,-5.404998903241549,0.004494059330078299,-4.89110961197558,0.007513081243162823,"GARCH(1,1)",1,test
2023-07-05,SPY,-5.320654181869664,0.004889554021167999,-4.825452219009013,0.008022924930757682,"GARCH(1,1)",1,test
2023-07-05,TLT,-5.190607959372969,0.005568620290689503,-4.680808362183551,0.009271516114004183,"GARCH(1,1)",1,test
2023-07-06,GLD,-5.287382843363662,0.005054972617877398,-4.912580743679935,0.007353486358858143,"GARCH(1,1)",1,test
2023-07-06,SPY,-4.966659759094618,0.0069663785980637995,-4.910917917461442,0.007365724100572096,"GARCH(1,1)",1,test
2023-07-06,TLT,-5.4494866331869884,0.0042985108372319,-4.686911629620134,0.009215101902247022,"GARCH(1,1)",1,test
2023-07-07,GLD,-6.124226382134793,0.002189184055150601,-4.927195123012393,0.007246801187388458,"GARCH(1,1)",1,test
2023-07-07,SPY,-5.822700815586541,0.0029596010042703988,-4.979668215214731,0.00687634364526,"GARCH(1,1)",1,test
2023-07-07,TLT,-5.444172924877945,0.004321412662907898,-4.684267286211162,0.0092395020431829,"GARCH(1,1)",1,test
2023-07-10,GLD,-6.081485825157133,0.0022847793470135995,-4.943215114479552,0.007131632458296861,"GARCH(1,1)",1,test
2023-07-10,SPY,-5.318754716709281,0.004898850384945498,-4.905380242504603,0.00740662623329604,"GARCH(1,1)",1,test
2023-07-10,TLT,-5.352848624596582,0.004734644546227,-4.639540099140027,0.00966214023248265,"GARCH(1,1)",1,test
2023-07-11,GLD,-6.081632376360571,0.0022844445343848997,-4.931980728381204,0.007212203707691004,"GARCH(1,1)",1,test
2023-07-11,SPY,-5.511490379680698,0.004040081638431502,-4.963517096977409,0.006988306009353617,"GARCH(1,1)",1,test
2023-07-11,TLT,-4.78402913433044,0.0083622384183791,-4.661469431840823,0.009452562295567703,"GARCH(1,1)",1,test
2023-07-12,GLD,-5.967339598163374,0.0025610457747021996,-4.952554290298238,0.007065338934177143,"GARCH(1,1)",1,test
2023-07-12,SPY,-5.521041443989839,0.004001678247455501,-5.030974637397778,0.00653244070588842,"GARCH(1,1)",1,test
2023-07-12,TLT,-5.202253242093784,0.005504148259157002,-4.696304487914942,0.009128950990951285,"GARCH(1,1)",1,test
2023-07-13,GLD,-5.499223770441334,0.004089944942778699,-4.964566461995989,0.006980976571788541,"GARCH(1,1)",1,test
2023-07-13,SPY,-5.473909000758218,0.0041948025808339,-5.025904677779825,0.006565644015069496,"GARCH(1,1)",1,test
2023-07-13,TLT,-5.496851170994998,0.004099660264611599,-4.719869326237433,0.008916343604483904,"GARCH(1,1)",1,test
2023-07-14,GLD,-5.703517036611526,0.0033342182442549,-4.884476919357529,0.007563078827674462,"GARCH(1,1)",1,test
2023-07-14,SPY,-5.573016829085053,0.003799002187053001,-4.97794811681467,0.006888181811449,"GARCH(1,1)",1,test
2023-07-14,TLT,-5.540410697475883,0.003924914554747202,-4.701532457497068,0.009081349650452581,"GARCH(1,1)",1,test
2023-07-17,GLD,-4.993548523170839,0.006781557231969301,-4.906493742376334,0.007398383545902648,"GARCH(1,1)",1,test
2023-07-17,SPY,-5.19395256017264,0.005550026590397601,-4.94636894424113,0.007109175934242117,"GARCH(1,1)",1,test
2023-07-17,TLT,-5.662925306790526,0.0034723443540416996,-4.6906159491079915,0.00918102936742719,"GARCH(1,1)",1,test
2023-07-18,GLD,-5.608683906538559,0.0036658908392388,-4.922478208636169,0.007281064473055496,"GARCH(1,1)",1,test
2023-07-18,SPY,-5.628491266635063,0.003593993617010299,-5.018147278658778,0.0066167743991725906,"GARCH(1,1)",1,test
2023-07-18,TLT,-5.046434296933588,0.0064322280195472014,-4.710602772802568,0.008999351382963715,"GARCH(1,1)",1,test
2023-07-19,GLD,-5.590978208066365,0.0037313760167274994,-4.943311126735571,0.007130947767045348,"GARCH(1,1)",1,test
2023-07-19,SPY,-5.295298934784985,0.0050151149590755995,-5.069856939703477,0.006283318969981194,"GARCH(1,1)",1,test
2023-07-19,TLT,-5.049220693796035,0.006414330226332301,-4.7449437532382115,0.008695551088631367,"GARCH(1,1)",1,test
2023-07-20,GLD,-5.80862810723937,0.003001545046949101,-4.893456905984337,0.007495466514135183,"GARCH(1,1)",1,test
2023-07-20,SPY,-6.243371984034421,0.0019432917139015004,-5.027280620121095,0.0065566162797174015,"GARCH(1,1)",1,test
2023-07-20,TLT,-5.4612930812580585,0.0042480591061674995,-4.769086228915613,0.008488132827670388,"GARCH(1,1)",1,test
2023-07-21,GLD,-5.592071644537599,0.0037272982239128986,-4.915462871632328,0.0073323231824165384,"GARCH(1,1)",1,test
2023-07-21,SPY,-5.492722251601046,0.004116622424985699,-5.090475263325882,0.006155093901518386,"GARCH(1,1)",1,test
2023-07-21,TLT,-5.4079055713870146,0.004481015557122998,-4.743120446132371,0.008711420211466338,"GARCH(1,1)",1,test
2023-07-24,GLD,-5.343276595762785,0.004780182296978501,-4.922550158372844,0.00728054062122967,"GARCH(1,1)",1,test
2023-07-24,SPY,-5.535729801723393,0.003943329736764801,-5.016900357388586,0.00662503014197195,"GARCH(1,1)",1,test
2023-07-24,TLT,-5.420792988716361,0.00442363736209,-4.710248780004972,0.00900253765246128,"GARCH(1,1)",1,test
2023-07-25,GLD,-5.3692850425996665,0.004657460005701602,-4.938292287032847,0.007166826811089688,"GARCH(1,1)",1,test
2023-07-25,SPY,-5.216733010485287,0.005425023702258302,-5.084743767388446,0.006190473088191213,"GARCH(1,1)",1,test
2023-07-25,TLT,-5.366065859129375,0.0046724773828427,-4.744620257810391,0.008698364514691616,"GARCH(1,1)",1,test
2023-07-26,GLD,-5.806158364597107,0.0030089672524402,-4.948219202031172,0.007096034287555238,"GARCH(1,1)",1,test
2023-07-26,SPY,-4.778345631124046,0.008409900542861996,-5.110666762616278,0.006032059630597096,"GARCH(1,1)",1,test
2023-07-26,TLT,-4.483436600151557,0.011294531593758103,-4.771920513399223,0.008464109105615646,"GARCH(1,1)",1,test
2023-07-27,GLD,-5.58622458426311,0.0037491558003,-4.950803809265512,0.007077717507038852,"GARCH(1,1)",1,test
2023-07-27,SPY,-4.816409156132139,0.008095805781758,-5.158988020036845,0.005747513111729763,"GARCH(1,1)",1,test
2023-07-27,TLT,-5.4378717845223115,0.0043487284605894004,-4.803209791902479,0.008203373622830804,"GARCH(1,1)",1,test
2023-07-28,GLD,-5.806973187200316,0.003006516476520001,-4.957336575611533,0.007031631131964645,"GARCH(1,1)",1,test
2023-07-28,SPY,-5.737450539539635,0.0032229746563910986,-5.211130548300016,0.00545550249081332,"GARCH(1,1)",1,test
2023-07-28,TLT,-5.435051925968036,0.0043610085656817016,-4.83514198548214,0.00794556009068857,"GARCH(1,1)",1,test
2023-07-31,GLD,-5.413301708811182,0.004456900503963101,-4.84521018286135,0.007865963990408882,"GARCH(1,1)",1,test
2023-07-31,SPY,-5.910087908802479,0.0027119484727647987,-5.09548274688208,0.006124349410529082,"GARCH(1,1)",1,test
2023-07-31,TLT,-5.141614959474207,0.005848237416428697,-4.684811452770133,0.009234475582889286,"GARCH(1,1)",1,test
2023-08-01,GLD,-5.458459177140734,0.004260114772592199,-4.839357676350847,0.007912134570900084,"GARCH(1,1)",1,test
2023-08-01,SPY,-5.3139122051676715,0.004922630656123601,-4.969042373376997,0.006949800162770725,"GARCH(1,1)",1,test
2023-08-01,TLT,-5.10720588843057,0.006052971996719902,-4.708663826726029,0.009016817567542117,"GARCH(1,1)",1,test
2023-08-02,GLD,-5.946559279737117,0.0026148219290823005,-4.859790941308077,0.007752104366542077,"GARCH(1,1)",1,test
2023-08-02,SPY,-5.2457842411092805,0.005269687368207698,-5.040340751355363,0.006471542755571251,"GARCH(1,1)",1,test
2023-08-02,TLT,-5.227388149110954,0.005367526188635199,-4.740308420123612,0.008735951426716841,"GARCH(1,1)",1,test
2023-08-03,GLD,-5.626279887081042,0.003601950095166399,-4.831565652105595,0.007974026935558673,"GARCH(1,1)",1,test
2023-08-03,SPY,-4.720411792357259,0.0089115081018325,-5.07445363169562,0.006254502768328986,"GARCH(1,1)",1,test
2023-08-03,TLT,-4.946617914429425,0.007107406181688101,-4.6243709463621565,0.009809824000787776,"GARCH(1,1)",1,test
2023-08-04,GLD,-5.738963681094155,0.0032181015273061993,-4.844913870269919,0.00786829511993744,"GARCH(1,1)",1,test
2023-08-04,SPY,-5.6294589154703605,0.0035905175753378005,-4.745977938800139,0.008686562923758773,"GARCH(1,1)",1,test
2023-08-04,TLT,-5.558578228146931,0.0038542523714316986,-4.618602598824284,0.009866573994395238,"GARCH(1,1)",1,test
2023-08-07,GLD,-5.672638364623523,0.003438780540025001,-4.8684224344324285,0.007685480078186563,"GARCH(1,1)",1,test
2023-08-07,SPY,-4.765282423492766,0.008520481518408502,-4.817821174932564,0.00808438241868927,"GARCH(1,1)",1,test
2023-08-07,TLT,-5.005979831534134,0.0066977754404274,-4.4833408125269765,0.011295613521927058,"GARCH(1,1)",1,test
2023-08-08,GLD,-5.718142457172967,0.0032858087675744986,-4.88476239095527,0.007560920091621259,"GARCH(1,1)",1,test
2023-08-08,SPY,-5.3144003856979145,0.004920228110165499,-4.858339972429742,0.007763360592961826,"GARCH(1,1)",1,test
2023-08-08,TLT,-5.948995185964712,0.0026084602194708997,-4.439300527230085,0.01180419234386781,"GARCH(1,1)",1,test
2023-08-09,GLD,-5.505619068503349,0.004063871986839601,-4.904303948184371,0.0074146022345354815,"GARCH(1,1)",1,test
2023-08-09,SPY,-4.548870260686824,0.010579149316134798,-4.837841541094737,0.00792413953534942,"GARCH(1,1)",1,test
2023-08-09,TLT,-4.712042792967071,0.008986401461816403,-4.4533791180114095,0.011639170314859835,"GARCH(1,1)",1,test
2023-08-10,GLD,-5.672346338773142,0.003439784899478801,-4.904576097014804,0.007412584633765523,"GARCH(1,1)",1,test
2023-08-10,SPY,-5.34387460897263,0.004777324539393,-4.878085171644551,0.007611574941831018,"GARCH(1,1)",1,test
2023-08-10,TLT,-5.310783294270849,0.0049380572504584995,-4.457417046958359,0.011592266932119868,"GARCH(1,1)",1,test
2023-08-11,GLD,-5.538889182720247,0.0039308909155645,-4.91409251923376,0.007342377936781561,"GARCH(1,1)",1,test
2023-08-11,SPY,-5.649197457396549,0.0035203408650571017,-4.863448965185594,0.007723798786475542,"GARCH(1,1)",1,test
2023-08-11,TLT,-4.876157428122694,0.007626262258257396,-4.48938851447161,0.011227507169106518,"GARCH(1,1)",1,test
2023-08-14,GLD,-5.435000634919275,0.0043612322521211985,-4.934798601978504,0.007191909236341111,"GARCH(1,1)",1,test
2023-08-14,SPY,-5.291454817053698,0.005034430753722398,-4.945661323473954,0.007114208315069303,"GARCH(1,1)",1,test
2023-08-14,TLT,-5.393538759409735,0.004545858140383201,-4.452934012065838,0.011644352131911735,"GARCH(1,1)",1,test
2023-08-15,GLD,-5.480578165230435,0.004166919833155699,-4.9554759321610184,0.007044726669661939,"GARCH(1,1)",1,test
2023-08-15,SPY,-5.068539917870358,0.006291599689996699,-5.017506188795453,0.006621017706193034,"GARCH(1,1)",1,test
2023-08-15,TLT,-4.895220590931342,0.007482258523464298,-4.490670106730973,0.011213127299359747,"GARCH(1,1)",1,test
2023-08-16,GLD,-5.316098385482942,0.004911880652888102,-4.969994697337307,0.006943184852015784,"GARCH(1,1)",1,test
2023-08-16,SPY,-5.112372143917617,0.0060217814355063995,-5.034373676970938,0.006510274374879425,"GARCH(1,1)",1,test
2023-08-16,TLT,-5.414174422350911,0.004453012603306602,-4.52769539089482,0.010805549968274153,"GARCH(1,1)",1,test
2023-08-17,GLD,-5.67309287848614,0.0034372179217417994,-4.985240291043991,0.006838134687504896,"GARCH(1,1)",1,test
2023-08-17,SPY,-5.132003150281473,0.005904720576409502,-4.81233599030008,0.008128848589986437,"GARCH(1,1)",1,test
2023-08-17,TLT,-5.063689554586583,0.006322190362092598,-4.55388443539357,0.010526236381425526,"GARCH(1,1)",1,test
2023-08-18,GLD,-5.537385506477407,0.003936806149030898,-4.983552910024903,0.006849682966615971,"GARCH(1,1)",1,test
2023-08-18,SPY,-4.918487959053638,0.007310175779592799,-4.798626990583283,0.008241054329940795,"GARCH(1,1)",1,test
2023-08-18,TLT,-5.536258154876418,0.0039412468163722006,-4.571306675004085,0.01034443406929513,"GARCH(1,1)",1,test
2023-08-21,GLD,-5.610538102734448,0.0036590998562432,-5.001248466461959,0.006729540147162946,"GARCH(1,1)",1,test
2023-08-21,SPY,-5.5403670210325595,0.003925085984799002,-4.78194315348053,0.008379700093610526,"GARCH(1,1)",1,test
2023-08-21,TLT,-5.331141554554183,0.0048385433971321985,-4.602203560334241,0.01002971030442445,"GARCH(1,1)",1,test
2023-08-22,GLD,-5.491889541841573,0.004120051804295699,-5.019848223706497,0.006605529195974017,"GARCH(1,1)",1,test
2023-08-22,SPY,-5.29357384907264,0.005023773928822399,-4.8699947814022595,0.00767340533220673,"GARCH(1,1)",1,test
2023-08-22,TLT,-5.193465714735793,0.0055527292533536984,-4.634337432886993,0.009712540116606232,"GARCH(1,1)",1,test
2023-08-23,GLD,-5.463238557117031,0.0042398026437073,-5.032752493128164,0.006520837286405267,"GARCH(1,1)",1,test
2023-08-23,SPY,-4.871581322195536,0.0076612408139277,-4.894097585118492,0.007490665863141491,"GARCH(1,1)",1,test
2023-08-23,TLT,-5.363340370579278,0.004685229536480698,-4.605285949543587,0.009998842431448461,"GARCH(1,1)",1,test
2023-08-24,GLD,-4.966150080461143,0.006969930117377802,-5.048435977482454,0.006419365631325431,"GARCH(1,1)",1,test
2023-08-24,SPY,-4.60494475555784,0.010002254558416003,-4.951085144880645,0.007075726573103713,"GARCH(1,1)",1,test
2023-08-24,TLT,-5.039502204633994,0.006476971722434199,-4.620963234445447,0.009843310077983485,"GARCH(1,1)",1,test
2023-08-25,GLD,-5.394039916609616,0.0045435805216167005,-4.996525950012589,0.006761395671118666,"GARCH(1,1)",1,test
2023-08-25,SPY,-5.2135329694635395,0.005442411807135702,-4.837078865207856,0.007930185390718308,"GARCH(1,1)",1,test
2023-08-25,TLT,-5.240850605820939,0.0052957503234579,-4.471719472098518,0.011427649423079915,"GARCH(1,1)",1,test
2023-08-28,GLD,-5.399643834393225,0.004518189879911699,-5.015360263030056,0.0066352411744771845,"GARCH(1,1)",1,test
2023-08-28,SPY,-5.0570281553235885,0.006364445579494701,-4.638974592218074,0.009667605784923214,"GARCH(1,1)",1,test
2023-08-28,TLT,-4.8717791475316705,0.0076597253762894,-4.498016312208523,0.011131055190556996,"GARCH(1,1)",1,test
2023-08-29,GLD,-6.151791884953019,0.0021296622392583,-5.032457471939961,0.006522761355376187,"GARCH(1,1)",1,test
2023-08-29,SPY,-5.511712810363655,0.0040391831002484,-4.690053066051755,0.009186198668016296,"GARCH(1,1)",1,test
2023-08-29,TLT,-5.569875085211212,0.0038109564476804993,-4.532895051711008,0.01074951059263845,"GARCH(1,1)",1,test
2023-08-30,GLD,-6.326204118891294,0.0017888110120873996,-5.044448829471902,0.006445011685563093,"GARCH(1,1)",1,test
2023-08-30,SPY,-5.578459358575775,0.0037783821690417006,-4.744086256388095,0.008703010694136919,"GARCH(1,1)",1,test
2023-08-30,TLT,-5.40681157074585,0.004485920473517201,-4.569917881534681,0.010358810332294653,"GARCH(1,1)",1,test
2023-08-31,GLD,-5.141428747921597,0.0058493265271974005,-4.998358492091718,0.006749016475200739,"GARCH(1,1)",1,test
2023-08-31,SPY,-5.180987403861552,0.0056224520417934,-4.617273536577429,0.00987969600344884,"GARCH(1,1)",1,test
2023-08-31,TLT,-5.050428254743038,0.006406589206467103,-4.572060361076939,0.010336640550707684,"GARCH(1,1)",1,test
2023-09-01,GLD,-6.1852552087265105,0.0020595758638245003,-5.013301755778312,0.006648913934461565,"GARCH(1,1)",1,test
2023-09-01,SPY,-6.146923052953463,0.0021400564903147,-4.701868312365928,0.009078300147080599,"GARCH(1,1)",1,test
2023-09-01,TLT,-5.709024964999468,0.0033159040917560985,-4.608439972059366,0.009967355538574741,"GARCH(1,1)",1,test
2023-09-05,GLD,-5.32021711524561,0.004891691549124199,-5.0298272457590585,0.006539940275383682,"GARCH(1,1)",1,test
2023-09-05,SPY,-4.990051473846072,0.006805314187519897,-4.7879613095671365,0.00832942119536782,"GARCH(1,1)",1,test
2023-09-05,TLT,-5.436706098010726,0.0043538006704274,-4.637533421827216,0.009681548496629352,"GARCH(1,1)",1,test
2023-09-06,GLD,-6.4582201812597235,0.0015675832430397997,-5.047552990478309,0.006425036350970182,"GARCH(1,1)",1,test
2023-09-06,SPY,-5.5904491061106105,0.0037333508174650005,-4.873511886760744,0.007646464561730613,"GARCH(1,1)",1,test
2023-09-06,TLT,-5.830399811418539,0.0029369025382916013,-4.553805689758796,0.010527065309227954,"GARCH(1,1)",1,test
2023-09-07,GLD,-5.414757907891329,0.004450415092719901,-5.018371381432596,0.006615291727817594,"GARCH(1,1)",1,test
2023-09-07,SPY,-5.521586709257727,0.0039994968660637,-4.908607501909672,0.00738276165842452,"GARCH(1,1)",1,test
2023-09-07,TLT,-5.210317561172899,0.0054599395475009,-4.529551253654946,0.010785514947360393,"GARCH(1,1)",1,test
2023-09-08,GLD,-5.973141072194045,0.002546230949612399,-5.0228179122830285,0.0065859419298141585,"GARCH(1,1)",1,test
2023-09-08,SPY,-5.620833196281733,0.0036216223292638004,-4.885873084655098,0.007552526887313015,"GARCH(1,1)",1,test
2023-09-08,TLT,-5.731541930373019,0.0032420743246604,-4.564985991044353,0.010410025039316647,"GARCH(1,1)",1,test
2023-09-11,GLD,-6.109088111496114,0.0022225766310765994,-5.040292832248591,0.006471852873549766,"GARCH(1,1)",1,test
2023-09-11,SPY,-5.342386217786591,0.004784440361380001,-4.938966891158142,0.007161993670569214,"GARCH(1,1)",1,test
2023-09-11,TLT,-5.418746487607776,0.004432699610643499,-4.599184674230722,0.010060034607262533,"GARCH(1,1)",1,test
2023-09-12,GLD,-6.053440916445479,0.002349762742772001,-5.05787263413415,0.006359073208807721,"GARCH(1,1)",1,test
2023-09-12,SPY,-5.485509060077344,0.004146423763133899,-5.013846717692405,0.0066452915167267024,"GARCH(1,1)",1,test
2023-09-12,TLT,-5.303383380630946,0.004974733982622,-4.630251661063747,0.009752304518165196,"GARCH(1,1)",1,test
2023-09-13,GLD,-5.690500253009635,0.0033779027406287006,-5.072444197699593,0.006267083414575842,"GARCH(1,1)",1,test
2023-09-13,SPY,-5.302905259513701,0.004977113076694001,-5.007705381227255,0.006686228061724681,"GARCH(1,1)",1,test
2023-09-13,TLT,-5.208985278918995,0.005467218575850899,-4.646519926716916,0.009594934973039676,"GARCH(1,1)",1,test
2023-09-14,GLD,-5.823468100969181,0.0029573310166569,-5.06906377294134,0.006288304666727181,"GARCH(1,1)",1,test
2023-09-14,SPY,-5.3031065613849435,0.004976111275353903,-4.991582685910407,0.006794901782169143,"GARCH(1,1)",1,test
2023-09-14,TLT,-6.162108349104731,0.0021078045957672003,-4.669296070953075,0.009378869262361917,"GARCH(1,1)",1,test
2023-09-15,GLD,-5.638434434218103,0.0035584350117322996,-5.081813590567988,0.006208638870421389,"GARCH(1,1)",1,test
2023-09-15,SPY,-5.585174008077913,0.0037530966438141006,-5.062483621666098,0.006329819098527497,"GARCH(1,1)",1,test
2023-09-15,TLT,-5.717733660691202,0.003287152269229101,-4.704485744975088,0.009054569378631677,"GARCH(1,1)",1,test
2023-09-18,GLD,-6.1290531655446,0.0021786427985191993,-5.098007067806555,0.006108909083532613,"GARCH(1,1)",1,test
2023-09-18,SPY,-5.228075927655417,0.0053638357885202985,-4.986530616512153,0.006829316958256614,"GARCH(1,1)",1,test
2023-09-18,TLT,-5.425581077462016,0.004402507220686599,-4.716427886526601,0.008947081524451941,"GARCH(1,1)",1,test
2023-09-19,GLD,-5.246825125859868,0.005264205084693401,-5.080219866316304,0.0062185416177874,"GARCH(1,1)",1,test
2023-09-19,SPY,-5.123160649691246,0.005957164598022301,-4.655636620170485,0.009507858420408813,"GARCH(1,1)",1,test
2023-09-19,TLT,-5.514455506077384,0.0040281200283274,-4.7342163400601125,0.008789333982540528,"GARCH(1,1)",1,test
2023-09-20,GLD,-5.774314084541238,0.0031063276062089,-5.070846006911745,0.006277107417556678,"GARCH(1,1)",1,test
2023-09-20,SPY,-5.371998666951186,0.004644838541515301,-4.751242381285219,0.008640953173145066,"GARCH(1,1)",1,test
2023-09-20,TLT,-5.679637357859406,0.0034147965680208997,-4.753430772108488,0.008622064066428969,"GARCH(1,1)",1,test
2023-09-21,GLD,-6.3552251232757815,0.0017376439704355,-5.087106828762271,0.006175861890728129,"GARCH(1,1)",1,test
2023-09-21,SPY,-5.106416100862915,0.006057754447061597,-4.8293029018814435,0.007992090595862979,"GARCH(1,1)",1,test
2023-09-21,TLT,-5.12576010755461,0.005941699309056602,-4.76104215496336,0.00855668735503318,"GARCH(1,1)",1,test
2023-09-22,GLD,-5.669906913995465,0.0034481862390442,-5.103125674930975,0.006077719868740515,"GARCH(1,1)",1,test
2023-09-22,SPY,-5.570613202210635,0.003808144553823399,-4.7666056333138025,0.008509214589482813,"GARCH(1,1)",1,test
2023-09-22,TLT,-5.086236644127188,0.006181238369779301,-4.789932724586956,0.008313016624738333,"GARCH(1,1)",1,test
2023-09-25,GLD,-5.680547856072462,0.0034116888168634007,-5.077529247617432,0.00623529587169075,"GARCH(1,1)",1,test
2023-09-25,SPY,-5.047582536998827,0.006424846516306299,-4.526587179348436,0.01081753144129116,"GARCH(1,1)",1,test
2023-09-25,TLT,-5.104487992844164,0.006069445719382599,-4.5577151526239055,0.010485990480896261,"GARCH(1,1)",1,test
2023-09-26,GLD,-5.283340234163145,0.005075449258331398,-5.086654075402227,0.006178658666027254,"GARCH(1,1)",1,test
2023-09-26,SPY,-4.730449929477645,0.008822500643488504,-4.619527781725669,0.009857449830251528,"GARCH(1,1)",1,test
2023-09-26,TLT,-4.680884342822363,0.009270811685048898,-4.573629403639302,0.010320434638939207,"GARCH(1,1)",1,test
2023-09-27,GLD,-4.959177876659781,0.007018695694862098,-5.082638113096917,0.0062035218176512835,"GARCH(1,1)",1,test
2023-09-27,SPY,-4.864021500817406,0.007719377902135001,-4.70292598872437,0.009068703319703551,"GARCH(1,1)",1,test
2023-09-27,TLT,-4.530833625512355,0.0107716927710034,-4.435800792466955,0.011845576260290118,"GARCH(1,1)",1,test
2023-09-28,GLD,-4.964424994010385,0.006981964226340799,-5.051454954002227,0.006400014941548858,"GARCH(1,1)",1,test
2023-09-28,SPY,-4.867605245604355,0.0076917631335165,-4.543312185559565,0.010638112732573137,"GARCH(1,1)",1,test
2023-09-28,TLT,-4.600963539743347,0.010042155066008298,-4.47105798454729,0.011435211171638617,"GARCH(1,1)",1,test
2023-09-29,GLD,-5.688805686591735,0.0033836316738338995,-4.966655385728661,0.006966409064653427,"GARCH(1,1)",1,test
2023-09-29,SPY,-4.992373830166363,0.0067895281605896,-4.643685002197996,0.009622174482185173,"GARCH(1,1)",1,test
2023-09-29,TLT,-4.881637976887124,0.007584580479901001,-4.501394763096551,0.011093512920330595,"GARCH(1,1)",1,test
2023-10-02,GLD,-5.1938271372129075,0.005550722734814498,-4.97230799332174,0.006927141773727057,"GARCH(1,1)",1,test
2023-10-02,SPY,-4.5224845235827935,0.010862003212835501,-4.709438921851493,0.009009831384026465,"GARCH(1,1)",1,test
2023-10-02,TLT,-4.480426701408862,0.0113285782029208,-4.53575885829866,0.010718770111794538,"GARCH(1,1)",1,test
2023-10-03,GLD,-5.572795733723459,0.003799842221675701,-4.930002260767398,0.007226486943951909,"GARCH(1,1)",1,test
2023-10-03,SPY,-4.933865881209787,0.007198620408790998,-4.78784769735112,0.008330367573126978,"GARCH(1,1)",1,test
2023-10-03,TLT,-4.978212366933926,0.006886361849057101,-4.572197040310265,0.01033522784314813,"GARCH(1,1)",1,test
2023-10-04,GLD,-5.83749300810098,0.0029161442194047993,-4.891220967288437,0.007512244668229868,"GARCH(1,1)",1,test
2023-10-04,SPY,-4.959922644435218,0.0070134703425615025,-4.873016776574951,0.007650251341579712,"GARCH(1,1)",1,test
2023-10-04,TLT,-5.509315265893636,0.004048878839692601,-4.490147456688848,0.01121898937258808,"GARCH(1,1)",1,test
2023-10-05,GLD,-4.96810673162414,0.0069563057289421006,-4.910299996942515,0.007370276939131911,"GARCH(1,1)",1,test
2023-10-05,SPY,-4.301390599359213,0.013549703695867003,-4.674189634091415,0.009333085288209973,"GARCH(1,1)",1,test
2023-10-05,TLT,-4.353004617034493,0.012868090752801898,-4.408299120761328,0.012175870412757207,"GARCH(1,1)",1,test
2023-10-06,GLD,-5.450275808985661,0.004295119894709701,-4.933040991898827,0.007204560923616608,"GARCH(1,1)",1,test
2023-10-06,SPY,-4.984374237353908,0.006844059444492797,-4.716363911156225,0.00894765393561616,"GARCH(1,1)",1,test
2023-10-06,TLT,-4.413323065294683,0.0121148529177536,-4.401033331834369,0.012264659889364427,"GARCH(1,1)",1,test
2023-10-09,GLD,-5.708814007538205,0.0033166036802542,-4.953063913480476,0.00706173919100011,"GARCH(1,1)",1,test
2023-10-09,SPY,-4.923557681713696,0.007273209000629398,-4.8059354021166945,0.008181044867458518,"GARCH(1,1)",1,test
2023-10-09,TLT,-4.407365306469345,0.0121872457249539,-4.433684863115351,0.01187066719875116,"GARCH(1,1)",1,test
2023-10-10,GLD,-5.661891571318897,0.003475935695498899,-4.95841596260048,0.007024045375529628,"GARCH(1,1)",1,test
2023-10-10,SPY,-5.213479743626139,0.005442701491770901,-4.723325202675894,0.008885583005732863,"GARCH(1,1)",1,test
2023-10-10,TLT,-5.211735642808482,0.005452202394750899,-4.4352972891060745,0.011851542049520165,"GARCH(1,1)",1,test
2023-10-11,GLD,-5.86570545170272,0.0028350223685208995,-4.8083109242561415,0.008161633679234032,"GARCH(1,1)",1,test
2023-10-11,SPY,-4.736461247524236,0.008769624871920402,-4.7715474445413,0.008467267390225203,"GARCH(1,1)",1,test
2023-10-11,TLT,-4.4472143751233935,0.011711144430296697,-4.351177718303785,0.01289162093855362,"GARCH(1,1)",1,test
2023-10-12,GLD,-5.02111055215188,0.0065971961092259,-4.832817048317997,0.007964054509483426,"GARCH(1,1)",1,test
2023-10-12,SPY,-4.676428019646026,0.009312217608590103,-4.830032327362509,0.0079862630869605,"GARCH(1,1)",1,test
2023-10-12,TLT,-5.233806050010182,0.0053331882441084,-4.389996625722501,0.012400771064015574,"GARCH(1,1)",1,test
2023-10-13,GLD,-5.772700137694464,0.003111345101750401,-4.8328890480130635,0.007963481120629409,"GARCH(1,1)",1,test
2023-10-13,SPY,-5.328027038261248,0.0048536366112066,-4.895288194210047,0.007481752715353331,"GARCH(1,1)",1,test
2023-10-13,TLT,-5.557681420294065,0.0038577104456075984,-4.336937826800012,0.01307650949430015,"GARCH(1,1)",1,test
2023-10-16,GLD,-5.393574595258116,0.0045456952386189985,-4.853238709748167,0.007803064719125588,"GARCH(1,1)",1,test
2023-10-16,SPY,-4.825636001941289,0.008021450589571998,-4.890916835237026,0.0075145297300741746,"GARCH(1,1)",1,test
2023-10-16,TLT,-4.7085834329481235,0.0090175424927104,-4.235534000487876,0.014472080036188455,"GARCH(1,1)",1,test
2023-10-17,GLD,-4.724670235466402,0.008873639639137799,-4.522412736468238,0.010862782992693186,"GARCH(1,1)",1,test
2023-10-17,SPY,-4.808790009534968,0.008157724497177698,-4.9110310163723,0.007364891092305694,"GARCH(1,1)",1,test
2023-10-17,TLT,-4.927404124775944,0.007245286751425596,-4.223400509445007,0.01464874651281355,"GARCH(1,1)",1,test
2023-10-18,GLD,-4.915932609583708,0.007328879720771602,-4.549421384805958,0.010573320498135383,"GARCH(1,1)",1,test
2023-10-18,SPY,-4.639025749195586,0.009667111232081504,-4.829530705916112,0.007990270172737542,"GARCH(1,1)",1,test
2023-10-18,TLT,-4.337694413704822,0.013066619720164702,-4.220680247418818,0.014688649189946234,"GARCH(1,1)",1,test
2023-10-19,GLD,-4.8037412254720175,0.008199015232904101,-4.581071279300785,0.010243916320630462,"GARCH(1,1)",1,test
2023-10-19,SPY,-5.150620181615964,0.005795809157715202,-4.912409143220101,0.007354748328772917,"GARCH(1,1)",1,test
2023-10-19,TLT,-5.071148566804748,0.0062752085038901,-4.2409794246698835,0.014393487600376724,"GARCH(1,1)",1,test
2023-10-20,GLD,-5.905913702129613,0.0027232923655815004,-4.553240868308603,0.010533012901027783,"GARCH(1,1)",1,test
2023-10-20,SPY,-4.501246370911363,0.011095159233101204,-4.697150634972254,0.009121229823016382,"GARCH(1,1)",1,test
2023-10-20,TLT,-4.035695843436264,0.017673377929450104,-4.2679266307505666,0.014010802626226154,"GARCH(1,1)",1,test
2023-10-23,GLD,-5.124218338316351,0.005950867103770201,-4.54412466122776,0.010629473035069682,"GARCH(1,1)",1,test
2023-10-23,SPY,-5.010075817498534,0.0066703975542262975,-4.680535879021451,0.009274042790255116,"GARCH(1,1)",1,test
2023-10-23,TLT,-4.811302757679573,0.008137251922067596,-4.233739015206368,0.014498080535121596,"GARCH(1,1)",1,test
2023-10-24,GLD,-4.7484298854432465,0.008665290025621103,-4.574349602061397,0.010313004554085759,"GARCH(1,1)",1,test
2023-10-24,SPY,-5.2612105948092935,0.005189019115207201,-4.590318655753844,0.010149623622044556,"GARCH(1,1)",1,test
2023-10-24,TLT,-4.917058817588397,0.007320630523792402,-4.268785409272273,0.013998775614867558,"GARCH(1,1)",1,test
2023-10-25,GLD,-5.135320878285709,0.005885162781258199,-4.602237780344468,0.010029367093507631,"GARCH(1,1)",1,test
2023-10-25,SPY,-4.849297489752719,0.007833878996859098,-4.681628578153261,0.00926391458629742,"GARCH(1,1)",1,test
2023-10-25,TLT,-4.884595170085309,0.007562184540974897,-4.2829505908533285,0.013801878252134333,"GARCH(1,1)",1,test
2023-10-26,GLD,-4.880737349659682,0.0075914144365517,-4.632755145164399,0.009727920314328089,"GARCH(1,1)",1,test
2023-10-26,SPY,-4.8806486424336,0.007592087879737601,-4.718651805079959,0.008927206052758135,"GARCH(1,1)",1,test
2023-10-26,TLT,-4.582929736102713,0.010224896124247101,-4.291045939648715,0.013690598266524695,"GARCH(1,1)",1,test
2023-10-27,GLD,-5.684996313974925,0.0033965457693617995,-4.656764240838413,0.009497143205230667,"GARCH(1,1)",1,test
2023-10-27,SPY,-4.9655205293618465,0.0069743194260472995,-4.562532153427686,0.010435600917040619,"GARCH(1,1)",1,test
2023-10-27,TLT,-4.552649681663229,0.0105392417186059,-4.240403277002074,0.01440178276407947,"GARCH(1,1)",1,test
2023-10-30,GLD,-4.623751491371709,0.009815902627744,-4.684950027380129,0.009233196007697236,"GARCH(1,1)",1,test
2023-10-30,SPY,-5.006998238901659,0.006690957848704902,-4.516285035736781,0.01092955123496498,"GARCH(1,1)",1,test
2023-10-30,TLT,-4.777233185113327,0.008419261308879497,-4.241303270345288,0.014388827086347745,"GARCH(1,1)",1,test
2023-10-31,GLD,-4.726262278190531,0.008859523665312003,-4.667625410861371,0.009394551260940935,"GARCH(1,1)",1,test
2023-10-31,SPY,-5.060391564891036,0.006343075300986703,-4.591688111766465,0.010135733671958119,"GARCH(1,1)",1,test
2023-10-31,TLT,-5.3207012927664135,0.0048893236753193015,-4.278591307446198,0.013862175882728308,"GARCH(1,1)",1,test
2023-11-01,GLD,-5.809436224011559,0.0029991204278738,-4.685194118251782,0.00923094254387174,"GARCH(1,1)",1,test
2023-11-01,SPY,-5.554476604282512,0.0038700935299664017,-4.569293547769803,0.01036527970666336,"GARCH(1,1)",1,test
2023-11-01,TLT,-4.767507964779811,0.0085015399204761,-4.31485140404769,0.013368535848856935,"GARCH(1,1)",1,test
2023-11-02,GLD,-5.483714952971848,0.0041538695687588995,-4.702682434172985,0.009070912312666456,"GARCH(1,1)",1,test
2023-11-02,SPY,-5.32830926757482,0.0048522669659636,-4.636928708576894,0.00968740482781097,"GARCH(1,1)",1,test
2023-11-02,TLT,-4.787662314996063,0.008331912019438299,-4.34981048906576,0.012909258794374875,"GARCH(1,1)",1,test
2023-11-03,GLD,-6.146373492511513,0.0021412329039309005,-4.726716294615256,0.008855502209025392,"GARCH(1,1)",1,test
2023-11-03,SPY,-5.520567460711882,0.0040035754256084015,-4.628265089190457,0.009771697428347912,"GARCH(1,1)",1,test
2023-11-03,TLT,-5.421614521266669,0.004420004692388798,-4.322406798176972,0.013267911897062244,"GARCH(1,1)",1,test
2023-11-06,GLD,-5.715307223283089,0.003295138023009099,-4.74971687811072,0.008654145034196049,"GARCH(1,1)",1,test
2023-11-06,SPY,-5.366209009750951,0.004671808562673199,-4.436303253371835,0.011839625816381448,"GARCH(1,1)",1,test
2023-11-06,TLT,-5.023970835381501,0.006578353220677698,-4.266020553443198,0.014037533766887185,"GARCH(1,1)",1,test
2023-11-07,GLD,-5.516280437158678,0.004020775690382099,-4.771094406574605,0.008471104252883737,"GARCH(1,1)",1,test
2023-11-07,SPY,-5.259279784114585,0.005199047807447401,-4.486767485557575,0.011256973389067637,"GARCH(1,1)",1,test
2023-11-07,TLT,-5.215792500133552,0.005430128393339802,-4.2977369749015,0.013599299772232423,"GARCH(1,1)",1,test
2023-11-08,GLD,-5.274126363853998,0.005122429893930501,-4.771751209236805,0.008465542235832423,"GARCH(1,1)",1,test
2023-11-08,SPY,-5.301417810335204,0.004984521788126099,-4.586488196402169,0.01018857589769086,"GARCH(1,1)",1,test
2023-11-08,TLT,-4.174592197607971,0.015381462973598693,-4.319113796608984,0.013311675168456966,"GARCH(1,1)",1,test
2023-11-09,GLD,-5.527331924970185,0.003976584774304201,-4.790462889684784,0.008308610521550498,"GARCH(1,1)",1,test
2023-11-09,SPY,-4.665383149628529,0.009415639933353898,-4.679435676300838,0.009284251732287153,"GARCH(1,1)",1,test
2023-11-09,TLT,-5.29442189349104,0.005019515351369401,-4.316329709069475,0.013348787675685899,"GARCH(1,1)",1,test
2023-11-10,GLD,-5.281813678640253,0.005083203130280101,-4.773626326069976,0.008449683228476692,"GARCH(1,1)",1,test
2023-11-10,SPY,-5.408865283596026,0.004476717134738199,-4.772614210699228,0.008458239612043433,"GARCH(1,1)",1,test
2023-11-10,TLT,-4.909800728871444,0.0073739576018248005,-4.300574041971885,0.0135607723249864,"GARCH(1,1)",1,test
2023-11-13,GLD,-5.485984181636333,0.004144454175745099,-4.793019589992805,0.008287395026858371,"GARCH(1,1)",1,test
2023-11-13,SPY,-5.24078283237569,0.0052961092468651,-4.7587822087052345,0.008576046876102073,"GARCH(1,1)",1,test
2023-11-13,TLT,-5.019921954802048,0.006605042181023999,-4.2425000253556595,0.014371617485330905,"GARCH(1,1)",1,test
2023-11-14,GLD,-5.772712319407522,0.003111307200467999,-4.767916148131651,0.008498070441555493,"GARCH(1,1)",1,test
2023-11-14,SPY,-5.519078529175019,0.004009540915320599,-4.597440607526284,0.010077595287714302,"GARCH(1,1)",1,test
2023-11-14,TLT,-5.175125006620891,0.005655509893581702,-4.277261905595363,0.013880616539809366,"GARCH(1,1)",1,test
2023-11-15,GLD,-5.275443125374158,0.0051156893141984,-4.781335291642353,0.008384795341959418,"GARCH(1,1)",1,test
2023-11-15,SPY,-5.633221194968786,0.003577034424271,-4.691323527532635,0.009174535366909053,"GARCH(1,1)",1,test
2023-11-15,TLT,-5.270130552571607,0.0051429391052746016,-4.316240380584227,0.013349980155929298,"GARCH(1,1)",1,test
2023-11-16,GLD,-6.02170926679709,0.0024255201886894005,-4.774401056428762,0.008443139537482795,"GARCH(1,1)",1,test
2023-11-16,SPY,-5.726909397480582,0.003257128182433,-4.463922059937041,0.011517103818832763,"GARCH(1,1)",1,test
2023-11-16,TLT,-5.09146747841943,0.006148989753261899,-4.261980095083522,0.014094366575525508,"GARCH(1,1)",1,test
2023-11-17,GLD,-5.726051079582926,0.003259925033969101,-4.79735905366482,0.008251510094196756,"GARCH(1,1)",1,test
2023-11-17,SPY,-5.28720018894971,0.005055896015267198,-4.564847988837723,0.010411461744875138,"GARCH(1,1)",1,test
2023-11-17,TLT,-5.338144808035013,0.004804776229272699,-4.266425273737489,0.01403185364159846,"GARCH(1,1)",1,test
2023-11-20,GLD,-5.538638020697926,0.0039318783300717,-4.769879003887853,0.008481406315061283,"GARCH(1,1)",1,test
2023-11-20,SPY,-5.688494108971607,0.0033846861019978,-4.662898557676623,0.009439063042939516,"GARCH(1,1)",1,test
2023-11-20,TLT,-4.94567051753807,0.007114142906882601,-4.278832097735401,0.013858838407220499,"GARCH(1,1)",1,test
2023-11-21,GLD,-5.376704830089094,0.004623030529870201,-4.795942284646537,0.008263208863322246,"GARCH(1,1)",1,test
2023-11-21,SPY,-5.554986054310684,0.003868122412844,-4.756209897178413,0.008598135537615684,"GARCH(1,1)",1,test
2023-11-21,TLT,-4.945653451093449,0.007114264321044599,-4.314585964399762,0.01337208485930918,"GARCH(1,1)",1,test
2023-11-22,GLD,-6.099805169434566,0.0022433047412429995,-4.820098449853709,0.008065993004177747,"GARCH(1,1)",1,test
2023-11-22,SPY,-6.764197530005039,0.0011543734727695004,-4.778431830908733,0.00840917564248954,"GARCH(1,1)",1,test
2023-11-22,TLT,-5.791054549880336,0.0030547590814409987,-4.3467299140786855,0.012949088051126443,"GARCH(1,1)",1,test
2023-11-24,GLD,-5.736483537285528,0.0032260927875256986,-4.794198683814552,0.008277629169146495,"GARCH(1,1)",1,test
2023-11-24,SPY,-6.1284566940842,0.0021799426844047996,-4.852402117605272,0.007809595433151236,"GARCH(1,1)",1,test
2023-11-24,TLT,-5.196805567144608,0.005534214892008599,-4.386217003010371,0.012447729987581264,"GARCH(1,1)",1,test
2023-11-27,GLD,-5.21276894472121,0.005446571533278799,-4.811514461377609,0.008135529418080508,"GARCH(1,1)",1,test
2023-11-27,SPY,-5.48560351853618,0.004146032116833,-4.917765882572829,0.00731545619179512,"GARCH(1,1)",1,test
2023-11-27,TLT,-5.46657175263744,0.004225694078892799,-4.422615583093183,0.012002796879099671,"GARCH(1,1)",1,test
2023-11-28,GLD,-5.684655292691457,0.003397704261283399,-4.824480682373249,0.00803072328383336,"GARCH(1,1)",1,test
2023-11-28,SPY,-5.22794267989607,0.0053645505552401,-4.99495256148535,0.006772042346978183,"GARCH(1,1)",1,test
2023-11-28,TLT,-5.095603938611211,0.006123607235007897,-4.426869027673587,0.011951852070032468,"GARCH(1,1)",1,test
2023-11-29,GLD,-5.6361409858973515,0.0035666054642084005,-4.828611335888538,0.007997619565534641,"GARCH(1,1)",1,test
2023-11-29,SPY,-5.265980345443027,0.005164327720703102,-5.050578890088646,0.006405624220370151,"GARCH(1,1)",1,test
2023-11-29,TLT,-4.796722020752837,0.008256768252332401,-4.399463488393427,0.01228392860572396,"GARCH(1,1)",1,test
2023-11-30,GLD,-4.713923857772967,0.008969513347093798,-4.776911258853315,0.00842197212650301,"GARCH(1,1)",1,test
2023-11-30,SPY,-5.246893028802078,0.0052638476418156,-5.115554489226366,0.006002648507543686,"GARCH(1,1)",1,test
2023-11-30,TLT,-4.651203054213863,0.009550105721717496,-4.4376376510580045,0.011823837583320524,"GARCH(1,1)",1,test
2023-12-01,GLD,-4.587064524322309,0.010182705628697004,-4.801928396198772,0.008213892128291602,"GARCH(1,1)",1,test
2023-12-01,SPY,-4.926771445305756,0.007249872145998399,-5.167471126091102,0.005698962569308468,"GARCH(1,1)",1,test
2023-12-01,TLT,-5.186483805068339,0.0055916335625556,-4.436927451810978,0.011832237846446358,"GARCH(1,1)",1,test
2023-12-04,GLD,-5.146052536896778,0.005822342907045902,-4.81921523840917,0.008073120128426155,"GARCH(1,1)",1,test
2023-12-04,SPY,-5.572910723340835,0.0037994053043935,-5.188067330592373,0.005582786075048188,"GARCH(1,1)",1,test
2023-12-04,TLT,-5.400440891933662,0.0045145900574222,-4.441306897014941,0.011780532512137114,"GARCH(1,1)",1,test
2023-12-05,GLD,-5.730905198027032,0.003244139315604501,-4.7244393175651656,0.008875688957982691,"GARCH(1,1)",1,test
2023-12-05,SPY,-5.439407871757305,0.004342053562238201,-5.156647726139943,0.005760979733367359,"GARCH(1,1)",1,test
2023-12-05,TLT,-4.952211909610405,0.007067758383944003,-4.4201011937445305,0.01203301455731057,"GARCH(1,1)",1,test
2023-12-06,GLD,-5.317401841811031,0.0049054824017945985,-4.593016345342644,0.010122279986971799,"GARCH(1,1)",1,test
2023-12-06,SPY,-5.623308528948132,0.0036126686953897986,-5.107716674140351,0.006049881014604228,"GARCH(1,1)",1,test
2023-12-06,TLT,-4.893996525506423,0.0074914229051803016,-4.454851763460064,0.011622042558321293,"GARCH(1,1)",1,test
2023-12-07,GLD,-4.949458961413157,0.007087242363533601,-4.619339459627244,0.00985930638069793,"GARCH(1,1)",1,test
2023-12-07,SPY,-5.522472296366008,0.003995956531068401,-5.163762869308061,0.005720135018088648,"GARCH(1,1)",1,test
2023-12-07,TLT,-5.112453049704287,0.006021294258250199,-4.3836426153508254,0.012479816553959843,"GARCH(1,1)",1,test
2023-12-08,GLD,-5.442681615581179,0.0043278620335952004,-4.645074117990631,0.009608817447034576,"GARCH(1,1)",1,test
2023-12-08,SPY,-5.8974600349736335,0.0027464117569438004,-5.148137069289909,0.005810218685708562,"GARCH(1,1)",1,test
2023-12-08,TLT,-5.037346467009955,0.006490949434793197,-4.383223687683422,0.012485045789657692,"GARCH(1,1)",1,test
2023-12-11,GLD,-5.988674348663966,0.002506985236676501,-4.673413785452176,0.009340329159441186,"GARCH(1,1)",1,test
2023-12-11,SPY,-5.427526132594745,0.0043939524238929,-5.075699810456744,0.006246713394301994,"GARCH(1,1)",1,test
2023-12-11,TLT,-5.270947936180163,0.005138737068722002,-4.414321723630825,0.012102760358068928,"GARCH(1,1)",1,test
2023-12-12,GLD,-4.5876498890464905,0.010176746776246401,-4.642127354281259,0.009637174121267352,"GARCH(1,1)",1,test
2023-12-12,SPY,-5.101616790981323,0.006086897364847999,-5.105538279329925,0.006063074409003751,"GARCH(1,1)",1,test
2023-12-12,TLT,-4.649344847596192,0.009567868289518496,-4.436287226119078,0.011839815574577603,"GARCH(1,1)",1,test
2023-12-13,GLD,-5.036325333544267,0.006497580945737799,-4.632020613825531,0.009735068401586642,"GARCH(1,1)",1,test
2023-12-13,SPY,-5.007465781464361,0.006687830272319901,-5.137595351612667,0.005871792346599947,"GARCH(1,1)",1,test
2023-12-13,TLT,-4.86107553556305,0.007742152451264,-4.473541161142463,0.011406850749437585,"GARCH(1,1)",1,test
2023-12-14,GLD,-5.069014484369105,0.006288614615924398,-4.661361736026976,0.009453580351776278,"GARCH(1,1)",1,test
2023-12-14,SPY,-5.313439290073508,0.004924959193020598,-5.1513073192605585,0.005791828007017951,"GARCH(1,1)",1,test
2023-12-14,TLT,-5.36417171881272,0.004681336097808199,-4.509325402184975,0.011005882216174758,"GARCH(1,1)",1,test
2023-12-15,GLD,-5.390457713079409,0.004559885738668099,-4.543096015796755,0.010640412619453329,"GARCH(1,1)",1,test
2023-12-15,SPY,-5.415486387131706,0.004447174238304698,-4.850885028333787,0.007821452278269667,"GARCH(1,1)",1,test
2023-12-15,TLT,-5.702020016571076,0.003339213373757399,-4.406511939687784,0.012197650354465489,"GARCH(1,1)",1,test
2023-12-18,GLD,-5.266817877847181,0.005160004239671802,-4.5653988275612125,0.010405728287827985,"GARCH(1,1)",1,test
2023-12-18,SPY,-6.165993398359781,0.0020996315577004,-4.923549001796996,0.007273272131751651,"GARCH(1,1)",1,test
2023-12-18,TLT,-5.453082705476323,0.004283080841842198,-4.335307668933439,0.01309784365341879,"GARCH(1,1)",1,test
2023-12-19,GLD,-5.944919567775667,0.002619113000975999,-4.57244472956819,0.01033266823523996,"GARCH(1,1)",1,test
2023-12-19,SPY,-4.657473901717713,0.009490405845136001,-4.922061462349442,0.007284099462004324,"GARCH(1,1)",1,test
2023-12-19,TLT,-4.906287461458748,0.007399909848667302,-4.37396319600905,0.012601200446779037,"GARCH(1,1)",1,test
2023-12-20,GLD,-5.753857365346946,0.0031705272964651005,-4.597318288434124,0.010078828045414415,"GARCH(1,1)",1,test
2023-12-20,SPY,-5.1245186665605065,0.005949080158650199,-4.953671711466688,0.007057448384244612,"GARCH(1,1)",1,test
2023-12-20,TLT,-5.136305856450889,0.0058793688783225,-4.398057268149675,0.012301214665957521,"GARCH(1,1)",1,test
2023-12-21,GLD,-5.275447197386654,0.005115668483089999,-4.613792396449059,0.009914148541927374,"GARCH(1,1)",1,test
2023-12-21,SPY,-5.205152474743584,0.005488213563171801,-4.971084595200887,0.0069356216120073765,"GARCH(1,1)",1,test
2023-12-21,TLT,-5.1360361827048475,0.005880954603556899,-4.429578577588029,0.0119195117639015,"GARCH(1,1)",1,test
2023-12-22,GLD,-5.444621887736034,0.004319472944591099,-4.634169661582477,0.009714169738829865,"GARCH(1,1)",1,test
2023-12-22,SPY,-5.728686584028579,0.0032513447986401993,-4.706565697377123,0.009035755877679033,"GARCH(1,1)",1,test
2023-12-22,TLT,-6.021178568510922,0.0024268077497196,-4.45625390462566,0.011605758233151213,"GARCH(1,1)",1,test
2023-12-26,GLD,-5.218768283018078,0.005413993529039201,-4.647746845222112,0.009583169988579528,"GARCH(1,1)",1,test
2023-12-26,SPY,-6.106262077621694,0.0022288665915589996,-4.705537838322038,0.009045048135925228,"GARCH(1,1)",1,test
2023-12-26,TLT,-5.167081787136639,0.0057011818294308994,-4.483311894703847,0.011295940171203998,"GARCH(1,1)",1,test
2023-12-27,GLD,-5.396838339481042,0.004530883436160099,-4.6703066428671365,0.009369396027998224,"GARCH(1,1)",1,test
2023-12-27,SPY,-6.267720953382082,0.0018965459782663999,-4.795866629342065,0.00826383404255348,"GARCH(1,1)",1,test
2023-12-27,TLT,-4.980317153323496,0.006871882771391701,-4.515054506555307,0.010943008644869717,"GARCH(1,1)",1,test
2023-12-28,GLD,-5.7209195437496145,0.0032766964508552003,-4.679351306403629,0.00928503507669635,"GARCH(1,1)",1,test
2023-12-28,SPY,-5.233925592927643,0.005332550737331801,-4.863640170202285,0.007722322098579217,"GARCH(1,1)",1,test
2023-12-28,TLT,-4.948923354927377,0.007091039353265197,-4.550146048464008,0.010565661172578098,"GARCH(1,1)",1,test
2023-12-29,GLD,-5.3868674311058715,0.004576286438187699,-4.700517974540485,0.009090567199628464,"GARCH(1,1)",1,test
2023-12-29,SPY,-5.356073359253223,0.0047194011650113,-4.943277495981076,0.007131187590231712,"GARCH(1,1)",1,test
2023-12-29,TLT,-5.371520612890752,0.0046470595562804,-4.495522301474657,0.011158850808558721,"GARCH(1,1)",1,test
2024-01-02,GLD,-5.075381922983847,0.006248699461893099,-4.715733745396939,0.008953294217722008,"GARCH(1,1)",1,test
2024-01-02,SPY,-5.522689171804464,0.003995090000211701,-5.0180869181830206,0.00661717380287728,"GARCH(1,1)",1,test
2024-01-02,TLT,-4.727398045289819,0.008849467021900998,-4.517573016584051,0.010915483243901396,"GARCH(1,1)",1,test
2024-01-03,GLD,-5.551425773995295,0.003881918557426099,-4.742155831548639,0.008719827428657597,"GARCH(1,1)",1,test
2024-01-03,SPY,-5.160791052641543,0.0057371594949526,-5.054882304219318,0.006378117395664249,"GARCH(1,1)",1,test
2024-01-03,TLT,-5.537065146528606,0.003938067546087,-4.530256760178155,0.010777908379765895,"GARCH(1,1)",1,test
2024-01-04,GLD,-4.824152177584216,0.00803336184825829,-4.766693395644845,0.008508467833744092,"GARCH(1,1)",1,test
2024-01-04,SPY,-5.111647288006487,0.006026147941728198,-5.0241277588757915,0.006577321003495315,"GARCH(1,1)",1,test
2024-01-04,TLT,-4.543472656764081,0.010636405758772904,-4.556898068457864,0.010494561918999766,"GARCH(1,1)",1,test
2024-01-05,GLD,-5.162040422773151,0.0057299961350151,-4.764101897294827,0.008530546109647985,"GARCH(1,1)",1,test
2024-01-05,SPY,-5.2522320756427785,0.005235818603449601,-4.92656084958462,0.007251399098830356,"GARCH(1,1)",1,test
2024-01-05,TLT,-4.984727310341694,0.006841643418517999,-4.588127591549001,0.01017188647982428,"GARCH(1,1)",1,test
2024-01-08,GLD,-5.785984394121235,0.0030702865157827995,-4.790029087227299,0.008312215599102252,"GARCH(1,1)",1,test
2024-01-08,SPY,-5.370337663646635,0.004652560044627701,-4.9718664437928135,0.00693020112529197,"GARCH(1,1)",1,test
2024-01-08,TLT,-5.465229452498855,0.004231370037208101,-4.548032638284672,0.010588014360859413,"GARCH(1,1)",1,test
2024-01-09,GLD,-5.492412776760643,0.0041178966132081,-4.8157643983868175,0.00810102729836616,"GARCH(1,1)",1,test
2024-01-09,SPY,-5.449492838556143,0.004298484163468101,-5.043544986240619,0.006450839599113987,"GARCH(1,1)",1,test
2024-01-09,TLT,-5.339019108943931,0.004800577244903701,-4.5557091861635595,0.010507046137514445,"GARCH(1,1)",1,test
2024-01-10,GLD,-4.894689652731633,0.0074862321951282,-4.812766941005384,0.008125346211683683,"GARCH(1,1)",1,test
2024-01-10,SPY,-4.759597556212481,0.008569057267526799,-4.785820121589594,0.008347275159416584,"GARCH(1,1)",1,test
2024-01-10,TLT,-4.898980459607811,0.007454179034686897,-4.5618228891819035,0.010443005141119635,"GARCH(1,1)",1,test
2024-01-11,GLD,-5.049111821706896,0.0064150286058807975,-4.837900929060513,0.007923668950795557,"GARCH(1,1)",1,test
2024-01-11,SPY,-5.34692519159823,0.0047627731225906,-4.8648873636005066,0.007712696872945527,"GARCH(1,1)",1,test
2024-01-11,TLT,-4.945790272752364,0.0071132910021853,-4.584901109505433,0.010204758891506337,"GARCH(1,1)",1,test
2024-01-12,GLD,-5.299041131272868,0.004996382485648398,-4.8598491158206745,0.0077516534047663175,"GARCH(1,1)",1,test
2024-01-12,SPY,-5.245938004264432,0.005268877146744001,-4.904725315835369,0.0074114786191502805,"GARCH(1,1)",1,test
2024-01-12,TLT,-4.834453996492123,0.007951028429413202,-4.6136386770248805,0.009915672656272443,"GARCH(1,1)",1,test
2024-01-16,GLD,-5.177261559107638,0.005643439498962202,-4.8819437772674945,0.0075822614669008945,"GARCH(1,1)",1,test
2024-01-16,SPY,-5.440618760352613,0.004336799001085599,-4.980003979146398,0.006874035204649409,"GARCH(1,1)",1,test
2024-01-16,TLT,-5.07305747333529,0.006263241143316902,-4.6382170788911425,0.00967493189960924,"GARCH(1,1)",1,test
2024-01-17,GLD,-6.008254313033182,0.002458375991665099,-4.857147803316967,0.007772621350769965,"GARCH(1,1)",1,test
2024-01-17,SPY,-5.09899942963683,0.006102849842310601,-5.051481530085572,0.0063998448564784715,"GARCH(1,1)",1,test
2024-01-17,TLT,-5.002733683098351,0.006719552740748101,-4.672475908649895,0.009349093346707032,"GARCH(1,1)",1,test
2024-01-18,GLD,-5.793373508445228,0.0030476834289487006,-4.836778386871388,0.007932568597665487,"GARCH(1,1)",1,test
2024-01-18,SPY,-5.00765208489688,0.0066865844226407,-5.0680101115567915,0.006294933902400291,"GARCH(1,1)",1,test
2024-01-18,TLT,-5.05318242393944,0.0063889686519532024,-4.590789958985123,0.01014484119870953,"GARCH(1,1)",1,test
2024-01-19,GLD,-5.673679992403518,0.0034352004755562014,-4.80485583118718,0.008189881654781576,"GARCH(1,1)",1,test
2024-01-19,SPY,-5.657453999605601,0.0034913946842357996,-5.0350898547012815,0.006505613530549386,"GARCH(1,1)",1,test
2024-01-19,TLT,-5.292728249344144,0.005028023827295898,-4.625786798863336,0.009795944564875758,"GARCH(1,1)",1,test
2024-01-22,GLD,-5.868100834671558,0.002828239531212801,-4.800699878355227,0.008223989242308605,"GARCH(1,1)",1,test
2024-01-22,SPY,-5.791148223708444,0.003054472943865901,-4.960635101297244,0.007008475327067145,"GARCH(1,1)",1,test
2024-01-22,TLT,-5.4667211301541,0.004225062902348098,-4.629556473736042,0.00975908655380162,"GARCH(1,1)",1,test
2024-01-23,GLD,-5.438721936161366,0.004345032953054299,-4.822140985032348,0.00804953474372595,"GARCH(1,1)",1,test
2024-01-23,SPY,-5.353890513444425,0.004729714141788498,-4.803435931727507,0.008201518723096357,"GARCH(1,1)",1,test
2024-01-23,TLT,-4.870029876765716,0.007673136035983201,-4.661130139509035,0.009455770021617986,"GARCH(1,1)",1,test
2024-01-24,GLD,-5.423636946775712,0.0044110745954206,-4.840134564648965,0.007905990113226494,"GARCH(1,1)",1,test
2024-01-24,SPY,-5.472172526395102,0.004202093076020899,-4.886448415903,0.007548182932320473,"GARCH(1,1)",1,test
2024-01-24,TLT,-5.320989736687947,0.004887913583000801,-4.682168316144761,0.009258915848770815,"GARCH(1,1)",1,test
2024-01-25,GLD,-6.12903284952537,0.0021786870603178006,-4.857200887467559,0.007772208758718834,"GARCH(1,1)",1,test
2024-01-25,SPY,-5.590640297114806,0.0037326371026032996,-4.957446070565229,0.007030861245989527,"GARCH(1,1)",1,test
2024-01-25,TLT,-5.4587313707402165,0.0042589553544182986,-4.690865966153527,0.009178734240512156,"GARCH(1,1)",1,test
2024-01-26,GLD,-5.282279502545666,0.005080835804167299,-4.847386398382296,0.007848864570245976,"GARCH(1,1)",1,test
2024-01-26,SPY,-5.4760727430574905,0.004185735921547102,-5.030777839735263,0.006533726401456646,"GARCH(1,1)",1,test
2024-01-26,TLT,-4.967197963064599,0.006962630274217797,-4.710838162738089,0.008997233275522322,"GARCH(1,1)",1,test
2024-01-29,GLD,-5.135085988516551,0.0058865453081496984,-4.863857595500023,0.0077206432529160806,"GARCH(1,1)",1,test
2024-01-29,SPY,-6.149437282211695,0.002134682656029,-5.046807080006834,0.006429830640697142,"GARCH(1,1)",1,test
2024-01-29,TLT,-4.826789817848256,0.0080122006496749,-4.726484772617931,0.008857552689940706,"GARCH(1,1)",1,test
2024-01-30,GLD,-4.808449487866716,0.0081605028521508,-4.8871955044431115,0.00754254587730486,"GARCH(1,1)",1,test
2024-01-30,SPY,-5.242197066816232,0.005288624600537098,-5.101314045410733,0.006088740425038919,"GARCH(1,1)",1,test
2024-01-30,TLT,-5.109587751066021,0.0060385718053344,-4.758851377200568,0.008575453704358381,"GARCH(1,1)",1,test
2024-01-31,GLD,-4.76654862790387,0.0085096996745748,-4.884489130484781,0.0075629864745203525,"GARCH(1,1)",1,test
2024-01-31,SPY,-5.237090188045396,0.005315702047006001,-5.035951329841382,0.006500011519564774,"GARCH(1,1)",1,test
2024-01-31,TLT,-4.6744405324947405,0.009330743925747396,-4.731397988872176,0.00881414035252258,"GARCH(1,1)",1,test
2024-02-01,GLD,-5.687179531481762,0.0033891384600013,-4.906522076155586,0.007398173924706133,"GARCH(1,1)",1,test
2024-02-01,SPY,-4.872345146516081,0.007655391206189199,-5.096137269919866,0.006120342194299171,"GARCH(1,1)",1,test
2024-02-01,TLT,-5.003283402123114,0.0067158598898768,-4.7287661473439275,0.008837368325903091,"GARCH(1,1)",1,test
2024-02-02,GLD,-5.6393311117356815,0.0035552456731772993,-4.9285230613948885,0.007237184268692365,"GARCH(1,1)",1,test
2024-02-02,SPY,-5.153035094762671,0.005781829668404498,-4.6718044920032975,0.009355372591369414,"GARCH(1,1)",1,test
2024-02-02,TLT,-5.245540300772695,0.005270973014322097,-4.720436810474392,0.00891128515546784,"GARCH(1,1)",1,test
2024-02-05,GLD,-5.613146849756338,0.003649566630683899,-4.891730165592847,0.007508420419715549,"GARCH(1,1)",1,test
2024-02-05,SPY,-5.743751469134799,0.003202730764638901,-4.60454989188076,0.010006204865295054,"GARCH(1,1)",1,test
2024-02-05,TLT,-5.385712857987122,0.004581573146851501,-4.6481543783071295,0.00957926532544358,"GARCH(1,1)",1,test
2024-02-06,GLD,-5.483871279312717,0.004153220260282101,-4.867670056230272,0.007691264641687365,"GARCH(1,1)",1,test
2024-02-06,SPY,-5.546235189638031,0.0039021203674092005,-4.606377367712592,0.009987935466262438,"GARCH(1,1)",1,test
2024-02-06,TLT,-5.241918431768205,0.0052900984020235004,-4.518814914811231,0.010901935738664555,"GARCH(1,1)",1,test
2024-02-07,GLD,-6.084154871198411,0.00227868929667,-4.875510337619556,0.007631198737141205,"GARCH(1,1)",1,test
2024-02-07,SPY,-6.194556660355999,0.0020405076371209996,-4.682092622430436,0.009259616717027356,"GARCH(1,1)",1,test
2024-02-07,TLT,-5.336316951902943,0.0048135667003773985,-4.4427333730410234,0.011763739844950173,"GARCH(1,1)",1,test
2024-02-08,GLD,-6.0436974189197255,0.0023727695516211006,-4.884925665905378,0.007559685683547231,"GARCH(1,1)",1,test
2024-02-08,SPY,-5.692692444084685,0.0033705058430570007,-4.7690755795823145,0.008488223221107268,"GARCH(1,1)",1,test
2024-02-08,TLT,-5.964170340781666,0.002569175263345,-4.4567168509459485,0.011600386633560085,"GARCH(1,1)",1,test
2024-02-09,GLD,-5.809897697034813,0.0029977367339961004,-4.907835871804199,0.007388460618043329,"GARCH(1,1)",1,test
2024-02-09,SPY,-5.384499085698517,0.0045871375096269,-4.777405787230152,0.00841780825195944,"GARCH(1,1)",1,test
2024-02-09,TLT,-5.337634264326963,0.004807229903845901,-4.488353485037104,0.01123913398551331,"GARCH(1,1)",1,test
2024-02-12,GLD,-5.8355092255742065,0.0029219349572359994,-4.929598542734915,0.007229404996038172,"GARCH(1,1)",1,test
2024-02-12,SPY,-4.699232675095472,0.009102258812607296,-4.864240818857129,0.007717685088944644,"GARCH(1,1)",1,test
2024-02-12,TLT,-5.427868221536107,0.004392449558431301,-4.516101707727963,0.0109315551115079,"GARCH(1,1)",1,test
2024-02-13,GLD,-5.475215888358974,0.0041893240260608006,-4.942310743813918,0.007138085014801854,"GARCH(1,1)",1,test
2024-02-13,SPY,-5.072747866777609,0.0062651805840635,-4.902113607750139,0.007430860536721807,"GARCH(1,1)",1,test
2024-02-13,TLT,-5.260156931779179,0.005194489474262898,-4.55176898441008,0.010548527688301546,"GARCH(1,1)",1,test
2024-02-14,GLD,-5.65497780610313,0.0035000507657108994,-4.959311608686979,0.007017757133217813,"GARCH(1,1)",1,test
2024-02-14,SPY,-5.679154747179028,0.003416444983055301,-4.977285596304587,0.006892746885236794,"GARCH(1,1)",1,test
2024-02-14,TLT,-5.264542230844671,0.005171759958713,-4.587659262571295,0.010176651384705145,"GARCH(1,1)",1,test
2024-02-15,GLD,-5.194868409838409,0.0055449459273167,-4.872754548671434,0.0076522577140023095,"GARCH(1,1)",1,test
2024-02-15,SPY,-5.270195052552849,0.005142607396496501,-4.715395595885148,0.008956322281730978,"GARCH(1,1)",1,test
2024-02-15,TLT,-5.680614655945434,0.0034114609240955005,-4.52965931907132,0.010784349469171868,"GARCH(1,1)",1,test
2024-02-16,GLD,-6.3584905903142035,0.0017319790057372002,-4.895933838966183,0.007476923720021463,"GARCH(1,1)",1,test
2024-02-16,SPY,-5.200924833673528,0.005511464874701701,-4.720329662160247,0.008912240035805107,"GARCH(1,1)",1,test
2024-02-16,TLT,-5.638110484524546,0.0035595879524011995,-4.558429438031012,0.010478503165275183,"GARCH(1,1)",1,test
2024-02-20,GLD,-5.717875361703035,0.0032866865094266,-4.8948409211574395,0.007485099850214994,"GARCH(1,1)",1,test
2024-02-20,SPY,-5.307567015910214,0.004953964985275299,-4.761755909797476,0.00855058215713595,"GARCH(1,1)",1,test
2024-02-20,TLT,-5.255036522162441,0.005221155600603501,-4.58603517192889,0.010193192617584971,"GARCH(1,1)",1,test
2024-02-21,GLD,-6.107163556246536,0.0022268582213565004,-4.910381298631878,0.007369677747523662,"GARCH(1,1)",1,test
2024-02-21,SPY,-5.062138750952991,0.006332002444218198,-4.802602657029389,0.008208355689274312,"GARCH(1,1)",1,test
2024-02-21,TLT,-5.758387270766211,0.003156197588298099,-4.610350083517436,0.009948334950058977,"GARCH(1,1)",1,test
2024-02-22,GLD,-5.21656806834951,0.0054259185910548,-4.912665667420594,0.0073528618998057365,"GARCH(1,1)",1,test
2024-02-22,SPY,-5.562693234514625,0.003838424686227801,-4.828175500079505,0.008001105974224012,"GARCH(1,1)",1,test
2024-02-22,TLT,-5.145293966169928,0.005826761241534602,-4.645529804062166,0.00960443984024301,"GARCH(1,1)",1,test
2024-02-23,GLD,-5.873436635448335,0.0028131887980907995,-4.934742090513701,0.007192315673150848,"GARCH(1,1)",1,test
2024-02-23,SPY,-5.854938313844408,0.002865712370441299,-4.911253842190957,0.007363250187243527,"GARCH(1,1)",1,test
2024-02-23,TLT,-5.161326128177588,0.0057340905024051,-4.661130467419217,0.00945576692097523,"GARCH(1,1)",1,test
2024-02-26,GLD,-5.988700904313271,0.0025069186629397004,-4.956000519920218,0.007041032061441976,"GARCH(1,1)",1,test
2024-02-26,SPY,-5.6969093249309894,0.003356322746755701,-4.526532265775175,0.010818125486906898,"GARCH(1,1)",1,test
2024-02-26,TLT,-5.466416093763455,0.0042263518968711986,-4.6864451611460485,0.009219401459495898,"GARCH(1,1)",1,test
2024-02-27,GLD,-6.297815371310123,0.0018403208062972994,-4.957757149312584,0.007028674434633206,"GARCH(1,1)",1,test
2024-02-27,SPY,-6.033483453910087,0.0023971291289567004,-4.626026076360613,0.00979360089618158,"GARCH(1,1)",1,test
2024-02-27,TLT,-5.420395009963855,0.0044253982261389015,-4.65135158416514,0.009548687350317884,"GARCH(1,1)",1,test
2024-02-28,GLD,-6.059758484861745,0.0023349647487700006,-4.975230517975903,0.006906926585192311,"GARCH(1,1)",1,test
2024-02-28,SPY,-5.096829108846135,0.006116109367712999,-4.698775578937731,0.009106420371181064,"GARCH(1,1)",1,test
2024-02-28,TLT,-5.7757063790001055,0.003102005692881501,-4.682636334133234,0.00925458352348199,"GARCH(1,1)",1,test
2024-02-29,GLD,-4.430717783341824,0.011905940719091504,-4.994496988899469,0.006775128206685067,"GARCH(1,1)",1,test
2024-02-29,SPY,-5.392944650965335,0.0045485596755144,-4.787958623837121,0.008329443565974374,"GARCH(1,1)",1,test
2024-02-29,TLT,-4.70713353879342,0.009030626457750499,-4.69644318173903,0.009127684949626519,"GARCH(1,1)",1,test
2024-03-01,GLD,-5.018765404765418,0.0066126856619825,-5.011783212996218,0.006659018264712698,"GARCH(1,1)",1,test
2024-03-01,SPY,-5.804452010814946,0.003014105998104001,-4.866581527837567,0.007699641359946361,"GARCH(1,1)",1,test
2024-03-01,TLT,-5.9799494275671465,0.0025289541843609995,-4.7136378471606335,0.008972079089995892,"GARCH(1,1)",1,test
2024-03-04,GLD,-5.243999568293748,0.005279100433122198,-5.012937108154318,0.006651338887229668,"GARCH(1,1)",1,test
2024-03-04,SPY,-4.941575005049711,0.0071433387130871995,-4.932418039706701,0.007209050418862547,"GARCH(1,1)",1,test
2024-03-04,TLT,-5.277980077721771,0.005102727502883898,-4.725953712099061,0.008862257835716137,"GARCH(1,1)",1,test
2024-03-05,GLD,-5.0794228554093195,0.0062234998388979975,-4.835999891041597,0.007938746473651635,"GARCH(1,1)",1,test
2024-03-05,SPY,-5.305651694997473,0.004963462510513501,-4.877057549187996,0.007619400787489681,"GARCH(1,1)",1,test
2024-03-05,TLT,-5.386965648542935,0.004575836989134701,-4.755294579147655,0.008606009168992828,"GARCH(1,1)",1,test
2024-03-06,GLD,-5.504886589103512,0.004066849779806401,-4.748927853766556,0.008660976059874342,"GARCH(1,1)",1,test
2024-03-06,SPY,-4.811428540991805,0.008136228455937197,-4.949905436347268,0.0070840787937461736,"GARCH(1,1)",1,test
2024-03-06,TLT,-5.1005057361013915,0.006093664000224399,-4.780591531862936,0.008391033935213194,"GARCH(1,1)",1,test
2024-03-07,GLD,-4.633797984060027,0.0097177809484322,-4.7619791531702935,0.008548673509390047,"GARCH(1,1)",1,test
2024-03-07,SPY,-4.753015425356722,0.0086256459565442,-4.824650316681196,0.008029361113185496,"GARCH(1,1)",1,test
2024-03-07,TLT,-5.476447449727264,0.004184167792192,-4.720561698770117,0.0089101723097442,"GARCH(1,1)",1,test
2024-03-08,GLD,-5.743201834062763,0.0032044915816525003,-4.761741100812993,0.008550708783512037,"GARCH(1,1)",1,test
2024-03-08,SPY,-5.385536680280322,0.004582380389008998,-4.877928757255881,0.007612765594787557,"GARCH(1,1)",1,test
2024-03-08,TLT,-5.433748374815784,0.004366697070245302,-4.739012605570592,0.008747278937301558,"GARCH(1,1)",1,test
2024-03-11,GLD,-5.335444895374241,0.004817766233493801,-4.775567175528237,0.008433299569610902,"GARCH(1,1)",1,test
2024-03-11,SPY,-4.826180220377902,0.008017086355928698,-4.824734300172098,0.008028686807725156,"GARCH(1,1)",1,test
2024-03-11,TLT,-5.59182708670331,0.003728209875365498,-4.771761135665541,0.008465458203647778,"GARCH(1,1)",1,test
2024-03-12,GLD,-5.344359924962605,0.004775006589919201,-4.772706194633169,0.008457461625671375,"GARCH(1,1)",1,test
2024-03-12,SPY,-5.631189308314152,0.0035843099417912,-4.836697084146469,0.00793321356332646,"GARCH(1,1)",1,test
2024-03-12,TLT,-5.53866970695873,0.003931753745523301,-4.802783947787826,0.008206867725127038,"GARCH(1,1)",1,test
2024-03-13,GLD,-5.522311562884608,0.003996598866694201,-4.797884803335764,0.008247173005691274,"GARCH(1,1)",1,test
2024-03-13,SPY,-4.979037312870837,0.006880683315393298,-4.9140960934531694,0.007342351693558728,"GARCH(1,1)",1,test
2024-03-13,TLT,-5.412691846250095,0.004459619429720201,-4.834715925125849,0.00794894610012271,"GARCH(1,1)",1,test
2024-03-14,GLD,-5.605699272375363,0.0036768485264857013,-4.771262458855747,0.008469680784102183,"GARCH(1,1)",1,test
2024-03-14,SPY,-5.309805657074344,0.004942887239508798,-4.827653784167238,0.00800528136761638,"GARCH(1,1)",1,test
2024-03-14,TLT,-5.83137380685051,0.0029340434012543994,-4.827379070929598,0.008007480826475495,"GARCH(1,1)",1,test
2024-03-15,GLD,-6.239649254103285,0.0019505395466211997,-4.777660931476904,0.008415660770584104,"GARCH(1,1)",1,test
2024-03-15,SPY,-5.5345002742498215,0.003948181150875801,-4.901135183292072,0.007438134630410708,"GARCH(1,1)",1,test
2024-03-15,TLT,-5.597734268037595,0.003706251583238599,-4.845784306691699,0.007861449249167601,"GARCH(1,1)",1,test
2024-03-18,GLD,-5.797786879264014,0.0030342625093701015,-4.796163646166999,0.008261379909281856,"GARCH(1,1)",1,test
2024-03-18,SPY,-5.267079445966275,0.005158654723571202,-4.963879891411798,0.0069857711506717286,"GARCH(1,1)",1,test
2024-03-18,TLT,-5.429362267438027,0.004385891937082601,-4.754580388968526,0.008612157691568695,"GARCH(1,1)",1,test
2024-03-19,GLD,-4.799662796613064,0.0082325226155375,-4.817040554559986,0.008090695716128716,"GARCH(1,1)",1,test
2024-03-19,SPY,-5.29229190156406,0.005030218273067098,-4.8352286078018025,0.007944871857651095,"GARCH(1,1)",1,test
2024-03-19,TLT,-4.481752668373146,0.011313566836958494,-4.787192059240818,0.008335831070423558,"GARCH(1,1)",1,test
2024-03-20,GLD,-4.602675138390924,0.0100249816281876,-4.840859392067812,0.007900261711121544,"GARCH(1,1)",1,test
2024-03-20,SPY,-5.945950009457134,0.0026164155477941004,-4.874265510679917,0.007640704173995404,"GARCH(1,1)",1,test
2024-03-20,TLT,-5.262868156852159,0.0051804251185911,-4.814573048290805,0.00811068420925454,"GARCH(1,1)",1,test
2024-03-21,GLD,-4.974397224406043,0.006912684481379002,-4.864312256866519,0.007717133772577499,"GARCH(1,1)",1,test
2024-03-21,SPY,-6.241614104779282,0.0019467107903733993,-4.913670583248837,0.0073454766039216055,"GARCH(1,1)",1,test
2024-03-21,TLT,-5.835400134389452,0.0029222537319696994,-4.84181978531081,0.007892677995413834,"GARCH(1,1)",1,test
2024-03-22,GLD,-5.688783776047666,0.0033837058118570008,-4.8220817679409915,0.008050011427874034,"GARCH(1,1)",1,test
2024-03-22,SPY,-6.308444116855337,0.0018208640881476005,-4.867616630178727,0.007691675566565511,"GARCH(1,1)",1,test
2024-03-22,TLT,-5.765946897202228,0.0031324278718598006,-4.872629078900692,0.007653217901259323,"GARCH(1,1)",1,test
2024-03-25,GLD,-5.290701682818235,0.005038223784030299,-4.846250463648792,0.007857785433930096,"GARCH(1,1)",1,test
2024-03-25,SPY,-5.7400369771997735,0.0032146494043759,-4.935797112384928,0.00718473162418314,"GARCH(1,1)",1,test
2024-03-25,TLT,-5.4941114480334745,0.004110907598226798,-4.900061435067895,0.007446125603640206,"GARCH(1,1)",1,test
2024-03-26,GLD,-6.1985352424987195,0.002032405438193401,-4.839073011740873,0.007914387196207911,"GARCH(1,1)",1,test
2024-03-26,SPY,-5.352324207824584,0.004737128124394598,-4.9955115615052605,0.006768257833041621,"GARCH(1,1)",1,test
2024-03-26,TLT,-5.728021092351929,0.003253509261677799,-4.874412207828832,0.00763958338668754,"GARCH(1,1)",1,test
2024-03-27,GLD,-5.0181313285067,0.006616879938572202,-4.858582407039719,0.007761478713789896,"GARCH(1,1)",1,test
2024-03-27,SPY,-6.005461469797622,0.0024652514469893005,-5.036642584902123,0.006495519906311049,"GARCH(1,1)",1,test
2024-03-27,TLT,-5.2671837637348045,0.005158116612289598,-4.88934098152785,0.00752638086499698,"GARCH(1,1)",1,test
2024-03-28,GLD,-4.839813173961725,0.0079085314331787,-4.877190170308208,0.007618390361025326,"GARCH(1,1)",1,test
2024-03-28,SPY,-5.481138457317475,0.0041645857948785,-5.08480880211731,0.006190070505543449,"GARCH(1,1)",1,test
2024-03-28,TLT,-5.509197204693666,0.0040493568834056,-4.914230803596638,0.007341362670925878,"GARCH(1,1)",1,test
2024-04-01,GLD,-4.931717546109695,0.0072141020816436025,-4.874431933171248,0.007639432694775549,"GARCH(1,1)",1,test
2024-04-01,SPY,-5.702425643399541,0.0033378591738955007,-5.0109871123092615,0.006664321624451764,"GARCH(1,1)",1,test
2024-04-01,TLT,-5.14773007049125,0.005812583919024499,-4.882801419519171,0.0075757613868736836,"GARCH(1,1)",1,test
2024-04-02,GLD,-5.19239767473295,0.0055586629584744,-4.820161821639343,0.008065481863994264,"GARCH(1,1)",1,test
2024-04-02,SPY,-5.526359437550355,0.003980453833972101,-5.075901422699653,0.006245454107351856,"GARCH(1,1)",1,test
2024-04-02,TLT,-5.15816786610161,0.005752228890794203,-4.912108702212478,0.007356958328742309,"GARCH(1,1)",1,test
2024-04-03,GLD,-4.831742327694468,0.0079726182440985,-4.799863089891417,0.008230873861716384,"GARCH(1,1)",1,test
2024-04-03,SPY,-4.7646049273816065,0.008526256067398798,-5.120107452693772,0.005975380789746418,"GARCH(1,1)",1,test
2024-04-03,TLT,-5.203054216616745,0.005499741341780697,-4.695332851177531,0.00913782532572479,"GARCH(1,1)",1,test
2024-04-04,GLD,-4.742582445608879,0.0087161082210632,-4.737937051050844,0.008756692174015262,"GARCH(1,1)",1,test
2024-04-04,SPY,-4.909125627333837,0.0073789374527033985,-5.049072963373534,0.006415277888044209,"GARCH(1,1)",1,test
2024-04-04,TLT,-5.14692800177219,0.0058172478809218,-4.716340873266253,0.008947860073057519,"GARCH(1,1)",1,test
2024-04-05,GLD,-4.952306019592347,0.007067093268627602,-4.736189733175959,0.008772006274179952,"GARCH(1,1)",1,test
2024-04-05,SPY,-5.783819368555985,0.0030769409655096998,-5.112046603154719,0.006023742089948074,"GARCH(1,1)",1,test
2024-04-05,TLT,-5.680821700491151,0.0034107546728334988,-4.749515352991662,0.008655889237548904,"GARCH(1,1)",1,test
2024-04-08,GLD,-4.851150569166925,0.007819375639043804,-4.7501346986171535,0.008650529910224173,"GARCH(1,1)",1,test
2024-04-08,SPY,-4.752549687886362,0.008629664178717899,-4.836335187956953,0.007936085082650257,"GARCH(1,1)",1,test
2024-04-08,TLT,-5.754930150855542,0.0031671278245049995,-4.7585936290782,0.00857766429632486,"GARCH(1,1)",1,test
2024-04-09,GLD,-4.593831771235932,0.010114029382106898,-4.671917504111468,0.009354315380730073,"GARCH(1,1)",1,test
2024-04-09,SPY,-5.195062231822959,0.005543871299039501,-4.782404956084499,0.008375831219683596,"GARCH(1,1)",1,test
2024-04-09,TLT,-4.9523984769626805,0.007066439893973203,-4.705141497393881,0.009048633769218321,"GARCH(1,1)",1,test
2024-04-10,GLD,-4.636974869940228,0.009686957654318101,-4.6879450938216625,0.009205583343709554,"GARCH(1,1)",1,test
2024-04-10,SPY,-4.630080976473335,0.009753969228333603,-4.867865228453597,0.0076897636669461256,"GARCH(1,1)",1,test
2024-04-10,TLT,-5.0895227623167205,0.006160959427687399,-4.738534085022314,0.008751465691658676,"GARCH(1,1)",1,test
2024-04-11,GLD,-3.671788544176738,0.025430944878647506,-4.706091166312876,0.009040044642027416,"GARCH(1,1)",1,test
2024-04-11,SPY,-4.795931116064112,0.008263301152166898,-4.9468173607826325,0.007105988776797218,"GARCH(1,1)",1,test
2024-04-11,TLT,-5.372498786564399,0.004642516147446302,-4.733395247324708,0.008796553804488681,"GARCH(1,1)",1,test
2024-04-12,GLD,-4.073558636076805,0.017016724301580695,-4.7006656648839025,0.009089224709775728,"GARCH(1,1)",1,test
2024-04-12,SPY,-4.63029647084504,0.009751867529323398,-4.82335780066829,0.008039745900804108,"GARCH(1,1)",1,test
2024-04-12,TLT,-5.2181350464181016,0.005417422953597803,-4.583162296668928,0.010222518493097294,"GARCH(1,1)",1,test
2024-04-15,GLD,-4.617819574335922,0.009874302788971898,-4.60745162284543,0.00997721163641728,"GARCH(1,1)",1,test
2024-04-15,SPY,-5.157154566656712,0.0057580605752584986,-4.836296389281412,0.007936392998213762,"GARCH(1,1)",1,test
2024-04-15,TLT,-5.101997531106741,0.006084580279913498,-4.612156866457813,0.009930376696404567,"GARCH(1,1)",1,test
2024-04-16,GLD,-4.650417972434021,0.0095576062796056,-4.584238403423007,0.010211523888648214,"GARCH(1,1)",1,test
2024-04-16,SPY,-4.916759788389724,0.0073228199334040974,-4.646526117475405,0.009594875573298406,"GARCH(1,1)",1,test
2024-04-16,TLT,-5.000655111292009,0.006733534339470797,-4.637284902315732,0.00968395484933256,"GARCH(1,1)",1,test
2024-04-17,GLD,-5.061644226914253,0.006335134546026201,-4.521084579882392,0.010877220054682777,"GARCH(1,1)",1,test
2024-04-17,SPY,-4.9283426767056735,0.007238489863678597,-4.56413485642546,0.010418889143749116,"GARCH(1,1)",1,test
2024-04-17,TLT,-5.384468352055526,0.004587278491239898,-4.5873847388269535,0.010179445500656168,"GARCH(1,1)",1,test
2024-04-18,GLD,-4.943793526428534,0.007127508629618102,-4.553566366476099,0.010529584982551146,"GARCH(1,1)",1,test
2024-04-18,SPY,-4.864706370167939,0.0077140929467632005,-4.654844477470797,0.00951539298487734,"GARCH(1,1)",1,test
2024-04-18,TLT,-5.677854717547545,0.0034208893510467007,-4.608200077343941,0.00996974694132618,"GARCH(1,1)",1,test
2024-04-19,GLD,-5.199823915693356,0.005517535886709302,-4.569740826482319,0.010360644574376564,"GARCH(1,1)",1,test
2024-04-19,SPY,-4.649661041624244,0.009564843464945096,-4.6968888089796,0.009123618310739457,"GARCH(1,1)",1,test
2024-04-19,TLT,-5.810907170758265,0.0029947121244221,-4.601664135999855,0.010035122033707499,"GARCH(1,1)",1,test
2024-04-22,GLD,-5.1580333042450395,0.005753002973472998,-4.5979065923795295,0.010072900374917171,"GARCH(1,1)",1,test
2024-04-22,SPY,-4.84170867502684,0.007893555001828501,-4.7771808786108005,0.008419701702510047,"GARCH(1,1)",1,test
2024-04-22,TLT,-4.882691412320328,0.007576594821003991,-4.6281881730120045,0.009772449058876994,"GARCH(1,1)",1,test
2024-04-23,GLD,-5.032132033154569,0.006524884460360698,-4.625720802163747,0.009796591086220299,"GARCH(1,1)",1,test
2024-04-23,SPY,-5.156228916404715,0.0057633929930772,-4.742657962201187,0.008715450035124455,"GARCH(1,1)",1,test
2024-04-23,TLT,-4.71015090747801,0.009003418796689599,-4.65821319872479,0.00948339220939815,"GARCH(1,1)",1,test
2024-04-24,GLD,-4.849119404254906,0.007835274221330997,-4.483788784407587,0.011290554537920878,"GARCH(1,1)",1,test
2024-04-24,SPY,-4.835666150956236,0.007941396393745097,-4.7395782311689825,0.008742332651423183,"GARCH(1,1)",1,test
2024-04-24,TLT,-5.54474371782499,0.003907944612217102,-4.69131991964971,0.009174568467618258,"GARCH(1,1)",1,test
2024-04-25,GLD,-5.295113053035045,0.0050160472640668995,-4.5154082719217845,0.010939138072083767,"GARCH(1,1)",1,test
2024-04-25,SPY,-5.234467630123722,0.005329661079703899,-4.6808590037684645,0.00927104660162214,"GARCH(1,1)",1,test
2024-04-25,TLT,-5.407596403467472,0.004482401157560799,-4.724810779653429,0.008872392588303671,"GARCH(1,1)",1,test
2024-04-26,GLD,-5.0474557546035,0.006425661125375198,-4.546792150416092,0.010601156814067985,"GARCH(1,1)",1,test
2024-04-26,SPY,-5.326282957691442,0.004862109130743802,-4.770143025350875,0.00847916733733959,"GARCH(1,1)",1,test
2024-04-26,TLT,-5.606554079894368,0.0036737068716653997,-4.73586155235429,0.008774885550842541,"GARCH(1,1)",1,test
2024-04-29,GLD,-5.058729315040702,0.006353627845009002,-4.568902347368813,0.010369335401483971,"GARCH(1,1)",1,test
2024-04-29,SPY,-4.984859574667186,0.006840738573006701,-4.826198525413779,0.008016939604218473,"GARCH(1,1)",1,test
2024-04-29,TLT,-5.331257690636359,0.004837981500287498,-4.746631832921594,0.00868088468801209,"GARCH(1,1)",1,test
2024-04-30,GLD,-4.612989151548988,0.009922115230354798,-4.597094243174881,0.010081086412035433,"GARCH(1,1)",1,test
2024-04-30,SPY,-4.4565548654180365,0.011602265880514202,-4.7981085017345695,0.008245328332628126,"GARCH(1,1)",1,test
2024-04-30,TLT,-4.863222756118155,0.007725546177426501,-4.7664774175217595,0.008510305675116778,"GARCH(1,1)",1,test
2024-05-01,GLD,-5.043951795746301,0.006448215869960602,-4.62616847413278,0.009792206408520798,"GARCH(1,1)",1,test
2024-05-01,SPY,-4.727152834999705,0.008851637268349298,-4.870323273074201,0.007670885096420562,"GARCH(1,1)",1,test
2024-05-01,TLT,-5.129433504680212,0.005919913127040998,-4.765784447223981,0.008516205108004448,"GARCH(1,1)",1,test
2024-05-02,GLD,-4.779047574992104,0.008403999336145199,-4.539174683522474,0.010682219127904081,"GARCH(1,1)",1,test
2024-05-02,SPY,-5.1986872653098635,0.005523810961598401,-4.604076725473894,0.010010940585601051,"GARCH(1,1)",1,test
2024-05-02,TLT,-5.009824324555439,0.006672075323103501,-4.763671266962865,0.008534220412627377,"GARCH(1,1)",1,test
2024-05-03,GLD,-5.354117582793831,0.0047286402905994005,-4.549379872470481,0.010573759430473503,"GARCH(1,1)",1,test
2024-05-03,SPY,-5.8045720853052165,0.003013744102590301,-4.681968763250821,0.009260763676586745,"GARCH(1,1)",1,test
2024-05-03,TLT,-5.52447285226726,0.0039879703876757,-4.788663921067446,0.008323570903726799,"GARCH(1,1)",1,test
2024-05-06,GLD,-5.7005323554216965,0.0033441846886622002,-4.577986381690879,0.010275566547358252,"GARCH(1,1)",1,test
2024-05-06,SPY,-5.859591940115972,0.002852407398262799,-4.688846106502486,0.009197292731916551,"GARCH(1,1)",1,test
2024-05-06,TLT,-5.344264467704802,0.004775462420710099,-4.811026101666412,0.008139503453177889,"GARCH(1,1)",1,test
2024-05-07,GLD,-5.4512482345881095,0.004290945240257902,-4.608513472597461,0.00996662295950208,"GARCH(1,1)",1,test
2024-05-07,SPY,-5.915653352838791,0.002696897197674899,-4.6336485468287965,0.009719233255222485,"GARCH(1,1)",1,test
2024-05-07,TLT,-6.119873493258083,0.002198734100136401,-4.791122211023537,0.008303134282837153,"GARCH(1,1)",1,test
2024-05-08,GLD,-5.489360539008187,0.004130484613724201,-4.606183106315364,0.00998987592503355,"GARCH(1,1)",1,test
2024-05-08,SPY,-5.681661946568638,0.0034078900032806004,-4.633197887880659,0.009723614301762754,"GARCH(1,1)",1,test
2024-05-08,TLT,-5.242484651249681,0.005287103893104,-4.814995253867747,0.008107260555942198,"GARCH(1,1)",1,test
2024-05-09,GLD,-5.361638103762571,0.004693211839326399,-4.6296118704466815,0.009758545947481741,"GARCH(1,1)",1,test
2024-05-09,SPY,-5.528050145997553,0.003973729732900298,-4.726347307178576,0.008858770381006133,"GARCH(1,1)",1,test
2024-05-09,TLT,-5.7751890064423845,0.0031036110007361993,-4.826662976513005,0.008013216992359365,"GARCH(1,1)",1,test
2024-05-10,GLD,-5.434395499743592,0.004363872185844101,-4.656350286848871,0.009501075399367303,"GARCH(1,1)",1,test
2024-05-10,SPY,-5.667914421224588,0.0034550635744433986,-4.813972713188346,0.008115554799537194,"GARCH(1,1)",1,test
2024-05-10,TLT,-6.265826654747227,0.0019001420076254008,-4.837672467509948,0.007925479411292655,"GARCH(1,1)",1,test
2024-05-13,GLD,-5.5301837809413215,0.003965260282855401,-4.608944055731738,0.009962332423532528,"GARCH(1,1)",1,test
2024-05-13,SPY,-5.632531274373679,0.0035795031455025986,-4.8585545448209455,0.007761694968820487,"GARCH(1,1)",1,test
2024-05-13,TLT,-5.620052056508043,0.0036244524277178006,-4.8551065867407095,0.007788503157901737,"GARCH(1,1)",1,test
2024-05-14,GLD,-4.588378873799269,0.010169330786413803,-4.619530439510749,0.009857423631303259,"GARCH(1,1)",1,test
2024-05-14,SPY,-5.374014676821032,0.0046354839338308,-4.937746625367266,0.007170738540887796,"GARCH(1,1)",1,test
2024-05-14,TLT,-5.384069243550996,0.004589109678495298,-4.867162534998912,0.0076951691125061415,"GARCH(1,1)",1,test
2024-05-15,GLD,-5.578056190907715,0.0037799057976880997,-4.61024983632461,0.009949332292700577,"GARCH(1,1)",1,test
2024-05-15,SPY,-5.593501330493576,0.0037219731654760985,-5.0104882072181,0.006667647317973073,"GARCH(1,1)",1,test
2024-05-15,TLT,-5.935116856811725,0.002644913660304301,-4.89315049640948,0.007497763548741859,"GARCH(1,1)",1,test
2024-05-16,GLD,-5.193032699899692,0.005555134188149901,-4.619058630078314,0.009862075554076241,"GARCH(1,1)",1,test
2024-05-16,SPY,-5.861717081990675,0.002846352064357799,-5.045101098753098,0.006440809173157522,"GARCH(1,1)",1,test
2024-05-16,TLT,-5.769876326953204,0.0031201433679413993,-4.9028856017628675,0.007425126170610985,"GARCH(1,1)",1,test
2024-05-17,GLD,-4.822989131955401,0.008042710450012,-4.600506491886582,0.01004674586048499,"GARCH(1,1)",1,test
2024-05-17,SPY,-5.765378600122399,0.0031342085273948993,-4.85762460774609,0.007768916213867058,"GARCH(1,1)",1,test
2024-05-17,TLT,-6.036917497726685,0.0023889114005891995,-4.82689176269122,0.008011383888770854,"GARCH(1,1)",1,test
2024-05-20,GLD,-5.400124838752605,0.0045160171334751,-4.625918705348397,0.009794652501477997,"GARCH(1,1)",1,test
2024-05-20,SPY,-6.130749839029018,0.0021749494871086995,-4.923543979458052,0.007273308660681258,"GARCH(1,1)",1,test
2024-05-20,TLT,-6.012936312479634,0.002446892779805799,-4.8569877279825855,0.007773865655320287,"GARCH(1,1)",1,test
2024-05-21,GLD,-4.904100289440245,0.007416112436892498,-4.5771742850974695,0.010283914689236706,"GARCH(1,1)",1,test
2024-05-21,SPY,-5.307215793092913,0.004955705236404299,-4.9970208929394335,0.006758049994183513,"GARCH(1,1)",1,test
2024-05-21,TLT,-5.8932006664890615,0.0027581346850388995,-4.86113839204785,0.007741665822070193,"GARCH(1,1)",1,test
2024-05-22,GLD,-4.87632882366767,0.007624955262891302,-4.603369143690221,0.010018026651486775,"GARCH(1,1)",1,test
2024-05-22,SPY,-4.885295905055255,0.007556887310012103,-5.064565326925748,0.006316655986430831,"GARCH(1,1)",1,test
2024-05-22,TLT,-5.121478246940157,0.005967195383675399,-4.8858582433829545,0.007552638977251698,"GARCH(1,1)",1,test
2024-05-23,GLD,-5.583342087976028,0.0037599783184147015,-4.632752767367355,0.009727943445375755,"GARCH(1,1)",1,test
2024-05-23,SPY,-5.489035440307553,0.0041318276472025,-5.118666833048396,0.0059839952442870955,"GARCH(1,1)",1,test
2024-05-23,TLT,-5.676833712007938,0.003424383881688499,-4.899101680550431,0.007453275486843423,"GARCH(1,1)",1,test
2024-05-24,GLD,-5.420307193823538,0.0044257868645946,-4.560792309654151,0.010453773036059282,"GARCH(1,1)",1,test
2024-05-24,SPY,-5.400505409026306,0.004514298798592902,-5.1379134985391035,0.005869924551044666,"GARCH(1,1)",1,test
2024-05-24,TLT,-5.159861192749289,0.005742496730518502,-4.927058782436758,0.007247789287791422,"GARCH(1,1)",1,test
2024-05-28,GLD,-5.951900937190632,0.002600891684455699,-4.48762285472639,0.011247348638040933,"GARCH(1,1)",1,test
2024-05-28,SPY,-5.968302729840212,0.002558580337851499,-5.0304165210170995,0.0065360875856491875,"GARCH(1,1)",1,test
2024-05-28,TLT,-5.271135339947967,0.005137774140264601,-4.928166091134488,0.007239768189409317,"GARCH(1,1)",1,test
2024-05-29,GLD,-5.635614904897412,0.003568482281213,-4.519863690893273,0.0108905080428084,"GARCH(1,1)",1,test
2024-05-29,SPY,-5.357518289945851,0.004712586881686298,-5.020164913593667,0.006603437622885754,"GARCH(1,1)",1,test
2024-05-29,TLT,-5.56418372312898,0.0038327078194566985,-4.950442920331274,0.00708027223792613,"GARCH(1,1)",1,test
2024-05-30,GLD,-4.806730184314142,0.008174545301853,-4.524178677291202,0.01084361688883886,"GARCH(1,1)",1,test
2024-05-30,SPY,-4.463455858397653,0.011522474362142904,-5.0857934156722715,0.006183978677757781,"GARCH(1,1)",1,test
2024-05-30,TLT,-5.74508645152629,0.003198458028112,-4.850630717877845,0.007823441608307674,"GARCH(1,1)",1,test
2024-05-31,GLD,-5.045592163946295,0.0064376470924139995,-4.533011212328391,0.010748261995371756,"GARCH(1,1)",1,test
2024-05-31,SPY,-4.720988176928543,0.008906373126058298,-5.006399357134795,0.006694966141490279,"GARCH(1,1)",1,test
2024-05-31,TLT,-5.303213358095225,0.004975579871416302,-4.802837237688138,0.00820643039361687,"GARCH(1,1)",1,test
2024-06-03,GLD,-5.100736347660229,0.006092258892893498,-4.563557869607766,0.010424902440069602,"GARCH(1,1)",1,test
2024-06-03,SPY,-5.270548981679664,0.005140787600009598,-4.961896685931667,0.006999639117269011,"GARCH(1,1)",1,test
2024-06-03,TLT,-5.2338335357726,0.005333041659377898,-4.788100865536834,0.008328258856023462,"GARCH(1,1)",1,test
2024-06-04,GLD,-5.0807284615150445,0.006215379701513299,-4.584479662602339,0.010209060561937147,"GARCH(1,1)",1,test
2024-06-04,SPY,-5.037489563315864,0.006490020670360198,-4.9059041128259055,0.007402747137791656,"GARCH(1,1)",1,test
2024-06-04,TLT,-4.97239190935262,0.006926560499873503,-4.79707935036151,0.008253818391631564,"GARCH(1,1)",1,test
2024-06-05,GLD,-5.255887728675087,0.005216713209916899,-4.592552779660371,0.010126973416372465,"GARCH(1,1)",1,test
2024-06-05,SPY,-5.624388245446682,0.003608770142440301,-4.981877657988925,0.006861167529033965,"GARCH(1,1)",1,test
2024-06-05,TLT,-5.554624320449717,0.0038695218968042002,-4.752493550955614,0.008630148635176103,"GARCH(1,1)",1,test
2024-06-06,GLD,-5.014245436593028,0.0066426424415520985,-4.598714665523843,0.010064764022465547,"GARCH(1,1)",1,test
2024-06-06,SPY,-5.160633507483153,0.005738063427857198,-5.050865907438084,0.006403785958904014,"GARCH(1,1)",1,test
2024-06-06,TLT,-6.011196041700597,0.0024511547432194995,-4.725028382069181,0.008870462144285213,"GARCH(1,1)",1,test
2024-06-07,GLD,-5.52126446438332,0.0040007858911087005,-4.588977417284667,0.010163245820960615,"GARCH(1,1)",1,test
2024-06-07,SPY,-5.658325720253611,0.0034883524895638015,-4.878178857389921,0.007610861879161576,"GARCH(1,1)",1,test
2024-06-07,TLT,-5.775995993815149,0.0031011074361569986,-4.734844592039641,0.008783813800281542,"GARCH(1,1)",1,test
2024-06-10,GLD,-5.592636864609166,0.0037251920754187997,-4.6037709667896465,0.010014001985623558,"GARCH(1,1)",1,test
2024-06-10,SPY,-5.176773079401145,0.005646196878039298,-4.95514392066582,0.007047065988215637,"GARCH(1,1)",1,test
2024-06-10,TLT,-5.30947367913814,0.004944528441419799,-4.766696560387978,0.008508440906671548,"GARCH(1,1)",1,test
2024-06-11,GLD,-5.143449057817749,0.005837521004351498,-4.336401894988551,0.013083519489993077,"GARCH(1,1)",1,test
2024-06-11,SPY,-5.303909419986075,0.0049721177649429,-5.018657825120777,0.006613397090623071,"GARCH(1,1)",1,test
2024-06-11,TLT,-4.89359356235451,0.007494442280874204,-4.654911213803697,0.009514757983632492,"GARCH(1,1)",1,test
2024-06-12,GLD,-4.847360333790372,0.007849069150364202,-4.3560462538313525,0.012829010159078488,"GARCH(1,1)",1,test
2024-06-12,SPY,-5.335406499385232,0.004817951219944499,-5.072008724606239,0.006269813155097827,"GARCH(1,1)",1,test
2024-06-12,TLT,-5.03095607213717,0.006532561983478302,-4.672384531214845,0.00934994768190999,"GARCH(1,1)",1,test
2024-06-13,GLD,-5.716532103955846,0.0032911043430232986,-4.3886897321042015,0.01241698814727425,"GARCH(1,1)",1,test
2024-06-13,SPY,-5.746576620841179,0.0031936953335954987,-5.125407237341507,0.005943796327723934,"GARCH(1,1)",1,test
2024-06-13,TLT,-5.478423406661615,0.004175908219795599,-4.6654285503367285,0.009415212466336502,"GARCH(1,1)",1,test
2024-06-14,GLD,-5.2319974905105004,0.0053428423597607,-4.4207646062906285,0.012025034351862763,"GARCH(1,1)",1,test
2024-06-14,SPY,-4.974566934745537,0.006911511426891403,-5.045355929509736,0.006439168065993739,"GARCH(1,1)",1,test
2024-06-14,TLT,-5.584432402333389,0.0037558809941624005,-4.677921599061259,0.009298319453642455,"GARCH(1,1)",1,test
2024-06-17,GLD,-5.303469871305493,0.0049743037331307,-4.4393008026047935,0.01180418909329223,"GARCH(1,1)",1,test
2024-06-17,SPY,-6.256610285255659,0.0019177353673725003,-5.1046835659989025,0.006068258814802865,"GARCH(1,1)",1,test
2024-06-17,TLT,-5.3768162526339,0.004622515448740202,-4.631585246262486,0.009739307657342974,"GARCH(1,1)",1,test
2024-06-18,GLD,-5.024530426949228,0.006574673059475499,-4.436835899630108,0.011833321163215026,"GARCH(1,1)",1,test
2024-06-18,SPY,-5.159020479377732,0.005747326554270198,-5.161232250559834,0.005734628830429534,"GARCH(1,1)",1,test
2024-06-18,TLT,-5.686150417318465,0.0033926280656852003,-4.6410652177983724,0.009647415553430039,"GARCH(1,1)",1,test
2024-06-20,GLD,-4.81989198791071,0.0080676584966901,-4.463286009097988,0.011524431612557822,"GARCH(1,1)",1,test
2024-06-20,SPY,-5.67982658184543,0.003414150467733601,-5.07772705091274,0.006234062631593605,"GARCH(1,1)",1,test
2024-06-20,TLT,-5.046475728476019,0.006431961527939698,-4.6392346399972055,0.009665092072366174,"GARCH(1,1)",1,test
2024-06-21,GLD,-6.0254905149342175,0.002416366013006301,-4.491785609475621,0.011200625998994986,"GARCH(1,1)",1,test
2024-06-21,SPY,-5.236662407508973,0.005317976487325101,-5.129524206740955,0.005919376203071379,"GARCH(1,1)",1,test
2024-06-21,TLT,-5.5002729666429095,0.004085656038424599,-4.643423255882209,0.009624693380547547,"GARCH(1,1)",1,test
2024-06-24,GLD,-5.58757859172074,0.0037440828505675,-4.487650066613671,0.011247042580621801,"GARCH(1,1)",1,test
2024-06-24,SPY,-5.667000501293163,0.0034582226692683998,-5.149799881398472,0.005800565411739218,"GARCH(1,1)",1,test
2024-06-24,TLT,-5.964849816944858,0.002567430162938701,-4.6613580571035085,0.009453615130838859,"GARCH(1,1)",1,test
2024-06-25,GLD,-5.730552409710015,0.0032452840119597008,-4.4632118899122695,0.011525285825701217,"GARCH(1,1)",1,test
2024-06-25,SPY,-5.623202409860387,0.0036130520888383987,-5.1238763763011415,0.005952902422258222,"GARCH(1,1)",1,test
2024-06-25,TLT,-5.957117501232507,0.0025873592933975996,-4.695700096215891,0.009134470120841398,"GARCH(1,1)",1,test
2024-06-26,GLD,-5.69658680905214,0.0033574053887113,-4.491786187082094,0.011200619529442778,"GARCH(1,1)",1,test
2024-06-26,SPY,-5.869690562428798,0.0028237469722449,-5.134883237671408,0.005887738931185851,"GARCH(1,1)",1,test
2024-06-26,TLT,-6.12310035599317,0.0021916505220180003,-4.7225095049127805,0.008892833912786889,"GARCH(1,1)",1,test
2024-06-27,GLD,-5.916333867857617,0.002695062542953501,-4.517250740750252,0.010919001607276437,"GARCH(1,1)",1,test
2024-06-27,SPY,-4.724924331853802,0.008871385165801297,-5.161882788738283,0.005730899448620254,"GARCH(1,1)",1,test
2024-06-27,TLT,-4.866296116709638,0.007701839236905902,-4.754284958722074,0.008614702359305393,"GARCH(1,1)",1,test
2024-06-28,GLD,-5.3238704150940075,0.004873853337137901,-4.526676738507379,0.010816562675655002,"GARCH(1,1)",1,test
2024-06-28,SPY,-5.436822546890164,0.0043532937047364,-5.2111718243154455,0.005455277314055564,"GARCH(1,1)",1,test
2024-06-28,TLT,-4.688362888302209,0.009201738105114002,-4.697270185632247,0.009120139439150446,"GARCH(1,1)",1,test
2024-07-01,GLD,-5.350063965203644,0.004747847292679302,-4.526019807558055,0.010823670744941666,"GARCH(1,1)",1,test
2024-07-01,SPY,-5.680599741398764,0.0034115118048680987,-5.252716735709123,0.005233281626093351,"GARCH(1,1)",1,test
2024-07-01,TLT,-5.169575532476502,0.005686982246242902,-4.724208271094346,0.008877739891513877,"GARCH(1,1)",1,test
2024-07-02,GLD,-5.477644216726247,0.0041791633134549006,-4.557112988456453,0.010492306670124666,"GARCH(1,1)",1,test
2024-07-02,SPY,-5.941683090865975,0.002627603431858001,-5.217938675514444,0.005418486882297599,"GARCH(1,1)",1,test
2024-07-02,TLT,-5.412111543100711,0.0044622081119579,-4.620566553237664,0.00984721550866807,"GARCH(1,1)",1,test
2024-07-03,GLD,-5.546218137317651,0.0039021869081832016,-4.5859953833257165,0.010193598198549796,"GARCH(1,1)",1,test
2024-07-03,SPY,-5.558828478590417,0.0038532879637432,-5.255367093712722,0.005219429920348465,"GARCH(1,1)",1,test
2024-07-03,TLT,-5.10752051787977,0.006051067853040099,-4.520094661490386,0.01088799294613076,"GARCH(1,1)",1,test
2024-07-05,GLD,-4.900964106140405,0.007439407234150603,-4.616277320334323,0.009889543221249183,"GARCH(1,1)",1,test
2024-07-05,SPY,-5.945565925833519,0.0026174206631703993,-5.1819364466103846,0.005617118625672736,"GARCH(1,1)",1,test
2024-07-05,TLT,-5.385543928237266,0.004582347176233601,-4.539222563853797,0.010681707671957412,"GARCH(1,1)",1,test
2024-07-08,GLD,-5.02926247866393,0.006543634861647498,-4.60854118402059,0.00996634677402285,"GARCH(1,1)",1,test
2024-07-08,SPY,-6.18910646145563,0.0020516591710355993,-5.189428968554835,0.005575189514648317,"GARCH(1,1)",1,test
2024-07-08,TLT,-5.090590682878881,0.0061543835243281,-4.524942369402528,0.0108353388654955,"GARCH(1,1)",1,test
2024-07-09,GLD,-5.410706715071987,0.004468481152223301,-4.586482318032437,0.010188635790083065,"GARCH(1,1)",1,test
2024-07-09,SPY,-5.519147045587515,0.0040092662053725,-5.164032138371826,0.005718594970040675,"GARCH(1,1)",1,test
2024-07-09,TLT,-5.826864389933602,0.002947304102747599,-4.541477648187364,0.01065764666033249,"GARCH(1,1)",1,test
2024-07-10,GLD,-4.7906991355273885,0.0083066478786992,-4.572352814619679,0.01033361800555716,"GARCH(1,1)",1,test
2024-07-10,SPY,-5.100026599130888,0.006096584399512497,-5.21380950693964,0.005440906984390189,"GARCH(1,1)",1,test
2024-07-10,TLT,-5.305497942638011,0.0049642257132562016,-4.576556132516373,0.010290273682857305,"GARCH(1,1)",1,test
2024-07-11,GLD,-5.359469119869902,0.004703402387783399,-4.601923617756661,0.010032518440419521,"GARCH(1,1)",1,test
2024-07-11,SPY,-4.854044805924224,0.007796777232993701,-5.257452975676864,0.005208554152341954,"GARCH(1,1)",1,test
2024-07-11,TLT,-5.620004710104573,0.0036246240365672994,-4.605868951571687,0.009993014784962196,"GARCH(1,1)",1,test
2024-07-12,GLD,-4.827191731920783,0.008008981080520299,-4.627929355328671,0.00977497866884268,"GARCH(1,1)",1,test
2024-07-12,SPY,-5.031478556710287,0.006529149712126202,-5.065650980754159,0.006309802005874719,"GARCH(1,1)",1,test
2024-07-12,TLT,-5.562403352525984,0.003839537537699099,-4.637669868268624,0.00968022757390932,"GARCH(1,1)",1,test
2024-07-15,GLD,-5.271614417122054,0.005135313339452201,-4.5680706215763545,0.010377963432768738,"GARCH(1,1)",1,test
2024-07-15,SPY,-5.760167177249085,0.0031505848483073997,-4.940774546377013,0.007149058949613148,"GARCH(1,1)",1,test
2024-07-15,TLT,-5.403742212313933,0.004499710523824802,-4.638332505112495,0.009673815223226332,"GARCH(1,1)",1,test
2024-07-16,GLD,-4.803810536800596,0.008198446967959098,-4.598208934387346,0.010069855374332274,"GARCH(1,1)",1,test
2024-07-16,SPY,-5.4078373352655404,0.0044813213346773005,-4.956589278697486,0.007036887812116077,"GARCH(1,1)",1,test
2024-07-16,TLT,-5.292060350949026,0.0050313831580616995,-4.66620328601125,0.00940792099020368,"GARCH(1,1)",1,test
2024-07-17,GLD,-4.999660927184925,0.006740232041118199,-4.62506088553153,0.009803058153244974,"GARCH(1,1)",1,test
2024-07-17,SPY,-4.650597440998013,0.009555891143642503,-5.0207023926074905,0.006599889367386211,"GARCH(1,1)",1,test
2024-07-17,TLT,-5.192263166177272,0.005559410696487902,-4.649768008822018,0.009563820395160932,"GARCH(1,1)",1,test
2024-07-18,GLD,-5.521158090560962,0.004001211492632401,-4.545396374520603,0.010615963984555249,"GARCH(1,1)",1,test
2024-07-18,SPY,-4.975147972613937,0.006907496743478997,-5.029005647823366,0.00654531568472372,"GARCH(1,1)",1,test
2024-07-18,TLT,-6.008470397310982,0.002457844832654,-4.613747046338818,0.009914598159851724,"GARCH(1,1)",1,test
2024-07-19,GLD,-5.334862198970247,0.004820574346612598,-4.569942976001447,0.010358550386734647,"GARCH(1,1)",1,test
2024-07-19,SPY,-5.2770131257597495,0.005107663981538699,-4.7349849790837375,0.008782580753180171,"GARCH(1,1)",1,test
2024-07-19,TLT,-4.851474718731854,0.0078168414025904,-4.648830636438508,0.00957278945929998,"GARCH(1,1)",1,test
2024-07-22,GLD,-5.89602746844453,0.0027503489940056006,-4.588359324592726,0.010169529590704982,"GARCH(1,1)",1,test
2024-07-22,SPY,-5.4433503295315715,0.004324968899325398,-4.73258402605695,0.008803692651218517,"GARCH(1,1)",1,test
2024-07-22,TLT,-5.619107247405163,0.0036278784615835983,-4.661139942068009,0.009455677331329012,"GARCH(1,1)",1,test
2024-07-23,GLD,-4.735034547010346,0.008782145429651096,-4.529973494483561,0.010780961823916932,"GARCH(1,1)",1,test
2024-07-23,SPY,-4.884703593525999,0.007561364667355398,-4.750318181675729,0.008648942830143554,"GARCH(1,1)",1,test
2024-07-23,TLT,-4.861234720178986,0.007740920117786396,-4.681855831231362,0.009261809572386929,"GARCH(1,1)",1,test
2024-07-24,GLD,-5.243556998682188,0.005281437319629601,-4.560682768362365,0.010454918218582937,"GARCH(1,1)",1,test
2024-07-24,SPY,-4.373889863500732,0.012602124558298903,-4.723937342171201,0.008880145453876144,"GARCH(1,1)",1,test
2024-07-24,TLT,-5.006576177563353,0.006693782439362399,-4.712288203526746,0.008984196374591108,"GARCH(1,1)",1,test
2024-07-25,GLD,-5.556599515400175,0.0038618863799925007,-4.587634060926154,0.0101769078562938,"GARCH(1,1)",1,test
2024-07-25,SPY,-4.964690555514157,0.0069801103315940026,-4.805184920031657,0.008187186899522672,"GARCH(1,1)",1,test
2024-07-25,TLT,-5.702593336965927,0.0033372994833160995,-4.744804456755274,0.008696762432681242,"GARCH(1,1)",1,test
2024-07-26,GLD,-4.882819841460034,0.007575621827930903,-4.613665638443166,0.009915405319278283,"GARCH(1,1)",1,test
2024-07-26,SPY,-5.215335982833887,0.0054326079068181005,-4.379704511069721,0.0125290602727663,"GARCH(1,1)",1,test
2024-07-26,TLT,-5.699034874900972,0.0033491962915435007,-4.725356870447745,0.008867548779087827,"GARCH(1,1)",1,test
2024-07-29,GLD,-4.885833543904422,0.007552825525799799,-4.571478918579232,0.01034265246042791,"GARCH(1,1)",1,test
2024-07-29,SPY,-4.5653884509462355,0.0104058362646242,-4.45893825943508,0.011574646036990032,"GARCH(1,1)",1,test
2024-07-29,TLT,-5.180977921799163,0.005622505354487199,-4.729398889997617,0.008831778314722687,"GARCH(1,1)",1,test
2024-07-30,GLD,-5.281838316747215,0.0050830778913205,-4.571850096067613,0.010338814213044032,"GARCH(1,1)",1,test
2024-07-30,SPY,-4.917570241936684,0.007316887532307797,-4.478975930195498,0.011345025305672819,"GARCH(1,1)",1,test
2024-07-30,TLT,-5.498256262599083,0.004093903911443,-4.735803701061182,0.008775393204002587,"GARCH(1,1)",1,test
2024-07-31,GLD,-4.90502299062149,0.007409272737171496,-4.601198995309753,0.010039790863042592,"GARCH(1,1)",1,test
2024-07-31,SPY,-4.0893829958241374,0.016749564922506597,-4.578855873150608,0.010266635913119193,"GARCH(1,1)",1,test
2024-07-31,TLT,-5.159900768208276,0.005742269473071597,-4.75568469876288,0.008602652450810575,"GARCH(1,1)",1,test
2024-08-01,GLD,-4.074578918575026,0.016999371289591295,-4.602435164564349,0.010027387650069856,"GARCH(1,1)",1,test
2024-08-01,SPY,-4.544052514275757,0.010630239946815398,-4.640807997462729,0.009649897384071756,"GARCH(1,1)",1,test
2024-08-01,TLT,-4.966787921727006,0.006965485825855703,-4.781201689502425,0.008385915643395631,"GARCH(1,1)",1,test
2024-08-02,GLD,-4.911287594821849,0.007363001662371999,-4.544477100484161,0.010625727451581364,"GARCH(1,1)",1,test
2024-08-02,SPY,-4.0842395897027695,0.016835936669334,-4.517093653809168,0.01092071697456599,"GARCH(1,1)",1,test
2024-08-02,TLT,-4.306858683410633,0.013475814976156703,-4.763805090653068,0.008533078408174083,"GARCH(1,1)",1,test
2024-08-05,GLD,-5.101184363999726,0.006089530072688697,-4.571556538016484,0.01034184970071952,"GARCH(1,1)",1,test
2024-08-05,SPY,-4.157166348411449,0.015651847021582503,-4.443255860558271,0.01175759504315595,"GARCH(1,1)",1,test
2024-08-05,TLT,-4.748523166383369,0.008664481756919699,-4.782934437883402,0.00837139754338113,"GARCH(1,1)",1,test
2024-08-06,GLD,-5.319501317583503,0.004895194263966801,-4.60035660478619,0.010048251850951852,"GARCH(1,1)",1,test
2024-08-06,SPY,-4.265605167308382,0.014043365975006295,-4.307546186936197,0.013466553489867786,"GARCH(1,1)",1,test
2024-08-06,TLT,-4.962635376081054,0.006994470462056197,-4.48541949126718,0.011272157956979343,"GARCH(1,1)",1,test
2024-08-07,GLD,-5.482297369416057,0.004159762201615401,-4.582966299756742,0.010224522271517485,"GARCH(1,1)",1,test
2024-08-07,SPY,-4.615657233315866,0.009895677500315999,-4.034710592531406,0.01769079922180977,"GARCH(1,1)",1,test
2024-08-07,TLT,-5.533273779439921,0.003953026545384099,-4.51461057573737,0.010947867662102076,"GARCH(1,1)",1,test
2024-08-08,GLD,-5.394626488598048,0.004540916166050099,-4.594164498942208,0.010110664724097895,"GARCH(1,1)",1,test
2024-08-08,SPY,-4.963676167006491,0.006987194467722299,-4.121758558242118,0.01621597262077174,"GARCH(1,1)",1,test
2024-08-08,TLT,-5.848664395669411,0.0028837481336574998,-4.418370800275391,0.012053854432506565,"GARCH(1,1)",1,test
2024-08-09,GLD,-5.290192121758603,0.005040791720885099,-4.623499461744492,0.00981837683779809,"GARCH(1,1)",1,test
2024-08-09,SPY,-5.076435721672727,0.006242118058938902,-4.208494594744238,0.014868734970210722,"GARCH(1,1)",1,test
2024-08-09,TLT,-5.150720417624951,0.005795228238051402,-4.4441837910421995,0.01174668987270026,"GARCH(1,1)",1,test
2024-08-12,GLD,-5.530089376839958,0.0039656346373590995,-4.582892813467419,0.010225273661327406,"GARCH(1,1)",1,test
2024-08-12,SPY,-5.372134199486693,0.004644209057429501,-4.116142490298507,0.016307298831847693,"GARCH(1,1)",1,test
2024-08-12,TLT,-5.891694652546464,0.0027622916037332006,-4.471863171602529,0.011426007393508042,"GARCH(1,1)",1,test
2024-08-13,GLD,-5.023363387138801,0.006582350443711602,-4.610927240851652,0.009942594852208443,"GARCH(1,1)",1,test
2024-08-13,SPY,-5.079409339456749,0.006223583955995103,-4.2206147028076115,0.014689611983299145,"GARCH(1,1)",1,test
2024-08-13,TLT,-5.479684551177426,0.0041706451155107994,-4.483384538045038,0.011295119626171992,"GARCH(1,1)",1,test
2024-08-14,GLD,-4.912360823088589,0.007355103719765601,-4.560139506802774,0.0104605995168355,"GARCH(1,1)",1,test
2024-08-14,SPY,-5.495880262550365,0.004103642592307598,-4.328305200562891,0.013189882763712418,"GARCH(1,1)",1,test
2024-08-14,TLT,-5.345504006511728,0.0047695467168483,-4.516379706802951,0.010928516571673924,"GARCH(1,1)",1,test
2024-08-15,GLD,-4.892451882077292,0.007503003423929202,-4.589436670806018,0.010158579386149313,"GARCH(1,1)",1,test
2024-08-15,SPY,-5.642970840164592,0.0035423290651611017,-4.299329800695524,0.013577655698969725,"GARCH(1,1)",1,test
2024-08-15,TLT,-5.558993726672892,0.003852651267903802,-4.538655977743927,0.010687761493997826,"GARCH(1,1)",1,test
2024-08-16,GLD,-5.326524838293653,0.0048609332230795995,-4.59949570069793,0.010056906156779318,"GARCH(1,1)",1,test
2024-08-16,SPY,-5.324984245448175,0.004868427713522299,-4.401786015093352,0.012255431958478788,"GARCH(1,1)",1,test
2024-08-16,TLT,-5.39837734251606,0.004523915755816398,-4.562536275998806,0.010435557895622337,"GARCH(1,1)",1,test
2024-08-19,GLD,-4.816231431814879,0.0080972447311776,-4.626055971728709,0.009793308117254195,"GARCH(1,1)",1,test
2024-08-19,SPY,-5.423647005685486,0.0044110302250423995,-4.341399714937255,0.013018293544820569,"GARCH(1,1)",1,test
2024-08-19,TLT,-5.3324932060425,0.0048320077906743005,-4.577202968806929,0.010283619712646188,"GARCH(1,1)",1,test
2024-08-20,GLD,-4.935093942704365,0.007189785486277303,-4.5226215175532,0.010860515285809646,"GARCH(1,1)",1,test
2024-08-20,SPY,-4.678013710075806,0.009297463015448296,-4.444678663677318,0.011740878195467656,"GARCH(1,1)",1,test
2024-08-20,TLT,-4.950174569663171,0.0070821724886669015,-4.608239899194332,0.009969349935459858,"GARCH(1,1)",1,test
2024-08-21,GLD,-5.120017752738118,0.005975916805178197,-4.552414866529397,0.01054171678264041,"GARCH(1,1)",1,test
2024-08-21,SPY,-4.878040723362355,0.007611913270780998,-4.488850107298282,0.01123355376712477,"GARCH(1,1)",1,test
2024-08-21,TLT,-5.203077370527536,0.005499614002734499,-4.635482830384308,0.009701421766145048,"GARCH(1,1)",1,test
2024-08-22,GLD,-5.081162536842247,0.006212682344006201,-4.578992758252441,0.010265230659798058,"GARCH(1,1)",1,test
2024-08-22,SPY,-5.001119048497327,0.006730411126910699,-4.58406316258176,0.010213313521488677,"GARCH(1,1)",1,test
2024-08-22,TLT,-5.308884890364139,0.0049474405814923985,-4.64698300706401,0.009590492775848506,"GARCH(1,1)",1,test
2024-08-23,GLD,-5.529353564632226,0.003968553673536198,-4.607938683421609,0.009972353313213876,"GARCH(1,1)",1,test
2024-08-23,SPY,-5.199316875263188,0.005520334209850301,-4.6734919570339395,0.009339599039674282,"GARCH(1,1)",1,test
2024-08-23,TLT,-5.881402158239973,0.0027908692898915,-4.680858724379389,0.00927104919185164,"GARCH(1,1)",1,test
2024-08-26,GLD,-5.635375632848548,0.0035693362214377,-4.5947668045562144,0.010104576847538387,"GARCH(1,1)",1,test
2024-08-26,SPY,-5.490612149460355,0.004125318089921201,-4.680465509804527,0.009274695420346249,"GARCH(1,1)",1,test
2024-08-26,TLT,-5.582051480751266,0.0037648341063809014,-4.675486704770151,0.009320987464502805,"GARCH(1,1)",1,test
2024-08-27,GLD,-5.550620328302881,0.003885046491527899,-4.587495622176017,0.010178316832223871,"GARCH(1,1)",1,test
2024-08-27,SPY,-4.86360986317652,0.007722556142740601,-4.664382165790068,0.009425069555418256,"GARCH(1,1)",1,test
2024-08-27,TLT,-5.733156632405889,0.0032368435648533985,-4.692320015944241,0.009165397602328455,"GARCH(1,1)",1,test
2024-08-28,GLD,-5.430071314347032,0.004382783236198998,-4.614101295743451,0.009911086541387523,"GARCH(1,1)",1,test
2024-08-28,SPY,-4.840032056454939,0.007906800583534199,-4.74501504403275,0.008694931197981816,"GARCH(1,1)",1,test
2024-08-28,TLT,-5.638070225866814,0.0035597312595188986,-4.722915237777279,0.008889226529676372,"GARCH(1,1)",1,test
2024-08-29,GLD,-5.080444957805512,0.006217142034516998,-4.6409294262932725,0.009648725679458344,"GARCH(1,1)",1,test
2024-08-29,SPY,-4.791182480192991,0.008302633874909798,-4.8329922095226205,0.007962659638269086,"GARCH(1,1)",1,test
2024-08-29,TLT,-4.827055717203692,0.008010070493902599,-4.75442844432711,0.008613466362201182,"GARCH(1,1)",1,test
2024-08-30,GLD,-5.080271055614018,0.006218223303156399,-4.6533347711366915,0.009529769283201879,"GARCH(1,1)",1,test
2024-08-30,SPY,-4.516978183774765,0.010921978062938303,-4.847463462546647,0.007848259727362927,"GARCH(1,1)",1,test
2024-08-30,TLT,-5.410493896173828,0.004469432230658702,-4.786113282314089,0.008344828424844051,"GARCH(1,1)",1,test
2024-09-03,GLD,-5.326335745880732,0.0048618524755809,-4.673169430787475,0.009342611791315658,"GARCH(1,1)",1,test
2024-09-03,SPY,-5.065521085843423,0.006310621670276999,-4.928465501577385,0.007237600851687215,"GARCH(1,1)",1,test
2024-09-03,TLT,-5.280003506878725,0.005092412934193298,-4.812588561143699,0.008126795739096465,"GARCH(1,1)",1,test
2024-09-04,GLD,-5.371230332315484,0.004648408703207799,-4.6834587292736165,0.009246975727701943,"GARCH(1,1)",1,test
2024-09-04,SPY,-4.769500414268583,0.008484617895346097,-4.8706654574001735,0.007668260688815415,"GARCH(1,1)",1,test
2024-09-04,TLT,-5.0751333016997275,0.006250253214717398,-4.785871531754751,0.008346846035652783,"GARCH(1,1)",1,test
2024-09-05,GLD,-4.705414779126012,0.009046161280766803,-4.704381916049557,0.009055509553649243,"GARCH(1,1)",1,test
2024-09-05,SPY,-4.477244833167485,0.0113646816538765,-4.460660475150825,0.011554729155187203,"GARCH(1,1)",1,test
2024-09-05,TLT,-4.487856378842589,0.011244722417545497,-4.739546576943358,0.00874260938757333,"GARCH(1,1)",1,test
2024-09-06,GLD,-5.612310681027412,0.0036526195603789,-4.731601129392421,0.008812350025316018,"GARCH(1,1)",1,test
2024-09-06,SPY,-5.0818986047046835,0.006208111070783298,-4.555167519539864,0.010512738995397123,"GARCH(1,1)",1,test
2024-09-06,TLT,-5.191089158056716,0.005565941322544999,-4.702616512655813,0.009071510300678164,"GARCH(1,1)",1,test
2024-09-09,GLD,-5.318380843311865,0.004900682277208901,-4.7329960760540475,0.00880006583695285,"GARCH(1,1)",1,test
2024-09-09,SPY,-4.899124819199142,0.007453103030115403,-4.642194513344703,0.009636526919412103,"GARCH(1,1)",1,test
2024-09-09,TLT,-5.157302688924123,0.005757207741433602,-4.72241222784823,0.008893699023642497,"GARCH(1,1)",1,test
2024-09-10,GLD,-5.252082078636307,0.0052366040194701,-4.738340376498438,0.008753161089360754,"GARCH(1,1)",1,test
2024-09-10,SPY,-3.97330277943956,0.018811201174030307,-4.461441604197299,0.011545706944833983,"GARCH(1,1)",1,test
2024-09-10,TLT,-5.0832977594206055,0.0061994310366730015,-4.754955508926124,0.008608927705194653,"GARCH(1,1)",1,test
2024-09-11,GLD,-5.489982874475935,0.0041279148663554985,-4.75837432920073,0.008579545583329488,"GARCH(1,1)",1,test
2024-09-11,SPY,-4.941819129897011,0.007141595059457903,-4.480891299588146,0.011323316188569642,"GARCH(1,1)",1,test
2024-09-11,TLT,-5.129630907634715,0.005918744634035101,-4.778377207915534,0.008409634989378804,"GARCH(1,1)",1,test
2024-09-12,GLD,-5.706917459224574,0.003322899747881999,-4.777062903588477,0.008420695075601814,"GARCH(1,1)",1,test
2024-09-12,SPY,-5.593677201793305,0.0037213186347762,-4.569962959213287,0.010358343391696133,"GARCH(1,1)",1,test
2024-09-12,TLT,-5.485286752705605,0.0041473456461697,-4.786700907248319,0.008339926236054986,"GARCH(1,1)",1,test
2024-09-13,GLD,-5.6158736867381975,0.0036396284135346998,-4.801708655283243,0.008215697254790735,"GARCH(1,1)",1,test
2024-09-13,SPY,-5.558351359983235,0.0038551268777847008,-4.583642693970112,0.010217608802197463,"GARCH(1,1)",1,test
2024-09-13,TLT,-5.2652738944003685,0.005167977354398001,-4.817724784519288,0.008085161713209346,"GARCH(1,1)",1,test
2024-09-16,GLD,-5.185478012477037,0.005597260415415201,-4.70878519962867,0.009015723236633761,"GARCH(1,1)",1,test
2024-09-16,SPY,-4.97473702531996,0.006910335943914797,-4.62259536148954,0.00982725764876716,"GARCH(1,1)",1,test
2024-09-16,TLT,-5.307003022046252,0.004956759779178502,-4.836820513745972,0.007932234430381805,"GARCH(1,1)",1,test
2024-09-17,GLD,-4.337715836016485,0.013066339805962899,-4.701940065942738,0.00907764876994329,"GARCH(1,1)",1,test
2024-09-17,SPY,-4.656924725164982,0.009495619184893004,-4.694953866428973,0.009141289078471499,"GARCH(1,1)",1,test
2024-09-17,TLT,-4.9107948121810665,0.007366630915918402,-4.863248469514931,0.00772534752994629,"GARCH(1,1)",1,test
2024-09-18,GLD,-5.1441041038391395,0.0058336984115665985,-4.728996209133347,0.008835335418988345,"GARCH(1,1)",1,test
2024-09-18,SPY,-5.124447538870155,0.005949503318030598,-4.78450735395948,0.00835824038786925,"GARCH(1,1)",1,test
2024-09-18,TLT,-5.740903836276114,0.0032118639638291004,-4.846748435873359,0.007853873449148115,"GARCH(1,1)",1,test
2024-09-19,GLD,-5.17522043655567,0.005654970214392599,-4.743553091226883,0.00870765207343761,"GARCH(1,1)",1,test
2024-09-19,SPY,-5.270444015608292,0.005141327236608999,-4.869374020014173,0.007678170164711112,"GARCH(1,1)",1,test
2024-09-19,TLT,-5.593360840155079,0.003722496103479001,-4.863563084288751,0.007722917403777318,"GARCH(1,1)",1,test
2024-09-20,GLD,-6.023942511253927,0.0024201094531693993,-4.746314385834922,0.008683640847010208,"GARCH(1,1)",1,test
2024-09-20,SPY,-5.897330653200222,0.0027467671155553997,-4.92438609103297,0.007267186301486727,"GARCH(1,1)",1,test
2024-09-20,TLT,-4.879361010790712,0.007601869988852201,-4.809618113314789,0.008150971851018636,"GARCH(1,1)",1,test
2024-09-23,GLD,-5.192936080476357,0.005555670947942001,-4.687934155404696,0.009205684038769311,"GARCH(1,1)",1,test
2024-09-23,SPY,-5.385496695848357,0.004582563616548999,-4.647287063943888,0.009587577163817005,"GARCH(1,1)",1,test
2024-09-23,TLT,-5.075894077504351,0.0062454999816005,-4.834568001594361,0.007950122023272655,"GARCH(1,1)",1,test
2024-09-24,GLD,-5.361349195726582,0.004694567941826401,-4.6633170154234636,0.00943511402019349,"GARCH(1,1)",1,test
2024-09-24,SPY,-5.656551000004779,0.0034945488361266008,-4.704722230104776,0.009052428360787316,"GARCH(1,1)",1,test
2024-09-24,TLT,-5.922285470991042,0.0026790702374119998,-4.856674172934519,0.007776303572330122,"GARCH(1,1)",1,test
2024-09-25,GLD,-5.097909880596068,0.0061095028202169015,-4.690065217871991,0.009186087039659672,"GARCH(1,1)",1,test
2024-09-25,SPY,-5.203257887232817,0.005498621320135001,-4.789989872789168,0.00831254156435782,"GARCH(1,1)",1,test
2024-09-25,TLT,-5.116233178870735,0.005998575954319,-4.883725516433713,0.007568763882834679,"GARCH(1,1)",1,test
2024-09-26,GLD,-5.018724702049377,0.006612954821726999,-4.655054917489748,0.009513390776077093,"GARCH(1,1)",1,test
2024-09-26,SPY,-5.471075351097698,0.004206706038893002,-4.867447082232248,0.007692979784923453,"GARCH(1,1)",1,test
2024-09-26,TLT,-5.535455582234187,0.003944411222906501,-4.912749789540293,0.007352243387492516,"GARCH(1,1)",1,test
2024-09-27,GLD,-5.531126480024503,0.003961523996995501,-4.682365925412981,0.009257086381951182,"GARCH(1,1)",1,test
2024-09-27,SPY,-4.975799165410531,0.006903000095608398,-4.930726175935435,0.0072212574735164205,"GARCH(1,1)",1,test
2024-09-27,TLT,-5.318518881274614,0.0049000058436991,-4.898009698190044,0.007461418777557883,"GARCH(1,1)",1,test
2024-09-30,GLD,-5.217681737849336,0.005419879274536897,-4.701371525561675,0.009082811247233454,"GARCH(1,1)",1,test
2024-09-30,SPY,-4.763231828394101,0.008537971502357402,-4.984962207591717,0.00684003652402829,"GARCH(1,1)",1,test
2024-09-30,TLT,-5.046228355967113,0.006433552815212301,-4.923236824477957,0.007275543036790461,"GARCH(1,1)",1,test
2024-10-01,GLD,-5.1158016839473825,0.006001164867901999,-4.705588166200303,0.00904459292929863,"GARCH(1,1)",1,test
2024-10-01,SPY,-5.179755368941465,0.0056293833679866,-5.043346298465441,0.00645212142941975,"GARCH(1,1)",1,test
2024-10-01,TLT,-5.4097451638103475,0.004472779892311099,-4.933878346903665,0.007198530673551945,"GARCH(1,1)",1,test
2024-10-02,GLD,-5.098148876211836,0.006108042850298501,-4.709193901374821,0.009012039247681774,"GARCH(1,1)",1,test
2024-10-02,SPY,-5.231548648136763,0.005345240992071601,-5.082323075561071,0.006205476467756194,"GARCH(1,1)",1,test
2024-10-02,TLT,-5.501287177602835,0.0040815144218834,-4.946408560949034,0.007108894297674489,"GARCH(1,1)",1,test
2024-10-03,GLD,-4.8785525439988255,0.007608018333325701,-4.698706846122581,0.00910704630259988,"GARCH(1,1)",1,test
2024-10-03,SPY,-5.038884467678551,0.006480974023283801,-4.939771372107579,0.007156234300063794,"GARCH(1,1)",1,test
2024-10-03,TLT,-5.502594212586339,0.004076183224537999,-4.963056816446359,0.00699152333093318,"GARCH(1,1)",1,test
2024-10-04,GLD,-5.903123717925444,0.0027309009171987996,-4.72574356851744,0.008864120378012787,"GARCH(1,1)",1,test
2024-10-04,SPY,-5.219972843989449,0.0054074759699216,-5.012358452129025,0.00665518883834431,"GARCH(1,1)",1,test
2024-10-04,TLT,-5.608631206497354,0.0036660840369277985,-4.941191009570444,0.007146082249578993,"GARCH(1,1)",1,test
2024-10-07,GLD,-4.681613738795816,0.009264052057857299,-4.751942286947437,0.00863490743706148,"GARCH(1,1)",1,test
2024-10-07,SPY,-5.443457714263523,0.004324504488635199,-5.0633756343779135,0.006324175336955875,"GARCH(1,1)",1,test
2024-10-07,TLT,-5.706861728403779,0.0033230849409728006,-4.91109279572081,0.0073644361081866205,"GARCH(1,1)",1,test
2024-10-08,GLD,-5.653305021193889,0.003505910497482401,-4.776051316769733,0.008429217649679986,"GARCH(1,1)",1,test
2024-10-08,SPY,-5.367948345405485,0.004663689782157999,-4.976967747228825,0.006894938086680961,"GARCH(1,1)",1,test
2024-10-08,TLT,-5.323743756822452,0.004874470690073,-4.8499940273266855,0.007828424305707085,"GARCH(1,1)",1,test
2024-10-09,GLD,-5.658269297317823,0.0034885493182051,-4.796309240926337,0.008260177183219598,"GARCH(1,1)",1,test
2024-10-09,SPY,-5.57983186160284,0.0037731998852409,-4.872515402136327,0.007654087943758191,"GARCH(1,1)",1,test
2024-10-09,TLT,-5.307286720098904,0.004955353755534201,-4.848532275937512,0.00783987588345177,"GARCH(1,1)",1,test
2024-10-10,GLD,-5.689646351944801,0.0033807883672203006,-4.797363703046046,0.008251471729869826,"GARCH(1,1)",1,test
2024-10-10,SPY,-5.560115832593731,0.0038483306096765983,-4.833532161507471,0.00795836134493315,"GARCH(1,1)",1,test
2024-10-10,TLT,-5.364420523052858,0.0046801715064212004,-4.876791723901579,0.007621426486115377,"GARCH(1,1)",1,test
2024-10-11,GLD,-5.3792887508303195,0.0046111004052827,-4.808935492401845,0.008156537774356667,"GARCH(1,1)",1,test
2024-10-11,SPY,-5.425353121859629,0.0044035109112662,-4.856453275867699,0.007778021524718291,"GARCH(1,1)",1,test
2024-10-11,TLT,-5.621340755730171,0.0036197846070479996,-4.886976733556243,0.007544196147264613,"GARCH(1,1)",1,test
2024-10-14,GLD,-5.236413841722084,0.005319298518634401,-4.810817754386247,0.008141199473258703,"GARCH(1,1)",1,test
2024-10-14,SPY,-5.153484676740307,0.005779230846223401,-4.925075929482591,0.007262174845701582,"GARCH(1,1)",1,test
2024-10-14,TLT,-5.609758073646982,0.0036619551740357014,-4.906610127184489,0.007397522536558174,"GARCH(1,1)",1,test
2024-10-15,GLD,-5.3380672193549055,0.0048051490399812985,-4.786286383899267,0.008343384046831343,"GARCH(1,1)",1,test
2024-10-15,SPY,-5.556198470639127,0.003863435479901399,-4.949207261137913,0.007089026448905192,"GARCH(1,1)",1,test
2024-10-15,TLT,-5.649257005830211,0.0035201312405140983,-4.924757981107135,0.007264484209505833,"GARCH(1,1)",1,test
2024-10-16,GLD,-5.667180775848011,0.0034575992959069994,-4.810017723171908,0.008147715293041537,"GARCH(1,1)",1,test
2024-10-16,SPY,-5.830083617517503,0.0029378313157912995,-4.921487404142293,0.00728828215952323,"GARCH(1,1)",1,test
2024-10-16,TLT,-5.3394626736810995,0.004798448350305998,-4.952189722788202,0.007067915196782221,"GARCH(1,1)",1,test
2024-10-17,GLD,-5.915099460840314,0.002698391401228901,-4.829459701813954,0.007990837534839442,"GARCH(1,1)",1,test
2024-10-17,SPY,-5.696655022303651,0.0033571763769840004,-4.8705220049180795,0.007669360798749434,"GARCH(1,1)",1,test
2024-10-17,TLT,-5.83483024376737,0.002923919571594999,-4.886859462673878,0.007545080913681192,"GARCH(1,1)",1,test
2024-10-18,GLD,-5.179627112356766,0.0056301054197743,-4.842497061965895,0.007887334278653008,"GARCH(1,1)",1,test
2024-10-18,SPY,-5.268397802630656,0.0051518582578045004,-4.927100782328319,0.007247484887819704,"GARCH(1,1)",1,test
2024-10-18,TLT,-5.554725930749606,0.003869128733498899,-4.904996899724569,0.0074094660542646405,"GARCH(1,1)",1,test
2024-10-21,GLD,-5.701035436352246,0.0033425027162366995,-4.850045363279328,0.007828022436402921,"GARCH(1,1)",1,test
2024-10-21,SPY,-5.43171516896182,0.004375584496212601,-5.000014881873613,0.0067378467265559365,"GARCH(1,1)",1,test
2024-10-21,TLT,-5.377057866577953,0.004621398719465301,-4.794202278720204,0.008277599411904101,"GARCH(1,1)",1,test
2024-10-22,GLD,-5.058620337545344,0.006354320285187498,-4.823436812877336,0.008039110687815432,"GARCH(1,1)",1,test
2024-10-22,SPY,-4.8037167222375325,0.008199216137758298,-5.0469433698659385,0.006428954379699158,"GARCH(1,1)",1,test
2024-10-22,TLT,-5.253345899674355,0.0052299900694473,-4.825227545676932,0.008024727670541104,"GARCH(1,1)",1,test
2024-10-23,GLD,-5.248664352916958,0.0052545319145725,-4.847447503124994,0.007848384982048649,"GARCH(1,1)",1,test
2024-10-23,SPY,-5.4743855857836765,0.004192803877053098,-5.09566612738892,0.006123226427199886,"GARCH(1,1)",1,test
2024-10-23,TLT,-4.9052147545355425,0.0074078520422545,-4.710951866321298,0.008996210316018107,"GARCH(1,1)",1,test
2024-10-24,GLD,-5.578584452611387,0.0037779095455298985,-4.819720845988775,0.008069039329426549,"GARCH(1,1)",1,test
2024-10-24,SPY,-4.9203702119840775,0.007296429121212202,-5.1487790489628305,0.005806489840466601,"GARCH(1,1)",1,test
2024-10-24,TLT,-5.238337593863069,0.005309075343301201,-4.743984910047439,0.00870389275711963,"GARCH(1,1)",1,test
2024-10-25,GLD,-6.360682216517442,0.0017281873116705001,-4.780318720047064,0.008393323420703253,"GARCH(1,1)",1,test
2024-10-25,SPY,-6.268272635963042,0.0018954999754434996,-4.972255187573183,0.006927507576291932,"GARCH(1,1)",1,test
2024-10-25,TLT,-5.085340037387066,0.006186782995066698,-4.773164752238926,0.008453584281378324,"GARCH(1,1)",1,test
2024-10-28,GLD,-5.479771761355258,0.0041702814086683,-4.7822180220057975,0.008377397094329116,"GARCH(1,1)",1,test
2024-10-28,SPY,-5.287616176507938,0.005053793262818901,-5.038090528111308,0.00648612156814454,"GARCH(1,1)",1,test
2024-10-28,TLT,-5.121891475774302,0.005964730075887098,-4.785304285426663,0.008351582096547206,"GARCH(1,1)",1,test
2024-10-29,GLD,-5.376900653257269,0.004622125322018499,-4.805758721728433,0.008182490425339185,"GARCH(1,1)",1,test
2024-10-29,SPY,-5.358736172354377,0.004706850998548999,-5.098684356405843,0.006104772989878897,"GARCH(1,1)",1,test
2024-10-29,TLT,-4.851394083495607,0.007817471740857002,-4.801260046253977,0.008219383717589379,"GARCH(1,1)",1,test
2024-10-30,GLD,-4.816189747222157,0.008097582268561398,-4.830233360510983,0.007984657744716496,"GARCH(1,1)",1,test
2024-10-30,SPY,-5.351554498128197,0.004740775741468,-5.141761914062527,0.005847378054251925,"GARCH(1,1)",1,test
2024-10-30,TLT,-4.826668278515489,0.008013174506375603,-4.828482032676758,0.007998653750291318,"GARCH(1,1)",1,test
2024-10-31,GLD,-5.30435106236796,0.004969922351839598,-4.803764166552913,0.008198827140789906,"GARCH(1,1)",1,test
2024-10-31,SPY,-5.103520171576427,0.0060753227015086,-5.191911592672783,0.005561365581612128,"GARCH(1,1)",1,test
2024-10-31,TLT,-4.6975382038279685,0.009117695403370898,-4.857408311612072,0.007770596782153291,"GARCH(1,1)",1,test
2024-11-01,GLD,-5.6667653949096195,0.0034590358150778,-4.815866372301597,0.00810020124701737,"GARCH(1,1)",1,test
2024-11-01,SPY,-5.199618670719491,0.0055186684494406,-5.194377151498172,0.0055476705974533275,"GARCH(1,1)",1,test
2024-11-01,TLT,-4.931704813736906,0.007214193934865398,-4.881917288777073,0.007582462312221166,"GARCH(1,1)",1,test
2024-11-04,GLD,-5.44611177795513,0.0043130421958437,-4.73988284018235,0.008739670063644407,"GARCH(1,1)",1,test
2024-11-04,SPY,-5.488235496290055,0.0041351342003626,-4.593147510582733,0.010120952382756728,"GARCH(1,1)",1,test
2024-11-04,TLT,-4.739226319605193,0.008745409720774098,-4.909106263383267,0.007379080339466914,"GARCH(1,1)",1,test
2024-11-05,GLD,-4.97727664006865,0.0068928086185806,-4.759254323103216,0.008571998956509853,"GARCH(1,1)",1,test
2024-11-05,SPY,-4.877867924346982,0.007613228715549801,-4.675432472047884,0.009321492980734857,"GARCH(1,1)",1,test
2024-11-05,TLT,-4.788772526067323,0.008322666971396497,-4.7732443110595,0.008452911750936492,"GARCH(1,1)",1,test
2024-11-06,GLD,-5.305035707210808,0.004966520884663402,-4.784234143561921,0.008360524258022842,"GARCH(1,1)",1,test
2024-11-06,SPY,-5.672536800035352,0.0034391298160911014,-4.755154054853858,0.00860721860732946,"GARCH(1,1)",1,test
2024-11-06,TLT,-5.051397500009464,0.006400382658524298,-4.700896309915944,0.009087128566993063,"GARCH(1,1)",1,test
2024-11-07,GLD,-5.655347905895666,0.0034987556373268,-4.807301822054306,0.0081698737585922,"GARCH(1,1)",1,test
2024-11-07,SPY,-5.648048917487585,0.0035243864398411,-4.6886203986097374,0.009199368867769371,"GARCH(1,1)",1,test
2024-11-07,TLT,-5.338726314390442,0.0048019830335681996,-4.722435269620195,0.008893494099418586,"GARCH(1,1)",1,test
2024-11-08,GLD,-5.372714257686546,0.0046415159270456,-4.525846216616595,0.010825549799225011,"GARCH(1,1)",1,test
2024-11-08,SPY,-5.631591046692004,0.003582870276133301,-4.337892764039924,0.013064028208786634,"GARCH(1,1)",1,test
2024-11-08,TLT,-5.291694128446667,0.005033226101235202,-4.492582146312841,0.011191707840079444,"GARCH(1,1)",1,test
2024-11-11,GLD,-5.1404545917480835,0.005855027461093902,-4.495132090348509,0.011163205965959423,"GARCH(1,1)",1,test
2024-11-11,SPY,-5.198018108297047,0.005527508495418199,-4.412172553553555,0.012128799219431056,"GARCH(1,1)",1,test
2024-11-11,TLT,-4.6894700484464025,0.009191555945107696,-4.487087015864724,0.011253377019508199,"GARCH(1,1)",1,test
2024-11-12,GLD,-5.063663451856941,0.006322355390672202,-4.515451191651786,0.010938668577306635,"GARCH(1,1)",1,test
2024-11-12,SPY,-5.287727898512282,0.0050532286744450995,-4.504333815485618,0.011060956370816631,"GARCH(1,1)",1,test
2024-11-12,TLT,-4.839362913369545,0.007912093135011896,-4.481037226834392,0.011321663928777667,"GARCH(1,1)",1,test
2024-11-13,GLD,-5.2164532857050245,0.005426541428084199,-4.417879350268312,0.012059779755233438,"GARCH(1,1)",1,test
2024-11-13,SPY,-5.400071461548753,0.004516258192275699,-4.602037444848428,0.010031376533013588,"GARCH(1,1)",1,test
2024-11-13,TLT,-5.1682876703538225,0.005694311013478102,-4.51247374361597,0.010971286429459522,"GARCH(1,1)",1,test
2024-11-14,GLD,-5.561560333689204,0.003842775704894098,-4.435104824536713,0.011853823270977112,"GARCH(1,1)",1,test
2024-11-14,SPY,-5.054667504723885,0.006379487559212602,-4.679914993015532,0.009279802701581012,"GARCH(1,1)",1,test
2024-11-14,TLT,-4.723912470166089,0.008880366323645996,-4.4855899473699825,0.011270236712612387,"GARCH(1,1)",1,test
2024-11-15,GLD,-5.945740977170501,0.002616962520284301,-4.445511908021808,0.011731099249803315,"GARCH(1,1)",1,test
2024-11-15,SPY,-5.390705418772264,0.004558756368893302,-4.769470351676404,0.008484872968787747,"GARCH(1,1)",1,test
2024-11-15,TLT,-4.794835272916579,0.008272361397507701,-4.498257836753653,0.01112836709214922,"GARCH(1,1)",1,test
2024-11-18,GLD,-5.653951110188861,0.0035036460988729008,-4.476546126646974,0.011372625005764322,"GARCH(1,1)",1,test
2024-11-18,SPY,-5.113149851263878,0.006017100072447601,-4.783848160000249,0.008363751905822822,"GARCH(1,1)",1,test
2024-11-18,TLT,-5.682550128082941,0.0034048645221640005,-4.526065762484565,0.010823173355376848,"GARCH(1,1)",1,test
2024-11-19,GLD,-5.430743209375652,0.0043798394549978015,-4.507598320954794,0.011024906692450973,"GARCH(1,1)",1,test
2024-11-19,SPY,-4.904870882370484,0.007410399834406998,-4.647429325257579,0.009586213319508008,"GARCH(1,1)",1,test
2024-11-19,TLT,-5.23342046772349,0.005335245023530298,-4.560791029807797,0.010453786415291152,"GARCH(1,1)",1,test
2024-11-20,GLD,-5.799947631885586,0.0030277132968606,-4.457804613512483,0.011587775027682694,"GARCH(1,1)",1,test
2024-11-20,SPY,-4.692018458473773,0.009168161913223602,-4.726151601719895,0.008860504260386197,"GARCH(1,1)",1,test
2024-11-20,TLT,-5.020123719858943,0.006603709648746297,-4.595880459956282,0.010093330094632659,"GARCH(1,1)",1,test
2024-11-21,GLD,-5.132752198813977,0.005900299310205098,-4.472566437084689,0.011417974701797763,"GARCH(1,1)",1,test
2024-11-21,SPY,-5.809912627483447,0.002997691976775899,-4.802159398555329,0.008211994918991807,"GARCH(1,1)",1,test
2024-11-21,TLT,-5.4676626935233195,0.0042210866101459014,-4.622387653275443,0.009829299062904757,"GARCH(1,1)",1,test
2024-11-22,GLD,-4.9385382371892215,0.007165064345663,-4.497332517043773,0.011138669155174278,"GARCH(1,1)",1,test
2024-11-22,SPY,-5.05688861330222,0.006365333749062798,-4.884091079185667,0.0075659975303493015,"GARCH(1,1)",1,test
2024-11-22,TLT,-5.321447118869423,0.0048856784496174,-4.653662050243497,0.009526650899141618,"GARCH(1,1)",1,test
2024-11-25,GLD,-5.434599148235667,0.004362983580338502,-4.512491050096501,0.010971096556747545,"GARCH(1,1)",1,test
2024-11-25,SPY,-5.7043057519169995,0.0033315895320828997,-4.924385972433906,0.007267187163368271,"GARCH(1,1)",1,test
2024-11-25,TLT,-5.376476512361152,0.004624086170203101,-4.687831838337166,0.009206625985552557,"GARCH(1,1)",1,test
2024-11-26,GLD,-5.388137258490441,0.004570479032330701,-4.504587214049702,0.011058153895441477,"GARCH(1,1)",1,test
2024-11-26,SPY,-5.5570155476477305,0.0038602800448888004,-4.987390066735011,0.006823450021805927,"GARCH(1,1)",1,test
2024-11-26,TLT,-5.222618673343901,0.0053931876218676015,-4.721495035551561,0.008901859997895126,"GARCH(1,1)",1,test
2024-11-27,GLD,-5.811747197813214,0.0029921975415225007,-4.350320161502863,0.012902680977392356,"GARCH(1,1)",1,test
2024-11-27,SPY,-5.630641056464688,0.003586275585130402,-5.040680255077508,0.0064693460156395105,"GARCH(1,1)",1,test
2024-11-27,TLT,-5.532868774806549,0.003954627863699601,-4.526615531501496,0.01081722474533177,"GARCH(1,1)",1,test
2024-11-29,GLD,-5.723501302995018,0.0032682477204855993,-4.383651310542635,0.012479708040032938,"GARCH(1,1)",1,test
2024-11-29,SPY,-6.185714170851659,0.0020586308133969007,-5.058559986576574,0.006354703786144794,"GARCH(1,1)",1,test
2024-11-29,TLT,-4.863631102086467,0.0077223921258078995,-4.558374796421408,0.010479075743197522,"GARCH(1,1)",1,test
2024-12-02,GLD,-5.345125315634003,0.004771353242716699,-4.416001934217381,0.012082442246122156,"GARCH(1,1)",1,test
2024-12-02,SPY,-6.182622066868174,0.0020650061654817003,-5.084738680730628,0.006190504577089628,"GARCH(1,1)",1,test
2024-12-02,TLT,-5.234574785752687,0.005329090007116098,-4.579016241148131,0.01026498960528758,"GARCH(1,1)",1,test
2024-12-03,GLD,-5.906261992010659,0.0027223440355638993,-4.433788207741086,0.01186944049248012,"GARCH(1,1)",1,test
2024-12-03,SPY,-5.894569168910098,0.0027543627525829003,-5.07208503994136,0.006269334690463079,"GARCH(1,1)",1,test
2024-12-03,TLT,-4.836720369643251,0.0079330288366583,-4.580466108720125,0.010250117513618975,"GARCH(1,1)",1,test
2024-12-04,GLD,-5.190634939582487,0.0055684700501741026,-4.449324621310132,0.011686457089764773,"GARCH(1,1)",1,test
2024-12-04,SPY,-6.0652037878069,0.0023222847129964,-5.12877624724271,0.005923805312917054,"GARCH(1,1)",1,test
2024-12-04,TLT,-5.466625220389668,0.0042254681465689,-4.6153106316017825,0.00989910795356577,"GARCH(1,1)",1,test
2024-12-05,GLD,-5.494533911824501,0.0041091712554151005,-4.480497977260211,0.011327770777640116,"GARCH(1,1)",1,test
2024-12-05,SPY,-6.051750288726225,0.0023537386767637,-5.181385838828202,0.0056202123065256905,"GARCH(1,1)",1,test
2024-12-05,TLT,-5.145757571297603,0.005824060551220599,-4.623949151161525,0.009813962610231791,"GARCH(1,1)",1,test
2024-12-06,GLD,-5.343830415002412,0.0047775356729968,-4.509939555390573,0.010999124993528628,"GARCH(1,1)",1,test
2024-12-06,SPY,-5.759918346208705,0.0031513689091583015,-5.145032384155485,0.0058282856168437305,"GARCH(1,1)",1,test
2024-12-06,TLT,-5.8218969164764625,0.0029619811814669003,-4.6187203344208925,0.009865412415800438,"GARCH(1,1)",1,test
2024-12-09,GLD,-6.077712476429436,0.0022934169022611997,-4.527059909457748,0.010812418876997182,"GARCH(1,1)",1,test
2024-12-09,SPY,-5.6878842442442945,0.0033867509322339996,-5.179221071434293,0.005632391937150961,"GARCH(1,1)",1,test
2024-12-09,TLT,-5.831150477465069,0.002934698732538701,-4.651788151043019,0.009544519619506326,"GARCH(1,1)",1,test
2024-12-10,GLD,-5.28037751678347,0.005090508677444501,-4.557778879816116,0.010485322259457534,"GARCH(1,1)",1,test
2024-12-10,SPY,-5.826749529056125,0.0029476426521257014,-5.22210939771732,0.0053959349403847985,"GARCH(1,1)",1,test
2024-12-10,TLT,-4.983261573413839,0.0068516788207569025,-4.684935021471938,0.009233334561228393,"GARCH(1,1)",1,test
2024-12-11,GLD,-5.604827349343867,0.0036800558534672003,-4.562517448936493,0.010435754368370602,"GARCH(1,1)",1,test
2024-12-11,SPY,-6.04830886817328,0.0023618528355303,-5.158095088734372,0.005752647538102462,"GARCH(1,1)",1,test
2024-12-11,TLT,-5.431038440886352,0.004378546579237098,-4.68455093284399,0.00923688166118817,"GARCH(1,1)",1,test
2024-12-12,GLD,-5.710932491921509,0.0033095849443182,-4.548148409745991,0.010586788641917396,"GARCH(1,1)",1,test
2024-12-12,SPY,-5.39901925026283,0.004521012751077301,-5.164727437884217,0.00571462021572894,"GARCH(1,1)",1,test
2024-12-12,TLT,-5.512631314612932,0.004035474796714199,-4.709004245854765,0.009013748592760296,"GARCH(1,1)",1,test
2024-12-13,GLD,-5.698955352631769,0.0033494626378227014,-4.5554244958197145,0.010510037817923184,"GARCH(1,1)",1,test
2024-12-13,SPY,-5.848272417442176,0.0028848787217071992,-5.087454399625934,0.006173715714072744,"GARCH(1,1)",1,test
2024-12-13,TLT,-5.4326552449007774,0.004371473047348701,-4.704835554171249,0.00905140256091902,"GARCH(1,1)",1,test
2024-12-16,GLD,-5.570016136770898,0.003810418944238401,-4.5287996960958585,0.010793623929449431,"GARCH(1,1)",1,test
2024-12-16,SPY,-5.92677753780085,0.0026670626645186003,-5.060914568249653,0.006339758718667773,"GARCH(1,1)",1,test
2024-12-16,TLT,-5.5095570042818895,0.004047900188541201,-4.678338751853899,0.009294441442633304,"GARCH(1,1)",1,test
2024-12-17,GLD,-4.702681501870212,0.009070920769507098,-4.522090679942109,0.010866281986254512,"GARCH(1,1)",1,test
2024-12-17,SPY,-4.145492889502063,0.015835628812250594,-5.119359803241474,0.005979849950395718,"GARCH(1,1)",1,test
2024-12-17,TLT,-4.841709438944645,0.007893548971803598,-4.671317008984246,0.009359934288429194,"GARCH(1,1)",1,test
2024-12-18,GLD,-5.548112824930518,0.0038948004826793014,-4.551485141497097,0.010551522238099036,"GARCH(1,1)",1,test
2024-12-18,SPY,-5.03018854416153,0.006537577832209099,-5.141193486251008,0.005850702811415125,"GARCH(1,1)",1,test
2024-12-18,TLT,-4.986090620368308,0.006832322492546601,-4.70132995611508,0.009083188822518273,"GARCH(1,1)",1,test
2024-12-19,GLD,-5.314691326016357,0.0049187968256516,-4.577616655939139,0.010279366391331325,"GARCH(1,1)",1,test
2024-12-19,SPY,-4.212458357788134,0.014809915478301905,-5.128307815972174,0.005926580858591634,"GARCH(1,1)",1,test
2024-12-19,TLT,-5.360121932103802,0.004700332951155601,-4.731874989746945,0.008809937002444623,"GARCH(1,1)",1,test
2024-12-20,GLD,-5.993326641805871,0.0024953490948121,-4.5099816998854605,0.010998661450729526,"GARCH(1,1)",1,test
2024-12-20,SPY,-4.80132152085331,0.008218878449799296,-4.252688831139769,0.01422593131036648,"GARCH(1,1)",1,test
2024-12-20,TLT,-5.44525643794385,0.004316732891578999,-4.656168306017989,0.00950280457029596,"GARCH(1,1)",1,test
2024-12-23,GLD,-6.008090808041063,0.002458777981275,-4.5404080571713274,0.01066905208193337,"GARCH(1,1)",1,test
2024-12-23,SPY,-5.448315635553026,0.004303547331537799,-4.359924638377286,0.012779350685852241,"GARCH(1,1)",1,test
2024-12-23,TLT,-5.425990797033647,0.004400703796788298,-4.607977213549271,0.009971969084569867,"GARCH(1,1)",1,test
2024-12-24,GLD,-5.639110529199129,0.0035560299847854993,-4.543645729127198,0.010634565050185644,"GARCH(1,1)",1,test
2024-12-24,SPY,-5.3349105697846095,0.0048203411771450995,-4.4248311898910675,0.01197623283934096,"GARCH(1,1)",1,test
2024-12-24,TLT,-5.438580682052923,0.0043456467501598985,-4.631409537184535,0.009741019092464272,"GARCH(1,1)",1,test
2024-12-26,GLD,-5.958291412852979,0.002584323744338501,-4.567879697823973,0.01037994502164957,"GARCH(1,1)",1,test
2024-12-26,SPY,-4.837627104045221,0.007925838946653196,-4.506382360611598,0.011038320695571568,"GARCH(1,1)",1,test
2024-12-26,TLT,-5.267370981722865,0.005157151010467097,-4.635701772762717,0.009699297946295185,"GARCH(1,1)",1,test
2024-12-27,GLD,-5.45898913813364,0.004257857676076802,-4.59682551364432,0.010083795861692751,"GARCH(1,1)",1,test
2024-12-27,SPY,-4.732220647398198,0.008806892306554202,-4.519389295913322,0.010895675670804504,"GARCH(1,1)",1,test
2024-12-27,TLT,-5.819052782894467,0.0029704174428547,-4.663245301686575,0.009435790671740161,"GARCH(1,1)",1,test
2024-12-30,GLD,-5.719738511529347,0.0032805686210685,-4.61348463288922,0.009917200225149766,"GARCH(1,1)",1,test
2024-12-30,SPY,-5.067693326183028,0.006296928361280399,-4.6165551168056975,0.009886796322595853,"GARCH(1,1)",1,test
2024-12-30,TLT,-5.124312631620829,0.0059503060033009,-4.696767359972667,0.009124726432411709,"GARCH(1,1)",1,test
2024-12-31,GLD,-5.852003563493134,0.0028741348737542985,-4.628034060730936,0.009773955229349783,"GARCH(1,1)",1,test
2024-12-31,SPY,-4.439268057368452,0.011804575630582497,-4.586684662849342,0.010186574381004367,"GARCH(1,1)",1,test
2024-12-31,TLT,-4.93968897694828,0.007156823963421298,-4.70259146604879,0.009071737514077222,"GARCH(1,1)",1,test
