date,asset,y_true_logrv,y_true_rv,yhat_logrv,yhat_rv,model,horizon,split
2018-01-02,GLD,-3.774282237335077,0.0229535599390499,-4.835719153865332,0.00794097548778866,"GARCH(1,1)",22,val
2018-01-02,SPY,-3.763655721707996,0.023198776895805705,-4.877849894894853,0.007613365979129869,"GARCH(1,1)",22,val
2018-01-02,TLT,-3.8129846818743554,0.0220821722422776,-4.892412631527735,0.007503297926716581,"GARCH(1,1)",22,val
2018-01-03,GLD,-3.7810074620002023,0.0227997100091353,-4.831740819027118,0.007972630272136415,"GARCH(1,1)",22,val
2018-01-03,SPY,-3.3935848693261295,0.03358805203909391,-4.870503287046501,0.007669504354203479,"GARCH(1,1)",22,val
2018-01-03,TLT,-3.592386126917946,0.0275325558086331,-4.904657637739548,0.007411980230884321,"GARCH(1,1)",22,val
2018-01-04,GLD,-3.788939946670373,0.022619567094072698,-4.794503787972558,0.008275104015305615,"GARCH(1,1)",22,val
2018-01-04,SPY,-3.2471927801891667,0.0388832084789032,-4.852723068447774,0.007807089339105377,"GARCH(1,1)",22,val
2018-01-04,TLT,-3.576411374321956,0.0279759134115914,-4.882065049134654,0.007581342007648912,"GARCH(1,1)",22,val
2018-01-05,GLD,-3.7532846061965297,0.02344062604568029,-4.804543217680675,0.008192442322632365,"GARCH(1,1)",22,val
2018-01-05,SPY,-3.202936626002447,0.0406426762203058,-4.844545913413836,0.007871190845790925,"GARCH(1,1)",22,val
2018-01-05,TLT,-3.5498338294553093,0.028729413239860495,-4.888926303174487,0.007529502539421532,"GARCH(1,1)",22,val
2018-01-08,GLD,-3.73342613777163,0.023910773733908795,-4.807962210201362,0.008164480251899045,"GARCH(1,1)",22,val
2018-01-08,SPY,-3.145538075154966,0.0430437570383553,-4.848486012177626,0.007840238593977283,"GARCH(1,1)",22,val
2018-01-08,TLT,-3.532018565413672,0.0292458216402676,-4.901760008317992,0.0074334885493924675,"GARCH(1,1)",22,val
2018-01-09,GLD,-3.727903676322157,0.024043185342564204,-4.819446690051643,0.008071251807733841,"GARCH(1,1)",22,val
2018-01-09,SPY,-2.9576423143526496,0.05194123402568951,-4.839517706860109,0.007910868489283898,"GARCH(1,1)",22,val
2018-01-09,TLT,-3.506800597007475,0.029992719892850794,-4.911652361550047,0.00736031637412758,"GARCH(1,1)",22,val
2018-01-10,GLD,-3.723973473990736,0.024137865860575203,-4.831039792545938,0.007978221256566944,"GARCH(1,1)",22,val
2018-01-10,SPY,-2.925656885544943,0.0536294519279243,-4.850510349210383,0.007824383362226727,"GARCH(1,1)",22,val
2018-01-10,TLT,-3.498385837380667,0.030246166270973797,-4.923765323513791,0.0072716989352018145,"GARCH(1,1)",22,val
2018-01-11,GLD,-3.720183317354493,0.0242295257459862,-4.8349219882628285,0.007947308284106185,"GARCH(1,1)",22,val
2018-01-11,SPY,-2.91723323064167,0.05408311599580509,-4.858637182849249,0.0077610535841537145,"GARCH(1,1)",22,val
2018-01-11,TLT,-3.5136636345228607,0.0297875834657171,-4.881685646775513,0.007584218932413575,"GARCH(1,1)",22,val
2018-01-12,GLD,-3.674311866685737,0.025366855296358595,-4.844084351478704,0.007874824726435477,"GARCH(1,1)",22,val
2018-01-12,SPY,-2.906915604308598,0.0546440139696474,-4.863936453029927,0.007720034446064701,"GARCH(1,1)",22,val
2018-01-12,TLT,-3.5118732004966704,0.029840963941562302,-4.8941565768429065,0.007490223988878801,"GARCH(1,1)",22,val
2018-01-16,GLD,-3.6736296691246726,0.025384166407301102,-4.8512224783843925,0.007818813374076772,"GARCH(1,1)",22,val
2018-01-16,SPY,-2.899834987253344,0.0550323003382391,-4.847775814563153,0.00784580869042411,"GARCH(1,1)",22,val
2018-01-16,TLT,-3.5080629589497065,0.029954882112225897,-4.902107153786966,0.007430908495376815,"GARCH(1,1)",22,val
2018-01-17,GLD,-3.6803775921512334,0.0252134526357657,-4.811659125373406,0.008134352585011707,"GARCH(1,1)",22,val
2018-01-17,SPY,-2.8981765414499874,0.0551236441492278,-4.840385109018448,0.00790400956003702,"GARCH(1,1)",22,val
2018-01-17,TLT,-3.513443994498258,0.029794126729837403,-4.913779486633073,0.007344676700217514,"GARCH(1,1)",22,val
2018-01-18,GLD,-3.6671225429599983,0.025549882965233514,-4.822955970922575,0.008042977159019395,"GARCH(1,1)",22,val
2018-01-18,SPY,-2.88934326236832,0.0556127235894856,-4.843528329073529,0.007879204522939857,"GARCH(1,1)",22,val
2018-01-18,TLT,-3.5119088514571137,0.029839900101500803,-4.920956318390529,0.007292153890352521,"GARCH(1,1)",22,val
2018-01-19,GLD,-3.637231447487805,0.026325125662010684,-4.812665477381647,0.008126170680580528,"GARCH(1,1)",22,val
2018-01-19,SPY,-2.869133077757373,0.0567481014527478,-4.815497448609876,0.008103190154470589,"GARCH(1,1)",22,val
2018-01-19,TLT,-3.487872695137056,0.030565825888595514,-4.9322881448032,0.007209986898591693,"GARCH(1,1)",22,val
2018-01-22,GLD,-3.638957768402037,0.026279719251305404,-4.823201748246395,0.008041000620521826,"GARCH(1,1)",22,val
2018-01-22,SPY,-2.859092009264154,0.0573207833839224,-4.82954425497801,0.007990161912805807,"GARCH(1,1)",22,val
2018-01-22,TLT,-3.487870327457024,0.030565898258776793,-4.916884968709961,0.007321903317832112,"GARCH(1,1)",22,val
2018-01-23,GLD,-3.64771754273194,0.026050520172917296,-4.828371181583645,0.00799954045894838,"GARCH(1,1)",22,val
2018-01-23,SPY,-2.854861302311924,0.05756380453384249,-4.8360154978421175,0.007938622576185864,"GARCH(1,1)",22,val
2018-01-23,TLT,-3.49819247565533,0.030252015287338497,-4.9203477155171615,0.007296593266934874,"GARCH(1,1)",22,val
2018-01-24,GLD,-3.6637556657601222,0.02563605126128501,-4.839017894532271,0.00791482342715977,"GARCH(1,1)",22,val
2018-01-24,SPY,-2.8575423226680505,0.05740968149792751,-4.821259739862311,0.008056631483864615,"GARCH(1,1)",22,val
2018-01-24,TLT,-3.493199038705921,0.030403454604939702,-4.932134642915677,0.00721109373013784,"GARCH(1,1)",22,val
2018-01-25,GLD,-3.7215344869800697,0.02419680965422819,-4.841898906422603,0.007892053542659837,"GARCH(1,1)",22,val
2018-01-25,SPY,-2.8501503160324475,0.057835626599485795,-4.835955503430886,0.007939098863460458,"GARCH(1,1)",22,val
2018-01-25,TLT,-3.480794287397435,0.030782950809929502,-4.938390289656599,0.007166124477674044,"GARCH(1,1)",22,val
2018-01-26,GLD,-3.7174739391175886,0.024295261707311895,-4.803839814255832,0.00819820694180869,"GARCH(1,1)",22,val
2018-01-26,SPY,-2.8414970602564384,0.05833826466086201,-4.8481784910145596,0.007842650004029231,"GARCH(1,1)",22,val
2018-01-26,TLT,-3.485868331803713,0.030627152348982792,-4.940458295136467,0.007151320205918412,"GARCH(1,1)",22,val
2018-01-29,GLD,-3.6582500109833753,0.0257775837664114,-4.801992026401087,0.008213369493301544,"GARCH(1,1)",22,val
2018-01-29,SPY,-2.803991228444198,0.060567839479079295,-4.858507748106641,0.007762058199141388,"GARCH(1,1)",22,val
2018-01-29,TLT,-3.464302176445082,0.0312948360822387,-4.931598843208144,0.007214958467319504,"GARCH(1,1)",22,val
2018-01-30,GLD,-3.657510596307604,0.0257966511386329,-4.814518788827427,0.008111124302566872,"GARCH(1,1)",22,val
2018-01-30,SPY,-2.7991059905940507,0.060864451701731714,-4.8092894576437315,0.008153651154402112,"GARCH(1,1)",22,val
2018-01-30,TLT,-3.462619285578626,0.0313475462163102,-4.938915454383906,0.007162362069895278,"GARCH(1,1)",22,val
2018-01-31,GLD,-3.701618363371805,0.024683547179913386,-4.816349987651876,0.008096284812454236,"GARCH(1,1)",22,val
2018-01-31,SPY,-2.7929880134730656,0.061237960418592204,-4.80168129695121,0.008215922025638783,"GARCH(1,1)",22,val
2018-01-31,TLT,-3.461347825341015,0.0313874287240094,-4.934931685705347,0.00719095217394295,"GARCH(1,1)",22,val
2018-02-01,GLD,-3.699561906625127,0.024734360056377407,-4.822432979016563,0.008047184671125283,"GARCH(1,1)",22,val
2018-02-01,SPY,-2.793301741114038,0.0612187513910911,-4.7657347254683575,0.008516628559200953,"GARCH(1,1)",22,val
2018-02-01,TLT,-3.4765365509658683,0.0309142959190701,-4.935626955401533,0.007185954260459914,"GARCH(1,1)",22,val
2018-02-02,GLD,-3.701796605281972,0.024679147929391396,-4.819707376132626,0.008069148018957596,"GARCH(1,1)",22,val
2018-02-02,SPY,-2.794930259544301,0.061119136660400905,-4.7919345548603305,0.008296392021764305,"GARCH(1,1)",22,val
2018-02-02,TLT,-3.485875091674941,0.030626945314076597,-4.936851976262318,0.0071771567062800905,"GARCH(1,1)",22,val
2018-02-05,GLD,-3.713993523167848,0.024379966642359988,-4.828386420188606,0.00799941855804026,"GARCH(1,1)",22,val
2018-02-05,SPY,-2.8787649097608226,0.056204137164749084,-4.811756979881921,0.008133556640881402,"GARCH(1,1)",22,val
2018-02-05,TLT,-3.6564844026132297,0.025823137086899584,-4.867022276794605,0.007696248498802322,"GARCH(1,1)",22,val
2018-02-06,GLD,-3.7186554442383666,0.024266573682055703,-4.7842243373137485,0.008360606243800556,"GARCH(1,1)",22,val
2018-02-06,SPY,-2.941059082264463,0.05280976922074259,-4.623592334005127,0.009817465025287098,"GARCH(1,1)",22,val
2018-02-06,TLT,-3.6744936776195063,0.0253622437439384,-4.8567602057117405,0.007775634584115147,"GARCH(1,1)",22,val
2018-02-07,GLD,-3.750660349183596,0.023502221058191,-4.795569322528093,0.008266291301985753,"GARCH(1,1)",22,val
2018-02-07,SPY,-2.965648495376269,0.0515270433586483,-4.207692462683759,0.014880666443898141,"GARCH(1,1)",22,val
2018-02-07,TLT,-3.721433624027089,0.0241992503389879,-4.847374515176739,0.00784895784047123,"GARCH(1,1)",22,val
2018-02-08,GLD,-3.750527666519044,0.0235053396023877,-4.7747681778454725,0.008440040449039989,"GARCH(1,1)",22,val
2018-02-08,SPY,-2.991152833386871,0.0502294970913849,-4.238603897485448,0.01442772036578434,"GARCH(1,1)",22,val
2018-02-08,TLT,-3.7406555215932142,0.023738536906330703,-4.850815185451728,0.007821998570115746,"GARCH(1,1)",22,val
2018-02-09,GLD,-3.7626134358837713,0.023222969257591295,-4.781810188158116,0.0083808143772141,"GARCH(1,1)",22,val
2018-02-09,SPY,-3.185466969668557,0.04135892792602511,-4.323213620821475,0.013257211362595646,"GARCH(1,1)",22,val
2018-02-09,TLT,-3.778916897334033,0.022847424134634003,-4.840648620360011,0.00790192703827023,"GARCH(1,1)",22,val
2018-02-12,GLD,-3.770767170003696,0.023034385217657688,-4.7943984398648185,0.008275975827776066,"GARCH(1,1)",22,val
2018-02-12,SPY,-3.2361489646948702,0.039315007424394206,-4.131599511239583,0.016057174639691786,"GARCH(1,1)",22,val
2018-02-12,TLT,-3.8112585472684626,0.022120321960260102,-4.854169818946887,0.007795802595227253,"GARCH(1,1)",22,val
2018-02-13,GLD,-3.7679866389822454,0.023098522166381096,-4.806467474319524,0.008176693118719379,"GARCH(1,1)",22,val
2018-02-13,SPY,-3.251079211098647,0.038732384848262,-4.198564359323844,0.015017120541344357,"GARCH(1,1)",22,val
2018-02-13,TLT,-3.81363236327104,0.022067874660756485,-4.856989666975812,0.007773850581862052,"GARCH(1,1)",22,val
2018-02-14,GLD,-3.842354878145158,0.021443046082126205,-4.811619154957921,0.008134677724962177,"GARCH(1,1)",22,val
2018-02-14,SPY,-3.2165156260440098,0.0400945194514397,-4.2582266448432815,0.014147368486927044,"GARCH(1,1)",22,val
2018-02-14,TLT,-3.818167210101198,0.021968026797798097,-4.865343791372457,0.007709177387152712,"GARCH(1,1)",22,val
2018-02-15,GLD,-3.8434243466985425,0.021420125677163396,-4.8137603476701845,0.008117278446552486,"GARCH(1,1)",22,val
2018-02-15,SPY,-3.247964379410498,0.038853217797399205,-4.348137235133693,0.012930877344030308,"GARCH(1,1)",22,val
2018-02-15,TLT,-3.836829380311328,0.0215618575307175,-4.873244616490154,0.007648508507513887,"GARCH(1,1)",22,val
2018-02-16,GLD,-3.811914946713834,0.022105806957534987,-4.741589231307708,0.008724769484932473,"GARCH(1,1)",22,val
2018-02-16,SPY,-3.246552958049073,0.0389080947771192,-4.391916823779516,0.012376981974704023,"GARCH(1,1)",22,val
2018-02-16,TLT,-3.803384704718034,0.022295181396975002,-4.853192976386891,0.007803421587663783,"GARCH(1,1)",22,val
2018-02-20,GLD,-3.82903532177451,0.0217305685281079,-4.755805459186157,0.008601613653583369,"GARCH(1,1)",22,val
2018-02-20,SPY,-3.230219896565973,0.03954880118657811,-4.432834847035764,0.011880761746401639,"GARCH(1,1)",22,val
2018-02-20,TLT,-3.7771269776197545,0.022888355810792,-4.863638925874904,0.007722331707682032,"GARCH(1,1)",22,val
2018-02-21,GLD,-3.870656872598437,0.020844672632907492,-4.76681212943592,0.00850745765107455,"GARCH(1,1)",22,val
2018-02-21,SPY,-3.2360836372855326,0.0393175758558709,-4.50661358515905,0.011035768659922118,"GARCH(1,1)",22,val
2018-02-21,TLT,-3.818793195077793,0.021954279446323905,-4.869146923843605,0.007679914045759348,"GARCH(1,1)",22,val
2018-02-22,GLD,-3.865406661376296,0.020954399359282987,-4.730377004963373,0.008823144043522132,"GARCH(1,1)",22,val
2018-02-22,SPY,-3.1935064328439253,0.041027757348531896,-4.555987514063048,0.010504122140367028,"GARCH(1,1)",22,val
2018-02-22,TLT,-3.815016835322479,0.022037343444738403,-4.876807988033504,0.0076213025312375565,"GARCH(1,1)",22,val
2018-02-23,GLD,-3.8629138816461825,0.021006699220196705,-4.739604735308869,0.008742100946486241,"GARCH(1,1)",22,val
2018-02-23,SPY,-3.125220227610515,0.04392725856289901,-4.602962050464377,0.010022105752503781,"GARCH(1,1)",22,val
2018-02-23,TLT,-3.8022957003428703,0.022319474172129795,-4.849567513682508,0.007831763947636681,"GARCH(1,1)",22,val
2018-02-26,GLD,-3.842543801056015,0.021438995382089803,-4.747014943087676,0.008677559589817658,"GARCH(1,1)",22,val
2018-02-26,SPY,-3.1032520684290277,0.0449029372657108,-4.653946640628058,0.009523940091651827,"GARCH(1,1)",22,val
2018-02-26,TLT,-3.806460059164902,0.022226721135463902,-4.860702624411896,0.007745040124636348,"GARCH(1,1)",22,val
2018-02-27,GLD,-3.902159195352663,0.020198252355895615,-4.76068699449932,0.008559726891814537,"GARCH(1,1)",22,val
2018-02-27,SPY,-3.073735231021052,0.04624808454978801,-4.60878755604047,0.009963891647486966,"GARCH(1,1)",22,val
2018-02-27,TLT,-3.855183707966688,0.021169713907773,-4.8538697681153895,0.007798142083243251,"GARCH(1,1)",22,val
2018-02-28,GLD,-3.878776889463764,0.020676098876684798,-4.772581420018941,0.00845851696802166,"GARCH(1,1)",22,val
2018-02-28,SPY,-3.0060467904622143,0.049486924764981996,-4.615093612203083,0.009901256485149602,"GARCH(1,1)",22,val
2018-02-28,TLT,-3.8213121744004654,0.021899046664677402,-4.8670598367273055,0.007695959433655331,"GARCH(1,1)",22,val
2018-03-01,GLD,-3.981471585989798,0.018658162035238297,-4.75545179300541,0.008604656291439838,"GARCH(1,1)",22,val
2018-03-01,SPY,-3.0381626081252664,0.04792286172646659,-4.59964637468324,0.010055390956802265,"GARCH(1,1)",22,val
2018-03-01,TLT,-3.870630510237666,0.020845222154930905,-4.8793310249438155,0.00760209794077946,"GARCH(1,1)",22,val
2018-03-02,GLD,-3.975126946190397,0.0187769176852123,-4.76892208604381,0.008489526208522606,"GARCH(1,1)",22,val
2018-03-02,SPY,-3.023333838817608,0.0486387938648765,-4.607738227405073,0.009974352531805538,"GARCH(1,1)",22,val
2018-03-02,TLT,-3.873781388037285,0.0207796447746252,-4.881325927748164,0.00758694761102053,"GARCH(1,1)",22,val
2018-03-05,GLD,-3.9716665597318066,0.018842005626671505,-4.780832600537015,0.008389011363587408,"GARCH(1,1)",22,val
2018-03-05,SPY,-3.033429801394319,0.048150208939851696,-4.574264025263121,0.01031388714576025,"GARCH(1,1)",22,val
2018-03-05,TLT,-3.9080391908064662,0.0200798352111872,-4.887797212239046,0.007538008833773412,"GARCH(1,1)",22,val
2018-03-06,GLD,-3.989940416519936,0.018500816430006103,-4.785401937879885,0.008350766583886244,"GARCH(1,1)",22,val
2018-03-06,SPY,-2.980247204031447,0.050780279223441395,-4.621517700062898,0.009837853813778568,"GARCH(1,1)",22,val
2018-03-06,TLT,-3.890103886252176,0.020443222157886215,-4.8819464230076335,0.007582241406233925,"GARCH(1,1)",22,val
2018-03-07,GLD,-4.002832398182324,0.018263835105541196,-4.79736864835349,0.008251430923906159,"GARCH(1,1)",22,val
2018-03-07,SPY,-2.9533314467319953,0.05216562913091911,-4.625079997812447,0.009802870796234119,"GARCH(1,1)",22,val
2018-03-07,TLT,-3.878801590226777,0.020675588167573897,-4.89240560457689,0.007503350652207539,"GARCH(1,1)",22,val
2018-03-08,GLD,-3.996992699744755,0.0183708024193148,-4.776447455094307,0.008425879174815347,"GARCH(1,1)",22,val
2018-03-08,SPY,-2.945666423185019,0.052567016262247905,-4.670159928366391,0.009370770755102493,"GARCH(1,1)",22,val
2018-03-08,TLT,-3.882397553563509,0.0206013730279911,-4.904434812535105,0.00741363199091464,"GARCH(1,1)",22,val
2018-03-09,GLD,-3.9042563855743153,0.0201559371655713,-4.777954891154135,0.008413187269232937,"GARCH(1,1)",22,val
2018-03-09,SPY,-2.9447522599130886,0.052615093069507415,-4.708464141496091,0.00901861827261252,"GARCH(1,1)",22,val
2018-03-09,TLT,-3.890066291964453,0.020443990720708696,-4.916039772498199,0.007328094378741289,"GARCH(1,1)",22,val
2018-03-12,GLD,-3.9004087759912385,0.0202336387293477,-4.78939614959277,0.008317478378511121,"GARCH(1,1)",22,val
2018-03-12,SPY,-2.943865066957122,0.0526617935225495,-4.73274233757586,0.0088022990355785,"GARCH(1,1)",22,val
2018-03-12,TLT,-3.884645759790032,0.02055510891799129,-4.918414278597243,0.007310714416523829,"GARCH(1,1)",22,val
2018-03-13,GLD,-3.919348220867637,0.0198540309712113,-4.801788995949445,0.008215037226713878,"GARCH(1,1)",22,val
2018-03-13,SPY,-2.9465742978646414,0.052519313656470605,-4.647195094607709,0.009588458967473151,"GARCH(1,1)",22,val
2018-03-13,TLT,-3.906864873559375,0.020103429158672796,-4.917350249914472,0.007318497366261144,"GARCH(1,1)",22,val
2018-03-14,GLD,-3.9165024150911054,0.0199106121585858,-4.814094051543157,0.008114570131209666,"GARCH(1,1)",22,val
2018-03-14,SPY,-2.9484736869391703,0.052419653722366504,-4.688332026026064,0.0092020220960787,"GARCH(1,1)",22,val
2018-03-14,TLT,-3.919202642567818,0.019856921497678502,-4.91967530136329,0.007301501249436133,"GARCH(1,1)",22,val
2018-03-15,GLD,-3.917047730045785,0.019899757563874295,-4.824895298377095,0.00802739430760852,"GARCH(1,1)",22,val
2018-03-15,SPY,-2.948549429544831,0.0524156834715662,-4.702338870239464,0.009074029286390438,"GARCH(1,1)",22,val
2018-03-15,TLT,-3.9120090944010046,0.020000278222478005,-4.924111753432749,0.00726918023743033,"GARCH(1,1)",22,val
2018-03-16,GLD,-3.91554872388943,0.019929609791719295,-4.8364527191505085,0.007935152399909069,"GARCH(1,1)",22,val
2018-03-16,SPY,-2.9478940895313896,0.05245004482423189,-4.720741428169121,0.008908571033732448,"GARCH(1,1)",22,val
2018-03-16,TLT,-3.9055834035572494,0.020129207613710204,-4.913737747748556,0.00734498326522792,"GARCH(1,1)",22,val
2018-03-19,GLD,-3.914407340770971,0.019952370098537096,-4.834823165671322,0.007948093696513926,"GARCH(1,1)",22,val
2018-03-19,SPY,-2.976826712397766,0.0509542701412829,-4.748874406777122,0.008661438975340913,"GARCH(1,1)",22,val
2018-03-19,TLT,-3.907359062451296,0.020093496721745204,-4.92560654516827,0.007258322443979089,"GARCH(1,1)",22,val
2018-03-20,GLD,-3.921517695192986,0.019811004849673196,-4.844484420122685,0.007871674886103778,"GARCH(1,1)",22,val
2018-03-20,SPY,-2.968791174246381,0.051365364593532595,-4.766971104145977,0.00850610528795976,"GARCH(1,1)",22,val
2018-03-20,TLT,-3.8988021159615887,0.020266173437057104,-4.933261783027863,0.007202970396069724,"GARCH(1,1)",22,val
2018-03-21,GLD,-4.005096581250583,0.0182225292190245,-4.854154094893037,0.00779592517781081,"GARCH(1,1)",22,val
2018-03-21,SPY,-2.9726485846297535,0.0511676089603308,-4.69839062238585,0.009109926622200983,"GARCH(1,1)",22,val
2018-03-21,TLT,-3.958614335061636,0.019089547690388998,-4.941564429075667,0.007143414261251514,"GARCH(1,1)",22,val
2018-03-22,GLD,-4.014107380243481,0.018059067238630107,-4.858458244574865,0.007762442457947103,"GARCH(1,1)",22,val
2018-03-22,SPY,-2.95747044759721,0.0519501617642238,-4.731873862734917,0.00880994693135519,"GARCH(1,1)",22,val
2018-03-22,TLT,-4.002279917898537,0.018273928302232696,-4.947747217555513,0.007099384296091531,"GARCH(1,1)",22,val
2018-03-23,GLD,-4.013337628901136,0.0180729735814049,-4.775925756615791,0.008430276089993262,"GARCH(1,1)",22,val
2018-03-23,SPY,-2.965429981892528,0.0515383039426494,-4.756523585003389,0.008595438830164295,"GARCH(1,1)",22,val
2018-03-23,TLT,-3.9926803793151846,0.0184501942644014,-4.958674160172098,0.007022232018183036,"GARCH(1,1)",22,val
2018-03-26,GLD,-4.001084113371226,0.018295793419025597,-4.784918777984137,0.008354802314271359,"GARCH(1,1)",22,val
2018-03-26,SPY,-2.997380202367149,0.04991767141379821,-4.526261337840331,0.010821056816375539,"GARCH(1,1)",22,val
2018-03-26,TLT,-4.007716587489463,0.018174848567859295,-4.939615278997788,0.007157351426115653,"GARCH(1,1)",22,val
2018-03-27,GLD,-4.007370921855755,0.018181132074340602,-4.751950327376039,0.008634838008983863,"GARCH(1,1)",22,val
2018-03-27,SPY,-3.0524219865991906,0.04724436050301721,-4.440671151279375,0.011788024316633457,"GARCH(1,1)",22,val
2018-03-27,TLT,-4.037150944117764,0.01764768008618939,-4.9508811618699236,0.007077170048330345,"GARCH(1,1)",22,val
2018-03-28,GLD,-3.996023302231103,0.018388619664104995,-4.758721976247173,0.00857656344804291,"GARCH(1,1)",22,val
2018-03-28,SPY,-3.0691304654912517,0.046461537207895,-4.33761803974238,0.013067617707798107,"GARCH(1,1)",22,val
2018-03-28,TLT,-4.040633776128044,0.0175863230911535,-4.957305932333009,0.007031846607497324,"GARCH(1,1)",22,val
2018-03-29,GLD,-3.9873875292583825,0.018548107267002505,-4.762228286734228,0.008546544013167248,"GARCH(1,1)",22,val
2018-03-29,SPY,-3.100779849057762,0.045014084510622006,-4.3459218459416205,0.012959556025433246,"GARCH(1,1)",22,val
2018-03-29,TLT,-4.052760791437061,0.017374341432118304,-4.9336474417301535,0.007200193043443667,"GARCH(1,1)",22,val
2018-04-02,GLD,-3.993909524419457,0.018427530229995298,-4.72522438421553,0.008868723685042258,"GARCH(1,1)",22,val
2018-04-02,SPY,-3.1923037225053883,0.0410771315419367,-4.423726781279726,0.011989466800525367,"GARCH(1,1)",22,val
2018-04-02,TLT,-4.107977875189703,0.016440986662469306,-4.943313714151293,0.007130929316342854,"GARCH(1,1)",22,val
2018-04-03,GLD,-3.999878771791374,0.0183178593954178,-4.7401104942051555,0.00873768066905186,"GARCH(1,1)",22,val
2018-04-03,SPY,-3.1901697218909337,0.04116488376423371,-4.456640805911482,0.011601268818903944,"GARCH(1,1)",22,val
2018-04-03,TLT,-4.100193779095117,0.016569464274852903,-4.947728743959337,0.007099515448461536,"GARCH(1,1)",22,val
2018-04-04,GLD,-4.015309141629463,0.018037377584460702,-4.720044158057651,0.008914784880163116,"GARCH(1,1)",22,val
2018-04-04,SPY,-3.209192318038993,0.040389221747444304,-4.389651720611017,0.012405048891021696,"GARCH(1,1)",22,val
2018-04-04,TLT,-4.092861171988333,0.016691408183354708,-4.959143952210399,0.007018933804287769,"GARCH(1,1)",22,val
2018-04-05,GLD,-4.023553642869194,0.017889279737916,-4.720806630405032,0.00890799019391851,"GARCH(1,1)",22,val
2018-04-05,SPY,-3.213060248405528,0.04023330079026209,-4.427976237000341,0.011938626191207882,"GARCH(1,1)",22,val
2018-04-05,TLT,-4.100298601374097,0.016567727516873198,-4.950723060241867,0.0070782890488925955,"GARCH(1,1)",22,val
2018-04-06,GLD,-3.9754696628375665,0.018770483625531704,-4.735383215528248,0.00877908390577965,"GARCH(1,1)",22,val
2018-04-06,SPY,-3.3004799422668607,0.03686546985750779,-4.472192942795251,0.011422240046637213,"GARCH(1,1)",22,val
2018-04-06,TLT,-4.114540938215702,0.01633343674528469,-4.960672249368401,0.007008214980562709,"GARCH(1,1)",22,val
2018-04-09,GLD,-3.970755276643132,0.018859183853680902,-4.743025505467972,0.008712247318751516,"GARCH(1,1)",22,val
2018-04-09,SPY,-3.353906453680543,0.034947566048686304,-4.523414668724519,0.010851904670600753,"GARCH(1,1)",22,val
2018-04-09,TLT,-4.139572186959446,0.015929664965367903,-4.9534853231219005,0.007058763932965041,"GARCH(1,1)",22,val
2018-04-10,GLD,-3.9710515109505793,0.0188535979438229,-4.751416722585758,0.008639446829443736,"GARCH(1,1)",22,val
2018-04-10,SPY,-3.37288357141259,0.0342906152056566,-4.424311494270867,0.011982458452665932,"GARCH(1,1)",22,val
2018-04-10,TLT,-4.143055904750869,0.0158742670594789,-4.928577421844593,0.007236790862793884,"GARCH(1,1)",22,val
2018-04-11,GLD,-4.1000697173549,0.016571520038943504,-4.7621725736539835,0.008547020180723923,"GARCH(1,1)",22,val
2018-04-11,SPY,-3.382142070196477,0.0339746007535745,-4.491542405098948,0.011203350371535655,"GARCH(1,1)",22,val
2018-04-11,TLT,-4.142909652692459,0.015876588873493008,-4.939776354904767,0.007156198642088485,"GARCH(1,1)",22,val
2018-04-12,GLD,-4.111277022824326,0.0163868347968281,-4.774118960079377,0.008445521652300815,"GARCH(1,1)",22,val
2018-04-12,SPY,-3.3843070552958485,0.03390112581395971,-4.486483123870721,0.011260174896180836,"GARCH(1,1)",22,val
2018-04-12,TLT,-4.1543462870604095,0.015696048486568404,-4.950370488006345,0.007080785097079019,"GARCH(1,1)",22,val
2018-04-13,GLD,-4.110581986062978,0.016398228208375307,-4.770822760119369,0.008473405710903268,"GARCH(1,1)",22,val
2018-04-13,SPY,-3.404106587008387,0.03323650074303199,-4.54029869585586,0.01067021892730655,"GARCH(1,1)",22,val
2018-04-13,TLT,-4.1233469633955115,0.016190235532167,-4.958064778480687,0.007026512541911687,"GARCH(1,1)",22,val
2018-04-16,GLD,-4.102709890617201,0.016527826060039205,-4.747918341745753,0.008669723834067361,"GARCH(1,1)",22,val
2018-04-16,SPY,-3.4128378283419076,0.03294756804009491,-4.578841017515385,0.010266788431650156,"GARCH(1,1)",22,val
2018-04-16,TLT,-4.121352181325001,0.016222563756885508,-4.951675537181332,0.007071550351539022,"GARCH(1,1)",22,val
2018-04-17,GLD,-4.10528916989509,0.016485251110719395,-4.750760293398783,0.008645119876274952,"GARCH(1,1)",22,val
2018-04-17,SPY,-3.4115516243423376,0.032989972598494594,-4.626512686953688,0.00978883638556584,"GARCH(1,1)",22,val
2018-04-17,TLT,-4.124810049286868,0.0161665651471078,-4.961614669377026,0.007001613409755095,"GARCH(1,1)",22,val
2018-04-18,GLD,-4.111707964044464,0.0163797745556303,-4.764059790075921,0.008530905314782926,"GARCH(1,1)",22,val
2018-04-18,SPY,-3.4141871893263165,0.032903139858818806,-4.649491906902443,0.009566461348899925,"GARCH(1,1)",22,val
2018-04-18,TLT,-4.132804582086291,0.016037836261051406,-4.972990686291348,0.0069224142766367795,"GARCH(1,1)",22,val
2018-04-19,GLD,-4.1276265441869535,0.016121096160461007,-4.777165057997438,0.008419834908409007,"GARCH(1,1)",22,val
2018-04-19,SPY,-3.4218988148203646,0.0326503790177441,-4.650995643957093,0.009552086717029692,"GARCH(1,1)",22,val
2018-04-19,TLT,-4.156280138487041,0.015665723991794493,-4.981834815157004,0.0068614614871781434,"GARCH(1,1)",22,val
2018-04-20,GLD,-4.131950082755494,0.0160515464382383,-4.790011391234511,0.008312362693311029,"GARCH(1,1)",22,val
2018-04-20,SPY,-3.4408048107974594,0.032038889704582206,-4.6919361636311665,0.00916891643671151,"GARCH(1,1)",22,val
2018-04-20,TLT,-4.165124531390426,0.015527781083529,-4.970486216313348,0.006939772983474614,"GARCH(1,1)",22,val
2018-04-23,GLD,-4.12517412234441,0.0161606804076073,-4.801532614459891,0.008217143680211108,"GARCH(1,1)",22,val
2018-04-23,SPY,-3.4550922666434296,0.0315843900359922,-4.708711298560864,0.009016389532827686,"GARCH(1,1)",22,val
2018-04-23,TLT,-4.172272788534226,0.0154171802839017,-4.959233845174678,0.007018302879880279,"GARCH(1,1)",22,val
2018-04-24,GLD,-4.120107171063312,0.016242773593350107,-4.797158525608853,0.008253164919388635,"GARCH(1,1)",22,val
2018-04-24,SPY,-3.54046617221275,0.028999805027359896,-4.7024151788603215,0.00907333688614836,"GARCH(1,1)",22,val
2018-04-24,TLT,-4.1936259141679715,0.015091465189927203,-4.953499904892553,0.0070586610044387245,"GARCH(1,1)",22,val
2018-04-25,GLD,-4.125655348018345,0.016152905344217,-4.791532571101113,0.008299727707017887,"GARCH(1,1)",22,val
2018-04-25,SPY,-3.5801256435081905,0.0278721960747427,-4.73378905823706,0.00879309030763557,"GARCH(1,1)",22,val
2018-04-25,TLT,-4.220415094676728,0.014692544441952098,-4.965193413704198,0.006976601208316007,"GARCH(1,1)",22,val
2018-04-26,GLD,-4.103527471633146,0.016514318745632004,-4.7974372417957225,0.008250864949267037,"GARCH(1,1)",22,val
2018-04-26,SPY,-3.5662460710082304,0.0282617473900979,-4.6724119365181895,0.009349691447268616,"GARCH(1,1)",22,val
2018-04-26,TLT,-4.055657632563219,0.0173240835550062,-4.969580063834307,0.0069460643259948865,"GARCH(1,1)",22,val
2018-04-27,GLD,-4.101488521149624,0.016548024974812295,-4.7978851100362165,0.008247170476279968,"GARCH(1,1)",22,val
2018-04-27,SPY,-3.564454473000638,0.0283124264651221,-4.708246486277824,0.00902058143557969,"GARCH(1,1)",22,val
2018-04-27,TLT,-4.039855873759578,0.017600008855943004,-4.9657127241135095,0.006972979127260514,"GARCH(1,1)",22,val
2018-04-30,GLD,-4.134458229939221,0.016011337243612905,-4.806866800784624,0.008173428600607692,"GARCH(1,1)",22,val
2018-04-30,SPY,-3.5752251713992584,0.028009118211767395,-4.7002944538990885,0.009092599356145589,"GARCH(1,1)",22,val
2018-04-30,TLT,-4.009453283031366,0.018143311782200792,-4.961256490056643,0.007004121692068395,"GARCH(1,1)",22,val
2018-05-01,GLD,-4.1279852034172775,0.016115315217276403,-4.813766739304852,0.008117226564039966,"GARCH(1,1)",22,val
2018-05-01,SPY,-3.606447457138159,0.027148120618898902,-4.732491877409382,0.008804503936968796,"GARCH(1,1)",22,val
2018-05-01,TLT,-3.98655154797798,0.018563619620579803,-4.953784529014158,0.007056652225137713,"GARCH(1,1)",22,val
2018-05-02,GLD,-4.176173477935957,0.015357159788920893,-4.81033394509984,0.008145139214131118,"GARCH(1,1)",22,val
2018-05-02,SPY,-3.63617885380262,0.026352849911669512,-4.726924917406891,0.008853654942130904,"GARCH(1,1)",22,val
2018-05-02,TLT,-3.988657249996181,0.018524571295776095,-4.964645018579401,0.006980428191659896,"GARCH(1,1)",22,val
2018-05-03,GLD,-4.130582762995321,0.016073509046396994,-4.8079617967390265,0.008164483627604815,"GARCH(1,1)",22,val
2018-05-03,SPY,-3.733963704722434,0.023897923546408798,-4.75366752032857,0.008620023049720881,"GARCH(1,1)",22,val
2018-05-03,TLT,-3.996777286757263,0.018374760155005103,-4.964791663965773,0.006979404619123618,"GARCH(1,1)",22,val
2018-05-04,GLD,-4.115986098974607,0.016309849351335597,-4.820227480004641,0.00806495231502458,"GARCH(1,1)",22,val
2018-05-04,SPY,-3.819966224020265,0.0219285415397282,-4.750209864328187,0.00864987971142929,"GARCH(1,1)",22,val
2018-05-04,TLT,-4.00360315081447,0.0182497636300705,-4.976004938583525,0.006901579789511002,"GARCH(1,1)",22,val
2018-05-07,GLD,-4.112786764856352,0.016362113569597006,-4.824226587851603,0.008032764105894506,"GARCH(1,1)",22,val
2018-05-07,SPY,-3.822870091586996,0.021864956325367686,-4.769153870476396,0.008487558696535575,"GARCH(1,1)",22,val
2018-05-07,TLT,-3.9039296927663094,0.020162523041002405,-4.980746420206274,0.0068689335327461335,"GARCH(1,1)",22,val
2018-05-08,GLD,-4.187387962135377,0.015185899257256297,-4.834728672060008,0.007948844776075926,"GARCH(1,1)",22,val
2018-05-08,SPY,-3.849891158027795,0.021282052692909698,-4.7202238213626,0.00891318336431976,"GARCH(1,1)",22,val
2018-05-08,TLT,-3.9176681496661,0.019887415192962596,-4.991458139743554,0.00679574811384284,"GARCH(1,1)",22,val
2018-05-09,GLD,-4.204129709390073,0.014933777141260596,-4.846346638713781,0.007857029747245007,"GARCH(1,1)",22,val
2018-05-09,SPY,-3.882644195122275,0.020596292499795204,-4.7457129645496785,0.008688864944233177,"GARCH(1,1)",22,val
2018-05-09,TLT,-3.918707439430125,0.019866757142629195,-5.001778169506648,0.006725976433196037,"GARCH(1,1)",22,val
2018-05-10,GLD,-4.2109711147761075,0.014831957808693697,-4.857696780060967,0.0077683555334328675,"GARCH(1,1)",22,val
2018-05-10,SPY,-3.89319775694828,0.020380071212720913,-4.769409151829617,0.008485392257603478,"GARCH(1,1)",22,val
2018-05-10,TLT,-3.922872533902507,0.019784182307640397,-5.012623730449517,0.006653423595177436,"GARCH(1,1)",22,val
2018-05-11,GLD,-4.1748941434671725,0.015376819305648796,-4.867405184157089,0.007693302112721085,"GARCH(1,1)",22,val
2018-05-11,SPY,-3.896406532628248,0.02031478094279301,-4.751024080327042,0.008642839707410952,"GARCH(1,1)",22,val
2018-05-11,TLT,-3.8918038765802856,0.020408498401330105,-5.009808790845732,0.006672178965989691,"GARCH(1,1)",22,val
2018-05-14,GLD,-4.174754478113814,0.015378967064530904,-4.862401896755964,0.007731890367822091,"GARCH(1,1)",22,val
2018-05-14,SPY,-3.907618662360105,0.020088281128841604,-4.739623397385129,0.008741937802254011,"GARCH(1,1)",22,val
2018-05-14,TLT,-3.8771594563560936,0.020709568143398905,-4.997237775947865,0.006756584446901539,"GARCH(1,1)",22,val
2018-05-15,GLD,-4.110805564038055,0.0163945623355371,-4.872854599290918,0.007651492139176333,"GARCH(1,1)",22,val
2018-05-15,SPY,-3.89133954326088,0.02041797694756899,-4.762259775791165,0.008546274894793367,"GARCH(1,1)",22,val
2018-05-15,TLT,-3.888338026203937,0.020479353919580303,-5.006379857831313,0.0066950966899396724,"GARCH(1,1)",22,val
2018-05-16,GLD,-4.121438502143635,0.016221163472339404,-4.878025167820124,0.007612031679140293,"GARCH(1,1)",22,val
2018-05-16,SPY,-3.888653680708268,0.020472890539420988,-4.783004992559608,0.008370806922973824,"GARCH(1,1)",22,val
2018-05-16,TLT,-3.889476147382151,0.02045605919179431,-5.006889503838616,0.006691685429984476,"GARCH(1,1)",22,val
2018-05-17,GLD,-4.1171213662478,0.016291343819486194,-4.803739140751565,0.008199032325576663,"GARCH(1,1)",22,val
2018-05-17,SPY,-3.898998698530838,0.0202621898521785,-4.771742243116152,0.008465618139245781,"GARCH(1,1)",22,val
2018-05-17,TLT,-3.895512114355018,0.020332958982258398,-4.970412754282156,0.006940282812020278,"GARCH(1,1)",22,val
2018-05-18,GLD,-4.123286612842351,0.0161912126513217,-4.816015649885054,0.008098992158796827,"GARCH(1,1)",22,val
2018-05-18,SPY,-3.89881860883392,0.020265839192402296,-4.784725412567785,0.00835641800030326,"GARCH(1,1)",22,val
2018-05-18,TLT,-3.8964586999810376,0.0203137212020909,-4.977128075659696,0.006893832720689735,"GARCH(1,1)",22,val
2018-05-21,GLD,-4.122583294603447,0.016202604231973,-4.828478573560535,0.007998681418612128,"GARCH(1,1)",22,val
2018-05-21,SPY,-3.890035298854463,0.02044462435338081,-4.799903563450143,0.00823054073570122,"GARCH(1,1)",22,val
2018-05-21,TLT,-3.893283270558116,0.020378328513776092,-4.979861595675096,0.006875014023325847,"GARCH(1,1)",22,val
2018-05-22,GLD,-4.123544099545273,0.0161870441660476,-4.8406510360866495,0.007901907949397647,"GARCH(1,1)",22,val
2018-05-22,SPY,-3.903104899387005,0.020179159816524708,-4.807959068565724,0.008164505901761461,"GARCH(1,1)",22,val
2018-05-22,TLT,-3.896096357885016,0.020321083052082797,-4.966319810553793,0.00696874721088347,"GARCH(1,1)",22,val
2018-05-23,GLD,-4.131009531669899,0.016066650839783404,-4.852455177094543,0.007809181070999155,"GARCH(1,1)",22,val
2018-05-23,SPY,-3.799440200302824,0.022383298513358598,-4.7962880081234065,0.008260352571795885,"GARCH(1,1)",22,val
2018-05-23,TLT,-3.895178723493803,0.020339738935088898,-4.978299412039678,0.006885762451049415,"GARCH(1,1)",22,val
2018-05-24,GLD,-4.137057720762811,0.015969769969655396,-4.86403110102788,0.007719303794838137,"GARCH(1,1)",22,val
2018-05-24,SPY,-3.818727706114778,0.021955717256398413,-4.804383326200527,0.008193752329088005,"GARCH(1,1)",22,val
2018-05-24,TLT,-3.897148215882523,0.0202997193960924,-4.989275360017733,0.006810597936096967,"GARCH(1,1)",22,val
2018-05-25,GLD,-4.127695338646714,0.016119987156506997,-4.874982870193738,0.007635225007664915,"GARCH(1,1)",22,val
2018-05-25,SPY,-3.730070880323971,0.02399113527700091,-4.814716137157082,0.008109523743673143,"GARCH(1,1)",22,val
2018-05-25,TLT,-3.890744531979643,0.020430129489284,-4.9824340519540256,0.006857351078650701,"GARCH(1,1)",22,val
2018-05-29,GLD,-4.161022480860114,0.015591607646550796,-4.860729088116154,0.007744835164897038,"GARCH(1,1)",22,val
2018-05-29,SPY,-3.740570313791337,0.023740559701057998,-4.821178660618312,0.008057284735936743,"GARCH(1,1)",22,val
2018-05-29,TLT,-4.007756712975413,0.018174119307859497,-4.972436778124543,0.00692624972058242,"GARCH(1,1)",22,val
2018-05-30,GLD,-4.14133035593123,0.015901682528828898,-4.86919591134751,0.007679537835154926,"GARCH(1,1)",22,val
2018-05-30,SPY,-3.729087027357971,0.024014750641719304,-4.825282840491158,0.00802428395698299,"GARCH(1,1)",22,val
2018-05-30,TLT,-4.000316482786777,0.018309843221459905,-4.971387399291822,0.006933521795342667,"GARCH(1,1)",22,val
2018-05-31,GLD,-4.151940788651795,0.015733850754643904,-4.880654928401305,0.007592040156268374,"GARCH(1,1)",22,val
2018-05-31,SPY,-3.730552692879012,0.023979578831058706,-4.760590969627782,0.008560548877954648,"GARCH(1,1)",22,val
2018-05-31,TLT,-4.046757946612424,0.0174789505697509,-4.8437570496102476,0.00787740259312949,"GARCH(1,1)",22,val
2018-06-01,GLD,-4.147940980498567,0.0157969091658779,-4.891077522110838,0.007513322340792082,"GARCH(1,1)",22,val
2018-06-01,SPY,-3.718461543966151,0.024271279433506897,-4.710398338403536,0.00900119134802504,"GARCH(1,1)",22,val
2018-06-01,TLT,-4.0848953375993835,0.0168249001582555,-4.846058774725488,0.00785929182873446,"GARCH(1,1)",22,val
2018-06-04,GLD,-4.135866873058906,0.015988798861562993,-4.900437477197858,0.007443326073111938,"GARCH(1,1)",22,val
2018-06-04,SPY,-3.6987646770956495,0.024754086880965802,-4.721131030898445,0.008905100906172804,"GARCH(1,1)",22,val
2018-06-04,TLT,-4.087287266234296,0.016784704289776298,-4.859739500978272,0.007752503147604006,"GARCH(1,1)",22,val
2018-06-05,GLD,-4.186854299899285,0.0151940055610327,-4.902182120103775,0.007430351448416516,"GARCH(1,1)",22,val
2018-06-05,SPY,-3.6776942201071456,0.0252812005655023,-4.713980448075605,0.00896900577398096,"GARCH(1,1)",22,val
2018-06-05,TLT,-4.090908305987603,0.016724036115520598,-4.8578827439565755,0.007766911034091922,"GARCH(1,1)",22,val
2018-06-06,GLD,-4.2113884269591315,0.014825769543311105,-4.912865172189516,0.007351395115111636,"GARCH(1,1)",22,val
2018-06-06,SPY,-3.6943000795113887,0.024864850992061597,-4.7370568710957315,0.00876440303191339,"GARCH(1,1)",22,val
2018-06-06,TLT,-4.109711684081511,0.016412505830897994,-4.857586715542168,0.007769210600801937,"GARCH(1,1)",22,val
2018-06-07,GLD,-4.21458849538848,0.014778401896532395,-4.91740757857641,0.007318077818625909,"GARCH(1,1)",22,val
2018-06-07,SPY,-3.709411021379304,0.024491944255956105,-4.763042065482688,0.008539591846422992,"GARCH(1,1)",22,val
2018-06-07,TLT,-4.265675687000972,0.014042375676073002,-4.870150105406938,0.007672213560718766,"GARCH(1,1)",22,val
2018-06-08,GLD,-4.19181345830679,0.015118842607150103,-4.92813416297833,0.0072399993455487845,"GARCH(1,1)",22,val
2018-06-08,SPY,-3.703455073475104,0.024638252268966602,-4.756841192907633,0.008592709284337006,"GARCH(1,1)",22,val
2018-06-08,TLT,-4.262639290465228,0.014085078695770897,-4.8656637692263,0.007706711015730633,"GARCH(1,1)",22,val
2018-06-11,GLD,-4.195405162817543,0.015064637594426908,-4.938841716208616,0.007162890228877581,"GARCH(1,1)",22,val
2018-06-11,SPY,-3.6964791842630422,0.02481072686959921,-4.778691222751447,0.008406994653801498,"GARCH(1,1)",22,val
2018-06-11,TLT,-4.271312407930453,0.013963445386193605,-4.85512009778498,0.007788397927801652,"GARCH(1,1)",22,val
2018-06-12,GLD,-4.208729507802976,0.0148652425204264,-4.948850736304635,0.007091554313474463,"GARCH(1,1)",22,val
2018-06-12,SPY,-3.695535153415829,0.0248341600201741,-4.793947891504433,0.00827970539522802,"GARCH(1,1)",22,val
2018-06-12,TLT,-4.2760977572225745,0.013896785046411798,-4.866478793132027,0.007700432420968253,"GARCH(1,1)",22,val
2018-06-13,GLD,-4.250059505931049,0.014263385127733806,-4.958008254401075,0.007026909720290969,"GARCH(1,1)",22,val
2018-06-13,SPY,-3.700439101227856,0.024712672722630696,-4.808283583229083,0.008161856829731865,"GARCH(1,1)",22,val
2018-06-13,TLT,-4.333518174441221,0.013121303156561995,-4.879010934260154,0.007604531690996194,"GARCH(1,1)",22,val
2018-06-14,GLD,-4.224459967822978,0.014633234993948998,-4.963641147292874,0.006987439161556073,"GARCH(1,1)",22,val
2018-06-14,SPY,-3.692173345236916,0.02491778819462471,-4.819551394176871,0.008070406758614649,"GARCH(1,1)",22,val
2018-06-14,TLT,-4.367753989494324,0.012679687321125606,-4.892158828380925,0.007505202529028643,"GARCH(1,1)",22,val
2018-06-15,GLD,-4.320390768051257,0.013294687388181604,-4.969915833701656,0.006943732438408256,"GARCH(1,1)",22,val
2018-06-15,SPY,-3.7105231028106114,0.024464722358821103,-4.820949027278948,0.008059135169589362,"GARCH(1,1)",22,val
2018-06-15,TLT,-4.396896968518397,0.012315496044535601,-4.9048822912159284,0.007410315290782879,"GARCH(1,1)",22,val
2018-06-18,GLD,-4.1976275832336585,0.015031194812001799,-4.979531608893784,0.006877283061430576,"GARCH(1,1)",22,val
2018-06-18,SPY,-3.7141733863488007,0.024375581978339802,-4.828055312764597,0.00800206766345761,"GARCH(1,1)",22,val
2018-06-18,TLT,-4.390834476721399,0.012390385417012399,-4.898553487572543,0.007457362440244804,"GARCH(1,1)",22,val
2018-06-19,GLD,-4.196571963177297,0.015047070420547596,-4.87007172395142,0.007672814943553025,"GARCH(1,1)",22,val
2018-06-19,SPY,-3.727019158647385,0.024064461373082897,-4.814416131101447,0.008111957014884362,"GARCH(1,1)",22,val
2018-06-19,TLT,-4.3918247718282455,0.012378121352485802,-4.910998415523184,0.007365131197922753,"GARCH(1,1)",22,val
2018-06-20,GLD,-4.1913853616029675,0.015125316319424405,-4.8814650323025255,0.007585892305454742,"GARCH(1,1)",22,val
2018-06-20,SPY,-3.7258972832220274,0.024091473850405897,-4.821208103989905,0.008057047505800675,"GARCH(1,1)",22,val
2018-06-20,TLT,-4.3620008910564785,0.012752845050472394,-4.923066057500816,0.007276785565370319,"GARCH(1,1)",22,val
2018-06-21,GLD,-4.189480863630062,0.015154149901728604,-4.891468139049529,0.007510388082942644,"GARCH(1,1)",22,val
2018-06-21,SPY,-3.722967479247762,0.024162160644901298,-4.819944171582029,0.008067237507635265,"GARCH(1,1)",22,val
2018-06-21,TLT,-4.352699856915299,0.012872013031320198,-4.925561323690633,0.0072586506834668545,"GARCH(1,1)",22,val
2018-06-22,GLD,-4.170355889014799,0.0154467618127299,-4.896176576205963,0.007475109012453087,"GARCH(1,1)",22,val
2018-06-22,SPY,-3.707689788490564,0.024534136897182698,-4.829084390089712,0.007993837152713448,"GARCH(1,1)",22,val
2018-06-22,TLT,-4.2913366330946685,0.013686619077727504,-4.914715750962195,0.007337803359548108,"GARCH(1,1)",22,val
2018-06-25,GLD,-4.152388214132205,0.015726812603552798,-4.907249964612122,0.007392790838687652,"GARCH(1,1)",22,val
2018-06-25,SPY,-3.7998493316836663,0.022374142676627795,-4.8118876852475285,0.008132493610860346,"GARCH(1,1)",22,val
2018-06-25,TLT,-4.276542434161712,0.0138906068403282,-4.919300197135906,0.007304240587157507,"GARCH(1,1)",22,val
2018-06-26,GLD,-4.153990706373544,0.015701630690673502,-4.916644090974135,0.007323667213758348,"GARCH(1,1)",22,val
2018-06-26,SPY,-3.772859265460084,0.022986245459046695,-4.822943727982345,0.008043075629310802,"GARCH(1,1)",22,val
2018-06-26,TLT,-4.276584243611695,0.013890026093836704,-4.931474169457053,0.007215858039330934,"GARCH(1,1)",22,val
2018-06-27,GLD,-4.1597644070696695,0.015611235383463692,-4.922906189936789,0.007277948980346282,"GARCH(1,1)",22,val
2018-06-27,SPY,-3.857195159888117,0.021127174843041396,-4.734564662546759,0.008786272993008458,"GARCH(1,1)",22,val
2018-06-27,TLT,-4.285155934805002,0.013771473901757095,-4.942003160428848,0.007140280908846576,"GARCH(1,1)",22,val
2018-06-28,GLD,-4.130396794560074,0.016076498489685707,-4.923506616266059,0.007273580419786031,"GARCH(1,1)",22,val
2018-06-28,SPY,-3.908573042556104,0.02006911841687149,-4.760713345401702,0.008559501338258578,"GARCH(1,1)",22,val
2018-06-28,TLT,-4.293121143688047,0.013662216940407703,-4.953187545471834,0.007060866188088137,"GARCH(1,1)",22,val
2018-06-29,GLD,-4.149880103596648,0.0157663066950044,-4.922108093651068,0.00728375980288467,"GARCH(1,1)",22,val
2018-06-29,SPY,-3.928643740266847,0.01967033255001381,-4.745887110057136,0.008687351949182708,"GARCH(1,1)",22,val
2018-06-29,TLT,-4.289518980277314,0.0137115192225078,-4.938221250030135,0.007167335939068554,"GARCH(1,1)",22,val
2018-07-02,GLD,-4.143295853724267,0.0158704585023425,-4.930440994073754,0.007223317138842033,"GARCH(1,1)",22,val
2018-07-02,SPY,-3.9213771941856383,0.019813788511360203,-4.759197366268341,0.008572487204343355,"GARCH(1,1)",22,val
2018-07-02,TLT,-4.279772174558806,0.013845816156351694,-4.950051463749357,0.007083044399650505,"GARCH(1,1)",22,val
2018-07-03,GLD,-4.142752720239277,0.015879080621045996,-4.936284277257187,0.0071812323277555875,"GARCH(1,1)",22,val
2018-07-03,SPY,-3.945624440621662,0.019339136456084705,-4.7811678965614846,0.008386199032935958,"GARCH(1,1)",22,val
2018-07-03,TLT,-4.276373182376762,0.013892958049297506,-4.957751151010176,0.007028716594874434,"GARCH(1,1)",22,val
2018-07-05,GLD,-4.154293252280797,0.015696880945115108,-4.9061900899045945,0.0074006304244710885,"GARCH(1,1)",22,val
2018-07-05,SPY,-3.964192686996955,0.0189833559379427,-4.797936251952928,0.008246748710959402,"GARCH(1,1)",22,val
2018-07-05,TLT,-4.269160935235169,0.013993519698103795,-4.966085208144404,0.006970382287558536,"GARCH(1,1)",22,val
2018-07-06,GLD,-4.143368796287049,0.015869300912646097,-4.877990852350482,0.007612292894064122,"GARCH(1,1)",22,val
2018-07-06,SPY,-4.015217313226902,0.018039034004082695,-4.803718806348124,0.00819919904970291,"GARCH(1,1)",22,val
2018-07-06,TLT,-4.269232780307852,0.013992514368778403,-4.968516678714439,0.006953454596096027,"GARCH(1,1)",22,val
2018-07-09,GLD,-4.13371729861787,0.016023204940904805,-4.8864440720726305,0.00754821572041794,"GARCH(1,1)",22,val
2018-07-09,SPY,-4.013614420369432,0.018067971828763994,-4.790119634604581,0.008311462983854531,"GARCH(1,1)",22,val
2018-07-09,TLT,-4.261949892468213,0.014094792268685706,-4.9773415837012625,0.00689236098908551,"GARCH(1,1)",22,val
2018-07-10,GLD,-4.134959290131433,0.016003316609474096,-4.898407845729106,0.0074584486233527135,"GARCH(1,1)",22,val
2018-07-10,SPY,-4.011502723795217,0.0181061662162632,-4.777760287029152,0.008414824669497036,"GARCH(1,1)",22,val
2018-07-10,TLT,-4.247315205923933,0.014302581894885699,-4.9851996032300026,0.006838412921917424,"GARCH(1,1)",22,val
2018-07-11,GLD,-4.129868685499782,0.016084990876451693,-4.908457373754763,0.007383870102012642,"GARCH(1,1)",22,val
2018-07-11,SPY,-4.006934410426336,0.018189070078679603,-4.7644863994612905,0.008527266726693036,"GARCH(1,1)",22,val
2018-07-11,TLT,-4.220950810189775,0.014684675525906798,-4.981778151466075,0.006861850293926687,"GARCH(1,1)",22,val
2018-07-12,GLD,-4.106309039862772,0.016468446868729295,-4.91960834521915,0.007301990146173361,"GARCH(1,1)",22,val
2018-07-12,SPY,-3.990695406346464,0.0184868537733141,-4.781905571347878,0.00838001502652891,"GARCH(1,1)",22,val
2018-07-12,TLT,-4.208496630921297,0.014868704694864503,-4.992978337033618,0.0067854250844848925,"GARCH(1,1)",22,val
2018-07-13,GLD,-4.085075727889266,0.016821865383368897,-4.8853798039148995,0.007556253322380122,"GARCH(1,1)",22,val
2018-07-13,SPY,-3.985302621591389,0.018586818698909588,-4.769733868457948,0.008482637356944758,"GARCH(1,1)",22,val
2018-07-13,TLT,-4.2075206653136865,0.014883223122867197,-4.999110644457157,0.006743942095087263,"GARCH(1,1)",22,val
2018-07-16,GLD,-4.057238036367946,0.0172967261310251,-4.891358854057772,0.0075112089004930795,"GARCH(1,1)",22,val
2018-07-16,SPY,-3.945572843419315,0.019340134327165096,-4.758098417622726,0.00858191310588836,"GARCH(1,1)",22,val
2018-07-16,TLT,-4.217376314064352,0.014737259766770702,-5.010119155721086,0.006670108477316667,"GARCH(1,1)",22,val
2018-07-17,GLD,-4.0542715892127585,0.017348112134299903,-4.897052291836901,0.00746856580805925,"GARCH(1,1)",22,val
2018-07-17,SPY,-3.952018705108315,0.019215871417261714,-4.780777458036528,0.008389473967405055,"GARCH(1,1)",22,val
2018-07-17,TLT,-4.197174206450603,0.015038011151819498,-5.018837605315239,0.006612208239677193,"GARCH(1,1)",22,val
2018-07-18,GLD,-4.037970495871378,0.017633222824073994,-4.90974874881368,0.00737434091052901,"GARCH(1,1)",22,val
2018-07-18,SPY,-3.931235629739912,0.01961941523667471,-4.797715265691913,0.008248571330502087,"GARCH(1,1)",22,val
2018-07-18,TLT,-4.182547935831971,0.015259577567751295,-5.0228022520655236,0.006586045067904835,"GARCH(1,1)",22,val
2018-07-19,GLD,-4.114626911315511,0.016332032569458702,-4.87754634530224,0.007615677364063476,"GARCH(1,1)",22,val
2018-07-19,SPY,-3.937689680542564,0.0194931982774802,-4.8068742776464495,0.008173367489239863,"GARCH(1,1)",22,val
2018-07-19,TLT,-4.195563867858084,0.015062246950215404,-5.032116293710551,0.006524987159222592,"GARCH(1,1)",22,val
2018-07-20,GLD,-4.100179811231734,0.016569695716482598,-4.890674099796858,0.007516353994153677,"GARCH(1,1)",22,val
2018-07-20,SPY,-3.925382101215995,0.019734594817993507,-4.818587663936016,0.008078188202668134,"GARCH(1,1)",22,val
2018-07-20,TLT,-4.2002292220264,0.014992139897896106,-5.036204617890976,0.006498365352810624,"GARCH(1,1)",22,val
2018-07-23,GLD,-4.105678687893988,0.016478831059139408,-4.896895800242426,0.00746973466728693,"GARCH(1,1)",22,val
2018-07-23,SPY,-3.926812101755007,0.019706394504803697,-4.818982160632501,0.008075002012620645,"GARCH(1,1)",22,val
2018-07-23,TLT,-4.223219822325818,0.014651393591760006,-5.031574733360261,0.006528521790575886,"GARCH(1,1)",22,val
2018-07-24,GLD,-4.086801226593821,0.016792864304299392,-4.892934216863498,0.007499385337011555,"GARCH(1,1)",22,val
2018-07-24,SPY,-3.939278586438113,0.019462250013264792,-4.827577262500677,0.008005893968526238,"GARCH(1,1)",22,val
2018-07-24,TLT,-4.241756978050221,0.0143823002453847,-4.985046685448841,0.006839458716806387,"GARCH(1,1)",22,val
2018-07-25,GLD,-4.052284339766685,0.01738262143847011,-4.897402874547168,0.00746594791693695,"GARCH(1,1)",22,val
2018-07-25,SPY,-3.966721807820512,0.018935405399051704,-4.835293968593536,0.007944352591506266,"GARCH(1,1)",22,val
2018-07-25,TLT,-4.279960483515417,0.013843209110630597,-4.9448999455072,0.007119626979095226,"GARCH(1,1)",22,val
2018-07-26,GLD,-4.058706128802407,0.017271351568910003,-4.910137398621564,0.0073714754312209215,"GARCH(1,1)",22,val
2018-07-26,SPY,-3.9686597412122095,0.018898745378455897,-4.832475547766778,0.007966774702935697,"GARCH(1,1)",22,val
2018-07-26,TLT,-4.30530415108755,0.013496779857187705,-4.953510520206121,0.007058586074936489,"GARCH(1,1)",22,val
2018-07-27,GLD,-4.0195815690154815,0.017960478588159596,-4.9100717792932995,0.007371959158357788,"GARCH(1,1)",22,val
2018-07-27,SPY,-4.033521977151843,0.01771183927963259,-4.809601714029236,0.008151105522229606,"GARCH(1,1)",22,val
2018-07-27,TLT,-4.300875756257419,0.013556681463419797,-4.96473065920593,0.006979830409013726,"GARCH(1,1)",22,val
2018-07-30,GLD,-4.019265706973451,0.017966152517644596,-4.899341861722664,0.007451485565361344,"GARCH(1,1)",22,val
2018-07-30,SPY,-4.050198735654606,0.017418912536497796,-4.817668255000673,0.008085618776427574,"GARCH(1,1)",22,val
2018-07-30,TLT,-4.2935126131322,0.013656869646655497,-4.975305732145668,0.00690640710597992,"GARCH(1,1)",22,val
2018-07-31,GLD,-4.035658783314029,0.017674032919133397,-4.912040209648468,0.007357462242938555,"GARCH(1,1)",22,val
2018-07-31,SPY,-4.0499108667021115,0.017423927622412395,-4.800944332030043,0.008221979103619577,"GARCH(1,1)",22,val
2018-07-31,TLT,-4.288275697546691,0.0137285771192647,-4.986133650042463,0.006832028506261135,"GARCH(1,1)",22,val
2018-08-01,GLD,-4.022538390302878,0.017907451097778505,-4.923872553305072,0.007270919234247067,"GARCH(1,1)",22,val
2018-08-01,SPY,-4.066989885389133,0.0171288708491485,-4.798466958174099,0.008242373271253295,"GARCH(1,1)",22,val
2018-08-01,TLT,-4.301957827528425,0.013542020101627797,-4.993421211612117,0.006782420657551928,"GARCH(1,1)",22,val
2018-08-02,GLD,-4.03068230751605,0.017762206531160795,-4.932388046730531,0.007209266642982556,"GARCH(1,1)",22,val
2018-08-02,SPY,-4.09521232971396,0.016652210148491105,-4.804860482206373,0.008189843563573393,"GARCH(1,1)",22,val
2018-08-02,TLT,-4.309542788266829,0.013439692975043802,-4.994570544624498,0.006774629875545437,"GARCH(1,1)",22,val
2018-08-03,GLD,-4.050282645751138,0.0174174509751861,-4.923030972954381,0.007277040872570029,"GARCH(1,1)",22,val
2018-08-03,SPY,-4.07373183036574,0.0170137773573196,-4.816069351486497,0.008098557241625804,"GARCH(1,1)",22,val
2018-08-03,TLT,-4.308921281513383,0.013448048431209296,-4.9682862068662805,0.006955057356316333,"GARCH(1,1)",22,val
2018-08-06,GLD,-4.005249665415706,0.018219739851861996,-4.924264098373788,0.0072680728989465045,"GARCH(1,1)",22,val
2018-08-06,SPY,-4.044050950753017,0.017526330115755002,-4.8163388916514664,0.008096374649332242,"GARCH(1,1)",22,val
2018-08-06,TLT,-4.298700791301127,0.013586198858540404,-4.979528325207279,0.006877305644309234,"GARCH(1,1)",22,val
2018-08-07,GLD,-3.994609161009645,0.018414642164586388,-4.931341980976182,0.0072168119556903255,"GARCH(1,1)",22,val
2018-08-07,SPY,-4.01456427313157,0.0180508180638814,-4.821445558472554,0.008055134550882354,"GARCH(1,1)",22,val
2018-08-07,TLT,-4.302978125015194,0.013528210258824294,-4.982964824998788,0.006853712347295363,"GARCH(1,1)",22,val
2018-08-08,GLD,-3.9997787292991793,0.018319692051393603,-4.9333230815622775,0.007202528878073355,"GARCH(1,1)",22,val
2018-08-08,SPY,-4.013901440396217,0.018062786703158796,-4.8275280283915425,0.008006288141286897,"GARCH(1,1)",22,val
2018-08-08,TLT,-4.31300974966617,0.0133931787563717,-4.994570004444651,0.006774633535064953,"GARCH(1,1)",22,val
2018-08-09,GLD,-3.9696310863661135,0.018880397086422595,-4.943387464387094,0.007130403428016726,"GARCH(1,1)",22,val
2018-08-09,SPY,-3.9829206725248554,0.018631144324092595,-4.833369806979091,0.007959653525828858,"GARCH(1,1)",22,val
2018-08-09,TLT,-4.32004022948915,0.013299348505685305,-4.996228596497521,0.006763406494836171,"GARCH(1,1)",22,val
2018-08-10,GLD,-3.9406402107063463,0.01943576777485311,-4.95199355759348,0.007069301811741431,"GARCH(1,1)",22,val
2018-08-10,SPY,-3.9870771404038146,0.018553865286337796,-4.840879174250594,0.007900105428246165,"GARCH(1,1)",22,val
2018-08-10,TLT,-4.367081289293274,0.012688219818920501,-5.007410952460124,0.006688196969446961,"GARCH(1,1)",22,val
2018-08-13,GLD,-3.9246658270998993,0.019748735261065395,-4.963567044453789,0.006987956969821169,"GARCH(1,1)",22,val
2018-08-13,SPY,-4.019146551766234,0.017968293405817192,-4.845239694554389,0.007865731855919496,"GARCH(1,1)",22,val
2018-08-13,TLT,-4.356850436958903,0.012818697432781401,-4.993689164092265,0.006780603534577505,"GARCH(1,1)",22,val
2018-08-14,GLD,-3.9179433803163546,0.019881942319932903,-4.975820907889334,0.006902850008906776,"GARCH(1,1)",22,val
2018-08-14,SPY,-4.0250224120241205,0.0178630238023074,-4.822790940449527,0.008044304604876158,"GARCH(1,1)",22,val
2018-08-14,TLT,-4.335265789855058,0.013098392190525799,-4.9871346816429,0.006825192851755183,"GARCH(1,1)",22,val
2018-08-15,GLD,-3.9329695494576375,0.0195854262213731,-4.890384708788234,0.007518529474184212,"GARCH(1,1)",22,val
2018-08-15,SPY,-4.064407389268499,0.017173163259539707,-4.823623818397255,0.008037607470300938,"GARCH(1,1)",22,val
2018-08-15,TLT,-4.324302152482617,0.013242788319682596,-4.997269472507196,0.006756370289815782,"GARCH(1,1)",22,val
2018-08-16,GLD,-3.9444626206586726,0.019361618108173596,-4.9033552985537785,0.007421639431595705,"GARCH(1,1)",22,val
2018-08-16,SPY,-4.062864962024507,0.017199672053103892,-4.817817879804214,0.008084409057810858,"GARCH(1,1)",22,val
2018-08-16,TLT,-4.3250743831137415,0.013232565780487596,-5.0069047202134795,0.006691583607565193,"GARCH(1,1)",22,val
2018-08-17,GLD,-3.957101285145729,0.019118452990983505,-4.818179387141393,0.008081487012821876,"GARCH(1,1)",22,val
2018-08-17,SPY,-4.094860170668746,0.016658075407609108,-4.796500129643353,0.008258600559079432,"GARCH(1,1)",22,val
2018-08-17,TLT,-4.29628875498731,0.013619008817052502,-5.006267164348171,0.006695851226220495,"GARCH(1,1)",22,val
2018-08-20,GLD,-3.95777162763061,0.019105641374263696,-4.833013552427309,0.007962489693796924,"GARCH(1,1)",22,val
2018-08-20,SPY,-4.037753998236721,0.017637040788381995,-4.786372981189631,0.008342661563663412,"GARCH(1,1)",22,val
2018-08-20,TLT,-4.264969408842154,0.014052297002506604,-5.01775776376647,0.006619352233359918,"GARCH(1,1)",22,val
2018-08-21,GLD,-3.952235599338599,0.019211704057575902,-4.818733228688199,0.008077012388784933,"GARCH(1,1)",22,val
2018-08-21,SPY,-4.053095226858848,0.0173685318084393,-4.800978183496623,0.008221700782279549,"GARCH(1,1)",22,val
2018-08-21,TLT,-4.269080269108501,0.013994648546665602,-5.028644789998409,0.006547678039316804,"GARCH(1,1)",22,val
2018-08-22,GLD,-3.948047584911607,0.019292331668287508,-4.824983405004128,0.008026687072128742,"GARCH(1,1)",22,val
2018-08-22,SPY,-4.054802309924333,0.017338907574624796,-4.815456879205241,0.008103518902739314,"GARCH(1,1)",22,val
2018-08-22,TLT,-4.25893686917461,0.014137324248856702,-5.023059935888707,0.006584348169273132,"GARCH(1,1)",22,val
2018-08-23,GLD,-3.969847386154386,0.018876313702163798,-4.836499870221916,0.007934778257792303,"GARCH(1,1)",22,val
2018-08-23,SPY,-4.069075295129458,0.0170931873553238,-4.826578476399933,0.008013894138710358,"GARCH(1,1)",22,val
2018-08-23,TLT,-4.261285709038715,0.014104156905726894,-5.029808269205556,0.006540064382087778,"GARCH(1,1)",22,val
2018-08-24,GLD,-3.966155102066047,0.018946139243432896,-4.848874553183827,0.007837192931505822,"GARCH(1,1)",22,val
2018-08-24,SPY,-4.008309495951416,0.018164075740314596,-4.835917378257161,0.007939401548753774,"GARCH(1,1)",22,val
2018-08-24,TLT,-4.237629825933402,0.014441780844598007,-5.035253747901993,0.006504547392094082,"GARCH(1,1)",22,val
2018-08-27,GLD,-3.962352632930286,0.019018318495869102,-4.8340160025494905,0.007954511694471799,"GARCH(1,1)",22,val
2018-08-27,SPY,-3.9875337025574975,0.018545396227116595,-4.842027515082486,0.007891038621495218,"GARCH(1,1)",22,val
2018-08-27,TLT,-4.226850851790859,0.014598290417863305,-5.045695933962708,0.006436979092329345,"GARCH(1,1)",22,val
2018-08-28,GLD,-3.975095283773835,0.01877751221721391,-4.7564974478724125,0.008595663493210814,"GARCH(1,1)",22,val
2018-08-28,SPY,-3.983907714665615,0.0186127636722454,-4.834327662662167,0.0079520329767396,"GARCH(1,1)",22,val
2018-08-28,TLT,-4.220818530368819,0.014686618140637701,-5.0555492651195575,0.0063738648590396735,"GARCH(1,1)",22,val
2018-08-29,GLD,-3.97096261807352,0.018855273968879288,-4.7683536074015125,0.008494353694886818,"GARCH(1,1)",22,val
2018-08-29,SPY,-3.970556343740342,0.018862935939063404,-4.816809428498715,0.008092565902878652,"GARCH(1,1)",22,val
2018-08-29,TLT,-4.216843624226775,0.014745112246564603,-5.052354403018904,0.0063942610424603166,"GARCH(1,1)",22,val
2018-08-30,GLD,-3.966787908084595,0.018934153805120105,-4.766759603032658,0.008507904528962202,"GARCH(1,1)",22,val
2018-08-30,SPY,-3.9806582392152663,0.0186733437643166,-4.829501997578383,0.007990499563404906,"GARCH(1,1)",22,val
2018-08-30,TLT,-4.206881840344066,0.014892733934975195,-5.048009757328494,0.006422102277498587,"GARCH(1,1)",22,val
2018-08-31,GLD,-3.960459708071967,0.0190543528381047,-4.776195975299804,0.008427998379636167,"GARCH(1,1)",22,val
2018-08-31,SPY,-3.975684401861663,0.0187664533029454,-4.828250210793883,0.008000508228210152,"GARCH(1,1)",22,val
2018-08-31,TLT,-4.030512097352491,0.017765230096553102,-5.0587476315236675,0.006353511469958601,"GARCH(1,1)",22,val
2018-09-04,GLD,-3.930463985037185,0.019634560297064,-4.7849822766166605,0.00835427181259264,"GARCH(1,1)",22,val
2018-09-04,SPY,-3.9109930030078233,0.0200206106610997,-4.826957198482416,0.008010859674678893,"GARCH(1,1)",22,val
2018-09-04,TLT,-4.009891297970523,0.0181353664808018,-5.06822199155852,0.00629360027308385,"GARCH(1,1)",22,val
2018-09-05,GLD,-3.9216020595503305,0.0198093335774796,-4.799710853103121,0.008232126998902335,"GARCH(1,1)",22,val
2018-09-05,SPY,-3.836050397359225,0.021578660393871896,-4.8375138961540545,0.00792673626495687,"GARCH(1,1)",22,val
2018-09-05,TLT,-3.953397624497291,0.019189392539902695,-5.077027782622781,0.006238423438418769,"GARCH(1,1)",22,val
2018-09-06,GLD,-3.9439035934619247,0.0193724448051962,-4.806963444670995,0.008172638726871602,"GARCH(1,1)",22,val
2018-09-06,SPY,-3.826042212800604,0.021795707923802,-4.843003962013446,0.00788333720167695,"GARCH(1,1)",22,val
2018-09-06,TLT,-3.964439240419048,0.0189786761035117,-5.058777533370608,0.006353321491071464,"GARCH(1,1)",22,val
2018-09-07,GLD,-3.9407575588245014,0.019433487157895498,-4.817443959257556,0.008087432549702804,"GARCH(1,1)",22,val
2018-09-07,SPY,-3.821596789143462,0.0218928147600271,-4.84440430220552,0.007872305573564595,"GARCH(1,1)",22,val
2018-09-07,TLT,-3.956544506391744,0.019129100703352886,-5.067063306723401,0.006300896798649001,"GARCH(1,1)",22,val
2018-09-10,GLD,-3.930386517879348,0.019636081389562198,-4.830182238426441,0.007985065947498758,"GARCH(1,1)",22,val
2018-09-10,SPY,-3.683023466400363,0.025146829188204507,-4.844420480850393,0.007872178211358667,"GARCH(1,1)",22,val
2018-09-10,TLT,-3.9318525265339814,0.0196073158147447,-5.072727866710706,0.006265305889347394,"GARCH(1,1)",22,val
2018-09-11,GLD,-3.8750684809608473,0.020752916645364498,-4.841870300664044,0.007892279304067037,"GARCH(1,1)",22,val
2018-09-11,SPY,-3.4712605975902626,0.031077829320942107,-4.84819131143235,0.007842549458624115,"GARCH(1,1)",22,val
2018-09-11,TLT,-3.880504455155691,0.02064041039359801,-5.051536069146698,0.006399495824466673,"GARCH(1,1)",22,val
2018-09-12,GLD,-3.903812323663278,0.020164889637126496,-4.855205285944178,0.007787734476778569,"GARCH(1,1)",22,val
2018-09-12,SPY,-3.408370190820649,0.033095095134712704,-4.854368768363236,0.007794251779123053,"GARCH(1,1)",22,val
2018-09-12,TLT,-3.859991474407188,0.021068179140992398,-5.05758508147621,0.006360902040141003,"GARCH(1,1)",22,val
2018-09-13,GLD,-3.9203087653590662,0.01983496944731571,-4.868121001506698,0.007687797084125568,"GARCH(1,1)",22,val
2018-09-13,SPY,-3.391571711292322,0.0336557382045103,-4.856123395260995,0.007780587766431235,"GARCH(1,1)",22,val
2018-09-13,TLT,-3.8621503097016463,0.0210227454718227,-5.043887169883065,0.0064486326049433135,"GARCH(1,1)",22,val
2018-09-14,GLD,-3.933481856984201,0.019575395029855794,-4.857072405264089,0.007773207413379286,"GARCH(1,1)",22,val
2018-09-14,SPY,-3.364009287132286,0.03459627411922561,-4.861322562237049,0.007740240169296423,"GARCH(1,1)",22,val
2018-09-14,TLT,-3.8657729197228,0.0209467260409159,-5.053538270773701,0.0063866955621441025,"GARCH(1,1)",22,val
2018-09-17,GLD,-3.925050690294366,0.019741136162126693,-4.86622316332013,0.0077024011326795325,"GARCH(1,1)",22,val
2018-09-17,SPY,-3.334520220654237,0.03563167745392871,-4.850431109564433,0.007825003388159123,"GARCH(1,1)",22,val
2018-09-17,TLT,-3.8674646362152583,0.02091132007588101,-5.0644782177409144,0.006317206249150802,"GARCH(1,1)",22,val
2018-09-18,GLD,-3.911566190746368,0.02000913838074989,-4.8655557402862275,0.007707543608524357,"GARCH(1,1)",22,val
2018-09-18,SPY,-3.2938614497974164,0.03711027291210779,-4.857180049703733,0.007772370715856758,"GARCH(1,1)",22,val
2018-09-18,TLT,-3.856751825982332,0.0211365433125094,-5.065798388477467,0.006308871960876102,"GARCH(1,1)",22,val
2018-09-19,GLD,-3.9202365538350312,0.0198364018124047,-4.868926427148133,0.007681607628135744,"GARCH(1,1)",22,val
2018-09-19,SPY,-3.263115021745576,0.03826900337794299,-4.842724402529077,0.007885541371444085,"GARCH(1,1)",22,val
2018-09-19,TLT,-3.8719006152947704,0.020818763339150205,-5.077643746590229,0.006234581977589205,"GARCH(1,1)",22,val
2018-09-20,GLD,-3.92774341502383,0.019688050221583802,-4.881216386050066,0.007587778743666232,"GARCH(1,1)",22,val
2018-09-20,SPY,-3.2636334877721733,0.03824916734241939,-4.839164346648419,0.007913664369395229,"GARCH(1,1)",22,val
2018-09-20,TLT,-3.8822569326495313,0.0206042702155933,-5.039933854915492,0.006474176539081198,"GARCH(1,1)",22,val
2018-09-21,GLD,-3.9343205862461232,0.019558983456626,-4.888278811051447,0.007534379411704027,"GARCH(1,1)",22,val
2018-09-21,SPY,-3.19289253442013,0.0410529519567739,-4.848752654352426,0.007838148334395703,"GARCH(1,1)",22,val
2018-09-21,TLT,-3.851705575708998,0.021243473170479202,-5.037010531352459,0.006493130342461158,"GARCH(1,1)",22,val
2018-09-24,GLD,-3.9317746316072246,0.019608843184660395,-4.8963314140212,0.00747395167250724,"GARCH(1,1)",22,val
2018-09-24,SPY,-3.132201069143888,0.04362167718044789,-4.826708479083893,0.00801285237868062,"GARCH(1,1)",22,val
2018-09-24,TLT,-3.8553930849100206,0.021165281921777798,-5.040370898284955,0.006471347661368209,"GARCH(1,1)",22,val
2018-09-25,GLD,-3.9238175751444175,0.0197654942712956,-4.892601646303554,0.007501879826566226,"GARCH(1,1)",22,val
2018-09-25,SPY,-3.089215794085269,0.045537651301426896,-4.8190885069454,0.008074143311590605,"GARCH(1,1)",22,val
2018-09-25,TLT,-3.849726265327398,0.021285562237389404,-5.0525018205133385,0.006393318485995039,"GARCH(1,1)",22,val
2018-09-26,GLD,-3.9023201264869742,0.0201950020897744,-4.9051291015468985,0.007408486574095738,"GARCH(1,1)",22,val
2018-09-26,SPY,-2.9833107463583404,0.050624949739377804,-4.824506607096094,0.008030515092256649,"GARCH(1,1)",22,val
2018-09-26,TLT,-3.862255915546027,0.021020525464260892,-5.061644531672576,0.006335132615341512,"GARCH(1,1)",22,val
2018-09-27,GLD,-3.8962025945540217,0.0203189243225789,-4.916298287669422,0.00732620020001575,"GARCH(1,1)",22,val
2018-09-27,SPY,-2.8752808653835595,0.0564002963881122,-4.836006671565085,0.007938692644977203,"GARCH(1,1)",22,val
2018-09-27,TLT,-3.84679051597964,0.021348143128803298,-5.073223170453539,0.0062622034282841235,"GARCH(1,1)",22,val
2018-09-28,GLD,-3.917558282178814,0.019889600293332,-4.918352749707345,0.0073111642505049946,"GARCH(1,1)",22,val
2018-09-28,SPY,-2.863294440816319,0.057080402161820705,-4.839213129129368,0.007913278330629932,"GARCH(1,1)",22,val
2018-09-28,TLT,-3.8443435360725178,0.02140044557150939,-5.063046114866743,0.006326259619508491,"GARCH(1,1)",22,val
2018-10-01,GLD,-3.917543661527908,0.0198898910943604,-4.901952000951178,0.007432061511346889,"GARCH(1,1)",22,val
2018-10-01,SPY,-2.856606740376808,0.05746341811287581,-4.846763277146801,0.007853756888529632,"GARCH(1,1)",22,val
2018-10-01,TLT,-3.833681828130986,0.0216298315221243,-5.074937001676943,0.006251480259996422,"GARCH(1,1)",22,val
2018-10-02,GLD,-3.9081989152469743,0.020076628226866306,-4.899203710487544,0.0074525150684075945,"GARCH(1,1)",22,val
2018-10-02,SPY,-2.849375578779058,0.05788045137545541,-4.854982278195542,0.007789471395577192,"GARCH(1,1)",22,val
2018-10-02,TLT,-3.832080065066236,0.02166450514940761,-5.083667535323131,0.006197139060251213,"GARCH(1,1)",22,val
2018-10-03,GLD,-3.914895527384848,0.019942631995738997,-4.910884949514516,0.00736596693737621,"GARCH(1,1)",22,val
2018-10-03,SPY,-2.826640817813232,0.0592114219230327,-4.857334411004698,0.007771171055194453,"GARCH(1,1)",22,val
2018-10-03,TLT,-3.922702108728702,0.0197875543176783,-5.0533365571859195,0.006387983975360868,"GARCH(1,1)",22,val
2018-10-04,GLD,-3.9445034262818734,0.0193608280613998,-4.874702252049542,0.00763736789098899,"GARCH(1,1)",22,val
2018-10-04,SPY,-2.8294598608357497,0.0590447374329684,-4.862757096074458,0.007729144493328015,"GARCH(1,1)",22,val
2018-10-04,TLT,-3.938722988397695,0.019473066205683703,-5.049546518566804,0.006412240619098054,"GARCH(1,1)",22,val
2018-10-05,GLD,-3.934301408655728,0.019559358554396004,-4.882809248587816,0.0075757020759499236,"GARCH(1,1)",22,val
2018-10-05,SPY,-2.8397803370016814,0.05843850133114129,-4.8680212401516,0.007688564067437414,"GARCH(1,1)",22,val
2018-10-05,TLT,-3.992759070355359,0.018448742456546204,-4.944053353006725,0.007125656954007524,"GARCH(1,1)",22,val
2018-10-08,GLD,-3.947986830772507,0.019293503792894597,-4.895664156878825,0.007478940384334196,"GARCH(1,1)",22,val
2018-10-08,SPY,-2.839398298965973,0.05846083132658179,-4.832380276279099,0.007967533745570639,"GARCH(1,1)",22,val
2018-10-08,TLT,-3.964954618308472,0.018968897433548994,-4.940983043171605,0.007147568549115068,"GARCH(1,1)",22,val
2018-10-09,GLD,-3.950762935430838,0.019240017283564097,-4.905212643444054,0.0074078676809244005,"GARCH(1,1)",22,val
2018-10-09,SPY,-2.839638672013781,0.05844678060715321,-4.823229563993653,0.008040776957191556,"GARCH(1,1)",22,val
2018-10-09,TLT,-3.971062808912767,0.018853384937789503,-4.930161978878966,0.0072253328352724295,"GARCH(1,1)",22,val
2018-10-10,GLD,-3.952091520607066,0.0192144722549415,-4.874609938993852,0.007638072952299119,"GARCH(1,1)",22,val
2018-10-10,SPY,-2.8554877325321586,0.05752775611917781,-4.837090128292171,0.00793009607287461,"GARCH(1,1)",22,val
2018-10-10,TLT,-3.982124398309655,0.0186459857320486,-4.940431698398213,0.007151510410239492,"GARCH(1,1)",22,val
2018-10-11,GLD,-4.050233848110475,0.0174183009264377,-4.887732464948652,0.007538496915221171,"GARCH(1,1)",22,val
2018-10-11,SPY,-2.8982016597602476,0.05512225955382081,-4.845867408896729,0.007860795972545001,"GARCH(1,1)",22,val
2018-10-11,TLT,-4.047627289673024,0.017463761968375704,-4.921147741293363,0.0072907581386806005,"GARCH(1,1)",22,val
2018-10-12,GLD,-4.0523769102386185,0.017381012395476195,-4.898178634468595,0.00746015837970335,"GARCH(1,1)",22,val
2018-10-12,SPY,-2.9045381762749702,0.054774080731248204,-4.480253226389862,0.011330543598708406,"GARCH(1,1)",22,val
2018-10-12,TLT,-4.0671508053266745,0.017126114694087397,-4.932760351920528,0.007206583095175684,"GARCH(1,1)",22,val
2018-10-15,GLD,-3.9804693494355265,0.0186768713012546,-4.718029213763983,0.008932765784263195,"GARCH(1,1)",22,val
2018-10-15,SPY,-2.882859965219843,0.055974448720471394,-4.417634192773153,0.012062736663069657,"GARCH(1,1)",22,val
2018-10-15,TLT,-4.007376297166878,0.018181034345361807,-4.90080930493588,0.007440558952492796,"GARCH(1,1)",22,val
2018-10-16,GLD,-3.985009688892452,0.018592264183417005,-4.729381656476426,0.008831930518672926,"GARCH(1,1)",22,val
2018-10-16,SPY,-2.8635040133926513,0.0570684409282986,-4.451074354102709,0.011666026791559522,"GARCH(1,1)",22,val
2018-10-16,TLT,-3.986391388093512,0.018566593005855708,-4.91137612215288,0.007362349864337848,"GARCH(1,1)",22,val
2018-10-17,GLD,-3.995172144597138,0.018404277940995802,-4.734150660431755,0.008789911281688198,"GARCH(1,1)",22,val
2018-10-17,SPY,-2.8662798907823523,0.0569102456004582,-4.511139531128901,0.010985934226276719,"GARCH(1,1)",22,val
2018-10-17,TLT,-3.971095261678063,0.018852773103241,-4.9253145587740175,0.007260442084815911,"GARCH(1,1)",22,val
2018-10-18,GLD,-4.013908086648593,0.018062666653718692,-4.749665655812404,0.008654588330747904,"GARCH(1,1)",22,val
2018-10-18,SPY,-2.86836952342573,0.0567914482581391,-4.459029181163262,0.01157359369801022,"GARCH(1,1)",22,val
2018-10-18,TLT,-4.000794860828982,0.01830108628923559,-4.9372694403463475,0.007174161126446767,"GARCH(1,1)",22,val
2018-10-19,GLD,-4.000373925164302,0.018308791490740405,-4.765257965806043,0.008520689912224613,"GARCH(1,1)",22,val
2018-10-19,SPY,-2.8675041657059412,0.05684061444640939,-4.5283210767447235,0.010798791203210905,"GARCH(1,1)",22,val
2018-10-19,TLT,-4.002375040079268,0.0182721901289928,-4.939277273646518,0.007159771058099848,"GARCH(1,1)",22,val
2018-10-22,GLD,-3.993405337163648,0.018436823498470194,-4.780043329544457,0.00839563518056237,"GARCH(1,1)",22,val
2018-10-22,SPY,-2.868839022823607,0.056764790965658396,-4.523193241703812,0.010854307841574642,"GARCH(1,1)",22,val
2018-10-22,TLT,-3.99665473523188,0.018377012147880404,-4.952456533796164,0.007066029650757781,"GARCH(1,1)",22,val
2018-10-23,GLD,-4.009996678475128,0.018133455467424398,-4.794581035729057,0.008274464806774668,"GARCH(1,1)",22,val
2018-10-23,SPY,-2.9019629627848693,0.054915317462168996,-4.583795818553435,0.010216044354887793,"GARCH(1,1)",22,val
2018-10-23,TLT,-4.03290890309082,0.017722701278132504,-4.96376664639612,0.006986562299231177,"GARCH(1,1)",22,val
2018-10-24,GLD,-4.0228310162003424,0.017902211680461702,-4.807141617169404,0.008171182717125337,"GARCH(1,1)",22,val
2018-10-24,SPY,-2.936234564328588,0.05306516648850221,-4.627525348341206,0.009778928626378712,"GARCH(1,1)",22,val
2018-10-24,TLT,-4.040407420791033,0.017590304299810497,-4.975866928767486,0.00690253234099735,"GARCH(1,1)",22,val
2018-10-25,GLD,-3.992956898931189,0.018445093129082695,-4.810991932871358,0.008139781574954735,"GARCH(1,1)",22,val
2018-10-25,SPY,-2.962933512428129,0.0516671284810456,-4.66153600584676,0.009451933021576193,"GARCH(1,1)",22,val
2018-10-25,TLT,-4.040918644402143,0.017581314019143507,-4.984872248174536,0.006840651877405485,"GARCH(1,1)",22,val
2018-10-26,GLD,-3.9650160883875953,0.018967731449759797,-4.823213654697412,0.008040904881311766,"GARCH(1,1)",22,val
2018-10-26,SPY,-3.0432252720891304,0.047680857491310895,-4.41362987926145,0.012111136481829482,"GARCH(1,1)",22,val
2018-10-26,TLT,-4.038737942188319,0.017619695463587298,-4.977699721501879,0.006889893016043421,"GARCH(1,1)",22,val
2018-10-29,GLD,-3.9680463023512265,0.0189103421598894,-4.835374466617207,0.007943713112562046,"GARCH(1,1)",22,val
2018-10-29,SPY,-3.1883187192268325,0.04124115063706559,-4.417303713572644,0.012066723805435536,"GARCH(1,1)",22,val
2018-10-29,TLT,-4.047084793927654,0.017473238555213298,-4.984038420096206,0.006846358183723547,"GARCH(1,1)",22,val
2018-10-30,GLD,-3.956794897626344,0.019124311543817798,-4.845401782488066,0.007864457019016745,"GARCH(1,1)",22,val
2018-10-30,SPY,-3.203096351991967,0.0406361850470481,-4.409478211616043,0.012161522415763626,"GARCH(1,1)",22,val
2018-10-30,TLT,-4.05164850609886,0.017393677408922392,-4.983852466608919,0.006847631406279441,"GARCH(1,1)",22,val
2018-10-31,GLD,-3.957846770642653,0.019104205772762207,-4.853841625306586,0.007798361547953083,"GARCH(1,1)",22,val
2018-10-31,SPY,-3.20814685340108,0.04043146933086329,-4.473566731768901,0.011406559072847423,"GARCH(1,1)",22,val
2018-10-31,TLT,-4.063155341665186,0.0171946783435842,-4.9943284733173146,0.0067762700175627456,"GARCH(1,1)",22,val
2018-11-01,GLD,-3.986902957333907,0.01855709733702811,-4.860895816615478,0.007743543987793484,"GARCH(1,1)",22,val
2018-11-01,SPY,-3.167983139316063,0.04208839879568809,-4.4872096550092815,0.011251996999601098,"GARCH(1,1)",22,val
2018-11-01,TLT,-3.9038400831899023,0.02016432987710511,-4.997616381233506,0.006754026852506994,"GARCH(1,1)",22,val
2018-11-02,GLD,-3.976574268267303,0.018749761094617304,-4.863945705562888,0.007719963016521981,"GARCH(1,1)",22,val
2018-11-02,SPY,-3.1285548702238515,0.043781020815432,-4.524260919149304,0.010842725126307979,"GARCH(1,1)",22,val
2018-11-02,TLT,-3.896483700757612,0.020313213349634113,-5.0003936004864755,0.00673529546172621,"GARCH(1,1)",22,val
2018-11-05,GLD,-3.970805326391517,0.0188582399798948,-4.825965768418226,0.008018805820173263,"GARCH(1,1)",22,val
2018-11-05,SPY,-3.0589449813690273,0.04693718871569821,-4.555106185299242,0.01051338380603455,"GARCH(1,1)",22,val
2018-11-05,TLT,-3.870996727565315,0.020837589671038312,-5.01167478295423,0.006659740341489444,"GARCH(1,1)",22,val
2018-11-06,GLD,-3.9833485594708455,0.0186231740059666,-4.839492440988791,0.007911068366794189,"GARCH(1,1)",22,val
2018-11-06,SPY,-2.9955460024653853,0.050009314421907106,-4.597033066069539,0.010081703162586143,"GARCH(1,1)",22,val
2018-11-06,TLT,-3.848211261418762,0.021317834387420596,-4.968672251992513,0.006952372908513595,"GARCH(1,1)",22,val
2018-11-07,GLD,-3.9775099899634943,0.018732224742214906,-4.851079382668991,0.007819932292824456,"GARCH(1,1)",22,val
2018-11-07,SPY,-2.977153229183791,0.05093763543266571,-4.638980204185382,0.009667551530787842,"GARCH(1,1)",22,val
2018-11-07,TLT,-3.8527568102886223,0.021221153030797895,-4.976078153834662,0.00690107450711089,"GARCH(1,1)",22,val
2018-11-08,GLD,-3.99461806210592,0.0184144782548131,-4.8616702978582715,0.007737549079993666,"GARCH(1,1)",22,val
2018-11-08,SPY,-2.9684439268324017,0.0513832041807518,-4.670813057133617,0.009364652433394708,"GARCH(1,1)",22,val
2018-11-08,TLT,-3.8521375103559574,0.021234299359781095,-4.988415959255361,0.006816453484926627,"GARCH(1,1)",22,val
2018-11-09,GLD,-4.008197437631065,0.0181661112901808,-4.874380708326101,0.007639824033555398,"GARCH(1,1)",22,val
2018-11-09,SPY,-2.9645799672822597,0.051582130878118,-4.565108690629232,0.01040874781192498,"GARCH(1,1)",22,val
2018-11-09,TLT,-3.856850877051409,0.0211344498189808,-5.00002052892145,0.0067378086777205885,"GARCH(1,1)",22,val
2018-11-12,GLD,-3.994968021636001,0.018408035060150804,-4.885449023798389,0.007555730297507596,"GARCH(1,1)",22,val
2018-11-12,SPY,-2.9639680289155854,0.05161370562295071,-4.617128565383969,0.009881128378593536,"GARCH(1,1)",22,val
2018-11-12,TLT,-3.851201082434299,0.021254193063654604,-5.012082429110795,0.0066570260772028005,"GARCH(1,1)",22,val
2018-11-13,GLD,-3.995471353819377,0.018398772035057197,-4.857284489598645,0.0077715590126638135,"GARCH(1,1)",22,val
2018-11-13,SPY,-2.930848423189971,0.053351754072504004,-4.625514812002282,0.009798609295458442,"GARCH(1,1)",22,val
2018-11-13,TLT,-3.850402047143683,0.021271182700741905,-5.003806264822281,0.006712349335096601,"GARCH(1,1)",22,val
2018-11-14,GLD,-4.09035834104837,0.016733236278678294,-4.854542273279861,0.007792899555430083,"GARCH(1,1)",22,val
2018-11-14,SPY,-2.9370600356890124,0.0530213807877371,-4.546572436722952,0.010603486289282588,"GARCH(1,1)",22,val
2018-11-14,TLT,-3.882953041034268,0.020589932401250205,-5.000656711304046,0.006733523565743418,"GARCH(1,1)",22,val
2018-11-15,GLD,-3.9904078138476544,0.018492171218377904,-4.867431018641199,0.007693103362797217,"GARCH(1,1)",22,val
2018-11-15,SPY,-2.856528533425237,0.05746791232737039,-4.601032235405905,0.010041465237206929,"GARCH(1,1)",22,val
2018-11-15,TLT,-3.8275171794030145,0.021763583679456196,-5.012597570602185,0.006653597649999541,"GARCH(1,1)",22,val
2018-11-16,GLD,-3.947531571997066,0.019302289329499896,-4.857987432333842,0.00776609797133924,"GARCH(1,1)",22,val
2018-11-16,SPY,-2.8151752405504262,0.059894221923987814,-4.630321692557908,0.009751621573622369,"GARCH(1,1)",22,val
2018-11-16,TLT,-3.830056492022475,0.021708389244395308,-5.024374054391313,0.00657570123830665,"GARCH(1,1)",22,val
2018-11-19,GLD,-3.9469794432289818,0.019312949621384697,-4.870387315229243,0.0076703938521382525,"GARCH(1,1)",22,val
2018-11-19,SPY,-2.7570540492123476,0.06347849770717978,-4.641276936962564,0.009645373226879923,"GARCH(1,1)",22,val
2018-11-19,TLT,-3.814220419008109,0.022054901335350388,-5.036043604786433,0.006499411759030835,"GARCH(1,1)",22,val
2018-11-20,GLD,-3.953205458307137,0.019193080446692604,-4.86505798548628,0.007711381030319631,"GARCH(1,1)",22,val
2018-11-20,SPY,-2.740797961534134,0.06451884279198077,-4.682450038689327,0.009256307770832405,"GARCH(1,1)",22,val
2018-11-20,TLT,-3.816002819206828,0.022015625687686696,-5.034793927196248,0.006507539005416627,"GARCH(1,1)",22,val
2018-11-21,GLD,-3.905001865156381,0.020140916925293798,-4.8777640445215,0.007614019617498794,"GARCH(1,1)",22,val
2018-11-21,SPY,-2.671545113420225,0.06914530538961301,-4.605358298448979,0.009998119052311518,"GARCH(1,1)",22,val
2018-11-21,TLT,-3.7828573654043782,0.0227575717358597,-5.0434568621600295,0.00645140809847156,"GARCH(1,1)",22,val
2018-11-23,GLD,-3.8847751592941817,0.02055244926917189,-4.890276493193571,0.007519343140347142,"GARCH(1,1)",22,val
2018-11-23,SPY,-2.620172642911782,0.07279029501411415,-4.534312654221696,0.010734282855423043,"GARCH(1,1)",22,val
2018-11-23,TLT,-3.764756789312908,0.023173247531449392,-5.055028218078188,0.006377186807837208,"GARCH(1,1)",22,val
2018-11-26,GLD,-3.8853872114137737,0.020539873947802503,-4.9014772259917265,0.007435590905817343,"GARCH(1,1)",22,val
2018-11-26,SPY,-2.6060301227492517,0.0738270470924904,-4.589986397878115,0.010152996474726072,"GARCH(1,1)",22,val
2018-11-26,TLT,-3.75949697255136,0.023295455681726005,-5.066499084994584,0.006304452904655635,"GARCH(1,1)",22,val
2018-11-27,GLD,-3.9161442253709025,0.019917745212601,-4.913366878601355,0.00734770779809906,"GARCH(1,1)",22,val
2018-11-27,SPY,-2.6033558253839506,0.0740247468061026,-4.621764766940054,0.009835423506195495,"GARCH(1,1)",22,val
2018-11-27,TLT,-3.746832339613052,0.0235923602020111,-5.077504122352254,0.0062354525371211104,"GARCH(1,1)",22,val
2018-11-28,GLD,-3.9769448037544337,0.01874281492973629,-4.924815292860607,0.007264067881108086,"GARCH(1,1)",22,val
2018-11-28,SPY,-2.6054129725459925,0.07387262353191741,-4.587595051000972,0.010177304864451443,"GARCH(1,1)",22,val
2018-11-28,TLT,-3.742730830103497,0.02368932320313909,-5.086600145890072,0.006178991887060027,"GARCH(1,1)",22,val
2018-11-29,GLD,-3.9895741157863767,0.018507594533972303,-4.92377135712376,0.007271655060738989,"GARCH(1,1)",22,val
2018-11-29,SPY,-2.6026025779092867,0.07408052676511619,-4.6356395233287735,0.009699901740894733,"GARCH(1,1)",22,val
2018-11-29,TLT,-3.715581386269726,0.024341285311359987,-5.097390734561586,0.006112675367815172,"GARCH(1,1)",22,val
2018-11-30,GLD,-3.9698155059801334,0.018876915491926397,-4.930031467927828,0.00722627588187067,"GARCH(1,1)",22,val
2018-11-30,SPY,-2.59322664816546,0.0747783669174316,-4.520859458700964,0.010879669022959112,"GARCH(1,1)",22,val
2018-11-30,TLT,-3.6997007726632,0.024730925532267002,-5.097567901350714,0.006111592500674154,"GARCH(1,1)",22,val
2018-12-03,GLD,-3.963157561893601,0.019003016259910903,-4.937776933724084,0.007170521210878925,"GARCH(1,1)",22,val
2018-12-03,SPY,-2.5865862368048784,0.0752765783684046,-4.577769829970077,0.010277791979928232,"GARCH(1,1)",22,val
2018-12-03,TLT,-3.698211861662225,0.024767775105416202,-5.1017321485809815,0.0060861952354773815,"GARCH(1,1)",22,val
2018-12-04,GLD,-3.9568320489585473,0.0191236010633642,-4.94830497372696,0.007095425674762275,"GARCH(1,1)",22,val
2018-12-04,SPY,-2.5963673027115988,0.07454388230973479,-4.619708867369162,0.009855664949218853,"GARCH(1,1)",22,val
2018-12-04,TLT,-3.8002630266550472,0.022364888520644395,-5.106615916472889,0.006056544134085422,"GARCH(1,1)",22,val
2018-12-06,GLD,-3.9733718264593527,0.0188099023614906,-4.937264634889338,0.007174195601652472,"GARCH(1,1)",22,val
2018-12-06,SPY,-2.620572760368316,0.0727611761722797,-4.611299543960747,0.009938893882216554,"GARCH(1,1)",22,val
2018-12-06,TLT,-3.824594440528266,0.021827285998805002,-5.1072393654654356,0.0060527693645571114,"GARCH(1,1)",22,val
2018-12-07,GLD,-3.9768070411079623,0.018745397167387195,-4.934434600235632,0.007194527580349697,"GARCH(1,1)",22,val
2018-12-07,SPY,-2.6465508375618327,0.0708953213132295,-4.3466835546705225,0.012949688377100014,"GARCH(1,1)",22,val
2018-12-07,TLT,-3.830129506438271,0.021706804276900197,-5.0024451953869615,0.006721491528784657,"GARCH(1,1)",22,val
2018-12-10,GLD,-3.983574369640289,0.01861896917865299,-4.94620071223013,0.0071103720258137125,"GARCH(1,1)",22,val
2018-12-10,SPY,-2.676208535603819,0.0688236023401561,-4.423932480338561,0.01198700083212095,"GARCH(1,1)",22,val
2018-12-10,TLT,-3.8444669500471496,0.021397804620431005,-5.011424804056721,0.0066614053441367985,"GARCH(1,1)",22,val
2018-12-11,GLD,-3.9916668332842966,0.018468903865486497,-4.932084420441933,0.007211455898197774,"GARCH(1,1)",22,val
2018-12-11,SPY,-2.688307362837469,0.06799593446740052,-4.354044501214139,0.012854716383908336,"GARCH(1,1)",22,val
2018-12-11,TLT,-3.8499774714342223,0.021280215845719413,-5.0225268102622564,0.0065878593898933266,"GARCH(1,1)",22,val
2018-12-12,GLD,-3.9753496630036342,0.01877273621560211,-4.939571841757222,0.007157662328463687,"GARCH(1,1)",22,val
2018-12-12,SPY,-2.693199543864025,0.0676640984097798,-4.431164541014422,0.011900622836716583,"GARCH(1,1)",22,val
2018-12-12,TLT,-3.8507270326262986,0.021264270998328404,-5.028344470532538,0.0065496447297912,"GARCH(1,1)",22,val
2018-12-13,GLD,-3.9755784867304698,0.0187684410595739,-4.95092013101347,0.007076894262448431,"GARCH(1,1)",22,val
2018-12-13,SPY,-2.699743548452859,0.067222749907623,-4.5007499930269885,0.011100667991868032,"GARCH(1,1)",22,val
2018-12-13,TLT,-3.840318144995333,0.021486764351025686,-5.040398525213349,0.006471168880379352,"GARCH(1,1)",22,val
2018-12-14,GLD,-3.985744846452823,0.0185786009627635,-4.960660361449729,0.0070082982941476486,"GARCH(1,1)",22,val
2018-12-14,SPY,-2.7027676729370156,0.0670197670211888,-4.556493623203982,0.010498807253204236,"GARCH(1,1)",22,val
2018-12-14,TLT,-3.83652960340079,0.0215683222466914,-5.044096832863416,0.0064472807071385835,"GARCH(1,1)",22,val
2018-12-17,GLD,-3.9891941471620433,0.018514628175404,-4.970341009373011,0.0069407807598424655,"GARCH(1,1)",22,val
2018-12-17,SPY,-2.7240936958731825,0.06560563443958412,-4.6105943279863455,0.009945905420984162,"GARCH(1,1)",22,val
2018-12-17,TLT,-3.828703456789244,0.021737781339685902,-5.0535958541736585,0.006386327805087593,"GARCH(1,1)",22,val
2018-12-18,GLD,-3.978549690863267,0.018712758952348803,-4.975233833688822,0.006906903683844568,"GARCH(1,1)",22,val
2018-12-18,SPY,-2.729483292789991,0.0652529976531602,-4.532870200509232,0.010749777734214557,"GARCH(1,1)",22,val
2018-12-18,TLT,-3.8321615027949174,0.021662740913153903,-5.060599634147607,0.006341755639319725,"GARCH(1,1)",22,val
2018-12-19,GLD,-4.065389946452901,0.017156297931531592,-4.966014650499183,0.006970874118670052,"GARCH(1,1)",22,val
2018-12-19,SPY,-2.800934169444573,0.06075328224816679,-4.466769984176192,0.011484350641124165,"GARCH(1,1)",22,val
2018-12-19,TLT,-3.896872368605576,0.020305319790801905,-5.058593481362126,0.006354490940268863,"GARCH(1,1)",22,val
2018-12-20,GLD,-4.124093765662563,0.016178149141201296,-4.975204719431096,0.006907104776145823,"GARCH(1,1)",22,val
2018-12-20,SPY,-2.8459066074048183,0.058081585667255096,-4.531129914149896,0.01076850171358864,"GARCH(1,1)",22,val
2018-12-20,TLT,-3.910680490015423,0.0200268683397991,-5.065186431661325,0.006312733899624076,"GARCH(1,1)",22,val
2018-12-21,GLD,-4.128111357027242,0.016113282340316108,-4.971086241460189,0.006935610194185179,"GARCH(1,1)",22,val
2018-12-21,SPY,-2.9238585592261392,0.053725981953017,-4.512476661785025,0.010971254413437676,"GARCH(1,1)",22,val
2018-12-21,TLT,-3.92601255031137,0.0197221570816347,-5.009288515882058,0.00667565123684832,"GARCH(1,1)",22,val
2018-12-24,GLD,-4.133073800175949,0.016033519166557004,-4.890867393949764,0.0075149012672817575,"GARCH(1,1)",22,val
2018-12-24,SPY,-2.959910850583333,0.05182353700488871,-4.486219427814345,0.011263144551421037,"GARCH(1,1)",22,val
2018-12-24,TLT,-3.9243626795341786,0.0197547229496166,-5.016558703706192,0.006627293994620703,"GARCH(1,1)",22,val
2018-12-26,GLD,-4.213772735181569,0.014790462447311201,-4.897465023361937,0.007465483931541004,"GARCH(1,1)",22,val
2018-12-26,SPY,-3.0905333682686664,0.045477691577066194,-4.358347997677659,0.01279951502203788,"GARCH(1,1)",22,val
2018-12-26,TLT,-3.972840092453838,0.018819906885853797,-5.028865652210823,0.006546232064345359,"GARCH(1,1)",22,val
2018-12-27,GLD,-4.158513779140064,0.015630771444075108,-4.869003148072892,0.007681018310701656,"GARCH(1,1)",22,val
2018-12-27,SPY,-3.2114629701231108,0.040297615918749405,-4.273245257619241,0.013936482211400826,"GARCH(1,1)",22,val
2018-12-27,TLT,-3.992262922010006,0.018457898040666002,-5.03185185519188,0.00652671284532021,"GARCH(1,1)",22,val
2018-12-28,GLD,-4.148986535745861,0.0157804012560782,-4.8797322426225405,0.007599048456484634,"GARCH(1,1)",22,val
2018-12-28,SPY,-3.255635915216325,0.0385562943316162,-3.9916747787646503,0.018468757121756656,"GARCH(1,1)",22,val
2018-12-28,TLT,-3.988836444049427,0.0185212521001599,-4.9996995897330505,0.0067399714516100905,"GARCH(1,1)",22,val
2018-12-31,GLD,-4.135717580894383,0.01599118604214241,-4.8733848962949,0.007647435651485628,"GARCH(1,1)",22,val
2018-12-31,SPY,-3.2661860554738236,0.0381516582554633,-4.088787387882701,0.01675954406792417,"GARCH(1,1)",22,val
2018-12-31,TLT,-4.004829159036129,0.0182274029797881,-5.012270527092611,0.006655774021791021,"GARCH(1,1)",22,val
2019-01-02,GLD,-4.173371123634786,0.015400256349421196,-4.88123955103045,0.007587602974956326,"GARCH(1,1)",22,val
2019-01-02,SPY,-3.2953678102950783,0.03705441354566969,-4.18608551559205,0.015205690965274231,"GARCH(1,1)",22,val
2019-01-02,TLT,-4.015081976844732,0.018041475506891006,-4.99947245018557,0.0067415025395543724,"GARCH(1,1)",22,val
2019-01-03,GLD,-4.178658637054234,0.015319042187011505,-4.893717685475985,0.007493512105033944,"GARCH(1,1)",22,val
2019-01-03,SPY,-3.325814964308148,0.0359432143772037,-4.265486096692532,0.014045038226797592,"GARCH(1,1)",22,val
2019-01-03,TLT,-4.0775221419524605,0.016949411899497193,-5.00705450544837,0.006690581382203896,"GARCH(1,1)",22,val
2019-01-04,GLD,-4.224454128174122,0.014633320447152497,-4.906652145125695,0.007397211714421265,"GARCH(1,1)",22,val
2019-01-04,SPY,-3.377126695186634,0.03414542413073791,-4.351126974369205,0.012892275126721062,"GARCH(1,1)",22,val
2019-01-04,TLT,-4.101576759966245,0.016546564861091396,-5.009736625053932,0.006672660486442241,"GARCH(1,1)",22,val
2019-01-07,GLD,-4.23263096327699,0.014514154064739,-4.890421549405655,0.007518252492018416,"GARCH(1,1)",22,val
2019-01-07,SPY,-3.4008955450058784,0.0333433960737848,-4.290479778673607,0.01369835154358343,"GARCH(1,1)",22,val
2019-01-07,TLT,-4.108760642480954,0.0164281222314588,-4.977465374084901,0.006891507833881788,"GARCH(1,1)",22,val
2019-01-08,GLD,-4.250061038970442,0.014263363261419297,-4.881003232725,0.007589396276320417,"GARCH(1,1)",22,val
2019-01-08,SPY,-3.4226555275529966,0.03262568140589331,-4.174336103460198,0.015385402580684054,"GARCH(1,1)",22,val
2019-01-08,TLT,-4.114928599556419,0.016327106130444108,-4.944598830211592,0.007121771130479844,"GARCH(1,1)",22,val
2019-01-09,GLD,-4.248296268712946,0.014288557044756005,-4.8902154854784206,0.007519801892285132,"GARCH(1,1)",22,val
2019-01-09,SPY,-3.4427960348868702,0.03197515657013911,-4.256693947403185,0.01416906874811033,"GARCH(1,1)",22,val
2019-01-09,TLT,-4.128822896521019,0.016101821181573696,-4.95509713097772,0.007047395725949348,"GARCH(1,1)",22,val
2019-01-10,GLD,-4.255853989472651,0.014180975169520103,-4.900846053811359,0.007440285525342454,"GARCH(1,1)",22,val
2019-01-10,SPY,-3.4647896569005376,0.0312795841790963,-4.32653021750071,0.013213315372299672,"GARCH(1,1)",22,val
2019-01-10,TLT,-4.15133204847085,0.015743431497595,-4.965910710955489,0.006971598705801069,"GARCH(1,1)",22,val
2019-01-11,GLD,-4.16630197714854,0.015509508723027003,-4.899182989814348,0.00745266949113668,"GARCH(1,1)",22,val
2019-01-11,SPY,-3.4685251647600523,0.031162957013018803,-4.402798979347557,0.012243023929490912,"GARCH(1,1)",22,val
2019-01-11,TLT,-4.159150217263169,0.015620826590212303,-4.977971132053457,0.006888023280124128,"GARCH(1,1)",22,val
2019-01-14,GLD,-4.148114444054936,0.015794169215481997,-4.899953917601894,0.007446926235236801,"GARCH(1,1)",22,val
2019-01-14,SPY,-3.4563721820118047,0.03154399054926149,-4.473543256946555,0.011406826842938157,"GARCH(1,1)",22,val
2019-01-14,TLT,-4.171474593786482,0.015429491108793596,-4.976303940067434,0.006899516515389005,"GARCH(1,1)",22,val
2019-01-15,GLD,-4.137588751998823,0.015961291774262098,-4.911853314874136,0.00735883744268892,"GARCH(1,1)",22,val
2019-01-15,SPY,-3.4663928707997695,0.031229476492380708,-4.5389024149530135,0.010685127956398019,"GARCH(1,1)",22,val
2019-01-15,TLT,-4.177602978605908,0.015335222402204297,-4.984056476365229,0.006846234565154402,"GARCH(1,1)",22,val
2019-01-16,GLD,-4.1257949923979345,0.0161506498392596,-4.922483999573284,0.0072810223089910826,"GARCH(1,1)",22,val
2019-01-16,SPY,-3.463404928994286,0.0313229278949056,-4.57984204019125,0.010256516285804998,"GARCH(1,1)",22,val
2019-01-16,TLT,-4.192637580691218,0.015106387963311197,-4.991671182830022,0.006794300480899377,"GARCH(1,1)",22,val
2019-01-17,GLD,-4.1031780499645185,0.016520090214723802,-4.933956735498815,0.007197966412961387,"GARCH(1,1)",22,val
2019-01-17,SPY,-3.488957366911907,0.030532689974023502,-4.588953770093848,0.010163486156015495,"GARCH(1,1)",22,val
2019-01-17,TLT,-4.206102318635819,0.014904347670363997,-4.999266384198139,0.006742891877074642,"GARCH(1,1)",22,val
2019-01-18,GLD,-4.091596491549124,0.016712530834673694,-4.942352446076969,0.007137787346709648,"GARCH(1,1)",22,val
2019-01-18,SPY,-3.5345707553718215,0.029171275915847998,-4.637374322192487,0.00968308894999831,"GARCH(1,1)",22,val
2019-01-18,TLT,-4.230333786918037,0.014547533961402594,-5.011264102107333,0.006662475930981656,"GARCH(1,1)",22,val
2019-01-22,GLD,-4.092373877114543,0.016699543803060695,-4.9539615009171065,0.007055403506462301,"GARCH(1,1)",22,val
2019-01-22,SPY,-3.5805641203660277,0.027859977440776704,-4.660086232203758,0.009465646122990893,"GARCH(1,1)",22,val
2019-01-22,TLT,-4.242904813555283,0.014365801201424305,-5.0233392633249085,0.006582509237024022,"GARCH(1,1)",22,val
2019-01-23,GLD,-4.097645754492731,0.0166117375112254,-4.934662262736771,0.007192889842639046,"GARCH(1,1)",22,val
2019-01-23,SPY,-3.654198826083712,0.025882225342586704,-4.634588331722347,0.009710103557280378,"GARCH(1,1)",22,val
2019-01-23,TLT,-4.271634294259379,0.013958951467323405,-5.024829744151407,0.006572705441215785,"GARCH(1,1)",22,val
2019-01-24,GLD,-4.093423749176039,0.016682020618742504,-4.94212928743775,0.007139380383364311,"GARCH(1,1)",22,val
2019-01-24,SPY,-3.66893454315969,0.025503628491412095,-4.598791657846624,0.010063989142735498,"GARCH(1,1)",22,val
2019-01-24,TLT,-4.2775414869978725,0.013876736320013395,-5.020213309046818,0.006603118054262532,"GARCH(1,1)",22,val
2019-01-25,GLD,-4.078935584334248,0.016925471805329596,-4.953742531115794,0.007056948595924082,"GARCH(1,1)",22,val
2019-01-25,SPY,-3.6999806144562464,0.024724005753989097,-4.64532971882391,0.009606361739142148,"GARCH(1,1)",22,val
2019-01-25,TLT,-4.262405350188205,0.014088374148437404,-5.032159564901593,0.006524704821365272,"GARCH(1,1)",22,val
2019-01-28,GLD,-4.077213424395687,0.01695464528830549,-4.96499417111067,0.0069779913829211586,"GARCH(1,1)",22,val
2019-01-28,SPY,-3.717922091921954,0.0242843761570221,-4.685264590456651,0.009230292041919077,"GARCH(1,1)",22,val
2019-01-28,TLT,-4.233778755240419,0.014497504392355498,-5.028254847719828,0.006550231753679107,"GARCH(1,1)",22,val
2019-01-29,GLD,-3.966608141063485,0.018937557847505008,-4.896137564149347,0.007475400637517496,"GARCH(1,1)",22,val
2019-01-29,SPY,-3.719889954485476,0.024236634831893894,-4.6927181092776085,0.009161749644807269,"GARCH(1,1)",22,val
2019-01-29,TLT,-4.216148925011011,0.014755359223349902,-5.031274334200641,0.006530483247630612,"GARCH(1,1)",22,val
2019-01-30,GLD,-4.010661448011971,0.018121404904499292,-4.905050187305415,0.007409071232262899,"GARCH(1,1)",22,val
2019-01-30,SPY,-3.684276730066243,0.02511533332130611,-4.694718086190163,0.009143444667906158,"GARCH(1,1)",22,val
2019-01-30,TLT,-4.213992106527081,0.014787218199523899,-5.042725597837767,0.006456127508400074,"GARCH(1,1)",22,val
2019-01-31,GLD,-4.001220853337403,0.018293291823890202,-4.9069360313486685,0.007395112045974695,"GARCH(1,1)",22,val
2019-01-31,SPY,-3.707923645978934,0.024528400076374,-4.72425271121552,0.008877345372443649,"GARCH(1,1)",22,val
2019-01-31,TLT,-4.229935340377838,0.014553331530912001,-5.044856448296248,0.006442385112833536,"GARCH(1,1)",22,val
2019-02-01,GLD,-4.0118513396889846,0.018099855219065892,-4.908267651096724,0.007385271122373468,"GARCH(1,1)",22,val
2019-02-01,SPY,-3.7192012056888464,0.024253333534914403,-4.654639338822601,0.009517345159957747,"GARCH(1,1)",22,val
2019-02-01,TLT,-4.231746217061304,0.014527001089962105,-5.056335649546607,0.006368854521258406,"GARCH(1,1)",22,val
2019-02-04,GLD,-4.010543038450501,0.018123550779150795,-4.92122952337309,0.007290161909697988,"GARCH(1,1)",22,val
2019-02-04,SPY,-3.711858652496871,0.02443207031561681,-4.6665196866018475,0.009404944789306771,"GARCH(1,1)",22,val
2019-02-04,TLT,-4.231552795016351,0.0145298112039802,-5.039661317684429,0.00647594123369014,"GARCH(1,1)",22,val
2019-02-05,GLD,-4.004406989796064,0.018235099653187502,-4.932539978633283,0.00720817140858667,"GARCH(1,1)",22,val
2019-02-05,SPY,-3.70585386615992,0.02457922103980399,-4.7028579176949314,0.009069320656685344,"GARCH(1,1)",22,val
2019-02-05,TLT,-4.210462794558867,0.014839499109244494,-5.024809321450075,0.006572839674986657,"GARCH(1,1)",22,val
2019-02-06,GLD,-3.9991021380080394,0.018332091189593402,-4.9379455524850915,0.007169312228407997,"GARCH(1,1)",22,val
2019-02-06,SPY,-3.697310871356247,0.0247901006867427,-4.715233082475392,0.008957777922481223,"GARCH(1,1)",22,val
2019-02-06,TLT,-4.227241630907983,0.014592586825317303,-5.029176841328906,0.006544195265093807,"GARCH(1,1)",22,val
2019-02-07,GLD,-3.999389862674227,0.0183268173535181,-4.947889466584877,0.007098374487390182,"GARCH(1,1)",22,val
2019-02-07,SPY,-3.749530031697729,0.023528801048693888,-4.737421731166667,0.008761205834501764,"GARCH(1,1)",22,val
2019-02-07,TLT,-4.216552647070936,0.014749403361666599,-5.033580629904205,0.006515439376650106,"GARCH(1,1)",22,val
2019-02-08,GLD,-3.9974424510614033,0.0183625419844488,-4.9423000294179245,0.0071381614954810595,"GARCH(1,1)",22,val
2019-02-08,SPY,-3.761175445126106,0.023256387694692498,-4.759002071893887,0.008574161526356958,"GARCH(1,1)",22,val
2019-02-08,TLT,-4.2211673617932,0.014681495880167003,-5.04549575341264,0.006438267779325561,"GARCH(1,1)",22,val
2019-02-11,GLD,-4.001511848204824,0.018287969344305894,-4.952468127152294,0.007065947732234476,"GARCH(1,1)",22,val
2019-02-11,SPY,-3.765194727503867,0.023163101303219406,-4.729731896982685,0.008828837760493036,"GARCH(1,1)",22,val
2019-02-11,TLT,-4.213393064924316,0.0147960790121473,-5.040848664045554,0.00646825661148837,"GARCH(1,1)",22,val
2019-02-12,GLD,-3.9982231563488018,0.01834821184536699,-4.959040868834876,0.007019657376970402,"GARCH(1,1)",22,val
2019-02-12,SPY,-3.763098439019754,0.023211708775579803,-4.75474410690788,0.008610747842269994,"GARCH(1,1)",22,val
2019-02-12,TLT,-4.212880191166336,0.014803669479102893,-5.045998899996791,0.006435029201692501,"GARCH(1,1)",22,val
2019-02-13,GLD,-4.0574685835074,0.017292738879935998,-4.961505735610012,0.007002376163423055,"GARCH(1,1)",22,val
2019-02-13,SPY,-3.766548063703767,0.0231317750419867,-4.774992419693363,0.008438148050958778,"GARCH(1,1)",22,val
2019-02-13,TLT,-4.222004550340089,0.014669209843547094,-5.051525330323037,0.006399564547892852,"GARCH(1,1)",22,val
2019-02-14,GLD,-4.073966925075741,0.017009777978400597,-4.971970228244635,0.006929481915489209,"GARCH(1,1)",22,val
2019-02-14,SPY,-3.767227299215741,0.023116068453763298,-4.723817940383161,0.00888120582242508,"GARCH(1,1)",22,val
2019-02-14,TLT,-4.208985288822472,0.014861440759769301,-5.06059439000921,0.0063417888964511825,"GARCH(1,1)",22,val
2019-02-15,GLD,-3.9583339453985342,0.01909490095269931,-4.977535983721643,0.006891021244196196,"GARCH(1,1)",22,val
2019-02-15,SPY,-3.7171755005810265,0.024302513431704403,-4.747305640542613,0.00867503741194294,"GARCH(1,1)",22,val
2019-02-15,TLT,-4.174198178832515,0.015387524752953298,-5.066235342728812,0.006306115874637256,"GARCH(1,1)",22,val
2019-02-19,GLD,-3.919286570386096,0.019855255019512394,-4.976379546784441,0.006898994885315958,"GARCH(1,1)",22,val
2019-02-19,SPY,-3.691347536364769,0.024938374024000485,-4.765276091694552,0.008520535468548968,"GARCH(1,1)",22,val
2019-02-19,TLT,-4.189550309860978,0.015153097539676903,-5.065001972013027,0.0063138984517021315,"GARCH(1,1)",22,val
2019-02-20,GLD,-3.9333478386824017,0.019578018666858505,-4.9735735028329255,0.00691838095454629,"GARCH(1,1)",22,val
2019-02-20,SPY,-3.659064768864084,0.02575658983054081,-4.735800769471447,0.008775418929892935,"GARCH(1,1)",22,val
2019-02-20,TLT,-4.129554263281933,0.016090049150132298,-5.07587469493908,0.006245621036584718,"GARCH(1,1)",22,val
2019-02-21,GLD,-3.9388683827876254,0.019470235136918403,-4.89731120939385,0.007466632315564691,"GARCH(1,1)",22,val
2019-02-21,SPY,-3.642665954190013,0.026182449628242597,-4.7596384488481425,0.008568706863354519,"GARCH(1,1)",22,val
2019-02-21,TLT,-4.028952783771559,0.017792953270054205,-5.0849868164061265,0.006188968682617703,"GARCH(1,1)",22,val
2019-02-22,GLD,-3.944771081212512,0.0193556467337428,-4.90980502526499,0.007373925920469011,"GARCH(1,1)",22,val
2019-02-22,SPY,-3.625517939163229,0.026635298299019693,-4.778528476926758,0.00840836296842031,"GARCH(1,1)",22,val
2019-02-22,TLT,-4.023698582150579,0.0178866870664608,-5.092791105467972,0.006140856168207358,"GARCH(1,1)",22,val
2019-02-25,GLD,-3.945508726134953,0.019341374403812103,-4.877700365576839,0.007614504485670449,"GARCH(1,1)",22,val
2019-02-25,SPY,-3.579809932239248,0.027880997030340998,-4.785539482917188,0.008349618056373896,"GARCH(1,1)",22,val
2019-02-25,TLT,-3.9983195800249423,0.018346442728624,-5.068979794946172,0.006288832768120239,"GARCH(1,1)",22,val
2019-02-26,GLD,-3.943327353771633,0.019383611193740092,-4.887223699308304,0.0075423332192385865,"GARCH(1,1)",22,val
2019-02-26,SPY,-3.5695068839351354,0.028169741207869897,-4.785256276406029,0.008351983057449195,"GARCH(1,1)",22,val
2019-02-26,TLT,-3.990698828054738,0.018486790516801806,-5.066464132242253,0.006304673266487701,"GARCH(1,1)",22,val
2019-02-27,GLD,-3.9545955663953047,0.019166418526095998,-4.900566982888752,0.007442362182442301,"GARCH(1,1)",22,val
2019-02-27,SPY,-3.5747408021682774,0.028022688253005995,-4.799736277246531,0.008231917706785491,"GARCH(1,1)",22,val
2019-02-27,TLT,-3.997399397254488,0.018363332578804795,-5.074491036752801,0.006254268822670704,"GARCH(1,1)",22,val
2019-02-28,GLD,-3.944225138523321,0.019366216692604996,-4.912991186045578,0.007350468795831504,"GARCH(1,1)",22,val
2019-02-28,SPY,-3.571472095018815,0.0281144360811471,-4.810403602502699,0.008144571864647811,"GARCH(1,1)",22,val
2019-02-28,TLT,-3.994309056909638,0.018420169303517187,-5.076264700589861,0.006243185684019315,"GARCH(1,1)",22,val
2019-03-01,GLD,-4.05904010085266,0.017265584383308896,-4.907979147147852,0.007387402109640099,"GARCH(1,1)",22,val
2019-03-01,SPY,-3.583735597671349,0.0277717601181576,-4.819199388858803,0.008073248084764274,"GARCH(1,1)",22,val
2019-03-01,TLT,-4.006683823113833,0.018193628599997496,-5.03464647558656,0.0065084986232649454,"GARCH(1,1)",22,val
2019-03-04,GLD,-4.078991034619178,0.016924533309115596,-4.909950501566772,0.0073728532670212015,"GARCH(1,1)",22,val
2019-03-04,SPY,-3.66644159311299,0.025567287079121596,-4.823368234003348,0.008039662019878921,"GARCH(1,1)",22,val
2019-03-04,TLT,-4.017778252450192,0.017992896237575197,-5.042285065857584,0.006458972265592915,"GARCH(1,1)",22,val
2019-03-05,GLD,-4.053225304720765,0.017366272693890596,-4.826503098545555,0.00801449823162308,"GARCH(1,1)",22,val
2019-03-05,SPY,-3.6651618094666008,0.0256000286215845,-4.814248128843003,0.008113319956468686,"GARCH(1,1)",22,val
2019-03-05,TLT,-4.016751582444551,0.018011378490420803,-5.005130781088387,0.006703464604502483,"GARCH(1,1)",22,val
2019-03-06,GLD,-4.048069076366573,0.017456048414716898,-4.839397768792637,0.007911817360464281,"GARCH(1,1)",22,val
2019-03-06,SPY,-3.672897087533679,0.0254027691935112,-4.813309899880863,0.008120935680318632,"GARCH(1,1)",22,val
2019-03-06,TLT,-4.021639745906626,0.017923550761211392,-4.996307648086893,0.0067628718579354095,"GARCH(1,1)",22,val
2019-03-07,GLD,-4.04917690116417,0.017436720879153298,-4.853342102774359,0.007802257978357108,"GARCH(1,1)",22,val
2019-03-07,SPY,-3.694492325138845,0.024860071292633897,-4.820396612503397,0.008063588384832907,"GARCH(1,1)",22,val
2019-03-07,TLT,-4.0297899297941155,0.017778064203025804,-5.0076610298073545,0.00668652461200916,"GARCH(1,1)",22,val
2019-03-08,GLD,-4.058174322642328,0.017280539022822998,-4.867307037336625,0.007694057222917549,"GARCH(1,1)",22,val
2019-03-08,SPY,-3.7031217550739366,0.0246464660206417,-4.8042562686969905,0.008194793472944701,"GARCH(1,1)",22,val
2019-03-08,TLT,-4.0451575778954885,0.0175069457307625,-5.015555900631677,0.006633943198778199,"GARCH(1,1)",22,val
2019-03-11,GLD,-4.061956344772393,0.0172153070739112,-4.88097140997296,0.007589637795639134,"GARCH(1,1)",22,val
2019-03-11,SPY,-3.718316559914263,0.024274798637051696,-4.773822182615552,0.00844802846476179,"GARCH(1,1)",22,val
2019-03-11,TLT,-4.045054504029115,0.017508750332349395,-5.013079386744912,0.006650392611426223,"GARCH(1,1)",22,val
2019-03-12,GLD,-4.039507867024945,0.0176061348434351,-4.85589165994515,0.007782391012324557,"GARCH(1,1)",22,val
2019-03-12,SPY,-3.719030333560187,0.024257478107728502,-4.787981904328997,0.008329249654688292,"GARCH(1,1)",22,val
2019-03-12,TLT,-4.058541391199419,0.017274197044339797,-5.019345419997062,0.006608851315673599,"GARCH(1,1)",22,val
2019-03-13,GLD,-4.0336583242227135,0.017709424486855793,-4.86248323200736,0.007731261518149427,"GARCH(1,1)",22,val
2019-03-13,SPY,-3.714515179383985,0.024367251997836795,-4.7138737892111084,0.008969962448970505,"GARCH(1,1)",22,val
2019-03-13,TLT,-4.055630171965808,0.017324559291222192,-5.028357830729491,0.006549557225832173,"GARCH(1,1)",22,val
2019-03-14,GLD,-4.022053938846893,0.0179161284902538,-4.864630136016282,0.007714681046511159,"GARCH(1,1)",22,val
2019-03-14,SPY,-3.7138109666133503,0.024384417771348012,-4.738529487260395,0.008751505928906868,"GARCH(1,1)",22,val
2019-03-14,TLT,-4.069477867712361,0.017086307491655295,-5.022789172645052,0.006586131210120864,"GARCH(1,1)",22,val
2019-03-15,GLD,-4.024367783463418,0.017874721276201405,-4.86287874359846,0.0077282043192238295,"GARCH(1,1)",22,val
2019-03-15,SPY,-3.721231566446101,0.024204140475001,-4.746644635219271,0.008680773553453603,"GARCH(1,1)",22,val
2019-03-15,TLT,-4.077280898606617,0.016953501325587497,-5.033749168785708,0.006514341364316546,"GARCH(1,1)",22,val
2019-03-18,GLD,-4.031303145194666,0.017751182506509908,-4.835230388588209,0.007944857709543889,"GARCH(1,1)",22,val
2019-03-18,SPY,-3.713393529968805,0.0243945988457106,-4.768483076369757,0.008493254010867047,"GARCH(1,1)",22,val
2019-03-18,TLT,-4.072413571986249,0.017036220701700903,-5.02579794413935,0.0065663448275567575,"GARCH(1,1)",22,val
2019-03-19,GLD,-4.029570401728239,0.017781967415491994,-4.843274144413595,0.007881207550420719,"GARCH(1,1)",22,val
2019-03-19,SPY,-3.7410461334673215,0.023729266162690305,-4.7868829956230705,0.008338407770692755,"GARCH(1,1)",22,val
2019-03-19,TLT,-4.093978759786353,0.016672764489160295,-5.022330547442158,0.006589152468643092,"GARCH(1,1)",22,val
2019-03-20,GLD,-4.206502356557797,0.014898386558508397,-4.857408059201541,0.007770598743533997,"GARCH(1,1)",22,val
2019-03-20,SPY,-3.7936237816087104,0.022513868506034495,-4.797333032270317,0.00825172481278979,"GARCH(1,1)",22,val
2019-03-20,TLT,-4.123832179304026,0.016182381677885802,-5.034567528141734,0.006509012472884196,"GARCH(1,1)",22,val
2019-03-21,GLD,-4.281645549742632,0.013819902028985004,-4.868862210534676,0.007682100930802472,"GARCH(1,1)",22,val
2019-03-21,SPY,-3.8233791935489303,0.0218538276662563,-4.809772196943483,0.00814971601645271,"GARCH(1,1)",22,val
2019-03-21,TLT,-4.125540254718161,0.016154764542389195,-5.0447632704161895,0.006442985428588513,"GARCH(1,1)",22,val
2019-03-22,GLD,-4.272066510442353,0.013952919486255703,-4.8690889679625355,0.007680359154842627,"GARCH(1,1)",22,val
2019-03-22,SPY,-3.8812427894211288,0.020625176495898102,-4.812623017723308,0.00812651572233636,"GARCH(1,1)",22,val
2019-03-22,TLT,-4.196467518999009,0.015048642081527295,-5.016636209864659,0.006626780358427388,"GARCH(1,1)",22,val
2019-03-25,GLD,-4.266415571755675,0.014031989779047701,-4.877562032086643,0.007615557899511593,"GARCH(1,1)",22,val
2019-03-25,SPY,-3.901618160314394,0.020209183274870403,-4.767730504441862,0.008499648201154382,"GARCH(1,1)",22,val
2019-03-25,TLT,-4.335649770207807,0.0130933636307679,-5.027467556897675,0.0065553907215593135,"GARCH(1,1)",22,val
2019-03-26,GLD,-4.263655554943941,0.014070771801637993,-4.889190843653855,0.00752751094465068,"GARCH(1,1)",22,val
2019-03-26,SPY,-3.9287179451834047,0.019668872968782995,-4.61612771584821,0.009891022851957627,"GARCH(1,1)",22,val
2019-03-26,TLT,-4.361342713843378,0.012761241445341598,-4.958257841228013,0.0070251561150381885,"GARCH(1,1)",22,val
2019-03-27,GLD,-4.283378510556006,0.0137959734199834,-4.8831248337475595,0.007573311674007645,"GARCH(1,1)",22,val
2019-03-27,SPY,-4.040503742159937,0.017588610059217996,-4.660594626081934,0.009460835069507675,"GARCH(1,1)",22,val
2019-03-27,TLT,-4.407679961005029,0.012183411556060002,-4.970918958293521,0.006936770502068521,"GARCH(1,1)",22,val
2019-03-28,GLD,-4.29429194904906,0.013646230503899504,-4.888385232955805,0.007533577631363127,"GARCH(1,1)",22,val
2019-03-28,SPY,-4.03363407922858,0.017709853856953596,-4.679923542231983,0.009279723366878217,"GARCH(1,1)",22,val
2019-03-28,TLT,-4.418039913182793,0.012057843557292896,-4.983795018549953,0.006848024800712012,"GARCH(1,1)",22,val
2019-03-29,GLD,-4.1845908818780195,0.015228434896325103,-4.89258309042789,0.007502019031807064,"GARCH(1,1)",22,val
2019-03-29,SPY,-4.031285590754393,0.017751494121318098,-4.699570534945094,0.009099184044263284,"GARCH(1,1)",22,val
2019-03-29,TLT,-4.369767371937943,0.012654183943923902,-4.969383785738177,0.006947427820084024,"GARCH(1,1)",22,val
2019-04-01,GLD,-4.189679866009178,0.015151134489891699,-4.841712695308569,0.007893523267577342,"GARCH(1,1)",22,val
2019-04-01,SPY,-3.9637673742132735,0.018991431519102504,-4.726335354409333,0.008858876268477103,"GARCH(1,1)",22,val
2019-04-01,TLT,-4.3920791925033145,0.012374972503078398,-4.978717756081777,0.006882882435813317,"GARCH(1,1)",22,val
2019-04-02,GLD,-4.167911104699387,0.0154845720137943,-4.855655520276436,0.007784228960557713,"GARCH(1,1)",22,val
2019-04-02,SPY,-3.911950933104868,0.020001441498411005,-4.738324882945464,0.008753296707976387,"GARCH(1,1)",22,val
2019-04-02,TLT,-4.388428515280179,0.012420232097150706,-4.991225951150861,0.006797326192232501,"GARCH(1,1)",22,val
2019-04-03,GLD,-4.153684344274876,0.015706441812139402,-4.864828353945772,0.007713152009953676,"GARCH(1,1)",22,val
2019-04-03,SPY,-3.869026524470189,0.020878684423914686,-4.708078194919577,0.009022099649229199,"GARCH(1,1)",22,val
2019-04-03,TLT,-4.400947728718392,0.012265709827405697,-4.9165587223409055,0.007324292451906095,"GARCH(1,1)",22,val
2019-04-04,GLD,-4.1978301159391345,0.015028150811715199,-4.874078575864609,0.007642132621128084,"GARCH(1,1)",22,val
2019-04-04,SPY,-3.751449549360394,0.023483680418277197,-4.7374516589661715,0.008760943634813681,"GARCH(1,1)",22,val
2019-04-04,TLT,-4.372187607688716,0.012623594866866301,-4.92960455706234,0.007229361516160193,"GARCH(1,1)",22,val
2019-04-05,GLD,-4.192128813481944,0.015114075553588601,-4.886902934031155,0.007544752925902201,"GARCH(1,1)",22,val
2019-04-05,SPY,-3.720649424278147,0.02421823482787111,-4.760989655447696,0.008557136588767186,"GARCH(1,1)",22,val
2019-04-05,TLT,-4.337611512014053,0.013067703009934796,-4.920182493110963,0.007297798927229792,"GARCH(1,1)",22,val
2019-04-08,GLD,-4.1690489651812355,0.015466962751563201,-4.897910768349314,0.00746215697104324,"GARCH(1,1)",22,val
2019-04-08,SPY,-3.658202426208277,0.0257788104161222,-4.7784660333981055,0.008408888032667513,"GARCH(1,1)",22,val
2019-04-08,TLT,-4.266788191633147,0.014026762154754397,-4.9317172469207335,0.007214104240023636,"GARCH(1,1)",22,val
2019-04-09,GLD,-4.162436590632593,0.015569574983782595,-4.910576953926741,0.007368235972101025,"GARCH(1,1)",22,val
2019-04-09,SPY,-3.509240690269448,0.0299196240757055,-4.786011846331824,0.008345674933644654,"GARCH(1,1)",22,val
2019-04-09,TLT,-4.232269874028949,0.014519395916047303,-4.944772103412229,0.007120537225306295,"GARCH(1,1)",22,val
2019-04-10,GLD,-4.161688978781287,0.015581219334745301,-4.916720093213811,0.007323110619798922,"GARCH(1,1)",22,val
2019-04-10,SPY,-3.4756433898826424,0.030941919699506795,-4.800155709388209,0.008228465699903546,"GARCH(1,1)",22,val
2019-04-10,TLT,-4.2175813746220205,0.014734238045892896,-4.953895144684456,0.007055871691992163,"GARCH(1,1)",22,val
2019-04-11,GLD,-4.188326773998593,0.015171649244966896,-4.919761828732689,0.007300869497072683,"GARCH(1,1)",22,val
2019-04-11,SPY,-3.4510145987885865,0.0317134436279801,-4.794658290289734,0.008273825591322658,"GARCH(1,1)",22,val
2019-04-11,TLT,-4.223672565708847,0.014644761771628803,-4.9639470319787,0.0069853021377814985,"GARCH(1,1)",22,val
2019-04-12,GLD,-4.190163957087149,0.015143801735867601,-4.928980791223363,0.007233872351617858,"GARCH(1,1)",22,val
2019-04-12,SPY,-3.4344178552189693,0.0322441755478353,-4.803558887393249,0.008200510361894791,"GARCH(1,1)",22,val
2019-04-12,TLT,-4.217118580966824,0.014741058535892705,-4.975000803315154,0.006908513389738805,"GARCH(1,1)",22,val
2019-04-15,GLD,-4.177776960322056,0.015332554585975594,-4.885011318308462,0.007559038206031275,"GARCH(1,1)",22,val
2019-04-15,SPY,-3.4125486444000384,0.032957097325487496,-4.813709253277809,0.00811769320455827,"GARCH(1,1)",22,val
2019-04-15,TLT,-4.214334789002258,0.0147821517471321,-4.976100163479728,0.006900922618581923,"GARCH(1,1)",22,val
2019-04-16,GLD,-4.160542248304983,0.015599097042311398,-4.898062811847532,0.007461022484840926,"GARCH(1,1)",22,val
2019-04-16,SPY,-3.385407955743166,0.0338638245856234,-4.803994159044568,0.008196941688935344,"GARCH(1,1)",22,val
2019-04-16,TLT,-4.205298105445535,0.014916338764404796,-4.971940276106196,0.006929689471399213,"GARCH(1,1)",22,val
2019-04-17,GLD,-4.159272000883287,0.015618924345234401,-4.90999814177935,0.007372502031090801,"GARCH(1,1)",22,val
2019-04-17,SPY,-3.3717219722289618,0.03433047029962649,-4.813824414190211,0.008116758417428732,"GARCH(1,1)",22,val
2019-04-17,TLT,-4.191026661458881,0.015130742745739298,-4.982625874182168,0.006856035812440319,"GARCH(1,1)",22,val
2019-04-18,GLD,-4.153479358343069,0.015709661741758505,-4.895716944131392,0.007478545602039021,"GARCH(1,1)",22,val
2019-04-18,SPY,-3.3746881049424857,0.034228792438162,-4.822529706532432,0.008046406324586676,"GARCH(1,1)",22,val
2019-04-18,TLT,-4.186031321767296,0.015206515042155404,-4.981948111753564,0.006860684150979826,"GARCH(1,1)",22,val
2019-04-22,GLD,-4.150680624138726,0.0157536904930605,-4.907717485200876,0.0073893353645778,"GARCH(1,1)",22,val
2019-04-22,SPY,-3.370564549585677,0.03437022816719559,-4.824206486635727,0.00803292557584275,"GARCH(1,1)",22,val
2019-04-22,TLT,-4.179297862067117,0.015309253001151707,-4.994352852793719,0.006776104817661492,"GARCH(1,1)",22,val
2019-04-23,GLD,-4.137414356360488,0.015964075596665905,-4.920409772204601,0.007296140478576554,"GARCH(1,1)",22,val
2019-04-23,SPY,-3.363280828007204,0.034621485272334,-4.829989811548665,0.007986602636653276,"GARCH(1,1)",22,val
2019-04-23,TLT,-4.124059385950018,0.016178705350879393,-4.997730460456204,0.006753256402320594,"GARCH(1,1)",22,val
2019-04-24,GLD,-4.149749668168402,0.015768363314095098,-4.93312622155017,0.00720394690756757,"GARCH(1,1)",22,val
2019-04-24,SPY,-3.3559071334177193,0.0348777170574586,-4.8354012228390495,0.007943500571655162,"GARCH(1,1)",22,val
2019-04-24,TLT,-4.12275986877526,0.016199743523120605,-5.001904094844601,0.0067251295156659265,"GARCH(1,1)",22,val
2019-04-25,GLD,-4.163617933652433,0.015551192835003003,-4.944150169603865,0.007124967105543784,"GARCH(1,1)",22,val
2019-04-25,SPY,-3.3418261384134857,0.035372303983151006,-4.804642634099735,0.008191627899837465,"GARCH(1,1)",22,val
2019-04-25,TLT,-4.109762893778692,0.0164116653729644,-5.012616001507444,0.006653475019301718,"GARCH(1,1)",22,val
2019-04-26,GLD,-4.161936299273559,0.015577366256401494,-4.953154855617878,0.007061097010545379,"GARCH(1,1)",22,val
2019-04-26,SPY,-3.3333054880532713,0.035674986713418295,-4.8114850168293675,0.00813576896859564,"GARCH(1,1)",22,val
2019-04-26,TLT,-4.087215382031166,0.016785910888236097,-5.002405914438369,0.006721755560533539,"GARCH(1,1)",22,val
2019-04-29,GLD,-4.13967328248495,0.015928054628917405,-4.965054286991733,0.006977571907429824,"GARCH(1,1)",22,val
2019-04-29,SPY,-3.3230979444830777,0.036041005593420404,-4.820506686171763,0.008062700844927478,"GARCH(1,1)",22,val
2019-04-29,TLT,-4.038237607628461,0.0176285134119401,-5.013755694598611,0.006645896419249349,"GARCH(1,1)",22,val
2019-04-30,GLD,-4.107699567804323,0.016445562947257797,-4.9597258548692045,0.007014850656157665,"GARCH(1,1)",22,val
2019-04-30,SPY,-3.3285342686594395,0.03584560661070809,-4.820394931725887,0.008063601937942304,"GARCH(1,1)",22,val
2019-04-30,TLT,-4.028750062972756,0.017796560637386008,-5.021854377142301,0.006592290774474605,"GARCH(1,1)",22,val
2019-05-01,GLD,-4.132032616995897,0.016050221690714996,-4.964380701898477,0.006982273479130328,"GARCH(1,1)",22,val
2019-05-01,SPY,-3.306887781180978,0.0366299971066124,-4.828214661878173,0.008000792642658083,"GARCH(1,1)",22,val
2019-05-01,TLT,-4.02587039488993,0.0178478826848029,-5.018957098545644,0.006611418172759289,"GARCH(1,1)",22,val
2019-05-02,GLD,-4.113821252916614,0.016345195910535498,-4.972675054370708,0.006924599556404268,"GARCH(1,1)",22,val
2019-05-02,SPY,-3.3106877673656965,0.03649106775564521,-4.834778104647339,0.007948451853824014,"GARCH(1,1)",22,val
2019-05-02,TLT,-3.99275360772314,0.018448843235516404,-5.021999139316721,0.006591336529198659,"GARCH(1,1)",22,val
2019-05-03,GLD,-4.084886924905579,0.016825041701584206,-4.967536912169522,0.006960270696829355,"GARCH(1,1)",22,val
2019-05-03,SPY,-3.312308851758174,0.036431960577048096,-4.804311862953434,0.00819433790215854,"GARCH(1,1)",22,val
2019-05-03,TLT,-3.979374663955438,0.0186973277957525,-5.032532019751067,0.006522275115919043,"GARCH(1,1)",22,val
2019-05-06,GLD,-4.080038359119235,0.016906817109653197,-4.974022266905369,0.006915276930273795,"GARCH(1,1)",22,val
2019-05-06,SPY,-3.3170456913633295,0.0362597963024838,-4.812029517184129,0.008131340245336093,"GARCH(1,1)",22,val
2019-05-06,TLT,-3.925286589856817,0.019736479785983897,-5.035743027139113,0.006501365630556668,"GARCH(1,1)",22,val
2019-05-07,GLD,-4.0494497219598555,0.017431964427947807,-4.971813142062145,0.006930570526850611,"GARCH(1,1)",22,val
2019-05-07,SPY,-3.349610166729029,0.035098033815594794,-4.780952141700903,0.008388008591342613,"GARCH(1,1)",22,val
2019-05-07,TLT,-3.928263404018484,0.019677815313392813,-5.044701720502763,0.006443382005988377,"GARCH(1,1)",22,val
2019-05-08,GLD,-4.055141906020087,0.017333020349003803,-4.983201070686749,0.006852093378551513,"GARCH(1,1)",22,val
2019-05-08,SPY,-3.3567941585000405,0.0348467933646877,-4.78605712315078,0.00834529707658577,"GARCH(1,1)",22,val
2019-05-08,TLT,-3.948033933671483,0.0192925950343373,-5.053703193750723,0.006385642336151633,"GARCH(1,1)",22,val
2019-05-09,GLD,-4.07365237020439,0.017015129328526803,-4.990527045577594,0.006802078541919958,"GARCH(1,1)",22,val
2019-05-09,SPY,-3.377145987349162,0.0341447653980202,-4.664996320270468,0.009419282883859728,"GARCH(1,1)",22,val
2019-05-09,TLT,-3.983476237319566,0.018620796390960793,-5.043771790639461,0.0064493766862204925,"GARCH(1,1)",22,val
2019-05-10,GLD,-4.064444576341504,0.0171725246517379,-4.999983203403968,0.006738060174609777,"GARCH(1,1)",22,val
2019-05-10,SPY,-3.48660119438833,0.030604715077675405,-4.701078509659542,0.009085473045320504,"GARCH(1,1)",22,val
2019-05-10,TLT,-4.011863776225619,0.018099630120953107,-5.048186095977226,0.0064209699125037465,"GARCH(1,1)",22,val
2019-05-13,GLD,-4.058172002203184,0.017280579121308696,-5.0092452621603405,0.006675939989853975,"GARCH(1,1)",22,val
2019-05-13,SPY,-3.518049437965931,0.029657227047360003,-4.726398624192701,0.008858315787025669,"GARCH(1,1)",22,val
2019-05-13,TLT,-4.024662526436224,0.0178694536040572,-5.05378392592521,0.006385126830169573,"GARCH(1,1)",22,val
2019-05-14,GLD,-3.9969918734267327,0.0183708175994462,-5.01936054412719,0.0066087513633021535,"GARCH(1,1)",22,val
2019-05-14,SPY,-3.5426920712123486,0.028935326178685706,-4.744717652700788,0.008697517379687054,"GARCH(1,1)",22,val
2019-05-14,TLT,-4.021006562474744,0.0179349032503186,-5.064603812992309,0.006316412887866076,"GARCH(1,1)",22,val
2019-05-15,GLD,-3.9930941803365863,0.01844256113457711,-4.985352311101886,0.006837368722163846,"GARCH(1,1)",22,val
2019-05-15,SPY,-3.5777229983674923,0.027939243584635405,-4.514705641617092,0.010946826942900926,"GARCH(1,1)",22,val
2019-05-15,TLT,-4.018277542886283,0.017983914798925995,-5.052946401670185,0.006390476768800214,"GARCH(1,1)",22,val
2019-05-16,GLD,-3.94665121159267,0.0193192897829048,-4.9963808634692,0.0067623767298125555,"GARCH(1,1)",22,val
2019-05-16,SPY,-3.591636041206328,0.027553215332587706,-4.552614164601231,0.010539616048154937,"GARCH(1,1)",22,val
2019-05-16,TLT,-3.9916814127287146,0.018468634601091997,-5.06104901761047,0.006338906399458484,"GARCH(1,1)",22,val
2019-05-17,GLD,-3.937426575757649,0.0194983277059793,-5.008367553911748,0.00668180208968053,"GARCH(1,1)",22,val
2019-05-17,SPY,-3.621960251804304,0.0267302271264968,-4.598092925772678,0.010071023632066823,"GARCH(1,1)",22,val
2019-05-17,TLT,-3.9669286005312663,0.018931490100081598,-5.058537672819292,0.006354845585044704,"GARCH(1,1)",22,val
2019-05-20,GLD,-3.8931306079816808,0.020381439759389795,-4.997648492337983,0.006753809976727173,"GARCH(1,1)",22,val
2019-05-20,SPY,-3.6161746133837527,0.026885326798214502,-4.619440972200611,0.009858305587932999,"GARCH(1,1)",22,val
2019-05-20,TLT,-3.952051689143051,0.01921523761074421,-5.065582111896951,0.006310236569691857,"GARCH(1,1)",22,val
2019-05-21,GLD,-3.8624354621953993,0.021016751638144798,-4.988434005869867,0.006816330472128273,"GARCH(1,1)",22,val
2019-05-21,SPY,-3.610449225540068,0.027039697215003204,-4.64422118537939,0.009617016616963249,"GARCH(1,1)",22,val
2019-05-21,TLT,-3.943158338597768,0.0193868875950291,-5.075406408297254,0.006248546462401516,"GARCH(1,1)",22,val
2019-05-22,GLD,-3.832511027027071,0.021655170583353815,-5.0007829600672125,0.006732673520381208,"GARCH(1,1)",22,val
2019-05-22,SPY,-3.617156212348879,0.0268589491375125,-4.663423930230172,0.009434105320725165,"GARCH(1,1)",22,val
2019-05-22,TLT,-3.9454311922181087,0.0193428740744637,-5.084999671950499,0.006188889120567594,"GARCH(1,1)",22,val
2019-05-23,GLD,-3.7141657257173617,0.024375768711404695,-5.010715713137209,0.006666130561283807,"GARCH(1,1)",22,val
2019-05-23,SPY,-3.6326435078760433,0.026446181234304297,-4.6730397878146634,0.009343823073797539,"GARCH(1,1)",22,val
2019-05-23,TLT,-3.982421339092603,0.018640449800409103,-5.095295593599426,0.0061254957098888846,"GARCH(1,1)",22,val
2019-05-24,GLD,-3.688350791371788,0.025013220062723114,-5.0224479774313755,0.006588378749969521,"GARCH(1,1)",22,val
2019-05-24,SPY,-3.63851639152948,0.026291321071799496,-4.702464688166496,0.009072887682654407,"GARCH(1,1)",22,val
2019-05-24,TLT,-3.9758956930981384,0.0187624885346979,-5.093207700893525,0.006138298448422877,"GARCH(1,1)",22,val
2019-05-28,GLD,-3.684570705681288,0.025107951110894013,-5.006942978811587,0.00669132760185449,"GARCH(1,1)",22,val
2019-05-28,SPY,-3.677241883646437,0.025292638761049986,-4.663647923531044,0.00943199238098461,"GARCH(1,1)",22,val
2019-05-28,TLT,-3.9601664103228633,0.019059942256544598,-5.054617162001341,0.006379808728068961,"GARCH(1,1)",22,val
2019-05-29,GLD,-3.678879779437304,0.025251245962282495,-5.018649158446342,0.006613454407030935,"GARCH(1,1)",22,val
2019-05-29,SPY,-3.701540538294156,0.0246854682536422,-4.699679025006597,0.00909819692677388,"GARCH(1,1)",22,val
2019-05-29,TLT,-3.9689230761331062,0.0188937693340485,-5.066275349094266,0.006305863594907416,"GARCH(1,1)",22,val
2019-05-30,GLD,-3.671301596789014,0.025443331426377294,-5.023987477469776,0.006578243744053661,"GARCH(1,1)",22,val
2019-05-30,SPY,-3.7000091571129112,0.024723300075252502,-4.688370333462397,0.00920166959695483,"GARCH(1,1)",22,val
2019-05-30,TLT,-3.9689335770680754,0.018893570932847104,-5.05836975059963,0.006355912794422529,"GARCH(1,1)",22,val
2019-05-31,GLD,-3.634147013258669,0.026406449134666093,-5.036087822102203,0.0064991243788423995,"GARCH(1,1)",22,val
2019-05-31,SPY,-3.702461153646085,0.024662752890258797,-4.6981255905722,0.009112341362553256,"GARCH(1,1)",22,val
2019-05-31,TLT,-3.970341160720291,0.018866995359329293,-5.0669332616556755,0.006301716252481725,"GARCH(1,1)",22,val
2019-06-03,GLD,-3.648476028576463,0.026030768713671715,-5.025926152455813,0.006565503021505517,"GARCH(1,1)",22,val
2019-06-03,SPY,-3.763241690025114,0.02320838391311221,-4.727322142191276,0.008850138749361193,"GARCH(1,1)",22,val
2019-06-03,TLT,-3.995546131887095,0.018397396261875504,-5.0508131487702945,0.006404123823032565,"GARCH(1,1)",22,val
2019-06-04,GLD,-3.622316793081384,0.026720698395974296,-4.9592930917062,0.007017887082094887,"GARCH(1,1)",22,val
2019-06-04,SPY,-3.776194839901194,0.022909700857275006,-4.668303319667947,0.00938818477010123,"GARCH(1,1)",22,val
2019-06-04,TLT,-4.019582523589881,0.017960461443554707,-5.007123959556721,0.006690116709976532,"GARCH(1,1)",22,val
2019-06-05,GLD,-3.6317443193154384,0.026469972032545697,-4.895161826287801,0.007482698228638747,"GARCH(1,1)",22,val
2019-06-05,SPY,-3.795243577866492,0.022477430145407387,-4.70033279014187,0.009092250786730623,"GARCH(1,1)",22,val
2019-06-05,TLT,-4.03764774775269,0.017638914832059902,-5.0127472859260855,0.006652601579037668,"GARCH(1,1)",22,val
2019-06-06,GLD,-3.6246616909139,0.026658114493327802,-4.909389564659695,0.007376990132680982,"GARCH(1,1)",22,val
2019-06-06,SPY,-3.8283996775114058,0.021744385830305985,-4.568481765881984,0.01037369746922273,"GARCH(1,1)",22,val
2019-06-06,TLT,-4.098751760311977,0.016593374989270104,-4.978901419194688,0.0068816184202794214,"GARCH(1,1)",22,val
2019-06-07,GLD,-3.60937691290259,0.027068707775455895,-4.921017411356375,0.007291708404652119,"GARCH(1,1)",22,val
2019-06-07,SPY,-3.855722055214083,0.02115832031769171,-4.598518750228045,0.010066736056855687,"GARCH(1,1)",22,val
2019-06-07,TLT,-4.085374567609087,0.016816839092895896,-4.980758753067319,0.006868848819665723,"GARCH(1,1)",22,val
2019-06-10,GLD,-3.593394636953537,0.027504802946666795,-4.930805243575927,0.007220686528298549,"GARCH(1,1)",22,val
2019-06-10,SPY,-3.86842990606,0.020891144748082312,-4.633594220708903,0.009719761277796158,"GARCH(1,1)",22,val
2019-06-10,TLT,-4.016834730532653,0.018009880940995295,-4.990535312101464,0.006802022312607738,"GARCH(1,1)",22,val
2019-06-11,GLD,-3.57916115418746,0.027899091478281905,-4.932553108439444,0.007208076767314615,"GARCH(1,1)",22,val
2019-06-11,SPY,-3.911651219735493,0.02000743709627039,-4.642737180870467,0.009631298907856127,"GARCH(1,1)",22,val
2019-06-11,TLT,-4.00109989795818,0.018295504629762697,-4.979343917432261,0.006878573989884018,"GARCH(1,1)",22,val
2019-06-12,GLD,-3.578953519033001,0.0279048849118897,-4.9093795134430245,0.00737706428077982,"GARCH(1,1)",22,val
2019-06-12,SPY,-3.92160716745476,0.019809232393555292,-4.6771314291091395,0.00930566960983378,"GARCH(1,1)",22,val
2019-06-12,TLT,-4.000534088411038,0.0183058593300699,-4.9624153906152975,0.006996009313154744,"GARCH(1,1)",22,val
2019-06-13,GLD,-3.5707672857812764,0.028134258380054396,-4.922739361451215,0.0072791632508373985,"GARCH(1,1)",22,val
2019-06-13,SPY,-3.92497845242642,0.01974256227122279,-4.711249568263753,0.008993532525343814,"GARCH(1,1)",22,val
2019-06-13,TLT,-3.993812643717566,0.018429315588540097,-4.975567436420932,0.006904599906199841,"GARCH(1,1)",22,val
2019-06-14,GLD,-3.5837163557776868,0.027772294504553898,-4.926529428548566,0.007251626948882505,"GARCH(1,1)",22,val
2019-06-14,SPY,-3.930717801863162,0.019629577347694896,-4.736920960171913,0.0087655942909769,"GARCH(1,1)",22,val
2019-06-14,TLT,-3.9943279894685246,0.018419820565878403,-4.988388675151268,0.00681663946829024,"GARCH(1,1)",22,val
2019-06-17,GLD,-3.52784247951104,0.029368210078177505,-4.92643593938304,0.007252304929126068,"GARCH(1,1)",22,val
2019-06-17,SPY,-3.907172598004934,0.020097243793823903,-4.755112466536549,0.00860757657451162,"GARCH(1,1)",22,val
2019-06-17,TLT,-3.968685267047697,0.018898262978347305,-4.99743182979441,0.006755273432907882,"GARCH(1,1)",22,val
2019-06-18,GLD,-3.5030622077058085,0.030105054199884105,-4.9399271614280265,0.0071551195220227355,"GARCH(1,1)",22,val
2019-06-18,SPY,-3.927962715243594,0.019683733101233503,-4.773390201499003,0.008451678641877665,"GARCH(1,1)",22,val
2019-06-18,TLT,-3.990743514530275,0.01848596442574731,-5.0080502184726665,0.006683922798750791,"GARCH(1,1)",22,val
2019-06-19,GLD,-3.511281361122429,0.029858630226274007,-4.953050556092913,0.007061833518017334,"GARCH(1,1)",22,val
2019-06-19,SPY,-3.9476195604473503,0.019300591025691507,-4.789325467949954,0.008318066292324114,"GARCH(1,1)",22,val
2019-06-19,TLT,-4.016385673045201,0.018017970229021706,-5.019527187102859,0.0066076501530665434,"GARCH(1,1)",22,val
2019-06-20,GLD,-3.5093016093336584,0.029917801455721996,-4.956272690103505,0.007039115963219515,"GARCH(1,1)",22,val
2019-06-20,SPY,-4.009206889461262,0.018147782728347897,-4.758485690509171,0.008578590207104456,"GARCH(1,1)",22,val
2019-06-20,TLT,-4.031944097531776,0.0177398084900865,-5.023359177634744,0.006582378152200815,"GARCH(1,1)",22,val
2019-06-21,GLD,-3.5174721768952035,0.029674351952295105,-4.955198455419204,0.007046681688688822,"GARCH(1,1)",22,val
2019-06-21,SPY,-4.0227824297284975,0.017903081506896203,-4.776755743817084,0.008423281971651065,"GARCH(1,1)",22,val
2019-06-21,TLT,-4.044131091276098,0.017524925602771795,-5.034917092306969,0.006506737553011004,"GARCH(1,1)",22,val
2019-06-24,GLD,-3.520388276310666,0.029587944639301596,-4.7705105510873285,0.008476051597711745,"GARCH(1,1)",22,val
2019-06-24,SPY,-4.006683567720914,0.01819363324652201,-4.756543513860676,0.008595267534597398,"GARCH(1,1)",22,val
2019-06-24,TLT,-4.014073615124204,0.018059677015483992,-5.044645824510968,0.006443742175282033,"GARCH(1,1)",22,val
2019-06-25,GLD,-3.604303249665368,0.027206394275079995,-4.775268486077281,0.008435818883456599,"GARCH(1,1)",22,val
2019-06-25,SPY,-4.02078014967509,0.017938964401706003,-4.753743068030903,0.008619371851383995,"GARCH(1,1)",22,val
2019-06-25,TLT,-4.009366826795705,0.018144880452449597,-5.01141418959944,0.006661476051714511,"GARCH(1,1)",22,val
2019-06-26,GLD,-3.60106399895448,0.027294665496200198,-4.735142255599018,0.008781199568100976,"GARCH(1,1)",22,val
2019-06-26,SPY,-4.034175576736005,0.017700266611202303,-4.772518981192877,0.008459045124379947,"GARCH(1,1)",22,val
2019-06-26,TLT,-4.011661485158517,0.018103291884802995,-5.005431646574089,0.006701448066736882,"GARCH(1,1)",22,val
2019-06-27,GLD,-3.5973175106183186,0.027397116437915304,-4.7513574305049096,0.008639959095410142,"GARCH(1,1)",22,val
2019-06-27,SPY,-4.0263469975076465,0.017839378363946397,-4.73826359570962,0.008753833189775712,"GARCH(1,1)",22,val
2019-06-27,TLT,-4.034297082455689,0.017698116058224002,-5.014822348576051,0.006638811326742909,"GARCH(1,1)",22,val
2019-06-28,GLD,-3.5502071496199257,0.028718689972311,-4.746110506656286,0.008685411441061167,"GARCH(1,1)",22,val
2019-06-28,SPY,-3.849859157874868,0.021282733732747094,-4.760625586404156,0.00856025254447759,"GARCH(1,1)",22,val
2019-06-28,TLT,-3.9769285720259258,0.01874311916048879,-5.012114184360301,0.0066568146850351775,"GARCH(1,1)",22,val
2019-07-01,GLD,-3.489210119669952,0.030524973727614396,-4.762504022220015,0.008544187752569234,"GARCH(1,1)",22,val
2019-07-01,SPY,-3.665023089262336,0.025603580109109913,-4.776155200628095,0.008428342035509443,"GARCH(1,1)",22,val
2019-07-01,TLT,-3.9563706617175702,0.019132426484708216,-5.008075632775617,0.006683752933670399,"GARCH(1,1)",22,val
2019-07-02,GLD,-3.5096739505530175,0.02990666389866189,-4.7767947568576705,0.008422953360219742,"GARCH(1,1)",22,val
2019-07-02,SPY,-3.636841075327733,0.026335404264289087,-4.782991466763599,0.008370920145566401,"GARCH(1,1)",22,val
2019-07-02,TLT,-3.9506739711097714,0.0192417290347803,-5.020206519550146,0.006603162886262782,"GARCH(1,1)",22,val
2019-07-03,GLD,-3.4851550142221397,0.0306490070289639,-4.698120209764402,0.009112390394442638,"GARCH(1,1)",22,val
2019-07-03,SPY,-3.52932060642054,0.029324832203476918,-4.765162427695681,0.008521504001725478,"GARCH(1,1)",22,val
2019-07-03,TLT,-3.9216481768825737,0.019808420044926493,-5.02540704580448,0.006568912102555102,"GARCH(1,1)",22,val
2019-07-05,GLD,-3.5042702327157618,0.030068708499162395,-4.6190334648199585,0.009862323738878284,"GARCH(1,1)",22,val
2019-07-05,SPY,-3.5093951267435393,0.029915003751239604,-4.782011458580529,0.008379127736905332,"GARCH(1,1)",22,val
2019-07-05,TLT,-3.9125430236111622,0.0199896023400601,-5.017438199151814,0.00662146788213088,"GARCH(1,1)",22,val
2019-07-08,GLD,-3.478951040172803,0.030839743724186897,-4.637780467866897,0.009679157003831861,"GARCH(1,1)",22,val
2019-07-08,SPY,-3.4091656886771604,0.03306877852626261,-4.772231939537652,0.008461473571210099,"GARCH(1,1)",22,val
2019-07-08,TLT,-3.749651620757168,0.023525940377821315,-5.0128206281862955,0.006652113680093609,"GARCH(1,1)",22,val
2019-07-09,GLD,-3.462285706981284,0.031358004831095215,-4.630513389234394,0.009749752399339333,"GARCH(1,1)",22,val
2019-07-09,SPY,-3.3908322057698363,0.033680636013674894,-4.787761666263884,0.008331084274535232,"GARCH(1,1)",22,val
2019-07-09,TLT,-3.652601700032771,0.0259235955468592,-4.964907316505057,0.0069785974799314735,"GARCH(1,1)",22,val
2019-07-10,GLD,-3.472256866267472,0.03104688287108298,-4.640691159784942,0.009651024921541141,"GARCH(1,1)",22,val
2019-07-10,SPY,-3.3683629563002655,0.0344459807883798,-4.783172850983996,0.008369401930436093,"GARCH(1,1)",22,val
2019-07-10,TLT,-3.6202656547670906,0.0267755624919284,-4.9775018588268445,0.0068912564035835825,"GARCH(1,1)",22,val
2019-07-11,GLD,-3.458545567549217,0.031475507743136795,-4.656601949140965,0.00949868463779982,"GARCH(1,1)",22,val
2019-07-11,SPY,-3.3284191764649615,0.03584973239765369,-4.798122048172233,0.008245216638558386,"GARCH(1,1)",22,val
2019-07-11,TLT,-3.609252095471121,0.027072086632899384,-4.990228790799575,0.006804107596918179,"GARCH(1,1)",22,val
2019-07-12,GLD,-3.3175004346495975,0.03624331115209361,-4.624378901032289,0.009809745967184159,"GARCH(1,1)",22,val
2019-07-12,SPY,-3.26940067338222,0.0380292121657408,-4.801981354053304,0.008213457149704999,"GARCH(1,1)",22,val
2019-07-12,TLT,-3.5793232351382276,0.027894569933447598,-4.99226609873838,0.006790259645554923,"GARCH(1,1)",22,val
2019-07-15,GLD,-3.2957572193944547,0.0370399870289537,-4.628630224171904,0.009768130091108142,"GARCH(1,1)",22,val
2019-07-15,SPY,-3.247440000990009,0.038873596929100196,-4.811895537116054,0.008132429755840423,"GARCH(1,1)",22,val
2019-07-15,TLT,-3.569700269302489,0.028164294118828793,-4.9466612064306466,0.007107098494511249,"GARCH(1,1)",22,val
2019-07-16,GLD,-3.2911969806182384,0.037209283937849696,-4.6393184297433026,0.00966428227068244,"GARCH(1,1)",22,val
2019-07-16,SPY,-3.2289408383055034,0.039599418771947,-4.813985910302944,0.008115447698337195,"GARCH(1,1)",22,val
2019-07-16,TLT,-3.4729679254071333,0.0310248145481307,-4.959628610404374,0.007015532844724585,"GARCH(1,1)",22,val
2019-07-17,GLD,-3.2855594204901624,0.0374196459203897,-4.6575214510663425,0.009489954593248291,"GARCH(1,1)",22,val
2019-07-17,SPY,-3.1998427586195084,0.04076861398753779,-4.82270309951659,0.00804501125513343,"GARCH(1,1)",22,val
2019-07-17,TLT,-3.4438368596620808,0.031941893348585104,-4.962816348351742,0.006993204771385328,"GARCH(1,1)",22,val
2019-07-18,GLD,-3.315010586786948,0.0363336639185449,-4.660160827129499,0.009464940060155936,"GARCH(1,1)",22,val
2019-07-18,SPY,-3.202637348826284,0.0406548414659761,-4.821644192694186,0.008053534684400078,"GARCH(1,1)",22,val
2019-07-18,TLT,-3.4436431345829437,0.031948081893820694,-4.972772766867317,0.0069239229695496245,"GARCH(1,1)",22,val
2019-07-19,GLD,-3.34989142753353,0.03508816350249859,-4.623973314370971,0.00981372547626271,"GARCH(1,1)",22,val
2019-07-19,SPY,-3.20158263908059,0.0406977431439118,-4.800319422839214,0.008227118699651372,"GARCH(1,1)",22,val
2019-07-19,TLT,-3.4395352343808043,0.032079591354827595,-4.95061582566217,0.007079048126942707,"GARCH(1,1)",22,val
2019-07-22,GLD,-3.347658327823997,0.03516660642305779,-4.604505473999545,0.01000664932958518,"GARCH(1,1)",22,val
2019-07-22,SPY,-3.202807355357105,0.0406479304648917,-4.808043263958911,0.008163818516914608,"GARCH(1,1)",22,val
2019-07-22,TLT,-3.419020667315482,0.0327444869879936,-4.963757645585466,0.006986625184238563,"GARCH(1,1)",22,val
2019-07-23,GLD,-3.3593277300552264,0.0347586182663562,-4.582116292852054,0.010233216880760862,"GARCH(1,1)",22,val
2019-07-23,SPY,-3.186527370389932,0.0413150941338169,-4.798707550330314,0.008240390459429682,"GARCH(1,1)",22,val
2019-07-23,TLT,-3.41028165613211,0.0330318954296479,-4.974705125291572,0.006910556387343634,"GARCH(1,1)",22,val
2019-07-24,GLD,-3.3370728096883093,0.03554084040893899,-4.601359385229753,0.010038180710918785,"GARCH(1,1)",22,val
2019-07-24,SPY,-3.095891013145206,0.04523468979568322,-4.809751645323927,0.008149883508036871,"GARCH(1,1)",22,val
2019-07-24,TLT,-3.37579679400744,0.0341908643793763,-4.986355108898907,0.006830515660563666,"GARCH(1,1)",22,val
2019-07-25,GLD,-3.336544005802294,0.0355596395135412,-4.6139949183666635,0.009912140912854549,"GARCH(1,1)",22,val
2019-07-25,SPY,-3.091740275821967,0.0454228373162645,-4.799312998716265,0.00823540283835234,"GARCH(1,1)",22,val
2019-07-25,TLT,-3.3777094246462527,0.034125532382502495,-4.988721361172798,0.006814372044816288,"GARCH(1,1)",22,val
2019-07-26,GLD,-3.331927192379039,0.035724191294725,-4.627482530697123,0.009779347346028377,"GARCH(1,1)",22,val
2019-07-26,SPY,-3.0793265350726493,0.045990219021350094,-4.80391381071613,0.008197600325958189,"GARCH(1,1)",22,val
2019-07-26,TLT,-3.3728176215703747,0.034292876740892,-4.995360207685846,0.006769282312242898,"GARCH(1,1)",22,val
2019-07-29,GLD,-3.3385733066271004,0.03548755147664151,-4.635687760950945,0.009699433851984471,"GARCH(1,1)",22,val
2019-07-29,SPY,-3.0684561423872836,0.046492877861556,-4.8002881970323505,0.008227375602081904,"GARCH(1,1)",22,val
2019-07-29,TLT,-3.367946514802628,0.0344603285114932,-4.999734328165943,0.006739737319630831,"GARCH(1,1)",22,val
2019-07-30,GLD,-3.3109037726307555,0.0364831863441262,-4.6530604145411445,0.009532384196951781,"GARCH(1,1)",22,val
2019-07-30,SPY,-3.063397708752227,0.046728654827037794,-4.79498258626824,0.008271142857979856,"GARCH(1,1)",22,val
2019-07-30,TLT,-3.3588877113813007,0.0347739160728867,-5.010320727801158,0.006668764105175085,"GARCH(1,1)",22,val
2019-07-31,GLD,-3.3129402644511368,0.0364089642355652,-4.661608621965495,0.009451246683805517,"GARCH(1,1)",22,val
2019-07-31,SPY,-3.0905569592649407,0.0454766187256685,-4.805323590807793,0.0081860516546754,"GARCH(1,1)",22,val
2019-07-31,TLT,-3.3702434120838487,0.034381267508884907,-5.02242730506836,0.006588514948734492,"GARCH(1,1)",22,val
2019-08-01,GLD,-3.3503010728889384,0.03507379274294839,-4.676638976860096,0.009310253336302565,"GARCH(1,1)",22,val
2019-08-01,SPY,-3.14272015519712,0.0431652219592106,-4.8117299399232625,0.00813377657489021,"GARCH(1,1)",22,val
2019-08-01,TLT,-3.349500525778503,0.035101882208350796,-5.032448691813452,0.0065228186262974944,"GARCH(1,1)",22,val
2019-08-02,GLD,-3.357497593705012,0.0348222895228975,-4.657447837794517,0.009490653205568631,"GARCH(1,1)",22,val
2019-08-02,SPY,-3.153464196940773,0.0427039354904979,-4.756154538855049,0.008598611529158025,"GARCH(1,1)",22,val
2019-08-02,TLT,-3.3505942588965767,0.0350635111049712,-5.022529421580108,0.006587842186920958,"GARCH(1,1)",22,val
2019-08-05,GLD,-3.321376964428384,0.03610308484845559,-4.5685669180180115,0.010372814164332902,"GARCH(1,1)",22,val
2019-08-05,SPY,-3.165985289455705,0.042172569149212795,-4.736873127476672,0.008766013583005081,"GARCH(1,1)",22,val
2019-08-05,TLT,-3.3332985802396227,0.0356752331504296,-4.937128918633154,0.007175169322694056,"GARCH(1,1)",22,val
2019-08-06,GLD,-3.305517820780017,0.036680213141271505,-4.585145299237611,0.01020226729838878,"GARCH(1,1)",22,val
2019-08-06,SPY,-3.183003431303516,0.0414609428389395,-4.73154663178163,0.008812830290424378,"GARCH(1,1)",22,val
2019-08-06,TLT,-3.338414008966765,0.035493205010848204,-4.926665491431574,0.0072506403387353705,"GARCH(1,1)",22,val
2019-08-07,GLD,-3.3203653113228486,0.0361396271273003,-4.569727412188734,0.010360783556036786,"GARCH(1,1)",22,val
2019-08-07,SPY,-3.245352231075572,0.038954840835015596,-4.425628431173186,0.011966688697114786,"GARCH(1,1)",22,val
2019-08-07,TLT,-3.4025745818263142,0.03328745825802619,-4.861755649902993,0.0077368886925416646,"GARCH(1,1)",22,val
2019-08-08,GLD,-3.331848351617882,0.0357270079281897,-4.577319591088532,0.010282420483381943,"GARCH(1,1)",22,val
2019-08-08,SPY,-3.254310927372631,0.03860741481243239,-4.4496948382053265,0.01168213136668247,"GARCH(1,1)",22,val
2019-08-08,TLT,-3.422899173981147,0.0326177332434628,-4.860764265626694,0.0077445627256682885,"GARCH(1,1)",22,val
2019-08-09,GLD,-3.33722195052513,0.0355355402135067,-4.556668445774588,0.01049697198515975,"GARCH(1,1)",22,val
2019-08-09,SPY,-3.2706243606183514,0.037982704765273004,-4.5180580179330025,0.010910190503400537,"GARCH(1,1)",22,val
2019-08-09,TLT,-3.4465719950899474,0.031854647313705096,-4.875443875446209,0.007631705940049236,"GARCH(1,1)",22,val
2019-08-12,GLD,-3.3349698136059573,0.0356156613035314,-4.571698249500763,0.0103403842456866,"GARCH(1,1)",22,val
2019-08-12,SPY,-3.30143523079985,0.03683026951280939,-4.472437008248997,0.011419452612609448,"GARCH(1,1)",22,val
2019-08-12,TLT,-3.421288173106043,0.032670322789790596,-4.888712137509212,0.007531115273031996,"GARCH(1,1)",22,val
2019-08-13,GLD,-3.4734293313292235,0.031010502816979105,-4.588725587974921,0.010165805546433907,"GARCH(1,1)",22,val
2019-08-13,SPY,-3.362664808301276,0.0346428193599448,-4.520574818454495,0.0108827662554089,"GARCH(1,1)",22,val
2019-08-13,TLT,-3.4204962736470863,0.0326962046472937,-4.901401261548792,0.007436155767792832,"GARCH(1,1)",22,val
2019-08-14,GLD,-3.497594258382577,0.030270117979550704,-4.590644323207,0.010146318758141589,"GARCH(1,1)",22,val
2019-08-14,SPY,-3.3856016021835105,0.0338572676114238,-4.526336587313799,0.010820242568183994,"GARCH(1,1)",22,val
2019-08-14,TLT,-3.4098392711284307,0.03304651147755091,-4.8099795895084885,0.008148026001198344,"GARCH(1,1)",22,val
2019-08-15,GLD,-3.5082376624300884,0.02994964934717091,-4.602653117452853,0.010025202390117883,"GARCH(1,1)",22,val
2019-08-15,SPY,-3.4126636947125255,0.0329533058192527,-4.51629917889833,0.01092939665764932,"GARCH(1,1)",22,val
2019-08-15,TLT,-3.4689621484078508,0.031149342285310407,-4.822448241121059,0.008047061855089153,"GARCH(1,1)",22,val
2019-08-16,GLD,-3.4487724100866397,0.031784630930841704,-4.612458236252722,0.009927384431727939,"GARCH(1,1)",22,val
2019-08-16,SPY,-3.4388919996721525,0.032100232699329295,-4.3263806800477145,0.01321529140556788,"GARCH(1,1)",22,val
2019-08-16,TLT,-3.4873274591204217,0.030582496021913708,-4.728684028475841,0.00883809407038513,"GARCH(1,1)",22,val
2019-08-19,GLD,-3.4548694125124833,0.0315914295321464,-4.622406099785855,0.00982911774830957,"GARCH(1,1)",22,val
2019-08-19,SPY,-3.4370818026964223,0.0321583930684623,-4.407240386858913,0.0121887682460365,"GARCH(1,1)",22,val
2019-08-19,TLT,-3.4935268978711913,0.030393488187571507,-4.721358054441295,0.008903079468081347,"GARCH(1,1)",22,val
2019-08-20,GLD,-3.4451722523248276,0.0318992668464668,-4.632313097420189,0.009732221470146966,"GARCH(1,1)",22,val
2019-08-20,SPY,-3.4277921539390603,0.03245852514707899,-4.42862893385797,0.011930836429861395,"GARCH(1,1)",22,val
2019-08-20,TLT,-3.48179688922966,0.03075210323354851,-4.724762726068916,0.008872818948814734,"GARCH(1,1)",22,val
2019-08-21,GLD,-3.444705132252071,0.031914171115087514,-4.623261421223652,0.009820714287527205,"GARCH(1,1)",22,val
2019-08-21,SPY,-3.4243216639043874,0.0325713678315889,-4.463654319775381,0.011520187822908524,"GARCH(1,1)",22,val
2019-08-21,TLT,-3.4835084261162588,0.030699514890805506,-4.698932061609061,0.00910499548568298,"GARCH(1,1)",22,val
2019-08-22,GLD,-3.4247357483044265,0.0325578833283358,-4.62972035343795,0.009757487368646867,"GARCH(1,1)",22,val
2019-08-22,SPY,-3.415501063272988,0.032859937667926005,-4.508564172989561,0.011014263404636949,"GARCH(1,1)",22,val
2019-08-22,TLT,-3.487359260046323,0.0305815234856877,-4.696400680364465,0.00912807289702757,"GARCH(1,1)",22,val
2019-08-23,GLD,-3.411301141857957,0.0329982370437969,-4.645527825715376,0.009604458841174536,"GARCH(1,1)",22,val
2019-08-23,SPY,-3.5648695499265495,0.028300677068800198,-4.551225851404567,0.0105542584980037,"GARCH(1,1)",22,val
2019-08-23,TLT,-3.487452568938912,0.030578670090723188,-4.704827964536385,0.009051471258020163,"GARCH(1,1)",22,val
2019-08-26,GLD,-3.41325479213296,0.032933832960933294,-4.661697887804047,0.009450403047999413,"GARCH(1,1)",22,val
2019-08-26,SPY,-3.566025983823972,0.0282679681230299,-4.6051584676560475,0.010000117184007038,"GARCH(1,1)",22,val
2019-08-26,TLT,-3.4820928512439298,0.030743003125842,-4.712952886527965,0.008978226716166321,"GARCH(1,1)",22,val
2019-08-27,GLD,-3.3992984238455217,0.033396692065961894,-4.606112504394347,0.00999058125436309,"GARCH(1,1)",22,val
2019-08-27,SPY,-3.5547163204153343,0.028589484018985697,-4.425374428944231,0.011969728648777966,"GARCH(1,1)",22,val
2019-08-27,TLT,-3.4843339447733435,0.030674182326190694,-4.6796152194198575,0.009282584958406746,"GARCH(1,1)",22,val
2019-08-28,GLD,-3.3638428712855823,0.03460203196656119,-4.624330527214057,0.009810220513530194,"GARCH(1,1)",22,val
2019-08-28,SPY,-3.580365148197844,0.02786552135241742,-4.465801683764266,0.011495476328215081,"GARCH(1,1)",22,val
2019-08-28,TLT,-3.48806962941582,0.030559807022399292,-4.69404624879028,0.009149589639977715,"GARCH(1,1)",22,val
2019-08-29,GLD,-3.358801692235791,0.034776907424088205,-4.625047903642823,0.009803185416280964,"GARCH(1,1)",22,val
2019-08-29,SPY,-3.5515657335074584,0.028679699714608705,-4.524517647692152,0.010839941846574767,"GARCH(1,1)",22,val
2019-08-29,TLT,-3.4477025990315613,0.031818652675567605,-4.668343643960279,0.009387806205826814,"GARCH(1,1)",22,val
2019-08-30,GLD,-3.3743495308059455,0.0342403833840931,-4.6413195825259,0.009644961903275705,"GARCH(1,1)",22,val
2019-08-30,SPY,-3.5191053783842214,0.029625927310863,-4.568818181293335,0.010370208184478875,"GARCH(1,1)",22,val
2019-08-30,TLT,-3.445622393604138,0.0318849109010237,-4.686068146556055,0.009222877963662354,"GARCH(1,1)",22,val
2019-09-03,GLD,-3.3514178338941165,0.03503464556200049,-4.648496874602463,0.009575985024335152,"GARCH(1,1)",22,val
2019-09-03,SPY,-3.450745044756513,0.031721993266824,-4.569909258598124,0.01035889965604407,"GARCH(1,1)",22,val
2019-09-03,TLT,-3.4678736823475713,0.0311832657461066,-4.700565293054794,0.009090137057671274,"GARCH(1,1)",22,val
2019-09-04,GLD,-3.346310524459118,0.03521403604925111,-4.6645468187394385,0.009423517817670535,"GARCH(1,1)",22,val
2019-09-04,SPY,-3.444403733290089,0.03192379146284271,-4.620548861509611,0.009847389724468017,"GARCH(1,1)",22,val
2019-09-04,TLT,-3.471371300522353,0.031074389104537803,-4.717684218636771,0.008935848076588636,"GARCH(1,1)",22,val
2019-09-05,GLD,-3.389402754086732,0.03372881528227711,-4.6435261753069135,0.009623702863614454,"GARCH(1,1)",22,val
2019-09-05,SPY,-3.4922208307918887,0.030433210055984296,-4.646860398257214,0.009591668726813841,"GARCH(1,1)",22,val
2019-09-05,TLT,-3.502782209435783,0.03011348474319279,-4.734310600429403,0.008788505535718982,"GARCH(1,1)",22,val
2019-09-06,GLD,-3.4033803053207055,0.03326064857288611,-4.653449229158066,0.009528678587086217,"GARCH(1,1)",22,val
2019-09-06,SPY,-3.477318061603712,0.03089014550607941,-4.641346543245089,0.009644701871671572,"GARCH(1,1)",22,val
2019-09-06,TLT,-3.4936193018403467,0.0303906798383798,-4.750291252470002,0.008649175742440403,"GARCH(1,1)",22,val
2019-09-09,GLD,-3.4032501154705077,0.0332649790536275,-4.561457947359429,0.010446816925945492,"GARCH(1,1)",22,val
2019-09-09,SPY,-3.473218131477697,0.031017052922236096,-4.624524692206765,0.009808315897046628,"GARCH(1,1)",22,val
2019-09-09,TLT,-3.490299273133266,0.030491745445395495,-4.699321419190954,0.009101451076723555,"GARCH(1,1)",22,val
2019-09-10,GLD,-3.407013911113512,0.033140011793540806,-4.56777478931547,0.010381034023321911,"GARCH(1,1)",22,val
2019-09-10,SPY,-3.465283660031513,0.03126413578266849,-4.667004507286532,0.009400386182677283,"GARCH(1,1)",22,val
2019-09-10,TLT,-3.51623298362343,0.029711147002959702,-4.707119516415,0.009030753089499898,"GARCH(1,1)",22,val
2019-09-11,GLD,-3.3948459134129916,0.0335457227198591,-4.584102993255172,0.010212906726434863,"GARCH(1,1)",22,val
2019-09-11,SPY,-3.457993596965359,0.03149288609325081,-4.7022353368629135,0.009074968799916039,"GARCH(1,1)",22,val
2019-09-11,TLT,-3.5001953498113645,0.030191484945315192,-4.663309989440102,0.009435180311380489,"GARCH(1,1)",22,val
2019-09-12,GLD,-3.4209185745919144,0.0326823999242578,-4.589425738792395,0.010158690440484577,"GARCH(1,1)",22,val
2019-09-12,SPY,-3.466238588872463,0.0312342950078981,-4.7305663305489825,0.008821473754728363,"GARCH(1,1)",22,val
2019-09-12,TLT,-3.563892101691045,0.028328353039375503,-4.625370147873726,0.009800026905269406,"GARCH(1,1)",22,val
2019-09-13,GLD,-3.4319363537220493,0.0323242888772872,-4.601279138308941,0.010038986276333033,"GARCH(1,1)",22,val
2019-09-13,SPY,-3.457151684556213,0.031519411509324205,-4.735453690129303,0.008778465225144657,"GARCH(1,1)",22,val
2019-09-13,TLT,-3.5824113858697264,0.027808560170812395,-4.64317878344139,0.009627046640472304,"GARCH(1,1)",22,val
2019-09-16,GLD,-3.4361906321308395,0.0321870644554519,-4.618702099454286,0.009865592312906608,"GARCH(1,1)",22,val
2019-09-16,SPY,-3.460572962433778,0.03141175910341809,-4.754175183154616,0.00861564809505376,"GARCH(1,1)",22,val
2019-09-16,TLT,-3.603003978321834,0.0272417657371101,-4.653317337044687,0.009529935427524628,"GARCH(1,1)",22,val
2019-09-17,GLD,-3.4394233052025283,0.03208318219808369,-4.623453356643882,0.00981882952548555,"GARCH(1,1)",22,val
2019-09-17,SPY,-3.4550358106027965,0.031586173215934606,-4.771588417594543,0.008466920467534885,"GARCH(1,1)",22,val
2019-09-17,TLT,-3.6208462027074817,0.0267600225055609,-4.591576063055696,0.010136869431477768,"GARCH(1,1)",22,val
2019-09-18,GLD,-3.519895863209371,0.029602517718575496,-4.6281640856912185,0.009772684453827346,"GARCH(1,1)",22,val
2019-09-18,SPY,-3.4643979026765424,0.0312918404888971,-4.77914080301506,0.008403215884422565,"GARCH(1,1)",22,val
2019-09-18,TLT,-3.6322313182998296,0.026457084321454803,-4.585329346993015,0.010200389766775519,"GARCH(1,1)",22,val
2019-09-19,GLD,-3.5151744515660455,0.029742613855922105,-4.6451146845934295,0.009608427657860102,"GARCH(1,1)",22,val
2019-09-19,SPY,-3.470461967794925,0.0311026589149193,-4.790490178555134,0.008308383792048797,"GARCH(1,1)",22,val
2019-09-19,TLT,-3.633090096718731,0.026434373301675095,-4.5999179056767385,0.010052660977159563,"GARCH(1,1)",22,val
2019-09-20,GLD,-3.5255472050685497,0.029435695599460004,-4.654560114132616,0.00951809919854636,"GARCH(1,1)",22,val
2019-09-20,SPY,-3.4858662243541545,0.030627216894229498,-4.800872488237595,0.008222569822999312,"GARCH(1,1)",22,val
2019-09-20,TLT,-3.64376958176132,0.026153569894115207,-4.61589687761228,0.009893306341772554,"GARCH(1,1)",22,val
2019-09-23,GLD,-3.529525636834851,0.029318820337309395,-4.668504454842787,0.009386296665804527,"GARCH(1,1)",22,val
2019-09-23,SPY,-3.4907202326134907,0.0304789123573762,-4.808565652047791,0.008159554949077082,"GARCH(1,1)",22,val
2019-09-23,TLT,-3.668247983384183,0.025521144268989906,-4.632918095602056,0.009726335274600342,"GARCH(1,1)",22,val
2019-09-24,GLD,-3.555436732791833,0.028568895217964702,-4.657481476341863,0.009490333959150957,"GARCH(1,1)",22,val
2019-09-24,SPY,-3.533005823952356,0.029216962701093505,-4.76653790715095,0.008509790905451458,"GARCH(1,1)",22,val
2019-09-24,TLT,-3.6626425527002295,0.0256646029724413,-4.62253875774163,0.009827813924125246,"GARCH(1,1)",22,val
2019-09-25,GLD,-3.599708748329831,0.0273316816861051,-4.668417187146618,0.009387115822032529,"GARCH(1,1)",22,val
2019-09-25,SPY,-3.562599900816733,0.028364982623233996,-4.782373634793384,0.008376093565640046,"GARCH(1,1)",22,val
2019-09-25,TLT,-3.712757463742649,0.0244101203619698,-4.640751421719696,0.009650443349630507,"GARCH(1,1)",22,val
2019-09-26,GLD,-3.607279878271002,0.027125531352774405,-4.679708613070922,0.009281718064387996,"GARCH(1,1)",22,val
2019-09-26,SPY,-3.5796726674033588,0.0278848243734966,-4.759657184153775,0.00856854632751641,"GARCH(1,1)",22,val
2019-09-26,TLT,-3.731487078038457,0.0239571831332025,-4.634695297050272,0.009709064968416677,"GARCH(1,1)",22,val
2019-09-27,GLD,-3.6289357325269846,0.026544419743778195,-4.62624175113827,0.00979148889124712,"GARCH(1,1)",22,val
2019-09-27,SPY,-3.625265905773463,0.026642012129556615,-4.764543439196945,0.008526780347524689,"GARCH(1,1)",22,val
2019-09-27,TLT,-3.7376704884490377,0.0238095030913026,-4.6155497859448165,0.009896740821972696,"GARCH(1,1)",22,val
2019-09-30,GLD,-3.669381011297506,0.0254922444753813,-4.643923014781067,0.009619884556108328,"GARCH(1,1)",22,val
2019-09-30,SPY,-3.610519315487255,0.027037802070469515,-4.7775796900474745,0.008416344498667844,"GARCH(1,1)",22,val
2019-09-30,TLT,-3.727631594574466,0.02404972794447319,-4.62732104942826,0.009780926654957441,"GARCH(1,1)",22,val
2019-10-01,GLD,-3.741368508661862,0.023721617668803395,-4.6559827138763845,0.009504568379816938,"GARCH(1,1)",22,val
2019-10-01,SPY,-3.647523119153433,0.026055585500664898,-4.773510424791043,0.008450662614324386,"GARCH(1,1)",22,val
2019-10-01,TLT,-3.8066014542051634,0.022223578609508098,-4.644525004665969,0.009614095225645653,"GARCH(1,1)",22,val
2019-10-02,GLD,-3.767934204822728,0.023099733349730398,-4.625353483317017,0.009800190219734294,"GARCH(1,1)",22,val
2019-10-02,SPY,-3.712194467387515,0.024423867040063697,-4.781053655997652,0.008387157131767728,"GARCH(1,1)",22,val
2019-10-02,TLT,-3.7774532386250015,0.022880889450873996,-4.661401943926016,0.009453200250813506,"GARCH(1,1)",22,val
2019-10-03,GLD,-3.84589112753143,0.021367352038965188,-4.6373819851201405,0.009683014749472522,"GARCH(1,1)",22,val
2019-10-03,SPY,-3.862988616496733,0.021005129346332804,-4.720033036842319,0.008914884023956703,"GARCH(1,1)",22,val
2019-10-03,TLT,-3.825936566700989,0.021798010676968804,-4.678708799309506,0.009291002694515407,"GARCH(1,1)",22,val
2019-10-04,GLD,-3.8299360732455856,0.0217110034994759,-4.629023839652623,0.0097642859604909,"GARCH(1,1)",22,val
2019-10-04,SPY,-3.88684684664589,0.0205099150939434,-4.606784326227241,0.009983871617845624,"GARCH(1,1)",22,val
2019-10-04,TLT,-3.821198786446709,0.021901529893549387,-4.695009882676604,0.009140777032100408,"GARCH(1,1)",22,val
2019-10-07,GLD,-3.875295069666007,0.020748214801566002,-4.64274437238767,0.009631229644453407,"GARCH(1,1)",22,val
2019-10-07,SPY,-3.918312820121417,0.019874598495671997,-4.631557295677459,0.009739579880494136,"GARCH(1,1)",22,val
2019-10-07,TLT,-3.8040143565587416,0.022281147613631896,-4.697009667282333,0.009122515712346067,"GARCH(1,1)",22,val
2019-10-08,GLD,-3.793312587745977,0.0225208757739928,-4.660133459277241,0.009465199098781784,"GARCH(1,1)",22,val
2019-10-08,SPY,-3.941495111790831,0.01941915921625351,-4.6117113444625915,0.009934801883329507,"GARCH(1,1)",22,val
2019-10-08,TLT,-3.755379827435035,0.0233915641638422,-4.704164561332695,0.009057478025284867,"GARCH(1,1)",22,val
2019-10-09,GLD,-3.794994244928876,0.022483035207829908,-4.6623145060045585,0.009444577553715331,"GARCH(1,1)",22,val
2019-10-09,SPY,-3.9592869888625386,0.019076711351267695,-4.646769102383295,0.009592544446566792,"GARCH(1,1)",22,val
2019-10-09,TLT,-3.7360963278954262,0.02384701258710871,-4.707283174140057,0.009029275257926293,"GARCH(1,1)",22,val
2019-10-10,GLD,-3.771068108219025,0.023027454333815305,-4.664036232590563,0.009428330563898144,"GARCH(1,1)",22,val
2019-10-10,SPY,-4.011362067401788,0.018108713143418595,-4.585744462176048,0.010196156308857606,"GARCH(1,1)",22,val
2019-10-10,TLT,-3.757069989645549,0.023352062017968404,-4.72291132758593,0.008889261288321008,"GARCH(1,1)",22,val
2019-10-11,GLD,-3.764491471433262,0.02317939662404499,-4.680908019021358,0.009270592190065012,"GARCH(1,1)",22,val
2019-10-11,SPY,-4.0440228954673465,0.0175268218288507,-4.606857194890304,0.00998314413297439,"GARCH(1,1)",22,val
2019-10-11,TLT,-3.7654229742857392,0.0231578150032022,-4.732819773913193,0.008801617444171383,"GARCH(1,1)",22,val
2019-10-14,GLD,-3.76195084411619,0.023238361704731404,-4.681407724699233,0.009265960779777756,"GARCH(1,1)",22,val
2019-10-14,SPY,-4.034493032469942,0.017694648451879996,-4.638436062729372,0.009672813477845781,"GARCH(1,1)",22,val
2019-10-14,TLT,-3.756074140785428,0.023375328725449705,-4.7040963865249354,0.009058095538157195,"GARCH(1,1)",22,val
2019-10-15,GLD,-3.755072953964658,0.023398743515834697,-4.691522369140224,0.009172711268907112,"GARCH(1,1)",22,val
2019-10-15,SPY,-4.0638053110794585,0.017183505959819805,-4.642560362093179,0.00963300205292229,"GARCH(1,1)",22,val
2019-10-15,TLT,-3.7727112653185166,0.022989647678387,-4.691007831956393,0.009177432184370634,"GARCH(1,1)",22,val
2019-10-16,GLD,-3.765657861866085,0.023152376158853502,-4.704626496546439,0.009053295023449578,"GARCH(1,1)",22,val
2019-10-16,SPY,-4.0605697645599435,0.017239194034817697,-4.680505138480216,0.00927432788373187,"GARCH(1,1)",22,val
2019-10-16,TLT,-3.7716994786927023,0.023012920067801004,-4.6985959088111375,0.009108056669874562,"GARCH(1,1)",22,val
2019-10-17,GLD,-3.770251984222136,0.023046255262785507,-4.7100760094047365,0.00900409316066431,"GARCH(1,1)",22,val
2019-10-17,SPY,-4.075469383800153,0.0169842406782503,-4.678417552742789,0.009293709061242422,"GARCH(1,1)",22,val
2019-10-17,TLT,-3.789447837102112,0.02260808174927079,-4.687211404128218,0.009212339863622406,"GARCH(1,1)",22,val
2019-10-18,GLD,-3.7625593172239866,0.023224226087572405,-4.7190105651309775,0.008924003902295368,"GARCH(1,1)",22,val
2019-10-18,SPY,-4.112244408354267,0.016370990075177002,-4.708964821508237,0.009014103960913365,"GARCH(1,1)",22,val
2019-10-18,TLT,-3.7967260510997143,0.022444132644290505,-4.704114568083871,0.009057930849356476,"GARCH(1,1)",22,val
2019-10-21,GLD,-3.759987513944215,0.023284031098793203,-4.734609310201493,0.008785880715282671,"GARCH(1,1)",22,val
2019-10-21,SPY,-4.0562573965632485,0.017313696308615997,-4.7337993923084,0.00879299943968255,"GARCH(1,1)",22,val
2019-10-21,TLT,-3.8035432441251142,0.022291647012312607,-4.719738392564002,0.008917511130538179,"GARCH(1,1)",22,val
2019-10-22,GLD,-3.7555931827370177,0.023386573981965992,-4.750130368826926,0.008650567365285128,"GARCH(1,1)",22,val
2019-10-22,SPY,-4.055129655610822,0.017333232686897498,-4.744065194396049,0.008703193998809313,"GARCH(1,1)",22,val
2019-10-22,TLT,-3.80045642908896,0.022360563515017102,-4.736436292060544,0.008769843724706261,"GARCH(1,1)",22,val
2019-10-23,GLD,-3.753308159845463,0.023440073939905704,-4.7600542329548725,0.008565144871786563,"GARCH(1,1)",22,val
2019-10-23,SPY,-4.0483982752168295,0.01745030284941739,-4.747364283900979,0.008674528693531771,"GARCH(1,1)",22,val
2019-10-23,TLT,-3.809229383324233,0.0221652532911178,-4.740870054403337,0.008731046394475644,"GARCH(1,1)",22,val
2019-10-24,GLD,-3.755172742987467,0.023396408694580997,-4.773275869477339,0.008452644994624725,"GARCH(1,1)",22,val
2019-10-24,SPY,-4.066593424423328,0.0171356631241755,-4.759329045411679,0.00857135846088963,"GARCH(1,1)",22,val
2019-10-24,TLT,-3.840582153994414,0.0214810924006318,-4.750556759140743,0.008646879633413998,"GARCH(1,1)",22,val
2019-10-25,GLD,-3.761068863470217,0.023258866531099893,-4.786987834287297,0.008337533628983025,"GARCH(1,1)",22,val
2019-10-25,SPY,-4.091870242903458,0.016707956382883103,-4.773897599547456,0.00844739136439872,"GARCH(1,1)",22,val
2019-10-25,TLT,-3.85860338967305,0.021097443865093598,-4.766726147309187,0.008508189171824878,"GARCH(1,1)",22,val
2019-10-28,GLD,-3.767714765105437,0.023104802904896693,-4.788733755141393,0.008322989655156522,"GARCH(1,1)",22,val
2019-10-28,SPY,-4.093645864343301,0.016678315700417008,-4.787111175290401,0.008336505332638666,"GARCH(1,1)",22,val
2019-10-28,TLT,-3.8601263632160703,0.021065337471061797,-4.781899101715165,0.008380069242323639,"GARCH(1,1)",22,val
2019-10-29,GLD,-3.767564869172046,0.023108266480475398,-4.802130975978666,0.008212228328363979,"GARCH(1,1)",22,val
2019-10-29,SPY,-4.103441614565968,0.016515736677474805,-4.79229038833763,0.008293440412913926,"GARCH(1,1)",22,val
2019-10-29,TLT,-3.846012659863111,0.021364755372642697,-4.792173380451485,0.008294410867619827,"GARCH(1,1)",22,val
2019-10-30,GLD,-3.8064531280172815,0.022226875192683102,-4.796575314055044,0.0082579796643961,"GARCH(1,1)",22,val
2019-10-30,SPY,-4.1138311488152866,0.016345034160933306,-4.790161190223332,0.008311117603043821,"GARCH(1,1)",22,val
2019-10-30,TLT,-3.856666094173455,0.0211383554642794,-4.788448658454242,0.008325362850213345,"GARCH(1,1)",22,val
2019-10-31,GLD,-3.809248913516494,0.022164820403686707,-4.809113256917585,0.008155087960235662,"GARCH(1,1)",22,val
2019-10-31,SPY,-4.111693345319527,0.016380014008799307,-4.799846041408829,0.008231014186822263,"GARCH(1,1)",22,val
2019-10-31,TLT,-3.823577990151532,0.021849483631366396,-4.8043028257704075,0.008194411956224565,"GARCH(1,1)",22,val
2019-11-01,GLD,-3.8191291150658326,0.021946905803581204,-4.815279548176214,0.008104956035505428,"GARCH(1,1)",22,val
2019-11-01,SPY,-4.09463327863177,0.016661855421081707,-4.805129343060087,0.008187641931220749,"GARCH(1,1)",22,val
2019-11-01,TLT,-3.842899022094764,0.021431381152327813,-4.772671348849022,0.008457756337688313,"GARCH(1,1)",22,val
2019-11-04,GLD,-3.8210004295822064,0.021905874643238097,-4.80257358217732,0.008208594349471196,"GARCH(1,1)",22,val
2019-11-04,SPY,-4.077940824084445,0.016942316968951193,-4.806218703627985,0.008178727493356927,"GARCH(1,1)",22,val
2019-11-04,TLT,-3.836710995088908,0.021564410287118405,-4.75100700710642,0.008642987269779757,"GARCH(1,1)",22,val
2019-11-05,GLD,-3.8656606446210344,0.020949077968742798,-4.816828720222894,0.00809240978483525,"GARCH(1,1)",22,val
2019-11-05,SPY,-4.080378417468135,0.016901068782780394,-4.77739883119377,0.008417866806743555,"GARCH(1,1)",22,val
2019-11-05,TLT,-3.8095043378637743,0.0221591596918751,-4.762012776082252,0.008548386082925363,"GARCH(1,1)",22,val
2019-11-06,GLD,-3.878655352389533,0.020678611941960995,-4.82865064878834,0.0079973051620981,"GARCH(1,1)",22,val
2019-11-06,SPY,-4.0823467713182096,0.0168678342183932,-4.785539130974521,0.00834962099496126,"GARCH(1,1)",22,val
2019-11-06,TLT,-3.83545620953712,0.021591485981121802,-4.7407141038972505,0.008732408111757017,"GARCH(1,1)",22,val
2019-11-07,GLD,-4.012074258500149,0.018095820870540996,-4.771354881485244,0.00846889803010577,"GARCH(1,1)",22,val
2019-11-07,SPY,-4.091410886833233,0.016715633047094804,-4.795583658565154,0.008266172796976735,"GARCH(1,1)",22,val
2019-11-07,TLT,-3.911993533153193,0.020000589454185296,-4.730587990111307,0.008821282687537006,"GARCH(1,1)",22,val
2019-11-08,GLD,-4.00469607203164,0.018229828971680708,-4.781747916499721,0.0083813362806738,"GARCH(1,1)",22,val
2019-11-08,SPY,-4.105422281981448,0.016483056870593094,-4.805017730394047,0.008188555826765484,"GARCH(1,1)",22,val
2019-11-08,TLT,-3.936234014910553,0.019521594518972896,-4.739994678142969,0.008738692691422687,"GARCH(1,1)",22,val
2019-11-11,GLD,-3.9726836017557328,0.0188228522566762,-4.7367415639528705,0.008767166946510373,"GARCH(1,1)",22,val
2019-11-11,SPY,-4.037057552891035,0.01764932830164479,-4.808518095431574,0.008159942999127394,"GARCH(1,1)",22,val
2019-11-11,TLT,-3.805562228362846,0.022246685931491303,-4.6903754749845366,0.009183237432897399,"GARCH(1,1)",22,val
2019-11-12,GLD,-3.9947080010269143,0.0184128221509834,-4.742863960420606,0.008713654852844305,"GARCH(1,1)",22,val
2019-11-12,SPY,-4.011066490604045,0.018114066449978407,-4.813733484800459,0.008117496502874714,"GARCH(1,1)",22,val
2019-11-12,TLT,-3.716480460688023,0.024319410519434495,-4.703845910564351,0.009060364657506238,"GARCH(1,1)",22,val
2019-11-13,GLD,-3.99426288306726,0.018421019853147598,-4.757056461989186,0.00859085973878344,"GARCH(1,1)",22,val
2019-11-13,SPY,-3.9697087263975326,0.018878931268703405,-4.81572978150812,0.008101307735499377,"GARCH(1,1)",22,val
2019-11-13,TLT,-3.711772498525759,0.024434175326173195,-4.720563517650723,0.008910156103219335,"GARCH(1,1)",22,val
2019-11-14,GLD,-4.031049332364083,0.017755688556210507,-4.770540442133827,0.008475798243445846,"GARCH(1,1)",22,val
2019-11-14,SPY,-3.9808066072648502,0.018670573442241805,-4.820060761897581,0.008066297000696682,"GARCH(1,1)",22,val
2019-11-14,TLT,-3.702835170668181,0.024653530325671687,-4.733154851733224,0.0087986687114405,"GARCH(1,1)",22,val
2019-11-15,GLD,-4.031286896620045,0.0177514709402668,-4.781511249525597,0.00838332010091357,"GARCH(1,1)",22,val
2019-11-15,SPY,-3.993356809398956,0.01843771821801179,-4.824415647804308,0.008031245575443727,"GARCH(1,1)",22,val
2019-11-15,TLT,-3.694754665106919,0.024853550357713,-4.741378074297356,0.0087266119756935,"GARCH(1,1)",22,val
2019-11-18,GLD,-4.0274904544642425,0.017818991460649306,-4.791766666412848,0.008297785007070341,"GARCH(1,1)",22,val
2019-11-18,SPY,-3.995201243373914,0.018403742406812005,-4.827677969028186,0.008005087763340807,"GARCH(1,1)",22,val
2019-11-18,TLT,-3.681431157212988,0.025186902611527298,-4.736668869918826,0.008767804290408129,"GARCH(1,1)",22,val
2019-11-19,GLD,-4.0353992848778955,0.017678619898167297,-4.804654738154697,0.008191528748523205,"GARCH(1,1)",22,val
2019-11-19,SPY,-3.962053002358776,0.019024017819312313,-4.808053798731922,0.008163732513392648,"GARCH(1,1)",22,val
2019-11-19,TLT,-3.679224244075064,0.02524254929892159,-4.752698308579811,0.008628381727345194,"GARCH(1,1)",22,val
2019-11-20,GLD,-4.066401941778702,0.017138944620432695,-4.816596996752218,0.00809428520339758,"GARCH(1,1)",22,val
2019-11-20,SPY,-4.017779917331412,0.017992866281565104,-4.815696778128751,0.00810157511044407,"GARCH(1,1)",22,val
2019-11-20,TLT,-3.668054323798686,0.02552608716181429,-4.768190919362593,0.008495735737049145,"GARCH(1,1)",22,val
2019-11-21,GLD,-4.077201690265413,0.016954844237489296,-4.830605503676384,0.007981686861739912,"GARCH(1,1)",22,val
2019-11-21,SPY,-4.0341854797439245,0.017700091326189802,-4.8211123137425105,0.00805781932934052,"GARCH(1,1)",22,val
2019-11-21,TLT,-3.6714031141893617,0.025440748616616986,-4.769696470327341,0.008482954597656588,"GARCH(1,1)",22,val
2019-11-22,GLD,-4.082350385576435,0.016867773253794807,-4.844339789634661,0.007872813452617845,"GARCH(1,1)",22,val
2019-11-22,SPY,-4.046918831007771,0.017476138705555793,-4.815060132595884,0.008106734584251023,"GARCH(1,1)",22,val
2019-11-22,TLT,-3.668577984665736,0.025512723648158687,-4.763468127113539,0.008535954228973745,"GARCH(1,1)",22,val
2019-11-25,GLD,-4.08536507222882,0.016816998775936096,-4.849023379050523,0.007836026641264555,"GARCH(1,1)",22,val
2019-11-25,SPY,-4.037254519997655,0.017645852306854996,-4.818446786490998,0.008079326317347963,"GARCH(1,1)",22,val
2019-11-25,TLT,-3.668841454810454,0.0255060026925914,-4.770603267016497,0.008475265769142157,"GARCH(1,1)",22,val
2019-11-26,GLD,-4.131577544962217,0.016057527359917598,-4.861408110442427,0.0077395780339633985,"GARCH(1,1)",22,val
2019-11-26,SPY,-4.017478660929596,0.0179982875642765,-4.8229715600554,0.008042851776957452,"GARCH(1,1)",22,val
2019-11-26,TLT,-3.653465872743455,0.025901202760036008,-4.7861376634046255,0.008344624971306933,"GARCH(1,1)",22,val
2019-11-27,GLD,-4.115178942545414,0.016323019265474102,-4.8675772768883885,0.007691978265263327,"GARCH(1,1)",22,val
2019-11-27,SPY,-4.003599151986981,0.018249836607872896,-4.801225506246638,0.008219667620066273,"GARCH(1,1)",22,val
2019-11-27,TLT,-3.642681618585688,0.026182039499204095,-4.800033872963503,0.008229468287819857,"GARCH(1,1)",22,val
2019-11-29,GLD,-4.118181744326701,0.016274077991394804,-4.873458343680444,0.00764687398795752,"GARCH(1,1)",22,val
2019-11-29,SPY,-3.9808955773938735,0.018668912392806696,-4.809778500047672,0.008149664648105431,"GARCH(1,1)",22,val
2019-11-29,TLT,-3.643511176088448,0.026160328998199506,-4.808032121081328,0.008163909485851781,"GARCH(1,1)",22,val
2019-12-02,GLD,-4.103808316286028,0.016509681438728198,-4.877579749014245,0.0076154229764188505,"GARCH(1,1)",22,val
2019-12-02,SPY,-3.984779566934864,0.018596543163971697,-4.810244957948041,0.00814586405912126,"GARCH(1,1)",22,val
2019-12-02,TLT,-3.632513044587624,0.0264496317151499,-4.8212250781824055,0.008056910745086032,"GARCH(1,1)",22,val
2019-12-03,GLD,-4.0599411617226755,0.017250034047774702,-4.8783317200163046,0.0076096985517425915,"GARCH(1,1)",22,val
2019-12-03,SPY,-4.002511779076208,0.018269691778857493,-4.807320763149844,0.008169719013698335,"GARCH(1,1)",22,val
2019-12-03,TLT,-3.6563143393654904,0.025827529026902604,-4.835200184851383,0.007945097677559217,"GARCH(1,1)",22,val
2019-12-04,GLD,-4.058028099315845,0.017283066025471205,-4.89109728778695,0.00751317383636382,"GARCH(1,1)",22,val
2019-12-04,SPY,-4.012537687996402,0.0180874366762822,-4.7711424871441235,0.00847069696715815,"GARCH(1,1)",22,val
2019-12-04,TLT,-3.675664590767675,0.025332564138782505,-4.794876019350822,0.008272024335145078,"GARCH(1,1)",22,val
2019-12-05,GLD,-3.935513112603466,0.019535672755406498,-4.874645847940662,0.007637798682068152,"GARCH(1,1)",22,val
2019-12-05,SPY,-3.978004636275789,0.018722961207600593,-4.759595016703556,0.00856907902875184,"GARCH(1,1)",22,val
2019-12-05,TLT,-3.629555689302042,0.026527968450990203,-4.721286405398055,0.008903717388060037,"GARCH(1,1)",22,val
2019-12-06,GLD,-3.912993781703789,0.019980593895504103,-4.886980233412606,0.0075441697437079284,"GARCH(1,1)",22,val
2019-12-06,SPY,-3.976665964766919,0.018748041885980202,-4.763782258026476,0.008533273242991343,"GARCH(1,1)",22,val
2019-12-06,TLT,-3.634889241160134,0.026386856803226704,-4.71758903944349,0.008936698623876412,"GARCH(1,1)",22,val
2019-12-09,GLD,-3.907201805268082,0.020096656816907903,-4.899542778421517,0.007449988587868923,"GARCH(1,1)",22,val
2019-12-09,SPY,-3.9674559783467394,0.018921508684408905,-4.7811503723180335,0.008386345996017145,"GARCH(1,1)",22,val
2019-12-09,TLT,-3.633993222558357,0.02641051051326439,-4.729125952760354,0.00883418916488645,"GARCH(1,1)",22,val
2019-12-10,GLD,-3.912423894924108,0.0199919838169899,-4.879652154884669,0.007599657071456464,"GARCH(1,1)",22,val
2019-12-10,SPY,-3.973597434555566,0.0188056591738956,-4.760470575569394,0.008561579579220007,"GARCH(1,1)",22,val
2019-12-10,TLT,-3.637574570048341,0.026316094466979092,-4.738964657177057,0.008747698365329772,"GARCH(1,1)",22,val
2019-12-11,GLD,-3.9308853423807064,0.019626288873630902,-4.892478756330414,0.007502801789025421,"GARCH(1,1)",22,val
2019-12-11,SPY,-3.963387691325868,0.018998643609724693,-4.771557540488433,0.008467181905572791,"GARCH(1,1)",22,val
2019-12-11,TLT,-3.64575747528019,0.026101631023603404,-4.754216434511367,0.008615292695210965,"GARCH(1,1)",22,val
2019-12-12,GLD,-3.9957414095701336,0.018393804011714105,-4.902409442399143,0.007428662555838613,"GARCH(1,1)",22,val
2019-12-12,SPY,-4.011240446563777,0.018110915674220508,-4.786124087008634,0.00834473826200898,"GARCH(1,1)",22,val
2019-12-12,TLT,-3.7359444447234624,0.023850634822093604,-4.7700970051009985,0.008479557559718196,"GARCH(1,1)",22,val
2019-12-13,GLD,-4.029313652346438,0.017786533510779103,-4.8990985891237635,0.007453298528133638,"GARCH(1,1)",22,val
2019-12-13,SPY,-4.058274634952733,0.017278805658968895,-4.797056895789732,0.008254003729669916,"GARCH(1,1)",22,val
2019-12-13,TLT,-3.84857227060762,0.021310139842304492,-4.7730899597798695,0.00845421656937946,"GARCH(1,1)",22,val
2019-12-16,GLD,-4.025883904491318,0.01784764156865091,-4.907372190484517,0.007391887303596768,"GARCH(1,1)",22,val
2019-12-16,SPY,-4.117359100536763,0.016287471268784298,-4.776686269225369,0.008423867196055824,"GARCH(1,1)",22,val
2019-12-16,TLT,-3.8577354393507552,0.0211157633473461,-4.731133525267099,0.008816471680117928,"GARCH(1,1)",22,val
2019-12-17,GLD,-3.998523088236728,0.018342709456760288,-4.912888346925918,0.0073512247504417426,"GARCH(1,1)",22,val
2019-12-17,SPY,-4.107251912047026,0.016452926546248893,-4.792063804254838,0.008295319787413213,"GARCH(1,1)",22,val
2019-12-17,TLT,-3.874600096664833,0.0207626392624005,-4.7219417659965695,0.008897884154148206,"GARCH(1,1)",22,val
2019-12-18,GLD,-3.9991341591437006,0.0183315041846128,-4.925102821905591,0.007261979550849722,"GARCH(1,1)",22,val
2019-12-18,SPY,-4.089778938730251,0.016742934363843002,-4.785107384357491,0.008353226693897469,"GARCH(1,1)",22,val
2019-12-18,TLT,-3.893201272471165,0.0203799995662401,-4.721950653956213,0.008897805070464376,"GARCH(1,1)",22,val
2019-12-19,GLD,-3.979844466020342,0.018688545815603603,-4.937061509111872,0.007175653013725724,"GARCH(1,1)",22,val
2019-12-19,SPY,-4.047414767833226,0.017467473793607004,-4.798633984016372,0.008240996696880278,"GARCH(1,1)",22,val
2019-12-19,TLT,-3.9167119212260513,0.019906441200123998,-4.737836089042411,0.008757576311875794,"GARCH(1,1)",22,val
2019-12-20,GLD,-3.947781346015428,0.019297468721186897,-4.948807931909127,0.007091857869666787,"GARCH(1,1)",22,val
2019-12-20,SPY,-3.9813851873157393,0.0186597741453396,-4.809130423633589,0.008154947965358287,"GARCH(1,1)",22,val
2019-12-20,TLT,-3.8915129922130336,0.0204144357779773,-4.7398915283328105,0.008739594132405772,"GARCH(1,1)",22,val
2019-12-23,GLD,-3.928874499185631,0.019665793969021607,-4.957801891736269,0.007028359961738899,"GARCH(1,1)",22,val
2019-12-23,SPY,-3.944238241865088,0.019365962932111503,-4.811664284841327,0.008134310616188752,"GARCH(1,1)",22,val
2019-12-23,TLT,-3.903230066768816,0.0201766342019889,-4.75594202183108,0.008600439074675855,"GARCH(1,1)",22,val
2019-12-24,GLD,-3.917917156591443,0.019882463705355312,-4.968785380828234,0.006951586439147974,"GARCH(1,1)",22,val
2019-12-24,SPY,-3.857210844170684,0.02112684348105991,-4.818749848827043,0.008076878148833134,"GARCH(1,1)",22,val
2019-12-24,TLT,-3.892413635455362,0.0203960579315318,-4.77145970471291,0.008468010339405588,"GARCH(1,1)",22,val
2019-12-26,GLD,-3.9121297641595865,0.019997864939341404,-4.976190818101923,0.006900297046405073,"GARCH(1,1)",22,val
2019-12-26,SPY,-3.84618460477543,0.021361082127460393,-4.824860993186193,0.008027669693626248,"GARCH(1,1)",22,val
2019-12-26,TLT,-3.888316176276385,0.020479801396868405,-4.786530328752331,0.008341348969469394,"GARCH(1,1)",22,val
2019-12-27,GLD,-3.876246128688565,0.020728491405220695,-4.952532418227398,0.007065493469460815,"GARCH(1,1)",22,val
2019-12-27,SPY,-3.8024274245255514,0.0223165343512636,-4.829694790899379,0.007988959196948614,"GARCH(1,1)",22,val
2019-12-27,TLT,-3.84206360224206,0.021449292834459004,-4.8002776274311545,0.008227462562620478,"GARCH(1,1)",22,val
2019-12-30,GLD,-3.8639199994454088,0.020985574634900896,-4.941133840353823,0.007146490797181174,"GARCH(1,1)",22,val
2019-12-30,SPY,-3.7303078550934536,0.023985450656831397,-4.822357484683221,0.008047792210899928,"GARCH(1,1)",22,val
2019-12-30,TLT,-3.8575410498091247,0.021119868429883996,-4.814318769695645,0.008112746844871987,"GARCH(1,1)",22,val
2019-12-31,GLD,-3.848795762168301,0.021305377738057688,-4.95293553032224,0.007062645857579203,"GARCH(1,1)",22,val
2019-12-31,SPY,-3.707852612292778,0.024530142480930908,-4.8277799271052135,0.008004271621592849,"GARCH(1,1)",22,val
2019-12-31,TLT,-3.8174593595344546,0.021983582382882498,-4.829155664725359,0.007993267415187121,"GARCH(1,1)",22,val
2020-01-02,GLD,-3.8332447543816506,0.021639287419997003,-4.962920545391048,0.006992476138114263,"GARCH(1,1)",22,test
2020-01-02,SPY,-3.7073026338467376,0.024543637241147193,-4.810897545725368,0.00814054990196611,"GARCH(1,1)",22,test
2020-01-02,TLT,-3.81081525298772,0.0221301299462247,-4.840606172121401,0.007902262468273788,"GARCH(1,1)",22,test
2020-01-03,GLD,-3.8448900978254543,0.021388752102356797,-4.973029451836552,0.0069221459306745454,"GARCH(1,1)",22,test
2020-01-03,SPY,-3.707172034183289,0.024546842841231282,-4.818256940507283,0.008080860290605164,"GARCH(1,1)",22,test
2020-01-03,TLT,-3.8253064180246095,0.021811750993311,-4.8311138171787995,0.007977630693525913,"GARCH(1,1)",22,test
2020-01-06,GLD,-3.873322065597238,0.02078919152411669,-4.963086172511842,0.006991318090328998,"GARCH(1,1)",22,test
2020-01-06,SPY,-3.714805991442782,0.024360166737405604,-4.786194677683806,0.00834414922209154,"GARCH(1,1)",22,test
2020-01-06,TLT,-3.837208940497863,0.021553675061019198,-4.81657585760292,0.008094456311509493,"GARCH(1,1)",22,test
2020-01-07,GLD,-3.86481041064956,0.020966897160670597,-4.910356731195894,0.007369858803833984,"GARCH(1,1)",22,test
2020-01-07,SPY,-3.700969500588451,0.024699568612333096,-4.764491790259515,0.008527220758042608,"GARCH(1,1)",22,test
2020-01-07,TLT,-3.830919577733217,0.021689661126983086,-4.779950706585574,0.008396412845148731,"GARCH(1,1)",22,test
2020-01-08,GLD,-3.974759384983039,0.018783820620295003,-4.88632068302378,0.007549147145038817,"GARCH(1,1)",22,test
2020-01-08,SPY,-3.7192625147909713,0.024251846630392697,-4.7785530463824255,0.00840815638205699,"GARCH(1,1)",22,test
2020-01-08,TLT,-3.910999017430647,0.0200204902490441,-4.787984605153216,0.008329227158879474,"GARCH(1,1)",22,test
2020-01-09,GLD,-3.966501308137267,0.018939581110298895,-4.8946860898269735,0.007486258867907284,"GARCH(1,1)",22,test
2020-01-09,SPY,-3.7062700006713305,0.024568994905537007,-4.787801965833625,0.008330748542188474,"GARCH(1,1)",22,test
2020-01-09,TLT,-3.9388261816232566,0.0194710568208496,-4.797629377292941,0.008249279817512447,"GARCH(1,1)",22,test
2020-01-10,GLD,-3.9632090889373823,0.01900203711588651,-4.888250374623524,0.007534593665587402,"GARCH(1,1)",22,test
2020-01-10,SPY,-3.7142575937282634,0.024373529460878302,-4.7908287385044765,0.008305571382164582,"GARCH(1,1)",22,test
2020-01-10,TLT,-3.937319623487426,0.0195004132079156,-4.802562556140195,0.008208684858236214,"GARCH(1,1)",22,test
2020-01-13,GLD,-3.9558784072349114,0.0191418468258218,-4.890509832806904,0.007517588784414585,"GARCH(1,1)",22,test
2020-01-13,SPY,-3.7032012511856873,0.024644506800300895,-4.785374431770504,0.008350996284144383,"GARCH(1,1)",22,test
2020-01-13,TLT,-3.931951083088633,0.019605383480475698,-4.815032683320068,0.008106957111298689,"GARCH(1,1)",22,test
2020-01-14,GLD,-3.965251768286297,0.018963261663473195,-4.891842955510326,0.007507573593353643,"GARCH(1,1)",22,test
2020-01-14,SPY,-3.7068925757140327,0.0245537036229639,-4.792941773927851,0.008288039944420232,"GARCH(1,1)",22,test
2020-01-14,TLT,-3.928457903586455,0.019673988358998296,-4.812382547475735,0.00812847014256455,"GARCH(1,1)",22,test
2020-01-15,GLD,-3.934780106986293,0.0195499977627855,-4.8860910635240735,0.00755088077545953,"GARCH(1,1)",22,test
2020-01-15,SPY,-3.6948306335223418,0.024851662344590283,-4.78649965016742,0.008341604874177401,"GARCH(1,1)",22,test
2020-01-15,TLT,-3.908605436428614,0.020068468310937893,-4.824992502902801,0.008026614046475266,"GARCH(1,1)",22,test
2020-01-16,GLD,-3.9353811164279575,0.019538251559688604,-4.899157907132467,0.007452856426419106,"GARCH(1,1)",22,test
2020-01-16,SPY,-3.690379807240178,0.024962519296020596,-4.798129371578571,0.0082451562557077,"GARCH(1,1)",22,test
2020-01-16,TLT,-3.9204692654531543,0.0198317861883167,-4.833802355540077,0.007956211333661619,"GARCH(1,1)",22,test
2020-01-17,GLD,-3.931196875776227,0.0196201755815134,-4.90083942106598,0.007440334875025556,"GARCH(1,1)",22,test
2020-01-17,SPY,-3.61671574183062,0.026870782318651386,-4.808802769441519,0.008157620406039536,"GARCH(1,1)",22,test
2020-01-17,TLT,-3.917649189417262,0.019887792266878097,-4.838318752284645,0.007920358949433454,"GARCH(1,1)",22,test
2020-01-21,GLD,-3.9334494388725254,0.0195760296374843,-4.912914998876257,0.007351028828575624,"GARCH(1,1)",22,test
2020-01-21,SPY,-3.5995749994110873,0.027335337513454096,-4.788671852983738,0.008323504882120981,"GARCH(1,1)",22,test
2020-01-21,TLT,-3.8904548718189,0.020436048141033298,-4.850244595080698,0.007826463000741503,"GARCH(1,1)",22,test
2020-01-22,GLD,-3.808062385077698,0.022191135201977488,-4.924541261058893,0.00726605873948411,"GARCH(1,1)",22,test
2020-01-22,SPY,-3.270881944756008,0.0379729222829804,-4.799902992855978,0.008230545432001076,"GARCH(1,1)",22,test
2020-01-22,TLT,-3.8809420415374616,0.020631380406939303,-4.845855579215137,0.007860888963808441,"GARCH(1,1)",22,test
2020-01-23,GLD,-3.687829786145156,0.025026255476575197,-4.936668206050977,0.007178475775083894,"GARCH(1,1)",22,test
2020-01-23,SPY,-3.174068129189529,0.0418330689428536,-4.807603428195605,0.00816741004604707,"GARCH(1,1)",22,test
2020-01-23,TLT,-3.8396010862870726,0.021502177147795596,-4.834389763811503,0.007951539161685589,"GARCH(1,1)",22,test
2020-01-24,GLD,-3.621592414899072,0.026740061299094082,-4.948906138749097,0.007091161434913782,"GARCH(1,1)",22,test
2020-01-24,SPY,-3.126610003677366,0.0438662519128764,-4.8174229703335465,0.008087602297991433,"GARCH(1,1)",22,test
2020-01-24,TLT,-3.77010617636368,0.023049615832903613,-4.846225090807669,0.007857984810800854,"GARCH(1,1)",22,test
2020-01-27,GLD,-3.580704483849858,0.027856067191718195,-4.959101478450641,0.007019231931127164,"GARCH(1,1)",22,test
2020-01-27,SPY,-2.9586947638579395,0.05188659725589889,-4.8252528891906525,0.008024524298322377,"GARCH(1,1)",22,test
2020-01-27,TLT,-3.6954888742582392,0.0248353093507741,-4.849115253018612,0.007835306747473231,"GARCH(1,1)",22,test
2020-01-28,GLD,-3.3758404468215364,0.0341893718845058,-4.957950122132672,0.0070273182223663305,"GARCH(1,1)",22,test
2020-01-28,SPY,-2.8633851395025895,0.0570752252791046,-4.782437162834891,0.00837556146572215,"GARCH(1,1)",22,test
2020-01-28,TLT,-3.672599127936935,0.025410339320116198,-4.84802894424951,0.007843822934668556,"GARCH(1,1)",22,test
2020-01-29,GLD,-3.3581411080233305,0.03479988808958749,-4.952242162402114,0.007067544567756047,"GARCH(1,1)",22,test
2020-01-29,SPY,-2.76877923259885,0.0627385471855872,-4.666223664262892,0.009407729275175723,"GARCH(1,1)",22,test
2020-01-29,TLT,-3.5935341217210017,0.027500966713177904,-4.807235408757384,0.008170416364861885,"GARCH(1,1)",22,test
2020-01-30,GLD,-3.2675839359539767,0.038098364055241994,-4.933173321339176,0.007203607611178671,"GARCH(1,1)",22,test
2020-01-30,SPY,-2.6545203883060458,0.0703325628969452,-4.6648509995277525,0.009420651800507844,"GARCH(1,1)",22,test
2020-01-30,TLT,-3.1833664548946476,0.04144589427023639,-4.807632025058539,0.008167176487080995,"GARCH(1,1)",22,test
2020-01-31,GLD,-3.261107839262809,0.03834589339148588,-4.935104577537947,0.0071897090245117475,"GARCH(1,1)",22,test
2020-01-31,SPY,-2.6324125796271987,0.07190477680841968,-4.701792538568692,0.009078988070418143,"GARCH(1,1)",22,test
2020-01-31,TLT,-3.142033114695863,0.0431948884048002,-4.801901392264995,0.008214113938685548,"GARCH(1,1)",22,test
2020-02-03,GLD,-3.255885281566994,0.0385466808878879,-4.94760048443007,0.007100426087368794,"GARCH(1,1)",22,test
2020-02-03,SPY,-2.602271780192021,0.07410503648792059,-4.730142351619129,0.008825214666708513,"GARCH(1,1)",22,test
2020-02-03,TLT,-3.143776687803827,0.04311964057808271,-4.8169254982912655,0.008091626654943312,"GARCH(1,1)",22,test
2020-02-04,GLD,-3.133729156840442,0.04355507033575621,-4.947381321870883,0.007101982405458517,"GARCH(1,1)",22,test
2020-02-04,SPY,-2.5740865935409936,0.0762234139699069,-4.605356891086571,0.009998133123298324,"GARCH(1,1)",22,test
2020-02-04,TLT,-3.03298398107171,0.04817168006731181,-4.813405290759194,0.008120161054077946,"GARCH(1,1)",22,test
2020-02-05,GLD,-3.091559526744815,0.04543104819422301,-4.942970672745841,0.007133375939980321,"GARCH(1,1)",22,test
2020-02-05,SPY,-2.5163761291286333,0.08075171092899738,-4.636148906911334,0.009694962028406503,"GARCH(1,1)",22,test
2020-02-05,TLT,-2.909748156221453,0.05448945097055371,-4.826634847672071,0.008013442398035704,"GARCH(1,1)",22,test
2020-02-06,GLD,-3.0845052396342085,0.045752664906519205,-4.89280628890973,0.007500344779400679,"GARCH(1,1)",22,test
2020-02-06,SPY,-2.422090062237172,0.088735959830251,-4.5995433767183815,0.010056426694945214,"GARCH(1,1)",22,test
2020-02-06,TLT,-2.7174877282860206,0.06604045776736879,-4.798304262380346,0.00824371437980847,"GARCH(1,1)",22,test
2020-02-07,GLD,-3.0677974432397725,0.0465235127690548,-4.905819919629781,0.007403370424971187,"GARCH(1,1)",22,test
2020-02-07,SPY,-2.386868541442783,0.09191706816633179,-4.605147847244272,0.010000223389933312,"GARCH(1,1)",22,test
2020-02-07,TLT,-2.58704873285005,0.07524177129830172,-4.786105790338141,0.008344890944332098,"GARCH(1,1)",22,test
2020-02-10,GLD,-3.0134820828107785,0.04912033953494449,-4.909082963590201,0.007379252272514832,"GARCH(1,1)",22,test
2020-02-10,SPY,-2.2650112465460137,0.1038288668181023,-4.6501973328094115,0.00955971529892536,"GARCH(1,1)",22,test
2020-02-10,TLT,-2.45836856359967,0.08557444641422468,-4.797202181444314,0.008252804628443338,"GARCH(1,1)",22,test
2020-02-11,GLD,-2.8687610717705367,0.0567692160133578,-4.919850406716762,0.007300222829411334,"GARCH(1,1)",22,test
2020-02-11,SPY,-2.118476969014609,0.12021457968569542,-4.674836727444641,0.009327047864353974,"GARCH(1,1)",22,test
2020-02-11,TLT,-2.4113733245706657,0.08969203367936911,-4.779557178178903,0.008399717722356316,"GARCH(1,1)",22,test
2020-02-12,GLD,-2.7501980292246455,0.06391520287532071,-4.930471282044163,0.007223098362539438,"GARCH(1,1)",22,test
2020-02-12,SPY,-2.020966934747751,0.13252725789543668,-4.6914427763879845,0.009173441379297867,"GARCH(1,1)",22,test
2020-02-12,TLT,-2.3453638793409413,0.09581233165846331,-4.793411447904895,0.008284148181739,"GARCH(1,1)",22,test
2020-02-13,GLD,-2.667712634834982,0.0694108117405135,-4.938545957886,0.007165009026587337,"GARCH(1,1)",22,test
2020-02-13,SPY,-1.9518773893791344,0.14200721832770682,-4.7235904575182825,0.008883226374380902,"GARCH(1,1)",22,test
2020-02-13,TLT,-2.266295218658253,0.10369563899736879,-4.802525300821638,0.008208990681102273,"GARCH(1,1)",22,test
2020-02-14,GLD,-2.622223948921369,0.07264113288540201,-4.950771880344858,0.007077943494527295,"GARCH(1,1)",22,test
2020-02-14,SPY,-1.8708467791369552,0.15399320835422473,-4.735259187439808,0.00878017282630171,"GARCH(1,1)",22,test
2020-02-14,TLT,-2.1059071513121204,0.121735191925469,-4.811343760615182,0.008136918277691243,"GARCH(1,1)",22,test
2020-02-18,GLD,-2.6110234778146,0.07345932128974149,-4.9508699030486145,0.007077249729371848,"GARCH(1,1)",22,test
2020-02-18,SPY,-1.8310922931682887,0.1602384447912223,-4.757678376355014,0.008585518620728252,"GARCH(1,1)",22,test
2020-02-18,TLT,-2.059318316641378,0.12754088276525138,-4.823053106244106,0.00804219593978959,"GARCH(1,1)",22,test
2020-02-19,GLD,-2.6030700501013997,0.0740459042720333,-4.9566414724930725,0.007036520539816795,"GARCH(1,1)",22,test
2020-02-19,SPY,-1.8127422814815128,0.1632059658802454,-4.77667384761043,0.008423971834740324,"GARCH(1,1)",22,test
2020-02-19,TLT,-2.0440593319238824,0.1295019510511639,-4.8335156416964145,0.007958492816644831,"GARCH(1,1)",22,test
2020-02-20,GLD,-2.579839967859941,0.07578613126921882,-4.909093198302938,0.007379176748374095,"GARCH(1,1)",22,test
2020-02-20,SPY,-1.7945809311329717,0.16619708577965317,-4.786378848519368,0.008342612614660736,"GARCH(1,1)",22,test
2020-02-20,TLT,-2.0184926427790986,0.1328555750340047,-4.837397968064107,0.00792765524961862,"GARCH(1,1)",22,test
2020-02-21,GLD,-2.5582270079214284,0.07744192271134298,-4.91075840737629,0.007366899101560347,"GARCH(1,1)",22,test
2020-02-21,SPY,-1.787752050999888,0.16733590977757865,-4.791467439386081,0.00830026830012243,"GARCH(1,1)",22,test
2020-02-21,TLT,-2.007160679392263,0.13436965207655283,-4.851818263055682,0.007814156432325832,"GARCH(1,1)",22,test
2020-02-24,GLD,-2.5636749807896573,0.0770211683872984,-4.918341669098762,0.007311245263103171,"GARCH(1,1)",22,test
2020-02-24,SPY,-1.7614716013211835,0.17179186857387457,-4.79154619244317,0.008299614654357775,"GARCH(1,1)",22,test
2020-02-24,TLT,-1.994999027221917,0.1360137864780153,-4.851638629797955,0.00781556024078373,"GARCH(1,1)",22,test
2020-02-25,GLD,-2.5635499719232886,0.07703079731808321,-4.857088059960118,0.007773085727132541,"GARCH(1,1)",22,test
2020-02-25,SPY,-1.7564677007413716,0.172653652346614,-4.744581414865417,0.008698702391347846,"GARCH(1,1)",22,test
2020-02-25,TLT,-1.990575612094471,0.13661676454663282,-4.845456946803402,0.007864023193595752,"GARCH(1,1)",22,test
2020-02-26,GLD,-2.5700619961276963,0.07653080066354401,-4.846942330939646,0.007852350769459891,"GARCH(1,1)",22,test
2020-02-26,SPY,-1.7485171622286055,0.17403181315969962,-4.366520825461795,0.012695333100397157,"GARCH(1,1)",22,test
2020-02-26,TLT,-1.9885339592510616,0.13689597347929588,-4.809463957664245,0.008152228466241578,"GARCH(1,1)",22,test
2020-02-27,GLD,-2.5727756969050524,0.07632340050855009,-4.766278081596917,0.008512002253858151,"GARCH(1,1)",22,test
2020-02-27,SPY,-1.755251586345434,0.17286374666221177,-4.225927075056751,0.014611782209651312,"GARCH(1,1)",22,test
2020-02-27,TLT,-1.984403342931922,0.13746260768997398,-4.818302987302996,0.008080488201448997,"GARCH(1,1)",22,test
2020-02-28,GLD,-2.5965824376008935,0.0745278470448008,-4.777948014113976,0.008413245127258596,"GARCH(1,1)",22,test
2020-02-28,SPY,-1.7604510701506972,0.1719672770202601,-4.316353372469987,0.013348471801714121,"GARCH(1,1)",22,test
2020-02-28,TLT,-1.983428292817763,0.1375967059869504,-4.826034545005614,0.008018254333038944,"GARCH(1,1)",22,test
2020-03-02,GLD,-2.5936849497259544,0.07474410372721861,-4.7942269826434,0.008277394925249804,"GARCH(1,1)",22,test
2020-03-02,SPY,-1.7471988369726936,0.17426139499283388,-4.017889038496123,0.017990902986160455,"GARCH(1,1)",22,test
2020-03-02,TLT,-1.9844333731553183,0.1374584797191387,-4.814607903062932,0.008110401518131234,"GARCH(1,1)",22,test
2020-03-03,GLD,-2.613362460507934,0.07328770199410371,-4.507929164214775,0.011021259779691376,"GARCH(1,1)",22,test
2020-03-03,SPY,-1.760663593772113,0.1719307337950696,-4.124889976827753,0.01616527304494899,"GARCH(1,1)",22,test
2020-03-03,TLT,-2.0100666926408475,0.1339797389082257,-4.726229592668043,0.00885981324820456,"GARCH(1,1)",22,test
2020-03-04,GLD,-2.612552267476606,0.0733471032395296,-4.525505149149048,0.010829242671803395,"GARCH(1,1)",22,test
2020-03-04,SPY,-1.7578334964052156,0.17241800369747529,-3.976005658428993,0.018760425424875885,"GARCH(1,1)",22,test
2020-03-04,TLT,-2.012124892798473,0.1337042653755668,-4.726453204665025,0.008857832309160363,"GARCH(1,1)",22,test
2020-03-05,GLD,-2.60701120570807,0.0737546521532155,-4.39399434256027,0.012351295253763939,"GARCH(1,1)",22,test
2020-03-05,SPY,-1.7247187380857711,0.17822317211464528,-3.97561835462863,0.01876769281619266,"GARCH(1,1)",22,test
2020-03-05,TLT,-2.0124771589788812,0.1336571741795035,-4.698313987478174,0.009110624787338184,"GARCH(1,1)",22,test
2020-03-06,GLD,-2.6437167861694686,0.07109652727665848,-4.418946650772993,0.01204691521260196,"GARCH(1,1)",22,test
2020-03-06,SPY,-1.7258477060662885,0.1780220773960499,-3.8952223317475085,0.02033885197393267,"GARCH(1,1)",22,test
2020-03-06,TLT,-2.0231377842336644,0.13223987321307026,-4.693047596322696,0.009158731464241971,"GARCH(1,1)",22,test
2020-03-09,GLD,-2.660153399905089,0.0699374925170309,-4.378191440663461,0.012548031972222312,"GARCH(1,1)",22,test
2020-03-09,SPY,-1.7280750601966604,0.1776260004522211,-3.8824300457852408,0.02060070365448547,"GARCH(1,1)",22,test
2020-03-09,TLT,-2.0401504185822197,0.13000915361501253,-4.606016292357079,0.009991542514780733,"GARCH(1,1)",22,test
2020-03-10,GLD,-2.6575059708525153,0.07012289237478239,-4.4035610000578655,0.012233698045409514,"GARCH(1,1)",22,test
2020-03-10,SPY,-1.7466712381423144,0.17435335935902513,-3.9653892398366213,0.018960654933672813,"GARCH(1,1)",22,test
2020-03-10,TLT,-2.081778602101271,0.12470820854725849,-4.281510066759001,0.013821774517387673,"GARCH(1,1)",22,test
2020-03-11,GLD,-2.6464188939367075,0.07090467611606771,-4.427816130924768,0.011940537790820367,"GARCH(1,1)",22,test
2020-03-11,SPY,-1.7526809208223717,0.17330869319527067,-3.5215513452992604,0.029553551822941462,"GARCH(1,1)",22,test
2020-03-11,TLT,-2.124250641546055,0.1195224999126283,-4.23381922115105,0.01449691774950798,"GARCH(1,1)",22,test
2020-03-12,GLD,-2.6589071515210336,0.07002470633781882,-4.386447276111769,0.012444863940191129,"GARCH(1,1)",22,test
2020-03-12,SPY,-1.7840059462488962,0.16796394322930827,-3.5140242155501373,0.02977684456450931,"GARCH(1,1)",22,test
2020-03-12,TLT,-2.185165616502496,0.112459107027914,-4.020023869510343,0.01795253641613489,"GARCH(1,1)",22,test
2020-03-13,GLD,-2.7456116810612152,0.0642090134925202,-4.40940237415046,0.012162444749774563,"GARCH(1,1)",22,test
2020-03-13,SPY,-1.8448645906587144,0.1580467204430729,-3.5029396767248455,0.03010874322771264,"GARCH(1,1)",22,test
2020-03-13,TLT,-2.213489780486753,0.10931848455495469,-3.955326544608516,0.019152413411068728,"GARCH(1,1)",22,test
2020-03-16,GLD,-2.8464609632597586,0.0580493967230654,-4.228834839908926,0.014569356295098947,"GARCH(1,1)",22,test
2020-03-16,SPY,-1.908822310444552,0.1482548820506921,-3.210008304755319,0.040356278121624095,"GARCH(1,1)",22,test
2020-03-16,TLT,-2.2628256754796814,0.10405604034678699,-3.98606487656782,0.01857265620226284,"GARCH(1,1)",22,test
2020-03-17,GLD,-2.9603561869284856,0.05180046323850081,-4.15978170606878,0.01561096532705254,"GARCH(1,1)",22,test
2020-03-17,SPY,-1.96883884470174,0.13961888133248088,-3.149236761406313,0.04288484574865496,"GARCH(1,1)",22,test
2020-03-17,TLT,-2.333178289376842,0.09698700394756832,-3.983295656721231,0.01862415924913887,"GARCH(1,1)",22,test
2020-03-18,GLD,-3.045494520095296,0.0475727804736733,-4.17622672441403,0.015356342096018756,"GARCH(1,1)",22,test
2020-03-18,SPY,-2.064045214335051,0.12693943267705438,-2.964036130552091,0.05161019076481682,"GARCH(1,1)",22,test
2020-03-18,TLT,-2.6148409568369515,0.07317942645795841,-3.7931549024804156,0.022524427264271382,"GARCH(1,1)",22,test
2020-03-19,GLD,-3.063744857776939,0.04671243583545491,-4.187363447562775,0.015186271537649296,"GARCH(1,1)",22,test
2020-03-19,SPY,-2.123937980631402,0.11955987576945289,-3.04730561542881,0.047486699606812524,"GARCH(1,1)",22,test
2020-03-19,TLT,-2.772733174401713,0.0624909723919237,-3.6279586458973823,0.02657036861648424,"GARCH(1,1)",22,test
2020-03-20,GLD,-3.0840358509618127,0.0457741457301915,-4.17633414116674,0.015354692656207612,"GARCH(1,1)",22,test
2020-03-20,SPY,-2.1551595090630475,0.11588470447793212,-3.1178474653756774,0.044252320626097845,"GARCH(1,1)",22,test
2020-03-20,TLT,-2.8359923774646014,0.05866028379590291,-3.551963436677999,0.028668295974904084,"GARCH(1,1)",22,test
2020-03-23,GLD,-3.141975669849453,0.0431973697998013,-4.170001652686696,0.01545223458618589,"GARCH(1,1)",22,test
2020-03-23,SPY,-2.1911098238197924,0.11179260964281701,-3.258233461356094,0.03845627253996,"GARCH(1,1)",22,test
2020-03-23,TLT,-2.9814234844320544,0.0507205824931836,-3.5691292173626725,0.028180381986685796,"GARCH(1,1)",22,test
2020-03-24,GLD,-3.1889087897625323,0.04121682262754299,-4.177543940617353,0.015336127789614826,"GARCH(1,1)",22,test
2020-03-24,SPY,-2.2018731235380296,0.11059580461853312,-3.3014309234557544,0.036830428153794975,"GARCH(1,1)",22,test
2020-03-24,TLT,-3.0729491115467757,0.0462844553637301,-3.4549327037451385,0.0315894301349028,"GARCH(1,1)",22,test
2020-03-25,GLD,-3.1892590784174084,0.0412023873705875,-4.045055454831766,0.01750873368499108,"GARCH(1,1)",22,test
2020-03-25,SPY,-2.2987175480292055,0.10038750335679252,-3.40936160287773,0.03306230051754149,"GARCH(1,1)",22,test
2020-03-25,TLT,-3.181949888868007,0.0415046467195405,-3.4535040094109815,0.03163459402977388,"GARCH(1,1)",22,test
2020-03-26,GLD,-3.217613398017879,0.04005052896186119,-3.9196852693711817,0.019847340327382206,"GARCH(1,1)",22,test
2020-03-26,SPY,-2.3267310252464153,0.09761432485804211,-3.2432097323526827,0.03903839100285889,"GARCH(1,1)",22,test
2020-03-26,TLT,-3.240490964571909,0.03914467173337739,-3.4850326909230667,0.03065275634592673,"GARCH(1,1)",22,test
2020-03-27,GLD,-3.2167760441534776,0.040084079471922995,-3.9400674448014392,0.019446903108635578,"GARCH(1,1)",22,test
2020-03-27,SPY,-2.3605562634271706,0.0943677152848223,-3.373803972067596,0.0342590686209364,"GARCH(1,1)",22,test
2020-03-27,TLT,-3.2715580773228257,0.037947256231372094,-3.525710659158438,0.0294308846078244,"GARCH(1,1)",22,test
2020-03-30,GLD,-3.1963996423942715,0.04090922699839379,-3.9615808515976787,0.019033002144615938,"GARCH(1,1)",22,test
2020-03-30,SPY,-2.3756927477030265,0.0929500759505596,-3.3697336119491736,0.034398799552230554,"GARCH(1,1)",22,test
2020-03-30,TLT,-3.344820074509866,0.0352665599398855,-3.5654773750865996,0.02828348043203502,"GARCH(1,1)",22,test
2020-03-31,GLD,-3.2107832844471313,0.040325014941372306,-3.990403628893429,0.018492248607429915,"GARCH(1,1)",22,test
2020-03-31,SPY,-2.367038667321715,0.093757964101686,-3.459548943187002,0.031443941824365634,"GARCH(1,1)",22,test
2020-03-31,TLT,-3.363995060027964,0.034596766327528006,-3.5832178745533905,0.02778614192297235,"GARCH(1,1)",22,test
2020-04-01,GLD,-3.2307932580057117,0.0395261319284501,-4.0203343722921225,0.017946962968967882,"GARCH(1,1)",22,test
2020-04-01,SPY,-2.452435941097455,0.08608363622264072,-3.5389478527102725,0.029043869440364682,"GARCH(1,1)",22,test
2020-04-01,TLT,-3.3916924805413293,0.0336516738717107,-3.6212888838313377,0.02674817897037187,"GARCH(1,1)",22,test
2020-04-02,GLD,-3.234745420493487,0.039370226517246004,-3.976813388807183,0.018745278177621866,"GARCH(1,1)",22,test
2020-04-02,SPY,-2.457017085938499,0.08569017655265398,-3.6556310823608227,0.025845181897060334,"GARCH(1,1)",22,test
2020-04-02,TLT,-3.412524760724368,0.032957884471511,-3.659360898484519,0.025748963670592238,"GARCH(1,1)",22,test
2020-04-03,GLD,-3.2293756184508857,0.0395822054731677,-4.002103372360659,0.018277154767534613,"GARCH(1,1)",22,test
2020-04-03,SPY,-2.4865428469481388,0.0831970950567232,-3.620457208130965,0.026770434034065805,"GARCH(1,1)",22,test
2020-04-03,TLT,-3.4296148333659575,0.03239941754453529,-3.694140961636013,0.024868807749110024,"GARCH(1,1)",22,test
2020-04-06,GLD,-3.23709357694591,0.0392778875214491,-4.014278686048279,0.018055973880545563,"GARCH(1,1)",22,test
2020-04-06,SPY,-2.69430346128909,0.06758944404620168,-3.713244700441321,0.024398229752516334,"GARCH(1,1)",22,test
2020-04-06,TLT,-3.4128758084643236,0.0329463167111904,-3.7340218002399235,0.023896535224501473,"GARCH(1,1)",22,test
2020-04-07,GLD,-3.2324385576749743,0.039461153066169506,-4.043453867834164,0.017536797912857737,"GARCH(1,1)",22,test
2020-04-07,SPY,-2.7189352459121903,0.0659449321948648,-3.8195610000163067,0.021937429311779562,"GARCH(1,1)",22,test
2020-04-07,TLT,-3.440615173378588,0.03204496605306259,-3.7760590748393996,0.02291281140537469,"GARCH(1,1)",22,test
2020-04-08,GLD,-3.219850022487138,0.03996105107030021,-4.018127350334267,0.017986616051833836,"GARCH(1,1)",22,test
2020-04-08,SPY,-2.782215412730331,0.061901218610136796,-3.589330228605345,0.02761682118710813,"GARCH(1,1)",22,test
2020-04-08,TLT,-3.4439053870340772,0.031939704529575196,-3.819030674357654,0.021949066378873377,"GARCH(1,1)",22,test
2020-04-09,GLD,-3.2311786317116664,0.03951090253119989,-4.046865969356723,0.017477062547519396,"GARCH(1,1)",22,test
2020-04-09,SPY,-2.793973975742786,0.06117761185573669,-3.7195698437509104,0.024244394480780525,"GARCH(1,1)",22,test
2020-04-09,TLT,-3.4526838215289573,0.03166055098378431,-3.8567245237206706,0.021137120395823338,"GARCH(1,1)",22,test
2020-04-13,GLD,-3.292839753537838,0.03714820771475711,-4.071171302895574,0.017057397422970293,"GARCH(1,1)",22,test
2020-04-13,SPY,-2.781912915239911,0.0619199464058331,-3.7512672496066886,0.023487961877676187,"GARCH(1,1)",22,test
2020-04-13,TLT,-3.459999626094121,0.03142977377014271,-3.8991004587056612,0.020260128073102117,"GARCH(1,1)",22,test
2020-04-14,GLD,-3.3303079953421477,0.03578208265552639,-4.048857906827571,0.017442283981614518,"GARCH(1,1)",22,test
2020-04-14,SPY,-2.7510574286862632,0.0638602977804642,-3.85540821364988,0.02116496172015568,"GARCH(1,1)",22,test
2020-04-14,TLT,-3.4642616679409453,0.0312961038149124,-3.9470966466855737,0.019310686209574518,"GARCH(1,1)",22,test
2020-04-15,GLD,-3.3312038936530426,0.035750039903781804,-4.056967585207886,0.017301404683303902,"GARCH(1,1)",22,test
2020-04-15,SPY,-2.799692174240706,0.060828784410294295,-3.964443798629937,0.018978589594900785,"GARCH(1,1)",22,test
2020-04-15,TLT,-3.457605692505784,0.031505104693882895,-3.9899645328890743,0.01850037026286771,"GARCH(1,1)",22,test
2020-04-16,GLD,-3.361821401873937,0.03467204966123339,-4.082759829124472,0.016860868266563977,"GARCH(1,1)",22,test
2020-04-16,SPY,-2.8052106881557135,0.06049402445539219,-3.9666489579928523,0.018936784890318928,"GARCH(1,1)",22,test
2020-04-16,TLT,-3.428685243025027,0.032429549733262404,-4.0435342366429605,0.017535388557934222,"GARCH(1,1)",22,test
2020-04-17,GLD,-3.372402752921235,0.034307106731925094,-4.111008631177628,0.016391233476661438,"GARCH(1,1)",22,test
2020-04-17,SPY,-2.813615713820118,0.05998770143702279,-4.008993930501069,0.01815164787283149,"GARCH(1,1)",22,test
2020-04-17,TLT,-3.5107095246664906,0.029875709362332695,-4.021601057672856,0.017924244205147197,"GARCH(1,1)",22,test
2020-04-20,GLD,-3.3819299264253875,0.0339818090180668,-4.141355570647005,0.01590128157747855,"GARCH(1,1)",22,test
2020-04-20,SPY,-2.835441572647312,0.05869260306278809,-4.119467364221207,0.016253169156251406,"GARCH(1,1)",22,test
2020-04-20,TLT,-3.497546757842983,0.0302715558606381,-4.0607393213923935,0.01723627125947843,"GARCH(1,1)",22,test
2020-04-21,GLD,-3.385065166959878,0.033875434714647906,-4.135438003368382,0.01599565744339642,"GARCH(1,1)",22,test
2020-04-21,SPY,-2.8494941364338393,0.05787358961164799,-4.099956381917389,0.0165733982858513,"GARCH(1,1)",22,test
2020-04-21,TLT,-3.5012472581354404,0.0301597429687366,-4.0927069531074896,0.016693982512144396,"GARCH(1,1)",22,test
2020-04-22,GLD,-3.3862123093119116,0.0338365970492176,-4.161000370943963,0.01559195237949952,"GARCH(1,1)",22,test
2020-04-22,SPY,-2.860748907962554,0.0572258872908588,-4.141193548235704,0.015903858150188133,"GARCH(1,1)",22,test
2020-04-22,TLT,-3.5210840318617858,0.029567365822315797,-4.140537922872315,0.015914288541808173,"GARCH(1,1)",22,test
2020-04-23,GLD,-3.394653438047969,0.0335521800665047,-4.186469947908105,0.015199846529746165,"GARCH(1,1)",22,test
2020-04-23,SPY,-2.8518900724152125,0.057735094175278695,-4.061675926091857,0.017220135244528877,"GARCH(1,1)",22,test
2020-04-23,TLT,-3.530035483722727,0.029303876037980202,-4.175630219435253,0.01536550496311106,"GARCH(1,1)",22,test
2020-04-24,GLD,-3.424563181902416,0.03256350220992,-4.177717928848549,0.015333459715980756,"GARCH(1,1)",22,test
2020-04-24,SPY,-2.8379915088543535,0.0585431313218458,-4.091988501120135,0.016705980646582776,"GARCH(1,1)",22,test
2020-04-24,TLT,-3.516148931242611,0.0297136444005568,-4.216949364239309,0.014743553180640108,"GARCH(1,1)",22,test
2020-04-27,GLD,-3.425949891422116,0.032518377386153194,-4.197830494564559,0.015028145121676299,"GARCH(1,1)",22,test
2020-04-27,SPY,-2.8323825423775677,0.058872420405291594,-4.198111272725284,0.01502392613905673,"GARCH(1,1)",22,test
2020-04-27,TLT,-3.5316991997878904,0.029255163242011092,-4.2736197085043575,0.013931264660220646,"GARCH(1,1)",22,test
2020-04-28,GLD,-3.4473000590045904,0.0318314635351427,-4.225896995091933,0.014612221738156569,"GARCH(1,1)",22,test
2020-04-28,SPY,-2.823225869953806,0.05941397149285008,-4.256577514937254,0.014170718583769969,"GARCH(1,1)",22,test
2020-04-28,TLT,-3.5167649671583767,0.0296953453654279,-4.337042781647408,0.013075137123261457,"GARCH(1,1)",22,test
2020-04-29,GLD,-3.45650918211595,0.0315396693152826,-4.250695147384315,0.014254321609761762,"GARCH(1,1)",22,test
2020-04-29,SPY,-2.8326560930821207,0.0588563180157214,-4.3023435452913406,0.01353679771117797,"GARCH(1,1)",22,test
2020-04-29,TLT,-3.55972153807933,0.028446744946626402,-4.314453304384667,0.013373858917959187,"GARCH(1,1)",22,test
2020-04-30,GLD,-3.478599922925377,0.030850573991350196,-4.278281313405058,0.013866473740769958,"GARCH(1,1)",22,test
2020-04-30,SPY,-2.845225608824485,0.0581211526156267,-4.38170815902137,0.01250398157964083,"GARCH(1,1)",22,test
2020-04-30,TLT,-3.5877624709876432,0.027660151625838594,-4.345700949365291,0.01296241906319599,"GARCH(1,1)",22,test
2020-05-01,GLD,-3.4859090930018533,0.030625903975000205,-4.304399116953093,0.013509000432848632,"GARCH(1,1)",22,test
2020-05-01,SPY,-2.914937300480922,0.054207429706197796,-4.283769938035034,0.013790574353627284,"GARCH(1,1)",22,test
2020-05-01,TLT,-3.5978879374002704,0.0273814928454323,-4.397886912948979,0.012303310420356999,"GARCH(1,1)",22,test
2020-05-04,GLD,-3.45574141971781,0.0315638935854846,-4.289553775594599,0.01371104213414626,"GARCH(1,1)",22,test
2020-05-04,SPY,-2.919299451321261,0.05397148371130091,-4.344755197913673,0.012974684088760154,"GARCH(1,1)",22,test
2020-05-04,TLT,-3.5988755046211467,0.027354465128679704,-4.419756756523579,0.012037159889266682,"GARCH(1,1)",22,test
2020-05-05,GLD,-3.4562918330131445,0.031546525179142,-4.314357041573114,0.013375146385186557,"GARCH(1,1)",22,test
2020-05-05,SPY,-2.940356682546106,0.05284687581807591,-4.230864883308131,0.014539809869931034,"GARCH(1,1)",22,test
2020-05-05,TLT,-3.51439666802371,0.0297657561701742,-4.462715245571549,0.011531011215305226,"GARCH(1,1)",22,test
2020-05-06,GLD,-3.471566037168889,0.0310683383713793,-4.342441433145992,0.013004739212511374,"GARCH(1,1)",22,test
2020-05-06,SPY,-2.9457643611927415,0.0525618682055026,-4.323546798038426,0.01325279509754963,"GARCH(1,1)",22,test
2020-05-06,TLT,-3.52774459070694,0.029371085037851498,-4.510676540632007,0.010991021787078259,"GARCH(1,1)",22,test
2020-05-07,GLD,-3.504661638675258,0.030056941730403398,-4.369486196924971,0.012657742484521393,"GARCH(1,1)",22,test
2020-05-07,SPY,-2.9401246212078127,0.0528591409578802,-4.386983223374514,0.01243819593643594,"GARCH(1,1)",22,test
2020-05-07,TLT,-3.553660087211153,0.028619697134536003,-4.549932873550491,0.010567913746572415,"GARCH(1,1)",22,test
2020-05-08,GLD,-3.46122967521401,0.0313911373717838,-4.372622741172052,0.012618103112969301,"GARCH(1,1)",22,test
2020-05-08,SPY,-2.937495282489208,0.052998308422858,-4.44491981952384,0.011738047155422161,"GARCH(1,1)",22,test
2020-05-08,TLT,-3.5676846471501187,0.02822111994441801,-4.5169335240239965,0.010922465846648561,"GARCH(1,1)",22,test
2020-05-11,GLD,-3.4528267476795684,0.031656026186469594,-4.366196074816256,0.012699456587533164,"GARCH(1,1)",22,test
2020-05-11,SPY,-2.8993358456744542,0.055059776104098006,-4.469754700626402,0.011450124214344076,"GARCH(1,1)",22,test
2020-05-11,TLT,-3.5861350196758064,0.0277052038260751,-4.491851759924503,0.01119988509706316,"GARCH(1,1)",22,test
2020-05-12,GLD,-3.455216256273645,0.0315804741419212,-4.389521483177258,0.012406664597965389,"GARCH(1,1)",22,test
2020-05-12,SPY,-2.8363316490905417,0.05864038540171249,-4.449205624436137,0.01168784782437143,"GARCH(1,1)",22,test
2020-05-12,TLT,-3.5799402953626744,0.027877362613386,-4.494377858249154,0.011171628790213587,"GARCH(1,1)",22,test
2020-05-13,GLD,-3.4328357378939036,0.0322952299930136,-4.4119724636203275,0.012131226312867385,"GARCH(1,1)",22,test
2020-05-13,SPY,-2.828213647756507,0.0591183656256972,-4.517202265508846,0.01091953092134447,"GARCH(1,1)",22,test
2020-05-13,TLT,-3.572080010548441,0.028097350072797796,-4.522840934673842,0.010858132564231465,"GARCH(1,1)",22,test
2020-05-14,GLD,-3.4328354188588244,0.0322952402963265,-4.43825760523108,0.011816509617605149,"GARCH(1,1)",22,test
2020-05-14,SPY,-2.899636788062561,0.055043208776619196,-4.4197210276221455,0.012037589971449046,"GARCH(1,1)",22,test
2020-05-14,TLT,-3.5122515219081403,0.0298296766012202,-4.539711694723023,0.01067648419658468,"GARCH(1,1)",22,test
2020-05-15,GLD,-3.455283477536479,0.0315783513339182,-4.450379331765038,0.011674137759096826,"GARCH(1,1)",22,test
2020-05-15,SPY,-2.906392507330457,0.054672605565665194,-4.381959685457584,0.012500836893218077,"GARCH(1,1)",22,test
2020-05-15,TLT,-3.5177786991249453,0.029665257497666006,-4.568701560559553,0.010371417636289028,"GARCH(1,1)",22,test
2020-05-18,GLD,-3.469592633207905,0.031129709288271308,-4.464454996763632,0.011510967565335003,"GARCH(1,1)",22,test
2020-05-18,SPY,-2.9147731582878293,0.0542163281628778,-4.419463614512682,0.012040689003762702,"GARCH(1,1)",22,test
2020-05-18,TLT,-3.5564586940124316,0.028539713828600502,-4.583639808142021,0.010217638288502515,"GARCH(1,1)",22,test
2020-05-19,GLD,-3.478497745741501,0.030853726377169804,-4.486566166093069,0.011259239865057495,"GARCH(1,1)",22,test
2020-05-19,SPY,-2.895024188987234,0.055297687483457106,-4.486323419125905,0.011261973343145642,"GARCH(1,1)",22,test
2020-05-19,TLT,-3.549939295814309,0.028726383413025105,-4.619398139224718,0.009858727857542052,"GARCH(1,1)",22,test
2020-05-20,GLD,-3.472774970304958,0.031030801521981802,-4.502572310598188,0.011080457470121844,"GARCH(1,1)",22,test
2020-05-20,SPY,-2.8878264185834595,0.05569714341327781,-4.286308912091292,0.013755604855232697,"GARCH(1,1)",22,test
2020-05-20,TLT,-3.5636669318416407,0.0283347324485616,-4.523986316318505,0.010845702978165808,"GARCH(1,1)",22,test
2020-05-21,GLD,-3.5067005849139856,0.029995719677561598,-4.511200035460221,0.010985269549780538,"GARCH(1,1)",22,test
2020-05-21,SPY,-2.894326768543127,0.055336266672613814,-4.3399332411987,0.013037398535484543,"GARCH(1,1)",22,test
2020-05-21,TLT,-3.565757997618314,0.028275544563694303,-4.558504830252079,0.010477713197427184,"GARCH(1,1)",22,test
2020-05-22,GLD,-3.4879849590849146,0.030562394640918006,-4.537163719806636,0.010703722296774592,"GARCH(1,1)",22,test
2020-05-22,SPY,-2.8609658156798896,0.057213475900385884,-4.3467527647371815,0.012948792159318226,"GARCH(1,1)",22,test
2020-05-22,TLT,-3.56416601373536,0.0283205946248925,-4.5927585026170865,0.010124890279740532,"GARCH(1,1)",22,test
2020-05-26,GLD,-3.496643482647148,0.030298911759278704,-4.517118056264734,0.010920450485506772,"GARCH(1,1)",22,test
2020-05-26,SPY,-2.8706878362986323,0.056659940409640404,-4.409088600578021,0.012166261602295704,"GARCH(1,1)",22,test
2020-05-26,TLT,-3.564572736063854,0.028309078348824398,-4.626124907193172,0.009792633034279349,"GARCH(1,1)",22,test
2020-05-27,GLD,-3.486787376345407,0.030599017562330202,-4.53636846667731,0.010712237850988323,"GARCH(1,1)",22,test
2020-05-27,SPY,-2.8918248249472955,0.055474888229980396,-4.481622431230972,0.011315040379524048,"GARCH(1,1)",22,test
2020-05-27,TLT,-3.578582383205172,0.027915243336524294,-4.649973069665191,0.00956185943115208,"GARCH(1,1)",22,test
2020-05-28,GLD,-3.507128740250229,0.0299828795990874,-4.519079808066739,0.010899048271867521,"GARCH(1,1)",22,test
2020-05-28,SPY,-2.886054477385093,0.0557959229662574,-4.4953363679400855,0.011160925806031141,"GARCH(1,1)",22,test
2020-05-28,TLT,-3.5773890238209,0.027948576139174803,-4.631061485826791,0.009744410057465966,"GARCH(1,1)",22,test
2020-05-29,GLD,-3.495021591300316,0.03034809317475449,-4.544285868167118,0.010627759628364942,"GARCH(1,1)",22,test
2020-05-29,SPY,-2.888185852575847,0.05567712756405999,-4.482906174217076,0.011300524095381884,"GARCH(1,1)",22,test
2020-05-29,TLT,-3.583227326414446,0.027785879293460797,-4.661794556338543,0.009449489535541039,"GARCH(1,1)",22,test
2020-06-01,GLD,-3.481816391204466,0.0307515035126539,-4.5672865125798285,0.010386104078421646,"GARCH(1,1)",22,test
2020-06-01,SPY,-2.8882389104790835,0.0556741735307813,-4.542867928268959,0.010642839841661469,"GARCH(1,1)",22,test
2020-06-01,TLT,-3.569641201351079,0.028165957775119193,-4.6878454998878984,0.00920650020962373,"GARCH(1,1)",22,test
2020-06-02,GLD,-3.509160415328185,0.029922025968175392,-4.580139054541699,0.010253470405639946,"GARCH(1,1)",22,test
2020-06-02,SPY,-2.8827686192075133,0.055979561996689506,-4.590472302528952,0.010148064284903098,"GARCH(1,1)",22,test
2020-06-02,TLT,-3.5588177396161256,0.028472466692878798,-4.702146202805409,0.009075777724757744,"GARCH(1,1)",22,test
2020-06-03,GLD,-3.5471036367580715,0.0288079572454305,-4.5997666482328805,0.010054181631965219,"GARCH(1,1)",22,test
2020-06-03,SPY,-2.885931857973233,0.0558027650489932,-4.630802173497165,0.009746937230788238,"GARCH(1,1)",22,test
2020-06-03,TLT,-3.5626678951825252,0.028363054029797302,-4.709950274604906,0.009005225359692438,"GARCH(1,1)",22,test
2020-06-04,GLD,-3.589137756951909,0.0276221371539147,-4.613288180020866,0.009919148678963444,"GARCH(1,1)",22,test
2020-06-04,SPY,-2.8863527526260935,0.0557792829056702,-4.6417345428790675,0.009640960456756281,"GARCH(1,1)",22,test
2020-06-04,TLT,-3.5522679267987995,0.028659568090844204,-4.73203481986453,0.008808529021699471,"GARCH(1,1)",22,test
2020-06-05,GLD,-3.60882161960456,0.0270837430215693,-4.556481652888847,0.010498932927987786,"GARCH(1,1)",22,test
2020-06-05,SPY,-2.8879575500878585,0.05568984024191969,-4.604879046210438,0.010002911821629521,"GARCH(1,1)",22,test
2020-06-05,TLT,-3.6390684551646895,0.026276810595235896,-4.70344720218081,0.009063977821104576,"GARCH(1,1)",22,test
2020-06-08,GLD,-3.593708365734346,0.02749617525182081,-4.55773484136907,0.010485784026934297,"GARCH(1,1)",22,test
2020-06-08,SPY,-2.86438044835893,0.0570184460630223,-4.641887274030207,0.009639488094208304,"GARCH(1,1)",22,test
2020-06-08,TLT,-3.6142941474012447,0.02693593130580259,-4.671057762904944,0.009362361129256891,"GARCH(1,1)",22,test
2020-06-09,GLD,-3.5805061170760455,0.027861593457993803,-4.498346614291141,0.011127379186975055,"GARCH(1,1)",22,test
2020-06-09,SPY,-2.8618209999620667,0.05716456875036079,-4.436107693880116,0.011841941393997458,"GARCH(1,1)",22,test
2020-06-09,TLT,-3.6086970016725246,0.027087118351925402,-4.684791369215481,0.009234661045846712,"GARCH(1,1)",22,test
2020-06-10,GLD,-3.6765798601042112,0.0253093886271459,-4.502116687017525,0.011085507138116318,"GARCH(1,1)",22,test
2020-06-10,SPY,-2.833109520620214,0.058829636989755386,-4.460804554003645,0.011553064482990788,"GARCH(1,1)",22,test
2020-06-10,TLT,-3.6091388630996377,0.027075152243029706,-4.70761090466999,0.009026316573613172,"GARCH(1,1)",22,test
2020-06-11,GLD,-3.721585438208887,0.024195576828450107,-4.509984790511698,0.010998627458030397,"GARCH(1,1)",22,test
2020-06-11,SPY,-2.850969904735378,0.05778824459282896,-4.5008303928146915,0.01109977553639522,"GARCH(1,1)",22,test
2020-06-11,TLT,-3.6280864462322264,0.026566973131454803,-4.698789816368735,0.009106290720072288,"GARCH(1,1)",22,test
2020-06-12,GLD,-3.731791238660011,0.023949897409561303,-4.497429824031531,0.011137585337563522,"GARCH(1,1)",22,test
2020-06-12,SPY,-2.9251278834790333,0.0536578295240295,-4.544152609466519,0.01062917596417073,"GARCH(1,1)",22,test
2020-06-12,TLT,-3.6486992588624982,0.026024958506257304,-4.668708846008394,0.0093843783857347,"GARCH(1,1)",22,test
2020-06-15,GLD,-3.7733053745509793,0.0229759933729263,-4.512452940806653,0.010971514665413042,"GARCH(1,1)",22,test
2020-06-15,SPY,-2.9927030281000735,0.05015169191271649,-3.822160579520172,0.021880475280513057,"GARCH(1,1)",22,test
2020-06-15,TLT,-3.679200300165446,0.025243153711476504,-4.612963249370037,0.009922372238087583,"GARCH(1,1)",22,test
2020-06-16,GLD,-3.79679701243084,0.022442540035269597,-4.536621419196104,0.010709528506124243,"GARCH(1,1)",22,test
2020-06-16,SPY,-3.048025897262209,0.0474525081149911,-3.9235755221428716,0.019770279147584478,"GARCH(1,1)",22,test
2020-06-16,TLT,-3.773234355293704,0.022977625168854585,-4.620796159130443,0.009844954789506963,"GARCH(1,1)",22,test
2020-06-17,GLD,-3.79538388686268,0.022474276580988706,-4.55994772368984,0.010462605875560712,"GARCH(1,1)",22,test
2020-06-17,SPY,-3.0423338764936156,0.04772337894657241,-4.024337789408692,0.017875257419610095,"GARCH(1,1)",22,test
2020-06-17,TLT,-3.80051841035374,0.02235917762195939,-4.650006908082273,0.00956153587843886,"GARCH(1,1)",22,test
2020-06-18,GLD,-3.7981753522808983,0.022411627896612697,-4.5833590831359885,0.01022050703771867,"GARCH(1,1)",22,test
2020-06-18,SPY,-3.040818311122409,0.0477957616836308,-4.068278237005944,0.017106817050270073,"GARCH(1,1)",22,test
2020-06-18,TLT,-3.8069547853744847,0.022215727713556295,-4.62059272451773,0.009846957797805452,"GARCH(1,1)",22,test
2020-06-19,GLD,-3.776811394794069,0.022895580122668485,-4.605501969854941,0.009996682711673312,"GARCH(1,1)",22,test
2020-06-19,SPY,-3.082287585289197,0.045854241091449706,-4.166457110264251,0.01550710287123411,"GARCH(1,1)",22,test
2020-06-19,TLT,-3.819597684981992,0.021936624552699405,-4.6461208391097975,0.009598764956877235,"GARCH(1,1)",22,test
2020-06-22,GLD,-3.708323027988015,0.02451860583062491,-4.6268922293603545,0.009785121812009278,"GARCH(1,1)",22,test
2020-06-22,SPY,-3.072155762278681,0.0463211896721587,-4.262363703735327,0.014088960891465305,"GARCH(1,1)",22,test
2020-06-22,TLT,-3.820198527207092,0.02192344806128459,-4.648092448890496,0.009579858582126788,"GARCH(1,1)",22,test
2020-06-23,GLD,-3.704942641391657,0.0246016284423397,-4.620501179138394,0.009847859282555107,"GARCH(1,1)",22,test
2020-06-23,SPY,-3.0716725971572822,0.04634357586306781,-4.314996962697992,0.013366590084437122,"GARCH(1,1)",22,test
2020-06-23,TLT,-3.824801479220534,0.0218227673738373,-4.675876875863327,0.009317351394025222,"GARCH(1,1)",22,test
2020-06-24,GLD,-3.7208674516287825,0.024212955165870798,-4.632682350308725,0.00972862848265857,"GARCH(1,1)",22,test
2020-06-24,SPY,-3.124987161319925,0.0439374977192628,-4.386640699979424,0.012442457039258933,"GARCH(1,1)",22,test
2020-06-24,TLT,-3.8262760011300734,0.021790612937254296,-4.702337707738423,0.009074039834965054,"GARCH(1,1)",22,test
2020-06-25,GLD,-3.659981080542485,0.025732999576146682,-4.637494023442018,0.00968192994152044,"GARCH(1,1)",22,test
2020-06-25,SPY,-3.1582621925828542,0.042499532947495096,-4.455021236182956,0.0116200731060123,"GARCH(1,1)",22,test
2020-06-25,TLT,-3.828948761705048,0.021732449609041214,-4.714148289089451,0.008967500533282763,"GARCH(1,1)",22,test
2020-06-26,GLD,-3.5690839269630255,0.0281816583163507,-4.65558674152556,0.009508332671330364,"GARCH(1,1)",22,test
2020-06-26,SPY,-3.18018607108036,0.041577917953251206,-4.28173288224441,0.013818695155066915,"GARCH(1,1)",22,test
2020-06-26,TLT,-3.80339293688987,0.02229499785996609,-4.708218637187869,0.009020832654061622,"GARCH(1,1)",22,test
2020-06-29,GLD,-3.530307978247045,0.029295891980074,-4.676073564586397,0.009315518956292967,"GARCH(1,1)",22,test
2020-06-29,SPY,-3.1930774621361513,0.0410453608300591,-4.3366370999807,0.013080442542765016,"GARCH(1,1)",22,test
2020-06-29,TLT,-3.8135275162763858,0.022070188532392197,-4.730634675769507,0.00882087086976163,"GARCH(1,1)",22,test
2020-06-30,GLD,-3.53942216080148,0.02903009696454569,-4.690929000190977,0.009178155686068798,"GARCH(1,1)",22,test
2020-06-30,SPY,-3.194511657711438,0.0409865359484462,-4.2368198968730795,0.014453482400662335,"GARCH(1,1)",22,test
2020-06-30,TLT,-3.8202068201041377,0.021923266253140793,-4.72300184477238,0.008888456693814932,"GARCH(1,1)",22,test
2020-07-01,GLD,-3.549346532801515,0.028743416398366802,-4.710230087492906,0.009002705934077765,"GARCH(1,1)",22,test
2020-07-01,SPY,-3.201066550491477,0.04071875220555321,-4.2730534745940085,0.013939155248433794,"GARCH(1,1)",22,test
2020-07-01,TLT,-3.8422599172710137,0.021445082429211604,-4.743449857773703,0.0087085510408312,"GARCH(1,1)",22,test
2020-07-02,GLD,-3.501932705736044,0.030139077128768205,-4.723529515988558,0.008883767748280959,"GARCH(1,1)",22,test
2020-07-02,SPY,-3.222088966679954,0.03987168059215761,-4.316037167272255,0.013352693325278267,"GARCH(1,1)",22,test
2020-07-02,TLT,-3.870718924138307,0.020843379229001802,-4.758381826753565,0.008579481257974314,"GARCH(1,1)",22,test
2020-07-06,GLD,-3.4629459133160965,0.03133730891019941,-4.735635395255508,0.008776870277922467,"GARCH(1,1)",22,test
2020-07-06,SPY,-3.2269632735854517,0.0396778066684679,-4.38428999490068,0.01247173999051995,"GARCH(1,1)",22,test
2020-07-06,TLT,-3.8852271671799072,0.020543161499262004,-4.776370626520152,0.00842652654796641,"GARCH(1,1)",22,test
2020-07-07,GLD,-3.444408897250549,0.031923626610071504,-4.751886230324221,0.008635391494381368,"GARCH(1,1)",22,test
2020-07-07,SPY,-3.2446773608161097,0.0389811391715417,-4.44916976993951,0.01168826689378454,"GARCH(1,1)",22,test
2020-07-07,TLT,-3.879947809053865,0.020651902995943095,-4.795948829768573,0.008263154779788815,"GARCH(1,1)",22,test
2020-07-08,GLD,-3.3874295805124666,0.033795433792611004,-4.758202916728464,0.008581016350499163,"GARCH(1,1)",22,test
2020-07-08,SPY,-3.255251804640146,0.0385711070567273,-4.432396536854255,0.011885970346647038,"GARCH(1,1)",22,test
2020-07-08,TLT,-3.8613923111748214,0.021038686722879296,-4.8086443108166845,0.008158913153771812,"GARCH(1,1)",22,test
2020-07-09,GLD,-3.363084551077665,0.03462828133809298,-4.762925698847149,0.008540585627815414,"GARCH(1,1)",22,test
2020-07-09,SPY,-3.3088727277711527,0.036557360632367496,-4.451399918452706,0.011662229367316599,"GARCH(1,1)",22,test
2020-07-09,TLT,-3.9225786577440696,0.0197899972615311,-4.767426301250653,0.008502234214578148,"GARCH(1,1)",22,test
2020-07-10,GLD,-3.3139970410310116,0.036370508418046094,-4.767680779919044,0.008500070852613284,"GARCH(1,1)",22,test
2020-07-10,SPY,-3.312734966511122,0.03641643968824209,-4.496573450635779,0.011147127354521108,"GARCH(1,1)",22,test
2020-07-10,TLT,-3.912830988549748,0.019983846864177295,-4.782529507347709,0.008374788064289262,"GARCH(1,1)",22,test
2020-07-13,GLD,-3.281453413965405,0.037573607097184894,-4.78117305859553,0.00838615574320277,"GARCH(1,1)",22,test
2020-07-13,SPY,-3.409423006998961,0.03306027041836121,-4.535981697547209,0.010716381815230446,"GARCH(1,1)",22,test
2020-07-13,TLT,-3.921029196869923,0.019820684856461504,-4.731309639505848,0.008814919110638343,"GARCH(1,1)",22,test
2020-07-14,GLD,-3.2418002595845516,0.0390934533472109,-4.79413780846074,0.008278133088088857,"GARCH(1,1)",22,test
2020-07-14,SPY,-3.4853905629033557,0.0306417885459631,-4.547325129334962,0.010595508126419885,"GARCH(1,1)",22,test
2020-07-14,TLT,-3.8489881070434846,0.0213012801519234,-4.746378185874757,0.00868308684805102,"GARCH(1,1)",22,test
2020-07-15,GLD,-3.2246206317020114,0.039770866520607004,-4.808300941921541,0.008161715151798948,"GARCH(1,1)",22,test
2020-07-15,SPY,-3.5150411712420047,0.029746578225314995,-4.555447535376502,0.01050979567409949,"GARCH(1,1)",22,test
2020-07-15,TLT,-3.857461104106241,0.021121556940104102,-4.76506605777696,0.008522325257945064,"GARCH(1,1)",22,test
2020-07-16,GLD,-3.216198097710084,0.04010725261886441,-4.815201330911006,0.008105590007794622,"GARCH(1,1)",22,test
2020-07-16,SPY,-3.5206607461094555,0.029579883916180806,-4.5364523040669935,0.010711339802574767,"GARCH(1,1)",22,test
2020-07-16,TLT,-3.847304316233531,0.021337177264816702,-4.784857785063111,0.008355311913609918,"GARCH(1,1)",22,test
2020-07-17,GLD,-3.162001985010682,0.04234089034609011,-4.828486348217555,0.007998619231849224,"GARCH(1,1)",22,test
2020-07-17,SPY,-3.527493044872428,0.02937847414125799,-4.5557214918234585,0.010506916842173666,"GARCH(1,1)",22,test
2020-07-17,TLT,-3.850865686546306,0.021261322828190786,-4.7966896169815865,0.008257035807096984,"GARCH(1,1)",22,test
2020-07-20,GLD,-3.1103628622889294,0.044584774271458696,-4.810233915348259,0.008145954011134595,"GARCH(1,1)",22,test
2020-07-20,SPY,-3.550430488757411,0.028712276681059006,-4.596201843342797,0.010090086787226107,"GARCH(1,1)",22,test
2020-07-20,TLT,-3.798741029389602,0.0223989537368218,-4.808171755902363,0.008162769599397553,"GARCH(1,1)",22,test
2020-07-21,GLD,-3.0998300432867616,0.045056859458597,-4.802205562688042,0.008211615828118796,"GARCH(1,1)",22,test
2020-07-21,SPY,-3.5548581371507946,0.028585429839175697,-4.635509021846047,0.00970116767505557,"GARCH(1,1)",22,test
2020-07-21,TLT,-3.797027488234483,0.02243736816883711,-4.823730282374028,0.008036751800195743,"GARCH(1,1)",22,test
2020-07-22,GLD,-3.088085863315247,0.0455891347757302,-4.808896790511025,0.008156853453899732,"GARCH(1,1)",22,test
2020-07-22,SPY,-3.557142813597882,0.028520195928457313,-4.6414308961854776,0.009643888347021609,"GARCH(1,1)",22,test
2020-07-22,TLT,-3.7759478415165857,0.022915360215275987,-4.837925855937604,0.007923471440935177,"GARCH(1,1)",22,test
2020-07-23,GLD,-3.1066076318610683,0.044752515128086603,-4.7775778763555925,0.00841635976333738,"GARCH(1,1)",22,test
2020-07-23,SPY,-3.5954500619932612,0.027448326946952695,-4.673717003677665,0.009337497430745547,"GARCH(1,1)",22,test
2020-07-23,TLT,-3.780581249314216,0.022809429605938594,-4.852633579845242,0.007807788015881512,"GARCH(1,1)",22,test
2020-07-24,GLD,-3.100882803379541,0.045009450354638,-4.726911511137787,0.008853773637407246,"GARCH(1,1)",22,test
2020-07-24,SPY,-3.610037448117861,0.027050833844568595,-4.686792435813837,0.009216200350780997,"GARCH(1,1)",22,test
2020-07-24,TLT,-3.7654904753196026,0.023156251879504295,-4.863410797476602,0.00772409359180592,"GARCH(1,1)",22,test
2020-07-27,GLD,-3.091935439939811,0.04541397327328941,-4.72328114362834,0.008885974504681525,"GARCH(1,1)",22,test
2020-07-27,SPY,-3.6051341934453305,0.0271837966809473,-4.622040397229704,0.009832712939140002,"GARCH(1,1)",22,test
2020-07-27,TLT,-3.7579379587294617,0.023331801943922096,-4.8323129875648565,0.00796806988871005,"GARCH(1,1)",22,test
2020-07-28,GLD,-3.033125004299209,0.04816488722050051,-4.721107462704756,0.008905310785789013,"GARCH(1,1)",22,test
2020-07-28,SPY,-3.594974054490702,0.027461395666669705,-4.631565454866072,0.009739500413749073,"GARCH(1,1)",22,test
2020-07-28,TLT,-3.701569744170627,0.0246847473034338,-4.84751698121374,0.007847839710202793,"GARCH(1,1)",22,test
2020-07-29,GLD,-3.0633244127556254,0.0467320799758865,-4.641657320153193,0.009641704986749745,"GARCH(1,1)",22,test
2020-07-29,SPY,-3.599870472825246,0.027327261841083805,-4.644268614518162,0.009616560500964232,"GARCH(1,1)",22,test
2020-07-29,TLT,-3.703668521916437,0.024632993833645,-4.85644949587319,0.007778050925652509,"GARCH(1,1)",22,test
2020-07-30,GLD,-3.0744545709978146,0.046214828416389804,-4.646398674134863,0.009596098454215912,"GARCH(1,1)",22,test
2020-07-30,SPY,-3.654239787653285,0.02588116518772559,-4.649546759671522,0.009565936616396297,"GARCH(1,1)",22,test
2020-07-30,TLT,-3.6681942950423543,0.025522514493689495,-4.8543328909919845,0.007794531421404146,"GARCH(1,1)",22,test
2020-07-31,GLD,-3.0666285058836347,0.04657792763866011,-4.653914865655218,0.009524242719397533,"GARCH(1,1)",22,test
2020-07-31,SPY,-3.7363253164134065,0.023841552520208302,-4.612017633569987,0.009931759427687802,"GARCH(1,1)",22,test
2020-07-31,TLT,-3.621622130133314,0.0267392667237145,-4.866609426100308,0.007699426556325021,"GARCH(1,1)",22,test
2020-08-03,GLD,-3.0587791345585864,0.046944973744281,-4.660268519092374,0.009463920817065498,"GARCH(1,1)",22,test
2020-08-03,SPY,-3.679897387707012,0.0252255631553055,-4.641163003624594,0.009646472219052366,"GARCH(1,1)",22,test
2020-08-03,TLT,-3.610755843537481,0.027031407628125694,-4.864866540783773,0.0077128574746911215,"GARCH(1,1)",22,test
2020-08-04,GLD,-3.0665516470422585,0.046581507701790106,-4.660660168279384,0.009460215005907897,"GARCH(1,1)",22,test
2020-08-04,SPY,-3.4224995250921864,0.0326307714895007,-4.647469267754695,0.009585830429856975,"GARCH(1,1)",22,test
2020-08-04,TLT,-3.5758281736807467,0.027992233740782104,-4.877314210560556,0.007617445432568255,"GARCH(1,1)",22,test
2020-08-05,GLD,-3.0726083428632487,0.04630023034430919,-4.680504718705974,0.009274331776856643,"GARCH(1,1)",22,test
2020-08-05,SPY,-3.177170510664596,0.0417034879135448,-4.659103967832458,0.00947494845785696,"GARCH(1,1)",22,test
2020-08-05,TLT,-3.55016591442708,0.028719874217446404,-4.874794460252999,0.0076366636954834245,"GARCH(1,1)",22,test
2020-08-06,GLD,-3.055573276544416,0.0470957141616685,-4.596074181756222,0.010091374985939039,"GARCH(1,1)",22,test
2020-08-06,SPY,-3.084623997639646,0.045747231733914206,-4.684027672277498,0.009241716221875999,"GARCH(1,1)",22,test
2020-08-06,TLT,-3.5541218581063525,0.028606484442223003,-4.856428476954534,0.007778214413590384,"GARCH(1,1)",22,test
2020-08-07,GLD,-3.085777473804913,0.045694493814296196,-4.600201561502353,0.01004980988569393,"GARCH(1,1)",22,test
2020-08-07,SPY,-3.059603273334623,0.0469063005093235,-4.692280176426666,0.00916576275462101,"GARCH(1,1)",22,test
2020-08-07,TLT,-3.555187931107393,0.028576004091530702,-4.842820634865874,0.0078847825638825,"GARCH(1,1)",22,test
2020-08-10,GLD,-3.09982539868435,0.04505706873028109,-4.585225792230804,0.010201446120406563,"GARCH(1,1)",22,test
2020-08-10,SPY,-3.0237313084312887,0.0486194652637894,-4.695611979836483,0.009135275052739582,"GARCH(1,1)",22,test
2020-08-10,TLT,-3.5198223073181665,0.029604695238231903,-4.847548841833975,0.00784758967714525,"GARCH(1,1)",22,test
2020-08-11,GLD,-3.1327727241074297,0.04359674775836251,-4.553322010763667,0.010532158261176035,"GARCH(1,1)",22,test
2020-08-11,SPY,-3.0093075977651855,0.049325820247450594,-4.718654359774724,0.008927183246500697,"GARCH(1,1)",22,test
2020-08-11,TLT,-3.5447151166799915,0.028876847870288103,-4.845957995268467,0.007860083923810319,"GARCH(1,1)",22,test
2020-08-12,GLD,-3.1583577820566995,0.04249547063366229,-4.57465494162924,0.01030985606643544,"GARCH(1,1)",22,test
2020-08-12,SPY,-2.981150937133973,0.05073440813488429,-4.733806802143229,0.008792934285250449,"GARCH(1,1)",22,test
2020-08-12,TLT,-3.5502918219091764,0.0287162583980317,-4.853075906462833,0.007804335187112909,"GARCH(1,1)",22,test
2020-08-13,GLD,-3.1858069792736856,0.04134486788368261,-4.1524862928186375,0.01572527021406987,"GARCH(1,1)",22,test
2020-08-13,SPY,-2.9761615049861376,0.0509881765755904,-4.6991180053850305,0.00910330262583544,"GARCH(1,1)",22,test
2020-08-13,TLT,-3.5929118028094535,0.027518086411252796,-4.818507191869643,0.008078838297322234,"GARCH(1,1)",22,test
2020-08-14,GLD,-3.19621016959972,0.040916978918321904,-4.185722943255113,0.015211205127763234,"GARCH(1,1)",22,test
2020-08-14,SPY,-2.96646534345957,0.05148497077783551,-4.6265469949696385,0.009788500555771844,"GARCH(1,1)",22,test
2020-08-14,TLT,-3.570524116030899,0.028141100612519995,-4.8077107588476515,0.008166533479643356,"GARCH(1,1)",22,test
2020-08-17,GLD,-3.2012420771071284,0.0407116056080124,-4.162258763544151,0.015572343922159068,"GARCH(1,1)",22,test
2020-08-17,SPY,-2.9532533003146457,0.052169705847232795,-4.659733875126749,0.009468981998065876,"GARCH(1,1)",22,test
2020-08-17,TLT,-3.572014257162409,0.028099197629444496,-4.788492972072701,0.00832499393143459,"GARCH(1,1)",22,test
2020-08-18,GLD,-3.2520664969752815,0.038694163782396804,-4.195250024539191,0.01506697487766366,"GARCH(1,1)",22,test
2020-08-18,SPY,-2.925994114259159,0.053611369585920395,-4.689919712120256,0.00918742376540817,"GARCH(1,1)",22,test
2020-08-18,TLT,-3.5714089399864513,0.028116211705336902,-4.802264254517076,0.008211133887509645,"GARCH(1,1)",22,test
2020-08-19,GLD,-3.255488665521669,0.038561972152201994,-4.179594326773243,0.01530471502066848,"GARCH(1,1)",22,test
2020-08-19,SPY,-2.908092969120778,0.05457971588897952,-4.710984300147349,0.008995918539229347,"GARCH(1,1)",22,test
2020-08-19,TLT,-3.5936969538031276,0.027496489038071996,-4.818214185535551,0.00808120579494442,"GARCH(1,1)",22,test
2020-08-20,GLD,-3.258500818497251,0.038445992355175804,-4.205392300382034,0.014914933786994006,"GARCH(1,1)",22,test
2020-08-20,SPY,-2.894884314927898,0.055305422736445314,-4.729894763728142,0.008827399953509465,"GARCH(1,1)",22,test
2020-08-20,TLT,-3.58749580075093,0.027667528748605997,-4.819053956860331,0.008074422278748024,"GARCH(1,1)",22,test
2020-08-21,GLD,-3.252099523276538,0.0386928858783892,-4.130649900845951,0.016072429941772323,"GARCH(1,1)",22,test
2020-08-21,SPY,-2.8742434877657645,0.056458835151373905,-4.7306672414910755,0.008820583616414227,"GARCH(1,1)",22,test
2020-08-21,TLT,-3.5935224789019555,0.027501286903820896,-4.822353811536451,0.008047821771676181,"GARCH(1,1)",22,test
2020-08-24,GLD,-3.235175786063776,0.0393532865727044,-4.161424731871274,0.015585337167847116,"GARCH(1,1)",22,test
2020-08-24,SPY,-2.8492958835420903,0.057885064355557396,-4.743205273325044,0.008710681277486898,"GARCH(1,1)",22,test
2020-08-24,TLT,-3.6041326764969632,0.027211035351762697,-4.813452077250547,0.008119781149120283,"GARCH(1,1)",22,test
2020-08-25,GLD,-3.237151206047174,0.03927562403731359,-4.189224483097599,0.015158035628840551,"GARCH(1,1)",22,test
2020-08-25,SPY,-2.828152579112497,0.059121976014361706,-4.751540358434586,0.008638378750129379,"GARCH(1,1)",22,test
2020-08-25,TLT,-3.616941853718084,0.026864707202197594,-4.819476613581143,0.008071010291005803,"GARCH(1,1)",22,test
2020-08-26,GLD,-3.244328531198956,0.0389947393193244,-4.219700519768897,0.014703047117569836,"GARCH(1,1)",22,test
2020-08-26,SPY,-2.828036324376866,0.059128849623590315,-4.709760477386167,0.00900693468862763,"GARCH(1,1)",22,test
2020-08-26,TLT,-3.628183884939776,0.0265643846060427,-4.8348863070785635,0.007947591858536588,"GARCH(1,1)",22,test
2020-08-27,GLD,-3.3647908332070076,0.0345692461001846,-4.253078329373784,0.014220391414203795,"GARCH(1,1)",22,test
2020-08-27,SPY,-2.8296045931726255,0.059036192368528,-4.726064163575871,0.008861279040306006,"GARCH(1,1)",22,test
2020-08-27,TLT,-3.675333735788654,0.025340946930426895,-4.830110193694104,0.007985641250161154,"GARCH(1,1)",22,test
2020-08-28,GLD,-3.365176937426723,0.0345559013447919,-4.269043122825022,0.013995168405503052,"GARCH(1,1)",22,test
2020-08-28,SPY,-2.81604907900179,0.0598419069106202,-4.692629381541079,0.009162562582180416,"GARCH(1,1)",22,test
2020-08-28,TLT,-3.6756381325203393,0.025333234402897104,-4.840554520680523,0.007902670642057763,"GARCH(1,1)",22,test
2020-08-31,GLD,-3.3607927973652956,0.0347077318361157,-4.2841027129524365,0.013785985959879342,"GARCH(1,1)",22,test
2020-08-31,SPY,-2.810105800083176,0.060198623036115985,-4.715890632300476,0.008951889673295929,"GARCH(1,1)",22,test
2020-08-31,TLT,-3.682590027727088,0.025157731158982115,-4.763602815476989,0.008534804612689868,"GARCH(1,1)",22,test
2020-09-01,GLD,-3.3780676201297033,0.0341133109598926,-4.278263287426703,0.013866723699778346,"GARCH(1,1)",22,test
2020-09-01,SPY,-2.7958574143068904,0.0610624960231366,-4.716025849063021,0.008950679309588221,"GARCH(1,1)",22,test
2020-09-01,TLT,-3.734623088594758,0.0238821708351529,-4.783901523229617,0.008363305600919737,"GARCH(1,1)",22,test
2020-09-02,GLD,-3.3985569054533205,0.033421465511215,-4.310004178867192,0.013433493457342927,"GARCH(1,1)",22,test
2020-09-02,SPY,-2.8041970778308594,0.06055537290963299,-4.723497509458388,0.008884052091411805,"GARCH(1,1)",22,test
2020-09-02,TLT,-3.748732846573205,0.023547565337199896,-4.790230519706306,0.008310541417531018,"GARCH(1,1)",22,test
2020-09-03,GLD,-3.3953738181870143,0.0335280184461837,-4.341709921427468,0.013014255811969312,"GARCH(1,1)",22,test
2020-09-03,SPY,-2.8398677089117252,0.05843339567070879,-4.697225003184596,0.009120551518682535,"GARCH(1,1)",22,test
2020-09-03,TLT,-3.69014690068443,0.024968333907516904,-4.778230523578092,0.008410868641591872,"GARCH(1,1)",22,test
2020-09-04,GLD,-3.4148955196479474,0.03287984181950789,-4.347055841934629,0.012944868270330926,"GARCH(1,1)",22,test
2020-09-04,SPY,-2.9452278704484005,0.05259007472689241,-4.619321807263166,0.009859480422299838,"GARCH(1,1)",22,test
2020-09-04,TLT,-3.69657396442734,0.024808375416267486,-4.772018771027016,0.008463277483190845,"GARCH(1,1)",22,test
2020-09-08,GLD,-3.450791285904842,0.03172052643934221,-4.368073576532239,0.01267563570486947,"GARCH(1,1)",22,test
2020-09-08,SPY,-3.015238363234045,0.04903414615626229,-4.200190692047646,0.014992717555856355,"GARCH(1,1)",22,test
2020-09-08,TLT,-3.7220131601689945,0.024185230061830505,-4.789671230669519,0.008315190712264196,"GARCH(1,1)",22,test
2020-09-09,GLD,-3.4505411829307655,0.03172846082950989,-4.397738183394953,0.01230514042231318,"GARCH(1,1)",22,test
2020-09-09,SPY,-3.0390111819567114,0.0478822128892865,-4.2725786063546485,0.01394577608243226,"GARCH(1,1)",22,test
2020-09-09,TLT,-3.7208631410904185,0.024213059536967896,-4.704926872012289,0.009050576044117213,"GARCH(1,1)",22,test
2020-09-10,GLD,-3.4725051245955023,0.0310391761805155,-4.4273328167066754,0.011946310217341879,"GARCH(1,1)",22,test
2020-09-10,SPY,-3.066770754041807,0.046571302485461104,-4.148526828320361,0.01578765729141186,"GARCH(1,1)",22,test
2020-09-10,TLT,-3.77667217268762,0.022898767915462002,-4.719795079783702,0.008917005635953225,"GARCH(1,1)",22,test
2020-09-11,GLD,-3.4740710172357185,0.0309906101974575,-4.44072400628984,0.011787401276950367,"GARCH(1,1)",22,test
2020-09-11,SPY,-3.094535412692122,0.045296051543275,-4.163869311947406,0.01554728409397026,"GARCH(1,1)",22,test
2020-09-11,TLT,-3.77691395939894,0.022893231966960803,-4.740896728599757,0.008730813503935266,"GARCH(1,1)",22,test
2020-09-14,GLD,-3.469924941243673,0.031119366354338894,-4.468082041334514,0.011469292397455219,"GARCH(1,1)",22,test
2020-09-14,SPY,-3.118204405930411,0.044236527996907894,-4.1796057371729605,0.015304540388748844,"GARCH(1,1)",22,test
2020-09-14,TLT,-3.777843112047229,0.022871970538936505,-4.755926958397877,0.00860056862779113,"GARCH(1,1)",22,test
2020-09-15,GLD,-3.476800991243013,0.03090612201489191,-4.496872203704835,0.01114379761342274,"GARCH(1,1)",22,test
2020-09-15,SPY,-3.117633644219176,0.04426178372014079,-4.275462687878242,0.013905613271550422,"GARCH(1,1)",22,test
2020-09-15,TLT,-3.7627619872383,0.02321951971027571,-4.775550709206875,0.008433438436175061,"GARCH(1,1)",22,test
2020-09-16,GLD,-3.486362031447364,0.0306120354666888,-4.51248853591204,0.0109711241401427,"GARCH(1,1)",22,test
2020-09-16,SPY,-3.122444301195426,0.04404936680362019,-4.315558276548893,0.01335908933761689,"GARCH(1,1)",22,test
2020-09-16,TLT,-3.7815256286338026,0.022787899020447196,-4.794920248725807,0.00827165847676977,"GARCH(1,1)",22,test
2020-09-17,GLD,-3.497021595757482,0.030287457509151208,-4.538820837571992,0.010685999656707615,"GARCH(1,1)",22,test
2020-09-17,SPY,-3.106000782374387,0.0447796814110085,-4.391250723301363,0.012385229034695834,"GARCH(1,1)",22,test
2020-09-17,TLT,-3.781226631654465,0.02279471355213119,-4.810882327961542,0.00814067378387453,"GARCH(1,1)",22,test
2020-09-18,GLD,-3.4957423115256008,0.030326228570282398,-4.564009370133773,0.01042019665354682,"GARCH(1,1)",22,test
2020-09-18,SPY,-3.132564184894781,0.04360584033786081,-4.455027629938526,0.011619998810342674,"GARCH(1,1)",22,test
2020-09-18,TLT,-3.774987773356504,0.022937371087273492,-4.824610129208055,0.008029683799403501,"GARCH(1,1)",22,test
2020-09-21,GLD,-3.603126966093355,0.02723841553907071,-4.58270524269435,0.010227191803701005,"GARCH(1,1)",22,test
2020-09-21,SPY,-3.1564459416389767,0.04257679290482199,-4.4802142112090815,0.011330985670538949,"GARCH(1,1)",22,test
2020-09-21,TLT,-3.780848476625425,0.022803335117737904,-4.837589233599594,0.007926139107389645,"GARCH(1,1)",22,test
2020-09-22,GLD,-3.6156763760605015,0.02689872540904,-4.607724548695267,0.00997448896901246,"GARCH(1,1)",22,test
2020-09-22,SPY,-3.163798760608479,0.04226488157333021,-4.431678537967695,0.011894507524596988,"GARCH(1,1)",22,test
2020-09-22,TLT,-3.7685247972891545,0.023086094849031895,-4.848838846111153,0.007837472779719636,"GARCH(1,1)",22,test
2020-09-23,GLD,-3.667919338958096,0.0255295330291854,-4.533836377179524,0.010739396565585974,"GARCH(1,1)",22,test
2020-09-23,SPY,-3.1946448699517975,0.0409810764038151,-4.442289684637638,0.01176896043797247,"GARCH(1,1)",22,test
2020-09-23,TLT,-3.768010778817337,0.0230979645785952,-4.854524989851144,0.007793034244617994,"GARCH(1,1)",22,test
2020-09-24,GLD,-3.726539842735857,0.024075998617092795,-4.5546748248796955,0.010517919841946815,"GARCH(1,1)",22,test
2020-09-24,SPY,-3.196071028300093,0.0409226725560463,-4.472033673279494,0.011424059406158713,"GARCH(1,1)",22,test
2020-09-24,TLT,-3.754419644678327,0.0234140351267939,-4.867559425382287,0.007692115579885897,"GARCH(1,1)",22,test
2020-09-25,GLD,-3.741424444328924,0.023720290821404692,-4.481503644026126,0.011316384541376482,"GARCH(1,1)",22,test
2020-09-25,SPY,-3.242269987267586,0.039075094382142926,-4.320129397978923,0.013298162675734203,"GARCH(1,1)",22,test
2020-09-25,TLT,-3.7529020001187985,0.0234495962875963,-4.879279905397628,0.007602486566509364,"GARCH(1,1)",22,test
2020-09-28,GLD,-3.748228216077479,0.0235594511554901,-4.506137622303696,0.011041022526107907,"GARCH(1,1)",22,test
2020-09-28,SPY,-3.093740857488704,0.04533205605861631,-4.400068299606994,0.012276501394213364,"GARCH(1,1)",22,test
2020-09-28,TLT,-3.735646229908583,0.0238577484953905,-4.885689833953812,0.007553911019979365,"GARCH(1,1)",22,test
2020-09-29,GLD,-3.740979155845155,0.023730855545739598,-4.530936558096918,0.010770584069888081,"GARCH(1,1)",22,test
2020-09-29,SPY,-3.036550663662575,0.04800017301207201,-4.38624575027625,0.01244737215452111,"GARCH(1,1)",22,test
2020-09-29,TLT,-3.6834724673197914,0.025135540773222297,-4.896359630498426,0.0074737407868953245,"GARCH(1,1)",22,test
2020-09-30,GLD,-3.774020573760863,0.0229595668354432,-4.536028324584443,0.010715882153745493,"GARCH(1,1)",22,test
2020-09-30,SPY,-3.0139227716533923,0.0490986975184139,-4.371496638407289,0.012632320397330074,"GARCH(1,1)",22,test
2020-09-30,TLT,-3.684502551264104,0.025109662386983513,-4.902846132783166,0.007425419238548602,"GARCH(1,1)",22,test
2020-10-01,GLD,-3.799096322282404,0.0223909969613295,-4.546880684631067,0.010600218290517958,"GARCH(1,1)",22,test
2020-10-01,SPY,-3.0014999079407847,0.049712448324258106,-4.431770027612762,0.011893419350104423,"GARCH(1,1)",22,test
2020-10-01,TLT,-3.705311845685991,0.024592547092011106,-4.911674042906282,0.007360156794216232,"GARCH(1,1)",22,test
2020-10-02,GLD,-3.8002476313133737,0.0223652328383951,-4.564021564078767,0.010420069591016698,"GARCH(1,1)",22,test
2020-10-02,SPY,-2.9760715443230694,0.050992763712091604,-4.479671804989368,0.011337133334757063,"GARCH(1,1)",22,test
2020-10-02,TLT,-3.716888452535198,0.0243094904220115,-4.88528755310821,0.007556950424998308,"GARCH(1,1)",22,test
2020-10-05,GLD,-3.785868891203438,0.022689139815419205,-4.5712968939286505,0.010344535249479918,"GARCH(1,1)",22,test
2020-10-05,SPY,-2.930285010571796,0.05338182159336519,-4.525272930903009,0.010831757711550325,"GARCH(1,1)",22,test
2020-10-05,TLT,-3.687963916143599,0.025022898930078905,-4.896188226206922,0.007475021927933188,"GARCH(1,1)",22,test
2020-10-06,GLD,-3.822095946502987,0.021881889527350908,-4.595348429784646,0.010098701479518002,"GARCH(1,1)",22,test
2020-10-06,SPY,-2.9553009699306005,0.05206298882358779,-4.5285204109394055,0.010796638849388859,"GARCH(1,1)",22,test
2020-10-06,TLT,-3.777311191978085,0.0228841398353466,-4.900732972051656,0.007441126933495418,"GARCH(1,1)",22,test
2020-10-07,GLD,-3.810846045230062,0.0221294485203917,-4.613249866593416,0.009919528722827059,"GARCH(1,1)",22,test
2020-10-07,SPY,-2.9498129779799496,0.05234949554137391,-4.458170262393619,0.011583538745252132,"GARCH(1,1)",22,test
2020-10-07,TLT,-3.804943116944056,0.022260463373227405,-4.782392859979779,0.008375932535227911,"GARCH(1,1)",22,test
2020-10-08,GLD,-3.7553575945664215,0.023392084231196198,-4.601991174848421,0.010031840695544154,"GARCH(1,1)",22,test
2020-10-08,SPY,-2.9259994746693434,0.05361108220775909,-4.4299933701877805,0.011914568663880713,"GARCH(1,1)",22,test
2020-10-08,TLT,-3.764962359071944,0.023168484302143,-4.793208972075178,0.008285825691337446,"GARCH(1,1)",22,test
2020-10-09,GLD,-3.7576824960870328,0.023337763109094405,-4.624903948191451,0.009804596739843869,"GARCH(1,1)",22,test
2020-10-09,SPY,-2.9145183582766827,0.0542301442439921,-4.394318918050127,0.012347286976586038,"GARCH(1,1)",22,test
2020-10-09,TLT,-3.7797155290766487,0.022829184740731995,-4.79483417091143,0.008272370513697582,"GARCH(1,1)",22,test
2020-10-12,GLD,-3.7533421080101776,0.023439278205921604,-4.643902750003225,0.009620079502906997,"GARCH(1,1)",22,test
2020-10-12,SPY,-2.9230677004895886,0.05376848842131471,-4.441269744302181,0.01178097019900828,"GARCH(1,1)",22,test
2020-10-12,TLT,-3.774233755472161,0.0229546727973728,-4.804454501117798,0.008193169160197588,"GARCH(1,1)",22,test
2020-10-13,GLD,-3.765450577324792,0.023157175785952503,-4.587267701751705,0.010180636942905311,"GARCH(1,1)",22,test
2020-10-13,SPY,-2.9111505690215465,0.05441308782588399,-4.479374299942885,0.011340506690907167,"GARCH(1,1)",22,test
2020-10-13,TLT,-3.753811560015732,0.023428277172189805,-4.821741824989308,0.008052748437707152,"GARCH(1,1)",22,test
2020-10-14,GLD,-3.772367157328517,0.022997559961102188,-4.608540884869674,0.009966349755465058,"GARCH(1,1)",22,test
2020-10-14,SPY,-2.9152361529314015,0.05419123210346309,-4.444080035876124,0.011747908715688376,"GARCH(1,1)",22,test
2020-10-14,TLT,-3.757978675398744,0.023330851969998602,-4.834723305538542,0.007948887433836505,"GARCH(1,1)",22,test
2020-10-15,GLD,-3.7755445898497375,0.0229246027358849,-4.573161899754743,0.010325260610215506,"GARCH(1,1)",22,test
2020-10-15,SPY,-2.9190166612797364,0.053986748467679584,-4.486456388771754,0.011260475942095295,"GARCH(1,1)",22,test
2020-10-15,TLT,-3.7724230233993343,0.022996275213676004,-4.833871964821715,0.007955657526781392,"GARCH(1,1)",22,test
2020-10-16,GLD,-3.7658547371955815,0.023147818475831,-4.594822205319636,0.010104017061773407,"GARCH(1,1)",22,test
2020-10-16,SPY,-2.9186171367898925,0.05400832180507081,-4.5225032099691305,0.010861800243143465,"GARCH(1,1)",22,test
2020-10-16,TLT,-3.792651825659873,0.022535761632313904,-4.847392572147407,0.007848816113349314,"GARCH(1,1)",22,test
2020-10-19,GLD,-3.745134958662882,0.0236324394300239,-4.614734781043234,0.009904810002016288,"GARCH(1,1)",22,test
2020-10-19,SPY,-2.936515001901866,0.0530502871084527,-4.573225379879382,0.01032460518218859,"GARCH(1,1)",22,test
2020-10-19,TLT,-3.779628260380396,0.0228311771008549,-4.860243768995602,0.007748594793724167,"GARCH(1,1)",22,test
2020-10-20,GLD,-3.767767482755469,0.023103584906088392,-4.633829263455532,0.009717476986872375,"GARCH(1,1)",22,test
2020-10-20,SPY,-2.9411592266574154,0.052804480883265115,-4.616166473117304,0.009890639510352017,"GARCH(1,1)",22,test
2020-10-20,TLT,-3.781153066320595,0.022796390514526515,-4.87035413278953,0.007670648378742704,"GARCH(1,1)",22,test
2020-10-21,GLD,-3.776862909662073,0.022894400690259997,-4.655106958717074,0.00951289570042736,"GARCH(1,1)",22,test
2020-10-21,SPY,-2.9473491584115004,0.052478634274829405,-4.524927037378382,0.010835504994446162,"GARCH(1,1)",22,test
2020-10-21,TLT,-3.78937326728199,0.0226097676927196,-4.877277289695703,0.007617726680433518,"GARCH(1,1)",22,test
2020-10-22,GLD,-3.717228943314802,0.0243012146736539,-4.669635142975691,0.009375689689273872,"GARCH(1,1)",22,test
2020-10-22,SPY,-2.950902640519484,0.052292483324798494,-4.572358019817354,0.010333564217172726,"GARCH(1,1)",22,test
2020-10-22,TLT,-3.8110709925928914,0.022124471119153805,-4.857017256653725,0.007773636106787018,"GARCH(1,1)",22,test
2020-10-23,GLD,-3.7337666326475514,0.0239026336238846,-4.674674587536535,0.009328560273645238,"GARCH(1,1)",22,test
2020-10-23,SPY,-2.947799827399661,0.052454989110292095,-4.612929815438061,0.009922703987551844,"GARCH(1,1)",22,test
2020-10-23,TLT,-3.822102158680608,0.021881753593588706,-4.866076988943956,0.007703527108652556,"GARCH(1,1)",22,test
2020-10-26,GLD,-3.722813944982085,0.024165870649292195,-4.66812691418002,0.009389841043499917,"GARCH(1,1)",22,test
2020-10-26,SPY,-2.9855723957539517,0.050510583229619994,-4.6377160578303,0.009679780458766865,"GARCH(1,1)",22,test
2020-10-26,TLT,-3.812893688527618,0.0220841816644538,-4.841573302478784,0.007894623644813154,"GARCH(1,1)",22,test
2020-10-27,GLD,-3.7256339256468944,0.0240978193580726,-4.6874913975424635,0.009209760830203832,"GARCH(1,1)",22,test
2020-10-27,SPY,-2.9859941508028824,0.0504892846278306,-4.66576369820633,0.009412057506655101,"GARCH(1,1)",22,test
2020-10-27,TLT,-3.8203601651265657,0.021919904687131803,-4.844394749803502,0.007872380773351409,"GARCH(1,1)",22,test
2020-10-28,GLD,-3.721786222168181,0.024190719232417092,-4.706189603155303,0.009039154812374188,"GARCH(1,1)",22,test
2020-10-28,SPY,-3.095718120445255,0.04524251121944751,-4.505775450498898,0.011045021997367156,"GARCH(1,1)",22,test
2020-10-28,TLT,-3.8332664765574793,0.0216388173726961,-4.831567080214807,0.00797401554778548,"GARCH(1,1)",22,test
2020-10-29,GLD,-3.725460130194913,0.024102007813436407,-4.7221542436683315,0.008895993753280625,"GARCH(1,1)",22,test
2020-10-29,SPY,-3.1628592203065184,0.04230460979313531,-4.553129193303945,0.010534189240975239,"GARCH(1,1)",22,test
2020-10-29,TLT,-3.8362948719634464,0.0215733856042148,-4.833066797050208,0.007962065745322428,"GARCH(1,1)",22,test
2020-10-30,GLD,-3.7136249998953033,0.024388952883169297,-4.666011953369087,0.00940972120479841,"GARCH(1,1)",22,test
2020-10-30,SPY,-3.224665766581663,0.039769071507842105,-4.1731545225499245,0.01540359242293916,"GARCH(1,1)",22,test
2020-10-30,TLT,-3.829257821472471,0.021725734021031996,-4.848146931131611,0.007842897521051152,"GARCH(1,1)",22,test
2020-11-02,GLD,-3.6771344675102617,0.025295355744500692,-4.681041951921611,0.009269350635910263,"GARCH(1,1)",22,test
2020-11-02,SPY,-3.255176829731695,0.0385739990303591,-4.245028288023091,0.01433532815518191,"GARCH(1,1)",22,test
2020-11-02,TLT,-3.81713582621142,0.0219906959550198,-4.830637336441149,0.007981432786623596,"GARCH(1,1)",22,test
2020-11-03,GLD,-3.654963299430907,0.025862446632257903,-4.694524263331911,0.009145217048244324,"GARCH(1,1)",22,test
2020-11-03,SPY,-3.3501580580743537,0.035078809173617706,-4.295278657440707,0.013632772294502936,"GARCH(1,1)",22,test
2020-11-03,TLT,-3.8166315572369176,0.022001787977163904,-4.814489981416625,0.008111357966422327,"GARCH(1,1)",22,test
2020-11-04,GLD,-3.6390173722403465,0.026278152925848303,-4.687765699780084,0.009207234918647588,"GARCH(1,1)",22,test
2020-11-04,SPY,-3.467843230120323,0.031184215360460305,-4.3428416603434545,0.012999535403605008,"GARCH(1,1)",22,test
2020-11-04,TLT,-3.8567902935079905,0.021135730257625395,-4.8188580158792025,0.008076004543981604,"GARCH(1,1)",22,test
2020-11-05,GLD,-3.6491557620363264,0.026013080741425398,-4.697833781915942,0.009115000810647745,"GARCH(1,1)",22,test
2020-11-05,SPY,-3.480089781462939,0.030804645222480304,-4.326304899816586,0.013216292901351335,"GARCH(1,1)",22,test
2020-11-05,TLT,-3.868496508019914,0.0208897534032309,-4.824185864804573,0.0080330912311857,"GARCH(1,1)",22,test
2020-11-06,GLD,-3.5937990014869916,0.0274936832282169,-4.715854412736144,0.00895221391271171,"GARCH(1,1)",22,test
2020-11-06,SPY,-3.485990646897183,0.0306234064150773,-4.263682342215513,0.014070394889100774,"GARCH(1,1)",22,test
2020-11-06,TLT,-3.850944200148468,0.021259653590678593,-4.711882066396706,0.008987845931382491,"GARCH(1,1)",22,test
2020-11-09,GLD,-3.630871780967699,0.026493078177240403,-4.6029854640397865,0.010021871101922002,"GARCH(1,1)",22,test
2020-11-09,SPY,-3.5478558146626535,0.028786296683833503,-4.249416024626571,0.014272566303042604,"GARCH(1,1)",22,test
2020-11-09,TLT,-3.872870435189401,0.020798582675668496,-4.734934357699171,0.008783025350830947,"GARCH(1,1)",22,test
2020-11-10,GLD,-3.621392188828316,0.026745415892546497,-4.624912537370934,0.00980451252676438,"GARCH(1,1)",22,test
2020-11-10,SPY,-3.5769665820426,0.027960385279541502,-4.3364986715196014,0.01308225337362907,"GARCH(1,1)",22,test
2020-11-10,TLT,-3.8715878730813937,0.020825275263500396,-4.717667594420769,0.008935996629292006,"GARCH(1,1)",22,test
2020-11-11,GLD,-3.6000932898292155,0.027321173540787298,-4.288599719200958,0.013724129483599832,"GARCH(1,1)",22,test
2020-11-11,SPY,-3.5547780819727497,0.02858771834245301,-4.366769246557412,0.0126921797035405,"GARCH(1,1)",22,test
2020-11-11,TLT,-3.840840247030689,0.021475548995659503,-4.632781172134669,0.009727667129330115,"GARCH(1,1)",22,test
2020-11-12,GLD,-3.6021797451783373,0.027264228559347597,-4.320100639100257,0.013298545121480404,"GARCH(1,1)",22,test
2020-11-12,SPY,-3.596568061266635,0.027417656885118703,-4.438962023711467,0.01180818878087649,"GARCH(1,1)",22,test
2020-11-12,TLT,-3.843390577664034,0.0214208490263399,-4.653506971572484,0.009528128394063277,"GARCH(1,1)",22,test
2020-11-13,GLD,-3.571641044417256,0.028109686565308895,-4.349185703180013,0.012917326837202245,"GARCH(1,1)",22,test
2020-11-13,SPY,-3.6140490133496024,0.026942535029144003,-4.485026548505945,0.011276588140199245,"GARCH(1,1)",22,test
2020-11-13,TLT,-3.8125531717256824,0.022091702979862,-4.677825093755097,0.009299216834108408,"GARCH(1,1)",22,test
2020-11-16,GLD,-3.5670370324601044,0.028239402275576805,-4.374617731614473,0.012592955211110073,"GARCH(1,1)",22,test
2020-11-16,SPY,-3.631287023923379,0.02648207939689409,-4.493731419936469,0.011178852893795766,"GARCH(1,1)",22,test
2020-11-16,TLT,-3.7669496661981223,0.023122487128580397,-4.639033796290743,0.009667033440230522,"GARCH(1,1)",22,test
2020-11-17,GLD,-3.5735637107205904,0.028055692940646797,-4.3974932037126235,0.012308155300981788,"GARCH(1,1)",22,test
2020-11-17,SPY,-3.627440623980543,0.0265841362154172,-4.476428649401539,0.01137396110890268,"GARCH(1,1)",22,test
2020-11-17,TLT,-3.754876944838638,0.023403330332615498,-4.666516178961517,0.009404977778528275,"GARCH(1,1)",22,test
2020-11-18,GLD,-3.579354644013241,0.027893693810146104,-4.4266831723428774,0.011954073591885979,"GARCH(1,1)",22,test
2020-11-18,SPY,-3.2112456989164153,0.040306372381616204,-4.477053933450558,0.011366851375480217,"GARCH(1,1)",22,test
2020-11-18,TLT,-3.767731721729244,0.02310441112876731,-4.6912860076280625,0.009174879601058292,"GARCH(1,1)",22,test
2020-11-19,GLD,-3.5669086546629165,0.028243027820549608,-4.45258132970757,0.011648459613757737,"GARCH(1,1)",22,test
2020-11-19,SPY,-3.221398444605171,0.039899222375775596,-4.518814953691185,0.010901935314797809,"GARCH(1,1)",22,test
2020-11-19,TLT,-3.7716174912434752,0.023014806915764498,-4.705975293754525,0.009041092195817892,"GARCH(1,1)",22,test
2020-11-20,GLD,-3.5609192845525124,0.0284126933548509,-4.474071375024937,0.011400804281917086,"GARCH(1,1)",22,test
2020-11-20,SPY,-3.2182377353928397,0.04002553172391031,-4.495610281124297,0.011157869099960019,"GARCH(1,1)",22,test
2020-11-20,TLT,-3.753265848908717,0.02344106573237319,-4.7277658309937145,0.008846212912887317,"GARCH(1,1)",22,test
2020-11-23,GLD,-3.619584168699213,0.0267938158837359,-4.500143357123961,0.011107404098595001,"GARCH(1,1)",22,test
2020-11-23,SPY,-3.235501349837818,0.039340476653542795,-4.546236907934273,0.010607044661127722,"GARCH(1,1)",22,test
2020-11-23,TLT,-3.75811226006388,0.023327735534109512,-4.743450568805681,0.008708544848775129,"GARCH(1,1)",22,test
2020-11-24,GLD,-3.5908294478591127,0.027575448538141804,-4.524348275456626,0.010841777987249526,"GARCH(1,1)",22,test
2020-11-24,SPY,-3.2497756340295303,0.03878290842051289,-4.56507141891407,0.010409135771038528,"GARCH(1,1)",22,test
2020-11-24,TLT,-3.7470685359857394,0.023586788430150298,-4.744436130533012,0.008699966268326097,"GARCH(1,1)",22,test
2020-11-25,GLD,-3.5869051546982393,0.027683875292284596,-4.473816416053793,0.011403711389827884,"GARCH(1,1)",22,test
2020-11-25,SPY,-3.2462106948901988,0.038921413863729694,-4.595693290164669,0.010095219437931634,"GARCH(1,1)",22,test
2020-11-25,TLT,-3.764975416859209,0.0231681817749789,-4.759590011602297,0.008569121917967406,"GARCH(1,1)",22,test
2020-11-27,GLD,-3.5883444284075168,0.027644059278349797,-4.457701447474579,0.011588970554188224,"GARCH(1,1)",22,test
2020-11-27,SPY,-3.2467087702989916,0.0389020328916022,-4.520800931195139,0.010880305801485574,"GARCH(1,1)",22,test
2020-11-27,TLT,-3.761524104706771,0.023248280545710796,-4.751769254838576,0.00863640168257763,"GARCH(1,1)",22,test
2020-11-30,GLD,-3.600154823811794,0.027319492411894415,-4.4848921623358855,0.011278103659520883,"GARCH(1,1)",22,test
2020-11-30,SPY,-3.2560575101419356,0.038540042619636,-4.570302994266055,0.010354821790622182,"GARCH(1,1)",22,test
2020-11-30,TLT,-3.765908131406584,0.02314658254932301,-4.769601582526024,0.008483759564757212,"GARCH(1,1)",22,test
2020-12-01,GLD,-3.594731579902617,0.027468055164619098,-4.4918075340552335,0.011200380432670543,"GARCH(1,1)",22,test
2020-12-01,SPY,-3.173626167161679,0.0418515616570725,-4.611930447164349,0.009932625379843045,"GARCH(1,1)",22,test
2020-12-01,TLT,-3.790577327140165,0.022582560561832204,-4.763655872259247,0.008534351795432535,"GARCH(1,1)",22,test
2020-12-02,GLD,-3.5979787852952887,0.0273790054074358,-4.50935985903139,0.011005502994714998,"GARCH(1,1)",22,test
2020-12-02,SPY,-3.166416188284337,0.0421544009531743,-4.6329306094171985,0.009726213561800251,"GARCH(1,1)",22,test
2020-12-02,TLT,-3.7985505234251735,0.0224032212775887,-4.782899181675681,0.008371692692314714,"GARCH(1,1)",22,test
2020-12-03,GLD,-3.541389455481633,0.028973042349244894,-4.454921567570658,0.011621231320291428,"GARCH(1,1)",22,test
2020-12-03,SPY,-3.124898883619858,0.0439413765917146,-4.60904615621346,0.009961315316517446,"GARCH(1,1)",22,test
2020-12-03,TLT,-3.780204827473254,0.02281801718959779,-4.731553946097863,0.008812765830832469,"GARCH(1,1)",22,test
2020-12-04,GLD,-3.5595709649533274,0.028451028584429893,-4.472296470997952,0.01142105758386455,"GARCH(1,1)",22,test
2020-12-04,SPY,-3.1186989305435935,0.0442146573532432,-4.644824712994496,0.009611214232985584,"GARCH(1,1)",22,test
2020-12-04,TLT,-3.779968154962364,0.022823418226132805,-4.736493153785416,0.008769345070442525,"GARCH(1,1)",22,test
2020-12-07,GLD,-3.4072277421977724,0.033132926186475106,-4.487863759971476,0.01124463941910635,"GARCH(1,1)",22,test
2020-12-07,SPY,-3.105443615406289,0.04480463812221459,-4.673926040353507,0.009335545755314922,"GARCH(1,1)",22,test
2020-12-07,TLT,-3.754278225717699,0.0234173465494491,-4.7415601210510125,0.008725023468908542,"GARCH(1,1)",22,test
2020-12-08,GLD,-3.401723452962608,0.03331580223502641,-4.512558679051836,0.010970354618037081,"GARCH(1,1)",22,test
2020-12-08,SPY,-3.1034287828776153,0.04489500296898501,-4.661779785447135,0.009449629113955674,"GARCH(1,1)",22,test
2020-12-08,TLT,-3.757111504941378,0.0233510925703291,-4.705953216276785,0.00904129180253299,"GARCH(1,1)",22,test
2020-12-09,GLD,-3.429745149658145,0.0323951956476688,-4.496109810072895,0.011152296813215069,"GARCH(1,1)",22,test
2020-12-09,SPY,-3.1051331646290357,0.04481854991629611,-4.683328608010279,0.009248179034151862,"GARCH(1,1)",22,test
2020-12-09,TLT,-3.757910137350897,0.023332451075846403,-4.709941797819954,0.009005301695374798,"GARCH(1,1)",22,test
2020-12-10,GLD,-3.4396991871046785,0.0320743322495783,-4.51983361994084,0.010890835535681712,"GARCH(1,1)",22,test
2020-12-10,SPY,-3.1077081867920926,0.044703289619543306,-4.702417006766333,0.009073320300956481,"GARCH(1,1)",22,test
2020-12-10,TLT,-3.754419548503538,0.0234140373786339,-4.727967359852197,0.008844430325324537,"GARCH(1,1)",22,test
2020-12-11,GLD,-3.4318249637499862,0.0323278896794651,-4.487605568797412,0.011247543060591064,"GARCH(1,1)",22,test
2020-12-11,SPY,-3.112762581646565,0.0444779115970799,-4.662548476930512,0.009442368055649082,"GARCH(1,1)",22,test
2020-12-11,TLT,-3.735696134472117,0.023856557914572887,-4.74713352278613,0.00867653066842398,"GARCH(1,1)",22,test
2020-12-14,GLD,-3.4349655710787235,0.03222651973712821,-4.513120596473519,0.010964191916282066,"GARCH(1,1)",22,test
2020-12-14,SPY,-3.115134538462974,0.044372536932968706,-4.688425376327536,0.009201163124635125,"GARCH(1,1)",22,test
2020-12-14,TLT,-3.757477498487338,0.02334254778492079,-4.747673427504736,0.008671847432939193,"GARCH(1,1)",22,test
2020-12-15,GLD,-3.4332310354240017,0.032282466291259505,-4.537907980250046,0.01069575890345877,"GARCH(1,1)",22,test
2020-12-15,SPY,-3.1189292444280663,0.044204475276339396,-4.707233031825894,0.009029728018034065,"GARCH(1,1)",22,test
2020-12-15,TLT,-3.772109970079488,0.02300347540093821,-4.765405525076946,0.008519432698192652,"GARCH(1,1)",22,test
2020-12-16,GLD,-3.4463736116274246,0.03186096737581381,-4.556115778425755,0.010502774922236781,"GARCH(1,1)",22,test
2020-12-16,SPY,-3.1143026016879856,0.044409467438035394,-4.706846097909601,0.009033222602102096,"GARCH(1,1)",22,test
2020-12-16,TLT,-3.8002162505934822,0.022365934686514297,-4.782670825502227,0.008373604638317295,"GARCH(1,1)",22,test
2020-12-17,GLD,-3.450556125345553,0.0317279867332297,-4.539978450854491,0.010673636558792022,"GARCH(1,1)",22,test
2020-12-17,SPY,-3.113621220549676,0.04443973752307139,-4.6300728925065675,0.009754048079415406,"GARCH(1,1)",22,test
2020-12-17,TLT,-3.8488814645434433,0.021303551894822897,-4.797559712114548,0.00824985452508086,"GARCH(1,1)",22,test
2020-12-18,GLD,-3.4321918910396194,0.0323160298705023,-4.558289910052534,0.010479965311642097,"GARCH(1,1)",22,test
2020-12-18,SPY,-3.123010916787817,0.04402441481531471,-4.663080636810071,0.009437344542976338,"GARCH(1,1)",22,test
2020-12-18,TLT,-3.862202374654065,0.021021650952073305,-4.812483407819539,0.008127650343614668,"GARCH(1,1)",22,test
2020-12-21,GLD,-3.4208894678568864,0.03268335121605691,-4.559088581466343,0.010471598604499636,"GARCH(1,1)",22,test
2020-12-21,SPY,-3.4005309755710686,0.0333555542729653,-4.676120313313225,0.009315083477821126,"GARCH(1,1)",22,test
2020-12-21,TLT,-3.868166051157494,0.0208966577063216,-4.824112487217589,0.008033680701662958,"GARCH(1,1)",22,test
2020-12-22,GLD,-3.4295289136078173,0.0324022014142476,-4.582300884709879,0.010231328086578693,"GARCH(1,1)",22,test
2020-12-22,SPY,-3.4031243089651557,0.0332691642676509,-4.652052929300073,0.009541992772778856,"GARCH(1,1)",22,test
2020-12-22,TLT,-3.870655976427311,0.0208446913133096,-4.8361583753219595,0.007937488406824322,"GARCH(1,1)",22,test
2020-12-23,GLD,-3.411632732691967,0.0329872969447732,-4.602997814729066,0.010021747325670387,"GARCH(1,1)",22,test
2020-12-23,SPY,-3.3465255924665427,0.0352064634510256,-4.669893945452815,0.009373263551516318,"GARCH(1,1)",22,test
2020-12-23,TLT,-3.885427615380918,0.020539044072175612,-4.845459835526713,0.00786400047664145,"GARCH(1,1)",22,test
2020-12-24,GLD,-3.374650804708473,0.034230069203941595,-4.610402239398356,0.009947816099416643,"GARCH(1,1)",22,test
2020-12-24,SPY,-3.30184143662468,0.03681531188094749,-4.691655614917332,0.009171489125290446,"GARCH(1,1)",22,test
2020-12-24,TLT,-3.853336668763139,0.021208851332340704,-4.850518999570052,0.007824315678789202,"GARCH(1,1)",22,test
2020-12-28,GLD,-3.3794610576277,0.034065809296206,-4.622083604463163,0.00983228810399455,"GARCH(1,1)",22,test
2020-12-28,SPY,-3.2458576049149923,0.038935159051287,-4.712555248881385,0.008981797507001586,"GARCH(1,1)",22,test
2020-12-28,TLT,-3.849964620724162,0.021280489313360393,-4.847439699014547,0.007848446231950877,"GARCH(1,1)",22,test
2020-12-29,GLD,-3.3862807045045686,0.03383428286778391,-4.63983349371165,0.009659305828807842,"GARCH(1,1)",22,test
2020-12-29,SPY,-3.2031653067715737,0.04063338308446959,-4.722748905932947,0.008890705214092487,"GARCH(1,1)",22,test
2020-12-29,TLT,-3.843171564852872,0.021425540980482913,-4.855671597743114,0.007784103810882034,"GARCH(1,1)",22,test
2020-12-30,GLD,-3.382306112265842,0.0339690279468609,-4.657181200792969,0.009493184102282452,"GARCH(1,1)",22,test
2020-12-30,SPY,-3.1604270344720087,0.0424076276943649,-4.698897702179795,0.009105308333505945,"GARCH(1,1)",22,test
2020-12-30,TLT,-3.844908706552399,0.021388354088612515,-4.867871714888421,0.00768971378795705,"GARCH(1,1)",22,test
2020-12-31,GLD,-3.3826247100967746,0.033958207212061,-4.673849392373501,0.009336261333462777,"GARCH(1,1)",22,test
2020-12-31,SPY,-3.1591630808211253,0.0424612628592552,-4.713862225350486,0.008970066176965804,"GARCH(1,1)",22,test
2020-12-31,TLT,-3.838228053058705,0.02153172062895109,-4.878385298080186,0.007609290849749507,"GARCH(1,1)",22,test
2021-01-04,GLD,-3.387081628868895,0.033807195015394094,-4.677805406602937,0.009299399911007316,"GARCH(1,1)",22,test
2021-01-04,SPY,-3.2367910717742574,0.03928977108288469,-4.729949224880816,0.008826919216223757,"GARCH(1,1)",22,test
2021-01-04,TLT,-3.8740016899997105,0.020775067482314603,-4.887098513767572,0.007543277469403017,"GARCH(1,1)",22,test
2021-01-05,GLD,-3.3863539115938113,0.033831806049079996,-4.6932127644581465,0.0091572188585635,"GARCH(1,1)",22,test
2021-01-05,SPY,-3.2450391172666637,0.03896704004337549,-4.73072139073901,0.008820106001376421,"GARCH(1,1)",22,test
2021-01-05,TLT,-3.867718332896205,0.020906015616273897,-4.895797032027377,0.007477946685040046,"GARCH(1,1)",22,test
2021-01-06,GLD,-3.4472223528472887,0.03183393713196091,-4.592027639376813,0.010132292894677855,"GARCH(1,1)",22,test
2021-01-06,SPY,-3.3038671103203896,0.0367408115542221,-4.621144448256382,0.009841526495861772,"GARCH(1,1)",22,test
2021-01-06,TLT,-3.883573458275485,0.020577162014086797,-4.903701871675884,0.007419067736512692,"GARCH(1,1)",22,test
2021-01-07,GLD,-3.443856087809522,0.031941279171055006,-4.612488413380163,0.009927084856302977,"GARCH(1,1)",22,test
2021-01-07,SPY,-3.312336101943751,0.03643096781288801,-4.63622329050335,0.009694240909126428,"GARCH(1,1)",22,test
2021-01-07,TLT,-3.8815416710268775,0.020619012931162105,-4.8915023727736875,0.007510130978789531,"GARCH(1,1)",22,test
2021-01-08,GLD,-3.635303903376713,0.026375917438923396,-4.57352738440514,0.010321487575486265,"GARCH(1,1)",22,test
2021-01-08,SPY,-3.3127665000027613,0.03641529136885101,-4.653607096775432,0.009527174436032522,"GARCH(1,1)",22,test
2021-01-08,TLT,-3.92019532216801,0.019837219717180797,-4.769192814105876,0.008487228166630563,"GARCH(1,1)",22,test
2021-01-11,GLD,-3.625287070910708,0.026641448253680682,-4.595306209232807,0.010099127861268294,"GARCH(1,1)",22,test
2021-01-11,SPY,-3.3070918501979056,0.036622522821773695,-4.578618778000035,0.010269070371294601,"GARCH(1,1)",22,test
2021-01-11,TLT,-3.915160819565188,0.019937342073133704,-4.7664875080561755,0.008510219802017724,"GARCH(1,1)",22,test
2021-01-12,GLD,-3.6207146502897016,0.0267635430827865,-4.392052165646281,0.012375306964210724,"GARCH(1,1)",22,test
2021-01-12,SPY,-3.318578798112674,0.0362042487550825,-4.609281876772538,0.009958967506426308,"GARCH(1,1)",22,test
2021-01-12,TLT,-3.9328449698472103,0.019587866318131805,-4.782927141871437,0.008371458621420578,"GARCH(1,1)",22,test
2021-01-13,GLD,-3.5778308690822924,0.027936229921004904,-4.420361722736831,0.012029880016490727,"GARCH(1,1)",22,test
2021-01-13,SPY,-3.3233835627947395,0.0360307130921856,-4.6163404544378555,0.009888918873512585,"GARCH(1,1)",22,test
2021-01-13,TLT,-3.946928060148391,0.019313942005727204,-4.800287570124698,0.008227380759888249,"GARCH(1,1)",22,test
2021-01-14,GLD,-3.58102428709306,0.027847160155412883,-4.441470596472476,0.011778604203191283,"GARCH(1,1)",22,test
2021-01-14,SPY,-3.320773275412686,0.036124886464247295,-4.65225769717476,0.009540039079232154,"GARCH(1,1)",22,test
2021-01-14,TLT,-3.9438125853224855,0.0193742079355827,-4.816923949066999,0.00809163919069739,"GARCH(1,1)",22,test
2021-01-15,GLD,-3.5792393095728676,0.027896911099240192,-4.465466832202548,0.01149932625095662,"GARCH(1,1)",22,test
2021-01-15,SPY,-3.323341257185214,0.036032237425708304,-4.679268331587319,0.009285805532740055,"GARCH(1,1)",22,test
2021-01-15,TLT,-3.9207634309215167,0.019825953219615198,-4.79626347038376,0.008260555264663481,"GARCH(1,1)",22,test
2021-01-19,GLD,-3.5685054646258054,0.028197965060250997,-4.49190617797421,0.011199275637742185,"GARCH(1,1)",22,test
2021-01-19,SPY,-3.325494450975618,0.0359547365030244,-4.69188128132489,0.009169419661800564,"GARCH(1,1)",22,test
2021-01-19,TLT,-3.8804064921487664,0.020642432489308,-4.7876543998283525,0.00833197796818028,"GARCH(1,1)",22,test
2021-01-20,GLD,-3.568506917133203,0.0281979241025279,-4.488574578730356,0.011236649358549294,"GARCH(1,1)",22,test
2021-01-20,SPY,-3.329163146819975,0.035823071178322806,-4.674169248729029,0.009333275548475005,"GARCH(1,1)",22,test
2021-01-20,TLT,-3.794551598613729,0.0224929894434583,-4.801139234833604,0.008220376772995896,"GARCH(1,1)",22,test
2021-01-21,GLD,-3.556327983115005,0.0285434445240233,-4.501143305926776,0.011096302814447137,"GARCH(1,1)",22,test
2021-01-21,SPY,-3.2472878597486536,0.0388795116563185,-4.670066707348159,0.009371644348611907,"GARCH(1,1)",22,test
2021-01-21,TLT,-3.760545303934643,0.023271047120812603,-4.814989271567421,0.008107309056154739,"GARCH(1,1)",22,test
2021-01-22,GLD,-3.5590047024083087,0.028467143898603303,-4.478471286493507,0.011350751946077226,"GARCH(1,1)",22,test
2021-01-22,SPY,-3.2253122893078103,0.03974336820909321,-4.603785253349223,0.010013858921009547,"GARCH(1,1)",22,test
2021-01-22,TLT,-3.714197412458147,0.0243749963349772,-4.830387207598523,0.007983429422866756,"GARCH(1,1)",22,test
2021-01-25,GLD,-3.5426294534818763,0.028937138099870096,-4.504454655951528,0.011059619840450473,"GARCH(1,1)",22,test
2021-01-25,SPY,-3.192090916478183,0.041085873933292924,-4.642395041905761,0.009634594714272984,"GARCH(1,1)",22,test
2021-01-25,TLT,-3.5341657343209514,0.029183093289655692,-4.829315757151446,0.007991987856040862,"GARCH(1,1)",22,test
2021-01-26,GLD,-3.4518035636356244,0.0316884327034466,-4.517576356232479,0.01091544679008581,"GARCH(1,1)",22,test
2021-01-26,SPY,-3.154455474620827,0.0426616250065795,-4.662993450897554,0.009438167382341534,"GARCH(1,1)",22,test
2021-01-26,TLT,-3.4226038551238163,0.0326273672976619,-4.8407710865856295,0.00790095937834478,"GARCH(1,1)",22,test
2021-01-27,GLD,-3.4507143117222476,0.03172296819491121,-4.542272562188393,0.010649178114113077,"GARCH(1,1)",22,test
2021-01-27,SPY,-3.110655725014926,0.044571718964727294,-4.684338636392283,0.009238842826556539,"GARCH(1,1)",22,test
2021-01-27,TLT,-3.412147427016804,0.032970322938830995,-4.813490749826585,0.00811946714233815,"GARCH(1,1)",22,test
2021-01-28,GLD,-3.4685278468224814,0.031162873432134704,-4.565013126646397,0.010409742560852546,"GARCH(1,1)",22,test
2021-01-28,SPY,-3.13522006307071,0.0434901821931204,-4.703752260897013,0.009061213197374495,"GARCH(1,1)",22,test
2021-01-28,TLT,-3.4229950832510463,0.0326146050504954,-4.828127091583832,0.008001493305102917,"GARCH(1,1)",22,test
2021-01-29,GLD,-3.4426078027253415,0.031981175889472496,-4.579468500421338,0.010260348218183508,"GARCH(1,1)",22,test
2021-01-29,SPY,-3.166659043423565,0.04214416478326529,-4.424853017243418,0.011975971432739861,"GARCH(1,1)",22,test
2021-01-29,TLT,-3.4117823451002613,0.032982362005007496,-4.840936015638627,0.007899656388050166,"GARCH(1,1)",22,test
2021-02-01,GLD,-3.3841079409763557,0.0339078766856315,-4.602069243920676,0.01003105754961818,"GARCH(1,1)",22,test
2021-02-01,SPY,-3.0878212092378967,0.0456012017228444,-4.467603011951649,0.011474787841648808,"GARCH(1,1)",22,test
2021-02-01,TLT,-3.381676262427814,0.03399043007296651,-4.844624288406046,0.007870573965444015,"GARCH(1,1)",22,test
2021-02-02,GLD,-3.3789104852028204,0.0340845701555677,-4.624034617869277,0.009813123878999805,"GARCH(1,1)",22,test
2021-02-02,SPY,-3.014134891481004,0.049088283815675794,-4.365820451683975,0.012704227693207571,"GARCH(1,1)",22,test
2021-02-02,TLT,-3.368623596434301,0.03443700395324271,-4.846180739345704,0.00785833333164396,"GARCH(1,1)",22,test
2021-02-03,GLD,-3.3716867563518997,0.0343316792985359,-4.624497349244924,0.009808584089120486,"GARCH(1,1)",22,test
2021-02-03,SPY,-2.9987746866882987,0.04984811051572649,-4.3565222322472135,0.012822905280156463,"GARCH(1,1)",22,test
2021-02-03,TLT,-3.3700083478352387,0.03438935026564449,-4.859402415407345,0.007755116845048724,"GARCH(1,1)",22,test
2021-02-04,GLD,-3.374440455993137,0.0342372702123594,-4.610104553229384,0.009950777867497743,"GARCH(1,1)",22,test
2021-02-04,SPY,-2.9925010421455314,0.050161822873200805,-4.371937984876138,0.012626746397452409,"GARCH(1,1)",22,test
2021-02-04,TLT,-3.3684232126867735,0.0344439052605803,-4.85771641290549,0.007768203020013618,"GARCH(1,1)",22,test
2021-02-05,GLD,-3.3795319478165036,0.03406339445014871,-4.631163908667871,0.009743412058413059,"GARCH(1,1)",22,test
2021-02-05,SPY,-2.989169065438076,0.05032923965814239,-4.444661459464389,0.011741080189773673,"GARCH(1,1)",22,test
2021-02-05,TLT,-3.3751215701366477,0.034213958663196695,-4.844355593489792,0.007872689032797732,"GARCH(1,1)",22,test
2021-02-08,GLD,-3.378284264883399,0.0341059212905374,-4.546546752041627,0.010603758639946465,"GARCH(1,1)",22,test
2021-02-08,SPY,-2.9827174112763335,0.05065499621101439,-4.464120489470988,0.01151481871201342,"GARCH(1,1)",22,test
2021-02-08,TLT,-3.3792958349931492,0.0340714382039647,-4.855435028579453,0.007785945507646162,"GARCH(1,1)",22,test
2021-02-09,GLD,-3.3677354209070858,0.03446760364432141,-4.55057496019919,0.010561130408229681,"GARCH(1,1)",22,test
2021-02-09,SPY,-2.98061926659677,0.05076138929682091,-4.520303677483236,0.01088571741929402,"GARCH(1,1)",22,test
2021-02-09,TLT,-3.3811901351614013,0.0340069577647774,-4.845134773977545,0.007866557176338912,"GARCH(1,1)",22,test
2021-02-10,GLD,-3.367038838563487,0.03449162153269351,-4.553560341955067,0.010529648418448419,"GARCH(1,1)",22,test
2021-02-10,SPY,-2.981691090817077,0.050707011157425395,-4.553447693068184,0.01053083463843395,"GARCH(1,1)",22,test
2021-02-10,TLT,-3.379169462800414,0.0340757441583909,-4.8526828787272285,0.007807403110149331,"GARCH(1,1)",22,test
2021-02-11,GLD,-3.372729176357411,0.03429590991581141,-4.574844229937539,0.010307904715911566,"GARCH(1,1)",22,test
2021-02-11,SPY,-2.985777765061187,0.0505002109712423,-4.598904640407858,0.010062852151697204,"GARCH(1,1)",22,test
2021-02-11,TLT,-3.368645393610887,0.03443625333196719,-4.865412581915959,0.007708647086890324,"GARCH(1,1)",22,test
2021-02-12,GLD,-3.347653883943058,0.035166762699616994,-4.594710660339913,0.01010514417701254,"GARCH(1,1)",22,test
2021-02-12,SPY,-2.977326090825639,0.0509288310303666,-4.636651120157663,0.009690094312471201,"GARCH(1,1)",22,test
2021-02-12,TLT,-3.354992123598258,0.03490964511606251,-4.8631301504846025,0.007726261639652207,"GARCH(1,1)",22,test
2021-02-16,GLD,-3.376539018890944,0.0341654964845514,-4.59955991249939,0.010056260405450526,"GARCH(1,1)",22,test
2021-02-16,SPY,-2.9627456565791737,0.051676835365048406,-4.667629366222409,0.009394514102172399,"GARCH(1,1)",22,test
2021-02-16,TLT,-3.3483860612214817,0.035141023818874295,-4.8650135614268555,0.007711723608778076,"GARCH(1,1)",22,test
2021-02-17,GLD,-3.3865107924374604,0.03382649890311049,-4.619235468086218,0.009860331718474205,"GARCH(1,1)",22,test
2021-02-17,SPY,-2.955764834951943,0.052038844224516406,-4.682902157998103,0.009252123761268265,"GARCH(1,1)",22,test
2021-02-17,TLT,-3.358987621784017,0.0347704419704802,-4.826980591172983,0.008010672281309167,"GARCH(1,1)",22,test
2021-02-18,GLD,-3.399072938700469,0.033404223372983696,-4.592529975352378,0.010127204357626507,"GARCH(1,1)",22,test
2021-02-18,SPY,-2.9568110296510595,0.0519844299304767,-4.703098339659673,0.009067140454888897,"GARCH(1,1)",22,test
2021-02-18,TLT,-3.363174786267252,0.0346251567895356,-4.77299210503058,0.00845504389510051,"GARCH(1,1)",22,test
2021-02-19,GLD,-3.4089452705973224,0.0330760682862959,-4.585729874971367,0.010196305043361446,"GARCH(1,1)",22,test
2021-02-19,SPY,-2.9485631642144465,0.05241496356441491,-4.720226787313284,0.008913156928296667,"GARCH(1,1)",22,test
2021-02-19,TLT,-3.3655998670239273,0.03454128972141691,-4.781142838167519,0.008386409180248161,"GARCH(1,1)",22,test
2021-02-22,GLD,-3.4157346797005532,0.032852261943300605,-4.608051143141197,0.00997123188821539,"GARCH(1,1)",22,test
2021-02-22,SPY,-2.9425570482892462,0.052730721201078495,-4.718273139927994,0.008930587114699491,"GARCH(1,1)",22,test
2021-02-22,TLT,-3.39477901095811,0.033547967086135805,-4.794793457321629,0.008272707318453575,"GARCH(1,1)",22,test
2021-02-23,GLD,-3.39878401650535,0.0334138759888872,-4.625599152743052,0.009797782908341489,"GARCH(1,1)",22,test
2021-02-23,SPY,-2.9657483766175368,0.05152189703061389,-4.728285059148031,0.008841620902337616,"GARCH(1,1)",22,test
2021-02-23,TLT,-3.4000244273580806,0.0333724547494672,-4.761998618569272,0.00854850710766899,"GARCH(1,1)",22,test
2021-02-24,GLD,-3.411094375861771,0.033005060662573506,-4.5958425371245895,0.010093712869548965,"GARCH(1,1)",22,test
2021-02-24,SPY,-2.9709260584925388,0.0512558224573594,-4.6970171358115,0.009122447580825817,"GARCH(1,1)",22,test
2021-02-24,TLT,-3.415300907671216,0.0328665154267898,-4.765783672737266,0.008516211703694727,"GARCH(1,1)",22,test
2021-02-25,GLD,-3.4276928192086573,0.0324617495660695,-4.616543851177527,0.009886907704194413,"GARCH(1,1)",22,test
2021-02-25,SPY,-3.010264423909058,0.04927864658516559,-4.716111448741717,0.008949913167106449,"GARCH(1,1)",22,test
2021-02-25,TLT,-3.5225646518427345,0.029523620183020793,-4.7828909712555125,0.008371761427711413,"GARCH(1,1)",22,test
2021-02-26,GLD,-3.5159227750791957,0.029720365084308895,-4.6375510326411735,0.009681377998181272,"GARCH(1,1)",22,test
2021-02-26,SPY,-3.0365535275772246,0.04800003554387019,-4.670281663249634,0.00936963007485042,"GARCH(1,1)",22,test
2021-02-26,TLT,-3.63660507914451,0.026341620052601402,-4.7887382251811985,0.008322952451144611,"GARCH(1,1)",22,test
2021-03-01,GLD,-3.5031045724150385,0.030103778835031993,-4.575694204582386,0.01029914698071523,"GARCH(1,1)",22,test
2021-03-01,SPY,-3.1059254923462407,0.04478305300140429,-4.4111477736494,0.012141234939982608,"GARCH(1,1)",22,test
2021-03-01,TLT,-3.6274203200408386,0.0265846759835957,-4.733623357617049,0.008794547448872626,"GARCH(1,1)",22,test
2021-03-02,GLD,-3.526660076050271,0.029402955689027694,-4.4803955252491,0.011328931389990212,"GARCH(1,1)",22,test
2021-03-02,SPY,-3.11089065605322,0.0445612489144304,-4.465888762110717,0.011494475364726501,"GARCH(1,1)",22,test
2021-03-02,TLT,-3.61455502542777,0.026928905229715198,-4.5333654861360975,0.010744454842095597,"GARCH(1,1)",22,test
2021-03-03,GLD,-3.572392032894771,0.0280885844393103,-4.505681239087973,0.011046062613491413,"GARCH(1,1)",22,test
2021-03-03,SPY,-3.119619573830252,0.044173970157849504,-4.333516861745673,0.013121320380849535,"GARCH(1,1)",22,test
2021-03-03,TLT,-3.6309240671530447,0.026491692991457805,-4.530288221186028,0.010777569301239404,"GARCH(1,1)",22,test
2021-03-04,GLD,-3.6653872881671754,0.025594257011108297,-4.52501598818311,0.010834541210422587,"GARCH(1,1)",22,test
2021-03-04,SPY,-3.250491924355852,0.038755138545218504,-4.386550349836027,0.012443581267822973,"GARCH(1,1)",22,test
2021-03-04,TLT,-3.680726171876505,0.0252046652690107,-4.564547733278317,0.010414588313506895,"GARCH(1,1)",22,test
2021-03-05,GLD,-3.677286763948871,0.0252915036452454,-4.525266516502337,0.010831827191007103,"GARCH(1,1)",22,test
2021-03-05,SPY,-3.4428722216722276,0.03197272057854509,-4.387578585880227,0.012430792904899046,"GARCH(1,1)",22,test
2021-03-05,TLT,-3.6836248152654063,0.025131711716905415,-4.574268983260906,0.010313836009657396,"GARCH(1,1)",22,test
2021-03-08,GLD,-3.6995846870132216,0.024733796604473904,-4.5303735658200575,0.010776649532780874,"GARCH(1,1)",22,test
2021-03-08,SPY,-3.4956385285467557,0.030329376079946697,-4.396389768523126,0.012321744048430979,"GARCH(1,1)",22,test
2021-03-08,TLT,-3.687003757976657,0.0250469364088913,-4.597741603444544,0.010074562429128747,"GARCH(1,1)",22,test
2021-03-09,GLD,-3.69223758491945,0.024916187535235106,-4.55442683301561,0.010520528523947312,"GARCH(1,1)",22,test
2021-03-09,SPY,-3.525548500937791,0.029435657454672196,-4.3604807416806235,0.012772246022367836,"GARCH(1,1)",22,test
2021-03-09,TLT,-3.6730716355031032,0.025398335578681205,-4.627406917141462,0.00978008682521023,"GARCH(1,1)",22,test
2021-03-10,GLD,-3.6947797888498073,0.024852925951347696,-4.555336980178356,0.010510957650872822,"GARCH(1,1)",22,test
2021-03-10,SPY,-3.541301374546546,0.0289755944343007,-4.423067335527311,0.011997375810975744,"GARCH(1,1)",22,test
2021-03-10,TLT,-3.683671426390316,0.025130540326851504,-4.642918518546719,0.009629552548838018,"GARCH(1,1)",22,test
2021-03-11,GLD,-3.696768410307353,0.02480355199884,-4.492203225879856,0.011195949410418127,"GARCH(1,1)",22,test
2021-03-11,SPY,-3.5607492822277536,0.0284175239893718,-4.42168413189124,0.012013982107117733,"GARCH(1,1)",22,test
2021-03-11,TLT,-3.6872908561023103,0.025039746512547215,-4.6305993359982205,0.009748914475681427,"GARCH(1,1)",22,test
2021-03-12,GLD,-3.7292124585883344,0.024011738630903497,-4.512713222738106,0.010968659349994588,"GARCH(1,1)",22,test
2021-03-12,SPY,-3.5581156972219756,0.028492462589725598,-4.476247512753508,0.011376021536696642,"GARCH(1,1)",22,test
2021-03-12,TLT,-3.690102935253304,0.024969431675213382,-4.658287758552132,0.009482685155671635,"GARCH(1,1)",22,test
2021-03-15,GLD,-3.720702042787443,0.024216960533982708,-4.537230133508499,0.010703011446558514,"GARCH(1,1)",22,test
2021-03-15,SPY,-3.5909467609680767,0.027572213766287,-4.497966203980838,0.011131612961979204,"GARCH(1,1)",22,test
2021-03-15,TLT,-3.663075909266112,0.025653483457763797,-4.6730659766671,0.009343578372998094,"GARCH(1,1)",22,test
2021-03-16,GLD,-3.7407752345799654,0.023735695265270605,-4.5610828841971225,0.010450735877018925,"GARCH(1,1)",22,test
2021-03-16,SPY,-3.5956213702160884,0.027443625225577098,-4.552564394549399,0.010540140618445777,"GARCH(1,1)",22,test
2021-03-16,TLT,-3.681663165733393,0.025181059713346096,-4.5991649797647645,0.010060232736222655,"GARCH(1,1)",22,test
2021-03-17,GLD,-3.841391010187417,0.02146372431110139,-4.58011477835452,0.010253719323828124,"GARCH(1,1)",22,test
2021-03-17,SPY,-3.6180573780775167,0.026834755675839102,-4.585256854505341,0.01020112924520795,"GARCH(1,1)",22,test
2021-03-17,TLT,-3.7119631952902736,0.024429516252244196,-4.622568884205954,0.009827517851299513,"GARCH(1,1)",22,test
2021-03-18,GLD,-3.852852127277085,0.021219130390796804,-4.602358902418635,0.010028152389327914,"GARCH(1,1)",22,test
2021-03-18,SPY,-3.6465517378523864,0.026080907705975303,-4.622777438194218,0.009825468496964827,"GARCH(1,1)",22,test
2021-03-18,TLT,-3.7238527593217223,0.024140779830939204,-4.6479517437740725,0.009581206612079044,"GARCH(1,1)",22,test
2021-03-19,GLD,-3.849744559197849,0.0212851728456331,-4.612503460995587,0.009926935478471673,"GARCH(1,1)",22,test
2021-03-19,SPY,-3.676835904771376,0.025302909122715392,-4.651439830021098,0.009547844755407684,"GARCH(1,1)",22,test
2021-03-19,TLT,-3.726273490074147,0.02408241217750431,-4.662664191198683,0.009441275502152955,"GARCH(1,1)",22,test
2021-03-22,GLD,-3.8395639613019656,0.021502975430620002,-4.625824476962405,0.009795575479259232,"GARCH(1,1)",22,test
2021-03-22,SPY,-3.657334724993977,0.025801188428533704,-4.55862723105162,0.01047643079543957,"GARCH(1,1)",22,test
2021-03-22,TLT,-3.7170961584463904,0.0243044417214934,-4.6654753515906355,0.009414771832898456,"GARCH(1,1)",22,test
2021-03-23,GLD,-3.8054202565839903,0.0222498445572792,-4.6424394955411055,0.00963416643103231,"GARCH(1,1)",22,test
2021-03-23,SPY,-3.663321742608277,0.0256471777512954,-4.586524473805716,0.010188206289315705,"GARCH(1,1)",22,test
2021-03-23,TLT,-3.727730816428484,0.024047341804258486,-4.683234028096794,0.009249053767490257,"GARCH(1,1)",22,test
2021-03-24,GLD,-3.8107110581845025,0.022132435910892305,-4.662061484074358,0.009446967541304788,"GARCH(1,1)",22,test
2021-03-24,SPY,-3.7070495681969673,0.0245498491786342,-4.60034512393415,0.010048367214106844,"GARCH(1,1)",22,test
2021-03-24,TLT,-3.735895891721431,0.0238517928701277,-4.679664442327378,0.009282128053830965,"GARCH(1,1)",22,test
2021-03-25,GLD,-3.8791266988356514,0.0206688674484081,-4.667714332368126,0.009393715920427943,"GARCH(1,1)",22,test
2021-03-25,SPY,-3.800335391708935,0.022363270142839106,-4.599445858629635,0.010057407426274869,"GARCH(1,1)",22,test
2021-03-25,TLT,-3.7430564013867023,0.023681611895143912,-4.686439067079809,0.009219457643310272,"GARCH(1,1)",22,test
2021-03-26,GLD,-3.876464771757267,0.0207239597596748,-4.68374687826339,0.009244311604838133,"GARCH(1,1)",22,test
2021-03-26,SPY,-3.847512537293716,0.021332734877660606,-4.619118379902044,0.009861486314403927,"GARCH(1,1)",22,test
2021-03-26,TLT,-3.746808218947176,0.0235929292723119,-4.704724447258989,0.009052408290179895,"GARCH(1,1)",22,test
2021-03-29,GLD,-3.856766310146686,0.021136237169559303,-4.698624878650661,0.009107792814756403,"GARCH(1,1)",22,test
2021-03-29,SPY,-3.839838943881182,0.021497063299879,-4.6402518201522165,0.009655265930839114,"GARCH(1,1)",22,test
2021-03-29,TLT,-3.778638281542832,0.022853790674654286,-4.7128050632263125,0.008979554005382213,"GARCH(1,1)",22,test
2021-03-30,GLD,-3.8527359162771058,0.021221596430445896,-4.714221568114589,0.00896684342766208,"GARCH(1,1)",22,test
2021-03-30,SPY,-3.845400827849585,0.021377831013580796,-4.554317316619009,0.010521680757414663,"GARCH(1,1)",22,test
2021-03-30,TLT,-3.8075351963123194,0.022202837203457795,-4.732800479091772,0.008801787271446575,"GARCH(1,1)",22,test
2021-03-31,GLD,-3.928243976886984,0.019678197600611895,-4.69200569441515,0.009168278936926571,"GARCH(1,1)",22,test
2021-03-31,SPY,-3.857005619900741,0.02113117966701959,-4.59916657914401,0.010060216646108074,"GARCH(1,1)",22,test
2021-03-31,TLT,-3.813434105488846,0.0220722502223747,-4.73554164998039,0.008777693106608891,"GARCH(1,1)",22,test
2021-04-01,GLD,-3.774763470148399,0.0229425165902487,-4.635119777057622,0.009704944539029339,"GARCH(1,1)",22,test
2021-04-01,SPY,-3.791215184847154,0.022568160694555688,-4.630564414240938,0.009749254930851126,"GARCH(1,1)",22,test
2021-04-01,TLT,-3.8153548244512794,0.0220298963208208,-4.750084091722104,0.008650967697760904,"GARCH(1,1)",22,test
2021-04-05,GLD,-3.789377411231256,0.022609673999183497,-4.602949129342125,0.010022235250194059,"GARCH(1,1)",22,test
2021-04-05,SPY,-3.7981004478708016,0.0224133066892533,-4.656218794437025,0.009502324800828302,"GARCH(1,1)",22,test
2021-04-05,TLT,-3.82810092863984,0.02175088291148519,-4.7619061616923375,0.008549297512477239,"GARCH(1,1)",22,test
2021-04-06,GLD,-3.761550110164489,0.0232476759713952,-4.589546267000882,0.01015746610551014,"GARCH(1,1)",22,test
2021-04-06,SPY,-3.7461986684053503,0.0236073147390222,-4.629032837688833,0.009764198101487548,"GARCH(1,1)",22,test
2021-04-06,TLT,-3.8272829646271305,0.0217686816293144,-4.7224147367714036,0.008893676710062913,"GARCH(1,1)",22,test
2021-04-07,GLD,-3.7359819724723033,0.0238497397782549,-4.61155434451129,0.00993636176918918,"GARCH(1,1)",22,test
2021-04-07,SPY,-3.727675510091594,0.024048671811424203,-4.569704353685973,0.010361022462947431,"GARCH(1,1)",22,test
2021-04-07,TLT,-3.8011468932514982,0.022345129676125307,-4.739677993511735,0.008741460539339455,"GARCH(1,1)",22,test
2021-04-08,GLD,-3.728929160577014,0.024018542072361197,-4.618142474351567,0.009871114891160682,"GARCH(1,1)",22,test
2021-04-08,SPY,-3.714086416687693,0.024377702006631502,-4.611778163434882,0.009934138072255587,"GARCH(1,1)",22,test
2021-04-08,TLT,-3.7698556246253743,0.023055391677761595,-4.749020146840335,0.008660176748657862,"GARCH(1,1)",22,test
2021-04-09,GLD,-3.723348419548497,0.024152958057088395,-4.637158616590572,0.00968517787181664,"GARCH(1,1)",22,test
2021-04-09,SPY,-3.6626301815865743,0.02566492047412551,-4.646928085535085,0.009591019514839429,"GARCH(1,1)",22,test
2021-04-09,TLT,-3.788319340345339,0.0226336092973702,-4.756169649400726,0.008598481600427406,"GARCH(1,1)",22,test
2021-04-12,GLD,-3.7156449906735407,0.024339737147655204,-4.630289818173565,0.009751932405510139,"GARCH(1,1)",22,test
2021-04-12,SPY,-3.569148060334334,0.028179850989549404,-4.666564932391868,0.00940451926477635,"GARCH(1,1)",22,test
2021-04-12,TLT,-3.762428305919866,0.023227268923037895,-4.7582462995818045,0.008580644089600242,"GARCH(1,1)",22,test
2021-04-13,GLD,-3.716653283087896,0.024315207943705095,-4.637044869245728,0.009686279597741909,"GARCH(1,1)",22,test
2021-04-13,SPY,-3.539957771411922,0.029014552299904604,-4.667401538046305,0.009396654681018503,"GARCH(1,1)",22,test
2021-04-13,TLT,-3.764621224078664,0.023176389231127005,-4.774061972549284,0.008446002955434136,"GARCH(1,1)",22,test
2021-04-14,GLD,-3.719085119790286,0.024256149168355397,-4.648255512836069,0.009578296579944936,"GARCH(1,1)",22,test
2021-04-14,SPY,-3.5372214820078827,0.029094053231099797,-4.691464098777226,0.009173245781695403,"GARCH(1,1)",22,test
2021-04-14,TLT,-3.7629855184448298,0.023214330003072194,-4.792204749622184,0.008294150682910388,"GARCH(1,1)",22,test
2021-04-15,GLD,-3.7275273692571624,0.024052234665628894,-4.655793390194169,0.00950636799004952,"GARCH(1,1)",22,test
2021-04-15,SPY,-3.526064637778765,0.029420468547536004,-4.707666123822355,0.00902581816182407,"GARCH(1,1)",22,test
2021-04-15,TLT,-3.796150245639639,0.022457059819825695,-4.793526469397592,0.008283195381446723,"GARCH(1,1)",22,test
2021-04-16,GLD,-3.731474357555714,0.023957487882075395,-4.670436473110931,0.009368179675989045,"GARCH(1,1)",22,test
2021-04-16,SPY,-3.522362169935733,0.029529598787196205,-4.712456499212713,0.008982684500323905,"GARCH(1,1)",22,test
2021-04-16,TLT,-3.805436861405547,0.022249475105648005,-4.807030307702283,0.008172092297740853,"GARCH(1,1)",22,test
2021-04-19,GLD,-3.647929504843447,0.0260449990348123,-4.626783396160079,0.009786186816084019,"GARCH(1,1)",22,test
2021-04-19,SPY,-3.5001831147917257,0.030191854340986198,-4.6702783504093,0.009369661114990258,"GARCH(1,1)",22,test
2021-04-19,TLT,-3.750701465962101,0.023501254742439404,-4.74811867277474,0.008667987193327972,"GARCH(1,1)",22,test
2021-04-20,GLD,-3.641788663965487,0.02620542931380851,-4.638834787066137,0.009668957460502246,"GARCH(1,1)",22,test
2021-04-20,SPY,-3.5046957902654725,0.030055915255574293,-4.690422626082897,0.009182804443373976,"GARCH(1,1)",22,test
2021-04-20,TLT,-3.7601311715122305,0.023280686411762504,-4.75215487748114,0.008633071932593307,"GARCH(1,1)",22,test
2021-04-21,GLD,-3.621342977411233,0.026746732104749104,-4.6570336235020715,0.009494585184055644,"GARCH(1,1)",22,test
2021-04-21,SPY,-3.5001793778626977,0.030191967166013904,-4.6908702318826965,0.009178695086601274,"GARCH(1,1)",22,test
2021-04-21,TLT,-3.7658293769397897,0.023148405517872304,-4.769696486878919,0.008482954457250306,"GARCH(1,1)",22,test
2021-04-22,GLD,-3.629426255298519,0.026531402294375405,-4.6732610041789,0.009341756295840066,"GARCH(1,1)",22,test
2021-04-22,SPY,-3.523234682948176,0.029503845064864885,-4.672308045891872,0.009350662843027536,"GARCH(1,1)",22,test
2021-04-22,TLT,-3.786319957735575,0.022678907811636204,-4.782625259538378,0.00837398619837654,"GARCH(1,1)",22,test
2021-04-23,GLD,-3.646612584122416,0.026079320828300695,-4.667425917019204,0.009396425603021046,"GARCH(1,1)",22,test
2021-04-23,SPY,-3.543835267889945,0.028902266310499292,-4.654062885287324,0.009522833048826153,"GARCH(1,1)",22,test
2021-04-23,TLT,-3.802358343297232,0.02231807605811931,-4.799028597603498,0.008237745329171358,"GARCH(1,1)",22,test
2021-04-26,GLD,-3.6314374853421354,0.026478095165400495,-4.675488672191892,0.00932096912620746,"GARCH(1,1)",22,test
2021-04-26,SPY,-3.541425759941611,0.028971990517681696,-4.627750483849711,0.009776727290118553,"GARCH(1,1)",22,test
2021-04-26,TLT,-3.787375020818629,0.02265499275140719,-4.809884614549893,0.008148799896380194,"GARCH(1,1)",22,test
2021-04-27,GLD,-3.6280057273906783,0.026569117673300717,-4.690197002522978,0.009184876534149995,"GARCH(1,1)",22,test
2021-04-27,SPY,-3.5429540035955873,0.028927748072258997,-4.608210007297287,0.00996964794269571,"GARCH(1,1)",22,test
2021-04-27,TLT,-3.7998592765612114,0.022373920169625104,-4.82326722476912,0.008040474140998172,"GARCH(1,1)",22,test
2021-04-28,GLD,-3.63388731548596,0.026413307721232793,-4.7063374370766535,0.00903781861744248,"GARCH(1,1)",22,test
2021-04-28,SPY,-3.5478979143456497,0.0287850848153783,-4.643631806358892,0.009622686355445404,"GARCH(1,1)",22,test
2021-04-28,TLT,-3.798784234697208,0.0223979860040413,-4.836489589444227,0.007934859833902913,"GARCH(1,1)",22,test
2021-04-29,GLD,-3.647210275880103,0.02606373809049641,-4.721794237669549,0.00889919694094573,"GARCH(1,1)",22,test
2021-04-29,SPY,-3.5697846446476813,0.028161917847041203,-4.672439992927141,0.009349429132181628,"GARCH(1,1)",22,test
2021-04-29,TLT,-3.799478296639638,0.022382445807922,-4.825973779706762,0.008018741579463452,"GARCH(1,1)",22,test
2021-04-30,GLD,-3.6486079495828583,0.026027334934964518,-4.73594177819763,0.008774181606486653,"GARCH(1,1)",22,test
2021-04-30,SPY,-3.571676547748558,0.028108688595509704,-4.695219983114213,0.00913885675257872,"GARCH(1,1)",22,test
2021-04-30,TLT,-3.808144078923502,0.0221893223968486,-4.839535711462585,0.007910726058523714,"GARCH(1,1)",22,test
2021-05-03,GLD,-3.6482706818466464,0.026036114595762598,-4.746768847988715,0.00867969535749385,"GARCH(1,1)",22,test
2021-05-03,SPY,-3.5546309678276167,0.028591924309569305,-4.69567077117903,0.009134737993442067,"GARCH(1,1)",22,test
2021-05-03,TLT,-3.852270557220534,0.021231474390760598,-4.849143895978623,0.007835082324309479,"GARCH(1,1)",22,test
2021-05-04,GLD,-3.76228190563428,0.02323066965076929,-4.758696124064029,0.008576785173797955,"GARCH(1,1)",22,test
2021-05-04,SPY,-3.5738669312091496,0.028047187169353702,-4.682682549321056,0.009254155831049262,"GARCH(1,1)",22,test
2021-05-04,TLT,-3.868553146370448,0.020888570275560594,-4.859089139986399,0.007757546713131941,"GARCH(1,1)",22,test
2021-05-05,GLD,-3.7509329798125166,0.023495814506233705,-4.725444591076614,0.008866770946248888,"GARCH(1,1)",22,test
2021-05-05,SPY,-3.577100002182935,0.027956655049863104,-4.703088859543724,0.009067226412839174,"GARCH(1,1)",22,test
2021-05-05,TLT,-3.880114780510019,0.02064845500549351,-4.869344616220524,0.007678395935361476,"GARCH(1,1)",22,test
2021-05-06,GLD,-3.765862242603667,0.023147644742659013,-4.726437663320594,0.008857969972852929,"GARCH(1,1)",22,test
2021-05-06,SPY,-3.605334722213805,0.027178346094194405,-4.691652638764067,0.009171516421088372,"GARCH(1,1)",22,test
2021-05-06,TLT,-3.8943179722279258,0.020357253928069686,-4.864742296982239,0.0077138158089567746,"GARCH(1,1)",22,test
2021-05-07,GLD,-3.7908144164084954,0.022577207113719196,-4.737973140426624,0.00875637615616328,"GARCH(1,1)",22,test
2021-05-07,SPY,-3.6207510168100416,0.02676256980355011,-4.711260351147902,0.008993435549647343,"GARCH(1,1)",22,test
2021-05-07,TLT,-3.942473874005118,0.019400161775484603,-4.874006659059057,0.007642682238656936,"GARCH(1,1)",22,test
2021-05-10,GLD,-3.7880447422743138,0.022639825296235185,-4.679772699215005,0.009281123253926542,"GARCH(1,1)",22,test
2021-05-10,SPY,-3.619166682776437,0.026805004260017102,-4.696183840730565,0.009130052439626665,"GARCH(1,1)",22,test
2021-05-10,TLT,-3.950318710280204,0.01924856608179509,-4.882373385947966,0.007579004761161723,"GARCH(1,1)",22,test
2021-05-11,GLD,-3.801783346856093,0.022330912562544304,-4.677743071453699,0.00929997960855617,"GARCH(1,1)",22,test
2021-05-11,SPY,-3.6702043428632063,0.025471264543729305,-4.690507213566401,0.009182027725905354,"GARCH(1,1)",22,test
2021-05-11,TLT,-3.956974987661091,0.0191208677559926,-4.882447076749825,0.0075784462788013405,"GARCH(1,1)",22,test
2021-05-12,GLD,-3.783910846211842,0.022733609694802804,-4.693994197033497,0.009150065904587416,"GARCH(1,1)",22,test
2021-05-12,SPY,-3.782015182902004,0.022776745837485304,-4.645977971412234,0.009600136408291802,"GARCH(1,1)",22,test
2021-05-12,TLT,-3.9813365008067696,0.0186606826467166,-4.8571410799451025,0.007772673609169345,"GARCH(1,1)",22,test
2021-05-13,GLD,-3.761295918246823,0.0232535860938525,-4.711842913323044,0.008988197840065418,"GARCH(1,1)",22,test
2021-05-13,SPY,-3.835321058394334,0.021594404292328704,-4.6246257403814734,0.00980732483470163,"GARCH(1,1)",22,test
2021-05-13,TLT,-3.990509820974058,0.018490284981337403,-4.857701164131052,0.007768321476492412,"GARCH(1,1)",22,test
2021-05-14,GLD,-3.6852801315399097,0.025090145197853294,-4.701575150425855,0.009080961949314773,"GARCH(1,1)",22,test
2021-05-14,SPY,-3.807559843820988,0.022202289965579405,-4.438557431490868,0.011812967248796878,"GARCH(1,1)",22,test
2021-05-14,TLT,-3.940700835342477,0.019434589524219704,-4.833648491419304,0.007957435603306329,"GARCH(1,1)",22,test
2021-05-17,GLD,-3.6523736326706047,0.025929508547169,-4.714607680441312,0.008963381887197593,"GARCH(1,1)",22,test
2021-05-17,SPY,-3.7957710264351263,0.022465577583133903,-4.454621149260408,0.01162472307543502,"GARCH(1,1)",22,test
2021-05-17,TLT,-3.704932460526004,0.024601878909488704,-4.84626627813786,0.007857661168050851,"GARCH(1,1)",22,test
2021-05-18,GLD,-3.6286556207639458,0.026551856189460803,-4.709196532819404,0.009012015533031114,"GARCH(1,1)",22,test
2021-05-18,SPY,-3.798105838865664,0.022413185859557785,-4.435829814278862,0.011845232485192468,"GARCH(1,1)",22,test
2021-05-18,TLT,-3.671192269351416,0.025446113232667204,-4.832055091215768,0.007970125089846675,"GARCH(1,1)",22,test
2021-05-19,GLD,-3.6965628142725353,0.024808652035036002,-4.69080841423644,0.009179262509465422,"GARCH(1,1)",22,test
2021-05-19,SPY,-3.8220448467962576,0.021883007714057705,-4.495895291521031,0.011154689444400104,"GARCH(1,1)",22,test
2021-05-19,TLT,-3.704931989181213,0.024601890505458905,-4.844056365319304,0.007875045115619431,"GARCH(1,1)",22,test
2021-05-20,GLD,-3.7043894323195374,0.024615242051621803,-4.7078888121642,0.009023808441122803,"GARCH(1,1)",22,test
2021-05-20,SPY,-3.8350616110990616,0.0216000076289692,-4.513169538138338,0.010963655323607267,"GARCH(1,1)",22,test
2021-05-20,TLT,-3.7005175244324033,0.024710734751634805,-4.854289598109214,0.0077948688764438705,"GARCH(1,1)",22,test
2021-05-21,GLD,-3.6858289236009063,0.025076379702902118,-4.725036447181267,0.008870390603302252,"GARCH(1,1)",22,test
2021-05-21,SPY,-3.86416553968444,0.0209804224644473,-4.560427923347334,0.010457582941904799,"GARCH(1,1)",22,test
2021-05-21,TLT,-3.697329571546377,0.024789637111480998,-4.863806006188718,0.007721041565858584,"GARCH(1,1)",22,test
2021-05-24,GLD,-3.680987151739545,0.025198088217197198,-4.735764963185371,0.00877573315067908,"GARCH(1,1)",22,test
2021-05-24,SPY,-3.887709676954834,0.0204922261499424,-4.558851762217617,0.010474078774278495,"GARCH(1,1)",22,test
2021-05-24,TLT,-3.700570575243829,0.024709423861877498,-4.853260161643666,0.00780289733039207,"GARCH(1,1)",22,test
2021-05-25,GLD,-3.6817311077051422,0.025179348920616414,-4.751692657190784,0.008637063235968299,"GARCH(1,1)",22,test
2021-05-25,SPY,-3.902354035925915,0.02019431730019461,-4.602301332632626,0.010028729724533402,"GARCH(1,1)",22,test
2021-05-25,TLT,-3.649462951047336,0.026005091036116784,-4.861781698781019,0.007736687157896697,"GARCH(1,1)",22,test
2021-05-26,GLD,-3.7036319709854784,0.0246338942089566,-4.766049016439597,0.00851395228032657,"GARCH(1,1)",22,test
2021-05-26,SPY,-3.904024997587764,0.020160601546909185,-4.595399691197216,0.010098183819083147,"GARCH(1,1)",22,test
2021-05-26,TLT,-3.6537002906099874,0.025895131766946803,-4.868416827401214,0.007685523171034071,"GARCH(1,1)",22,test
2021-05-27,GLD,-3.694360143608768,0.024863357552081796,-4.756399532113034,0.008596505185335905,"GARCH(1,1)",22,test
2021-05-27,SPY,-3.905594770834133,0.0201289788007343,-4.628819698645164,0.009766279455134072,"GARCH(1,1)",22,test
2021-05-27,TLT,-3.659723771047097,0.025739621773222997,-4.851785779137668,0.007814410270865543,"GARCH(1,1)",22,test
2021-05-28,GLD,-3.669091755225671,0.025499619328439593,-4.770427136752777,0.00847675865140419,"GARCH(1,1)",22,test
2021-05-28,SPY,-3.903962951437365,0.020161852473432093,-4.659614695473776,0.009470110575304799,"GARCH(1,1)",22,test
2021-05-28,TLT,-3.6642671690969655,0.025622941688602293,-4.862679617526194,0.007729743359422021,"GARCH(1,1)",22,test
2021-06-01,GLD,-3.6712805453204425,0.025443867051507,-4.784740064648644,0.008356295562288018,"GARCH(1,1)",22,test
2021-06-01,SPY,-3.920163428089808,0.019837852417107404,-4.684796699875151,0.009234611819142712,"GARCH(1,1)",22,test
2021-06-01,TLT,-3.671770466246327,0.025431404621654902,-4.868117702729487,0.007687822444497224,"GARCH(1,1)",22,test
2021-06-02,GLD,-3.6537530060305823,0.025893766730163907,-4.794034478946458,0.008278988507754298,"GARCH(1,1)",22,test
2021-06-02,SPY,-3.901500251954997,0.020211566246998502,-4.7039550161479715,0.009059376175057927,"GARCH(1,1)",22,test
2021-06-02,TLT,-3.669588302246698,0.025486960711484104,-4.877721712554773,0.007614341940746145,"GARCH(1,1)",22,test
2021-06-03,GLD,-3.623368195040958,0.026692618965290495,-4.804719185609738,0.008191000842353755,"GARCH(1,1)",22,test
2021-06-03,SPY,-3.896767849466528,0.020307442196258598,-4.717674093751192,0.008935938551485985,"GARCH(1,1)",22,test
2021-06-03,TLT,-3.6600577790242617,0.0257310259698349,-4.886385431869031,0.007548658362302777,"GARCH(1,1)",22,test
2021-06-04,GLD,-3.618135875701423,0.02683264929395451,-4.809716370197311,0.008150171001280175,"GARCH(1,1)",22,test
2021-06-04,SPY,-3.912424565331969,0.019991970414211288,-4.729444239298793,0.00883137780882937,"GARCH(1,1)",22,test
2021-06-04,TLT,-3.6408206010007462,0.026230810102521002,-4.893591097052224,0.007494460756962664,"GARCH(1,1)",22,test
2021-06-07,GLD,-3.5959313788069536,0.027435118784595702,-4.705569206349634,0.0090447644150556,"GARCH(1,1)",22,test
2021-06-07,SPY,-3.874276786704841,0.020769353115739103,-4.726538247296903,0.008857079047818177,"GARCH(1,1)",22,test
2021-06-07,TLT,-3.61835569883645,0.026826751505124605,-4.896759408562227,0.007470753546430581,"GARCH(1,1)",22,test
2021-06-08,GLD,-3.600940509310788,0.02729803631284321,-4.692467091774981,0.009164049692986903,"GARCH(1,1)",22,test
2021-06-08,SPY,-3.840902530181294,0.021474211472460095,-4.695882205569823,0.009132806799846935,"GARCH(1,1)",22,test
2021-06-08,TLT,-3.6187318626023934,0.026816662150994094,-4.844023083949378,0.00787530721227055,"GARCH(1,1)",22,test
2021-06-09,GLD,-3.5844833061194197,0.0277510026997151,-4.706394739505792,0.009037300743319451,"GARCH(1,1)",22,test
2021-06-09,SPY,-3.835686492972638,0.021586514392011404,-4.711689239777922,0.00898957919442785,"GARCH(1,1)",22,test
2021-06-09,TLT,-3.6215667706875423,0.026740747035674906,-4.853778226871729,0.007798855967542225,"GARCH(1,1)",22,test
2021-06-10,GLD,-3.5853522934535595,0.027726897904756995,-4.7211080789363375,0.008905305298056958,"GARCH(1,1)",22,test
2021-06-10,SPY,-3.846154549644635,0.0213617241472256,-4.725607718398615,0.008865324651617918,"GARCH(1,1)",22,test
2021-06-10,TLT,-3.5511190159347747,0.028692514302488203,-4.850426273235244,0.007825041232542925,"GARCH(1,1)",22,test
2021-06-11,GLD,-3.5887071274382683,0.0276340346229198,-4.736769083288771,0.008766925683217993,"GARCH(1,1)",22,test
2021-06-11,SPY,-3.8311884128111497,0.021683830968954286,-4.733307368245222,0.008797326871507383,"GARCH(1,1)",22,test
2021-06-11,TLT,-3.546481551173289,0.0288258838357185,-4.838782479850406,0.007916686912136147,"GARCH(1,1)",22,test
2021-06-14,GLD,-3.607032729559553,0.0271322362214113,-4.747615546797937,0.008672349380124254,"GARCH(1,1)",22,test
2021-06-14,SPY,-3.822647976477555,0.021869813401929897,-4.733201285002813,0.008798260169969234,"GARCH(1,1)",22,test
2021-06-14,TLT,-3.5249634212361665,0.029452884699517103,-4.841295136478425,0.00789681996615357,"GARCH(1,1)",22,test
2021-06-15,GLD,-3.6116441845631497,0.027007405182505096,-4.726143901593517,0.008860572487651456,"GARCH(1,1)",22,test
2021-06-15,SPY,-3.805018657902151,0.02225878186000891,-4.7420567753024905,0.00872069122481124,"GARCH(1,1)",22,test
2021-06-15,TLT,-3.5236724464748623,0.029490932184198793,-4.853552793398813,0.007800614288912557,"GARCH(1,1)",22,test
2021-06-16,GLD,-3.668589218602575,0.025512437041442498,-4.732759970159503,0.00880214382967285,"GARCH(1,1)",22,test
2021-06-16,SPY,-3.6452044301329174,0.026116070396421408,-4.747978831742307,0.008669199418363627,"GARCH(1,1)",22,test
2021-06-16,TLT,-3.5324431992163285,0.0292334055121531,-4.8462976482699505,0.007857414676048353,"GARCH(1,1)",22,test
2021-06-17,GLD,-3.685878013018676,0.0250751487482364,-4.74478663597563,0.008696917417149138,"GARCH(1,1)",22,test
2021-06-17,SPY,-3.604758429112501,0.027194013301571493,-4.749424371819321,0.008656676796325355,"GARCH(1,1)",22,test
2021-06-17,TLT,-3.632461408286685,0.026450997511554903,-4.858521761017262,0.007761949430875689,"GARCH(1,1)",22,test
2021-06-18,GLD,-3.711255147792276,0.024446819635189493,-4.680974320940411,0.009269977552388108,"GARCH(1,1)",22,test
2021-06-18,SPY,-3.5990203346554237,0.027350503667433697,-4.729118339313207,0.008834256423774783,"GARCH(1,1)",22,test
2021-06-18,TLT,-3.6129656744450687,0.026971738741430495,-4.869930485557568,0.007673898716145327,"GARCH(1,1)",22,test
2021-06-21,GLD,-3.7168649158523768,0.0243100625935106,-4.48819706296439,0.01124089217165281,"GARCH(1,1)",22,test
2021-06-21,SPY,-3.6187817700654055,0.026815323832816,-4.739190205434443,0.008745725559697135,"GARCH(1,1)",22,test
2021-06-21,TLT,-3.609107491351219,0.02707600165121791,-4.812717626401962,0.008125746919790072,"GARCH(1,1)",22,test
2021-06-22,GLD,-3.716530337305663,0.0243181975797437,-4.508613335082674,0.01101372193370391,"GARCH(1,1)",22,test
2021-06-22,SPY,-3.627040650217164,0.026594771299160904,-4.5809277131103165,0.010245387106247108,"GARCH(1,1)",22,test
2021-06-22,TLT,-3.6164884672491704,0.026876890058496805,-4.734672508840632,0.00878532547712316,"GARCH(1,1)",22,test
2021-06-23,GLD,-3.768306715668011,0.023091130051044996,-4.505872528471773,0.01104394982106448,"GARCH(1,1)",22,test
2021-06-23,SPY,-3.629599728014402,0.026526800219142,-4.538720130419947,0.01068707586748994,"GARCH(1,1)",22,test
2021-06-23,TLT,-3.615550760236148,0.026902104526837205,-4.686812314591487,0.0092160171458044,"GARCH(1,1)",22,test
2021-06-24,GLD,-3.766603657260575,0.0231304891000822,-4.527796470761336,0.010804457799924772,"GARCH(1,1)",22,test
2021-06-24,SPY,-3.604143825757821,0.027210731970522595,-4.577866117237645,0.01027680240706425,"GARCH(1,1)",22,test
2021-06-24,TLT,-3.614468582558928,0.026931233142152296,-4.710626868423253,0.00899913454061887,"GARCH(1,1)",22,test
2021-06-25,GLD,-3.751183249517853,0.0234899349514285,-4.552138864750491,0.010544626716780171,"GARCH(1,1)",22,test
2021-06-25,SPY,-3.5932456043637258,0.027508902364147998,-4.617368013267452,0.009878762646562927,"GARCH(1,1)",22,test
2021-06-25,TLT,-3.646114582524463,0.0260923116061923,-4.732112654130654,0.008807843442988534,"GARCH(1,1)",22,test
2021-06-28,GLD,-3.7474707260241584,0.023577303966211702,-4.5754898011772775,0.010301252376595514,"GARCH(1,1)",22,test
2021-06-28,SPY,-3.5929127467568005,0.027518060435640396,-4.637760360832491,0.009679351624931373,"GARCH(1,1)",22,test
2021-06-28,TLT,-3.652142639817983,0.0259354987701381,-4.753042921747627,0.008625408785671852,"GARCH(1,1)",22,test
2021-06-29,GLD,-3.7406538529318216,0.023738576517943803,-4.5956470512254555,0.010095686240961728,"GARCH(1,1)",22,test
2021-06-29,SPY,-3.588070279964411,0.0276516388930844,-4.663373982929197,0.009434576540591034,"GARCH(1,1)",22,test
2021-06-29,TLT,-3.650015820473449,0.0259907175900452,-4.744654319526106,0.0086980682385182,"GARCH(1,1)",22,test
2021-06-30,GLD,-3.7609608549177502,0.02326137882327801,-4.617295186357564,0.009879482112517912,"GARCH(1,1)",22,test
2021-06-30,SPY,-3.5781840690287967,0.027926364588411304,-4.686817453114859,0.009215969789206569,"GARCH(1,1)",22,test
2021-06-30,TLT,-3.614258210542285,0.026936899315960397,-4.739290818336421,0.008744845671133478,"GARCH(1,1)",22,test
2021-07-01,GLD,-3.78464237308886,0.022716985529552605,-4.612803721295423,0.009923955261291296,"GARCH(1,1)",22,test
2021-07-01,SPY,-3.546291524199965,0.028831362051665102,-4.705910119257004,0.00904168146366121,"GARCH(1,1)",22,test
2021-07-01,TLT,-3.613227491768108,0.026964677997348384,-4.759523726246719,0.008569689944086425,"GARCH(1,1)",22,test
2021-07-02,GLD,-3.757902452652553,0.0233326303793835,-4.628444141045329,0.009769947944426958,"GARCH(1,1)",22,test
2021-07-02,SPY,-3.5536485870560006,0.028620026267385995,-4.7206823600164745,0.008909097262107648,"GARCH(1,1)",22,test
2021-07-02,TLT,-3.557846611869216,0.02850013052569091,-4.773793223795754,0.008448273113238099,"GARCH(1,1)",22,test
2021-07-06,GLD,-3.792997654134133,0.02252796947170549,-4.646005606509713,0.009599871111252111,"GARCH(1,1)",22,test
2021-07-06,SPY,-3.5761893635603017,0.0279821250549362,-4.71891365491161,0.008924868771377825,"GARCH(1,1)",22,test
2021-07-06,TLT,-3.5602698773541532,0.028431150754975897,-4.791352835912207,0.008301219594213476,"GARCH(1,1)",22,test
2021-07-07,GLD,-3.797428515524365,0.022428371975868285,-4.6553748074306345,0.00951034802476282,"GARCH(1,1)",22,test
2021-07-07,SPY,-3.5916353283434383,0.027553234974259405,-4.703839909436965,0.009060419030071862,"GARCH(1,1)",22,test
2021-07-07,TLT,-3.570409805380311,0.028144317623905103,-4.798261922283635,0.008244063426861856,"GARCH(1,1)",22,test
2021-07-08,GLD,-3.791827374294421,0.02255434893287299,-4.668604451616722,0.00938535811334564,"GARCH(1,1)",22,test
2021-07-08,SPY,-3.6138377721464856,0.0269482270038272,-4.715420793125409,0.008956096609969759,"GARCH(1,1)",22,test
2021-07-08,TLT,-3.5762173435539615,0.0279813421262078,-4.77800503859364,0.00841276538001173,"GARCH(1,1)",22,test
2021-07-09,GLD,-3.769847994494447,0.0230555675940898,-4.6836372250256835,0.009245325329114032,"GARCH(1,1)",22,test
2021-07-09,SPY,-3.646234998358324,0.026089169867894196,-4.7239238918464,0.008880264895520037,"GARCH(1,1)",22,test
2021-07-09,TLT,-3.5732067206653086,0.0280657103319688,-4.775471587278208,0.008434105732487969,"GARCH(1,1)",22,test
2021-07-12,GLD,-3.7777972454673137,0.022873019622059797,-4.701477351474441,0.009081850101300701,"GARCH(1,1)",22,test
2021-07-12,SPY,-3.6501620102431023,0.025986918290743698,-4.688597819481315,0.009199576583845454,"GARCH(1,1)",22,test
2021-07-12,TLT,-3.5498014938470748,0.028730342237931604,-4.78950329038999,0.008316587284983877,"GARCH(1,1)",22,test
2021-07-13,GLD,-3.770065889120431,0.0230505444570892,-4.715759106386486,0.00895306715620021,"GARCH(1,1)",22,test
2021-07-13,SPY,-3.652482747919183,0.025926679396752896,-4.6546265099965645,0.00951746725710631,"GARCH(1,1)",22,test
2021-07-13,TLT,-3.625872296954132,0.026625861545646688,-4.752624706024318,0.00862901682166209,"GARCH(1,1)",22,test
2021-07-14,GLD,-3.761848644884283,0.0232407367688112,-4.731839602818262,0.008810248764573153,"GARCH(1,1)",22,test
2021-07-14,SPY,-3.6670995583180175,0.025550470226895095,-4.677030005989904,0.009306613467735881,"GARCH(1,1)",22,test
2021-07-14,TLT,-3.6241972396319833,0.0266704987645004,-4.771907951168656,0.008464215434373635,"GARCH(1,1)",22,test
2021-07-15,GLD,-3.768572796938433,0.0230849867511703,-4.747137941476539,0.008676492329605835,"GARCH(1,1)",22,test
2021-07-15,SPY,-3.657331883072606,0.025801261753586692,-4.688881132262645,0.009196970595388782,"GARCH(1,1)",22,test
2021-07-15,TLT,-3.6383505654712742,0.026295681219440915,-4.774101435144226,0.008445669660817005,"GARCH(1,1)",22,test
2021-07-16,GLD,-3.7728674998917504,0.022986056181158496,-4.7299729924880864,0.008826709423967554,"GARCH(1,1)",22,test
2021-07-16,SPY,-3.6443760595192134,0.026137713144553903,-4.707843673073291,0.00902421577682569,"GARCH(1,1)",22,test
2021-07-16,TLT,-3.635487392347309,0.026371078192971704,-4.7593044889353315,0.008571568945835314,"GARCH(1,1)",22,test
2021-07-19,GLD,-3.763690373207368,0.023197973037330198,-4.745807050955451,0.00868804747861714,"GARCH(1,1)",22,test
2021-07-19,SPY,-3.803698874628111,0.022288178022022806,-4.7124607969469325,0.008982645895216305,"GARCH(1,1)",22,test
2021-07-19,TLT,-3.648547348630487,0.026028912264042605,-4.74832969765393,0.008666158225363336,"GARCH(1,1)",22,test
2021-07-20,GLD,-3.789436486559806,0.022608338364715503,-4.733708041111897,0.008793802727392306,"GARCH(1,1)",22,test
2021-07-20,SPY,-3.8638530345840993,0.0209869799780496,-4.683823800238106,0.009243600541483148,"GARCH(1,1)",22,test
2021-07-20,TLT,-3.70567512224056,0.024583614818776398,-4.7674254104418265,0.008502241788446807,"GARCH(1,1)",22,test
2021-07-21,GLD,-3.789141513694749,0.022615008194718195,-4.749004772817715,0.00866030989143456,"GARCH(1,1)",22,test
2021-07-21,SPY,-3.869194150329293,0.020875184909813892,-4.579562876361358,0.010259379933867573,"GARCH(1,1)",22,test
2021-07-21,TLT,-3.7634690175002894,0.023203108609427796,-4.673963974217812,0.009335191628705766,"GARCH(1,1)",22,test
2021-07-22,GLD,-3.7908817350383934,0.0225756872982259,-4.763411723827578,0.008536435698419173,"GARCH(1,1)",22,test
2021-07-22,SPY,-3.826005179024196,0.021796515116122506,-4.538847856219681,0.010685710939348081,"GARCH(1,1)",22,test
2021-07-22,TLT,-3.791095748626101,0.022570856311359095,-4.678192381219419,0.009295801975493002,"GARCH(1,1)",22,test
2021-07-23,GLD,-3.7981940408411927,0.0224112090594672,-4.773378302464782,0.008451779209289375,"GARCH(1,1)",22,test
2021-07-23,SPY,-3.844389705868154,0.021399457540119602,-4.563761670801024,0.010422778048996785,"GARCH(1,1)",22,test
2021-07-23,TLT,-3.7891576348461657,0.022614643617685504,-4.6669353037451256,0.00940103674520207,"GARCH(1,1)",22,test
2021-07-26,GLD,-3.784106869378726,0.022729153817377598,-4.78593637546607,0.00834630481272566,"GARCH(1,1)",22,test
2021-07-26,SPY,-3.8402700258415217,0.021487798300820597,-4.607086911932478,0.009980851098017251,"GARCH(1,1)",22,test
2021-07-26,TLT,-3.758239414304305,0.023324769502192595,-4.673912894986259,0.009335668475298934,"GARCH(1,1)",22,test
2021-07-27,GLD,-3.769580251342613,0.023061741390883798,-4.795822602125417,0.008264197884174618,"GARCH(1,1)",22,test
2021-07-27,SPY,-3.875608449416779,0.020741713749884705,-4.599614637219786,0.010055710094469553,"GARCH(1,1)",22,test
2021-07-27,TLT,-3.74709746633805,0.023586106065921705,-4.689058679498281,0.009195337843632913,"GARCH(1,1)",22,test
2021-07-28,GLD,-3.709689987697027,0.0244851127813731,-4.806488603557779,0.008176520353247542,"GARCH(1,1)",22,test
2021-07-28,SPY,-3.885683221969756,0.0205337948280816,-4.635549723660814,0.009700772827961383,"GARCH(1,1)",22,test
2021-07-28,TLT,-3.7570124729881,0.023353405189147212,-4.711386336837439,0.008992302576838994,"GARCH(1,1)",22,test
2021-07-29,GLD,-3.710456911907208,0.02446634175448958,-4.817544949119166,0.008086615842249109,"GARCH(1,1)",22,test
2021-07-29,SPY,-3.883537526764773,0.020577901395887596,-4.650736253438348,0.009554564759134741,"GARCH(1,1)",22,test
2021-07-29,TLT,-3.7592510815656066,0.023301184528594195,-4.708095621795393,0.00902194242358899,"GARCH(1,1)",22,test
2021-07-30,GLD,-3.721378304151703,0.02420058907553011,-4.820495357952212,0.008062792181490162,"GARCH(1,1)",22,test
2021-07-30,SPY,-3.892426135848006,0.020395802974392797,-4.676916181640681,0.009307672847247768,"GARCH(1,1)",22,test
2021-07-30,TLT,-3.725985001412089,0.0240893606826068,-4.731240989073113,0.008815524279422124,"GARCH(1,1)",22,test
2021-08-02,GLD,-3.7301447682400544,0.023989362687498097,-4.792281881765875,0.008293510961959955,"GARCH(1,1)",22,test
2021-08-02,SPY,-3.911880626272444,0.0200028477858419,-4.692039111130246,0.009167972568280365,"GARCH(1,1)",22,test
2021-08-02,TLT,-3.7727899332362367,0.022987839201810502,-4.744658681892896,0.008698030294436939,"GARCH(1,1)",22,test
2021-08-03,GLD,-3.7266887420996504,0.0240724139830975,-4.7851322554241085,0.008353018942823398,"GARCH(1,1)",22,test
2021-08-03,SPY,-3.97001692110336,0.01887311377854059,-4.692152361464635,0.009166934351111664,"GARCH(1,1)",22,test
2021-08-03,TLT,-3.7753366105075328,0.022929371075523095,-4.759640118807558,0.008568692553973764,"GARCH(1,1)",22,test
2021-08-04,GLD,-3.752238024386626,0.023465171420643485,-4.7978793366335735,0.008247218090653242,"GARCH(1,1)",22,test
2021-08-04,SPY,-3.9773676635913864,0.018734891021540405,-4.705449318000725,0.009045848841931365,"GARCH(1,1)",22,test
2021-08-04,TLT,-3.8651981542803497,0.0209587689557708,-4.763958702436464,0.00853176772745252,"GARCH(1,1)",22,test
2021-08-05,GLD,-3.7421212125167935,0.023703769033949704,-4.8103016135183125,0.008145402563620903,"GARCH(1,1)",22,test
2021-08-05,SPY,-3.97414285817516,0.0187954049199105,-4.690493882127788,0.009182150136360282,"GARCH(1,1)",22,test
2021-08-05,TLT,-3.8649475404026177,0.02096402217236829,-4.78270085274491,0.008373353205833616,"GARCH(1,1)",22,test
2021-08-06,GLD,-3.731415996889872,0.02395888609782009,-4.82223904597645,0.008048745437450093,"GARCH(1,1)",22,test
2021-08-06,SPY,-3.951381892454568,0.019228112224469792,-4.690748233441343,0.00917981494140438,"GARCH(1,1)",22,test
2021-08-06,TLT,-3.873616230143486,0.020783076980410205,-4.79886113711403,0.008239124941548354,"GARCH(1,1)",22,test
2021-08-09,GLD,-3.7461653352370967,0.0236081016587316,-4.828120689331641,0.008001544532844952,"GARCH(1,1)",22,test
2021-08-09,SPY,-3.9181834038764953,0.019877170758021305,-4.692250400610151,0.009166035676754235,"GARCH(1,1)",22,test
2021-08-09,TLT,-3.844430527072516,0.0213985840063196,-4.807034401234619,0.008172058845085256,"GARCH(1,1)",22,test
2021-08-10,GLD,-3.7711717001301905,0.023025068999364396,-4.658490897163238,0.009480759051819205,"GARCH(1,1)",22,test
2021-08-10,SPY,-3.8833777161147727,0.020581190226473395,-4.710159804849798,0.009003338690281564,"GARCH(1,1)",22,test
2021-08-10,TLT,-3.8333631530206502,0.021636725509483905,-4.7459862610593335,0.008686490632231425,"GARCH(1,1)",22,test
2021-08-11,GLD,-3.79074253942841,0.022578829953507,-4.602669816004,0.010025034985160724,"GARCH(1,1)",22,test
2021-08-11,SPY,-3.832039133653269,0.021665391926362996,-4.722894370212802,0.008889412028119577,"GARCH(1,1)",22,test
2021-08-11,TLT,-3.88790936362769,0.020488134534017294,-4.762694232196175,0.008542562717374365,"GARCH(1,1)",22,test
2021-08-12,GLD,-3.7700856424271953,0.023050089137110503,-4.62450126660395,0.009808545665450336,"GARCH(1,1)",22,test
2021-08-12,SPY,-3.8082490566517313,0.022186993134454904,-4.734063354106948,0.008790678730038642,"GARCH(1,1)",22,test
2021-08-12,TLT,-3.8519765625463873,0.021237717248794304,-4.775699404327132,0.008432184518260664,"GARCH(1,1)",22,test
2021-08-13,GLD,-3.774853178910751,0.022940458537794202,-4.602856250638692,0.01002316614563911,"GARCH(1,1)",22,test
2021-08-13,SPY,-3.769374662088345,0.023066483124506505,-4.740983345531037,0.008730057300412465,"GARCH(1,1)",22,test
2021-08-13,TLT,-3.836831511887131,0.021561811570032705,-4.793351085838069,0.008284648245137428,"GARCH(1,1)",22,test
2021-08-16,GLD,-3.758617230682939,0.0233159586867868,-4.624486017706455,0.009808695236098152,"GARCH(1,1)",22,test
2021-08-16,SPY,-3.756898995626686,0.023356055422315995,-4.745081943449528,0.008694349531612536,"GARCH(1,1)",22,test
2021-08-16,TLT,-3.8501269466976504,0.021277035217568605,-4.808787450905072,0.008157745369802178,"GARCH(1,1)",22,test
2021-08-17,GLD,-3.7655053512951127,0.023155907410230596,-4.5998579981189724,0.01005326322556719,"GARCH(1,1)",22,test
2021-08-17,SPY,-3.774796461850355,0.022941759690065015,-4.750521687013727,0.00864718290319292,"GARCH(1,1)",22,test
2021-08-17,TLT,-3.855210994046103,0.0211691362771588,-4.7586762347884,0.008576955761538716,"GARCH(1,1)",22,test
2021-08-18,GLD,-3.7718952705458944,0.0230084147665986,-4.616029564158643,0.009891993720207493,"GARCH(1,1)",22,test
2021-08-18,SPY,-3.686439275598163,0.025061078954362697,-4.75381977513719,0.00861871070966872,"GARCH(1,1)",22,test
2021-08-18,TLT,-3.845471899983798,0.021376311699496903,-4.776431487984723,0.00842601371282556,"GARCH(1,1)",22,test
2021-08-19,GLD,-3.7668614011092534,0.023124528127034805,-4.636364432602358,0.009692872740171613,"GARCH(1,1)",22,test
2021-08-19,SPY,-3.682435492524977,0.0251616192144644,-4.724965794789638,0.00887101733975302,"GARCH(1,1)",22,test
2021-08-19,TLT,-3.842037571180507,0.021449851189588302,-4.794082306797713,0.008278592550992368,"GARCH(1,1)",22,test
2021-08-20,GLD,-3.7073802378014222,0.024541732631738505,-4.65615912790921,0.009502891788470257,"GARCH(1,1)",22,test
2021-08-20,SPY,-3.6264070561555575,0.026611626927574995,-4.657505853677698,0.009490102612912658,"GARCH(1,1)",22,test
2021-08-20,TLT,-3.8289181056324177,0.021733115850806985,-4.807386634208837,0.008169180883379028,"GARCH(1,1)",22,test
2021-08-23,GLD,-3.7112780207252967,0.0244462604711163,-4.673050941945136,0.009343718852157113,"GARCH(1,1)",22,test
2021-08-23,SPY,-3.626119061566655,0.0266192920358339,-4.68365801736866,0.009245133099137324,"GARCH(1,1)",22,test
2021-08-23,TLT,-3.808283582385207,0.022186227125466904,-4.807824594905821,0.008165603886574736,"GARCH(1,1)",22,test
2021-08-24,GLD,-3.694303477120107,0.0248647665111706,-4.6912292083363685,0.009175400742521102,"GARCH(1,1)",22,test
2021-08-24,SPY,-3.6153977030050264,0.026906222403594797,-4.675958651451761,0.009316589493285201,"GARCH(1,1)",22,test
2021-08-24,TLT,-3.805180906683198,0.022255170692746202,-4.82277252007342,0.008044452785357259,"GARCH(1,1)",22,test
2021-08-25,GLD,-3.7023414221319446,0.024665705975790396,-4.672171480817579,0.00935193990419237,"GARCH(1,1)",22,test
2021-08-25,SPY,-3.61149201669715,0.027011515154412802,-4.6636131767795534,0.009432320117773793,"GARCH(1,1)",22,test
2021-08-25,TLT,-3.8338478570800647,0.021626240642031204,-4.836297086314249,0.007936387466289165,"GARCH(1,1)",22,test
2021-08-26,GLD,-3.7150171347000183,0.024355023795421715,-4.690388068043776,0.009183121788572553,"GARCH(1,1)",22,test
2021-08-26,SPY,-3.5767115948621147,0.02796751572839711,-4.688246617984465,0.009202808056327862,"GARCH(1,1)",22,test
2021-08-26,TLT,-3.8063783615300393,0.0222285370801896,-4.830475608340716,0.007982723712973627,"GARCH(1,1)",22,test
2021-08-27,GLD,-3.766129804431944,0.023141452144999686,-4.695364512766026,0.009137536012239674,"GARCH(1,1)",22,test
2021-08-27,SPY,-3.5687661323081312,0.0281906157199618,-4.706843184228143,0.00903324892207364,"GARCH(1,1)",22,test
2021-08-27,TLT,-3.7563776916329137,0.023368234201433705,-4.822918920707017,0.008043275158577301,"GARCH(1,1)",22,test
2021-08-30,GLD,-3.693681868885911,0.024880227459603898,-4.7122647288763835,0.008984407277935218,"GARCH(1,1)",22,test
2021-08-30,SPY,-3.5311539578061404,0.029271118734600504,-4.696566514149493,0.009126559279656957,"GARCH(1,1)",22,test
2021-08-30,TLT,-3.748529823138669,0.023552346530120297,-4.834562191348304,0.007950168215571986,"GARCH(1,1)",22,test
2021-08-31,GLD,-3.694742688732884,0.02485384801491061,-4.672394456093096,0.009349854885278085,"GARCH(1,1)",22,test
2021-08-31,SPY,-3.435575442640479,0.0322068716912074,-4.677751672798542,0.009299899616568548,"GARCH(1,1)",22,test
2021-08-31,TLT,-3.761980468778052,0.02323767328632081,-4.834129471487014,0.007953609155687337,"GARCH(1,1)",22,test
2021-09-01,GLD,-3.6726758761508465,0.0254083891967937,-4.684495131492523,0.009237397106049337,"GARCH(1,1)",22,test
2021-09-01,SPY,-3.3844546564497917,0.033896122337938095,-4.692598440440257,0.009162846086339,"GARCH(1,1)",22,test
2021-09-01,TLT,-3.737934942717835,0.023803207399070197,-4.844988922427659,0.007867704609570769,"GARCH(1,1)",22,test
2021-09-02,GLD,-3.6591887247864654,0.025753397346558696,-4.701216273312015,0.009084221483581172,"GARCH(1,1)",22,test
2021-09-02,SPY,-3.3543069072920804,0.03493357397142359,-4.708373736838262,0.009019433634567245,"GARCH(1,1)",22,test
2021-09-02,TLT,-3.733673923177922,0.023904849727095903,-4.84237432781061,0.007888302383371694,"GARCH(1,1)",22,test
2021-09-03,GLD,-3.678000843998415,0.025273449933734107,-4.718160963126447,0.008931588975589676,"GARCH(1,1)",22,test
2021-09-03,SPY,-3.322344603419149,0.036068166992533304,-4.723512449693892,0.008883919362572833,"GARCH(1,1)",22,test
2021-09-03,TLT,-3.730451799137941,0.023981998342531,-4.854347345619139,0.00779441875517288,"GARCH(1,1)",22,test
2021-09-07,GLD,-3.694186048541114,0.024867686516811705,-4.73234651843534,0.008805783843648732,"GARCH(1,1)",22,test
2021-09-07,SPY,-3.3133572136892013,0.036393786710017195,-4.732102226373983,0.008807935289515633,"GARCH(1,1)",22,test
2021-09-07,TLT,-3.733243356650867,0.023915144571371304,-4.859675608414936,0.007752998490726573,"GARCH(1,1)",22,test
2021-09-08,GLD,-3.6887855954682767,0.025002346576263004,-4.717502349076405,0.00893747338314224,"GARCH(1,1)",22,test
2021-09-08,SPY,-3.3155471617342833,0.03631417341426709,-4.741101724709772,0.008729023904566414,"GARCH(1,1)",22,test
2021-09-08,TLT,-3.7327518804219384,0.023926901185251,-4.844210731530836,0.007873829568561398,"GARCH(1,1)",22,test
2021-09-09,GLD,-3.7125900304982418,0.024414207769792803,-4.637176588592538,0.009685003811345001,"GARCH(1,1)",22,test
2021-09-09,SPY,-3.3006538969482673,0.0368590574941903,-4.737113859063263,0.008763903580629465,"GARCH(1,1)",22,test
2021-09-09,TLT,-3.775712518418503,0.022920753363376796,-4.8342912201990345,0.00795232277368861,"GARCH(1,1)",22,test
2021-09-10,GLD,-3.701438097601277,0.024687997179644403,-4.655504629528519,0.00950911345156981,"GARCH(1,1)",22,test
2021-09-10,SPY,-3.3058614308437178,0.0366676116160269,-4.7433520202874,0.008709403105255616,"GARCH(1,1)",22,test
2021-09-10,TLT,-3.769991325212855,0.0230522632598352,-4.833907292230088,0.007955376478983443,"GARCH(1,1)",22,test
2021-09-13,GLD,-3.6693789034648545,0.025492298208823195,-4.669856550968724,0.009373614066424694,"GARCH(1,1)",22,test
2021-09-13,SPY,-3.304467640509614,0.03671875421142019,-4.734965065841019,0.008782755644583728,"GARCH(1,1)",22,test
2021-09-13,TLT,-3.764119487649805,0.0231880205875873,-4.805849812484358,0.008181745110047175,"GARCH(1,1)",22,test
2021-09-14,GLD,-3.7017977569668736,0.024679119506805704,-4.681811791937624,0.009262217464920817,"GARCH(1,1)",22,test
2021-09-14,SPY,-3.3104600160909734,0.03649937958932199,-4.699971042459672,0.009095540482362694,"GARCH(1,1)",22,test
2021-09-14,TLT,-3.7982217766145703,0.0224105874758717,-4.798840668754429,0.008239293584646373,"GARCH(1,1)",22,test
2021-09-15,GLD,-3.6982271634188857,0.024767396117848103,-4.696828058847338,0.009124172588594603,"GARCH(1,1)",22,test
2021-09-15,SPY,-3.322639115195079,0.036057546056689906,-4.715944559856846,0.008951406932777581,"GARCH(1,1)",22,test
2021-09-15,TLT,-3.819574627781487,0.021937130355681296,-4.804976712916592,0.008188891707557938,"GARCH(1,1)",22,test
2021-09-16,GLD,-3.713044203339764,0.024403122017290894,-4.703439792980982,0.009064044978176278,"GARCH(1,1)",22,test
2021-09-16,SPY,-3.3308857400173526,0.0357614157184857,-4.707633212908854,0.009026115214632983,"GARCH(1,1)",22,test
2021-09-16,TLT,-3.795776539653011,0.022465453725851205,-4.781326428145254,0.00838486966089797,"GARCH(1,1)",22,test
2021-09-17,GLD,-3.713367576666672,0.0243952319743207,-4.711172717765292,0.00899422370935989,"GARCH(1,1)",22,test
2021-09-17,SPY,-3.336671083218958,0.0355551209735226,-4.6911352797834756,0.00917626261511165,"GARCH(1,1)",22,test
2021-09-17,TLT,-3.794667897309537,0.022490373690228497,-4.795235849908148,0.008269048343476824,"GARCH(1,1)",22,test
2021-09-20,GLD,-3.7154669592138583,0.024344070772337207,-4.603924571406705,0.010012463906814359,"GARCH(1,1)",22,test
2021-09-20,SPY,-3.4010596569447835,0.0333379244733952,-4.707711207580005,0.009025411253198017,"GARCH(1,1)",22,test
2021-09-20,TLT,-3.791530877221634,0.022561037222790396,-4.805388238926175,0.008185522458944893,"GARCH(1,1)",22,test
2021-09-21,GLD,-3.7274451456252384,0.024054212409026502,-4.624472495801431,0.009808827869240271,"GARCH(1,1)",22,test
2021-09-21,SPY,-3.4172166736587526,0.0328036111485837,-4.622817389737081,0.009825075962180256,"GARCH(1,1)",22,test
2021-09-21,TLT,-3.786711347820749,0.0226700332487974,-4.8139663621162745,0.008115606342174304,"GARCH(1,1)",22,test
2021-09-22,GLD,-3.6809913648615376,0.025197982054801196,-4.633292277438332,0.009722696537424193,"GARCH(1,1)",22,test
2021-09-22,SPY,-3.4482391582125773,0.031801584664755404,-4.515532417345742,0.010937780112444059,"GARCH(1,1)",22,test
2021-09-22,TLT,-3.784215884415858,0.0227266761328851,-4.787291966250177,0.008334998304071074,"GARCH(1,1)",22,test
2021-09-23,GLD,-3.684150828929766,0.025118495569375402,-4.643041258156498,0.009628370693847522,"GARCH(1,1)",22,test
2021-09-23,SPY,-3.459595862816411,0.031442466520878704,-4.567895557918756,0.010379780396043184,"GARCH(1,1)",22,test
2021-09-23,TLT,-3.800482912810246,0.02235997133192681,-4.803973038203382,0.008197114817067268,"GARCH(1,1)",22,test
2021-09-24,GLD,-3.683917525240136,0.025124356490730398,-4.65912386645008,0.009474759921356421,"GARCH(1,1)",22,test
2021-09-24,SPY,-3.459991519029797,0.0314300285743732,-4.575543643504992,0.010300697748120561,"GARCH(1,1)",22,test
2021-09-24,TLT,-3.7741030803908906,0.0229576725971014,-4.809933847996282,0.008148398712753267,"GARCH(1,1)",22,test
2021-09-27,GLD,-3.670554194695724,0.025462354933764697,-4.646199842420696,0.009598006652619772,"GARCH(1,1)",22,test
2021-09-27,SPY,-3.458588562315613,0.03147415449012579,-4.560309217733969,0.010458824389384173,"GARCH(1,1)",22,test
2021-09-27,TLT,-3.71692733678436,0.024308545184106488,-4.692877982095688,0.009160285047150815,"GARCH(1,1)",22,test
2021-09-28,GLD,-3.6513653673665103,0.025955665555375314,-4.66504126896605,0.009418859508895932,"GARCH(1,1)",22,test
2021-09-28,SPY,-3.4868290479109247,0.030597742479932598,-4.605395584617415,0.009997746267710394,"GARCH(1,1)",22,test
2021-09-28,TLT,-3.718964170583139,0.024259083107790996,-4.694715629885133,0.009143467127022874,"GARCH(1,1)",22,test
2021-09-29,GLD,-3.6698453960208743,0.025480409014798804,-4.682414767451366,0.009256634258024197,"GARCH(1,1)",22,test
2021-09-29,SPY,-3.491434038411666,0.030457164095954403,-4.635606741485232,0.009700219726768019,"GARCH(1,1)",22,test
2021-09-29,TLT,-3.7450738992684487,0.0236338824565192,-4.715415221075182,0.008956146513928937,"GARCH(1,1)",22,test
2021-09-30,GLD,-3.732820997009808,0.0239252474966321,-4.676681127985886,0.00930986090691378,"GARCH(1,1)",22,test
2021-09-30,SPY,-3.523737761824294,0.029489006036562307,-4.472435344014087,0.011419471617276952,"GARCH(1,1)",22,test
2021-09-30,TLT,-3.743333756447913,0.023675044591006788,-4.680973080039643,0.009269989055517508,"GARCH(1,1)",22,test
2021-10-01,GLD,-3.744037364615481,0.023658392495227304,-4.689564227500983,0.009190690333820526,"GARCH(1,1)",22,test
2021-10-01,SPY,-3.639821663309703,0.026257026139312602,-4.532406031411987,0.0107547686070559,"GARCH(1,1)",22,test
2021-10-01,TLT,-3.751893354571264,0.023473260550903912,-4.7052852673022585,0.009047332941482562,"GARCH(1,1)",22,test
2021-10-04,GLD,-3.741183553378088,0.02372600551309589,-4.63197843080418,0.009735479064846324,"GARCH(1,1)",22,test
2021-10-04,SPY,-3.7131671581738335,0.024400121719926796,-4.511205121567615,0.010985213677661941,"GARCH(1,1)",22,test
2021-10-04,TLT,-3.746362702823719,0.0236034426444668,-4.728408001407423,0.008840533960304122,"GARCH(1,1)",22,test
2021-10-05,GLD,-3.757433006418947,0.0233435863662574,-4.650633283602411,0.009555548641754685,"GARCH(1,1)",22,test
2021-10-05,SPY,-3.782900664461012,0.022756586375804994,-4.514732949441978,0.010946528012949295,"GARCH(1,1)",22,test
2021-10-05,TLT,-3.739118859701782,0.0237750430529716,-4.737802551962266,0.008757870020339476,"GARCH(1,1)",22,test
2021-10-06,GLD,-3.719307613263062,0.0242507529338265,-4.66454148267965,0.009423568102259191,"GARCH(1,1)",22,test
2021-10-06,SPY,-3.8424765374023497,0.02144043749575049,-4.491379845283654,0.0112051717341389,"GARCH(1,1)",22,test
2021-10-06,TLT,-3.716718372557327,0.024313625331227204,-4.7567322956817195,0.008593645057491774,"GARCH(1,1)",22,test
2021-10-07,GLD,-3.725571851422437,0.0240993152579483,-4.677658651858844,0.00930076474220675,"GARCH(1,1)",22,test
2021-10-07,SPY,-3.867934818615946,0.020901490252292296,-4.5112965960113005,0.010984208857310404,"GARCH(1,1)",22,test
2021-10-07,TLT,-3.715566568480833,0.024341645998059394,-4.751769935839659,0.00863639580118074,"GARCH(1,1)",22,test
2021-10-08,GLD,-3.73708699888348,0.023823399741798496,-4.693752202530223,0.009152280438182595,"GARCH(1,1)",22,test
2021-10-08,SPY,-3.85571598493309,0.021158448755031204,-4.5601502618153695,0.010460487013560933,"GARCH(1,1)",22,test
2021-10-08,TLT,-3.704247126131954,0.024618745202128704,-4.763532558316112,0.008535404264895276,"GARCH(1,1)",22,test
2021-10-11,GLD,-3.659156310808114,0.025754232130152013,-4.703775729235979,0.009061000548247003,"GARCH(1,1)",22,test
2021-10-11,SPY,-3.8688076470953514,0.020883254795708697,-4.577558133498847,0.010279967982540323,"GARCH(1,1)",22,test
2021-10-11,TLT,-3.5504808374153867,0.028710831092852704,-4.753657889722134,0.008620106066170091,"GARCH(1,1)",22,test
2021-10-12,GLD,-3.673674699830134,0.0253830233661164,-4.7204231346242524,0.008911407025701513,"GARCH(1,1)",22,test
2021-10-12,SPY,-3.890869507412312,0.0204275763845526,-4.616259045955241,0.009889723948162286,"GARCH(1,1)",22,test
2021-10-12,TLT,-3.5604091448223567,0.028427191496296505,-4.760303384780554,0.008563011116130132,"GARCH(1,1)",22,test
2021-10-13,GLD,-3.7022526504344433,0.024667895689570802,-4.7354055838288245,0.008778887534788312,"GARCH(1,1)",22,test
2021-10-13,SPY,-3.9274370245659913,0.019694083376508496,-4.619017468542959,0.00986248150060247,"GARCH(1,1)",22,test
2021-10-13,TLT,-3.5300130552119113,0.0293045332876514,-4.7774100886945385,0.008417772043134908,"GARCH(1,1)",22,test
2021-10-14,GLD,-3.6947839196149026,0.024852823289960694,-4.745124981796531,0.008693975349232583,"GARCH(1,1)",22,test
2021-10-14,SPY,-3.936506777117888,0.019516270491890902,-4.647656807573334,0.00958403287351862,"GARCH(1,1)",22,test
2021-10-14,TLT,-3.520998517462495,0.029569894365954603,-4.723631850092183,0.008882858682386642,"GARCH(1,1)",22,test
2021-10-15,GLD,-3.685536810334516,0.025083705916076313,-4.679807885838165,0.009280796688285508,"GARCH(1,1)",22,test
2021-10-15,SPY,-3.924597594214264,0.01975008282023331,-4.671523933829145,0.009357997685850801,"GARCH(1,1)",22,test
2021-10-15,TLT,-3.499526808646864,0.030211675944323498,-4.72338880713994,0.008885017860961105,"GARCH(1,1)",22,test
2021-10-18,GLD,-3.68548011912352,0.0250851279820499,-4.696132778358664,0.009130518653662704,"GARCH(1,1)",22,test
2021-10-18,SPY,-3.951767197368295,0.019220704965466302,-4.572290044278044,0.010334266670647942,"GARCH(1,1)",22,test
2021-10-18,TLT,-3.5081646959969506,0.029951834745986908,-4.741952554967965,0.008721600145531168,"GARCH(1,1)",22,test
2021-10-19,GLD,-3.6885736975914662,0.025007645081769,-4.65116900448393,0.009550430905774338,"GARCH(1,1)",22,test
2021-10-19,SPY,-3.9238427271433545,0.0197649971358567,-4.594000158377962,0.010112326452984545,"GARCH(1,1)",22,test
2021-10-19,TLT,-3.5092789668798603,0.029918478875828394,-4.753487607503883,0.008621574041934128,"GARCH(1,1)",22,test
2021-10-20,GLD,-3.6696079386569895,0.025486460243980196,-4.668689337283977,0.00938456146477226,"GARCH(1,1)",22,test
2021-10-20,SPY,-3.9131564031451735,0.0199773448867115,-4.630778325727115,0.009747169676277655,"GARCH(1,1)",22,test
2021-10-20,TLT,-3.5179171089030583,0.029661151820097605,-4.76753137318606,0.008501340915305107,"GARCH(1,1)",22,test
2021-10-21,GLD,-3.636729247278194,0.02633834946585679,-4.684449611331606,0.009237817603422542,"GARCH(1,1)",22,test
2021-10-21,SPY,-3.8453443342107314,0.021379038759160203,-4.638672811279517,0.009670523724337689,"GARCH(1,1)",22,test
2021-10-21,TLT,-3.503990238787101,0.030077128733737097,-4.736746968153388,0.00876711956711025,"GARCH(1,1)",22,test
2021-10-22,GLD,-3.7266450155081294,0.024073466610724403,-4.683377290601154,0.009247728819794495,"GARCH(1,1)",22,test
2021-10-22,SPY,-3.8281302957427146,0.0217502441604483,-4.663821638296608,0.009430354046944872,"GARCH(1,1)",22,test
2021-10-22,TLT,-3.504915687788893,0.030049306760867898,-4.745873373342068,0.00868747128568077,"GARCH(1,1)",22,test
2021-10-25,GLD,-3.716942217342331,0.024308183462081998,-4.7007589006620885,0.009088377308341484,"GARCH(1,1)",22,test
2021-10-25,SPY,-3.831433937549222,0.0216785077055584,-4.686975733181568,0.00921451120032936,"GARCH(1,1)",22,test
2021-10-25,TLT,-3.4923321503914626,0.0304298224317851,-4.765472634676057,0.008518860981663667,"GARCH(1,1)",22,test
2021-10-26,GLD,-3.699443867996568,0.024737279838636904,-4.70818151515563,0.009021167531917867,"GARCH(1,1)",22,test
2021-10-26,SPY,-3.7807873201792943,0.022804729731318005,-4.70495142363917,0.009050353840478862,"GARCH(1,1)",22,test
2021-10-26,TLT,-3.492200944157248,0.030433815276131503,-4.753842628977081,0.008618513741284847,"GARCH(1,1)",22,test
2021-10-27,GLD,-3.713248860591081,0.024398128252437805,-4.712551462370866,0.00898183151673671,"GARCH(1,1)",22,test
2021-10-27,SPY,-3.744501039862208,0.023647425227071795,-4.709063319301125,0.009013216135293508,"GARCH(1,1)",22,test
2021-10-27,TLT,-3.5222651012513206,0.029532465325625003,-4.772550282660525,0.008458780347996618,"GARCH(1,1)",22,test
2021-10-28,GLD,-3.618512368980682,0.026822548883318295,-4.714453748005187,0.008964761748607395,"GARCH(1,1)",22,test
2021-10-28,SPY,-3.663351938907712,0.025646403313129,-4.723885975654276,0.008880601607733315,"GARCH(1,1)",22,test
2021-10-28,TLT,-3.512538515663389,0.029821116898663902,-4.773127631628926,0.008453898089407873,"GARCH(1,1)",22,test
2021-10-29,GLD,-3.611886324681958,0.027000866397888495,-4.72891508948911,0.008836052167325036,"GARCH(1,1)",22,test
2021-10-29,SPY,-3.504226347872927,0.030070028088663905,-4.719582848909321,0.008918898300690047,"GARCH(1,1)",22,test
2021-10-29,TLT,-3.4830188547518586,0.030714548173829195,-4.711608916350294,0.008990301297242173,"GARCH(1,1)",22,test
2021-11-01,GLD,-3.604879729502074,0.0271907148572193,-4.744477724625322,0.008699604408651702,"GARCH(1,1)",22,test
2021-11-01,SPY,-3.4580112680210005,0.031492329585625395,-4.688842191076007,0.009197328743310548,"GARCH(1,1)",22,test
2021-11-01,TLT,-3.439256713899153,0.032088527422444085,-4.731278033651314,0.008815197718092268,"GARCH(1,1)",22,test
2021-11-02,GLD,-3.5769983959320024,0.027959495765086103,-4.739282068622311,0.008744922186367785,"GARCH(1,1)",22,test
2021-11-02,SPY,-3.347118559737785,0.03518559335871531,-4.707825077586625,0.0090243835880701,"GARCH(1,1)",22,test
2021-11-02,TLT,-3.365019814268171,0.03456133130373279,-4.750233828019212,0.008649672430868094,"GARCH(1,1)",22,test
2021-11-03,GLD,-3.595891937094508,0.027436200894001696,-4.7470268022032185,0.00867745668224605,"GARCH(1,1)",22,test
2021-11-03,SPY,-3.3122044213170474,0.03643576538142751,-4.722878647254171,0.008889551797075937,"GARCH(1,1)",22,test
2021-11-03,TLT,-3.3559665985652165,0.0348756431105338,-4.751344544047431,0.008640070434593028,"GARCH(1,1)",22,test
2021-11-04,GLD,-3.5964652747477164,0.0274204751954665,-4.7604717251543835,0.00856156973696229,"GARCH(1,1)",22,test
2021-11-04,SPY,-3.238232694560957,0.03923317086149441,-4.7288380294934464,0.008836733099702721,"GARCH(1,1)",22,test
2021-11-04,TLT,-3.345370350999641,0.035247158919527594,-4.766130633637054,0.008513257423758672,"GARCH(1,1)",22,test
2021-11-05,GLD,-3.6259964408367846,0.0266225563129819,-4.754865857342861,0.00860969954379138,"GARCH(1,1)",22,test
2021-11-05,SPY,-3.2411474483340816,0.039118982325271105,-4.723230717253618,0.008886422603459572,"GARCH(1,1)",22,test
2021-11-05,TLT,-3.349832860515082,0.0350902185717968,-4.756456982287569,0.008596011328798826,"GARCH(1,1)",22,test
2021-11-08,GLD,-3.624213643120227,0.026670061278875615,-4.734440285054678,0.008787365875571652,"GARCH(1,1)",22,test
2021-11-08,SPY,-3.236669217682849,0.03929455899394899,-4.7264597197172,0.008857774600108701,"GARCH(1,1)",22,test
2021-11-08,TLT,-3.3385871225089745,0.0354870611882092,-4.748604013261846,0.008663781288931735,"GARCH(1,1)",22,test
2021-11-09,GLD,-3.631688814150212,0.026471441293492305,-4.705764021500451,0.009043002529538548,"GARCH(1,1)",22,test
2021-11-09,SPY,-3.231712350165289,0.03948982045984541,-4.733723505328406,0.00879366673917447,"GARCH(1,1)",22,test
2021-11-09,TLT,-3.339066647081773,0.0354700483497161,-4.7156170087189135,0.008954339456554036,"GARCH(1,1)",22,test
2021-11-10,GLD,-3.706794601733915,0.0245561093648826,-4.719238864816085,0.008921966787559748,"GARCH(1,1)",22,test
2021-11-10,SPY,-3.2447979568141965,0.038976438485604406,-4.7435038997217385,0.008708080426484958,"GARCH(1,1)",22,test
2021-11-10,TLT,-3.429803867951697,0.03239329351290669,-4.736932459487913,0.008765493493217775,"GARCH(1,1)",22,test
2021-11-11,GLD,-3.696154124958376,0.024818793138160503,-4.7290426341696845,0.008834925247741644,"GARCH(1,1)",22,test
2021-11-11,SPY,-3.2227812766848336,0.0398440865816792,-4.740725801513532,0.008732305963995154,"GARCH(1,1)",22,test
2021-11-11,TLT,-3.407519669127004,0.033123255204755696,-4.717951077789565,0.008933463781891,"GARCH(1,1)",22,test
2021-11-12,GLD,-3.622500417374379,0.026715792277078095,-4.714178129719765,0.008967232941407083,"GARCH(1,1)",22,test
2021-11-12,SPY,-3.186186072503188,0.041329197294687994,-4.7031750015004,0.009066445377854778,"GARCH(1,1)",22,test
2021-11-12,TLT,-3.409014799259598,0.0330737686314615,-4.662372831109985,0.009444026713797859,"GARCH(1,1)",22,test
2021-11-15,GLD,-3.625368528444177,0.026639278195402905,-4.722494814419212,0.008892964553865878,"GARCH(1,1)",22,test
2021-11-15,SPY,-3.166141280201381,0.04216599113177239,-4.720371957918344,0.008911863093828033,"GARCH(1,1)",22,test
2021-11-15,TLT,-3.412674739183348,0.0329529418694379,-4.687789427722626,0.00920701645249836,"GARCH(1,1)",22,test
2021-11-16,GLD,-3.631776431633228,0.026469122034039685,-4.737595064254567,0.008759687359245549,"GARCH(1,1)",22,test
2021-11-16,SPY,-3.1438525621551645,0.04311636902743891,-4.707509319323348,0.009027233561686693,"GARCH(1,1)",22,test
2021-11-16,TLT,-3.4306358723389048,0.032366353359304906,-4.707392378742615,0.009028289273348377,"GARCH(1,1)",22,test
2021-11-17,GLD,-3.632155654486641,0.0264590862410759,-4.752186752849119,0.008632796754634391,"GARCH(1,1)",22,test
2021-11-17,SPY,-3.133647317718579,0.04355863499032729,-4.723758456720639,0.008881734124787533,"GARCH(1,1)",22,test
2021-11-17,TLT,-3.431257705125106,0.0323462331559657,-4.692967563009612,0.009159464497197841,"GARCH(1,1)",22,test
2021-11-18,GLD,-3.6309000906688738,0.0264923281767302,-4.751882052218834,0.008635427574032462,"GARCH(1,1)",22,test
2021-11-18,SPY,-3.1215935960176786,0.04408685577180531,-4.730524317869087,0.008821844376266779,"GARCH(1,1)",22,test
2021-11-18,TLT,-3.416841457739638,0.0328159218951407,-4.7152369084683405,0.008957743650151622,"GARCH(1,1)",22,test
2021-11-19,GLD,-3.641753780462786,0.026206343466917102,-4.74382887920573,0.008705250938789029,"GARCH(1,1)",22,test
2021-11-19,SPY,-3.1195998446576243,0.044174841682329595,-4.7353728630550975,0.008779174791480517,"GARCH(1,1)",22,test
2021-11-19,TLT,-3.4156025968208437,0.03285660145124409,-4.723022556832054,0.008888272597475998,"GARCH(1,1)",22,test
2021-11-22,GLD,-3.664648596783071,0.025613170252909313,-4.755905340841681,0.008600754553076373,"GARCH(1,1)",22,test
2021-11-22,SPY,-3.1311981605508996,0.04366544768056929,-4.741363373326316,0.008726740266306425,"GARCH(1,1)",22,test
2021-11-22,TLT,-3.4184917522751217,0.0327618106206115,-4.741485771000553,0.008725672198959972,"GARCH(1,1)",22,test
2021-11-23,GLD,-3.6766954109527457,0.025306464274773097,-4.753629263357041,0.008620352832005464,"GARCH(1,1)",22,test
2021-11-23,SPY,-3.139656413938535,0.04329767182311589,-4.745948525610061,0.00868681842704274,"GARCH(1,1)",22,test
2021-11-23,TLT,-3.4261139714660804,0.03251304220707219,-4.735114179260304,0.008781446115495426,"GARCH(1,1)",22,test
2021-11-24,GLD,-3.681695937549221,0.0251802344978168,-4.639496450729177,0.00966256197875342,"GARCH(1,1)",22,test
2021-11-24,SPY,-3.1418958443379448,0.043200818189574296,-4.745614580990217,0.008689719827746627,"GARCH(1,1)",22,test
2021-11-24,TLT,-3.422339665915526,0.03263598823472599,-4.721662898345034,0.008900365832219691,"GARCH(1,1)",22,test
2021-11-26,GLD,-3.7103057034980216,0.024470041550818004,-4.64180552640169,0.009640276131709785,"GARCH(1,1)",22,test
2021-11-26,SPY,-3.1562792761591956,0.042583889577807794,-4.7533532610135225,0.00862273239795684,"GARCH(1,1)",22,test
2021-11-26,TLT,-3.4330615523093546,0.032287938087870505,-4.693323824752136,0.009156201911617198,"GARCH(1,1)",22,test
2021-11-29,GLD,-3.712254473960676,0.024422401491470996,-4.661103035319011,0.009456026316078794,"GARCH(1,1)",22,test
2021-11-29,SPY,-3.165918993430748,0.04217536511558931,-4.757259546143713,0.0085891152484419,"GARCH(1,1)",22,test
2021-11-29,TLT,-3.425976060916727,0.0325175264077863,-4.6615845297114085,0.009451474388385008,"GARCH(1,1)",22,test
2021-11-30,GLD,-3.857748669528477,0.0211154839838923,-4.679119177107006,0.009287190655534641,"GARCH(1,1)",22,test
2021-11-30,SPY,-3.1931957394796844,0.0410405063809071,-4.519335770505191,0.010896258881899809,"GARCH(1,1)",22,test
2021-11-30,TLT,-3.429305131020203,0.0324094532741142,-4.5653008044065775,0.010406748340134588,"GARCH(1,1)",22,test
2021-12-01,GLD,-3.8750396730308942,0.020753514502545013,-4.696492579472782,0.009127234073811823,"GARCH(1,1)",22,test
2021-12-01,SPY,-3.267173352151927,0.038114009838140395,-4.522961217432801,0.010856826596633761,"GARCH(1,1)",22,test
2021-12-01,TLT,-3.432746252110086,0.03229812008629229,-4.584913066617901,0.010204636872786058,"GARCH(1,1)",22,test
2021-12-02,GLD,-3.89203842653972,0.020403712150187405,-4.702097629583797,0.009076218575227148,"GARCH(1,1)",22,test
2021-12-02,SPY,-3.2898968707045912,0.037257691557571596,-4.429668310588496,0.011918442238333417,"GARCH(1,1)",22,test
2021-12-02,TLT,-3.4615253413242093,0.0313818574482494,-4.573854774321702,0.010318108977619748,"GARCH(1,1)",22,test
2021-12-03,GLD,-3.9049756946392353,0.0201414440304028,-4.714898748597831,0.008960773311810546,"GARCH(1,1)",22,test
2021-12-03,SPY,-3.3572988235507912,0.0348292118427088,-4.449453927369935,0.011684946057740347,"GARCH(1,1)",22,test
2021-12-03,TLT,-3.5513029360182564,0.028687237658117704,-4.600927169710816,0.010042520306156592,"GARCH(1,1)",22,test
2021-12-06,GLD,-3.904772603601894,0.020145534992569297,-4.723095164432787,0.008887627264756342,"GARCH(1,1)",22,test
2021-12-06,SPY,-3.376503616301439,0.03416670605300949,-4.444141242745973,0.011747189684973652,"GARCH(1,1)",22,test
2021-12-06,TLT,-3.580815428393036,0.027852976884498403,-4.630617467815483,0.009748737711748175,"GARCH(1,1)",22,test
2021-12-07,GLD,-3.889965920617691,0.020446042814574513,-4.720690887626156,0.008909021289127515,"GARCH(1,1)",22,test
2021-12-07,SPY,-3.45788959077185,0.031496161718795705,-4.4775921453578835,0.01136073524675543,"GARCH(1,1)",22,test
2021-12-07,TLT,-3.578643336522174,0.027913541861703806,-4.630340324162432,0.009751439886958303,"GARCH(1,1)",22,test
2021-12-08,GLD,-3.889872141648031,0.020447960313312412,-4.735062992045777,0.00878189562476606,"GARCH(1,1)",22,test
2021-12-08,SPY,-3.382893988853948,0.033949064219289206,-4.4939009191294295,0.011176958247827062,"GARCH(1,1)",22,test
2021-12-08,TLT,-3.5731276178779097,0.028067930495695805,-4.6188882917891965,0.009863755586236108,"GARCH(1,1)",22,test
2021-12-09,GLD,-3.878110908191195,0.020689873357590503,-4.747041573796869,0.008677328503328726,"GARCH(1,1)",22,test
2021-12-09,SPY,-3.348560384745412,0.0351348984456815,-4.420231328612011,0.012031448744441401,"GARCH(1,1)",22,test
2021-12-09,TLT,-3.591831661291763,0.027547825897408403,-4.634015919490011,0.009715663330423086,"GARCH(1,1)",22,test
2021-12-10,GLD,-3.883026213888802,0.020588425832242397,-4.761783144183619,0.008550349290450742,"GARCH(1,1)",22,test
2021-12-10,SPY,-3.348378244478198,0.035141298508309805,-4.48672713053175,0.011257427673685736,"GARCH(1,1)",22,test
2021-12-10,TLT,-3.6027455984967545,0.0272488053691864,-4.599807235835738,0.01005377356511537,"GARCH(1,1)",22,test
2021-12-13,GLD,-3.8719544686505927,0.020817642209068902,-4.765251796359087,0.008520742480331212,"GARCH(1,1)",22,test
2021-12-13,SPY,-3.3165710125889993,0.036277012143824096,-4.523212801520804,0.010854095535376019,"GARCH(1,1)",22,test
2021-12-13,TLT,-3.591015022429333,0.027570331710921894,-4.623881166495616,0.00981462983188125,"GARCH(1,1)",22,test
2021-12-14,GLD,-3.8733749282202674,0.020788092581968797,-4.774182905269524,0.00844498161907932,"GARCH(1,1)",22,test
2021-12-14,SPY,-3.3279708187599,0.03586580950527679,-4.546251002937972,0.010606895155847626,"GARCH(1,1)",22,test
2021-12-14,TLT,-3.6049172483503686,0.027189694712051002,-4.651271539746679,0.009549451700034467,"GARCH(1,1)",22,test
2021-12-15,GLD,-4.003811219335187,0.018245966823760194,-4.785916428509945,0.008346471297761995,"GARCH(1,1)",22,test
2021-12-15,SPY,-3.373745587627887,0.0342610688758541,-4.55645350190346,0.01049922848745534,"GARCH(1,1)",22,test
2021-12-15,TLT,-3.626648267241097,0.026605208682262897,-4.6330156215700535,0.009725386750591232,"GARCH(1,1)",22,test
2021-12-16,GLD,-3.9735898988195024,0.018805800888913603,-4.773185018414976,0.00845341296128703,"GARCH(1,1)",22,test
2021-12-16,SPY,-3.3730790285394976,0.03428391351549649,-4.5778990621472255,0.010276463844315159,"GARCH(1,1)",22,test
2021-12-16,TLT,-3.6150645913128185,0.0269151866738393,-4.659857248461726,0.00946781385023856,"GARCH(1,1)",22,test
2021-12-17,GLD,-3.9861592092098945,0.018570904277166095,-4.781526794673691,0.008383189781973997,"GARCH(1,1)",22,test
2021-12-17,SPY,-3.2580166662122556,0.03846461057688709,-4.533389083051546,0.01074420130909446,"GARCH(1,1)",22,test
2021-12-17,TLT,-3.612845010221531,0.026974993461703393,-4.665267581339221,0.009416728145633942,"GARCH(1,1)",22,test
2021-12-20,GLD,-3.967086624364947,0.0189284987098004,-4.753651406889071,0.008620161949059837,"GARCH(1,1)",22,test
2021-12-20,SPY,-3.22436639151305,0.0397809791586914,-4.546830358041674,0.010600751776775509,"GARCH(1,1)",22,test
2021-12-20,TLT,-3.597293201885651,0.0273977824351894,-4.6912831964053385,0.009174905393724571,"GARCH(1,1)",22,test
2021-12-21,GLD,-3.9474723141724257,0.019303433175066703,-4.766980577021209,0.008506024711067307,"GARCH(1,1)",22,test
2021-12-21,SPY,-3.011892714726171,0.049198471909009805,-4.508606485772259,0.011013797370362602,"GARCH(1,1)",22,test
2021-12-21,TLT,-3.605579297036498,0.027171699767812498,-4.686642176630087,0.009217585273569057,"GARCH(1,1)",22,test
2021-12-22,GLD,-3.9490858459155262,0.019272311587474698,-4.775774942316245,0.008431547592054693,"GARCH(1,1)",22,test
2021-12-22,SPY,-2.9361044620038173,0.05307207083915301,-4.513693692677446,0.010957910179707342,"GARCH(1,1)",22,test
2021-12-22,TLT,-3.567253403805791,0.028233292739093203,-4.69780093391924,0.00911530022508187,"GARCH(1,1)",22,test
2021-12-23,GLD,-3.909276040503107,0.020055014825804896,-4.789351570594654,0.00831784917162882,"GARCH(1,1)",22,test
2021-12-23,SPY,-2.858407696493802,0.05736002215226249,-4.46580058853366,0.011495488918419478,"GARCH(1,1)",22,test
2021-12-23,TLT,-3.5595439284196693,0.0284517978120204,-4.71806216027746,0.008932471485622977,"GARCH(1,1)",22,test
2021-12-27,GLD,-3.853543069029217,0.0212044742715113,-4.776610013723553,0.008424509586768695,"GARCH(1,1)",22,test
2021-12-27,SPY,-2.8187136651743994,0.05968266524371369,-4.496921940964975,0.011143243365245404,"GARCH(1,1)",22,test
2021-12-27,TLT,-3.553219781752713,0.028632301318045,-4.7354588308110666,0.008778420097964552,"GARCH(1,1)",22,test
2021-12-28,GLD,-3.8478233272810134,0.0213261059074211,-4.788774752572571,0.00832264844095544,"GARCH(1,1)",22,test
2021-12-28,SPY,-2.772788926904886,0.062487488460906994,-4.541656868470561,0.01065573676503091,"GARCH(1,1)",22,test
2021-12-28,TLT,-3.551778129860173,0.028673608897848903,-4.736982387302471,0.008765055862209206,"GARCH(1,1)",22,test
2021-12-29,GLD,-3.856177382378442,0.021148688552667397,-4.8001921569142025,0.008228165798151431,"GARCH(1,1)",22,test
2021-12-29,SPY,-2.758199508346832,0.06340582731056832,-4.522253081522408,0.010864517428175366,"GARCH(1,1)",22,test
2021-12-29,TLT,-3.548407462087786,0.028770421176632702,-4.756538125704193,0.008595313847368663,"GARCH(1,1)",22,test
2021-12-30,GLD,-3.851221349415237,0.021253762309693988,-4.806887053022909,0.00817326307206023,"GARCH(1,1)",22,test
2021-12-30,SPY,-2.748151898233334,0.06404611563939788,-4.572774549515478,0.010329260877085494,"GARCH(1,1)",22,test
2021-12-30,TLT,-3.5543276972308924,0.0286005967144924,-4.771555112559793,0.0084672024633112,"GARCH(1,1)",22,test
2021-12-31,GLD,-3.853369785318435,0.02120814897987261,-4.819097771779407,0.008074068506339606,"GARCH(1,1)",22,test
2021-12-31,SPY,-2.742603196452488,0.0644024761902093,-4.615234895764818,0.009899857699182784,"GARCH(1,1)",22,test
2021-12-31,TLT,-3.548801956802851,0.02875907363594791,-4.757266751597522,0.008589053360191678,"GARCH(1,1)",22,test
2022-01-03,GLD,-3.8092184219622935,0.022165496253813203,-4.814609733351846,0.008110386673766831,"GARCH(1,1)",22,test
2022-01-03,SPY,-2.7351511717653496,0.06488419770372561,-4.643862717912976,0.00962046462250638,"GARCH(1,1)",22,test
2022-01-03,TLT,-3.580687036751934,0.027856553203489995,-4.758707196885426,0.008576690205113348,"GARCH(1,1)",22,test
2022-01-04,GLD,-3.807720040692347,0.022198733513063805,-4.812022292431195,0.008131398992472607,"GARCH(1,1)",22,test
2022-01-04,SPY,-2.7175378583311094,0.06603714723922238,-4.667169426337825,0.009398836007736455,"GARCH(1,1)",22,test
2022-01-04,TLT,-3.5893148714219434,0.0276172453069527,-4.776775861990191,0.008423112512310843,"GARCH(1,1)",22,test
2022-01-05,GLD,-3.831869194159661,0.0216690740449556,-4.752662095023428,0.008628694197391162,"GARCH(1,1)",22,test
2022-01-05,SPY,-2.719947868875174,0.0658781886409628,-4.6786236629132665,0.009291793730674775,"GARCH(1,1)",22,test
2022-01-05,TLT,-3.595214863123687,0.027454783521682097,-4.626655392083847,0.009787439568064214,"GARCH(1,1)",22,test
2022-01-06,GLD,-3.837889926418087,0.0215390023083096,-4.752535867972205,0.008629783440760147,"GARCH(1,1)",22,test
2022-01-06,SPY,-2.7186498726938826,0.06596375379785932,-4.698886785391079,0.009105407734775783,"GARCH(1,1)",22,test
2022-01-06,TLT,-3.6005807060273685,0.027307860003131502,-4.650761208597553,0.00955432632642512,"GARCH(1,1)",22,test
2022-01-07,GLD,-3.851401578594834,0.021249932106717103,-4.764906404916704,0.008523685980167239,"GARCH(1,1)",22,test
2022-01-07,SPY,-2.722290490866316,0.0657240415721675,-4.54190804354161,0.010653060645693178,"GARCH(1,1)",22,test
2022-01-07,TLT,-3.6147114092215102,0.02692469431462212,-4.670535511876697,0.009367251908979675,"GARCH(1,1)",22,test
2022-01-10,GLD,-3.815506503843581,0.0220265550929385,-4.736646686571231,0.00876799879181568,"GARCH(1,1)",22,test
2022-01-10,SPY,-2.7131390951273406,0.0663282688306402,-4.589105502964513,0.010161944138075448,"GARCH(1,1)",22,test
2022-01-10,TLT,-3.5949781427237166,0.027461283398314797,-4.69430043931737,0.00914726419652984,"GARCH(1,1)",22,test
2022-01-11,GLD,-3.7541201021937622,0.023421049675574707,-4.746720276277566,0.008680116955388398,"GARCH(1,1)",22,test
2022-01-11,SPY,-2.696974553531868,0.0674091473083226,-4.619300934407028,0.00985968621996407,"GARCH(1,1)",22,test
2022-01-11,TLT,-3.470419166278618,0.031103990184372002,-4.705483478848665,0.009045539833342617,"GARCH(1,1)",22,test
2022-01-12,GLD,-3.743720133469436,0.0236658988647563,-4.7594061631780775,0.008570697482357047,"GARCH(1,1)",22,test
2022-01-12,SPY,-2.690418577311401,0.06785253189644092,-4.651564686279307,0.009546652721655552,"GARCH(1,1)",22,test
2022-01-12,TLT,-3.4372711417258657,0.0321523048059213,-4.727025240230585,0.008852766763020162,"GARCH(1,1)",22,test
2022-01-13,GLD,-3.7441666783554712,0.023655333337811398,-4.734259905448997,0.008788951080128246,"GARCH(1,1)",22,test
2022-01-13,SPY,-2.6999178345367363,0.06721103493870181,-4.647443742707395,0.009586075111754851,"GARCH(1,1)",22,test
2022-01-13,TLT,-3.446051820152695,0.031871221613266595,-4.737713144683705,0.008758653072668753,"GARCH(1,1)",22,test
2022-01-14,GLD,-3.751946148178069,0.023472021345527297,-4.748212584353825,0.008667173207185113,"GARCH(1,1)",22,test
2022-01-14,SPY,-2.6954905579485735,0.06750925644759001,-4.674197678396986,0.009333010210321971,"GARCH(1,1)",22,test
2022-01-14,TLT,-3.431331400125911,0.0323438494881205,-4.754437166783136,0.008613391231947268,"GARCH(1,1)",22,test
2022-01-18,GLD,-3.749105970433532,0.02353878081767881,-4.760060083743148,0.008565094759083972,"GARCH(1,1)",22,test
2022-01-18,SPY,-2.678615065525394,0.06865817541407523,-4.6010627370055435,0.010041158961125455,"GARCH(1,1)",22,test
2022-01-18,TLT,-3.410451895355514,0.03302627258405041,-4.753939067517799,0.008617682624472966,"GARCH(1,1)",22,test
2022-01-19,GLD,-3.7686252491235295,0.023083775924927795,-4.772224172210685,0.008461539294497191,"GARCH(1,1)",22,test
2022-01-19,SPY,-2.6765123505763393,0.06880269587531171,-4.638794731174244,0.009669344766973904,"GARCH(1,1)",22,test
2022-01-19,TLT,-3.4175049932388832,0.032794154588511794,-4.714830717968922,0.008961382939590904,"GARCH(1,1)",22,test
2022-01-20,GLD,-3.756680994150606,0.0233611476319079,-4.785431291788632,0.008350521459843663,"GARCH(1,1)",22,test
2022-01-20,SPY,-2.694195248116458,0.06759675851013189,-4.526847189921303,0.010814719134374713,"GARCH(1,1)",22,test
2022-01-20,TLT,-3.414071538817923,0.03290694534372011,-4.689240575483106,0.00919366540070998,"GARCH(1,1)",22,test
2022-01-21,GLD,-3.769377996297219,0.023066406216161996,-4.729328979383174,0.008832395771354423,"GARCH(1,1)",22,test
2022-01-21,SPY,-2.69429494945017,0.0675900193591106,-4.530209290772956,0.01077842001280933,"GARCH(1,1)",22,test
2022-01-21,TLT,-3.426107384676464,0.03251325636434631,-4.702298235092374,0.009074398018396877,"GARCH(1,1)",22,test
2022-01-24,GLD,-3.459331900341225,0.03145076724765951,-4.743621459129168,0.008707056769881585,"GARCH(1,1)",22,test
2022-01-24,SPY,-2.769433121743635,0.06269753654029209,-4.526987553413451,0.010813201249160735,"GARCH(1,1)",22,test
2022-01-24,TLT,-3.3728236539779917,0.0342926698729051,-4.716533672693326,0.008946135097054438,"GARCH(1,1)",22,test
2022-01-25,GLD,-3.4646705042165267,0.0312833114475586,-4.755970779313902,0.008600191751253122,"GARCH(1,1)",22,test
2022-01-25,SPY,-2.8073087385450526,0.0603672379925323,-4.431256677555954,0.011899526404997817,"GARCH(1,1)",22,test
2022-01-25,TLT,-3.390273598395415,0.0336994555211958,-4.705507949210376,0.009045318488419229,"GARCH(1,1)",22,test
2022-01-26,GLD,-3.4434876572811968,0.0319530494815531,-4.762376478407193,0.008545277580351585,"GARCH(1,1)",22,test
2022-01-26,SPY,-2.863953684301293,0.057042784679478285,-4.492682423194274,0.011190585626786296,"GARCH(1,1)",22,test
2022-01-26,TLT,-3.396092857755677,0.03350391913947791,-4.711789026821379,0.008988682195653283,"GARCH(1,1)",22,test
2022-01-27,GLD,-3.4515157029285732,0.03169755587112771,-4.774015894692413,0.008446392138115735,"GARCH(1,1)",22,test
2022-01-27,SPY,-2.874781131232675,0.056428488586052684,-4.4885557336967965,0.01123686111557883,"GARCH(1,1)",22,test
2022-01-27,TLT,-3.353006300436592,0.034979038376467084,-4.733466592730548,0.008795926233174937,"GARCH(1,1)",22,test
2022-01-28,GLD,-3.433019073394856,0.03228930967356341,-4.715027683086577,0.008959618033564024,"GARCH(1,1)",22,test
2022-01-28,SPY,-2.914846539285702,0.054212349860583896,-4.541393132887536,0.01065854743259943,"GARCH(1,1)",22,test
2022-01-28,TLT,-3.2963883652031836,0.03701661677218059,-4.717489742359584,0.00893758605604849,"GARCH(1,1)",22,test
2022-01-31,GLD,-3.4167769999829565,0.0328180372040228,-4.688678791342859,0.009198831707161478,"GARCH(1,1)",22,test
2022-01-31,SPY,-2.9210900791920182,0.05387492734240339,-4.576510947562117,0.010290738658907832,"GARCH(1,1)",22,test
2022-01-31,TLT,-3.279117348873564,0.03766148409232601,-4.663614415331712,0.009432308435360585,"GARCH(1,1)",22,test
2022-02-01,GLD,-3.3900978361874614,0.03370537913246329,-4.704186195658555,0.009057282074973427,"GARCH(1,1)",22,test
2022-02-01,SPY,-2.924498373562363,0.053691618293888896,-4.4181416069548245,0.01205661741204571,"GARCH(1,1)",22,test
2022-02-01,TLT,-3.271504878613606,0.0379492750301203,-4.689102203857781,0.009194937631152436,"GARCH(1,1)",22,test
2022-02-02,GLD,-3.377409386010123,0.0341357728968939,-4.712335259072063,0.008983773628277823,"GARCH(1,1)",22,test
2022-02-02,SPY,-2.908669061885258,0.054548281964866004,-4.395573473296536,0.01233180633562074,"GARCH(1,1)",22,test
2022-02-02,TLT,-3.2629899977917693,0.038273788219157195,-4.706495820606934,0.009036387289176221,"GARCH(1,1)",22,test
2022-02-03,GLD,-3.303218470061553,0.036764650854467604,-4.728842328360206,0.008836695111846189,"GARCH(1,1)",22,test
2022-02-03,SPY,-2.861752042724984,0.05716851079699561,-4.454306256473037,0.011628384193286205,"GARCH(1,1)",22,test
2022-02-03,TLT,-3.2662079780710114,0.038150821881195104,-4.723673281177688,0.008882490663532801,"GARCH(1,1)",22,test
2022-02-04,GLD,-3.2761790073737616,0.03777230913515269,-4.741293515006972,0.008727349923009331,"GARCH(1,1)",22,test
2022-02-04,SPY,-2.873575587869435,0.056496556597190994,-4.488802717845299,0.011234086131706974,"GARCH(1,1)",22,test
2022-02-04,TLT,-3.2672752802975853,0.03811012514577709,-4.742507990757332,0.00871675720176645,"GARCH(1,1)",22,test
2022-02-07,GLD,-3.2541401774722996,0.038614007587505494,-4.756078893479892,0.008599261998955181,"GARCH(1,1)",22,test
2022-02-07,SPY,-2.8696333467136226,0.056719719239226994,-4.355991143130078,0.012829717194307437,"GARCH(1,1)",22,test
2022-02-07,TLT,-3.253355339551496,0.0386443252205922,-4.746763555120748,0.00867974129809695,"GARCH(1,1)",22,test
2022-02-08,GLD,-3.2371605557234746,0.039275256824658995,-4.770112172064813,0.008479428951550825,"GARCH(1,1)",22,test
2022-02-08,SPY,-2.866449525685133,0.05690059245525687,-4.426353443284771,0.011958015847214313,"GARCH(1,1)",22,test
2022-02-08,TLT,-3.246693330437732,0.0389026335382297,-4.71142771660609,0.008991930485137314,"GARCH(1,1)",22,test
2022-02-09,GLD,-3.2334403610148423,0.0394216405464245,-4.768718945264113,0.00849125095267287,"GARCH(1,1)",22,test
2022-02-09,SPY,-2.8402377114067767,0.05841177916784291,-4.486613262827839,0.011258709604110738,"GARCH(1,1)",22,test
2022-02-09,TLT,-3.2516323800148523,0.0387109652217954,-4.733701575180494,0.008793859587701338,"GARCH(1,1)",22,test
2022-02-10,GLD,-3.2210007702112375,0.0399150924302003,-4.780213124403872,0.008394209765884652,"GARCH(1,1)",22,test
2022-02-10,SPY,-2.863025958468806,0.057095729299630985,-4.523132828086274,0.010854963609385676,"GARCH(1,1)",22,test
2022-02-10,TLT,-3.249227874199544,0.0388041579591262,-4.742958272019257,0.0087128330928764,"GARCH(1,1)",22,test
2022-02-11,GLD,-3.198425087558108,0.04082645145936959,-4.790479757902885,0.008308470371278154,"GARCH(1,1)",22,test
2022-02-11,SPY,-2.862490485507879,0.057126310705882706,-4.50372566656168,0.011067685125366303,"GARCH(1,1)",22,test
2022-02-11,TLT,-3.2558461167115893,0.038548190592634694,-4.762253386526696,0.008546329499378332,"GARCH(1,1)",22,test
2022-02-14,GLD,-3.195089262771893,0.0409628687536756,-4.799205678870621,0.008236286707941295,"GARCH(1,1)",22,test
2022-02-14,SPY,-2.8703383063001624,0.056679748220035395,-4.435075176332034,0.011854174720765578,"GARCH(1,1)",22,test
2022-02-14,TLT,-3.2394351458865245,0.0391860232352295,-4.715736197643498,0.008953272262063994,"GARCH(1,1)",22,test
2022-02-15,GLD,-3.1846833755902604,0.041391349237947704,-4.713908625797456,0.008969649971541975,"GARCH(1,1)",22,test
2022-02-15,SPY,-2.8622532003774737,0.0571398675383219,-4.368636585253647,0.012668501219995295,"GARCH(1,1)",22,test
2022-02-15,TLT,-3.2407184214434146,0.039135769021338696,-4.687181445276665,0.00921261585887906,"GARCH(1,1)",22,test
2022-02-16,GLD,-3.1757774076226575,0.04176162565594701,-4.723256976589979,0.008886189254963189,"GARCH(1,1)",22,test
2022-02-16,SPY,-2.861608310803892,0.05717672832742501,-4.436875568291765,0.011832851760511864,"GARCH(1,1)",22,test
2022-02-16,TLT,-3.2334311513323044,0.03942200360889089,-4.675111366422605,0.009324486645182492,"GARCH(1,1)",22,test
2022-02-17,GLD,-3.1722249800727123,0.0419102446282291,-4.715574776226353,0.00895471762861404,"GARCH(1,1)",22,test
2022-02-17,SPY,-2.886696915120635,0.05576008907161001,-4.4259111540319775,0.011963305918892962,"GARCH(1,1)",22,test
2022-02-17,TLT,-3.247757868522483,0.03886124223844751,-4.670305409244195,0.009369407586307242,"GARCH(1,1)",22,test
2022-02-18,GLD,-3.1627982539224715,0.04230718903084551,-4.705552999277244,0.009044911005395121,"GARCH(1,1)",22,test
2022-02-18,SPY,-2.8973222471502447,0.05517075608506939,-4.491433393401444,0.0112045717343476,"GARCH(1,1)",22,test
2022-02-18,TLT,-3.2188124062309273,0.040002536825931106,-4.687589754417935,0.009208855031451229,"GARCH(1,1)",22,test
2022-02-22,GLD,-3.1589225294243946,0.042471478203951404,-4.67736845996202,0.00930346414042201,"GARCH(1,1)",22,test
2022-02-22,SPY,-2.930761747713395,0.05335637856162641,-4.3844801274234015,0.012469368932547584,"GARCH(1,1)",22,test
2022-02-22,TLT,-3.2074778568572975,0.040458526893804594,-4.698955938516837,0.009104778089140854,"GARCH(1,1)",22,test
2022-02-23,GLD,-3.1487584259979675,0.0429053639957688,-4.695332026079603,0.00913783286532864,"GARCH(1,1)",22,test
2022-02-23,SPY,-2.948505107170289,0.052418006710606264,-4.438992437923459,0.011807829649581035,"GARCH(1,1)",22,test
2022-02-23,TLT,-3.1875939501250863,0.0412710517831723,-4.696752510784728,0.009124861928195392,"GARCH(1,1)",22,test
2022-02-24,GLD,-3.2749401157424685,0.0378191339322704,-4.711610475816083,0.008990287277185803,"GARCH(1,1)",22,test
2022-02-24,SPY,-2.990534623059955,0.050260559085636126,-4.457953799120488,0.011586046427364115,"GARCH(1,1)",22,test
2022-02-24,TLT,-3.21184867694779,0.040282075850419104,-4.718550814453456,0.008928107662416614,"GARCH(1,1)",22,test
2022-02-25,GLD,-3.2613696810821504,0.0383358541474003,-4.723124642172626,0.008887365281453409,"GARCH(1,1)",22,test
2022-02-25,SPY,-3.00609169627595,0.0494847025642514,-4.405969911547707,0.012204263616325522,"GARCH(1,1)",22,test
2022-02-25,TLT,-3.193367497132901,0.0410334579651713,-4.693992249601794,0.009150083723733193,"GARCH(1,1)",22,test
2022-02-28,GLD,-3.2892444838068733,0.03728200591770559,-4.728104365173999,0.008843218674304881,"GARCH(1,1)",22,test
2022-02-28,SPY,-3.017966075517776,0.04890057736490331,-4.4114109647314175,0.012138039895693753,"GARCH(1,1)",22,test
2022-02-28,TLT,-3.1876036000190964,0.04127065352381849,-4.7174036133418085,0.008938355874708169,"GARCH(1,1)",22,test
2022-03-01,GLD,-3.2917788467251095,0.0371876394143833,-4.740924161643571,0.00873057399443113,"GARCH(1,1)",22,test
2022-03-01,SPY,-3.050703966786353,0.04732559701339199,-4.347638851388227,0.012937323489306773,"GARCH(1,1)",22,test
2022-03-01,TLT,-3.214757514599062,0.04016507208649161,-4.739236710380073,0.008745318849662571,"GARCH(1,1)",22,test
2022-03-02,GLD,-3.299525589719463,0.0369006693062475,-4.728368544318485,0.008840882788920684,"GARCH(1,1)",22,test
2022-03-02,SPY,-3.0659596564844893,0.046609091678437506,-4.419908238518313,0.012035336614375872,"GARCH(1,1)",22,test
2022-03-02,TLT,-3.2177725456531063,0.040044155522059706,-4.650263433645021,0.009559083414640181,"GARCH(1,1)",22,test
2022-03-03,GLD,-3.3062932666529257,0.03665178064672871,-4.664994740432867,0.00941929776480876,"GARCH(1,1)",22,test
2022-03-03,SPY,-3.081584139312057,0.045886508420711195,-4.4044138363143865,0.012223269151866428,"GARCH(1,1)",22,test
2022-03-03,TLT,-3.227100209101035,0.0396723737395435,-4.654349066271928,0.009520108185008721,"GARCH(1,1)",22,test
2022-03-04,GLD,-3.3087989167079224,0.036560059069610705,-4.657809351307948,0.009487222826285118,"GARCH(1,1)",22,test
2022-03-04,SPY,-3.0717475612793144,0.04634010188780479,-4.380058825421269,0.012524621833248092,"GARCH(1,1)",22,test
2022-03-04,TLT,-3.224418317618636,0.0397789135409975,-4.457675662797073,0.011589269375909086,"GARCH(1,1)",22,test
2022-03-07,GLD,-3.309529807814433,0.036533347410429406,-4.6685516974095655,0.009385853243531774,"GARCH(1,1)",22,test
2022-03-07,SPY,-3.089208713874874,0.04553797371872039,-4.441086500373082,0.011783129188080924,"GARCH(1,1)",22,test
2022-03-07,TLT,-3.2254233329843545,0.03973895520439169,-4.4779397666884115,0.011356786699192618,"GARCH(1,1)",22,test
2022-03-08,GLD,-3.402631289463155,0.0332855706584531,-4.630753332659165,0.009747413290996024,"GARCH(1,1)",22,test
2022-03-08,SPY,-3.161252054309588,0.04237265498882399,-4.476964585170951,0.011367867029467956,"GARCH(1,1)",22,test
2022-03-08,TLT,-3.2186620249463553,0.040008552911147105,-4.46720205213457,0.011479389692999904,"GARCH(1,1)",22,test
2022-03-09,GLD,-3.4364877427127984,0.032177502758511,-4.604362451975493,0.010008080603175663,"GARCH(1,1)",22,test
2022-03-09,SPY,-3.17762643395481,0.04168447865583281,-4.262380878273128,0.014088718922151751,"GARCH(1,1)",22,test
2022-03-09,TLT,-3.2045819774471793,0.04057585971765721,-4.493340772732918,0.011183220734504465,"GARCH(1,1)",22,test
2022-03-10,GLD,-3.442816516865227,0.03197450166238121,-4.488260582187847,0.01124017818158739,"GARCH(1,1)",22,test
2022-03-10,SPY,-3.187937828915286,0.0412568619837402,-4.329128001210328,0.013179034583191819,"GARCH(1,1)",22,test
2022-03-10,TLT,-3.199555749452658,0.040780316632774906,-4.510575216480721,0.01099213549945463,"GARCH(1,1)",22,test
2022-03-11,GLD,-3.452042917463135,0.03168084886343799,-4.371470102356845,0.012632655613669004,"GARCH(1,1)",22,test
2022-03-11,SPY,-3.168078296418113,0.042084393976175305,-4.240099997951565,0.014406151185473668,"GARCH(1,1)",22,test
2022-03-11,TLT,-3.1970888521173433,0.040881041675298206,-4.527389212964515,0.01080885889573368,"GARCH(1,1)",22,test
2022-03-14,GLD,-3.4577408119902735,0.031500848027963595,-4.399107036843876,0.012288308011586674,"GARCH(1,1)",22,test
2022-03-14,SPY,-3.2087663117904723,0.040406431473746805,-4.320085070488525,0.013298752162977675,"GARCH(1,1)",22,test
2022-03-14,TLT,-3.183874052572196,0.04142486176903689,-4.523280287344756,0.010853363062511613,"GARCH(1,1)",22,test
2022-03-15,GLD,-3.480946188035216,0.030778275215190592,-4.419549822012855,0.012039651050803634,"GARCH(1,1)",22,test
2022-03-15,SPY,-3.2237990972736443,0.03980355308142881,-4.347400934716158,0.012940401860440218,"GARCH(1,1)",22,test
2022-03-15,TLT,-3.1743741281049247,0.0418202700274564,-4.554748612303894,0.010517143780365898,"GARCH(1,1)",22,test
2022-03-16,GLD,-3.5572609832353534,0.028516825906364902,-4.411942195278834,0.012131593510525365,"GARCH(1,1)",22,test
2022-03-16,SPY,-3.294910034623055,0.03707138003785939,-4.40297166810662,0.012240909879422942,"GARCH(1,1)",22,test
2022-03-16,TLT,-3.220165731101911,0.03994843701350989,-4.487390740618021,0.011249959609351488,"GARCH(1,1)",22,test
2022-03-17,GLD,-3.538586265426891,0.029054373233119005,-4.387252112498381,0.01243485189043705,"GARCH(1,1)",22,test
2022-03-17,SPY,-3.28866084200406,0.0373037716059168,-4.340600802536289,0.01302869817661422,"GARCH(1,1)",22,test
2022-03-17,TLT,-3.248281975155754,0.03884088014003471,-4.521797691096891,0.01086946615210524,"GARCH(1,1)",22,test
2022-03-18,GLD,-3.560790491270224,0.028416352954547596,-4.409778243134785,0.012157874123051774,"GARCH(1,1)",22,test
2022-03-18,SPY,-3.3006822667314024,0.03685801182555539,-4.295727091133336,0.013626660270603289,"GARCH(1,1)",22,test
2022-03-18,TLT,-3.222573185656384,0.039852378641355296,-4.538465638611571,0.010689795986863081,"GARCH(1,1)",22,test
2022-03-21,GLD,-3.562828239708591,0.0283585065339339,-4.433595914005557,0.011871723130992572,"GARCH(1,1)",22,test
2022-03-21,SPY,-3.2574067569753384,0.038488077653838396,-4.339954692316872,0.01303711887170747,"GARCH(1,1)",22,test
2022-03-21,TLT,-3.2173971802418464,0.04005918953441339,-4.560657169843557,0.01045518585242909,"GARCH(1,1)",22,test
2022-03-22,GLD,-3.549384987205986,0.028742311108658495,-4.447901156765979,0.011703104192548176,"GARCH(1,1)",22,test
2022-03-22,SPY,-3.2077231324764184,0.04044860462046761,-4.401251948934885,0.012261978918044368,"GARCH(1,1)",22,test
2022-03-22,TLT,-3.1981926130947445,0.040835943670069194,-4.564471812265258,0.010415379029617857,"GARCH(1,1)",22,test
2022-03-23,GLD,-3.5649962760166485,0.028297090861885903,-4.464831060417874,0.01150663952266931,"GARCH(1,1)",22,test
2022-03-23,SPY,-3.1550524544156784,0.04263616447890149,-4.469195863856577,0.011456524753035723,"GARCH(1,1)",22,test
2022-03-23,TLT,-3.2231914530863977,0.039827746828941094,-4.49545626854871,0.011159587684456582,"GARCH(1,1)",22,test
2022-03-24,GLD,-3.5731911538671555,0.028066147228617097,-4.481590396881653,0.01131540285528593,"GARCH(1,1)",22,test
2022-03-24,SPY,-3.1464449670556887,0.04300473869910269,-4.485511754517371,0.011271117999025254,"GARCH(1,1)",22,test
2022-03-24,TLT,-3.2245332100873685,0.0397743435059536,-4.501489569488319,0.011092461234252652,"GARCH(1,1)",22,test
2022-03-25,GLD,-3.589855908471969,0.027602307395368196,-4.47619284714326,0.0113766434308541,"GARCH(1,1)",22,test
2022-03-25,SPY,-3.1120490771603766,0.04450965811083389,-4.473708345111849,0.011404943866255693,"GARCH(1,1)",22,test
2022-03-25,TLT,-3.2424739115329673,0.03906712683464209,-4.458491559014234,0.01157981759122763,"GARCH(1,1)",22,test
2022-03-28,GLD,-3.631078798421568,0.0264875942153085,-4.492740036239342,0.011189940921644133,"GARCH(1,1)",22,test
2022-03-28,SPY,-3.0452451006153733,0.04758464753171371,-4.46064006804335,0.011554964956192916,"GARCH(1,1)",22,test
2022-03-28,TLT,-3.254837165506087,0.0385871034632959,-4.484476180355923,0.011282796123333922,"GARCH(1,1)",22,test
2022-03-29,GLD,-3.641115028208673,0.026223088175169402,-4.51443819034964,0.010949755077190539,"GARCH(1,1)",22,test
2022-03-29,SPY,-2.9901234315747662,0.0502812300491438,-4.514440993111126,0.010949724387681735,"GARCH(1,1)",22,test
2022-03-29,TLT,-3.246750360542617,0.038900414980221606,-4.486742390110347,0.011257255891394013,"GARCH(1,1)",22,test
2022-03-30,GLD,-3.6194133882469255,0.026798392134486995,-4.479950617996171,0.011333972835138147,"GARCH(1,1)",22,test
2022-03-30,SPY,-2.9356022981116205,0.05309872840948699,-4.550323929884826,0.010563781904905195,"GARCH(1,1)",22,test
2022-03-30,TLT,-3.247586531659952,0.038867901172210804,-4.509593066953796,0.011002936723475588,"GARCH(1,1)",22,test
2022-03-31,GLD,-3.6188421931535664,0.026813703617089697,-4.505006541492735,0.011053517880115998,"GARCH(1,1)",22,test
2022-03-31,SPY,-2.932276358278378,0.05327562559703199,-4.542276422655827,0.010649137003387123,"GARCH(1,1)",22,test
2022-03-31,TLT,-3.2438911537804187,0.03901179846811569,-4.533834721280009,0.010739414348962265,"GARCH(1,1)",22,test
2022-04-01,GLD,-3.5814907685353896,0.027834173001347495,-4.518085665888305,0.01090988886311105,"GARCH(1,1)",22,test
2022-04-01,SPY,-2.872538232268304,0.0565551940252956,-4.5692529293999415,0.010365700735978905,"GARCH(1,1)",22,test
2022-04-01,TLT,-3.27710620523356,0.03773730296229509,-4.5559367876630095,0.010504654990183437,"GARCH(1,1)",22,test
2022-04-04,GLD,-3.5539848236513447,0.028610404784833104,-4.5419900037924155,0.010652187553950705,"GARCH(1,1)",22,test
2022-04-04,SPY,-2.8115677196162876,0.060110681790407884,-4.506336031657295,0.011038832101273011,"GARCH(1,1)",22,test
2022-04-04,TLT,-3.224965557625461,0.0397571508833214,-4.587232696226352,0.010180993327687609,"GARCH(1,1)",22,test
2022-04-05,GLD,-3.5669097646741696,0.0282429964704883,-4.557279130077822,0.010490563606084344,"GARCH(1,1)",22,test
2022-04-05,SPY,-2.795028085961927,0.061113157886658796,-4.557626004119324,0.010486925332936397,"GARCH(1,1)",22,test
2022-04-05,TLT,-3.2118759240036243,0.0402809782974019,-4.617201975313885,0.009880403032275907,"GARCH(1,1)",22,test
2022-04-06,GLD,-3.5850705864021983,0.0277347098677,-4.5754507283077315,0.010301654883949294,"GARCH(1,1)",22,test
2022-04-06,SPY,-2.7798524132358806,0.062047664115602995,-4.576756055616353,0.010288216625076523,"GARCH(1,1)",22,test
2022-04-06,TLT,-3.216547073590887,0.040093258596985225,-4.635723121331182,0.009699090882379182,"GARCH(1,1)",22,test
2022-04-07,GLD,-3.560253867816858,0.028431605928187807,-4.5893921573572625,0.01015903158961674,"GARCH(1,1)",22,test
2022-04-07,SPY,-2.7524479189448656,0.0637715623656512,-4.54271298437973,0.010644489012420145,"GARCH(1,1)",22,test
2022-04-07,TLT,-3.2061792583873396,0.0405111004034771,-4.55228296018639,0.010543107393663419,"GARCH(1,1)",22,test
2022-04-08,GLD,-3.5573753468572806,0.0285135648053476,-4.609875168520477,0.009953060685594045,"GARCH(1,1)",22,test
2022-04-08,SPY,-2.712717679163295,0.06635622651248592,-4.54260047540086,0.010645686680382455,"GARCH(1,1)",22,test
2022-04-08,TLT,-3.1808341367800024,0.04155098146001459,-4.571330358525333,0.01034418907957218,"GARCH(1,1)",22,test
2022-04-11,GLD,-3.562166057743912,0.0283772912442677,-4.627699971332929,0.009777221149692806,"GARCH(1,1)",22,test
2022-04-11,SPY,-2.679344687544514,0.06860809916808788,-4.582091053275239,0.010233475166083883,"GARCH(1,1)",22,test
2022-04-11,TLT,-3.1867490617323826,0.0413059359503174,-4.590841543687557,0.01014431789359244,"GARCH(1,1)",22,test
2022-04-12,GLD,-3.5612944995952054,0.028402034484709997,-4.63924556765377,0.009664986456136414,"GARCH(1,1)",22,test
2022-04-12,SPY,-2.6845009043012373,0.06825525139905078,-4.617002771052158,0.00988237144671928,"GARCH(1,1)",22,test
2022-04-12,TLT,-3.1909509712888515,0.0411327362828129,-4.596270149429197,0.010089397596424472,"GARCH(1,1)",22,test
2022-04-13,GLD,-3.5523799526176467,0.02865635765909,-4.653428007161021,0.009528880806820782,"GARCH(1,1)",22,test
2022-04-13,SPY,-2.675918708432867,0.0688435521809804,-4.51618113086382,0.010930686927598555,"GARCH(1,1)",22,test
2022-04-13,TLT,-3.198095704875787,0.04083990120039522,-4.573725431090735,0.010319443641485387,"GARCH(1,1)",22,test
2022-04-14,GLD,-3.562869436119062,0.02835733828932229,-4.658986064399528,0.009476065652666229,"GARCH(1,1)",22,test
2022-04-14,SPY,-2.6717225017550836,0.0691330409068469,-4.559633050260109,0.010465898697690145,"GARCH(1,1)",22,test
2022-04-14,TLT,-3.219052325128388,0.0399929406126027,-4.604315405988352,0.010008551454282763,"GARCH(1,1)",22,test
2022-04-18,GLD,-3.5570351098564825,0.0285232678256887,-4.672501116388862,0.0093488576801727,"GARCH(1,1)",22,test
2022-04-18,SPY,-2.6528792982438385,0.07044807972780091,-4.557057785407531,0.010492885893430373,"GARCH(1,1)",22,test
2022-04-18,TLT,-3.2118447651025397,0.0402822334279744,-4.6330327846953585,0.009725219833992202,"GARCH(1,1)",22,test
2022-04-19,GLD,-3.5667671381397437,0.028247024958474504,-4.68792503507925,0.009205767997986565,"GARCH(1,1)",22,test
2022-04-19,SPY,-2.643557954201971,0.07110782057481271,-4.530478815075785,0.010775515358124878,"GARCH(1,1)",22,test
2022-04-19,TLT,-3.203206438823263,0.040631711784428495,-4.572978525812393,0.01032715416756863,"GARCH(1,1)",22,test
2022-04-20,GLD,-3.556898532628354,0.0285271637205847,-4.703094968795365,0.009067171019040544,"GARCH(1,1)",22,test
2022-04-20,SPY,-2.5672165838086194,0.0767488724514843,-4.579545065201579,0.010259562666950148,"GARCH(1,1)",22,test
2022-04-20,TLT,-3.205609237964573,0.0405341991408064,-4.598676119456336,0.010065151987016211,"GARCH(1,1)",22,test
2022-04-21,GLD,-3.566766072237572,0.028247055067055802,-4.662337264351766,0.00944436261318599,"GARCH(1,1)",22,test
2022-04-21,SPY,-2.573640622804244,0.07625741496315311,-4.525279167438072,0.010831690159124214,"GARCH(1,1)",22,test
2022-04-21,TLT,-3.21669697705652,0.0400872489290193,-4.616158606357898,0.00989071731793947,"GARCH(1,1)",22,test
2022-04-22,GLD,-3.5914010637233704,0.027559690478500893,-4.675218420901214,0.009323488470556881,"GARCH(1,1)",22,test
2022-04-22,SPY,-2.570938181797237,0.0764637748405449,-4.5742747834427435,0.010313776187706581,"GARCH(1,1)",22,test
2022-04-22,TLT,-3.218002301242387,0.040034956210347604,-4.562822412516685,0.010432572328584199,"GARCH(1,1)",22,test
2022-04-25,GLD,-3.5806284837107185,0.027858184337151294,-4.6898847833752475,0.009187744676194627,"GARCH(1,1)",22,test
2022-04-25,SPY,-2.5796701180838157,0.0757990046198852,-4.515026101682287,0.010943319484055384,"GARCH(1,1)",22,test
2022-04-25,TLT,-3.2185447121162487,0.0400132467030332,-4.58288574991291,0.010225345888360375,"GARCH(1,1)",22,test
2022-04-26,GLD,-3.585444382386016,0.027724344681892204,-4.683414954888142,0.009247380517241563,"GARCH(1,1)",22,test
2022-04-26,SPY,-2.575501864009692,0.076115613524479,-4.307128286186347,0.013472182348739342,"GARCH(1,1)",22,test
2022-04-26,TLT,-3.2172806036063086,0.04006385977216669,-4.604763800662312,0.01000406467911483,"GARCH(1,1)",22,test
2022-04-27,GLD,-3.592285818135459,0.0275353177043039,-4.625073300018511,0.009802936454062577,"GARCH(1,1)",22,test
2022-04-27,SPY,-2.58660993575294,0.07527479441382258,-4.3794435259157485,0.012532330598225354,"GARCH(1,1)",22,test
2022-04-27,TLT,-3.2174672816522425,0.040056381427154994,-4.613005320651401,0.0099219547999545,"GARCH(1,1)",22,test
2022-04-28,GLD,-3.578643729057364,0.027913530904658507,-4.644457310346579,0.009614746067307396,"GARCH(1,1)",22,test
2022-04-28,SPY,-2.6062824000112688,0.07380842455630708,-4.212734741548463,0.014805822823769537,"GARCH(1,1)",22,test
2022-04-28,TLT,-3.2103012747762967,0.040344456673725694,-4.620222913478045,0.00985059998492538,"GARCH(1,1)",22,test
2022-04-29,GLD,-3.59119642151421,0.0275653309315619,-4.650411331620902,0.009557669750093515,"GARCH(1,1)",22,test
2022-04-29,SPY,-2.6184641418499774,0.0729147636075201,-4.300877155612101,0.013556662492827392,"GARCH(1,1)",22,test
2022-04-29,TLT,-3.2220747983668394,0.03987224551061461,-4.612150966623844,0.009930435284151154,"GARCH(1,1)",22,test
2022-05-02,GLD,-3.6161567138935338,0.026885808036165502,-4.662631987000503,0.009441579555756176,"GARCH(1,1)",22,test
2022-05-02,SPY,-2.6342095434896513,0.0717756825465569,-4.23431304066184,0.014489760655978606,"GARCH(1,1)",22,test
2022-05-02,TLT,-3.22128886551684,0.0399035947357439,-4.640448597827428,0.0096533661769764,"GARCH(1,1)",22,test
2022-05-03,GLD,-3.610742229812209,0.027031775628787783,-4.680909253863388,0.009270580742355204,"GARCH(1,1)",22,test
2022-05-03,SPY,-2.6373994478991336,0.0715470897687,-4.03293893031194,0.017722169122651992,"GARCH(1,1)",22,test
2022-05-03,TLT,-3.2252726235213403,0.03974494469231621,-4.629101291674878,0.0097635297260837,"GARCH(1,1)",22,test
2022-05-04,GLD,-3.666028145855495,0.02557785998936581,-4.618867614727939,0.00986395954182319,"GARCH(1,1)",22,test
2022-05-04,SPY,-2.669528787585969,0.06928486550724028,-4.13196933648172,0.01605123738913286,"GARCH(1,1)",22,test
2022-05-04,TLT,-3.231378262849155,0.03950301571203791,-4.578401416125883,0.01027130271828108,"GARCH(1,1)",22,test
2022-05-05,GLD,-3.711585831273767,0.024438736812262815,-4.637465693257254,0.009682204236269951,"GARCH(1,1)",22,test
2022-05-05,SPY,-2.708101948700674,0.06666321691602799,-4.2251249075509545,0.014623508008940479,"GARCH(1,1)",22,test
2022-05-05,TLT,-3.2825112627608264,0.03753388091802749,-4.599485671113427,0.010057007023875287,"GARCH(1,1)",22,test
2022-05-06,GLD,-3.743376341019296,0.023674036420846804,-4.635790771408945,0.009698434760320366,"GARCH(1,1)",22,test
2022-05-06,SPY,-2.728098068957963,0.06534345029473429,-4.129586511490195,0.01608953028324267,"GARCH(1,1)",22,test
2022-05-06,TLT,-3.3103081450191083,0.0365049232101698,-4.62235084764771,0.009829660843084675,"GARCH(1,1)",22,test
2022-05-09,GLD,-3.738939023960936,0.023779319039928793,-4.651864646988658,0.009543789530377145,"GARCH(1,1)",22,test
2022-05-09,SPY,-2.729916687380164,0.0652247234843632,-3.990123451816229,0.018497430437476703,"GARCH(1,1)",22,test
2022-05-09,TLT,-3.326605009901408,0.0359148288134986,-4.49798182844786,0.011131439037818323,"GARCH(1,1)",22,test
2022-05-10,GLD,-3.650412730205781,0.025980403668266788,-4.669959635881699,0.00937264783803704,"GARCH(1,1)",22,test
2022-05-10,SPY,-2.763015211114749,0.06310121773575601,-4.089081619649168,0.016754613603053154,"GARCH(1,1)",22,test
2022-05-10,TLT,-3.321446430693592,0.036100576989095516,-4.493251226901405,0.011184222190141552,"GARCH(1,1)",22,test
2022-05-11,GLD,-3.6423495743943297,0.0261907345368262,-4.6392145156977795,0.009665286577530153,"GARCH(1,1)",22,test
2022-05-11,SPY,-2.7888491343532955,0.06149194217162761,-4.0010399529913,0.018296601386053966,"GARCH(1,1)",22,test
2022-05-11,TLT,-3.310735326907372,0.0364893322984566,-4.513701623715294,0.010957823272451607,"GARCH(1,1)",22,test
2022-05-12,GLD,-3.6707543367664,0.025457259355260792,-4.642383408883298,0.009634706794381637,"GARCH(1,1)",22,test
2022-05-12,SPY,-2.8134010183408313,0.06000058190797409,-4.106451491484702,0.01646610107884694,"GARCH(1,1)",22,test
2022-05-12,TLT,-3.277894557183258,0.0377075644096916,-4.531955650992188,0.01075961343518195,"GARCH(1,1)",22,test
2022-05-13,GLD,-3.607822670633909,0.0271108118167036,-4.646737148905716,0.009592850966617852,"GARCH(1,1)",22,test
2022-05-13,SPY,-2.7660348010738924,0.062910965318974,-4.148835622662005,0.0157827829048027,"GARCH(1,1)",22,test
2022-05-13,TLT,-3.2400328448797806,0.03916260878668531,-4.498537904519585,0.011125250831641674,"GARCH(1,1)",22,test
2022-05-16,GLD,-3.5867935463207727,0.027686965217115497,-4.613507420673655,0.00991697423670373,"GARCH(1,1)",22,test
2022-05-16,SPY,-2.7653312563147696,0.06295524157225219,-4.242997011072289,0.014364476771279258,"GARCH(1,1)",22,test
2022-05-16,TLT,-3.1918415974441663,0.0410961187007484,-4.531533850869351,0.010764152798735346,"GARCH(1,1)",22,test
2022-05-17,GLD,-3.5849205803096047,0.027738870555212906,-4.619653158582399,0.009856214011649577,"GARCH(1,1)",22,test
2022-05-17,SPY,-2.753818263408105,0.0636842332074314,-4.204932282129739,0.014921796507135038,"GARCH(1,1)",22,test
2022-05-17,TLT,-3.161909039018737,0.04234482594503939,-4.522500830100695,0.010861826092829777,"GARCH(1,1)",22,test
2022-05-18,GLD,-3.5842110992503144,0.027758557741495004,-4.6204579268398405,0.009848285234316538,"GARCH(1,1)",22,test
2022-05-18,SPY,-2.775745195414421,0.06230303145309069,-4.288944224967222,0.013719402256181089,"GARCH(1,1)",22,test
2022-05-18,TLT,-3.166476296585909,0.04215186719987978,-4.55501996693939,0.010514290291820102,"GARCH(1,1)",22,test
2022-05-19,GLD,-3.5974417799129883,0.027393712029115704,-4.631838808434953,0.009736838450397026,"GARCH(1,1)",22,test
2022-05-19,SPY,-2.768027771282031,0.0627857104953526,-4.269112361751548,0.013994199428611957,"GARCH(1,1)",22,test
2022-05-19,TLT,-3.1781588371871092,0.0416622916114109,-4.557172669765344,0.010491680494214988,"GARCH(1,1)",22,test
2022-05-20,GLD,-3.5724271776228997,0.028087597290993294,-4.651321781123631,0.009548971934484061,"GARCH(1,1)",22,test
2022-05-20,SPY,-2.8731238367275393,0.0565220847468982,-4.00193164670015,0.018280293693518638,"GARCH(1,1)",22,test
2022-05-20,TLT,-3.171143541206906,0.041955592511707794,-4.504859688284963,0.011055141243869027,"GARCH(1,1)",22,test
2022-05-23,GLD,-3.5760759512763283,0.027985298751613805,-4.623191448422262,0.009821401494460166,"GARCH(1,1)",22,test
2022-05-23,SPY,-2.884615221353058,0.055876285402137564,-4.098774030183133,0.016593005461061735,"GARCH(1,1)",22,test
2022-05-23,TLT,-3.1668422119283903,0.0421364460065548,-4.53724510242012,0.010702851235325186,"GARCH(1,1)",22,test
2022-05-24,GLD,-3.579235917652551,0.0278970057235002,-4.642978000508508,0.009628979781196104,"GARCH(1,1)",22,test
2022-05-24,SPY,-2.9142415428697745,0.0542451580613698,-4.196962951766044,0.015041188337707656,"GARCH(1,1)",22,test
2022-05-24,TLT,-3.1800828995994226,0.041582207829913405,-4.545166046899817,0.01061840941589654,"GARCH(1,1)",22,test
2022-05-25,GLD,-3.5972350922143495,0.027399374557579504,-4.657224690132096,0.009492771258956844,"GARCH(1,1)",22,test
2022-05-25,SPY,-2.8853077118427284,0.05583760500034939,-4.2135111613491,0.014794331751289802,"GARCH(1,1)",22,test
2022-05-25,TLT,-3.1765129563234424,0.0417309192408694,-4.524357898334815,0.010841673658642578,"GARCH(1,1)",22,test
2022-05-26,GLD,-3.5927466979510685,0.027522630156099605,-4.6628536019563285,0.009439487392355915,"GARCH(1,1)",22,test
2022-05-26,SPY,-2.8971456893759338,0.055180497770930696,-4.284092174497575,0.013786131243635634,"GARCH(1,1)",22,test
2022-05-26,TLT,-3.1787444580967867,0.04163790044498379,-4.488479123538629,0.011237722006262265,"GARCH(1,1)",22,test
2022-05-27,GLD,-3.573855531068447,0.0280475069130563,-4.672443445679225,0.009349396850976435,"GARCH(1,1)",22,test
2022-05-27,SPY,-2.8688023937214813,0.056766870247064685,-4.347109771501714,0.012944170178013213,"GARCH(1,1)",22,test
2022-05-27,TLT,-3.1769829299290406,0.0417113114182293,-4.519801848496194,0.010891181558756879,"GARCH(1,1)",22,test
2022-05-31,GLD,-3.5746546638850014,0.028025102183229296,-4.689388957939557,0.00919230132325912,"GARCH(1,1)",22,test
2022-05-31,SPY,-2.8626989673986576,0.05711440214601621,-4.315332898525185,0.013362100522085007,"GARCH(1,1)",22,test
2022-05-31,TLT,-3.134103913279555,0.0435387508507989,-4.548674903814075,0.010581216227547643,"GARCH(1,1)",22,test
2022-06-01,GLD,-3.543690978898111,0.028906436890244094,-4.706358927572509,0.009037624392325942,"GARCH(1,1)",22,test
2022-06-01,SPY,-2.861961661094952,0.05715652848284929,-4.246082306928866,0.014320226408447264,"GARCH(1,1)",22,test
2022-06-01,TLT,-3.131766098470778,0.0436406554579311,-4.579263317298586,0.010262453684467125,"GARCH(1,1)",22,test
2022-06-02,GLD,-3.4856969752118943,0.030632400963105898,-4.697910969165942,0.009114297275953722,"GARCH(1,1)",22,test
2022-06-02,SPY,-2.8687278399704375,0.05677110258794311,-4.32015978363674,0.013297758608452505,"GARCH(1,1)",22,test
2022-06-02,TLT,-3.123155181634659,0.04401806409795772,-4.518700298418957,0.010903185350819375,"GARCH(1,1)",22,test
2022-06-03,GLD,-3.49654171448139,0.030301995380857503,-4.704602500696025,0.009053512267569185,"GARCH(1,1)",22,test
2022-06-03,SPY,-2.8606077759108586,0.057233964267689,-4.37348223494334,0.012607262591286018,"GARCH(1,1)",22,test
2022-06-03,TLT,-3.1167784677490142,0.0442996515456345,-4.549818223595351,0.010569125426867595,"GARCH(1,1)",22,test
2022-06-06,GLD,-3.479595118931265,0.030819886895704907,-4.684439466975476,0.009237911315609493,"GARCH(1,1)",22,test
2022-06-06,SPY,-2.862114328025294,0.057147803237142,-4.343364956555538,0.01299273457554843,"GARCH(1,1)",22,test
2022-06-06,TLT,-3.1195240569651563,0.0441781897185142,-4.581352347708681,0.01024103748397357,"GARCH(1,1)",22,test
2022-06-07,GLD,-3.475505379556804,0.030946190298613205,-4.676697267891035,0.009309710647854385,"GARCH(1,1)",22,test
2022-06-07,SPY,-2.870473022732786,0.05667211304085679,-4.329103629532799,0.013179355782286881,"GARCH(1,1)",22,test
2022-06-07,TLT,-3.123039865255889,0.044023140394394394,-4.610604460253147,0.00994580464692739,"GARCH(1,1)",22,test
2022-06-08,GLD,-3.4737725069392913,0.030999862594593208,-4.689576443403666,0.00919057806192757,"GARCH(1,1)",22,test
2022-06-08,SPY,-2.857478744091628,0.05741333163978421,-4.403489712953949,0.01223457018139902,"GARCH(1,1)",22,test
2022-06-08,TLT,-3.1171550190781314,0.0442829735932152,-4.565099395907977,0.01040884455878413,"GARCH(1,1)",22,test
2022-06-09,GLD,-3.431570614754601,0.0323361132915174,-4.696358603299189,0.009128456987627345,"GARCH(1,1)",22,test
2022-06-09,SPY,-2.861720745954403,0.05717030001476069,-4.443513726343229,0.011754563552556569,"GARCH(1,1)",22,test
2022-06-09,TLT,-3.080193788185552,0.0459503511510069,-4.572537110905885,0.010331713733616174,"GARCH(1,1)",22,test
2022-06-10,GLD,-3.4893891284706737,0.030519509977719607,-4.71284262089134,0.008979216760633882,"GARCH(1,1)",22,test
2022-06-10,SPY,-2.843042709894668,0.05824816379331849,-4.45519179874065,0.01161809132563632,"GARCH(1,1)",22,test
2022-06-10,TLT,-3.0780713325111506,0.046047982306797505,-4.586384289665564,0.010189634614365986,"GARCH(1,1)",22,test
2022-06-13,GLD,-3.4973336806482545,0.0302780067260827,-4.726133224451819,0.008860667093744492,"GARCH(1,1)",22,test
2022-06-13,SPY,-2.8628909686426924,0.0571034371624308,-4.316691666622498,0.01334395685549165,"GARCH(1,1)",22,test
2022-06-13,TLT,-3.1115108327120735,0.044533621635746506,-4.613908047992019,0.009913002021651062,"GARCH(1,1)",22,test
2022-06-14,GLD,-3.4955347289645866,0.030332524419906606,-4.696826628479415,0.00912418563952773,"GARCH(1,1)",22,test
2022-06-14,SPY,-2.868483424899336,0.05678497999687351,-4.167427903064125,0.015492055992302411,"GARCH(1,1)",22,test
2022-06-14,TLT,-3.1362128042405786,0.043447029122231307,-4.633648586106028,0.00971923287347792,"GARCH(1,1)",22,test
2022-06-15,GLD,-3.5676783568371824,0.028221297464652198,-4.559388673912698,0.010468456628322397,"GARCH(1,1)",22,test
2022-06-15,SPY,-2.9328473392417655,0.053245214911790906,-3.975594304931414,0.018768144178949876,"GARCH(1,1)",22,test
2022-06-15,TLT,-3.15419731636651,0.042672639878946476,-4.4585863670254415,0.011578719783792957,"GARCH(1,1)",22,test
2022-06-16,GLD,-3.5899601349744628,0.027599430653326595,-4.569281697522206,0.010365402538522082,"GARCH(1,1)",22,test
2022-06-16,SPY,-2.9429631859711054,0.0527093096165271,-4.079967367366216,0.01690801739684253,"GARCH(1,1)",22,test
2022-06-16,TLT,-3.1918946161533124,0.041093939895343205,-4.465880067391348,0.011494575306398577,"GARCH(1,1)",22,test
2022-06-17,GLD,-3.5875746180271912,0.027665348155284496,-4.558892574871096,0.010473651308054043,"GARCH(1,1)",22,test
2022-06-17,SPY,-2.957611486608094,0.051942835281465385,-4.143516107840089,0.015866963353461966,"GARCH(1,1)",22,test
2022-06-17,TLT,-3.2183309233985304,0.040021801998217796,-4.443745204185563,0.01175184294644001,"GARCH(1,1)",22,test
2022-06-21,GLD,-3.569742950503654,0.028163092058578698,-4.557504961312038,0.010488194776645464,"GARCH(1,1)",22,test
2022-06-21,SPY,-2.941545514866928,0.05278408707408809,-4.016427569366589,0.018017215358163512,"GARCH(1,1)",22,test
2022-06-21,TLT,-3.218829613684279,0.040001848490067,-4.468378534192548,0.011465892338244214,"GARCH(1,1)",22,test
2022-06-22,GLD,-3.576304916696338,0.027978891819441996,-4.566745876966234,0.010391720694307424,"GARCH(1,1)",22,test
2022-06-22,SPY,-2.9761918956642672,0.050986627033873605,-4.118742025739006,0.016264962481857558,"GARCH(1,1)",22,test
2022-06-22,TLT,-3.2178916947021836,0.0400393845832402,-4.500669980164134,0.011101556223628167,"GARCH(1,1)",22,test
2022-06-23,GLD,-3.615369991690303,0.026906968020722805,-4.585991296610302,0.01019363985696981,"GARCH(1,1)",22,test
2022-06-23,SPY,-2.9930693543851814,0.05013332339436719,-4.099402543461827,0.016582579813468196,"GARCH(1,1)",22,test
2022-06-23,TLT,-3.229890790016621,0.0395618190980901,-4.48138324131163,0.01131774714682259,"GARCH(1,1)",22,test
2022-06-24,GLD,-3.558714165020087,0.028475415869842,-4.604072087439182,0.010010987016798669,"GARCH(1,1)",22,test
2022-06-24,SPY,-2.9780519507408747,0.0508918772466495,-4.195794127273252,0.015058779125306523,"GARCH(1,1)",22,test
2022-06-24,TLT,-3.2328354014213314,0.039445496261209204,-4.396015941030249,0.012326351116187123,"GARCH(1,1)",22,test
2022-06-27,GLD,-3.5557231614096705,0.0285607134405978,-4.616663886837826,0.009885720993925021,"GARCH(1,1)",22,test
2022-06-27,SPY,-2.949112873601003,0.05238615848488419,-4.265298069675581,0.01404767932172916,"GARCH(1,1)",22,test
2022-06-27,TLT,-3.217425501566656,0.040058055021160506,-4.4223576531481354,0.012005893159133618,"GARCH(1,1)",22,test
2022-06-28,GLD,-3.537337621905926,0.029090674446933498,-4.636462730467179,0.009691919998304283,"GARCH(1,1)",22,test
2022-06-28,SPY,-2.9913934758911487,0.05021741119366489,-4.129916730284663,0.01608421809508944,"GARCH(1,1)",22,test
2022-06-28,TLT,-3.1900441884505377,0.041170051658081096,-4.427196478768808,0.011947939063676288,"GARCH(1,1)",22,test
2022-06-29,GLD,-3.5410779436805497,0.028982069199762206,-4.655392242609657,0.009510182211587939,"GARCH(1,1)",22,test
2022-06-29,SPY,-2.9876052882748128,0.05040800494339031,-4.220291652949886,0.01469435822695579,"GARCH(1,1)",22,test
2022-06-29,TLT,-3.1881136301980244,0.0412496096119885,-4.450746533903341,0.011669851777707775,"GARCH(1,1)",22,test
2022-06-30,GLD,-3.520456738168951,0.029585919062966905,-4.673173043801106,0.00934257803639288,"GARCH(1,1)",22,test
2022-06-30,SPY,-3.0112733783000056,0.049228951752439104,-4.197296973566876,0.015036165091875955,"GARCH(1,1)",22,test
2022-06-30,TLT,-3.1386361647309866,0.043341868780603796,-4.481947325748192,0.011311364782065677,"GARCH(1,1)",22,test
2022-07-01,GLD,-3.5187101161956114,0.0296376396342983,-4.69069029980574,0.009180346776863527,"GARCH(1,1)",22,test
2022-07-01,SPY,-3.0332559408622672,0.0481585810885684,-4.285964388922682,0.013760344796266435,"GARCH(1,1)",22,test
2022-07-01,TLT,-3.1331310316757404,0.043581129511922,-4.473808220477425,0.011403804850198445,"GARCH(1,1)",22,test
2022-07-05,GLD,-3.5417434186001615,0.0289627887756222,-4.698487171713926,0.009109047107365757,"GARCH(1,1)",22,test
2022-07-05,SPY,-3.071205529388839,0.046365226509393793,-4.343243463255588,0.012994313201641697,"GARCH(1,1)",22,test
2022-07-05,TLT,-3.148500674871004,0.04291642432703669,-4.494482770237242,0.01117045681390528,"GARCH(1,1)",22,test
2022-07-06,GLD,-3.6025002118022247,0.027255492683921304,-4.714845046823683,0.008961254534156254,"GARCH(1,1)",22,test
2022-07-06,SPY,-3.095718162516727,0.0452425093160285,-4.386726145246242,0.01244139393561657,"GARCH(1,1)",22,test
2022-07-06,TLT,-3.1602942818325626,0.04241325779257091,-4.51551462770754,0.010937974693325754,"GARCH(1,1)",22,test
2022-07-07,GLD,-3.609057329943647,0.027077359855636595,-4.624525839485151,0.00980830464418425,"GARCH(1,1)",22,test
2022-07-07,SPY,-3.1004883280434616,0.045027208975132,-4.455055687135434,0.011619672790321608,"GARCH(1,1)",22,test
2022-07-07,TLT,-3.1694506062635814,0.042026680757247796,-4.536580199225418,0.010709969961673652,"GARCH(1,1)",22,test
2022-07-08,GLD,-3.6290490491900464,0.0265414119891275,-4.591460536192002,0.010138040579859111,"GARCH(1,1)",22,test
2022-07-08,SPY,-3.11553410988166,0.044354810477164094,-4.511787821363847,0.01097881446048274,"GARCH(1,1)",22,test
2022-07-08,TLT,-3.176287647022377,0.04174032266441599,-4.512565461692529,0.010970280210315778,"GARCH(1,1)",22,test
2022-07-11,GLD,-3.621891613438629,0.02673206190856839,-4.612370399479592,0.009928256459439538,"GARCH(1,1)",22,test
2022-07-11,SPY,-3.1158513307406337,0.044340742437540694,-4.481606842740837,0.011315216765294163,"GARCH(1,1)",22,test
2022-07-11,TLT,-3.1408992225748458,0.04324389452700791,-4.530215431712186,0.010778353823390268,"GARCH(1,1)",22,test
2022-07-12,GLD,-3.61493376378983,0.02691870815139069,-4.632459227323594,0.00973079940546924,"GARCH(1,1)",22,test
2022-07-12,SPY,-3.137072904544458,0.0434096763851336,-4.535748482128803,0.010718881332150891,"GARCH(1,1)",22,test
2022-07-12,TLT,-3.1154808196294206,0.0443571742191841,-4.5377693672096155,0.010697241577876722,"GARCH(1,1)",22,test
2022-07-13,GLD,-3.678090240432057,0.02527119067843039,-4.645471555029092,0.00960499930587093,"GARCH(1,1)",22,test
2022-07-13,SPY,-3.1630135180907906,0.04229808278914381,-4.5182671420230935,0.010907909158289217,"GARCH(1,1)",22,test
2022-07-13,TLT,-3.151221888228487,0.04279979833397559,-4.513104870106441,0.010964364344544685,"GARCH(1,1)",22,test
2022-07-14,GLD,-3.7095624203084743,0.024488236482506,-4.661156276133966,0.009455522882933196,"GARCH(1,1)",22,test
2022-07-14,SPY,-3.207530850225976,0.0404563829169815,-4.5281718635429264,0.010800402645643126,"GARCH(1,1)",22,test
2022-07-14,TLT,-3.168464427022605,0.042068147040610994,-4.539066149087378,0.010683378579441773,"GARCH(1,1)",22,test
2022-07-15,GLD,-3.718738259957425,0.024264564111520302,-4.673985442025666,0.009334991224756724,"GARCH(1,1)",22,test
2022-07-15,SPY,-3.208309456712732,0.04042489557452691,-4.559901946791736,0.010463084832166273,"GARCH(1,1)",22,test
2022-07-15,TLT,-3.153537399401227,0.0427008095717628,-4.545026391528761,0.010619892437357087,"GARCH(1,1)",22,test
2022-07-18,GLD,-3.722801776923911,0.02416616470280111,-4.646266214579939,0.009597369633334213,"GARCH(1,1)",22,test
2022-07-18,SPY,-3.228901741861779,0.039600966998659407,-4.597455828578699,0.010077441897275595,"GARCH(1,1)",22,test
2022-07-18,TLT,-3.160726406449069,0.0423949339391917,-4.562640086912645,0.010434474627049292,"GARCH(1,1)",22,test
2022-07-19,GLD,-3.703877415087165,0.024627848706868204,-4.664117469138358,0.009427564669981377,"GARCH(1,1)",22,test
2022-07-19,SPY,-3.249321871384059,0.03880051064895171,-4.489833108179869,0.011222516599529829,"GARCH(1,1)",22,test
2022-07-19,TLT,-3.1699390371125915,0.042006158642109506,-4.5868614776764,0.01018477340284139,"GARCH(1,1)",22,test
2022-07-20,GLD,-3.7119717239965415,0.0244293079009643,-4.681879960921839,0.009261586090484969,"GARCH(1,1)",22,test
2022-07-20,SPY,-3.2651401098866946,0.03819158369033359,-4.510311516921356,0.010995034502958486,"GARCH(1,1)",22,test
2022-07-20,TLT,-3.184392461045114,0.041403392335155394,-4.592395644338487,0.010128564846631636,"GARCH(1,1)",22,test
2022-07-21,GLD,-3.722544741545892,0.024172377060444408,-4.69774436672724,0.009115815866603897,"GARCH(1,1)",22,test
2022-07-21,SPY,-3.292114438325528,0.03717516164879021,-4.326851815363239,0.013209066681540572,"GARCH(1,1)",22,test
2022-07-21,TLT,-3.192199012931453,0.041081432936073595,-4.615266351553693,0.009899546296246845,"GARCH(1,1)",22,test
2022-07-22,GLD,-3.7459114939580016,0.023614095130116697,-4.692749631347116,0.00916146085204985,"GARCH(1,1)",22,test
2022-07-22,SPY,-3.3302188284215277,0.03578527337590139,-4.392624522757431,0.012368225895910308,"GARCH(1,1)",22,test
2022-07-22,TLT,-3.174589721193158,0.04181125483813159,-4.642282925151212,0.009635674974320236,"GARCH(1,1)",22,test
2022-07-25,GLD,-3.740131099283939,0.023750989189516097,-4.66345345577811,0.009433826777708352,"GARCH(1,1)",22,test
2022-07-25,SPY,-3.3298300922901607,0.0357991871088436,-4.429388087890285,0.011921782524366039,"GARCH(1,1)",22,test
2022-07-25,TLT,-3.1717155857454093,0.041931598907511206,-4.601020613628183,0.010041581937562044,"GARCH(1,1)",22,test
2022-07-26,GLD,-3.739665413664073,0.023762052259395604,-4.680027376954658,0.009278759859399554,"GARCH(1,1)",22,test
2022-07-26,SPY,-3.3249578858254076,0.03597403373826591,-4.454286531812359,0.01162861356148075,"GARCH(1,1)",22,test
2022-07-26,TLT,-3.1597095303266447,0.04243806626162391,-4.570112893070471,0.010356790441740179,"GARCH(1,1)",22,test
2022-07-27,GLD,-3.7831429592670767,0.022751073241051304,-4.695526247544802,0.009136058274378201,"GARCH(1,1)",22,test
2022-07-27,SPY,-3.306523832565612,0.03664333096961351,-4.5131802079347,0.010963538344261656,"GARCH(1,1)",22,test
2022-07-27,TLT,-3.15257160181489,0.04274206983190449,-4.579585659150083,0.010259146199244664,"GARCH(1,1)",22,test
2022-07-28,GLD,-3.7801131812809983,0.022820108469815508,-4.71181991426593,0.008988404562518093,"GARCH(1,1)",22,test
2022-07-28,SPY,-3.3549475846983254,0.0349111999878789,-4.497083833982702,0.011141439497970428,"GARCH(1,1)",22,test
2022-07-28,TLT,-3.169477657151941,0.042025543913574895,-4.609121811423871,0.00996056171961833,"GARCH(1,1)",22,test
2022-07-29,GLD,-3.801697752813746,0.0223328240374241,-4.7023062944504135,0.009074324884868958,"GARCH(1,1)",22,test
2022-07-29,SPY,-3.332210242427715,0.0357140809915685,-4.333736840957445,0.013118434280587421,"GARCH(1,1)",22,test
2022-07-29,TLT,-3.1912201000633056,0.0411216677694017,-4.630120151953751,0.009753587119387818,"GARCH(1,1)",22,test
2022-08-01,GLD,-3.7874665655130304,0.022652918901945502,-4.683364288902722,0.009247849056757428,"GARCH(1,1)",22,test
2022-08-01,SPY,-3.333070489334754,0.03568337127472108,-4.365300523117133,0.012710834701542282,"GARCH(1,1)",22,test
2022-08-01,TLT,-3.1778875417030488,0.0416735959363175,-4.642847916143286,0.009630232442392727,"GARCH(1,1)",22,test
2022-08-02,GLD,-3.839375282822465,0.02150703296210139,-4.698654377172361,0.009107524152295009,"GARCH(1,1)",22,test
2022-08-02,SPY,-3.3311876573573693,0.0357506203567122,-4.374752306125196,0.012591260634349953,"GARCH(1,1)",22,test
2022-08-02,TLT,-3.2221214292338796,0.03987038627658479,-4.667802278519327,0.00939288981559417,"GARCH(1,1)",22,test
2022-08-03,GLD,-3.861447272396608,0.021037530442727798,-4.707340816760215,0.009028754801842669,"GARCH(1,1)",22,test
2022-08-03,SPY,-3.2626719190237754,0.038285964234923794,-4.439485172863058,0.011802012952514474,"GARCH(1,1)",22,test
2022-08-03,TLT,-3.2850983931537243,0.03743690137739189,-4.581024916835731,0.010244391264852598,"GARCH(1,1)",22,test
2022-08-04,GLD,-3.881825851383829,0.020613154245208504,-4.714580438926664,0.008963626066622465,"GARCH(1,1)",22,test
2022-08-04,SPY,-3.238835561968721,0.03920952558967681,-4.479497336669639,0.011339111477917161,"GARCH(1,1)",22,test
2022-08-04,TLT,-3.2836787821689644,0.0374900849548863,-4.518172154839348,0.010908945319070931,"GARCH(1,1)",22,test
2022-08-05,GLD,-3.859096955970666,0.021087033447163,-4.728862285961074,0.008836518754371997,"GARCH(1,1)",22,test
2022-08-05,SPY,-3.2184406065573907,0.0400174125212816,-4.4504334829744945,0.011673505607533856,"GARCH(1,1)",22,test
2022-08-05,TLT,-3.2841353441469265,0.0374729723143331,-4.50479046588348,0.011055906533781957,"GARCH(1,1)",22,test
2022-08-08,GLD,-3.844276757841063,0.021401874703133907,-4.678301057955989,0.009294791792963171,"GARCH(1,1)",22,test
2022-08-08,SPY,-3.219361651986706,0.0399805716350552,-4.508976559509516,0.011009722207310285,"GARCH(1,1)",22,test
2022-08-08,TLT,-3.2659356965922672,0.038161211057718206,-4.536975382373433,0.010705738398205407,"GARCH(1,1)",22,test
2022-08-09,GLD,-3.8472763235423098,0.0213377745581913,-4.665998766061734,0.009409845294502244,"GARCH(1,1)",22,test
2022-08-09,SPY,-3.2114720136350745,0.040297251488425605,-4.556850369910088,0.010495062506301393,"GARCH(1,1)",22,test
2022-08-09,TLT,-3.25573428288514,0.038552501825357695,-4.461376263096903,0.01154646137867811,"GARCH(1,1)",22,test
2022-08-10,GLD,-3.856522299717211,0.02114139526115701,-4.667671098546307,0.00939412205544759,"GARCH(1,1)",22,test
2022-08-10,SPY,-3.2143823268473977,0.04018014435687199,-4.5976674125802734,0.010075309897349827,"GARCH(1,1)",22,test
2022-08-10,TLT,-3.2702623065254683,0.037996459048739106,-4.452167482968701,0.011653281288430094,"GARCH(1,1)",22,test
2022-08-11,GLD,-3.865627302223297,0.0209497764728775,-4.683391881416283,0.009247593888877295,"GARCH(1,1)",22,test
2022-08-11,SPY,-3.173861570593369,0.0418417108153433,-4.621707417997647,0.00983598757350588,"GARCH(1,1)",22,test
2022-08-11,TLT,-3.3045582563298592,0.0367154270621374,-4.483607330909163,0.011292603434425029,"GARCH(1,1)",22,test
2022-08-12,GLD,-3.8574449383087352,0.0211218983896765,-4.699033473593786,0.009104072176837943,"GARCH(1,1)",22,test
2022-08-12,SPY,-3.164763830600885,0.042224112679973204,-4.47678318020751,0.011369929404027673,"GARCH(1,1)",22,test
2022-08-12,TLT,-3.3076564370352655,0.0366018520632058,-4.5087422782668405,0.011012301880883289,"GARCH(1,1)",22,test
2022-08-15,GLD,-3.749123566643133,0.023538366628001885,-4.713776252104916,0.008970837395819633,"GARCH(1,1)",22,test
2022-08-15,SPY,-3.131663086735845,0.04364515118911601,-4.532039973980055,0.010758706190680124,"GARCH(1,1)",22,test
2022-08-15,TLT,-3.317040617145922,0.036259980293040193,-4.442482306352368,0.011766693698950899,"GARCH(1,1)",22,test
2022-08-16,GLD,-3.6860380537192112,0.025071136024972795,-4.7088449229086,0.009015184804149761,"GARCH(1,1)",22,test
2022-08-16,SPY,-3.1324127299971227,0.0436124451560999,-4.473504141728918,0.011407273032179008,"GARCH(1,1)",22,test
2022-08-16,TLT,-3.3306085671164336,0.035771329187630395,-4.460002792466389,0.011562331000002762,"GARCH(1,1)",22,test
2022-08-17,GLD,-3.6923745664502254,0.024912774711477695,-4.684264741357029,0.009239525556397779,"GARCH(1,1)",22,test
2022-08-17,SPY,-3.141048585644142,0.04323743596854009,-4.524877189424368,0.010836045135663202,"GARCH(1,1)",22,test
2022-08-17,TLT,-3.322669763670445,0.0360564409648126,-4.493752793948325,0.011178613959414985,"GARCH(1,1)",22,test
2022-08-18,GLD,-3.7084759527011806,0.024514856616542097,-4.700678289059112,0.009089109966534746,"GARCH(1,1)",22,test
2022-08-18,SPY,-3.126421773188637,0.04387450965606781,-4.572234288278612,0.010334842884078096,"GARCH(1,1)",22,test
2022-08-18,TLT,-3.30756712849768,0.03660512106705928,-4.52339376692552,0.010852131497301472,"GARCH(1,1)",22,test
2022-08-19,GLD,-3.561602961744497,0.0283932748831808,-4.706751950332326,0.00903407309816051,"GARCH(1,1)",22,test
2022-08-19,SPY,-3.0643207672859663,0.04668554144457851,-4.582971470724347,0.010224469400980736,"GARCH(1,1)",22,test
2022-08-19,TLT,-3.2664497022460393,0.038141601019746695,-4.533493061872856,0.010743084197785385,"GARCH(1,1)",22,test
2022-08-22,GLD,-3.554123534877178,0.02860643647574469,-4.721187774499141,0.008904595613019043,"GARCH(1,1)",22,test
2022-08-22,SPY,-3.0572109444687667,0.047018650141072406,-4.6188980489682505,0.009863659344276235,"GARCH(1,1)",22,test
2022-08-22,TLT,-3.255299753089722,0.03856925767628331,-4.564529879096189,0.010414774259123384,"GARCH(1,1)",22,test
2022-08-23,GLD,-3.558846660746729,0.0284716432488585,-4.722990561160143,0.008888556988279495,"GARCH(1,1)",22,test
2022-08-23,SPY,-3.026155428014298,0.048501748603204504,-4.554046239756702,0.010524533328236088,"GARCH(1,1)",22,test
2022-08-23,TLT,-3.244024208292201,0.03900660811762421,-4.540264259560948,0.01067058637643906,"GARCH(1,1)",22,test
2022-08-24,GLD,-3.530529386297046,0.029289406351769298,-4.727114717218604,0.008851974679551722,"GARCH(1,1)",22,test
2022-08-24,SPY,-2.9964446917501473,0.049964391775671704,-4.409951377081053,0.012155769364534457,"GARCH(1,1)",22,test
2022-08-24,TLT,-3.21786227513161,0.0400405625420681,-4.5690298181588505,0.010368013698349245,"GARCH(1,1)",22,test
2022-08-25,GLD,-3.522182363629679,0.029534908872652497,-4.729882455230895,0.008827508606206166,"GARCH(1,1)",22,test
2022-08-25,SPY,-2.952040894173357,0.0522329950773643,-4.471057929970188,0.011435211795739319,"GARCH(1,1)",22,test
2022-08-25,TLT,-3.2235682648576205,0.03981274209227291,-4.592450349307756,0.010128010778958226,"GARCH(1,1)",22,test
2022-08-26,GLD,-3.527435070464062,0.029380177390286987,-4.742720761424279,0.008714902728818736,"GARCH(1,1)",22,test
2022-08-26,SPY,-2.94204554316311,0.052757700134620895,-4.524872762975976,0.010836093100963924,"GARCH(1,1)",22,test
2022-08-26,TLT,-3.214562793759521,0.0401728938245515,-4.609350954287279,0.009958279589461655,"GARCH(1,1)",22,test
2022-08-29,GLD,-3.497550467842791,0.030271443553379993,-4.754777775664213,0.008610457933979507,"GARCH(1,1)",22,test
2022-08-29,SPY,-2.9252096161142624,0.05365344410744009,-4.49921097937198,0.01111776522454986,"GARCH(1,1)",22,test
2022-08-29,TLT,-3.202845125629429,0.04064639521048231,-4.594557351284805,0.010106693505878082,"GARCH(1,1)",22,test
2022-08-30,GLD,-3.48181914635792,0.030751418787659503,-4.729399105619061,0.008831776410402097,"GARCH(1,1)",22,test
2022-08-30,SPY,-2.906676213108471,0.05465709683162989,-4.176629965480677,0.015350151036580757,"GARCH(1,1)",22,test
2022-08-30,TLT,-3.1621772451291625,0.04233347032686719,-4.610923946317874,0.009942627608476976,"GARCH(1,1)",22,test
2022-08-31,GLD,-3.460248766682275,0.03142194431317832,-4.744460253693503,0.008699756400174896,"GARCH(1,1)",22,test
2022-08-31,SPY,-2.8783533194071365,0.056227275006773,-4.252942406799647,0.014222324417776476,"GARCH(1,1)",22,test
2022-08-31,TLT,-3.16050096770057,0.0424044924774336,-4.623019519971686,0.00982309021796724,"GARCH(1,1)",22,test
2022-09-01,GLD,-3.4429988260371536,0.031968672948790494,-4.740455656423686,0.008734665272237783,"GARCH(1,1)",22,test
2022-09-01,SPY,-2.8373216792845835,0.05858235837856669,-4.296629101439461,0.013614374424414087,"GARCH(1,1)",22,test
2022-09-01,TLT,-3.159983358917888,0.042426447096626796,-4.649301168764593,0.009568286211953388,"GARCH(1,1)",22,test
2022-09-02,GLD,-3.425283149105588,0.0325400659939742,-4.739381248082287,0.008744054912716383,"GARCH(1,1)",22,test
2022-09-02,SPY,-2.8407657828481496,0.0583809417183294,-4.352987574403107,0.012868310060798029,"GARCH(1,1)",22,test
2022-09-02,TLT,-3.1503453721303107,0.0428373294921433,-4.652748885913724,0.009535354270124094,"GARCH(1,1)",22,test
2022-09-06,GLD,-3.42357747119798,0.03259561622758749,-4.73386667067502,0.008792407880942333,"GARCH(1,1)",22,test
2022-09-06,SPY,-2.8376790957769016,0.0585614238189246,-4.422525962642328,0.01200387262337112,"GARCH(1,1)",22,test
2022-09-06,TLT,-3.1418553377478164,0.04320256814285199,-4.5801090010831365,0.010253778562518471,"GARCH(1,1)",22,test
2022-09-07,GLD,-3.4269669998032937,0.0324853194865547,-4.728903046731087,0.008836158578403905,"GARCH(1,1)",22,test
2022-09-07,SPY,-2.7872646474358733,0.06158945258110871,-4.43755271100214,0.01182484194339998,"GARCH(1,1)",22,test
2022-09-07,TLT,-3.1364771327637406,0.04343554635086651,-4.602389030047047,0.010027850269430167,"GARCH(1,1)",22,test
2022-09-08,GLD,-3.423881382260717,0.032585711564363795,-4.735319952087893,0.00877963931839917,"GARCH(1,1)",22,test
2022-09-08,SPY,-2.7826211200466666,0.0618761099265893,-4.490047124486862,0.011220115054966038,"GARCH(1,1)",22,test
2022-09-08,TLT,-3.1285102696380425,0.0437829735181532,-4.501786851392005,0.01108916413636842,"GARCH(1,1)",22,test
2022-09-09,GLD,-3.3970919730660616,0.03347046157767209,-4.723790038332808,0.008881453629734283,"GARCH(1,1)",22,test
2022-09-09,SPY,-2.761636044569205,0.0631883048642633,-4.43041169476537,0.011909585549329547,"GARCH(1,1)",22,test
2022-09-09,TLT,-3.097262628178739,0.0451726877463143,-4.488999815691105,0.01123187213572491,"GARCH(1,1)",22,test
2022-09-12,GLD,-3.397699287878643,0.0334501406417993,-4.730028555485881,0.008826218999156157,"GARCH(1,1)",22,test
2022-09-12,SPY,-2.7591727094794725,0.0633441507043531,-4.479122170378193,0.011343366328406962,"GARCH(1,1)",22,test
2022-09-12,TLT,-3.1150242084067887,0.0443774328275388,-4.501955000243829,0.011087299662910135,"GARCH(1,1)",22,test
2022-09-13,GLD,-3.3478589465370017,0.0351595520513796,-4.737999090084678,0.00875614893414442,"GARCH(1,1)",22,test
2022-09-13,SPY,-2.7102476998309726,0.06652032760026132,-4.449707594681596,0.011681982344801417,"GARCH(1,1)",22,test
2022-09-13,TLT,-3.0873524684214284,0.045622581877856096,-4.533100421073602,0.010747303199173094,"GARCH(1,1)",22,test
2022-09-14,GLD,-3.345321938781082,0.035248865353994595,-4.7460844971066445,0.008685637347639049,"GARCH(1,1)",22,test
2022-09-14,SPY,-2.6842217086084523,0.06827431063175539,-4.470160880563771,0.011445474348012965,"GARCH(1,1)",22,test
2022-09-14,TLT,-3.0746434107561105,0.04620610204333099,-4.550356837567054,0.01056343428104692,"GARCH(1,1)",22,test
2022-09-15,GLD,-3.374526915104164,0.034234310216374,-4.716281623085858,0.008948390251087412,"GARCH(1,1)",22,test
2022-09-15,SPY,-2.6565316980188003,0.07019124449524501,-4.008639939949569,0.018158074522092078,"GARCH(1,1)",22,test
2022-09-15,TLT,-3.056494216602115,0.0470523617974795,-4.579589748004774,0.010259104251172359,"GARCH(1,1)",22,test
2022-09-16,GLD,-3.400930715767224,0.033342223381781395,-4.728434987778782,0.008840295389590743,"GARCH(1,1)",22,test
2022-09-16,SPY,-2.643444314468214,0.0711159017077711,-4.108433499682859,0.016433497452517532,"GARCH(1,1)",22,test
2022-09-16,TLT,-3.043986674268907,0.04764456700006621,-4.606271990725338,0.009988988020267275,"GARCH(1,1)",22,test
2022-09-19,GLD,-3.398666139978584,0.03341781493268451,-4.658350353757351,0.009482091603625236,"GARCH(1,1)",22,test
2022-09-19,SPY,-2.6325327007503594,0.0718961400446081,-4.169624256444872,0.01545806730199978,"GARCH(1,1)",22,test
2022-09-19,TLT,-3.0427272764748587,0.04770460826262541,-4.634353010408882,0.009712388820478386,"GARCH(1,1)",22,test
2022-09-20,GLD,-3.367995123118616,0.0344586534936661,-4.669748618421887,0.009374625839064567,"GARCH(1,1)",22,test
2022-09-20,SPY,-2.619212734426209,0.0728602005820718,-4.220122923698197,0.014696837804206195,"GARCH(1,1)",22,test
2022-09-20,TLT,-3.0404405993005623,0.0478138181177025,-4.644248527488392,0.0096167536710414,"GARCH(1,1)",22,test
2022-09-21,GLD,-3.4416283233990805,0.032012516136142,-4.687570555716756,0.009209031831204336,"GARCH(1,1)",22,test
2022-09-21,SPY,-2.6244406470508284,0.0724802877604197,-4.291316441410974,0.013686895436400837,"GARCH(1,1)",22,test
2022-09-21,TLT,-3.0334777147686203,0.0481479019561362,-4.6694495986486775,0.009377429456704556,"GARCH(1,1)",22,test
2022-09-22,GLD,-3.442915753700445,0.031971328771464996,-4.6969037250321115,0.009123482223384586,"GARCH(1,1)",22,test
2022-09-22,SPY,-2.6170812972532196,0.0730156631425082,-4.32296608835153,0.013260493359052402,"GARCH(1,1)",22,test
2022-09-22,TLT,-3.0120651436729684,0.049189989399650594,-4.668853226681754,0.009383023560671933,"GARCH(1,1)",22,test
2022-09-23,GLD,-3.4463627028781785,0.031861314941013394,-4.708319563421212,0.009019922261342257,"GARCH(1,1)",22,test
2022-09-23,SPY,-2.6295289959117096,0.0721124194855315,-4.294726247184173,0.013640305258195045,"GARCH(1,1)",22,test
2022-09-23,TLT,-3.039478737505143,0.047859830527885304,-4.6263328196883355,0.009790597235152344,"GARCH(1,1)",22,test
2022-09-26,GLD,-3.4708615636763462,0.031090232903372508,-4.7244508561403045,0.008875586545769587,"GARCH(1,1)",22,test
2022-09-26,SPY,-2.6341803097914505,0.07177778084586901,-4.345658897416159,0.012962964169644374,"GARCH(1,1)",22,test
2022-09-26,TLT,-3.060611219685386,0.04685904529425889,-4.511634760908874,0.010980495011428797,"GARCH(1,1)",22,test
2022-09-27,GLD,-3.475248286534081,0.030954147371028903,-4.66707010179051,0.009399769589231222,"GARCH(1,1)",22,test
2022-09-27,SPY,-2.6532499239170098,0.07042197469872398,-4.318403000882255,0.01332114041381177,"GARCH(1,1)",22,test
2022-09-27,TLT,-3.0499733633886295,0.0473601858892058,-4.539886346133677,0.01067461969638245,"GARCH(1,1)",22,test
2022-09-28,GLD,-3.486672700182272,0.0306025267414657,-4.654191823294296,0.009521605272867306,"GARCH(1,1)",22,test
2022-09-28,SPY,-2.6667146684417182,0.06948011597385571,-4.356310623238475,0.012825619009546613,"GARCH(1,1)",22,test
2022-09-28,TLT,-3.0613961103625553,0.04682228049652729,-4.498718084936081,0.011123246459892905,"GARCH(1,1)",22,test
2022-09-29,GLD,-3.513890589232018,0.02978082380047309,-4.67177708526426,0.009355628995138202,"GARCH(1,1)",22,test
2022-09-29,SPY,-2.680170203223309,0.06855148547749201,-4.422721211831969,0.012001529105761256,"GARCH(1,1)",22,test
2022-09-29,TLT,-3.0460595449236747,0.047545908263998404,-4.409110947095794,0.012165989731752268,"GARCH(1,1)",22,test
2022-09-30,GLD,-3.525046706000653,0.0294504318250964,-4.598049164898062,0.010071464358512461,"GARCH(1,1)",22,test
2022-09-30,SPY,-2.6964100983231294,0.0674472074932617,-4.36063972233605,0.012770215643723676,"GARCH(1,1)",22,test
2022-09-30,TLT,-3.078019234071323,0.04605038139732679,-4.290873728076107,0.013692956149003607,"GARCH(1,1)",22,test
2022-10-03,GLD,-3.478287807026537,0.030860204448812496,-4.618860932840286,0.009864025451912865,"GARCH(1,1)",22,test
2022-10-03,SPY,-2.6747618473371237,0.06892324069357389,-4.2819309340982485,0.01381595860787189,"GARCH(1,1)",22,test
2022-10-03,TLT,-3.0715807599088754,0.04634783212499511,-4.326016620686551,0.013220103431993063,"GARCH(1,1)",22,test
2022-10-04,GLD,-3.496912113733734,0.0302907736228176,-4.63878271825287,0.009669460924750026,"GARCH(1,1)",22,test
2022-10-04,SPY,-2.7052263015970848,0.06685519269767591,-4.282794298413135,0.01380403554994589,"GARCH(1,1)",22,test
2022-10-04,TLT,-3.0712613687202404,0.046362637578428,-4.34034645762682,0.013032012381130106,"GARCH(1,1)",22,test
2022-10-05,GLD,-3.5037519356003286,0.0300842970634473,-4.543223275236721,0.010639058612659276,"GARCH(1,1)",22,test
2022-10-05,SPY,-2.6985826189928743,0.06730083609588002,-4.190255602988892,0.015142413932095934,"GARCH(1,1)",22,test
2022-10-05,TLT,-3.0696709424192448,0.046436432603835794,-4.352549442364309,0.012873949314999607,"GARCH(1,1)",22,test
2022-10-06,GLD,-3.508679101427816,0.029936431321671418,-4.529336748388793,0.01078782874526681,"GARCH(1,1)",22,test
2022-10-06,SPY,-2.7027656635895143,0.0670199016873255,-4.08088979714289,0.016892428129238843,"GARCH(1,1)",22,test
2022-10-06,TLT,-3.074565926813371,0.04620968241300471,-4.3883191642496024,0.012421590336591614,"GARCH(1,1)",22,test
2022-10-07,GLD,-3.461357634492996,0.031387120841460794,-4.547006759642216,0.010598881952120007,"GARCH(1,1)",22,test
2022-10-07,SPY,-2.7337185515375513,0.06497721873381539,-4.174922150540101,0.0153763886519798,"GARCH(1,1)",22,test
2022-10-07,TLT,-3.0733821265976675,0.0462644178365238,-4.409833987018842,0.012157196414815509,"GARCH(1,1)",22,test
2022-10-10,GLD,-3.4436469841465835,0.031947958907882996,-4.569322076504258,0.010364984002569109,"GARCH(1,1)",22,test
2022-10-10,SPY,-2.7349908828360205,0.0648945987558704,-4.2320985428840965,0.014521883753888139,"GARCH(1,1)",22,test
2022-10-10,TLT,-3.08042680495634,0.04593964519594709,-4.440124326802341,0.011794472059596838,"GARCH(1,1)",22,test
2022-10-11,GLD,-3.4629003957946187,0.031338735339294294,-4.567855742214635,0.010380193682535859,"GARCH(1,1)",22,test
2022-10-11,SPY,-2.738316752158614,0.06467912631587426,-4.114509127580825,0.01633395633054141,"GARCH(1,1)",22,test
2022-10-11,TLT,-3.106579850877909,0.044753758414225485,-4.458189858820297,0.011583311751508582,"GARCH(1,1)",22,test
2022-10-12,GLD,-3.4625066944292993,0.03135107587126751,-4.545872152237401,0.01061091434679689,"GARCH(1,1)",22,test
2022-10-12,SPY,-2.733153158661227,0.06501396677797311,-4.19153149879439,0.015123106109678961,"GARCH(1,1)",22,test
2022-10-12,TLT,-3.110395131939085,0.044583335559604184,-4.44930682720476,0.01168666504166381,"GARCH(1,1)",22,test
2022-10-13,GLD,-3.526482595563741,0.0294081746030228,-4.56760128980186,0.01038283528393013,"GARCH(1,1)",22,test
2022-10-13,SPY,-2.8010802013063305,0.0607444109810118,-4.265113455197122,0.01405027296612549,"GARCH(1,1)",22,test
2022-10-13,TLT,-3.1439529284002754,0.04311204181653339,-4.480224694833007,0.011330866881369146,"GARCH(1,1)",22,test
2022-10-14,GLD,-3.514229469204521,0.0297707333855388,-4.583781852577895,0.01021618703290969,"GARCH(1,1)",22,test
2022-10-14,SPY,-2.820997844929983,0.05954649488599739,-4.340196837191714,0.013033962382369261,"GARCH(1,1)",22,test
2022-10-14,TLT,-3.158663351984011,0.042482487279552,-4.509220767836788,0.011007033869736877,"GARCH(1,1)",22,test
2022-10-17,GLD,-3.5345307730458324,0.0291724422746279,-4.59535468278077,0.010098638332574216,"GARCH(1,1)",22,test
2022-10-17,SPY,-2.8790107576512782,0.0561903211945754,-4.22504114278983,0.014624732994900264,"GARCH(1,1)",22,test
2022-10-17,TLT,-3.1649292496318617,0.04221712858583681,-4.523492468344823,0.010851060429379052,"GARCH(1,1)",22,test
2022-10-18,GLD,-3.5405728884068353,0.0289967104436622,-4.5850433178777,0.010203307792536653,"GARCH(1,1)",22,test
2022-10-18,SPY,-2.902392222273264,0.054891749599816304,-4.1670693605653275,0.015497611548661415,"GARCH(1,1)",22,test
2022-10-18,TLT,-3.1927878953457096,0.041057247924428004,-4.541578172488946,0.010656575361692124,"GARCH(1,1)",22,test
2022-10-19,GLD,-3.54221146165244,0.0289492361154228,-4.604386367681177,0.010007841255727585,"GARCH(1,1)",22,test
2022-10-19,SPY,-2.915799537176389,0.05416071021566221,-4.118260852178523,0.01627279063496519,"GARCH(1,1)",22,test
2022-10-19,TLT,-3.190617160450481,0.0411464691279547,-4.568054262001284,0.010378133213229362,"GARCH(1,1)",22,test
2022-10-20,GLD,-3.5763868249668307,0.027976600210654897,-4.623685120813019,0.009816554136305703,"GARCH(1,1)",22,test
2022-10-20,SPY,-2.948772830282573,0.0524039750770901,-4.183459614184752,0.015245672080839028,"GARCH(1,1)",22,test
2022-10-20,TLT,-3.207200365383456,0.04046975534788989,-4.597547169877626,0.010076521452680778,"GARCH(1,1)",22,test
2022-10-21,GLD,-3.60238880657102,0.0272585292575273,-4.60581062092157,0.009993597701012005,"GARCH(1,1)",22,test
2022-10-21,SPY,-2.9820895861927226,0.050686808673531904,-4.25469822092222,0.014197374569765463,"GARCH(1,1)",22,test
2022-10-21,TLT,-3.2478250654883767,0.0388586309686139,-4.55093224299389,0.010557357772031364,"GARCH(1,1)",22,test
2022-10-24,GLD,-3.599265649828068,0.027343794996807596,-4.625513730129644,0.00979861989631147,"GARCH(1,1)",22,test
2022-10-24,SPY,-3.007087454897322,0.04943545226981911,-4.310759193520001,0.01342335480084296,"GARCH(1,1)",22,test
2022-10-24,TLT,-3.2966250522088987,0.03700785645676239,-4.520674434680447,0.010881682209301809,"GARCH(1,1)",22,test
2022-10-25,GLD,-3.607952085619255,0.027107303498409,-4.581823774909319,0.010236210718164614,"GARCH(1,1)",22,test
2022-10-25,SPY,-3.016095051250186,0.048992157179163304,-4.23022613387423,0.014549100132013435,"GARCH(1,1)",22,test
2022-10-25,TLT,-3.30203776754353,0.0368080846064301,-4.4887027906042,0.01123520877903098,"GARCH(1,1)",22,test
2022-10-26,GLD,-3.613200198525711,0.026965413960884498,-4.600843549057854,0.010043360103373684,"GARCH(1,1)",22,test
2022-10-26,SPY,-3.0272626584763707,0.0484480757093022,-4.276883236003737,0.013885873702507021,"GARCH(1,1)",22,test
2022-10-26,TLT,-3.292291831135222,0.03716856762729779,-4.5084491661324355,0.011015530193297964,"GARCH(1,1)",22,test
2022-10-27,GLD,-3.610378075680951,0.0270416211540938,-4.620143985360272,0.009851377504924817,"GARCH(1,1)",22,test
2022-10-27,SPY,-3.0348153037995367,0.048083542903195296,-4.28818531891613,0.013729817945335523,"GARCH(1,1)",22,test
2022-10-27,TLT,-3.3254058076735244,0.03595792379085771,-4.396518038802172,0.012320163636245681,"GARCH(1,1)",22,test
2022-10-28,GLD,-3.565855338562051,0.028272792329456505,-4.631292933018964,0.009742155002091973,"GARCH(1,1)",22,test
2022-10-28,SPY,-3.0005595963522187,0.04975921549992611,-4.343822557395334,0.012986790449417697,"GARCH(1,1)",22,test
2022-10-28,TLT,-3.3394061061853875,0.03545800976231779,-4.399929273265444,0.01227820826993683,"GARCH(1,1)",22,test
2022-10-31,GLD,-3.56876738720649,0.028190580343626603,-4.649981147046791,0.009561782196676576,"GARCH(1,1)",22,test
2022-10-31,SPY,-2.9914042004231183,0.050216872638321,-4.402112811755979,0.01225142757856034,"GARCH(1,1)",22,test
2022-10-31,TLT,-3.355439359726038,0.0348940357523545,-4.417987642150958,0.012058473849690207,"GARCH(1,1)",22,test
2022-11-01,GLD,-3.561021839200022,0.02840977965050861,-4.64544453451287,0.009605258841416863,"GARCH(1,1)",22,test
2022-11-01,SPY,-2.999121564648198,0.049830822303469205,-4.294710582031506,0.013640518937333,"GARCH(1,1)",22,test
2022-11-01,TLT,-3.3144288928574492,0.03635480513854631,-4.444861351861982,0.011738733471657584,"GARCH(1,1)",22,test
2022-11-02,GLD,-3.6416240258722983,0.026209744080899697,-4.649458094706473,0.009566784817434355,"GARCH(1,1)",22,test
2022-11-02,SPY,-3.073983112764754,0.04623662191469461,-4.350846096248623,0.012895896793328322,"GARCH(1,1)",22,test
2022-11-02,TLT,-3.3475026854479553,0.03517208026320849,-4.4699121012327465,0.011448322099680712,"GARCH(1,1)",22,test
2022-11-03,GLD,-3.6426688379889214,0.026182374123431808,-4.645324592253547,0.00960641098695777,"GARCH(1,1)",22,test
2022-11-03,SPY,-3.064634947871488,0.04667087605774261,-4.411812008515169,0.012133172986233776,"GARCH(1,1)",22,test
2022-11-03,TLT,-3.354039402048208,0.0349429201356664,-4.494704962483728,0.011167975100730445,"GARCH(1,1)",22,test
2022-11-04,GLD,-3.657204657962879,0.025804544530765798,-4.653269569322105,0.009530390661709017,"GARCH(1,1)",22,test
2022-11-04,SPY,-3.1220146004401355,0.044068298917086204,-4.254763142995245,0.014196452876696328,"GARCH(1,1)",22,test
2022-11-04,TLT,-3.365957456027415,0.034528940344178596,-4.523656079033435,0.010849285225135192,"GARCH(1,1)",22,test
2022-11-07,GLD,-3.651623689586649,0.025948961496164887,-4.668360388534079,0.009387649012329049,"GARCH(1,1)",22,test
2022-11-07,SPY,-3.128447268860355,0.0437857319664256,-4.299056271832966,0.01358137008766237,"GARCH(1,1)",22,test
2022-11-07,TLT,-3.3719372934999505,0.0343230790149069,-4.549399211705135,0.010573554944036008,"GARCH(1,1)",22,test
2022-11-08,GLD,-3.713509289462386,0.024391775102742787,-4.508434782238321,0.011015688640657427,"GARCH(1,1)",22,test
2022-11-08,SPY,-3.163291843215264,0.04228631180814239,-4.317957959982458,0.013327070185525458,"GARCH(1,1)",22,test
2022-11-08,TLT,-3.371437567280068,0.034340235443839406,-4.520659504269847,0.010881844678498068,"GARCH(1,1)",22,test
2022-11-09,GLD,-3.754287106568495,0.023417138584411808,-4.529167407189541,0.010789655723810868,"GARCH(1,1)",22,test
2022-11-09,SPY,-3.18251707834815,0.04148111239538559,-4.366372085321759,0.012697221546460706,"GARCH(1,1)",22,test
2022-11-09,TLT,-3.3591963290818487,0.034763185882717706,-4.532049895157413,0.010758599452177353,"GARCH(1,1)",22,test
2022-11-10,GLD,-3.740750775663513,0.023736275821757895,-4.465433691828225,0.011499707349247875,"GARCH(1,1)",22,test
2022-11-10,SPY,-3.1654343670098783,0.0421958093653458,-4.426876538820731,0.011951762298250068,"GARCH(1,1)",22,test
2022-11-10,TLT,-3.368225356299273,0.03445072088148139,-4.539121664436829,0.010682785504409155,"GARCH(1,1)",22,test
2022-11-11,GLD,-3.715678975738545,0.024338909974161903,-4.486216160155905,0.011263181355590521,"GARCH(1,1)",22,test
2022-11-11,SPY,-3.120585522947243,0.044131320952179,-4.325319431072266,0.01322932356452247,"GARCH(1,1)",22,test
2022-11-11,TLT,-3.3482986680267017,0.0351440950394136,-4.567988207970649,0.010378818753399655,"GARCH(1,1)",22,test
2022-11-14,GLD,-3.710717265409977,0.024459972685854505,-4.37738872747402,0.012558108486722425,"GARCH(1,1)",22,test
2022-11-14,SPY,-3.1111524818073284,0.04454958315909361,-3.8423065697029783,0.021444081987299305,"GARCH(1,1)",22,test
2022-11-14,TLT,-3.348686133111534,0.0351304805673844,-4.343526032614213,0.012990641925614015,"GARCH(1,1)",22,test
2022-11-15,GLD,-3.740888444929264,0.023733008291018293,-4.398951994429248,0.01229021336823422,"GARCH(1,1)",22,test
2022-11-15,SPY,-3.131966898290361,0.043631893301937785,-3.9397073991482148,0.019453906142198763,"GARCH(1,1)",22,test
2022-11-15,TLT,-3.325975912242623,0.0359374298566071,-4.37743164935023,0.012557569480712186,"GARCH(1,1)",22,test
2022-11-16,GLD,-3.734270017848015,0.023890604419781903,-4.425052783878923,0.011973579272164732,"GARCH(1,1)",22,test
2022-11-16,SPY,-3.1189963509443452,0.0442015089675301,-4.02817886500687,0.01780672890039096,"GARCH(1,1)",22,test
2022-11-16,TLT,-3.3449305545447343,0.03526266390433469,-4.4114927119751215,0.01213704768494411,"GARCH(1,1)",22,test
2022-11-17,GLD,-3.719354053920331,0.024249626739071797,-4.449209698206939,0.011687800210855203,"GARCH(1,1)",22,test
2022-11-17,SPY,-3.113244965785484,0.044456461332043,-4.113996310381141,0.016342334812417786,"GARCH(1,1)",22,test
2022-11-17,TLT,-3.347764306340397,0.0351628797157612,-4.4043155563041125,0.012224470513918225,"GARCH(1,1)",22,test
2022-11-18,GLD,-3.716258008886856,0.024324821017873113,-4.4736134716728575,0.011406025943831185,"GARCH(1,1)",22,test
2022-11-18,SPY,-3.1167052093544703,0.044302896985862004,-4.189122810209465,0.01515957686845118,"GARCH(1,1)",22,test
2022-11-18,TLT,-3.335719064720255,0.0355889862240277,-4.36651289994767,0.012695433717837688,"GARCH(1,1)",22,test
2022-11-21,GLD,-3.70434095510368,0.024616435358948002,-4.489494838000986,0.011226313484377722,"GARCH(1,1)",22,test
2022-11-21,SPY,-3.0227884460414995,0.048665328346888706,-4.271213946493042,0.013964820314785156,"GARCH(1,1)",22,test
2022-11-21,TLT,-3.340099568777221,0.035433429482704004,-4.384711360742904,0.01246648593231291,"GARCH(1,1)",22,test
2022-11-22,GLD,-3.6983623728468342,0.024764047558770715,-4.5055379482683,0.011047645526263182,"GARCH(1,1)",22,test
2022-11-22,SPY,-3.020975989301956,0.0487536121303346,-4.345263751464298,0.012968087444614152,"GARCH(1,1)",22,test
2022-11-22,TLT,-3.343635098049096,0.0353083747531584,-4.412049929719196,0.012130286590489214,"GARCH(1,1)",22,test
2022-11-23,GLD,-3.6197587433749128,0.026789138770281898,-4.523651530476423,0.01084933457383981,"GARCH(1,1)",22,test
2022-11-23,SPY,-3.0176088834230907,0.048918047384454294,-4.408961756890502,0.012167804913658242,"GARCH(1,1)",22,test
2022-11-23,TLT,-3.3313273188030363,0.03574562772203709,-4.443410263019476,0.01175577978168746,"GARCH(1,1)",22,test
2022-11-25,GLD,-3.6055996098460183,0.027171147839856396,-4.546399958222676,0.010605315320425199,"GARCH(1,1)",22,test
2022-11-25,SPY,-2.9962467754209783,0.049974281523320105,-4.410188345516998,0.012152889172151257,"GARCH(1,1)",22,test
2022-11-25,TLT,-3.313383759991125,0.036392820602390394,-4.442581757088781,0.011765523550784413,"GARCH(1,1)",22,test
2022-11-28,GLD,-3.6053554743703344,0.027177782090754207,-4.561585173158146,0.010445487905862656,"GARCH(1,1)",22,test
2022-11-28,SPY,-3.000482903230421,0.04976303183584249,-4.460459463158987,0.01155705202776464,"GARCH(1,1)",22,test
2022-11-28,TLT,-3.315977565976047,0.03629854700307151,-4.42525448570339,0.011971164422928065,"GARCH(1,1)",22,test
2022-11-29,GLD,-3.6058779855755647,0.027163585104443697,-4.58327199188724,0.010221397193201243,"GARCH(1,1)",22,test
2022-11-29,SPY,-3.000192765473321,0.049777472065012394,-4.51585558915996,0.010934245901311075,"GARCH(1,1)",22,test
2022-11-29,TLT,-3.31051281633516,0.0364974524640438,-4.457165434480576,0.011595184058103045,"GARCH(1,1)",22,test
2022-11-30,GLD,-3.618370007087133,0.026826367663985103,-4.591906301214454,0.010133522403069811,"GARCH(1,1)",22,test
2022-11-30,SPY,-3.010886476279152,0.049248002218450895,-4.439934859926377,0.011796706933082171,"GARCH(1,1)",22,test
2022-11-30,TLT,-3.293756668171268,0.037114161590577795,-4.488933884450575,0.011232612691400894,"GARCH(1,1)",22,test
2022-12-01,GLD,-3.6112070301509087,0.027019214169831204,-4.607838013592133,0.009973357278855071,"GARCH(1,1)",22,test
2022-12-01,SPY,-3.0030231293567415,0.04963678290055779,-4.495735775821492,0.011156468934414493,"GARCH(1,1)",22,test
2022-12-01,TLT,-3.302588378801381,0.03678782323924619,-4.494360878063396,0.011171818488156212,"GARCH(1,1)",22,test
2022-12-02,GLD,-3.619798675435064,0.026788069046139406,-4.595374114607275,0.01009844209949279,"GARCH(1,1)",22,test
2022-12-02,SPY,-3.0092099663060763,0.0493306362343452,-4.229353361505945,0.014561803727459216,"GARCH(1,1)",22,test
2022-12-02,TLT,-3.353688582003599,0.0349551809630134,-4.516130273531348,0.010931242847313952,"GARCH(1,1)",22,test
2022-12-05,GLD,-3.594944954459718,0.027462194805761897,-4.552340641844283,0.010542499267288648,"GARCH(1,1)",22,test
2022-12-05,SPY,-2.978580672121744,0.05086497673510109,-4.31061901378487,0.013425236615056535,"GARCH(1,1)",22,test
2022-12-05,TLT,-3.331239687353938,0.0357487603004475,-4.395411442801219,0.012333804626197086,"GARCH(1,1)",22,test
2022-12-06,GLD,-3.5949550172463907,0.027461918460944403,-4.57208373100969,0.010336398986935811,"GARCH(1,1)",22,test
2022-12-06,SPY,-2.986911723423218,0.0504429782905983,-4.383037192184417,0.01248737441163435,"GARCH(1,1)",22,test
2022-12-06,TLT,-3.3286724635740312,0.035840653272435,-4.405008741635419,0.012215999626561606,"GARCH(1,1)",22,test
2022-12-07,GLD,-3.5999936035036004,0.027323897223943797,-4.537922668309149,0.010695601804673584,"GARCH(1,1)",22,test
2022-12-07,SPY,-2.9884975956607165,0.0503630455700442,-4.3238951906907666,0.013248178725316443,"GARCH(1,1)",22,test
2022-12-07,TLT,-3.322078148888089,0.036077778799553394,-4.406765770052195,0.012194554613344217,"GARCH(1,1)",22,test
2022-12-08,GLD,-3.5990145041314214,0.027350663135666694,-4.559014526892467,0.010472374102986343,"GARCH(1,1)",22,test
2022-12-08,SPY,-2.992451873056618,0.0501642893449663,-4.319143655904572,0.013311277697147473,"GARCH(1,1)",22,test
2022-12-08,TLT,-3.3235453151593473,0.0360248855104697,-4.41432329679632,0.012102741318438906,"GARCH(1,1)",22,test
2022-12-09,GLD,-3.592264963045898,0.02753589196180879,-4.565682908162973,0.010402772642114904,"GARCH(1,1)",22,test
2022-12-09,SPY,-2.9805644749519464,0.0507641706730314,-4.389762011128312,0.012403680807207157,"GARCH(1,1)",22,test
2022-12-09,TLT,-3.2286617294111446,0.0396104728645137,-4.36324928526135,0.012736934406060276,"GARCH(1,1)",22,test
2022-12-12,GLD,-3.5901726322181617,0.0275935664734682,-4.587103120535658,0.010182312622402415,"GARCH(1,1)",22,test
2022-12-12,SPY,-2.979245906672326,0.05083115084748437,-4.43496555189456,0.011855474299232532,"GARCH(1,1)",22,test
2022-12-12,TLT,-3.2343141036410334,0.0393872112220592,-4.397173256123267,0.012312093895638096,"GARCH(1,1)",22,test
2022-12-13,GLD,-3.6116489028497623,0.027007277754127406,-4.605473400461166,0.009996968314917875,"GARCH(1,1)",22,test
2022-12-13,SPY,-3.021252289389409,0.048740143363835704,-4.465391823114096,0.011500188837287015,"GARCH(1,1)",22,test
2022-12-13,TLT,-3.238476132313623,0.0392236211889725,-4.326944795557982,0.013207838557044655,"GARCH(1,1)",22,test
2022-12-14,GLD,-3.616618731081223,0.02687338919982671,-4.611537840358183,0.009936525761778415,"GARCH(1,1)",22,test
2022-12-14,SPY,-3.051908065592556,0.04726864661236109,-4.443145439251925,0.01175889340384212,"GARCH(1,1)",22,test
2022-12-14,TLT,-3.2269531179033266,0.039678209625706,-4.361441676446418,0.012759978622157307,"GARCH(1,1)",22,test
2022-12-15,GLD,-3.6094260870500583,0.027067376727554812,-4.574643239789206,0.010309976711427783,"GARCH(1,1)",22,test
2022-12-15,SPY,-3.068972762716208,0.046468864899028905,-4.4812480196660935,0.011319277654692117,"GARCH(1,1)",22,test
2022-12-15,TLT,-3.2277428618111874,0.0396468863716818,-4.382674481418316,0.012491904538286976,"GARCH(1,1)",22,test
2022-12-16,GLD,-3.609384589415732,0.02706849998296248,-4.59466435268303,0.010105612133396735,"GARCH(1,1)",22,test
2022-12-16,SPY,-3.066078911389,0.04660353364707791,-4.510400921018927,0.010994051545761848,"GARCH(1,1)",22,test
2022-12-16,TLT,-3.245719018930229,0.038940555292559104,-4.414558117612764,0.012099899676492698,"GARCH(1,1)",22,test
2022-12-19,GLD,-3.598015109314338,0.027378010909984003,-4.5626045092286365,0.010434845868094279,"GARCH(1,1)",22,test
2022-12-19,SPY,-3.0570895765607125,0.04702435704258991,-4.310798959024224,0.013422821024983945,"GARCH(1,1)",22,test
2022-12-19,TLT,-3.2463775091209963,0.038914921759517204,-4.448267295559133,0.011698820016452349,"GARCH(1,1)",22,test
2022-12-20,GLD,-3.579863868180389,0.027879493283079596,-4.570089954573184,0.010357028013674384,"GARCH(1,1)",22,test
2022-12-20,SPY,-3.06332865687594,0.046731881639737405,-4.290057855570279,0.013704132414032821,"GARCH(1,1)",22,test
2022-12-20,TLT,-3.2073732132938484,0.0404627608397544,-4.458679916417822,0.011577636652256581,"GARCH(1,1)",22,test
2022-12-21,GLD,-3.578108460870876,0.027928476129219105,-4.589857489301717,0.010154305367409739,"GARCH(1,1)",22,test
2022-12-21,SPY,-3.049221027234526,0.04739583007583921,-4.337641359730982,0.013067312974655302,"GARCH(1,1)",22,test
2022-12-21,TLT,-3.2117734835108083,0.04028510491203241,-4.44006594151076,0.01179516070339022,"GARCH(1,1)",22,test
2022-12-22,GLD,-3.573431123198,0.028059413022081092,-4.558872182458462,0.010473864893251054,"GARCH(1,1)",22,test
2022-12-22,SPY,-3.1392327097252672,0.0433160211161539,-4.407973065008854,0.012179841072639724,"GARCH(1,1)",22,test
2022-12-22,TLT,-3.201891612103321,0.0406851705815856,-4.418118844710395,0.012056891850841649,"GARCH(1,1)",22,test
2022-12-23,GLD,-3.5658675118509904,0.028272448158681202,-4.580020653494625,0.010254684499145671,"GARCH(1,1)",22,test
2022-12-23,SPY,-3.1395253584351264,0.04330334659313989,-4.394387628858593,0.012346438613661699,"GARCH(1,1)",22,test
2022-12-23,TLT,-3.2020841660869785,0.040677337244108706,-4.450928920893862,0.011667723542649305,"GARCH(1,1)",22,test
2022-12-27,GLD,-3.6497835376615937,0.025996755488231986,-4.572584512947431,0.010331224000899787,"GARCH(1,1)",22,test
2022-12-27,SPY,-3.1332090632470644,0.0435777289405838,-4.373736277737737,0.012604060213855316,"GARCH(1,1)",22,test
2022-12-27,TLT,-3.2051768671034697,0.0405517287367632,-4.484043331999133,0.011287680920207788,"GARCH(1,1)",22,test
2022-12-28,GLD,-3.657449562487445,0.025798225654848086,-4.592079002849931,0.010131772478289443,"GARCH(1,1)",22,test
2022-12-28,SPY,-3.153534795285789,0.04270092076974501,-4.430487054123007,0.011908688084429443,"GARCH(1,1)",22,test
2022-12-28,TLT,-3.1958875158094084,0.0409301830667277,-4.474686951409313,0.011393788375672887,"GARCH(1,1)",22,test
2022-12-29,GLD,-3.5916302464847805,0.0275533749962609,-4.598701776186644,0.010064893751438922,"GARCH(1,1)",22,test
2022-12-29,SPY,-3.087935537952621,0.0455959884940781,-4.480389132485216,0.011329003813405136,"GARCH(1,1)",22,test
2022-12-29,TLT,-3.1543970165818376,0.0426641189944136,-4.434790037799951,0.01185755528468612,"GARCH(1,1)",22,test
2022-12-30,GLD,-3.5684760101488244,0.028198795628795695,-4.614850146293618,0.009903667397040123,"GARCH(1,1)",22,test
2022-12-30,SPY,-3.0816865731791427,0.04588180832893499,-4.457394635663172,0.0115925267327472,"GARCH(1,1)",22,test
2022-12-30,TLT,-3.1573094548146696,0.042540043152401195,-4.461887691450221,0.011540557700731393,"GARCH(1,1)",22,test
2023-01-03,GLD,-3.575837101800834,0.0279919838238734,-4.6281427293740265,0.009772893164604998,"GARCH(1,1)",22,test
2023-01-03,SPY,-3.1111525534586235,0.04454957996705839,-4.39674472891519,0.012317371093491446,"GARCH(1,1)",22,test
2023-01-03,TLT,-3.1690764526791004,0.042042408132540406,-4.47121720011584,0.011433390652921746,"GARCH(1,1)",22,test
2023-01-04,GLD,-3.578025272548055,0.027930799548946596,-4.642783748011999,0.009630850416239322,"GARCH(1,1)",22,test
2023-01-04,SPY,-3.1334858489997512,0.04356566891517719,-4.4556435713848,0.011612843775237268,"GARCH(1,1)",22,test
2023-01-04,TLT,-3.184731537544888,0.04138935579766811,-4.4801145636071205,0.011332114832347072,"GARCH(1,1)",22,test
2023-01-05,GLD,-3.5601478935637965,0.028434619106046197,-4.646427650939498,0.009595820393974415,"GARCH(1,1)",22,test
2023-01-05,SPY,-3.101526755901777,0.044980475735698404,-4.500661873567539,0.011101646219830827,"GARCH(1,1)",22,test
2023-01-05,TLT,-3.1761015466357354,0.041748091277450904,-4.44678211765783,0.011716207754157916,"GARCH(1,1)",22,test
2023-01-06,GLD,-3.596906152586825,0.0274083887801271,-4.645914319154476,0.00960074749809739,"GARCH(1,1)",22,test
2023-01-06,SPY,-3.1540341495909745,0.04267960320407531,-4.527637902748594,0.01080617117716669,"GARCH(1,1)",22,test
2023-01-06,TLT,-3.191410615183959,0.041113834216134,-4.447137137927118,0.011712049001190477,"GARCH(1,1)",22,test
2023-01-09,GLD,-3.584568575847591,0.0277486364801433,-4.6305408035471265,0.009749485120241643,"GARCH(1,1)",22,test
2023-01-09,SPY,-3.153396498277128,0.0427068265877236,-4.503419244404679,0.011071077028966095,"GARCH(1,1)",22,test
2023-01-09,TLT,-3.181464987277592,0.0415247772690177,-4.4769529448302645,0.011367999356083224,"GARCH(1,1)",22,test
2023-01-10,GLD,-3.5821272292800153,0.027816463279242302,-4.580547001195144,0.010249288389779457,"GARCH(1,1)",22,test
2023-01-10,SPY,-3.1563585859574506,0.0425805123920402,-4.360785577729168,0.012768353174729625,"GARCH(1,1)",22,test
2023-01-10,TLT,-3.1889308134951504,0.04121591488925801,-4.448477620447067,0.011696359722183062,"GARCH(1,1)",22,test
2023-01-11,GLD,-3.587098140806342,0.027678533204425693,-4.600472349610259,0.010047088885114097,"GARCH(1,1)",22,test
2023-01-11,SPY,-3.1571525680737156,0.0425467176446874,-4.42790665352437,0.011939456951219838,"GARCH(1,1)",22,test
2023-01-11,TLT,-3.1911820510980986,0.0411232324360747,-4.4762664973762325,0.011375805569269698,"GARCH(1,1)",22,test
2023-01-12,GLD,-3.574495525314181,0.028029562412825705,-4.617966082421456,0.009872856229743196,"GARCH(1,1)",22,test
2023-01-12,SPY,-3.156030722979701,0.04259447525445491,-4.471159229388181,0.011434053474109434,"GARCH(1,1)",22,test
2023-01-12,TLT,-3.2574960179458348,0.0384846423239972,-4.4568088634296315,0.011599319302278902,"GARCH(1,1)",22,test
2023-01-13,GLD,-3.580384154900448,0.027864991725773405,-4.637400907877383,0.00968283152186864,"GARCH(1,1)",22,test
2023-01-13,SPY,-3.1601422235270755,0.04241970757103979,-4.4648121242261976,0.011506857416663891,"GARCH(1,1)",22,test
2023-01-13,TLT,-3.2555300125779585,0.0385603777611307,-4.443298885135499,0.011757089188482171,"GARCH(1,1)",22,test
2023-01-17,GLD,-3.5629076009708407,0.028356256056361398,-4.628325923235052,0.00977110299455187,"GARCH(1,1)",22,test
2023-01-17,SPY,-3.1500977417464973,0.04284793863000521,-4.515631879882872,0.010936692267184326,"GARCH(1,1)",22,test
2023-01-17,TLT,-3.259028482771241,0.03842571112984148,-4.41165596158095,0.012135066478413618,"GARCH(1,1)",22,test
2023-01-18,GLD,-3.56351134807715,0.0283391412158592,-4.618042252655429,0.009872104240614157,"GARCH(1,1)",22,test
2023-01-18,SPY,-3.171443361074744,0.0419430152770525,-4.558113291865767,0.010481816427578382,"GARCH(1,1)",22,test
2023-01-18,TLT,-3.287190855834418,0.0373586479581107,-4.430264701683999,0.011911336304678603,"GARCH(1,1)",22,test
2023-01-19,GLD,-3.571225985036504,0.028121356176031,-4.628477556264705,0.009769621484927495,"GARCH(1,1)",22,test
2023-01-19,SPY,-3.170377846438205,0.041987729991591706,-4.595162015209432,0.010100584200142345,"GARCH(1,1)",22,test
2023-01-19,TLT,-3.29054790271984,0.037233443501540196,-4.456008697706195,0.011608604394310565,"GARCH(1,1)",22,test
2023-01-20,GLD,-3.5706422010227192,0.028137777767077304,-4.64579684116232,0.009601875440889588,"GARCH(1,1)",22,test
2023-01-20,SPY,-3.1866526289856125,0.041309919387242794,-4.494872176786178,0.011166107811687268,"GARCH(1,1)",22,test
2023-01-20,TLT,-3.295498095314242,0.03704958622516139,-4.39137189670306,0.012383728365285354,"GARCH(1,1)",22,test
2023-01-23,GLD,-3.5828895579060087,0.027795266073655497,-4.612409612960554,0.009927867145577106,"GARCH(1,1)",22,test
2023-01-23,SPY,-3.187949019632758,0.0412564002924373,-4.515455759127041,0.010938618615322688,"GARCH(1,1)",22,test
2023-01-23,TLT,-3.2893954203819837,0.03727637912407429,-4.4189585097123265,0.012046772349812399,"GARCH(1,1)",22,test
2023-01-24,GLD,-3.614119010861186,0.02694064918473919,-4.629749915406041,0.009757198922380163,"GARCH(1,1)",22,test
2023-01-24,SPY,-3.18648320273662,0.04131691896487011,-4.428031280355354,0.011937969067253395,"GARCH(1,1)",22,test
2023-01-24,TLT,-3.3188589699420934,0.0361941067652923,-4.407684577559601,0.012183355310805515,"GARCH(1,1)",22,test
2023-01-25,GLD,-3.622880665075647,0.026705635589628095,-4.6480813205499985,0.0095799651906482,"GARCH(1,1)",22,test
2023-01-25,SPY,-3.204630547063797,0.04057388901156541,-4.437051295201968,0.011830772592721318,"GARCH(1,1)",22,test
2023-01-25,TLT,-3.334099872515438,0.035646658311596,-4.437586697278202,0.01182444006788647,"GARCH(1,1)",22,test
2023-01-26,GLD,-3.630559833797472,0.026501343907176903,-4.663634727776697,0.009432116844060263,"GARCH(1,1)",22,test
2023-01-26,SPY,-3.2165992262656657,0.04009116768083271,-4.493894443911282,0.011177030621304259,"GARCH(1,1)",22,test
2023-01-26,TLT,-3.3361756948258448,0.0355727389312742,-4.435293943544676,0.011851581699648086,"GARCH(1,1)",22,test
2023-01-27,GLD,-3.6420249730080654,0.026199237465520695,-4.676694784081914,0.009309733771427315,"GARCH(1,1)",22,test
2023-01-27,SPY,-3.224130024514376,0.039790383180695894,-4.544253272264184,0.010628106055432216,"GARCH(1,1)",22,test
2023-01-27,TLT,-3.325874149523446,0.0359410871332736,-4.467363742649737,0.011477533734616114,"GARCH(1,1)",22,test
2023-01-30,GLD,-3.641854589442035,0.026203701765338205,-4.674726211862589,0.00932807870543848,"GARCH(1,1)",22,test
2023-01-30,SPY,-3.2230616625412827,0.0398329164293881,-4.536713096336531,0.010708546732179275,"GARCH(1,1)",22,test
2023-01-30,TLT,-3.33269501174939,0.03569677209650161,-4.495490618855227,0.01115920435578279,"GARCH(1,1)",22,test
2023-01-31,GLD,-3.632078278560999,0.026461133616573203,-4.691533722554172,0.009172607127910234,"GARCH(1,1)",22,test
2023-01-31,SPY,-3.2202287836281114,0.0399459182430467,-4.579565106933209,0.010259357049609008,"GARCH(1,1)",22,test
2023-01-31,TLT,-3.34646696670179,0.035208527517372794,-4.525822133696498,0.0108258105132152,"GARCH(1,1)",22,test
2023-02-01,GLD,-3.708428479010399,0.0245160204548903,-4.706485240499729,0.009036482895628244,"GARCH(1,1)",22,test
2023-02-01,SPY,-3.315662622720968,0.036309980786021205,-4.528028310211013,0.010801953190719206,"GARCH(1,1)",22,test
2023-02-01,TLT,-3.4106218706050755,0.0330206594121895,-4.553778670926907,0.010527349742078336,"GARCH(1,1)",22,test
2023-02-02,GLD,-3.736231692529098,0.023843784763457197,-4.7192514437836905,0.008921854559134412,"GARCH(1,1)",22,test
2023-02-02,SPY,-3.32093497912875,0.0361190454081366,-4.485654811164246,0.011269505706005144,"GARCH(1,1)",22,test
2023-02-02,TLT,-3.3883855372770415,0.0337631422561807,-4.56976930125545,0.010360349561573055,"GARCH(1,1)",22,test
2023-02-03,GLD,-3.7734168926703737,0.022973431276216892,-4.6966999052272955,0.009125341959269662,"GARCH(1,1)",22,test
2023-02-03,SPY,-3.348313478372513,0.035143574547067194,-4.494294897807652,0.011172555631915378,"GARCH(1,1)",22,test
2023-02-03,TLT,-3.364389449666883,0.0345831244116403,-4.579265391179909,0.010262432401378163,"GARCH(1,1)",22,test
2023-02-06,GLD,-3.782411596286935,0.022767718619943297,-4.616038986813352,0.00989190051180542,"GARCH(1,1)",22,test
2023-02-06,SPY,-3.2778554816403744,0.0377090378820299,-4.4628255859152235,0.011529738949757215,"GARCH(1,1)",22,test
2023-02-06,TLT,-3.347415326619248,0.035175152989156404,-4.608123595660176,0.009970509473518463,"GARCH(1,1)",22,test
2023-02-07,GLD,-3.819228068097626,0.021944734198158698,-4.516236627436581,0.01093008032876838,"GARCH(1,1)",22,test
2023-02-07,SPY,-3.2609004382860305,0.0383538471920152,-4.4619193550179395,0.011540192291286236,"GARCH(1,1)",22,test
2023-02-07,TLT,-3.3559480568489457,0.0348762897708082,-4.581318885481539,0.010241380177629641,"GARCH(1,1)",22,test
2023-02-08,GLD,-3.8080724076347066,0.022190912791174404,-4.5385992265646955,0.010688368054277298,"GARCH(1,1)",22,test
2023-02-08,SPY,-3.1859647258465023,0.04133834638685581,-4.496055383658734,0.011152903809258425,"GARCH(1,1)",22,test
2023-02-08,TLT,-3.191171298280971,0.04112367462905019,-4.597097703769114,0.010081051525546303,"GARCH(1,1)",22,test
2023-02-09,GLD,-3.820030781907782,0.0219271259251051,-4.560748181596042,0.010454234350941673,"GARCH(1,1)",22,test
2023-02-09,SPY,-3.178617538058785,0.041643185464270906,-4.479709276192714,0.011336708526687606,"GARCH(1,1)",22,test
2023-02-09,TLT,-3.184666486617696,0.041392048301212604,-4.609605017412888,0.009955749879190118,"GARCH(1,1)",22,test
2023-02-10,GLD,-3.737377529969203,0.02381647930895501,-4.581107308561002,0.010243547246552477,"GARCH(1,1)",22,test
2023-02-10,SPY,-3.162240240737921,0.0423308035881304,-4.472075754104788,0.011423578682425394,"GARCH(1,1)",22,test
2023-02-10,TLT,-3.133330365168633,0.043572443198917496,-4.631930621015285,0.009735944527171945,"GARCH(1,1)",22,test
2023-02-13,GLD,-3.7133035410099646,0.024396794189038895,-4.589618180523286,0.010156735672608113,"GARCH(1,1)",22,test
2023-02-13,SPY,-3.1369252837671975,0.043416085028315,-4.4863822771894455,0.011261310504709906,"GARCH(1,1)",22,test
2023-02-13,TLT,-3.0785221745581133,0.04602722661931569,-4.6355487068381205,0.009700782691932355,"GARCH(1,1)",22,test
2023-02-14,GLD,-3.6446209880622495,0.026131312056491697,-4.6093542832206325,0.00995824643906776,"GARCH(1,1)",22,test
2023-02-14,SPY,-3.146644850536381,0.0429961436212809,-4.536759597806066,0.01070804878059748,"GARCH(1,1)",22,test
2023-02-14,TLT,-3.0933640538861833,0.04534914055919741,-4.629821106698924,0.009756504319499095,"GARCH(1,1)",22,test
2023-02-15,GLD,-3.618990634529095,0.026809723649445,-4.623745292501507,0.009815963475438899,"GARCH(1,1)",22,test
2023-02-15,SPY,-3.1464288491208987,0.04300543185226279,-4.523901939168116,0.01084661814628616,"GARCH(1,1)",22,test
2023-02-15,TLT,-3.1066015494471864,0.044752787332233694,-4.638943946635318,0.009667902058876068,"GARCH(1,1)",22,test
2023-02-16,GLD,-3.6073141283714296,0.027124602316511297,-4.642812105331344,0.00963057731501073,"GARCH(1,1)",22,test
2023-02-16,SPY,-3.153859043019486,0.042687077337430705,-4.569197242622429,0.010366277984521959,"GARCH(1,1)",22,test
2023-02-16,TLT,-3.1052908628831566,0.0448114826664832,-4.664026513163824,0.009428422202311666,"GARCH(1,1)",22,test
2023-02-17,GLD,-3.5716823915579057,0.028108524334172498,-4.639781775412813,0.009659805404591743,"GARCH(1,1)",22,test
2023-02-17,SPY,-3.101112586053787,0.044999109150929396,-4.604824748948384,0.010003454967099522,"GARCH(1,1)",22,test
2023-02-17,TLT,-3.095025117883823,0.04527387526203391,-4.665639395806458,0.009413227520707182,"GARCH(1,1)",22,test
2023-02-21,GLD,-3.543711324294162,0.028905848783319796,-4.658209603153548,0.009483426307671761,"GARCH(1,1)",22,test
2023-02-21,SPY,-3.0547799786712404,0.0471330899146412,-4.530024095416549,0.010780416310991974,"GARCH(1,1)",22,test
2023-02-21,TLT,-3.0783155794030077,0.046036736603662705,-4.637324436403205,0.009683572010582103,"GARCH(1,1)",22,test
2023-02-22,GLD,-3.5304130053088083,0.029292815280188792,-4.674097934910499,0.009333941163727264,"GARCH(1,1)",22,test
2023-02-22,SPY,-3.044589525979717,0.0476158530473368,-4.570007297999958,0.010357884125499947,"GARCH(1,1)",22,test
2023-02-22,TLT,-3.070077863311283,0.0464175404933155,-4.6483394140192456,0.009577492983240895,"GARCH(1,1)",22,test
2023-02-23,GLD,-3.5265267097598536,0.029406877313655704,-4.688084967457313,0.009204295815346718,"GARCH(1,1)",22,test
2023-02-23,SPY,-3.0625168061542434,0.04676983635627021,-4.414542003506559,0.01210009465713213,"GARCH(1,1)",22,test
2023-02-23,TLT,-3.06176371050378,0.0468050717827609,-4.580480726675495,0.010249967678953758,"GARCH(1,1)",22,test
2023-02-24,GLD,-3.519910083607176,0.029602096761990597,-4.697226085414091,0.009120541648158018,"GARCH(1,1)",22,test
2023-02-24,SPY,-3.0658092043392093,0.046616104643814694,-4.473856040412224,0.011403259534032638,"GARCH(1,1)",22,test
2023-02-24,TLT,-3.073248826705573,0.0462705852894805,-4.589835463765213,0.010154529023896349,"GARCH(1,1)",22,test
2023-02-27,GLD,-3.515373493599225,0.029736694414716502,-4.713435454017283,0.008973895161059271,"GARCH(1,1)",22,test
2023-02-27,SPY,-3.0731877075642413,0.046273413394347096,-4.517774276594381,0.010913286614685191,"GARCH(1,1)",22,test
2023-02-27,TLT,-3.075751237454701,0.04615494203329439,-4.595979265849429,0.010092332863404802,"GARCH(1,1)",22,test
2023-02-28,GLD,-3.5181771631760372,0.0296534393137039,-4.716180641754401,0.008949293917075291,"GARCH(1,1)",22,test
2023-02-28,SPY,-3.075146788261467,0.04618284878402701,-4.503985076424884,0.01106481443104125,"GARCH(1,1)",22,test
2023-02-28,TLT,-3.082573564216222,0.045841129619674494,-4.58408053253351,0.010213136118266351,"GARCH(1,1)",22,test
2023-03-01,GLD,-3.511099444191634,0.029864062510739798,-4.72781166075426,0.008845807502357788,"GARCH(1,1)",22,test
2023-03-01,SPY,-3.076591034523263,0.0461161975193169,-4.54964538615856,0.01057095232528917,"GARCH(1,1)",22,test
2023-03-01,TLT,-3.0794925312606742,0.0459825854538952,-4.610374461681463,0.009948092430873866,"GARCH(1,1)",22,test
2023-03-02,GLD,-3.4935567364081375,0.030392581303881408,-4.737477692677453,0.008760715557905393,"GARCH(1,1)",22,test
2023-03-02,SPY,-3.0882007258554216,0.04558389859263189,-4.581720648267936,0.01023726639862992,"GARCH(1,1)",22,test
2023-03-02,TLT,-3.068811415919707,0.04647636310640701,-4.632520297493956,0.009730205162037243,"GARCH(1,1)",22,test
2023-03-03,GLD,-3.475083988055406,0.030959233508161498,-4.743403200334347,0.008708957369002306,"GARCH(1,1)",22,test
2023-03-03,SPY,-3.0876532291552765,0.04560886245988499,-4.607475943223447,0.009976968989809366,"GARCH(1,1)",22,test
2023-03-03,TLT,-3.0527512161070476,0.04722880882563581,-4.6154345424547145,0.009897881422647794,"GARCH(1,1)",22,test
2023-03-06,GLD,-3.4480575243629503,0.0318073614336148,-4.757481273241631,0.008587211019961504,"GARCH(1,1)",22,test
2023-03-06,SPY,-3.090401784908899,0.04548367607824011,-4.613272319162052,0.009919306006427866,"GARCH(1,1)",22,test
2023-03-06,TLT,-3.054844914413868,0.047130029391815,-4.622967517467389,0.009823601056540841,"GARCH(1,1)",22,test
2023-03-07,GLD,-3.4479381832518397,0.0318111575859838,-4.741199498102451,0.008728170480006276,"GARCH(1,1)",22,test
2023-03-07,SPY,-3.0985451580311536,0.04511478956177719,-4.528655319780242,0.010795182385603888,"GARCH(1,1)",22,test
2023-03-07,TLT,-3.07683948823055,0.046104741202318396,-4.522284845090303,0.010864172337819068,"GARCH(1,1)",22,test
2023-03-08,GLD,-3.4479239058065856,0.031811611771287,-4.748760311874603,0.008662427257754396,"GARCH(1,1)",22,test
2023-03-08,SPY,-3.10083354259912,0.045011667609900205,-4.574124012610315,0.010315331321559353,"GARCH(1,1)",22,test
2023-03-08,TLT,-3.0922988895372483,0.0453974705821151,-4.539783900983435,0.01067571331541805,"GARCH(1,1)",22,test
2023-03-09,GLD,-3.4494796277982953,0.031762160223666604,-4.686316691697777,0.009220585946998393,"GARCH(1,1)",22,test
2023-03-09,SPY,-3.1535377526654487,0.042700794487097196,-4.488367760808757,0.011238973539348206,"GARCH(1,1)",22,test
2023-03-09,TLT,-3.1029449523364288,0.04491672979819599,-4.56135203302092,0.010447923452247198,"GARCH(1,1)",22,test
2023-03-10,GLD,-3.4377477678533155,0.03213698382887209,-4.702982809234509,0.009068188045993825,"GARCH(1,1)",22,test
2023-03-10,SPY,-3.199290388395106,0.04079113957665429,-4.5393489251340755,0.01068035800297517,"GARCH(1,1)",22,test
2023-03-10,TLT,-3.096022888044965,0.0452287248688215,-4.589861461282081,0.010154265034788307,"GARCH(1,1)",22,test
2023-03-13,GLD,-3.438439405787051,0.03211476435658091,-4.696144270048228,0.009130413729179663,"GARCH(1,1)",22,test
2023-03-13,SPY,-3.272549964469305,0.03790963549651811,-4.421168725700585,0.012020175783862724,"GARCH(1,1)",22,test
2023-03-13,TLT,-3.224453403246581,0.0397775178973206,-4.6162078092432,0.00989023067808186,"GARCH(1,1)",22,test
2023-03-14,GLD,-3.3929657784437763,0.0336088525339013,-4.613324111626681,0.00991879227442622,"GARCH(1,1)",22,test
2023-03-14,SPY,-3.292647118527898,0.0371553644494162,-4.39202418816387,0.012375653198987011,"GARCH(1,1)",22,test
2023-03-14,TLT,-3.2553441468362534,0.0385675454804398,-4.414086930928367,0.012105602331504858,"GARCH(1,1)",22,test
2023-03-15,GLD,-3.4185809879216444,0.0327588872296968,-4.535461183668013,0.010721961292671786,"GARCH(1,1)",22,test
2023-03-15,SPY,-3.31622686153103,0.0362894990645036,-4.453879202042937,0.011633351206787932,"GARCH(1,1)",22,test
2023-03-15,TLT,-3.3300146149062875,0.035792581958601605,-4.446148364231911,0.0117236352943268,"GARCH(1,1)",22,test
2023-03-16,GLD,-3.416443042476586,0.0328289988641539,-4.551963504217465,0.010546475990281842,"GARCH(1,1)",22,test
2023-03-16,SPY,-3.3556169488958334,0.0348878394997244,-4.411708985566083,0.012134423045887905,"GARCH(1,1)",22,test
2023-03-16,TLT,-3.423489680156921,0.03259847795628531,-4.430317807285119,0.011910703762799905,"GARCH(1,1)",22,test
2023-03-17,GLD,-3.4877650914730824,0.030569115060413793,-4.562888519449284,0.010431882686023776,"GARCH(1,1)",22,test
2023-03-17,SPY,-3.3847097390526777,0.03388747712949241,-4.453134737430953,0.011642015049642223,"GARCH(1,1)",22,test
2023-03-17,TLT,-3.4443760228513156,0.0319246760973682,-4.402139725621326,0.012251097849725341,"GARCH(1,1)",22,test
2023-03-20,GLD,-3.500875276587184,0.0301709639234858,-4.583676277860335,0.010217265660907145,"GARCH(1,1)",22,test
2023-03-20,SPY,-3.3844186293416674,0.033897343539200604,-4.399571955144077,0.012282596280160703,"GARCH(1,1)",22,test
2023-03-20,TLT,-3.456311986475199,0.0315458894138503,-4.425049885655054,0.011973613974328261,"GARCH(1,1)",22,test
2023-03-21,GLD,-3.48891362079083,0.0305340256899919,-4.462636000717305,0.01153192502481514,"GARCH(1,1)",22,test
2023-03-21,SPY,-3.393647132129331,0.03358596081792319,-4.364889382964026,0.012716061710510602,"GARCH(1,1)",22,test
2023-03-21,TLT,-3.455801194381849,0.031562006920737705,-4.420470077503664,0.012028576592263902,"GARCH(1,1)",22,test
2023-03-22,GLD,-3.5244765194402556,0.0294672288537859,-4.487643887447021,0.011247112078186948,"GARCH(1,1)",22,test
2023-03-22,SPY,-3.501391372993256,0.030155396814847097,-4.402882602275314,0.012242000174790603,"GARCH(1,1)",22,test
2023-03-22,TLT,-3.489345104302976,0.030520853603320696,-4.4397454585148255,0.01179894145763133,"GARCH(1,1)",22,test
2023-03-23,GLD,-3.5359230899839793,0.029131853252070603,-4.45419858557692,0.011629636299239167,"GARCH(1,1)",22,test
2023-03-23,SPY,-3.6362693183989214,0.026350466019571403,-4.407331342969088,0.012187659653506409,"GARCH(1,1)",22,test
2023-03-23,TLT,-3.5333433188946386,0.029207103787713302,-4.45866559412712,0.01157780247172181,"GARCH(1,1)",22,test
2023-03-24,GLD,-3.5350127075777245,0.029158386454580708,-4.436590406757712,0.011836226515824453,"GARCH(1,1)",22,test
2023-03-24,SPY,-3.681047618450549,0.025196564617743104,-4.35207847462255,0.012880013957849493,"GARCH(1,1)",22,test
2023-03-24,TLT,-3.5225699965436386,0.029523462388522992,-4.4589044695267495,0.01157503714982638,"GARCH(1,1)",22,test
2023-03-27,GLD,-3.5320172221726582,0.0292458609244811,-4.439384900064144,0.011803196432720497,"GARCH(1,1)",22,test
2023-03-27,SPY,-3.674145372562791,0.0253710790802909,-4.418690180741936,0.01205000528155878,"GARCH(1,1)",22,test
2023-03-27,TLT,-3.559216222913949,0.02846112315071001,-4.490655031900892,0.011213296336622564,"GARCH(1,1)",22,test
2023-03-28,GLD,-3.53052947261925,0.029289403823443295,-4.445703258478685,0.011728854713355583,"GARCH(1,1)",22,test
2023-03-28,SPY,-3.682058470048158,0.0251711074989973,-4.4651319904414954,0.011503177350327874,"GARCH(1,1)",22,test
2023-03-28,TLT,-3.5490252701192326,0.028752652068875603,-4.518123035513062,0.010909481172275765,"GARCH(1,1)",22,test
2023-03-29,GLD,-3.522887550349084,0.0295140885891132,-4.457835614191425,0.01158741580435752,"GARCH(1,1)",22,test
2023-03-29,SPY,-3.686701029876694,0.025054519968180592,-4.51871311388805,0.01090304562227984,"GARCH(1,1)",22,test
2023-03-29,TLT,-3.478952211202205,0.030839707609961395,-4.440963391871348,0.011784579880755477,"GARCH(1,1)",22,test
2023-03-30,GLD,-3.5120415196654013,0.029835941558011097,-4.472559517761197,0.011418053706731678,"GARCH(1,1)",22,test
2023-03-30,SPY,-3.6200428588221496,0.0267815286432676,-4.5609573888066075,0.010452047478497229,"GARCH(1,1)",22,test
2023-03-30,TLT,-3.4665337027040737,0.031225078695418195,-4.472529115896652,0.011418400842130591,"GARCH(1,1)",22,test
2023-03-31,GLD,-3.5014061716965617,0.030154950557378598,-4.493017447707299,0.011186837134239722,"GARCH(1,1)",22,test
2023-03-31,SPY,-3.581985265897143,0.027820412478783196,-4.511516152472387,0.010981797468013595,"GARCH(1,1)",22,test
2023-03-31,TLT,-3.460012123600375,0.0314293809788029,-4.503051463180908,0.011075149512069773,"GARCH(1,1)",22,test
2023-04-03,GLD,-3.487851873031764,0.03056646234006661,-4.503609968486636,0.011068965709309622,"GARCH(1,1)",22,test
2023-04-03,SPY,-3.572456747703064,0.028086766750769404,-4.546858326938076,0.010600455289593504,"GARCH(1,1)",22,test
2023-04-03,TLT,-3.4566566963721175,0.031535017107565705,-4.529375071780576,0.010787415327001166,"GARCH(1,1)",22,test
2023-04-04,GLD,-3.5025371041911213,0.030120866620869893,-4.522424267170271,0.010862657737901385,"GARCH(1,1)",22,test
2023-04-04,SPY,-3.5728751668623406,0.028075017167735503,-4.506581173117927,0.011036126357506571,"GARCH(1,1)",22,test
2023-04-04,TLT,-3.511837916124241,0.0298420168798237,-4.514038820185526,0.010954128956012945,"GARCH(1,1)",22,test
2023-04-05,GLD,-3.524498378599395,0.029466584731981,-4.536427022105045,0.01071161060968333,"GARCH(1,1)",22,test
2023-04-05,SPY,-3.580910006800299,0.027850342718876698,-4.55058379110855,0.010561037144256108,"GARCH(1,1)",22,test
2023-04-05,TLT,-3.5221766214502157,0.029535078467886604,-4.543300874650336,0.010638233059981137,"GARCH(1,1)",22,test
2023-04-06,GLD,-3.5299263728692147,0.029307073583346204,-4.5006220254082905,0.011102088608811454,"GARCH(1,1)",22,test
2023-04-06,SPY,-3.59674013812202,0.027412939346841098,-4.572330868605734,0.010333844789770504,"GARCH(1,1)",22,test
2023-04-06,TLT,-3.5207538957863953,0.0295771286878764,-4.5673995516833354,0.010384930108881174,"GARCH(1,1)",22,test
2023-04-10,GLD,-3.5150532679271684,0.0297462183924999,-4.524086968756782,0.010844611386652818,"GARCH(1,1)",22,test
2023-04-10,SPY,-3.551166960585026,0.028691138682902205,-4.604699675137964,0.010004706215577195,"GARCH(1,1)",22,test
2023-04-10,TLT,-3.5360486329972103,0.029128196180996997,-4.571899918369642,0.010338299122351298,"GARCH(1,1)",22,test
2023-04-11,GLD,-3.5007456511847255,0.030174875100315402,-4.537839968680862,0.010696486363542984,"GARCH(1,1)",22,test
2023-04-11,SPY,-3.5491645678896573,0.028748647167492005,-4.632189608035443,0.009733423370397964,"GARCH(1,1)",22,test
2023-04-11,TLT,-3.5281486990438395,0.0293592183354021,-4.598906746970288,0.010062830953693255,"GARCH(1,1)",22,test
2023-04-12,GLD,-3.5108447515523675,0.0298716696363382,-4.5502254800786925,0.010564821958381458,"GARCH(1,1)",22,test
2023-04-12,SPY,-3.536595516056991,0.029112270818995905,-4.660261891800544,0.009463983537438441,"GARCH(1,1)",22,test
2023-04-12,TLT,-3.5570119283139148,0.028523929046700005,-4.565043000242197,0.01040943158905585,"GARCH(1,1)",22,test
2023-04-13,GLD,-3.520924166319065,0.029572093003146397,-4.5650106115281055,0.010409768742619395,"GARCH(1,1)",22,test
2023-04-13,SPY,-3.5549511373032363,0.028582771513457304,-4.683003078378428,0.009251190080533957,"GARCH(1,1)",22,test
2023-04-13,TLT,-3.596606334692566,0.027416607537539894,-4.592695594850967,0.010125527234004715,"GARCH(1,1)",22,test
2023-04-14,GLD,-3.5671543431090735,0.028236089687274098,-4.582108601880915,0.010233295584439205,"GARCH(1,1)",22,test
2023-04-14,SPY,-3.5932994297351555,0.0275074217271089,-4.6870556111124,0.009213775193636791,"GARCH(1,1)",22,test
2023-04-14,TLT,-3.5985430228197988,0.0273635615026262,-4.620151459318153,0.009851303876419424,"GARCH(1,1)",22,test
2023-04-17,GLD,-3.588707259513406,0.02763403097315111,-4.5687893421840675,0.010370507256358298,"GARCH(1,1)",22,test
2023-04-17,SPY,-3.56601111674638,0.028268388388229395,-4.6157902200155485,0.009894361594325045,"GARCH(1,1)",22,test
2023-04-17,TLT,-3.5994496117128514,0.027338765243398504,-4.631198115911182,0.00974307876884658,"GARCH(1,1)",22,test
2023-04-18,GLD,-3.60939413945559,0.02706824147894311,-4.531667867641783,0.010762710318379729,"GARCH(1,1)",22,test
2023-04-18,SPY,-3.560277569426911,0.028430932061336803,-4.641358020839654,0.009644591174329064,"GARCH(1,1)",22,test
2023-04-18,TLT,-3.6103873527307337,0.027041370288791795,-4.635916564956275,0.009697214836539198,"GARCH(1,1)",22,test
2023-04-19,GLD,-3.570030039574856,0.0281550079031293,-4.550614427052981,0.01056071360186506,"GARCH(1,1)",22,test
2023-04-19,SPY,-3.5538332652074445,0.028614741261868203,-4.663470304027083,0.009433667835584986,"GARCH(1,1)",22,test
2023-04-19,TLT,-3.599823365913527,0.027328549174315795,-4.625650920230593,0.00979727571486503,"GARCH(1,1)",22,test
2023-04-20,GLD,-3.5761204470434245,0.027984053551981698,-4.569844951277672,0.010359565830543498,"GARCH(1,1)",22,test
2023-04-20,SPY,-3.5583399381202887,0.028486074130623002,-4.686197301885317,0.009221686856742775,"GARCH(1,1)",22,test
2023-04-20,TLT,-3.579405912298862,0.027892263784942598,-4.648940513701096,0.009571737685182949,"GARCH(1,1)",22,test
2023-04-21,GLD,-3.618289413881241,0.026828529774082104,-4.586695007194251,0.010186469008110531,"GARCH(1,1)",22,test
2023-04-21,SPY,-3.5373926954584594,0.029089072364262704,-4.7040219897226985,0.009058769456567967,"GARCH(1,1)",22,test
2023-04-21,TLT,-3.5815302522778065,0.0278330740257263,-4.674301275643689,0.009332043386241752,"GARCH(1,1)",22,test
2023-04-24,GLD,-3.626963504717192,0.026596823045229895,-4.604439944135302,0.01000730508544284,"GARCH(1,1)",22,test
2023-04-24,SPY,-3.5347663505990967,0.029165570711478895,-4.694415183366674,0.009146214662610914,"GARCH(1,1)",22,test
2023-04-24,TLT,-3.581251699464473,0.0278408280867075,-4.679074727917917,0.009287603472802827,"GARCH(1,1)",22,test
2023-04-25,GLD,-3.6510974035568298,0.025962621666351705,-4.604458056129626,0.010007123834831336,"GARCH(1,1)",22,test
2023-04-25,SPY,-3.529656668422145,0.029314978897423495,-4.711353443142052,0.008992598371765652,"GARCH(1,1)",22,test
2023-04-25,TLT,-3.5784174945390856,0.027919846623266006,-4.694448248864101,0.009145912243473366,"GARCH(1,1)",22,test
2023-04-26,GLD,-3.664570609579182,0.025615167830331798,-4.622714602097516,0.009826085910451168,"GARCH(1,1)",22,test
2023-04-26,SPY,-3.5287725580245195,0.0293409080354942,-4.724850323858972,0.008872041743524486,"GARCH(1,1)",22,test
2023-04-26,TLT,-3.6080465321475974,0.027104743428597602,-4.691994231407424,0.009168384033581221,"GARCH(1,1)",22,test
2023-04-27,GLD,-3.6709318865888503,0.025452739824615003,-4.636768421359032,0.009688957719430137,"GARCH(1,1)",22,test
2023-04-27,SPY,-3.531034484492726,0.029274616061057503,-4.57854581507362,0.010269819660055265,"GARCH(1,1)",22,test
2023-04-27,TLT,-3.597434725709111,0.0273939052706269,-4.657786938930577,0.009487435459886116,"GARCH(1,1)",22,test
2023-04-28,GLD,-3.666490923099438,0.025566025876304296,-4.649107792001772,0.00957013667507932,"GARCH(1,1)",22,test
2023-04-28,SPY,-3.5249765007491183,0.0294524994726495,-4.603631229652685,0.01001540141136415,"GARCH(1,1)",22,test
2023-04-28,TLT,-3.5900560281860683,0.0275967841821741,-4.65250857948733,0.009537645952375102,"GARCH(1,1)",22,test
2023-05-01,GLD,-3.6714681790647896,0.0254390933713272,-4.6675085507943965,0.00939564917298027,"GARCH(1,1)",22,test
2023-05-01,SPY,-3.491430845460112,0.030457261344359096,-4.468438025294885,0.011465210239959327,"GARCH(1,1)",22,test
2023-05-01,TLT,-3.6588884655949583,0.025761131201846997,-4.651646943206065,0.009545867475638247,"GARCH(1,1)",22,test
2023-05-02,GLD,-3.685912082884964,0.025074294455824295,-4.685138054153427,0.00923146008284997,"GARCH(1,1)",22,test
2023-05-02,SPY,-3.5315746308569183,0.0292588077534133,-4.496554764839346,0.011147335649419738,"GARCH(1,1)",22,test
2023-05-02,TLT,-3.6775862990151578,0.025283929087503983,-4.613169227132127,0.009920328660532347,"GARCH(1,1)",22,test
2023-05-03,GLD,-3.7012502020227096,0.0246926363809872,-4.69708752709604,0.009121805462622474,"GARCH(1,1)",22,test
2023-05-03,SPY,-3.5670756901398275,0.028238310626908503,-4.5451254278275055,0.010618840734596265,"GARCH(1,1)",22,test
2023-05-03,TLT,-3.684965036677395,0.025098052219370396,-4.43410078946299,0.01186573090213822,"GARCH(1,1)",22,test
2023-05-04,GLD,-3.738630108922405,0.023786665963915484,-4.6311222593171335,0.009743817873650168,"GARCH(1,1)",22,test
2023-05-04,SPY,-3.5771078981603153,0.027956434305618696,-4.5199770352274635,0.010889273735377491,"GARCH(1,1)",22,test
2023-05-04,TLT,-3.710164194149595,0.024473504535470408,-4.367706543319244,0.012680288938062306,"GARCH(1,1)",22,test
2023-05-05,GLD,-3.6984334535169854,0.0247622873762328,-4.635130940304658,0.009704836200940682,"GARCH(1,1)",22,test
2023-05-05,SPY,-3.5891116399543033,0.027622858570625197,-4.539326572723759,0.010680596737387714,"GARCH(1,1)",22,test
2023-05-05,TLT,-3.6691405865697626,0.025498374178155397,-4.397112664670958,0.012312839925889496,"GARCH(1,1)",22,test
2023-05-08,GLD,-3.7027347241229545,0.024656006811995698,-4.643524226401874,0.009623721619315738,"GARCH(1,1)",22,test
2023-05-08,SPY,-3.579648677147115,0.02788549334560301,-4.55337580129278,0.010531591746047179,"GARCH(1,1)",22,test
2023-05-08,TLT,-3.6537447933690808,0.025893979387778304,-4.414130445833613,0.012105075568827551,"GARCH(1,1)",22,test
2023-05-09,GLD,-3.700642833164007,0.024707638474805397,-4.609811457134185,0.00995369482908904,"GARCH(1,1)",22,test
2023-05-09,SPY,-3.566597487540729,0.028251817489695494,-4.457748775641205,0.011588422082437998,"GARCH(1,1)",22,test
2023-05-09,TLT,-3.634683356629992,0.026392290008128785,-4.445050607406606,0.011736512061474932,"GARCH(1,1)",22,test
2023-05-10,GLD,-3.7290391782519703,0.024015899753560103,-4.629198995264699,0.009762575840779912,"GARCH(1,1)",22,test
2023-05-10,SPY,-3.6143530690411687,0.026934344243313795,-4.512815866212893,0.010967533546464327,"GARCH(1,1)",22,test
2023-05-10,TLT,-3.5961554455066738,0.027428972176723996,-4.441704920294465,0.011775844518979194,"GARCH(1,1)",22,test
2023-05-11,GLD,-3.717036767845291,0.024305885219761313,-4.637753849899828,0.009679414646743191,"GARCH(1,1)",22,test
2023-05-11,SPY,-3.615936790111731,0.026891721514979112,-4.547914400612625,0.010589266337042958,"GARCH(1,1)",22,test
2023-05-11,TLT,-3.5759317529737245,0.027989334475156898,-4.471438587411511,0.011430859725652656,"GARCH(1,1)",22,test
2023-05-12,GLD,-3.7035220465774743,0.024636602224030104,-4.655871360718227,0.009505626802451211,"GARCH(1,1)",22,test
2023-05-12,SPY,-3.5993346028681876,0.027341909624016003,-4.582502297253622,0.010229267576276185,"GARCH(1,1)",22,test
2023-05-12,TLT,-3.5737600854646487,0.028050184052047195,-4.48523496697776,0.011274238135832441,"GARCH(1,1)",22,test
2023-05-15,GLD,-3.693881712496208,0.024875255801916914,-4.657222479095959,0.009492792247840337,"GARCH(1,1)",22,test
2023-05-15,SPY,-3.570431470064685,0.028143707892751696,-4.615886972090322,0.009893404340621125,"GARCH(1,1)",22,test
2023-05-15,TLT,-3.5456124555865376,0.028850947173784995,-4.494942975908925,0.011165317289034181,"GARCH(1,1)",22,test
2023-05-16,GLD,-3.71620400073247,0.024326134792039,-4.674339174715112,0.009331689717164837,"GARCH(1,1)",22,test
2023-05-16,SPY,-3.5601803624152817,0.028433695881609503,-4.644557138055749,0.00961378629713987,"GARCH(1,1)",22,test
2023-05-16,TLT,-3.540646247008436,0.028994583363553792,-4.511479275440386,0.010982202451577504,"GARCH(1,1)",22,test
2023-05-17,GLD,-3.7189574225490256,0.024259246809463696,-4.69040235242892,0.009182990614260983,"GARCH(1,1)",22,test
2023-05-17,SPY,-3.5803507577581803,0.027865922352406407,-4.666267189823114,0.009407319807399828,"GARCH(1,1)",22,test
2023-05-17,TLT,-3.5461701239403625,0.028834862398970103,-4.51954540287881,0.010893974912692136,"GARCH(1,1)",22,test
2023-05-18,GLD,-3.6906057272401074,0.024956880400656602,-4.670184441701793,0.009370541049071437,"GARCH(1,1)",22,test
2023-05-18,SPY,-3.589828392550433,0.027603066908742004,-4.6560834138766305,0.009503611317967625,"GARCH(1,1)",22,test
2023-05-18,TLT,-3.5150788019245605,0.029745458862334005,-4.547549460585075,0.010593131489423245,"GARCH(1,1)",22,test
2023-05-19,GLD,-3.731795758848266,0.023949789151761002,-4.68461911427732,0.009236251898826311,"GARCH(1,1)",22,test
2023-05-19,SPY,-3.60066819021821,0.0273054711015926,-4.609562112018879,0.009956177043725109,"GARCH(1,1)",22,test
2023-05-19,TLT,-3.513767348342299,0.0297844942418644,-4.574764106278911,0.010308730656038424,"GARCH(1,1)",22,test
2023-05-22,GLD,-3.716803228469247,0.024311562263910604,-4.6624342069622635,0.009443447096396794,"GARCH(1,1)",22,test
2023-05-22,SPY,-3.6064842251079146,0.027147122455971395,-4.600570849610005,0.01004609929559955,"GARCH(1,1)",22,test
2023-05-22,TLT,-3.5183084355623087,0.029649546891453403,-4.590195166751193,0.010150877066334628,"GARCH(1,1)",22,test
2023-05-23,GLD,-3.7307595757170406,0.0239746183808691,-4.65863302453232,0.009479411672230298,"GARCH(1,1)",22,test
2023-05-23,SPY,-3.623741354364624,0.0266826602238647,-4.631805936182602,0.00973715852746847,"GARCH(1,1)",22,test
2023-05-23,TLT,-3.5267228584736685,0.029401109758161105,-4.605920647348776,0.009992498201650135,"GARCH(1,1)",22,test
2023-05-24,GLD,-3.719111696373506,0.024255504531354593,-4.675076685555538,0.009324810032071938,"GARCH(1,1)",22,test
2023-05-24,SPY,-3.6146840995474903,0.026925429629287494,-4.660194884106156,0.009464617718402275,"GARCH(1,1)",22,test
2023-05-24,TLT,-3.500006198538188,0.030197196243264297,-4.630045021628142,0.009754319937092025,"GARCH(1,1)",22,test
2023-05-25,GLD,-3.7152830286767897,0.02434854880215939,-4.6917621770795535,0.009170511843650014,"GARCH(1,1)",22,test
2023-05-25,SPY,-3.628988217400041,0.026543026599837396,-4.604150140013311,0.010010205663986128,"GARCH(1,1)",22,test
2023-05-25,TLT,-3.4871925302311504,0.03058662276253509,-4.654436681894219,0.009519274111345292,"GARCH(1,1)",22,test
2023-05-26,GLD,-3.705105549591888,0.024597620961761994,-4.692548687053469,0.009163301980305457,"GARCH(1,1)",22,test
2023-05-26,SPY,-3.649391224406311,0.0260069563608423,-4.60362662119981,0.010015447566975933,"GARCH(1,1)",22,test
2023-05-26,TLT,-3.4874422316415723,0.030578986193161996,-4.673303067832982,0.00934136335569903,"GARCH(1,1)",22,test
2023-05-30,GLD,-3.7073198679107193,0.024543214258177504,-4.686899306998008,0.009215215457165265,"GARCH(1,1)",22,test
2023-05-30,SPY,-3.660553260905863,0.025718279870663205,-4.6043615800278594,0.010008089329701661,"GARCH(1,1)",22,test
2023-05-30,TLT,-3.48217094472636,0.030740602391409622,-4.696412946272156,0.009127960933614683,"GARCH(1,1)",22,test
2023-05-31,GLD,-3.7202350245154,0.02422827293838959,-4.69968101620097,0.009098178810513391,"GARCH(1,1)",22,test
2023-05-31,SPY,-3.6770919399100497,0.02529643151815189,-4.563134414725317,0.010429317850704516,"GARCH(1,1)",22,test
2023-05-31,TLT,-3.4810035841229654,0.030776508713301204,-4.701478041086423,0.009081843838350215,"GARCH(1,1)",22,test
2023-06-01,GLD,-3.731282247335123,0.023962090802477097,-4.706535506775893,0.009036028676699507,"GARCH(1,1)",22,test
2023-06-01,SPY,-3.7341005443606097,0.023894653586932695,-4.603164233229887,0.010020079660273871,"GARCH(1,1)",22,test
2023-06-01,TLT,-3.4766125013087468,0.0309119480568568,-4.696368496590753,0.00912836667758757,"GARCH(1,1)",22,test
2023-06-02,GLD,-3.740116419197915,0.0237513378586398,-4.721574564836241,0.00890115206748814,"GARCH(1,1)",22,test
2023-06-02,SPY,-3.7468123939065414,0.023592830772996495,-4.615495644256675,0.009897276662733429,"GARCH(1,1)",22,test
2023-06-02,TLT,-3.472569727107045,0.031037171036547392,-4.698410432823048,0.00910974615235936,"GARCH(1,1)",22,test
2023-06-05,GLD,-3.7440703855241737,0.023657611286507087,-4.721235606337465,0.008904169700027524,"GARCH(1,1)",22,test
2023-06-05,SPY,-3.726878418322491,0.02406784845153861,-4.606602702003249,0.009985685095461399,"GARCH(1,1)",22,test
2023-06-05,TLT,-3.4975259661222493,0.0302721852649169,-4.721508769541288,0.008901737740680907,"GARCH(1,1)",22,test
2023-06-06,GLD,-3.7571574472060183,0.0233500197928977,-4.683378853352173,0.009247714367908147,"GARCH(1,1)",22,test
2023-06-06,SPY,-3.731822576499893,0.023949146883271096,-4.547100102955363,0.010597892663535405,"GARCH(1,1)",22,test
2023-06-06,TLT,-3.5118284151795143,0.029842300408523495,-4.707538007227645,0.009026974592988865,"GARCH(1,1)",22,test
2023-06-07,GLD,-3.836716568142814,0.0215642901078323,-4.6917133268158695,0.009170959836513887,"GARCH(1,1)",22,test
2023-06-07,SPY,-3.733656606140304,0.023905263691862192,-4.586142168439642,0.010192102039886504,"GARCH(1,1)",22,test
2023-06-07,TLT,-3.538985012307287,0.02904279020193269,-4.7294410150354,0.008831406283563454,"GARCH(1,1)",22,test
2023-06-08,GLD,-3.846515731013878,0.0213540100836206,-4.707717472494044,0.009025354709949475,"GARCH(1,1)",22,test
2023-06-08,SPY,-3.741983154228375,0.02370704176164,-4.621426899190187,0.009838747140047255,"GARCH(1,1)",22,test
2023-06-08,TLT,-3.518165638249342,0.0296537810693876,-4.740873362785576,0.008731017508884603,"GARCH(1,1)",22,test
2023-06-09,GLD,-3.8570235029877975,0.0211308017796729,-4.688606363307934,0.009199497984593926,"GARCH(1,1)",22,test
2023-06-09,SPY,-3.7511862054017056,0.0234898655180117,-4.641975566584972,0.00963863703674941,"GARCH(1,1)",22,test
2023-06-09,TLT,-3.522511595374404,0.029525186643595096,-4.695387746890929,0.009137323712052973,"GARCH(1,1)",22,test
2023-06-12,GLD,-3.852002421501504,0.0212371680707178,-4.6659240693671356,0.009410548205094649,"GARCH(1,1)",22,test
2023-06-12,SPY,-3.7531258267482706,0.023444348230846103,-4.652999752403704,0.009532962469291511,"GARCH(1,1)",22,test
2023-06-12,TLT,-3.552336383305549,0.028657606224079795,-4.681120633200949,0.009268621340234932,"GARCH(1,1)",22,test
2023-06-13,GLD,-3.895991646569442,0.020323211010831805,-4.681689705080039,0.009263348328975787,"GARCH(1,1)",22,test
2023-06-13,SPY,-3.754122687474547,0.023420989125663295,-4.6771315011709005,0.009305668939250864,"GARCH(1,1)",22,test
2023-06-13,TLT,-3.5797550275502017,0.027882527869837997,-4.704443565131431,0.00905495130700723,"GARCH(1,1)",22,test
2023-06-14,GLD,-3.885879261171099,0.020529769793888097,-4.698236616588215,0.009111329711756025,"GARCH(1,1)",22,test
2023-06-14,SPY,-3.799632297022797,0.022378999168090285,-4.65765048850958,0.009488730112774754,"GARCH(1,1)",22,test
2023-06-14,TLT,-3.5898016367044803,0.027603805462028296,-4.7248025477054805,0.008872465625678254,"GARCH(1,1)",22,test
2023-06-15,GLD,-3.8961494418054863,0.020320004357957097,-4.701170033631799,0.00908464154478926,"GARCH(1,1)",22,test
2023-06-15,SPY,-3.863826978997495,0.020987526813248003,-4.662175666894687,0.00944588892148846,"GARCH(1,1)",22,test
2023-06-15,TLT,-3.5953993021039397,0.0274497202563524,-4.717319077464508,0.00893911151840271,"GARCH(1,1)",22,test
2023-06-16,GLD,-3.9048481202458714,0.0201440137268167,-4.716968739427099,0.008942243777831026,"GARCH(1,1)",22,test
2023-06-16,SPY,-3.869514145702437,0.02086850601589379,-4.685295191696544,0.009230009587859762,"GARCH(1,1)",22,test
2023-06-16,TLT,-3.587770713338981,0.027659923642090398,-4.720928795946107,0.008906902010947163,"GARCH(1,1)",22,test
2023-06-20,GLD,-3.9067853491443,0.02010502793568771,-4.7201037051517085,0.008914254046434315,"GARCH(1,1)",22,test
2023-06-20,SPY,-3.899469484832191,0.020252652935861603,-4.628249892741312,0.00977184592457924,"GARCH(1,1)",22,test
2023-06-20,TLT,-3.584289384108157,0.027756384751805505,-4.716226381863558,0.008948884584756168,"GARCH(1,1)",22,test
2023-06-21,GLD,-3.949394248094421,0.0192663688810077,-4.7344907545795625,0.008786922392582207,"GARCH(1,1)",22,test
2023-06-21,SPY,-3.8978415959176536,0.0202856488546244,-4.623747532949246,0.009815941483310357,"GARCH(1,1)",22,test
2023-06-21,TLT,-3.6112228743989703,0.027018786074090903,-4.733877173411674,0.008792315537082741,"GARCH(1,1)",22,test
2023-06-22,GLD,-3.950861871776556,0.019238113840723898,-4.721623556610933,0.008900715994933629,"GARCH(1,1)",22,test
2023-06-22,SPY,-3.8920101583916993,0.020404288933494896,-4.634482590275974,0.009711130371962435,"GARCH(1,1)",22,test
2023-06-22,TLT,-3.6278331167752103,0.02657370418088331,-4.740925036050629,0.008730566360358948,"GARCH(1,1)",22,test
2023-06-23,GLD,-3.962654465399913,0.0190125790160536,-4.7360363576020905,0.008773351788858134,"GARCH(1,1)",22,test
2023-06-23,SPY,-3.8780756574114856,0.020690602704613398,-4.6434893375527615,0.009624057385744435,"GARCH(1,1)",22,test
2023-06-23,TLT,-3.6372053818246943,0.026325811852810504,-4.760212551363485,0.008563788959016737,"GARCH(1,1)",22,test
2023-06-26,GLD,-3.954747808759999,0.0191635008073227,-4.725249519118361,0.008868500773335642,"GARCH(1,1)",22,test
2023-06-26,SPY,-3.830854623890332,0.02169106999957951,-4.66568717492633,0.00941277777572539,"GARCH(1,1)",22,test
2023-06-26,TLT,-3.5637917018108953,0.028331197345407094,-4.734295742266165,0.008788636117738948,"GARCH(1,1)",22,test
2023-06-27,GLD,-3.9787317114004863,0.018709353155883297,-4.738147817750353,0.008754846749390987,"GARCH(1,1)",22,test
2023-06-27,SPY,-3.7989343577122487,0.022394623803229704,-4.648615863903248,0.009574845652360662,"GARCH(1,1)",22,test
2023-06-27,TLT,-3.5900049001723673,0.0275981951870045,-4.726294590554425,0.008859237397784417,"GARCH(1,1)",22,test
2023-06-28,GLD,-3.988158994016962,0.0185338035740146,-4.751562981343713,0.008638183327082442,"GARCH(1,1)",22,test
2023-06-28,SPY,-3.809122102161992,0.022167631332809492,-4.661152343271686,0.00945556007027561,"GARCH(1,1)",22,test
2023-06-28,TLT,-3.608259160662916,0.027098980799915587,-4.747675542786723,0.008671829089555926,"GARCH(1,1)",22,test
2023-06-29,GLD,-4.009955685995154,0.018134198817970293,-4.759476173744991,0.008570097463971521,"GARCH(1,1)",22,test
2023-06-29,SPY,-3.812144095358193,0.022100742022171903,-4.627254673220555,0.009781575897323527,"GARCH(1,1)",22,test
2023-06-29,TLT,-3.6062700931006506,0.027152936146220698,-4.766147436127742,0.008513114381031826,"GARCH(1,1)",22,test
2023-06-30,GLD,-4.011284961752487,0.018110109481335603,-4.77119058927879,0.008470289518351574,"GARCH(1,1)",22,test
2023-06-30,SPY,-3.807097987757019,0.02221254659619521,-4.65706606227516,0.009494277196356692,"GARCH(1,1)",22,test
2023-06-30,TLT,-3.6078512797830458,0.02711003621053988,-4.780099995991666,0.008395159443223922,"GARCH(1,1)",22,test
2023-07-03,GLD,-4.019001746070308,0.017970895505443295,-4.783451342155841,0.008367071450408962,"GARCH(1,1)",22,test
2023-07-03,SPY,-3.783437711604284,0.022744368297237,-4.6756914246736825,0.009319079468157332,"GARCH(1,1)",22,test
2023-07-03,TLT,-3.620427418741147,0.026771231520839104,-4.698138873019043,0.009112220329167307,"GARCH(1,1)",22,test
2023-07-05,GLD,-4.014072012767047,0.0180597059535599,-4.783094961441832,0.008370053844708961,"GARCH(1,1)",22,test
2023-07-05,SPY,-3.718064590398413,0.0242809159169633,-4.6288867986526245,0.009765624159695181,"GARCH(1,1)",22,test
2023-07-05,TLT,-3.623171875904064,0.026697859751623698,-4.683118186249051,0.009250125257029021,"GARCH(1,1)",22,test
2023-07-06,GLD,-4.029389816487765,0.017785178866315407,-4.794741982964943,0.00827313316170075,"GARCH(1,1)",22,test
2023-07-06,SPY,-3.7274954233022783,0.024053003049505698,-4.658436063625387,0.009481278929632775,"GARCH(1,1)",22,test
2023-07-06,TLT,-3.6346342078340887,0.026393587189281,-4.687268930349706,0.009211809927761733,"GARCH(1,1)",22,test
2023-07-07,GLD,-4.0515740802671445,0.017394971996004902,-4.802511420799976,0.008209104622861504,"GARCH(1,1)",22,test
2023-07-07,SPY,-3.707115911664933,0.024548220510528,-4.679792629427854,0.009280938281007895,"GARCH(1,1)",22,test
2023-07-07,TLT,-3.6160475938107046,0.026888741977838405,-4.68548154546821,0.009228289701019224,"GARCH(1,1)",22,test
2023-07-10,GLD,-4.041750029403649,0.017566703252788807,-4.810892324203027,0.008140592408140261,"GARCH(1,1)",22,test
2023-07-10,SPY,-3.694458838752005,0.024860903780536497,-4.657026122116462,0.009494656406867447,"GARCH(1,1)",22,test
2023-07-10,TLT,-3.624324908063031,0.026667094001112897,-4.654633953371695,0.009517396415290874,"GARCH(1,1)",22,test
2023-07-11,GLD,-4.023776217074632,0.017885298488770598,-4.805000339990815,0.008188698230291424,"GARCH(1,1)",22,test
2023-07-11,SPY,-3.627958848785565,0.02657036322567098,-4.6754527148479905,0.009321304289525581,"GARCH(1,1)",22,test
2023-07-11,TLT,-3.5849027008319574,0.027739366516162708,-4.669854519736385,0.009373633106432055,"GARCH(1,1)",22,test
2023-07-12,GLD,-4.013544385258585,0.018069237265485795,-4.8157684112512,0.008100994790107483,"GARCH(1,1)",22,test
2023-07-12,SPY,-3.623376009303119,0.0266924103829831,-4.694897733239924,0.009141802222581564,"GARCH(1,1)",22,test
2023-07-12,TLT,-3.6154080431755977,0.026905944190104104,-4.693594752833473,0.009153721575412489,"GARCH(1,1)",22,test
2023-07-13,GLD,-4.000107839759231,0.0183136638411425,-4.821934854974292,0.00805119416581251,"GARCH(1,1)",22,test
2023-07-13,SPY,-3.6259233337374703,0.026624502681996103,-4.693542582370554,0.009154199141761826,"GARCH(1,1)",22,test
2023-07-13,TLT,-3.5965240634633355,0.027418863228331293,-4.709355447699841,0.009010583503448603,"GARCH(1,1)",22,test
2023-07-14,GLD,-3.9967015151983505,0.018376152491975797,-4.779389646193791,0.008401125061624604,"GARCH(1,1)",22,test
2023-07-14,SPY,-3.6204871194558264,0.026769633306892193,-4.679947052458481,0.009279505201044596,"GARCH(1,1)",22,test
2023-07-14,TLT,-3.5939650191922667,0.027489119168885603,-4.6971272805975195,0.009121442846123208,"GARCH(1,1)",22,test
2023-07-17,GLD,-3.9875373823955784,0.018545327983186897,-4.791690090215608,0.008298420444221069,"GARCH(1,1)",22,test
2023-07-17,SPY,-3.6032389867581895,0.027235364444548996,-4.670475010791979,0.009367818655025199,"GARCH(1,1)",22,test
2023-07-17,TLT,-3.567810662476305,0.028217563874847206,-4.689760061037432,0.009188890664653592,"GARCH(1,1)",22,test
2023-07-18,GLD,-4.020376654891982,0.0179462041407567,-4.8004871424400335,0.008225738966294572,"GARCH(1,1)",22,test
2023-07-18,SPY,-3.599572686876143,0.027335400727450405,-4.691745982293532,0.009170660359329615,"GARCH(1,1)",22,test
2023-07-18,TLT,-3.562953743299725,0.028354947662854908,-4.703192270835462,0.009066288807723658,"GARCH(1,1)",22,test
2023-07-19,GLD,-4.022904703670553,0.017900892560373697,-4.811732659167728,0.008133754457193351,"GARCH(1,1)",22,test
2023-07-19,SPY,-3.5850972789987483,0.027733969566159398,-4.705690451402152,0.009043667848597055,"GARCH(1,1)",22,test
2023-07-19,TLT,-3.563827305085522,0.02833018867996351,-4.725826667602313,0.00886338380832573,"GARCH(1,1)",22,test
2023-07-20,GLD,-4.020452752057902,0.0179448385374425,-4.7847341790999565,0.008356344743817128,"GARCH(1,1)",22,test
2023-07-20,SPY,-3.567039215077554,0.0282393406398319,-4.6944205080961945,0.00914616596162136,"GARCH(1,1)",22,test
2023-07-20,TLT,-3.580041934696033,0.027874529320823602,-4.741388382791723,0.008726522017926766,"GARCH(1,1)",22,test
2023-07-21,GLD,-4.013698110191598,0.0180664597866869,-4.797026104040894,0.008254257888792648,"GARCH(1,1)",22,test
2023-07-21,SPY,-3.5598000280928614,0.028444512248854005,-4.711143400228551,0.008994487401709335,"GARCH(1,1)",22,test
2023-07-21,TLT,-3.5766010542378286,0.0279706074459225,-4.724666582680007,0.00887367205270714,"GARCH(1,1)",22,test
2023-07-24,GLD,-4.008998902651746,0.018151557620327607,-4.801004002090469,0.008221488512266594,"GARCH(1,1)",22,test
2023-07-24,SPY,-3.5547020032194294,0.028589893343159395,-4.69194343660426,0.009168849751671473,"GARCH(1,1)",22,test
2023-07-24,TLT,-3.569775461826006,0.0281621764540982,-4.702989931515295,0.009068123460042345,"GARCH(1,1)",22,test
2023-07-25,GLD,-4.016451015099607,0.018016792936294507,-4.8096405031111935,0.008150789354461431,"GARCH(1,1)",22,test
2023-07-25,SPY,-3.5289829206896375,0.029334736453040897,-4.710232203743325,0.009002686882117724,"GARCH(1,1)",22,test
2023-07-25,TLT,-3.568275517645711,0.028204449842710907,-4.725660353267145,0.008864858038700572,"GARCH(1,1)",22,test
2023-07-26,GLD,-3.976660637051805,0.018748141770472394,-4.815069378765383,0.008106659628355505,"GARCH(1,1)",22,test
2023-07-26,SPY,-3.489549933481086,0.03051460268216929,-4.716751110873461,0.008944190077188146,"GARCH(1,1)",22,test
2023-07-26,TLT,-3.5557870625578176,0.028558888436527593,-4.743260997224025,0.00871019589788708,"GARCH(1,1)",22,test
2023-07-27,GLD,-3.9604394673942536,0.0190547385150227,-4.8165391800824855,0.008094753201540824,"GARCH(1,1)",22,test
2023-07-27,SPY,-3.5121252244035186,0.029833444252856098,-4.728173529360559,0.008842607061429796,"GARCH(1,1)",22,test
2023-07-27,TLT,-3.620853302477943,0.02675983251621801,-4.762951794876707,0.008540362755348486,"GARCH(1,1)",22,test
2023-07-28,GLD,-3.9517598469072626,0.019220846247028404,-4.820116940491243,0.008065843860203644,"GARCH(1,1)",22,test
2023-07-28,SPY,-3.526391397039107,0.0294108567074589,-4.739555337287366,0.008742532799643031,"GARCH(1,1)",22,test
2023-07-28,TLT,-3.5938347398684316,0.027492700666036197,-4.78248632264182,0.008375149734857961,"GARCH(1,1)",22,test
2023-07-31,GLD,-3.957892567961894,0.019103330871385802,-4.757833346806376,0.00858418822212132,"GARCH(1,1)",22,test
2023-07-31,SPY,-3.5229768143226172,0.029511454161871994,-4.713562053810883,0.008972759139695642,"GARCH(1,1)",22,test
2023-07-31,TLT,-3.5968171002118376,0.027410829670924498,-4.685901001412798,0.00922441965176008,"GARCH(1,1)",22,test
2023-08-01,GLD,-3.981261760379268,0.0186620774062369,-4.754473460072792,0.008613078629317088,"GARCH(1,1)",22,test
2023-08-01,SPY,-3.5190188723765368,0.029628490242411504,-4.678815008900689,0.009290015953319157,"GARCH(1,1)",22,test
2023-08-01,TLT,-3.606274675152019,0.02715281173035751,-4.702047062966049,0.009076677540506502,"GARCH(1,1)",22,test
2023-08-02,GLD,-3.9587126609081897,0.019087670786727597,-4.7665478014923215,0.008509706707091787,"GARCH(1,1)",22,test
2023-08-02,SPY,-3.5148331630911307,0.029752766399619504,-4.699533052950181,0.009099525106225147,"GARCH(1,1)",22,test
2023-08-02,TLT,-3.603295595684912,0.02723382272343689,-4.723071967923602,0.008887833429074964,"GARCH(1,1)",22,test
2023-08-03,GLD,-3.9622872554851063,0.019019561905589007,-4.750079899371489,0.008651003965726677,"GARCH(1,1)",22,test
2023-08-03,SPY,-3.5281059821395777,0.0293604724971077,-4.708821221505027,0.009015398479215281,"GARCH(1,1)",22,test
2023-08-03,TLT,-3.6154521447462273,0.026904757621871,-4.643772549971954,0.009621332119102662,"GARCH(1,1)",22,test
2023-08-04,GLD,-3.9473706070240375,0.019305396572053102,-4.75806853101137,0.008582169594022812,"GARCH(1,1)",22,test
2023-08-04,SPY,-3.547684605985714,0.028791225569524695,-4.601716121831378,0.010034600363104008,"GARCH(1,1)",22,test
2023-08-04,TLT,-3.63774100597728,0.0263117148878202,-4.639669335276165,0.00966089161549714,"GARCH(1,1)",22,test
2023-08-07,GLD,-3.9580813672783335,0.019099724516024996,-4.771879667143715,0.008464454839839751,"GARCH(1,1)",22,test
2023-08-07,SPY,-3.5470540180809453,0.028809386693623096,-4.629661744799789,0.009758059258452087,"GARCH(1,1)",22,test
2023-08-07,TLT,-3.6422607280548833,0.026193061591090805,-4.539909418141338,0.01067437341431616,"GARCH(1,1)",22,test
2023-08-08,GLD,-3.9472604460381033,0.0193075233907174,-4.781357838815585,0.008384606290657626,"GARCH(1,1)",22,test
2023-08-08,SPY,-3.5823712274679194,0.027809676940569104,-4.644407781312032,0.009615222288190804,"GARCH(1,1)",22,test
2023-08-08,TLT,-3.653350428100936,0.025904193087734784,-4.506149376383532,0.011040892749810368,"GARCH(1,1)",22,test
2023-08-09,GLD,-3.953079413240649,0.019195499792263704,-4.79252552177083,0.008291490577041385,"GARCH(1,1)",22,test
2023-08-09,SPY,-3.589594611600179,0.027609520734315197,-4.637219823703942,0.009684585088178098,"GARCH(1,1)",22,test
2023-08-09,TLT,-3.650595860664248,0.02597564630065461,-4.5169951026073045,0.01092179327738364,"GARCH(1,1)",22,test
2023-08-10,GLD,-3.969038666394768,0.01889158552452339,-4.792794988738132,0.008289256595226844,"GARCH(1,1)",22,test
2023-08-10,SPY,-3.65169089423667,0.025947217663886604,-4.651450250868478,0.009547745259293102,"GARCH(1,1)",22,test
2023-08-10,TLT,-3.698061151738722,0.024771508136202998,-4.520074126502877,0.010888216533225583,"GARCH(1,1)",22,test
2023-08-11,GLD,-3.977959007053152,0.018723815541257096,-4.7982370387559685,0.008244268570794567,"GARCH(1,1)",22,test
2023-08-11,SPY,-3.6558896344256713,0.025838500435704497,-4.646605295375218,0.009594115901276564,"GARCH(1,1)",22,test
2023-08-11,TLT,-3.697764994006503,0.024778845496330595,-4.544463256695023,0.01062587455292986,"GARCH(1,1)",22,test
2023-08-14,GLD,-3.9837567416782225,0.0186155739089102,-4.809801589713081,0.008149476477247921,"GARCH(1,1)",22,test
2023-08-14,SPY,-3.646703762615959,0.0260769430635171,-4.673709227678343,0.009337570039401537,"GARCH(1,1)",22,test
2023-08-14,TLT,-3.7213328236206977,0.024201689756201485,-4.51650171405108,0.010927183294777253,"GARCH(1,1)",22,test
2023-08-15,GLD,-3.9988054319533264,0.018337531239052803,-4.82115097899956,0.008057507777708044,"GARCH(1,1)",22,test
2023-08-15,SPY,-3.647133214355434,0.026065746679283696,-4.694915172641434,0.009141642796412228,"GARCH(1,1)",22,test
2023-08-15,TLT,-3.735376062220832,0.0238641949589103,-4.545366609225534,0.010616279976558472,"GARCH(1,1)",22,test
2023-08-16,GLD,-4.005844414068762,0.018208906907884806,-4.829036749437076,0.007994217993404142,"GARCH(1,1)",22,test
2023-08-16,SPY,-3.6662592077129457,0.025571950604270095,-4.699570365493831,0.009099185586131642,"GARCH(1,1)",22,test
2023-08-16,TLT,-3.776703253426791,0.022898056215889213,-4.573240600023115,0.010324448041409586,"GARCH(1,1)",22,test
2023-08-17,GLD,-4.035958573987429,0.0176687352030455,-4.837209264976456,0.007929151363798298,"GARCH(1,1)",22,test
2023-08-17,SPY,-3.672020082041525,0.025425057333591898,-4.629290960168985,0.009761678067709565,"GARCH(1,1)",22,test
2023-08-17,TLT,-3.7771299407987065,0.0228882879885983,-4.592651476297844,0.010125973967470428,"GARCH(1,1)",22,test
2023-08-18,GLD,-4.011124112501979,0.018113022713161595,-4.836470177872099,0.00793501386350188,"GARCH(1,1)",22,test
2023-08-18,SPY,-3.671539146424229,0.02543728809010289,-4.624325134625478,0.009810273416155936,"GARCH(1,1)",22,test
2023-08-18,TLT,-3.800321859472073,0.0223635727699553,-4.605420822408259,0.009997493949865157,"GARCH(1,1)",22,test
2023-08-21,GLD,-4.020118735233037,0.017950833416572998,-4.845881480421216,0.007860685359940233,"GARCH(1,1)",22,test
2023-08-21,SPY,-3.696788494083348,0.024803053854860094,-4.61811860987493,0.009871350462962267,"GARCH(1,1)",22,test
2023-08-21,TLT,-3.8042085155013816,0.022276821949517203,-4.6277674607821115,0.00977656131268915,"GARCH(1,1)",22,test
2023-08-22,GLD,-4.036473580925153,0.0176596380245912,-4.855629151390217,0.007784434224711755,"GARCH(1,1)",22,test
2023-08-22,SPY,-3.6797775482135138,0.025228586355162987,-4.650351013042199,0.009558246272535889,"GARCH(1,1)",22,test
2023-08-22,TLT,-3.7923678398662526,0.022542162377283202,-4.650576983187147,0.009556086638255863,"GARCH(1,1)",22,test
2023-08-23,GLD,-4.044693137589338,0.0175150785504559,-4.862345279914234,0.007732328135427709,"GARCH(1,1)",22,test
2023-08-23,SPY,-3.688283625319096,0.025014900158401913,-4.658561622020738,0.009480088550197125,"GARCH(1,1)",22,test
2023-08-23,TLT,-3.785163358865101,0.0227051533856696,-4.629923180901868,0.009755508482922637,"GARCH(1,1)",22,test
2023-08-24,GLD,-4.055128465068775,0.017333253322852096,-4.8704010127703645,0.007670288787322609,"GARCH(1,1)",22,test
2023-08-24,SPY,-3.7023971284966417,0.024664331977248384,-4.676881078102818,0.009307999585228767,"GARCH(1,1)",22,test
2023-08-24,TLT,-3.7709293920424054,0.0230306488357972,-4.641080022010613,0.00964727273209979,"GARCH(1,1)",22,test
2023-08-25,GLD,-4.094625166789824,0.0166619905799676,-4.843992633723174,0.007875547020807687,"GARCH(1,1)",22,test
2023-08-25,SPY,-3.720992414219598,0.024209929641304605,-4.639152664803887,0.00966588440263252,"GARCH(1,1)",22,test
2023-08-25,TLT,-3.7310856785810778,0.023966801463779698,-4.529820604171931,0.010782610254541183,"GARCH(1,1)",22,test
2023-08-28,GLD,-4.045570895651216,0.017499711294406903,-4.854115422532367,0.007796226670470723,"GARCH(1,1)",22,test
2023-08-28,SPY,-3.696059041020104,0.02482115311895159,-4.558698304815927,0.010475686222526552,"GARCH(1,1)",22,test
2023-08-28,TLT,-3.659826541743112,0.025736976630302114,-4.549930881344594,0.010567934800053472,"GARCH(1,1)",22,test
2023-08-29,GLD,-4.001326716715148,0.018291355336730996,-4.863198617782529,0.007725732661503727,"GARCH(1,1)",22,test
2023-08-29,SPY,-3.681142272302495,0.025194179778715103,-4.581400469568572,0.010240544678060093,"GARCH(1,1)",22,test
2023-08-29,TLT,-3.62896466295216,0.0265436518135373,-4.576247370788622,0.010293451416094607,"GARCH(1,1)",22,test
2023-08-30,GLD,-3.9911002068781074,0.018479371799533902,-4.869572326911537,0.007676647681572761,"GARCH(1,1)",22,test
2023-08-30,SPY,-3.658215728093205,0.0257784675116331,-4.6039717882610685,0.010011991160925129,"GARCH(1,1)",22,test
2023-08-30,TLT,-3.599342694562135,0.0273416883825465,-4.6036775574623725,0.010014937430501315,"GARCH(1,1)",22,test
2023-08-31,GLD,-3.952224372716497,0.019211919741327993,-4.845804138087494,0.007861293347201901,"GARCH(1,1)",22,test
2023-08-31,SPY,-3.5857065759015043,0.027717076491373296,-4.548836145760483,0.010579510229190693,"GARCH(1,1)",22,test
2023-08-31,TLT,-3.5317479546811814,0.029253736944418792,-4.605227976475691,0.009999422111822387,"GARCH(1,1)",22,test
2023-09-01,GLD,-3.979758154922632,0.018690158914120698,-4.854004295365926,0.007797093091190088,"GARCH(1,1)",22,test
2023-09-01,SPY,-3.572724271657081,0.028079253872854905,-4.586547924517144,0.010187967371431456,"GARCH(1,1)",22,test
2023-09-01,TLT,-3.528035587467969,0.029362539390675704,-4.631618015279812,0.009738988515030633,"GARCH(1,1)",22,test
2023-09-05,GLD,-3.973694618908055,0.01880383164689061,-4.862962454359711,0.007727557412434073,"GARCH(1,1)",22,test
2023-09-05,SPY,-3.545206392588093,0.028862664854799682,-4.621235795184662,0.009840627543705679,"GARCH(1,1)",22,test
2023-09-05,TLT,-3.524914717587757,0.029454319197390503,-4.652300447985774,0.009539631243542127,"GARCH(1,1)",22,test
2023-09-06,GLD,-3.9402478305986177,0.019443395479888388,-4.872446154408499,0.007654617990308935,"GARCH(1,1)",22,test
2023-09-06,SPY,-3.468934287802299,0.0311502101369384,-4.65205944420331,0.009541930607821748,"GARCH(1,1)",22,test
2023-09-06,TLT,-3.446832951652046,0.031846335718985,-4.591499787688996,0.010137642654399402,"GARCH(1,1)",22,test
2023-09-07,GLD,-3.91953367738484,0.01985034925318479,-4.857529921875055,0.007769651855292643,"GARCH(1,1)",22,test
2023-09-07,SPY,-3.4522608398874413,0.0316739456482596,-4.663738626496812,0.00943113691010001,"GARCH(1,1)",22,test
2023-09-07,TLT,-3.3829831902982455,0.0339460360487889,-4.573332831601623,0.01032349584518146,"GARCH(1,1)",22,test
2023-09-08,GLD,-3.9308349595585654,0.0196272777263629,-4.860198257653912,0.007748947450694326,"GARCH(1,1)",22,test
2023-09-08,SPY,-3.434198813124827,0.0322512391531564,-4.656417203037353,0.00950043964488646,"GARCH(1,1)",22,test
2023-09-08,TLT,-3.333955430608039,0.03565180755478922,-4.599699765348144,0.010054854107124716,"GARCH(1,1)",22,test
2023-09-11,GLD,-3.9236203859498966,0.0197693921974921,-4.869719379390479,0.007675518894498723,"GARCH(1,1)",22,test
2023-09-11,SPY,-3.42632621795448,0.032506142160317816,-4.673601229817304,0.009338578531449607,"GARCH(1,1)",22,test
2023-09-11,TLT,-3.3264531119498195,0.0359202846167792,-4.624674074859586,0.009806850814229924,"GARCH(1,1)",22,test
2023-09-12,GLD,-3.919673268588227,0.019847578512434898,-4.879201181740814,0.007603085085611262,"GARCH(1,1)",22,test
2023-09-12,SPY,-3.401398293986285,0.03332663692857999,-4.695615272774767,0.009135244970892147,"GARCH(1,1)",22,test
2023-09-12,TLT,-3.2828745752481816,0.03752024686725149,-4.646924056224831,0.009591058160110558,"GARCH(1,1)",22,test
2023-09-13,GLD,-3.87362584323941,0.0207828771916579,-4.887044866464924,0.007543682156747472,"GARCH(1,1)",22,test
2023-09-13,SPY,-3.3710402166277684,0.0343538832700999,-4.693896036778033,0.009150964121478004,"GARCH(1,1)",22,test
2023-09-13,TLT,-3.2815639630823537,0.037569453597686805,-4.658396760147559,0.009481651584192227,"GARCH(1,1)",22,test
2023-09-14,GLD,-3.875632232656308,0.020741220450604503,-4.885710559064964,0.0075537544659561515,"GARCH(1,1)",22,test
2023-09-14,SPY,-3.371554748876697,0.03433621163598421,-4.689444229506347,0.009191793264403312,"GARCH(1,1)",22,test
2023-09-14,TLT,-3.2869090927917837,0.0373691757275266,-4.674242379036289,0.009332593028123172,"GARCH(1,1)",22,test
2023-09-15,GLD,-3.8619694000658744,0.021026549033089002,-4.892672429076617,0.007501348841501433,"GARCH(1,1)",22,test
2023-09-15,SPY,-3.355043783034378,0.0349078417500615,-4.7089075620827305,0.009014620118104916,"GARCH(1,1)",22,test
2023-09-15,TLT,-3.260115566909,0.038383961845394006,-4.6982064958581295,0.009111604155792197,"GARCH(1,1)",22,test
2023-09-18,GLD,-3.7923228744652215,0.0225431760174438,-4.9013593097982024,0.00743646773408867,"GARCH(1,1)",22,test
2023-09-18,SPY,-3.3339677165417565,0.035651369541735395,-4.688163135622271,0.0092035763605527,"GARCH(1,1)",22,test
2023-09-18,TLT,-3.246164198255039,0.0389232236205835,-4.706197284410451,0.00903908538058641,"GARCH(1,1)",22,test
2023-09-19,GLD,-3.7463283544659833,0.023604253397882496,-4.892654643825276,0.007501482256062378,"GARCH(1,1)",22,test
2023-09-19,SPY,-3.3091489708447113,0.036547263309427196,-4.567631450529377,0.0103825221347867,"GARCH(1,1)",22,test
2023-09-19,TLT,-3.1985532900028617,0.04082121774397661,-4.717940055968446,0.008933562245473401,"GARCH(1,1)",22,test
2023-09-20,GLD,-3.712070855974875,0.024426886295374015,-4.888187295519152,0.007535068955997929,"GARCH(1,1)",22,test
2023-09-20,SPY,-3.309859366249351,0.0365213095213374,-4.608175697810232,0.009969990002070649,"GARCH(1,1)",22,test
2023-09-20,TLT,-3.19165413184431,0.041103823531465196,-4.730426475128074,0.008822707571929362,"GARCH(1,1)",22,test
2023-09-21,GLD,-3.713945533908524,0.024381136646975107,-4.897123682753251,0.007468032639334319,"GARCH(1,1)",22,test
2023-09-21,SPY,-3.2731788233864587,0.03788580317855831,-4.6379721026818865,0.009677302318087028,"GARCH(1,1)",22,test
2023-09-21,TLT,-3.1097571167369757,0.0446117894815041,-4.735314762658607,0.008779684879834784,"GARCH(1,1)",22,test
2023-09-22,GLD,-3.687415011268303,0.025036637891642205,-4.90586664402949,0.007403024515013542,"GARCH(1,1)",22,test
2023-09-22,SPY,-3.270469799301595,0.03798857587584709,-4.614575396017934,0.00990638880622458,"GARCH(1,1)",22,test
2023-09-22,TLT,-3.102051030578944,0.0449568997919784,-4.75356107033276,0.008620940699979466,"GARCH(1,1)",22,test
2023-09-25,GLD,-3.639387379366093,0.026268431620601298,-4.893044180342883,0.00749856072384615,"GARCH(1,1)",22,test
2023-09-25,SPY,-3.2661837113918395,0.038151747686182895,-4.50626978421325,0.011039563419908681,"GARCH(1,1)",22,test
2023-09-25,TLT,-3.0982596551441124,0.0451276718033164,-4.593413376754561,0.010118261921558626,"GARCH(1,1)",22,test
2023-09-26,GLD,-3.6229963221338752,0.0267025470729855,-4.898346792608213,0.007458903998819095,"GARCH(1,1)",22,test
2023-09-26,SPY,-3.2593294184624684,0.0384141492016874,-4.551693064026706,0.010549328566968795,"GARCH(1,1)",22,test
2023-09-26,TLT,-3.093288525943662,0.045352565815828604,-4.605195387270895,0.009999747990347464,"GARCH(1,1)",22,test
2023-09-27,GLD,-3.601133370586995,0.027292772086371004,-4.896747900254908,0.007470839522653015,"GARCH(1,1)",22,test
2023-09-27,SPY,-3.2662200259345524,0.03815036224806791,-4.588689421934543,0.010166173210016206,"GARCH(1,1)",22,test
2023-09-27,TLT,-3.0887872487986003,0.045557170429374495,-4.499547704819503,0.011114022220296923,"GARCH(1,1)",22,test
2023-09-28,GLD,-3.627119845844572,0.026592665192960396,-4.880519188024815,0.007593070772604056,"GARCH(1,1)",22,test
2023-09-28,SPY,-3.2699951620136765,0.0380066109501935,-4.5149756183906735,0.010943871952789223,"GARCH(1,1)",22,test
2023-09-28,TLT,-3.089982087660687,0.045502769458367995,-4.527048618270268,0.010812540962735082,"GARCH(1,1)",22,test
2023-09-29,GLD,-3.594546120807266,0.0274731498376931,-4.833544743276156,0.007958261215301504,"GARCH(1,1)",22,test
2023-09-29,SPY,-3.275002596145644,0.0378167710513522,-4.562954215171742,0.01043119737846525,"GARCH(1,1)",22,test
2023-09-29,TLT,-3.097270127904542,0.0451723489648128,-4.5504248906407145,0.010562715431335926,"GARCH(1,1)",22,test
2023-10-02,GLD,-3.551996919826881,0.028667336086151903,-4.8371057530019925,0.007929972168392606,"GARCH(1,1)",22,test
2023-10-02,SPY,-3.277056685491736,0.0377391717500655,-4.5915782883081935,0.010136846874408844,"GARCH(1,1)",22,test
2023-10-02,TLT,-3.105576851873577,0.0447986689081804,-4.576545403512331,0.010290384087837504,"GARCH(1,1)",22,test
2023-10-03,GLD,-3.565449190936666,0.0282842775891217,-4.812875759828515,0.00812446206917794,"GARCH(1,1)",22,test
2023-10-03,SPY,-3.314592448147718,0.03634885960406428,-4.622867954418614,0.009824579172903298,"GARCH(1,1)",22,test
2023-10-03,TLT,-3.1197424293118123,0.04416854347682891,-4.603777881947684,0.010013932737456674,"GARCH(1,1)",22,test
2023-10-04,GLD,-3.5636923870258603,0.028334011191907205,-4.790091280725455,0.00831169864941234,"GARCH(1,1)",22,test
2023-10-04,SPY,-3.325409028910736,0.03595780796204209,-4.653385036580715,0.009529290277156247,"GARCH(1,1)",22,test
2023-10-04,TLT,-3.114135756784228,0.0444168775495085,-4.541429401354817,0.01065816087043066,"GARCH(1,1)",22,test
2023-10-05,GLD,-3.566139158510625,0.0282647690856237,-4.8016677992179035,0.008216032922711577,"GARCH(1,1)",22,test
2023-10-05,SPY,-3.3383996408740533,0.035493714984172094,-4.5771857507102025,0.01028379677852946,"GARCH(1,1)",22,test
2023-10-05,TLT,-3.113339825438245,0.0444522444075692,-4.4768953150388855,0.011368654510392534,"GARCH(1,1)",22,test
2023-10-06,GLD,-3.5901988962438875,0.0275928417648454,-4.815268494095615,0.008105045628837884,"GARCH(1,1)",22,test
2023-10-06,SPY,-3.407116471674085,0.033136613109642304,-4.595202490045716,0.010100175388923816,"GARCH(1,1)",22,test
2023-10-06,TLT,-3.1452887844906177,0.04305448878274971,-4.471047023678331,0.011435336512176708,"GARCH(1,1)",22,test
2023-10-09,GLD,-3.5916993874452947,0.027551469995305805,-4.827141061772092,0.008009386907064072,"GARCH(1,1)",22,test
2023-10-09,SPY,-3.4162199823214014,0.0328363225225129,-4.630494666492866,0.009749934943142321,"GARCH(1,1)",22,test
2023-10-09,TLT,-3.177969013944112,0.0416702008333686,-4.497021748170069,0.011142131244769173,"GARCH(1,1)",22,test
2023-10-10,GLD,-3.58176077655303,0.02782665856599729,-4.830461067097573,0.007982839792544048,"GARCH(1,1)",22,test
2023-10-10,SPY,-3.4294016281981663,0.0324063260042227,-4.598237478460419,0.010069567943746874,"GARCH(1,1)",22,test
2023-10-10,TLT,-3.153233946186177,0.04271376923593901,-4.498269194071296,0.011128240704467014,"GARCH(1,1)",22,test
2023-10-11,GLD,-3.579357298010598,0.027893619780454692,-4.740249488995531,0.008736466261359026,"GARCH(1,1)",22,test
2023-10-11,SPY,-3.402057562736412,0.03330467295918101,-4.617568615120466,0.009876781147223405,"GARCH(1,1)",22,test
2023-10-11,TLT,-3.1544772173551263,0.042660697436286206,-4.430222393691541,0.01191184026006574,"GARCH(1,1)",22,test
2023-10-12,GLD,-3.568046381037381,0.028210913255161604,-4.755621163705561,0.008603199038190682,"GARCH(1,1)",22,test
2023-10-12,SPY,-3.428371451530821,0.0324397274468861,-4.63945638564546,0.009662949117863352,"GARCH(1,1)",22,test
2023-10-12,TLT,-3.1777519991205505,0.0416792448659593,-4.4617032977402165,0.01154268590318889,"GARCH(1,1)",22,test
2023-10-13,GLD,-3.5848788695633687,0.027740027588333698,-4.755765273008919,0.008601959326499776,"GARCH(1,1)",22,test
2023-10-13,SPY,-3.4570540612173186,0.0315224886897156,-4.661915609555148,0.009448345713670538,"GARCH(1,1)",22,test
2023-10-13,TLT,-3.1734007253217684,0.04186099781374789,-4.418257553718329,0.01205521956731733,"GARCH(1,1)",22,test
2023-10-16,GLD,-3.584879022808163,0.027740023337319206,-4.768384501639131,0.008494091272359042,"GARCH(1,1)",22,test
2023-10-16,SPY,-3.460832829031573,0.0314035972969855,-4.660585132608126,0.009460924886123953,"GARCH(1,1)",22,test
2023-10-16,TLT,-3.168544387802888,0.0420647833732311,-4.333172189795936,0.01312584371141614,"GARCH(1,1)",22,test
2023-10-17,GLD,-3.5813135536277785,0.027839106068838,-4.549294555967712,0.010574661585133028,"GARCH(1,1)",22,test
2023-10-17,SPY,-3.4876759402275037,0.030571840456582094,-4.667248734547534,0.009398090632436915,"GARCH(1,1)",22,test
2023-10-17,TLT,-3.1842936359834515,0.04140748423014351,-4.3228161546361825,0.013262481703145246,"GARCH(1,1)",22,test
2023-10-18,GLD,-3.630676414014747,0.026498254554828297,-4.568340837901559,0.01037515951647587,"GARCH(1,1)",22,test
2023-10-18,SPY,-3.518534734586245,0.029642837987069598,-4.639558593662901,0.009661961537461553,"GARCH(1,1)",22,test
2023-10-18,TLT,-3.1885942075064935,0.04122979074825531,-4.320483713811333,0.01329345176078139,"GARCH(1,1)",22,test
2023-10-19,GLD,-3.662338789598008,0.0256724001160398,-4.5904124207795345,0.01014867198694063,"GARCH(1,1)",22,test
2023-10-19,SPY,-3.558740323517249,0.0284746710054991,-4.667934612112362,0.009391646902977245,"GARCH(1,1)",22,test
2023-10-19,TLT,-3.2340265144623914,0.03939854018674929,-4.337731538478303,0.013066134633871853,"GARCH(1,1)",22,test
2023-10-20,GLD,-3.703237287040358,0.024643618730436686,-4.571000858688706,0.010347598049780658,"GARCH(1,1)",22,test
2023-10-20,SPY,-3.572580282869207,0.0280832972616788,-4.588191225000263,0.010171239228175371,"GARCH(1,1)",22,test
2023-10-20,TLT,-3.230421303989881,0.0395408365665062,-4.360526356893621,0.012771663426932783,"GARCH(1,1)",22,test
2023-10-23,GLD,-3.691877195351733,0.024925168687549685,-4.56458517447973,0.010414198386107935,"GARCH(1,1)",22,test
2023-10-23,SPY,-3.646318298901565,0.026086996716385112,-4.581155166963244,0.010243057018478826,"GARCH(1,1)",22,test
2023-10-23,TLT,-3.3220258690376623,0.0360796649897372,-4.331332114382483,0.013150018488595828,"GARCH(1,1)",22,test
2023-10-24,GLD,-3.7169457309220553,0.024308098053491503,-4.585747867914584,0.010196121583474273,"GARCH(1,1)",22,test
2023-10-24,SPY,-3.679080290300591,0.025246183320729795,-4.540000636293469,0.010673399762106208,"GARCH(1,1)",22,test
2023-10-24,TLT,-3.344366540404627,0.03528255815518659,-4.361066216846485,0.012764770378125036,"GARCH(1,1)",22,test
2023-10-25,GLD,-3.774910742143757,0.022939138048840298,-4.605006043554324,0.010001641559058737,"GARCH(1,1)",22,test
2023-10-25,SPY,-3.696784818439563,0.024803145022218403,-4.581745702877237,0.010237009911133103,"GARCH(1,1)",22,test
2023-10-25,TLT,-3.353676249766204,0.034955612041261304,-4.372982695395834,0.012613561990804763,"GARCH(1,1)",22,test
2023-10-26,GLD,-3.779655687691735,0.0228305509116397,-4.625770448997948,0.009796104728560063,"GARCH(1,1)",22,test
2023-10-26,SPY,-3.7340467293664727,0.023895939512176098,-4.597465191760653,0.010077347540795218,"GARCH(1,1)",22,test
2023-10-26,TLT,-3.3700348755316227,0.03438843800750191,-4.379744060581629,0.012528564764346469,"GARCH(1,1)",22,test
2023-10-27,GLD,-3.825941189909132,0.021797909900461297,-4.641858312033674,0.0096397672770719,"GARCH(1,1)",22,test
2023-10-27,SPY,-3.759979743731955,0.02328421202136001,-4.526720039688379,0.010816094315857125,"GARCH(1,1)",22,test
2023-10-27,TLT,-3.399219668139299,0.03339932234960462,-4.3364125880837445,0.013083379587421704,"GARCH(1,1)",22,test
2023-10-30,GLD,-3.8246966554823127,0.021825055037790402,-4.6604416196113645,0.009462282749239664,"GARCH(1,1)",22,test
2023-10-30,SPY,-3.7806642901431737,0.022807535570638287,-4.503367301105251,0.01107165211217093,"GARCH(1,1)",22,test
2023-10-30,TLT,-3.418828617499926,0.0327507761645784,-4.33709816420742,0.01307441300874691,"GARCH(1,1)",22,test
2023-10-31,GLD,-3.841671329037711,0.021457708467796002,-4.649080474034031,0.009570398115335273,"GARCH(1,1)",22,test
2023-10-31,SPY,-3.797338087701236,0.0224304002164257,-4.540965591533496,0.010663105376686226,"GARCH(1,1)",22,test
2023-10-31,TLT,-3.409444774741919,0.033059550778725105,-4.368803740423831,0.012666383791492375,"GARCH(1,1)",22,test
2023-11-01,GLD,-3.8150321956291777,0.02203700494698399,-4.6606254530824325,0.009460543424835564,"GARCH(1,1)",22,test
2023-11-01,SPY,-3.785236197384492,0.022703499636143504,-4.53010311605811,0.010779564469235772,"GARCH(1,1)",22,test
2023-11-01,TLT,-3.4060885777267136,0.033170691545202406,-4.399334676671338,0.01228551102163635,"GARCH(1,1)",22,test
2023-11-02,GLD,-3.790026131138371,0.0225950114100378,-4.6719815093276695,0.009353716674912062,"GARCH(1,1)",22,test
2023-11-02,SPY,-3.785762368434866,0.022691556854141405,-4.56206712442453,0.010440454902666974,"GARCH(1,1)",22,test
2023-11-02,TLT,-3.430244986049346,0.03237900739605969,-4.428446495502839,0.011933013270598584,"GARCH(1,1)",22,test
2023-11-03,GLD,-3.7966612817134737,0.022445586384064985,-4.687349639639718,0.009211066479124747,"GARCH(1,1)",22,test
2023-11-03,SPY,-3.7903385030863954,0.022587954464561296,-4.558108240763487,0.010481869372438947,"GARCH(1,1)",22,test
2023-11-03,TLT,-3.439616676653618,0.032076978826383294,-4.405376992678524,0.01221150190015361,"GARCH(1,1)",22,test
2023-11-06,GLD,-3.777693848376408,0.02287538474802041,-4.70178963630679,0.009079014420057565,"GARCH(1,1)",22,test
2023-11-06,SPY,-3.793264678810427,0.0225219547510249,-4.460226109017251,0.011559749228410809,"GARCH(1,1)",22,test
2023-11-06,TLT,-3.422147319450582,0.032642266255451094,-4.357276707978286,0.012813234358017515,"GARCH(1,1)",22,test
2023-11-07,GLD,-3.741422577773682,0.023720335096679195,-4.7149751561533275,0.008960088667182772,"GARCH(1,1)",22,test
2023-11-07,SPY,-3.799072812393606,0.022391523377366104,-4.487727893725656,0.011246167289840504,"GARCH(1,1)",22,test
2023-11-07,TLT,-3.425451800657588,0.03253457852409031,-4.384126435375974,0.012473780029214392,"GARCH(1,1)",22,test
2023-11-08,GLD,-3.7391494862733303,0.0237743149160647,-4.715397886533656,0.008956301765968209,"GARCH(1,1)",22,test
2023-11-08,SPY,-3.8188942315885166,0.021952061374588196,-4.538247755704063,0.010692125364449932,"GARCH(1,1)",22,test
2023-11-08,TLT,-3.419513587300811,0.03272835055326019,-4.402077156358449,0.012251864415868717,"GARCH(1,1)",22,test
2023-11-09,GLD,-3.757120479913193,0.023350882995871895,-4.726732769738701,0.008855356314735146,"GARCH(1,1)",22,test
2023-11-09,SPY,-3.824674264466595,0.02182554372841191,-4.580689334506245,0.010247829678440573,"GARCH(1,1)",22,test
2023-11-09,TLT,-3.5287300101839647,0.029342156454329603,-4.399625246459737,0.01228194174188596,"GARCH(1,1)",22,test
2023-11-10,GLD,-3.682506888646529,0.025159822836568497,-4.716586740891871,0.008945660354377879,"GARCH(1,1)",22,test
2023-11-10,SPY,-3.8820044240548497,0.02060947362783539,-4.618760406983594,0.00986501709136371,"GARCH(1,1)",22,test
2023-11-10,TLT,-3.491610932783999,0.030451776871527503,-4.386194595483209,0.012448008913554073,"GARCH(1,1)",22,test
2023-11-13,GLD,-3.6697337062161064,0.025483255075642103,-4.7283317623019805,0.008841207980397904,"GARCH(1,1)",22,test
2023-11-13,SPY,-3.853758012565868,0.021199916996614502,-4.613490930531631,0.009917137770365687,"GARCH(1,1)",22,test
2023-11-13,TLT,-3.4886189270530292,0.030543025202137395,-4.336271309454968,0.013085228119925569,"GARCH(1,1)",22,test
2023-11-14,GLD,-3.652799901850425,0.025918457952258802,-4.7131659112721485,0.008976314335416334,"GARCH(1,1)",22,test
2023-11-14,SPY,-3.8579962653604873,0.0211102565252422,-4.543655930484757,0.010634456563738442,"GARCH(1,1)",22,test
2023-11-14,TLT,-3.5003934356995097,0.0301855050304933,-4.365942164952494,0.01270268151422818,"GARCH(1,1)",22,test
2023-11-15,GLD,-3.644596592007849,0.026131949565178503,-4.7213631573212815,0.008903034036851231,"GARCH(1,1)",22,test
2023-11-15,SPY,-3.853861051921111,0.021197732683373004,-4.5861034591360905,0.010192496576694271,"GARCH(1,1)",22,test
2023-11-15,TLT,-3.51195903836001,0.029838402566910605,-4.398888100158704,0.012290998667540007,"GARCH(1,1)",22,test
2023-11-16,GLD,-3.6442632862715016,0.026140660945566396,-4.717172324619191,0.008940423454715485,"GARCH(1,1)",22,test
2023-11-16,SPY,-3.86328142828894,0.020998979697152198,-4.475423388478501,0.011385400656447324,"GARCH(1,1)",22,test
2023-11-16,TLT,-3.5165315877983065,0.0297022764548815,-4.352374589152863,0.012876200563194589,"GARCH(1,1)",22,test
2023-11-17,GLD,-3.643549208456358,0.026159334077862105,-4.731071883765377,0.008817015157422383,"GARCH(1,1)",22,test
2023-11-17,SPY,-3.780440968324407,0.022812629559741796,-4.527834577320585,0.010804046087058003,"GARCH(1,1)",22,test
2023-11-17,TLT,-3.507017098462857,0.029986227128215,-4.356103590807909,0.012828274603511217,"GARCH(1,1)",22,test
2023-11-20,GLD,-3.6439694192166576,0.026148343953446302,-4.714480731610287,0.008964519850280217,"GARCH(1,1)",22,test
2023-11-20,SPY,-3.77108519005976,0.0230270609858674,-4.573708337567824,0.01031962003863932,"GARCH(1,1)",22,test
2023-11-20,TLT,-3.500673261852723,0.030177059518430503,-4.366618525419765,0.012694092827475125,"GARCH(1,1)",22,test
2023-11-21,GLD,-3.6361978686862177,0.026352348820060083,-4.730302979265063,0.008823797207096388,"GARCH(1,1)",22,test
2023-11-21,SPY,-3.753788099791356,0.023428826811276303,-4.612781862394239,0.009924172190419616,"GARCH(1,1)",22,test
2023-11-21,TLT,-3.5095504353598934,0.0299103580541665,-4.396872398592572,0.012315798639077256,"GARCH(1,1)",22,test
2023-11-22,GLD,-3.638156180106424,0.0263007932118609,-4.744658026646432,0.008698035993792402,"GARCH(1,1)",22,test
2023-11-22,SPY,-3.7578040466136193,0.023334926564094402,-4.621413575961955,0.00983887822479415,"GARCH(1,1)",22,test
2023-11-22,TLT,-3.535192308491557,0.029153150051973,-4.4237942208248295,0.011988658263602289,"GARCH(1,1)",22,test
2023-11-24,GLD,-3.620907770037776,0.02675837501313299,-4.7293300422893845,0.008832386383351097,"GARCH(1,1)",22,test
2023-11-24,SPY,-3.754477084169756,0.023412690275148085,-4.648484965395366,0.009576099067403044,"GARCH(1,1)",22,test
2023-11-24,TLT,-3.5217427841848807,0.029547894665431597,-4.456465766994929,0.011603299670162465,"GARCH(1,1)",22,test
2023-11-27,GLD,-3.61388946481486,0.026946834014069405,-4.739683122044331,0.008741415708589093,"GARCH(1,1)",22,test
2023-11-27,SPY,-3.755531972415487,0.0233880055254911,-4.67013447605529,0.009371009265910318,"GARCH(1,1)",22,test
2023-11-27,TLT,-3.5123281107978532,0.029827392066894907,-4.486076465248637,0.011264754874569275,"GARCH(1,1)",22,test
2023-11-28,GLD,-3.627096075966587,0.02659329730487991,-4.747331434039338,0.00867481365527961,"GARCH(1,1)",22,test
2023-11-28,SPY,-3.7453560275376585,0.023627215610664096,-4.693161292026121,0.009157690215019564,"GARCH(1,1)",22,test
2023-11-28,TLT,-3.4944286212239213,0.030366094022337305,-4.489455137469387,0.011226759183838133,"GARCH(1,1)",22,test
2023-11-29,GLD,-3.6204953544552847,0.026769412859884104,-4.749762952669587,0.008653746307466879,"GARCH(1,1)",22,test
2023-11-29,SPY,-3.751217124685083,0.023489139239431314,-4.708086468253119,0.009022025006698325,"GARCH(1,1)",22,test
2023-11-29,TLT,-3.503127324708093,0.030103093912825698,-4.466990039893975,0.011481823722142244,"GARCH(1,1)",22,test
2023-11-30,GLD,-3.602456360453833,0.027256687900232304,-4.719014549242021,0.008923968348143692,"GARCH(1,1)",22,test
2023-11-30,SPY,-3.761017797901204,0.023260054288680398,-4.723885040444403,0.008880609912963503,"GARCH(1,1)",22,test
2023-11-30,TLT,-3.4975642110333105,0.03027102753002269,-4.497846738830679,0.01113294288123114,"GARCH(1,1)",22,test
2023-12-01,GLD,-3.648517915258704,0.026029678393969215,-4.734173879783047,0.008789707188019798,"GARCH(1,1)",22,test
2023-12-01,SPY,-3.756228775404039,0.023371714369866795,-4.735272545439687,0.0087800555415375,"GARCH(1,1)",22,test
2023-12-01,TLT,-3.540674141678353,0.028993774580501907,-4.497193237339632,0.011140220653762366,"GARCH(1,1)",22,test
2023-12-04,GLD,-3.678279361567451,0.0252664118140629,-4.744472427254709,0.008699650493802509,"GARCH(1,1)",22,test
2023-12-04,SPY,-3.771325412133724,0.0230215300418741,-4.739345088185257,0.008744371102558317,"GARCH(1,1)",22,test
2023-12-04,TLT,-3.494208487515559,0.0303727793590299,-4.500644443184788,0.011101839727460061,"GARCH(1,1)",22,test
2023-12-05,GLD,-3.6791156144707617,0.025245291536004882,-4.686536461307945,0.00921855976507406,"GARCH(1,1)",22,test
2023-12-05,SPY,-3.7592290164605338,0.02330169867735149,-4.732479641202996,0.008804611671355224,"GARCH(1,1)",22,test
2023-12-05,TLT,-3.480086556781459,0.0308047445578094,-4.483434921566685,0.011294550552603885,"GARCH(1,1)",22,test
2023-12-06,GLD,-3.679977598223993,0.025223539880988695,-4.599325077430424,0.010058622245366945,"GARCH(1,1)",22,test
2023-12-06,SPY,-3.756663744209261,0.02336155061381,-4.721364593803782,0.008903021247807825,"GARCH(1,1)",22,test
2023-12-06,TLT,-3.497265030477727,0.0302800853877571,-4.511248150654962,0.010984741004112505,"GARCH(1,1)",22,test
2023-12-07,GLD,-3.685594048444314,0.025082270213251795,-4.617338291581222,0.009879056264410031,"GARCH(1,1)",22,test
2023-12-07,SPY,-3.7517176328988144,0.0234773856739319,-4.73439303238319,0.008787781111895047,"GARCH(1,1)",22,test
2023-12-07,TLT,-3.515635528822785,0.029728903374155704,-4.453207144596193,0.011641172114852428,"GARCH(1,1)",22,test
2023-12-08,GLD,-3.680994004828637,0.025197915533045404,-4.634710174123075,0.009708920527024729,"GARCH(1,1)",22,test
2023-12-08,SPY,-3.702134642185322,0.024670806876519298,-4.73105141656074,0.00881719561892267,"GARCH(1,1)",22,test
2023-12-08,TLT,-3.504829501247816,0.030051896718287507,-4.452781366084975,0.011646129731132666,"GARCH(1,1)",22,test
2023-12-11,GLD,-3.663641540361051,0.025638977152821908,-4.653542333521637,0.00952779146682872,"GARCH(1,1)",22,test
2023-12-11,SPY,-3.689848438665068,0.02497578711907001,-4.7137448984316785,0.008971118668933456,"GARCH(1,1)",22,test
2023-12-11,TLT,-3.500163965243461,0.030192432506893897,-4.478108987973833,0.011354865051745532,"GARCH(1,1)",22,test
2023-12-12,GLD,-3.649632105273007,0.026000692537101903,-4.632751013766168,0.009727960504323892,"GARCH(1,1)",22,test
2023-12-12,SPY,-3.6831174303751806,0.025144466403190003,-4.72132659738538,0.00890335953715505,"GARCH(1,1)",22,test
2023-12-12,TLT,-3.480369624506107,0.030796025962893697,-4.495767231606157,0.011156118004449487,"GARCH(1,1)",22,test
2023-12-13,GLD,-3.705704800025477,0.024582885242369488,-4.625948444027513,0.009794361225781305,"GARCH(1,1)",22,test
2023-12-13,SPY,-3.697756433194861,0.024779057624267596,-4.729073645285505,0.008834651271099706,"GARCH(1,1)",22,test
2023-12-13,TLT,-3.5087408215951763,0.0299345836971385,-4.52536677526773,0.010830741259823952,"GARCH(1,1)",22,test
2023-12-14,GLD,-3.73656844010067,0.02383575677861909,-4.645596891523816,0.009603795524366557,"GARCH(1,1)",22,test
2023-12-14,SPY,-3.703886922306188,0.024627614565629497,-4.732321739804283,0.008806002041621068,"GARCH(1,1)",22,test
2023-12-14,TLT,-3.5170614730478524,0.0296865418258522,-4.5532822307492635,0.01053257723891678,"GARCH(1,1)",22,test
2023-12-15,GLD,-3.7639328860641825,0.0231923479127267,-4.564243994839068,0.010417752104764847,"GARCH(1,1)",22,test
2023-12-15,SPY,-3.687302274322469,0.025039460604841097,-4.647085473798878,0.009589510119713636,"GARCH(1,1)",22,test
2023-12-15,TLT,-3.5064496988315894,0.030003246130261795,-4.4708514582879015,0.01143757308691758,"GARCH(1,1)",22,test
2023-12-18,GLD,-3.7723621639518456,0.022997674796868303,-4.579981079046578,0.010255090330654843,"GARCH(1,1)",22,test
2023-12-18,SPY,-3.6933900864608864,0.024887488131924,-4.6715253989105285,0.009357983975632651,"GARCH(1,1)",22,test
2023-12-18,TLT,-3.498661985555278,0.0302378150005162,-4.4116789291488265,0.01213478776865124,"GARCH(1,1)",22,test
2023-12-19,GLD,-3.7902888655028337,0.022589075703866094,-4.584912330622118,0.010204644383358523,"GARCH(1,1)",22,test
2023-12-19,SPY,-3.6894330262002306,0.0249861645276616,-4.67125893136561,0.009360477906909137,"GARCH(1,1)",22,test
2023-12-19,TLT,-3.4989319978701117,0.030229651520262097,-4.443708247072877,0.011752277268649655,"GARCH(1,1)",22,test
2023-12-20,GLD,-3.778647709809828,0.022853575204029693,-4.602196857501878,0.010029777532116577,"GARCH(1,1)",22,test
2023-12-20,SPY,-3.74682214328278,0.023592600758734,-4.681207170301639,0.009267819295320577,"GARCH(1,1)",22,test
2023-12-20,TLT,-3.496683718452408,0.030297692682690995,-4.463448777213265,0.011522555955197359,"GARCH(1,1)",22,test
2023-12-21,GLD,-3.769723810891053,0.02305843089533579,-4.613510602741399,0.009916942680270106,"GARCH(1,1)",22,test
2023-12-21,SPY,-3.763011753292033,0.023213720986660403,-4.686531774932307,0.00921860296680919,"GARCH(1,1)",22,test
2023-12-21,TLT,-3.502532531857002,0.030121004343850906,-4.489018738855661,0.011231659595171188,"GARCH(1,1)",22,test
2023-12-22,GLD,-3.7902873883569295,0.022589109071251397,-4.627352371656048,0.009780620299342669,"GARCH(1,1)",22,test
2023-12-22,SPY,-3.7782620219710665,0.022862391250069697,-4.5929140281735465,0.01012331572299076,"GARCH(1,1)",22,test
2023-12-22,TLT,-3.5116796086048474,0.029846741469448802,-4.510388233123941,0.010994191038018254,"GARCH(1,1)",22,test
2023-12-26,GLD,-3.783323087299188,0.022746975504069702,-4.636477162922544,0.009691780121110894,"GARCH(1,1)",22,test
2023-12-26,SPY,-3.771658330194271,0.023013867034389308,-4.592526841421502,0.010127236095634668,"GARCH(1,1)",22,test
2023-12-26,TLT,-3.4883293625059,0.030551870660001697,-4.531804222703885,0.010761242868395273,"GARCH(1,1)",22,test
2023-12-27,GLD,-3.778189277833112,0.0228640544155048,-4.651448927796185,0.009547757891658668,"GARCH(1,1)",22,test
2023-12-27,SPY,-3.7720464591753338,0.023004936418854403,-4.628432765571277,0.009770059082848418,"GARCH(1,1)",22,test
2023-12-27,TLT,-3.471634917585272,0.031066198444996307,-4.556562050494417,0.010498088872849793,"GARCH(1,1)",22,test
2023-12-28,GLD,-3.735964568976432,0.023850154850714515,-4.657387649312078,0.009491224450773448,"GARCH(1,1)",22,test
2023-12-28,SPY,-3.749534290745501,0.023528700838619597,-4.65278033707286,0.00953505437689554,"GARCH(1,1)",22,test
2023-12-28,TLT,-3.477239901243122,0.030892559985347894,-4.583428168076484,0.01021980097898743,"GARCH(1,1)",22,test
2023-12-29,GLD,-3.6844922498355706,0.025109921053708403,-4.671116518581464,0.009361811053555113,"GARCH(1,1)",22,test
2023-12-29,SPY,-3.749696355655125,0.023524887970819003,-4.678635518405895,0.009291683572535687,"GARCH(1,1)",22,test
2023-12-29,TLT,-3.458332322112977,0.0314822204672198,-4.541112867254193,0.010661535075793442,"GARCH(1,1)",22,test
2024-01-02,GLD,-3.692047874019095,0.024920914856003794,-4.680847307689874,0.009271155037145947,"GARCH(1,1)",22,test
2024-01-02,SPY,-3.717903697542994,0.024284822857148315,-4.700330987256681,0.009092267179029676,"GARCH(1,1)",22,test
2024-01-02,TLT,-3.4466117803116063,0.03185337999471131,-4.558238114192491,0.01048050814451676,"GARCH(1,1)",22,test
2024-01-03,GLD,-3.713772543890904,0.024385354705063714,-4.6974440740796,0.00911855369013944,"GARCH(1,1)",22,test
2024-01-03,SPY,-3.7033085185192296,0.0246418633915482,-4.710149839603716,0.009003428411214223,"GARCH(1,1)",22,test
2024-01-03,TLT,-3.4721536664307324,0.031050087069660098,-4.567989068766437,0.010378809819360037,"GARCH(1,1)",22,test
2024-01-04,GLD,-3.715246140359725,0.024349446995713998,-4.712506633431476,0.008982234171742624,"GARCH(1,1)",22,test
2024-01-04,SPY,-3.722322215135584,0.024177756651268593,-4.702148344984175,0.009075758282840242,"GARCH(1,1)",22,test
2024-01-04,TLT,-3.4693184509616817,0.031138245672097206,-4.58825700593849,0.010170570176521673,"GARCH(1,1)",22,test
2024-01-05,GLD,-3.756803148689889,0.023358294135969095,-4.710947698890754,0.008996247807177877,"GARCH(1,1)",22,test
2024-01-05,SPY,-3.74069290725282,0.0237376494420597,-4.673897628902182,0.009335810995486651,"GARCH(1,1)",22,test
2024-01-05,TLT,-3.51527660822216,0.0297395756051379,-4.611610917727498,0.009935799653146992,"GARCH(1,1)",22,test
2024-01-08,GLD,-3.782797123830737,0.022758942729088297,-4.726533119528535,0.008857124464984389,"GARCH(1,1)",22,test
2024-01-08,SPY,-3.761761608484926,0.023242759646888697,-4.687866870566275,0.009206303462571095,"GARCH(1,1)",22,test
2024-01-08,TLT,-3.5288214560756987,0.029339473357348204,-4.5814401393037985,0.010240138446421743,"GARCH(1,1)",22,test
2024-01-09,GLD,-3.7864755323001584,0.0226753798248678,-4.741601325016296,0.008724663970750859,"GARCH(1,1)",22,test
2024-01-09,SPY,-3.771373504708004,0.023020422903853296,-4.708041748788957,0.009022428475843676,"GARCH(1,1)",22,test
2024-01-09,TLT,-3.5354307986980045,0.029146198140212902,-4.5872259251109355,0.010181062264601878,"GARCH(1,1)",22,test
2024-01-10,GLD,-3.794287178705265,0.02249893782406849,-4.739871722062845,0.00873976723288078,"GARCH(1,1)",22,test
2024-01-10,SPY,-3.768959384105988,0.023076064116328305,-4.6260157901851215,0.009793701635397204,"GARCH(1,1)",22,test
2024-01-10,TLT,-3.5353931795134894,0.029147294617042803,-4.591824104626621,0.010134355378267464,"GARCH(1,1)",22,test
2024-01-11,GLD,-3.8435611825943634,0.021417194835604503,-4.754261403106042,0.008614905286316425,"GARCH(1,1)",22,test
2024-01-11,SPY,-3.760189526199133,0.023279327914233802,-4.654706856193733,0.009516702595524763,"GARCH(1,1)",22,test
2024-01-11,TLT,-3.557209183907271,0.02851830309704431,-4.609070925082843,0.00996106858905508,"GARCH(1,1)",22,test
2024-01-12,GLD,-3.869974139029174,0.020858908849872897,-4.766496636567434,0.008510142116735023,"GARCH(1,1)",22,test
2024-01-12,SPY,-3.745131919544294,0.023632511251918998,-4.668065605812062,0.009390416736976907,"GARCH(1,1)",22,test
2024-01-12,TLT,-3.5719430102544782,0.028101199681710095,-4.630203249979931,0.009752776649224724,"GARCH(1,1)",22,test
2024-01-16,GLD,-3.884801882268527,0.0205519000539357,-4.778494530585115,0.008408648406427058,"GARCH(1,1)",22,test
2024-01-16,SPY,-3.7597473100362393,0.023289624685830398,-4.691313016867658,0.009174631797883394,"GARCH(1,1)",22,test
2024-01-16,TLT,-3.5955861156442737,0.027444592755888304,-4.64793817093328,0.009581336657153529,"GARCH(1,1)",22,test
2024-01-17,GLD,-3.886108078725997,0.02052507275956369,-4.764975359060188,0.00852309825696435,"GARCH(1,1)",22,test
2024-01-17,SPY,-3.752755047679742,0.023453042516175297,-4.711095296275207,0.0089949200825184,"GARCH(1,1)",22,test
2024-01-17,TLT,-3.614245116111938,0.02693725204162161,-4.672162261393914,0.009352026124085889,"GARCH(1,1)",22,test
2024-01-18,GLD,-3.88973383945238,0.020450788506688494,-4.7535737630096335,0.00862083127785925,"GARCH(1,1)",22,test
2024-01-18,SPY,-3.759037963952787,0.023306150950614,-4.715443888262186,0.00895588977008207,"GARCH(1,1)",22,test
2024-01-18,TLT,-3.637143733940389,0.026327434833439998,-4.613264759238693,0.0099193809959045,"GARCH(1,1)",22,test
2024-01-19,GLD,-3.887927198041549,0.020487769143405086,-4.735189864946269,0.008780781510873251,"GARCH(1,1)",22,test
2024-01-19,SPY,-3.777956870175876,0.022869368814355997,-4.707017869186274,0.009031671087179928,"GARCH(1,1)",22,test
2024-01-19,TLT,-3.647021205159775,0.02606866644612081,-4.638863871385927,0.009668676249540865,"GARCH(1,1)",22,test
2024-01-22,GLD,-3.896144110555939,0.0203201126892599,-4.7327641150606725,0.008802107345732203,"GARCH(1,1)",22,test
2024-01-22,SPY,-3.7519673289220745,0.023471524195916905,-4.685975657671857,0.00922373101680266,"GARCH(1,1)",22,test
2024-01-22,TLT,-3.6584215230858423,0.0257731629779433,-4.64158521605282,0.009642400218278098,"GARCH(1,1)",22,test
2024-01-23,GLD,-3.8708315217695977,0.020841032445996104,-4.745330032945462,0.00869219282235928,"GARCH(1,1)",22,test
2024-01-23,SPY,-3.74708690763169,0.023586355106004597,-4.633428739017933,0.009721369853419466,"GARCH(1,1)",22,test
2024-01-23,TLT,-3.6464472425361416,0.0260836331810712,-4.66411801426308,0.009427559530784207,"GARCH(1,1)",22,test
2024-01-24,GLD,-3.883616258419683,0.0205762813274323,-4.755685973008071,0.008602641488929042,"GARCH(1,1)",22,test
2024-01-24,SPY,-3.759976304449483,0.023284292102480002,-4.662768811481749,0.009440287804904898,"GARCH(1,1)",22,test
2024-01-24,TLT,-3.665927445106001,0.025580435828729497,-4.678862198637828,0.009289577570251981,"GARCH(1,1)",22,test
2024-01-25,GLD,-3.899420160856266,0.020253651901863713,-4.765335584873167,0.008520028569889093,"GARCH(1,1)",22,test
2024-01-25,SPY,-3.765906926436117,0.023146610440288196,-4.685349935135281,0.009229504319225547,"GARCH(1,1)",22,test
2024-01-25,TLT,-3.670556099915965,0.025462306422416904,-4.684890987152873,0.009233741153780442,"GARCH(1,1)",22,test
2024-01-26,GLD,-3.9010804743075504,0.0202200523917512,-4.759848218366336,0.008566909598356544,"GARCH(1,1)",22,test
2024-01-26,SPY,-3.773605758869012,0.022969092781292496,-4.706346065278729,0.00903774063765354,"GARCH(1,1)",22,test
2024-01-26,TLT,-3.669442591404676,0.025490674708568205,-4.6985671008731895,0.009108319057985348,"GARCH(1,1)",22,test
2024-01-29,GLD,-3.926624541646996,0.019710090984930796,-4.769121545904216,0.008487833057673571,"GARCH(1,1)",22,test
2024-01-29,SPY,-3.755105435616464,0.023397983498338496,-4.710640907228586,0.008999008204407693,"GARCH(1,1)",22,test
2024-01-29,TLT,-3.700273320939712,0.024716769936244713,-4.709134822236815,0.00901257168692007,"GARCH(1,1)",22,test
2024-01-30,GLD,-3.804883118124896,0.022261799014811814,-4.782000186170239,0.008379222190403409,"GARCH(1,1)",22,test
2024-01-30,SPY,-3.7405845241142415,0.023740222342435703,-4.724485494690165,0.008875279113647012,"GARCH(1,1)",22,test
2024-01-30,TLT,-3.686265840169696,0.0250654258102675,-4.7305555349391195,0.008821568988431488,"GARCH(1,1)",22,test
2024-01-31,GLD,-3.828502068649121,0.021742159511881486,-4.780537325481537,0.008391488795127067,"GARCH(1,1)",22,test
2024-01-31,SPY,-3.757625348339704,0.023339096847793495,-4.707919966959942,0.009023527310593315,"GARCH(1,1)",22,test
2024-01-31,TLT,-3.710786996397887,0.0244582671272607,-4.712446870258806,0.008982770994595345,"GARCH(1,1)",22,test
2024-02-01,GLD,-3.877988801360064,0.020692399886712797,-4.792469344237774,0.008291956385611225,"GARCH(1,1)",22,test
2024-02-01,SPY,-3.737148964953131,0.0238219235450883,-4.723502582529527,0.00888400702209787,"GARCH(1,1)",22,test
2024-02-01,TLT,-3.7645869153065754,0.0231771843982235,-4.710700310431674,0.008998473650373004,"GARCH(1,1)",22,test
2024-02-02,GLD,-3.8471440320681025,0.021340597550568698,-4.804128834865851,0.008195837833414373,"GARCH(1,1)",22,test
2024-02-02,SPY,-3.768011697921442,0.0230979433491709,-4.582876362785448,0.010225441875436093,"GARCH(1,1)",22,test
2024-02-02,TLT,-3.7876004105631274,0.022649887123779005,-4.705098458254275,0.009049023223011177,"GARCH(1,1)",22,test
2024-02-05,GLD,-3.842881059314205,0.021431766122982088,-4.784576703239858,0.0083576607700114,"GARCH(1,1)",22,test
2024-02-05,SPY,-3.738207731855312,0.023796715028219003,-4.552477275488562,0.010541058905597117,"GARCH(1,1)",22,test
2024-02-05,TLT,-3.778570103605853,0.022855348852070693,-4.6549780570291714,0.00951412200777483,"GARCH(1,1)",22,test
2024-02-06,GLD,-3.76156667885774,0.023247290790974203,-4.771374672226767,0.008468730425992376,"GARCH(1,1)",22,test
2024-02-06,SPY,-3.6845558576382462,0.025108323917600515,-4.553335681123355,0.01053201428376843,"GARCH(1,1)",22,test
2024-02-06,TLT,-3.781915663345696,0.022779012681921004,-4.559194683464419,0.010470487605905274,"GARCH(1,1)",22,test
2024-02-07,GLD,-3.768066929106328,0.023096667657620598,-4.77580162766696,0.00843132259625219,"GARCH(1,1)",22,test
2024-02-07,SPY,-3.6799991063484714,0.025222997375787305,-4.587251199500178,0.010180804947723074,"GARCH(1,1)",22,test
2024-02-07,TLT,-3.790582935876648,0.022582433902556102,-4.4999957631966865,0.011109043604975355,"GARCH(1,1)",22,test
2024-02-08,GLD,-3.75145747580306,0.0234834942769685,-4.7810595090995225,0.008387108041026296,"GARCH(1,1)",22,test
2024-02-08,SPY,-3.6348580853078434,0.0263876789210465,-4.622631101286419,0.009826906430851177,"GARCH(1,1)",22,test
2024-02-08,TLT,-3.7997562675083265,0.0223762250046585,-4.5109816591591585,0.010987668734263975,"GARCH(1,1)",22,test
2024-02-09,GLD,-3.736126972855823,0.023846281807549805,-4.793630076125178,0.008282337231135133,"GARCH(1,1)",22,test
2024-02-09,SPY,-3.633791474513696,0.026415839319639,-4.6258458549066495,0.009795366072231151,"GARCH(1,1)",22,test
2024-02-09,TLT,-3.790987880977471,0.022573291107872498,-4.535629073573708,0.010720161334703108,"GARCH(1,1)",22,test
2024-02-12,GLD,-3.730021400790774,0.023992322376543602,-4.805299715373839,0.00818624710254422,"GARCH(1,1)",22,test
2024-02-12,SPY,-3.6152915354064743,0.026909079124256396,-4.6571063969812565,0.009493894255199335,"GARCH(1,1)",22,test
2024-02-12,TLT,-3.794158773846117,0.022501826982497794,-4.5569871685757635,0.010493626893951518,"GARCH(1,1)",22,test
2024-02-13,GLD,-3.72571301992312,0.024095913433866703,-4.812021262456521,0.008131407367611945,"GARCH(1,1)",22,test
2024-02-13,SPY,-3.6573510736126846,0.025800766618189898,-4.669597414966728,0.00937604342205128,"GARCH(1,1)",22,test
2024-02-13,TLT,-3.804823072084433,0.022263135787829794,-4.584053526234887,0.010213411940994697,"GARCH(1,1)",22,test
2024-02-14,GLD,-3.737692737004757,0.023808973370139215,-4.820869032779223,0.008059779881861842,"GARCH(1,1)",22,test
2024-02-14,SPY,-3.675449285583059,0.025338018958385604,-4.692484976798975,0.009163885795203922,"GARCH(1,1)",22,test
2024-02-14,TLT,-3.8183676322637057,0.02196362435954909,-4.610798609310548,0.009943873865765835,"GARCH(1,1)",22,test
2024-02-15,GLD,-3.7403845548611607,0.0237449701316556,-4.774719354831884,0.008440452527308889,"GARCH(1,1)",22,test
2024-02-15,SPY,-3.663947649178762,0.025631130036935297,-4.602374260646365,0.010027998375862494,"GARCH(1,1)",22,test
2024-02-15,TLT,-3.826213951468017,0.021791965079372602,-4.567156713878008,0.010387452268742782,"GARCH(1,1)",22,test
2024-02-16,GLD,-3.7085812796766806,0.024512274676816197,-4.7877201430433125,0.008331430215167395,"GARCH(1,1)",22,test
2024-02-16,SPY,-3.664818569779729,0.025608817075579292,-4.60443772449144,0.010007327298120795,"GARCH(1,1)",22,test
2024-02-16,TLT,-3.716637102139263,0.024315601390019002,-4.588917586952804,0.010163853909521778,"GARCH(1,1)",22,test
2024-02-20,GLD,-3.633393559681053,0.026426352665490403,-4.787191712860846,0.008335833957788988,"GARCH(1,1)",22,test
2024-02-20,SPY,-3.6830884024315185,0.025145196305937905,-4.621015201431898,0.009842798564113063,"GARCH(1,1)",22,test
2024-02-20,TLT,-3.7047985152766327,0.0246051744349993,-4.609478531603394,0.009957009219915392,"GARCH(1,1)",22,test
2024-02-21,GLD,-3.60759218080285,0.027117061303332992,-4.7957890300262775,0.00826447533530258,"GARCH(1,1)",22,test
2024-02-21,SPY,-3.6997742442546047,0.024729108578559297,-4.636582553912043,0.009690758748636596,"GARCH(1,1)",22,test
2024-02-21,TLT,-3.7205038314974592,0.024221761084715597,-4.6273241669079885,0.009780896163164398,"GARCH(1,1)",22,test
2024-02-22,GLD,-3.60319820409067,0.027236475198011503,-4.797108674055507,0.008253576362735346,"GARCH(1,1)",22,test
2024-02-22,SPY,-3.730787608283514,0.023973946320205497,-4.645959839029751,0.009600310483215233,"GARCH(1,1)",22,test
2024-02-22,TLT,-3.720631238598378,0.024218675256939007,-4.652704976034115,0.009535772975574707,"GARCH(1,1)",22,test
2024-02-23,GLD,-3.605940106996788,0.02716189771634351,-4.809084665802096,0.008155321126630586,"GARCH(1,1)",22,test
2024-02-23,SPY,-3.7346296765294658,0.023882013501489004,-4.674031526006739,0.00933456104111017,"GARCH(1,1)",22,test
2024-02-23,TLT,-3.735382344194451,0.023864045045138005,-4.663776554813511,0.009430779209735982,"GARCH(1,1)",22,test
2024-02-26,GLD,-3.608510759185804,0.027092163594009996,-4.820390151093334,0.008063640487152367,"GARCH(1,1)",22,test
2024-02-26,SPY,-3.722309618148131,0.024178061220084097,-4.516531080111789,0.010926862411160814,"GARCH(1,1)",22,test
2024-02-26,TLT,-3.755349763829263,0.023392267409176604,-4.681476257608266,0.00926532577829003,"GARCH(1,1)",22,test
2024-02-27,GLD,-3.5835974505509567,0.0277755969718652,-4.8213883160264075,0.00805559565968546,"GARCH(1,1)",22,test
2024-02-27,SPY,-3.72676632467152,0.024070546455754308,-4.564602620350059,0.010414016702938128,"GARCH(1,1)",22,test
2024-02-27,TLT,-3.747423030978133,0.023578428513626987,-4.656833201270507,0.009496488300713087,"GARCH(1,1)",22,test
2024-02-28,GLD,-3.5466559057944824,0.02882085834778301,-4.830543120818409,0.007982184797708984,"GARCH(1,1)",22,test
2024-02-28,SPY,-3.716856785208336,0.024310260250779692,-4.596602260690713,0.01008604735021882,"GARCH(1,1)",22,test
2024-02-28,TLT,-3.7502974547263928,0.023510751431663996,-4.678832081966673,0.009289857345617757,"GARCH(1,1)",22,test
2024-02-29,GLD,-3.519368913126218,0.029618120878430985,-4.840457005469097,0.007903441310231575,"GARCH(1,1)",22,test
2024-02-29,SPY,-3.739587372937413,0.0237639067395824,-4.632163689379444,0.009733675650919368,"GARCH(1,1)",22,test
2024-02-29,TLT,-3.728904232634379,0.024019140812662803,-4.688389704884793,0.00920149134925278,"GARCH(1,1)",22,test
2024-03-01,GLD,-3.5869159568868785,0.0276835762474566,-4.849213535487405,0.007834536712023447,"GARCH(1,1)",22,test
2024-03-01,SPY,-3.743895933712978,0.0236617387596567,-4.660278198319612,0.009463829214068667,"GARCH(1,1)",22,test
2024-03-01,TLT,-3.772776405693694,0.022988150172886596,-4.700144746375211,0.009093960688579115,"GARCH(1,1)",22,test
2024-03-04,GLD,-3.5741398634705828,0.0280395332316835,-4.84988790749226,0.007829255100879364,"GARCH(1,1)",22,test
2024-03-04,SPY,-3.690088844609333,0.024969783513064087,-4.6815239544810145,0.009264883861764514,"GARCH(1,1)",22,test
2024-03-04,TLT,-3.7507036210448463,0.023501204095345396,-4.708487960265096,0.009018403462785403,"GARCH(1,1)",22,test
2024-03-05,GLD,-3.544448527002798,0.028884547166071,-4.754801707322488,0.008610251873908325,"GARCH(1,1)",22,test
2024-03-05,SPY,-3.687352572934785,0.025038201186393296,-4.663855123734056,0.009430038272701271,"GARCH(1,1)",22,test
2024-03-05,TLT,-3.74368945119184,0.023666624999574504,-4.72801421278469,0.00884401594753505,"GARCH(1,1)",22,test
2024-03-06,GLD,-3.537774091609366,0.029077980019452797,-4.702394154791163,0.009073527646615826,"GARCH(1,1)",22,test
2024-03-06,SPY,-3.6995990475807576,0.024733441415667703,-4.68702242454897,0.009214080972245525,"GARCH(1,1)",22,test
2024-03-06,TLT,-3.752065671751029,0.023469216053324103,-4.744464190270428,0.008699722152982007,"GARCH(1,1)",22,test
2024-03-07,GLD,-3.51207023276861,0.029835084887840698,-4.710496678292605,0.00900030621538902,"GARCH(1,1)",22,test
2024-03-07,SPY,-3.6928826251192746,0.024900120775058696,-4.646136479421963,0.009598614830370923,"GARCH(1,1)",22,test
2024-03-07,TLT,-3.777293811695654,0.022884537571616504,-4.704895534206478,0.009050859673755908,"GARCH(1,1)",22,test
2024-03-08,GLD,-3.5076754708911606,0.029966491520447804,-4.710396722846092,0.009001205889978476,"GARCH(1,1)",22,test
2024-03-08,SPY,-3.729398801163812,0.024007264638545897,-4.6646887625848965,0.009422180302242041,"GARCH(1,1)",22,test
2024-03-08,TLT,-3.747254803188236,0.0235823953942055,-4.717316913661192,0.008939130860902781,"GARCH(1,1)",22,test
2024-03-11,GLD,-3.4631842188524953,0.03132984194573509,-4.718878199208874,0.008925185214481761,"GARCH(1,1)",22,test
2024-03-11,SPY,-3.6688919620328058,0.025504714487774204,-4.6463052178755095,0.009596995311589645,"GARCH(1,1)",22,test
2024-03-11,TLT,-3.730553954244976,0.02397954858405321,-4.738887773262032,0.008748370948482635,"GARCH(1,1)",22,test
2024-03-12,GLD,-3.217290502559287,0.04006346318386559,-4.717182049924278,0.008940336506792575,"GARCH(1,1)",22,test
2024-03-12,SPY,-3.6658203011314585,0.0255831767651295,-4.650696334121351,0.009554946178447076,"GARCH(1,1)",22,test
2024-03-12,TLT,-3.7239429333317746,0.0241386030581617,-4.758791631888468,0.008575966062821698,"GARCH(1,1)",22,test
2024-03-13,GLD,-3.140414203069923,0.04326487374657641,-4.732456930950224,0.008804811628582375,"GARCH(1,1)",22,test
2024-03-13,SPY,-3.60663057730368,0.0271431497057087,-4.676792830363002,0.009308821031399224,"GARCH(1,1)",22,test
2024-03-13,TLT,-3.712163740085411,0.024424617531135014,-4.778702910853874,0.008406896392561123,"GARCH(1,1)",22,test
2024-03-14,GLD,-3.119097458262207,0.0441970400974345,-4.716424014745984,0.008947116165655827,"GARCH(1,1)",22,test
2024-03-14,SPY,-3.616353640279432,0.02688051403243861,-4.647695955560389,0.009583657685267734,"GARCH(1,1)",22,test
2024-03-14,TLT,-3.698005552765147,0.024772885444917393,-4.774190609985344,0.008444916553146498,"GARCH(1,1)",22,test
2024-03-15,GLD,-3.099562546557805,0.045068913633273505,-4.720358544391665,0.008911982634143126,"GARCH(1,1)",22,test
2024-03-15,SPY,-3.5965509788532004,0.0274181252488694,-4.672872377767969,0.009345387454597507,"GARCH(1,1)",22,test
2024-03-15,TLT,-3.66894018475434,0.0255034846106839,-4.7854719449234,0.008350181991869638,"GARCH(1,1)",22,test
2024-03-18,GLD,-3.09069878658325,0.045470169356148074,-4.731577082610727,0.008812561936521168,"GARCH(1,1)",22,test
2024-03-18,SPY,-3.5726502736913432,0.028081331757399592,-4.692416472116934,0.00916451358578964,"GARCH(1,1)",22,test
2024-03-18,TLT,-3.6633545634051554,0.025646336004297398,-4.727735554158855,0.008846480752269457,"GARCH(1,1)",22,test
2024-03-19,GLD,-3.0807396485573064,0.04592527551976469,-4.744028042786225,0.008703517342483305,"GARCH(1,1)",22,test
2024-03-19,SPY,-3.552215662305261,0.028661066007799094,-4.650958302446241,0.009552443413039242,"GARCH(1,1)",22,test
2024-03-19,TLT,-3.669114516578368,0.025499038929215786,-4.74902696058241,0.00866011774064821,"GARCH(1,1)",22,test
2024-03-20,GLD,-3.0896688133130876,0.0455170265418567,-4.757979124971752,0.008582936926119094,"GARCH(1,1)",22,test
2024-03-20,SPY,-3.513472241787998,0.029793285138393504,-4.664546173104771,0.009423523901822292,"GARCH(1,1)",22,test
2024-03-20,TLT,-3.770211872469504,0.023047179707016113,-4.766465485252128,0.008510407222984582,"GARCH(1,1)",22,test
2024-03-21,GLD,-3.106206132569986,0.044770486838757804,-4.771451322798726,0.00846808131783903,"GARCH(1,1)",22,test
2024-03-21,SPY,-3.483167835425609,0.030709972640589795,-4.677533711913732,0.009301926851838591,"GARCH(1,1)",22,test
2024-03-21,TLT,-3.742235299605082,0.023701064894215803,-4.783453083303693,0.008367056882113165,"GARCH(1,1)",22,test
2024-03-22,GLD,-3.1075077401301168,0.044712251142850594,-4.747208186377218,0.008675882871669803,"GARCH(1,1)",22,test
2024-03-22,SPY,-3.4678051075434944,0.031185404205767004,-4.662436194863761,0.009443428323772828,"GARCH(1,1)",22,test
2024-03-22,TLT,-3.681523856997461,0.025184567899298998,-4.802080124670576,0.008212645941534806,"GARCH(1,1)",22,test
2024-03-25,GLD,-3.095170603008266,0.0452672890657658,-4.761325047643091,0.00855426707317385,"GARCH(1,1)",22,test
2024-03-25,SPY,-3.437992827160498,0.03212910932677948,-4.68464529767356,0.00923601006554909,"GARCH(1,1)",22,test
2024-03-25,TLT,-3.6772381230188738,0.025292733877423302,-4.818255131246033,0.008080874911005774,"GARCH(1,1)",22,test
2024-03-26,GLD,-3.0952250117453284,0.04526482619673889,-4.757246462338045,0.008589227627491843,"GARCH(1,1)",22,test
2024-03-26,SPY,-3.429315450779988,0.032409118818067406,-4.702414023089643,0.009073347372851148,"GARCH(1,1)",22,test
2024-03-26,TLT,-3.674749215309707,0.025355763562754288,-4.803179583004456,0.008203621441451165,"GARCH(1,1)",22,test
2024-03-27,GLD,-3.086238375222765,0.04567343801000691,-4.768518114515327,0.008492956428210055,"GARCH(1,1)",22,test
2024-03-27,SPY,-3.4287446712474465,0.0324276225600327,-4.713786948435797,0.008970741441287745,"GARCH(1,1)",22,test
2024-03-27,TLT,-3.672490572018744,0.025413097912560696,-4.812032112329616,0.008131319143352533,"GARCH(1,1)",22,test
2024-03-28,GLD,-3.0870574566588327,0.0456360430616562,-4.779097047793032,0.008403583577043513,"GARCH(1,1)",22,test
2024-03-28,SPY,-3.4097490729404827,0.0330494923474367,-4.7262090444678915,0.008859995303290933,"GARCH(1,1)",22,test
2024-03-28,TLT,-3.6749742587062735,0.025350058057616802,-4.826525989281992,0.008014314775956112,"GARCH(1,1)",22,test
2024-04-01,GLD,-3.078511238366154,0.04602772998465379,-4.77760609536146,0.008416122265382832,"GARCH(1,1)",22,test
2024-04-01,SPY,-3.3587585114132215,0.03477840915197989,-4.7069589119965665,0.009032203584822717,"GARCH(1,1)",22,test
2024-04-01,TLT,-3.642380451651411,0.026189925851267816,-4.808216275326938,0.008162406205681146,"GARCH(1,1)",22,test
2024-04-02,GLD,-3.080986916950715,0.04591392105452811,-4.746472067262743,0.008682271706069656,"GARCH(1,1)",22,test
2024-04-02,SPY,-3.331719560157363,0.035731609558039695,-4.7242657901320575,0.008877229267143717,"GARCH(1,1)",22,test
2024-04-02,TLT,-3.641463362624064,0.0262139553618091,-4.82541611966609,0.008023214558303652,"GARCH(1,1)",22,test
2024-04-03,GLD,-3.0716517397783276,0.0463445424786722,-4.734464456443771,0.008787153475298987,"GARCH(1,1)",22,test
2024-04-03,SPY,-3.326007840613073,0.035936282451351095,-4.735116420724964,0.008781426432216353,"GARCH(1,1)",22,test
2024-04-03,TLT,-3.6332161789165895,0.0264310406078913,-4.688123238771266,0.009203943561592506,"GARCH(1,1)",22,test
2024-04-04,GLD,-3.0813366763680756,0.04589786503628681,-4.696611627823464,0.009126147556324385,"GARCH(1,1)",22,test
2024-04-04,SPY,-3.3512648470026702,0.035040005813531595,-4.717689075789976,0.008935804673910919,"GARCH(1,1)",22,test
2024-04-04,TLT,-3.64358873796287,0.026158300032733103,-4.702518228997883,0.009072401925708826,"GARCH(1,1)",22,test
2024-04-05,GLD,-3.0969551311686265,0.045186580348592395,-4.695545645119744,0.009135881058721925,"GARCH(1,1)",22,test
2024-04-05,SPY,-3.37048966680891,0.0343728020016856,-4.733669423116208,0.008794142332985526,"GARCH(1,1)",22,test
2024-04-05,TLT,-3.651718206552176,0.025946508994969,-4.724871208997217,0.008871856451641083,"GARCH(1,1)",22,test
2024-04-08,GLD,-3.104736789481543,0.044836318396888994,-4.704268433141792,0.009056537257516994,"GARCH(1,1)",22,test
2024-04-08,SPY,-3.3714191508996496,0.034340867872502505,-4.653148577385137,0.009531543831895981,"GARCH(1,1)",22,test
2024-04-08,TLT,-3.6567933421613295,0.0258151605307977,-4.730913934861236,0.008818407905292903,"GARCH(1,1)",22,test
2024-04-09,GLD,-3.115822778798527,0.04434200846992549,-4.6545386456610505,0.009518303539781805,"GARCH(1,1)",22,test
2024-04-09,SPY,-3.3988060915543117,0.0334131383840801,-4.633332866649338,0.00972230190885177,"GARCH(1,1)",22,test
2024-04-09,TLT,-3.643523984621923,0.026159993924895715,-4.694904617585791,0.009141739287469853,"GARCH(1,1)",22,test
2024-04-10,GLD,-3.136662767584036,0.043427483949379606,-4.664945314833719,0.009419763330749679,"GARCH(1,1)",22,test
2024-04-10,SPY,-3.405543994015155,0.033188760683151595,-4.664296155069127,0.009425880247309235,"GARCH(1,1)",22,test
2024-04-10,TLT,-3.6738724460724743,0.0253780044648773,-4.717567957442359,0.008936887029352879,"GARCH(1,1)",22,test
2024-04-11,GLD,-3.1568959220440016,0.0425576384921844,-4.676605674382252,0.009310563395970875,"GARCH(1,1)",22,test
2024-04-11,SPY,-3.4448145848542766,0.03191067821716861,-4.689892786749634,0.009187671143528474,"GARCH(1,1)",22,test
2024-04-11,TLT,-3.70127485487624,0.024692027644542792,-4.714124365278402,0.00896771507263739,"GARCH(1,1)",22,test
2024-04-12,GLD,-3.3710598621733405,0.03435320837594989,-4.673157774758116,0.009342720689707642,"GARCH(1,1)",22,test
2024-04-12,SPY,-3.4728209590232475,0.031029374488006294,-4.64914105431857,0.009569818355455482,"GARCH(1,1)",22,test
2024-04-12,TLT,-3.7082249803923113,0.024521009938833202,-4.608171071066844,0.009970036130762678,"GARCH(1,1)",22,test
2024-04-15,GLD,-3.456892053746691,0.0315275959820747,-4.611780332471198,0.009934116524772711,"GARCH(1,1)",22,test
2024-04-15,SPY,-3.512588074553286,0.029819639033835894,-4.653846891286164,0.009524890145791056,"GARCH(1,1)",22,test
2024-04-15,TLT,-3.715165343782716,0.024351414427163102,-4.629281157015583,0.009761773763406182,"GARCH(1,1)",22,test
2024-04-16,GLD,-3.500607259043271,0.0301790513548724,-4.595978240144436,0.010092343215166328,"GARCH(1,1)",22,test
2024-04-16,SPY,-3.5235611501848725,0.029494214598196098,-4.578047269293888,0.01027494091178854,"GARCH(1,1)",22,test
2024-04-16,TLT,-3.741146695291517,0.023726880024377388,-4.647334520463199,0.00958712218157221,"GARCH(1,1)",22,test
2024-04-17,GLD,-3.534968415797523,0.029159677960025904,-4.552034500337991,0.010545727257980166,"GARCH(1,1)",22,test
2024-04-17,SPY,-3.5504354070244797,0.0287121354667614,-4.539543235981245,0.01067828289517804,"GARCH(1,1)",22,test
2024-04-17,TLT,-3.773813901329594,0.0229643124353174,-4.611198401732297,0.009939899174930048,"GARCH(1,1)",22,test
2024-04-18,GLD,-3.520735869851695,0.029577661848072097,-4.574782117371585,0.010308544986207287,"GARCH(1,1)",22,test
2024-04-18,SPY,-3.5769466883871326,0.02796094151934579,-4.581781273705313,0.010236645778689827,"GARCH(1,1)",22,test
2024-04-18,TLT,-3.7885700965259064,0.022627934491476397,-4.626368315338318,0.009790249717707476,"GARCH(1,1)",22,test
2024-04-19,GLD,-3.538423698854885,0.029059096886921,-4.585978973075031,0.010193765479424178,"GARCH(1,1)",22,test
2024-04-19,SPY,-3.613266300899604,0.026963631541920382,-4.599992079856574,0.010051915356929642,"GARCH(1,1)",22,test
2024-04-19,TLT,-3.794182472164968,0.022501293733345803,-4.621607327619662,0.009836972110490484,"GARCH(1,1)",22,test
2024-04-22,GLD,-3.5240914072607383,0.029478579227957505,-4.605270596825112,0.009998995942039788,"GARCH(1,1)",22,test
2024-04-22,SPY,-3.6615518761620343,0.025692610023305706,-4.632227240018767,0.009733057089263988,"GARCH(1,1)",22,test
2024-04-22,TLT,-3.79552831865214,0.022471030815406804,-4.6407772892916235,0.009650193719321711,"GARCH(1,1)",22,test
2024-04-23,GLD,-3.509885874415804,0.029900326634457904,-4.62401734695057,0.009813293362128139,"GARCH(1,1)",22,test
2024-04-23,SPY,-3.66550747897087,0.025591181001645896,-4.618920411704157,0.009863438768333595,"GARCH(1,1)",22,test
2024-04-23,TLT,-3.8175918441544585,0.021980670089245497,-4.662145700525914,0.009446171984720437,"GARCH(1,1)",22,test
2024-04-24,GLD,-3.526047953545284,0.02942095940959719,-4.5248948030630425,0.010835854275160399,"GARCH(1,1)",22,test
2024-04-24,SPY,-3.677987870005982,0.025273777833409387,-4.617720217602354,0.009875283916183258,"GARCH(1,1)",22,test
2024-04-24,TLT,-3.895046119319051,0.0203424362482186,-4.6852687724142585,0.009230253441309764,"GARCH(1,1)",22,test
2024-04-25,GLD,-3.5507981130636828,0.028701723290222993,-4.547569489456022,0.010592919323084456,"GARCH(1,1)",22,test
2024-04-25,SPY,-3.712570383399002,0.0244146874428678,-4.593441920547371,0.010117973112108615,"GARCH(1,1)",22,test
2024-04-25,TLT,-3.874099565777646,0.02077303420592899,-4.708157691953527,0.00902138244757516,"GARCH(1,1)",22,test
2024-04-26,GLD,-3.5620902077188856,0.028379443744151304,-4.5697426355531965,0.010360625831253151,"GARCH(1,1)",22,test
2024-04-26,SPY,-3.731250713519665,0.023962846430540304,-4.629770398859936,0.009756999063292804,"GARCH(1,1)",22,test
2024-04-26,TLT,-3.866847059375834,0.020924238411463503,-4.715596700786588,0.008954521302520188,"GARCH(1,1)",22,test
2024-04-29,GLD,-3.5801395084426604,0.027871809631249606,-4.585155937287014,0.010202158766742528,"GARCH(1,1)",22,test
2024-04-29,SPY,-3.732498861164261,0.023932955917977103,-4.6505960379161095,0.00955590455134984,"GARCH(1,1)",22,test
2024-04-29,TLT,-3.865485891567465,0.020952739203984005,-4.722789247480041,0.008890346556523843,"GARCH(1,1)",22,test
2024-04-30,GLD,-3.5633959027030873,0.0283424130274716,-4.604537031620034,0.010006333548525943,"GARCH(1,1)",22,test
2024-04-30,SPY,-3.66257708854264,0.025666283139049503,-4.640424624237906,0.009653597605588706,"GARCH(1,1)",22,test
2024-04-30,TLT,-3.880721850729085,0.02063592374745159,-4.735885537343591,0.008774675087830478,"GARCH(1,1)",22,test
2024-05-01,GLD,-3.600199951835174,0.027318259565020302,-4.624166266606182,0.009811832078669843,"GARCH(1,1)",22,test
2024-05-01,SPY,-3.7064079438202113,0.024565606014757404,-4.665966587494259,0.0094101480947158,"GARCH(1,1)",22,test
2024-05-01,TLT,-3.92351189451597,0.019771537123550405,-4.735443359244504,0.008778555914926055,"GARCH(1,1)",22,test
2024-05-02,GLD,-3.603199649875772,0.0272364358199499,-4.564190909889088,0.010418305145293173,"GARCH(1,1)",22,test
2024-05-02,SPY,-3.7513933697559487,0.023484999759213695,-4.559761171225905,0.010464557882536167,"GARCH(1,1)",22,test
2024-05-02,TLT,-3.932030985289221,0.0196038170297745,-4.734066288554491,0.008790652934290892,"GARCH(1,1)",22,test
2024-05-03,GLD,-3.625244515704573,0.0266425820101263,-4.571374117395947,0.010343736439444222,"GARCH(1,1)",22,test
2024-05-03,SPY,-3.740979520293223,0.02373084689707671,-4.594766112325974,0.010104583842234467,"GARCH(1,1)",22,test
2024-05-03,TLT,-3.9275487105171942,0.0196918839468985,-4.7503160444560475,0.008648961314854146,"GARCH(1,1)",22,test
2024-05-06,GLD,-3.621836970708846,0.0267335226613132,-4.591303019635279,0.01013963761487959,"GARCH(1,1)",22,test
2024-05-06,SPY,-3.737493038809335,0.0238137284539311,-4.597721877268081,0.010074761163685142,"GARCH(1,1)",22,test
2024-05-06,TLT,-3.92875022960009,0.019668237980942502,-4.764578697014511,0.008526479717158588,"GARCH(1,1)",22,test
2024-05-07,GLD,-3.5993062860530167,0.027342683870779295,-4.612207052317222,0.009929878344421014,"GARCH(1,1)",22,test
2024-05-07,SPY,-3.716100952070019,0.0243286416968563,-4.573485935720625,0.010321915396434752,"GARCH(1,1)",22,test
2024-05-07,TLT,-3.950946072035353,0.019236494054753903,-4.751930549867513,0.008635008786254976,"GARCH(1,1)",22,test
2024-05-08,GLD,-3.600917930520406,0.0272986526764413,-4.610624633348457,0.009945604011286044,"GARCH(1,1)",22,test
2024-05-08,SPY,-3.71198255630442,0.0244290432766131,-4.57328532405243,0.01032398630081825,"GARCH(1,1)",22,test
2024-05-08,TLT,-3.9445254680969426,0.0193604013183112,-4.767132057285515,0.008504736313781722,"GARCH(1,1)",22,test
2024-05-09,GLD,-3.6030586964228384,0.0272402751602021,-4.6264034893683,0.009789905361226613,"GARCH(1,1)",22,test
2024-05-09,SPY,-3.695285127844395,0.024840369971515196,-4.613321060081082,0.009918822542119309,"GARCH(1,1)",22,test
2024-05-09,TLT,-3.9492231220949208,0.0192696661397545,-4.774456805924244,0.008442668849833723,"GARCH(1,1)",22,test
2024-05-10,GLD,-3.5950040549632596,0.0274605718241805,-4.644088883284065,0.009618289052583539,"GARCH(1,1)",22,test
2024-05-10,SPY,-3.688099736469624,0.025019500542578402,-4.647012225703499,0.009590212558791373,"GARCH(1,1)",22,test
2024-05-10,TLT,-3.890188878993464,0.02044148470623069,-4.781296201848694,0.008385123108285325,"GARCH(1,1)",22,test
2024-05-13,GLD,-3.567549123393065,0.028224944835797103,-4.6124767578239805,0.009927200562672558,"GARCH(1,1)",22,test
2024-05-13,SPY,-3.679173788892571,0.0252438229484839,-4.662687551500324,0.009441054953685402,"GARCH(1,1)",22,test
2024-05-13,TLT,-3.845503172070611,0.021375643228073997,-4.791998050501978,0.008295865253753438,"GARCH(1,1)",22,test
2024-05-14,GLD,-3.570628906339112,0.028138151852416797,-4.619630112182277,0.009856441164518902,"GARCH(1,1)",22,test
2024-05-14,SPY,-3.6812283380958,0.025192011514953788,-4.688240825558929,0.009202861363062635,"GARCH(1,1)",22,test
2024-05-14,TLT,-3.84081805233292,0.021476025644268402,-4.799295843661953,0.008235544118347144,"GARCH(1,1)",22,test
2024-05-15,GLD,-3.62029667772984,0.02677473184753521,-4.613358630720538,0.00991844989261414,"GARCH(1,1)",22,test
2024-05-15,SPY,-3.660939843114179,0.025708339562733603,-4.709181273991476,0.009012153046874567,"GARCH(1,1)",22,test
2024-05-15,TLT,-3.8484133828799574,0.021313526031005,-4.814760055740677,0.008109167592697574,"GARCH(1,1)",22,test
2024-05-16,GLD,-3.6130566930693906,0.02696928392259349,-4.619309619232081,0.009859600590686012,"GARCH(1,1)",22,test
2024-05-16,SPY,-3.668697618275256,0.025509671651504296,-4.718260063277076,0.008930703897633244,"GARCH(1,1)",22,test
2024-05-16,TLT,-3.8328394669712584,0.021648059328210095,-4.8204638594749305,0.008063046151166325,"GARCH(1,1)",22,test
2024-05-17,GLD,-3.604626788525089,0.027197593373092792,-4.606731311278478,0.009984400926318412,"GARCH(1,1)",22,test
2024-05-17,SPY,-3.649900374623056,0.025993718283745196,-4.662704281290576,0.009440897008137465,"GARCH(1,1)",22,test
2024-05-17,TLT,-3.830949653127454,0.0216890088116832,-4.774723788408273,0.008440415106000809,"GARCH(1,1)",22,test
2024-05-20,GLD,-3.604355186424051,0.0272049812998389,-4.623913485551403,0.009814312637437931,"GARCH(1,1)",22,test
2024-05-20,SPY,-3.6485456682833135,0.026028956001688502,-4.68443228966954,0.009237977619163156,"GARCH(1,1)",22,test
2024-05-20,TLT,-3.794411520531095,0.0224961404389798,-4.793355014327059,0.008284615699051938,"GARCH(1,1)",22,test
2024-05-21,GLD,-3.614286548907668,0.0269361359790812,-4.590658119770909,0.010146178774772047,"GARCH(1,1)",22,test
2024-05-21,SPY,-3.631460667228558,0.026477481360320295,-4.7063141345653525,0.009038029223766769,"GARCH(1,1)",22,test
2024-05-21,TLT,-3.7839450704409994,0.0227328316678488,-4.795896436757226,0.008263587722692449,"GARCH(1,1)",22,test
2024-05-22,GLD,-3.6433562815950538,0.026164381402946198,-4.60865037609014,0.00996525858740449,"GARCH(1,1)",22,test
2024-05-22,SPY,-3.6405286238900754,0.026238470016870703,-4.724373307038269,0.008876274866225217,"GARCH(1,1)",22,test
2024-05-22,TLT,-3.784928666321521,0.022710482741225602,-4.81079479160841,0.00814138641995993,"GARCH(1,1)",22,test
2024-05-23,GLD,-3.679396527420735,0.0252382008026726,-4.628466725868405,0.009769727294372855,"GARCH(1,1)",22,test
2024-05-23,SPY,-3.6735916448360286,0.025385131640522595,-4.7374695906886926,0.008760786537411917,"GARCH(1,1)",22,test
2024-05-23,TLT,-3.813774129632263,0.0220647464002122,-4.818652155749506,0.00807766724246025,"GARCH(1,1)",22,test
2024-05-24,GLD,-3.6816507500134583,0.025181372356272,-4.579144240875092,0.010263675773507695,"GARCH(1,1)",22,test
2024-05-24,SPY,-3.680701534072296,0.025205286264268698,-4.7418781027331915,0.00872224951232591,"GARCH(1,1)",22,test
2024-05-24,TLT,-3.82093518990952,0.0219073038219488,-4.834913582562775,0.007947375087076616,"GARCH(1,1)",22,test
2024-05-28,GLD,-3.691464294828883,0.024935462427732005,-4.526675928898934,0.010816571432839036,"GARCH(1,1)",22,test
2024-05-28,SPY,-3.636786634751727,0.026336838017893414,-4.715690412836955,0.00895368219528672,"GARCH(1,1)",22,test
2024-05-28,TLT,-3.794218222414296,0.022500489320863692,-4.835549623511688,0.0079423218382918,"GARCH(1,1)",22,test
2024-05-29,GLD,-3.6779853265764246,0.0252738421155647,-4.5499824102608875,0.010567390259855664,"GARCH(1,1)",22,test
2024-05-29,SPY,-3.627923673902075,0.026571297851539312,-4.7129931829192415,0.00897786493331892,"GARCH(1,1)",22,test
2024-05-29,TLT,-3.7397432105379385,0.0237602037179195,-4.848208208063844,0.007842416947075442,"GARCH(1,1)",22,test
2024-05-30,GLD,-3.6703663903964743,0.025467137322552815,-4.5530656738527,0.010534858388146839,"GARCH(1,1)",22,test
2024-05-30,SPY,-3.6354657932495,0.026371647790620307,-4.7302381230386334,0.008824369503844322,"GARCH(1,1)",22,test
2024-05-30,TLT,-3.724348779852927,0.02412880847776769,-4.7896816938078715,0.00831510370972851,"GARCH(1,1)",22,test
2024-05-31,GLD,-3.7099431284142166,0.0244789153868027,-4.559363784913146,0.010468717180977163,"GARCH(1,1)",22,test
2024-05-31,SPY,-3.7352874918748102,0.023866308712521905,-4.709605110573528,0.00900833417607599,"GARCH(1,1)",22,test
2024-05-31,TLT,-3.7161028449993343,0.024328595644500812,-4.759716798697071,0.008568035532765928,"GARCH(1,1)",22,test
2024-06-03,GLD,-3.7323114947144784,0.0239374405710839,-4.580944744778717,0.010245212611697255,"GARCH(1,1)",22,test
2024-06-03,SPY,-3.7953522802302553,0.022474986928413397,-4.696954289524743,0.009123020910798047,"GARCH(1,1)",22,test
2024-06-03,TLT,-3.706183795091555,0.024571112981281,-4.7502735844910475,0.008649328557245355,"GARCH(1,1)",22,test
2024-06-04,GLD,-3.71665253437219,0.02431522614889,-4.595499344880698,0.010097177548009248,"GARCH(1,1)",22,test
2024-06-04,SPY,-3.8151159658925935,0.022035158978594396,-4.679648066549124,0.009282280057146286,"GARCH(1,1)",22,test
2024-06-04,TLT,-3.7123865462207943,0.024419176182700102,-4.756078440023998,0.008599265898342104,"GARCH(1,1)",22,test
2024-06-05,GLD,-3.7131230737080463,0.0244011974099684,-4.601063274973439,0.010041153559305757,"GARCH(1,1)",22,test
2024-06-05,SPY,-3.8557637729781766,0.021157437658287502,-4.7030818872185245,0.009067289632710779,"GARCH(1,1)",22,test
2024-06-05,TLT,-3.7209287211474664,0.0242114716952081,-4.727047453313219,0.008852570117964573,"GARCH(1,1)",22,test
2024-06-06,GLD,-3.719245855134308,0.024252250661196503,-4.605287004778318,0.009998831880328227,"GARCH(1,1)",22,test
2024-06-06,SPY,-3.852367447400507,0.021229417369039997,-4.722224015891666,0.008895373081670755,"GARCH(1,1)",22,test
2024-06-06,TLT,-3.7263198856296857,0.02408129488653149,-4.7087304590907575,0.009016216775681577,"GARCH(1,1)",22,test
2024-06-07,GLD,-3.6985341807707286,0.024759793264643604,-4.598591388549749,0.010066004852600534,"GARCH(1,1)",22,test
2024-06-07,SPY,-3.847682255160885,0.021329114638614595,-4.671165049065738,0.009361356731355323,"GARCH(1,1)",22,test
2024-06-07,TLT,-3.7105051416782984,0.024465161776882603,-4.715327864892773,0.008956928922871126,"GARCH(1,1)",22,test
2024-06-10,GLD,-3.6935709404530592,0.024882987537327702,-4.608735793325077,0.009964407418923273,"GARCH(1,1)",22,test
2024-06-10,SPY,-3.796911525500287,0.022439970218265597,-4.695805171697805,0.00913351036241584,"GARCH(1,1)",22,test
2024-06-10,TLT,-3.7075724289877408,0.0245370163802552,-4.736431673115683,0.008769884232224419,"GARCH(1,1)",22,test
2024-06-11,GLD,-3.6545421332719714,0.025873341313641204,-4.409082753699968,0.01216633273715161,"GARCH(1,1)",22,test
2024-06-11,SPY,-3.786349452496184,0.022678238912543985,-4.71421235056743,0.008966926080345172,"GARCH(1,1)",22,test
2024-06-11,TLT,-3.715698962285898,0.024338423528246396,-4.660542441156712,0.009461328795360734,"GARCH(1,1)",22,test
2024-06-12,GLD,-3.660330563670596,0.0257240078982705,-4.424456573025638,0.011980720178610897,"GARCH(1,1)",22,test
2024-06-12,SPY,-3.800944723234388,0.022349647648058107,-4.728349873184985,0.008841047859764516,"GARCH(1,1)",22,test
2024-06-12,TLT,-3.746975973715962,0.023588971777870404,-4.6727418640178735,0.009346607235757677,"GARCH(1,1)",22,test
2024-06-13,GLD,-3.65611202042191,0.025832754953924807,-4.449801893242104,0.011680880802620152,"GARCH(1,1)",22,test
2024-06-13,SPY,-3.804088087555432,0.022279504862972508,-4.741360394511517,0.008726766261688198,"GARCH(1,1)",22,test
2024-06-13,TLT,-3.762823250475556,0.023218097250903406,-4.667897001489866,0.009392000135306135,"GARCH(1,1)",22,test
2024-06-14,GLD,-3.630838017674946,0.02649397268589552,-4.474430323397919,0.011396712716143773,"GARCH(1,1)",22,test
2024-06-14,SPY,-3.728408241727949,0.024031057043012796,-4.721638058181606,0.008900586921507471,"GARCH(1,1)",22,test
2024-06-14,TLT,-3.7504843309535367,0.0235063582416433,-4.676582964185577,0.00931077484309774,"GARCH(1,1)",22,test
2024-06-17,GLD,-3.6398485732164456,0.0262563195746947,-4.48851832831504,0.011237281442519799,"GARCH(1,1)",22,test
2024-06-17,SPY,-3.728456278442328,0.0240299026977151,-4.736753746294086,0.008767060142541697,"GARCH(1,1)",22,test
2024-06-17,TLT,-3.757836701087155,0.023334164586793507,-4.644044925615765,0.009618711859436059,"GARCH(1,1)",22,test
2024-06-18,GLD,-3.6409418571205,0.026227629649098586,-4.486619327946957,0.011258641318902952,"GARCH(1,1)",22,test
2024-06-18,SPY,-3.7094181792948535,0.024491768945314907,-4.7499074817802915,0.008652495679587044,"GARCH(1,1)",22,test
2024-06-18,TLT,-3.722617667275627,0.024170614336482595,-4.650762394929869,0.009554314991825765,"GARCH(1,1)",22,test
2024-06-20,GLD,-3.6675592162898,0.025538728448380295,-4.506570684453691,0.011036242112337454,"GARCH(1,1)",22,test
2024-06-20,SPY,-3.7215048183973862,0.024197527549925515,-4.730329195832682,0.00882356588045256,"GARCH(1,1)",22,test
2024-06-20,TLT,-3.721206169210987,0.024204755201053516,-4.649463480369888,0.009566733294090109,"GARCH(1,1)",22,test
2024-06-21,GLD,-3.6584142325749407,0.025773350878153904,-4.527795614241464,0.010804467054161547,"GARCH(1,1)",22,test
2024-06-21,SPY,-3.6840721174480726,0.025120472761192406,-4.74304406857529,0.008712085593870619,"GARCH(1,1)",22,test
2024-06-21,TLT,-3.7056190556428694,0.024584993177057795,-4.652421619578567,0.009538475381259947,"GARCH(1,1)",22,test
2024-06-24,GLD,-3.642083013110901,0.0261977169032112,-4.524703891412362,0.010837923163467756,"GARCH(1,1)",22,test
2024-06-24,SPY,-3.590063693854656,0.027596572635183295,-4.747860544393498,0.008670224935630789,"GARCH(1,1)",22,test
2024-06-24,TLT,-3.682886689178421,0.025150268936875796,-4.665028564955656,0.0094189791669451,"GARCH(1,1)",22,test
2024-06-25,GLD,-3.641430675162233,0.026214812243478998,-4.506383371969325,0.011038309531886281,"GARCH(1,1)",22,test
2024-06-25,SPY,-3.5664920906776585,0.0282547952995581,-4.74208798612167,0.008720419049141734,"GARCH(1,1)",22,test
2024-06-25,TLT,-3.6793061713430815,0.025240481330532395,-4.688792242744155,0.009197788146011875,"GARCH(1,1)",22,test
2024-06-26,GLD,-3.608449977933824,0.02709381033967721,-4.527680358175473,0.01080571240629515,"GARCH(1,1)",22,test
2024-06-26,SPY,-3.556288514212324,0.028544571124690096,-4.744879678321463,0.00869610827319404,"GARCH(1,1)",22,test
2024-06-26,TLT,-3.675769177243759,0.025329914833712212,-4.706991602303634,0.00903190832414014,"GARCH(1,1)",22,test
2024-06-27,GLD,-3.5782060458687814,0.0279257508619093,-4.546389199665573,0.010605429418929436,"GARCH(1,1)",22,test
2024-06-27,SPY,-3.498238373893507,0.0302506268050002,-4.751174141555088,0.008641542849577124,"GARCH(1,1)",22,test
2024-06-27,TLT,-3.655301542657111,0.0258537003141463,-4.728128880076363,0.008843001886319776,"GARCH(1,1)",22,test
2024-06-28,GLD,-3.566436714303884,0.0282563599909866,-4.553235283011274,0.010533071731200903,"GARCH(1,1)",22,test
2024-06-28,SPY,-3.5121806216754976,0.029831791607207205,-4.761916754981965,0.008549206947772265,"GARCH(1,1)",22,test
2024-06-28,TLT,-3.688195488904789,0.02501710497916719,-4.689891478375439,0.00918768316444817,"GARCH(1,1)",22,test
2024-07-01,GLD,-3.5473046924884177,0.028802165822765603,-4.5527406726444015,0.010538282786288865,"GARCH(1,1)",22,test
2024-07-01,SPY,-3.3833307860259425,0.0339342386021759,-4.770340484287041,0.00847749321526821,"GARCH(1,1)",22,test
2024-07-01,TLT,-3.731303651764452,0.023961577913087014,-4.7081712182473945,0.009021260422530361,"GARCH(1,1)",22,test
2024-07-02,GLD,-3.4080434401149877,0.033105910747310195,-4.575091302312102,0.010305358232012502,"GARCH(1,1)",22,test
2024-07-02,SPY,-3.3411487485665465,0.03539627293997951,-4.76364867628137,0.00853441320866021,"GARCH(1,1)",22,test
2024-07-02,TLT,-3.7174115125506577,0.0242967784244342,-4.636055116770507,0.009695871362903098,"GARCH(1,1)",22,test
2024-07-03,GLD,-3.3915536134992226,0.03365634730460859,-4.595447725872289,0.010097698767754312,"GARCH(1,1)",22,test
2024-07-03,SPY,-3.2414266150922346,0.0391080631300022,-4.771311878367118,0.0084692622269589,"GARCH(1,1)",22,test
2024-07-03,TLT,-3.5963739989324677,0.0274229781359217,-4.561993873549187,0.010441219703138386,"GARCH(1,1)",22,test
2024-07-05,GLD,-3.381998480413709,0.0339794795093777,-4.616336131719586,0.009888961620615259,"GARCH(1,1)",22,test
2024-07-05,SPY,-3.1713420312583978,0.04194726557042461,-4.756365007572541,0.008596801980850603,"GARCH(1,1)",22,test
2024-07-05,TLT,-3.571436649595769,0.02811543262688908,-4.5763343494441004,0.010292556144465533,"GARCH(1,1)",22,test
2024-07-08,GLD,-3.395776446117915,0.03351452184672579,-4.611044421957319,0.009941429836210729,"GARCH(1,1)",22,test
2024-07-08,SPY,-3.119978767346734,0.0441581060034928,-4.758199693327613,0.008581044010599143,"GARCH(1,1)",22,test
2024-07-08,TLT,-3.554078288968505,0.0286077308292388,-4.565599837741354,0.010403636840718464,"GARCH(1,1)",22,test
2024-07-09,GLD,-3.407265619105803,0.0331316712374441,-4.595773201627269,0.01009441274641346,"GARCH(1,1)",22,test
2024-07-09,SPY,-3.096508082118957,0.04520678548240148,-4.752771956487324,0.00862774628848541,"GARCH(1,1)",22,test
2024-07-09,TLT,-3.567860063607342,0.028216169929708195,-4.577990066367793,0.010275528685285175,"GARCH(1,1)",22,test
2024-07-10,GLD,-3.4069684535007148,0.0331415182936057,-4.585853140715322,0.010195048265695091,"GARCH(1,1)",22,test
2024-07-10,SPY,-3.088559796983424,0.0455675336690071,-4.76383077145587,0.008532859274683958,"GARCH(1,1)",22,test
2024-07-10,TLT,-3.5680928610771767,0.028209602041263705,-4.6039757996579045,0.010011950998936016,"GARCH(1,1)",22,test
2024-07-11,GLD,-3.427216549014723,0.0324772138121182,-4.606461672990955,0.009987093466075715,"GARCH(1,1)",22,test
2024-07-11,SPY,-3.088127577663767,0.045587233094337404,-4.772856996343073,0.008456186322158166,"GARCH(1,1)",22,test
2024-07-11,TLT,-3.562506355812471,0.02836763614976451,-4.625346242795554,0.009800261178478813,"GARCH(1,1)",22,test
2024-07-12,GLD,-3.43025759537345,0.0323785991212353,-4.6242218813556235,0.009811286411260946,"GARCH(1,1)",22,test
2024-07-12,SPY,-3.097654082123194,0.0451550081801081,-4.729643385846485,0.008829619245539096,"GARCH(1,1)",22,test
2024-07-12,TLT,-3.5659401957956423,0.028270393280303303,-4.648141933332356,0.00957938453990071,"GARCH(1,1)",22,test
2024-07-15,GLD,-3.440285452329776,0.03205553369497,-4.582761371510391,0.010226617779643433,"GARCH(1,1)",22,test
2024-07-15,SPY,-3.0986105743813503,0.045111838413431894,-4.694044687001334,0.009149603929716834,"GARCH(1,1)",22,test
2024-07-15,TLT,-3.564283669917397,0.0283172627278689,-4.648601649120932,0.009574981757674668,"GARCH(1,1)",22,test
2024-07-16,GLD,-3.426972985856431,0.03248512502828809,-4.603843879951874,0.01001327185969045,"GARCH(1,1)",22,test
2024-07-16,SPY,-3.096914821083693,0.0451884018601965,-4.6991002999202545,0.009103463805466304,"GARCH(1,1)",22,test
2024-07-16,TLT,-3.562726499467072,0.028361391882013285,-4.668215691581224,0.009389007474815927,"GARCH(1,1)",22,test
2024-07-17,GLD,-3.4321736551063164,0.032316619188841,-4.6222552235442045,0.009830600840533051,"GARCH(1,1)",22,test
2024-07-17,SPY,-3.098763036024032,0.04510496111271859,-4.718034494017479,0.008932718617119964,"GARCH(1,1)",22,test
2024-07-17,TLT,-3.569278631439292,0.028176171755474204,-4.656688722015846,0.009497860445385501,"GARCH(1,1)",22,test
2024-07-18,GLD,-3.442722106290663,0.0319775205359591,-4.566467471682655,0.01039461420702012,"GARCH(1,1)",22,test
2024-07-18,SPY,-3.1156625129878956,0.0443491155473535,-4.720464759707784,0.008911036095359745,"GARCH(1,1)",22,test
2024-07-18,TLT,-3.575898197350698,0.027990273690471197,-4.6309683733559,0.00974531742580679,"GARCH(1,1)",22,test
2024-07-19,GLD,-3.4190598077858594,0.0327432053784522,-4.583954274714771,0.010214425687962539,"GARCH(1,1)",22,test
2024-07-19,SPY,-3.1228977735933676,0.044029396160037995,-4.621343044335887,0.009839572201347386,"GARCH(1,1)",22,test
2024-07-19,TLT,-3.564972942661826,0.0282977511356506,-4.655991373391227,0.009504486075222345,"GARCH(1,1)",22,test
2024-07-22,GLD,-3.40596235513682,0.033174878700049,-4.596892416154872,0.01008312125300047,"GARCH(1,1)",22,test
2024-07-22,SPY,-3.1075685408063434,0.04470953269038821,-4.620482043111137,0.009848047733261854,"GARCH(1,1)",22,test
2024-07-22,TLT,-3.5718547203314532,0.028103680843996108,-4.664650303738977,0.009422542675390692,"GARCH(1,1)",22,test
2024-07-23,GLD,-3.393335631519798,0.03359642449482599,-4.555218104366419,0.010512207223768333,"GARCH(1,1)",22,test
2024-07-23,SPY,-3.0978494593170094,0.04514618678310111,-4.627740709849999,0.009776822848315261,"GARCH(1,1)",22,test
2024-07-23,TLT,-3.561154706946867,0.028406005157857805,-4.679061290664099,0.00928772827352654,"GARCH(1,1)",22,test
2024-07-24,GLD,-3.4107011465771273,0.0330180417710762,-4.577278336296388,0.010282844691251968,"GARCH(1,1)",22,test
2024-07-24,SPY,-3.100771317427664,0.04501446855577851,-4.6170960763364635,0.009881449412257848,"GARCH(1,1)",22,test
2024-07-24,TLT,-3.5836151661287117,0.0277751049154759,-4.699857876357254,0.009096569847471987,"GARCH(1,1)",22,test
2024-07-25,GLD,-3.416302140968443,0.0328336248455009,-4.596303298700705,0.010089063145787622,"GARCH(1,1)",22,test
2024-07-25,SPY,-3.133487056150984,0.043565616324857996,-4.6489487809528836,0.009571658553544566,"GARCH(1,1)",22,test
2024-07-25,TLT,-3.6082020248418,0.02710052916666818,-4.721565363582162,0.008901233969626715,"GARCH(1,1)",22,test
2024-07-26,GLD,-3.417311466409706,0.0328005017514182,-4.61435691144179,0.009908553435844507,"GARCH(1,1)",22,test
2024-07-26,SPY,-3.141909630384321,0.0432002226251965,-4.445668366473617,0.01172926396375342,"GARCH(1,1)",22,test
2024-07-26,TLT,-3.606139123892141,0.027156492577662898,-4.70866288484385,0.00901682606032589,"GARCH(1,1)",22,test
2024-07-29,GLD,-3.4373651022521545,0.0321492839003655,-4.584890079686705,0.010204871448767812,"GARCH(1,1)",22,test
2024-07-29,SPY,-3.133903213756444,0.0435474899342671,-4.490334279218464,0.011216893608387837,"GARCH(1,1)",22,test
2024-07-29,TLT,-3.606641060175519,0.027142865169040412,-4.711369730531092,0.008992451907010257,"GARCH(1,1)",22,test
2024-07-30,GLD,-3.4560121537764528,0.03155534932113151,-4.585146705860085,0.01020225294766041,"GARCH(1,1)",22,test
2024-07-30,SPY,-3.146117294857875,0.04301883246529021,-4.501100911907261,0.011096773241296772,"GARCH(1,1)",22,test
2024-07-30,TLT,-3.619663795100147,0.0267916824735488,-4.715637961188659,0.00895415184299297,"GARCH(1,1)",22,test
2024-07-31,GLD,-3.449618211344166,0.03175775881586669,-4.605709260829118,0.009994610704337093,"GARCH(1,1)",22,test
2024-07-31,SPY,-3.141974577908412,0.04319741696880801,-4.551850990728067,0.010547662677854291,"GARCH(1,1)",22,test
2024-07-31,TLT,-3.5876896464569437,0.0276621660367482,-4.728744715553452,0.00883755772855902,"GARCH(1,1)",22,test
2024-08-01,GLD,-3.4577303329061855,0.0315011781297285,-4.606565716876415,0.00998605442412097,"GARCH(1,1)",22,test
2024-08-01,SPY,-3.187165906590202,0.0412887213714727,-4.580781840744411,0.010246881734113717,"GARCH(1,1)",22,test
2024-08-01,TLT,-3.596255754206601,0.027426220950172896,-4.745263221071715,0.008692773583449366,"GARCH(1,1)",22,test
2024-08-02,GLD,-3.613303588619849,0.026962626148315197,-4.565526002072686,0.010404405028560661,"GARCH(1,1)",22,test
2024-08-02,SPY,-3.2091030641938247,0.0403928268016687,-4.5210377228937375,0.010877729740400547,"GARCH(1,1)",22,test
2024-08-02,TLT,-3.611498649372749,0.027011335996389496,-4.734061610730588,0.008790694055513486,"GARCH(1,1)",22,test
2024-08-05,GLD,-3.6362476730947897,0.026351036389595302,-4.58485678292605,0.010205211243586962,"GARCH(1,1)",22,test
2024-08-05,SPY,-3.2785067990299397,0.0376844853265347,-4.481623320922563,0.011315030312632242,"GARCH(1,1)",22,test
2024-08-05,TLT,-3.72017443398478,0.0242297409867774,-4.746407389885622,0.008682833270791125,"GARCH(1,1)",22,test
2024-08-06,GLD,-3.605019873872047,0.0271869044986229,-4.605063651477933,0.010001065401851606,"GARCH(1,1)",22,test
2024-08-06,SPY,-3.3210458821950617,0.0361150399173633,-4.401834306804441,0.012254840136989523,"GARCH(1,1)",22,test
2024-08-06,TLT,-3.678232902851973,0.025267585686368603,-4.533807964640108,0.01073970170344905,"GARCH(1,1)",22,test
2024-08-07,GLD,-3.6122570193839167,0.0269908591746934,-4.592890257920904,0.010123556359623063,"GARCH(1,1)",22,test
2024-08-07,SPY,-3.385904379828698,0.03384701793942801,-4.2145258838838755,0.014779327223478534,"GARCH(1,1)",22,test
2024-08-07,TLT,-3.6924860527047696,0.024909997434351797,-4.5561905345520595,0.010501989804814683,"GARCH(1,1)",22,test
2024-08-08,GLD,-3.60767070188324,0.027114932125976196,-4.600733437345995,0.010044466055835522,"GARCH(1,1)",22,test
2024-08-08,SPY,-3.4047497504125945,0.03321513111488819,-4.277337122139901,0.013879572527061197,"GARCH(1,1)",22,test
2024-08-08,TLT,-3.678564982358436,0.025259196232044385,-4.4811074530436805,0.011320868879154096,"GARCH(1,1)",22,test
2024-08-09,GLD,-3.603066071205592,0.027240074269831403,-4.621005134874379,0.009842897647709672,"GARCH(1,1)",22,test
2024-08-09,SPY,-3.282691193453179,0.037527128028391504,-4.336756403629069,0.013078882091333005,"GARCH(1,1)",22,test
2024-08-09,TLT,-3.655503467165878,0.0258484803454481,-4.501488037441768,0.011092478228432645,"GARCH(1,1)",22,test
2024-08-12,GLD,-3.608738051082214,0.02708600646452819,-4.592806242431864,0.010124406930891517,"GARCH(1,1)",22,test
2024-08-12,SPY,-3.278435244773926,0.0376871819083203,-4.272911871881981,0.013941129210376223,"GARCH(1,1)",22,test
2024-08-12,TLT,-3.654421886316787,0.025876452691217702,-4.523114923894666,0.010855157960473875,"GARCH(1,1)",22,test
2024-08-13,GLD,-3.611940943763958,0.026999391675626993,-4.612348678081063,0.009928472117396977,"GARCH(1,1)",22,test
2024-08-13,SPY,-3.281160512593128,0.03758461407016512,-4.344357009944856,0.012979851480591853,"GARCH(1,1)",22,test
2024-08-13,TLT,-3.6473261542344058,0.026060718042401985,-4.532063641783872,0.010758451558745979,"GARCH(1,1)",22,test
2024-08-14,GLD,-3.63301095271734,0.026436465506544087,-4.576621770750742,0.0102895982696283,"GARCH(1,1)",22,test
2024-08-14,SPY,-3.289682009701998,0.037265697642600897,-4.4127213084989005,0.012122145306729015,"GARCH(1,1)",22,test
2024-08-14,TLT,-3.640515968715494,0.02623880207139061,-4.55745957986691,0.010488670756881468,"GARCH(1,1)",22,test
2024-08-15,GLD,-3.649571114092117,0.02600227839840499,-4.597350872496001,0.010078499641608127,"GARCH(1,1)",22,test
2024-08-15,SPY,-3.2786741907408237,0.03767817778399201,-4.394739581383724,0.0123420940180058,"GARCH(1,1)",22,test
2024-08-15,TLT,-3.639195304494771,0.026273477610813098,-4.5744108938447425,0.010312372471015935,"GARCH(1,1)",22,test
2024-08-16,GLD,-3.571389145344405,0.028116768261191704,-4.604378774838864,0.010007917243976618,"GARCH(1,1)",22,test
2024-08-16,SPY,-3.2520579951271964,0.0386944927556975,-4.4559570572562395,0.011609203883343648,"GARCH(1,1)",22,test
2024-08-16,TLT,-3.6114248603386185,0.027013329210321003,-4.592347062632225,0.010129056921546697,"GARCH(1,1)",22,test
2024-08-19,GLD,-3.5648522576301356,0.028301166456728095,-4.622712411140309,0.009826107439008492,"GARCH(1,1)",22,test
2024-08-19,SPY,-3.2481677108351397,0.03884531852038539,-4.420339634495789,0.012030145738314896,"GARCH(1,1)",22,test
2024-08-19,TLT,-3.618428226411834,0.0268248058964385,-4.603283831301219,0.010018881349731156,"GARCH(1,1)",22,test
2024-08-20,GLD,-3.5862711678656707,0.027701432069489097,-4.549275003454707,0.01057486834836255,"GARCH(1,1)",22,test
2024-08-20,SPY,-3.2458614907170573,0.038935007757259506,-4.479862780639012,0.011334968425082456,"GARCH(1,1)",22,test
2024-08-20,TLT,-3.625067241182458,0.026647305479783102,-4.626116408445039,0.00979271625975472,"GARCH(1,1)",22,test
2024-08-21,GLD,-3.6170660459660433,0.026861371020987596,-4.57086864069428,0.010348966278892186,"GARCH(1,1)",22,test
2024-08-21,SPY,-3.2725860524869343,0.0379082674376094,-4.503620786436038,0.011068845966446333,"GARCH(1,1)",22,test
2024-08-21,TLT,-3.619722380962052,0.026790112905716895,-4.645839639082063,0.009601464509388653,"GARCH(1,1)",22,test
2024-08-22,GLD,-3.62043557146199,0.026771013263351594,-4.589834095001856,0.010154542923053095,"GARCH(1,1)",22,test
2024-08-22,SPY,-3.2856074488488596,0.037417848759370806,-4.5513862132725045,0.01055256613309529,"GARCH(1,1)",22,test
2024-08-22,TLT,-3.613656226912685,0.026953119770114886,-4.654046283816894,0.009522991143169722,"GARCH(1,1)",22,test
2024-08-23,GLD,-3.632123193196029,0.026459945151104287,-4.61013640695984,0.009950460903149999,"GARCH(1,1)",22,test
2024-08-23,SPY,-3.2975651260256593,0.036973082687408905,-4.5918517655860445,0.010134075056151569,"GARCH(1,1)",22,test
2024-08-23,TLT,-3.625706998244699,0.026630263129975813,-4.67790576183539,0.009298466714393938,"GARCH(1,1)",22,test
2024-08-26,GLD,-3.616946834403424,0.026864573397877484,-4.600935778740107,0.01004243385017727,"GARCH(1,1)",22,test
2024-08-26,SPY,-3.297652643493749,0.03696984703841459,-4.594875137905206,0.010103482244180442,"GARCH(1,1)",22,test
2024-08-26,TLT,-3.60621385244928,0.02715446328797951,-4.674165876894047,0.00933330701879306,"GARCH(1,1)",22,test
2024-08-27,GLD,-3.5959243563121936,0.027435311448250094,-4.59582169739918,0.010093923221945363,"GARCH(1,1)",22,test
2024-08-27,SPY,-3.297404628690047,0.0369790172448972,-4.5879552140577005,0.010173640035229865,"GARCH(1,1)",22,test
2024-08-27,TLT,-3.60527598159004,0.027179942614086697,-4.685846979208205,0.00922491798870627,"GARCH(1,1)",22,test
2024-08-28,GLD,-3.595525890792836,0.027446245652182018,-4.614396866686781,0.009908157545073482,"GARCH(1,1)",22,test
2024-08-28,SPY,-3.3018067371034068,0.03681658937680941,-4.621358198539952,0.009839423091592157,"GARCH(1,1)",22,test
2024-08-28,TLT,-3.5961995315150945,0.027427762969480393,-4.706740095920474,0.009034180192418487,"GARCH(1,1)",22,test
2024-08-29,GLD,-3.58882314236075,0.027630828848497598,-4.632786296823085,0.0097276172781948,"GARCH(1,1)",22,test
2024-08-29,SPY,-3.2979925656662847,0.036957282303327996,-4.654006917113205,0.009523366039319452,"GARCH(1,1)",22,test
2024-08-29,TLT,-3.577467001952589,0.027946396846393797,-4.727706024500302,0.008846741989682575,"GARCH(1,1)",22,test
2024-08-30,GLD,-3.5905543640761732,0.027583035140269697,-4.641168942028278,0.009646414934576289,"GARCH(1,1)",22,test
2024-08-30,SPY,-3.3118159117928307,0.0364499237734573,-4.65903264399054,0.00947562427168348,"GARCH(1,1)",22,test
2024-08-30,TLT,-3.60656607428901,0.027144900577159996,-4.748235499269718,0.008666974601915562,"GARCH(1,1)",22,test
2024-09-03,GLD,-3.591447689926958,0.027558405504718796,-4.654402199426496,0.00951960236506705,"GARCH(1,1)",22,test
2024-09-03,SPY,-3.347177948310029,0.035183503798610787,-4.685222879522685,0.00923067705405047,"GARCH(1,1)",22,test
2024-09-03,TLT,-3.6088220103205537,0.0270837324395198,-4.764927220685868,0.008523508554934073,"GARCH(1,1)",22,test
2024-09-04,GLD,-3.5693961714863027,0.028172860121550104,-4.661185944519867,0.009455242356992808,"GARCH(1,1)",22,test
2024-09-04,SPY,-3.346298555886338,0.035214457513526594,-4.66687662654593,0.009401588387892078,"GARCH(1,1)",22,test
2024-09-04,TLT,-3.615213773220864,0.026911171714422998,-4.748094658476433,0.008668195351457525,"GARCH(1,1)",22,test
2024-09-05,GLD,-3.5783903449614116,0.0279206046456005,-4.674794470963949,0.009327442000899322,"GARCH(1,1)",22,test
2024-09-05,SPY,-3.363838921878548,0.0346021686243395,-4.488913212729949,0.011232844891232328,"GARCH(1,1)",22,test
2024-09-05,TLT,-3.6332263691556914,0.0264307712706401,-4.717909830868893,0.008933832267362331,"GARCH(1,1)",22,test
2024-09-06,GLD,-3.5758379747548203,0.0279919593881702,-4.6921186195775935,0.009167243665993462,"GARCH(1,1)",22,test
2024-09-06,SPY,-3.4122333423810836,0.03296749040320621,-4.537888240961071,0.01069597003221833,"GARCH(1,1)",22,test
2024-09-06,TLT,-3.723503236440475,0.02414921906062729,-4.692991456982049,0.009159245643820256,"GARCH(1,1)",22,test
2024-09-09,GLD,-3.5765085930769964,0.0279731937603211,-4.692997335066465,0.009159191805159405,"GARCH(1,1)",22,test
2024-09-09,SPY,-3.4200180438329135,0.0327118446866348,-4.57896581189162,0.010265507274134186,"GARCH(1,1)",22,test
2024-09-09,TLT,-3.7297313601707742,0.023999282133858307,-4.706451053242266,0.009036791833476398,"GARCH(1,1)",22,test
2024-09-10,GLD,-3.5841362669459023,0.02776063505606211,-4.696348023159905,0.009128553568484646,"GARCH(1,1)",22,test
2024-09-10,SPY,-3.439703908262618,0.03207418082194739,-4.489288577870662,0.011228629264078367,"GARCH(1,1)",22,test
2024-09-10,TLT,-3.73724449093386,0.02381964804116541,-4.728161452394369,0.00884271385394117,"GARCH(1,1)",22,test
2024-09-11,GLD,-3.5946212449410395,0.0274710860186318,-4.708746743470351,0.009016069953380565,"GARCH(1,1)",22,test
2024-09-11,SPY,-3.6396258789860574,0.0262621673566847,-4.4997100025049495,0.011112218586581315,"GARCH(1,1)",22,test
2024-09-11,TLT,-3.752027010862616,0.023470123411606602,-4.743450064778026,0.008708549238123675,"GARCH(1,1)",22,test
2024-09-12,GLD,-3.5918313837964804,0.0275478335418012,-4.720091167610771,0.008914365809959971,"GARCH(1,1)",22,test
2024-09-12,SPY,-3.663084457336548,0.0256532641709175,-4.5450764361946145,0.010619360981687035,"GARCH(1,1)",22,test
2024-09-12,TLT,-3.772338578026704,0.022998217224701304,-4.748821131439076,0.008661900428722223,"GARCH(1,1)",22,test
2024-09-13,GLD,-3.580591135607585,0.027859224806922704,-4.734723366864659,0.008784878684190554,"GARCH(1,1)",22,test
2024-09-13,SPY,-3.648446262980875,0.02603154354653771,-4.551670502646813,0.010549566577063121,"GARCH(1,1)",22,test
2024-09-13,TLT,-3.7759347954592206,0.02291565917233,-4.768471408518547,0.008493353109469273,"GARCH(1,1)",22,test
2024-09-16,GLD,-3.57429026134952,0.028035316462463582,-4.67779357454465,0.009299509942700046,"GARCH(1,1)",22,test
2024-09-16,SPY,-3.648398946330464,0.026032775301124387,-4.5699395646090615,0.010358585723874835,"GARCH(1,1)",22,test
2024-09-16,TLT,-3.789755675395758,0.022601123187073396,-4.780292959447043,0.008393539640535705,"GARCH(1,1)",22,test
2024-09-17,GLD,-3.5867696775483457,0.027687626078874403,-4.673386234283872,0.009340586499966871,"GARCH(1,1)",22,test
2024-09-17,SPY,-3.6781290580025026,0.025270209731245104,-4.601803433170329,0.01003372426695758,"GARCH(1,1)",22,test
2024-09-17,TLT,-3.791269641350135,0.022566931744908,-4.796314420238319,0.008260134401295723,"GARCH(1,1)",22,test
2024-09-18,GLD,-3.706666748818285,0.024559249135771587,-4.6907221328479265,0.009180054543148663,"GARCH(1,1)",22,test
2024-09-18,SPY,-3.7440661174093792,0.023657712260123302,-4.637541098335969,0.009681474176422834,"GARCH(1,1)",22,test
2024-09-18,TLT,-3.838299809827951,0.0215301756376749,-4.786376545909942,0.008342631824461296,"GARCH(1,1)",22,test
2024-09-19,GLD,-3.708605281052315,0.024511686355564312,-4.699892341238446,0.00909625634067546,"GARCH(1,1)",22,test
2024-09-19,SPY,-3.752039981786779,0.023469818984390097,-4.667706557179861,0.009393788958621672,"GARCH(1,1)",22,test
2024-09-19,TLT,-3.8333047782409726,0.021637988585434,-4.796534691423449,0.008258315132075473,"GARCH(1,1)",22,test
2024-09-20,GLD,-3.726227085794698,0.024083529730418215,-4.701628654455845,0.009080476094252011,"GARCH(1,1)",22,test
2024-09-20,SPY,-3.758699123737084,0.0233140493499014,-4.685398074300598,0.009229060029285287,"GARCH(1,1)",22,test
2024-09-20,TLT,-3.825358530281309,0.021810614363360604,-4.763426381960722,0.008536310571125201,"GARCH(1,1)",22,test
2024-09-23,GLD,-3.6973208228665144,0.024789853989028696,-4.6643516282301505,0.009425357378439213,"GARCH(1,1)",22,test
2024-09-23,SPY,-3.706608231247102,0.024560686325431104,-4.581800445285795,0.010236449527892637,"GARCH(1,1)",22,test
2024-09-23,TLT,-3.858417927249854,0.021101357011015603,-4.779015059422151,0.008404272601416162,"GARCH(1,1)",22,test
2024-09-24,GLD,-3.6999765032126497,0.024724107400608385,-4.648090387961167,0.009579878325558656,"GARCH(1,1)",22,test
2024-09-24,SPY,-3.709451287382903,0.0244909580830953,-4.606757768168609,0.009984136773614424,"GARCH(1,1)",22,test
2024-09-24,TLT,-3.840907397252649,0.021474106956194904,-4.79254475348346,0.008291331119010661,"GARCH(1,1)",22,test
2024-09-25,GLD,-3.7063697326642817,0.024566544712893598,-4.665773077513149,0.009411969228493942,"GARCH(1,1)",22,test
2024-09-25,SPY,-3.676370806035401,0.025314680210911787,-4.6407009455984145,0.00965093047887354,"GARCH(1,1)",22,test
2024-09-25,TLT,-3.8186316544443577,0.021957826241000292,-4.808734229080095,0.008158179551452326,"GARCH(1,1)",22,test
2024-09-26,GLD,-3.735660669409981,0.02385740400388489,-4.642588455517633,0.009632731432708189,"GARCH(1,1)",22,test
2024-09-26,SPY,-3.6976022056437303,0.0247828795323585,-4.668425919016637,0.009387033855315178,"GARCH(1,1)",22,test
2024-09-26,TLT,-3.816258999022548,0.022009986451115193,-4.825641991023489,0.008021402548588916,"GARCH(1,1)",22,test
2024-09-27,GLD,-3.759351837683021,0.023298836909980393,-4.660750076771415,0.00945936449047728,"GARCH(1,1)",22,test
2024-09-27,SPY,-3.691256641339149,0.024940640901168685,-4.688971798886997,0.009196136774911046,"GARCH(1,1)",22,test
2024-09-27,TLT,-3.796011867603234,0.0224601675986862,-4.817116196834982,0.008090083740644351,"GARCH(1,1)",22,test
2024-09-30,GLD,-3.7541560133844616,0.023420208612895302,-4.673182493916964,0.009342489748365193,"GARCH(1,1)",22,test
2024-09-30,SPY,-3.7121833000283577,0.0244241397916819,-4.705082265457973,0.009049169753187323,"GARCH(1,1)",22,test
2024-09-30,TLT,-3.760526560008968,0.023271483315678198,-4.831669200916907,0.007973201277296829,"GARCH(1,1)",22,test
2024-10-01,GLD,-3.7222041906234486,0.024180610387604,-4.675926038641397,0.009316893338406174,"GARCH(1,1)",22,test
2024-10-01,SPY,-3.756339024286716,0.023369137806505496,-4.721021836277178,0.008906073348385368,"GARCH(1,1)",22,test
2024-10-01,TLT,-3.739889350001111,0.02375673166821121,-4.837700530647829,0.007925257000591948,"GARCH(1,1)",22,test
2024-10-02,GLD,-3.7319739077296785,0.023945522903638498,-4.678267347222249,0.00929510513249589,"GARCH(1,1)",22,test
2024-10-02,SPY,-3.7515828942585863,0.0234805491980734,-4.730807761084436,0.008819344238671716,"GARCH(1,1)",22,test
2024-10-02,TLT,-3.686876344677788,0.025050127925002198,-4.844712906618761,0.007869876520149793,"GARCH(1,1)",22,test
2024-10-03,GLD,-3.7545767535685735,0.023410356862670505,-4.671488726231082,0.009358327164272044,"GARCH(1,1)",22,test
2024-10-03,SPY,-3.7498771399124338,0.023520635425827104,-4.6919853554655875,0.009168465411985793,"GARCH(1,1)",22,test
2024-10-03,TLT,-3.659447169366806,0.025746742380596103,-4.853918461900933,0.007797762371429891,"GARCH(1,1)",22,test
2024-10-04,GLD,-3.791761973764936,0.022555824047471498,-4.688900504348365,0.009196792432611737,"GARCH(1,1)",22,test
2024-10-04,SPY,-3.77290741504922,0.0229851387074171,-4.713306331688496,0.008975053966112947,"GARCH(1,1)",22,test
2024-10-04,TLT,-3.6162155189227985,0.026884227061922204,-4.841813206517347,0.007892729919883035,"GARCH(1,1)",22,test
2024-10-07,GLD,-3.753871669172901,0.023426868960518696,-4.705415334302488,0.009046156258552252,"GARCH(1,1)",22,test
2024-10-07,SPY,-3.746439395754052,0.023601632496698118,-4.726975000418448,0.00885321153553178,"GARCH(1,1)",22,test
2024-10-07,TLT,-3.5790140890206557,0.027903194764541697,-4.8246597051407845,0.008029285730207029,"GARCH(1,1)",22,test
2024-10-08,GLD,-3.812944152638611,0.0220830672339787,-4.720283544486429,0.00891265105706167,"GARCH(1,1)",22,test
2024-10-08,SPY,-3.752647678885454,0.023455560776261496,-4.703430305907941,0.009064130969840935,"GARCH(1,1)",22,test
2024-10-08,TLT,-3.560158580380683,0.028434315232102297,-4.7883380565162215,0.008326283702402383,"GARCH(1,1)",22,test
2024-10-09,GLD,-3.812995540686748,0.02208193245741389,-4.732522528654576,0.008804234072095685,"GARCH(1,1)",22,test
2024-10-09,SPY,-3.761198501442653,0.023255851494237496,-4.670742316078185,0.009365314922223904,"GARCH(1,1)",22,test
2024-10-09,TLT,-3.5605925438718744,0.0284219784544437,-4.787466312890694,0.00833354525178912,"GARCH(1,1)",22,test
2024-10-10,GLD,-3.803474919257936,0.022293170138167,-4.73315945770809,0.008798628185086897,"GARCH(1,1)",22,test
2024-10-10,SPY,-3.762494547621595,0.023225730360176996,-4.657240341278648,0.009492622687365346,"GARCH(1,1)",22,test
2024-10-10,TLT,-3.560111328613381,0.028435658835492605,-4.804622916858983,0.008191789417729255,"GARCH(1,1)",22,test
2024-10-11,GLD,-3.780997579099066,0.0227999353375287,-4.740046334601427,0.00873824129316561,"GARCH(1,1)",22,test
2024-10-11,SPY,-3.7481106600997736,0.0235622208726001,-4.665369930385729,0.00941576440180699,"GARCH(1,1)",22,test
2024-10-11,TLT,-3.5228382097931212,0.029515544866579396,-4.810720170891078,0.008141993958721875,"GARCH(1,1)",22,test
2024-10-14,GLD,-3.7633179094355738,0.023206615051184296,-4.741161808974877,0.008728499443336112,"GARCH(1,1)",22,test
2024-10-14,SPY,-3.742607507594491,0.023692244810059403,-4.688153859114096,0.00920366173800005,"GARCH(1,1)",22,test
2024-10-14,TLT,-3.495206745499042,0.030342474618045595,-4.822315274460606,0.008048131917170196,"GARCH(1,1)",22,test
2024-10-15,GLD,-3.7622491225597896,0.023231431236026404,-4.726532014073117,0.008857134256146036,"GARCH(1,1)",22,test
2024-10-15,SPY,-3.75432616662369,0.02341622392754959,-4.695676084112805,0.009134689461312974,"GARCH(1,1)",22,test
2024-10-15,TLT,-3.4849850360110524,0.030654217135140008,-4.832850943623021,0.007963784570001464,"GARCH(1,1)",22,test
2024-10-16,GLD,-3.770019530674283,0.023051613069282495,-4.740759961464819,0.008732007673943623,"GARCH(1,1)",22,test
2024-10-16,SPY,-3.731361082930118,0.023960201811252205,-4.687144265393564,0.00921295838922733,"GARCH(1,1)",22,test
2024-10-16,TLT,-3.450811753261113,0.031719877210670495,-4.848460958365744,0.00784043502430078,"GARCH(1,1)",22,test
2024-10-17,GLD,-3.774847737654013,0.022940583363058396,-4.752179274514281,0.008632861313820512,"GARCH(1,1)",22,test
2024-10-17,SPY,-3.7208883642352943,0.024212448815161502,-4.670618320744313,0.009366476249572597,"GARCH(1,1)",22,test
2024-10-17,TLT,-3.428741456061186,0.03242772682104681,-4.810867218070792,0.008140796789495336,"GARCH(1,1)",22,test
2024-10-18,GLD,-3.770125192115388,0.023049177531299293,-4.759714349867486,0.00856805651445052,"GARCH(1,1)",22,test
2024-10-18,SPY,-3.700061535980628,0.024722005130702496,-4.689191765396128,0.009194114155269625,"GARCH(1,1)",22,test
2024-10-18,TLT,-3.4272962663761035,0.032474624917519394,-4.821637222661809,0.008053590817993204,"GARCH(1,1)",22,test
2024-10-21,GLD,-3.782044733346662,0.022776072784462503,-4.764033515848929,0.008531129460670226,"GARCH(1,1)",22,test
2024-10-21,SPY,-3.677372939597424,0.025289324227423606,-4.711019565800245,0.00899560129788255,"GARCH(1,1)",22,test
2024-10-21,TLT,-3.4209388527759943,0.0326817371912555,-4.753813858990865,0.00861876169937324,"GARCH(1,1)",22,test
2024-10-22,GLD,-3.783981277329948,0.022732008597637604,-4.748691731770843,0.008663021348285713,"GARCH(1,1)",22,test
2024-10-22,SPY,-3.6290399480240096,0.026541653548024093,-4.723848061657553,0.00888093831321645,"GARCH(1,1)",22,test
2024-10-22,TLT,-3.4106293668632905,0.03302041188172789,-4.773483962601814,0.008450886240316402,"GARCH(1,1)",22,test
2024-10-23,GLD,-3.789394036987777,0.02260929809937339,-4.762638152382824,0.008543041796130295,"GARCH(1,1)",22,test
2024-10-23,SPY,-3.67218652703488,0.025420825812260496,-4.736251677055395,0.00877146291890983,"GARCH(1,1)",22,test
2024-10-23,TLT,-3.415021159894926,0.03287571104756211,-4.699195840934807,0.009102594092845665,"GARCH(1,1)",22,test
2024-10-24,GLD,-3.7667075184870655,0.023128086863866703,-4.746572157610189,0.008681402737966354,"GARCH(1,1)",22,test
2024-10-24,SPY,-3.654746480518954,0.025868054707743605,-4.748710925153154,0.008662855077200663,"GARCH(1,1)",22,test
2024-10-24,TLT,-3.4295749664614905,0.032400709234767004,-4.721257228321989,0.008903977176289445,"GARCH(1,1)",22,test
2024-10-25,GLD,-3.762275035900168,0.023230829239841207,-4.723010013020214,0.008888384090994317,"GARCH(1,1)",22,test
2024-10-25,SPY,-3.6872677622560177,0.025040324783281602,-4.703697750476112,0.00906170714138218,"GARCH(1,1)",22,test
2024-10-25,TLT,-3.4328261642224556,0.032295539178414906,-4.74037497855403,0.008735369994851484,"GARCH(1,1)",22,test
2024-10-28,GLD,-3.745957597314316,0.023613006466170598,-4.72419354969815,0.008877870585202143,"GARCH(1,1)",22,test
2024-10-28,SPY,-3.678330162780964,0.025265128282284385,-4.722411476543325,0.008893705705524712,"GARCH(1,1)",22,test
2024-10-28,TLT,-3.43725114959331,0.0321529476054864,-4.7482366814268095,0.008666964356196133,"GARCH(1,1)",22,test
2024-10-29,GLD,-3.7535821451027553,0.023433652584934798,-4.7384386951164865,0.008752300532963941,"GARCH(1,1)",22,test
2024-10-29,SPY,-3.688361919369005,0.025012941717228586,-4.7380841015589485,0.008755404592653825,"GARCH(1,1)",22,test
2024-10-29,TLT,-3.446988756707332,0.031841374285405906,-4.758457602630063,0.00857883116489309,"GARCH(1,1)",22,test
2024-10-30,GLD,-3.763404732047492,0.023204600279716898,-4.752946423843654,0.00862624115970111,"GARCH(1,1)",22,test
2024-10-30,SPY,-3.702889295050829,0.024652196004672687,-4.748347290779156,0.008666005761897607,"GARCH(1,1)",22,test
2024-10-30,TLT,-3.44771794160272,0.031818164499369694,-4.7756102616624965,0.008432936219161134,"GARCH(1,1)",22,test
2024-10-31,GLD,-3.8048218290599745,0.022263163461469303,-4.737323881441089,0.008762063158032156,"GARCH(1,1)",22,test
2024-10-31,SPY,-3.718100901738157,0.024280034260383297,-4.75943630749309,0.008570439128446235,"GARCH(1,1)",22,test
2024-10-31,TLT,-3.4657249836264032,0.0312503412260293,-4.7934457015182215,0.008283864424590328,"GARCH(1,1)",22,test
2024-11-01,GLD,-3.822574032952038,0.0218714305928249,-4.744568484604708,0.008698814868564777,"GARCH(1,1)",22,test
2024-11-01,SPY,-3.743610996691881,0.023668481825641796,-4.760063152238885,0.008565068477167535,"GARCH(1,1)",22,test
2024-11-01,TLT,-3.476175314854469,0.0309254652963843,-4.808244829759244,0.008162173136133294,"GARCH(1,1)",22,test
2024-11-04,GLD,-3.803055594619731,0.0223025201738828,-4.698171898036056,0.009111919402904987,"GARCH(1,1)",22,test
2024-11-04,SPY,-3.766496372916226,0.023132970772559703,-4.563445256241791,0.010426076489528924,"GARCH(1,1)",22,test
2024-11-04,TLT,-3.494377260351186,0.030367653691480492,-4.82428073083029,0.008032329199892382,"GARCH(1,1)",22,test
2024-11-05,GLD,-3.80478459214014,0.022263992488537485,-4.710343381363205,0.009001686040454272,"GARCH(1,1)",22,test
2024-11-05,SPY,-3.777415051999674,0.022881763211509497,-4.6004939020213955,0.010046872348457171,"GARCH(1,1)",22,test
2024-11-05,TLT,-3.5180035276159045,0.029658588652290204,-4.740779445548443,0.008731837540433345,"GARCH(1,1)",22,test
2024-11-06,GLD,-3.8303268710571095,0.021702520544490404,-4.72577233761649,0.008863865368923845,"GARCH(1,1)",22,test
2024-11-06,SPY,-3.8255245613665982,0.021806993423989597,-4.63323190292487,0.009723283558217544,"GARCH(1,1)",22,test
2024-11-06,TLT,-3.55362873391086,0.028620594470561703,-4.692670151191107,0.009162189035325317,"GARCH(1,1)",22,test
2024-11-07,GLD,-3.8513648020418136,0.0212507136203425,-4.7397504561365995,0.008740827133113038,"GARCH(1,1)",22,test
2024-11-07,SPY,-3.825900620954619,0.0217987942368147,-4.606221100284405,0.00998949637720724,"GARCH(1,1)",22,test
2024-11-07,TLT,-3.573777141292318,0.028049705637021805,-4.707235830992439,0.009029702742356862,"GARCH(1,1)",22,test
2024-11-08,GLD,-3.836451907821401,0.02156999807508619,-4.5534233675674525,0.010531090809375384,"GARCH(1,1)",22,test
2024-11-08,SPY,-3.829843739151466,0.021713008257868798,-4.426551466806614,0.011955648113243249,"GARCH(1,1)",22,test
2024-11-08,TLT,-3.558823236038525,0.028472310196605184,-4.542822028128263,0.01064332836071906,"GARCH(1,1)",22,test
2024-11-11,GLD,-3.8451248726568665,0.021383731151107404,-4.531242575399145,0.010767288589070393,"GARCH(1,1)",22,test
2024-11-11,SPY,-3.837601714535965,0.021545210999370196,-4.46947836913606,0.011453288681433646,"GARCH(1,1)",22,test
2024-11-11,TLT,-3.5626381127204025,0.028363898763958697,-4.538672799138737,0.010687581712454196,"GARCH(1,1)",22,test
2024-11-12,GLD,-3.871306791711144,0.020831129683152896,-4.545944440072155,0.010610147334497158,"GARCH(1,1)",22,test
2024-11-12,SPY,-3.848616023933927,0.021309207473199598,-4.518935144796749,0.010900625077880524,"GARCH(1,1)",22,test
2024-11-12,TLT,-3.60692891289207,0.027135053145976504,-4.534089484948797,0.01073667868485079,"GARCH(1,1)",22,test
2024-11-13,GLD,-3.905586257821242,0.020129150159719705,-4.474025287681442,0.011401329726808226,"GARCH(1,1)",22,test
2024-11-13,SPY,-3.867937755899504,0.02090142885877881,-4.566651392968441,0.010392702592008647,"GARCH(1,1)",22,test
2024-11-13,TLT,-3.637370405942326,0.026321467817383717,-4.5577375346562095,0.010485755785745066,"GARCH(1,1)",22,test
2024-11-14,GLD,-3.924355571308693,0.019754863371140803,-4.486907967909916,0.011255392094040322,"GARCH(1,1)",22,test
2024-11-14,SPY,-3.8833765682985537,0.0205812138499109,-4.601190474457393,0.010039876410982728,"GARCH(1,1)",22,test
2024-11-14,TLT,-3.649082160752344,0.026014995408028405,-4.537488244456857,0.01070024923861714,"GARCH(1,1)",22,test
2024-11-15,GLD,-3.8445726004829166,0.021395544052465496,-4.494655626179267,0.011168526100942266,"GARCH(1,1)",22,test
2024-11-15,SPY,-3.682002451334665,0.025172517591551997,-4.637075409222792,0.009685983783502264,"GARCH(1,1)",22,test
2024-11-15,TLT,-3.661463273356396,0.02569488656149028,-4.547046945575562,0.010598456034714345,"GARCH(1,1)",22,test
2024-11-18,GLD,-3.8355656008424406,0.0215891241894686,-4.517604299972186,0.01091514177594356,"GARCH(1,1)",22,test
2024-11-18,SPY,-3.66496970755826,0.02560494690832729,-4.6425135157963835,0.009633453333965833,"GARCH(1,1)",22,test
2024-11-18,TLT,-3.678213342966433,0.025268079922286087,-4.567875586945948,0.010379987692425173,"GARCH(1,1)",22,test
2024-11-19,GLD,-3.8229401748666016,0.021863424011215403,-4.540276515051545,0.010670455603969405,"GARCH(1,1)",22,test
2024-11-19,SPY,-3.541804055955815,0.0289610326019439,-4.587434470623643,0.010178939271130073,"GARCH(1,1)",22,test
2024-11-19,TLT,-3.670057495400023,0.0254750052089585,-4.593521141538724,0.01011717158799738,"GARCH(1,1)",22,test
2024-11-20,GLD,-3.8366795010078634,0.021565089449098396,-4.503640625402507,0.011068626374160596,"GARCH(1,1)",22,test
2024-11-20,SPY,-3.5343275560575593,0.029178371212897604,-4.620584712054801,0.009847036696505853,"GARCH(1,1)",22,test
2024-11-20,TLT,-3.677689423240541,0.025281321836339885,-4.618979091733994,0.009862859998433657,"GARCH(1,1)",22,test
2024-11-21,GLD,-3.840046838592184,0.021492594638638486,-4.514566252606354,0.010948352916628731,"GARCH(1,1)",22,test
2024-11-21,SPY,-3.574376973315928,0.028032885570439498,-4.649644818271799,0.009564998640030431,"GARCH(1,1)",22,test
2024-11-21,TLT,-3.6970234630977648,0.024797226590381402,-4.637903227883085,0.009677968863290944,"GARCH(1,1)",22,test
2024-11-22,GLD,-3.864636804173767,0.0209705374657761,-4.532745117914378,0.010751122428404826,"GARCH(1,1)",22,test
2024-11-22,SPY,-3.565391790167808,0.028285901174999004,-4.677823509617076,0.009299231565363034,"GARCH(1,1)",22,test
2024-11-22,TLT,-3.696156538021027,0.024818733248929997,-4.659840098693593,0.009467976222443143,"GARCH(1,1)",22,test
2024-11-25,GLD,-3.91818073824475,0.019877223743309302,-4.543767322273061,0.010633272038578582,"GARCH(1,1)",22,test
2024-11-25,SPY,-3.5516456895301207,0.028677406691560096,-4.690485591198745,0.009182226265231113,"GARCH(1,1)",22,test
2024-11-25,TLT,-3.6939483631755343,0.02487359790446991,-4.683286382521842,0.009248569551273567,"GARCH(1,1)",22,test
2024-11-26,GLD,-3.919328935500835,0.019854413867173206,-4.538006165440549,0.01069470878988691,"GARCH(1,1)",22,test
2024-11-26,SPY,-3.5127879288854493,0.029813680045276104,-4.708847809234168,0.009015158783428914,"GARCH(1,1)",22,test
2024-11-26,TLT,-3.7042021967668153,0.024619851331569804,-4.705835160305857,0.009042359244022862,"GARCH(1,1)",22,test
2024-11-27,GLD,-3.9323420815789545,0.019597719303571102,-4.420754193869286,0.012025159562238968,"GARCH(1,1)",22,test
2024-11-27,SPY,-3.4990560888492377,0.030225900525943403,-4.723006882001068,0.008888411920738646,"GARCH(1,1)",22,test
2024-11-27,TLT,-3.699016116450508,0.024747863511763092,-4.567267593390503,0.01038630057694985,"GARCH(1,1)",22,test
2024-11-29,GLD,-3.9332445459718977,0.0195800410379192,-4.446580268071737,0.011718572904537952,"GARCH(1,1)",22,test
2024-11-29,SPY,-3.434223200314555,0.0322504526456586,-4.727427436953499,0.008849206925164903,"GARCH(1,1)",22,test
2024-11-29,TLT,-3.670780767999153,0.025456586497405797,-4.590919610404389,0.010143525990911015,"GARCH(1,1)",22,test
2024-12-02,GLD,-3.933530999782069,0.0195744330638117,-4.471368201361493,0.011431664327033075,"GARCH(1,1)",22,test
2024-12-02,SPY,-3.420550299571815,0.0326944382523185,-4.733813020985248,0.008792879603551273,"GARCH(1,1)",22,test
2024-12-02,TLT,-3.7001638264585246,0.024719476434316105,-4.6060773224361915,0.009990932748757826,"GARCH(1,1)",22,test
2024-12-03,GLD,-3.936096111712168,0.0195242867949271,-4.484863139201812,0.01127843099018555,"GARCH(1,1)",22,test
2024-12-03,SPY,-3.3989910397344647,0.03340695925636959,-4.730698092079205,0.008820311500419507,"GARCH(1,1)",22,test
2024-12-03,TLT,-3.707423316591025,0.024540675426373705,-4.607120690391647,0.009980513965939896,"GARCH(1,1)",22,test
2024-12-04,GLD,-3.912131847984332,0.019997823267339003,-4.496564577903866,0.011147226260432505,"GARCH(1,1)",22,test
2024-12-04,SPY,-3.3647586207305857,0.03457035967914499,-4.744042360037484,0.008703392732930717,"GARCH(1,1)",22,test
2024-12-04,TLT,-3.7264026660541494,0.024079301509226596,-4.632340372358624,0.009731956028025507,"GARCH(1,1)",22,test
2024-12-05,GLD,-3.912013075429824,0.02000019860095249,-4.5198193180504695,0.010890991296331422,"GARCH(1,1)",22,test
2024-12-05,SPY,-3.3500062343115453,0.035084135374733,-4.755356707844292,0.008605474505469057,"GARCH(1,1)",22,test
2024-12-05,TLT,-3.7128425265339176,0.024408044057305997,-4.638511640383491,0.009672082456919166,"GARCH(1,1)",22,test
2024-12-06,GLD,-3.9109278976379183,0.02002191415279421,-4.541451244430811,0.0106579280659554,"GARCH(1,1)",22,test
2024-12-06,SPY,-3.333140685842338,0.0356808665145925,-4.747582093138044,0.008672639506803761,"GARCH(1,1)",22,test
2024-12-06,TLT,-3.715431745913425,0.0243449280225083,-4.634779406047403,0.009708248383040678,"GARCH(1,1)",22,test
2024-12-09,GLD,-3.914550880510627,0.019949506346063697,-4.553863492942161,0.010526456828927817,"GARCH(1,1)",22,test
2024-12-09,SPY,-3.327358502971799,0.035887777431657594,-4.754999797862544,0.008608546433386,"GARCH(1,1)",22,test
2024-12-09,TLT,-3.7012239228038655,0.024693285292708905,-4.658172080642499,0.009483782156316293,"GARCH(1,1)",22,test
2024-12-10,GLD,-3.913135139905512,0.019977769674299792,-4.575827176766355,0.010297777571696861,"GARCH(1,1)",22,test
2024-12-10,SPY,-3.308862206389773,0.0365577452683244,-4.763705644610255,0.008533927031250192,"GARCH(1,1)",22,test
2024-12-10,TLT,-3.695971854261749,0.02482331728917279,-4.681153220068279,0.009268319309822125,"GARCH(1,1)",22,test
2024-12-11,GLD,-3.9127218755646394,0.019986027480327205,-4.5791715072304635,0.010263395924291886,"GARCH(1,1)",22,test
2024-12-11,SPY,-3.3026213031807843,0.03678661204293549,-4.750715880694973,0.008645503837949741,"GARCH(1,1)",22,test
2024-12-11,TLT,-3.716468044514942,0.0243197124753193,-4.680884377163475,0.00927081136667892,"GARCH(1,1)",22,test
2024-12-12,GLD,-3.917228157199323,0.0198961674311494,-4.568957214523431,0.010368766481162877,"GARCH(1,1)",22,test
2024-12-12,SPY,-3.3011312178776246,0.0368414680928406,-4.752352647147894,0.008631364741654997,"GARCH(1,1)",22,test
2024-12-12,TLT,-3.671386363452033,0.025441174771483704,-4.697494958756683,0.009118089707284366,"GARCH(1,1)",22,test
2024-12-13,GLD,-3.904818638604451,0.0201446076141605,-4.5741234197560505,0.010315337437049326,"GARCH(1,1)",22,test
2024-12-13,SPY,-3.3015585935854808,0.036825726308403695,-4.734703742402525,0.008785051084401273,"GARCH(1,1)",22,test
2024-12-13,TLT,-3.676425755416006,0.0253132892231313,-4.6946953070615205,0.00914365294998072,"GARCH(1,1)",22,test
2024-12-16,GLD,-3.906433275864763,0.0201121076250198,-4.555026013955979,0.010514226711924514,"GARCH(1,1)",22,test
2024-12-16,SPY,-3.2970342108734596,0.036992717468971495,-4.72831980209999,0.008841313723663544,"GARCH(1,1)",22,test
2024-12-16,TLT,-3.676862164733618,0.0253022446780014,-4.676628095223332,0.009310354647648768,"GARCH(1,1)",22,test
2024-12-17,GLD,-3.9168882940484577,0.0199029305545058,-4.550149357336341,0.010565626212211998,"GARCH(1,1)",22,test
2024-12-17,SPY,-3.2967324925157535,0.03700388053489959,-4.7428052581601445,0.008714166379094775,"GARCH(1,1)",22,test
2024-12-17,TLT,-3.672620255417325,0.02540980246934169,-4.671790220678744,0.009355506105880694,"GARCH(1,1)",22,test
2024-12-18,GLD,-4.004916797558622,0.018225805627117897,-4.571240655878861,0.01034511702232706,"GARCH(1,1)",22,test
2024-12-18,SPY,-3.3943492162700744,0.0335623889231763,-4.74795645689002,0.00866939339259012,"GARCH(1,1)",22,test
2024-12-18,TLT,-3.7130111541328294,0.0244039285344476,-4.692329206418071,0.009165313368368726,"GARCH(1,1)",22,test
2024-12-19,GLD,-4.004190145614998,0.0182390542571894,-4.5896650056866015,0.010156260092936124,"GARCH(1,1)",22,test
2024-12-19,SPY,-3.405524504124931,0.03318940753475749,-4.74524469898285,0.008692934593265278,"GARCH(1,1)",22,test
2024-12-19,TLT,-3.737847931499784,0.023805278635248596,-4.712783365292629,0.008979748845263332,"GARCH(1,1)",22,test
2024-12-20,GLD,-3.9835856845687383,0.018618758507540804,-4.541147332991204,0.010661167624461664,"GARCH(1,1)",22,test
2024-12-20,SPY,-3.509103196691955,0.029923738114677405,-4.383133686638808,0.012486169507387944,"GARCH(1,1)",22,test
2024-12-20,TLT,-3.738593057618805,0.023787547307225102,-4.661242496220475,0.009454707662076957,"GARCH(1,1)",22,test
2024-12-23,GLD,-3.979749768116431,0.018690315665518698,-4.563158827898367,0.010429063241070959,"GARCH(1,1)",22,test
2024-12-23,SPY,-3.5049618616194027,0.030047919301302992,-4.4468707299020815,0.011715169600691936,"GARCH(1,1)",22,test
2024-12-23,TLT,-3.743821244645428,0.023663506098860903,-4.627009432168114,0.009783975035462671,"GARCH(1,1)",22,test
2024-12-24,GLD,-3.964080936829778,0.018985477449679787,-4.565469688669946,0.010404990952508835,"GARCH(1,1)",22,test
2024-12-24,SPY,-3.498962300968119,0.03022873548204882,-4.482720887489525,0.011302618126503227,"GARCH(1,1)",22,test
2024-12-24,TLT,-3.713521875895363,0.024391468099232306,-4.643759282150513,0.009621459774066098,"GARCH(1,1)",22,test
2024-12-26,GLD,-3.952148282230686,0.0192133816412521,-4.5826807054692855,0.010227442753686864,"GARCH(1,1)",22,test
2024-12-26,SPY,-3.4865480545815255,0.030606341449534103,-4.524778604220603,0.010837113462040629,"GARCH(1,1)",22,test
2024-12-26,TLT,-3.713930709024828,0.02438149809716949,-4.646799377419633,0.009592254036331209,"GARCH(1,1)",22,test
2024-12-27,GLD,-3.918625426176681,0.019868386546833303,-4.602881485620316,0.010022913214416979,"GARCH(1,1)",22,test
2024-12-27,SPY,-3.4805191150060306,0.030791422593665397,-4.531145964395323,0.010768328877880288,"GARCH(1,1)",22,test
2024-12-27,TLT,-3.6721212449228977,0.02542248539162769,-4.6661433419856255,0.0094084849557636,"GARCH(1,1)",22,test
2024-12-30,GLD,-3.9092902697886376,0.0200547294593029,-4.614320641993292,0.009908912820130341,"GARCH(1,1)",22,test
2024-12-30,SPY,-3.465175295311198,0.03126752389557111,-4.576182290204765,0.01029412134172201,"GARCH(1,1)",22,test
2024-12-30,TLT,-3.6066201201379906,0.027143433547606594,-4.68922377503938,0.009193819859665666,"GARCH(1,1)",22,test
2024-12-31,GLD,-3.9129912503569457,0.019980644473381402,-4.624191838667479,0.009811581173106591,"GARCH(1,1)",22,test
2024-12-31,SPY,-3.476230723672782,0.030923751800368292,-4.562908296072486,0.010431676380650625,"GARCH(1,1)",22,test
2024-12-31,TLT,-3.61569100166504,0.026898332001796494,-4.69318133178122,0.009157506698989197,"GARCH(1,1)",22,test
