date,asset,ret_1d
2011-01-04,GLD,-0.00520383667479
2011-01-04,QQQ,0.0154872784009604
2011-01-04,SPY,0.0102849248064564
2011-01-04,TLT,-0.007572147951427
2011-01-05,GLD,-0.0238324753680981
2011-01-05,QQQ,-0.00072347470808
2011-01-05,SPY,-0.0005511136072902
2011-01-05,TLT,0.0011768361790185
2011-01-06,GLD,-0.0028240572403502
2011-01-06,QQQ,0.008467778038742
2011-01-06,SPY,0.0051841764492074
2011-01-06,TLT,-0.0222735730486875
2011-01-07,GLD,-0.0040268010585284
2011-01-07,QQQ,0.0032240130151409
2011-01-07,SPY,-0.0019605542977314
2011-01-07,TLT,0.0043639773222448
2011-01-10,GLD,-0.0018697884851869
2011-01-10,QQQ,-0.0008945208281816
2011-01-10,SPY,-0.0019644056228539
2011-01-10,TLT,0.0053200045804525
2011-01-11,GLD,0.0040343221866894
2011-01-11,QQQ,0.0037517310239051
2011-01-11,SPY,-0.0012592165286221
2011-01-11,TLT,0.0053995812424415
2011-01-12,GLD,0.0058730314038275
2011-01-12,QQQ,0.0014254816234395
2011-01-12,SPY,0.0035375764400234
2011-01-12,TLT,-0.0056161357487391
2011-01-13,GLD,0.0040685267546649
2011-01-13,QQQ,0.0070972888680334
2011-01-13,SPY,0.0089840963350894
2011-01-13,TLT,-0.0078286929265527
2011-01-14,GLD,-0.0104635559024375
2011-01-14,QQQ,0.0003535523670772
2011-01-14,SPY,-0.0016346118943151
2011-01-14,TLT,0.0089111618887659
2011-01-18,GLD,-0.0101972885001168
2011-01-18,QQQ,0.0073956695989045
2011-01-18,SPY,0.0072186283201475
2011-01-18,TLT,-0.0064037118820113
2011-01-19,GLD,0.0055613419148153
2011-01-19,QQQ,0.0028030825576292
2011-01-19,SPY,0.0017000329763009
2011-01-19,TLT,-0.0046929709681856
2011-01-20,GLD,0.0021711298182139
2011-01-20,QQQ,-0.0114367664525477
2011-01-20,SPY,-0.0098538583053821
2011-01-20,TLT,0.0071942322569628
2011-01-21,GLD,-0.0190252174310584
2011-01-21,QQQ,-0.007103523298983
2011-01-21,SPY,-0.0013264010662401
2011-01-21,TLT,-0.0138898347682339
2011-01-24,GLD,-0.0012965579493562
2011-01-24,QQQ,-0.0076930391335975
2011-01-24,SPY,0.0022615980751737
2011-01-24,TLT,0.0078981717347913
2011-01-25,GLD,-0.0051264366488757
2011-01-25,QQQ,0.0137342826039335
2011-01-25,SPY,0.0056706640702085
2011-01-25,TLT,0.0004369774681095
2011-01-26,GLD,-0.0019964262189162
2011-01-26,QQQ,0.0014161449823152
2011-01-26,SPY,0.0005420069383614
2011-01-26,TLT,0.0094571361585673
2011-01-27,GLD,0.0081145474648875
2011-01-27,QQQ,0.0052929384355904
2011-01-27,SPY,0.0038633953715288
2011-01-27,TLT,-0.0152624954710843
2011-01-28,GLD,-0.0249347381829446
2011-01-28,QQQ,0.0061398047023824
2011-01-28,SPY,0.0024648192383741
2011-01-28,TLT,0.0044939370788
2011-01-31,GLD,0.0182027293237558
2011-01-31,QQQ,-0.0256855988637821
2011-01-31,SPY,-0.0176171892740538
2011-01-31,TLT,0.0052355674343119
2011-02-01,GLD,-0.0031520585138855
2011-02-01,QQQ,0.0048330973676586
2011-02-01,SPY,0.0074882680485104
2011-02-01,TLT,-0.0076444289548876
2011-02-02,GLD,0.0071355498302754
2011-02-02,QQQ,0.0185763721997634
2011-02-02,SPY,0.0158820147477807
2011-02-02,TLT,-0.0084770065639401
2011-02-03,GLD,-0.0026794741659231
2011-02-03,QQQ,-0.0015788119043552
2011-02-03,SPY,-0.0019140226299316
2011-02-03,TLT,0.000221139428973
2011-02-04,GLD,0.013325916144528
2011-02-04,QQQ,0.0017541188222868
2011-02-04,SPY,0.0022198752285183
2011-02-04,TLT,-0.0083245942728509
2011-02-07,GLD,-0.0040930344785571
2011-02-07,QQQ,0.0055924593151395
2011-02-07,SPY,0.0028251469753376
2011-02-07,TLT,-0.0101944944775099
2011-02-08,GLD,0.0001518114527852
2011-02-08,QQQ,0.0046944440150612
2011-02-08,SPY,0.0062329735041437
2011-02-08,TLT,0.005166218806801
2011-02-09,GLD,0.0110265202808607
2011-02-09,QQQ,0.0065698239837464
2011-02-09,SPY,0.0045362297801004
2011-02-09,TLT,-0.0092280614838338
2011-02-10,GLD,-0.0005258409922787
2011-02-10,QQQ,-0.0017247067902495
2011-02-10,SPY,-0.0022655427196784
2011-02-10,TLT,0.0086678572789019
2011-02-11,GLD,-0.0016546424472632
2011-02-11,QQQ,0.0015523962064722
2011-02-11,SPY,0.0003779662886844
2011-02-11,TLT,-0.0116116377984927
2011-02-14,GLD,-0.0039974315210337
2011-02-14,QQQ,0.0072127768003221
2011-02-14,SPY,0.005952572016547
2011-02-14,TLT,0.0142979821872016
2011-02-15,GLD,0.0047498081071537
2011-02-15,QQQ,0.0023928092735852
2011-02-15,SPY,0.0024010822182387
2011-02-15,TLT,0.0006704387336384
2011-02-16,GLD,0.0076428086658074
2011-02-16,QQQ,-0.0013666184191111
2011-02-16,SPY,-0.00315266879616
2011-02-16,TLT,0.004458339277817
2011-02-17,GLD,0.0009699324016305
2011-02-17,QQQ,0.0064747383233538
2011-02-17,SPY,0.0062955434997051
2011-02-17,TLT,-0.0032303110565154
2011-02-18,GLD,0.0069851453277375
2011-02-18,QQQ,-0.0003397393862905
2011-02-18,SPY,0.0029839178229451
2011-02-18,TLT,0.001560751648057
2011-02-22,GLD,0.0027362589093055
2011-02-22,QQQ,-0.0022110914348214
2011-02-22,SPY,0.0020834800346416
2011-02-22,TLT,-0.0031239430501671
2011-02-23,GLD,0.0064776791384601
2011-02-23,QQQ,-0.029373237976184
2011-02-23,SPY,-0.0202739857642227
2011-02-23,TLT,0.0148627843496593
2011-02-24,GLD,0.0089116826096806
2011-02-24,QQQ,-0.0082753778953001
2011-02-24,SPY,-0.0061632117464359
2011-02-24,TLT,0.0036265968765484
2011-02-25,GLD,-0.0075185493487721
2011-02-25,QQQ,0.0052900710885722
2011-02-25,SPY,-0.0006872426132549
2011-02-25,TLT,0.0063422213335114
2011-02-28,GLD,0.0065727918894157
2011-02-28,QQQ,0.0137981562259046
2011-02-28,SPY,0.0106360433222898
2011-02-28,TLT,0.0058689541939789
2011-03-01,GLD,0.0020360592446673
2011-03-01,QQQ,0.0020793445340284
2011-03-01,SPY,0.006177449798552
2011-03-01,TLT,0.0012995750841787
2011-03-02,GLD,0.0170697730774608
2011-03-02,QQQ,-0.0162293118036576
2011-03-02,SPY,-0.0168134931208418
2011-03-02,TLT,-0.0003247148223931
2011-03-03,GLD,-0.0007858590263391
2011-03-03,QQQ,0.0052640802075246
2011-03-03,SPY,0.0021363709867891
2011-03-03,TLT,-0.0154924089291919
2011-03-04,GLD,-0.0131651976463761
2011-03-04,QQQ,0.0195830028899488
2011-03-04,SPY,0.0170775983454677
2011-03-04,TLT,-0.0098337836451328
2011-03-07,GLD,0.0090831777503226
2011-03-07,QQQ,-0.0051617326017505
2011-03-07,SPY,-0.0075205287208486
2011-03-07,TLT,0.0082932970522019
2011-03-08,GLD,0.0026516309475596
2011-03-08,QQQ,-0.0135466224946963
2011-03-08,SPY,-0.0078818791443406
2011-03-08,TLT,-0.0064073816063701
2011-03-09,GLD,-0.0025799111915446
2011-03-09,QQQ,0.0040136088896787
2011-03-09,SPY,0.0087119158574177
2011-03-09,TLT,-0.0061142210437475
2011-03-10,GLD,0.0003587405497558
2011-03-10,QQQ,-0.0068152190402524
2011-03-10,SPY,-0.001434143284876
2011-03-10,TLT,0.0096544358650364
2011-03-11,GLD,-0.0118335989655689
2011-03-11,QQQ,-0.0157288637020872
2011-03-11,SPY,-0.0186792830982067
2011-03-11,TLT,0.0166469359532662
2011-03-14,GLD,0.0032609684267887
2011-03-14,QQQ,0.0062151009880248
2011-03-14,SPY,0.0069023504398596
2011-03-14,TLT,-0.0056638495303004
2011-03-15,GLD,0.004619608225729
2011-03-15,QQQ,-0.0035467453093952
2011-03-15,SPY,-0.006056159320269
2011-03-15,TLT,-0.0004370251833314
2011-03-16,GLD,-0.0188279926059346
2011-03-16,QQQ,-0.0143140611545064
2011-03-16,SPY,-0.0115233129218412
2011-03-16,TLT,0.0148600285468223
2011-03-17,GLD,-0.0002201664404463
2011-03-17,QQQ,-0.0244448529601628
2011-03-17,SPY,-0.0186862410776153
2011-03-17,TLT,0.0112415194370555
2011-03-18,GLD,0.0053438559847313
2011-03-18,QQQ,0.0091912409177369
2011-03-18,SPY,0.013148228441042
2011-03-18,TLT,-0.0076948250045295
2011-03-21,GLD,0.0101692887342829
2011-03-21,QQQ,-0.0036663791527654
2011-03-21,SPY,-0.0007041691748716
2011-03-21,TLT,0.0026785252254881
2011-03-22,GLD,0.0055493947156889
2011-03-22,QQQ,0.0191001573616755
2011-03-22,SPY,0.0153789694972874
2011-03-22,TLT,-0.0059022054074683
2011-03-23,GLD,-0.0006470134817238
2011-03-23,QQQ,-0.0018033994562105
2011-03-23,SPY,-0.0034745987869786
2011-03-23,TLT,0.0033309819705731
2011-03-24,GLD,0.0092344211024195
2011-03-24,QQQ,0.0055800263027394
2011-03-24,SPY,0.0028577766530725
2011-03-24,TLT,-0.0012881361461132
2011-03-25,GLD,-0.008012599220911
2011-03-25,QQQ,0.0176145765905108
2011-03-25,SPY,0.0095179582977473
2011-03-25,TLT,-0.0075471727318651
2011-03-28,GLD,0.000287225560337
2011-03-28,QQQ,0.0024660817239874
2011-03-28,SPY,0.0030511782628464
2011-03-28,TLT,-0.0024923170219657
2011-03-29,GLD,-0.0051836059361381
2011-03-29,QQQ,-0.0054688568201159
2011-03-29,SPY,-0.0024401973806626
2011-03-29,TLT,0.0014094964327572
2011-03-30,GLD,-0.0023847279396549
2011-03-30,QQQ,0.0096823755940788
2011-03-30,SPY,0.0066961511432171
2011-03-30,TLT,-0.0077221191411003
2011-03-31,GLD,0.0033226803681451
2011-03-31,QQQ,0.0047189922815679
2011-03-31,SPY,0.0068775817732868
2011-03-31,TLT,0.0079387440229887
2011-04-01,GLD,0.0085449300783698
2011-04-01,QQQ,0.0013940032211322
2011-04-01,SPY,-0.0013567075803988
2011-04-01,TLT,-0.0020602061453459
2011-04-04,GLD,-0.0047302006629672
2011-04-04,QQQ,0.0005222174277655
2011-04-04,SPY,0.0042146339137174
2011-04-04,TLT,0.0006510979840219
2011-04-05,GLD,0.0045871597426004
2011-04-05,QQQ,-0.003312103218999
2011-04-05,SPY,0.0008257994924441
2011-04-05,TLT,0.0010841119047643
2011-04-06,GLD,0.0156802440645123
2011-04-06,QQQ,-0.0026226350670132
2011-04-06,SPY,-0.0001500113599201
2011-04-06,TLT,-0.0040171895771894
2011-04-07,GLD,0.0023204441860725
2011-04-07,QQQ,0.0024479710250591
2011-04-07,SPY,0.0031472349285492
2011-04-07,TLT,-0.0151268615007425
2011-04-08,GLD,0.0009125601693485
2011-04-08,QQQ,-0.0006987614014229
2011-04-08,SPY,-0.0025469811049454
2011-04-08,TLT,-0.0019900537651995
2011-04-11,GLD,0.0080372879988532
2011-04-11,QQQ,-0.0047298056656232
2011-04-11,SPY,-0.0034563615456314
2011-04-11,TLT,-0.0053262815956624
2011-04-12,GLD,-0.0071254528622386
2011-04-12,QQQ,-0.0033418805693003
2011-04-12,SPY,-0.003015183088211
2011-04-12,TLT,0.0008897001552604
2011-04-13,GLD,-0.0072471647308646
2011-04-13,QQQ,-0.0068947395753536
2011-04-13,SPY,-0.0075020657492846
2011-04-13,TLT,0.0107248661799173
2011-04-14,GLD,0.0020457366081456
2011-04-14,QQQ,0.0084791102109153
2011-04-14,SPY,-7.602408655647419e-05
2011-04-14,TLT,0.0062489891874925
2011-04-15,GLD,0.0133704257684773
2011-04-15,QQQ,-0.0017605369945945
2011-04-15,SPY,0.0007603288565081
2011-04-15,TLT,-0.0007653167673325
2011-04-18,GLD,0.008585564685085
2011-04-18,QQQ,-0.0017636419523001
2011-04-18,SPY,0.0036418533742727
2011-04-18,TLT,0.0134711203255845
2011-04-19,GLD,0.006048472882944
2011-04-19,QQQ,-0.0070859733246823
2011-04-19,SPY,-0.0112719836214687
2011-04-19,TLT,0.002263531978611
2011-04-20,GLD,0.0
2011-04-20,QQQ,0.0062029171656161
2011-04-20,SPY,0.0057280487619223
2011-04-20,TLT,0.0042974016974033
2011-04-21,GLD,0.0038984239674144
2011-04-21,QQQ,0.0223629619670978
2011-04-21,SPY,0.0135398499794586
2011-04-21,TLT,-0.0064530066587766
2011-04-25,GLD,0.0016369222633994
2011-04-25,QQQ,0.0079160468378253
2011-04-25,SPY,0.005095879307875
2011-04-25,TLT,-0.0008635776830058
2011-04-26,GLD,0.0008854577994363
2011-04-26,QQQ,0.0025678610965106
2011-04-26,SPY,-0.0010470376441327
2011-04-26,TLT,0.0037725561612412
2011-04-27,GLD,-0.003341794989776
2011-04-27,QQQ,0.0056260997859698
2011-04-27,SPY,0.0085683490189221
2011-04-27,TLT,0.0096360654386179
2011-04-28,GLD,0.0190816537853374
2011-04-28,QQQ,0.0067774153489168
2011-04-28,SPY,0.0065074910604855
2011-04-28,TLT,-0.010281755945081
2011-04-29,GLD,0.0041469550910052
2011-04-29,QQQ,-0.0015209153898816
2011-04-29,SPY,0.0032379338274032
2011-04-29,TLT,0.0076143763526835
2011-05-02,GLD,0.0168771190289777
2011-05-02,QQQ,-0.000845939240605
2011-05-02,SPY,0.0023482220617359
2011-05-02,TLT,0.0030935105883258
2011-05-03,GLD,-0.0129468184208681
2011-05-03,QQQ,-0.001863627943158
2011-05-03,SPY,-0.001540374115536
2011-05-03,TLT,-0.0026662416651016
2011-05-04,GLD,-0.0035299165110023
2011-05-04,QQQ,-0.0047595295416418
2011-05-04,SPY,-0.0036036479422074
2011-05-04,TLT,0.0056440039731861
2011-05-05,GLD,-0.0144487520908556
2011-05-05,QQQ,-0.0015346606271023
2011-05-05,SPY,-0.0066528476057744
2011-05-05,TLT,0.0044500834316386
2011-05-06,GLD,-0.0292602917940569
2011-05-06,QQQ,-0.0054757101625629
2011-05-06,SPY,-0.0090896260574921
2011-05-06,TLT,0.0094697840813926
2011-05-09,GLD,0.0126746289606685
2011-05-09,QQQ,0.0032548626834908
2011-05-09,SPY,0.0044060886282494
2011-05-09,TLT,-0.004408048429935
2011-05-10,GLD,0.0142137268902323
2011-05-10,QQQ,0.0037555081061742
2011-05-10,SPY,0.0038673577578452
2011-05-10,TLT,-0.001052394052501
2011-05-11,GLD,0.003522009979279
2011-05-11,QQQ,0.0084832543300511
2011-05-11,SPY,0.0084999507437913
2011-05-11,TLT,-0.0071859159211436
2011-05-12,GLD,-0.0092379455330178
2011-05-12,QQQ,-0.0072912627603402
2011-05-12,SPY,-0.0105804892821214
2011-05-12,TLT,0.0057106850171651
2011-05-13,GLD,0.0003411664040718
2011-05-13,QQQ,0.0059388024210778
2011-05-13,SPY,0.004749188055977
2011-05-13,TLT,-0.0063471963608917
2011-05-16,GLD,-0.0065703572965729
2011-05-16,QQQ,-0.0119130197221095
2011-05-16,SPY,-0.0077289962921284
2011-05-16,TLT,0.0089800239064789
2011-05-17,GLD,-0.0017870091740066
2011-05-17,QQQ,-0.0174427755310823
2011-05-17,SPY,-0.0063615142373828
2011-05-17,TLT,0.005558761731082
2011-05-18,GLD,-0.0043431154594507
2011-05-18,QQQ,0.0027835759688165
2011-05-18,SPY,-0.000150204778891
2011-05-18,TLT,0.0101977547961264
2011-05-19,GLD,0.0059241102924121
2011-05-19,QQQ,0.0083045379124693
2011-05-19,SPY,0.0088962755224503
2011-05-19,TLT,-0.0133404669431357
2011-05-20,GLD,0.0003432638177482
2011-05-20,QQQ,0.0029247017655734
2011-05-20,SPY,0.0023787706237433
2011-05-20,TLT,-0.0004197808514195
2011-05-23,GLD,0.0125539726156423
2011-05-23,QQQ,-0.0075875278385624
2011-05-23,SPY,-0.0079764267415332
2011-05-23,TLT,0.0005247185462603
2011-05-24,GLD,0.0023025631834914
2011-05-24,QQQ,-0.0148228766643382
2011-05-24,SPY,-0.011668766889634
2011-05-24,TLT,0.0048142331406495
2011-05-25,GLD,0.0051278333233063
2011-05-25,QQQ,-0.0061679370923285
2011-05-25,SPY,-0.0008333064581316
2011-05-25,TLT,0.0037515739476455
2011-05-26,GLD,-6.726457516765322e-05
2011-05-26,QQQ,0.0038814660502117
2011-05-26,SPY,0.0033290675181164
2011-05-26,TLT,-0.00469163081237
2011-05-27,GLD,-0.0024258812883911
2011-05-27,QQQ,0.0061441161103221
2011-05-27,SPY,0.0045970208824425
2011-05-27,TLT,0.00853282674898
2011-05-31,GLD,0.0099356062807943
2011-05-31,QQQ,0.0050624340691386
2011-05-31,SPY,0.0038272120360345
2011-05-31,TLT,-0.0004145602176848
2011-06-01,GLD,-0.0004008656386129
2011-06-01,QQQ,0.0160639139228944
2011-06-01,SPY,0.0103573777111792
2011-06-01,TLT,0.0022779179091183
2011-06-02,GLD,0.0018027330517969
2011-06-02,QQQ,-0.0220017614640453
2011-06-02,SPY,-0.0227171661768309
2011-06-02,TLT,0.0097772295284314
2011-06-03,GLD,-0.0027387456222016
2011-06-03,QQQ,0.002099719628584
2011-06-03,SPY,-0.001062210983871
2011-06-03,TLT,-0.0192333571041204
2011-06-06,GLD,0.004804501553227
2011-06-06,QQQ,-0.0151464788703236
2011-06-06,SPY,-0.0099943428828867
2011-06-06,TLT,0.005725933608079
2011-06-07,GLD,0.0017292622165884
2011-06-07,QQQ,-0.008196751046168
2011-06-07,SPY,-0.0106376161377758
2011-06-07,TLT,-0.0076070116813987
2011-06-08,GLD,-0.0003987873752467
2011-06-08,QQQ,-0.0017908040933427
2011-06-08,SPY,-0.0006200509676611
2011-06-08,TLT,0.0045919767895445
2011-06-09,GLD,-0.0040635609927037
2011-06-09,QQQ,-0.0071955972418305
2011-06-09,SPY,-0.0041962027123694
2011-06-09,TLT,0.0077789117340778
2011-06-10,GLD,0.0049938513889593
2011-06-10,QQQ,0.0018037935600572
2011-06-10,SPY,0.0076022067914085
2011-06-10,TLT,-0.0040374751747823
2011-06-13,GLD,-0.0088058744610236
2011-06-13,QQQ,-0.0154366504937865
2011-06-13,SPY,-0.0140079759465904
2011-06-13,TLT,0.0076470131892639
2011-06-14,GLD,-0.0098987453320882
2011-06-14,QQQ,0.0
2011-06-14,SPY,0.000783380188234
2011-06-14,TLT,-0.0050570091923672
2011-06-15,GLD,0.0060720324805705
2011-06-15,QQQ,0.012729773023942
2011-06-15,SPY,0.012606270353002
2011-06-15,TLT,-0.0152213015310848
2011-06-16,GLD,0.0030222458840737
2011-06-16,QQQ,-0.0191559123350544
2011-06-16,SPY,-0.0179454815471844
2011-06-16,TLT,0.0180109571449599
2011-06-17,GLD,-0.0010063666073081
2011-06-17,QQQ,-0.0038755991880377
2011-06-17,SPY,0.002202001589878
2011-06-17,TLT,0.0045295778923982
2011-06-20,GLD,0.0064902787716807
2011-06-20,QQQ,-0.0053768722874162
2011-06-20,SPY,-0.0019657957500154
2011-06-20,TLT,-0.0047359203046246
2011-06-21,GLD,0.0006000356050579
2011-06-21,QQQ,0.005191904444275
2011-06-21,SPY,0.0051030053543199
2011-06-21,TLT,0.0012375735729763
2011-06-22,GLD,0.0048538659999233
2011-06-22,QQQ,0.021226777874954
2011-06-22,SPY,0.0136109434821217
2011-06-22,TLT,-0.0044419299393971
2011-06-23,GLD,0.0015245138749051
2011-06-23,QQQ,-0.0072687528136992
2011-06-23,SPY,-0.0060437096564743
2011-06-23,TLT,0.0006210431647719
2011-06-24,GLD,-0.0177067342162135
2011-06-24,QQQ,0.0092584543049787
2011-06-24,SPY,-0.0028796775585726
2011-06-24,TLT,0.0076273082640052
2011-06-27,GLD,-0.0141210893358671
2011-06-27,QQQ,-0.0174995182700431
2011-06-27,SPY,-0.0116814114133656
2011-06-27,TLT,-0.0042187234141157
2011-06-28,GLD,-0.00363025705732
2011-06-28,QQQ,0.0158718815518452
2011-06-28,SPY,0.0088715391100885
2011-06-28,TLT,-0.0138090944529107
2011-06-29,GLD,0.0034935800405475
2011-06-29,QQQ,0.0147325642949548
2011-06-29,SPY,0.0129685230400005
2011-06-29,TLT,-0.0080828055375355
2011-06-30,GLD,0.0064071324662657
2011-06-30,QQQ,0.0040936169015051
2011-06-30,SPY,0.0085276943055738
2011-06-30,TLT,-0.0066620799733389
2011-07-01,GLD,-0.008049656026433
2011-07-01,QQQ,0.0132335413405904
2011-07-01,SPY,0.0095169928285943
2011-07-01,TLT,-0.0015927959522901
2011-07-05,GLD,-0.007355805010163
2011-07-05,QQQ,0.0149620156678713
2011-07-05,SPY,0.0146679597898238
2011-07-05,TLT,-0.0050072147594559
2011-07-06,GLD,0.0184583599224856
2011-07-06,QQQ,0.0049952892435332
2011-07-06,SPY,-0.0008217279968376
2011-07-06,TLT,0.002240349703809
2011-07-07,GLD,0.0086329445742243
2011-07-07,QQQ,0.0032592639961135
2011-07-07,SPY,0.0011950383290817
2011-07-07,TLT,0.005102087673396
2011-07-08,GLD,0.0016103488438778
2011-07-08,QQQ,0.0136079536587998
2011-07-08,SPY,0.0103219969663524
2011-07-08,TLT,-0.0029730195862006
2011-07-11,GLD,0.0073481033765557
2011-07-11,QQQ,-0.0027068169280015
2011-07-11,SPY,-0.007117517691026
2011-07-11,TLT,0.0140438589826665
2011-07-12,GLD,0.0088789103986217
2011-07-12,QQQ,-0.0182926669165956
2011-07-12,SPY,-0.0182457493973941
2011-07-12,TLT,0.0148829334189092
2011-07-13,GLD,0.0077540665303148
2011-07-13,QQQ,-0.0076203802855031
2011-07-13,SPY,-0.0043285736779727
2011-07-13,TLT,0.0034032333279031
2011-07-14,GLD,0.0089277260458714
2011-07-14,QQQ,0.0041637441541118
2011-07-14,SPY,0.0033429787836208
2011-07-14,TLT,0.0027759671777396
2011-07-15,GLD,0.0025916426711083
2011-07-15,QQQ,-0.0116674928763139
2011-07-15,SPY,-0.0069262650845373
2011-07-15,TLT,-0.0143738513549818
2011-07-18,GLD,0.0042616690244966
2011-07-18,QQQ,0.013224454614285
2011-07-18,SPY,0.0057879209614672
2011-07-18,TLT,0.0016650647250049
2011-07-19,GLD,0.0087886530168965
2011-07-19,QQQ,-0.0053730532286653
2011-07-19,SPY,-0.0082349059986548
2011-07-19,TLT,-0.0097174404959299
2011-07-20,GLD,-0.0122740582432856
2011-07-20,QQQ,0.0225114337434639
2011-07-20,SPY,0.0161011691864833
2011-07-20,TLT,0.0205764649847096
2011-07-21,GLD,0.008755048684885
2011-07-21,QQQ,-0.0042571372339342
2011-07-21,SPY,-0.0006029228774295
2011-07-21,TLT,-0.0118993749283508
2011-07-22,GLD,-0.0076564788892538
2011-07-22,QQQ,0.0066332959243184
2011-07-22,SPY,0.0137758531082941
2011-07-22,TLT,-0.0077325135320236
2011-07-25,GLD,0.0082971583814199
2011-07-25,QQQ,0.0102875820009128
2011-07-25,SPY,0.0006689436860065
2011-07-25,TLT,0.0075243452741351
2011-07-26,GLD,0.0077841345895714
2011-07-26,QQQ,-0.0020154345734483
2011-07-26,SPY,-0.0055884798756408
2011-07-26,TLT,-0.0109920293866198
2011-07-27,GLD,0.0027292577237113
2011-07-27,QQQ,0.0025187071515342
2011-07-27,SPY,-0.0037430796296073
2011-07-27,TLT,0.0068188202384538
2011-07-28,GLD,-0.0036830230779663
2011-07-28,QQQ,-0.0261652864162037
2011-07-28,SPY,-0.020688008283868
2011-07-28,TLT,0.000104564695712
2011-07-29,GLD,0.0008267138480823
2011-07-29,QQQ,0.0017199604372669
2011-07-29,SPY,-0.0029139263938764
2011-07-29,TLT,0.003756191607312
2011-08-01,GLD,0.006146757162875
2011-08-01,QQQ,-0.0032704845220383
2011-08-01,SPY,-0.0068580455977189
2011-08-01,TLT,0.0195943319225006
2011-08-02,GLD,-0.0036074345335545
2011-08-02,QQQ,-0.0046660494029669
2011-08-02,SPY,-0.0042617789541002
2011-08-02,TLT,0.0067176197870137
2011-08-03,GLD,0.0238076837070609
2011-08-03,QQQ,-0.0256154195631364
2011-08-03,SPY,-0.0258794555319534
2011-08-03,TLT,0.0295843986841355
2011-08-04,GLD,-0.0001857451996914
2011-08-04,QQQ,0.0095508491621222
2011-08-04,SPY,0.0054041323279468
2011-08-04,TLT,0.0019676998619921
2011-08-05,GLD,-0.0052774225526159
2011-08-05,QQQ,-0.0475851748746375
2011-08-05,SPY,-0.0479741060521945
2011-08-05,TLT,0.0349625448303749
2011-08-08,GLD,0.0068861006771447
2011-08-08,QQQ,-0.0062962492794291
2011-08-08,SPY,-0.001497880801026
2011-08-08,TLT,-0.0292779089400109
2011-08-09,GLD,0.0326601546498963
2011-08-09,QQQ,-0.0620770352683596
2011-08-09,SPY,-0.0673405740304652
2011-08-09,TLT,0.0310796489192156
2011-08-10,GLD,0.0088762713788843
2011-08-10,QQQ,0.0471038368099218
2011-08-10,SPY,0.045450506361566
2011-08-10,TLT,0.0030271490910155
2011-08-11,GLD,0.0347947403857546
2011-08-11,QQQ,-0.0417809961353395
2011-08-11,SPY,-0.0451833161672427
2011-08-11,TLT,0.029319368545972
2011-08-12,GLD,-0.0221826013446458
2011-08-12,QQQ,0.0431001275173494
2011-08-12,SPY,0.0439056743038678
2011-08-12,TLT,-0.0517665225195132
2011-08-15,GLD,-0.0045785403797653
2011-08-15,QQQ,0.0088123046841589
2011-08-15,SPY,0.0067105870866388
2011-08-15,TLT,0.019609438786145
2011-08-16,GLD,0.0107090692424539
2011-08-16,QQQ,0.014639396314794
2011-08-16,SPY,0.0209440506651822
2011-08-16,TLT,-0.0101871657059943
2011-08-17,GLD,0.0122643855311679
2011-08-17,QQQ,-0.0084980942865038
2011-08-17,SPY,-0.0085759354348648
2011-08-17,TLT,0.0164195149876733
2011-08-18,GLD,0.0028707604561206
2011-08-18,QQQ,-0.0059546079337109
2011-08-18,SPY,0.0006687439260469
2011-08-18,TLT,0.0173575931553853
2011-08-19,GLD,0.0187431116355185
2011-08-19,QQQ,-0.0503311236476702
2011-08-19,SPY,-0.0440757652039051
2011-08-19,TLT,0.0203303823011362
2011-08-22,GLD,0.0124697326297236
2011-08-22,QQQ,-0.018221973542321
2011-08-22,SPY,-0.0164652870895251
2011-08-22,TLT,0.0080357925235559
2011-08-23,GLD,0.0254581120152361
2011-08-23,QQQ,0.0035913907119591
2011-08-23,SPY,0.0007987218438405
2011-08-23,TLT,-0.002521150132925
2011-08-24,GLD,-0.0382092428394708
2011-08-24,QQQ,0.0403996735940383
2011-08-24,SPY,0.0323805310095287
2011-08-24,TLT,-0.013889731687584
2011-08-25,GLD,-0.0344704023960957
2011-08-25,QQQ,0.0078117927509072
2011-08-25,SPY,0.013986236514564
2011-08-25,TLT,-0.0288423631462223
2011-08-26,GLD,0.0041278319429928
2011-08-26,QQQ,-0.016456490627895
2011-08-26,SPY,-0.0153613111663493
2011-08-26,TLT,0.01076236611326
2011-08-29,GLD,0.0292162711360556
2011-08-29,QQQ,0.0247725930369576
2011-08-29,SPY,0.0144293000086114
2011-08-29,TLT,0.0098185076246388
2011-08-30,GLD,-0.0203786755408457
2011-08-30,QQQ,0.0274752667739572
2011-08-30,SPY,0.028330974868218
2011-08-30,TLT,-0.013922630959906
2011-08-31,GLD,0.0295214312614888
2011-08-31,QQQ,0.0065705767386684
2011-08-31,SPY,0.0026333103895152
2011-08-31,TLT,0.015948425610291
2011-09-01,GLD,-0.0077350582090846
2011-09-01,QQQ,0.0016359205768956
2011-09-01,SPY,0.0044280589954652
2011-09-01,TLT,-0.0155746202031276
2011-09-02,GLD,0.0008436339994106
2011-09-02,QQQ,-0.0091224859506831
2011-09-02,SPY,-0.0105281344225342
2011-09-02,TLT,0.0179634685999476
2011-09-06,GLD,0.0297438800607099
2011-09-06,QQQ,-0.0237400353844575
2011-09-06,SPY,-0.0258819585974837
2011-09-06,TLT,0.0319694993790188
2011-09-07,GLD,-0.0018572769704758
2011-09-07,QQQ,0.0001877101677484
2011-09-07,SPY,-0.0073241736349349
2011-09-07,TLT,0.0103453609033531
2011-09-08,GLD,-0.0323379038218314
2011-09-08,QQQ,0.0250174906033306
2011-09-08,SPY,0.0278170588174134
2011-09-08,TLT,-0.0192731943387913
2011-09-09,GLD,0.0263605540986342
2011-09-09,QQQ,-0.0045859018790093
2011-09-09,SPY,-0.0104459228412788
2011-09-09,TLT,0.0089278334354381
2011-09-12,GLD,-0.0061239915931924
2011-09-12,QQQ,-0.0224979106596906
2011-09-12,SPY,-0.0265592965591245
2011-09-12,TLT,0.0106092140152001
2011-09-13,GLD,-0.0225546054493261
2011-09-13,QQQ,0.0127057071622213
2011-09-13,SPY,0.0064491389248804
2011-09-13,TLT,0.0010547838377878
2011-09-14,GLD,0.0105290528866166
2011-09-14,QQQ,0.0132794501126414
2011-09-14,SPY,0.00912936431503
2011-09-14,TLT,-0.014334015905274
2011-09-15,GLD,-0.0074771202731849
2011-09-15,QQQ,0.01418977350627
2011-09-15,SPY,0.0137491506594379
2011-09-15,TLT,0.008430671277869
2011-09-16,GLD,-0.0159840313960997
2011-09-16,QQQ,0.014703504773654
2011-09-16,SPY,0.0171100314629827
2011-09-16,TLT,-0.0154061849979063
2011-09-19,GLD,0.0093029516455937
2011-09-19,QQQ,0.0072714667426032
2011-09-19,SPY,0.0007408630840709
2011-09-19,TLT,0.0072428229638187
2011-09-20,GLD,-0.0155725437488983
2011-09-20,QQQ,0.0003533649794521
2011-09-20,SPY,-0.0100071059101775
2011-09-20,TLT,0.0188867977128842
2011-09-21,GLD,0.0141513218176539
2011-09-21,QQQ,-0.0044259609702639
2011-09-21,SPY,-0.0011643330667982
2011-09-21,TLT,0.0041877862756369
2011-09-22,GLD,-0.012537030407863
2011-09-22,QQQ,-0.0175411608301593
2011-09-22,SPY,-0.0299008845325802
2011-09-22,TLT,0.0325482909426784
2011-09-23,GLD,-0.0265016285778498
2011-09-23,QQQ,-0.033042638739155
2011-09-23,SPY,-0.0328583892043896
2011-09-23,TLT,0.0368972201460919
2011-09-26,GLD,-0.0562714947767603
2011-09-26,QQQ,0.01058210333506
2011-09-26,SPY,0.006007087857023
2011-09-26,TLT,-0.0187748976456041
2011-09-27,GLD,-0.0139897749921482
2011-09-27,QQQ,0.0115671399254529
2011-09-27,SPY,0.0235017950782116
2011-09-27,TLT,-0.0161859234564875
2011-09-28,GLD,0.0191703365301768
2011-09-28,QQQ,0.0103514900356297
2011-09-28,SPY,0.0111217080893046
2011-09-28,TLT,-0.0154266468519024
2011-09-29,GLD,-0.0278383359714093
2011-09-29,QQQ,-0.0149256450347542
2011-09-29,SPY,-0.0206299350268628
2011-09-29,TLT,-0.0003417421288113
2011-09-30,GLD,0.0094291966211744
2011-09-30,QQQ,-0.0119916151859419
2011-09-30,SPY,0.0078723850706557
2011-09-30,TLT,0.0068974393214215
2011-10-03,GLD,0.0022802177134303
2011-10-03,QQQ,-0.0261366641250332
2011-10-03,SPY,-0.0253067734523692
2011-10-03,TLT,0.0248085696861991
2011-10-04,GLD,0.0181812362920186
2011-10-04,QQQ,-0.0260557493129695
2011-10-04,SPY,-0.0288705831981341
2011-10-04,TLT,0.0246118019500155
2011-10-05,GLD,-0.0208419801677785
2011-10-05,QQQ,0.0203239214138984
2011-10-05,SPY,0.0216861521389762
2011-10-05,TLT,-0.0127618047711227
2011-10-06,GLD,0.0114792007231221
2011-10-06,QQQ,0.0253513422591724
2011-10-06,SPY,0.0183459183316171
2011-10-06,TLT,-0.0072249678729612
2011-10-07,GLD,0.0064385203823994
2011-10-07,QQQ,0.0166732564516694
2011-10-07,SPY,0.0179295412359113
2011-10-07,TLT,-0.0186299286365178
2011-10-10,GLD,-0.0081960781949954
2011-10-10,QQQ,-0.0066359803030391
2011-10-10,SPY,-0.0067183610973807
2011-10-10,TLT,-0.007414972300034
2011-10-11,GLD,0.0253697069406209
2011-10-11,QQQ,0.0340001654746301
2011-10-11,SPY,0.0328985657891522
2011-10-11,TLT,-0.0142244908192101
2011-10-12,GLD,-0.0071918319117339
2011-10-12,QQQ,0.0067700432067261
2011-10-12,SPY,0.0010029683037339
2011-10-12,TLT,-0.0033512331226432
2011-10-13,GLD,0.0071305219820763
2011-10-13,QQQ,0.0049592518189628
2011-10-13,SPY,0.0087337054638075
2011-10-13,TLT,-0.0146532509140797
2011-10-14,GLD,-0.0058974950527501
2011-10-14,QQQ,0.0091453410816868
2011-10-14,SPY,-0.001989537766799
2011-10-14,TLT,0.0099079501106178
2011-10-17,GLD,0.0067546517489492
2011-10-17,QQQ,0.0183873589805958
2011-10-17,SPY,0.0169495380973826
2011-10-17,TLT,-0.0146356854775327
2011-10-18,GLD,-0.0047849843188978
2011-10-18,QQQ,-0.0155901569711962
2011-10-18,SPY,-0.0192756899555168
2011-10-18,TLT,0.0171405533064377
2011-10-19,GLD,-0.0048079905222593
2011-10-19,QQQ,0.0123191094911897
2011-10-19,SPY,0.0193572900874667
2011-10-19,TLT,-0.0062305604457416
2011-10-20,GLD,-0.0122472157971213
2011-10-20,QQQ,-0.0195026682954129
2011-10-20,SPY,-0.0118995666411688
2011-10-20,TLT,-0.0003472242266771
2011-10-21,GLD,-0.0132226510847313
2011-10-21,QQQ,-0.0049356486862008
2011-10-21,SPY,0.0043659726396907
2011-10-21,TLT,-0.0071460637365791
2011-10-24,GLD,0.0110310296470836
2011-10-24,QQQ,0.0124683165550611
2011-10-24,SPY,0.0188093117030804
2011-10-24,TLT,-0.0106388581473112
2011-10-25,GLD,0.0093592744088043
2011-10-25,QQQ,0.0205552177457103
2011-10-25,SPY,0.0121864464022855
2011-10-25,TLT,0.0016780966090016
2011-10-26,GLD,0.0279862241333074
2011-10-26,QQQ,-0.0198573650352485
2011-10-26,SPY,-0.0196352554610814
2011-10-26,TLT,0.0250971458855631
2011-10-27,GLD,0.0108712900558373
2011-10-27,QQQ,-0.0012215287174854
2011-10-27,SPY,0.0101072214301942
2011-10-27,TLT,-0.0176242685045657
2011-10-28,GLD,0.0127617649761014
2011-10-28,QQQ,0.0272148733791662
2011-10-28,SPY,0.0342420809825447
2011-10-28,TLT,-0.0344845957230173
2011-10-31,GLD,0.0004127255759713
2011-10-31,QQQ,0.001528146231723
2011-10-31,SPY,-0.0002332447860018
2011-10-31,TLT,0.0104618200001845
2011-11-01,GLD,-0.0135329631635717
2011-11-01,QQQ,-0.016939371058496
2011-11-01,SPY,-0.0244011006929205
2011-11-01,TLT,0.0388893752717626
2011-11-02,GLD,0.0002390567935377
2011-11-02,QQQ,-0.0264024802985005
2011-11-02,SPY,-0.0282847138385819
2011-11-02,TLT,0.0303426990242077
2011-11-03,GLD,0.0099869612829713
2011-11-03,QQQ,0.0084686383999971
2011-11-03,SPY,0.0161798552294392
2011-11-03,TLT,-0.0125522720376681
2011-11-04,GLD,0.0156115834053256
2011-11-04,QQQ,0.0205188965421539
2011-11-04,SPY,0.0180631681927733
2011-11-04,TLT,-0.0138286691807696
2011-11-07,GLD,-0.005079236179332
2011-11-07,QQQ,-0.0051768751162019
2011-11-07,SPY,-0.0061176580802539
2011-11-07,TLT,0.001202706263235
2011-11-08,GLD,0.0238856429755539
2011-11-08,QQQ,0.0070683830769488
2011-11-08,SPY,0.0061968797835615
2011-11-08,TLT,0.0063329081938579
2011-11-09,GLD,-0.0083211691933893
2011-11-09,QQQ,0.0114443470055285
2011-11-09,SPY,0.012749012855056
2011-11-09,TLT,-0.012879030805362
2011-11-10,GLD,-0.0084490747374664
2011-11-10,QQQ,-0.0357891018187266
2011-11-10,SPY,-0.0376079499229658
2011-11-10,TLT,0.0205275894714945
2011-11-11,GLD,-0.0054194819068881
2011-11-11,QQQ,-0.0005282611964354
2011-11-11,SPY,0.0093745313737102
2011-11-11,TLT,-0.0150122412558205
2011-11-14,GLD,0.0163434949002315
2011-11-14,QQQ,0.0186692977172104
2011-11-14,SPY,0.0186474758366182
2011-11-14,TLT,-0.0061204370009876
2011-11-15,GLD,-0.0043784478152669
2011-11-15,QQQ,-0.0062423784322096
2011-11-15,SPY,-0.0095193846299625
2011-11-15,TLT,0.0159550526536013
2011-11-16,GLD,0.000923382240335
2011-11-16,QQQ,0.0110708512568508
2011-11-16,SPY,0.0049296652612951
2011-11-16,TLT,-0.0013625452307575
2011-11-17,GLD,-0.0107288188330755
2011-11-17,QQQ,-0.0166526468402187
2011-11-17,SPY,-0.0159901070071953
2011-11-17,TLT,0.0090767023470233
2011-11-18,GLD,-0.0260490697882722
2011-11-18,QQQ,-0.0237178611283998
2011-11-18,SPY,-0.0160042507820271
2011-11-18,TLT,0.0079903244746745
2011-11-21,GLD,0.0031070114130365
2011-11-21,QQQ,-0.0077317708230576
2011-11-21,SPY,-0.0010651584546348
2011-11-21,TLT,-0.0002514047083452
2011-11-22,GLD,-0.0248864932032016
2011-11-22,QQQ,-0.0193190144899551
2011-11-22,SPY,-0.0192027058224949
2011-11-22,TLT,0.0059318166804025
2011-11-23,GLD,0.0110094939589583
2011-11-23,QQQ,0.0033070084183607
2011-11-23,SPY,-0.0039355395882441
2011-11-23,TLT,0.0111001497937055
2011-11-25,GLD,-0.0029078334442552
2011-11-25,QQQ,-0.0228189017357967
2011-11-25,SPY,-0.0223127380364715
2011-11-25,TLT,0.009755395113525
2011-11-28,GLD,-0.008713505779326
2011-11-28,QQQ,-0.0077234977465057
2011-11-28,SPY,-0.0018892339364912
2011-11-28,TLT,-0.0146275822316055
2011-11-29,GLD,0.0195746697811684
2011-11-29,QQQ,0.0342040798801844
2011-11-29,SPY,0.028555236610433
2011-11-29,TLT,-0.000496855088145
2011-11-30,GLD,0.0014992056580314
2011-11-30,QQQ,-0.0062328367764489
2011-11-30,SPY,0.0028362044725834
2011-11-30,TLT,-0.0082332193844403
2011-12-01,GLD,0.01928785888264
2011-12-01,QQQ,0.0362953681493184
2011-12-01,SPY,0.0403253689229343
2011-12-01,TLT,-0.0157391017213446
2011-12-02,GLD,-0.0029432561018175
2011-12-02,QQQ,0.0068923025506672
2011-12-02,SPY,-0.0001599987452575
2011-12-02,TLT,-0.0074931997719238
2011-12-05,GLD,0.001119472407815
2011-12-05,QQQ,-0.0028218687268772
2011-12-05,SPY,-0.0008806037437761
2011-12-05,TLT,0.0139197578873524
2011-12-06,GLD,-0.0148309053528062
2011-12-06,QQQ,0.0108907231924436
2011-12-06,SPY,0.0108333113054418
2011-12-06,TLT,-0.0020249573477125
2011-12-07,GLD,0.0051266005071551
2011-12-07,QQQ,-0.0027991593241902
2011-12-07,SPY,0.0003168640314496
2011-12-07,TLT,-0.009589795490104
2011-12-08,GLD,0.0072279553328834
2011-12-08,QQQ,0.0
2011-12-08,SPY,0.0037155757240585
2011-12-08,TLT,0.00357512978666
2011-12-09,GLD,-0.020395472758271
2011-12-09,QQQ,-0.0169615884858208
2011-12-09,SPY,-0.0221806317225138
2011-12-09,TLT,0.0124130889438361
2011-12-12,GLD,0.0025272182778424
2011-12-12,QQQ,0.0159098553110925
2011-12-12,SPY,0.0168004439842996
2011-12-12,TLT,-0.0207749409979894
2011-12-13,GLD,-0.0268598528647667
2011-12-13,QQQ,-0.0112875868817529
2011-12-13,SPY,-0.014705003659321
2011-12-13,TLT,0.0110771671599724
2011-12-14,GLD,-0.022095571965698
2011-12-14,QQQ,-0.0110577682802581
2011-12-14,SPY,-0.0093828725472782
2011-12-14,TLT,0.0092780562773063
2011-12-15,GLD,-0.035720362296435
2011-12-15,QQQ,-0.015725564908382
2011-12-15,SPY,-0.0107031961197258
2011-12-15,TLT,0.0187138990524638
2011-12-16,GLD,-0.0036694724115009
2011-12-16,QQQ,-0.0027364371671967
2011-12-16,SPY,0.0036077642010805
2011-12-16,TLT,-0.0037148425954916
2011-12-19,GLD,0.0188586283460033
2011-12-19,QQQ,0.0021897623600173
2011-12-19,SPY,-0.0048406705295579
2011-12-19,TLT,0.0115940616518602
2011-12-20,GLD,-0.0023218367153054
2011-12-20,QQQ,-0.0098920190027482
2011-12-20,SPY,-0.0107491975728359
2011-12-20,TLT,0.0125920916132994
2011-12-21,GLD,0.0135323576824499
2011-12-21,QQQ,0.0292084366575548
2011-12-21,SPY,0.0298113909222854
2011-12-21,TLT,-0.0252619519662861
2011-12-22,GLD,0.0011460365099759
2011-12-22,QQQ,-0.0144068623138098
2011-12-22,SPY,0.0019346871431295
2011-12-22,TLT,-0.0140072352234147
2011-12-23,GLD,-0.007152076380172
2011-12-23,QQQ,0.0084891218365962
2011-12-23,SPY,0.0088198013761166
2011-12-23,TLT,0.0041893652088377
2011-12-27,GLD,0.0017288576765001
2011-12-27,QQQ,0.0085961015644241
2011-12-27,SPY,0.0089009787714077
2011-12-27,TLT,-0.0111827108789655
2011-12-28,GLD,-0.0089968725298674
2011-12-28,QQQ,0.0028490019700292
2011-12-28,SPY,0.0007908769409957
2011-12-28,TLT,0.0015207869613119
2011-12-29,GLD,-0.0253658422627807
2011-12-29,QQQ,-0.0116249456368662
2011-12-29,SPY,-0.0132104104395718
2011-12-29,TLT,0.0183199943596728
2011-12-30,GLD,-0.0045791131052559
2011-12-30,QQQ,0.0071698016285178
2011-12-30,SPY,0.0102810301230437
2011-12-30,TLT,0.0018219567831175
2012-01-03,GLD,0.0109153939595107
2012-01-03,QQQ,-0.0028617412195401
2012-01-03,SPY,-0.0049280978825509
2012-01-03,TLT,0.0032216738341092
2012-01-04,GLD,0.0255282781057687
2012-01-04,QQQ,0.0189839758299015
2012-01-04,SPY,0.0158106060266422
2012-01-04,TLT,-0.015124101581988
2012-01-05,GLD,0.0050539629219921
2012-01-05,QQQ,0.0042090181718032
2012-01-05,SPY,0.0015673745421439
2012-01-05,TLT,-0.0119610434958332
2012-01-06,GLD,0.0068046435524566
2012-01-06,QQQ,0.0081917882178931
2012-01-06,SPY,0.0026589235253347
2012-01-06,TLT,-0.0017810876160221
2012-01-09,GLD,-0.0036827893483132
2012-01-09,QQQ,0.0034656205108009
2012-01-09,SPY,-0.0025806013265882
2012-01-09,TLT,0.0078637388276276
2012-01-10,GLD,-0.0044628506016804
2012-01-10,QQQ,-0.0032920837304831
2012-01-10,SPY,0.0024244737478718
2012-01-10,TLT,-0.0017703415697858
2012-01-11,GLD,0.0135814703839325
2012-01-11,QQQ,0.0072627326709109
2012-01-11,SPY,0.0086331515844697
2012-01-11,TLT,-0.0016888785582875
2012-01-12,GLD,0.0064716935197255
2012-01-12,QQQ,0.0020653868116131
2012-01-12,SPY,0.0005418810563717
2012-01-12,TLT,0.0129315842989397
2012-01-13,GLD,0.0044368559402869
2012-01-13,QQQ,0.0039468012407551
2012-01-13,SPY,0.0023964880924301
2012-01-13,TLT,-0.0014193128392181
2012-01-17,GLD,-0.0070079774866545
2012-01-17,QQQ,-0.0036029735300026
2012-01-17,SPY,-0.0051867597812162
2012-01-17,TLT,0.0098932079598998
2012-01-18,GLD,0.0077558902325723
2012-01-18,QQQ,0.0090683961696048
2012-01-18,SPY,0.0038732716653284
2012-01-18,TLT,0.004622038508201
2012-01-19,GLD,0.0068302412862036
2012-01-19,QQQ,0.0131982049320488
2012-01-19,SPY,0.0109955198853512
2012-01-19,TLT,-0.0121786120492194
2012-01-20,GLD,-0.0023542844291586
2012-01-20,QQQ,0.0062002532067885
2012-01-20,SPY,0.0052625863170097
2012-01-20,TLT,-0.0138489058786029
2012-01-23,GLD,0.0052584864346114
2012-01-23,QQQ,-0.0015046421259544
2012-01-23,SPY,0.0037203659142065
2012-01-23,TLT,-0.0113898071117786
2012-01-24,GLD,0.0067029510325276
2012-01-24,QQQ,0.0003345677102794
2012-01-24,SPY,-0.0025800313373851
2012-01-24,TLT,-0.0063460078272546
2012-01-25,GLD,-0.0070733090782552
2012-01-25,QQQ,-0.0018414771961546
2012-01-25,SPY,-0.0011403345768214
2012-01-25,TLT,0.0018049692394861
2012-01-26,GLD,0.0268566746536727
2012-01-26,QQQ,0.0124887144144974
2012-01-26,SPY,0.0083326807939515
2012-01-26,TLT,-0.0024073503602278
2012-01-27,GLD,0.0050945963965476
2012-01-27,QQQ,-0.0034811320992243
2012-01-27,SPY,-0.0051428994727475
2012-01-27,TLT,0.0131693448830393
2012-01-30,GLD,0.0101118927307167
2012-01-30,QQQ,0.002984586879351
2012-01-30,SPY,-0.0004550440413475
2012-01-30,TLT,0.0031384117124935
2012-01-31,GLD,-0.0055786639718783
2012-01-31,QQQ,0.0008274594781369
2012-01-31,SPY,-0.0034196788738271
2012-01-31,TLT,0.0117029276877247
2012-02-01,GLD,0.007588812095342
2012-02-01,QQQ,0.001322500054883
2012-02-01,SPY,-0.0003805839058018
2012-02-01,TLT,0.0114847904764836
2012-02-02,GLD,0.0014754923655564
2012-02-02,QQQ,0.0080625970537018
2012-02-02,SPY,0.0087190655038945
2012-02-02,TLT,-0.0139151366438081
2012-02-03,GLD,0.0087490971789772
2012-02-03,QQQ,0.0031088731154387
2012-02-03,SPY,0.0015839449656088
2012-02-03,TLT,-0.0004196471235273
2012-02-06,GLD,-0.0201371098489097
2012-02-06,QQQ,0.0136299394492315
2012-02-06,SPY,0.0139213438183521
2012-02-06,TLT,-0.0217233624421552
2012-02-07,GLD,-0.0027477869553913
2012-02-07,QQQ,-0.0008061143099653
2012-02-07,SPY,-0.0006691426782849
2012-02-07,TLT,0.0099019472901589
2012-02-08,GLD,0.0149611217962961
2012-02-08,QQQ,0.002094596222129
2012-02-08,SPY,0.0025256019235591
2012-02-08,TLT,-0.0124788517953028
2012-02-09,GLD,-0.0070964044645123
2012-02-09,QQQ,0.0052973559298933
2012-02-09,SPY,0.0029632524950424
2012-02-09,TLT,0.0007737950637379
2012-02-10,GLD,-0.0028527044274277
2012-02-10,QQQ,0.0071787939593294
2012-02-10,SPY,0.0012566859316234
2012-02-10,TLT,-0.007504911242481
2012-02-13,GLD,-0.005251264443437
2012-02-13,QQQ,-0.0070186701103353
2012-02-13,SPY,-0.0074151310802612
2012-02-13,TLT,0.0129045151696766
2012-02-14,GLD,0.0022112372609914
2012-02-14,QQQ,0.0092415892642741
2012-02-14,SPY,0.0074151310802613
2012-02-14,TLT,0.0012813526516216
2012-02-15,GLD,-0.0023309301516369
2012-02-15,QQQ,0.0025344516899247
2012-02-15,SPY,-0.0012566859316235
2012-02-15,TLT,0.0052788776699191
2012-02-16,GLD,0.0059064426447289
2012-02-16,QQQ,-0.0069852423781523
2012-02-16,SPY,-0.0046710363543759
2012-02-16,TLT,-0.0017848721736724
2012-02-17,GLD,-0.0006545512723762
2012-02-17,QQQ,0.0136078144088926
2012-02-17,SPY,0.0110123095793918
2012-02-17,TLT,-0.0080287621810689
2012-02-21,GLD,-0.0038765152743636
2012-02-21,QQQ,-0.00314813357402
2012-02-21,SPY,0.0026425956909655
2012-02-21,TLT,-0.000257290442543
2012-02-22,GLD,0.0216930695811433
2012-02-22,QQQ,0.0028337598288994
2012-02-22,SPY,0.0004397358434986
2012-02-22,TLT,-0.0111270471378813
2012-02-23,GLD,0.0111641939393163
2012-02-23,QQQ,-0.0045694700926949
2012-02-23,SPY,-0.0032293785233084
2012-02-23,TLT,0.0124985202906558
2012-02-24,GLD,0.0004624917963242
2012-02-24,QQQ,0.0066111051289799
2012-02-24,SPY,0.0044011374163203
2012-02-24,TLT,0.0
2012-02-27,GLD,-0.0045764514047417
2012-02-27,QQQ,0.0034455383294806
2012-02-27,SPY,0.0021932147674797
2012-02-27,TLT,0.0064891121076135
2012-02-28,GLD,-0.0030820179112864
2012-02-28,QQQ,0.0014062023375418
2012-02-28,SPY,0.0016783614389025
2012-02-28,TLT,0.0088121304988405
2012-02-29,GLD,0.0103712423712981
2012-02-29,QQQ,0.0100970783498018
2012-02-29,SPY,0.0029120135218652
2012-02-29,TLT,-0.0032954475353773
2012-03-01,GLD,-0.0544868744486559
2012-03-01,QQQ,-0.0044921969240143
2012-03-01,SPY,-0.0039332360600812
2012-03-01,TLT,-0.0061126025718981
2012-03-02,GLD,0.0140226375520391
2012-03-02,QQQ,0.0078867570265829
2012-03-02,SPY,0.0051682841526388
2012-03-02,TLT,-0.0117351362490416
2012-03-05,GLD,-0.0016218911795983
2012-03-05,QQQ,-0.0007704048768534
2012-03-05,SPY,-0.0030540903552762
2012-03-05,TLT,0.0093479002520687
2012-03-06,GLD,-0.0041567725246832
2012-03-06,QQQ,-0.0103821464040049
2012-03-06,SPY,-0.0040866842513187
2012-03-06,TLT,-0.0079702208284638
2012-03-07,GLD,-0.0179690964320213
2012-03-07,QQQ,-0.0098615070130543
2012-03-07,SPY,-0.014733231512984
2012-03-07,TLT,0.0120591244726745
2012-03-08,GLD,0.0056998158133444
2012-03-08,QQQ,0.0076784499220764
2012-03-08,SPY,0.0069516803612837
2012-03-08,TLT,-0.0061396422801139
2012-03-09,GLD,0.0100331867042869
2012-03-09,QQQ,0.0107135945098791
2012-03-09,SPY,0.0098999148734475
2012-03-09,TLT,-0.0100581616543596
2012-03-12,GLD,0.0066333602174327
2012-03-12,QQQ,0.0041611626668644
2012-03-12,SPY,0.0038601266890066
2012-03-12,TLT,0.0019852698060937
2012-03-13,GLD,-0.0079046874732642
2012-03-13,QQQ,0.0004613886260339
2012-03-13,SPY,7.264769404171427e-05
2012-03-13,TLT,-0.0001725101126981
2012-03-14,GLD,-0.0169231774060935
2012-03-14,QQQ,0.0184301772393254
2012-03-14,SPY,0.0178653053893401
2012-03-14,TLT,-0.0177503423209712
2012-03-15,GLD,-0.0169637500016782
2012-03-15,QQQ,0.0034650991738941
2012-03-15,SPY,-0.001071499876281
2012-03-15,TLT,-0.0255181900574502
2012-03-16,GLD,0.0094184040285579
2012-03-16,QQQ,0.0028535341735494
2012-03-16,SPY,0.0057727241840531
2012-03-16,TLT,0.001529792594814
2012-03-19,GLD,0.0013648567003107
2012-03-19,QQQ,-0.0024024585996159
2012-03-19,SPY,-0.0029891002439236
2012-03-19,TLT,0.0019762961993532
2012-03-20,GLD,0.0017962362702596
2012-03-20,QQQ,0.0070407187716807
2012-03-20,SPY,0.0039125287957505
2012-03-20,TLT,-0.0120075639280775
2012-03-21,GLD,-0.0090762244939983
2012-03-21,QQQ,0.0017897506335615
2012-03-21,SPY,-0.0029151689716128
2012-03-21,TLT,0.0039884248178272
2012-03-22,GLD,0.0004994807381019
2012-03-22,QQQ,0.0001490298144802
2012-03-22,SPY,-0.0016390220668053
2012-03-22,TLT,0.0112446647845071
2012-03-23,GLD,-0.0040027532432319
2012-03-23,QQQ,-0.0020879855949166
2012-03-23,SPY,-0.0072296206406351
2012-03-23,TLT,0.0032151550999727
2012-03-26,GLD,0.0122081330464796
2012-03-26,QQQ,-0.0005973852297642
2012-03-26,SPY,0.0032275227086085
2012-03-26,TLT,0.0094072184311209
2012-03-27,GLD,0.0176115691275342
2012-03-27,QQQ,0.0173273219597487
2012-03-27,SPY,0.0139375558596752
2012-03-27,TLT,-0.0051364073293135
2012-03-28,GLD,-0.0070809013076213
2012-03-28,QQQ,0.0014671140299523
2012-03-28,SPY,-0.0031119796195123
2012-03-28,TLT,0.0071659986316598
2012-03-29,GLD,-0.0106545179493227
2012-03-29,QQQ,-0.0039661695772639
2012-03-29,SPY,-0.0049708733925905
2012-03-29,TLT,-0.0014114651359526
2012-03-30,GLD,-0.0014250489249673
2012-03-30,QQQ,-0.0038342788601111
2012-03-30,SPY,-0.0017100502619177
2012-03-30,TLT,0.0074755063306977
2012-04-02,GLD,0.0051947943274394
2012-04-02,QQQ,-0.0019226102230975
2012-04-02,SPY,0.0041275453198839
2012-04-02,TLT,-0.0170551596107981
2012-04-03,GLD,0.0050452782243641
2012-04-03,QQQ,0.0103093244811003
2012-04-03,SPY,0.0072881893564396
2012-04-03,TLT,0.0029368760247756
2012-04-04,GLD,-0.0188959748859561
2012-04-04,QQQ,-0.0002930340374801
2012-04-04,SPY,-0.0040975108534866
2012-04-04,TLT,-0.0174805844456748
2012-04-05,GLD,-0.0169035410702235
2012-04-05,QQQ,-0.0137241180313236
2012-04-05,SPY,-0.0099601984541325
2012-04-05,TLT,0.0136520589979196
2012-04-09,GLD,0.0069725867542217
2012-04-09,QQQ,0.0062212932944093
2012-04-09,SPY,-0.0005006781849393
2012-04-09,TLT,0.0071997571599613
2012-04-10,GLD,0.0066733915693202
2012-04-10,QQQ,-0.0075595429306919
2012-04-10,SPY,-0.0112946209599557
2012-04-10,TLT,0.0231122895047914
2012-04-11,GLD,0.0107968158361052
2012-04-11,QQQ,-0.0161995722064842
2012-04-11,SPY,-0.0169273512495614
2012-04-11,TLT,0.0112732792181189
2012-04-12,GLD,-0.0001862294945727
2012-04-12,QQQ,0.0048272790801294
2012-04-12,SPY,0.0080616495828426
2012-04-12,TLT,-0.0120525006458229
2012-04-13,GLD,0.0100688968931712
2012-04-13,QQQ,0.0113722931263549
2012-04-13,SPY,0.0129810251653361
2012-04-13,TLT,-0.0041659123124488
2012-04-16,GLD,-0.0114357038376069
2012-04-16,QQQ,-0.0152926013443317
2012-04-16,SPY,-0.0119596535878154
2012-04-16,TLT,0.0160472167856486
2012-04-17,GLD,-0.0024275594635374
2012-04-17,QQQ,-0.0112429852870588
2012-04-17,SPY,-0.0006564523893733
2012-04-17,TLT,-0.0014560250351379
2012-04-18,GLD,-0.0013096363661056
2012-04-18,QQQ,0.0201171705074443
2012-04-18,SPY,0.0147034752888664
2012-04-18,TLT,-0.0006001603115076
2012-04-19,GLD,-0.0058831215408536
2012-04-19,QQQ,-0.0025488906478864
2012-04-19,SPY,-0.0033850816765037
2012-04-19,TLT,0.0029117427949986
2012-04-20,GLD,0.0007529342193186
2012-04-20,QQQ,-0.0113234393725228
2012-04-20,SPY,-0.0064415912946528
2012-04-20,TLT,0.0009402163842269
2012-04-23,GLD,0.0006897239210806
2012-04-23,QQQ,-0.002736816425051
2012-04-23,SPY,0.0016686312071105
2012-04-23,TLT,0.0001708238756233
2012-04-24,GLD,-0.0029502294460589
2012-04-24,QQQ,-0.0091771593042957
2012-04-24,SPY,-0.0084444245213051
2012-04-24,TLT,0.0072343690282857
2012-04-25,GLD,0.0014448331190362
2012-04-25,QQQ,-0.00539248606831
2012-04-25,SPY,0.003794271533622
2012-04-25,TLT,-0.0070635743284753
2012-04-26,GLD,0.0020067237843301
2012-04-26,QQQ,0.0262249148156573
2012-04-26,SPY,0.0135987982259977
2012-04-26,TLT,-0.0051374245112421
2012-04-27,GLD,0.0087947155916777
2012-04-27,QQQ,0.0058519097043749
2012-04-27,SPY,0.0069447295367372
2012-04-27,TLT,0.0059911560300305
2012-04-30,GLD,0.0021711872276646
2012-04-30,QQQ,0.0059666278321786
2012-04-30,SPY,0.0016396063201724
2012-04-30,TLT,0.0008529382356868
2012-05-01,GLD,0.0030934874938505
2012-05-01,QQQ,-0.0071641459778886
2012-05-01,SPY,-0.0037108747547531
2012-05-01,TLT,0.0002557331689385
2012-05-02,GLD,-0.0034653347638567
2012-05-02,QQQ,0.0016463463470501
2012-05-02,SPY,0.00620087068742
2012-05-02,TLT,-0.0076150048379905
2012-05-03,GLD,-0.0045355051376627
2012-05-03,QQQ,0.0028372274924423
2012-05-03,SPY,-0.0029886747485703
2012-05-03,TLT,0.0070181706563546
2012-05-04,GLD,-0.0101389974176985
2012-05-04,QQQ,-0.0106439668509902
2012-05-04,SPY,-0.0076547020130199
2012-05-04,TLT,-0.000255885864327
2012-05-07,GLD,0.0031403115630244
2012-05-07,QQQ,-0.0251825834417588
2012-05-07,SPY,-0.0162899529792684
2012-05-07,TLT,0.0078178352506862
2012-05-08,GLD,-0.002448592564866
2012-05-08,QQQ,0.0009270074572796
2012-05-08,SPY,0.0007297052588564
2012-05-08,TLT,0.000169312503177
2012-05-09,GLD,-0.0195512246002286
2012-05-09,QQQ,-0.0037129605686578
2012-05-09,SPY,-0.0040197608182538
2012-05-09,TLT,0.005317566792631
2012-05-10,GLD,-0.0098560966208518
2012-05-10,QQQ,-0.0031045811015952
2012-05-10,SPY,-0.0059495385248378
2012-05-10,TLT,0.0006732460897394
2012-05-11,GLD,0.0019402609012093
2012-05-11,QQQ,-0.0020231467683175
2012-05-11,SPY,0.0020606334141373
2012-05-11,TLT,-0.0029487877167047
2012-05-14,GLD,-0.0078488172960099
2012-05-14,QQQ,-0.0001558329210361
2012-05-14,SPY,-0.0030188415573872
2012-05-14,TLT,0.0082346769899743
2012-05-15,GLD,-0.014628459435203
2012-05-15,QQQ,-0.0093926561548282
2012-05-15,SPY,-0.0111227603266645
2012-05-15,TLT,0.0138781317604133
2012-05-16,GLD,-0.0105624013114625
2012-05-16,QQQ,-0.0033084378016742
2012-05-16,SPY,-0.0057581335485086
2012-05-16,TLT,0.0040357958617584
2012-05-17,GLD,-0.0018716500642464
2012-05-17,QQQ,-0.0068086766629958
2012-05-17,SPY,-0.0038321007961062
2012-05-17,TLT,0.0028727271021562
2012-05-18,GLD,0.0221010532816842
2012-05-18,QQQ,-0.0213576648840348
2012-05-18,SPY,-0.0149420748236107
2012-05-18,TLT,0.0175485535865039
2012-05-21,GLD,0.0113877916195556
2012-05-21,QQQ,-0.0130699332178485
2012-05-21,SPY,-0.0085955639810532
2012-05-21,TLT,0.0002415652456617
2012-05-22,GLD,0.0006467713402268
2012-05-22,QQQ,0.0275722453772209
2012-05-22,SPY,0.017042143153895
2012-05-22,TLT,-0.0020955476958066
2012-05-23,GLD,-0.0167577494441903
2012-05-23,QQQ,-0.0011204434390872
2012-05-23,SPY,0.0017412710545933
2012-05-23,TLT,-0.0111969111600617
2012-05-24,GLD,-0.0030293517963689
2012-05-24,QQQ,0.0019200445351773
2012-05-24,SPY,0.0005294160058288
2012-05-24,TLT,0.0069114890672332
2012-05-25,GLD,-0.0013859452168922
2012-05-25,QQQ,-0.006575275680367
2012-05-25,SPY,0.0019637053428055
2012-05-25,TLT,-0.0038157238020427
2012-05-29,GLD,0.0083527666989975
2012-05-29,QQQ,-0.0012880669993486
2012-05-29,SPY,-0.0032497679497885
2012-05-29,TLT,0.0037346724992131
2012-05-30,GLD,-0.0109318732400102
2012-05-30,QQQ,0.0126472655701961
2012-05-30,SPY,0.012039203550453
2012-05-30,TLT,-0.0030842073440787
2012-05-31,GLD,0.0058759576606944
2012-05-31,QQQ,-0.0084671608815799
2012-05-31,SPY,-0.0146164171037799
2012-05-31,TLT,0.0250454799043057
2012-06-01,GLD,-0.0019109059027896
2012-06-01,QQQ,-0.0043411990488642
2012-06-01,SPY,-0.0022033461851589
2012-06-01,TLT,0.0115079625555693
2012-06-04,GLD,0.0380480998418076
2012-06-04,QQQ,-0.0269470295238958
2012-06-04,SPY,-0.0254991860989845
2012-06-04,TLT,0.0213994996990163
2012-06-05,GLD,-0.0011434641458968
2012-06-05,QQQ,0.0075857733335724
2012-06-05,SPY,-0.0004682553453806
2012-06-05,TLT,-0.0079325670662501
2012-06-06,GLD,-0.0011448702562414
2012-06-06,QQQ,0.0040987024242066
2012-06-06,SPY,0.0075436930440123
2012-06-06,TLT,-0.0134669326327662
2012-06-07,GLD,0.0004454100462342
2012-06-07,QQQ,0.0226473854925939
2012-06-07,SPY,0.0222196836853993
2012-06-07,TLT,-0.0201866772244623
2012-06-08,GLD,-0.0173884375719835
2012-06-08,QQQ,-0.0040067366395196
2012-06-08,SPY,0.0006060285751731
2012-06-08,TLT,0.0015181976731821
2012-06-11,GLD,0.0014875385514176
2012-06-11,QQQ,0.0095893091700703
2012-06-11,SPY,0.0079201094039168
2012-06-11,TLT,-0.0002395590321889
2012-06-12,GLD,0.0040633735824244
2012-06-12,QQQ,-0.0170038995165782
2012-06-12,SPY,-0.0127785367343213
2012-06-12,TLT,0.0045420190413703
2012-06-13,GLD,0.0070554206963688
2012-06-13,QQQ,0.012060932299514
2012-06-13,SPY,0.011425195187419
2012-06-13,TLT,-0.0091850136098951
2012-06-14,GLD,0.0042093843611807
2012-06-14,QQQ,-0.0068971369214177
2012-06-14,SPY,-0.0064152891979708
2012-06-14,TLT,0.0098208571478391
2012-06-15,GLD,0.0040016878921306
2012-06-15,QQQ,0.0036950727099042
2012-06-15,SPY,0.0105446021191509
2012-06-15,TLT,-0.0012720916301393
2012-06-18,GLD,0.0005703370916346
2012-06-18,QQQ,0.0100519563032721
2012-06-18,SPY,0.0050072834895236
2012-06-18,TLT,0.0055534024664873
2012-06-19,GLD,0.0005700119926437
2012-06-19,QQQ,0.0093229740014837
2012-06-19,SPY,0.0019363565545029
2012-06-19,TLT,0.0053653300254084
2012-06-20,GLD,-0.0048874325135516
2012-06-20,QQQ,0.010327052102726
2012-06-20,SPY,0.009626161675834
2012-06-20,TLT,-0.013148733294501
2012-06-21,GLD,-0.0076007291017899
2012-06-21,QQQ,0.0007780760095757
2012-06-21,SPY,-0.0016225479379806
2012-06-21,TLT,0.0049312336373667
2012-06-22,GLD,-0.0256515696477675
2012-06-22,QQQ,-0.0252021890143672
2012-06-22,SPY,-0.0226942653007383
2012-06-22,TLT,0.0053016794325833
2012-06-25,GLD,0.0040700844588502
2012-06-25,QQQ,0.0104729593008463
2012-06-25,SPY,0.0076721266685718
2012-06-25,TLT,-0.0134273059329478
2012-06-26,GLD,0.0073107057950671
2012-06-26,QQQ,-0.019445901413441
2012-06-26,SPY,-0.0161647093744565
2012-06-26,TLT,0.0144527231457719
2012-06-27,GLD,-0.0074417696281899
2012-06-27,QQQ,0.006257531607931
2012-06-27,SPY,0.005013215176026
2012-06-27,TLT,-0.0039497643138548
2012-06-28,GLD,0.0013750646525157
2012-06-28,QQQ,0.006059675090049
2012-06-28,SPY,0.008976130181058
2012-06-28,TLT,0.0015818144694104
2012-06-29,GLD,-0.0117152764844272
2012-06-29,QQQ,-0.0111911759541594
2012-06-29,SPY,-0.002857611322101
2012-06-29,TLT,0.0024468030624681
2012-07-02,GLD,0.0270392603789497
2012-07-02,QQQ,0.0310250086249806
2012-07-02,SPY,0.0246210720610369
2012-07-02,TLT,-0.0130928397253532
2012-07-03,GLD,-0.0006446184566975
2012-07-03,QQQ,0.0029568896939314
2012-07-03,SPY,0.0030078772716375
2012-07-03,TLT,0.0081139915363915
2012-07-05,GLD,0.0151659304363174
2012-07-05,QQQ,0.0083566088971818
2012-07-05,SPY,0.0065713522197761
2012-07-05,TLT,-0.007714685862353
2012-07-06,GLD,-0.0113689290038095
2012-07-06,QQQ,0.0006162519933337
2012-07-06,SPY,-0.0045223299748622
2012-07-06,TLT,0.005096764964901
2012-07-09,GLD,-0.0127348174754354
2012-07-09,QQQ,-0.0125534006440891
2012-07-09,SPY,-0.0095489766185002
2012-07-09,TLT,0.0092508916939184
2012-07-10,GLD,0.0021445114458555
2012-07-10,QQQ,-0.0018732872167079
2012-07-10,SPY,-0.0012554793636054
2012-07-10,TLT,0.0087760723121797
2012-07-11,GLD,-0.0123454291336292
2012-07-11,QQQ,-0.0098925368794654
2012-07-11,SPY,-0.0087583719161992
2012-07-11,TLT,0.0020264192934854
2012-07-12,GLD,0.0055057594568082
2012-07-12,QQQ,-0.0055384028872937
2012-07-12,SPY,0.000149118690052
2012-07-12,TLT,0.0012449710353004
2012-07-13,GLD,-0.002618033780691
2012-07-13,QQQ,-0.0094062096309724
2012-07-13,SPY,-0.0048568045537462
2012-07-13,TLT,0.0070511965557557
2012-07-16,GLD,0.0101067144861493
2012-07-16,QQQ,0.0151024371533942
2012-07-16,SPY,0.0166386185562563
2012-07-16,TLT,-0.0026287037521322
2012-07-17,GLD,0.0004540770166103
2012-07-17,QQQ,-0.0028440578906958
2012-07-17,SPY,-0.0023601112279798
2012-07-17,TLT,0.0046343336040891
2012-07-18,GLD,-0.0048102372657139
2012-07-18,QQQ,0.0052079028392096
2012-07-18,SPY,0.0068436041596681
2012-07-18,TLT,-0.0078911461286261
2012-07-19,GLD,-0.0027404308099867
2012-07-19,QQQ,0.0134461160072632
2012-07-19,SPY,0.0073795280464102
2012-07-19,TLT,0.0005435984311212
2012-07-20,GLD,0.0021538488404184
2012-07-20,QQQ,0.0109661937044118
2012-07-20,SPY,0.0026172361165422
2012-07-20,TLT,-0.002565014927893
2012-07-23,GLD,0.0018888999802889
2012-07-23,QQQ,-0.0132984893909164
2012-07-23,SPY,-0.0091903967138172
2012-07-23,TLT,0.0121447406225472
2012-07-24,GLD,-0.004173461525685
2012-07-24,QQQ,-0.0122162646563985
2012-07-24,SPY,-0.0101636233219423
2012-07-24,TLT,0.005597068498254
2012-07-25,GLD,0.0031969069033827
2012-07-25,QQQ,-0.0079101821604732
2012-07-25,SPY,-0.0086239751608133
2012-07-25,TLT,0.0078444790189694
2012-07-26,GLD,0.013907490755906
2012-07-26,QQQ,-0.0066932228989713
2012-07-26,SPY,0.0002240773323372
2012-07-26,TLT,0.0025759262954881
2012-07-27,GLD,0.0070414200481452
2012-07-27,QQQ,0.0131841798114427
2012-07-27,SPY,0.0163627936452052
2012-07-27,TLT,-0.0091977898333684
2012-07-30,GLD,0.0048995613247813
2012-07-30,QQQ,0.0233947630845446
2012-07-30,SPY,0.0182649763133594
2012-07-30,TLT,-0.0190423307044124
2012-07-31,GLD,-0.0006984831553893
2012-07-31,QQQ,-0.0007711165593992
2012-07-31,SPY,0.0
2012-07-31,TLT,0.007444255226926
2012-08-01,GLD,-0.0059887232254703
2012-08-01,QQQ,-0.0003085425520956
2012-08-01,SPY,-0.007018994510316
2012-08-01,TLT,0.0020065956215611
2012-08-02,GLD,-0.0086642141488858
2012-08-02,QQQ,-0.0029364434364775
2012-08-02,SPY,-0.0008718516690747
2012-08-02,TLT,-0.0071185551619824
2012-08-03,GLD,-0.006531497290067
2012-08-03,QQQ,-0.0035662238081555
2012-08-03,SPY,-0.0069284962502224
2012-08-03,TLT,0.0056525431894582
2012-08-06,GLD,0.0091708091243296
2012-08-06,QQQ,0.018772689481071
2012-08-06,SPY,0.0196390721544519
2012-08-06,TLT,-0.0162693535024026
2012-08-07,GLD,0.0048100139896431
2012-08-07,QQQ,0.0075930510835454
2012-08-07,SPY,0.001935613842245
2012-08-07,TLT,0.000392350053113
2012-08-08,GLD,-0.0001279945765631
2012-08-08,QQQ,0.0082863457453852
2012-08-08,SPY,0.005001169250315
2012-08-08,TLT,-0.0129492482155354
2012-08-09,GLD,0.0012789166070782
2012-08-09,QQQ,-0.0004501955255019
2012-08-09,SPY,0.0012107701431819
2012-08-09,TLT,-0.0053388560955858
2012-08-10,GLD,0.0032539650598126
2012-08-10,QQQ,0.0029975583683555
2012-08-10,SPY,0.0008537539798698
2012-08-10,TLT,-0.0007193699393285
2012-08-13,GLD,0.0012094547976165
2012-08-13,QQQ,0.0005984577592742
2012-08-13,SPY,0.0016343633414736
2012-08-13,TLT,0.005024513197321
2012-08-14,GLD,-0.0075996609947528
2012-08-14,QQQ,0.0023901420998759
2012-08-14,SPY,-0.0004970850944157
2012-08-14,TLT,-0.001672034218993
2012-08-15,GLD,-0.0055284312937676
2012-08-15,QQQ,0.0004476230217159
2012-08-15,SPY,0.000141987596809
2012-08-15,TLT,-0.0136394681595743
2012-08-16,GLD,0.0032179200395555
2012-08-16,QQQ,0.0025321852144354
2012-08-16,SPY,0.0011358251214389
2012-08-16,TLT,-0.0141557670963997
2012-08-17,GLD,0.0059578809023472
2012-08-17,QQQ,0.0118308897701133
2012-08-17,SPY,0.0073514753644729
2012-08-17,TLT,-0.0085576173798299
2012-08-20,GLD,0.0010214739315963
2012-08-20,QQQ,0.0044008147865628
2012-08-20,SPY,0.0013371377143855
2012-08-20,TLT,0.0048637525204208
2012-08-21,GLD,0.0034396702075541
2012-08-21,QQQ,0.0014626077740222
2012-08-21,SPY,7.039959068116194e-05
2012-08-21,TLT,0.0020538105648939
2012-08-22,GLD,0.0099340077425469
2012-08-22,QQQ,-0.0039539722549307
2012-08-22,SPY,-0.0030287604712871
2012-08-22,TLT,0.0044218948586929
2012-08-23,GLD,0.0107086315074474
2012-08-23,QQQ,0.0041001488915372
2012-08-23,SPY,0.0004232514132957
2012-08-23,TLT,0.0163699299549039
2012-08-24,GLD,0.008373997600348
2012-08-24,QQQ,-0.0082171782401403
2012-08-24,SPY,-0.0082130426052607
2012-08-24,TLT,0.0041709905243008
2012-08-27,GLD,0.0004940519516532
2012-08-27,QQQ,0.0061692051955164
2012-08-27,SPY,0.0060246902310163
2012-08-27,TLT,-0.0009610215171325
2012-08-28,GLD,-0.0037732430064034
2012-08-28,QQQ,0.0016094905572151
2012-08-28,SPY,0.0002119680671466
2012-08-28,TLT,0.0058318788127203
2012-08-29,GLD,0.0017337390057776
2012-08-29,QQQ,0.0
2012-08-29,SPY,-0.0009896049156417
2012-08-29,TLT,0.002386789466608
2012-08-30,GLD,-0.0065171261649737
2012-08-30,QQQ,0.0
2012-08-30,SPY,0.0007776368484949
2012-08-30,TLT,-0.0043801720839806
2012-08-31,GLD,-0.0004359382542126
2012-08-31,QQQ,-0.0101389809604235
2012-08-31,SPY,-0.0072339961824798
2012-08-31,TLT,0.0051745648813403
2012-09-04,GLD,0.0227884276988895
2012-09-04,QQQ,0.0066240702729371
2012-09-04,SPY,0.0047576737864416
2012-09-04,TLT,0.0140347549581641
2012-09-05,GLD,0.0015819565772519
2012-09-05,QQQ,-0.0010276305376813
2012-09-05,SPY,-0.0009213997015155
2012-09-05,TLT,-0.0031367773872591
2012-09-06,GLD,-0.0010340836860325
2012-09-06,QQQ,-0.001028575484615
2012-09-06,SPY,-0.0008512103525127
2012-09-06,TLT,-0.004723662317783
2012-09-07,GLD,0.0035237086061065
2012-09-07,QQQ,0.0219565663275378
2012-09-07,SPY,0.0200934154558247
2012-09-07,TLT,-0.0167910728463188
2012-09-10,GLD,0.0213010365766371
2012-09-10,QQQ,-0.0014392413938033
2012-09-10,SPY,0.0038875269142226
2012-09-10,TLT,-0.0046654028676315
2012-09-11,GLD,-0.0068508245778626
2012-09-11,QQQ,-0.0129015253566021
2012-09-11,SPY,-0.0056976761604379
2012-09-11,TLT,0.0024158737069829
2012-09-12,GLD,0.0036397345213229
2012-09-12,QQQ,-0.0016062003799407
2012-09-12,SPY,0.0027834487236834
2012-09-12,TLT,-0.0062933785570142
2012-09-13,GLD,0.0001191368766436
2012-09-13,QQQ,0.0029183874763205
2012-09-13,SPY,0.0033298381267219
2012-09-13,TLT,-0.0125429310393144
2012-09-14,GLD,0.0199871018829235
2012-09-14,QQQ,0.0134599374878293
2012-09-14,SPY,0.0151215815639294
2012-09-14,TLT,-0.0039418902576438
2012-09-17,GLD,0.0028562608226146
2012-09-17,QQQ,0.0088737201153067
2012-09-17,SPY,0.0044243964984193
2012-09-17,TLT,-0.0269373390571396
2012-09-18,GLD,-0.0081824487371269
2012-09-18,QQQ,0.0004273634857735
2012-09-18,SPY,-0.0034015950978509
2012-09-18,TLT,0.0119318963997055
2012-09-19,GLD,0.0077166718885823
2012-09-19,QQQ,0.0008541794428593
2012-09-19,SPY,-0.0008181782275811
2012-09-19,TLT,0.0049991644843463
2012-09-20,GLD,0.0001164867646451
2012-09-20,QQQ,0.0018483674062386
2012-09-20,SPY,0.0005454918532837
2012-09-20,TLT,0.0065443709074435
2012-09-21,GLD,-0.0015734059198807
2012-09-21,QQQ,-0.0009948084832993
2012-09-21,SPY,6.823056817389438e-05
2012-09-21,TLT,0.0024740491464389
2012-09-24,GLD,0.0028535993614637
2012-09-24,QQQ,-0.0025626480549843
2012-09-24,SPY,-0.0057421142900032
2012-09-24,TLT,0.0011524481501036
2012-09-25,GLD,-0.0053060014063377
2012-09-25,QQQ,-0.0058618176839762
2012-09-25,SPY,-0.0015093391243115
2012-09-25,TLT,0.0077853041156335
2012-09-26,GLD,-0.0016382823469836
2012-09-26,QQQ,-0.0141517990335806
2012-09-26,SPY,-0.0106988961384964
2012-09-26,TLT,0.0098290794893656
2012-09-27,GLD,-0.0056374963370224
2012-09-27,QQQ,-0.0081776914803387
2012-09-27,SPY,-0.0056370434881757
2012-09-27,TLT,0.0106935839609496
2012-09-28,GLD,0.0147890979813636
2012-09-28,QQQ,0.0136889055634816
2012-09-28,SPY,0.0093773905506575
2012-09-28,TLT,-0.007143169190314
2012-10-01,GLD,-0.0026145147730523
2012-10-01,QQQ,-0.0082783088200148
2012-10-01,SPY,-0.0046429394069331
2012-10-01,TLT,0.000563672713319
2012-10-02,GLD,0.0023243307866659
2012-10-02,QQQ,-0.0014594058844372
2012-10-02,SPY,0.0026359953745624
2012-10-02,TLT,0.0016087274120485
2012-10-03,GLD,-0.0011033258934751
2012-10-03,QQQ,0.0029166850067711
2012-10-03,SPY,0.0010385591607889
2012-10-03,TLT,-0.0013672593934125
2012-10-04,GLD,0.0017996437460312
2012-10-04,QQQ,0.0063870509668643
2012-10-04,SPY,0.0040747067348462
2012-10-04,TLT,0.0003218871467399
2012-10-05,GLD,0.0069360253410432
2012-10-05,QQQ,0.0034666778233622
2012-10-05,SPY,0.0071424556133962
2012-10-05,TLT,-0.0125492725670447
2012-10-08,GLD,-0.0057187892644753
2012-10-08,QQQ,-0.0053494685842495
2012-10-08,SPY,6.83922858572033e-05
2012-10-08,TLT,-0.0130388196989427
2012-10-09,GLD,-0.0033074685239183
2012-10-09,QQQ,-0.009175115328543
2012-10-09,SPY,-0.0034272430701774
2012-10-09,TLT,0.0083840425707176
2012-10-10,GLD,-0.0061800425949646
2012-10-10,QQQ,-0.0160758027725589
2012-10-10,SPY,-0.0099366154289294
2012-10-10,TLT,-0.0018024027909432
2012-10-11,GLD,-0.0008776828487819
2012-10-11,QQQ,-0.0050678893161315
2012-10-11,SPY,-0.0064004544547266
2012-10-11,TLT,0.0070273261054884
2012-10-12,GLD,0.0028057709614905
2012-10-12,QQQ,-0.0031429957593432
2012-10-12,SPY,0.0005582042513421
2012-10-12,TLT,0.0068974680020098
2012-10-15,GLD,-0.0073818938973548
2012-10-15,QQQ,-0.0004497905381198
2012-10-15,SPY,-0.0032838542746947
2012-10-15,TLT,0.0025037169520546
2012-10-16,GLD,-0.010106119739498
2012-10-16,QQQ,0.007321629559451
2012-10-16,SPY,0.0082936143668975
2012-10-16,TLT,-0.0022611555717943
2012-10-17,GLD,0.0063356463336193
2012-10-17,QQQ,0.0140442040954808
2012-10-17,SPY,0.0100822032119064
2012-10-17,TLT,-0.0139213307363527
2012-10-18,GLD,0.0007080193841468
2012-10-18,QQQ,-0.0005873849534951
2012-10-18,SPY,0.0045246096536172
2012-10-18,TLT,-0.0093070298654004
2012-10-19,GLD,-0.0044335486553835
2012-10-19,QQQ,-0.0116718603548278
2012-10-19,SPY,-0.0026024918357319
2012-10-19,TLT,-0.0061420998752663
2012-10-22,GLD,-0.0108411360526059
2012-10-22,QQQ,-0.0242171810153472
2012-10-22,SPY,-0.0168048481357255
2012-10-22,TLT,0.0134796108702922
2012-10-23,GLD,0.0036466972398128
2012-10-23,QQQ,0.0051632057872474
2012-10-23,SPY,0.0001394998066982
2012-10-23,TLT,-0.006427700655917
2012-10-24,GLD,-0.0129127597664921
2012-10-24,QQQ,-0.009588343338659
2012-10-24,SPY,-0.0139735130486034
2012-10-24,TLT,0.0142009638396953
2012-10-25,GLD,-0.0034514677577762
2012-10-25,QQQ,-0.0035234923035205
2012-10-25,SPY,-0.0028324186407206
2012-10-25,TLT,-0.0099112008908948
2012-10-26,GLD,0.0070116561741819
2012-10-26,QQQ,0.0
2012-10-26,SPY,0.0029030886577868
2012-10-26,TLT,-0.0051168118276961
2012-10-31,GLD,-0.0005423202272228
2012-10-31,QQQ,0.0029115767852537
2012-10-31,SPY,-0.0005657159257664
2012-10-31,TLT,0.0146203736033013
2012-11-01,GLD,0.0054093723088719
2012-11-01,QQQ,-0.0061397205905538
2012-11-01,SPY,0.0
2012-11-01,TLT,0.0058536851759612
2012-11-02,GLD,-0.0045659105212916
2012-11-02,QQQ,0.0140654482192664
2012-11-02,SPY,0.010415997374597
2012-11-02,TLT,-0.0082211373454909
2012-11-05,GLD,-0.0211161956711567
2012-11-05,QQQ,-0.0106839321019105
2012-11-05,SPY,-0.0089314864635344
2012-11-05,TLT,-0.0007358353438272
2012-11-06,GLD,0.0038669883407539
2012-11-06,QQQ,0.006576460441994
2012-11-06,SPY,0.0020465660519948
2012-11-06,TLT,0.0056278017676443
2012-11-07,GLD,0.0186331815583408
2012-11-07,QQQ,0.0018276390536751
2012-11-07,SPY,0.0077947135316124
2012-11-07,TLT,-0.0094794862247912
2012-11-08,GLD,0.0011418760009174
2012-11-08,QQQ,-0.0238675285153805
2012-11-08,SPY,-0.0229244891390155
2012-11-08,TLT,0.0179833079887557
2012-11-09,GLD,0.0089692059707555
2012-11-09,QQQ,-0.0158645962564416
2012-11-09,SPY,-0.012096979082725
2012-11-09,TLT,0.0147296640436709
2012-11-12,GLD,-0.0010124664362506
2012-11-12,QQQ,0.0042657534854802
2012-11-12,SPY,0.0008690107520277
2012-11-12,TLT,0.0011119611916345
2012-11-13,GLD,-0.0022072390698996
2012-11-13,QQQ,-0.0001577002187073
2012-11-13,SPY,0.0007958659552173
2012-11-13,TLT,0.0016655361715424
2012-11-14,GLD,-0.0020923088878503
2012-11-14,QQQ,-0.0069620318338388
2012-11-14,SPY,-0.0034775880194807
2012-11-14,TLT,0.0033227733409985
2012-11-15,GLD,0.0002393087940783
2012-11-15,QQQ,-0.0118193015666911
2012-11-15,SPY,-0.0135907448155798
2012-11-15,TLT,0.0009473652299518
2012-11-16,GLD,-0.0063019928595901
2012-11-16,QQQ,-0.0033797875320019
2012-11-16,SPY,-0.0016934491130524
2012-11-16,TLT,-0.0019746461403983
2012-11-19,GLD,-0.0012651232479694
2012-11-19,QQQ,0.0043432942414
2012-11-19,SPY,0.0049251997123018
2012-11-19,TLT,-0.0008700859374009
2012-11-20,GLD,0.0119251764334622
2012-11-20,QQQ,0.0234782288954455
2012-11-20,SPY,0.0200370388849882
2012-11-20,TLT,-0.0056342573872354
2012-11-21,GLD,-0.0028634257792102
2012-11-21,QQQ,0.0003135359498116
2012-11-21,SPY,0.0004311408302978
2012-11-21,TLT,-0.0100776835468139
2012-11-23,GLD,0.0010150660402493
2012-11-23,QQQ,0.0020355611597826
2012-11-23,SPY,0.0018661684098468
2012-11-23,TLT,-0.0005628568787644
2012-11-26,GLD,0.012160205973813
2012-11-26,QQQ,0.0150589076690471
2012-11-26,SPY,0.0135330351305046
2012-11-26,TLT,-0.000965661506922
2012-11-27,GLD,-0.0010618685408751
2012-11-27,QQQ,0.0043050308701866
2012-11-27,SPY,-0.0021246682357533
2012-11-27,TLT,0.0047388062032143
2012-11-28,GLD,-0.004258514528236
2012-11-28,QQQ,-0.0033809963317485
2012-11-28,SPY,-0.0051176542727553
2012-11-28,TLT,0.0039185771762126
2012-11-29,GLD,-0.0128857214501335
2012-11-29,QQQ,0.0085837065498491
2012-11-29,SPY,0.0080202342578342
2012-11-29,TLT,-0.0014377023568991
2012-11-30,GLD,0.0037754494975707
2012-11-30,QQQ,0.0059348423173368
2012-11-30,SPY,0.0046546977267722
2012-11-30,TLT,0.0001598197193067
2012-12-03,GLD,-0.0067820662593296
2012-12-03,QQQ,-0.0016703459163308
2012-12-03,SPY,0.0002110583640032
2012-12-03,TLT,-0.0027208430708277
2012-12-04,GLD,0.0004816775885995
2012-12-04,QQQ,-0.0019777123903538
2012-12-04,SPY,-0.0049365189871002
2012-12-04,TLT,-0.001042271098823
2012-12-05,GLD,-0.0103465252023627
2012-12-05,QQQ,-0.0006093056840742
2012-12-05,SPY,-0.001414906146209
2012-12-05,TLT,0.0057590431822763
2012-12-06,GLD,-0.0018262807650325
2012-12-06,QQQ,-0.0111852194148651
2012-12-06,SPY,0.0017683470567419
2012-12-06,TLT,-0.0004786402909415
2012-12-07,GLD,0.0023127323829192
2012-12-07,QQQ,0.0064506162089777
2012-12-07,SPY,0.0033864554359557
2012-12-07,TLT,0.0021521402219728
2012-12-10,GLD,0.0040041529855637
2012-12-10,QQQ,-0.0059884922097839
2012-12-10,SPY,0.0030240744273424
2012-12-10,TLT,-0.0092792926306616
2012-12-11,GLD,0.0038675379164635
2012-12-11,QQQ,0.0029219926510574
2012-12-11,SPY,0.0004212128506911
2012-12-11,TLT,0.0044104401205717
2012-12-12,GLD,-0.0009051692074031
2012-12-12,QQQ,0.0129683478671655
2012-12-12,SPY,0.006785386519996
2012-12-12,TLT,-0.0076302893754623
2012-12-13,GLD,0.0007242193101501
2012-12-13,QQQ,-0.0021244224440098
2012-12-13,SPY,0.0004878345883405
2012-12-13,TLT,-0.0116780377511598
2012-12-14,GLD,-0.0084813566979942
2012-12-14,QQQ,-0.0079305627619307
2012-12-14,SPY,-0.0061507821361681
2012-12-14,TLT,0.0007339174995469
2012-12-17,GLD,-0.0014611280186981
2012-12-17,QQQ,-0.0095384587367707
2012-12-17,SPY,-0.0037228207141397
2012-12-17,TLT,0.0074711909446652
2012-12-18,GLD,0.0018869503829595
2012-12-18,QQQ,0.0132065889699103
2012-12-18,SPY,0.011683752096523
2012-12-18,TLT,-0.0150807707155925
2012-12-19,GLD,-0.0144557250788671
2012-12-19,QQQ,0.0151403339318448
2012-12-19,SPY,0.0110673526975399
2012-12-19,TLT,-0.0102370071968161
2012-12-20,GLD,-0.0024091149465752
2012-12-20,QQQ,-0.0043671615858647
2012-12-20,SPY,-0.0074570660705808
2012-12-20,TLT,0.0033137427081667
2012-12-21,GLD,-0.0121960737971789
2012-12-21,QQQ,0.0
2012-12-21,SPY,0.0057358359413098
2012-12-21,TLT,0.0001653708467081
2012-12-24,GLD,0.0037493395674361
2012-12-24,QQQ,-0.0161270069853663
2012-12-24,SPY,-0.016185980297069
2012-12-24,TLT,0.0108562600342235
2012-12-26,GLD,0.0018070937392538
2012-12-26,QQQ,-0.0019958133095734
2012-12-26,SPY,-0.0030861158221656
2012-12-26,TLT,-0.0018012222145368
2012-12-27,GLD,0.0009956669468964
2012-12-27,QQQ,-0.0087983850152045
2012-12-27,SPY,-0.0042239139930062
2012-12-27,TLT,0.0013921156235819
2012-12-28,GLD,0.0023607197391517
2012-12-28,QQQ,-0.0015515669976473
2012-12-28,SPY,-0.0013413043770403
2012-12-28,TLT,0.0033495694582606
2012-12-31,GLD,-0.0038545921636806
2012-12-31,QQQ,-0.0096740143614456
2012-12-31,SPY,-0.0108669615805754
2012-12-31,TLT,0.0056928988612201
2013-01-02,GLD,0.0091767198894007
2013-01-02,QQQ,0.0209455879449088
2013-01-02,SPY,0.0168535702963448
2013-01-02,TLT,-0.0174244440482969
2013-01-03,GLD,0.0070727801089134
2013-01-03,QQQ,0.0312879717284974
2013-01-03,SPY,0.0253072325302818
2013-01-03,TLT,-0.0134587290393987
2013-01-04,GLD,-0.0121467797401906
2013-01-04,QQQ,-0.0052219213935018
2013-01-04,SPY,-0.0022619142489159
2013-01-04,TLT,-0.013642275723045
2013-01-07,GLD,-0.0047257550222331
2013-01-07,QQQ,-0.0032963953694955
2013-01-07,SPY,0.0043820639085183
2013-01-07,TLT,0.0038926940646291
2013-01-08,GLD,-0.00631514763955
2013-01-08,QQQ,0.0003001841655818
2013-01-08,SPY,-0.0027364996312892
2013-01-08,TLT,0.0004221695032967
2013-01-09,GLD,0.0070627808032687
2013-01-09,QQQ,-0.0019524656589257
2013-01-09,SPY,-0.0028814383464779
2013-01-09,TLT,0.0065635241324558
2013-01-10,GLD,-0.0004360197219949
2013-01-10,QQQ,0.0037512237340014
2013-01-10,SPY,0.0025388226189675
2013-01-10,TLT,-0.000923017540125
2013-01-11,GLD,0.0092411748838534
2013-01-11,QQQ,0.0059728644250653
2013-01-11,SPY,0.0079181551047754
2013-01-11,TLT,-0.0027741754244675
2013-01-14,GLD,-0.0056958932353376
2013-01-14,QQQ,0.0013390460541435
2013-01-14,SPY,-6.795516932659728e-05
2013-01-14,TLT,0.0088837121402651
2013-01-15,GLD,0.0029757972434763
2013-01-15,QQQ,-0.0044703255644393
2013-01-15,SPY,-0.0006802210887327
2013-01-15,TLT,-0.0027572548511082
2013-01-16,GLD,0.0062944009191135
2013-01-16,QQQ,-0.004940527155427
2013-01-16,SPY,0.0006802210887327
2013-01-16,TLT,0.0045912102032646
2013-01-17,GLD,0.0005534660222785
2013-01-17,QQQ,0.0040441045894942
2013-01-17,SPY,-0.0001360279599216
2013-01-17,TLT,0.002079954164184
2013-01-18,GLD,0.0042945600178262
2013-01-18,QQQ,0.0047718505142429
2013-01-18,SPY,0.0064395880109128
2013-01-18,TLT,-0.0100234462321382
2013-01-22,GLD,-0.001593002197433
2013-01-22,QQQ,-0.0022339948952425
2013-01-22,SPY,0.002227259915872
2013-01-22,TLT,0.0076936167659949
2013-01-23,GLD,0.0035500211160177
2013-01-23,QQQ,0.0016387431652675
2013-01-23,SPY,0.00537890783669
2013-01-23,TLT,0.0019141592118609
2013-01-24,GLD,-0.0028144380313383
2013-01-24,QQQ,0.0060844002042258
2013-01-24,SPY,0.0016079751161445
2013-01-24,TLT,-0.001497756232995
2013-01-25,GLD,-0.0110281037461678
2013-01-25,QQQ,-0.0138548611143042
2013-01-25,SPY,0.0002678127406416
2013-01-25,TLT,-0.0035034918933258
2013-01-28,GLD,-0.004781604983568
2013-01-28,QQQ,0.0050874915742396
2013-01-28,SPY,0.0056063440418535
2013-01-28,TLT,-0.0137991201858932
2013-01-29,GLD,-0.0022434148172023
2013-01-29,QQQ,0.0022363263017188
2013-01-29,SPY,-0.0011986727020707
2013-01-29,TLT,-0.0036497966092996
2013-01-30,GLD,0.0043576526233162
2013-01-30,QQQ,0.000148941044786
2013-01-30,SPY,0.0039237659914132
2013-01-30,TLT,-0.0055425555537295
2013-01-31,GLD,0.0074262171769992
2013-01-31,QQQ,-0.0020868545168425
2013-01-31,SPY,-0.0039237659914133
2013-01-31,TLT,-0.0017115703866294
2013-02-01,GLD,-0.0061226914113249
2013-02-01,QQQ,-0.0022405550812856
2013-02-01,SPY,-0.0024686296734874
2013-02-01,TLT,0.004870344959018
2013-02-04,GLD,0.0015496671610711
2013-02-04,QQQ,0.0117447403383936
2013-02-04,SPY,0.0102347443038142
2013-02-04,TLT,-0.0152884432310058
2013-02-05,GLD,0.0034008569302853
2013-02-05,QQQ,-0.017594016435154
2013-02-05,SPY,-0.0113041446686025
2013-02-05,TLT,0.0127280333962343
2013-02-06,GLD,-0.0002469026145644
2013-02-06,QQQ,0.0146336150195111
2013-02-06,SPY,0.010047057361337
2013-02-06,TLT,-0.008927040280886
2013-02-07,GLD,0.0026514131006226
2013-02-07,QQQ,-0.0032665392919123
2013-02-07,SPY,0.0007279746716896
2013-02-07,TLT,0.0081576763697613
2013-02-08,GLD,-0.0033926754869145
2013-02-08,QQQ,0.000892005226084
2013-02-08,SPY,-0.0013239571732254
2013-02-08,TLT,-0.002226046620669
2013-02-11,GLD,-0.0016696396112383
2013-02-11,QQQ,0.010200322122328
2013-02-11,SPY,0.0055489395305639
2013-02-11,TLT,0.0038496525225495
2013-02-12,GLD,-0.0116414945086392
2013-02-12,QQQ,0.0002941804794884
2013-02-12,SPY,-0.0001976399424893
2013-02-12,TLT,-0.0007687719080198
2013-02-13,GLD,0.001189038868357
2013-02-13,QQQ,-0.0041255218078038
2013-02-13,SPY,0.0016458741196453
2013-02-13,TLT,-0.0024810802793892
2013-02-14,GLD,-0.0052674375974427
2013-02-14,QQQ,0.0035371865277087
2013-02-14,SPY,0.0008547169853668
2013-02-14,TLT,-0.0081710079456273
2013-02-15,GLD,-0.0044108258534539
2013-02-15,QQQ,-0.0002943536326495
2013-02-15,SPY,0.0009197175496727
2013-02-15,TLT,0.0090272326456246
2013-02-19,GLD,-0.0164914857320137
2013-02-19,QQQ,-0.0029476359255267
2013-02-19,SPY,-0.0011826064413127
2013-02-19,TLT,-0.0029141731708421
2013-02-20,GLD,-0.0027644280091223
2013-02-20,QQQ,0.0072064121189459
2013-02-20,SPY,0.0074666274801022
2013-02-20,TLT,-0.0049909907891761
2013-02-21,GLD,-0.0253623747656297
2013-02-21,QQQ,-0.015506408610841
2013-02-21,SPY,-0.0125416377478401
2013-02-21,TLT,0.0030147615920564
2013-02-22,GLD,0.0077616168458742
2013-02-22,QQQ,-0.0107737268497021
2013-02-22,SPY,-0.0060975678431706
2013-02-22,TLT,0.0058314231270007
2013-02-25,GLD,0.0022906918469714
2013-02-25,QQQ,0.0100292460429464
2013-02-25,SPY,0.0097252014062387
2013-02-25,TLT,0.0006838348203531
2013-02-26,GLD,0.0089161055867207
2013-02-26,QQQ,-0.0124393038984543
2013-02-26,SPY,-0.0192102646860895
2013-02-26,TLT,0.0194624779700372
2013-02-27,GLD,0.0121073406942403
2013-02-27,QQQ,0.003763081270466
2013-02-27,SPY,0.0068223410753063
2013-02-27,TLT,-0.0057990870409178
2013-02-28,GLD,-0.0106181624474475
2013-02-28,QQQ,0.0101645169370103
2013-02-28,SPY,0.0125196173059043
2013-02-28,TLT,-0.0029544483877779
2013-03-01,GLD,-0.0102091941562685
2013-03-01,QQQ,-0.0020842555329166
2013-03-01,SPY,-0.0019768262073793
2013-03-01,TLT,0.0018581189287668
2013-03-04,GLD,-0.0036668293712536
2013-03-04,QQQ,0.0041641759785702
2013-03-04,SPY,0.0032925092169281
2013-03-04,TLT,0.0032854533039348
2013-03-05,GLD,-0.0009188120822602
2013-03-05,QQQ,0.0044425225912311
2013-03-05,SPY,0.0053109495180547
2013-03-05,TLT,-0.0053126986506512
2013-03-06,GLD,0.0005251531495988
2013-03-06,QQQ,0.0146673206656531
2013-03-06,SPY,0.0089190080860631
2013-03-06,TLT,-0.0028788871897317
2013-03-07,GLD,0.0055625996188978
2013-03-07,QQQ,-0.0024782892766179
2013-03-07,SPY,0.0013601913974636
2013-03-07,TLT,-0.0091145883404285
2013-03-08,GLD,-0.0035302945226979
2013-03-08,QQQ,0.0026239125720706
2013-03-08,SPY,0.0018106496178148
2013-03-08,TLT,-0.0077313461909655
2013-03-11,GLD,0.0001310037451856
2013-03-11,QQQ,0.0011638907496468
2013-03-11,SPY,0.0042550748199917
2013-03-11,TLT,-0.0104894472176006
2013-03-12,GLD,0.0018318537547607
2013-03-12,QQQ,0.0029040906244256
2013-03-12,SPY,0.0037884678539687
2013-03-12,TLT,0.0009581518093698
2013-03-13,GLD,0.0078130283323465
2013-03-13,QQQ,-0.0036313497028116
2013-03-13,SPY,-0.0022457172385075
2013-03-13,TLT,0.0072002203937743
2013-03-14,GLD,-0.0034432307449765
2013-03-14,QQQ,-0.0013105785390278
2013-03-14,SPY,0.0014121655224659
2013-03-14,TLT,-0.0010378167970629
2013-03-15,GLD,0.0001300775293696
2013-03-15,QQQ,0.0033457498736315
2013-03-15,SPY,0.0053098154924355
2013-03-15,TLT,-0.0030330494479568
2013-03-18,GLD,0.0020801316122226
2013-03-18,QQQ,-0.0050957155779353
2013-03-18,SPY,-0.0057588711981112
2013-03-18,TLT,0.0046757458784099
2013-03-19,GLD,0.0089211585336192
2013-03-19,QQQ,-0.0021918840202215
2013-03-19,SPY,-0.0055341235315858
2013-03-19,TLT,0.0075731622503782
2013-03-20,GLD,0.004494947099121
2013-03-20,QQQ,-0.001903467148291
2013-03-20,SPY,-0.002325736614084
2013-03-20,TLT,0.0067501509482114
2013-03-21,GLD,-0.0045593703694571
2013-03-21,QQQ,0.0070103356908818
2013-03-21,SPY,0.0069610453205964
2013-03-21,TLT,-0.0112182511663869
2013-03-22,GLD,0.0056479509395984
2013-03-22,QQQ,-0.0114169680227563
2013-03-22,SPY,-0.0085793257592879
2013-03-22,TLT,0.0095989348122959
2013-03-25,GLD,-0.0044900456537212
2013-03-25,QQQ,0.0096689304242126
2013-03-25,SPY,0.0080011103464726
2013-03-25,TLT,0.0007673954198674
2013-03-26,GLD,-0.0019949010771062
2013-03-26,QQQ,-0.0036515050193991
2013-03-26,SPY,-0.0041861864313256
2013-03-26,TLT,-0.0009379715794935
2013-03-27,GLD,-0.0033553022909427
2013-03-27,QQQ,0.0053995426179429
2013-03-27,SPY,0.0079707659619894
2013-03-27,TLT,0.0011936175733426
2013-03-28,GLD,0.0041279688769014
2013-03-28,QQQ,0.0013090535777711
2013-03-28,SPY,0.0
2013-03-28,TLT,0.008484693653343
2013-04-01,GLD,-0.0058746088659239
2013-04-01,QQQ,0.0024678558460027
2013-04-01,SPY,0.0030684402174279
2013-04-01,TLT,-0.0050821595676372
2013-04-02,GLD,0.0014234036058695
2013-04-02,QQQ,-0.0068378998740649
2013-04-02,SPY,-0.0039651824449908
2013-04-02,TLT,0.0053355811470029
2013-04-03,GLD,-0.0145883769875583
2013-04-03,QQQ,0.0078523147678175
2013-04-03,SPY,0.004922209234326
2013-04-03,TLT,-0.0040626016210177
2013-04-04,GLD,-0.0112152977467187
2013-04-04,QQQ,-0.0091669937313075
2013-04-04,SPY,-0.0101908369924676
2013-04-04,TLT,0.0089497181019354
2013-04-05,GLD,-0.002923412204056
2013-04-05,QQQ,0.0002922631193948
2013-04-05,SPY,0.0040503118165106
2013-04-05,TLT,0.0118650971281181
2013-04-08,GLD,0.0166285873671669
2013-04-08,QQQ,-0.0083645610737246
2013-04-08,SPY,-0.0045013061575245
2013-04-08,TLT,0.0199833985393642
2013-04-09,GLD,-0.0042626807758511
2013-04-09,QQQ,0.005291026533765
2013-04-09,SPY,0.0067444326487546
2013-04-09,TLT,-0.0076829348341382
2013-04-10,GLD,0.0077250313838939
2013-04-10,QQQ,0.0067202455885946
2013-04-10,SPY,0.0034508806903607
2013-04-10,TLT,-0.0024644342013059
2013-04-11,GLD,-0.0170348186411695
2013-04-11,QQQ,0.0193228271113027
2013-04-11,SPY,0.0121743826929499
2013-04-11,TLT,-0.0138310054492439
2013-04-12,GLD,0.0019880924290127
2013-04-12,QQQ,-0.0004285234045127
2013-04-12,SPY,0.0032719104974942
2013-04-12,TLT,0.0019162324098545
2013-04-15,GLD,-0.0481449321782465
2013-04-15,QQQ,-0.0007145776371276
2013-04-15,SPY,-0.0024529046728204
2013-04-15,TLT,0.0147893877333709
2013-04-16,GLD,-0.0919050745798384
2013-04-16,QQQ,-0.0199285278626341
2013-04-16,SPY,-0.0234465885739041
2013-04-16,TLT,0.0086559218101289
2013-04-17,GLD,0.0112833387442147
2013-04-17,QQQ,0.0131857835967003
2013-04-17,SPY,0.0146549101747624
2013-04-17,TLT,-0.0082459094965088
2013-04-18,GLD,0.0005269098319827
2013-04-18,QQQ,-0.0197709680619589
2013-04-18,SPY,-0.0147193430598931
2013-04-18,TLT,0.0066184622397923
2013-04-19,GLD,0.0107049563982102
2013-04-19,QQQ,-0.0138973621957235
2013-04-19,SPY,-0.0062732701814938
2013-04-19,TLT,0.0024401787422634
2013-04-22,GLD,0.0086740963508889
2013-04-22,QQQ,0.0136036136927426
2013-04-22,SPY,0.0086558021147296
2013-04-22,TLT,-0.0021144649124966
2013-04-23,GLD,0.017778517935289
2013-04-23,QQQ,0.0102280931354324
2013-04-23,SPY,0.0044280672701465
2013-04-23,TLT,0.000732421907742
2013-04-24,GLD,-0.0074240752826579
2013-04-24,QQQ,0.009548626411614
2013-04-24,SPY,0.0102565041552003
2013-04-24,TLT,-0.0035043458064176
2013-04-25,GLD,0.0108265561370557
2013-04-25,QQQ,-0.0004320412013868
2013-04-25,SPY,0.0006336317918098
2013-04-25,TLT,0.0025276640049355
2013-04-26,GLD,0.0232868363089332
2013-04-26,QQQ,0.0053157620902092
2013-04-26,SPY,0.0040455135524108
2013-04-26,TLT,-0.0043253538634791
2013-04-29,GLD,-0.0050966430061307
2013-04-29,QQQ,-0.0031573105984274
2013-04-29,SPY,-0.0017678926858903
2013-04-29,TLT,0.0091183792629083
2013-04-30,GLD,0.0098161118457415
2013-04-30,QQQ,0.0091573024403651
2013-04-30,SPY,0.00667633348477
2013-04-30,TLT,-0.0036536146265371
2013-05-01,GLD,0.0032974471848591
2013-05-01,QQQ,0.0072376976011465
2013-05-01,SPY,0.0023825306217472
2013-05-01,TLT,0.0005692189096276
2013-05-02,GLD,-0.01169524133158
2013-05-02,QQQ,-0.0046772366414194
2013-05-02,SPY,-0.0088061578901276
2013-05-02,TLT,0.0080965544939475
2013-05-03,GLD,0.0057237732642198
2013-05-03,QQQ,0.0125645670880471
2013-05-03,SPY,0.0092444844527223
2013-05-03,TLT,-0.001291081125967
2013-05-06,GLD,0.0011971282175668
2013-05-06,QQQ,0.011715670381527
2013-05-06,SPY,0.0100897414371264
2013-05-06,TLT,-0.0238592752942318
2013-05-07,GLD,0.0004221612830436
2013-05-07,QQQ,0.00387488404873
2013-05-07,SPY,0.0025375453495845
2013-05-07,TLT,-0.0024838815121141
2013-05-08,GLD,-0.0125297290747631
2013-05-08,QQQ,-0.0005526515053212
2013-05-08,SPY,0.0050558546063509
2013-05-08,TLT,-0.0039037683158774
2013-05-09,GLD,0.0147082395931966
2013-05-09,QQQ,0.0048252451084491
2013-05-09,SPY,0.0045406608592606
2013-05-09,TLT,0.0015799330576365
2013-05-10,GLD,-0.0116498590873744
2013-05-10,QQQ,-0.00137625227243
2013-05-10,SPY,-0.0028201321698346
2013-05-10,TLT,-0.0025791233513842
2013-05-13,GLD,-0.0086302125411887
2013-05-13,QQQ,0.0060415181749515
2013-05-13,SPY,0.0032486391341189
2013-05-13,TLT,-0.010804585284268
2013-05-14,GLD,-0.0084165042592745
2013-05-14,QQQ,0.0012312244032636
2013-05-14,SPY,0.0007951652062149
2013-05-14,TLT,-0.0076927018373397
2013-05-15,GLD,-0.0044888226191427
2013-05-15,QQQ,0.0051820280110302
2013-05-15,SPY,0.0102808491247742
2013-05-15,TLT,-0.010921600135951
2013-05-16,GLD,-0.0233455959117858
2013-05-16,QQQ,0.0020382034526113
2013-05-16,SPY,0.005371972564027
2013-05-16,TLT,0.0066695313468672
2013-05-17,GLD,-0.0040191222788075
2013-05-17,QQQ,-0.0010865386650763
2013-05-17,SPY,-0.0047064516937
2013-05-17,TLT,0.0103434686672916
2013-05-20,GLD,-0.0227796014690591
2013-05-20,QQQ,0.0096018956223449
2013-05-20,SPY,0.0096305433714765
2013-05-20,TLT,-0.0127325379485686
2013-05-21,GLD,0.0304316488510243
2013-05-21,QQQ,-0.0014815896882509
2013-05-21,SPY,-5.996205573657439e-05
2013-05-21,TLT,-0.0011966784247531
2013-05-22,GLD,-0.0167167343116151
2013-05-22,QQQ,0.0010776533732338
2013-05-22,SPY,0.0014367287699826
2013-05-22,TLT,0.0078378164951139
2013-05-23,GLD,-0.0070992097524315
2013-05-23,QQQ,-0.0087902912237249
2013-05-23,SPY,-0.0074452792270078
2013-05-23,TLT,-0.0149620202729005
2013-05-24,GLD,0.0200344208915859
2013-05-24,QQQ,-0.0023119041873205
2013-05-24,SPY,-0.002896952611858
2013-05-24,TLT,0.0047265422230567
2013-05-28,GLD,-0.0063346049211476
2013-05-28,QQQ,-0.0005446450627158
2013-05-28,SPY,-0.0008465316261579
2013-05-28,TLT,0.0013708334946226
2013-05-29,GLD,-0.0020204984510566
2013-05-29,QQQ,0.0065172765318926
2013-05-29,SPY,0.0059709202535344
2013-05-29,TLT,-0.0256691749095091
2013-05-30,GLD,0.0099881294084336
2013-05-30,QQQ,-0.0047480042177783
2013-05-30,SPY,-0.0065154780270918
2013-05-30,TLT,0.0111811648248579
2013-05-31,GLD,0.0137739821789609
2013-05-31,QQQ,0.0052892153744053
2013-05-31,SPY,0.0036852517450562
2013-05-31,TLT,-0.0024352630734722
2013-06-03,GLD,-0.0205461283369983
2013-06-03,QQQ,-0.0092404557997337
2013-06-03,SPY,-0.0144560637684408
2013-06-03,TLT,-0.0034018036300413
2013-06-04,GLD,0.0191552387064584
2013-06-04,QQQ,0.0017731336003861
2013-06-04,SPY,0.0054912227482056
2013-06-04,TLT,0.0028792223110361
2013-06-05,GLD,-0.0094208308836374
2013-06-05,QQQ,-0.0051919403491716
2013-06-05,SPY,-0.0048184566777591
2013-06-05,TLT,-0.0092779445279751
2013-06-06,GLD,0.0021422615389313
2013-06-06,QQQ,-0.0130990763467497
2013-06-06,SPY,-0.0140998750847509
2013-06-06,TLT,0.0137114036688582
2013-06-07,GLD,0.0074250993255778
2013-06-07,QQQ,0.0048459556657045
2013-06-07,SPY,0.0090123539325963
2013-06-07,TLT,-0.0006073462871653
2013-06-10,GLD,-0.0240921924961497
2013-06-10,QQQ,0.0135813577730759
2013-06-10,SPY,0.0126402765757029
2013-06-10,TLT,-0.018040576103188
2013-06-11,GLD,0.0049397874499197
2013-06-11,QQQ,0.0004086748888123
2013-06-11,SPY,0.0
2013-06-11,TLT,-0.0047834345810699
2013-06-12,GLD,-0.0051648936635613
2013-06-12,QQQ,-0.0099924960461417
2013-06-12,SPY,-0.0103690889444286
2013-06-12,TLT,0.011828157381426
2013-06-13,GLD,0.0074766703430201
2013-06-13,QQQ,-0.0116232657950652
2013-06-13,SPY,-0.0083116136678804
2013-06-13,TLT,-0.0144065176417955
2013-06-14,GLD,-0.0038060756896859
2013-06-14,QQQ,0.0125857917218507
2013-06-14,SPY,0.015094204008596
2013-06-14,TLT,0.0155465945557004
2013-06-17,GLD,0.0051459052833579
2013-06-17,QQQ,-0.0066189341743828
2013-06-17,SPY,-0.0062922962732446
2013-06-17,TLT,-0.002369328016088
2013-06-18,GLD,-0.0049216237362944
2013-06-18,QQQ,0.0096380281707992
2013-06-18,SPY,0.0076919357601069
2013-06-18,TLT,-0.0052854111035584
2013-06-19,GLD,-0.0123356158656178
2013-06-19,QQQ,0.0081877975555563
2013-06-19,SPY,0.0078745516876886
2013-06-19,TLT,0.0005297797792232
2013-06-20,GLD,-0.0117237071912194
2013-06-20,QQQ,-0.0112068915519727
2013-06-20,SPY,-0.0139132140648325
2013-06-20,TLT,-0.0103820815597058
2013-06-21,GLD,-0.0550120835112227
2013-06-21,QQQ,-0.0240640771858997
2013-06-21,SPY,-0.0250903864337725
2013-06-21,TLT,-0.0165486642819908
2013-06-24,GLD,0.0116631490496367
2013-06-24,QQQ,-0.0084829927336225
2013-06-24,SPY,-0.0020723251112856
2013-06-24,TLT,-0.0171037702458124
2013-06-25,GLD,-0.0089967891886604
2013-06-25,QQQ,-0.0099886237155531
2013-06-25,SPY,-0.0127165205519552
2013-06-25,TLT,0.0041426705804568
2013-06-26,GLD,-0.0037186710729782
2013-06-26,QQQ,0.0072872295387543
2013-06-26,SPY,0.0095682999883473
2013-06-26,TLT,-0.0089513008504509
2013-06-27,GLD,-0.0429435368024657
2013-06-27,QQQ,0.0089293326638213
2013-06-27,SPY,0.0098522464424673
2013-06-27,TLT,0.0064677725290255
2013-06-28,GLD,-0.01998184769474
2013-06-28,QQQ,0.0042241040059006
2013-06-28,SPY,0.00585271851749
2013-06-28,TLT,0.0101709823396189
2013-07-01,GLD,0.0269746040479937
2013-07-01,QQQ,0.0014040788288634
2013-07-01,SPY,-0.0041057828259666
2013-07-01,TLT,0.0068141814875609
2013-07-02,GLD,0.0168168853369691
2013-07-02,QQQ,0.0061547607152606
2013-07-02,SPY,0.0058425329038531
2013-07-02,TLT,-0.0002716665488095
2013-07-03,GLD,-0.0089559782660616
2013-07-03,QQQ,0.0004182471993361
2013-07-03,SPY,-0.000929992893879
2013-07-03,TLT,-0.0006342679643553
2013-07-05,GLD,0.0057311075874801
2013-07-05,QQQ,0.0040342396273836
2013-07-05,SPY,0.000434072779537
2013-07-05,TLT,-0.00299518448511
2013-07-08,GLD,-0.0221924410734477
2013-07-08,QQQ,0.0076067450588902
2013-07-08,SPY,0.0107309415603521
2013-07-08,TLT,-0.0346823490432524
2013-07-09,GLD,0.0119530531516822
2013-07-09,QQQ,0.0009639840064297
2013-07-09,SPY,0.0056885658021907
2013-07-09,TLT,0.0096465160552542
2013-07-10,GLD,0.0092450630396769
2013-07-10,QQQ,0.0060380973687469
2013-07-10,SPY,0.0071715873676995
2013-07-10,TLT,0.001024739100345
2013-07-11,GLD,0.0027320810310944
2013-07-11,QQQ,0.0057299720582127
2013-07-11,SPY,0.0003632693020297
2013-07-11,TLT,-0.0078520124012186
2013-07-12,GLD,0.026837949821575
2013-07-12,QQQ,0.019666569351123
2013-07-12,SPY,0.0135287513720949
2013-07-12,TLT,0.0116622120245896
2013-07-15,GLD,-0.0008857802448473
2013-07-15,QQQ,0.004392125536314
2013-07-15,SPY,0.0004179254640164
2013-07-15,TLT,-0.0008351166299891
2013-07-16,GLD,0.0004027469930761
2013-07-16,QQQ,0.0022550671376179
2013-07-16,SPY,0.0038133837056936
2013-07-16,TLT,0.0052775428191068
2013-07-17,GLD,0.0057012165936061
2013-07-17,QQQ,-0.0013258881747627
2013-07-17,SPY,-0.0037536292618262
2013-07-17,TLT,0.0034109527311457
2013-07-18,GLD,-0.0126507444445967
2013-07-18,QQQ,0.0025176560257845
2013-07-18,SPY,0.0025635252612579
2013-07-18,TLT,0.0018388837869737
2013-07-19,GLD,0.005579624197673
2013-07-19,QQQ,-0.0025176560257846
2013-07-19,SPY,0.0054628613417522
2013-07-19,TLT,-0.0125718110450934
2013-07-22,GLD,0.0088311304668711
2013-07-22,QQQ,-0.0104029534261431
2013-07-22,SPY,0.0017749564340242
2013-07-22,TLT,0.0156901877965867
2013-07-23,GLD,0.0293779408314707
2013-07-23,QQQ,0.0029451323790035
2013-07-23,SPY,0.0019488111570598
2013-07-23,TLT,0.0014641626325124
2013-07-24,GLD,0.0067299450738798
2013-07-24,QQQ,-0.0073790557337149
2013-07-24,SPY,-0.0021261560749871
2013-07-24,TLT,-0.0042151540461581
2013-07-25,GLD,-0.0173417252310216
2013-07-25,QQQ,0.0032266478696737
2013-07-25,SPY,-0.0036723082818602
2013-07-25,TLT,-0.0127531983973001
2013-07-26,GLD,0.0092914570841155
2013-07-26,QQQ,0.0062889244120114
2013-07-26,SPY,0.0024299221144476
2013-07-26,TLT,-0.0003720305729683
2013-07-29,GLD,0.0008545396647843
2013-07-29,QQQ,0.0053213044991691
2013-07-29,SPY,0.0010650097926866
2013-07-29,TLT,0.0061218633293818
2013-07-30,GLD,-0.0024100890856849
2013-07-30,QQQ,-0.0018592221022922
2013-07-30,SPY,-0.0030796842650668
2013-07-30,TLT,-0.0073321681990378
2013-07-31,GLD,-0.0027281369156585
2013-07-31,QQQ,0.0053028613574964
2013-07-31,SPY,0.0
2013-07-31,TLT,-0.0003726909226648
2013-08-01,GLD,-0.0012495787031893
2013-08-01,QQQ,0.0018493980871249
2013-08-01,SPY,0.0007115943074703
2013-08-01,TLT,0.0036277366385463
2013-08-02,GLD,-0.0106062075736405
2013-08-02,QQQ,0.0101111003199558
2013-08-02,SPY,0.0114919901537535
2013-08-02,TLT,-0.0219664925985796
2013-08-05,GLD,-0.0019765195887397
2013-08-05,QQQ,0.0056022594467127
2013-08-05,SPY,0.0016978036666044
2013-08-05,TLT,0.01094966620311
2013-08-06,GLD,-0.0052368894460472
2013-08-06,QQQ,0.0006493333958502
2013-08-06,SPY,-0.0014634863110602
2013-08-06,TLT,-0.0077278654268352
2013-08-07,GLD,-0.0138584806212787
2013-08-07,QQQ,-0.0059903695456406
2013-08-07,SPY,-0.0056986979211558
2013-08-07,TLT,0.002928585431912
2013-08-08,GLD,0.001450913547965
2013-08-08,QQQ,-0.0018302971975603
2013-08-08,SPY,-0.003245720417932
2013-08-08,TLT,0.0074245056643823
2013-08-09,GLD,0.0215935967721895
2013-08-09,QQQ,0.004960261831714
2013-08-09,SPY,0.0036580982665022
2013-08-09,TLT,0.0027116131156199
2013-08-12,GLD,0.0
2013-08-12,QQQ,-0.0040446944845133
2013-08-12,SPY,-0.0028899521295076
2013-08-12,TLT,0.0015862452549295
2013-08-13,GLD,0.0177355656547404
2013-08-13,QQQ,0.0023504882829768
2013-08-13,SPY,-0.001181945349608
2013-08-13,TLT,-0.006829189306822
2013-08-14,GLD,-0.0108227552615398
2013-08-14,QQQ,0.0055927870898577
2013-08-14,SPY,0.0029522931115145
2013-08-14,TLT,-0.0145615369844731
2013-08-15,GLD,0.0098154729514989
2013-08-15,QQQ,-0.003768452552792
2013-08-15,SPY,-0.0051425861908138
2013-08-15,TLT,0.0015228294802984
2013-08-16,GLD,0.020638289899497
2013-08-16,QQQ,-0.0170696821195548
2013-08-16,SPY,-0.0140847430883989
2013-08-16,TLT,-0.013596514854197
2013-08-19,GLD,0.0067355563630182
2013-08-19,QQQ,-0.0003973611312035
2013-08-19,SPY,-0.0033111799353285
2013-08-19,TLT,-0.0034765906551699
2013-08-20,GLD,-0.0043086149432469
2013-08-20,QQQ,-0.0017238601528716
2013-08-20,SPY,-0.006412590268578
2013-08-20,TLT,-0.0087447264263791
2013-08-21,GLD,0.0033275569963088
2013-08-21,QQQ,0.0043700239541177
2013-08-21,SPY,0.0049038847699018
2013-08-21,TLT,0.0076800154149709
2013-08-22,GLD,-0.0028730521644412
2013-08-22,QQQ,-0.0034414612239667
2013-08-22,SPY,-0.0061792422603512
2013-08-22,TLT,-0.0110036154423751
2013-08-23,GLD,0.0055873765166521
2013-08-23,QQQ,0.0097639710154224
2013-08-23,SPY,0.0090739236231942
2013-08-23,TLT,0.0101316106673395
2013-08-26,GLD,0.0156142009395074
2013-08-26,QQQ,0.0066740351209911
2013-08-26,SPY,0.0033665871097505
2013-08-26,TLT,0.0107973935474427
2013-08-27,GLD,0.0040688280316244
2013-08-27,QQQ,0.0005215923477705
2013-08-27,SPY,-0.003727952885139
2013-08-27,TLT,0.0049736749766572
2013-08-28,GLD,0.0095518953014983
2013-08-28,QQQ,-0.020679034013325
2013-08-28,SPY,-0.0162150830807276
2013-08-28,TLT,0.0125155680058709
2013-08-29,GLD,-0.000292498247905
2013-08-29,QQQ,0.0038520458883892
2013-08-29,SPY,0.0035448137676492
2013-08-29,TLT,-0.0081362855198817
2013-08-30,GLD,-0.006163432755339
2013-08-30,QQQ,0.0070017959799752
2013-08-30,SPY,0.0015849461095559
2013-08-30,TLT,0.0079478512631268
2013-09-03,GLD,-0.009242551987358
2013-09-03,QQQ,-0.0064716314198718
2013-09-03,SPY,-0.0031725015019858
2013-09-03,TLT,-0.0011315677534192
2013-09-04,GLD,0.0132823904928981
2013-09-04,QQQ,0.0056814620339332
2013-09-04,SPY,0.0045116861575577
2013-09-04,TLT,-0.0168406686903225
2013-09-05,GLD,-0.0129852384920244
2013-09-05,QQQ,0.0106153615308991
2013-09-05,SPY,0.0082389792573794
2013-09-05,TLT,-0.0022093410643333
2013-09-06,GLD,-0.0184372059791775
2013-09-06,QQQ,0.0016932242051714
2013-09-06,SPY,0.0012662068534256
2013-09-06,TLT,-0.0140417448454439
2013-09-09,GLD,0.0146426270407535
2013-09-09,QQQ,0.00117063119631
2013-09-09,SPY,0.0004818468302001
2013-09-09,TLT,0.0049613616667639
2013-09-10,GLD,-0.0017905715189216
2013-09-10,QQQ,0.0116310630598605
2013-09-10,SPY,0.0095305160221005
2013-09-10,TLT,0.0004850392721164
2013-09-11,GLD,-0.0163376349454609
2013-09-11,QQQ,0.0048705204098741
2013-09-11,SPY,0.0073699604577225
2013-09-11,TLT,-0.0070080220208178
2013-09-12,GLD,-0.0003037393323617
2013-09-12,QQQ,-0.0019197744310593
2013-09-12,SPY,0.0031335869583339
2013-09-12,TLT,0.0088492206800942
2013-09-13,GLD,-0.031077790087025
2013-09-13,QQQ,-0.000640679492166
2013-09-13,SPY,-0.0026599510905387
2013-09-13,TLT,-0.0013563205721249
2013-09-16,GLD,0.0011742263444235
2013-09-16,QQQ,0.0006406794921659
2013-09-16,SPY,0.0022466893935609
2013-09-16,TLT,0.0038703630028617
2013-09-17,GLD,-0.0107760728527253
2013-09-17,QQQ,-0.0026938517966824
2013-09-17,SPY,0.0057708070248944
2013-09-17,TLT,-0.0066857710323591
2013-09-18,GLD,0.0003953591857077
2013-09-18,QQQ,0.006657357431353
2013-09-18,SPY,0.0044525807626902
2013-09-18,TLT,0.0082296874933006
2013-09-19,GLD,0.0426353275133656
2013-09-19,QQQ,0.0119229572010282
2013-09-19,SPY,0.0115077154381128
2013-09-19,TLT,0.0122665534059802
2013-09-20,GLD,-0.0019714482594688
2013-09-20,QQQ,0.0023928283481407
2013-09-20,SPY,-0.0016772714204791
2013-09-20,TLT,-0.0059227830320805
2013-09-23,GLD,-0.0291884794949476
2013-09-23,QQQ,-0.0064357865282742
2013-09-23,SPY,-0.0118785215922296
2013-09-23,TLT,0.005255833398981
2013-09-24,GLD,-0.0032092394127313
2013-09-24,QQQ,-0.0020275768323039
2013-09-24,SPY,-0.0046382502591402
2013-09-24,TLT,0.0073121665741855
2013-09-25,GLD,0.000862040000546
2013-09-25,QQQ,0.0
2013-09-25,SPY,-0.0023566493352781
2013-09-25,TLT,0.0107284989767422
2013-09-26,GLD,0.0088126102598934
2013-09-26,QQQ,-0.0034310253304616
2013-09-26,SPY,-0.0028945615191714
2013-09-26,TLT,0.0020572404457829
2013-09-27,GLD,-0.0077948199893089
2013-09-27,QQQ,0.0077347830859575
2013-09-27,SPY,0.0038379237820074
2013-09-27,TLT,-0.0070307294866528
2013-09-30,GLD,0.0091915298563927
2013-09-30,QQQ,-0.0012638838319331
2013-09-30,SPY,-0.0046072069990981
2013-09-30,TLT,0.0024428698241661
2013-10-01,GLD,-0.0061443597053424
2013-10-01,QQQ,-0.0024058567486435
2013-10-01,SPY,-0.0053425816272341
2013-10-01,TLT,-0.001502592632473
2013-10-02,GLD,-0.028407152018487
2013-10-02,QQQ,0.0100909416317327
2013-10-02,SPY,0.0078850378425006
2013-10-02,TLT,-0.0056550429797207
2013-10-03,GLD,0.019631079706307
2013-10-03,QQQ,-0.0003765615930032
2013-10-03,SPY,-0.0009453130049468
2013-10-03,TLT,0.0015111074947678
2013-10-04,GLD,0.0009440116150259
2013-10-04,QQQ,-0.0117447872624595
2013-10-04,SPY,-0.0092637100428955
2013-10-04,TLT,-0.0016056501106793
2013-10-07,GLD,-0.0051239836851865
2013-10-07,QQQ,0.0086011192198109
2013-10-07,SPY,0.0075481282754203
2013-10-07,TLT,-0.0007565185330519
2013-10-08,GLD,0.008734372074589
2013-10-08,QQQ,-0.0083471290852984
2013-10-08,SPY,-0.0086823020924396
2013-10-08,TLT,0.0040594845294835
2013-10-09,GLD,-0.0018820415130879
2013-10-09,QQQ,-0.0194927517411984
2013-10-09,SPY,-0.0117149939488739
2013-10-09,TLT,0.00028259412973
2013-10-10,GLD,-0.0101772083075164
2013-10-10,QQQ,-0.0031128151807453
2013-10-10,SPY,0.0007249630335206
2013-10-10,TLT,-0.0080382340485368
2013-10-11,GLD,-0.0146979560029409
2013-10-11,QQQ,0.0209532341064982
2013-10-11,SPY,0.0213288368553079
2013-10-11,TLT,0.001612809712664
2013-10-14,GLD,-0.0135295797485602
2013-10-14,QQQ,0.0078561317766613
2013-10-14,SPY,0.0064225325290797
2013-10-14,TLT,-0.0002844160221196
2013-10-15,GLD,0.001874289402113
2013-10-15,QQQ,0.0070431374477753
2013-10-15,SPY,0.003985983827588
2013-10-15,TLT,-0.0080925702308352
2013-10-16,GLD,0.0073004988987751
2013-10-16,QQQ,-0.0038927348745806
2013-10-16,SPY,-0.0072804777631838
2013-10-16,TLT,-0.0006693731477619
2013-10-17,GLD,-0.0015368016784752
2013-10-17,QQQ,0.0112598949312658
2013-10-17,SPY,0.0138692590734807
2013-10-17,TLT,0.0124532011229399
2013-10-18,GLD,0.0309237046395825
2013-10-18,QQQ,0.005706492383623
2013-10-18,SPY,0.0066610566196149
2013-10-18,TLT,0.0090285490787443
2013-10-21,GLD,-0.0044834283018234
2013-10-21,QQQ,0.0160750158228693
2013-10-21,SPY,0.0067316969314213
2013-10-21,TLT,0.002151072688916
2013-10-22,GLD,0.0010243461627259
2013-10-22,QQQ,0.0021887204931864
2013-10-22,SPY,5.730959621005006e-05
2013-10-22,TLT,-0.0031814752266353
2013-10-23,GLD,0.0184149475256124
2013-10-23,QQQ,0.0014564284414055
2013-10-23,SPY,0.005774635255459
2013-10-23,TLT,0.0110910541996675
2013-10-24,GLD,-0.0050381372278342
2013-10-24,QQQ,-0.0060827440415985
2013-10-24,SPY,-0.0048002624406577
2013-10-24,TLT,0.0038852794006494
2013-10-25,GLD,0.0093584462134963
2013-10-25,QQQ,0.0043833093728661
2013-10-25,SPY,0.003316865503675
2013-10-25,TLT,-0.0038852794006495
2013-10-28,GLD,0.0043018411406916
2013-10-28,QQQ,0.0071425032240697
2013-10-28,SPY,0.0045571316270014
2013-10-28,TLT,0.0037006381886079
2013-10-29,GLD,0.0007661546853194
2013-10-29,QQQ,0.000241184937886
2013-10-29,SPY,0.0015900894094799
2013-10-29,TLT,-0.003422627161969
2013-10-30,GLD,-0.0060691868438285
2013-10-30,QQQ,0.0016869433239274
2013-10-30,SPY,0.0053197774447168
2013-10-30,TLT,0.0012964108901355
2013-10-31,GLD,-0.0013108546592705
2013-10-31,QQQ,-0.0009635534498698
2013-10-31,SPY,-0.0049793850638994
2013-10-31,TLT,-0.0060332841182247
2013-11-01,GLD,-0.014455899603028
2013-11-01,QQQ,-0.0022923631503086
2013-11-01,SPY,-0.0028402655941754
2013-11-01,TLT,0.0021389984837675
2013-11-04,GLD,-0.0062036472985391
2013-11-04,QQQ,0.0002415053544427
2013-11-04,SPY,0.0023864410628936
2013-11-04,TLT,-0.0135623547817225
2013-11-05,GLD,-0.0011034001173
2013-11-05,QQQ,0.0014480845794464
2013-11-05,SPY,0.0035123257396238
2013-11-05,TLT,0.0009412507522974
2013-11-06,GLD,-0.0019733992654948
2013-11-06,QQQ,0.0010846200466195
2013-11-06,SPY,-0.0031718947517484
2013-11-06,TLT,-0.0120204399139704
2013-11-07,GLD,0.0050441421853756
2013-11-07,QQQ,-0.0002408943930543
2013-11-07,SPY,0.0050927786073059
2013-11-07,TLT,0.000476015551179
2013-11-08,GLD,-0.0082096552319325
2013-11-08,QQQ,-0.0189740250164111
2013-11-08,SPY,-0.0127238612445834
2013-11-08,TLT,0.0084348639673737
2013-11-11,GLD,-0.0150138969796366
2013-11-11,QQQ,0.0134164526361722
2013-11-11,SPY,0.0134009200081342
2013-11-11,TLT,-0.0243599511531813
2013-11-12,GLD,-0.0033044239634362
2013-11-12,QQQ,-0.0015762022033856
2013-11-12,SPY,0.0001692791410617
2013-11-12,TLT,-0.003778593058199
2013-11-13,GLD,-0.0115298922635141
2013-11-13,QQQ,0.0015762022033856
2013-11-13,SPY,-0.0020322949079467
2013-11-13,TLT,0.0046485011532461
2013-11-14,GLD,0.0032613280708258
2013-11-14,QQQ,0.0120425346118197
2013-11-14,SPY,0.0079923773371585
2013-11-14,TLT,0.0036647476491732
2013-11-15,GLD,0.0114925042581555
2013-11-15,QQQ,0.0031074738770157
2013-11-15,SPY,0.0049769394881403
2013-11-15,TLT,0.0061420481801947
2013-11-18,GLD,0.0004022933599002
2013-11-18,QQQ,0.0019074401429103
2013-11-18,SPY,0.0043415339450908
2013-11-18,TLT,0.0020072333034809
2013-11-19,GLD,-0.0114878551769745
2013-11-19,QQQ,-0.0098145575648636
2013-11-19,SPY,-0.0035051911186586
2013-11-19,TLT,0.0059974213897633
2013-11-20,GLD,0.0004067148534697
2013-11-20,QQQ,-0.0028908459357323
2013-11-20,SPY,-0.0021760331809734
2013-11-20,TLT,-0.0076220172614024
2013-11-21,GLD,-0.0232864778606247
2013-11-21,QQQ,-0.002415515419409
2013-11-21,SPY,-0.0031328560370073
2013-11-21,TLT,-0.0171702762794046
2013-11-22,GLD,-0.0014996278848545
2013-11-22,QQQ,0.0101060049000792
2013-11-22,SPY,0.008036219496011
2013-11-22,TLT,0.0016526341434627
2013-11-25,GLD,-0.0001667995702192
2013-11-25,QQQ,0.0053721486750137
2013-11-25,SPY,0.0049899964566984
2013-11-25,TLT,0.0092817712769521
2013-11-26,GLD,0.0044929014899409
2013-11-26,QQQ,0.0023784596451474
2013-11-26,SPY,-0.0009959754838664
2013-11-26,TLT,0.0028829101112844
2013-11-27,GLD,-0.0053271259064878
2013-11-27,QQQ,0.0052126028796741
2013-11-27,SPY,0.0002767030728486
2013-11-27,TLT,0.0037354518241417
2013-11-29,GLD,-0.003009034468549
2013-11-29,QQQ,0.006947381167891
2013-11-29,SPY,0.0024322978063884
2013-11-29,TLT,-0.0017223265961423
2013-12-02,GLD,0.0103265231793815
2013-12-02,QQQ,0.0059666994518054
2013-12-02,SPY,-0.0006627367900007
2013-12-02,TLT,0.0002872483382433
2013-12-03,GLD,-0.0261891342727094
2013-12-03,QQQ,-0.0029203921251966
2013-12-03,SPY,-0.0026000690790334
2013-12-03,TLT,-0.0107806908384519
2013-12-04,GLD,0.0032266076387881
2013-12-04,QQQ,-0.0008192368876366
2013-12-04,SPY,-0.0043299655856362
2013-12-04,TLT,0.0036707658271605
2013-12-05,GLD,0.0168127700631316
2013-12-05,QQQ,0.0009361522151907
2013-12-05,SPY,-0.0001112956087646
2013-12-05,TLT,-0.0095916819484363
2013-12-06,GLD,-0.0139345494677598
2013-12-06,QQQ,-0.001287535889168
2013-12-06,SPY,-0.0044051332292273
2013-12-06,TLT,-0.0028272103976404
2013-12-09,GLD,0.0021110414726728
2013-12-09,QQQ,0.0072354470926081
2013-12-09,SPY,0.0111149303273362
2013-12-09,TLT,0.0047723281946926
2013-12-10,GLD,0.0098208549270327
2013-12-10,QQQ,0.004061490668318
2013-12-10,SPY,0.0025390059438117
2013-12-10,TLT,0.0023292468899637
2013-12-11,GLD,0.0173888497223861
2013-12-11,QQQ,-0.0006950597917204
2013-12-11,SPY,-0.0035896429954382
2013-12-11,TLT,0.0071476962787566
2013-12-12,GLD,-0.0079116869197182
2013-12-12,QQQ,-0.0129470590523214
2013-12-12,SPY,-0.0112945188877287
2013-12-12,TLT,-0.0077295365682906
2013-12-13,GLD,-0.0214936116861528
2013-12-13,QQQ,-0.0025861213601361
2013-12-13,SPY,-0.0033066939352408
2013-12-13,TLT,-0.0037899019589236
2013-12-16,GLD,0.0091724154361196
2013-12-16,QQQ,-0.0012955730206642
2013-12-16,SPY,-0.000112307838387
2013-12-16,TLT,0.0048562644433113
2013-12-17,GLD,0.002593427549575
2013-12-17,QQQ,0.0055239163293287
2013-12-17,SPY,0.0062127678897553
2013-12-17,TLT,-0.0036885816595939
2013-12-18,GLD,-0.0087270915409161
2013-12-18,QQQ,-0.0019944649977218
2013-12-18,SPY,-0.0031855579625094
2013-12-18,TLT,0.0044634178344825
2013-12-19,GLD,-0.0088039246895406
2013-12-19,QQQ,0.0115594475117976
2013-12-19,SPY,0.016928408301777
2013-12-19,TLT,-0.0050471259097484
2013-12-20,GLD,-0.0240083889709399
2013-12-20,QQQ,-0.0027900257867452
2013-12-20,SPY,-0.0011563725711969
2013-12-20,TLT,-0.0009735054959485
2013-12-23,GLD,0.0097071548874557
2013-12-23,QQQ,0.0069605671841908
2013-12-23,SPY,0.0003855781060925
2013-12-23,TLT,0.0152719172024065
2013-12-24,GLD,-0.0031964326223481
2013-12-24,QQQ,0.0104653205503333
2013-12-24,SPY,0.0053283722455719
2013-12-24,TLT,-0.0056755125892651
2013-12-26,GLD,0.0045754712143115
2013-12-26,QQQ,0.0004574320792699
2013-12-26,SPY,0.0021889895778297
2013-12-26,TLT,-0.0080391910419271
2013-12-27,GLD,0.0054973459155529
2013-12-27,QQQ,0.0033107048233491
2013-12-27,SPY,0.0050710757904248
2013-12-27,TLT,-0.0071244468220439
2013-12-30,GLD,0.0032498521874088
2013-12-30,QQQ,-0.0025105710733041
2013-12-30,SPY,-5.436080963776665e-05
2013-12-30,TLT,-0.0028444030865943
2013-12-31,GLD,-0.0148813837468994
2013-12-31,QQQ,-0.0014864476622557
2013-12-31,SPY,-0.0001631831711471
2013-12-31,TLT,0.0068520684954697
2014-01-02,GLD,0.0063064728922821
2014-01-02,QQQ,0.006501302622883
2014-01-02,SPY,0.0047216993322834
2014-01-02,TLT,-0.006361048186028
2014-01-03,GLD,0.0160604616562731
2014-01-03,QQQ,-0.0078754325689563
2014-01-03,SPY,-0.009629868327046
2014-01-03,TLT,0.0030387472331633
2014-01-06,GLD,0.0108728865029934
2014-01-06,QQQ,-0.0072451270611035
2014-01-06,SPY,-0.0001640129004911
2014-01-06,TLT,0.0
2014-01-07,GLD,0.001758860402907
2014-01-07,QQQ,-0.0037002782335708
2014-01-07,SPY,-0.0029021171870236
2014-01-07,TLT,0.0041998431828698
2014-01-08,GLD,-0.0057066310123573
2014-01-08,QQQ,0.0092251927366496
2014-01-08,SPY,0.0061228877510666
2014-01-08,TLT,0.0025309284160238
2014-01-09,GLD,-0.0059086602310139
2014-01-09,QQQ,0.0021784657090833
2014-01-09,SPY,0.0002180302184219
2014-01-09,TLT,-0.0027258464694402
2014-01-10,GLD,0.0028742629920469
2014-01-10,QQQ,-0.0033270371442537
2014-01-10,SPY,0.0006536393957014
2014-01-10,TLT,0.0058320389630681
2014-01-13,GLD,0.0150807402546145
2014-01-13,QQQ,0.0032125590867321
2014-01-13,SPY,0.0027190184877031
2014-01-13,TLT,0.0118504526021281
2014-01-14,GLD,0.0062997100806513
2014-01-14,QQQ,-0.014886904402301
2014-01-14,SPY,-0.013394382993537
2014-01-14,TLT,0.0049679727018597
2014-01-15,GLD,-0.0093811428268745
2014-01-15,QQQ,0.0188880353756268
2014-01-15,SPY,0.0108387076196231
2014-01-15,TLT,-0.0045850052930237
2014-01-16,GLD,-0.001920232062457
2014-01-16,QQQ,0.0081809478343769
2014-01-16,SPY,0.0053756570049349
2014-01-16,TLT,-0.0010536962887719
2014-01-17,GLD,0.0010857988198335
2014-01-17,QQQ,0.0001130920152372
2014-01-17,SPY,-0.0013005609938403
2014-01-17,TLT,0.0066864762141296
2014-01-21,GLD,0.0094716509347488
2014-01-21,QQQ,-0.0056734523629991
2014-01-21,SPY,-0.0042384391248839
2014-01-21,TLT,0.004180154599866
2014-01-22,GLD,-0.0102232812518834
2014-01-22,QQQ,0.0075951824298793
2014-01-22,SPY,0.002936184469195
2014-01-22,TLT,0.0007580951965906
2014-01-23,GLD,-0.0042697080909431
2014-01-23,QQQ,0.0025939869636254
2014-01-23,SPY,0.0006513807078344
2014-01-23,TLT,-0.0024660403855002
2014-01-24,GLD,0.0215793786383498
2014-01-24,QQQ,-0.0033848099420844
2014-01-24,SPY,-0.0082269650358558
2014-01-24,TLT,0.014050849635125
2014-01-27,GLD,0.0040970230715239
2014-01-27,QQQ,-0.0198614619348052
2014-01-27,SPY,-0.0215668278073217
2014-01-27,TLT,0.0064405172237801
2014-01-28,GLD,-0.010935375825426
2014-01-28,QQQ,-0.0097312670256032
2014-01-28,SPY,-0.0049313907606398
2014-01-28,TLT,-0.0070025026019394
2014-01-29,GLD,-8.269303790822393e-05
2014-01-29,QQQ,-0.000582277183937
2014-01-29,SPY,0.0059371341194931
2014-01-29,TLT,0.0024330398054275
2014-01-30,GLD,0.0124889001760895
2014-01-30,QQQ,-0.0107741781845252
2014-01-30,SPY,-0.0096516161153786
2014-01-30,TLT,0.0081914716654232
2014-01-31,GLD,-0.0222929030693126
2014-01-31,QQQ,0.0183170225526532
2014-01-31,SPY,0.0105446577709216
2014-01-31,TLT,-0.0028780151467245
2014-02-03,GLD,0.0026682222466366
2014-02-03,QQQ,-0.0026625397612931
2014-02-03,SPY,-0.0058756392188703
2014-02-03,TLT,0.0066716447699447
2014-02-04,GLD,0.0101902491270345
2014-02-04,QQQ,-0.0232186293055132
2014-02-04,SPY,-0.0227624109561059
2014-02-04,TLT,0.0095589047957633
2014-02-05,GLD,-0.0027238004077892
2014-02-05,QQQ,0.0073286702695499
2014-02-05,SPY,0.0069802390594164
2014-02-05,TLT,-0.0106677121153717
2014-02-06,GLD,0.0024764999719102
2014-02-06,QQQ,-0.0025943553795076
2014-02-06,SPY,-0.0012551417795379
2014-02-06,TLT,-0.0092885673022861
2014-02-07,GLD,-0.0004123452992866
2014-02-07,QQQ,0.0126716961024748
2014-02-07,SPY,0.013100981927253
2014-02-07,TLT,-0.0043019491442111
2014-02-10,GLD,0.0076414678584548
2014-02-10,QQQ,0.0176812419391458
2014-02-10,SPY,0.0123195477897677
2014-02-10,TLT,0.0008431680501941
2014-02-11,GLD,0.0061202199377636
2014-02-11,QQQ,0.0057110375964418
2014-02-11,SPY,0.0018349241591687
2014-02-11,TLT,0.0028052704596152
2014-02-12,GLD,0.0116468677325223
2014-02-12,QQQ,0.0113251489656338
2014-02-12,SPY,0.0108843930641742
2014-02-12,TLT,-0.0058063014244796
2014-02-13,GLD,0.0005627211416357
2014-02-13,QQQ,0.0019125636123003
2014-02-13,SPY,0.0004945012924565
2014-02-13,TLT,-0.0051791918901951
2014-02-14,GLD,0.0084827458589734
2014-02-14,QQQ,0.0073908067486464
2014-02-14,SPY,0.0051494973981799
2014-02-14,TLT,0.0056486545295957
2014-02-18,GLD,0.0131414467696457
2014-02-18,QQQ,0.0020062457730204
2014-02-18,SPY,0.0055037044300471
2014-02-18,TLT,0.0005631646175865
2014-02-19,GLD,0.0019642512463853
2014-02-19,QQQ,0.0048872967142571
2014-02-19,SPY,0.0011948147561046
2014-02-19,TLT,0.0022492780059756
2014-02-20,GLD,-0.0089093102499072
2014-02-20,QQQ,-0.0068935424872776
2014-02-20,SPY,-0.0066438254962307
2014-02-20,TLT,-0.0042215639701135
2014-02-21,GLD,0.0104779140871635
2014-02-21,QQQ,0.0046750507858443
2014-02-21,SPY,0.005883661560832
2014-02-21,TLT,-0.0024473104470311
2014-02-24,GLD,-0.0001567257863738
2014-02-24,QQQ,-0.0013335121916516
2014-02-24,SPY,-0.0011413719586444
2014-02-24,TLT,0.0052636418342266
2014-02-25,GLD,0.0109912913969952
2014-02-25,QQQ,0.0053233279349475
2014-02-25,SPY,0.0055314905900654
2014-02-25,TLT,-0.002534348223279
2014-02-26,GLD,0.0017041151320099
2014-02-26,QQQ,-0.0011067520257661
2014-02-26,SPY,-0.0003786738339701
2014-02-26,TLT,0.0088889188622229
2014-02-27,GLD,-0.0085497650624025
2014-02-27,QQQ,-0.0008861660184934
2014-02-27,SPY,5.415221164381202e-05
2014-02-27,TLT,0.0052956848219883
2014-02-28,GLD,0.0007022460492867
2014-02-28,QQQ,0.0023246711939369
2014-02-28,SPY,0.0052337842274414
2014-02-28,TLT,0.0054521593863394
2014-03-03,GLD,-0.0045344007201412
2014-03-03,QQQ,-0.0011063847150375
2014-03-03,SPY,0.0025260606329176
2014-03-03,TLT,0.0005527691138323
2014-03-04,GLD,0.0207055637228936
2014-03-04,QQQ,-0.0074440451454619
2014-03-04,SPY,-0.0070568752325144
2014-03-04,TLT,0.0042279390893662
2014-03-05,GLD,-0.0124340382319163
2014-03-05,QQQ,0.0126331402729328
2014-03-05,SPY,0.0139577428130192
2014-03-05,TLT,-0.01515600033564
2014-03-06,GLD,0.0016306772285005
2014-03-06,QQQ,0.0027492182787096
2014-03-06,SPY,0.0009058598019917
2014-03-06,TLT,0.0021394673957644
2014-03-07,GLD,0.0098819517304848
2014-03-07,QQQ,-0.0008788640563264
2014-03-07,SPY,0.0022876220130295
2014-03-07,TLT,-0.0098983457014007
2014-03-10,GLD,-0.0083314672617628
2014-03-10,QQQ,-0.0049584650359604
2014-03-10,SPY,0.0004250442831955
2014-03-10,TLT,-0.0063073702026362
2014-03-11,GLD,0.0003098795217479
2014-03-11,QQQ,0.0008833149666114
2014-03-11,SPY,-0.0005312727674663
2014-03-11,TLT,0.0014155763762693
2014-03-12,GLD,0.0056372651087014
2014-03-12,QQQ,-0.0043134434594542
2014-03-12,SPY,-0.0049548993782601
2014-03-12,TLT,0.002637021480021
2014-03-13,GLD,0.0145250923982891
2014-03-13,QQQ,0.0037614419853375
2014-03-13,SPY,0.0002670318698479
2014-03-13,TLT,0.0069359906265032
2014-03-14,GLD,0.0034095741251415
2014-03-14,QQQ,-0.0142351025356306
2014-03-14,SPY,-0.0112765311965792
2014-03-14,TLT,0.0133607708193725
2014-03-17,GLD,0.0067091529538362
2014-03-17,QQQ,-0.0068558922185516
2014-03-17,SPY,-0.0028119692918969
2014-03-17,TLT,0.0001842838764382
2014-03-18,GLD,-0.0110298518190625
2014-03-18,QQQ,0.0087581830961161
2014-03-18,SPY,0.0090029888901517
2014-03-18,TLT,-0.0074920349942025
2014-03-19,GLD,-0.0077786123459218
2014-03-19,QQQ,0.0120014981655712
2014-03-19,SPY,0.0071125293102343
2014-03-19,TLT,0.0036142886669739
2014-03-20,GLD,-0.0195591938397794
2014-03-20,QQQ,-0.005427247796848
2014-03-20,SPY,-0.0053430346197567
2014-03-20,TLT,-0.007800897058569
2014-03-21,GLD,-0.0017971931407437
2014-03-21,QQQ,0.0027726962527025
2014-03-21,SPY,0.0058224908875001
2014-03-21,TLT,-0.0017729901512216
2014-03-24,GLD,0.0047595034331983
2014-03-24,QQQ,-0.0143903527271011
2014-03-24,SPY,-0.0082899421909543
2014-03-24,TLT,0.0107758000037857
2014-03-25,GLD,-0.0179859621841334
2014-03-25,QQQ,-0.0088026612183124
2014-03-25,SPY,-0.004143935612563
2014-03-25,TLT,0.0070892589054246
2014-03-26,GLD,0.0018211601163198
2014-03-26,QQQ,0.003281855602428
2014-03-26,SPY,0.0047345270875356
2014-03-26,TLT,-0.0037685937245213
2014-03-27,GLD,-0.0079422224405048
2014-03-27,QQQ,-0.0129635583700385
2014-03-27,SPY,-0.0072182835623392
2014-03-27,TLT,0.0077971876777886
2014-03-28,GLD,-0.0065600821195669
2014-03-28,QQQ,-0.0056241811741053
2014-03-28,SPY,-0.0021106726083782
2014-03-28,TLT,0.0050129569645711
2014-03-31,GLD,-0.0002408089919864
2014-03-31,QQQ,0.0019548766996138
2014-03-31,SPY,0.0049180180953826
2014-03-31,TLT,-0.0056527786870929
2014-04-01,GLD,-0.0076560550880482
2014-04-01,QQQ,0.0070970434430072
2014-04-01,SPY,0.0081610601340623
2014-04-01,TLT,-0.0024717756069221
2014-04-02,GLD,-0.001781386873533
2014-04-02,QQQ,0.0174133859483502
2014-04-02,SPY,0.006608804693013
2014-04-02,TLT,-0.0111526949468837
2014-04-03,GLD,0.0075088182006584
2014-04-03,QQQ,0.0025749060402869
2014-04-03,SPY,0.0033410519486546
2014-04-03,TLT,-0.0057631945909904
2014-04-04,GLD,-0.0032227028320669
2014-04-04,QQQ,-0.0079699480229948
2014-04-04,SPY,-0.0013244683853621
2014-04-04,TLT,0.0043719081096494
2014-04-07,GLD,0.0132271882380382
2014-04-07,QQQ,-0.026957663587996
2014-04-07,SPY,-0.0118925807359873
2014-04-07,TLT,0.0066605355470202
2014-04-08,GLD,-0.005269862274747
2014-04-08,QQQ,-0.0095393890819645
2014-04-08,SPY,-0.011113010807849
2014-04-08,TLT,0.005975120289155
2014-04-09,GLD,0.0094024013457184
2014-04-09,QQQ,0.0091919117019359
2014-04-09,SPY,0.0041143938541448
2014-04-09,TLT,0.0023801011989716
2014-04-10,GLD,0.0018224588899723
2014-04-10,QQQ,0.0169963139462062
2014-04-10,SPY,0.0106935123696715
2014-04-10,TLT,-0.0049496059270118
2014-04-11,GLD,0.0054474728041238
2014-04-11,QQQ,-0.0314622440096504
2014-04-11,SPY,-0.0212296571403353
2014-04-11,TLT,0.009237679586439
2014-04-14,GLD,-0.0006300845312461
2014-04-14,QQQ,-0.0117015444179731
2014-04-14,SPY,-0.0090493894407534
2014-04-14,TLT,0.0080701079070875
2014-04-15,GLD,0.0072219339979103
2014-04-15,QQQ,0.0078161937888893
2014-04-15,SPY,0.0078475252314251
2014-04-15,TLT,-0.0026224268582731
2014-04-16,GLD,-0.018631632703177
2014-04-16,QQQ,0.0032976877039734
2014-04-16,SPY,0.0068638636799627
2014-04-16,TLT,0.0062282533143871
2014-04-17,GLD,0.0003983830829964
2014-04-17,QQQ,0.0131987810050396
2014-04-17,SPY,0.0104232732900119
2014-04-17,TLT,0.0012589875178304
2014-04-21,GLD,-0.0063127055504717
2014-04-21,QQQ,0.0002320065375879
2014-04-21,SPY,0.0013958689255318
2014-04-21,TLT,-0.0110248142972302
2014-04-22,GLD,-0.0040965729855822
2014-04-22,QQQ,0.0073971605728996
2014-04-22,SPY,0.0034812123592844
2014-04-22,TLT,-0.0008181807320766
2014-04-23,GLD,-0.0037093751967072
2014-04-23,QQQ,0.0079142749589117
2014-04-23,SPY,0.004534220128577
2014-04-23,TLT,0.0033592363973361
2014-04-24,GLD,-0.0001615629234542
2014-04-24,QQQ,-0.008835867217265
2014-04-24,SPY,-0.0023445550554418
2014-04-24,TLT,0.0056938763872311
2014-04-25,GLD,0.0064432843996157
2014-04-25,QQQ,0.0095210837843522
2014-04-25,SPY,0.0020251812722585
2014-04-25,TLT,0.0018907770191522
2014-04-28,GLD,0.00696032854412
2014-04-28,QQQ,-0.0161126043801505
2014-04-28,SPY,-0.0082327449120488
2014-04-28,TLT,0.0014382354129461
2014-04-29,GLD,-0.0043945822562139
2014-04-29,QQQ,0.0032433571042378
2014-04-29,SPY,0.0031621625061776
2014-04-29,TLT,-0.0048622543914976
2014-04-30,GLD,-0.0001601396915205
2014-04-30,QQQ,0.007948005002949
2014-04-30,SPY,0.0046445648763188
2014-04-30,TLT,-0.0013548439562609
2014-05-01,GLD,-0.0051389175637834
2014-05-01,QQQ,0.0026353005628675
2014-05-01,SPY,0.0029782373884805
2014-05-01,TLT,0.0041490010713521
2014-05-02,GLD,-0.0033868120568973
2014-05-02,QQQ,0.0029707761207894
2014-05-02,SPY,0.0001062248965174
2014-05-02,TLT,0.008246713903115
2014-05-05,GLD,0.0101262177160676
2014-05-05,QQQ,-0.0018271520746959
2014-05-05,SPY,-0.0014347050623716
2014-05-05,TLT,0.0061407433167132
2014-05-06,GLD,0.0092328232100549
2014-05-06,QQQ,0.0052439597834653
2014-05-06,SPY,0.0019124560357089
2014-05-06,TLT,-0.0060514584567135
2014-05-07,GLD,-0.0019032349869848
2014-05-07,QQQ,-0.0130466422046291
2014-05-07,SPY,-0.0087420567565206
2014-05-07,TLT,0.0040087762326542
2014-05-08,GLD,-0.0144716111579448
2014-05-08,QQQ,-0.0028840073867708
2014-05-08,SPY,0.0058720400017308
2014-05-08,TLT,-0.0035625395412852
2014-05-09,GLD,0.0
2014-05-09,QQQ,-0.0009245747449772
2014-05-09,SPY,-0.001065141267661
2014-05-09,TLT,-0.0042918820913241
2014-05-12,GLD,-0.0005638997673953
2014-05-12,QQQ,0.0036934446763959
2014-05-12,SPY,0.0014908640741451
2014-05-12,TLT,-0.0032310261124944
2014-05-13,GLD,0.0067459616910509
2014-05-13,QQQ,0.0163404224567389
2014-05-13,SPY,0.0096889524193117
2014-05-13,TLT,-0.0040534843657564
2014-05-14,GLD,-0.0027250474989194
2014-05-14,QQQ,0.0006797820014955
2014-05-14,SPY,0.0008953966509186
2014-05-14,TLT,0.0086277076974688
2014-05-15,GLD,0.0096642188504034
2014-05-15,QQQ,-0.0052237125062991
2014-05-15,SPY,-0.0047491469406601
2014-05-15,TLT,0.0107695321463728
2014-05-16,GLD,-0.0083007974395813
2014-05-16,QQQ,-0.0078871350917073
2014-05-16,SPY,-0.0088190748489765
2014-05-16,TLT,0.0079358632434289
2014-05-19,GLD,-0.0021662996131933
2014-05-19,QQQ,0.00651989384014
2014-05-19,SPY,0.0034625639099156
2014-05-19,TLT,-0.0028144230774214
2014-05-20,GLD,0.000642378619059
2014-05-20,QQQ,0.0069306715482715
2014-05-20,SPY,0.0036625345528011
2014-05-20,TLT,-0.0074258118389246
2014-05-21,GLD,0.0008825820644809
2014-05-21,QQQ,-0.003629764595237
2014-05-21,SPY,-0.0063249428979858
2014-05-21,TLT,0.0022158219282165
2014-05-22,GLD,-0.0024088902731866
2014-05-22,QQQ,0.009500143326617
2014-05-22,SPY,0.0083891423179927
2014-05-22,TLT,-0.0061275873519862
2014-05-23,GLD,0.0022484453545561
2014-05-23,QQQ,0.0043803857283676
2014-05-23,SPY,0.0024291913804138
2014-05-23,TLT,-0.0014263120770156
2014-05-27,GLD,-0.0012841805482511
2014-05-27,QQQ,0.0072580732256142
2014-05-27,SPY,0.0040006883952002
2014-05-27,TLT,0.0053380775007852
2014-05-28,GLD,-0.0215952835728063
2014-05-28,QQQ,0.0123840897580446
2014-05-28,SPY,0.0061277492246285
2014-05-28,TLT,0.0058392067994791
2014-05-29,GLD,-0.0053487190929203
2014-05-29,QQQ,-0.0030816530816858
2014-05-29,SPY,-0.0007312582530145
2014-05-29,TLT,0.0122744089613162
2014-05-30,GLD,-0.0021474734237062
2014-05-30,QQQ,0.0063729675913638
2014-05-30,SPY,0.005159569670869
2014-05-30,TLT,-0.0053296233848107
2014-06-02,GLD,-0.004225901225548
2014-06-02,QQQ,0.0001094628641644
2014-06-02,SPY,0.001610168213985
2014-06-02,TLT,-0.0004381428482605
2014-06-03,GLD,-0.0060800867375651
2014-06-03,QQQ,-0.00098609922517
2014-06-03,SPY,0.0011411445211818
2014-06-03,TLT,-0.010041477854807
2014-06-04,GLD,0.0025865033749125
2014-06-04,QQQ,-0.0004386065332673
2014-06-04,SPY,-0.000518490265791
2014-06-04,TLT,-0.0123815717702479
2014-06-05,GLD,-0.0020853324948185
2014-06-05,QQQ,0.0037219128194507
2014-06-05,SPY,0.0020207752367304
2014-06-05,TLT,-0.0002689147003324
2014-06-06,GLD,0.0074869454142961
2014-06-06,QQQ,0.0083783122458938
2014-06-06,SPY,0.006500871665655
2014-06-06,TLT,0.0004481282105978
2014-06-09,GLD,-0.0004144987075746
2014-06-09,QQQ,0.0057263273276067
2014-06-09,SPY,0.0047713603087089
2014-06-09,TLT,0.0
2014-06-10,GLD,0.0003316000625026
2014-06-10,QQQ,-0.0007544290376617
2014-06-10,SPY,0.0010231070301474
2014-06-10,TLT,-0.001434813582384
2014-06-11,GLD,0.0061146931634976
2014-06-11,QQQ,0.0017236205813401
2014-06-11,SPY,0.0001022765584774
2014-06-11,TLT,-0.0036862587728665
2014-06-12,GLD,0.0001647798373538
2014-06-12,QQQ,-0.0002153312401471
2014-06-12,SPY,-0.0034825802233565
2014-06-12,TLT,0.001799897710172
2014-06-13,GLD,0.0100799518677402
2014-06-13,QQQ,-0.009084049996389
2014-06-13,SPY,-0.0071050338184486
2014-06-13,TLT,0.0088618747827319
2014-06-16,GLD,0.0026058621978226
2014-06-16,QQQ,0.0029288586218104
2014-06-16,SPY,0.0030438881265871
2014-06-16,TLT,-0.0005348329458076
2014-06-17,GLD,-0.0044013513188366
2014-06-17,QQQ,0.0008661957073201
2014-06-17,SPY,0.0008237908095477
2014-06-17,TLT,0.0024935339041165
2014-06-18,GLD,-0.0011442534259887
2014-06-18,QQQ,0.0005409296618345
2014-06-18,SPY,0.0027755391568991
2014-06-18,TLT,-0.0079475293065602
2014-06-19,GLD,0.0031843210782081
2014-06-19,QQQ,0.005608948774528
2014-06-19,SPY,0.0073128899331152
2014-06-19,TLT,0.0076806718655551
2014-06-20,GLD,0.0342167449930913
2014-06-20,QQQ,-0.0006455515289573
2014-06-20,SPY,0.0011203404246319
2014-06-20,TLT,-0.0128941832794169
2014-06-23,GLD,-0.0034722449435064
2014-06-23,QQQ,-0.0015080465892564
2014-06-23,SPY,-0.0027521208372955
2014-06-23,TLT,0.007541820261971
2014-06-24,GLD,0.0027629658487138
2014-06-24,QQQ,0.0002156097521192
2014-06-24,SPY,-0.0003062506147779
2014-06-24,TLT,-0.0031355555680064
2014-06-25,GLD,0.0010243461627259
2014-06-25,QQQ,-0.0009704455807346
2014-06-25,SPY,-0.006042355057687
2014-06-25,TLT,0.0100880638507826
2014-06-26,GLD,7.870619989003499e-05
2014-06-26,QQQ,0.0063444911356347
2014-06-26,SPY,0.0045096155423069
2014-06-26,TLT,0.0025726420012093
2014-06-27,GLD,-0.0020494607960695
2014-06-27,QQQ,0.0005357705009374
2014-06-27,SPY,-0.0007160728049762
2014-06-27,TLT,0.0047728648165591
2014-06-30,GLD,-0.0005525055816399
2014-06-30,QQQ,0.0043829635629351
2014-06-30,SPY,0.0019424678874069
2014-06-30,TLT,-0.0015001617390539
2014-07-01,GLD,0.0108363026647642
2014-07-01,QQQ,0.0017052509619481
2014-07-01,SPY,-0.0005108346708272
2014-07-01,TLT,0.0024695619014194
2014-07-02,GLD,-0.0026589235253347
2014-07-02,QQQ,0.0109082230259574
2014-07-02,SPY,0.0066709225544473
2014-07-02,TLT,-0.0109832626587636
2014-07-03,GLD,0.0
2014-07-03,QQQ,0.0016838146679248
2014-07-03,SPY,0.0010145435407264
2014-07-03,TLT,-0.0107450616990202
2014-07-07,GLD,-0.0042375742987989
2014-07-07,QQQ,0.006289313063761
2014-07-07,SPY,0.0049060677454385
2014-07-07,TLT,-0.0036075212467008
2014-07-08,GLD,-0.0011016368953835
2014-07-08,QQQ,-0.0030348334234906
2014-07-08,SPY,-0.003487418339837
2014-07-08,TLT,0.0072917239427382
2014-07-09,GLD,0.0003935853683654
2014-07-09,QQQ,-0.0121264889878658
2014-07-09,SPY,-0.0064507602163802
2014-07-09,TLT,0.0111493820863926
2014-07-10,GLD,0.0060413400571193
2014-07-10,QQQ,0.0073987965014677
2014-07-10,SPY,0.0044742276320883
2014-07-10,TLT,0.0007980136736562
2014-07-11,GLD,0.0054606343394769
2014-07-11,QQQ,-0.0031641774951436
2014-07-11,SPY,-0.003964823961894
2014-07-11,TLT,0.0002658405702428
2014-07-14,GLD,0.0018654249196527
2014-07-14,QQQ,0.0064233673176091
2014-07-14,SPY,0.0013742426112773
2014-07-14,TLT,0.0063593326215282
2014-07-15,GLD,-0.0240482909919927
2014-07-15,QQQ,0.0059651656737927
2014-07-15,SPY,0.0050227419782273
2014-07-15,TLT,-0.0043235210695849
2014-07-16,GLD,-0.0095105807084893
2014-07-16,QQQ,-0.0034491197432718
2014-07-16,SPY,-0.0018742774489199
2014-07-16,TLT,-0.0020358115519431
2014-07-17,GLD,0.0035270773350869
2014-07-17,QQQ,0.0039707183872581
2014-07-17,SPY,0.0036944852458726
2014-07-17,TLT,0.0053022258802216
2014-07-18,GLD,0.0168217498132304
2014-07-18,QQQ,-0.013332795569966
2014-07-18,SPY,-0.0114310179768971
2014-07-18,TLT,0.0125247997235298
2014-07-21,GLD,-0.0075823687555934
2014-07-21,QQQ,0.0157285402122776
2014-07-21,SPY,0.010167338522886
2014-07-21,TLT,-0.0032256926359502
2014-07-22,GLD,0.0016635571611118
2014-07-22,QQQ,-0.001249247974943
2014-07-22,SPY,-0.0018732336732845
2014-07-22,TLT,0.0049649482440354
2014-07-23,GLD,-0.0047603905187628
2014-07-23,QQQ,0.006334070379267
2014-07-23,SPY,0.0043484956268613
2014-07-23,TLT,0.0020832009536306
2014-07-24,GLD,-0.0009547670752031
2014-07-24,QQQ,0.0063970785001594
2014-07-24,SPY,0.0022175316287371
2014-07-24,TLT,-0.001301475386421
2014-07-25,GLD,-0.0101613409118703
2014-07-25,QQQ,-0.0011319847557822
2014-07-25,SPY,5.0313408376554216e-05
2014-07-25,TLT,-0.0074945937759568
2014-07-28,GLD,0.0115136991504272
2014-07-28,QQQ,-0.0039204102788277
2014-07-28,SPY,-0.0046925569229793
2014-07-28,TLT,0.0117397625251975
2014-07-29,GLD,-0.0016708368622555
2014-07-29,QQQ,0.0003100488903805
2014-07-29,SPY,0.0004045400044576
2014-07-29,TLT,-0.0013841686828328
2014-07-30,GLD,-0.0030305859758103
2014-07-30,QQQ,-0.0017582687804091
2014-07-30,SPY,-0.0043065606952886
2014-07-30,TLT,0.0036294385202347
2014-07-31,GLD,-0.0029596079595896
2014-07-31,QQQ,0.0039260808692811
2014-07-31,SPY,0.0001523051299094
2014-07-31,TLT,-0.0139850323625995
2014-08-01,GLD,-0.0116027603674272
2014-08-01,QQQ,-0.0204174458618363
2014-08-01,SPY,-0.0199457965631033
2014-08-01,TLT,-0.0029785070933187
2014-08-04,GLD,0.0079913076296403
2014-08-04,QQQ,-0.0036902196307152
2014-08-04,SPY,-0.0030602287607925
2014-08-04,TLT,0.0050756580423714
2014-08-05,GLD,-0.003140473630863
2014-08-05,QQQ,0.0068425082295951
2014-08-05,SPY,0.0071948310671478
2014-08-05,TLT,-0.0026221099086378
2014-08-06,GLD,-0.0009682492234864
2014-08-06,QQQ,-0.0076879255194787
2014-08-06,SPY,-0.0097435593989015
2014-08-06,TLT,0.003232954173966
2014-08-07,GLD,0.0144267583175031
2014-08-07,QQQ,-0.000740306706354
2014-08-07,SPY,0.0003125016537447
2014-08-07,TLT,0.0006104713623864
2014-08-08,GLD,0.0040500523045255
2014-08-08,QQQ,-0.0031789305753399
2014-08-08,SPY,-0.0054294496643815
2014-08-08,TLT,0.0092854376921685
2014-08-11,GLD,7.926565064659302e-05
2014-08-11,QQQ,0.0071912354669141
2014-08-11,SPY,0.011502490727398
2014-08-11,TLT,-0.0021617891358733
2014-08-12,GLD,-0.0018243380474584
2014-08-12,QQQ,0.0058835802923693
2014-08-12,SPY,0.0028937470907637
2014-08-12,TLT,-8.652129069787462e-05
2014-08-13,GLD,0.0002381328025559
2014-08-13,QQQ,-0.0004191210885211
2014-08-13,SPY,-0.0013941822989154
2014-08-13,TLT,-0.0065141150665602
2014-08-14,GLD,0.001665404158214
2014-08-14,QQQ,0.0105291787884935
2014-08-14,SPY,0.0067461572381773
2014-08-14,TLT,0.0065141150665602
2014-08-15,GLD,0.0008712575320018
2014-08-15,QQQ,0.0051717119658985
2014-08-15,SPY,0.0047107009308365
2014-08-15,TLT,0.0080190150500077
2014-08-18,GLD,-0.0065927733819831
2014-08-18,QQQ,0.0048371546616665
2014-08-18,SPY,-0.0002043184157984
2014-08-18,TLT,0.0108478248020704
2014-08-19,GLD,-0.0041527313104027
2014-08-19,QQQ,0.0076707099542701
2014-08-19,SPY,0.0083444026557711
2014-08-19,TLT,-0.0099893950757333
2014-08-20,GLD,-0.0022432214180039
2014-08-20,QQQ,0.0055879792510362
2014-08-20,SPY,0.0052053119644757
2014-08-20,TLT,-0.0030938543796984
2014-08-21,GLD,-0.0036962603887065
2014-08-21,QQQ,0.0
2014-08-21,SPY,0.0026679373634005
2014-08-21,TLT,-0.0016367531147192
2014-08-22,GLD,-0.0108459499104821
2014-08-22,QQQ,0.0020243385372653
2014-08-22,SPY,0.0029115116883607
2014-08-22,TLT,0.0055883009511502
2014-08-25,GLD,0.0025196517444803
2014-08-25,QQQ,0.0015155498976661
2014-08-25,SPY,-0.0015550809860649
2014-08-25,TLT,0.0055572453115192
2014-08-26,GLD,-0.0036596192356669
2014-08-26,QQQ,0.0035273250585876
2014-08-26,SPY,0.0050576962937214
2014-08-26,TLT,0.0037443872648519
2014-08-27,GLD,0.0049575510486128
2014-08-27,QQQ,0.0010055151511244
2014-08-27,SPY,0.0006491642961786
2014-08-27,TLT,-0.0032329863097086
2014-08-28,GLD,-0.0002432300617622
2014-08-28,QQQ,0.0002009510950757
2014-08-28,SPY,-0.0003994299852845
2014-08-28,TLT,0.0084854137728277
2014-08-29,GLD,0.0054989650617529
2014-08-29,QQQ,-0.0011058461971292
2014-08-29,SPY,-0.0005494673357816
2014-08-29,TLT,0.0052250476819732
2014-09-02,GLD,-0.0011296651673684
2014-09-02,QQQ,0.0037150011364515
2014-09-02,SPY,0.0028439950093005
2014-09-02,TLT,0.0006722278180934
2014-09-03,GLD,-0.0180038186649482
2014-09-03,QQQ,0.0029021878537963
2014-09-03,SPY,-0.0004983858455123
2014-09-03,TLT,-0.0196799941444477
2014-09-04,GLD,0.0041017284228743
2014-09-04,QQQ,-0.0059132853727292
2014-09-04,SPY,-0.0005484810298512
2014-09-04,TLT,0.0055529073084485
2014-09-05,GLD,-0.0055001423844152
2014-09-05,QQQ,-0.0009051538410736
2014-09-05,SPY,-0.0014473975288912
2014-09-05,TLT,-0.0122574743491861
2014-09-08,GLD,0.0047630393034795
2014-09-08,QQQ,0.0050180755948827
2014-09-08,SPY,0.0044851758636929
2014-09-08,TLT,-0.0018991165153547
2014-09-09,GLD,-0.0109560319650656
2014-09-09,QQQ,0.0019003100207441
2014-09-09,SPY,-0.0025890195015089
2014-09-09,TLT,0.0004319072409757
2014-09-10,GLD,0.0011589354452107
2014-09-10,QQQ,-0.0083279648872656
2014-09-10,SPY,-0.0063513954206831
2014-09-10,TLT,-0.000777606963761
2014-09-11,GLD,-0.0050595272199483
2014-09-11,QQQ,0.0082280184854417
2014-09-11,SPY,0.0037557317613714
2014-09-11,TLT,-0.0063299873369066
2014-09-12,GLD,-0.0065907793280693
2014-09-12,QQQ,-0.0007997784294251
2014-09-12,SPY,0.0011489159871027
2014-09-12,TLT,-0.003310948845882
2014-09-15,GLD,-0.0091655379856102
2014-09-15,QQQ,-0.0051135069433041
2014-09-15,SPY,-0.0058583556163964
2014-09-15,TLT,-0.0105283002894253
2014-09-16,GLD,0.0021939266239324
2014-09-16,QQQ,-0.0096971135013012
2014-09-16,SPY,-0.0007536066019087
2014-09-16,TLT,0.0014983107558767
2014-09-17,GLD,0.0016002230258532
2014-09-17,QQQ,0.0086913193582923
2014-09-17,SPY,0.0075101741471974
2014-09-17,TLT,-0.0040593659264827
2014-09-18,GLD,-0.0109152067373869
2014-09-18,QQQ,0.0015082354562936
2014-09-18,SPY,0.0013458829902712
2014-09-18,TLT,-0.0025675633824301
2014-09-19,GLD,0.0020397581785849
2014-09-19,QQQ,0.0075071671238486
2014-09-19,SPY,0.005315894500358
2014-09-19,TLT,0.0031864126770424
2014-09-22,GLD,-0.0058756285675485
2014-09-22,QQQ,-0.0029960615556706
2014-09-22,SPY,-0.0055650067305062
2014-09-22,TLT,0.0126450121702236
2014-09-23,GLD,-0.0020517906581858
2014-09-23,QQQ,-0.0093453956066398
2014-09-23,SPY,-0.0077529616169012
2014-09-23,TLT,0.0012208895899001
2014-09-24,GLD,0.0063979745629404
2014-09-24,QQQ,-0.0027296612001527
2014-09-24,SPY,-0.0057407722519705
2014-09-24,TLT,0.0061688288112006
2014-09-25,GLD,-0.0046878024801882
2014-09-25,QQQ,0.0106737251866531
2014-09-25,SPY,0.0077974240310397
2014-09-25,TLT,-0.0055589425259476
2014-09-26,GLD,0.0029004996819045
2014-09-26,QQQ,-0.0212579979555831
2014-09-26,SPY,-0.0162670991463915
2014-09-26,TLT,0.0117760529225605
2014-09-29,GLD,-0.0028151166840318
2014-09-29,QQQ,0.01058427276893
2014-09-29,SPY,0.0079139901546076
2014-09-29,TLT,-0.0014644286571638
2014-09-30,GLD,-0.0002563012510608
2014-09-30,QQQ,-0.0013168948184564
2014-09-30,SPY,-0.0018207602745067
2014-09-30,TLT,0.0079852766557639
2014-10-01,GLD,-0.0070314103994217
2014-10-01,QQQ,0.0014181463875658
2014-10-01,SPY,-0.0026357933796496
2014-10-01,TLT,-0.0056604239534931
2014-10-02,GLD,0.0048072679828018
2014-10-02,QQQ,-0.0161228169088507
2014-10-02,SPY,-0.0136445794099561
2014-10-02,TLT,0.016716864459633
2014-10-03,GLD,-0.0002569378627692
2014-10-03,QQQ,0.0
2014-10-03,SPY,0.0001543424922626
2014-10-03,TLT,-0.0087500571642458
2014-10-06,GLD,-0.018414155642527
2014-10-06,QQQ,0.0098270736376128
2014-10-06,SPY,0.0109491978457814
2014-10-06,TLT,0.0042571372339343
2014-10-07,GLD,0.0123137020047989
2014-10-07,QQQ,-0.0021414283145172
2014-10-07,SPY,-0.0011711056950986
2014-10-07,TLT,0.0005945530113509
2014-10-08,GLD,0.0028400710335014
2014-10-08,QQQ,-0.0142910919193609
2014-10-08,SPY,-0.0155567191984767
2014-10-08,TLT,0.0134106002196778
2014-10-09,GLD,0.0094941533550369
2014-10-09,QQQ,0.0192806432684107
2014-10-09,SPY,0.0173382385663584
2014-10-09,TLT,0.0002512986760607
2014-10-10,GLD,0.0014461162700842
2014-10-10,QQQ,-0.0162821308106243
2014-10-10,SPY,-0.0200324837902959
2014-10-10,TLT,-0.0043649581467509
2014-10-13,GLD,-0.0004251418052048
2014-10-13,QQQ,-0.0253019052077499
2014-10-13,SPY,-0.0114800478808913
2014-10-13,TLT,0.0098778659896892
2014-10-14,GLD,0.007877727689301
2014-10-14,QQQ,-0.015795454813727
2014-10-14,SPY,-0.0165633613284166
2014-10-14,TLT,0.0060623506849385
2014-10-15,GLD,0.0005904407146892
2014-10-15,QQQ,0.000107590342857
2014-10-15,SPY,0.0015461776195465
2014-10-15,TLT,0.0065195272844905
2014-10-16,GLD,0.0033673029177564
2014-10-16,QQQ,-0.0064745932587557
2014-10-16,SPY,-0.0067891331130906
2014-10-16,TLT,0.0078656619414574
2014-10-17,GLD,0.0019310980168239
2014-10-17,QQQ,-0.0062989111339354
2014-10-17,SPY,-0.0008585372388377
2014-10-17,TLT,-0.0063861260361722
2014-10-20,GLD,-0.0019310980168238
2014-10-20,QQQ,0.013096123948105
2014-10-20,SPY,0.0117415925236101
2014-10-20,TLT,-0.0056008737637058
2014-10-21,GLD,0.0067842731410833
2014-10-21,QQQ,0.0148356357173235
2014-10-21,SPY,0.0096629408332201
2014-10-21,TLT,0.0036276933022238
2014-10-22,GLD,0.0018346564364615
2014-10-22,QQQ,0.0259347729209917
2014-10-22,SPY,0.0196171661254243
2014-10-22,TLT,-0.008014925851103
2014-10-23,GLD,-0.0056818361839991
2014-10-23,QQQ,-0.0051749234279911
2014-10-23,SPY,-0.0071362638561553
2014-10-23,TLT,0.0010778762613282
2014-10-24,GLD,-0.0068948370259913
2014-10-24,QQQ,0.0149340736278623
2014-10-24,SPY,0.0115577895765337
2014-10-24,TLT,-0.0089067031530957
2014-10-27,GLD,-0.0014353713145334
2014-10-27,QQQ,0.0081450566546897
2014-10-27,SPY,0.0076656142750548
2014-10-27,TLT,0.0010028644224691
2014-10-28,GLD,-0.0024533739338827
2014-10-28,QQQ,0.0007095402759152
2014-10-28,SPY,-0.0013754250426858
2014-10-28,TLT,0.0018359449147775
2014-10-29,GLD,0.000338761149914
2014-10-29,QQQ,0.0149849220536978
2014-10-29,SPY,0.0114049438468231
2014-10-29,TLT,-0.0062727591176617
2014-10-30,GLD,-0.0144132365642214
2014-10-30,QQQ,-0.0037002167377878
2014-10-30,SPY,-0.0015131801965535
2014-10-30,TLT,0.0022627006623466
2014-10-31,GLD,-0.0105355135858501
2014-10-31,QQQ,0.0021017781901762
2014-10-31,SPY,0.0063901410174316
2014-10-31,TLT,0.000836737355534
2014-11-03,GLD,-0.0222084941605969
2014-11-03,QQQ,0.0137029737770645
2014-11-03,SPY,0.0113705530403503
2014-11-03,TLT,-0.0025961872273612
2014-11-04,GLD,-0.004537191400506
2014-11-04,QQQ,0.0029541668418644
2014-11-04,SPY,0.0005453268766038
2014-11-04,TLT,-0.0024348353126449
2014-11-05,GLD,0.0006239666286797
2014-11-05,QQQ,-0.0033487310125573
2014-11-05,SPY,-0.0034753134377245
2014-11-05,TLT,0.0031054852702208
2014-11-06,GLD,-0.0218917826150573
2014-11-06,QQQ,9.867445442685758e-05
2014-11-06,SPY,0.0062962901151845
2014-11-06,TLT,-0.0014256211482383
2014-11-07,GLD,0.00081937764534
2014-11-07,QQQ,0.0031517773224356
2014-11-07,SPY,0.003995159710403
2014-11-07,TLT,-0.006482904309675
2014-11-10,GLD,0.0277334713135119
2014-11-10,QQQ,-0.0008854736854792
2014-11-10,SPY,0.000934844447875
2014-11-10,TLT,0.0114219820229115
2014-11-11,GLD,-0.0224688513596627
2014-11-11,QQQ,0.0035370504027468
2014-11-11,SPY,0.0031424920396507
2014-11-11,TLT,-0.0092282405489157
2014-11-12,GLD,0.0142025023786147
2014-11-12,QQQ,0.0031335679594355
2014-11-12,SPY,0.0009799929926045
2014-11-12,TLT,0.0006740402092679
2014-11-13,GLD,-0.0048313676631672
2014-11-13,QQQ,0.0017583310875244
2014-11-13,SPY,-0.0010779927649643
2014-11-13,TLT,-0.0008426534308733
2014-11-14,GLD,0.0015234861605121
2014-11-14,QQQ,0.0042851880931638
2014-11-14,SPY,0.0011270157869625
2014-11-14,TLT,0.0023575527263038
2014-11-17,GLD,0.024764713533656
2014-11-17,QQQ,0.0031049868780488
2014-11-17,SPY,0.000244854937376
2014-11-17,TLT,0.0048657327369531
2014-11-18,GLD,-0.0036758151058757
2014-11-18,QQQ,-0.003007789113254
2014-11-18,SPY,0.0006362527995614
2014-11-18,TLT,-0.0025137890058292
2014-11-19,GLD,0.0087298675184
2014-11-19,QQQ,0.0074543801138498
2014-11-19,SPY,0.0057572755622552
2014-11-19,TLT,0.0027648143197815
2014-11-20,GLD,-0.0119793565335048
2014-11-20,QQQ,-0.0045434968400913
2014-11-20,SPY,-0.0016067478083489
2014-11-20,TLT,-0.0063790254143595
2014-11-21,GLD,0.0103265142766631
2014-11-21,QQQ,0.0044470209653692
2014-11-21,SPY,0.0017526811092214
2014-11-21,TLT,0.0052069918500966
2014-11-24,GLD,0.0046036891670851
2014-11-24,QQQ,0.0019273840095338
2014-11-24,SPY,0.0053364064899511
2014-11-24,TLT,0.0060130566474177
2014-11-25,GLD,-0.0024294916878058
2014-11-25,QQQ,0.0077679368950504
2014-11-25,SPY,0.0028023492708346
2014-11-25,TLT,0.0008322803312391
2014-11-26,GLD,0.002342806794776
2014-11-26,QQQ,0.0015272629474795
2014-11-26,SPY,-0.0007239612172843
2014-11-26,TLT,0.0082850517435871
2014-11-28,GLD,-0.0019085074799195
2014-11-28,QQQ,0.0064651330710682
2014-11-28,SPY,0.0025557519845063
2014-11-28,TLT,0.0027190873825557
2014-12-01,GLD,-0.0268419599344374
2014-12-01,QQQ,0.004632972840409
2014-12-01,SPY,-0.0021213123627911
2014-12-01,TLT,0.0078682407213044
2014-12-02,GLD,0.0390972107141029
2014-12-02,QQQ,-0.0113842855477755
2014-12-02,SPY,-0.0069740813044611
2014-12-02,TLT,-0.0081151137789508
2014-12-03,GLD,-0.0124289743771135
2014-12-03,QQQ,0.0039992987651909
2014-12-03,SPY,0.0064430493475269
2014-12-03,TLT,-0.0097594051154413
2014-12-04,GLD,0.0102822216221388
2014-12-04,QQQ,0.0018038914042831
2014-12-04,SPY,0.0038556270232549
2014-12-04,TLT,0.0038986505315213
2014-12-05,GLD,-0.0038758463696522
2014-12-05,QQQ,-0.000474362380413
2014-12-05,SPY,-0.0011069462126583
2014-12-05,TLT,0.0083268721345958
2014-12-08,GLD,-0.0125918642026542
2014-12-08,QQQ,9.484704003220492e-05
2014-12-08,SPY,0.0016359351908886
2014-12-08,TLT,-0.0058463398078766
2014-12-09,GLD,0.0117285431110152
2014-12-09,QQQ,-0.0071425475750107
2014-12-09,SPY,-0.0067051185224774
2014-12-09,TLT,0.0121482523398632
2014-12-10,GLD,0.0206016915732119
2014-12-10,QQQ,0.003149025330618
2014-12-10,SPY,-0.0006778318697984
2014-12-10,TLT,0.0051267334653921
2014-12-11,GLD,-0.0019479434950335
2014-12-11,QQQ,-0.0158451632436423
2014-12-11,SPY,-0.016161265350258
2014-12-11,TLT,0.0072786535863444
2014-12-12,GLD,-0.0022915065517862
2014-12-12,QQQ,0.0047318469026464
2014-12-12,SPY,0.0050570809327008
2014-12-12,TLT,0.0041011849378684
2014-12-15,GLD,-0.0023819558010529
2014-12-15,QQQ,-0.0109460566556478
2014-12-15,SPY,-0.0162934533556646
2014-12-15,TLT,0.0134711886663439
2014-12-16,GLD,-0.0260584566310243
2014-12-16,QQQ,-0.010377981971908
2014-12-16,SPY,-0.0068931586821278
2014-12-16,TLT,-0.0020607293663567
2014-12-17,GLD,0.0048835674587484
2014-12-17,QQQ,-0.0161717619431211
2014-12-17,SPY,-0.0080519324468908
2014-12-17,TLT,0.0123010347995328
2014-12-18,GLD,-0.0059331848792094
2014-12-18,QQQ,0.0180399345329213
2014-12-18,SPY,0.019415118999435
2014-12-18,TLT,-0.0090534099705236
2014-12-19,GLD,0.0076715997365085
2014-12-19,QQQ,0.0237817265845145
2014-12-19,SPY,0.0244279008489196
2014-12-19,TLT,-0.0179538040538078
2014-12-22,GLD,-0.0033055430745708
2014-12-22,QQQ,0.0006712345740505
2014-12-22,SPY,-0.0012581395558282
2014-12-22,TLT,0.0133565051961377
2014-12-23,GLD,-0.0195325019759252
2014-12-23,QQQ,0.0024892510156735
2014-12-23,SPY,0.0045894760894773
2014-12-23,TLT,0.0013496740286608
2014-12-24,GLD,0.0016866692377105
2014-12-24,QQQ,-0.0035442610497066
2014-12-24,SPY,0.001348676946752
2014-12-24,TLT,-0.0200343264743282
2014-12-26,GLD,0.0002660527710929
2014-12-26,QQQ,0.0008633060472208
2014-12-26,SPY,9.628548455306494e-05
2014-12-26,TLT,0.0033132361817917
2014-12-29,GLD,0.0181024732576551
2014-12-29,QQQ,0.0070698474443792
2014-12-29,SPY,0.0032195225336562
2014-12-29,TLT,0.0037043585018897
2014-12-30,GLD,-0.0101532921437784
2014-12-30,QQQ,-0.0001904624655233
2014-12-30,SPY,0.0013424049232263
2014-12-30,TLT,0.0074474232169141
2014-12-31,GLD,0.0133702241807313
2014-12-31,QQQ,-0.0066876809920435
2014-12-31,SPY,-0.0053804659848957
2014-12-31,TLT,0.0027089807964372
2015-01-02,GLD,-0.0141622712002737
2015-01-02,QQQ,-0.0103098634118193
2015-01-02,SPY,-0.0099725511596992
2015-01-02,TLT,0.0019077737521177
2015-01-05,GLD,0.0043925221460414
2015-01-05,QQQ,-0.0030069138997452
2015-01-05,SPY,-0.0005353218810906
2015-01-05,TLT,0.0110568298892922
2015-01-06,GLD,0.0149646187759837
2015-01-06,QQQ,-0.0147774095447597
2015-01-06,SPY,-0.0182247043913098
2015-01-06,TLT,0.0155864094766541
2015-01-07,GLD,0.0113344821714201
2015-01-07,QQQ,-0.0134989703438955
2015-01-07,SPY,-0.0094636053010431
2015-01-07,TLT,0.0178568300870069
2015-01-08,GLD,-0.0059088369939749
2015-01-08,QQQ,0.0128086039817635
2015-01-08,SPY,0.0123841644627182
2015-01-08,TLT,-0.0019768445722456
2015-01-09,GLD,-0.0042173997009502
2015-01-09,QQQ,0.018958863633757
2015-01-09,SPY,0.0175894219689646
2015-01-09,TLT,-0.0133315301005815
2015-01-12,GLD,0.011320872784881
2015-01-12,QQQ,-0.0066045333898556
2015-01-12,SPY,-0.0080458506505247
2015-01-12,TLT,0.0108931226038531
2015-01-13,GLD,0.0110254312016538
2015-01-13,QQQ,-0.0104815542002378
2015-01-13,SPY,-0.0078644107843029
2015-01-13,TLT,0.0057058236751848
2015-01-14,GLD,-0.0033794717396937
2015-01-14,QQQ,-0.0002955277387587
2015-01-14,SPY,-0.0028166552925897
2015-01-14,TLT,0.0
2015-01-15,GLD,-0.0016093040146014
2015-01-15,QQQ,-0.0055314006147255
2015-01-15,SPY,-0.0060555166593352
2015-01-15,TLT,0.0075574720696662
2015-01-16,GLD,0.0248642098306641
2015-01-16,QQQ,-0.0130603277534984
2015-01-16,SPY,-0.009202807349373
2015-01-16,TLT,0.015613033339047
2015-01-20,GLD,0.0129796795335201
2015-01-20,QQQ,0.0116726836563619
2015-01-20,SPY,0.0130290152121688
2015-01-20,TLT,-0.0128312180523671
2015-01-21,GLD,0.0136188903625512
2015-01-21,QQQ,0.007903647566005
2015-01-21,SPY,0.002130312050325
2015-01-21,TLT,0.0132017894416101
2015-01-22,GLD,0.0002415683194497
2015-01-22,QQQ,0.005104022050308
2015-01-22,SPY,0.0050353281786086
2015-01-22,TLT,-0.0116264002567692
2015-01-23,GLD,0.0080173601345771
2015-01-23,QQQ,0.0183348921047976
2015-01-23,SPY,0.0147615184151393
2015-01-23,TLT,-0.0036046580172529
2015-01-26,GLD,-0.0080173601345771
2015-01-26,QQQ,0.0022084924807552
2015-01-26,SPY,-0.0054978845891958
2015-01-26,TLT,0.0138222237721578
2015-01-27,GLD,-0.0100316793623296
2015-01-27,QQQ,-0.0011516579555361
2015-01-27,SPY,0.0023390475538439
2015-01-27,TLT,-0.0030468841961865
2015-01-28,GLD,0.0113991586858071
2015-01-28,QQQ,-0.0262686271174715
2015-01-28,SPY,-0.0132782834265241
2015-01-28,TLT,0.0015617948935301
2015-01-29,GLD,-0.0079090345140299
2015-01-29,QQQ,-0.0051394091271745
2015-01-29,SPY,-0.0129072784361903
2015-01-29,TLT,0.016216149951469
2015-01-30,GLD,-0.0217880355284341
2015-01-30,QQQ,0.0095656883666634
2015-01-30,SPY,0.0092010998078397
2015-01-30,TLT,-0.0066022038329028
2015-02-02,GLD,0.0220310685420678
2015-02-02,QQQ,-0.0077836830622379
2015-02-02,SPY,-0.0126546553699776
2015-02-02,TLT,0.0175820959268137
2015-02-03,GLD,-0.0083784506048197
2015-02-03,QQQ,0.0086666376109201
2015-02-03,SPY,0.0123080072340807
2015-02-03,TLT,-0.0058021853209911
2015-02-04,GLD,-0.0112540318709823
2015-02-04,QQQ,0.0095638058512256
2015-02-04,SPY,0.014357598431818
2015-02-04,TLT,-0.0213938567243888
2015-02-05,GLD,0.0043687887862804
2015-02-05,QQQ,-0.000874472553321
2015-02-05,SPY,-0.0038151124334476
2015-02-05,TLT,0.0017076569370789
2015-02-06,GLD,0.0017257602352123
2015-02-06,QQQ,0.0086144787538953
2015-02-06,SPY,0.0100444434878492
2015-02-06,TLT,-0.0110399127406875
2015-02-09,GLD,-0.0262045649311726
2015-02-09,QQQ,-0.0060902589006315
2015-02-09,SPY,-0.0027691715801715
2015-02-09,TLT,-0.0178603240472451
2015-02-10,GLD,0.0044573370525421
2015-02-10,QQQ,-0.0032049189883214
2015-02-10,SPY,-0.0044858339942756
2015-02-10,TLT,-0.0016048813843943
2015-02-11,GLD,-0.0058912554670822
2015-02-11,QQQ,0.0154443073568122
2015-02-11,SPY,0.0105969913631139
2015-02-11,TLT,-0.0079858618318537
2015-02-12,GLD,-0.0118877303857678
2015-02-12,QQQ,0.0036332122656831
2015-02-12,SPY,0.0005800508695519
2015-02-12,TLT,0.0018484964902279
2015-02-13,GLD,0.0023036284035265
2015-02-13,QQQ,0.0115761917821475
2015-02-13,SPY,0.0095708583746475
2015-02-13,TLT,-0.0033143952471455
2015-02-17,GLD,0.005439474740014
2015-02-17,QQQ,0.0085482991674738
2015-02-17,SPY,0.0041079619107737
2015-02-17,TLT,-0.0103217849870017
2015-02-18,GLD,-0.0168387343268333
2015-02-18,QQQ,0.0009349147222737
2015-02-18,SPY,0.0015718492913825
2015-02-18,TLT,-0.0151702675104824
2015-02-19,GLD,0.0028404943034607
2015-02-19,QQQ,0.0014007708488121
2015-02-19,SPY,9.520403681022816e-05
2015-02-19,TLT,0.0059225504768393
2015-02-20,GLD,-0.0034440700358847
2015-02-20,QQQ,0.0049336731608489
2015-02-20,SPY,-0.0007141423028773
2015-02-20,TLT,-0.0066356509085658
2015-02-23,GLD,-0.005708895866845
2015-02-23,QQQ,0.0066636174419044
2015-02-23,SPY,0.0059826861033017
2015-02-23,TLT,0.0029282815267703
2015-02-24,GLD,0.0013003471683988
2015-02-24,QQQ,0.0010140874035721
2015-02-24,SPY,-0.0001420228594176
2015-02-24,TLT,0.0113936482232749
2015-02-25,GLD,-0.0014738237281033
2015-02-25,QQQ,0.000736936592432
2015-02-25,SPY,0.0028367038958204
2015-02-25,TLT,0.0130406282628157
2015-02-26,GLD,0.0038101432806243
2015-02-26,QQQ,-0.0024892525893455
2015-02-26,SPY,-0.0008501449347451
2015-02-26,TLT,0.0043093377326589
2015-02-27,GLD,0.0031928469281334
2015-02-27,QQQ,0.0050641922573991
2015-02-27,SPY,-0.0011820052638732
2015-02-27,TLT,-0.0137623853750106
2015-03-02,GLD,0.0007751278516169
2015-03-02,QQQ,-0.0044182300355189
2015-03-02,SPY,-0.0034120078885147
2015-03-02,TLT,0.0083728053205089
2015-03-03,GLD,-0.0041408215543513
2015-03-03,QQQ,0.0089999297262476
2015-03-03,SPY,0.0062936528681582
2015-03-03,TLT,-0.0207495433167717
2015-03-04,GLD,-0.0018169945131893
2015-03-04,QQQ,-0.0046734976869896
2015-03-04,SPY,-0.0041124605936041
2015-03-04,TLT,-0.0036323403237389
2015-03-05,GLD,-0.0031225683060647
2015-03-05,QQQ,-0.0038653259880619
2015-03-05,SPY,-0.00422451991269
2015-03-05,TLT,0.000316327504309
2015-03-06,GLD,-0.0009560698660537
2015-03-06,QQQ,0.0017504490591598
2015-03-06,SPY,0.0010934940593432
2015-03-06,TLT,-0.0012660920743834
2015-03-09,GLD,-0.0276840335134201
2015-03-09,QQQ,-0.0113863364876419
2015-03-09,SPY,-0.0141643035428305
2015-03-09,TLT,-0.0223397008394517
2015-03-10,GLD,0.0009828943243309
2015-03-10,QQQ,0.0028819575709513
2015-03-10,SPY,0.0041360161355503
2015-03-10,TLT,0.0091884211574906
2015-03-11,GLD,-0.0049241610152975
2015-03-11,QQQ,-0.0187411779929285
2015-03-11,SPY,-0.0163549632461932
2015-03-11,TLT,0.0130720767976297
2015-03-12,GLD,-0.0060314192336181
2015-03-12,QQQ,-0.0057866746406042
2015-03-12,SPY,-0.0023444170772536
2015-03-12,TLT,0.0072589728910625
2015-03-13,GLD,-0.0002709060307489
2015-03-13,QQQ,0.0065431216267385
2015-03-13,SPY,0.0126338223900267
2015-03-13,TLT,-0.0007077688058786
2015-03-16,GLD,0.0014440077763351
2015-03-16,QQQ,-0.0043573689782084
2015-03-16,SPY,-0.0061512036060178
2015-03-16,TLT,-0.0030729204091467
2015-03-17,GLD,-0.0006315097549611
2015-03-17,QQQ,0.0128279504158339
2015-03-17,SPY,0.0132720752048698
2015-03-17,TLT,0.0095814854052328
2015-03-18,GLD,-0.0054293725195363
2015-03-18,QQQ,0.0015920385306047
2015-03-18,SPY,-0.0029768836718046
2015-03-18,TLT,0.0082509812572496
2015-03-19,GLD,0.0194093939657839
2015-03-19,QQQ,0.0097770266957017
2015-03-19,SPY,0.0119498574136527
2015-03-19,TLT,0.0191184405134421
2015-03-20,GLD,-0.0007122036244303
2015-03-20,QQQ,0.0014815156608815
2015-03-20,SPY,-0.004571903851391
2015-03-20,TLT,-0.0051084563550536
2015-03-23,GLD,0.0113345654787513
2015-03-23,QQQ,0.0041549106167096
2015-03-23,SPY,0.0043342862936637
2015-03-23,TLT,0.0052604640638777
2015-03-24,GLD,0.0063197017036317
2015-03-24,QQQ,-0.0019368148637025
2015-03-24,SPY,-0.0019504949383874
2015-03-24,TLT,-0.0012172899848181
2015-03-25,GLD,0.0024469013218018
2015-03-25,QQQ,-0.0036069346818215
2015-03-25,SPY,-0.0056348587811885
2015-03-25,TLT,0.0096222965235303
2015-03-26,GLD,0.0013955838286018
2015-03-26,QQQ,-0.0231511462437413
2015-03-26,SPY,-0.0147622575839741
2015-03-26,TLT,-0.0084810075048311
2015-03-27,GLD,0.0065158127936534
2015-03-27,QQQ,-0.0034194620564956
2015-03-27,SPY,-0.0023842078093589
2015-03-27,TLT,-0.0157121689950725
2015-03-30,GLD,-0.0036436736475294
2015-03-30,QQQ,0.0039882132312615
2015-03-30,SPY,0.0022870558594804
2015-03-30,TLT,0.012360532360447
2015-03-31,GLD,-0.0114506523855384
2015-03-31,QQQ,0.0114018357826366
2015-03-31,SPY,0.0121260186445249
2015-03-31,TLT,-0.0049718532328762
2015-04-01,GLD,-0.0007914897422241
2015-04-01,QQQ,-0.0106439555559003
2015-04-01,SPY,-0.0087779446448534
2015-04-01,TLT,0.0021447635395226
2015-04-02,GLD,0.0169243749497968
2015-04-02,QQQ,-0.0052219004810147
2015-04-02,SPY,-0.0035425545791513
2015-04-02,TLT,0.0109581980908939
2015-04-06,GLD,-0.0027720019363937
2015-04-06,QQQ,0.0006661245228282
2015-04-06,SPY,0.0035910432838057
2015-04-06,TLT,-0.0106522284885302
2015-04-07,GLD,0.0121569256379316
2015-04-07,QQQ,0.0081478478754132
2015-04-07,SPY,0.0067106215345768
2015-04-07,TLT,-0.0055996444366211
2015-04-08,GLD,-0.004982843844589
2015-04-08,QQQ,-0.0016998804709865
2015-04-08,SPY,-0.002649916276626
2015-04-08,TLT,0.0083496318182941
2015-04-09,GLD,-0.0055272563602129
2015-04-09,QQQ,0.0079081218781862
2015-04-09,SPY,0.0033713703247295
2015-04-09,TLT,0.0003051525058812
2015-04-10,GLD,-0.0069523444531915
2015-04-10,QQQ,0.0062631490410927
2015-04-10,SPY,0.0044137386556825
2015-04-10,TLT,-0.0130490969136746
2015-04-13,GLD,0.0112731254124599
2015-04-13,QQQ,0.0040919097957879
2015-04-13,SPY,0.0054423174598343
2015-04-13,TLT,0.0014669174632769
2015-04-14,GLD,-0.0071827735479249
2015-04-14,QQQ,-0.0025089140034671
2015-04-14,SPY,-0.0045331930361309
2015-04-14,TLT,0.0013877724518604
2015-04-15,GLD,-0.0060980844312983
2015-04-15,QQQ,-0.0028884733409997
2015-04-15,SPY,0.001911267978839
2015-04-15,TLT,0.0070628126687762
2015-04-16,GLD,0.0086135987552241
2015-04-16,QQQ,0.0062322715658767
2015-04-16,SPY,0.00447698969691
2015-04-16,TLT,-0.0008418521874826
2015-04-17,GLD,-0.0034713349747602
2015-04-17,QQQ,-0.0013918611937911
2015-04-17,SPY,-0.0002851595092242
2015-04-17,TLT,-0.0049890258005881
2015-04-20,GLD,0.004942989742755
2015-04-20,QQQ,-0.015723302575253
2015-04-20,SPY,-0.0115702104218641
2015-04-20,TLT,0.0113997654978525
2015-04-21,GLD,-0.0076415555466046
2015-04-21,QQQ,0.0148871841104304
2015-04-21,SPY,0.0090953673512542
2015-04-21,TLT,-0.0088638442751202
2015-04-22,GLD,0.0057366175320521
2015-04-22,QQQ,0.0042659722762046
2015-04-22,SPY,-0.0011920372980215
2015-04-22,TLT,-0.0045386158916193
2015-04-23,GLD,-0.0135248816010839
2015-04-23,QQQ,0.005445114923565
2015-04-23,SPY,0.0049020813124961
2015-04-23,TLT,-0.0153836903888075
2015-04-24,GLD,0.0072651359960974
2015-04-24,QQQ,0.0037664463655925
2015-04-24,SPY,0.0025130944190235
2015-04-24,TLT,0.0042970732158682
2015-04-27,GLD,-0.0141410337003533
2015-04-27,QQQ,0.0134792875754187
2015-04-27,SPY,0.0023177808309219
2015-04-27,TLT,0.0062174989730917
2015-04-28,GLD,0.0199673743957626
2015-04-28,QQQ,-0.0025362221514138
2015-04-28,SPY,-0.004166426309473
2015-04-28,TLT,0.0
2015-04-29,GLD,0.0086333954543481
2015-04-29,QQQ,-0.001997288159696
2015-04-29,SPY,0.0031737700229195
2015-04-29,TLT,-0.0138869945183956
2015-04-30,GLD,-0.0070738707743613
2015-04-30,QQQ,-0.0062902112076298
2015-04-30,SPY,-0.0041231076493404
2015-04-30,TLT,-0.0123311777701633
2015-05-01,GLD,-0.0178186292336544
2015-05-01,QQQ,-0.0158543394112283
2015-05-01,SPY,-0.0100709656751044
2015-05-01,TLT,0.001748201264071
2015-05-04,GLD,-0.0034429465428856
2015-05-04,QQQ,0.0131071268751125
2015-05-04,SPY,0.0107830352698247
2015-05-04,TLT,-0.0156034129636669
2015-05-05,GLD,0.0089796944769087
2015-05-05,QQQ,0.0016492609555797
2015-05-05,SPY,0.0028433631675065
2015-05-05,TLT,-0.009480265146807
2015-05-06,GLD,0.0028006293425995
2015-05-06,QQQ,-0.0164301869012939
2015-05-06,SPY,-0.0115179676103715
2015-05-06,TLT,-0.0013849704046174
2015-05-07,GLD,-0.0005245000462394
2015-05-07,QQQ,-0.0069107286379742
2015-05-07,SPY,-0.0041253027122464
2015-05-07,TLT,-0.0172687959859219
2015-05-08,GLD,-0.0082536463493555
2015-05-08,QQQ,0.0059796440618438
2015-05-08,SPY,0.0039816888570755
2015-05-08,TLT,0.013347835651686
2015-05-11,GLD,0.0048375401365222
2015-05-11,QQQ,0.0124053059264667
2015-05-11,SPY,0.0130801649125774
2015-05-11,TLT,0.0026973070238953
2015-05-12,GLD,-0.003868158154194
2015-05-12,QQQ,-0.0038717397195997
2015-05-12,SPY,-0.004784105551113
2015-05-12,TLT,-0.0246253010659073
2015-05-13,GLD,0.0085077145701036
2015-05-13,QQQ,-0.0045359751381283
2015-05-13,SPY,-0.0029958171116047
2015-05-13,TLT,0.0025901135332218
2015-05-14,GLD,0.0177455686715796
2015-05-14,QQQ,0.0020391259447469
2015-05-14,SPY,0.0001905168811567
2015-05-14,TLT,-0.0080429313449568
2015-05-15,GLD,0.0053908250551019
2015-05-15,QQQ,0.0145236656958023
2015-05-15,SPY,0.0103735974398415
2015-05-15,TLT,0.0026881711636246
2015-05-18,GLD,0.0029823930374759
2015-05-18,QQQ,0.0
2015-05-18,SPY,0.0010832249856105
2015-05-18,TLT,0.0198519701605643
2015-05-19,GLD,-8.510645761585739e-05
2015-05-19,QQQ,0.0043707566290878
2015-05-19,SPY,0.0031019606997132
2015-05-19,TLT,-0.0169199797584436
2015-05-20,GLD,-0.0139670432211819
2015-05-20,QQQ,-0.0010908648098809
2015-05-20,SPY,-0.0003285726142087
2015-05-20,TLT,-0.0089061686315092
2015-05-21,GLD,0.0016381642703537
2015-05-21,QQQ,0.0006365055306268
2015-05-21,SPY,-0.0007043455255603
2015-05-21,TLT,0.0016865218381515
2015-05-22,GLD,-0.0033654032062089
2015-05-22,QQQ,0.0051679672985731
2015-05-22,SPY,0.0029081830623212
2015-05-22,TLT,0.0138890789123857
2015-05-26,GLD,-0.0007782781051662
2015-05-26,QQQ,-0.0009952555341583
2015-05-26,SPY,-0.0023915906274569
2015-05-26,TLT,0.0004153939977306
2015-05-27,GLD,-0.0147272479776649
2015-05-27,QQQ,-0.0115629665699665
2015-05-27,SPY,-0.0108099357149794
2015-05-27,TLT,0.0169648930255412
2015-05-28,GLD,-0.0001756301338399
2015-05-28,QQQ,0.0159887323913044
2015-05-28,SPY,0.009447401532239
2015-05-28,TLT,0.0022838409827586
2015-05-29,GLD,0.0011407772346871
2015-05-29,QQQ,-0.0022556061538326
2015-05-29,SPY,-0.0011289409059975
2015-05-29,TLT,-0.0024471455396085
2015-06-01,GLD,0.0007014013330434
2015-06-01,QQQ,-0.0059793258986579
2015-06-01,SPY,-0.0062323492816789
2015-06-01,TLT,0.0022027065107292
2015-06-02,GLD,-0.0008767951003625
2015-06-02,QQQ,0.0033564245701441
2015-06-02,SPY,0.0020345299428383
2015-06-02,TLT,-0.0129595141735073
2015-06-03,GLD,0.0040269605877943
2015-06-03,QQQ,-0.0031747360105229
2015-06-03,SPY,-0.000993103951894
2015-06-03,TLT,-0.0140501526826712
2015-06-04,GLD,-0.0071898573672245
2015-06-04,QQQ,0.0029936234016222
2015-06-04,SPY,0.0026459926617536
2015-06-04,TLT,-0.0162056703705394
2015-06-05,GLD,-0.0070646979352704
2015-06-05,QQQ,-0.0076378255532216
2015-06-05,SPY,-0.0084824262808209
2015-06-05,TLT,0.0129350952662883
2015-06-08,GLD,-0.0053314369182916
2015-06-08,QQQ,-0.0023758990077162
2015-06-08,SPY,-0.0017146972646249
2015-06-08,TLT,-0.0122545760777586
2015-06-09,GLD,0.0029358308942225
2015-06-09,QQQ,-0.010207459838028
2015-06-09,SPY,-0.0061686198949078
2015-06-09,TLT,-0.0011060302619551
2015-06-10,GLD,0.0022183779511247
2015-06-10,QQQ,-0.0016651280569326
2015-06-10,SPY,-0.0001439031965826
2015-06-10,TLT,-0.0079484226565758
2015-06-11,GLD,0.008473122987024
2015-06-11,QQQ,0.0136093661661341
2015-06-11,SPY,0.0119219344170454
2015-06-11,TLT,-0.008790923485647
2015-06-12,GLD,-0.0045806690469191
2015-06-12,QQQ,0.0014602874052041
2015-06-12,SPY,0.0032183658411521
2015-06-12,TLT,0.0208171338951786
2015-06-15,GLD,-0.0002649015739744
2015-06-15,QQQ,-0.0082418188110079
2015-06-15,SPY,-0.0076843674701064
2015-06-15,TLT,0.0
2015-06-16,GLD,0.0044060697400653
2015-06-16,QQQ,-0.0049778948458899
2015-06-16,SPY,-0.0042946902571432
2015-06-16,TLT,0.0016095767323815
2015-06-17,GLD,-0.0036115754437751
2015-06-17,QQQ,0.0054375873481827
2015-06-17,SPY,0.005436866635543
2015-06-17,TLT,0.007841196187341
2015-06-18,GLD,0.0046661068379395
2015-06-18,QQQ,0.0027535163818809
2015-06-18,SPY,0.0016157989488703
2015-06-18,TLT,-0.0077565363524121
2015-06-19,GLD,0.0128290910166516
2015-06-19,QQQ,0.0144686446008143
2015-06-19,SPY,0.0103456645493661
2015-06-19,TLT,-0.0049211182637214
2015-06-22,GLD,-0.0017357836863242
2015-06-22,QQQ,-0.0072536635491537
2015-06-22,SPY,-0.0093015200601521
2015-06-22,TLT,0.0127616532402967
2015-06-23,GLD,-0.0129395348224732
2015-06-23,QQQ,0.0073439522421418
2015-06-23,SPY,0.0051100269172874
2015-06-23,TLT,-0.0206175399759827
2015-06-24,GLD,-0.006621663748214
2015-06-24,QQQ,0.0008127136494397
2015-06-24,SPY,0.000707635247965
2015-06-24,TLT,-0.0060189741663308
2015-06-25,GLD,-0.0026610185778751
2015-06-25,QQQ,-0.0051581462659693
2015-06-25,SPY,-0.0072892513339581
2015-06-25,TLT,0.0085874295536973
2015-06-26,GLD,-0.0013331015376762
2015-06-26,QQQ,-0.0019980137378238
2015-06-26,SPY,-0.0030450084842962
2015-06-26,TLT,-0.0035118973648015
2015-06-29,GLD,0.0010666233650126
2015-06-29,QQQ,-0.0066585129312196
2015-06-29,SPY,-0.0001905894276484
2015-06-29,TLT,-0.0113044094124499
2015-06-30,GLD,0.0045207021318424
2015-06-30,QQQ,-0.0238943967746492
2015-06-30,SPY,-0.0211934003865449
2015-06-30,TLT,0.0261245245054391
2015-07-01,GLD,-0.0062100708860372
2015-07-01,QQQ,0.0035553672333857
2015-07-01,SPY,0.0020911230422734
2015-07-01,TLT,-0.0069568423638259
2015-07-02,GLD,-0.0034767084633964
2015-07-02,QQQ,0.0079073716127891
2015-07-02,SPY,0.0079835618045332
2015-07-02,TLT,-0.0157888668904178
2015-07-06,GLD,-0.0019665798355691
2015-07-06,QQQ,0.0002779337579888
2015-07-06,SPY,-0.0009160939023287
2015-07-06,TLT,0.0032812156967845
2015-07-07,GLD,0.0026806862873874
2015-07-07,QQQ,-0.0023185728640957
2015-07-07,SPY,-0.0028500192690832
2015-07-07,TLT,0.0183648254413121
2015-07-08,GLD,-0.0116687027607574
2015-07-08,QQQ,0.0025038662383806
2015-07-08,SPY,0.0062690229643486
2015-07-08,TLT,0.0093509850596631
2015-07-09,GLD,0.0029749330386003
2015-07-09,QQQ,-0.0175656661127098
2015-07-09,SPY,-0.0169195914419476
2015-07-09,TLT,0.0085995000096424
2015-07-10,GLD,0.0024275514386137
2015-07-10,QQQ,-0.0005656945273885
2015-07-10,SPY,0.001807367435334
2015-07-10,TLT,-0.019899088703896
2015-07-13,GLD,0.0011666795517473
2015-07-13,QQQ,0.015163176559918
2015-07-13,SPY,0.0125129034339648
2015-07-13,TLT,-0.0159852538957187
2015-07-14,GLD,-0.0044947937019094
2015-07-14,QQQ,0.0174045497286864
2015-07-14,SPY,0.0109767838870161
2015-07-14,TLT,-0.0031069378735689
2015-07-15,GLD,-0.002254995812518
2015-07-15,QQQ,0.0065514448225178
2015-07-15,SPY,0.0043286470724696
2015-07-15,TLT,0.0032792336074934
2015-07-16,GLD,-0.0052512044403683
2015-07-16,QQQ,0.0010877005923664
2015-07-16,SPY,-0.0003322749991173
2015-07-16,TLT,0.0105413269248276
2015-07-17,GLD,-0.0036377042236317
2015-07-17,QQQ,0.0140341021447805
2015-07-17,SPY,0.0079922982325428
2015-07-17,TLT,0.0068816171152894
2015-07-20,GLD,-0.0101644626938932
2015-07-20,QQQ,0.0146324067304461
2015-07-20,SPY,0.000847463096525
2015-07-20,TLT,0.0051513909098636
2015-07-21,GLD,-0.0275268567421122
2015-07-21,QQQ,0.0034275818551925
2015-07-21,SPY,0.0005175647063329
2015-07-21,TLT,-0.0042204839793592
2015-07-22,GLD,-0.0031268723268024
2015-07-22,QQQ,-0.0006143287978385
2015-07-22,SPY,-0.0039590773546467
2015-07-22,TLT,0.0053990293516467
2015-07-23,GLD,-0.0054241906707405
2015-07-23,QQQ,-0.0113893508464466
2015-07-23,SPY,-0.0017962043362016
2015-07-23,TLT,0.0062064936847859
2015-07-24,GLD,-0.0044948309762842
2015-07-24,QQQ,-0.0037363783251926
2015-07-24,SPY,-0.0056458576058752
2015-07-24,TLT,0.0123812117650559
2015-07-27,GLD,0.0097291557358142
2015-07-27,QQQ,-0.0098522829780275
2015-07-27,SPY,-0.0104261918887688
2015-07-27,TLT,0.0024744573582881
2015-07-28,GLD,-0.0046619928012779
2015-07-28,QQQ,-0.0083152880969372
2015-07-28,SPY,-0.005834326602727
2015-07-28,TLT,0.0053403694686413
2015-07-29,GLD,0.0015246432799856
2015-07-29,QQQ,0.0085852676681546
2015-07-29,SPY,0.0122082097550534
2015-07-29,TLT,-0.0073194074928411
2015-07-30,GLD,0.0014272948765042
2015-07-30,QQQ,0.0037722857537803
2015-07-30,SPY,0.0068555489660373
2015-07-30,TLT,-0.003721357037831
2015-07-31,GLD,-0.0085944145146335
2015-07-31,QQQ,0.0047399701294863
2015-07-31,SPY,0.0002372117489353
2015-07-31,TLT,0.0076755242292329
2015-08-03,GLD,0.0063098074713187
2015-08-03,QQQ,-0.0011606025810282
2015-08-03,SPY,-0.001519070446181
2015-08-03,TLT,0.007372260949979
2015-08-04,GLD,-0.0079415031150899
2015-08-04,QQQ,-0.0031312795102959
2015-08-04,SPY,-0.0033786547413504
2015-08-04,TLT,0.0082900691363365
2015-08-05,GLD,0.0020152503194806
2015-08-05,QQQ,-0.0018834848967727
2015-08-05,SPY,-0.0019561921695385
2015-08-05,TLT,-0.0079636642719422
2015-08-06,GLD,-0.003649612745896
2015-08-06,QQQ,0.0076909752446759
2015-08-06,SPY,0.0032900371616514
2015-08-06,TLT,-0.0075342110905453
2015-08-07,GLD,0.0044162810366784
2015-08-07,QQQ,-0.0161656243864578
2015-08-07,SPY,-0.0082214562102054
2015-08-07,TLT,0.0088387661888807
2015-08-10,GLD,0.0024875838994236
2015-08-10,QQQ,-0.0012683403868452
2015-08-10,SPY,-0.0019217356495131
2015-08-10,TLT,0.0130328714272064
2015-08-11,GLD,0.0101726378098647
2015-08-11,QQQ,0.0113576320207424
2015-08-11,SPY,0.0125205226797806
2015-08-11,TLT,-0.0124626788243178
2015-08-12,GLD,0.0050948398439476
2015-08-12,QQQ,-0.0128999155770652
2015-08-12,SPY,-0.0090641262228497
2015-08-12,TLT,0.0157546940671384
2015-08-13,GLD,0.0139247878572535
2015-08-13,QQQ,0.0034441913884856
2015-08-13,SPY,0.0011973468333049
2015-08-13,TLT,-0.0054658146365543
2015-08-14,GLD,-0.0082941567425384
2015-08-14,QQQ,-0.0016299950262573
2015-08-14,SPY,-0.0012452442132872
2015-08-14,TLT,-0.003229207047081
2015-08-17,GLD,-9.36047567321894e-05
2015-08-17,QQQ,0.0015395592763779
2015-08-17,SPY,0.0036356455254307
2015-08-17,TLT,0.0023422125858872
2015-08-18,GLD,0.0026170571520375
2015-08-18,QQQ,0.0082905598663405
2015-08-18,SPY,0.0055713016860684
2015-08-18,TLT,0.0045073930805357
2015-08-19,GLD,-0.0001866751617238
2015-08-19,QQQ,-0.0051284443004191
2015-08-19,SPY,-0.0029008300621228
2015-08-19,TLT,-0.0079013209358861
2015-08-20,GLD,0.0133545749632443
2015-08-20,QQQ,-0.0066066882598668
2015-08-20,SPY,-0.0079368735611009
2015-08-20,TLT,0.009826911183792
2015-08-21,GLD,0.0172614847299862
2015-08-21,QQQ,-0.0280852254853713
2015-08-21,SPY,-0.021102463987507
2015-08-21,TLT,0.0100486890134854
2015-08-24,GLD,0.0062282533143871
2015-08-24,QQQ,-0.0446895082454586
2015-08-24,SPY,-0.0305648448954985
2015-08-24,TLT,0.0030108959087765
2015-08-25,GLD,-0.0054136962037427
2015-08-25,QQQ,-0.0392363624749838
2015-08-25,SPY,-0.0430190607732173
2015-08-25,TLT,-0.00031651302044
2015-08-26,GLD,-0.0124722368905492
2015-08-26,QQQ,-0.0037649777895375
2015-08-26,SPY,-0.01183757593562
2015-08-26,TLT,-0.0161956450719214
2015-08-27,GLD,-0.0137437525667737
2015-08-27,QQQ,0.0491348088668938
2015-08-27,SPY,0.0376750723203471
2015-08-27,TLT,-0.0194922236171718
2015-08-28,GLD,0.0005571512452685
2015-08-28,QQQ,0.0250168855423346
2015-08-28,SPY,0.0244341895778473
2015-08-28,TLT,0.0005739326582061
2015-08-31,GLD,0.0089636379853939
2015-08-31,QQQ,-0.0001893083681142
2015-08-31,SPY,5.015434330182348e-05
2015-08-31,TLT,0.0029464795376085
2015-09-01,GLD,0.0011033722012556
2015-09-01,QQQ,-0.012480562000576
2015-09-01,SPY,-0.0081119004977086
2015-09-01,TLT,-0.0077119296489155
2015-09-02,GLD,0.0034858971109339
2015-09-02,QQQ,-0.0317517372324827
2015-09-02,SPY,-0.0303022047661351
2015-09-02,TLT,0.0050113115184951
2015-09-03,GLD,-0.0053254574714514
2015-09-03,QQQ,0.0278134387411127
2015-09-03,SPY,0.018803174547983
2015-09-03,TLT,-0.0086416357138375
2015-09-04,GLD,-0.0072069646875859
2015-09-04,QQQ,-0.0049206730960042
2015-09-04,SPY,0.0007161826950495
2015-09-04,TLT,0.0048649556308069
2015-09-08,GLD,-0.0032508130940552
2015-09-08,QQQ,-0.011967992124125
2015-09-08,SPY,-0.0152525588864799
2015-09-08,TLT,0.0090891156762123
2015-09-09,GLD,0.0002790454421465
2015-09-09,QQQ,0.0278009911394423
2015-09-09,SPY,0.0248204961172701
2015-09-09,TLT,-0.0148637311388223
2015-09-10,GLD,-0.0130121136590399
2015-09-10,QQQ,-0.0112973944176795
2015-09-10,SPY,-0.0134620333170384
2015-09-10,TLT,0.0047870197256882
2015-09-11,GLD,0.0023528316012587
2015-09-11,QQQ,0.0108212428870107
2015-09-11,SPY,0.0054270705547777
2015-09-11,TLT,-0.0067746435118486
2015-09-14,GLD,-0.0020701389754934
2015-09-14,QQQ,0.0055091499310003
2015-09-14,SPY,0.0045339967294674
2015-09-14,TLT,0.0062805110730467
2015-09-15,GLD,0.0005650019663848
2015-09-15,QQQ,-0.0030357645483692
2015-09-15,SPY,-0.0037174376932773
2015-09-15,TLT,0.0015639994993783
2015-09-16,GLD,-0.0030171594704306
2015-09-16,QQQ,0.0117125914044155
2015-09-16,SPY,0.0124219520036546
2015-09-16,TLT,-0.0193503676126181
2015-09-17,GLD,0.0132265521720312
2015-09-17,QQQ,0.0056185042493188
2015-09-17,SPY,0.0086293228867871
2015-09-17,TLT,-0.0037806971517094
2015-09-18,GLD,0.0101985502653112
2015-09-18,QQQ,0.0003734564203989
2015-09-18,SPY,-0.0022504921168104
2015-09-18,TLT,0.0121314763691294
2015-09-21,GLD,0.0073522563730742
2015-09-21,QQQ,-0.0167548988703266
2015-09-21,SPY,-0.0216618564609412
2015-09-21,TLT,0.0152674596338275
2015-09-22,GLD,-0.0062460046161412
2015-09-22,QQQ,0.0031275373355069
2015-09-22,SPY,0.0051543057959865
2015-09-22,TLT,-0.0164323739716943
2015-09-23,GLD,-0.0068417229231559
2015-09-23,QQQ,-0.0150637021386997
2015-09-23,SPY,-0.0130647296408025
2015-09-23,TLT,0.013808133508585
2015-09-24,GLD,0.0039813052072609
2015-09-24,QQQ,0.0007682142832533
2015-09-24,SPY,-0.0015999464112404
2015-09-24,TLT,-8.21362054944296e-05
2015-09-25,GLD,0.0207587962965126
2015-09-25,QQQ,-0.003654175114206
2015-09-25,SPY,-0.0036223180980441
2015-09-25,TLT,0.006793019105022
2015-09-28,GLD,-0.0061734224143141
2015-09-28,QQQ,-0.0085140305096567
2015-09-28,SPY,-0.0002591719675883
2015-09-28,TLT,-0.0086835768161829
2015-09-29,GLD,-0.0127390204329573
2015-09-29,QQQ,-0.0288818099991786
2015-09-29,SPY,-0.0254175926159776
2015-09-29,TLT,0.0169689322091358
2015-09-30,GLD,-0.0040665010650436
2015-09-30,QQQ,-0.0052140561869208
2015-09-30,SPY,0.0005849074337178
2015-09-30,TLT,0.0028272442477483
2015-10-01,GLD,-0.0104264836372973
2015-10-01,QQQ,0.0227610171482469
2015-10-01,SPY,0.018486423839814
2015-10-01,TLT,-0.003474613018288
2015-10-02,GLD,-0.0012172598628681
2015-10-02,QQQ,0.0045102446974112
2015-10-02,SPY,0.0026057966968957
2015-10-02,TLT,0.0021831150350956
2015-10-05,GLD,0.0209538029225264
2015-10-05,QQQ,0.0173597036216903
2015-10-05,SPY,0.0148273069060295
2015-10-05,TLT,0.0060393952118745
2015-10-06,GLD,-0.0020205850578976
2015-10-06,QQQ,0.0142238840123767
2015-10-06,SPY,0.0176384027909878
2015-10-06,TLT,-0.0136605996924592
2015-10-07,GLD,0.0099713032271164
2015-10-07,QQQ,-0.0047506027585978
2015-10-07,SPY,-0.003432133505839
2015-10-07,TLT,0.0043042156035538
2015-10-08,GLD,-0.0014574940081346
2015-10-08,QQQ,0.0059820456756343
2015-10-08,SPY,0.0081571972374271
2015-10-08,TLT,-0.0033280899514151
2015-10-09,GLD,-0.005117883296348
2015-10-09,QQQ,0.0039683139541272
2015-10-09,SPY,0.008986147060895
2015-10-09,TLT,-0.008409919271909
2015-10-12,GLD,0.0157269123915427
2015-10-12,QQQ,0.0045159143770477
2015-10-12,SPY,0.0005961897858329
2015-10-12,TLT,0.0026203724265116
2015-10-13,GLD,0.0039607110144831
2015-10-13,QQQ,0.0024376735922771
2015-10-13,SPY,0.0009432913124797
2015-10-13,TLT,0.0075767221661697
2015-10-14,GLD,0.004929015278091
2015-10-14,QQQ,-0.0064822665181891
2015-10-14,SPY,-0.0063220672970618
2015-10-14,TLT,0.001702948851005
2015-10-15,GLD,0.0172822749923714
2015-10-15,QQQ,-0.0016035297490967
2015-10-15,SPY,-0.0048055692921413
2015-10-15,TLT,0.0087125578478054
2015-10-16,GLD,-0.0045794588755318
2015-10-16,QQQ,0.0162924753321281
2015-10-16,SPY,0.0152378848287077
2015-10-16,TLT,-0.0049116457036751
2015-10-19,GLD,-0.0070866011523386
2015-10-19,QQQ,0.0041707699898838
2015-10-19,SPY,0.0045362641044851
2015-10-19,TLT,0.0003228223381808
2015-10-20,GLD,-0.0041869129999151
2015-10-20,QQQ,0.0057179452611331
2015-10-20,SPY,0.0004917905119609
2015-10-20,TLT,-0.0027472865687382
2015-10-21,GLD,0.0063182120205528
2015-10-21,QQQ,-0.0051631828081883
2015-10-21,SPY,-0.0012792488930573
2015-10-21,TLT,-0.0061683055122999
2015-10-22,GLD,-0.0089103322306711
2015-10-22,QQQ,-0.0061196637109225
2015-10-22,SPY,-0.0062228296715969
2015-10-22,TLT,0.0098834342806101
2015-10-23,GLD,-0.0003580781927906
2015-10-23,QQQ,0.0201636669310649
2015-10-23,SPY,0.0167525639187605
2015-10-23,TLT,0.0016914270883259
2015-10-26,GLD,-0.0017026075113334
2015-10-26,QQQ,0.0275984950708575
2015-10-26,SPY,0.0109020633532108
2015-10-26,TLT,-0.0085671354985081
2015-10-27,GLD,-0.0006279971024889
2015-10-27,QQQ,0.0006204821869621
2015-10-27,SPY,-0.0024607115434294
2015-10-27,TLT,0.0066337895253944
2015-10-28,GLD,0.002241047948969
2015-10-28,QQQ,0.0020360592757065
2015-10-28,SPY,-0.0019342070371614
2015-10-28,TLT,0.0024965198381699
2015-10-29,GLD,-0.0080914001608609
2015-10-29,QQQ,0.0082782931438653
2015-10-29,SPY,0.0113103880605106
2015-10-29,TLT,-0.0040296636783729
2015-10-30,GLD,-0.0096145643907691
2015-10-30,QQQ,-0.001579920549134
2015-10-30,SPY,-0.0005744416718742
2015-10-30,TLT,-0.0160368221848717
2015-11-02,GLD,-0.0038352540915995
2015-11-02,QQQ,-0.0044899887109837
2015-11-02,SPY,-0.0043190832432861
2015-11-02,TLT,0.0075212762281742
2015-11-03,GLD,-0.0065171345988014
2015-11-03,QQQ,0.0112311329323761
2015-11-03,SPY,0.0117614989423226
2015-11-03,TLT,-0.0067830264198869
2015-11-04,GLD,-0.0149373560224424
2015-11-04,QQQ,0.003484033844719
2015-11-04,SPY,0.0028951851601861
2015-11-04,TLT,-0.0082338878127939
2015-11-05,GLD,-0.009485885776108
2015-11-05,QQQ,8.68974211646817e-05
2015-11-05,SPY,-0.0030377818534609
2015-11-05,TLT,0.0011568286989316
2015-11-06,GLD,-0.0031189650547963
2015-11-06,QQQ,-0.0026988007880142
2015-11-06,SPY,-0.0009988192150947
2015-11-06,TLT,-0.0026461580322072
2015-11-09,GLD,-0.0146851206881709
2015-11-09,QQQ,0.0006971837411347
2015-11-09,SPY,-0.0005235756025603
2015-11-09,TLT,-0.0147643893796656
2015-11-10,GLD,0.002877729101132
2015-11-10,QQQ,-0.0106849958366381
2015-11-10,SPY,-0.0093753268647913
2015-11-10,TLT,-0.0056461462409246
2015-11-11,GLD,-0.0021095148178785
2015-11-11,QQQ,-0.0025567650470101
2015-11-11,SPY,0.0023041279790732
2015-11-11,TLT,0.0029534511234335
2015-11-12,GLD,-0.003365211295874
2015-11-12,QQQ,-0.0012366346490766
2015-11-12,SPY,-0.0039394336770714
2015-11-12,TLT,-0.0021087266837892
2015-11-13,GLD,0.0001925716785326
2015-11-13,QQQ,-0.0097700259570113
2015-11-13,SPY,-0.0140581555257129
2015-11-13,TLT,0.0048014218012804
2015-11-16,GLD,-0.0027964043204795
2015-11-16,QQQ,-0.0198312304440241
2015-11-16,SPY,-0.0112918039606613
2015-11-16,TLT,0.0056980236645691
2015-11-17,GLD,0.0014474024653423
2015-11-17,QQQ,0.0142821000395466
2015-11-17,SPY,0.0150924166120076
2015-11-17,TLT,-0.0009195453968869
2015-11-18,GLD,-0.0132979661806881
2015-11-18,QQQ,0.0006280534598804
2015-11-18,SPY,-0.000729737548842
2015-11-18,TLT,0.0016712375520363
2015-11-19,GLD,0.0008790738346113
2015-11-19,QQQ,0.0190126501398981
2015-11-19,SPY,0.0157414864700227
2015-11-19,TLT,0.0020851586603336
2015-11-20,GLD,0.0109714898807345
2015-11-20,QQQ,0.0007038078265663
2015-11-20,SPY,-0.0008626950128016
2015-11-20,TLT,0.0066434645931423
2015-11-23,GLD,-0.0045487737236644
2015-11-23,QQQ,0.0067488249863061
2015-11-23,SPY,0.0036375596790128
2015-11-23,TLT,-0.0030671284601475
2015-11-24,GLD,-0.008083747042833
2015-11-24,QQQ,-0.0028867782283958
2015-11-24,SPY,-0.0011472358042738
2015-11-24,TLT,0.0030671284601476
2015-11-25,GLD,0.0066277073993574
2015-11-25,QQQ,-0.0008764108546526
2015-11-25,SPY,0.0013383624688403
2015-11-25,TLT,-8.278886189510647e-05
2015-11-27,GLD,-0.0046738483658018
2015-11-27,QQQ,0.0008764108546526
2015-11-27,SPY,-0.000143305125211
2015-11-27,TLT,0.0023149972005738
2015-11-30,GLD,-0.0118797635889466
2015-11-30,QQQ,0.0014006483368021
2015-11-30,SPY,0.0011458663953237
2015-11-30,TLT,-0.0009914494606881
2015-12-01,GLD,0.0065954678715975
2015-12-01,QQQ,-0.0025401925181061
2015-12-01,SPY,-0.004160173924404
2015-12-01,TLT,0.0039600392577781
2015-12-02,GLD,0.0035259646298245
2015-12-02,QQQ,0.0099486553823456
2015-12-02,SPY,0.0094904508850662
2015-12-02,TLT,0.0112986701377373
2015-12-03,GLD,-0.0156676243137877
2015-12-03,QQQ,-0.0061844778101353
2015-12-03,SPY,-0.0102574499238718
2015-12-03,TLT,0.0003256077748109
2015-12-04,GLD,0.0105706064103597
2015-12-04,QQQ,-0.0170958941640168
2015-12-04,SPY,-0.0141017364276534
2015-12-04,TLT,-0.0275595325556762
2015-12-07,GLD,0.0219660354882815
2015-12-07,QQQ,0.0231066483767038
2015-12-07,SPY,0.0193151709493908
2015-12-07,TLT,0.0087460725692878
2015-12-08,GLD,-0.0130632125964203
2015-12-08,QQQ,-0.0045264408606183
2015-12-08,SPY,-0.0060769572853991
2015-12-08,TLT,0.0096563137160468
2015-12-09,GLD,0.0016544033114078
2015-12-09,QQQ,8.719308041210324e-05
2015-12-09,SPY,-0.0067421837146053
2015-12-09,TLT,0.0004926717064276
2015-12-10,GLD,-0.0019466324270582
2015-12-10,QQQ,-0.0152956382996545
2015-12-10,SPY,-0.0078100794119385
2015-12-10,TLT,-0.00106778321007
2015-12-11,GLD,-0.0008772000837341
2015-12-11,QQQ,0.0045075168825227
2015-12-11,SPY,0.0025777538668262
2015-12-11,TLT,0.0013140280711406
2015-12-14,GLD,0.0054458711721541
2015-12-14,QQQ,-0.0232848789531643
2015-12-14,SPY,-0.0195713922445069
2015-12-14,TLT,0.0156355449956869
2015-12-15,GLD,-0.0128845089907494
2015-12-15,QQQ,0.0075532806260949
2015-12-15,SPY,0.0050397310916021
2015-12-15,TLT,-0.013012532637533
2015-12-16,GLD,-0.0026560861191144
2015-12-16,QQQ,0.006073076814538
2015-12-16,SPY,0.0104430871908064
2015-12-16,TLT,-0.0059113571372252
2015-12-17,GLD,0.012043063036934
2015-12-17,QQQ,0.0147601406219634
2015-12-17,SPY,0.0145259902611953
2015-12-17,TLT,-0.0021432877159153
2015-12-18,GLD,-0.0221411258772135
2015-12-18,QQQ,-0.0146710862983257
2015-12-18,SPY,-0.0153554722146247
2015-12-18,TLT,0.011242088841055
2015-12-21,GLD,0.0152071747467198
2015-12-21,QQQ,-0.0224182050885087
2015-12-21,SPY,-0.0239094390792093
2015-12-21,TLT,0.0055334203149699
2015-12-22,GLD,0.0108193520642257
2015-12-22,QQQ,0.0110468453493994
2015-12-22,SPY,0.0082153061637518
2015-12-22,TLT,-0.0002435288625778
2015-12-23,GLD,-0.0052488544876924
2015-12-23,QQQ,0.006552065099595
2015-12-23,SPY,0.0090333158103591
2015-12-23,TLT,-0.0072502407901926
2015-12-24,GLD,-0.0029280037943663
2015-12-24,QQQ,0.007397884208016
2015-12-24,SPY,0.0123072673109857
2015-12-24,TLT,-0.0075502876567746
2015-12-28,GLD,0.0072069409227907
2015-12-28,QQQ,-0.0001776578400056
2015-12-28,SPY,-0.0016517448457782
2015-12-28,TLT,0.0036181475142132
2015-12-29,GLD,-0.0075979949571133
2015-12-29,QQQ,-0.0005330273748722
2015-12-29,SPY,-0.0022876495781282
2015-12-29,TLT,0.0029505849129365
2015-12-30,GLD,-0.0006846940847351
2015-12-30,QQQ,0.015606755586204
2015-12-30,SPY,0.010615388596982
2015-12-30,TLT,-0.0167530118160737
2015-12-31,GLD,-0.0076613555962643
2015-12-31,QQQ,-0.00905227792425
2015-12-31,SPY,-0.0071129967160006
2015-12-31,TLT,-0.0009991902937477
2016-01-04,GLD,0.0003943308023186
2016-01-04,QQQ,-0.0125262247262279
2016-01-04,SPY,-0.0100537577922811
2016-01-04,TLT,0.0044884200476336
2016-01-05,GLD,0.0139958273406263
2016-01-05,QQQ,-0.0213235455932743
2016-01-05,SPY,-0.0140780850079257
2016-01-05,TLT,0.00718918207384
2016-01-06,GLD,0.0028145883185664
2016-01-06,QQQ,-0.0017366892855132
2016-01-06,SPY,0.0016899270077029
2016-01-06,TLT,-0.0040427254581134
2016-01-07,GLD,0.0143374875989898
2016-01-07,QQQ,-0.0096520988698025
2016-01-07,SPY,-0.0126944242357674
2016-01-07,TLT,0.0133855193717002
2016-01-08,GLD,0.0140406761508109
2016-01-08,QQQ,-0.0318142470645758
2016-01-08,SPY,-0.0242840560808666
2016-01-08,TLT,0.0017930015086737
2016-01-11,GLD,-0.004437539422203
2016-01-11,QQQ,-0.0082344451329194
2016-01-11,SPY,-0.0110372645508516
2016-01-11,TLT,0.0044684890199929
2016-01-12,GLD,-0.0089345946460184
2016-01-12,QQQ,0.0030719011267389
2016-01-12,SPY,0.0009895188267248
2016-01-12,TLT,-0.0110038886668524
2016-01-13,GLD,-0.0050729832368575
2016-01-13,QQQ,0.0115310666217336
2016-01-13,SPY,0.008035935275933
2016-01-13,TLT,0.0143219513336844
2016-01-14,GLD,0.004882048039545
2016-01-14,QQQ,-0.0350980814492602
2016-01-14,SPY,-0.0252569140030498
2016-01-14,TLT,0.0098087395813413
2016-01-15,GLD,-0.0163670217062958
2016-01-15,QQQ,0.0210717915144023
2016-01-15,SPY,0.0162835349665719
2016-01-15,TLT,-0.0094048213845058
2016-01-19,GLD,0.010236740244834
2016-01-19,QQQ,-0.0315286807136799
2016-01-19,SPY,-0.0216998835633956
2016-01-19,TLT,0.0154669133534352
2016-01-20,GLD,-0.0009612465570263
2016-01-20,QQQ,0.0021793097020951
2016-01-20,SPY,0.0013302473733657
2016-01-20,TLT,-0.0031062060632928
2016-01-21,GLD,0.0132793864375229
2016-01-21,QQQ,-0.0030721748789821
2016-01-21,SPY,-0.0128979001202463
2016-01-21,TLT,0.0104746211629122
2016-01-22,GLD,0.0011381497656593
2016-01-22,QQQ,0.0009920484432457
2016-01-22,SPY,0.0055863525799393
2016-01-22,TLT,-0.0068119123630793
2016-01-25,GLD,-0.0046557912856441
2016-01-25,QQQ,0.028542629997398
2016-01-25,SPY,0.0203076980313581
2016-01-25,TLT,-0.0038222961372632
2016-01-26,GLD,0.0102331935411022
2016-01-26,QQQ,-0.0149516696614447
2016-01-26,SPY,-0.015231968150444
2016-01-26,TLT,0.0054105822966818
2016-01-27,GLD,0.0113419134832321
2016-01-27,QQQ,0.0089590447040847
2016-01-27,SPY,0.0135509038588184
2016-01-27,TLT,0.0004760427567206
2016-01-28,GLD,0.003721294829618
2016-01-28,QQQ,-0.0252308053612995
2016-01-28,SPY,-0.0109428948887975
2016-01-28,TLT,-0.0002379627879067
2016-01-29,GLD,-0.0107362419293494
2016-01-29,QQQ,0.0140193643354944
2016-01-29,SPY,0.0051956203891779
2016-01-29,TLT,0.0014269885139347
2016-02-01,GLD,0.0038408969118531
2016-02-01,QQQ,0.0206672788810609
2016-02-01,SPY,0.0240849642697308
2016-02-01,TLT,0.0084408631777646
2016-02-02,GLD,0.0102327042028559
2016-02-02,QQQ,0.0026853992110027
2016-02-02,SPY,-0.00036144939393
2016-02-02,TLT,-0.0049612644960938
2016-02-03,GLD,0.0003700683510889
2016-02-03,QQQ,-0.0218831551750737
2016-02-03,SPY,-0.0181865321324965
2016-02-03,TLT,0.0183821991785865
2016-02-04,GLD,0.0106746544277751
2016-02-04,QQQ,-0.004808388159395
2016-02-04,SPY,0.0059770500889592
2016-02-04,TLT,-0.0083279254641903
2016-02-05,GLD,0.0120099678185875
2016-02-05,QQQ,-9.8392956404579e-05
2016-02-05,SPY,0.001567004993329
2016-02-05,TLT,0.0048340213083117
2016-02-08,GLD,0.015703135766193
2016-02-08,QQQ,-0.0353443077031017
2016-02-08,SPY,-0.0192339436191548
2016-02-08,TLT,0.001165952104592
2016-02-09,GLD,0.0133541858625158
2016-02-09,QQQ,-0.0154054598294584
2016-02-09,SPY,-0.0135524414694514
2016-02-09,TLT,0.0212913327075875
2016-02-10,GLD,-0.0021986728524322
2016-02-10,QQQ,-0.0031098091607434
2016-02-10,SPY,5.390053706405582e-05
2016-02-10,TLT,0.0010641486571835
2016-02-11,GLD,0.0077179584117263
2016-02-11,QQQ,0.0038340313531299
2016-02-11,SPY,-0.0008631692180782
2016-02-11,TLT,0.008773888909901
2016-02-12,GLD,0.0394021382372742
2016-02-12,QQQ,-0.0014489692627087
2016-02-12,SPY,-0.01309340754856
2016-02-12,TLT,0.0069791882384989
2016-02-16,GLD,-0.0058967145308167
2016-02-16,QQQ,0.0151104647513868
2016-02-16,SPY,0.0204072372840126
2016-02-16,TLT,-0.0167412190628784
2016-02-17,GLD,-0.0308007362453961
2016-02-17,QQQ,0.0222960732951122
2016-02-17,SPY,0.0167374267553103
2016-02-17,TLT,-0.010626600411392
2016-02-18,GLD,0.0061672874207764
2016-02-18,QQQ,0.0223952200493849
2016-02-18,SPY,0.0162027590747905
2016-02-18,TLT,-0.0061676477789257
2016-02-19,GLD,0.0240418604332029
2016-02-19,QQQ,-0.011480263048024
2016-02-19,SPY,-0.0041042660539313
2016-02-19,TLT,0.0122210228610359
2016-02-22,GLD,-0.0060202757503805
2016-02-22,QQQ,0.0029562045939279
2016-02-22,SPY,-0.000468621106489
2016-02-22,TLT,0.0008399879476915
2016-02-23,GLD,-0.0179350409170575
2016-02-23,QQQ,0.0161049945946639
2016-02-23,SPY,0.014375338238185
2016-02-23,TLT,-0.0005343925780551
2016-02-24,GLD,0.0148685938321692
2016-02-24,QQQ,-0.0165970513201918
2016-02-24,SPY,-0.0127100208356243
2016-02-24,TLT,0.0040394763353707
2016-02-25,GLD,0.0033215495905065
2016-02-25,QQQ,0.0095038308782807
2016-02-25,SPY,0.0045652165522275
2016-02-25,TLT,-0.0019795537070533
2016-02-26,GLD,0.0026323418605182
2016-02-26,QQQ,0.0098006170314176
2016-02-26,SPY,0.0120390217599483
2016-02-26,TLT,0.0035755370209216
2016-02-29,GLD,-0.0068927436472604
2016-02-29,QQQ,-0.001256072968271
2016-02-29,SPY,-0.0023039559647322
2016-02-29,TLT,-0.0096913195570954
2016-03-01,GLD,0.0129800234192825
2016-03-01,QQQ,-0.0090322597618032
2016-03-01,SPY,-0.0078734424658435
2016-03-01,TLT,0.0043612454204039
2016-03-02,GLD,-0.0073601513358005
2016-03-02,QQQ,0.0315932070744158
2016-03-02,SPY,0.0232349057551651
2016-03-02,TLT,-0.019660655374636
2016-03-03,GLD,0.00769725664473
2016-03-03,QQQ,0.0003780447546031
2016-03-03,SPY,0.004482389657385
2016-03-03,TLT,0.0041183790238568
2016-03-04,GLD,0.0171258771555553
2016-03-04,QQQ,-0.0018916545743241
2016-03-04,SPY,0.0039119302692744
2016-03-04,TLT,0.0036378070461412
2016-03-07,GLD,-0.0015750194994792
2016-03-07,QQQ,0.0003786172917351
2016-03-07,SPY,0.0032482670692009
2016-03-07,TLT,-0.0064332786013239
2016-03-08,GLD,0.0049652408642887
2016-03-08,QQQ,-0.0061702368798876
2016-03-08,SPY,0.0007979835169489
2016-03-08,TLT,-0.0003111568259055
2016-03-09,GLD,-0.0046334482677506
2016-03-09,QQQ,-0.0083185938872425
2016-03-09,SPY,-0.010977841492832
2016-03-09,TLT,0.0109848571572076
2016-03-10,GLD,-0.0083278294815117
2016-03-10,QQQ,0.0064124081048307
2016-03-10,SPY,0.0049274119974546
2016-03-10,TLT,-0.0060963517260556
2016-03-11,GLD,0.0159286440154625
2016-03-11,QQQ,-0.0015275545279972
2016-03-11,SPY,0.0008021077540981
2016-03-11,TLT,-0.0041109134236869
2016-03-14,GLD,-0.017351282566946
2016-03-14,QQQ,0.0173340280323105
2016-03-14,SPY,0.0160083026735595
2016-03-14,TLT,-0.0101555675579125
2016-03-15,GLD,-0.0129806346733887
2016-03-15,QQQ,0.0016888755048836
2016-03-15,SPY,-0.0012830999656029
2016-03-15,TLT,0.0031357937390025
2016-03-16,GLD,0.0007632306454698
2016-03-16,QQQ,-0.0003750671997633
2016-03-16,SPY,-0.0016309679773635
2016-03-16,TLT,0.0009387820864241
2016-03-17,GLD,0.022050755561495
2016-03-17,QQQ,0.0088699015934699
2016-03-17,SPY,0.005770518268001
2016-03-17,TLT,0.002967108178534
2016-03-18,GLD,-0.0038218648773647
2016-03-18,QQQ,-0.0005579283121383
2016-03-18,SPY,0.0063240573591707
2016-03-18,TLT,0.0041237078818652
2016-03-21,GLD,-0.0027507557147485
2016-03-21,QQQ,-0.0013960065267795
2016-03-21,SPY,-0.0012224641214868
2016-03-21,TLT,0.0020942748166301
2016-03-22,GLD,-0.0070364166993143
2016-03-22,QQQ,0.0039040592605785
2016-03-22,SPY,0.0014178869700667
2016-03-22,TLT,-0.0077003469636998
2016-03-23,GLD,0.0029378329691906
2016-03-23,QQQ,0.0030568485241786
2016-03-23,SPY,-0.0005375979969664
2016-03-23,TLT,-0.0002343839612026
2016-03-24,GLD,-0.0228900886586275
2016-03-24,QQQ,-0.0082656552733642
2016-03-24,SPY,-0.0066213589171056
2016-03-24,TLT,0.0112610378363192
2016-03-28,GLD,-0.0024040431975177
2016-03-28,QQQ,0.000279721933183
2016-03-28,SPY,-0.0004430467735408
2016-03-28,TLT,0.0003859614239653
2016-03-29,GLD,0.0023182652611009
2016-03-29,QQQ,-0.0013994639962544
2016-03-29,SPY,0.0005906603961287
2016-03-29,TLT,0.0013115791869343
2016-03-30,GLD,0.0183554070534015
2016-03-30,QQQ,0.0159306990579771
2016-03-30,SPY,0.0092075761741435
2016-03-30,TLT,0.0104303463984811
2016-03-31,GLD,-0.0140764103102446
2016-03-31,QQQ,0.004858149463939
2016-03-31,SPY,0.0043781222659937
2016-03-31,TLT,-0.0105845813390715
2016-04-01,GLD,0.0046008509243858
2016-04-01,QQQ,-0.0014641626325124
2016-04-01,SPY,-0.0024298986034664
2016-04-01,TLT,0.007068782089926
2016-04-04,GLD,-0.006053640735366
2016-04-04,QQQ,0.0105667195153317
2016-04-04,SPY,0.0067888626960505
2016-04-04,TLT,0.000535742423378
2016-04-05,GLD,-0.0066929954085696
2016-04-05,QQQ,-0.0038129702404069
2016-04-05,SPY,-0.0032432110714291
2016-04-05,TLT,0.0006120091606024
2016-04-06,GLD,0.0129166682072564
2016-04-06,QQQ,-0.0096884515217905
2016-04-06,SPY,-0.0100380803233054
2016-04-06,TLT,0.010876760213731
2016-04-07,GLD,-0.0061381369358648
2016-04-07,QQQ,0.0163064506140789
2016-04-07,SPY,0.0108619743757728
2016-04-07,TLT,-0.0072888237090756
2016-04-08,GLD,0.0141798015621031
2016-04-08,QQQ,-0.0144712089677833
2016-04-08,SPY,-0.0120380684669549
2016-04-08,TLT,0.0122692417975814
2016-04-11,GLD,-0.0015187338768047
2016-04-11,QQQ,-0.0007336925345904
2016-04-11,SPY,0.0026931246825536
2016-04-11,TLT,-0.0063430824677911
2016-04-12,GLD,0.0134196300570208
2016-04-12,QQQ,-0.003676488779759
2016-04-12,SPY,-0.0023499262871008
2016-04-12,TLT,-0.0012885972967011
2016-04-13,GLD,0.0001666467207152
2016-04-13,QQQ,0.0083444953454557
2016-04-13,SPY,0.0092696857599926
2016-04-13,TLT,-0.0069262650845373
2016-04-14,GLD,-0.0107195265659906
2016-04-14,QQQ,0.0127032058405577
2016-04-14,SPY,0.0100503447455696
2016-04-14,TLT,0.0035072217086861
2016-04-15,GLD,-0.0140751522561683
2016-04-15,QQQ,9.010960429356668e-05
2016-04-15,SPY,4.804935924526134e-05
2016-04-15,TLT,-0.0048064551618932
2016-04-18,GLD,0.0068927436472604
2016-04-18,QQQ,-0.0025275223997429
2016-04-18,SPY,-0.0011063072931566
2016-04-18,TLT,0.0085289153816972
2016-04-19,GLD,-0.001527627456597
2016-04-19,QQQ,0.0053184779440986
2016-04-19,SPY,0.0070021229879382
2016-04-19,TLT,-0.0043315339499697
2016-04-20,GLD,0.015506833308651
2016-04-20,QQQ,-0.0061322248753655
2016-04-20,SPY,0.0031492529930353
2016-04-20,TLT,-0.0031272949896851
2016-04-21,GLD,-0.0051142480161098
2016-04-21,QQQ,0.0008137469312668
2016-04-21,SPY,0.0009524391531005
2016-04-21,TLT,-0.0110616213106216
2016-04-22,GLD,0.0037753050369176
2016-04-22,QQQ,9.039844724940544e-05
2016-04-22,SPY,-0.0053929300679507
2016-04-22,TLT,-0.0059655745011227
2016-04-25,GLD,-0.0128946946592093
2016-04-25,QQQ,-0.0152076703290381
2016-04-25,SPY,0.0
2016-04-25,TLT,-0.0025676094801386
2016-04-26,GLD,0.0028799271415296
2016-04-26,QQQ,0.0
2016-04-26,SPY,-0.0017242238515329
2016-04-26,TLT,-0.0041375504925851
2016-04-27,GLD,0.0039673676375151
2016-04-27,QQQ,-0.0048752008250443
2016-04-27,SPY,0.0014849118217189
2016-04-27,TLT,-0.0045476150734369
2016-04-28,GLD,0.0028603028699197
2016-04-28,QQQ,-0.0080544352676186
2016-04-28,SPY,0.0020561268160363
2016-04-28,TLT,0.0099309120605741
2016-04-29,GLD,0.0187248010933363
2016-04-29,QQQ,-0.0121576644596116
2016-04-29,SPY,-0.0091171895516868
2016-04-29,TLT,0.0041153823212876
2016-05-02,GLD,0.0192706264386917
2016-05-02,QQQ,-0.0052830081232291
2016-05-02,SPY,-0.0054134943965281
2016-05-02,TLT,0.0025538985434319
2016-05-03,GLD,-0.0033213499131699
2016-05-03,QQQ,0.0094144923230301
2016-05-03,SPY,0.0079170067279039
2016-05-03,TLT,-0.0121308265213335
2016-05-04,GLD,-0.0022745646099544
2016-05-04,QQQ,-0.0093198871111938
2016-05-04,SPY,-0.0087412602918986
2016-05-04,TLT,0.0125171160314906
2016-05-05,GLD,-0.0061182228261255
2016-05-05,QQQ,-0.0064522501529568
2016-05-05,SPY,-0.0055938524656744
2016-05-05,TLT,0.0054706515107936
2016-05-06,GLD,-0.0011462207767798
2016-05-06,QQQ,-0.0002856800965303
2016-05-06,SPY,-0.0001950987203103
2016-05-06,TLT,0.0066628248593523
2016-05-09,GLD,0.0090520545546735
2016-05-09,QQQ,0.0053182004932823
2016-05-09,SPY,0.0036523939189663
2016-05-09,TLT,-0.0042836260475724
2016-05-10,GLD,-0.0207528980181827
2016-05-10,QQQ,0.0028373746800945
2016-05-10,SPY,0.0008260157836741
2016-05-10,TLT,0.0031380659170929
2016-05-11,GLD,0.0027314657084142
2016-05-11,QQQ,0.013601866135096
2016-05-11,SPY,0.0123571470623683
2016-05-11,TLT,7.63726512355077e-05
2016-05-12,GLD,0.0093789199309153
2016-05-12,QQQ,-0.009078645440115
2016-05-12,SPY,-0.0093987772854794
2016-05-12,TLT,0.0056385817268245
2016-05-13,GLD,-0.0078921739730869
2016-05-13,QQQ,-0.0044287584350153
2016-05-13,SPY,0.0002905028778884
2016-05-13,TLT,-0.0045693942475807
2016-05-16,GLD,0.004529141979827
2016-05-16,QQQ,-0.0036898607622267
2016-05-16,SPY,-0.0087523805169237
2016-05-16,TLT,0.0096472646491869
2016-05-17,GLD,0.0007392219670166
2016-05-17,QQQ,0.012434219138587
2016-05-17,SPY,0.0098168854931042
2016-05-17,TLT,-0.0086554287041408
2016-05-18,GLD,0.0034423291232429
2016-05-18,QQQ,-0.0126237787443136
2016-05-18,SPY,-0.0093773864672286
2016-05-18,TLT,0.0016762001692465
2016-05-19,GLD,-0.0174979930736541
2016-05-19,QQQ,0.0035960788850957
2016-05-19,SPY,0.0002928424326074
2016-05-19,TLT,-0.0143379498482426
2016-05-20,GLD,-0.0019168712488534
2016-05-20,QQQ,-0.0052091139860273
2016-05-20,SPY,-0.0034709854349153
2016-05-20,TLT,0.004315314858416
2016-05-23,GLD,-0.0013357015166127
2016-05-23,QQQ,0.0109549085822828
2016-05-23,SPY,0.0062975068981848
2016-05-23,TLT,0.0007685691838689
2016-05-24,GLD,-0.0028442074994739
2016-05-24,QQQ,-0.0013157839082611
2016-05-24,SPY,-0.0013635199140758
2016-05-24,TLT,0.0022257850932535
2016-05-25,GLD,-0.0174931544398076
2016-05-25,QQQ,0.0198339500882781
2016-05-25,SPY,0.012878983047929
2016-05-25,TLT,-0.0044564178574031
2016-05-26,GLD,-0.0027317729645951
2016-05-26,QQQ,0.0071658440783544
2016-05-26,SPY,0.0067602016183051
2016-05-26,TLT,-0.003780473593609
2016-05-27,GLD,-0.0034252603876992
2016-05-27,QQQ,0.0029250450610231
2016-05-27,SPY,0.0002866444971783
2016-05-27,TLT,0.0051655656196516
2016-05-31,GLD,-0.0082687729142454
2016-05-31,QQQ,0.0051891391262585
2016-05-31,SPY,0.0042900544911671
2016-05-31,TLT,-0.0014620586933446
2016-06-01,GLD,0.003798302317157
2016-06-01,QQQ,0.0019050134175674
2016-06-01,SPY,-0.0019044433176034
2016-06-01,TLT,0.0023845059331135
2016-06-02,GLD,-0.0010344407576532
2016-06-02,QQQ,9.06442201500528e-05
2016-06-02,SPY,0.0020471213925653
2016-06-02,TLT,0.0019955068791532
2016-06-03,GLD,-0.0023315434917615
2016-06-03,QQQ,0.0020821385933133
2016-06-03,SPY,0.0030390800616269
2016-06-03,TLT,0.0071816524251426
2016-06-06,GLD,0.027373264388307
2016-06-06,QQQ,-0.0047136080193192
2016-06-06,SPY,-0.0029915494147822
2016-06-06,TLT,0.0141352755532884
2016-06-07,GLD,0.0003364248669022
2016-06-07,QQQ,0.0036278067356158
2016-06-07,SPY,0.0050755857453942
2016-06-07,TLT,-0.007458430851689
2016-06-08,GLD,-0.0008412423733234
2016-06-08,QQQ,-0.0025380613703625
2016-06-08,SPY,0.0015601098747066
2016-06-08,TLT,0.0024168596488187
2016-06-09,GLD,0.0147037078874442
2016-06-09,QQQ,0.0017229878556517
2016-06-09,SPY,0.0032543476959841
2016-06-09,TLT,0.0053418229493803
2016-06-10,GLD,0.0055410815709403
2016-06-10,QQQ,-0.0016322120139977
2016-06-10,SPY,-0.0013664428476379
2016-06-10,TLT,0.0064323376672606
2016-06-13,GLD,0.0040330757007034
2016-06-13,QQQ,-0.0114088762899309
2016-06-13,SPY,-0.0095227272413637
2016-06-13,TLT,0.0048342951434852
2016-06-14,GLD,0.0073656240684886
2016-06-14,QQQ,-0.008388339336861
2016-06-14,SPY,-0.0077416536866318
2016-06-14,TLT,0.0044418646868531
2016-06-15,GLD,0.0010594292626908
2016-06-15,QQQ,0.0
2016-06-15,SPY,-0.001968853053697
2016-06-15,TLT,-0.0007389795811242
2016-06-16,GLD,0.0073849284570991
2016-06-16,QQQ,-0.002873675753641
2016-06-16,SPY,-0.0013949028973121
2016-06-16,TLT,0.003836542030244
2016-06-17,GLD,-0.0105666517152432
2016-06-17,QQQ,0.0029662581227968
2016-06-17,SPY,0.0029798884131752
2016-06-17,TLT,0.0048483429904952
2016-06-20,GLD,0.0127472982689903
2016-06-20,QQQ,-0.0144504734314748
2016-06-20,SPY,-0.0089180414494047
2016-06-20,TLT,-0.0062484569868945
2016-06-21,GLD,-0.0059880246543699
2016-06-21,QQQ,0.0062720148837206
2016-06-21,SPY,0.0064194143643195
2016-06-21,TLT,-0.0107499787891051
2016-06-22,GLD,-0.0194228829929208
2016-06-22,QQQ,0.0031677687170904
2016-06-22,SPY,0.0028345466901191
2016-06-22,TLT,-0.004632136657889
2016-06-23,GLD,0.0004964440287161
2016-06-23,QQQ,-0.0024215541200494
2016-06-23,SPY,-0.0016324790244544
2016-06-23,TLT,0.00164610011543
2016-06-24,GLD,-0.0065557755937431
2016-06-24,QQQ,0.0141662367954113
2016-06-24,SPY,0.0129384795618293
2016-06-24,TLT,-0.0115043100111737
2016-06-27,GLD,0.0478739123034741
2016-06-27,QQQ,-0.0420600413312893
2016-06-27,SPY,-0.0365696685376435
2016-06-27,TLT,0.0264931216252976
2016-06-28,GLD,0.0053823171279899
2016-06-28,QQQ,-0.0200481236297359
2016-06-28,SPY,-0.0180721792973996
2016-06-28,TLT,0.0246602743915982
2016-06-29,GLD,-0.0107937604306491
2016-06-29,QQQ,0.0216768489617165
2016-06-29,SPY,0.017875306229735
2016-06-29,TLT,0.0020816756599498
2016-06-30,GLD,0.004140765999889
2016-06-30,QQQ,0.0175551170917703
2016-06-30,SPY,0.0168842478208307
2016-06-30,TLT,-0.0077020881072823
2016-07-01,GLD,0.0049939058952932
2016-07-01,QQQ,0.0115035485593566
2016-07-01,SPY,0.0135533005090668
2016-07-01,TLT,0.0036784239910344
2016-07-05,GLD,0.0152231628180611
2016-07-05,QQQ,0.0050088306987062
2016-07-05,SPY,0.0020982480173619
2016-07-05,TLT,0.0119514316288848
2016-07-06,GLD,0.0082209051369569
2016-07-06,QQQ,-0.0061253431620426
2016-07-06,SPY,-0.0072191860885356
2016-07-06,TLT,0.012442680500003
2016-07-07,GLD,0.0058528816735514
2016-07-07,QQQ,0.0081588147541257
2016-07-07,SPY,0.0059798775467645
2016-07-07,TLT,0.0016146286496463
2016-07-08,GLD,-0.0037695950478742
2016-07-08,QQQ,0.0029503957071659
2016-07-08,SPY,-0.0006202671162164
2016-07-08,TLT,-7.01098300209181e-05
2016-07-11,GLD,0.0059940143345707
2016-07-11,QQQ,0.0153483760343985
2016-07-11,SPY,0.0147806716223705
2016-07-11,TLT,0.0073388623507001
2016-07-12,GLD,-0.0094686131215493
2016-07-12,QQQ,0.005695420574383
2016-07-12,SPY,0.0035207172688849
2016-07-12,TLT,-0.0088131629744894
2016-07-13,GLD,-0.0166903874689683
2016-07-13,QQQ,0.0050355071171092
2016-07-13,SPY,0.0072371184784051
2016-07-13,TLT,-0.0165761135339198
2016-07-14,GLD,0.009159697327218
2016-07-14,QQQ,-0.0024246488837537
2016-07-14,SPY,-0.0001395714038491
2016-07-14,TLT,0.0117167605785113
2016-07-15,GLD,-0.0077450452302362
2016-07-15,QQQ,0.0068100811637313
2016-07-15,SPY,0.0055679290418858
2016-07-15,TLT,-0.0146496548979036
2016-07-18,GLD,-0.0038557351674657
2016-07-18,QQQ,-0.0016087258811415
2016-07-18,SPY,-0.0013427171281419
2016-07-18,TLT,-0.0086337464624464
2016-07-19,GLD,0.0015755839071671
2016-07-19,QQQ,0.0065971341226813
2016-07-19,SPY,0.0026837042929593
2016-07-19,TLT,-0.0009398510410291
2016-07-20,GLD,0.0013372522657107
2016-07-20,QQQ,-0.0036498341620948
2016-07-20,SPY,-0.0010171115883742
2016-07-20,TLT,0.0056256824433371
2016-07-21,GLD,-0.0144103816363224
2016-07-21,QQQ,0.0116151963272149
2016-07-21,SPY,0.0041543352723342
2016-07-21,TLT,-0.0054810070041132
2016-07-22,GLD,0.0151176542014994
2016-07-22,QQQ,-0.002294609894628
2016-07-22,SPY,-0.0037843503917657
2016-07-22,TLT,0.0020228209686157
2016-07-25,GLD,-0.0074907077787212
2016-07-25,QQQ,0.0041440893139219
2016-07-25,SPY,0.0044751116129835
2016-07-25,TLT,0.0017306428651556
2016-07-26,GLD,-0.006989125856947
2016-07-26,QQQ,8.800436416023457e-05
2016-07-26,SPY,-0.0027196384391192
2016-07-26,TLT,-0.0007207647412257
2016-07-27,GLD,0.0042152110508257
2016-07-27,QQQ,0.0011430843258443
2016-07-27,SPY,0.0004614956469723
2016-07-27,TLT,0.0015849093770258
2016-07-28,GLD,0.0159826949721011
2016-07-28,QQQ,0.00691863254633
2016-07-28,SPY,-0.0010616739994663
2016-07-28,TLT,0.0123762768455698
2016-07-29,GLD,-0.0028940934092404
2016-07-29,QQQ,0.0034849444299387
2016-07-29,SPY,0.0011539616552978
2016-07-29,TLT,-0.0018502319044849
2016-08-01,GLD,0.0102868119429041
2016-08-01,QQQ,0.0021719307674358
2016-08-01,SPY,0.0016132702810723
2016-08-01,TLT,0.0082993785945041
2016-08-02,GLD,0.0018590671194806
2016-08-02,QQQ,0.0052797368655078
2016-08-02,SPY,-0.0008293447316518
2016-08-02,TLT,-0.0127253931662097
2016-08-03,GLD,0.0080928649297159
2016-08-03,QQQ,-0.0076256632170004
2016-08-03,SPY,-0.0064279135147553
2016-08-03,TLT,-0.0103560969410285
2016-08-04,GLD,-0.0047707875986328
2016-08-04,QQQ,0.0033000226298159
2016-08-04,SPY,0.0029184447567219
2016-08-04,TLT,0.0005781732434436
2016-08-05,GLD,0.0016954476164976
2016-08-05,QQQ,0.0028570370406144
2016-08-05,SPY,0.0010634134397508
2016-08-05,TLT,0.0074857708222274
2016-08-08,GLD,-0.0180254440105116
2016-08-08,QQQ,0.0095505189250537
2016-08-08,SPY,0.008145603052374
2016-08-08,TLT,-0.0104524070320491
2016-08-09,GLD,-0.0008627837547004
2016-08-09,QQQ,-0.0011138008541066
2016-08-09,SPY,-0.00059596831554
2016-08-09,TLT,0.0018822456292316
2016-08-10,GLD,0.0040720231674317
2016-08-10,QQQ,0.0023119130340272
2016-08-10,SPY,0.00059596831554
2016-08-10,TLT,0.0097884807836619
2016-08-11,GLD,0.0046779945123296
2016-08-11,QQQ,-0.0025691152367348
2016-08-11,SPY,-0.0024780577866787
2016-08-11,TLT,0.0038602417460462
2016-08-12,GLD,-0.0069469069486846
2016-08-12,QQQ,0.0042782643184469
2016-08-12,SPY,0.0046299311310669
2016-08-12,TLT,-0.0089583855436666
2016-08-15,GLD,-0.0021170403750346
2016-08-15,QQQ,0.0006827774400138
2016-08-15,SPY,-0.000869287796279
2016-08-15,TLT,0.008387433276611
2016-08-16,GLD,0.0034476982567927
2016-08-16,QQQ,0.0042571372339343
2016-08-16,SPY,0.002879625436933
2016-08-16,TLT,-0.0094679185350592
2016-08-17,GLD,0.0049159701734447
2016-08-17,QQQ,-0.0055377683287797
2016-08-17,SPY,-0.0051709970669316
2016-08-17,TLT,-0.0026700006865641
2016-08-18,GLD,0.0002334807899026
2016-08-18,QQQ,0.0017924897447875
2016-08-18,SPY,0.0018792589198994
2016-08-18,TLT,0.0059796426812139
2016-08-19,GLD,0.0047358545787291
2016-08-19,QQQ,0.0002557985851213
2016-08-19,SPY,0.0022414093410686
2016-08-19,TLT,0.0015789942117363
2016-08-22,GLD,-0.0088688879255201
2016-08-22,QQQ,-0.0002557985851214
2016-08-22,SPY,-0.0014632253579312
2016-08-22,TLT,-0.0052489475430327
2016-08-23,GLD,-0.0014858453674488
2016-08-23,QQQ,0.0007671995402647
2016-08-23,SPY,-4.573412505607312e-05
2016-08-23,TLT,0.0083994759249436
2016-08-24,GLD,-0.0001565049936258
2016-08-24,QQQ,0.0017879114891659
2016-08-24,SPY,0.0020114404103152
2016-08-24,TLT,0.0010717295479185
2016-08-25,GLD,-0.0111768641429983
2016-08-25,QQQ,-0.0064857242612058
2016-08-25,SPY,-0.0051279591258946
2016-08-25,TLT,-0.0023594322324107
2016-08-26,GLD,-0.0008709901258544
2016-08-26,QQQ,-0.0016280577558211
2016-08-26,SPY,-0.0006888263581849
2016-08-26,TLT,-0.003801050143037
2016-08-29,GLD,-0.0014269885139347
2016-08-29,QQQ,0.0014567736360076
2016-08-29,SPY,-0.0018851182451652
2016-08-29,TLT,-0.0058372057945003
2016-08-30,GLD,0.0019813756745935
2016-08-30,QQQ,0.0013691912225744
2016-08-30,SPY,0.0049122437315624
2016-08-30,TLT,0.0132823581371091
2016-08-31,GLD,-0.0101063547755882
2016-08-31,QQQ,-0.0032548626834907
2016-08-31,SPY,-0.0016500169196297
2016-08-31,TLT,-0.0038588624095906
2016-09-01,GLD,-0.002001521843829
2016-09-01,QQQ,-0.0010300010969623
2016-09-01,SPY,-0.0028480661919428
2016-09-01,TLT,0.0014309006737476
2016-09-02,GLD,0.0040788806649297
2016-09-02,QQQ,0.0025730816321025
2016-09-02,SPY,4.597606430745329e-05
2016-09-02,TLT,-0.0007151398169524
2016-09-06,GLD,0.0101644548285072
2016-09-06,QQQ,0.0032498521874088
2016-09-06,SPY,0.0044978767765507
2016-09-06,TLT,-0.0081896962924235
2016-09-07,GLD,0.0167663514307978
2016-09-07,QQQ,0.0062135427704949
2016-09-07,SPY,0.0030178517248761
2016-09-07,TLT,0.007259129093754
2016-09-08,GLD,-0.0034244132039321
2016-09-08,QQQ,0.0005937964785824
2016-09-08,SPY,-9.133537020124724e-05
2016-09-08,TLT,-0.0007164274691364
2016-09-09,GLD,-0.0053154813886147
2016-09-09,QQQ,-0.0058685671939017
2016-09-09,SPY,-0.0022856108530928
2016-09-09,TLT,-0.0126205121163536
2016-09-12,GLD,-0.0066053267601927
2016-09-12,QQQ,-0.0254862790382988
2016-09-12,SPY,-0.0242259042326648
2016-09-12,TLT,-0.0166114758502843
2016-09-13,GLD,-0.0012631537514554
2016-09-13,QQQ,0.017779428887965
2016-09-13,SPY,0.0142453765676569
2016-09-13,TLT,0.000516337035352
2016-09-14,GLD,-0.0066576797399884
2016-09-14,QQQ,-0.0089802943829066
2016-09-14,SPY,-0.0144798519733024
2016-09-14,TLT,-0.0114227120177339
2016-09-15,GLD,0.0034136523813896
2016-09-15,QQQ,0.0047591958379481
2016-09-15,SPY,-0.0003752607248947
2016-09-15,TLT,0.0014908459411887
2016-09-16,GLD,-0.0064400743254955
2016-09-16,QQQ,0.0154192114736021
2016-09-16,SPY,0.0099433861719644
2016-09-16,TLT,-0.0043296711039143
2016-09-19,GLD,-0.0024757844184704
2016-09-19,QQQ,-0.0029796001584084
2016-09-19,SPY,-0.0089117757158042
2016-09-19,TLT,0.0080471475040467
2016-09-20,GLD,0.0020768610315465
2016-09-20,QQQ,-0.00435769593671
2016-09-20,SPY,0.0001874902533084
2016-09-20,TLT,-0.0032706670455202
2016-09-21,GLD,0.0009571124160197
2016-09-21,QQQ,0.0018821223953799
2016-09-21,SPY,4.683132298528012e-05
2016-09-21,TLT,0.0034932677174797
2016-09-22,GLD,0.0144832115626447
2016-09-22,QQQ,0.0097810817499208
2016-09-22,SPY,0.0111827142634522
2016-09-22,TLT,0.0080546998377805
2016-09-23,GLD,0.002354443530493
2016-09-23,QQQ,0.0079244624814555
2016-09-23,SPY,0.0062817081922799
2016-09-23,TLT,0.007917363126503
2016-09-26,GLD,0.0006269244831308
2016-09-26,QQQ,-0.0064021321585277
2016-09-26,SPY,-0.0054943333159131
2016-09-26,TLT,-0.0009496265607147
2016-09-27,GLD,-0.0007836871273147
2016-09-27,QQQ,-0.0084016745822775
2016-09-27,SPY,-0.0081352281655567
2016-09-27,TLT,0.0063385523228264
2016-09-28,GLD,-0.0073179717062783
2016-09-28,QQQ,0.0098372882868586
2016-09-28,SPY,0.0061888091783015
2016-09-28,TLT,0.0073085061307444
2016-09-29,GLD,-0.0031640709801871
2016-09-29,QQQ,0.0016863153305979
2016-09-29,SPY,0.0049512701451568
2016-09-29,TLT,-0.002165306235184
2016-09-30,GLD,-0.0011891200048343
2016-09-30,QQQ,-0.0072715348283729
2016-09-30,SPY,-0.009088473714841
2016-09-30,TLT,0.002525753543522
2016-10-03,GLD,-0.0034166360099868
2016-10-03,QQQ,0.0074400486238623
2016-10-03,SPY,0.0075178338762104
2016-10-03,TLT,-0.00897715083907
2016-10-04,GLD,-0.0025502061636871
2016-10-04,QQQ,-0.0014329514474904
2016-10-04,SPY,-0.0024069826018969
2016-10-04,TLT,-0.0051035177006836
2016-10-05,GLD,-0.0353278725861044
2016-10-05,QQQ,-0.001519503084618
2016-10-05,SPY,-0.0051108512743136
2016-10-05,TLT,-0.0117639090610164
2016-10-06,GLD,-0.0015718922897908
2016-10-06,QQQ,0.0035419008393913
2016-10-06,SPY,0.0044154853752615
2016-10-06,TLT,-0.0046703436599049
2016-10-07,GLD,-0.0093162802067479
2016-10-07,QQQ,-0.0005052000571792
2016-10-07,SPY,0.0006953658990521
2016-10-07,TLT,-0.0055884798756408
2016-10-10,GLD,0.0006682890904549
2016-10-10,QQQ,-0.0021922616808083
2016-10-10,SPY,-0.003435338352725
2016-10-10,TLT,0.000672241578187
2016-10-11,GLD,0.0035015108361357
2016-10-11,QQQ,0.0063107617602919
2016-10-11,SPY,0.0051948650402454
2016-10-11,TLT,-0.0059164619475637
2016-10-12,GLD,-0.0050894990613915
2016-10-12,QQQ,-0.0143620327300245
2016-10-12,SPY,-0.0127100154147985
2016-10-12,TLT,-0.0022560021914911
2016-10-13,GLD,0.0015879882252557
2016-10-13,QQQ,-0.0008512682588574
2016-10-13,SPY,0.0013111114791328
2016-10-13,TLT,0.0009782526731675
2016-10-14,GLD,0.0024189937106391
2016-10-14,QQQ,-0.0035833002442223
2016-10-14,SPY,-0.0032809000419826
2016-10-14,TLT,0.0037534761791443
2016-10-17,GLD,-0.0055975597982837
2016-10-17,QQQ,0.0011958606534346
2016-10-17,SPY,0.0005162772650287
2016-10-17,TLT,-0.0141108574493169
2016-10-18,GLD,0.0026773752071126
2016-10-18,QQQ,-0.0027355094513866
2016-10-18,SPY,-0.0034782184743058
2016-10-18,TLT,0.006363148300175
2016-10-19,GLD,0.0061641000546337
2016-10-19,QQQ,0.008863198588578
2016-10-19,SPY,0.0062428412512597
2016-10-19,TLT,0.0032417981985098
2016-10-20,GLD,0.0057136117418733
2016-10-20,QQQ,-8.486815387820474e-05
2016-10-20,SPY,0.0026635780981098
2016-10-20,TLT,0.0008276012178639
2016-10-21,GLD,-0.0030597728971404
2016-10-21,QQQ,-0.001188651787936
2016-10-21,SPY,-0.0018684324057799
2016-10-21,TLT,0.0010523105953408
2016-10-24,GLD,0.0007451585177257
2016-10-24,QQQ,0.0037310519011088
2016-10-24,SPY,0.0004673998336103
2016-10-24,TLT,0.0015013661675886
2016-10-25,GLD,-0.0022370801255002
2016-10-25,QQQ,0.0119469548315345
2016-10-25,SPY,0.0042437337103484
2016-10-25,TLT,-0.0043602673628359
2016-10-26,GLD,0.0075197946939096
2016-10-26,QQQ,-0.00318309240128
2016-10-26,SPY,-0.0033561828212316
2016-10-26,TLT,0.0026335074603306
2016-10-27,GLD,-0.0056138205649168
2016-10-27,QQQ,-0.0068191129167552
2016-10-27,SPY,-0.0020097348359742
2016-10-27,TLT,-0.0067858902779683
2016-10-28,GLD,0.0018196962666163
2016-10-28,QQQ,-0.0045720249837651
2016-10-28,SPY,-0.0026703879415081
2016-10-28,TLT,-0.0109539144308367
2016-10-31,GLD,0.0046992929177693
2016-10-31,QQQ,-0.0062994835043021
2016-10-31,SPY,-0.0029597864996322
2016-10-31,TLT,-0.0022206720118665
2016-11-01,GLD,0.0029566431199742
2016-11-01,QQQ,-0.0009398147735396
2016-11-01,SPY,4.709480680828749e-05
2016-11-01,TLT,0.0061139132830765
2016-11-02,GLD,0.0064577074605579
2016-11-02,QQQ,-0.0075504199039876
2016-11-02,SPY,-0.0072717694773881
2016-11-02,TLT,-0.001830287235504
2016-11-03,GLD,0.0073872643657927
2016-11-03,QQQ,-0.0080418981674997
2016-11-03,SPY,-0.0060368050886367
2016-11-03,TLT,0.004341431337527
2016-11-04,GLD,0.0053239107408224
2016-11-04,QQQ,-0.0098591492396157
2016-11-04,SPY,-0.0045876344632961
2016-11-04,TLT,-0.0077055080596176
2016-11-07,GLD,0.0007237632468996
2016-11-07,QQQ,-0.0035134117637906
2016-11-07,SPY,-0.0011022248571398
2016-11-07,TLT,0.0089207873954173
2016-11-08,GLD,-0.018171976119521
2016-11-08,QQQ,0.0234793129090666
2016-11-08,SPY,0.0218172793002083
2016-11-08,TLT,-0.008538017816859
2016-11-09,GLD,-0.0041839524041187
2016-11-09,QQQ,0.006510792632084
2016-11-09,SPY,0.004493789925349
2016-11-09,TLT,-0.0040658166298127
2016-11-10,GLD,-0.0006579098268443
2016-11-10,QQQ,0.0046004588771918
2016-11-10,SPY,0.0105462393236107
2016-11-10,TLT,-0.0433586860147164
2016-11-11,GLD,-0.015001711673607
2016-11-11,QQQ,-0.0162814351766744
2016-11-11,SPY,0.0024924697063666
2016-11-11,TLT,-0.0148809564865667
2016-11-14,GLD,-0.0223779787179158
2016-11-14,QQQ,0.0004318985262454
2016-11-14,SPY,-0.002307657848859
2016-11-14,TLT,-0.0056379806112692
2016-11-15,GLD,-0.0084902346775273
2016-11-15,QQQ,-0.0101550653260829
2016-11-15,SPY,0.0007851928585297
2016-11-15,TLT,-0.005999634692854
2016-11-16,GLD,0.0086610507684277
2016-11-16,QQQ,0.0137754309838361
2016-11-16,SPY,0.0077724881842797
2016-11-16,TLT,0.004933864959027
2016-11-17,GLD,-0.0029929143246396
2016-11-17,QQQ,0.0059194821925606
2016-11-17,SPY,-0.0018801044990033
2016-11-17,TLT,0.0089825726305045
2016-11-18,GLD,-0.0051515395758408
2016-11-18,QQQ,0.0072442337782075
2016-11-18,SPY,0.0051275595309297
2016-11-18,TLT,-0.0148236217913151
2016-11-21,GLD,-0.0088189802456063
2016-11-21,QQQ,-0.0037434316130853
2016-11-21,SPY,-0.00224007722194
2016-11-21,TLT,-0.0028919539324238
2016-11-22,GLD,0.0037273072140238
2016-11-22,QQQ,0.0103452225750295
2016-11-22,SPY,0.0075230899417677
2016-11-22,TLT,0.0024793653342205
2016-11-23,GLD,-0.000346148454927
2016-11-23,QQQ,0.003032352446978
2016-11-23,SPY,0.0019513447016792
2016-11-23,TLT,-0.0003302312848851
2016-11-25,GLD,-0.0200190339138755
2016-11-25,QQQ,-0.0040452048887791
2016-11-25,SPY,0.0005438502559692
2016-11-25,TLT,-0.0038883293722396
2016-11-28,GLD,-0.0056672372341616
2016-11-28,QQQ,0.003203820975488
2016-11-28,SPY,0.0037085987146663
2016-11-28,TLT,0.001490932984358
2016-11-29,GLD,0.0105120213801008
2016-11-29,QQQ,-0.0022753498240171
2016-11-29,SPY,-0.0047059297024318
2016-11-29,TLT,0.0073393261795386
2016-11-30,GLD,-0.0046682289330247
2016-11-30,QQQ,0.0034531020120916
2016-11-30,SPY,0.0019484268841791
2016-11-30,TLT,0.0041815510902597
2016-12-01,GLD,-0.0135100860823796
2016-12-01,QQQ,-0.0121808512206019
2016-12-01,SPY,-0.0024020441155119
2016-12-01,TLT,-0.016332981776191
2016-12-02,GLD,-0.0018809543242076
2016-12-02,QQQ,-0.0174275670488451
2016-12-02,SPY,-0.0036822295776166
2016-12-02,TLT,-0.0126376917269541
2016-12-05,GLD,0.0053648060832919
2016-12-05,QQQ,0.00198984128779
2016-12-05,SPY,0.0005007870409156
2016-12-05,TLT,0.0073007928069696
2016-12-06,GLD,-0.0053648060832917
2016-12-06,QQQ,0.0077486530067932
2016-12-06,SPY,0.0059907928384908
2016-12-06,TLT,-0.00108752471156
2016-12-07,GLD,-0.0009866853717861
2016-12-07,QQQ,0.0023984831133299
2016-12-07,SPY,0.0031624013392542
2016-12-07,TLT,-0.0007536443133362
2016-12-08,GLD,0.0035832836159674
2016-12-08,QQQ,0.0125830887454654
2016-12-08,SPY,0.0129959666223823
2016-12-08,TLT,0.0085078858146834
2016-12-09,GLD,-0.0023276835438489
2016-12-09,QQQ,0.0017726682074291
2016-12-09,SPY,0.002445750159527
2016-12-09,TLT,-0.0118641055741063
2016-12-12,GLD,-0.0105420462054413
2016-12-12,QQQ,0.0078128704753888
2016-12-12,SPY,0.0060222501686501
2016-12-12,TLT,-0.0125171063898133
2016-12-13,GLD,0.0037971130210449
2016-12-13,QQQ,-0.0045290769157597
2016-12-13,SPY,-0.0011484872275313
2016-12-13,TLT,0.0018706001506057
2016-12-14,GLD,-0.0033443584495007
2016-12-14,QQQ,0.0125304455595091
2016-12-14,SPY,0.0066518362715338
2016-12-14,TLT,0.0035614229779284
2016-12-15,GLD,-0.0147758537030282
2016-12-15,QQQ,-0.0020775343152183
2016-12-15,SPY,-0.0082885124300905
2016-12-15,TLT,-0.0112360707129435
2016-12-16,GLD,-0.0137857159011076
2016-12-16,QQQ,0.001579339848037
2016-12-16,SPY,0.0041087454067625
2016-12-16,TLT,0.0050378278330948
2016-12-19,GLD,0.0065927785650654
2016-12-19,QQQ,-0.0066667167897869
2016-12-19,SPY,-0.0078345174807461
2016-12-19,TLT,-0.0023023183817081
2016-12-20,GLD,0.0049851773077869
2016-12-20,QQQ,0.0040886024195378
2016-12-20,SPY,0.0021750480279245
2016-12-20,TLT,0.010698939886205
2016-12-21,GLD,-0.0073943902174649
2016-12-21,QQQ,0.0038231987645819
2016-12-21,SPY,0.0038501369946168
2016-12-21,TLT,-0.0049955988026195
2016-12-22,GLD,0.0005564603998491
2016-12-22,QQQ,-0.0007468899271514
2016-12-22,SPY,-0.0027865184962017
2016-12-22,TLT,0.0044042103358283
2016-12-23,GLD,-0.0024136861188265
2016-12-23,QQQ,-0.002826474034867
2016-12-23,SPY,-0.001728912684832
2016-12-23,TLT,-0.0044042103358282
2016-12-27,GLD,0.003155199096609
2016-12-27,QQQ,0.0006657307316592
2016-12-27,SPY,0.0014631310002082
2016-12-27,TLT,0.0020351528481454
2016-12-28,GLD,0.0058201213728205
2016-12-28,QQQ,0.0051448354726168
2016-12-28,SPY,0.0024779761561616
2016-12-28,TLT,-0.0032242084680147
2016-12-29,GLD,0.002759665575201
2016-12-29,QQQ,-0.0078106126473564
2016-12-29,SPY,-0.0082988488960988
2016-12-29,TLT,0.0072820018778168
2016-12-30,GLD,0.0130506100063358
2016-12-30,QQQ,-0.0014190759219658
2016-12-30,SPY,-0.0002227868219524
2016-12-30,TLT,0.0035371283004389
2017-01-03,GLD,-0.0061846518231216
2017-01-03,QQQ,-0.0103279453225231
2017-01-03,SPY,-0.0036617318546012
2017-01-03,TLT,0.0015120996627715
2017-01-04,GLD,0.0078153851382457
2017-01-04,QQQ,0.0089068527619826
2017-01-04,SPY,0.0076208970017462
2017-01-04,TLT,0.0042719179042449
2017-01-05,GLD,0.0035241475629946
2017-01-05,QQQ,0.0054227932227259
2017-01-05,SPY,0.0059315667521485
2017-01-05,TLT,0.0038374877206881
2017-01-06,GLD,0.0153959468030907
2017-01-06,QQQ,0.0056417663172169
2017-01-06,SPY,-0.0007947721565785
2017-01-06,TLT,0.0155324080078026
2017-01-09,GLD,-0.0073998628066779
2017-01-09,QQQ,0.0087315014802462
2017-01-09,SPY,0.0035714101420463
2017-01-09,TLT,-0.0092242684051873
2017-01-10,GLD,0.0081989424309123
2017-01-10,QQQ,0.0032752139519318
2017-01-10,SPY,-0.0033063709791562
2017-01-10,TLT,0.0079937894124203
2017-01-11,GLD,0.0042512096404077
2017-01-11,QQQ,0.0022046850291345
2017-01-11,SPY,0.0
2017-01-11,TLT,-0.0006568834332045
2017-01-12,GLD,0.0030884513564589
2017-01-12,QQQ,0.0026880791056496
2017-01-12,SPY,0.0028221174544802
2017-01-12,TLT,0.003361928925652
2017-01-13,GLD,0.00360585813951
2017-01-13,QQQ,-0.0015468106053331
2017-01-13,SPY,-0.0025130948926668
2017-01-13,TLT,-0.0022126972280026
2017-01-17,GLD,0.0026301559853731
2017-01-17,QQQ,0.0034160732344337
2017-01-17,SPY,0.0022928898901267
2017-01-17,TLT,-0.0047697610028709
2017-01-18,GLD,0.0142573866608842
2017-01-18,QQQ,-0.0030087661624041
2017-01-18,SPY,-0.003529688404831
2017-01-18,TLT,0.0104146603377378
2017-01-19,GLD,-0.0084951596395611
2017-01-19,QQQ,0.0020339265697628
2017-01-19,SPY,0.0022075064152105
2017-01-19,TLT,-0.012890688531916
2017-01-20,GLD,-0.0008709816243126
2017-01-20,QQQ,-0.0004877453763209
2017-01-20,SPY,-0.003711382915636
2017-01-20,TLT,-0.006882583018195
2017-01-23,GLD,0.0024367465635147
2017-01-23,QQQ,0.0021930451008948
2017-01-23,SPY,0.0036673047365516
2017-01-23,TLT,-0.0019989833495113
2017-01-24,GLD,0.0064113705241066
2017-01-24,QQQ,0.0008110176822466
2017-01-24,SPY,-0.0026055418811031
2017-01-24,TLT,0.0099552584188097
2017-01-25,GLD,-0.0045010400404046
2017-01-25,QQQ,0.0067062977892282
2017-01-25,SPY,0.0063912601339694
2017-01-25,TLT,-0.0068751717615993
2017-01-26,GLD,-0.0082756425384433
2017-01-26,QQQ,0.0100157080753456
2017-01-26,SPY,0.0086182967225277
2017-01-26,TLT,-0.0126302921360623
2017-01-27,GLD,-0.009315451405169
2017-01-27,QQQ,0.0010358760599925
2017-01-27,SPY,-0.0010460035313087
2017-01-27,TLT,0.003361296412513
2017-01-30,GLD,0.0020286289430193
2017-01-30,QQQ,0.0019096559955334
2017-01-30,SPY,-0.0015710263233611
2017-01-30,TLT,0.0036008941945845
2017-01-31,GLD,0.0042205580884096
2017-01-31,QQQ,-0.0078206714641758
2017-01-31,SPY,-0.0062209880628622
2017-01-31,TLT,-0.0030138207789274
2017-02-01,GLD,0.013768096552717
2017-02-01,QQQ,-0.0020048926128023
2017-02-01,SPY,-8.79154100085011e-05
2017-02-01,TLT,0.0069349139359566
2017-02-02,GLD,-0.0030336413602642
2017-02-02,QQQ,0.0068800320214523
2017-02-02,SPY,0.0003954579381317
2017-02-02,TLT,-0.008361252831359
2017-02-03,GLD,0.005540175253055
2017-02-03,QQQ,-0.0008773728208011
2017-02-03,SPY,0.000658816227411
2017-02-03,TLT,-0.0004198649823843
2017-02-06,GLD,0.0025003325828475
2017-02-06,QQQ,0.0028685327267438
2017-02-06,SPY,0.0068692360125648
2017-02-06,TLT,-0.0004201054555949
2017-02-07,GLD,0.013428758731217
2017-02-07,QQQ,0.0011928077801272
2017-02-07,SPY,-0.0017893546657389
2017-02-07,TLT,0.0060322000692861
2017-02-08,GLD,-0.0020411460379591
2017-02-08,QQQ,0.0036490527517938
2017-02-08,SPY,4.372317790355026e-05
2017-02-08,TLT,0.0073235784598739
2017-02-09,GLD,0.0061956773807737
2017-02-09,QQQ,0.0016614512600912
2017-02-09,SPY,0.001309542491752
2017-02-09,TLT,0.0135070363018133
2017-02-10,GLD,-0.0076440113416853
2017-02-10,QQQ,0.0036297608394308
2017-02-10,SPY,0.0059151206568967
2017-02-10,TLT,-0.011601693749312
2017-02-13,GLD,0.0026395141502793
2017-02-13,QQQ,0.0033026543741001
2017-02-13,SPY,0.0039384111071397
2017-02-13,TLT,-0.0005794916646679
2017-02-14,GLD,-0.0068259259671759
2017-02-14,QQQ,0.0056365331680736
2017-02-14,SPY,0.0054278145187528
2017-02-14,TLT,-0.0031517392248314
2017-02-15,GLD,0.0011123712399388
2017-02-15,QQQ,0.0033510740754431
2017-02-15,SPY,0.0039873685575421
2017-02-15,TLT,-0.0072533155499919
2017-02-16,GLD,0.0044372173593293
2017-02-16,QQQ,0.0058955607130949
2017-02-16,SPY,0.0052067943735727
2017-02-16,TLT,-0.0046127732978937
2017-02-17,GLD,0.0053496912376037
2017-02-17,QQQ,-0.000309377949179
2017-02-17,SPY,-0.0008517032645937
2017-02-17,TLT,0.0054491607084149
2017-02-21,GLD,-0.0033932974726114
2017-02-21,QQQ,0.0043233107088283
2017-02-21,SPY,0.001575084377103
2017-02-21,TLT,0.0059184025009412
2017-02-22,GLD,0.0005946540100771
2017-02-22,QQQ,0.0049181640912896
2017-02-22,SPY,0.0059375429953654
2017-02-22,TLT,-0.001746863017158
2017-02-23,GLD,0.0013579197505681
2017-02-23,QQQ,0.0003832385740915
2017-02-23,SPY,-0.0008884096951247
2017-02-23,TLT,0.0016637301047998
2017-02-24,GLD,0.0086975321577201
2017-02-24,QQQ,-0.0037618984405297
2017-02-24,SPY,0.0006769490091659
2017-02-24,TLT,0.0029878071586386
2017-02-27,GLD,0.0063694022640588
2017-02-27,QQQ,0.0019210826252695
2017-02-27,SPY,0.0012680294472507
2017-02-27,TLT,0.0110434941844512
2017-02-28,GLD,-0.0048571756358509
2017-02-28,QQQ,0.001227586977891
2017-02-28,SPY,0.0015616553239042
2017-02-28,TLT,-0.0059186462268534
2017-03-01,GLD,0.0009230175401251
2017-03-01,QQQ,-0.0030716802890281
2017-03-01,SPY,-0.0027028158992564
2017-03-01,TLT,0.003703225649256
2017-03-02,GLD,-0.0014268817535847
2017-03-02,QQQ,0.0108621746669636
2017-03-02,SPY,0.0139004760348199
2017-03-02,TLT,-0.0188223014715096
2017-03-03,GLD,-0.012508578672614
2017-03-03,QQQ,-0.0050339795042044
2017-03-03,SPY,-0.0063173288108458
2017-03-03,TLT,-0.0036057252710828
2017-03-06,GLD,-0.0005955140219627
2017-03-06,QQQ,0.0018335031138468
2017-03-06,SPY,0.0006293142321692
2017-03-06,TLT,0.0026007612242262
2017-03-07,GLD,-0.0067455398520684
2017-03-07,QQQ,-0.0022159210207532
2017-03-07,SPY,-0.0029823450487956
2017-03-07,TLT,-0.0047873076892247
2017-03-08,GLD,-0.008086086565359
2017-03-08,QQQ,-0.0016842848027541
2017-03-08,SPY,-0.0029913304259744
2017-03-08,TLT,-0.0030354206694521
2017-03-09,GLD,-0.0062381178909614
2017-03-09,QQQ,0.0017608501110736
2017-03-09,SPY,-0.0018582759113619
2017-03-09,TLT,-0.0054191444890932
2017-03-10,GLD,-0.0051409196222566
2017-03-10,QQQ,0.0007645144804409
2017-03-10,SPY,0.0012673866464249
2017-03-10,TLT,-0.0080130209755622
2017-03-13,GLD,0.0021815968976861
2017-03-13,QQQ,0.0041948203274239
2017-03-13,SPY,0.003498062046454
2017-03-13,TLT,0.0035029611497911
2017-03-14,GLD,0.0001742930636869
2017-03-14,QQQ,0.0016730134754214
2017-03-14,SPY,0.0005047113343205
2017-03-14,TLT,-0.0063312827593706
2017-03-15,GLD,-0.0054181301429249
2017-03-15,QQQ,-0.0024344426754809
2017-03-15,SPY,-0.0038339398503308
2017-03-15,TLT,0.0047949193177824
2017-03-16,GLD,0.0184924940546759
2017-03-16,QQQ,0.0061506919237018
2017-03-16,SPY,0.0086162268519959
2017-03-16,TLT,0.0121409166903851
2017-03-17,GLD,0.0041205599552108
2017-03-17,QQQ,-0.00068162205109
2017-03-17,SPY,-0.0019688807982031
2017-03-17,TLT,-0.0050761400897156
2017-03-20,GLD,0.0022248383768926
2017-03-20,QQQ,-0.0024269414197713
2017-03-20,SPY,-0.0060987212016736
2017-03-20,TLT,0.0062568721996382
2017-03-21,GLD,0.0044350117254181
2017-03-21,QQQ,0.0009107789410424
2017-03-21,SPY,-0.001097486413076
2017-03-21,TLT,0.0042895236660119
2017-03-22,GLD,0.0087270095580669
2017-03-22,QQQ,-0.0152896491048446
2017-03-22,SPY,-0.0129226391082768
2017-03-22,TLT,0.0082745079905589
2017-03-23,GLD,0.0024434516279076
2017-03-23,QQQ,0.006756301192473
2017-03-23,SPY,0.0023503912797317
2017-03-23,TLT,0.0039874064516969
2017-03-24,GLD,-0.0013473994637167
2017-03-24,QQQ,-0.0025282666384328
2017-03-24,SPY,-0.001067668958816
2017-03-24,TLT,-0.0014104270688001
2017-03-27,GLD,0.0015998188263154
2017-03-27,QQQ,0.0020690782260159
2017-03-27,SPY,-0.0007266587302462
2017-03-27,TLT,0.0035635915183486
2017-03-28,GLD,0.0056210406038038
2017-03-28,QQQ,0.0016062378035408
2017-03-28,SPY,-0.0010268054951853
2017-03-28,TLT,0.0045396723359855
2017-03-29,GLD,-0.0041077969016607
2017-03-29,QQQ,0.0060957447576546
2017-03-29,SPY,0.0072504782938721
2017-03-29,TLT,-0.0066928367855338
2017-03-30,GLD,0.0024332009503226
2017-03-30,QQQ,0.0046231512997901
2017-03-30,SPY,0.0009344007884925
2017-03-30,TLT,0.005951361540213
2017-03-31,GLD,-0.0072330054554579
2017-03-31,QQQ,0.0016621431727016
2017-03-31,SPY,0.0031791138885483
2017-03-31,TLT,-0.0081092355006951
2017-04-03,GLD,0.0021080154307045
2017-04-03,QQQ,-0.0006796023355139
2017-04-03,SPY,-0.0023303096975879
2017-04-03,TLT,0.0029037102956218
2017-04-04,GLD,0.0052925502986567
2017-04-04,QQQ,-0.000604517387734
2017-04-04,SPY,-0.001740733900549
2017-04-04,TLT,0.0079214796214892
2017-04-05,GLD,0.0022597345773741
2017-04-05,QQQ,0.0015859786339683
2017-04-05,SPY,0.0006371738167703
2017-04-05,TLT,-0.0054392422867061
2017-04-06,GLD,0.0
2017-04-06,QQQ,-0.0040834395432393
2017-04-06,SPY,-0.0029770657654075
2017-04-06,TLT,0.0030528933164472
2017-04-07,GLD,-0.0036851166978419
2017-04-07,QQQ,0.0005302228591777
2017-04-07,SPY,0.0028072140437375
2017-04-07,TLT,-0.0014840493240527
2017-04-10,GLD,0.0023466217608158
2017-04-10,QQQ,-0.0005302228591778
2017-04-10,SPY,-0.0010199112454537
2017-04-10,TLT,-0.0040510813271777
2017-04-11,GLD,0.0
2017-04-11,QQQ,0.000378825344258
2017-04-11,SPY,0.0005950584255413
2017-04-11,TLT,0.0046284698586995
2017-04-12,GLD,0.0143780024853959
2017-04-12,QQQ,-0.0043269306630704
2017-04-12,SPY,-0.0011904711564553
2017-04-12,TLT,0.0094383034785547
2017-04-13,GLD,0.0068253560866931
2017-04-13,QQQ,-0.0040400923128569
2017-04-13,SPY,-0.0043914832660768
2017-04-13,TLT,0.0054580249049557
2017-04-17,GLD,0.0047420728437496
2017-04-17,QQQ,-0.0039798329604717
2017-04-17,SPY,-0.0065160958226531
2017-04-17,TLT,0.0030824560955632
2017-04-18,GLD,-0.0029407031136138
2017-04-18,QQQ,0.0082481136144286
2017-04-18,SPY,0.0088208707988864
2017-04-18,TLT,-0.0030824560955633
2017-04-19,GLD,0.0047335584740102
2017-04-19,QQQ,-0.001522278817513
2017-04-19,SPY,-0.0029886974828944
2017-04-19,TLT,0.0129950628424669
2017-04-20,GLD,-0.0089143614181285
2017-04-20,QQQ,0.0015984073917486
2017-04-20,SPY,-0.001840289312795
2017-04-20,TLT,-0.0054680123591411
2017-04-21,GLD,0.0018876096148857
2017-04-21,QQQ,0.008330787631712
2017-04-21,SPY,0.0081061662419882
2017-04-21,TLT,-0.0038778181755225
2017-04-24,GLD,0.0028656709251947
2017-04-24,QQQ,-0.0002262778058866
2017-04-24,SPY,-0.0031919675206105
2017-04-24,TLT,0.0
2017-04-25,GLD,-0.0068091177272856
2017-04-25,QQQ,0.0119977901105948
2017-04-25,SPY,0.01093788190213
2017-04-25,TLT,-0.0049499075167633
2017-04-26,GLD,-0.0101767588253088
2017-04-26,QQQ,0.007204169372645
2017-04-26,SPY,0.0058017688986924
2017-04-26,TLT,-0.0121124598412739
2017-04-27,GLD,0.0048944172271602
2017-04-27,QQQ,-0.0014070608923686
2017-04-27,SPY,-0.0006290351658647
2017-04-27,TLT,0.0055015600370299
2017-04-28,GLD,-0.0037308583358819
2017-04-28,QQQ,0.0059847055222337
2017-04-28,SPY,0.0008386256551506
2017-04-28,TLT,-0.0003276078225659
2017-05-01,GLD,0.0031514146140462
2017-05-01,QQQ,0.0017664352007042
2017-05-01,SPY,-0.0021817759087012
2017-05-01,TLT,0.0022091948822988
2017-05-02,GLD,-0.0091499432066366
2017-05-02,QQQ,0.0088582990339027
2017-05-02,SPY,0.0025169526318786
2017-05-02,TLT,-0.0104342781410525
2017-05-03,GLD,-0.0001671121773228
2017-05-03,QQQ,0.00167495022393
2017-05-03,SPY,0.0003770514119653
2017-05-03,TLT,0.005107475641208
2017-05-04,GLD,-0.0140556800788944
2017-05-04,QQQ,-0.0032066727102696
2017-05-04,SPY,-0.0012153319250619
2017-05-04,TLT,0.0006571532391783
2017-05-05,GLD,-0.010137688898777
2017-05-05,QQQ,0.0003648344615253
2017-05-05,SPY,0.0011734088389643
2017-05-05,TLT,-0.0049390821213783
2017-05-08,GLD,0.0018819613581219
2017-05-08,QQQ,0.0036419300539266
2017-05-08,SPY,0.0039292884153711
2017-05-08,TLT,0.0009073338338294
2017-05-09,GLD,-0.0022245229386794
2017-05-09,QQQ,0.0021788305740818
2017-05-09,SPY,-0.0001668611739599
2017-05-09,TLT,-0.0054563930603962
2017-05-10,GLD,-0.006013737531639
2017-05-10,QQQ,0.003476328674451
2017-05-10,SPY,-0.0009183937940458
2017-05-10,TLT,-8.28560152673273e-05
2017-05-11,GLD,-8.619187440794861e-05
2017-05-11,QQQ,0.0005781047567248
2017-05-11,SPY,0.0017942158240993
2017-05-11,TLT,-0.0011613388787986
2017-05-12,GLD,0.0039563058627955
2017-05-12,QQQ,-0.0007951181556438
2017-05-12,SPY,-0.0020448217218897
2017-05-12,TLT,0.0
2017-05-15,GLD,0.0028286293961139
2017-05-15,QQQ,0.0022392498653332
2017-05-15,SPY,-0.0016724192992644
2017-05-15,TLT,0.0075247059671128
2017-05-16,GLD,0.0026498930493215
2017-05-16,QQQ,0.0031694824370623
2017-05-16,SPY,0.0055083068985
2017-05-16,TLT,-0.0027222275850604
2017-05-17,GLD,0.004344332691827
2017-05-17,QQQ,0.0041627983403246
2017-05-17,SPY,-0.000915946683242
2017-05-17,TLT,0.003710311204587
2017-05-18,GLD,0.0180260892429911
2017-05-18,QQQ,-0.0257548985404878
2017-05-18,SPY,-0.0179033755519231
2017-05-18,TLT,0.0144615996087683
2017-05-19,GLD,-0.008214659464641
2017-05-19,QQQ,0.00870738443074
2017-05-19,SPY,0.0040203906326405
2017-05-19,TLT,0.0011349769469712
2017-05-22,GLD,0.004953655816689
2017-05-22,QQQ,0.0042166681914957
2017-05-22,SPY,0.0064831130509257
2017-05-22,TLT,0.0023469514171905
2017-05-23,GLD,0.0041788610216743
2017-05-23,QQQ,0.0083803674788456
2017-05-23,SPY,0.0050646016183069
2017-05-23,TLT,-0.0027521171278089
2017-05-24,GLD,-0.0063588076821675
2017-05-24,QQQ,0.0010066829782033
2017-05-24,SPY,0.0022103091810442
2017-05-24,TLT,-0.0067504775775769
2017-05-25,GLD,0.0039371880866569
2017-05-25,QQQ,0.0045891332070565
2017-05-25,SPY,0.002330120283364
2017-05-25,TLT,0.0056150404224742
2017-05-26,GLD,-0.0010874337201151
2017-05-26,QQQ,0.0084773611261938
2017-05-26,SPY,0.004768107829548
2017-05-26,TLT,0.0003244891398273
2017-05-30,GLD,0.0088326342060086
2017-05-30,QQQ,0.0017718562900373
2017-05-30,SPY,-0.0002067875691175
2017-05-30,TLT,0.0017021824889462
2017-05-31,GLD,-0.0033239313084347
2017-05-31,QQQ,0.0008493426205961
2017-05-31,SPY,-0.0008692151411252
2017-05-31,TLT,0.0049278524547982
2017-06-01,GLD,0.0039874064516969
2017-06-01,QQQ,-0.00035384109341
2017-06-01,SPY,-0.0002484679612337
2017-06-01,TLT,0.0024951132961792
2017-06-02,GLD,0.0008286937780719
2017-06-02,QQQ,0.0038851676879893
2017-06-02,SPY,0.0079208258876082
2017-06-02,TLT,-0.0020116683262037
2017-06-05,GLD,0.0073453834403855
2017-06-05,QQQ,0.0113566615505053
2017-06-05,SPY,0.0033228654889601
2017-06-05,TLT,0.0117709746456613
2017-06-06,GLD,0.0009862969865506
2017-06-06,QQQ,-0.0002092372565044
2017-06-06,SPY,-0.0007374331472784
2017-06-06,TLT,-0.0062286108222891
2017-06-07,GLD,0.0111915157965811
2017-06-07,QQQ,-0.0039819262421569
2017-06-07,SPY,-0.0032019680877318
2017-06-07,TLT,0.0054321936124088
2017-06-08,GLD,-0.0052942623192703
2017-06-08,QQQ,0.0039122416881462
2017-06-08,SPY,0.0018485306828973
2017-06-08,TLT,-0.0047915639235046
2017-06-09,GLD,-0.0065546767029751
2017-06-09,QQQ,0.0010453964672195
2017-06-09,SPY,0.0004923482644448
2017-06-09,TLT,-0.0026452008395728
2017-06-12,GLD,-0.0091664261226062
2017-06-12,QQQ,-0.025323247415113
2017-06-12,SPY,-0.0015188948314466
2017-06-12,TLT,-0.0015261243464998
2017-06-13,GLD,-0.0014943988172197
2017-06-13,QQQ,-0.0053723135046141
2017-06-13,SPY,-0.0002054483698451
2017-06-13,TLT,-0.0003216024724923
2017-06-14,GLD,0.0009965350816834
2017-06-14,QQQ,0.0080833438286459
2017-06-14,SPY,0.0048779684454392
2017-06-14,TLT,0.0001607834950647
2017-06-15,GLD,-0.0054931778057507
2017-06-15,QQQ,-0.004355443028278
2017-06-15,SPY,-0.0012684285469736
2017-06-15,TLT,0.0153186799256556
2017-06-16,GLD,-0.0041816570199038
2017-06-16,QQQ,-0.0044463290860992
2017-06-16,SPY,-0.0019261955968753
2017-06-16,TLT,-0.0015848226488873
2017-06-19,GLD,0.0001675743186591
2017-06-19,QQQ,-0.0070687757600366
2017-06-19,SPY,-0.004646314455728
2017-06-19,TLT,0.0019805908872718
2017-06-20,GLD,-0.0076544600973333
2017-06-20,QQQ,0.0165827913409406
2017-06-20,SPY,0.0082906457220631
2017-06-20,TLT,-0.0014256323305489
2017-06-21,GLD,-0.0021131828104241
2017-06-21,QQQ,-0.007862281046145
2017-06-21,SPY,-0.0067669344344192
2017-06-21,TLT,0.00891634010927
2017-06-22,GLD,0.0028728058817661
2017-06-22,QQQ,0.0098537380851157
2017-06-22,SPY,-0.000246923861855
2017-06-22,TLT,0.0020402934662587
2017-06-23,GLD,0.0033692883509406
2017-06-23,QQQ,-0.0002843131384616
2017-06-23,SPY,-0.0004528731087583
2017-06-23,TLT,0.0021926303693479
2017-06-26,GLD,0.0042794455030728
2017-06-26,QQQ,0.0038306675220733
2017-06-26,SPY,0.0011935246151813
2017-06-26,TLT,-0.0004694277508925
2017-06-27,GLD,-0.0089995955468572
2017-06-27,QQQ,-0.0046838751798348
2017-06-27,SPY,0.0006578200308041
2017-06-27,TLT,0.0037493852713322
2017-06-28,GLD,0.0037947252326206
2017-06-28,QQQ,-0.0183056907810259
2017-06-28,SPY,-0.0080888207730104
2017-06-28,TLT,-0.0107388462936276
2017-06-29,GLD,0.0007572586086642
2017-06-29,QQQ,0.0143142560705354
2017-06-29,SPY,0.0089105974227858
2017-06-29,TLT,-0.003315429054738
2017-06-30,GLD,-0.0048900007067287
2017-06-30,QQQ,-0.0175070782386466
2017-06-30,SPY,-0.0088277090820899
2017-06-30,TLT,-0.0084167365069477
2017-07-03,GLD,-0.0025387426380499
2017-07-03,QQQ,0.0003633546712506
2017-07-03,SPY,0.0018627634061266
2017-07-03,TLT,-0.0023151002884698
2017-07-05,GLD,-0.0164883523807431
2017-07-05,QQQ,-0.0105905889875361
2017-07-05,SPY,0.0016941953757414
2017-07-05,TLT,-0.0052889269635084
2017-07-06,GLD,0.0036971824767883
2017-07-06,QQQ,0.009791078743374
2017-07-06,SPY,0.0023093644883827
2017-07-06,TLT,0.0002410024487632
2017-07-07,GLD,-0.0004291636859008
2017-07-07,QQQ,-0.0090571470729189
2017-07-07,SPY,-0.0091865298337698
2017-07-07,TLT,-0.0083081646836671
2017-07-10,GLD,-0.010269798493159
2017-07-10,QQQ,0.0107280816267425
2017-07-10,SPY,0.006464190025662
2017-07-10,TLT,-0.0060118619841657
2017-07-11,GLD,0.0016468254331296
2017-07-11,QQQ,0.0065119191205207
2017-07-11,SPY,0.0010732931559087
2017-07-11,TLT,0.0014656814215971
2017-07-12,GLD,0.0012982088742116
2017-07-12,QQQ,0.0028086827021146
2017-07-12,SPY,-0.0007429118580426
2017-07-12,TLT,0.0017072406296951
2017-07-13,GLD,0.0035397924292919
2017-07-13,QQQ,0.011796339803351
2017-07-13,SPY,0.0074866333923339
2017-07-13,TLT,0.0068806559165822
2017-07-14,GLD,-0.0018115086761426
2017-07-14,QQQ,0.0022008284627683
2017-07-14,SPY,0.001678863970518
2017-07-14,TLT,-0.0063122227975043
2017-07-17,GLD,0.0081689001766399
2017-07-17,QQQ,0.0078409659025659
2017-07-17,SPY,0.00465325709867
2017-07-17,TLT,0.0012170016883116
2017-07-18,GLD,0.0044433489997169
2017-07-18,QQQ,0.0004924717824544
2017-07-18,SPY,-0.0001221722273224
2017-07-18,TLT,0.0027530085233054
2017-07-19,GLD,0.0069668904523231
2017-07-19,QQQ,0.0066589594681224
2017-07-19,SPY,0.0005293466284003
2017-07-19,TLT,0.0086950216836353
2017-07-20,GLD,-0.0002540224323478
2017-07-20,QQQ,0.0058512033207342
2017-07-20,SPY,0.0053993912007002
2017-07-20,TLT,0.0004007457568863
2017-07-21,GLD,0.001354062773928
2017-07-21,QQQ,0.0013187747559812
2017-07-21,SPY,0.0004452654762781
2017-07-21,TLT,0.0028804676715893
2017-07-24,GLD,0.0085895624743504
2017-07-24,QQQ,-0.0004162450375611
2017-07-24,SPY,-0.0008907293022223
2017-07-24,TLT,0.0042256293006712
2017-07-25,GLD,0.0004191258176561
2017-07-25,QQQ,0.0045694045924243
2017-07-25,SPY,-0.0002430526935614
2017-07-25,TLT,-0.0039061430698396
2017-07-26,GLD,-0.0032741446924645
2017-07-26,QQQ,-0.0025591214874006
2017-07-26,SPY,0.002427934334723
2017-07-26,TLT,-0.0131046396444956
2017-07-27,GLD,0.0080402368048359
2017-07-27,QQQ,0.0032495706581614
2017-07-27,SPY,4.039408718685109e-05
2017-07-27,TLT,0.001617182783138
2017-07-28,GLD,-0.0007510021513584
2017-07-28,QQQ,-0.0063012250009113
2017-07-28,SPY,-0.0009299708830424
2017-07-28,TLT,-0.0049406246387109
2017-07-31,GLD,0.0074850774725341
2017-07-31,QQQ,-0.000833984584155
2017-07-31,SPY,-0.0011738006479159
2017-07-31,TLT,0.0059097174102201
2017-08-01,GLD,0.0004969976741389
2017-08-01,QQQ,-0.0042498453013049
2017-08-01,SPY,-0.0005671665497939
2017-08-01,TLT,0.0012100314120652
2017-08-02,GLD,-0.0008284878144892
2017-08-02,QQQ,0.0023013493108316
2017-08-02,SPY,0.0022263282641812
2017-08-02,TLT,0.0048254756123702
2017-08-03,GLD,-0.0020742591700593
2017-08-03,QQQ,0.0027129465848279
2017-08-03,SPY,0.0004850639387654
2017-08-03,TLT,0.0005614573658827
2017-08-04,GLD,0.0015767861990997
2017-08-04,QQQ,-0.003897809387697
2017-08-04,SPY,-0.001941730863519
2017-08-04,TLT,0.0102908723600726
2017-08-07,GLD,-0.0078255046399976
2017-08-07,QQQ,0.001811556466137
2017-08-07,SPY,0.0018204869352028
2017-08-07,TLT,-0.0085283240649659
2017-08-08,GLD,-0.0011707593535362
2017-08-08,QQQ,0.0063148864589393
2017-08-08,SPY,0.0018575011648817
2017-08-08,TLT,0.0011199952342634
2017-08-09,GLD,0.0029243323685437
2017-08-09,QQQ,-0.001730882865244
2017-08-09,SPY,-0.0024640031174038
2017-08-09,TLT,-0.0036044489650427
2017-08-10,GLD,0.0120248325352345
2017-08-10,QQQ,-0.0013174945304911
2017-08-10,SPY,-4.042185981387262e-05
2017-08-10,TLT,0.0054417571018987
2017-08-11,GLD,0.007391636301004
2017-08-11,QQQ,-0.0216736269511838
2017-08-11,SPY,-0.0142158583605013
2017-08-11,TLT,0.0085032472474047
2017-08-14,GLD,0.0047347176699812
2017-08-14,QQQ,0.0075584530067888
2017-08-14,SPY,0.0014757755322842
2017-08-14,TLT,0.0004746642325627
2017-08-15,GLD,-0.0071105097086198
2017-08-15,QQQ,0.0127959413319005
2017-08-15,SPY,0.0098643372164041
2017-08-15,TLT,-0.0051544583273069
2017-08-16,GLD,-0.0077398064932359
2017-08-16,QQQ,0.0006945833484082
2017-08-16,SPY,-0.0001216865635397
2017-08-16,TLT,-0.0042225994453176
2017-08-17,GLD,0.0073296549457859
2017-08-17,QQQ,0.0017342448390651
2017-08-17,SPY,0.0017428636987663
2017-08-17,TLT,0.0036659196789132
2017-08-18,GLD,0.005074451187161
2017-08-18,QQQ,-0.0206582532387438
2017-08-18,SPY,-0.0157136719503208
2017-08-18,TLT,0.0074497288517943
2017-08-21,GLD,-0.0015523089133794
2017-08-21,QQQ,-0.0007078575067629
2017-08-21,SPY,-0.0015643873986511
2017-08-21,TLT,-0.0002368916881675
2017-08-22,GLD,0.0037541795070427
2017-08-22,QQQ,-0.0012752777451723
2017-08-22,SPY,0.0007824682031747
2017-08-22,TLT,0.0024452589968556
2017-08-23,GLD,-0.0044903781947355
2017-08-23,QQQ,0.0151277741313819
2017-08-23,SPY,0.0104027172455129
2017-08-23,TLT,-0.0038678491481407
2017-08-24,GLD,0.0037569391595083
2017-08-24,QQQ,-0.003567771163041
2017-08-24,SPY,-0.0035918605262235
2017-08-24,TLT,0.0067786228800912
2017-08-25,GLD,-0.0031025274301848
2017-08-25,QQQ,-0.0029477713586182
2017-08-25,SPY,-0.0023334042390435
2017-08-25,TLT,-0.0036989080199037
2017-08-28,GLD,0.0036729988686282
2017-08-28,QQQ,-0.0021109144199276
2017-08-28,SPY,0.0023334042390435
2017-08-28,TLT,0.0038559785005558
2017-08-29,GLD,0.0157623970318692
2017-08-29,QQQ,0.0030944706727904
2017-08-29,SPY,4.0928855422689685e-05
2017-08-29,TLT,-0.0006285499250147
2017-08-30,GLD,-0.0021677522181517
2017-08-30,QQQ,0.003924579632659
2017-08-30,SPY,0.0011442066207465
2017-08-30,TLT,0.0032171055491493
2017-08-31,GLD,-0.0004823342716564
2017-08-31,QQQ,0.0116821626478325
2017-08-31,SPY,0.004726360107737
2017-08-31,TLT,-0.0003134131122777
2017-09-01,GLD,0.0116717216178943
2017-09-01,QQQ,0.0106585372147396
2017-09-01,SPY,0.005998036163941
2017-09-01,TLT,0.002973376648266
2017-09-05,GLD,0.0019056530015576
2017-09-05,QQQ,-0.001368904733485
2017-09-05,SPY,0.0014131625448807
2017-09-05,TLT,-0.009735476705803
2017-09-06,GLD,0.0110446179853417
2017-09-06,QQQ,-0.0090130820859878
2017-09-06,SPY,-0.0072079631824282
2017-09-06,TLT,0.0157335212972754
2017-09-07,GLD,-0.0051126987089539
2017-09-07,QQQ,0.0030363865043273
2017-09-07,SPY,0.0034079729205085
2017-09-07,TLT,-0.0061542927800847
2017-09-08,GLD,0.0103555276354189
2017-09-08,QQQ,0.002339962050137
2017-09-08,SPY,-0.0001215091236863
2017-09-08,TLT,0.0101847143419818
2017-09-11,GLD,-0.0012495406412696
2017-09-11,QQQ,-0.0086992710466517
2017-09-11,SPY,-0.001175370640639
2017-09-11,TLT,-0.0021681809687931
2017-09-12,GLD,-0.0140071439765985
2017-09-12,QQQ,0.0114451634942334
2017-09-12,SPY,0.0106094495934801
2017-09-12,TLT,-0.0120098216583841
2017-09-13,GLD,0.0029277577169542
2017-09-13,QQQ,0.0023965645891757
2017-09-13,SPY,0.0033649686098124
2017-09-13,TLT,-0.0052704009426147
2017-09-14,GLD,-0.0075346111705773
2017-09-14,QQQ,0.0013668464994304
2017-09-14,SPY,0.0004797693782589
2017-09-14,TLT,-0.0039513248531896
2017-09-15,GLD,0.0043690981240205
2017-09-15,QQQ,-0.0058908357415497
2017-09-15,SPY,-0.0003198410131336
2017-09-15,TLT,0.0041090270868504
2017-09-18,GLD,-0.0050062075765588
2017-09-18,QQQ,0.003429123505421
2017-09-18,SPY,-0.0036051709400429
2017-09-18,TLT,0.0003942370226386
2017-09-19,GLD,-0.0093641740072291
2017-09-19,QQQ,-0.0034977883181648
2017-09-19,SPY,0.0021246275872453
2017-09-19,TLT,-0.0057710216936741
2017-09-20,GLD,0.0020885390572384
2017-09-20,QQQ,0.0017161493469738
2017-09-20,SPY,0.001000620463238
2017-09-20,TLT,-0.0024607876069098
2017-09-21,GLD,-0.0080567627066632
2017-09-21,QQQ,-0.0030911715089454
2017-09-21,SPY,0.0003599637585029
2017-09-21,TLT,0.0007150833823553
2017-09-22,GLD,-0.007633024715443
2017-09-22,QQQ,-0.006141969898422
2017-09-22,SPY,-0.0026829455398431
2017-09-22,TLT,-0.0005561654500362
2017-09-25,GLD,0.0045543146609353
2017-09-25,QQQ,-0.0009695920341486
2017-09-25,SPY,0.0002004813332869
2017-09-25,TLT,0.0028566962764887
2017-09-26,GLD,0.0104129845360129
2017-09-26,QQQ,-0.0105880357878281
2017-09-26,SPY,-0.0020467120760038
2017-09-26,TLT,0.0062404004537083
2017-09-27,GLD,-0.0112247264040768
2017-09-27,QQQ,0.0025876513065252
2017-09-27,SPY,0.0006024343345111
2017-09-27,TLT,-0.0018127747036251
2017-09-28,GLD,-0.0094647901378272
2017-09-28,QQQ,0.0089699765154515
2017-09-28,SPY,0.0038867727139802
2017-09-28,TLT,-0.0151825471711948
2017-09-29,GLD,0.0018837445698112
2017-09-29,QQQ,-0.000346197600728
2017-09-29,SPY,0.0011990530863811
2017-09-29,TLT,-0.0029679171063495
2017-10-02,GLD,-0.0051683715774129
2017-10-02,QQQ,0.0071758624621341
2017-10-02,SPY,0.0035088740527715
2017-10-02,TLT,0.0022468214645865
2017-10-03,GLD,-0.0066846148898736
2017-10-03,QQQ,0.0008934123080447
2017-10-03,SPY,0.0043293150335721
2017-10-03,TLT,-0.0038548341596761
2017-10-04,GLD,0.0004967317019956
2017-10-04,QQQ,0.0021271326323973
2017-10-04,SPY,0.0021378260553165
2017-10-04,TLT,0.0009651178683408
2017-10-05,GLD,0.0028098889387881
2017-10-05,QQQ,0.0009591627929555
2017-10-05,SPY,0.0011857360751527
2017-10-05,TLT,8.039979122469591e-05
2017-10-06,GLD,-0.0053788167236256
2017-10-06,QQQ,0.0097449263984769
2017-10-06,SPY,0.0059076221529796
2017-10-06,TLT,-0.0037849951299585
2017-10-09,GLD,0.0047183541150492
2017-10-09,QQQ,0.0013553603403824
2017-10-09,SPY,-0.0011394557373641
2017-10-09,TLT,-0.002827991261723
2017-10-10,GLD,0.0081425420115538
2017-10-10,QQQ,-0.001151944316251
2017-10-10,SPY,-0.0016524955582182
2017-10-10,TLT,0.0031506833796556
2017-10-11,GLD,0.0026178000096001
2017-10-11,QQQ,0.0007455394023775
2017-10-11,SPY,0.0026348332265438
2017-10-11,TLT,0.001611839044089
2017-10-12,GLD,0.0031812040839063
2017-10-12,QQQ,0.0029765086481407
2017-10-12,SPY,0.0015697717521929
2017-10-12,TLT,0.0019307959758763
2017-10-13,GLD,0.0008140547013934
2017-10-13,QQQ,-0.0018254223377902
2017-10-13,SPY,-0.0014912096319126
2017-10-13,TLT,0.0042507084869784
2017-10-16,GLD,0.007539254296557
2017-10-16,QQQ,0.0038498717926897
2017-10-16,SPY,0.0012166549542219
2017-10-16,TLT,0.0071770765996116
2017-10-17,GLD,-0.0068884625152206
2017-10-17,QQQ,0.0034322168451129
2017-10-17,SPY,0.0013326920457795
2017-10-17,TLT,-0.0007153637892789
2017-10-18,GLD,-0.0068544044171996
2017-10-18,QQQ,0.0012755527796577
2017-10-18,SPY,0.0007048631214624
2017-10-18,TLT,0.0012714244602186
2017-10-19,GLD,-0.0037735819439875
2017-10-19,QQQ,-0.0012084102139775
2017-10-19,SPY,0.0009781099737367
2017-10-19,TLT,-0.0066133211768273
2017-10-20,GLD,0.0059002156573017
2017-10-20,QQQ,-0.0037016097395732
2017-10-20,SPY,0.0002736684194568
2017-10-20,TLT,0.0017571987434081
2017-10-23,GLD,-0.0063934543954733
2017-10-23,QQQ,0.0026934845556102
2017-10-23,SPY,0.0051471828218862
2017-10-23,TLT,-0.010670358344076
2017-10-24,GLD,0.0015611723194451
2017-10-24,QQQ,-0.0065441365660903
2017-10-24,SPY,-0.0038969694190213
2017-10-24,TLT,0.0017728555778741
2017-10-25,GLD,-0.0038662591759729
2017-10-25,QQQ,0.0016907317503544
2017-10-25,SPY,0.0017555633745319
2017-10-25,TLT,-0.0062189486997616
2017-10-26,GLD,0.0001647984431065
2017-10-26,QQQ,-0.003791303849807
2017-10-26,SPY,-0.0049624182920528
2017-10-26,TLT,-0.0047915304677033
2017-10-27,GLD,-0.0084409359313991
2017-10-27,QQQ,-0.0031929505905638
2017-10-27,SPY,0.0012918200248079
2017-10-27,TLT,-0.0033432251821151
2017-10-30,GLD,0.0047257865747336
2017-10-30,QQQ,0.0287075287517065
2017-10-30,SPY,0.0081429409583787
2017-10-30,TLT,0.0065942158160825
2017-10-31,GLD,0.0019005561122996
2017-10-31,QQQ,0.0022455351201008
2017-10-31,SPY,-0.0037320397514387
2017-10-31,TLT,0.0095292679755888
2017-11-01,GLD,-0.0038047944426043
2017-11-01,QQQ,0.0037532857641846
2017-11-01,SPY,0.0015566996770224
2017-11-01,TLT,0.0003214474149244
2017-11-02,GLD,0.0036396966611631
2017-11-02,QQQ,-0.0003285968343042
2017-11-02,SPY,0.0013212979863173
2017-11-02,TLT,0.0023273628465529
2017-11-03,GLD,0.0006603535530684
2017-11-03,QQQ,-0.0019085165309163
2017-11-03,SPY,0.0003883129120887
2017-11-03,TLT,0.0043991516260031
2017-11-06,GLD,-0.0047144513322973
2017-11-06,QQQ,0.0095713770235674
2017-11-06,SPY,0.0033331394896447
2017-11-06,TLT,0.0027097835548745
2017-11-07,GLD,0.0085029509793438
2017-11-07,QQQ,0.0033868919095547
2017-11-07,SPY,0.0015464680535225
2017-11-07,TLT,0.0037338769951118
2017-11-08,GLD,-0.0036235108435323
2017-11-08,QQQ,0.0005851178196341
2017-11-08,SPY,-0.0006955969865738
2017-11-08,TLT,0.0041938639455591
2017-11-09,GLD,0.0034590561197046
2017-11-09,QQQ,0.0040209867224059
2017-11-09,SPY,0.0016994554859494
2017-11-09,TLT,-0.0022134299890333
2017-11-10,GLD,0.0041024016451006
2017-11-10,QQQ,-0.0052564938333155
2017-11-10,SPY,-0.0036342907541265
2017-11-10,TLT,-0.0028530738126657
2017-11-13,GLD,-0.0082217023399463
2017-11-13,QQQ,-6.51317030780589e-05
2017-11-13,SPY,-0.0003099875604187
2017-11-13,TLT,-0.0151942270364758
2017-11-14,GLD,0.0014849063034309
2017-11-14,QQQ,0.001235587534517
2017-11-14,SPY,0.000929438285091
2017-11-14,TLT,0.002092910183492
2017-11-15,GLD,0.002058715307154
2017-11-15,QQQ,-0.0036460589381989
2017-11-15,SPY,-0.0023252174518338
2017-11-15,TLT,0.0067318441924413
2017-11-16,GLD,-0.0012346702455872
2017-11-16,QQQ,-0.0047074374937489
2017-11-16,SPY,-0.0050178393059145
2017-11-16,TLT,0.0108040504379035
2017-11-17,GLD,-8.238652462762423e-05
2017-11-17,QQQ,0.0126983571572578
2017-11-17,SPY,0.0084650553480102
2017-11-17,TLT,-0.0087295093576064
2017-11-20,GLD,0.0119546095092268
2017-11-20,QQQ,-0.0038250645137695
2017-11-20,SPY,-0.0029430388124721
2017-11-20,TLT,0.0073853844586894
2017-11-21,GLD,-0.012696268046166
2017-11-21,QQQ,-0.000779746076699
2017-11-21,SPY,0.0017049076676969
2017-11-21,TLT,-0.0003957033455117
2017-11-22,GLD,0.0016473488437394
2017-11-22,QQQ,0.0107976231485238
2017-11-22,SPY,0.006521478333189
2017-11-22,TLT,0.0031610705557411
2017-11-24,GLD,0.0091750878754078
2017-11-24,QQQ,0.0012211347634956
2017-11-24,SPY,-0.0008849657864718
2017-11-24,TLT,0.0032297768285975
2017-11-27,GLD,-0.002531110250715
2017-11-27,QQQ,0.003654385031813
2017-11-27,SPY,0.0023070670525534
2017-11-27,TLT,-0.0027564377981333
2017-11-28,GLD,0.0041607413323197
2017-11-28,QQQ,-0.0004480209139642
2017-11-28,SPY,-0.0004993348656304
2017-11-28,TLT,-0.0014205692631015
2017-11-29,GLD,-0.0001628747154765
2017-11-29,QQQ,0.0025576706701072
2017-11-29,SPY,0.0100936972436717
2017-11-29,TLT,0.001341684953159
2017-11-30,GLD,-0.0062895583924213
2017-11-30,QQQ,-0.0175877991730238
2017-11-30,SPY,-0.0006088651438038
2017-11-30,TLT,-0.0099077415785733
2017-12-01,GLD,-0.0077322293914414
2017-12-01,QQQ,0.008349249557222
2017-12-01,SPY,0.0087168682971437
2017-12-01,TLT,-0.0033511414335162
2017-12-04,GLD,0.0040380612309282
2017-12-04,QQQ,-0.0042629466742196
2017-12-04,SPY,-0.0020776191554762
2017-12-04,TLT,0.011364212357585
2017-12-05,GLD,-0.0033776531546079
2017-12-05,QQQ,-0.011588662950813
2017-12-05,SPY,-0.0012106577450937
2017-12-05,TLT,0.0004739892467146
2017-12-06,GLD,-0.0071221883700487
2017-12-06,QQQ,0.0006545617105157
2017-12-06,SPY,-0.0036031069881391
2017-12-06,TLT,0.0049635497390746
2017-12-07,GLD,-0.002079954164184
2017-12-07,QQQ,0.00450526338683
2017-12-07,SPY,0.0001899124055029
2017-12-07,TLT,0.0034520859997018
2017-12-08,GLD,-0.0132463527011121
2017-12-08,QQQ,0.003381924823502
2017-12-08,SPY,0.0031481207607982
2017-12-08,TLT,-0.0078629120121918
2017-12-11,GLD,-8.435250698713456e-05
2017-12-11,QQQ,0.0044052460013251
2017-12-11,SPY,0.0054382942858344
2017-12-11,TLT,7.895280520366892e-05
2017-12-12,GLD,-0.0039748135531072
2017-12-12,QQQ,0.0077269990614546
2017-12-12,SPY,0.0030084930440527
2017-12-12,TLT,-0.0020543791470727
2017-12-13,GLD,0.0011856318079055
2017-12-13,QQQ,-0.0013478705307491
2017-12-13,SPY,0.0017633095564034
2017-12-13,TLT,-0.0003955781250169
2017-12-14,GLD,0.0085960131899739
2017-12-14,QQQ,0.0019250714628397
2017-12-14,SPY,-0.0001124539553432
2017-12-14,TLT,0.0074889363531492
2017-12-15,GLD,-0.0020159424324849
2017-12-15,QQQ,-0.0007054260509406
2017-12-15,SPY,-0.0040945806925572
2017-12-15,TLT,0.0042319883368329
2017-12-18,GLD,0.0020998705742963
2017-12-18,QQQ,0.0112908354807773
2017-12-18,SPY,0.0031944935073848
2017-12-18,TLT,0.0037468105682704
2017-12-19,GLD,0.0046042778868208
2017-12-19,QQQ,0.0062601330886795
2017-12-19,SPY,0.0063212133655446
2017-12-19,TLT,-0.0091575466320148
2017-12-20,GLD,0.0007513783425439
2017-12-20,QQQ,-0.0059430057468143
2017-12-20,SPY,-0.0038478061930676
2017-12-20,TLT,-0.0130586441330962
2017-12-21,GLD,0.0026671102328525
2017-12-21,QQQ,-0.0010785660484683
2017-12-21,SPY,-0.0005242031016257
2017-12-21,TLT,-0.0111348080368557
2017-12-22,GLD,0.0014140004111242
2017-12-22,QQQ,0.0001269790045167
2017-12-22,SPY,0.0020575297958002
2017-12-22,TLT,0.0036986380382658
2017-12-26,GLD,0.005222850279184
2017-12-26,QQQ,-0.0011431979881959
2017-12-26,SPY,-0.0002615515428001
2017-12-26,TLT,0.0013634214108221
2017-12-27,GLD,0.0068394169191067
2017-12-27,QQQ,-0.0054158649463854
2017-12-27,SPY,-0.0011969603707487
2017-12-27,TLT,0.0029610901749118
2017-12-28,GLD,0.0037705513021491
2017-12-28,QQQ,0.0001277008487506
2017-12-28,SPY,0.0004864450917694
2017-12-28,TLT,0.0129412887772625
2017-12-29,GLD,0.0050595432932777
2017-12-29,QQQ,0.0012130269184256
2017-12-29,SPY,0.0020552999273804
2017-12-29,TLT,-0.0008680344689348
2018-01-02,GLD,0.0064909197612103
2018-01-02,QQQ,-0.0062082266088723
2018-01-02,SPY,-0.0037776485465138
2018-01-02,TLT,0.0015777610157773
2018-01-03,GLD,0.0120580237624518
2018-01-03,QQQ,0.0173752087066099
2018-01-03,SPY,0.0071318329788483
2018-01-03,TLT,-0.0108580639178692
2018-01-04,GLD,-0.0026403330092135
2018-01-04,QQQ,0.0096697555262277
2018-01-04,SPY,0.0063052365179003
2018-01-04,TLT,0.0047698515424165
2018-01-05,GLD,0.0051142783102627
2018-01-05,QQQ,0.0017481354423651
2018-01-05,SPY,0.0042059690069378
2018-01-05,TLT,-0.0001586028190271
2018-01-08,GLD,-0.0010367021379345
2018-01-08,QQQ,0.0099929493184098
2018-01-08,SPY,0.0066419636880151
2018-01-08,TLT,-0.0028596461786053
2018-01-09,GLD,-0.0001596255390368
2018-01-09,QQQ,0.003883290733476
2018-01-09,SPY,0.0018270183598876
2018-01-09,TLT,-0.0006366024900307
2018-01-10,GLD,-0.0046392196430416
2018-01-10,QQQ,6.148384743818258e-05
2018-01-10,SPY,0.0022608589740006
2018-01-10,TLT,-0.0134628232935352
2018-01-11,GLD,0.0024022706924068
2018-01-11,QQQ,-0.0023403650162614
2018-01-11,SPY,-0.0015310520430786
2018-01-11,TLT,-0.0012108489591168
2018-01-12,GLD,0.0032738773212121
2018-01-12,QQQ,0.0068209356426373
2018-01-12,SPY,0.0072695872466731
2018-01-12,TLT,0.0041110412627585
2018-01-16,GLD,0.012044492942167
2018-01-16,QQQ,0.007322091481191
2018-01-16,SPY,0.0064978146562863
2018-01-16,TLT,0.0016878924504526
2018-01-17,GLD,0.0016526906271698
2018-01-17,QQQ,-0.0028614138225117
2018-01-17,SPY,-0.0034241493275315
2018-01-17,TLT,0.0041673748206811
2018-01-18,GLD,-0.0081323632373541
2018-01-18,QQQ,0.0107334890984805
2018-01-18,SPY,0.0094865212300141
2018-01-18,TLT,-0.0013604753125116
2018-01-19,GLD,-0.0022222134485855
2018-01-19,QQQ,0.0001810201026064
2018-01-19,SPY,-0.001682222152858
2018-01-19,TLT,-0.0093331086484379
2018-01-22,GLD,0.0044394996120163
2018-01-22,QQQ,0.0031309575669677
2018-01-22,SPY,0.0045393303649158
2018-01-22,TLT,-0.0052680880009568
2018-01-23,GLD,0.0018177059354296
2018-01-23,QQQ,0.0106441166685667
2018-01-23,SPY,0.0080980686006716
2018-01-23,TLT,0.0009746812631849
2018-01-24,GLD,0.0049619859431586
2018-01-24,QQQ,0.0082339086309578
2018-01-24,SPY,0.0021202385831359
2018-01-24,TLT,0.0042934067377717
2018-01-25,GLD,0.0121043455775452
2018-01-25,QQQ,-0.0065103855110945
2018-01-25,SPY,-0.0003884261136045
2018-01-25,TLT,-0.0054305962759216
2018-01-26,GLD,-0.0066978490279024
2018-01-26,QQQ,-0.0003563223511622
2018-01-26,SPY,0.0004236517551174
2018-01-26,TLT,0.008175221540614
2018-01-29,GLD,0.000781175638679
2018-01-29,QQQ,0.0152088912569445
2018-01-29,SPY,0.0115113186855953
2018-01-29,TLT,-0.0037151287683102
2018-01-30,GLD,-0.0056378571834703
2018-01-30,QQQ,-0.0048675378352051
2018-01-30,SPY,-0.0066519657301869
2018-01-30,TLT,-0.0069827580089286
2018-01-31,GLD,-0.0043281233730763
2018-01-31,QQQ,-0.0082645638216697
2018-01-31,SPY,-0.0103100372959008
2018-01-31,TLT,-0.0058838218657074
2018-02-01,GLD,0.0066810895704915
2018-02-01,QQQ,0.004140774725683
2018-02-01,SPY,0.0004966970614477
2018-02-01,TLT,0.0058838218657074
2018-02-02,GLD,0.003284890986055
2018-02-02,QQQ,-0.0085368503987505
2018-02-02,SPY,-0.0011358251214389
2018-02-02,TLT,-0.0166787451419414
2018-02-05,GLD,-0.0132046867972403
2018-02-05,QQQ,-0.0201468523421461
2018-02-05,SPY,-0.0220103831118666
2018-02-05,TLT,-0.009322484054519
2018-02-06,GLD,0.0025286437555192
2018-02-06,QQQ,-0.0402248358987969
2018-02-06,SPY,-0.0427222795137356
2018-02-06,TLT,0.0094053483633756
2018-02-07,GLD,-0.0105518996456809
2018-02-07,QQQ,0.0261538643272921
2018-02-07,SPY,0.0195106636605779
2018-02-07,TLT,-0.0062326208796463
2018-02-08,GLD,-0.0047167720834532
2018-02-08,QQQ,-0.0130225753100639
2018-02-08,SPY,-0.0054396237157624
2018-02-08,TLT,-0.0095486058896616
2018-02-09,GLD,0.0015214195043946
2018-02-09,QQQ,-0.0431107353871809
2018-02-09,SPY,-0.0382304626370488
2018-02-09,TLT,-0.0010946677211909
2018-02-12,GLD,-0.0016817358427458
2018-02-12,QQQ,0.017122105443313
2018-02-12,SPY,0.0149098174755357
2018-02-12,TLT,-0.0063390313652502
2018-02-13,GLD,0.0047973715177869
2018-02-13,QQQ,0.0175893603758684
2018-02-13,SPY,0.01457772518222
2018-02-13,TLT,0.0043993018474743
2018-02-14,GLD,0.0056472535967852
2018-02-14,QQQ,0.0051482241438957
2018-02-14,SPY,0.0024843000945013
2018-02-14,TLT,0.0044640948937955
2018-02-15,GLD,0.0169088525197645
2018-02-15,QQQ,0.0185505848755923
2018-02-15,SPY,0.0134059639964017
2018-02-15,TLT,-0.0111553570991294
2018-02-16,GLD,0.0011691607653979
2018-02-16,QQQ,0.0183938699983713
2018-02-16,SPY,0.0126794020083244
2018-02-16,TLT,0.0033935854194091
2018-02-20,GLD,-0.0032769459911664
2018-02-20,QQQ,-0.0044758450465296
2018-02-20,SPY,0.0002929160111389
2018-02-20,TLT,0.0054058700188245
2018-02-21,GLD,-0.0135328677509379
2018-02-21,QQQ,0.0019984053419276
2018-02-21,SPY,-0.0062808658857994
2018-02-21,TLT,-0.004390016672369
2018-02-22,GLD,-0.0046049640577856
2018-02-22,QQQ,-0.0028474525376289
2018-02-22,SPY,-0.0049866430757215
2018-02-22,TLT,-0.0123442982041716
2018-02-23,GLD,0.0050801774014141
2018-02-23,QQQ,-0.0001213777795994
2018-02-23,SPY,0.0012952397605923
2018-02-23,TLT,0.002993617108011
2018-02-26,GLD,-0.0012676571223932
2018-02-26,QQQ,0.0202427256532221
2018-02-26,SPY,0.0158136430858693
2018-02-26,TLT,0.008842851125313
2018-02-27,GLD,0.0024545525850457
2018-02-27,QQQ,0.0131732169299199
2018-02-27,SPY,0.0115453501029603
2018-02-27,TLT,0.0003385604459109
2018-02-28,GLD,-0.0104937740547323
2018-02-28,QQQ,-0.0124599367461093
2018-02-28,SPY,-0.012565122152541
2018-02-28,TLT,-0.0014396256901702
2018-03-01,GLD,-0.0010394376248336
2018-03-01,QQQ,-0.0064380942034681
2018-03-01,SPY,-0.0101817421036995
2018-03-01,TLT,0.0063358184490859
2018-03-02,GLD,-0.002242502765231
2018-03-02,QQQ,-0.0164615913356486
2018-03-02,SPY,-0.0146474544032504
2018-03-02,TLT,0.0047885141741725
2018-03-05,GLD,0.0053576407977507
2018-03-05,QQQ,0.009138622380236
2018-03-05,SPY,0.0051416871290422
2018-03-05,TLT,-0.0081626340218656
2018-03-06,GLD,-0.0016761714003699
2018-03-06,QQQ,0.0110239945587919
2018-03-06,SPY,0.0114916775641234
2018-03-06,TLT,-0.0027075039683922
2018-03-07,GLD,0.0107267206191819
2018-03-07,QQQ,0.0042214972784908
2018-03-07,SPY,0.0025317951848754
2018-03-07,TLT,0.0009315376140825
2018-03-08,GLD,-0.0064222029145691
2018-03-08,QQQ,0.0023113140693512
2018-03-08,SPY,-0.0003665509803327
2018-03-08,TLT,-0.0011009719729765
2018-03-09,GLD,-0.0023891311235727
2018-03-09,QQQ,0.0054901873670205
2018-03-09,SPY,0.0048274205525346
2018-03-09,TLT,0.0057456878982458
2018-03-12,GLD,0.0009563496666087
2018-03-12,QQQ,0.0192414717773567
2018-03-12,SPY,0.0172526803267306
2018-03-12,TLT,-0.0065934199909217
2018-03-13,GLD,0.0
2018-03-13,QQQ,0.0052989304635619
2018-03-13,SPY,-0.0012558752739862
2018-03-13,TLT,0.0057504824491848
2018-03-14,GLD,0.001909899228192
2018-03-14,QQQ,-0.0137079277602979
2018-03-14,SPY,-0.0064836615887192
2018-03-14,TLT,0.0050467438816511
2018-03-15,GLD,-0.0006362480921954
2018-03-15,QQQ,-0.0001748102053974
2018-03-15,SPY,-0.0051448012325149
2018-03-15,TLT,0.0087708487003995
2018-03-16,GLD,-0.0063846619697598
2018-03-16,QQQ,-0.0008740649151729
2018-03-16,SPY,-0.0010902701411566
2018-03-16,TLT,0.0
2018-03-19,GLD,-0.0024048352412031
2018-03-19,QQQ,-0.0029776375951374
2018-03-19,SPY,-0.0029132860196447
2018-03-19,TLT,-0.0035825934038395
2018-03-20,GLD,0.0021646240154515
2018-03-20,QQQ,-0.0231880615825654
2018-03-20,SPY,-0.0136227187239158
2018-03-20,TLT,-0.0031767060388868
2018-03-21,GLD,-0.0044947919586221
2018-03-21,QQQ,0.0032859643784671
2018-03-21,SPY,0.0016992541418195
2018-03-21,TLT,-0.0040272171424414
2018-03-22,GLD,0.0173057932784737
2018-03-22,QQQ,-0.0043637917522427
2018-03-22,SPY,-0.0019210893881974
2018-03-22,TLT,0.0010923404310893
2018-03-23,GLD,-0.0039610286020946
2018-03-23,QQQ,-0.0249921724398166
2018-03-23,SPY,-0.0253148855056825
2018-03-23,TLT,0.0098605318506034
2018-03-26,GLD,0.0128555516884873
2018-03-26,QQQ,-0.0267048241590803
2018-03-26,SPY,-0.0215450548811222
2018-03-26,TLT,-0.0007486916888503
2018-03-27,GLD,0.0052366227801974
2018-03-27,QQQ,0.0364847973412709
2018-03-27,SPY,0.0269914616540063
2018-03-27,TLT,-0.0038352480706037
2018-03-28,GLD,-0.0061774519150594
2018-03-28,QQQ,-0.0328952136463056
2018-03-28,SPY,-0.0171580908320782
2018-03-28,TLT,0.0106357362817282
2018-03-29,GLD,-0.0139011360893347
2018-03-29,QQQ,-0.0115703362692157
2018-03-29,SPY,-0.0029591687796165
2018-03-29,TLT,0.0026413527603479
2018-04-02,GLD,0.0004770798243684
2018-04-02,QQQ,0.0181491202466377
2018-04-02,SPY,0.012696669273593
2018-04-02,TLT,0.0048518163472125
2018-04-03,GLD,0.0116183974619913
2018-04-03,QQQ,-0.0292760129174843
2018-04-03,SPY,-0.0218209754023813
2018-04-03,TLT,-0.0001641174223153
2018-04-04,GLD,-0.0075722010717779
2018-04-04,QQQ,0.0111904487232066
2018-04-04,SPY,0.012735537427426
2018-04-04,TLT,-0.007742356550387
2018-04-05,GLD,0.0011868954626523
2018-04-05,QQQ,0.0156470762444886
2018-04-05,SPY,0.0106422861516522
2018-04-05,TLT,-0.0020692801734446
2018-04-06,GLD,-0.0051535804567211
2018-04-06,QQQ,0.0056805196918406
2018-04-06,SPY,0.0078610270340266
2018-04-06,TLT,-0.007485077472534
2018-04-09,GLD,0.0046789913047762
2018-04-09,QQQ,-0.0253416803044845
2018-04-09,SPY,-0.0225379314760965
2018-04-09,TLT,0.0108764205728813
2018-04-10,GLD,0.003396396035594
2018-04-10,QQQ,0.0069983161474475
2018-04-10,SPY,0.0049162749823337
2018-04-10,TLT,0.0016502031498754
2018-04-11,GLD,0.0023627879691593
2018-04-11,QQQ,0.0218232211224208
2018-04-11,SPY,0.0157752732413406
2018-04-11,TLT,-0.0018153418325633
2018-04-12,GLD,0.0077577307979443
2018-04-12,QQQ,-0.0057856263827455
2018-04-12,SPY,-0.0052560447758964
2018-04-12,TLT,0.0035450822250145
2018-04-13,GLD,-0.0116987778251053
2018-04-13,QQQ,0.0119695553001159
2018-04-13,SPY,0.0081934529248047
2018-04-13,TLT,-0.0073514507078407
2018-04-16,GLD,0.0065336100698645
2018-04-16,QQQ,-0.0051919987572226
2018-04-16,SPY,-0.0029374081489083
2018-04-16,TLT,0.0023186394483706
2018-04-17,GLD,0.0014113245973423
2018-04-17,QQQ,0.0075933999559353
2018-04-17,SPY,0.0081881194996437
2018-04-17,TLT,0.0003308047902408
2018-04-18,GLD,0.0009397976090927
2018-04-18,QQQ,0.0212968187145728
2018-04-18,SPY,0.0106416241909327
2018-04-18,TLT,0.0027248619552281
2018-04-19,GLD,0.0007824607184664
2018-04-19,QQQ,0.0020448454178481
2018-04-19,SPY,0.0007399911570353
2018-04-19,TLT,-0.0080307886386876
2018-04-20,GLD,-0.0019573308498895
2018-04-20,QQQ,-0.0092350060357335
2018-04-20,SPY,-0.0055629868968322
2018-04-20,TLT,-0.008179691259605
2018-04-23,GLD,-0.007630932179695
2018-04-23,QQQ,-0.0159533994236576
2018-04-23,SPY,-0.0085155670396375
2018-04-23,TLT,-0.0072336139686819
2018-04-24,GLD,-0.0080079278822513
2018-04-24,QQQ,-0.0025294048404835
2018-04-24,SPY,-0.0001499607185859
2018-04-24,TLT,0.0002532076796244
2018-04-25,GLD,0.0048441674681113
2018-04-25,QQQ,-0.0214148505766811
2018-04-25,SPY,-0.0135588753215303
2018-04-25,TLT,-0.0045677708194993
2018-04-26,GLD,-0.0065172673215024
2018-04-26,QQQ,0.0011982416510561
2018-04-26,SPY,0.002468598040236
2018-04-26,TLT,-0.0067202267634988
2018-04-27,GLD,-0.0035146807713917
2018-04-27,QQQ,0.0208341592849321
2018-04-27,SPY,0.0101144111055069
2018-04-27,TLT,0.0069745938114738
2018-04-30,GLD,0.0042320403061771
2018-04-30,QQQ,0.0006170750884628
2018-04-30,SPY,0.0009383152387381
2018-04-30,TLT,0.007683543708362
2018-05-01,GLD,-0.0072774416543521
2018-05-01,QQQ,-0.0071200740433682
2018-05-01,SPY,-0.0077202551328144
2018-05-01,TLT,0.0017647728128055
2018-05-02,GLD,-0.007088207443339
2018-05-02,QQQ,0.0113679485121437
2018-05-02,SPY,0.0017752982142209
2018-05-02,TLT,-0.0058102542792779
2018-05-03,GLD,-0.0004851031664156
2018-05-03,QQQ,-0.0059149367585876
2018-05-03,SPY,-0.0067401470704881
2018-05-03,TLT,-0.0010985246064067
2018-05-04,GLD,0.005082068394914
2018-05-04,QQQ,-0.0001236281555221
2018-05-04,SPY,-0.0022061439922913
2018-05-04,TLT,0.004470873257544
2018-05-07,GLD,0.0020898820929316
2018-05-07,QQQ,0.0187962314712618
2018-05-07,SPY,0.0128633507881012
2018-05-07,TLT,0.0015138800926687
2018-05-08,GLD,0.0002408476525902
2018-05-08,QQQ,0.0082753054375427
2018-05-08,SPY,0.0033775857153485
2018-05-08,TLT,-0.0015980053972954
2018-05-09,GLD,0.0001605124693187
2018-05-09,QQQ,-0.0010231300726298
2018-05-09,SPY,0.0
2018-05-09,TLT,-0.0009263599787241
2018-05-10,GLD,-0.0020889812252642
2018-05-10,QQQ,0.0108400372286622
2018-05-10,SPY,0.0096193520074343
2018-05-10,TLT,-0.0059999256096759
2018-05-11,GLD,0.0068133682422289
2018-05-11,QQQ,0.0103111445962551
2018-05-11,SPY,0.0093071622676122
2018-05-11,TLT,0.0080199402768245
2018-05-14,GLD,-0.0014389666321499
2018-05-14,QQQ,-0.0009436617572773
2018-05-14,SPY,0.0030466633850676
2018-05-14,TLT,0.002519341667983
2018-05-15,GLD,-0.0040883630684627
2018-05-15,QQQ,0.0017098160493025
2018-05-15,SPY,0.0004763566722254
2018-05-15,TLT,-0.0052979552752818
2018-05-16,GLD,-0.016277595476396
2018-05-16,QQQ,-0.0111369251913511
2018-05-16,SPY,-0.0069107936554473
2018-05-16,TLT,-0.0114480663714782
2018-05-17,GLD,-0.0015524980696371
2018-05-17,QQQ,0.0065904981934178
2018-05-17,SPY,0.0041962153027579
2018-05-17,TLT,-0.003845310804199
2018-05-18,GLD,0.0005722435830601
2018-05-18,QQQ,-0.003853990132114
2018-05-18,SPY,-0.0008451280934807
2018-05-18,TLT,-0.0050642051656221
2018-05-21,GLD,0.0004085717333055
2018-05-21,QQQ,-0.0051817924401098
2018-05-21,SPY,-0.0025031234696764
2018-05-21,TLT,0.0085682985675211
2018-05-22,GLD,0.0005716827532715
2018-05-22,QQQ,0.0055975086954225
2018-05-22,SPY,0.0074904283151738
2018-05-22,TLT,0.0005117499232033
2018-05-23,GLD,-0.0005716827532715
2018-05-23,QQQ,-0.0013072747091997
2018-05-23,SPY,-0.0027840224319636
2018-05-23,TLT,-0.0015361012626807
2018-05-24,GLD,0.0010614187645907
2018-05-24,QQQ,0.0084079684906407
2018-05-24,SPY,0.0027474055790976
2018-05-24,TLT,0.0072332026881557
2018-05-25,GLD,0.0085320912017681
2018-05-25,QQQ,-0.0002948727747032
2018-05-25,SPY,-0.0020506729982943
2018-05-25,TLT,0.0079385165928625
2018-05-29,GLD,-0.003079396764578
2018-05-29,QQQ,0.0010021409557682
2018-05-29,SPY,-0.002385518768943
2018-05-29,TLT,0.0062055167116744
2018-05-30,GLD,-0.0001623104138514
2018-05-30,QQQ,-0.0044288359296408
2018-05-30,SPY,-0.0115676770110784
2018-05-30,TLT,0.0216662333651989
2018-05-31,GLD,0.0014600935542381
2018-05-31,QQQ,0.007135465786404
2018-05-31,SPY,0.0132564631992183
2018-05-31,TLT,-0.0067307133205531
2018-06-01,GLD,-0.0021909715513726
2018-06-01,QQQ,-0.0006464973131125
2018-06-01,SPY,-0.0061447454778562
2018-06-01,TLT,-0.0016485080286644
2018-06-04,GLD,-0.0049676442354116
2018-06-04,QQQ,0.0155774455820968
2018-06-04,SPY,0.0097698048931017
2018-06-04,TLT,-0.007618438244757
2018-06-05,GLD,-0.0009801121170805
2018-06-05,QQQ,0.0089903643823011
2018-06-05,SPY,0.0047401649119575
2018-06-05,TLT,-0.0072582201129235
2018-06-06,GLD,0.0039148221040478
2018-06-06,QQQ,0.0030932790149983
2018-06-06,SPY,0.0007273171485391
2018-06-06,TLT,0.002341715379797
2018-06-07,GLD,0.0005696358194504
2018-06-07,QQQ,0.0058169783718992
2018-06-07,SPY,0.0083257957610882
2018-06-07,TLT,-0.0081359327636967
2018-06-08,GLD,-0.0004882216623281
2018-06-08,QQQ,-0.008164754380925
2018-06-08,SPY,-0.0001081485297337
2018-06-08,TLT,0.0096384397769277
2018-06-11,GLD,0.0012201695433653
2018-06-11,QQQ,5.7383929646253366e-05
2018-06-11,SPY,0.0029520049078657
2018-06-11,TLT,-0.003007274951268
2018-06-12,GLD,0.0017868849442264
2018-06-12,QQQ,0.0026907198858337
2018-06-12,SPY,0.0013291249992136
2018-06-12,TLT,-0.0018422482523682
2018-06-13,GLD,-0.0033326887747225
2018-06-13,QQQ,0.0052460527141476
2018-06-13,SPY,0.0012915832391962
2018-06-13,TLT,0.0002514039825861
2018-06-14,GLD,0.0030080323755872
2018-06-14,QQQ,-5.6843489710887114e-05
2018-06-14,SPY,-0.003196033347797
2018-06-14,TLT,-0.0005028711850289
2018-06-15,GLD,0.001541102728231
2018-06-15,QQQ,0.0100730788441958
2018-06-15,SPY,0.0025145935900984
2018-06-15,TLT,0.0082655271883262
2018-06-18,GLD,-0.0166725091867418
2018-06-18,QQQ,-0.0034971572264324
2018-06-18,SPY,-0.0057568829444289
2018-06-18,TLT,0.0009141958928118
2018-06-19,GLD,-0.001897263760984
2018-06-19,QQQ,-0.0027158313249271
2018-06-19,SPY,-0.0020589410069597
2018-06-19,TLT,-0.0009141958928117
2018-06-20,GLD,-0.0025629178089954
2018-06-20,QQQ,-0.0028368813351997
2018-06-20,SPY,-0.0038401581926364
2018-06-20,TLT,0.0058034036518348
2018-06-21,GLD,-0.0044802273887542
2018-06-21,QQQ,0.007077170374085
2018-06-21,SPY,0.0017045399875246
2018-06-21,TLT,-0.0088010991308894
2018-06-22,GLD,-0.0017477352868707
2018-06-22,QQQ,-0.0087262184325048
2018-06-22,SPY,-0.0062885687808555
2018-06-22,TLT,0.0052401637182891
2018-06-25,GLD,0.0024126912728642
2018-06-25,QQQ,-0.0022220296528369
2018-06-25,SPY,0.0018215605524504
2018-06-25,TLT,-8.298117765682967e-05
2018-06-26,GLD,-0.0037463887322167
2018-06-26,QQQ,-0.0227879841469457
2018-06-26,SPY,-0.0137063394723877
2018-06-26,TLT,0.0022376362911526
2018-06-27,GLD,-0.0052686490212924
2018-06-27,QQQ,0.00407648015046
2018-06-27,SPY,0.0022115972772832
2018-06-27,TLT,0.0014062802991042
2018-06-28,GLD,-0.005718147886605
2018-06-28,QQQ,-0.013692499329072
2018-06-28,SPY,-0.008318746370276
2018-06-28,TLT,0.009379691780591
2018-06-29,GLD,-0.0030405479988212
2018-06-29,QQQ,0.008565151046733
2018-06-29,SPY,0.0057012167078234
2018-06-29,TLT,0.000245639954536
2018-07-02,GLD,0.0036306900201949
2018-07-02,QQQ,0.0026834192977177
2018-07-02,SPY,0.0014386048230611
2018-07-02,TLT,-0.003444587740291
2018-07-03,GLD,-0.0100801534421109
2018-07-03,QQQ,0.0066773896848023
2018-07-03,SPY,0.0021356807072243
2018-07-03,TLT,-0.0030444154591379
2018-07-05,GLD,0.0100801534421108
2018-07-05,QQQ,-0.0116415748086867
2018-07-05,SPY,-0.0035374474642797
2018-07-05,TLT,0.0053421251348441
2018-07-06,GLD,0.0033656028250155
2018-07-06,QQQ,0.0123357499884994
2018-07-06,SPY,0.0081248642370268
2018-07-06,TLT,0.0028647326839985
2018-07-09,GLD,-0.0015972634935637
2018-07-09,QQQ,0.0154365814529682
2018-07-09,SPY,0.0084226632550794
2018-07-09,TLT,0.0032639892573748
2018-07-10,GLD,0.0024368812775599
2018-07-10,QQQ,0.0089569862850715
2018-07-10,SPY,0.0089640607328216
2018-07-10,TLT,-0.0064566520613596
2018-07-11,GLD,-0.0018481290459546
2018-07-11,QQQ,0.0007334342334998
2018-07-11,SPY,0.0035919579637339
2018-07-11,TLT,-8.201497600544974e-05
2018-07-12,GLD,-0.010905978807671
2018-07-12,QQQ,-0.005088545730274
2018-07-12,SPY,-0.0073413623987985
2018-07-12,TLT,0.0038466408285058
2018-07-13,GLD,0.0041565812124294
2018-07-13,QQQ,0.0170848738297385
2018-07-13,SPY,0.0090251402876137
2018-07-13,TLT,-8.164446159996996e-05
2018-07-16,GLD,-0.004411618657356
2018-07-16,QQQ,0.0008354577221675
2018-07-16,SPY,0.0007871806047899
2018-07-16,TLT,0.0025292515618346
2018-07-17,GLD,-0.0005102701051306
2018-07-17,QQQ,-0.0023969907104621
2018-07-17,SPY,-0.0008945664750428
2018-07-17,TLT,-0.0041644786075236
2018-07-18,GLD,-0.0108627357547253
2018-07-18,QQQ,0.0060649044211767
2018-07-18,SPY,0.004037106955921
2018-07-18,TLT,-0.0018837445698112
2018-07-19,GLD,0.0002579541677247
2018-07-19,QQQ,-0.0018879050557974
2018-07-19,SPY,0.0021013892624929
2018-07-19,TLT,-0.004025187105611
2018-07-20,GLD,-0.0043081232452859
2018-07-20,QQQ,-0.0050144629137383
2018-07-20,SPY,-0.0037785578169255
2018-07-20,TLT,0.0063180047903683
2018-07-23,GLD,0.0064552448263087
2018-07-23,QQQ,-0.0002234136965638
2018-07-23,SPY,-0.0011435368899324
2018-07-23,TLT,-0.0123448195449052
2018-07-24,GLD,-0.0048159498350951
2018-07-24,QQQ,0.0031794312689371
2018-07-24,SPY,0.0018576111890104
2018-07-24,TLT,-0.0124153200836114
2018-07-25,GLD,0.000344776036595
2018-07-25,QQQ,0.0041127468181445
2018-07-25,SPY,0.0050194055319292
2018-07-25,TLT,0.0034317143311872
2018-07-26,GLD,0.0055001804720544
2018-07-26,QQQ,0.0138799551528592
2018-07-26,SPY,0.0084864001934448
2018-07-26,TLT,-0.0015888487923377
2018-07-27,GLD,-0.0078297123939534
2018-07-27,QQQ,-0.0152674952437448
2018-07-27,SPY,-0.0023619061672846
2018-07-27,TLT,-0.0019266663764206
2018-07-30,GLD,0.0005181795313148
2018-07-30,QQQ,-0.0135881977042461
2018-07-30,SPY,-0.0067993139520935
2018-07-30,TLT,0.0016755780329379
2018-07-31,GLD,-0.0015552128809898
2018-07-31,QQQ,-0.014232057970798
2018-07-31,SPY,-0.0052372036750954
2018-07-31,TLT,-0.0034379810731536
2018-08-01,GLD,0.0029355602050311
2018-08-01,QQQ,0.0076231814566251
2018-08-01,SPY,0.0049172503877148
2018-08-01,TLT,0.0054449885017501
2018-08-02,GLD,-0.0073551881297049
2018-08-02,QQQ,0.0037899085665382
2018-08-02,SPY,-0.0016720374025657
2018-08-02,TLT,-0.0104132439486334
2018-08-03,GLD,-0.0053993230298752
2018-08-03,QQQ,0.0135148766907943
2018-08-03,SPY,0.0054328737159347
2018-08-03,TLT,0.0014340394002623
2018-08-06,GLD,0.0034867672609534
2018-08-06,QQQ,0.0030588886831844
2018-08-06,SPY,0.0042756700792247
2018-08-06,TLT,0.004961153510357
2018-08-07,GLD,-0.0051471986083892
2018-08-07,QQQ,0.0058690028108168
2018-08-07,SPY,0.0036604592010195
2018-08-07,TLT,0.0005869749377977
2018-08-08,GLD,0.0022714889105877
2018-08-08,QQQ,0.0036369889524243
2018-08-08,SPY,0.0032968776024228
2018-08-08,TLT,-0.0052109947214132
2018-08-09,GLD,0.002788736658924
2018-08-09,QQQ,0.0012093960919652
2018-08-09,SPY,-0.0004202687152244
2018-08-09,TLT,0.001010719761311
2018-08-10,GLD,-0.0014805645831977
2018-08-10,QQQ,-0.0006045152161306
2018-08-10,SPY,-0.0013670944295027
2018-08-10,TLT,0.008382981377453
2018-08-13,GLD,-0.0004358228922819
2018-08-13,QQQ,-0.007670480779238
2018-08-13,SPY,-0.0067226679992592
2018-08-13,TLT,0.0072364859772557
2018-08-14,GLD,-0.0151990920233816
2018-08-14,QQQ,-0.0011085077169616
2018-08-14,SPY,-0.0037504821950417
2018-08-14,TLT,-0.0020740870454728
2018-08-15,GLD,0.000973327608104
2018-08-15,QQQ,0.0062470259309933
2018-08-15,SPY,0.0063604023361526
2018-08-15,TLT,-0.0022448919761125
2018-08-16,GLD,-0.0167666215759308
2018-08-16,QQQ,-0.0123102434347148
2018-08-16,SPY,-0.0074954216870865
2018-08-16,TLT,0.0058096018713513
2018-08-17,GLD,-0.0008097887609235
2018-08-17,QQQ,0.0032865178818224
2018-08-17,SPY,0.0080588545652804
2018-08-17,TLT,-8.271201984007261e-05
2018-08-20,GLD,0.0092282050668656
2018-08-20,QQQ,0.0002223825923898
2018-08-20,SPY,0.0035142010040534
2018-08-20,TLT,0.0012406562334164
2018-08-21,GLD,0.0049818196508907
2018-08-21,QQQ,-0.0008899970728518
2018-08-21,SPY,0.0021376696150321
2018-08-21,TLT,0.0066729871896741
2018-08-22,GLD,0.0029240568705197
2018-08-22,QQQ,0.0036660801299584
2018-08-22,SPY,0.0023425576654248
2018-08-22,TLT,-0.0033721598365344
2018-08-23,GLD,0.0022095550764809
2018-08-23,QQQ,0.0038735976263743
2018-08-23,SPY,-0.0005938163953526
2018-08-23,TLT,0.0039467520492308
2018-08-24,GLD,-0.0094913536867297
2018-08-24,QQQ,-0.0014369897260642
2018-08-24,SPY,-0.0013287814676808
2018-08-24,TLT,0.0015579720141517
2018-08-27,GLD,0.0173180393579959
2018-08-27,QQQ,0.0092490897255539
2018-08-27,SPY,0.0060003709276352
2018-08-27,TLT,0.0019644588446757
2018-08-28,GLD,0.0037595032326643
2018-08-28,QQQ,0.0101413041366374
2018-08-28,SPY,0.0078643339726502
2018-08-28,TLT,-0.0057405814979866
2018-08-29,GLD,-0.0079730220066272
2018-08-29,QQQ,0.0014636363891865
2018-08-29,SPY,0.0004830589898629
2018-08-29,TLT,-0.0060218432063351
2018-08-30,GLD,0.0045637840256254
2018-08-30,QQQ,0.0114718093832424
2018-08-30,SPY,0.0053663613236915
2018-08-30,TLT,0.0013229374720237
2018-08-31,GLD,-0.0049157188839212
2018-08-31,QQQ,-0.0017687359452784
2018-08-31,SPY,-0.0040566015127422
2018-08-31,TLT,0.0021461183733902
2018-09-04,GLD,-0.0011445940280616
2018-09-04,QQQ,0.0012866041336583
2018-09-04,SPY,3.448017043630606e-05
2018-09-04,TLT,-0.0023113662321561
2018-09-05,GLD,-0.0051227971490801
2018-09-05,QQQ,-0.0042952430759223
2018-09-05,SPY,-0.0017237817279795
2018-09-05,TLT,-0.0080488442294713
2018-09-06,GLD,0.0034475118313478
2018-09-06,QQQ,-0.0129977954184199
2018-09-06,SPY,-0.0026950426934643
2018-09-06,TLT,-0.0026695577518682
2018-09-07,GLD,0.001939533536787
2018-09-07,QQQ,-0.0089799618630827
2018-09-07,SPY,-0.0030145905936211
2018-09-07,TLT,0.003668831266859
2018-09-10,GLD,-0.0027340278330774
2018-09-10,QQQ,-0.0038575874563382
2018-09-10,SPY,-0.0019452470671137
2018-09-10,TLT,-0.008525664126326
2018-09-11,GLD,-0.0007067924079827
2018-09-11,QQQ,0.0033624627621926
2018-09-11,SPY,0.0017370162067597
2018-09-11,TLT,0.0036866606232768
2018-09-12,GLD,0.000618453825207
2018-09-12,QQQ,0.0076746013710631
2018-09-12,SPY,0.0032919780210391
2018-09-12,TLT,-0.0076396796865086
2018-09-13,GLD,0.0083557102600633
2018-09-13,QQQ,-0.0029532058140454
2018-09-13,SPY,0.0002421686584574
2018-09-13,TLT,0.0023568931121128
2018-09-14,GLD,-0.0035975648169408
2018-09-14,QQQ,0.0106236021074703
2018-09-14,SPY,0.0058970478989633
2018-09-14,TLT,0.0015122266282081
2018-09-17,GLD,-0.006526220333751
2018-09-17,QQQ,-0.0029306071114082
2018-09-17,SPY,0.0001719699211114
2018-09-17,TLT,-0.0047965731792408
2018-09-18,GLD,0.0052067714545763
2018-09-18,QQQ,-0.0145077361385805
2018-09-18,SPY,-0.0053083732307847
2018-09-18,TLT,0.0
2018-09-19,GLD,-0.001497451648772
2018-09-19,QQQ,0.0082377314113089
2018-09-19,SPY,0.0054114990283504
2018-09-19,TLT,-0.0105148555477321
2018-09-20,GLD,0.0038711539862427
2018-09-20,QQQ,-0.0007659867541995
2018-09-20,SPY,0.0010650459014195
2018-09-20,TLT,-0.005984943939682
2018-09-21,GLD,0.0034188014897897
2018-09-21,QQQ,0.0109957249743315
2018-09-21,SPY,0.0080711293167347
2018-09-21,TLT,0.0046201392124374
2018-09-24,GLD,-0.0068493312914386
2018-09-24,QQQ,-0.0054827077877836
2018-09-24,SPY,-0.0054306071297355
2018-09-24,TLT,-0.0004269204056971
2018-09-25,GLD,-0.0001762129291399
2018-09-25,QQQ,0.000979285566796
2018-09-25,SPY,-0.0033275660804232
2018-09-25,TLT,-0.002565161050919
2018-09-26,GLD,0.0015850681638403
2018-09-26,QQQ,0.0013585851114442
2018-09-26,SPY,-0.0009281641822477
2018-09-26,TLT,-0.0010279489071755
2018-09-27,GLD,-0.0052933380059352
2018-09-27,QQQ,0.0007057619875493
2018-09-27,SPY,-0.0029967303134387
2018-09-27,TLT,0.0070031859691994
2018-09-28,GLD,-0.0088849982361257
2018-09-28,QQQ,0.0084301906063021
2018-09-28,SPY,0.0027903545616681
2018-09-28,TLT,0.0006806349627362
2018-10-01,GLD,0.0063164577082288
2018-10-01,QQQ,-0.0002153196577263
2018-10-01,SPY,0.0001031931997541
2018-10-01,TLT,-0.002640028699658
2018-10-02,GLD,-0.0016864375351173
2018-10-02,QQQ,0.002043257467196
2018-10-02,SPY,0.0034681457870248
2018-10-02,TLT,-0.009596467493733
2018-10-03,GLD,0.0114822232871181
2018-10-03,QQQ,-0.0022585413505462
2018-10-03,SPY,-0.0005829464933681
2018-10-03,TLT,0.0060941699956617
2018-10-04,GLD,-0.0039597445009814
2018-10-04,QQQ,0.0010761203614985
2018-10-04,SPY,0.0005486341601209
2018-10-04,TLT,-0.0175238526153362
2018-10-05,GLD,0.0005289130805077
2018-10-05,QQQ,-0.0193853546811069
2018-10-05,SPY,-0.0078464122186196
2018-10-05,TLT,-0.0070789475720697
2018-10-08,GLD,0.0028159089867124
2018-10-08,QQQ,-0.0123026459643448
2018-10-08,SPY,-0.0056127198926684
2018-10-08,TLT,-0.0086320956863977
2018-10-09,GLD,-0.0111338263688213
2018-10-09,QQQ,-0.0061246898253082
2018-10-09,SPY,0.0
2018-10-09,TLT,-0.0033672805029967
2018-10-10,GLD,0.0005329800140063
2018-10-10,QQQ,0.0032340934747485
2018-10-10,SPY,-0.0014603577813288
2018-10-10,TLT,0.0100680825366623
2018-10-11,GLD,0.0024835810584159
2018-10-11,QQQ,-0.0449757558465283
2018-10-11,SPY,-0.0321753277389242
2018-10-11,TLT,-0.0027278400191075
2018-10-12,GLD,0.0253665448948765
2018-10-12,QQQ,-0.0124806917713149
2018-10-12,SPY,-0.0222727042683199
2018-10-12,TLT,0.0120863695776888
2018-10-15,GLD,-0.004761667949175
2018-10-15,QQQ,0.027449973306792
2018-10-15,SPY,0.0137928137212235
2018-10-15,TLT,-0.0034882874733221
2018-10-16,GLD,0.00666003094798
2018-10-16,QQQ,-0.0121780313489849
2018-10-16,SPY,-0.0056328605133001
2018-10-16,TLT,-0.000436917756884
2018-10-17,GLD,-0.0017255996137758
2018-10-17,QQQ,0.0286772042039036
2018-10-17,SPY,0.0216302597846635
2018-10-17,TLT,0.0022697708388186
2018-10-18,GLD,-8.637796161603928e-05
2018-10-18,QQQ,0.0003948665336586
2018-10-18,SPY,0.0001783660876709
2018-10-18,TLT,-0.0059471952817808
2018-10-19,GLD,0.0011220686856061
2018-10-19,QQQ,-0.0234552983137477
2018-10-19,SPY,-0.0145464296696009
2018-10-19,TLT,-0.0003509467985483
2018-10-22,GLD,0.0007761304849288
2018-10-22,QQQ,-0.0009242542814543
2018-10-22,SPY,-0.000542816979368
2018-10-22,TLT,-0.0021961620107389
2018-10-23,GLD,-0.0025893597255195
2018-10-23,QQQ,0.0051307256315692
2018-10-23,SPY,-0.0044987566800969
2018-10-23,TLT,-0.0013200294792599
2018-10-24,GLD,0.0058595627338759
2018-10-24,QQQ,-0.0036868488966706
2018-10-24,SPY,-0.0051038149014475
2018-10-24,TLT,0.0031651214845548
2018-10-25,GLD,0.0023171370069294
2018-10-25,QQQ,-0.0468471585050104
2018-10-25,SPY,-0.0307670089878365
2018-10-25,TLT,0.0075208104545581
2018-10-26,GLD,-0.0022312043105311
2018-10-26,QQQ,0.0340104202048464
2018-10-26,SPY,0.0177814894273911
2018-10-26,TLT,-0.0041906445447532
2018-10-29,GLD,0.0031736109331066
2018-10-29,QQQ,-0.026058526952818
2018-10-29,SPY,-0.0177438780143586
2018-10-29,TLT,0.0060185519827326
2018-10-30,GLD,-0.0039471399789322
2018-10-30,QQQ,-0.0207956079361358
2018-10-30,SPY,-0.0055556797359309
2018-10-30,TLT,-0.0022635784125663
2018-10-31,GLD,-0.0043944278678482
2018-10-31,QQQ,0.0163455104539889
2018-10-31,SPY,0.0147097581148379
2018-10-31,TLT,-0.00498056582315
2018-11-01,GLD,-0.0056289519746666
2018-11-01,QQQ,0.0232333622550737
2018-11-01,SPY,0.0106242303245278
2018-11-01,TLT,-0.0050935546767604
2018-11-02,GLD,0.0127708676355029
2018-11-02,QQQ,0.0131041433034067
2018-11-02,SPY,0.0105856275906905
2018-11-02,TLT,-0.0014978474524391
2018-11-05,GLD,0.0001715043948444
2018-11-05,QQQ,-0.0156984986829145
2018-11-05,SPY,-0.0059405933586029
2018-11-05,TLT,-0.0125107318230299
2018-11-06,GLD,-0.0024032178261357
2018-11-06,QQQ,-0.002482700066689
2018-11-06,SPY,0.0055017741457435
2018-11-06,TLT,0.0039208964562053
2018-11-07,GLD,-0.0028398265791741
2018-11-07,QQQ,0.0075471981661295
2018-11-07,SPY,0.0063079476191934
2018-11-07,TLT,-0.0006227453891821
2018-11-08,GLD,-8.61993040877103e-05
2018-11-08,QQQ,0.0308855515062137
2018-11-08,SPY,0.021182942264952
2018-11-08,TLT,0.0013339314254319
2018-11-09,GLD,-0.0021569397313122
2018-11-09,QQQ,-0.006399262437892
2018-11-09,SPY,-0.0018165656782744
2018-11-09,TLT,-8.882821754181096e-05
2018-11-12,GLD,-0.0112916635360454
2018-11-12,QQQ,-0.0169956246969361
2018-11-12,SPY,-0.0098162583322661
2018-11-12,TLT,0.007438237921872
2018-11-13,GLD,-0.0071885964826786
2018-11-13,QQQ,-0.0307261249808317
2018-11-13,SPY,-0.0188619779104837
2018-11-13,TLT,0.0065072150179716
2018-11-14,GLD,0.0003518058272163
2018-11-14,QQQ,0.000841342527782
2018-11-14,SPY,-0.0018728674884961
2018-11-14,TLT,-0.0006137363480372
2018-11-15,GLD,0.0082334042797928
2018-11-15,QQQ,-0.0076582777250237
2018-11-15,SPY,-0.0068601505276458
2018-11-15,TLT,0.0006137363480373
2018-11-16,GLD,0.0011333182475063
2018-11-16,QQQ,0.0173426858449365
2018-11-16,SPY,0.0103825416309593
2018-11-16,TLT,-0.0004383064372559
2018-11-19,GLD,0.0073788789662288
2018-11-19,QQQ,-0.0035161771935827
2018-11-19,SPY,0.002597246901833
2018-11-19,TLT,0.0057707254562963
2018-11-20,GLD,0.0004323180677422
2018-11-20,QQQ,-0.0330167292973713
2018-11-20,SPY,-0.0170591788225744
2018-11-20,TLT,0.0027859995710642
2018-11-21,GLD,0.0
2018-11-21,QQQ,-0.0180566134000413
2018-11-21,SPY,-0.0186795535748055
2018-11-21,TLT,0.0003477131166417
2018-11-23,GLD,0.001641277459165
2018-11-23,QQQ,0.0075736065058395
2018-11-23,SPY,0.0034017265425041
2018-11-23,TLT,-0.0003477131166416
2018-11-26,GLD,-0.0007771357154266
2018-11-26,QQQ,-0.0072594873957517
2018-11-26,SPY,-0.0067011023676909
2018-11-26,TLT,0.0010427768467553
2018-11-27,GLD,-0.0011235233509469
2018-11-27,QQQ,0.0228509949447008
2018-11-27,SPY,0.0160154153219762
2018-11-27,TLT,-0.002260692555068
2018-11-28,GLD,-0.0059846872094907
2018-11-28,QQQ,0.0033708428244995
2018-11-28,SPY,0.0033588160210941
2018-11-28,TLT,0.0011310182871479
2018-11-29,GLD,0.0037337803634568
2018-11-29,QQQ,0.0316760060150752
2018-11-29,SPY,0.0227642262094893
2018-11-29,TLT,-0.004881079944767
2018-11-30,GLD,0.0031152726644632
2018-11-30,QQQ,-0.0032655695738349
2018-11-30,SPY,-0.0021874574443871
2018-11-30,TLT,0.0039241784007451
2018-12-03,GLD,-0.0017294794115241
2018-12-03,QQQ,0.0072292401855282
2018-12-03,SPY,0.0060767717711685
2018-12-03,TLT,0.0037354019797327
2018-12-04,GLD,0.0075016754418484
2018-12-04,QQQ,0.0173256118450016
2018-12-04,SPY,0.0131545063518991
2018-12-04,TLT,0.0047575490846959
2018-12-06,GLD,0.0060805999451419
2018-12-06,QQQ,-0.0391116293435076
2018-12-06,SPY,-0.0329389727260077
2018-12-06,TLT,0.0166028843041559
2018-12-07,GLD,0.0001707217871818
2018-12-07,QQQ,0.0070352845228438
2018-12-07,SPY,-0.0015182793373332
2018-12-07,TLT,0.003135486177417
2018-12-10,GLD,0.0080772191508263
2018-12-10,QQQ,-0.0335730464211279
2018-12-10,SPY,-0.0235101620430451
2018-12-10,TLT,0.0018596895894589
2018-12-11,GLD,-0.003477935715567
2018-12-11,QQQ,0.0104177387107787
2018-12-11,SPY,0.0018952321119764
2018-12-11,TLT,0.0041296072598015
2018-12-12,GLD,-0.0011903699128753
2018-12-12,QQQ,0.0033059493377587
2018-12-12,SPY,0.0002271774231927
2018-12-12,TLT,-0.0001682586644027
2018-12-13,GLD,0.002124676769657
2018-12-13,QQQ,0.0087629260635882
2018-12-13,SPY,0.0050227133348346
2018-12-13,TLT,-0.004468234798572
2018-12-14,GLD,-0.0022097759847801
2018-12-14,QQQ,0.0003029111055794
2018-12-14,SPY,-0.0003390778254033
2018-12-14,TLT,-0.0023686567327411
2018-12-17,GLD,-0.0040070067514017
2018-12-17,QQQ,-0.0246502405440647
2018-12-17,SPY,-0.018637364083155
2018-12-17,TLT,0.0034665319585622
2018-12-18,GLD,0.0068957425332182
2018-12-18,QQQ,-0.0229202788477322
2018-12-18,SPY,-0.0198133794487794
2018-12-18,TLT,0.0058068314447723
2018-12-19,GLD,0.0023726710074084
2018-12-19,QQQ,0.006268853975021
2018-12-19,SPY,-0.0010970880261797
2018-12-19,TLT,0.0036017990206956
2018-12-20,GLD,-0.0061126025718981
2018-12-20,QQQ,-0.0248614781317579
2018-12-20,SPY,-0.0150889909116233
2018-12-20,TLT,0.0131242172768641
2018-12-21,GLD,0.0152958369187071
2018-12-21,QQQ,-0.0146016905686149
2018-12-21,SPY,-0.0164118861262719
2018-12-21,TLT,-0.0036375903597456
2018-12-24,GLD,-0.0043704611932126
2018-12-24,QQQ,-0.0314838646700082
2018-12-24,SPY,-0.026525019477182
2018-12-24,TLT,-0.0001656311040166
2018-12-26,GLD,0.0108905778903081
2018-12-26,QQQ,-0.0279676539078472
2018-12-26,SPY,-0.0267782954976722
2018-12-26,TLT,0.0049578557334705
2018-12-27,GLD,-0.0030039490254058
2018-12-27,QQQ,0.0605672753973602
2018-12-27,SPY,0.0492899093179957
2018-12-27,TLT,-0.0107733127133374
2018-12-28,GLD,0.0075760760319352
2018-12-28,QQQ,0.0038623747339986
2018-12-28,SPY,0.0076480479963194
2018-12-28,TLT,0.0001666606074371
2018-12-31,GLD,0.0040557756985194
2018-12-31,QQQ,-0.000522853615844
2018-12-31,SPY,-0.0012908207168937
2018-12-31,TLT,0.0083786803957697
2019-01-02,GLD,0.0015682595209626
2019-01-02,QQQ,0.0083976231808858
2019-01-02,SPY,0.0087206861146604
2019-01-02,TLT,0.0037928729064288
2019-01-03,GLD,0.0006595913377135
2019-01-03,QQQ,0.0040112001586136
2019-01-03,SPY,0.0010397701860406
2019-01-03,TLT,0.0052532286943775
2019-01-04,GLD,0.0090253194231732
2019-01-04,QQQ,-0.0332160326481652
2019-01-04,SPY,-0.0241520911394867
2019-01-04,TLT,0.0113151874829348
2019-01-07,GLD,-0.0081191068273533
2019-01-07,QQQ,0.0418946306700361
2019-01-07,SPY,0.0329469694412326
2019-01-07,TLT,-0.0116427148352242
2019-01-08,GLD,0.0034525160778516
2019-01-08,QQQ,0.0118352148668227
2019-01-08,SPY,0.0078537234057482
2019-01-08,TLT,-0.0029525208806062
2019-01-09,GLD,-0.0027117139907279
2019-01-09,QQQ,0.0090048650533747
2019-01-09,SPY,0.0093514685566844
2019-01-09,TLT,-0.0026317943837888
2019-01-10,GLD,0.0063976497002154
2019-01-10,QQQ,0.008116439666203
2019-01-10,SPY,0.0046626040478954
2019-01-10,TLT,-0.001565933009157
2019-01-11,GLD,-0.0059040863486465
2019-01-11,QQQ,0.0028562046511984
2019-01-11,SPY,0.0035213489085509
2019-01-11,TLT,-0.0064542945544385
2019-01-14,GLD,0.0017256811414605
2019-01-14,QQQ,-0.0036649190672302
2019-01-14,SPY,0.0003862283308007
2019-01-14,TLT,0.0038941283054431
2019-01-15,GLD,0.0023780673543221
2019-01-15,QQQ,-0.0088761561579692
2019-01-15,SPY,-0.0061196096123801
2019-01-15,TLT,-0.0037280764061801
2019-01-16,GLD,-0.0017215161032264
2019-01-16,QQQ,0.0193383954156219
2019-01-16,SPY,0.0113956316025653
2019-01-16,TLT,-0.003658763715559
2019-01-17,GLD,0.0031947551186356
2019-01-17,QQQ,-0.0001847613609293
2019-01-17,SPY,0.0024169150781274
2019-01-17,TLT,0.0009991902937477
2019-01-18,GLD,-0.0013094038577051
2019-01-18,QQQ,0.0078532751377207
2019-01-18,SPY,0.007558078730287
2019-01-18,TLT,0.0002496257848207
2019-01-22,GLD,-0.0089664893877983
2019-01-22,QQQ,0.0098516674504218
2019-01-22,SPY,0.0132222096029315
2019-01-22,TLT,-0.0052555272817752
2019-01-23,GLD,0.0035468368649853
2019-01-23,QQQ,-0.0202335673978348
2019-01-23,SPY,-0.0136025911370404
2019-01-23,TLT,0.0067520382136599
2019-01-24,GLD,-0.0014007184915952
2019-01-24,QQQ,0.001295883778196
2019-01-24,SPY,0.0020902522366409
2019-01-24,TLT,-0.00041549754431
2019-01-25,GLD,-0.0015678713054947
2019-01-25,QQQ,0.0064546287183533
2019-01-25,SPY,0.0005312894201534
2019-01-25,TLT,0.0065443709074435
2019-01-28,GLD,0.0145114601802412
2019-01-28,QQQ,0.0118776910488817
2019-01-28,SPY,0.008425837326944
2019-01-28,TLT,-0.0048005541001482
2019-01-29,GLD,0.0034938106026215
2019-01-29,QQQ,-0.01242929131149
2019-01-29,SPY,-0.007629258522316
2019-01-29,TLT,-0.0009960581546652
2019-01-30,GLD,0.0055809780439202
2019-01-30,QQQ,-0.0094862929476123
2019-01-30,SPY,-0.0013278682247815
2019-01-30,TLT,0.005053177137715
2019-01-31,GLD,0.0057103872381171
2019-01-31,QQQ,0.0251196422600201
2019-01-31,SPY,0.0157067692999859
2019-01-31,TLT,-0.0007439251347491
2019-02-01,GLD,0.0004810580433256
2019-02-01,QQQ,0.0148577560258605
2019-02-01,SPY,0.0087441021285107
2019-02-01,TLT,0.0085632545426132
2019-02-04,GLD,-0.0020060187268657
2019-02-04,QQQ,-0.0042311478908468
2019-02-04,SPY,0.0004815085008072
2019-02-04,TLT,-0.0083152180009922
2019-02-05,GLD,-0.0043467903708823
2019-02-05,QQQ,0.0123451140940242
2019-02-05,SPY,0.0070108177458241
2019-02-05,TLT,-0.0044742880316468
2019-02-06,GLD,0.0025781491687657
2019-02-06,QQQ,0.0088090774648898
2019-02-06,SPY,0.0041830855901887
2019-02-06,TLT,0.004556974231982
2019-02-07,GLD,-0.0067818468696602
2019-02-07,QQQ,-0.0029863556217453
2019-02-07,SPY,-0.0013191262046062
2019-02-07,TLT,0.0004958476018431
2019-02-08,GLD,0.0024273450059934
2019-02-08,QQQ,-0.0135205516179694
2019-02-08,SPY,-0.0095785272660944
2019-02-08,TLT,0.0065882067313463
2019-02-11,GLD,0.0037911013463212
2019-02-11,QQQ,0.0019596896775104
2019-02-11,SPY,0.0012207935612057
2019-02-11,TLT,0.0042591320213514
2019-02-12,GLD,-0.0049231415070083
2019-02-12,QQQ,-0.0009496894479619
2019-02-12,SPY,0.0005544138732615
2019-02-12,TLT,-0.0039308520448619
2019-02-13,GLD,0.0021013677593768
2019-02-13,QQQ,0.0146780055231413
2019-02-13,SPY,0.012777420783778
2019-02-13,TLT,-0.0025469774077614
2019-02-14,GLD,-0.00396390809133
2019-02-14,QQQ,0.0007019311158613
2019-02-14,SPY,0.0032416722801614
2019-02-14,TLT,-0.0037913100057413
2019-02-15,GLD,0.0055773075193951
2019-02-15,QQQ,0.0012272842407081
2019-02-15,SPY,-0.002220673162557
2019-02-15,TLT,0.0056816196573908
2019-02-19,GLD,0.0059471805227809
2019-02-19,QQQ,0.0041963065016914
2019-02-19,SPY,0.0108383126545955
2019-02-19,TLT,0.0015588667723894
2019-02-20,GLD,0.0151095828520925
2019-02-20,QQQ,0.0019754601548598
2019-02-20,SPY,0.0017290843444572
2019-02-20,TLT,0.0025381562991346
2019-02-21,GLD,-0.0017378437981699
2019-02-21,QQQ,-0.0001741432065652
2019-02-21,SPY,0.0020134388161843
2019-02-21,TLT,-0.0028661401867621
2019-02-22,GLD,-0.0113705377145085
2019-02-22,QQQ,-0.0036642079660957
2019-02-22,SPY,-0.0035622087717305
2019-02-22,TLT,-0.0089790459777728
2019-02-25,GLD,0.0035920768439101
2019-02-25,QQQ,0.0073728486587239
2019-02-25,SPY,0.0061808488201959
2019-02-25,TLT,0.0059401315341438
2019-02-26,GLD,-0.0010363715360958
2019-02-26,QQQ,0.003637340554519
2019-02-26,SPY,0.0013603065239562
2019-02-26,TLT,-0.0029656551282262
2019-02-27,GLD,0.0016736332310031
2019-02-27,QQQ,0.001036764537014
2019-02-27,SPY,-0.0007157028820414
2019-02-27,TLT,0.0049378627399387
2019-02-28,GLD,-0.0071123436784434
2019-02-28,QQQ,-0.0006334798937872
2019-02-28,SPY,-0.0004296895897642
2019-02-28,TLT,-0.011393759862687
2019-03-01,GLD,-0.0056297766256065
2019-03-01,QQQ,-0.0023069039464975
2019-03-01,SPY,-0.0018642707295814
2019-03-01,TLT,-0.0034103062148582
2019-03-04,GLD,-0.0171639683803211
2019-03-04,QQQ,0.0069048950438011
2019-03-04,SPY,0.0062243832972582
2019-03-04,TLT,-0.0113960758988786
2019-03-05,GLD,-0.0026289836177431
2019-03-05,QQQ,0.0001720064194307
2019-03-05,SPY,-0.0036441021995717
2019-03-05,TLT,0.0078069036658088
2019-03-06,GLD,0.0013153870929188
2019-03-06,QQQ,0.000745077733742
2019-03-06,SPY,-0.0013610005125166
2019-03-06,TLT,0.0020882938520747
2019-03-07,GLD,-0.0009041270457165
2019-03-07,QQQ,-0.00568790417111
2019-03-07,SPY,-0.0060753400330599
2019-03-07,TLT,0.0036648587608966
2019-03-08,GLD,-0.0008226265106167
2019-03-08,QQQ,-0.0123483695683731
2019-03-08,SPY,-0.0084005882803378
2019-03-08,TLT,0.0064639223251471
2019-03-11,GLD,0.0108860842593772
2019-03-11,QQQ,-0.00151777328485
2019-03-11,SPY,-0.0020019964439572
2019-03-11,TLT,0.004203955760784
2019-03-12,GLD,-0.0048963578180916
2019-03-12,QQQ,0.0205846968888731
2019-03-12,SPY,0.0143971053607163
2019-03-12,TLT,-0.0029656551282262
2019-03-13,GLD,0.006035459879402
2019-03-13,QQQ,0.0054791913739066
2019-03-13,SPY,0.0037638737702865
2019-03-13,TLT,0.0069881361854713
2019-03-14,GLD,0.0069686124482152
2019-03-14,QQQ,0.0074851048469273
2019-03-14,SPY,0.0065974104739703
2019-03-14,TLT,-0.0018860617187553
2019-03-15,GLD,-0.0116142842659491
2019-03-15,QQQ,-0.0016961883063266
2019-03-15,SPY,-0.0006399739801759
2019-03-15,TLT,-0.0072494335714329
2019-03-18,GLD,0.0045643371070219
2019-03-18,QQQ,0.0092379372133568
2019-03-18,SPY,0.0005333400882334
2019-03-18,TLT,0.0065925501382282
2019-03-19,GLD,0.0005690800870331
2019-03-19,QQQ,0.0005604868076736
2019-03-19,SPY,0.0036192965574422
2019-03-19,TLT,-0.0005751115036424
2019-03-20,GLD,0.0027594883221055
2019-03-20,QQQ,0.0033566806539105
2019-03-20,SPY,0.0002479320276896
2019-03-20,TLT,-0.0022213727400122
2019-03-21,GLD,0.0064631268739431
2019-03-21,QQQ,0.0039574838301438
2019-03-21,SPY,-0.0030144756619753
2019-03-21,TLT,0.010406064014582
2019-03-22,GLD,-0.0040345410876999
2019-03-22,QQQ,0.0155111039239854
2019-03-22,SPY,0.0112313930514879
2019-03-22,TLT,0.0021984021074458
2019-03-25,GLD,0.0023420233902432
2019-03-25,QQQ,-0.02220903572254
2019-03-25,SPY,-0.0194339634462737
2019-03-25,TLT,0.0154153706808131
2019-03-26,GLD,0.0076339070602416
2019-03-26,QQQ,-0.001905916486205
2019-03-26,SPY,-0.0007522666061259
2019-03-26,TLT,0.0016004880953868
2019-03-27,GLD,-0.004975494688843
2019-03-27,QQQ,0.0046463644546161
2019-03-27,SPY,0.0074264357264633
2019-03-27,TLT,-0.0007198843516107
2019-03-28,GLD,-0.0052430167604844
2019-03-28,QQQ,-0.0064435531255062
2019-03-28,SPY,-0.0052428076276026
2019-03-28,TLT,0.0091601381887278
2019-03-29,GLD,-0.0142539573030416
2019-03-29,QQQ,0.0023020344909345
2019-03-29,SPY,0.003783278073496
2019-03-29,TLT,0.0034826282744497
2019-04-01,GLD,0.0009019770912032
2019-04-01,QQQ,0.0075426013305796
2019-04-01,SPY,0.0062857129969998
2019-04-01,TLT,-0.00094857807261
2019-04-02,GLD,-0.0039418902576438
2019-04-02,QQQ,0.0131602100825514
2019-04-02,SPY,0.0117893910058196
2019-04-02,TLT,-0.0165068909066202
2019-04-03,GLD,0.0036959885504209
2019-04-03,QQQ,0.0037832238680583
2019-04-03,SPY,0.0004897329633613
2019-04-03,TLT,0.0018475783575245
2019-04-04,GLD,-0.0014767440573914
2019-04-04,QQQ,0.0057297532953165
2019-04-04,SPY,0.0015723974501072
2019-04-04,TLT,-0.0087055350079152
2019-04-05,GLD,0.0025419025120264
2019-04-05,QQQ,-0.0003809195636876
2019-04-05,SPY,0.002649859430471
2019-04-05,TLT,0.0028295916399911
2019-04-08,GLD,-0.0010651584546348
2019-04-08,QQQ,0.0051578523092613
2019-04-08,SPY,0.0048285448514151
2019-04-08,TLT,0.0012908112460297
2019-04-09,GLD,0.0043355523546012
2019-04-09,QQQ,0.0025419912000174
2019-04-09,SPY,0.0007620937553832
2019-04-09,TLT,-0.0035538560147094
2019-04-10,GLD,0.0052104602136844
2019-04-10,QQQ,-0.0035172740148639
2019-04-10,SPY,-0.0051380462649245
2019-04-10,TLT,0.0031506833796556
2019-04-11,GLD,0.0030808947099307
2019-04-11,QQQ,0.0053521171216016
2019-04-11,SPY,0.0034051838877499
2019-04-11,TLT,0.0024167853524604
2019-04-12,GLD,-0.0128729320296221
2019-04-12,QQQ,-0.0023751829865703
2019-04-12,SPY,-0.0002775961504166
2019-04-12,TLT,-0.0058911175674376
2019-04-15,GLD,-0.000984454241361
2019-04-15,QQQ,0.0043143196426458
2019-04-15,SPY,0.0067431561541396
2019-04-15,TLT,-0.0071481490172179
2019-04-16,GLD,-0.0018896884121834
2019-04-16,QQQ,0.00016141827418
2019-04-16,SPY,-0.0006550340323746
2019-04-16,TLT,0.0025239597039147
2019-04-17,GLD,-0.0090042022178371
2019-04-17,QQQ,0.0034375336707452
2019-04-17,SPY,0.0006550340323745
2019-04-17,TLT,-0.0062808988634229
2019-04-18,GLD,-0.0019104067944001
2019-04-18,QQQ,0.0034791626536065
2019-04-18,SPY,-0.0024498948974392
2019-04-18,TLT,0.000409073114946
2019-04-22,GLD,0.0007480072379889
2019-04-22,QQQ,0.0012816015929785
2019-04-22,SPY,0.0019672355402631
2019-04-22,TLT,0.0052210869141747
2019-04-23,GLD,0.0
2019-04-23,QQQ,0.002824327276403
2019-04-23,SPY,0.000861638232378
2019-04-23,TLT,-0.0048122434491375
2019-04-24,GLD,-0.0020790892290242
2019-04-24,QQQ,0.0126379780935018
2019-04-24,SPY,0.0089514990128489
2019-04-24,TLT,0.0021235073248005
2019-04-25,GLD,0.0029095034311526
2019-04-25,QQQ,-0.0031576829457471
2019-04-25,SPY,-0.0022217844379254
2019-04-25,TLT,0.0081255017831742
2019-04-26,GLD,0.0008297251865102
2019-04-26,QQQ,0.0040505539940225
2019-04-26,SPY,-0.0006162223571992
2019-04-26,TLT,-0.0014577286825211
2019-04-29,GLD,0.0066132591499857
2019-04-29,QQQ,0.0008920745406927
2019-04-29,SPY,0.0046459820836095
2019-04-29,TLT,0.0033980467497068
2019-04-30,GLD,-0.0044591395549057
2019-04-30,QQQ,0.0019389026838265
2019-04-30,SPY,0.0015665152911773
2019-04-30,TLT,-0.0064011962211095
2019-05-01,GLD,0.0030574342625032
2019-05-01,QQQ,-0.007778108353008
2019-05-01,SPY,0.0005102788065382
2019-05-01,TLT,0.0051080898152159
2019-05-02,GLD,-0.0066225029075605
2019-05-02,QQQ,-0.0032235113017591
2019-05-02,SPY,-0.007544857686864
2019-05-02,TLT,0.0020197946427718
2019-05-03,GLD,-0.0038279074525403
2019-05-03,QQQ,-0.0043496359688059
2019-05-03,SPY,-0.0021612896914326
2019-05-03,TLT,-0.0047733108669961
2019-05-06,GLD,0.0059021666225998
2019-05-06,QQQ,0.0158222803450267
2019-05-06,SPY,0.0097401913059684
2019-05-06,TLT,0.0028344036612556
2019-05-07,GLD,0.0013252386046359
2019-05-07,QQQ,-0.0061409360262364
2019-05-07,SPY,-0.0041236880195348
2019-05-07,TLT,0.0027456718602739
2019-05-08,GLD,0.0033055276063591
2019-05-08,QQQ,-0.0196720516302173
2019-05-08,SPY,-0.016840741177932
2019-05-08,TLT,0.0076320672520922
2019-05-09,GLD,-0.0024780734551379
2019-05-09,QQQ,-0.0025268216361826
2019-05-09,SPY,-0.0013901712259481
2019-05-09,TLT,-0.0043310404949179
2019-05-10,GLD,0.0023955509816441
2019-05-10,QQQ,-0.0053975409117794
2019-05-10,SPY,-0.0030303411039887
2019-05-10,TLT,0.004090925394848
2019-05-13,GLD,0.0018959191232163
2019-05-13,QQQ,0.0012439935881322
2019-05-13,SPY,0.0050108060057223
2019-05-13,TLT,-0.0013617831254312
2019-05-14,GLD,0.0101598405390797
2019-05-14,QQQ,-0.0353191347358404
2019-05-14,SPY,-0.025451390891512
2019-05-14,TLT,0.0078250426730047
2019-05-15,GLD,-0.0017133695443153
2019-05-15,QQQ,0.0109156323398246
2019-05-15,SPY,0.0090030333354504
2019-05-15,TLT,-0.0029471743880771
2019-05-16,GLD,-0.0005717761663673
2019-05-16,QQQ,0.0140254925405142
2019-05-16,SPY,0.0058403701425228
2019-05-16,TLT,0.0061234964067426
2019-05-17,GLD,-0.0072160809060901
2019-05-17,QQQ,0.0099995202686034
2019-05-17,SPY,0.0092186371248737
2019-05-17,TLT,-0.0033354396794109
2019-05-20,GLD,-0.0071027767830243
2019-05-20,QQQ,-0.0102726639797759
2019-05-20,SPY,-0.0064861120838155
2019-05-20,TLT,0.0022248621230947
2019-05-21,GLD,-8.290551782707826e-05
2019-05-21,QQQ,-0.0170256539455323
2019-05-21,SPY,-0.0066339915898948
2019-05-21,TLT,-0.0020657444623494
2019-05-22,GLD,-0.0023236423674714
2019-05-22,QQQ,0.0103931771353309
2019-05-22,SPY,0.008975264330872
2019-05-22,TLT,-0.0015920131989094
2019-05-23,GLD,-0.0009975291545634
2019-05-23,QQQ,-0.0044646487002762
2019-05-23,SPY,-0.0030761895837895
2019-05-23,TLT,0.0057193040497456
2019-05-24,GLD,0.0077047754536478
2019-05-24,QQQ,-0.0154204867067678
2019-05-24,SPY,-0.0122938304952029
2019-05-24,TLT,0.0111847273346998
2019-05-28,GLD,0.001072337976787
2019-05-28,QQQ,-0.0005050157901217
2019-05-28,SPY,0.0022657522815067
2019-05-28,TLT,0.0008612301308655
2019-05-29,GLD,-0.0038822269155751
2019-05-29,QQQ,-0.003767743254882
2019-05-29,SPY,-0.0093440536222054
2019-05-29,TLT,0.0071740652688641
2019-05-30,GLD,0.0003309964016133
2019-05-30,QQQ,-0.0082598721261517
2019-05-30,SPY,-0.0067333263252214
2019-05-30,TLT,0.0030257162600661
2019-05-31,GLD,0.0067612368164094
2019-05-31,QQQ,0.004195048594146
2019-05-31,SPY,0.0027274726482023
2019-05-31,TLT,0.0085618991855037
2019-06-03,GLD,0.0133868570134736
2019-06-03,QQQ,-0.0160815926633241
2019-06-03,SPY,-0.0135669042786087
2019-06-03,TLT,0.0124415213239244
2019-06-04,GLD,0.0143296507831408
2019-06-04,QQQ,-0.0222638423708052
2019-06-04,SPY,-0.0025461300460765
2019-06-04,TLT,0.0046165034537075
2019-06-05,GLD,0.0003196748623555
2019-06-05,QQQ,0.0277675351728123
2019-06-05,SPY,0.0214744025410572
2019-06-05,TLT,-0.0114669578133983
2019-06-06,GLD,0.0025536658304685
2019-06-06,QQQ,0.0074049268260706
2019-06-06,SPY,0.0086248479348384
2019-06-06,TLT,-0.005667832637756
2019-06-07,GLD,0.0032623544765034
2019-06-07,QQQ,0.007913635033557
2019-06-07,SPY,0.0064816219771665
2019-06-07,TLT,0.0032208476005683
2019-06-10,GLD,0.0056244383426813
2019-06-10,QQQ,0.0191278255245819
2019-06-10,SPY,0.0099573054147005
2019-06-10,TLT,0.0086145366470415
2019-06-11,GLD,-0.0100032154865389
2019-06-11,QQQ,0.0115874916593064
2019-06-11,SPY,0.0045784386293905
2019-06-11,TLT,-0.0094570981468076
2019-06-12,GLD,-0.001197569298847
2019-06-12,QQQ,0.0013640706429681
2019-06-12,SPY,-0.0002422943746959
2019-06-12,TLT,0.0006128530182133
2019-06-13,GLD,0.0051791002212387
2019-06-13,QQQ,-0.0057964704697663
2019-06-13,SPY,-0.0017668048057677
2019-06-13,TLT,0.0007654509049308
2019-06-14,GLD,0.0061006935016299
2019-06-14,QQQ,0.0059055390751502
2019-06-14,SPY,0.004117769443906
2019-06-14,TLT,0.0034377040938653
2019-06-17,GLD,-0.0003160129284806
2019-06-17,QQQ,-0.0042615962682346
2019-06-17,SPY,-0.0011055795772838
2019-06-17,TLT,0.0025134391272304
2019-06-18,GLD,-0.0006322652864022
2019-06-18,QQQ,0.0060047458600059
2019-06-18,SPY,0.0003801577932667
2019-06-18,TLT,0.0017480203541809
2019-06-19,GLD,0.0050473243922382
2019-06-19,QQQ,0.0144268237868919
2019-06-19,SPY,0.0104165778021976
2019-06-19,TLT,0.0049992805284163
2019-06-20,GLD,0.0060389708380804
2019-06-20,QQQ,0.0037481139415248
2019-06-20,SPY,0.0022546508773736
2019-06-20,TLT,0.0014344612150906
2019-06-21,GLD,0.0248661554938178
2019-06-21,QQQ,0.0092563990097146
2019-06-21,SPY,0.0095089620735659
2019-06-21,TLT,0.0026372777458322
2019-06-24,GLD,0.0066136934166681
2019-06-24,QQQ,-0.0014837518981701
2019-06-24,SPY,-0.0063065526140248
2019-06-24,TLT,-0.0110473789837385
2019-06-25,GLD,0.0147415931262733
2019-06-25,QQQ,-0.0021766454066758
2019-06-25,SPY,-0.0012251902104004
2019-06-25,TLT,0.007428862242243
2019-06-26,GLD,0.0019392450876947
2019-06-26,QQQ,-0.0173153486815759
2019-06-26,SPY,-0.0098563589252981
2019-06-26,TLT,0.0030916862474984
2019-06-27,GLD,-0.0092076537483057
2019-06-27,QQQ,0.0046396319897917
2019-06-27,SPY,-0.0009979132649959
2019-06-27,TLT,-0.0064202499779197
2019-06-28,GLD,-0.00097817910818
2019-06-28,QQQ,0.0038142716026514
2019-06-28,SPY,0.0035397008525598
2019-06-28,TLT,0.0070222865149819
2019-07-01,GLD,0.0027063662544696
2019-07-01,QQQ,0.0012860653880176
2019-07-01,SPY,0.0051326032265202
2019-07-01,TLT,-0.0006774027641129
2019-07-02,GLD,-0.0195594281024971
2019-07-02,QQQ,0.0134043975837658
2019-07-02,SPY,0.009037548842095
2019-07-02,TLT,-0.0043010219773391
2019-07-03,GLD,0.0211348135480542
2019-07-03,QQQ,0.003954971388918
2019-07-03,SPY,0.0026009203077298
2019-07-03,TLT,0.0076835708608668
2019-07-05,GLD,0.0016477026920105
2019-07-05,QQQ,0.0074977829083994
2019-07-05,SPY,0.0079633342382511
2019-07-05,TLT,0.0071037215218143
2019-07-08,GLD,-0.0112128613499984
2019-07-08,QQQ,-0.0020392664864543
2019-07-08,SPY,-0.0011385205318621
2019-07-08,TLT,-0.0133516388022719
2019-07-09,GLD,-0.0064533961744344
2019-07-09,QQQ,-0.0070385641119037
2019-07-09,SPY,-0.0055099727299849
2019-07-09,TLT,0.001358345659583
2019-07-10,GLD,0.0034976216131429
2019-07-10,QQQ,0.0049951305183576
2019-07-10,SPY,0.0012457539736852
2019-07-10,TLT,-0.0003771395911737
2019-07-11,GLD,0.0156641640687561
2019-07-11,QQQ,0.0099160245231677
2019-07-11,SPY,0.0047666519901458
2019-07-11,TLT,-0.0055221270415468
2019-07-12,GLD,-0.0084794331494876
2019-07-12,QQQ,-0.0007273073789469
2019-07-12,SPY,0.0023414923296165
2019-07-12,TLT,-0.0134404042739215
2019-07-15,GLD,0.006235244213343
2019-07-15,QQQ,0.0057520594875032
2019-07-15,SPY,0.0044669597477671
2019-07-15,TLT,0.0011525137974046
2019-07-16,GLD,0.0
2019-07-16,QQQ,0.0031984918358677
2019-07-16,SPY,0.0003325776702772
2019-07-16,TLT,0.0057429614789144
2019-07-17,GLD,-0.0084985651502371
2019-07-17,QQQ,-0.0051639672281461
2019-07-17,SPY,-0.0032304866243351
2019-07-17,TLT,-0.0029822188808288
2019-07-18,GLD,0.0163312339620225
2019-07-18,QQQ,-0.0049305768542565
2019-07-18,SPY,-0.0068282785807129
2019-07-18,TLT,0.0107401239779328
2019-07-19,GLD,0.0140192210728327
2019-07-19,QQQ,0.0011439927590318
2019-07-19,SPY,0.0036542152410841
2019-07-19,TLT,7.571882747632749e-05
2019-07-22,GLD,-0.0148369175250385
2019-07-22,QQQ,-0.0073547194786638
2019-07-22,SPY,-0.0055703940833716
2019-07-22,TLT,-0.0023512283252016
2019-07-23,GLD,-0.0001487748968767
2019-07-23,QQQ,0.0079262254623897
2019-07-23,SPY,0.0024534284233122
2019-07-23,TLT,0.0018965980374682
2019-07-24,GLD,-0.0056686547600584
2019-07-24,QQQ,0.0065230844921748
2019-07-24,SPY,0.0071246263571658
2019-07-24,TLT,-0.0054719790791844
2019-07-25,GLD,0.0050734472920283
2019-07-25,QQQ,0.0069933984575097
2019-07-25,SPY,0.0046885338992122
2019-07-25,TLT,0.0043343824926666
2019-07-26,GLD,-0.0070951189913766
2019-07-26,QQQ,-0.0095250603486406
2019-07-26,SPY,-0.004788524830942
2019-07-26,TLT,-0.004791715814741
2019-07-29,GLD,0.0016475793640438
2019-07-29,QQQ,0.0102421969137687
2019-07-29,SPY,0.006677687088676
2019-07-29,TLT,0.0023607180961659
2019-07-30,GLD,0.0066376005021923
2019-07-30,QQQ,-0.0034366846108427
2019-07-30,SPY,-0.0018228527076208
2019-07-30,TLT,0.0003041545903937
2019-07-31,GLD,0.003339374239096
2019-07-31,QQQ,-0.004325425647457
2019-07-31,SPY,-0.0024577057220653
2019-07-31,TLT,0.0024303750754545
2019-08-01,GLD,-0.0131997068987172
2019-08-01,QQQ,-0.0139266054723462
2019-08-01,SPY,-0.0110007247581742
2019-08-01,TLT,0.0080084860911153
2019-08-02,GLD,0.0237382025873749
2019-08-02,QQQ,-0.0049836809092412
2019-08-02,SPY,-0.0087460546565951
2019-08-02,TLT,0.0176770977843961
2019-08-05,GLD,-0.0038193529104754
2019-08-05,QQQ,-0.0148346444580011
2019-08-05,SPY,-0.0075580016369354
2019-08-05,TLT,0.009199020239969
2019-08-06,GLD,0.0138850078395575
2019-08-06,QQQ,-0.0359743766103154
2019-08-06,SPY,-0.0305345620512361
2019-08-06,TLT,0.0171403767753828
2019-08-07,GLD,0.0080955294920259
2019-08-07,QQQ,0.0139016983548375
2019-08-07,SPY,0.0139254918260368
2019-08-07,TLT,0.0079613161891983
2019-08-08,GLD,0.0150754868152602
2019-08-08,QQQ,0.0053876515070822
2019-08-08,SPY,0.0005905602442628
2019-08-08,TLT,0.0003571519107908
2019-08-09,GLD,0.0050220544460044
2019-08-09,QQQ,0.0215304258710231
2019-08-09,SPY,0.0194300853990648
2019-08-09,TLT,0.002140128161004
2019-08-12,GLD,-0.0033216839398709
2019-08-12,QQQ,-0.0094463091415723
2019-08-12,SPY,-0.0068348295372255
2019-08-12,TLT,-0.0019972813146447
2019-08-13,GLD,0.0096517736755786
2019-08-13,QQQ,-0.0115414900104412
2019-08-13,SPY,-0.0122480365609682
2019-08-13,TLT,0.0206353030826442
2019-08-14,GLD,-0.0059773469524186
2019-08-14,QQQ,0.0216781211489975
2019-08-14,SPY,0.0154320189245163
2019-08-14,TLT,-0.0034332175842343
2019-08-15,GLD,0.0068182967190882
2019-08-15,QQQ,-0.0303404922990915
2019-08-15,SPY,-0.0300135085278337
2019-08-15,TLT,0.0222794844284309
2019-08-16,GLD,0.0066329233118531
2019-08-16,QQQ,-0.0011496618193353
2019-08-16,SPY,0.0026382919748107
2019-08-16,TLT,0.0110580998301454
2019-08-19,GLD,-0.0064227963231968
2019-08-19,QQQ,0.0159229116696154
2019-08-19,SPY,0.0146472094027589
2019-08-19,TLT,-0.0080425233528621
2019-08-20,GLD,-0.0117652431297463
2019-08-20,QQQ,0.0157795097760503
2019-08-20,SPY,0.0119757118393578
2019-08-20,TLT,-0.0144056777311861
2019-08-21,GLD,0.0077651532005103
2019-08-21,QQQ,-0.0077783635586377
2019-08-21,SPY,-0.0076920481599652
2019-08-21,TLT,0.0102912503677089
2019-08-22,GLD,-0.0031694374885161
2019-08-22,QQQ,0.0088392675372409
2019-08-22,SPY,0.0081025465925438
2019-08-22,TLT,-0.0066876131418116
2019-08-23,GLD,-0.0025427378094433
2019-08-23,QQQ,-0.0032390873694519
2019-08-23,SPY,-0.0003078841215291
2019-08-23,TLT,-0.0066629302777268
2019-08-26,GLD,0.0194004358255685
2019-08-26,QQQ,-0.0321570941304826
2019-08-26,SPY,-0.0260231221545539
2019-08-26,TLT,0.0163009584485261
2019-08-27,GLD,0.0001387451272763
2019-08-27,QQQ,0.0149911493454623
2019-08-27,SPY,0.0109977327824197
2019-08-27,TLT,-0.0040504747168662
2019-08-28,GLD,0.0095252296402105
2019-08-28,QQQ,-0.002112470106839
2019-08-28,SPY,-0.0039313456879202
2019-08-28,TLT,0.0152914818344249
2019-08-29,GLD,-0.0028205133176772
2019-08-29,QQQ,0.0035722255010809
2019-08-29,SPY,0.0070169090777114
2019-08-29,TLT,0.0012863644781906
2019-08-30,GLD,-0.0071903555732528
2019-08-30,QQQ,0.0151741571237935
2019-08-30,SPY,0.0126920441299697
2019-08-30,TLT,-0.0037960833436166
2019-09-03,GLD,-0.0025705723222454
2019-09-03,QQQ,-0.0023974914862999
2019-09-03,SPY,-0.0004443340260978
2019-09-03,TLT,0.0002715828181343
2019-09-04,GLD,0.0138171455531419
2019-09-04,QQQ,-0.0097556913739342
2019-09-04,SPY,-0.0058643902202904
2019-09-04,TLT,-0.0004753442591736
2019-09-05,GLD,0.0062241824051139
2019-09-05,QQQ,0.0143326051826178
2019-09-05,SPY,0.011286478156974
2019-09-05,TLT,0.001493252805097
2019-09-06,GLD,-0.0242938395892824
2019-09-06,QQQ,0.0181531224311709
2019-09-06,SPY,0.0127734601885358
2019-09-06,TLT,-0.0182762764335876
2019-09-09,GLD,-0.008559662387184
2019-09-09,QQQ,-0.0009912223668153
2019-09-09,SPY,0.0007719149547857
2019-09-09,TLT,0.0070900233162565
2019-09-10,GLD,-0.0037414803722944
2019-09-10,QQQ,-0.0020899422297563
2019-09-10,SPY,0.0005032265567412
2019-09-10,TLT,-0.017924950849712
2019-09-11,GLD,-0.0085947664634488
2019-09-11,QQQ,-0.002880881174947
2019-09-11,SPY,-0.0002347938977883
2019-09-11,TLT,-0.0176833274731752
2019-09-12,GLD,0.0060453662250154
2019-09-12,QQQ,0.0093455835818423
2019-09-12,SPY,0.0070858115915256
2019-09-12,TLT,-0.0017785370579997
2019-09-13,GLD,0.0020542492696135
2019-09-13,QQQ,0.0041487539454182
2019-09-13,SPY,0.003457823474384
2019-09-13,TLT,-0.0065723779009731
2019-09-16,GLD,-0.0083136402572181
2019-09-16,QQQ,-0.0035772776363215
2019-09-16,SPY,-0.0006640732187665
2019-09-16,TLT,-0.0215904279645368
2019-09-17,GLD,0.0083136402572182
2019-09-17,QQQ,-0.0044766127634067
2019-09-17,SPY,-0.0030935331973263
2019-09-17,TLT,0.0126630434069582
2019-09-18,GLD,0.0019793500454073
2019-09-18,QQQ,0.00478825433771
2019-09-18,SPY,0.0025288152959086
2019-09-18,TLT,0.0054091221756495
2019-09-19,GLD,-0.0063051418491641
2019-09-19,QQQ,-0.0004154644269317
2019-09-19,SPY,0.0005979624441213
2019-09-19,TLT,0.004234683168788
2019-09-20,GLD,0.0040426457009608
2019-09-20,QQQ,0.001660743919813
2019-09-20,SPY,-6.649019064353332e-05
2019-09-20,TLT,0.0030036365738691
2019-09-23,GLD,0.0117511692045534
2019-09-23,QQQ,-0.0106350355382943
2019-09-23,SPY,-0.0093433269846503
2019-09-23,TLT,0.0131240570736719
2019-09-24,GLD,0.0055807822575675
2019-09-24,QQQ,-0.0015735804419681
2019-09-24,SPY,-0.0002347309282179
2019-09-24,TLT,-0.0002114451412062
2019-09-25,GLD,0.0052729916204329
2019-09-25,QQQ,-0.0133698124441136
2019-09-25,SPY,-0.0078777554950866
2019-09-25,TLT,0.0119821120781347
2019-09-26,GLD,-0.0187195010811694
2019-09-26,QQQ,0.0111626636847118
2019-09-26,SPY,0.005897336435891
2019-09-26,TLT,-0.0147350830550182
2019-09-27,GLD,-0.0002821278180384
2019-09-27,QQQ,-0.0036894414688526
2019-09-27,SPY,-0.0020853497930069
2019-09-27,TLT,0.0064118848704073
2019-09-30,GLD,-0.0051617279262248
2019-09-30,QQQ,-0.0124865790703697
2019-09-30,SPY,-0.0054017893672878
2019-09-30,TLT,0.002455129737852
2019-10-01,GLD,-0.0156471059222036
2019-10-01,QQQ,0.0094721802118167
2019-10-01,SPY,0.0046270415622825
2019-10-01,TLT,0.0024492234804268
2019-10-02,GLD,0.0054578933734982
2019-10-02,QQQ,-0.0081897568930874
2019-10-02,SPY,-0.0119660379448088
2019-10-02,TLT,0.0012571956540502
2019-10-03,GLD,0.0116060231701168
2019-10-03,QQQ,-0.0173439721806964
2019-10-03,SPY,-0.0178225697573209
2019-10-03,TLT,0.0024401734803042
2019-10-04,GLD,0.0045204160593295
2019-10-04,QQQ,0.010915509956091
2019-10-04,SPY,0.0081594140425962
2019-10-04,TLT,0.0090805570693515
2019-10-07,GLD,0.0
2019-10-07,QQQ,0.0146182191176929
2019-10-07,SPY,0.0134413588716813
2019-10-07,TLT,0.0073563104469344
2019-10-08,GLD,-0.0085636354109891
2019-10-08,QQQ,-0.0030234318791371
2019-10-08,SPY,-0.0043239927340156
2019-10-08,TLT,-0.0083228234053158
2019-10-09,GLD,0.0087045999170373
2019-10-09,QQQ,-0.0150942612971486
2019-10-09,SPY,-0.0156465010294404
2019-10-09,TLT,0.0026901164266006
2019-10-10,GLD,0.0009156241246349
2019-10-10,QQQ,0.0097142724910801
2019-10-10,SPY,0.0094515718850682
2019-10-10,TLT,-0.0056645084684635
2019-10-11,GLD,-0.0087676831929657
2019-10-11,QQQ,0.0077146348031133
2019-10-11,SPY,0.0067407187214313
2019-10-11,TLT,-0.0150064524835829
2019-10-14,GLD,-0.0055547699406728
2019-10-14,QQQ,0.0127967620967524
2019-10-14,SPY,0.0103135959721031
2019-10-14,TLT,-0.0124541272239028
2019-10-15,GLD,0.0039911503934201
2019-10-15,QQQ,-0.0001046796056457
2019-10-15,SPY,-0.0011143866413178
2019-10-15,TLT,0.0072366703848719
2019-10-16,GLD,-0.0069950016712766
2019-10-16,QQQ,0.0126363862904286
2019-10-16,SPY,0.0098516089938399
2019-10-16,TLT,-0.0121619270338754
2019-10-17,GLD,0.0057139148357037
2019-10-17,QQQ,-0.002483501842284
2019-10-17,SPY,-0.0016073235020462
2019-10-17,TLT,0.001215705588698
2019-10-18,GLD,0.0014233647353723
2019-10-18,QQQ,0.0026385062538337
2019-10-18,SPY,0.0029447380856263
2019-10-18,TLT,-0.002432890916584
2019-10-21,GLD,-0.0010673064134521
2019-10-21,QQQ,-0.0096563962046508
2019-10-21,SPY,-0.0043867715675741
2019-10-21,TLT,0.0
2019-10-22,GLD,-0.0047815500752136
2019-10-22,QQQ,0.0088293756318512
2019-10-22,SPY,0.0067562938206138
2019-10-22,TLT,-0.0075510268493671
2019-10-23,GLD,0.0029287043785159
2019-10-23,QQQ,-0.0079950237111819
2019-10-23,SPY,-0.003272057906796
2019-10-23,TLT,0.0058300634621929
2019-10-24,GLD,0.0023510275929144
2019-10-24,QQQ,0.0019267072387311
2019-10-24,SPY,0.002905360610081
2019-10-24,TLT,0.0010042278559498
2019-10-25,GLD,0.0070907196944689
2019-10-25,QQQ,0.009681394398846
2019-10-25,SPY,0.0016326208853381
2019-10-25,TLT,-0.0020094651993266
2019-10-28,GLD,0.002328959955734
2019-10-28,QQQ,0.0079542824068511
2019-10-28,SPY,0.0040866245681677
2019-10-28,TLT,-0.0048969755989112
2019-10-29,GLD,-0.008637230479381
2019-10-29,QQQ,0.009816756445438
2019-10-29,SPY,0.0056207180762301
2019-10-29,TLT,-0.0091378529175097
2019-10-30,GLD,-0.0027768851942462
2019-10-30,QQQ,-0.0077743032029146
2019-10-30,SPY,-0.0002967678740017
2019-10-30,TLT,0.0006555595186134
2019-10-31,GLD,0.0054752101849324
2019-10-31,QQQ,0.00483430811985
2019-10-31,SPY,0.0030625633026309
2019-10-31,TLT,0.0145280605049041
2019-11-01,GLD,0.0099488449354686
2019-11-01,QQQ,0.0004567530529222
2019-11-01,SPY,-0.0026668923721071
2019-11-01,TLT,0.0134000924687274
2019-11-04,GLD,0.0009123470738276
2019-11-04,QQQ,0.0090415734019406
2019-11-04,SPY,0.0092212840087053
2019-11-04,TLT,-0.0048261834428933
2019-11-05,GLD,-0.0028801514371747
2019-11-05,QQQ,0.0061659517233902
2019-11-05,SPY,0.0040096562307791
2019-11-05,TLT,-0.0132489553323187
2019-11-06,GLD,-0.016312331868591
2019-11-06,QQQ,0.0005495771257185
2019-11-06,SPY,-0.0011067590363729
2019-11-06,TLT,-0.0113102982962557
2019-11-07,GLD,0.0042810685305551
2019-11-07,QQQ,-0.0022502307450342
2019-11-07,SPY,0.0002279886146757
2019-11-07,TLT,0.006033543272485
2019-11-08,GLD,-0.0156432055218911
2019-11-08,QQQ,0.0033484035902692
2019-11-08,SPY,0.0035105567662041
2019-11-08,TLT,-0.0182847197397739
2019-11-11,GLD,-0.0063847338065501
2019-11-11,QQQ,0.0039834891835793
2019-11-11,SPY,0.0024630871009652
2019-11-11,TLT,-0.0042160798182807
2019-11-12,GLD,-0.0024048241483873
2019-11-12,QQQ,-0.0013425945577407
2019-11-12,SPY,-0.001911569957013
2019-11-12,TLT,0.0006668618428714
2019-11-13,GLD,0.0026958749275869
2019-11-13,QQQ,0.0028819228506224
2019-11-13,SPY,0.0021057556661279
2019-11-13,TLT,0.0045820428136344
2019-11-14,GLD,0.0039940728810308
2019-11-14,QQQ,0.0002480740867774
2019-11-14,SPY,0.0003235919864124
2019-11-14,TLT,0.0064677933729504
2019-11-15,GLD,0.0041947110406634
2019-11-15,QQQ,-0.0007940234969858
2019-11-15,SPY,0.0014547216463183
2019-11-15,TLT,0.010276710415574
2019-11-18,GLD,-0.0025291110010524
2019-11-18,QQQ,0.0073206588982615
2019-11-18,SPY,0.0072103211439798
2019-11-18,TLT,-0.0010883242360529
2019-11-19,GLD,0.0029620250721697
2019-11-19,QQQ,0.0007882342286017
2019-11-19,SPY,0.0007373414343136
2019-11-19,TLT,0.0018131056927598
2019-11-20,GLD,0.0005049030061831
2019-11-20,QQQ,0.0014761728453976
2019-11-20,SPY,-0.0002884729262145
2019-11-20,TLT,0.0082982701022645
2019-11-21,GLD,0.000504538242453
2019-11-21,QQQ,-0.006016990207705
2019-11-21,SPY,-0.0037257267963938
2019-11-21,TLT,0.0102946461874988
2019-11-22,GLD,-0.005492097356825
2019-11-22,QQQ,-0.0022285360637927
2019-11-22,SPY,-0.0016102026462758
2019-11-22,TLT,-0.006278594111646
2019-11-25,GLD,-0.001885795159979
2019-11-25,QQQ,0.0006443381543063
2019-11-25,SPY,0.0022214083249144
2019-11-25,TLT,0.001287409368319
2019-11-26,GLD,-0.0048031796332549
2019-11-26,QQQ,0.0117720821204946
2019-11-26,SPY,0.0077203263796593
2019-11-26,TLT,0.0029264049620852
2019-11-27,GLD,0.004803179633255
2019-11-27,QQQ,0.001907881056683
2019-11-27,SPY,0.0022631023310978
2019-11-27,TLT,0.0058272430180749
2019-11-29,GLD,-0.0053140142253706
2019-11-29,QQQ,0.0069645609506552
2019-11-29,SPY,0.0044476355783991
2019-11-29,TLT,-0.002909376919894
2019-12-02,GLD,0.0061848061129796
2019-12-02,QQQ,-0.004572597275058
2019-12-02,SPY,-0.0037155710884836
2019-12-02,TLT,-0.0021341905547378
2019-12-03,GLD,-0.0005079436043828
2019-12-03,QQQ,-0.0102917157952775
2019-12-03,SPY,-0.0085310297984604
2019-12-03,TLT,-0.015140393564341
2019-12-04,GLD,0.0095342531785736
2019-12-04,QQQ,-0.0078633293746365
2019-12-04,SPY,-0.006729131936536
2019-12-04,TLT,0.0207506666415076
2019-12-05,GLD,-0.0013667767637935
2019-12-05,QQQ,0.0050514619248457
2019-12-05,SPY,0.0061513011016621
2019-12-05,TLT,-0.010035339997262
2019-12-06,GLD,0.0005757184354598
2019-12-06,QQQ,0.0019740872062334
2019-12-06,SPY,0.0017963614766311
2019-12-06,TLT,-0.0048760166809848
2019-12-09,GLD,-0.0099777048367574
2019-12-09,QQQ,0.0106417803401782
2019-12-09,SPY,0.0090925866133454
2019-12-09,TLT,-0.0055500845987613
2019-12-10,GLD,-0.0002906488870483
2019-12-10,QQQ,-0.0045468710066968
2019-12-10,SPY,-0.0031490769065394
2019-12-10,TLT,0.002165977691339
2019-12-11,GLD,0.0028306996606543
2019-12-11,QQQ,-0.0008334604851698
2019-12-11,SPY,-0.0011157174344709
2019-12-11,TLT,7.219188429901112e-05
2019-12-12,GLD,0.0068619356276915
2019-12-12,QQQ,0.0052827449135687
2019-12-12,SPY,0.0028346690886243
2019-12-12,TLT,0.0078301921101522
2019-12-13,GLD,-0.0035334849047766
2019-12-13,QQQ,0.007436418218599
2019-12-13,SPY,0.008582085375832
2019-12-13,TLT,-0.01659491962663
2019-12-16,GLD,0.0044688728367158
2019-12-16,QQQ,0.0032874476770992
2019-12-16,SPY,0.0005989516697319
2019-12-16,TLT,0.011501420821195
2019-12-17,GLD,-7.198939739749056e-05
2019-12-17,QQQ,0.0099890462127918
2019-12-17,SPY,0.0068465223022965
2019-12-17,TLT,-0.0090308749493218
2019-12-18,GLD,-0.0002157797570961
2019-12-18,QQQ,0.0005732342207217
2019-12-18,SPY,0.0002190912535291
2019-12-18,TLT,-0.0013797684242645
2019-12-19,GLD,7.200493236905694e-05
2019-12-19,QQQ,0.0007638500451457
2019-12-19,SPY,6.254776132376092e-05
2019-12-19,TLT,-0.0082461506613189
2019-12-20,GLD,0.0025862126377012
2019-12-20,QQQ,0.0062320201089179
2019-12-20,SPY,0.0040906162633758
2019-12-20,TLT,0.0
2019-12-23,GLD,0.001003939740491
2019-12-23,QQQ,0.0040230363500277
2019-12-23,SPY,-0.0005298471481675
2019-12-23,TLT,0.0013180485138902
2019-12-24,GLD,0.0030772033721655
2019-12-24,QQQ,0.0004721894860961
2019-12-24,SPY,0.0015265684873094
2019-12-24,TLT,-0.0014646429198038
2019-12-26,GLD,0.009387789011397
2019-12-26,QQQ,0.0005192014439938
2019-12-26,SPY,3.116122791065835e-05
2019-12-26,TLT,0.0028541085584685
2019-12-27,GLD,0.0078265908031554
2019-12-27,QQQ,0.0087853570847846
2019-12-27,SPY,0.0053091433505416
2019-12-27,TLT,0.0024086857940936
2019-12-30,GLD,-0.0003512560225688
2019-12-30,QQQ,-0.0008422680813872
2019-12-30,SPY,-0.0002478076548954
2019-12-30,TLT,0.001093002784841
2019-12-31,GLD,0.0021055808220621
2019-12-31,QQQ,-0.0065755432660974
2019-12-31,SPY,-0.0055284759156675
2019-12-31,TLT,-0.0036477750617231
2020-01-02,GLD,0.0018911434545748
2020-01-02,QQQ,0.0018831223002275
2020-01-02,SPY,0.0024263514356685
2020-01-02,TLT,-0.0098422504507963
2020-01-03,GLD,0.0073209536340358
2020-01-03,QQQ,0.0165593867925181
2020-01-03,SPY,0.0093084643998289
2020-01-03,TLT,0.0112298793580162
2020-01-06,GLD,0.0131812658825288
2020-01-06,QQQ,-0.0092021423773785
2020-01-06,SPY,-0.0076010483986278
2020-01-06,TLT,0.0152829591763248
2020-01-07,GLD,0.0104348689670119
2020-01-07,QQQ,0.0064225329632474
2020-01-07,SPY,0.003807793321436
2020-01-07,TLT,-0.0056946868245971
2020-01-08,GLD,0.0039274280565074
2020-01-08,QQQ,-0.0001391764114229
2020-01-08,SPY,-0.0028157378196907
2020-01-08,TLT,-0.0049279608758
2020-01-09,GLD,-0.0075298025846351
2020-01-09,QQQ,0.0074882255454644
2020-01-09,SPY,0.0053153843094793
2020-01-09,TLT,-0.0066328345898079
2020-01-10,GLD,-0.0056676844863565
2020-01-10,QQQ,0.0084377608841253
2020-01-10,SPY,0.0067577639106305
2020-01-10,TLT,0.0035041335007264
2020-01-13,GLD,0.0060081076167883
2020-01-13,QQQ,-0.0025605282140502
2020-01-13,SPY,-0.0028818539244586
2020-01-13,TLT,0.008851550243564
2020-01-14,GLD,-0.0074471447038162
2020-01-14,QQQ,0.0114708542212303
2020-01-14,SPY,0.0068538062848609
2020-01-14,TLT,-0.0030384032544341
2020-01-15,GLD,-0.0008919411826434
2020-01-15,QQQ,-0.0039452928284956
2020-01-15,SPY,-0.0015257860188453
2020-01-15,TLT,0.0051309341478523
2020-01-16,GLD,0.0058172894924352
2020-01-16,QQQ,0.0004088419722622
2020-01-16,SPY,0.0022573074615838
2020-01-16,TLT,0.0066096813896967
2020-01-17,GLD,-0.0015707412123407
2020-01-17,QQQ,0.0095378760114525
2020-01-17,SPY,0.0082839784942466
2020-01-17,TLT,-0.0031556160565656
2020-01-21,GLD,0.0018437252860089
2020-01-21,QQQ,0.004936536051468
2020-01-21,SPY,0.0031076970399105
2020-01-21,TLT,-0.0085849994809836
2020-01-22,GLD,0.0010909837309721
2020-01-22,QQQ,-0.000447795210526
2020-01-22,SPY,-0.0019601194788762
2020-01-22,TLT,0.0104508999752143
2020-01-23,GLD,0.0003405975107135
2020-01-23,QQQ,0.0026389206679355
2020-01-23,SPY,0.0001207549979736
2020-01-23,TLT,0.0035071823463407
2020-01-24,GLD,0.0022455988755117
2020-01-24,QQQ,0.0032109969810153
2020-01-24,SPY,0.0011462158049533
2020-01-24,TLT,0.0069775697517993
2020-01-27,GLD,0.0058285535187767
2020-01-27,QQQ,-0.0084509408500028
2020-01-27,SPY,-0.0089328585359688
2020-01-27,TLT,0.0080560069101651
2020-01-28,GLD,0.0068021258430709
2020-01-28,QQQ,-0.0208718593673503
2020-01-28,SPY,-0.0161592707859991
2020-01-28,TLT,0.0154348246474419
2020-01-29,GLD,-0.0089668680366179
2020-01-29,QQQ,0.0152431153958848
2020-01-29,SPY,0.0104246537382159
2020-01-29,TLT,-0.0078622053004329
2020-01-30,GLD,0.0054032484808315
2020-01-30,QQQ,0.0016243319675434
2020-01-30,SPY,-0.000826366980095
2020-01-30,TLT,0.0097317179170808
2020-01-31,GLD,6.731894098032181e-05
2020-01-31,QQQ,0.0035553177046994
2020-01-31,SPY,0.0032400993602699
2020-01-31,TLT,0.0001383708413576
2020-02-03,GLD,0.0057757084771893
2020-02-03,QQQ,-0.0159851193800092
2020-02-03,SPY,-0.018324781429623
2020-02-03,TLT,0.0090884134583862
2020-02-04,GLD,-0.0065168775955977
2020-02-04,QQQ,0.0149963053515273
2020-02-04,SPY,0.0074010838979718
2020-02-04,TLT,-0.0024704969069801
2020-02-05,GLD,-0.0130943081867824
2020-02-05,QQQ,0.0226307146980363
2020-02-05,SPY,0.0151262950114743
2020-02-05,TLT,-0.0135585328870139
2020-02-06,GLD,0.0012285555646719
2020-02-06,QQQ,0.0032917144251274
2020-02-06,SPY,0.0114818396116063
2020-02-06,TLT,-0.0109949449257992
2020-02-07,GLD,0.0053739342341258
2020-02-07,QQQ,0.0085949841083981
2020-02-07,SPY,0.0033592066886776
2020-02-07,TLT,0.004496595897467
2020-02-10,GLD,0.0026423634506581
2020-02-10,QQQ,-0.004310093937972
2020-02-10,SPY,-0.0053439099142294
2020-02-10,TLT,0.0124008755290151
2020-02-11,GLD,0.0025679490647931
2020-02-11,QQQ,0.0120130866967509
2020-02-11,SPY,0.0074375956179296
2020-02-11,TLT,0.0027657430536776
2020-02-12,GLD,-0.00344789243087
2020-02-12,QQQ,0.0001723922867369
2020-02-12,SPY,0.0017315497884897
2020-02-12,TLT,-0.005053108093964
2020-02-13,GLD,-0.0008130784812246
2020-02-13,QQQ,0.0096938640707826
2020-02-13,SPY,0.0064221056414969
2020-02-13,TLT,-0.005078878160832
2020-02-14,GLD,0.0056773037181113
2020-02-14,QQQ,-0.001281407352165
2020-02-14,SPY,-0.0010675361685061
2020-02-14,TLT,0.0038289097187972
2020-02-18,GLD,0.0041697222765956
2020-02-18,QQQ,0.0028595148401048
2020-02-18,SPY,0.0016008319963013
2020-02-18,TLT,0.004367912654929
2020-02-19,GLD,0.0127373509518433
2020-02-19,QQQ,0.000383477171228
2020-02-19,SPY,-0.0025803258874645
2020-02-19,TLT,0.0068254272137234
2020-02-20,GLD,0.0058142855101764
2020-02-20,QQQ,0.0095398321206126
2020-02-20,SPY,0.0047698413099191
2020-02-20,TLT,-6.867425095208791e-05
2020-02-21,GLD,0.0040763395182913
2020-02-21,QQQ,-0.0093268311087836
2020-02-21,SPY,-0.0041167086031452
2020-02-21,TLT,0.0078029102372316
2020-02-24,GLD,0.0149134559263085
2020-02-24,QQQ,-0.019396348227363
2020-02-24,SPY,-0.0103516611333441
2020-02-24,TLT,0.00929730939176
2020-02-25,GLD,0.0089450026567179
2020-02-25,QQQ,-0.0393267026444371
2020-02-25,SPY,-0.0337278413923327
2020-02-25,TLT,0.0148181112490731
2020-02-26,GLD,-0.0180359347239326
2020-02-26,QQQ,-0.0275683927944652
2020-02-26,SPY,-0.0307707506031409
2020-02-26,TLT,0.0053103546209906
2020-02-27,GLD,0.0043609803851512
2020-02-27,QQQ,0.005140688101662
2020-02-27,SPY,-0.0036849962639194
2020-02-27,TLT,-0.0053103546209905
2020-02-28,GLD,0.0001948162436136
2020-02-28,QQQ,-0.0513710804671783
2020-02-28,SPY,-0.045951467536838
2020-02-28,TLT,0.0107901940974314
2020-03-02,GLD,-0.0371760187447656
2020-03-02,QQQ,0.0007777740094589
2020-03-02,SPY,-0.0042103905737418
2020-03-02,TLT,0.0223323363496022
2020-03-03,GLD,0.0055110836466559
2020-03-03,QQQ,0.0503161174541445
2020-03-03,SPY,0.0423950046601226
2020-03-03,TLT,-0.008860171896713
2020-03-04,GLD,0.030950390194086
2020-03-04,QQQ,-0.0325927066671176
2020-03-04,SPY,-0.0290503624763481
2020-03-04,TLT,0.0154062373363482
2020-03-05,GLD,0.0017529903517554
2020-03-05,QQQ,0.0408754848051318
2020-03-05,SPY,0.0411736370118587
2020-03-05,TLT,-0.010675366090398
2020-03-06,GLD,0.0213709512045744
2020-03-06,QQQ,-0.0308533112402385
2020-03-06,SPY,-0.0338067502413782
2020-03-06,TLT,0.0245869920628345
2020-03-09,GLD,0.0003808885074389
2020-03-09,QQQ,-0.0170161731169348
2020-03-09,SPY,-0.01666927563302
2020-03-09,TLT,0.0507348479779469
2020-03-10,GLD,0.0016488747161249
2020-03-10,QQQ,-0.0719950074686643
2020-03-10,SPY,-0.0813125230418674
2020-03-10,TLT,0.0267423440616147
2020-03-11,GLD,-0.0213271518262895
2020-03-11,QQQ,0.0530198252012329
2020-03-11,SPY,0.0504505872938113
2020-03-11,TLT,-0.0526184827780739
2020-03-12,GLD,-0.0035667044227174
2020-03-12,QQQ,-0.0445319331964778
2020-03-12,SPY,-0.0499767384502889
2020-03-12,TLT,-0.0374918274343037
2020-03-13,GLD,-0.0407056042424384
2020-03-13,QQQ,-0.0961710828178374
2020-03-13,SPY,-0.1005688605662431
2020-03-13,TLT,0.0061777811640812
2020-03-16,GLD,-0.0309915525653007
2020-03-16,QQQ,0.0813085690626226
2020-03-16,SPY,0.0820280921987331
2020-03-16,TLT,-0.0228625263000502
2020-03-17,GLD,-0.0115121262982248
2020-03-17,QQQ,-0.127592313079736
2020-03-17,SPY,-0.1158865374770154
2020-03-17,TLT,0.0627545870778269
2020-03-18,GLD,0.0134644263387051
2020-03-18,QQQ,0.0731033116238406
2020-03-18,SPY,0.0525849209492369
2020-03-18,TLT,-0.0690103530779771
2020-03-19,GLD,-0.0201231068427108
2020-03-19,QQQ,-0.0308882960575674
2020-03-19,SPY,-0.0519597510025378
2020-03-19,TLT,-0.0580662175737897
2020-03-20,GLD,-0.0190864928378344
2020-03-20,QQQ,0.0059843092234734
2020-03-20,SPY,0.0021227225413289
2020-03-20,TLT,0.0268614216584145
2020-03-23,GLD,0.0148843831466835
2020-03-23,QQQ,-0.0399640200320829
2020-03-23,SPY,-0.0499133730395751
2020-03-23,TLT,0.0725025384291321
2020-03-24,GLD,0.0432314961462957
2020-03-24,QQQ,-0.0014069074415818
2020-03-24,SPY,-0.0259007554583412
2020-03-24,TLT,0.0403828798772989
2020-03-25,GLD,0.0473895202592504
2020-03-25,QQQ,0.0745855376440779
2020-03-25,SPY,0.0867309943625375
2020-03-25,TLT,-0.0187898647991249
2020-03-26,GLD,-0.0137842081803642
2020-03-26,QQQ,-0.0074325437000656
2020-03-26,SPY,0.0148592336190369
2020-03-26,TLT,-0.0022738395382985
2020-03-27,GLD,0.012740714714697
2020-03-27,QQQ,0.051320672783021
2020-03-27,SPY,0.0567486987697194
2020-03-27,TLT,0.0049098114908468
2020-03-30,GLD,-0.006481449089244
2020-03-30,QQQ,-0.0349982214473493
2020-03-30,SPY,-0.0302382599913111
2020-03-30,TLT,0.0263427551214752
2020-03-31,GLD,0.004390990264267
2020-03-31,QQQ,0.035727498941369
2020-03-31,SPY,0.0319595253458066
2020-03-31,TLT,-0.0082629630447761
2020-04-01,GLD,-0.0323648216936519
2020-04-01,QQQ,-0.0085765584009792
2020-04-01,SPY,-0.015017586594124
2020-04-01,TLT,-0.0081500409992866
2020-04-02,GLD,0.0094117931494001
2020-04-02,QQQ,-0.0434185688771218
2020-04-02,SPY,-0.0460490414887796
2020-04-02,TLT,0.0124696179137235
2020-04-03,GLD,0.0162605011105618
2020-04-03,QQQ,0.0200918847534433
2020-04-03,SPY,0.0228131825524171
2020-04-03,TLT,0.0063258122223043
2020-04-06,GLD,0.0049253097765777
2020-04-06,QQQ,-0.0142944632444307
2020-04-06,SPY,-0.0145596722536619
2020-04-06,TLT,0.0023766730690094
2020-04-07,GLD,0.0273335338154352
2020-04-07,QQQ,0.0690546802808846
2020-04-07,SPY,0.0650067374854306
2020-04-07,TLT,-0.0026147058193362
2020-04-08,GLD,-0.0053688714007191
2020-04-08,QQQ,-0.0004072583703585
2020-04-08,SPY,0.0010189609599744
2020-04-08,TLT,-0.0105276394232795
2020-04-09,GLD,-0.0089478819474376
2020-04-09,QQQ,0.0210099846715733
2020-04-09,SPY,0.0330172948385932
2020-04-09,TLT,-0.0073026469925266
2020-04-13,GLD,0.025788169295063
2020-04-13,QQQ,0.0014448014889093
2020-04-13,SPY,0.0151027383769153
2020-04-13,TLT,0.0018155600220501
2020-04-14,GLD,0.016995105513929
2020-04-14,QQQ,0.010745594357838
2020-04-14,SPY,-0.0091720878167882
2020-04-14,TLT,-0.0091718351056061
2020-04-15,GLD,0.0078373015433468
2020-04-15,QQQ,0.0425719366875467
2020-04-15,SPY,0.029066322582236
2020-04-15,TLT,-0.0002441629743171
2020-04-16,GLD,-0.0051150179335856
2020-04-16,QQQ,-0.0115361623710067
2020-04-16,SPY,-0.0214770915029214
2020-04-16,TLT,0.0261444713554704
2020-04-17,GLD,-0.000865368975394
2020-04-17,QQQ,0.0180756666935259
2020-04-17,SPY,0.0048126957803533
2020-04-17,TLT,0.0112928963407073
2020-04-20,GLD,-0.0196084667171404
2020-04-20,QQQ,0.009520738916223
2020-04-20,SPY,0.0266569616898133
2020-04-20,TLT,-0.0134953147311423
2020-04-21,GLD,0.0071008537209921
2020-04-21,QQQ,-0.0119151366434717
2020-04-21,SPY,-0.0177750248160556
2020-04-21,TLT,0.0080126617886415
2020-04-22,GLD,-0.0068486733480538
2020-04-22,QQQ,-0.0375975418643552
2020-04-22,SPY,-0.03083376339065
2020-04-22,TLT,0.0125129530609062
2020-04-23,GLD,0.0194798889508458
2020-04-23,QQQ,0.0292427022786927
2020-04-23,SPY,0.0219518265168923
2020-04-23,TLT,-0.0102691397342161
2020-04-24,GLD,0.0099056437955244
2020-04-24,QQQ,-0.002135268278501
2020-04-24,SPY,-7.173145408748019e-05
2020-04-24,TLT,0.0052944953760822
2020-04-27,GLD,-0.0042947299426519
2020-04-27,QQQ,0.0156473739248224
2020-04-27,SPY,0.0138424583140987
2020-04-27,TLT,0.0023440815815141
2020-04-28,GLD,-0.0066625899835551
2020-04-28,QQQ,0.0080112270342191
2020-04-28,SPY,0.0143154848169943
2020-04-28,TLT,-0.0187892834851781
2020-04-29,GLD,-0.0044665163233347
2020-04-29,QQQ,-0.0190142832530852
2020-04-29,SPY,-0.0046090266634861
2020-04-29,TLT,0.0114455967092233
2020-04-30,GLD,0.0055181924540174
2020-04-30,QQQ,0.0348467313301681
2020-04-30,SPY,0.0258416992758649
2020-04-30,TLT,-0.0052024333482143
2020-05-01,GLD,-0.0182826836837886
2020-05-01,QQQ,-0.0004110266420271
2020-05-01,SPY,-0.0093542817728534
2020-05-01,TLT,-0.0117455584862396
2020-05-04,GLD,0.0061522933833428
2020-05-04,QQQ,-0.0285899145299338
2020-05-04,SPY,-0.0268301619925879
2020-05-04,TLT,0.0072305519607129
2020-05-05,GLD,0.0034986763611594
2020-05-05,QQQ,0.0115899777995914
2020-05-05,SPY,0.0027544291637404
2020-05-05,TLT,-0.004714838400145
2020-05-06,GLD,0.0042320696304066
2020-05-06,QQQ,0.0112734626486914
2020-05-06,SPY,0.0091969023431318
2020-05-06,TLT,-0.0064216714255619
2020-05-07,GLD,-0.0129389392482341
2020-05-07,QQQ,0.0061375007236779
2020-05-07,SPY,-0.0068018018110079
2020-05-07,TLT,-0.0162673855877105
2020-05-08,GLD,0.01523412410856
2020-05-08,QQQ,0.0127945453788425
2020-05-08,SPY,0.011994593193006
2020-05-08,TLT,0.0165684002629561
2020-05-11,GLD,-0.0060284277412398
2020-05-11,QQQ,0.0136117138406327
2020-05-11,SPY,0.016410799949864
2020-05-11,TLT,-0.0130863596239442
2020-05-12,GLD,-0.0062531470105992
2020-05-12,QQQ,0.0088991556502801
2020-05-12,SPY,0.0002051408983954
2020-05-12,TLT,-0.0078364476452334
2020-05-13,GLD,0.0038815245238018
2020-05-13,QQQ,-0.0211593902956183
2020-05-13,SPY,-0.0201328914127061
2020-05-13,TLT,0.0102119590441775
2020-05-14,GLD,0.0095766453458976
2020-05-14,QQQ,-0.0125947337546148
2020-05-14,SPY,-0.0178441293009016
2020-05-14,TLT,0.0069721047374351
2020-05-15,GLD,0.0088111275361233
2020-05-15,QQQ,0.0112883103764346
2020-05-15,SPY,0.0118962698955172
2020-05-15,TLT,0.0097397216719098
2020-05-18,GLD,0.005627947839551
2020-05-18,QQQ,0.0064704895337366
2020-05-18,SPY,0.0045864327525579
2020-05-18,TLT,-0.0025759646888807
2020-05-19,GLD,-0.0075928982318519
2020-05-19,QQQ,0.0184606459858503
2020-05-19,SPY,0.0300050077334412
2020-05-19,TLT,-0.0221988952806437
2020-05-20,GLD,0.0096039403425891
2020-05-20,QQQ,-0.0025093767107153
2020-05-20,SPY,-0.0103242948947329
2020-05-20,TLT,0.0037342065235332
2020-05-21,GLD,0.0023714668825757
2020-05-21,QQQ,0.019771506154927
2020-05-21,SPY,0.0168453346761308
2020-05-21,TLT,0.0029894792894901
2020-05-22,GLD,-0.0146836161685368
2020-05-22,QQQ,-0.0109504605404454
2020-05-22,SPY,-0.0069278856410621
2020-05-22,TLT,0.0024946237436868
2020-05-26,GLD,0.0058994007147757
2020-05-26,QQQ,0.0034458348580189
2020-05-26,SPY,0.00189726832778
2020-05-26,TLT,0.0059980519185725
2020-05-27,GLD,-0.014316858429627
2020-05-27,QQQ,-0.0027033388170476
2020-05-27,SPY,0.0122452724269799
2020-05-27,TLT,-0.0135005771514946
2020-05-28,GLD,0.001800809585778
2020-05-28,QQQ,0.0054427236291748
2020-05-28,SPY,0.0147693971454062
2020-05-28,TLT,-0.0018384798118507
2020-05-29,GLD,0.0033447448656947
2020-05-29,QQQ,-0.0013035015044776
2020-05-29,SPY,-0.0018466536446246
2020-05-29,TLT,-0.0036871308242007
2020-06-01,GLD,0.0073314712365973
2020-06-01,QQQ,0.0145464745734802
2020-06-01,SPY,0.0044460086888185
2020-06-01,TLT,0.0071161805804158
2020-06-02,GLD,0.0045932039181421
2020-06-02,QQQ,0.002995154140975
2020-06-02,SPY,0.0040335879653973
2020-06-02,TLT,-0.0080400444041363
2020-06-03,GLD,-0.0064978928248545
2020-06-03,QQQ,0.0066853165427192
2020-06-03,SPY,0.0082460545315198
2020-06-03,TLT,-0.0036422939650175
2020-06-04,GLD,-0.0186225113924192
2020-06-04,QQQ,0.0044884795128501
2020-06-04,SPY,0.0132204751473091
2020-06-04,TLT,-0.0133863044507008
2020-06-05,GLD,0.0104712540558731
2020-06-05,QQQ,-0.0070381179944852
2020-06-05,SPY,-0.0026301691177292
2020-06-05,TLT,-0.0145849580914597
2020-06-08,GLD,-0.0204836899154137
2020-06-08,QQQ,0.0196332715635628
2020-06-08,SPY,0.025306602492798
2020-06-08,TLT,-0.0071487834305369
2020-06-09,GLD,0.0107640024390437
2020-06-09,QQQ,0.0077300716938966
2020-06-09,SPY,0.0120150099724083
2020-06-09,TLT,0.0038361154994166
2020-06-10,GLD,0.0095956453550641
2020-06-10,QQQ,0.0072187586981873
2020-06-10,SPY,-0.0074846343424244
2020-06-10,TLT,0.0112945281259617
2020-06-11,GLD,0.0142231428548532
2020-06-11,QQQ,0.0119301878445773
2020-06-11,SPY,-0.0055956272889505
2020-06-11,TLT,0.014718524756718
2020-06-12,GLD,-0.0072402323292651
2020-06-12,QQQ,-0.0508188501296114
2020-06-12,SPY,-0.0593774079486081
2020-06-12,TLT,0.0187244232132932
2020-06-15,GLD,0.0014153150353447
2020-06-15,QQQ,0.0079166217850807
2020-06-15,SPY,0.0119045294695507
2020-06-15,TLT,-0.0096879891499822
2020-06-16,GLD,-0.0017848491512042
2020-06-16,QQQ,0.0120937575281273
2020-06-16,SPY,0.0092923367137782
2020-06-16,TLT,0.0005543523947064
2020-06-17,GLD,-0.0004929560183834
2020-06-17,QQQ,0.0170270145637761
2020-06-17,SPY,0.0190647985233274
2020-06-17,TLT,-0.0154522640493639
2020-06-18,GLD,0.0019087937874243
2020-06-18,QQQ,0.003165620304456
2020-06-18,SPY,-0.0041624977750896
2020-06-18,TLT,0.0041191076134346
2020-06-19,GLD,-0.0019703951105462
2020-06-19,QQQ,0.0027054891287148
2020-06-19,SPY,0.0003849452014608
2020-06-19,TLT,0.010532263830319
2020-06-22,GLD,0.0109725762213664
2020-06-22,QQQ,-0.0001637324403191
2020-06-22,SPY,-0.0101222103506049
2020-06-22,TLT,0.0008008926056102
2020-06-23,GLD,0.00644142707483
2020-06-23,QQQ,0.0101838019888161
2020-06-23,SPY,0.0063946878036367
2020-06-23,TLT,0.000123179016615
2020-06-24,GLD,0.0083843988645957
2020-06-24,QQQ,0.0084749320238121
2020-06-24,SPY,0.0045931078389241
2020-06-24,TLT,-0.0068580206841311
2020-06-25,GLD,-0.003489996015801
2020-06-25,QQQ,-0.0208310835339499
2020-06-25,SPY,-0.0258396940811995
2020-06-25,TLT,0.0106682214130385
2020-06-26,GLD,-0.000602899298615
2020-06-26,QQQ,0.0094744533586809
2020-06-26,SPY,0.0106634850315159
2020-06-26,TLT,0.0028787648733432
2020-06-29,GLD,0.0044532193863769
2020-06-29,QQQ,-0.0238982995468776
2020-06-29,SPY,-0.0240380964593392
2020-06-29,TLT,0.0106464883944874
2020-06-30,GLD,0.0005403343600226
2020-06-30,QQQ,0.0108475999739458
2020-06-30,SPY,0.0145906008130825
2020-06-30,TLT,-0.0031517347090487
2020-07-01,GLD,0.004431086497931
2020-07-01,QQQ,0.019411790279255
2020-07-01,SPY,0.0127281965214429
2020-07-01,TLT,-0.0048682812633237
2020-07-02,GLD,-0.0044911601101022
2020-07-02,QQQ,0.0116044560369321
2020-07-02,SPY,0.0069803920703357
2020-07-02,TLT,-0.0031159000074555
2020-07-06,GLD,0.0021582779375089
2020-07-06,QQQ,0.0067637598568547
2020-07-06,SPY,0.0054918547429179
2020-07-06,TLT,0.0010397124682118
2020-07-07,GLD,0.0059708800839463
2020-07-07,QQQ,0.024287346805447
2020-07-07,SPY,0.0153193207441511
2020-07-07,TLT,-0.0041040036789483
2020-07-08,GLD,0.0062904343270385
2020-07-08,QQQ,-0.0069127626613023
2020-07-08,SPY,-0.0103673521296334
2020-07-08,TLT,0.0139581610396502
2020-07-09,GLD,0.0061923536054023
2020-07-09,QQQ,0.013085765676779
2020-07-09,SPY,0.0076195489888347
2020-07-09,TLT,-0.0040029386454507
2020-07-10,GLD,-0.0027080639028713
2020-07-10,QQQ,0.0083881316579612
2020-07-10,SPY,-0.0057091876716751
2020-07-10,TLT,0.0157967538258592
2020-07-13,GLD,-0.0025972650920347
2020-07-13,QQQ,0.0068042021161579
2020-07-13,SPY,0.0101587703685977
2020-07-13,TLT,-0.0050374699502811
2020-07-14,GLD,0.0012403879870823
2020-07-14,QQQ,-0.0207850110435025
2020-07-14,SPY,-0.0086966695576544
2020-07-14,TLT,0.0033012427008759
2020-07-15,GLD,0.0046527281640108
2020-07-15,QQQ,0.0070532236644249
2020-07-15,SPY,0.0128757680954667
2020-07-15,TLT,0.0014370675190214
2020-07-16,GLD,0.0008809438623464
2020-07-16,QQQ,0.0020334911776996
2020-07-16,SPY,0.0091452877244121
2020-07-16,TLT,-0.0046782236061722
2020-07-17,GLD,-0.0094966393251546
2020-07-17,QQQ,-0.0068459127293553
2020-07-17,SPY,-0.0032988873886812
2020-07-17,TLT,0.0047381174917548
2020-07-20,GLD,0.0082042627943085
2020-07-20,QQQ,0.0011571656538773
2020-07-20,SPY,0.002894875756376
2020-07-20,TLT,-0.0020964105768912
2020-07-21,GLD,0.0048085903368463
2020-07-21,QQQ,0.027975922464082
2020-07-21,SPY,0.0080490994568275
2020-07-21,TLT,0.0024553335125424
2020-07-22,GLD,0.0119789624776663
2020-07-22,QQQ,-0.0104752409908897
2020-07-22,SPY,0.0021252758472971
2020-07-22,TLT,0.0005978883579433
2020-07-23,GLD,0.0150879427375645
2020-07-23,QQQ,0.0035165093566399
2020-07-23,SPY,0.0056759187149831
2020-07-23,TLT,0.0029843642780102
2020-07-24,GLD,0.0087865864108133
2020-07-24,QQQ,-0.0264672307927616
2020-07-24,SPY,-0.0120034497627368
2020-07-24,TLT,0.0116136089507121
2020-07-27,GLD,0.0085422814416774
2020-07-27,QQQ,-0.0095411755292146
2020-07-27,SPY,-0.0064612134078021
2020-07-27,TLT,-5.8879535050257555e-05
2020-07-28,GLD,0.0195611969646978
2020-07-28,QQQ,0.0176858380485866
2020-07-28,SPY,0.0072659730184517
2020-07-28,TLT,-0.0037184925329634
2020-07-29,GLD,0.008306536040414
2020-07-29,QQQ,-0.0128065418686287
2020-07-29,SPY,-0.0063625899287418
2020-07-29,TLT,0.0068947394203604
2020-07-30,GLD,0.007482169283186
2020-07-30,QQQ,0.01146007947436
2020-07-30,SPY,0.0122237101631192
2020-07-30,TLT,-0.0017044896858439
2020-07-31,GLD,-0.0074277788884334
2020-07-31,QQQ,0.005221804474557
2020-07-31,SPY,-0.0035743049272523
2020-07-31,TLT,0.0065669840055832
2020-08-03,GLD,0.0090468843530281
2020-08-03,QQQ,0.0176881691383161
2020-08-03,SPY,0.0078711439321145
2020-08-03,TLT,-0.0006430716082319
2020-08-04,GLD,0.0011318982444248
2020-08-04,QQQ,0.0134164848486111
2020-08-04,SPY,0.006928106146781
2020-08-04,TLT,-0.0061592983173329
2020-08-05,GLD,0.0210545154128538
2020-08-05,QQQ,0.0037053546985511
2020-08-05,SPY,0.0038551736353535
2020-08-05,TLT,0.0094871310993973
2020-08-06,GLD,0.0092404172708341
2020-08-06,QQQ,0.0024748656749261
2020-08-06,SPY,0.0061917465158339
2020-08-06,TLT,-0.0087812292144964
2020-08-07,GLD,0.0131867410261472
2020-08-07,QQQ,0.0131579418160437
2020-08-07,SPY,0.0066622937568773
2020-08-07,TLT,0.0055703736398109
2020-08-10,GLD,-0.0160128290476961
2020-08-10,QQQ,-0.0116095619585109
2020-08-10,SPY,0.00071765813857
2020-08-10,TLT,-0.0066881995222532
2020-08-11,GLD,-0.0034649534714479
2020-08-11,QQQ,-0.0042822010311509
2020-08-11,SPY,0.0029844531601988
2020-08-11,TLT,-0.0044838409377392
2020-08-12,GLD,-0.0551897267189794
2020-08-12,QQQ,-0.0191228800802711
2020-08-12,SPY,-0.0082889280227747
2020-08-12,TLT,-0.0119562113823609
2020-08-13,GLD,-0.0046791324113835
2020-08-13,QQQ,0.0248406146084469
2020-08-13,SPY,0.0138460516982754
2020-08-13,TLT,-0.0091374503288152
2020-08-14,GLD,0.0233434744172065
2020-08-14,QQQ,0.0022780832093198
2020-08-14,SPY,-0.0018094117950114
2020-08-14,TLT,-0.0107465227424738
2020-08-17,GLD,-0.0043185272542077
2020-08-17,QQQ,-0.0011751151308632
2020-08-17,SPY,2.9717119300824818e-05
2020-08-17,TLT,-0.0039144676800349
2020-08-18,GLD,0.0214619487753916
2020-08-18,QQQ,0.0115439420294562
2020-08-18,SPY,0.0031715693846286
2020-08-18,TLT,0.0025094341038185
2020-08-19,GLD,0.0089676735734032
2020-08-19,QQQ,0.0095791144572356
2020-08-19,SPY,0.0021580407948689
2020-08-19,TLT,0.0071265610073012
2020-08-20,GLD,-0.03207438281593
2020-08-20,QQQ,-0.0067500575476797
2020-08-20,SPY,-0.004172416749373
2020-08-20,TLT,-0.0062711326706319
2020-08-21,GLD,0.0068901376532814
2020-08-21,QQQ,0.0137764047072885
2020-08-21,SPY,0.0031087285855023
2020-08-21,TLT,0.0089987290240325
2020-08-24,GLD,-0.0080431655428721
2020-08-24,QQQ,0.0069064086679159
2020-08-24,SPY,0.0035411161582373
2020-08-24,TLT,0.0059744314785057
2020-08-25,GLD,-0.005674470685927
2020-08-25,QQQ,0.0062246346539726
2020-08-25,SPY,0.0100821555039002
2020-08-25,TLT,-0.001625895525105
2020-08-26,GLD,0.0012147382641175
2020-08-26,QQQ,0.0078315401661074
2020-08-26,SPY,0.0034931965962736
2020-08-26,TLT,-0.0076832044235715
2020-08-27,GLD,0.0117396673251376
2020-08-27,QQQ,0.0211146480784201
2020-08-27,SPY,0.0099756850764556
2020-08-27,TLT,-0.0038334336282668
2020-08-28,GLD,-0.0116292867473594
2020-08-28,QQQ,-0.0031217455396017
2020-08-28,SPY,0.0021841631178046
2020-08-28,TLT,-0.017155358165233
2020-08-31,GLD,0.0172309262992397
2020-08-31,QQQ,0.0050721895658322
2020-08-31,SPY,0.0064386197347805
2020-08-31,TLT,-0.0007445736523992
2020-09-01,GLD,0.002383417194324
2020-09-01,QQQ,0.0080012891379342
2020-09-01,SPY,-0.0036291143932042
2020-09-01,TLT,0.0066191038875408
2020-09-02,GLD,0.0011895817224104
2020-09-02,QQQ,0.0169473067185535
2020-09-02,SPY,0.0093745141740855
2020-09-02,TLT,0.0102439058861516
2020-09-03,GLD,-0.0132186108730582
2020-09-03,QQQ,0.0094246274975913
2020-09-03,SPY,0.0143603931176246
2020-09-03,TLT,0.0094752747561308
2020-09-04,GLD,-0.0081372548733369
2020-09-04,QQQ,-0.0520306642037334
2020-09-04,SPY,-0.0350204246264439
2020-09-04,TLT,0.0028372312302939
2020-09-08,GLD,0.0027564932922231
2020-09-08,QQQ,-0.0134155575339368
2020-09-08,SPY,-0.008198218003101
2020-09-08,TLT,-0.0191710454021841
2020-09-09,GLD,-0.0019287808618004
2020-09-09,QQQ,-0.0492574210747343
2020-09-09,SPY,-0.0277031415589926
2020-09-09,TLT,0.0061259684736456
2020-09-10,GLD,0.0096614342302388
2020-09-10,QQQ,0.0289525815124428
2020-09-10,SPY,0.019554908673632
2020-09-10,TLT,-0.0026908188319257
2020-09-11,GLD,-0.0032283485242562
2020-09-11,QQQ,-0.0201381111467384
2020-09-11,SPY,-0.0175161635898977
2020-09-11,TLT,0.005069807829044
2020-09-14,GLD,-5.486155779261841e-05
2020-09-14,QQQ,-0.0069639887961651
2020-09-14,SPY,0.0005089689668963
2020-09-14,TLT,0.0021301297977261
2020-09-15,GLD,0.0078616032777361
2020-09-15,QQQ,0.0172654765133961
2020-09-15,SPY,0.0130852814799498
2020-09-15,TLT,-6.0766116015988395e-05
2020-09-16,GLD,-0.0023956152677241
2020-09-16,QQQ,0.0140740437485507
2020-09-16,SPY,0.0050396403919924
2020-09-16,TLT,-0.0024349795076124
2020-09-17,GLD,0.0028305733071044
2020-09-17,QQQ,-0.016074947781304
2020-09-17,SPY,-0.0039765175958138
2020-09-17,TLT,-0.0029910321671442
2020-09-18,GLD,-0.0055051210626851
2020-09-18,QQQ,-0.0157453864334198
2020-09-18,SPY,-0.0088341693616479
2020-09-18,TLT,0.0030519464231869
2020-09-21,GLD,0.0013108491716183
2020-09-21,QQQ,-0.0128448393528718
2020-09-21,SPY,-0.0155744495064669
2020-09-21,TLT,-0.0031130468759415
2020-09-22,GLD,-0.0202917894482728
2020-09-22,QQQ,0.0023953551727555
2020-09-22,SPY,-0.0111919683588186
2020-09-22,TLT,0.0050613674483639
2020-09-23,GLD,-0.004858095828927
2020-09-23,QQQ,0.0184082719135952
2020-09-23,SPY,0.0101328681366275
2020-09-23,TLT,-0.0007910039341915
2020-09-24,GLD,-0.0218433353688173
2020-09-24,QQQ,-0.0310102631990948
2020-09-24,SPY,-0.0234640994724231
2020-09-24,TLT,0.0013383699173109
2020-09-25,GLD,0.003711903089591
2020-09-25,QQQ,0.004645503373952
2020-09-25,SPY,0.0026619179740412
2020-09-25,TLT,0.0038226412427099
2020-09-28,GLD,-0.0028540460781505
2020-09-28,QQQ,0.0229826030341506
2020-09-28,SPY,0.0160376646190241
2020-09-28,TLT,0.0
2020-09-29,GLD,0.0100102901074218
2020-09-29,QQQ,0.0205562109095115
2020-09-29,SPY,0.0164729222568055
2020-09-29,TLT,-0.0028504809691646
2020-09-30,GLD,0.0083970483856554
2020-09-30,QQQ,-0.0045195772307592
2020-09-30,SPY,-0.005460909306988
2020-09-30,TLT,0.001153312501735
2020-10-01,GLD,-0.0060229690479587
2020-10-01,QQQ,0.0068256611332799
2020-10-01,SPY,0.0075533719259945
2020-10-01,TLT,-0.0096312958779852
2020-10-02,GLD,0.008880963695329
2020-10-02,QQQ,0.0157478077745941
2020-10-02,SPY,0.0063994795878114
2020-10-02,TLT,0.0006123697761057
2020-10-05,GLD,-0.0008957769408936
2020-10-05,QQQ,-0.028534358216345
2020-10-05,SPY,-0.0095398177099599
2020-10-05,TLT,-0.003741077063913
2020-10-06,GLD,0.00486108169631
2020-10-06,QQQ,0.021102036795608
2020-10-06,SPY,0.0175776894340879
2020-10-06,TLT,-0.019732537766621
2020-10-07,GLD,-0.0118304795506926
2020-10-07,QQQ,-0.018008121642203
2020-10-07,SPY,-0.0143179818486385
2020-10-07,TLT,0.005374921387253
2020-10-08,GLD,-0.0004513247853353
2020-10-08,QQQ,0.0171511360625
2020-10-08,SPY,0.0172569129339136
2020-10-08,TLT,-0.0073196123718122
2020-10-09,GLD,0.0035486272055745
2020-10-09,QQQ,0.005308797635678
2020-10-09,SPY,0.0088234685161784
2020-10-09,TLT,0.005385451292167
2020-10-12,GLD,0.0179983999668155
2020-10-12,QQQ,0.0151645868015828
2020-10-12,SPY,0.0088905130791148
2020-10-12,TLT,-0.0001873694149786
2020-10-13,GLD,-0.0028758136916343
2020-10-13,QQQ,0.0304035808644766
2020-10-13,SPY,0.0159595727617591
2020-10-13,TLT,0.0031807053024299
2020-10-14,GLD,-0.0158538340515832
2020-10-14,QQQ,-3.398613303933435e-05
2020-10-14,SPY,-0.0065474721519732
2020-10-14,TLT,0.0071350938638933
2020-10-15,GLD,0.003089993993611
2020-10-15,QQQ,-0.0083876229449668
2020-10-15,SPY,-0.006303238972997
2020-10-15,TLT,0.0022848382605895
2020-10-16,GLD,0.0036394894007114
2020-10-16,QQQ,-0.0067335400863538
2020-10-16,SPY,-0.0012366240602409
2020-10-16,TLT,-0.0017286014100717
2020-10-19,GLD,-0.0034712263457632
2020-10-19,QQQ,-0.005495930925729
2020-10-19,SPY,-0.0006044746150335
2020-10-19,TLT,-0.0027843779656391
2020-10-20,GLD,0.0005046193567768
2020-10-20,QQQ,-0.0164600595278334
2020-10-20,SPY,-0.0153201854349761
2020-10-20,TLT,-0.0037868289584555
2020-10-21,GLD,0.0048093181379983
2020-10-21,QQQ,0.0021471502179648
2020-10-21,SPY,0.0039977149140797
2020-10-21,TLT,-0.0095616688551603
2020-10-22,GLD,0.007503195298922
2020-10-22,QQQ,-0.0007738347848047
2020-10-22,SPY,-0.0018947226418669
2020-10-22,TLT,-0.0034596861496373
2020-10-23,GLD,-0.009849030639627
2020-10-23,QQQ,-3.5222709544917995e-05
2020-10-23,SPY,0.0054703030910806
2020-10-23,TLT,-0.0104513628862205
2020-10-26,GLD,-0.0010630400237792
2020-10-26,QQQ,0.0019686344521987
2020-10-26,SPY,0.0033894308282106
2020-10-26,TLT,0.0060940419823313
2020-10-27,GLD,-0.0005039129828936
2020-10-27,QQQ,-0.0151096771652777
2020-10-27,SPY,-0.0186527993787816
2020-10-27,TLT,0.0092602083244594
2020-10-28,GLD,0.0026288641762707
2020-10-28,QQQ,0.0077780031722035
2020-10-28,SPY,-0.0034533568368228
2020-10-28,TLT,0.0066869438204628
2020-10-29,GLD,-0.0162751688416432
2020-10-29,QQQ,-0.0397670607243744
2020-10-29,SPY,-0.0347766890949763
2020-10-29,TLT,0.0009338142093947
2020-10-30,GLD,-0.0041533413265921
2020-10-30,QQQ,0.0173352506165963
2020-10-30,SPY,0.0101121940214581
2020-10-30,TLT,-0.0097549396389867
2020-11-02,GLD,0.0045506510418401
2020-11-02,QQQ,-0.0256899244913254
2020-11-02,SPY,-0.0104796009911301
2020-11-02,TLT,-0.0099144636578061
2020-11-03,GLD,0.0096581288485121
2020-11-03,QQQ,0.0022248825770162
2020-11-03,SPY,0.0111460895885366
2020-11-03,TLT,0.0063893589345498
2020-11-04,GLD,0.0056609432999779
2020-11-04,QQQ,0.0171496146919445
2020-11-04,SPY,0.0175018696044116
2020-11-04,TLT,-0.0058183705311669
2020-11-05,GLD,-0.0005590140649358
2020-11-05,QQQ,0.043671052928404
2020-11-05,SPY,0.0221031400229916
2020-11-05,TLT,0.0214603084909619
2020-11-06,GLD,0.0227237716990557
2020-11-06,QQQ,0.0257368781509743
2020-11-06,SPY,0.0193150278098574
2020-11-06,TLT,0.0017367500778864
2020-11-09,GLD,0.0014203529597109
2020-11-09,QQQ,0.000746929417154
2020-11-09,SPY,-0.0002284025508577
2020-11-09,TLT,-0.0121583748100507
2020-11-10,GLD,-0.0452808561434652
2020-11-10,QQQ,-0.0206454150471431
2020-11-10,SPY,0.0124873738921005
2020-11-10,TLT,-0.0212389895738592
2020-11-11,GLD,0.0033073065556014
2020-11-11,QQQ,-0.0180770392408976
2020-11-11,SPY,-0.001467651996983
2020-11-11,TLT,-0.0057836668706771
2020-11-12,GLD,-0.0043359822093023
2020-11-12,QQQ,0.0221230840633282
2020-11-12,SPY,0.0074010969499176
2020-11-12,TLT,0.0036026644074304
2020-11-13,GLD,0.0060423875087803
2020-11-13,QQQ,-0.0047046435901385
2020-11-13,SPY,-0.0097482654784566
2020-11-13,TLT,0.0168745060906131
2020-11-16,GLD,0.0067965650900321
2020-11-16,QQQ,0.0087342789839456
2020-11-16,SPY,0.0137495373409449
2020-11-16,TLT,-0.0013268346551371
2020-11-17,GLD,-5.650286865533134e-05
2020-11-17,QQQ,0.0077723484149288
2020-11-17,SPY,0.0124052852532221
2020-11-17,TLT,-0.0024055520866193
2020-11-18,GLD,-0.003675920484188
2020-11-18,QQQ,-0.0031770166658611
2020-11-18,SPY,-0.0053928204936013
2020-11-18,TLT,0.0065068538192266
2020-11-19,GLD,-0.0057387838459729
2020-11-19,QQQ,-0.0074178840677759
2020-11-19,SPY,-0.0121078236707509
2020-11-19,TLT,0.002892398339532
2020-11-20,GLD,-0.001882229686957
2020-11-20,QQQ,0.0077942318710348
2020-11-20,SPY,0.0042013338137655
2020-11-20,TLT,0.0051352321257258
2020-11-23,GLD,0.0030212294326437
2020-11-23,QQQ,-0.0068639159129048
2020-11-23,SPY,-0.0068713715900237
2020-11-23,TLT,0.0088308920244407
2020-11-24,GLD,-0.0198903242321278
2020-11-24,QQQ,3.447066924718464e-05
2020-11-24,SPY,0.0059765464965143
2020-11-24,TLT,-0.0045922274892704
2020-11-25,GLD,-0.0154470302795277
2020-11-25,QQQ,0.0139522369360167
2020-11-25,SPY,0.0159852707934559
2020-11-25,TLT,-0.0100019968118615
2020-11-27,GLD,-0.0004718480371509
2020-11-27,QQQ,0.0061278145489326
2020-11-27,SPY,-0.0015429483273409
2020-11-27,TLT,-0.0030832524490308
2020-11-30,GLD,-0.0101987322361653
2020-11-30,QQQ,0.009172101282346
2020-11-30,SPY,0.0027811336248563
2020-11-30,TLT,0.0096583289169246
2020-12-01,GLD,-0.0066973589201171
2020-12-01,QQQ,0.0020379384852167
2020-12-01,SPY,-0.0044369627439502
2020-12-01,TLT,-0.0012490442843682
2020-12-02,GLD,0.0208408588153641
2020-12-02,QQQ,0.0127347891462293
2020-12-02,SPY,0.0108780094967867
2020-12-02,TLT,-0.0158733758558331
2020-12-03,GLD,0.0074933850243151
2020-12-03,QQQ,0.0012844007298484
2020-12-03,SPY,0.0021015537921602
2020-12-03,TLT,-0.0079681696491768
2020-12-04,GLD,0.0078426685305537
2020-12-04,QQQ,0.001414147448695
2020-12-04,SPY,-0.0002726893784081
2020-12-04,TLT,0.0080316248221146
2020-12-07,GLD,-0.0028394550265411
2020-12-07,QQQ,0.0040668808404955
2020-12-07,SPY,0.0085807234213169
2020-12-07,TLT,-0.0147743253528953
2020-12-08,GLD,0.0148039454595147
2020-12-08,QQQ,0.0056465414883242
2020-12-08,SPY,-0.0020570277183633
2020-12-08,TLT,0.0089802344461673
2020-12-09,GLD,0.0034818415347374
2020-12-09,QQQ,0.0033791776980387
2020-12-09,SPY,0.0029218890348672
2020-12-09,TLT,0.0047142230940659
2020-12-10,GLD,-0.0172418064345061
2020-12-10,QQQ,-0.0229012991492122
2020-12-10,SPY,-0.0090093340554227
2020-12-10,TLT,-0.0033103481185671
2020-12-11,GLD,-0.0019148863181888
2020-12-11,QQQ,0.0040077276768184
2020-12-11,SPY,-0.0003271493646562
2020-12-11,TLT,0.0088246093900028
2020-12-14,GLD,0.0018569454695868
2020-12-14,QQQ,-0.0022171292089942
2020-12-14,SPY,-0.0011732759734404
2020-12-14,TLT,0.0035333341017703
2020-12-15,GLD,-0.0055228591993228
2020-12-15,QQQ,0.007229074339642
2020-12-15,SPY,-0.0044872138059498
2020-12-15,TLT,-0.0027751669210272
2020-12-16,GLD,0.0138939897740396
2020-12-16,QQQ,0.0106326551214698
2020-12-16,SPY,0.0134288505622829
2020-12-16,TLT,-0.0033530463269653
2020-12-17,GLD,0.005503920929853
2020-12-17,QQQ,0.0054846305167575
2020-12-17,SPY,0.0015681226371862
2020-12-17,TLT,-0.0026651336187173
2020-12-18,GLD,0.0104654100429557
2020-12-18,QQQ,0.0065163267385696
2020-12-18,SPY,0.0055763854485796
2020-12-18,TLT,-0.0036921667534111
2020-12-21,GLD,-0.0016988680965652
2020-12-21,QQQ,-0.0030270929149981
2020-12-21,SPY,-0.008254471160338
2020-12-21,TLT,-0.0030019580770624
2020-12-22,GLD,-0.0031789169989821
2020-12-22,QQQ,-0.0036834320964692
2020-12-22,SPY,-0.0035819189593353
2020-12-22,TLT,0.0039580945418362
2020-12-23,GLD,-0.0079345071833982
2020-12-23,QQQ,0.0027154484468687
2020-12-23,SPY,-0.0016868324984086
2020-12-23,TLT,0.0051475921907506
2020-12-24,GLD,0.0066258790722755
2020-12-24,QQQ,-0.0050488731211216
2020-12-24,SPY,0.000898237947576
2020-12-24,TLT,-0.0069331853165115
2020-12-28,GLD,0.0039773473286313
2020-12-28,QQQ,0.0044029640220464
2020-12-28,SPY,0.0038828474093947
2020-12-28,TLT,0.003949521849848
2020-12-29,GLD,-0.0036357443125672
2020-12-29,QQQ,0.0100283534125613
2020-12-29,SPY,0.0085541311717181
2020-12-29,TLT,0.0004449853915901
2020-12-30,GLD,0.0036357443125671
2020-12-30,QQQ,0.0008950796147712
2020-12-30,SPY,-0.0019096114566623
2020-12-30,TLT,-0.0012717599674502
2020-12-31,GLD,0.0076260266946551
2020-12-31,QQQ,3.1983658693471134e-05
2020-12-31,SPY,0.0014257821834272
2020-12-31,TLT,0.0021610402736386
2021-01-04,GLD,0.0037072651943418
2021-01-04,QQQ,0.0024572431000172
2021-01-04,SPY,0.0050679574352109
2021-01-04,TLT,0.0014592251465143
2021-01-05,GLD,0.0220142589123479
2021-01-05,QQQ,-0.0142205839561316
2021-01-05,SPY,-0.013707503856706
2021-01-05,TLT,-0.0012053317539295
2021-01-06,GLD,0.0029572490918935
2021-01-06,QQQ,0.0082103198400692
2021-01-06,SPY,0.0068637194394418
2021-01-06,TLT,-0.0074543890288724
2021-01-07,GLD,-0.0163743841563195
2021-01-07,QQQ,-0.0139491343132453
2021-01-07,SPY,0.0059607127864125
2021-01-07,TLT,-0.0207418121099554
2021-01-08,GLD,-0.0023373497260989
2021-01-08,QQQ,0.0239039917535848
2021-01-08,SPY,0.0147482068789343
2021-01-08,TLT,-0.0088534276568066
2021-01-11,GLD,-0.034808794723662
2021-01-11,QQQ,0.0127759587979663
2021-01-11,SPY,0.0056815440776087
2021-01-11,TLT,-0.0032328746956248
2021-01-12,GLD,-0.0019633680816781
2021-01-12,QQQ,-0.014555423954118
2021-01-12,SPY,-0.006763647820054
2021-01-12,TLT,-0.001653494129096
2021-01-13,GLD,0.0064530941435164
2021-01-13,QQQ,-0.0015914953183484
2021-01-13,SPY,0.0002111968248231
2021-01-13,TLT,-0.0007947181020804
2021-01-14,GLD,-0.0043166778076138
2021-01-14,QQQ,0.0067305957406211
2021-01-14,SPY,0.0026893591787599
2021-01-14,TLT,0.0111990432613244
2021-01-15,GLD,-0.0005192346256867
2021-01-15,QQQ,-0.0053617806466263
2021-01-15,SPY,-0.0035081264856747
2021-01-15,TLT,-0.0094119409946716
2021-01-19,GLD,-0.0124852460858674
2021-01-19,QQQ,-0.0079527120598341
2021-01-19,SPY,-0.0073193793264112
2021-01-19,TLT,0.0039599186289109
2021-01-20,GLD,0.0084373775679232
2021-01-20,QQQ,0.014484530345028
2021-01-20,SPY,0.0078212943693274
2021-01-20,TLT,0.0032222447668201
2021-01-21,GLD,0.0161511546000279
2021-01-21,QQQ,0.0229945007043832
2021-01-21,SPY,0.0137438119345877
2021-01-21,TLT,0.0009844089988157
2021-01-22,GLD,-0.0006273739671711
2021-01-22,QQQ,0.007967668441354
2021-01-22,SPY,0.0009112405658674
2021-01-22,TLT,-0.0070430260048991
2021-01-25,GLD,-0.0079043020605179
2021-01-25,QQQ,-0.0028843247023529
2021-01-25,SPY,-0.0035456950282216
2021-01-25,TLT,0.0032314829206113
2021-01-26,GLD,0.0008622455288576
2021-01-26,QQQ,0.0082321763963914
2021-01-26,SPY,0.0039360633849463
2021-01-26,TLT,0.0117166666389937
2021-01-27,GLD,-0.0024736569511458
2021-01-27,QQQ,0.0014618884884994
2021-01-27,SPY,-0.0015621500362329
2021-01-27,TLT,-0.001888899980289
2021-01-28,GLD,-0.0063557782954412
2021-01-28,QQQ,-0.0282726273062806
2021-01-28,SPY,-0.0247440868321593
2021-01-28,TLT,0.0025394731408973
2021-01-29,GLD,0.0009269317276355
2021-01-29,QQQ,0.0058993995472053
2021-01-29,SPY,0.0085634297686505
2021-01-29,TLT,-0.0055431104580772
2021-02-01,GLD,-0.0004054103376829
2021-02-01,QQQ,-0.0212627049023047
2021-02-01,SPY,-0.0202226964732383
2021-02-01,TLT,-0.0060343760079969
2021-02-02,GLD,0.0093415229782414
2021-02-02,QQQ,0.0246802558971037
2021-02-02,SPY,0.0165084909802803
2021-02-02,TLT,0.0
2021-02-03,GLD,-0.0122424300846774
2021-02-03,QQQ,0.0161824149647779
2021-02-03,SPY,0.0140411840372107
2021-02-03,TLT,-0.006468214180301
2021-02-04,GLD,-0.001511772015805
2021-02-04,QQQ,-0.003975138396044
2021-02-04,SPY,0.0007860055760851
2021-02-04,TLT,-0.0089126736326566
2021-02-05,GLD,-0.0217656369241351
2021-02-05,QQQ,0.0117572716185438
2021-02-05,SPY,0.0113016053429685
2021-02-05,TLT,-0.0026759041115567
2021-02-08,GLD,0.0098237486926909
2021-02-08,QQQ,0.0033857201584087
2021-02-08,SPY,0.003928132782376
2021-02-08,TLT,-0.0084087812426837
2021-02-09,GLD,0.0100197522109129
2021-02-09,QQQ,0.0066773229553557
2021-02-09,SPY,0.007195986710037
2021-02-09,TLT,0.0043813484883447
2021-02-10,GLD,0.0032595928083516
2021-02-10,QQQ,-0.0002097972006219
2021-02-10,SPY,-0.0006660427582991
2021-02-10,TLT,0.0007395745490744
2021-02-11,GLD,0.0036544306292798
2021-02-11,QQQ,-0.0022814219197677
2021-02-11,SPY,-0.0004357475256623
2021-02-11,TLT,0.0066316719547494
2021-02-12,GLD,-0.0087230137985228
2021-02-12,QQQ,0.0054845164948075
2021-02-12,SPY,0.0016137630790994
2021-02-12,TLT,-0.0054896840708798
2021-02-16,GLD,-0.0030418523515484
2021-02-16,QQQ,0.0055736121461561
2021-02-16,SPY,0.00492762388112
2021-02-16,TLT,-0.0124972481892997
2021-02-17,GLD,-0.0144574960341956
2021-02-17,QQQ,-0.0027083861077511
2021-02-17,SPY,-0.0008663767311645
2021-02-17,TLT,-0.0153438555622946
2021-02-18,GLD,-0.0114177862341961
2021-02-18,QQQ,-0.0048098315685851
2021-02-18,SPY,0.0002294583990713
2021-02-18,TLT,0.0063304292163265
2021-02-19,GLD,-6.0090224343136566e-05
2021-02-19,QQQ,-0.0043817341068015
2021-02-19,SPY,-0.0042650864514255
2021-02-19,TLT,-0.0040551026920194
2021-02-22,GLD,0.0041399703856312
2021-02-22,QQQ,-0.0043708708099713
2021-02-22,SPY,-0.0017675379341602
2021-02-22,TLT,-0.0133810896467555
2021-02-23,GLD,0.0148582317519616
2021-02-23,QQQ,-0.0262616833360148
2021-02-23,SPY,-0.007721449861292
2021-02-23,TLT,-0.0076371827386947
2021-02-24,GLD,-0.0023033964742125
2021-02-24,QQQ,-0.002981712468324
2021-02-24,SPY,0.0012136425422739
2021-02-24,TLT,-0.0028877527215239
2021-02-25,GLD,-0.0007097783269727
2021-02-25,QQQ,0.0082093174327942
2021-02-25,SPY,0.0109590560642225
2021-02-25,TLT,-0.0065815879811667
2021-02-26,GLD,-0.0189958080653072
2021-02-26,QQQ,-0.0354848158742812
2021-02-26,SPY,-0.0243908299509816
2021-02-26,TLT,-0.0164654241520602
2021-03-01,GLD,-0.0244801145341545
2021-03-01,QQQ,0.0041789239679197
2021-03-01,SPY,-0.0051659407474344
2021-03-01,TLT,0.0325243609506721
2021-03-02,GLD,-0.0017319159550744
2021-03-02,QQQ,0.0296384779959735
2021-03-02,SPY,0.0239510671220349
2021-03-02,TLT,-0.0144980906110908
2021-03-03,GLD,0.0054331483665202
2021-03-03,QQQ,-0.016168836240248
2021-03-03,SPY,-0.0078338236177441
2021-03-03,TLT,7.09585329879732e-05
2021-03-04,GLD,-0.0110827283745206
2021-03-04,QQQ,-0.0294494807168714
2021-03-04,SPY,-0.013334212282538
2021-03-04,TLT,-0.0109050226086426
2021-03-05,GLD,-0.0098855956672333
2021-03-05,QQQ,-0.0165023393299527
2021-03-05,SPY,-0.012452018277786
2021-03-05,TLT,-0.0064706093918751
2021-03-08,GLD,0.0006286134207733
2021-03-08,QQQ,0.0149485031077859
2021-03-08,SPY,0.0182294120411311
2021-03-08,TLT,0.0019456267675475
2021-03-09,GLD,-0.0104223150481412
2021-03-09,QQQ,-0.0287226550686737
2021-03-09,SPY,-0.0049912003973511
2021-03-09,TLT,-0.0078052127812527
2021-03-10,GLD,0.0210480601944894
2021-03-10,QQQ,0.0386832384401442
2021-03-10,SPY,0.0141765489966974
2021-03-10,TLT,0.013762537442969
2021-03-11,GLD,0.0050853276984302
2021-03-11,QQQ,-0.0028586998977749
2021-03-11,SPY,0.0062052935375905
2021-03-11,TLT,0.0020017076280761
2021-03-12,GLD,-0.0008663865026826
2021-03-12,QQQ,0.0227701865651743
2021-03-12,SPY,0.0100880994500771
2021-03-12,TLT,-0.0072394665895926
2021-03-15,GLD,-0.0001857451996914
2021-03-15,QQQ,-0.0081453239285788
2021-03-15,SPY,0.0013458750409823
2021-03-15,TLT,-0.0214498864993632
2021-03-16,GLD,0.0043868676100483
2021-03-16,QQQ,0.0106261392866795
2021-03-16,SPY,0.0059458626469103
2021-03-16,TLT,0.0058625630107154
2021-03-17,GLD,0.0009244132771239
2021-03-17,QQQ,0.0054738100531551
2021-03-17,SPY,-0.0012621164725121
2021-03-17,TLT,-0.004026824311969
2021-03-18,GLD,0.0071195808075622
2021-03-18,QQQ,0.0041091060318743
2021-03-18,SPY,0.0034040808005609
2021-03-18,TLT,-0.0075111126825392
2021-03-19,GLD,-0.0058269675795917
2021-03-19,QQQ,-0.031109507239685
2021-03-19,SPY,-0.0146565461260689
2021-03-19,TLT,-0.0101779799211064
2021-03-22,GLD,0.0041743948168263
2021-03-22,QQQ,0.0035190095584006
2021-03-22,SPY,-0.0051219123029553
2021-03-22,TLT,0.0061786167206913
2021-03-23,GLD,-0.0014713433816878
2021-03-23,QQQ,0.0173173166642506
2021-03-23,SPY,0.007953256654126
2021-03-23,TLT,0.0111435752425731
2021-03-24,GLD,-0.0073274084831506
2021-03-24,QQQ,-0.0043721950032809
2021-03-24,SPY,-0.0079019356615604
2021-03-24,TLT,0.0089864421106518
2021-03-25,GLD,0.0034548592032761
2021-03-25,QQQ,-0.0170091246669655
2021-03-25,SPY,-0.0050964332964272
2021-03-25,TLT,0.0053677064255861
2021-03-26,GLD,-0.0036402714825327
2021-03-26,QQQ,-0.0017330189215058
2021-03-26,SPY,0.0056098116544631
2021-03-26,TLT,-0.0079166361622719
2021-03-29,GLD,0.0028393742167224
2021-03-29,QQQ,0.0148888138518418
2021-03-29,SPY,0.0159864890043672
2021-03-29,TLT,-0.0035061812557841
2021-03-30,GLD,-0.0119673287887777
2021-03-30,QQQ,-0.0002848391004337
2021-03-30,SPY,-0.0005052344367457
2021-03-30,TLT,-0.0085244758301057
2021-03-31,GLD,-0.0172395750160292
2021-03-31,QQQ,-0.0050457759344839
2021-03-31,SPY,-0.0026564835295431
2021-03-31,TLT,0.0052262214300534
2021-04-01,GLD,0.0150539754945091
2021-04-01,QQQ,0.0151869600290558
2021-04-01,SPY,0.0040451489712678
2021-04-01,TLT,-0.005595315749217
2021-04-05,GLD,0.0125490184935917
2021-04-05,QQQ,0.0169026933524553
2021-04-05,SPY,0.0107411852328068
2021-04-05,TLT,0.0150940557868816
2021-04-06,GLD,-0.0003704696536619
2021-04-06,QQQ,0.0197681325636704
2021-04-06,SPY,0.01425108126442
2021-04-06,TLT,-0.0043727993935121
2021-04-07,GLD,0.0079966167292692
2021-04-07,QQQ,-0.0006949415435123
2021-04-07,SPY,-0.0005907597654681
2021-04-07,TLT,0.0067697632578846
2021-04-08,GLD,-0.0028223021365765
2021-04-08,QQQ,0.0024152773954433
2021-04-08,SPY,0.0011566272792055
2021-04-08,TLT,-0.0069889003956958
2021-04-09,GLD,0.0106946358568615
2021-04-09,QQQ,0.0103795488632814
2021-04-09,SPY,0.0047355481277492
2021-04-09,TLT,0.008221441241145
2021-04-12,GLD,-0.0075660269341201
2021-04-12,QQQ,0.0060399739225411
2021-04-12,SPY,0.0072438489360192
2021-04-12,TLT,-0.0036295047098216
2021-04-13,GLD,-0.0060820674901002
2021-04-13,QQQ,-0.0013059811426857
2021-04-13,SPY,0.0003645218005266
2021-04-13,TLT,-0.0004364093788952
2021-04-14,GLD,0.0070614884732901
2021-04-14,QQQ,0.0116055241562372
2021-04-14,SPY,0.0029593004085995
2021-04-14,TLT,0.0074656876068262
2021-04-15,GLD,-0.0043537794872208
2021-04-15,QQQ,-0.0120808908029281
2021-04-15,SPY,-0.0034209812419999
2021-04-15,TLT,-0.003182430422717
2021-04-16,GLD,0.0160335365383925
2021-04-16,QQQ,0.0150417972644821
2021-04-16,SPY,0.0106851639617201
2021-04-16,TLT,0.0165958967030234
2021-04-19,GLD,0.0060295628147861
2021-04-19,QQQ,0.0011703123448023
2021-04-19,SPY,0.003336852424136
2021-04-19,TLT,-0.0077966962266945
2021-04-20,GLD,-0.0027691247303623
2021-04-20,QQQ,-0.0091939281331184
2021-04-20,SPY,-0.0049251563455943
2021-04-20,TLT,-0.0028764143484438
2021-04-21,GLD,0.0035502419969409
2021-04-21,QQQ,-0.0073154117628458
2021-04-21,SPY,-0.0073484775781938
2021-04-21,TLT,0.0045983655408475
2021-04-22,GLD,0.0098623623108536
2021-04-22,QQQ,0.0085245590384395
2021-04-22,SPY,0.0094176147575743
2021-04-22,TLT,0.0020051480545313
2021-04-23,GLD,-0.0065042542316209
2021-04-23,QQQ,-0.0121278190722273
2021-04-23,SPY,-0.0091750850740763
2021-04-23,TLT,0.0043545103203653
2021-04-26,GLD,-0.0038387727937765
2021-04-26,QQQ,0.012510913118856
2021-04-26,SPY,0.0107840548430684
2021-04-26,TLT,-0.0023533748400908
2021-04-27,GLD,0.0026407556715896
2021-04-27,QQQ,0.0064899762210903
2021-04-27,SPY,0.0020854448563579
2021-04-27,TLT,-0.001428958156487
2021-04-28,GLD,-0.002520544909244
2021-04-28,QQQ,-0.0043416155175618
2021-04-28,SPY,-0.0002155265431764
2021-04-28,TLT,-0.0087612856348085
2021-04-29,GLD,0.002940064461277
2021-04-29,QQQ,-0.0033865714670191
2021-04-29,SPY,-0.0002874410014608
2021-04-29,TLT,0.000648926290753
2021-04-30,GLD,-0.0041425474621681
2021-04-30,QQQ,0.0035923633889681
2021-04-30,SPY,0.0063525723847207
2021-04-30,TLT,-0.0029596729693862
2021-05-03,GLD,-0.0033747021924852
2021-05-03,QQQ,-0.0065761904161214
2021-05-03,SPY,-0.0065921940600244
2021-05-03,TLT,0.0023107466786331
2021-05-04,GLD,0.0128948551881409
2021-05-04,QQQ,-0.0053397967590466
2021-05-04,SPY,0.0021544578388957
2021-05-04,TLT,-0.00086589062707
2021-05-05,GLD,-0.007356686965198
2021-05-05,QQQ,-0.0181596323044755
2021-05-05,SPY,-0.0061884466696837
2021-05-05,TLT,0.0067631195568876
2021-05-06,GLD,0.0041336133669812
2021-05-06,QQQ,-0.0033679229812108
2021-05-06,SPY,0.0003127485587299
2021-05-06,TLT,0.0016478292820273
2021-05-07,GLD,0.0165420027352803
2021-05-07,QQQ,0.0075090762329
2021-05-07,SPY,0.0079538698118477
2021-05-07,TLT,0.0016451184071313
2021-05-10,GLD,0.0089565873538219
2021-05-10,QQQ,0.0080816481459544
2021-05-10,SPY,0.0072516343506481
2021-05-10,TLT,-0.0049436063890659
2021-05-11,GLD,0.0030259218728549
2021-05-11,QQQ,-0.0255787087873411
2021-05-11,SPY,-0.0099517348420577
2021-05-11,TLT,-0.0101786721624138
2021-05-12,GLD,0.0001742848474817
2021-05-12,QQQ,-0.0013823775435269
2021-05-12,SPY,-0.0089648164267485
2021-05-12,TLT,-0.0056757340485891
2021-05-13,GLD,-0.0099834834134529
2021-05-13,QQQ,-0.0262238096277484
2021-05-13,SPY,-0.0214741612243917
2021-05-13,TLT,-0.0105633845063663
2021-05-14,GLD,0.0040989178599215
2021-05-14,QQQ,0.0077015977150092
2021-05-14,SPY,0.0119409407215824
2021-05-14,TLT,0.0015474116218744
2021-05-17,GLD,0.009074563611959
2021-05-17,QQQ,0.0218366758020738
2021-05-17,SPY,0.015238637296052
2021-05-17,TLT,0.0093078782246247
2021-05-18,GLD,0.0115721059373621
2021-05-18,QQQ,-0.0060848710506539
2021-05-18,SPY,-0.0025477662854817
2021-05-18,TLT,-0.0021178563441832
2021-05-19,GLD,0.0019442812059788
2021-05-19,QQQ,-0.0067736133439754
2021-05-19,SPY,-0.0086530078715497
2021-05-19,TLT,-0.0025618785757171
2021-05-20,GLD,0.0006853819629941
2021-05-20,QQQ,0.0011476098670791
2021-05-20,SPY,-0.0026252253916853
2021-05-20,TLT,-0.0024215886158358
2021-05-21,GLD,0.0045568717957412
2021-05-21,QQQ,0.0191587033425236
2021-05-21,SPY,0.0107005003682509
2021-05-21,TLT,0.0081949323197287
2021-05-24,GLD,0.0004544691684223
2021-05-24,QQQ,-0.0055500777280572
2021-05-24,SPY,-0.0008190512307528
2021-05-24,TLT,0.0032011846265713
2021-05-25,GLD,0.0017594874877142
2021-05-25,QQQ,0.0166791828682452
2021-05-25,SPY,0.010142660245798
2021-05-25,TLT,0.003697626281201
2021-05-26,GLD,0.0090319035143782
2021-05-26,QQQ,0.0013824352970568
2021-05-26,SPY,-0.0022211905080248
2021-05-26,TLT,0.0092207398790124
2021-05-27,GLD,-0.0017435678186662
2021-05-27,QQQ,0.0034777539219333
2021-05-27,SPY,0.0019825807983608
2021-05-27,TLT,-0.0017224454260682
2021-05-28,GLD,0.0003940189892895
2021-05-28,QQQ,-0.0037480740769644
2021-05-28,SPY,0.0005248371143394
2021-05-28,TLT,-0.0040305045836232
2021-06-01,GLD,0.0037630876338542
2021-06-01,QQQ,0.0031492888967761
2021-06-01,SPY,0.0017871401816827
2021-06-01,TLT,-0.0015878835227913
2021-06-02,GLD,-0.0026945732480542
2021-06-02,QQQ,-0.0033295429381041
2021-06-02,SPY,-0.0008812450285228
2021-06-02,TLT,-0.0016627202090414
2021-06-03,GLD,0.0048785269631015
2021-06-03,QQQ,0.0019510846458581
2021-06-03,SPY,0.001571364953169
2021-06-03,TLT,0.0023125836647317
2021-06-04,GLD,-0.0197724208646648
2021-06-04,QQQ,-0.0104602554870765
2021-06-04,SPY,-0.0037182681475316
2021-06-04,TLT,-0.0037607933606599
2021-06-07,GLD,0.0107256332646573
2021-06-07,QQQ,0.0168273383194011
2021-06-07,SPY,0.0091043026667068
2021-06-07,TLT,0.0136017315464362
2021-06-08,GLD,0.0039996192096109
2021-06-08,QQQ,0.0029753071096233
2021-06-08,SPY,-0.0009706641654232
2021-06-08,TLT,-0.0030783049206864
2021-06-09,GLD,-0.0030968677538627
2021-06-09,QQQ,0.00047523957868
2021-06-09,SPY,0.0002131427714453
2021-06-09,TLT,0.0070019986987784
2021-06-10,GLD,-0.0019193434836643
2021-06-10,QQQ,0.0002374898216056
2021-06-10,SPY,-0.0014930266854129
2021-06-10,TLT,0.0087900579849294
2021-06-11,GLD,0.0042851315176653
2021-06-11,QQQ,0.0103664885371801
2021-06-11,SPY,0.004637614499841
2021-06-11,TLT,0.0059810251653343
2021-06-14,GLD,-0.0113161778909122
2021-06-14,QQQ,0.0026114955954224
2021-06-14,SPY,0.0016511283615731
2021-06-14,TLT,-0.0016148554320686
2021-06-15,GLD,-0.0058781664100421
2021-06-15,QQQ,0.009537132532599
2021-06-15,SPY,0.0022364551356958
2021-06-15,TLT,-0.0076887928078362
2021-06-16,GLD,-0.0037848631237422
2021-06-16,QQQ,-0.006552435272965
2021-06-16,SPY,-0.0018358532711675
2021-06-16,TLT,-0.0012045076481775
2021-06-17,GLD,-0.0170360036803554
2021-06-17,QQQ,-0.0036588796779876
2021-06-17,SPY,-0.0055990073978809
2021-06-17,TLT,-0.0008511978512016
2021-06-18,GLD,-0.0312228259164103
2021-06-18,QQQ,0.01261759737584
2021-06-18,SPY,-0.0003316845189309
2021-06-18,TLT,0.0148610032554085
2021-06-21,GLD,-0.0055627051424659
2021-06-21,QQQ,-0.007878266398322
2021-06-21,SPY,-0.0168484614286166
2021-06-21,TLT,0.0186313007397443
2021-06-22,GLD,0.012173251058176
2021-06-22,QQQ,0.0050364172699994
2021-06-22,SPY,0.0142144390786622
2021-06-22,TLT,-0.0168850633545452
2021-06-23,GLD,-0.004201668574228
2021-06-23,QQQ,0.0092785253887279
2021-06-23,SPY,0.0053319558957808
2021-06-23,TLT,0.0024396632352957
2021-06-24,GLD,-0.0006618767987564
2021-06-24,QQQ,0.0004889413761903
2021-06-24,SPY,-0.0012060382755662
2021-06-24,TLT,-0.0025791733823824
2021-06-25,GLD,-0.0006021199876096
2021-06-25,QQQ,0.0061638152203827
2021-06-25,SPY,0.0058983300978505
2021-06-25,TLT,0.0016040434733516
2021-06-28,GLD,0.0033069991892593
2021-06-28,QQQ,-0.0012297797777998
2021-06-28,SPY,0.0035457628657765
2021-06-28,TLT,-0.0104375962242848
2021-06-29,GLD,-5.999643961855651e-05
2021-06-29,QQQ,0.0120882627420384
2021-06-29,SPY,0.0020139007430977
2021-06-29,TLT,0.0102285236433282
2021-06-30,GLD,-0.0105610346472273
2021-06-30,QQQ,0.0036122483538567
2021-06-30,SPY,0.0005379304425156
2021-06-30,TLT,0.0016714641855978
2021-07-01,GLD,0.0048417635922936
2021-07-01,QQQ,-0.0015787479586074
2021-07-01,SPY,0.0008413231950273
2021-07-01,TLT,0.0044435215873805
2021-07-02,GLD,0.0034354496150826
2021-07-02,QQQ,0.0003949637524899
2021-07-02,SPY,0.0055213250356444
2021-07-02,TLT,-0.0012478022685492
2021-07-06,GLD,0.0065369291506959
2021-07-06,QQQ,0.0114133323427069
2021-07-06,SPY,0.0076144754138362
2021-07-06,TLT,0.0060163740336832
2021-07-07,GLD,0.0049491878832175
2021-07-07,QQQ,0.0043125360887449
2021-07-07,SPY,-0.0018231322201707
2021-07-07,TLT,0.0116528305636896
2021-07-08,GLD,0.003799573612682
2021-07-08,QQQ,0.0021078016240111
2021-07-08,SPY,0.0035278257625641
2021-07-08,TLT,0.0088201114457223
2021-07-09,GLD,-0.000652029388752
2021-07-09,QQQ,-0.0060579943777234
2021-07-09,SPY,-0.0081813717742589
2021-07-09,TLT,0.0039102177087353
2021-07-12,GLD,0.0033150614410246
2021-07-12,QQQ,0.0062242018044666
2021-07-12,SPY,0.0106182050507178
2021-07-12,TLT,-0.0141625025557842
2021-07-13,GLD,-0.0012418718351821
2021-07-13,QQQ,0.0038981115031253
2021-07-13,SPY,0.0035755197437581
2021-07-13,TLT,-0.0012975208879758
2021-07-14,GLD,0.0013009357869861
2021-07-14,QQQ,0.0
2021-07-14,SPY,-0.0034147884341721
2021-07-14,TLT,-0.0076828140732301
2021-07-15,GLD,0.0106977573134754
2021-07-15,QQQ,0.0017918759784686
2021-07-15,SPY,0.0014911026849908
2021-07-15,TLT,0.0112979661619688
2021-07-16,GLD,0.0001754642548268
2021-07-16,QQQ,-0.0070482700980343
2021-07-16,SPY,-0.0034213749975135
2021-07-16,TLT,0.0109698443815064
2021-07-19,GLD,-0.009751038308664
2021-07-19,QQQ,-0.0081323428472921
2021-07-19,SPY,-0.0078745195006332
2021-07-19,TLT,-0.0018874206329509
2021-07-20,GLD,0.0011798535126086
2021-07-20,QQQ,-0.0082272428220038
2021-07-20,SPY,-0.0148780526636577
2021-07-20,TLT,0.0216913757448207
2021-07-21,GLD,-0.0012979424872485
2021-07-21,QQQ,0.0115494653867918
2021-07-21,SPY,0.0142287048178391
2021-07-21,TLT,-0.0096863139170785
2021-07-22,GLD,-0.0037261902890749
2021-07-22,QQQ,0.007690713245643
2021-07-22,SPY,0.0080636989043274
2021-07-22,TLT,-0.0127475316103791
2021-07-23,GLD,0.001953541186602
2021-07-23,QQQ,0.0065885329268873
2021-07-23,SPY,0.0020919392091566
2021-07-23,TLT,0.0094086303448644
2021-07-26,GLD,-0.0031393408805519
2021-07-26,QQQ,0.0116097728475657
2021-07-26,SPY,0.0102354355255598
2021-07-26,TLT,-0.0067114345879868
2021-07-27,GLD,-0.0023758261058627
2021-07-27,QQQ,0.0007872457651358
2021-07-27,SPY,0.0024518414542581
2021-07-27,TLT,-0.0029673777171054
2021-07-28,GLD,0.0016636888817755
2021-07-28,QQQ,-0.0110790787049388
2021-07-28,SPY,-0.0045679868775771
2021-07-28,TLT,0.010614824875497
2021-07-29,GLD,0.0050335632022407
2021-07-29,QQQ,0.0038342389051085
2021-07-29,SPY,-0.000410150361419
2021-07-29,TLT,6.678811229136349e-05
2021-07-30,GLD,0.0110440230200986
2021-07-30,QQQ,0.0017752716389154
2021-07-30,SPY,0.0041388319522584
2021-07-30,TLT,-0.0055616223290381
2021-08-02,GLD,-0.0079181083097629
2021-08-02,QQQ,-0.0052253825600487
2021-08-02,SPY,-0.0048682568551774
2021-08-02,TLT,0.004692620537419
2021-08-03,GLD,-0.0012374082182159
2021-08-03,QQQ,8.228198845647201e-05
2021-08-03,SPY,-0.0021002482810405
2021-08-03,TLT,0.0076618109386296
2021-08-04,GLD,-0.0007077270423842
2021-08-04,QQQ,0.0060431171835608
2021-08-04,SPY,0.008102549274361
2021-08-04,TLT,0.0005308329468467
2021-08-05,GLD,0.0002359346694256
2021-08-05,QQQ,0.0014438435626956
2021-08-05,SPY,-0.004931060854894
2021-08-05,TLT,0.0020542571161755
2021-08-06,GLD,-0.0039599222534518
2021-08-06,QQQ,0.0063229123666001
2021-08-06,SPY,0.0063128913102674
2021-08-06,TLT,-0.0051103764502157
2021-08-09,GLD,-0.0253087044773451
2021-08-09,QQQ,-0.0043919867597851
2021-08-09,SPY,0.0016510729648396
2021-08-09,TLT,-0.016842043173026
2021-08-10,GLD,-0.0178948160577297
2021-08-10,QQQ,0.0018459333521068
2021-08-10,SPY,-0.0008138757283817
2021-08-10,TLT,-0.0035928505685325
2021-08-11,GLD,0.0003091474314937
2021-08-11,QQQ,-0.0051389229821553
2021-08-11,SPY,0.0012431773269283
2021-08-11,TLT,-0.0046286425216976
2021-08-12,GLD,0.0136908280718836
2021-08-12,QQQ,-0.0017188596914669
2021-08-12,SPY,0.0024817965361681
2021-08-12,TLT,-0.0006143088112813
2021-08-13,GLD,0.0002438317714271
2021-08-13,QQQ,0.0035980286363941
2021-08-13,SPY,0.002992468333533
2021-08-13,TLT,-0.0016397259302133
2021-08-16,GLD,0.0142241671635916
2021-08-16,QQQ,0.0035037953526722
2021-08-16,SPY,0.0018181841249573
2021-08-16,TLT,0.0156724771837533
2021-08-17,GLD,0.0049758912626773
2021-08-17,QQQ,0.0004337317989884
2021-08-17,SPY,0.0023518871523535
2021-08-17,TLT,0.0024204987426263
2021-08-18,GLD,-0.001496155150116
2021-08-18,QQQ,-0.0088470855198653
2021-08-18,SPY,-0.0065768132903881
2021-08-18,TLT,-0.000402992728627
2021-08-19,GLD,0.0007783092556947
2021-08-19,QQQ,-0.0096712557517253
2021-08-19,SPY,-0.0110053325672183
2021-08-19,TLT,0.0033534570630569
2021-08-20,GLD,-0.0029367165231408
2021-08-20,QQQ,0.0048198174779607
2021-08-20,SPY,0.0015471260202361
2021-08-20,TLT,0.0073381972625411
2021-08-23,GLD,0.0005400158455303
2021-08-23,QQQ,0.0103050550956001
2021-08-23,SPY,0.0079255869140166
2021-08-23,TLT,0.0006644924066141
2021-08-24,GLD,0.012104007439095
2021-08-24,QQQ,0.0148458779238712
2021-08-24,SPY,0.0087580547578398
2021-08-24,TLT,-0.0006644924066141
2021-08-25,GLD,-0.0004742535717267
2021-08-25,QQQ,0.0030497191148064
2021-08-25,SPY,0.0015861657791226
2021-08-25,TLT,-0.0078070538700925
2021-08-26,GLD,-0.0069616096765641
2021-08-26,QQQ,0.0011479176496852
2021-08-26,SPY,0.0020961617618364
2021-08-26,TLT,-0.0083412667555179
2021-08-27,GLD,0.0011338353884634
2021-08-27,QQQ,-0.0063702320858445
2021-08-27,SPY,-0.0059206666842455
2021-08-27,TLT,0.0027657184860452
2021-08-30,GLD,0.0149177233226356
2021-08-30,QQQ,0.0096732577248204
2021-08-30,SPY,0.0089012203664454
2021-08-30,TLT,0.0067806627706833
2021-08-31,GLD,-0.0049478590471494
2021-08-31,QQQ,0.0111597115290928
2021-08-31,SPY,0.0043879402073269
2021-08-31,TLT,0.0026059910705338
2021-09-01,GLD,0.0020056420675674
2021-09-01,QQQ,-0.0008155577190939
2021-09-01,SPY,-0.0014826752766506
2021-09-01,TLT,-0.0068301072094446
2021-09-02,GLD,5.88968847449306e-05
2021-09-02,QQQ,0.0016566723477816
2021-09-02,SPY,0.0005313280284991
2021-09-02,TLT,0.0004030468840517
2021-09-03,GLD,-0.0026552424645444
2021-09-03,QQQ,-0.0004730549653276
2021-09-03,SPY,0.0030718919689984
2021-09-03,TLT,0.0043560965068567
2021-09-07,GLD,0.0106374460880295
2021-09-07,QQQ,0.0030710247002155
2021-09-07,SPY,-0.0002427882882909
2021-09-07,TLT,-0.0091361691143103
2021-09-08,GLD,-0.0197780205042791
2021-09-08,QQQ,0.0014141476076643
2021-09-08,SPY,-0.0035819242678236
2021-09-08,TLT,-0.008471468521161
2021-09-09,GLD,-0.0025075441660514
2021-09-09,QQQ,-0.0034867096103869
2021-09-09,SPY,-0.0012189852589251
2021-09-09,TLT,0.0067829063532622
2021-09-10,GLD,0.0044137344149745
2021-09-10,QQQ,-0.0034462317793106
2021-09-10,SPY,-0.004289403379351
2021-09-10,TLT,0.0120277517967072
2021-09-13,GLD,-0.0050714951644253
2021-09-13,QQQ,-0.0076184927705903
2021-09-13,SPY,-0.0079158046029616
2021-09-13,TLT,-0.0088556015850006
2021-09-14,GLD,0.0033441618437189
2021-09-14,QQQ,-0.0006906704081778
2021-09-14,SPY,0.0025559623450608
2021-09-14,TLT,0.0060464353811176
2021-09-15,GLD,0.0064179076360024
2021-09-15,QQQ,-0.0028472372828033
2021-09-15,SPY,-0.0054111232667169
2021-09-15,TLT,0.0120503274792044
2021-09-16,GLD,-0.0058815287100911
2021-09-16,QQQ,0.0074072846319641
2021-09-16,SPY,0.0083179480288204
2021-09-16,TLT,-0.003513535882801
2021-09-17,GLD,-0.0229022427478189
2021-09-17,QQQ,0.0006875291683928
2021-09-17,SPY,-0.0015864847538577
2021-09-17,TLT,-0.0045928289114808
2021-09-20,GLD,-0.0015862999324902
2021-09-20,QQQ,-0.0119128461796834
2021-09-20,SPY,-0.0129873855451871
2021-09-20,TLT,-0.0048151047796214
2021-09-21,GLD,0.0071187556570393
2021-09-21,QQQ,-0.021987754168285
2021-09-21,SPY,-0.0168147645560542
2021-09-21,TLT,0.0123257237750889
2021-09-22,GLD,0.0066468965426044
2021-09-22,QQQ,0.001229710302398
2021-09-22,SPY,-0.0009450682547066
2021-09-22,TLT,-0.0008612161854252
2021-09-23,GLD,-0.0037409995549623
2021-09-23,QQQ,0.0092971186225716
2021-09-23,SPY,0.0097075439403293
2021-09-23,TLT,0.0059468519269289
2021-09-24,GLD,-0.0116135662434195
2021-09-24,QQQ,0.0091846408986322
2021-09-24,SPY,0.0120768004099736
2021-09-24,TLT,-0.0228561856720989
2021-09-27,GLD,-0.0012850982867509
2021-09-27,QQQ,0.0009378826834325
2021-09-27,SPY,0.0016458558976701
2021-09-27,TLT,-0.0098215774254742
2021-09-28,GLD,0.0020798706668898
2021-09-28,QQQ,-0.0080141901025778
2021-09-28,SPY,-0.0028650157490217
2021-09-28,TLT,-0.0036825501734312
2021-09-29,GLD,-0.0097639409115995
2021-09-29,QQQ,-0.0287056793852378
2021-09-29,SPY,-0.02035766426472
2021-09-29,TLT,-0.0156995502070627
2021-09-30,GLD,-0.0045149330127863
2021-09-30,QQQ,-0.0016408161726134
2021-09-30,SPY,0.0016817239644042
2021-09-30,TLT,0.0017335233433045
2021-10-01,GLD,0.0178169843070141
2021-10-01,QQQ,-0.0036808009383522
2021-10-01,SPY,-0.0122976512315443
2021-10-01,TLT,-0.0001384952085514
2021-10-04,GLD,0.0022505110921036
2021-10-04,QQQ,0.0061826617134287
2021-10-04,SPY,0.0118141140061632
2021-10-04,TLT,0.0071115619325705
2021-10-05,GLD,0.0046674082584735
2021-10-05,QQQ,-0.0212129101515443
2021-10-05,SPY,-0.0129799141869825
2021-10-05,TLT,-0.0025488965933169
2021-10-06,GLD,-0.0046674082584735
2021-10-06,QQQ,0.0134086791079403
2021-10-06,SPY,0.0103512223426876
2021-10-06,TLT,-0.0097033885022284
2021-10-07,GLD,0.002669757352534
2021-10-07,QQQ,0.0063873266078376
2021-10-07,SPY,0.0041474432560906
2021-10-07,TLT,0.0056255838548333
2021-10-08,GLD,-0.0052856838680448
2021-10-08,QQQ,0.0091332078634367
2021-10-08,SPY,0.008608528312384
2021-10-08,TLT,-0.0105128164536155
2021-10-11,GLD,0.0004262740437871
2021-10-11,QQQ,-0.004999106005461
2021-10-11,SPY,-0.0018254427571049
2021-10-11,TLT,-0.0070234869819007
2021-10-12,GLD,-0.001889365574135
2021-10-12,QQQ,-0.0076992637804364
2021-10-12,SPY,-0.007266052148833
2021-10-12,TLT,-0.0025405842791747
2021-10-13,GLD,0.004504271350483
2021-10-13,QQQ,-0.0034939170137641
2021-10-13,SPY,-0.0024645757133769
2021-10-13,TLT,0.0169554829996027
2021-10-14,GLD,0.0176377344344727
2021-10-14,QQQ,0.0079761286652247
2021-10-14,SPY,0.0035911585106906
2021-10-14,TLT,0.0096792369507096
2021-10-15,GLD,0.0024434808580754
2021-10-15,QQQ,0.0182491469859562
2021-10-15,SPY,0.0166807426749283
2021-10-15,TLT,0.0037085994202657
2021-10-18,GLD,-0.0160204917648545
2021-10-18,QQQ,0.0062808573746743
2021-10-18,SPY,0.0075869543117504
2021-10-18,TLT,-0.005843790256653
2021-10-19,GLD,-0.0024829909023894
2021-10-19,QQQ,0.0100055891382349
2021-10-19,SPY,0.0029561469310035
2021-10-19,TLT,0.0046777819474186
2021-10-20,GLD,0.0032085191864092
2021-10-20,QQQ,0.0075389528392817
2021-10-20,SPY,0.0076852614015726
2021-10-20,TLT,-0.0138906192547037
2021-10-21,GLD,0.0087257781754686
2021-10-21,QQQ,-0.0013058572750613
2021-10-21,SPY,0.0039200293324759
2021-10-21,TLT,-0.0067730681401637
2021-10-22,GLD,-0.0008991093021597
2021-10-22,QQQ,0.0060883618507414
2021-10-22,SPY,0.0026048418167514
2021-10-22,TLT,-0.0011917571107746
2021-10-25,GLD,0.0060983344527552
2021-10-25,QQQ,-0.0084379246946848
2021-10-25,SPY,-0.001036717952219
2021-10-25,TLT,0.0109527573758125
2021-10-26,GLD,0.0068903653296167
2021-10-26,QQQ,0.0101858162363815
2021-10-26,SPY,0.0053484730742988
2021-10-26,TLT,-0.0015275743435452
2021-10-27,GLD,-0.0074270271251684
2021-10-27,QQQ,0.0031437908743203
2021-10-27,SPY,0.000899614264452
2021-10-27,TLT,0.0082350723250412
2021-10-28,GLD,0.002620623640364
2021-10-28,QQQ,0.0023184879404309
2021-10-28,SPY,-0.0044400315324887
2021-10-28,TLT,0.0180308073275402
2021-10-29,GLD,-0.0002379136626084
2021-10-29,QQQ,0.0110440556569592
2021-10-29,SPY,0.0096026099853194
2021-10-29,TLT,-0.0033900634635105
2021-11-01,GLD,-0.0085442993017005
2021-11-01,QQQ,0.0049069566447908
2021-11-01,SPY,0.0020270780143344
2021-11-01,TLT,0.0030515531504593
2021-11-02,GLD,0.0052070044974187
2021-11-02,QQQ,0.0034129033870025
2021-11-02,SPY,0.0017187367034474
2021-11-02,TLT,-0.0084996940450794
2021-11-03,GLD,-0.002151313138887
2021-11-03,QQQ,0.0041726702772442
2021-11-03,SPY,0.0040349434239443
2021-11-03,TLT,0.0044288145104333
2021-11-04,GLD,-0.0083501482773226
2021-11-04,QQQ,0.010559664964875
2021-11-04,SPY,0.0060866720883999
2021-11-04,TLT,-0.0103874985435504
2021-11-05,GLD,0.0112771252957394
2021-11-05,QQQ,0.012737115799984
2021-11-05,SPY,0.0047014511422903
2021-11-05,TLT,0.010455548209044
2021-11-08,GLD,0.0129783593269464
2021-11-08,QQQ,0.000953803639789
2021-11-08,SPY,0.0034636037212191
2021-11-08,TLT,0.0148450558859059
2021-11-09,GLD,0.0035851848469019
2021-11-09,QQQ,-0.0013556815332642
2021-11-09,SPY,0.0008533567819511
2021-11-09,TLT,-0.0018771711896181
2021-11-10,GLD,0.0049160066341954
2021-11-10,QQQ,-0.0069071595225131
2021-11-10,SPY,-0.0033108462216264
2021-11-10,TLT,0.0129343917388045
2021-11-11,GLD,0.0108002482845723
2021-11-11,QQQ,-0.0148060180415524
2021-11-11,SPY,-0.0080774010932413
2021-11-11,TLT,-0.0184522532649433
2021-11-12,GLD,0.0055864530427388
2021-11-12,QQQ,0.002768843106759
2021-11-12,SPY,0.0003234753455588
2021-11-12,TLT,-0.0014855916443047
2021-11-15,GLD,0.0018934614978916
2021-11-15,QQQ,0.0104676064956607
2021-11-15,SPY,0.0075185095590189
2021-11-15,TLT,-0.0044021194780065
2021-11-16,GLD,-0.0015489449243058
2021-11-16,QQQ,-0.0002281153314607
2021-11-16,SPY,0.0003423636820513
2021-11-16,TLT,-0.0126363903967587
2021-11-17,GLD,-0.0072601560044779
2021-11-17,QQQ,0.0070957915002273
2021-11-17,SPY,0.0039500133996666
2021-11-17,TLT,-0.0025465110416265
2021-11-18,GLD,0.0090956924320787
2021-11-18,QQQ,0.0005282471671591
2021-11-18,SPY,-0.0024321748554379
2021-11-18,TLT,0.0078937425761446
2021-11-19,GLD,-0.0032143154449525
2021-11-19,QQQ,0.0103080676855293
2021-11-19,SPY,0.0033906571651105
2021-11-19,TLT,0.0037533948363925
2021-11-22,GLD,-0.0076757082629164
2021-11-22,QQQ,0.0055600963889952
2021-11-22,SPY,-0.0017898543376422
2021-11-22,TLT,0.0105025396137111
2021-11-23,GLD,-0.0226756166431203
2021-11-23,QQQ,-0.0116771175085196
2021-11-23,SPY,-0.0028191447952608
2021-11-23,TLT,-0.0117975842424398
2021-11-24,GLD,-0.0086900534684789
2021-11-24,QQQ,-0.0045683374949832
2021-11-24,SPY,0.0013251158447459
2021-11-24,TLT,-0.0145646649404534
2021-11-26,GLD,-0.0009569597921073
2021-11-26,QQQ,0.0032151106413701
2021-11-26,SPY,0.0026662985058638
2021-11-26,TLT,0.0159278890158491
2021-11-29,GLD,-0.0016168462526691
2021-11-29,QQQ,-0.0191407872797548
2021-11-29,SPY,-0.0225556490482397
2021-11-29,TLT,0.0249549951947089
2021-11-30,GLD,-0.0013795005365548
2021-11-30,QQQ,0.0214702833837502
2021-11-30,SPY,0.0121919823663944
2021-11-30,TLT,-0.0080706886661756
2021-12-01,GLD,-0.0067445464245647
2021-12-01,QQQ,-0.0147952820335718
2021-12-01,SPY,-0.0196494074264313
2021-12-01,TLT,0.0150877807170696
2021-12-02,GLD,0.0039800067903959
2021-12-02,QQQ,-0.0171592608430204
2021-12-02,SPY,-0.0111693489986255
2021-12-02,TLT,0.0049353570916497
2021-12-03,GLD,-0.005552205835401
2021-12-03,QQQ,0.0071812427819105
2021-12-03,SPY,0.0152001911963535
2021-12-03,TLT,0.0012464491032168
2021-12-06,GLD,0.0083768190817409
2021-12-06,QQQ,-0.017541582732986
2021-12-06,SPY,-0.0087393903697224
2021-12-06,TLT,0.0118615004827092
2021-12-07,GLD,-0.0024635953850727
2021-12-07,QQQ,0.0079810316816575
2021-12-07,SPY,0.0117737297780264
2021-12-07,TLT,-0.0138302834861798
2021-12-08,GLD,0.0035432060613326
2021-12-08,QQQ,0.029669343002704
2021-12-08,SPY,0.020473797351641
2021-12-08,TLT,-0.0081126701904103
2021-12-09,GLD,0.0005393685677794
2021-12-09,QQQ,0.0044642902242942
2021-12-09,SPY,0.0026444678463242
2021-12-09,TLT,-0.0174358979100475
2021-12-10,GLD,-0.0061301292839007
2021-12-10,QQQ,-0.0148236117272573
2021-12-10,SPY,-0.0067744345903001
2021-12-10,TLT,0.0055777963190512
2021-12-13,GLD,0.0042110206852463
2021-12-13,QQQ,0.0108117320308539
2021-12-13,SPY,0.0093694656078313
2021-12-13,TLT,-0.0024154641919916
2021-12-14,GLD,0.0025181269175168
2021-12-14,QQQ,-0.0145522450039038
2021-12-14,SPY,-0.0088978255494883
2021-12-14,TLT,0.014670821691534
2021-12-15,GLD,-0.0093852063396415
2021-12-15,QQQ,-0.0104042079490393
2021-12-15,SPY,-0.0069038201752754
2021-12-15,TLT,-0.0023860073415703
2021-12-16,GLD,0.0042823519885167
2021-12-16,QQQ,0.0225414844167804
2021-12-16,SPY,0.0155042311191254
2021-12-16,TLT,-0.0096683331091885
2021-12-17,GLD,0.0120249708405399
2021-12-17,QQQ,-0.0260510252148682
2021-12-17,SPY,-0.0088576296858642
2021-12-17,TLT,-0.0007372942495366
2021-12-20,GLD,-0.0021431166861886
2021-12-20,QQQ,-0.005001611141404
2021-12-20,SPY,-0.0142070293487291
2021-12-20,TLT,0.0112679288968433
2021-12-21,GLD,-0.004240244730917
2021-12-21,QQQ,-0.0110241481862176
2021-12-21,SPY,-0.0106903441405788
2021-12-21,TLT,-0.0075201158802595
2021-12-22,GLD,-0.0004189761834467
2021-12-22,QQQ,0.0221336197035611
2021-12-22,SPY,0.0176031439629836
2021-12-22,TLT,-0.0038148295230814
2021-12-23,GLD,0.0093561188001071
2021-12-23,QQQ,0.0121050069199688
2021-12-23,SPY,0.0099490584453941
2021-12-23,TLT,0.0046161808898475
2021-12-27,GLD,0.0022514814912111
2021-12-27,QQQ,0.007510754197924
2021-12-27,SPY,0.0062028007667942
2021-12-27,TLT,-0.0087149643307394
2021-12-28,GLD,0.0023644504768288
2021-12-28,QQQ,0.0163921645396972
2021-12-28,SPY,0.0140529469640168
2021-12-28,TLT,0.0024209870551767
2021-12-29,GLD,-0.0043193803400249
2021-12-29,QQQ,-0.0046455154239322
2021-12-29,SPY,-0.000817529410382
2021-12-29,TLT,-0.0039708744192379
2021-12-30,GLD,-0.0002965516280151
2021-12-30,QQQ,-0.000149403756939
2021-12-30,SPY,0.0012783904192747
2021-12-30,TLT,-0.0109846179372403
2021-12-31,GLD,0.0071515817441825
2021-12-31,QQQ,-0.0029928484705995
2021-12-31,SPY,-0.0027683573402238
2021-12-31,TLT,0.0083511756744154
2022-01-03,GLD,0.0068083584325513
2022-01-03,QQQ,-0.0062641145993
2022-01-03,SPY,-0.0025233679239986
2022-01-03,TLT,0.0019589222280259
2022-01-04,GLD,-0.0155033009737006
2022-01-04,QQQ,0.0095806683276938
2022-01-04,SPY,0.0057732639583171
2022-01-04,TLT,-0.0266007637483972
2022-01-05,GLD,0.0073395148031692
2022-01-05,QQQ,-0.0130553542440456
2022-01-05,SPY,-0.0003349950109533
2022-01-05,TLT,-0.004166715080555
2022-01-06,GLD,-0.0030121970522097
2022-01-06,QQQ,-0.0312028811180915
2022-01-06,SPY,-0.01938889823036
2022-01-06,TLT,-0.0054427515045093
2022-01-07,GLD,-0.0123197037802094
2022-01-07,QQQ,-0.0007028921743179
2022-01-07,SPY,-0.0009398549007887
2022-01-07,TLT,0.0025854815299477
2022-01-10,GLD,0.0045408125722829
2022-01-10,QQQ,-0.0108918807346682
2022-01-10,SPY,-0.0039613471198268
2022-01-10,TLT,-0.0072141711815956
2022-01-11,GLD,0.0030355936239956
2022-01-11,QQQ,0.0006579207564915
2022-01-11,SPY,-0.001245140926146
2022-01-11,TLT,0.0024573053367253
2022-01-12,GLD,0.0119924571366455
2022-01-12,QQQ,0.0149103124654015
2022-01-12,SPY,0.0090670385517369
2022-01-12,TLT,0.0066394132446922
2022-01-13,GLD,0.0026391371424113
2022-01-13,QQQ,0.0039577343917636
2022-01-13,SPY,0.0026998943417852
2022-01-13,TLT,-0.0038385297994383
2022-01-14,GLD,-0.003402771341298
2022-01-14,QQQ,-0.025334363184745
2022-01-14,SPY,-0.0138743935189613
2022-01-14,TLT,0.0088413281008897
2022-01-18,GLD,-0.0028838291505565
2022-01-18,QQQ,0.0062032642117135
2022-01-18,SPY,0.0004089371946281
2022-01-18,TLT,-0.0152247695193741
2022-01-19,GLD,-0.0016516182679313
2022-01-19,QQQ,-0.0252092384076272
2022-01-19,SPY,-0.0178683037138341
2022-01-19,TLT,-0.0141745811469279
2022-01-20,GLD,0.0157557506051342
2022-01-20,QQQ,-0.0110443758978994
2022-01-20,SPY,-0.0104378431248547
2022-01-20,TLT,0.0068997760970655
2022-01-21,GLD,-0.0025020112544038
2022-01-21,QQQ,-0.013073544309463
2022-01-21,SPY,-0.0111297754328004
2022-01-21,TLT,0.0061481772916581
2022-01-24,GLD,-0.0032677719138099
2022-01-24,QQQ,-0.0281203225532243
2022-01-24,SPY,-0.0198258817220074
2022-01-24,TLT,0.0118361321423949
2022-01-25,GLD,0.005479160681096
2022-01-25,QQQ,0.0045674071198642
2022-01-25,SPY,0.0042377437734018
2022-01-25,TLT,-0.0082495429189453
2022-01-26,GLD,0.0031920345769763
2022-01-26,QQQ,-0.0234543554671302
2022-01-26,SPY,-0.0122841158387268
2022-01-26,TLT,-0.0016158764819809
2022-01-27,GLD,-0.0162985679043135
2022-01-27,QQQ,-0.0015658802442083
2022-01-27,SPY,-0.0025119476945792
2022-01-27,TLT,-0.0121676742647743
2022-01-28,GLD,-0.0129821153205973
2022-01-28,QQQ,-0.0101215767840737
2022-01-28,SPY,-0.0049501955321615
2022-01-28,TLT,0.0181964384144352
2022-01-31,GLD,-0.0029877523376664
2022-01-31,QQQ,0.0308870902864506
2022-01-31,SPY,0.0245320241023347
2022-01-31,TLT,0.0003494151224176
2022-02-01,GLD,0.0059070563312306
2022-02-01,QQQ,0.0314777345980252
2022-02-01,SPY,0.0178507897735481
2022-02-01,TLT,-0.005183574804228
2022-02-02,GLD,0.0008325368758188
2022-02-02,QQQ,0.0067804349956059
2022-02-02,SPY,0.0067342001640128
2022-02-02,TLT,-0.004716478895669
2022-02-03,GLD,0.0036194338899541
2022-02-03,QQQ,0.0080925805190685
2022-02-03,SPY,0.0096672043824065
2022-02-03,TLT,0.0033812072973584
2022-02-04,GLD,-0.0014224174555621
2022-02-04,QQQ,-0.0413886641941557
2022-02-04,SPY,-0.0237856223750822
2022-02-04,TLT,-0.0078365372388882
2022-02-07,GLD,0.001540891086981
2022-02-07,QQQ,0.0125360627257762
2022-02-07,SPY,0.0046911871145822
2022-02-07,TLT,-0.0148521251965491
2022-02-08,GLD,0.0073753173535773
2022-02-08,QQQ,-0.0080770128749392
2022-02-08,SPY,-0.00321443735436
2022-02-08,TLT,0.0006473093353358
2022-02-09,GLD,0.0030522079460774
2022-02-09,QQQ,0.0111726475030155
2022-02-09,SPY,0.0081941955394972
2022-02-09,TLT,-0.0067083449916222
2022-02-10,GLD,0.0033934142753984
2022-02-10,QQQ,0.0209693315559073
2022-02-10,SPY,0.014530032891025
2022-02-10,TLT,0.0018799319740641
2022-02-11,GLD,-0.0038037857675304
2022-02-11,QQQ,-0.0228925499123274
2022-02-11,SPY,-0.018128986189387
2022-02-11,TLT,-0.0160201273746013
2022-02-14,GLD,0.0188756078655614
2022-02-14,QQQ,-0.0322356938928311
2022-02-14,SPY,-0.0199157291232924
2022-02-14,TLT,0.0147190379865903
2022-02-15,GLD,0.0053364517771822
2022-02-15,QQQ,0.001238190881216
2022-02-15,SPY,-0.0032746708514206
2022-02-15,TLT,-0.0125192786466989
2022-02-16,GLD,-0.0095452603702391
2022-02-16,QQQ,0.0245599869352737
2022-02-16,SPY,0.0159982107168349
2022-02-16,TLT,-0.0114177740930333
2022-02-17,GLD,0.0102317313073376
2022-02-17,QQQ,-0.0002527383536875
2022-02-17,SPY,0.0011201972565205
2022-02-17,TLT,0.0059093322204877
2022-02-18,GLD,0.0135755081689762
2022-02-18,QQQ,-0.030195157819212
2022-02-18,SPY,-0.0215928732166531
2022-02-18,TLT,0.0074109341365877
2022-02-22,GLD,-0.0007337240197317
2022-02-22,QQQ,-0.0114709605169973
2022-02-22,SPY,-0.0064961069138482
2022-02-22,TLT,0.0104720795481299
2022-02-23,GLD,0.0020868588568963
2022-02-23,QQQ,-0.0100944756042923
2022-02-23,SPY,-0.0107896475380417
2022-02-23,TLT,0.0026009740887413
2022-02-24,GLD,0.0044971001402729
2022-02-24,QQQ,-0.0259489410338467
2022-02-24,SPY,-0.0178978728701239
2022-02-24,TLT,-0.0138775339961856
2022-02-25,GLD,-0.0064710234538261
2022-02-25,QQQ,0.0330521547853106
2022-02-25,SPY,0.0149370035861838
2022-02-25,TLT,0.0006583404712762
2022-02-28,GLD,-0.0033362372759372
2022-02-28,QQQ,0.0153880544607133
2022-02-28,SPY,0.02182411504576
2022-02-28,TLT,0.0007308204166058
2022-03-01,GLD,0.0103119939512437
2022-03-01,QQQ,0.0029744273450353
2022-03-01,SPY,-0.0025618054472031
2022-03-01,TLT,0.0216818503332085
2022-03-02,GLD,0.0180004317657538
2022-03-02,QQQ,-0.0154298422992034
2022-03-02,SPY,-0.0153474441899679
2022-03-02,TLT,0.0101719264066377
2022-03-03,GLD,-0.0104608643845172
2022-03-03,QQQ,0.0166402209213191
2022-03-03,SPY,0.0182290492061456
2022-03-03,TLT,-0.034780492093333
2022-03-04,GLD,0.0059357638448758
2022-03-04,QQQ,-0.014387877647377
2022-03-04,SPY,-0.0049909059142293
2022-03-04,TLT,0.0101338626899663
2022-03-07,GLD,0.015803608419049
2022-03-07,QQQ,-0.0145980048048964
2022-03-07,SPY,-0.0081578043956918
2022-03-07,TLT,0.0171165978978817
2022-03-08,GLD,0.0147534952702928
2022-03-08,QQQ,-0.0375784306774669
2022-03-08,SPY,-0.0299224312194867
2022-03-08,TLT,-0.0076590855079184
2022-03-09,GLD,0.0269914293684263
2022-03-09,QQQ,-0.0046589284312281
2022-03-09,SPY,-0.0076105879108744
2022-03-09,TLT,-0.0101105352067428
2022-03-10,GLD,-0.0301614952662056
2022-03-10,QQQ,0.0353653047127843
2022-03-10,SPY,0.0264577071707377
2022-03-10,TLT,-0.0098473102636682
2022-03-11,GLD,0.0031163668784777
2022-03-11,QQQ,-0.0111669318092538
2022-03-11,SPY,-0.0045257792609062
2022-03-11,TLT,-0.0144715418314194
2022-03-14,GLD,-0.007052696024243
2022-03-14,QQQ,-0.0209564162455368
2022-03-14,SPY,-0.0127965877120404
2022-03-14,TLT,0.0033411096225907
2022-03-15,GLD,-0.0151884750581415
2022-03-15,QQQ,-0.0193914300912783
2022-03-15,SPY,-0.0073351596936431
2022-03-15,TLT,-0.0236258724168544
2022-03-16,GLD,-0.018882610033681
2022-03-16,QQQ,0.030884928984762
2022-03-16,SPY,0.0217521374076852
2022-03-16,TLT,-0.0017470909788125
2022-03-17,GLD,0.0062412859954877
2022-03-17,QQQ,0.0364155706535329
2022-03-17,SPY,0.0219319332717148
2022-03-17,TLT,0.0097599300566198
2022-03-18,GLD,0.004876733952655
2022-03-18,QQQ,0.0120335439425184
2022-03-18,SPY,0.0124333171366457
2022-03-18,TLT,-0.007481655597118
2022-03-21,GLD,-0.0088287107078973
2022-03-21,QQQ,0.0202613166443738
2022-03-21,SPY,0.0077914139875615
2022-03-21,TLT,0.0121387292469537
2022-03-22,GLD,0.0076117550195462
2022-03-22,QQQ,-0.0040195721230106
2022-03-22,SPY,-0.0002924353773164
2022-03-22,TLT,-0.0234287697027815
2022-03-23,GLD,-0.0072771899242425
2022-03-23,QQQ,0.0194620453088119
2022-03-23,SPY,0.0116334599687074
2022-03-23,TLT,-0.0128945417508227
2022-03-24,GLD,0.0135672095760514
2022-03-24,QQQ,-0.0144756405190565
2022-03-24,SPY,-0.0129620652010102
2022-03-24,TLT,0.0216782061650769
2022-03-25,GLD,0.0072341375131086
2022-03-25,QQQ,0.0219832531155277
2022-03-25,SPY,0.0149618745731806
2022-03-25,TLT,-0.0078635269839648
2022-03-28,GLD,-0.0041038605376913
2022-03-28,QQQ,-0.000834458443327
2022-03-28,SPY,0.0048717123409529
2022-03-28,TLT,-0.0139700301875357
2022-03-29,GLD,-0.018371517706821
2022-03-29,QQQ,0.0153538969716499
2022-03-29,SPY,0.0070878597392273
2022-03-29,TLT,0.0085132535875213
2022-03-30,GLD,0.0004466880684897
2022-03-30,QQQ,0.0170633096002567
2022-03-30,SPY,0.0122949343421032
2022-03-30,TLT,0.007524112166683
2022-03-31,GLD,0.0080062833792575
2022-03-31,QQQ,-0.0111070278494447
2022-03-31,SPY,-0.0061939357728945
2022-03-31,TLT,0.0077713839781802
2022-04-01,GLD,0.0003875207880489
2022-04-01,QQQ,-0.0124722030174205
2022-04-01,SPY,-0.0155109934691582
2022-04-01,TLT,0.0024257692963933
2022-04-04,GLD,-0.0063862158789015
2022-04-04,QQQ,-0.0019050584247039
2022-04-04,SPY,0.0028301043466709
2022-04-04,TLT,0.0022687981004994
2022-04-05,GLD,0.0048350616826839
2022-04-05,QQQ,0.0203795106243387
2022-04-05,SPY,0.0085300925260051
2022-04-05,TLT,-0.0069739376686081
2022-04-06,GLD,-0.0062845490460992
2022-04-06,QQQ,-0.0224543436180296
2022-04-06,SPY,-0.012711778187951
2022-04-06,TLT,-0.0228515508599143
2022-04-07,GLD,0.0023404756196963
2022-04-07,QQQ,-0.0219505878143794
2022-04-07,SPY,-0.0100496858887307
2022-04-07,TLT,-0.008127016169695
2022-04-08,GLD,0.0037777415804509
2022-04-08,QQQ,0.0023750189829624
2022-04-08,SPY,0.0050263150313066
2022-04-08,TLT,-0.007560870106461
2022-04-11,GLD,0.0062464197486159
2022-04-11,QQQ,-0.0140777645435842
2022-04-11,SPY,-0.0026775161462259
2022-04-11,TLT,-0.0108899380223342
2022-04-12,GLD,0.0049472061408498
2022-04-12,QQQ,-0.0239417242417911
2022-04-12,SPY,-0.0172400437045892
2022-04-12,TLT,-0.0159513842220857
2022-04-13,GLD,0.0076474353017589
2022-04-13,QQQ,-0.0042331908603218
2022-04-13,SPY,-0.0037121114853793
2022-04-13,TLT,-0.0013814814153052
2022-04-14,GLD,0.0047771092877693
2022-04-14,QQQ,0.0201231453821453
2022-04-14,SPY,0.0113884828391237
2022-04-14,TLT,0.0020309523819282
2022-04-18,GLD,-0.0033090194372707
2022-04-18,QQQ,-0.0231325874478217
2022-04-18,SPY,-0.0125299312103549
2022-04-18,TLT,-0.0202490929604388
2022-04-19,GLD,0.0030924062818564
2022-04-19,QQQ,0.000767987299975
2022-04-19,SPY,0.0004110548011065
2022-04-19,TLT,-0.0049813176504214
2022-04-20,GLD,-0.0152282681121338
2022-04-20,QQQ,0.0221047242109265
2022-04-20,SPY,0.0160137673002007
2022-04-20,TLT,-0.00751884511381
2022-04-21,GLD,0.0048830061930919
2022-04-21,QQQ,-0.0146918676854787
2022-04-21,SPY,-0.0007418198482218
2022-04-21,TLT,0.0199259520042697
2022-04-22,GLD,-0.0035639435023602
2022-04-22,QQQ,-0.0209081227773242
2022-04-22,SPY,-0.0150664833963355
2022-04-22,TLT,-0.0074257892400381
2022-04-25,GLD,-0.0097696613524008
2022-04-25,QQQ,-0.0265347996633086
2022-04-25,SPY,-0.0278226230912424
2022-04-25,TLT,-0.006313904359789
2022-04-26,GLD,-0.0181344325202295
2022-04-26,QQQ,0.012763899812651
2022-04-26,SPY,0.0057808391465373
2022-04-26,TLT,0.0099511939527807
2022-04-27,GLD,0.00152385538733
2022-04-27,QQQ,-0.0384757128900222
2022-04-27,SPY,-0.0293884671208387
2022-04-27,TLT,0.010016513878497
2022-04-28,GLD,-0.0075857232426336
2022-04-28,QQQ,-0.0011989427786629
2022-04-28,SPY,0.002807837300803
2022-04-28,TLT,-0.0129087697911399
2022-04-29,GLD,0.005383804789463
2022-04-29,QQQ,0.0348997053246765
2022-04-29,SPY,0.0249456981193354
2022-04-29,TLT,0.0014884672424763
2022-05-02,GLD,-0.0001129833478409
2022-05-02,QQQ,-0.0460425317204392
2022-05-02,SPY,-0.0376558167278943
2022-05-02,TLT,-0.0130579452321007
2022-05-03,GLD,-0.0187145229029449
2022-05-03,QQQ,0.0165581194120154
2022-05-03,SPY,0.0060013996632985
2022-05-03,TLT,-0.0191866315024303
2022-05-04,GLD,0.002645759356915
2022-05-04,QQQ,0.0010669899902033
2022-05-04,SPY,0.0045735675616204
2022-05-04,TLT,0.0067191484803476
2022-05-05,GLD,0.0097746167754347
2022-05-05,QQQ,0.0332531133748678
2022-05-05,SPY,0.0299984470237861
2022-05-05,TLT,0.0054947643637167
2022-05-06,GLD,-0.0038184194446891
2022-05-06,QQQ,-0.0516766260131111
2022-05-06,SPY,-0.0361898382147171
2022-05-06,TLT,-0.0277807508191156
2022-05-09,GLD,0.0016545049194706
2022-05-09,QQQ,-0.0120531792675558
2022-05-09,SPY,-0.0059868111650779
2022-05-09,TLT,-0.0148448811558186
2022-05-10,GLD,-0.0145853476425463
2022-05-10,QQQ,-0.0399129700001116
2022-05-10,SPY,-0.032541030728462
2022-05-10,TLT,0.008758924492071
2022-05-11,GLD,-0.0084810656535207
2022-05-11,QQQ,0.0120755957071665
2022-05-11,SPY,0.0023078626978
2022-05-11,TLT,0.0090286308938112
2022-05-12,GLD,0.008133958004822
2022-05-12,QQQ,-0.0301069426420318
2022-05-12,SPY,-0.0160136690520443
2022-05-12,TLT,0.0190889882967784
2022-05-13,GLD,-0.0154527061706768
2022-05-13,QQQ,-0.002367117017966
2022-05-13,SPY,-0.0010444756685108
2022-05-13,TLT,-0.0018671075379474
2022-05-16,GLD,-0.0081426276988109
2022-05-16,QQQ,0.0363897529056689
2022-05-16,SPY,0.02362653009661
2022-05-16,TLT,-0.0148911423424521
2022-05-17,GLD,0.0094932796520766
2022-05-17,QQQ,-0.0116594144414497
2022-05-17,SPY,-0.0040658189177654
2022-05-17,TLT,-0.0010352204558797
2022-05-18,GLD,-0.0062990940856839
2022-05-18,QQQ,0.0255716313173263
2022-05-18,SPY,0.0203616860077537
2022-05-18,TLT,-0.0121571619541975
2022-05-19,GLD,0.0005313437048441
2022-05-19,QQQ,-0.050336245650619
2022-05-19,SPY,-0.0411466028930116
2022-05-19,TLT,0.0210934725485891
2022-05-20,GLD,0.0145902771602608
2022-05-20,QQQ,-0.0053727504669945
2022-05-20,SPY,-0.0061434534278095
2022-05-20,TLT,0.0023923351900968
2022-05-23,GLD,0.000697767757192
2022-05-23,QQQ,-0.0031127681509243
2022-05-23,SPY,0.0004364410561866
2022-05-23,TLT,0.0112861465051214
2022-05-24,GLD,0.0046395898938689
2022-05-24,QQQ,0.0164907484478051
2022-05-24,SPY,0.0185371994866822
2022-05-24,TLT,-0.0165912222846375
2022-05-25,GLD,0.007493711725538
2022-05-25,QQQ,-0.0214914620364881
2022-05-25,SPY,-0.0076630631862073
2022-05-25,TLT,0.0195401941321005
2022-05-26,GLD,-0.0060482487965583
2022-05-26,QQQ,0.0138983033393466
2022-05-26,SPY,0.0087961046011871
2022-05-26,TLT,0.0039464446524658
2022-05-27,GLD,-0.0018506096399272
2022-05-27,QQQ,0.0273302262719978
2022-05-27,SPY,0.0197843760971566
2022-05-27,TLT,-0.0045355437174703
2022-05-31,GLD,0.0005208853826908
2022-05-31,QQQ,0.0321182700288345
2022-05-31,SPY,0.0242526532107174
2022-05-31,TLT,0.0024383155156962
2022-06-01,GLD,-0.0099422702551653
2022-06-01,QQQ,-0.0026564119340874
2022-06-01,SPY,-0.0056267842656146
2022-06-01,TLT,-0.0213894105827924
2022-06-02,GLD,0.0063488366174163
2022-06-02,QQQ,-0.0074233549976896
2022-06-02,SPY,-0.0081214189092501
2022-06-02,TLT,-0.0029211837911177
2022-06-03,GLD,0.0122340400879811
2022-06-03,QQQ,0.0270173588792731
2022-06-03,SPY,0.0188644211933641
2022-06-03,TLT,0.00051610804237
2022-06-06,GLD,-0.010203900438868
2022-06-06,QQQ,-0.0263639377418686
2022-06-06,SPY,-0.0165476845143269
2022-06-06,TLT,-0.0021522973538402
2022-06-07,GLD,-0.004413447852864
2022-06-07,QQQ,0.0033255842045986
2022-06-07,SPY,0.0030401443137915
2022-06-07,TLT,-0.0186157029117444
2022-06-08,GLD,0.0064972678121684
2022-06-08,QQQ,0.0085887316346518
2022-06-08,SPY,0.0095465099609198
2022-06-08,TLT,0.0107420215104108
2022-06-09,GLD,-0.0009256257836888
2022-06-09,QQQ,-0.007222523124667
2022-06-09,SPY,-0.0109316873186563
2022-06-09,TLT,-0.0088998429426804
2022-06-10,GLD,-0.0031883338247287
2022-06-10,QQQ,-0.0271498642046643
2022-06-10,SPY,-0.0240702653592132
2022-06-10,TLT,0.0033249210766562
2022-06-13,GLD,0.0133231352281609
2022-06-13,QQQ,-0.0359075626954013
2022-06-13,SPY,-0.0294243329424138
2022-06-13,TLT,-0.0062213275262058
2022-06-14,GLD,-0.0267673588244725
2022-06-14,QQQ,-0.0476119791514088
2022-06-14,SPY,-0.0387077297869092
2022-06-14,TLT,-0.0318819680193967
2022-06-15,GLD,-0.0080354072032867
2022-06-15,QQQ,0.0018138291026623
2022-06-15,SPY,-0.0030178956236066
2022-06-15,TLT,-0.0126936495003245
2022-06-16,GLD,0.0129665096766109
2022-06-16,QQQ,0.0246651520019693
2022-06-16,SPY,0.0141556722256004
2022-06-16,TLT,0.0184844674295889
2022-06-17,GLD,0.0111804468161364
2022-06-17,QQQ,-0.041182936143778
2022-06-17,SPY,-0.0336561046793044
2022-06-17,TLT,0.007908065048251
2022-06-21,GLD,-0.0082568101440456
2022-06-21,QQQ,0.0120862432636144
2022-06-21,SPY,-0.0021569913683171
2022-06-21,TLT,0.0032171663623574
2022-06-22,GLD,-0.0037437854344901
2022-06-22,QQQ,0.0229960805747027
2022-06-22,SPY,0.0248619882198446
2022-06-22,TLT,-0.0170975235514211
2022-06-23,GLD,0.0039772683354227
2022-06-23,QQQ,-0.0014596287220974
2022-06-23,SPY,-0.001814620773458
2022-06-23,TLT,0.0271290981886715
2022-06-24,GLD,-0.0061481182984487
2022-06-24,QQQ,0.0147830975235587
2022-06-24,SPY,0.0097548327531278
2022-06-24,TLT,0.0081812667581329
2022-06-27,GLD,-0.0009989609969459
2022-06-27,QQQ,0.0336896507087496
2022-06-27,SPY,0.0312989051455815
2022-06-27,TLT,-0.0139393686448553
2022-06-28,GLD,-0.001117694441858
2022-06-28,QQQ,-0.0073586444326665
2022-06-28,SPY,-0.0038270180837005
2022-06-28,TLT,-0.008565354841852
2022-06-29,GLD,-0.0016493806069405
2022-06-29,QQQ,-0.0309405168035584
2022-06-29,SPY,-0.0206444920684129
2022-06-29,TLT,0.0046487145189341
2022-06-30,GLD,-0.000766651706858
2022-06-30,QQQ,0.0009164848870953
2022-06-30,SPY,-0.0008147218221505
2022-06-30,TLT,0.0154877201494492
2022-07-01,GLD,-0.0060955876983352
2022-07-01,QQQ,-0.0124806225661118
2022-07-01,SPY,-0.0081574822476567
2022-07-01,TLT,0.0087436071248198
2022-07-05,GLD,-0.0008313996785857
2022-07-05,QQQ,0.006578875781254
2022-07-05,SPY,0.0105209748060404
2022-07-05,TLT,0.0082361810950655
2022-07-06,GLD,-0.0214377996803844
2022-07-06,QQQ,0.016974828518341
2022-07-06,SPY,0.0018867962567546
2022-07-06,TLT,0.0078263452599471
2022-07-07,GLD,-0.0159690175874046
2022-07-07,QQQ,0.0063915613039269
2022-07-07,SPY,0.0033716490411699
2022-07-07,TLT,-0.0169335079793253
2022-07-08,GLD,0.00055489929127
2022-07-08,QQQ,0.0211732299251144
2022-07-08,SPY,0.0148660934901396
2022-07-08,TLT,-0.0088391116100232
2022-07-11,GLD,0.0004314382372538
2022-07-11,QQQ,0.0012535197429382
2022-07-11,SPY,-0.0008229221592758
2022-07-11,TLT,-0.011137763188853
2022-07-12,GLD,-0.0053749265251639
2022-07-12,QQQ,-0.021595998016113
2022-07-12,SPY,-0.0114893288725731
2022-07-12,TLT,0.0170974678709388
2022-07-13,GLD,-0.0037236489059839
2022-07-13,QQQ,-0.0097345307590001
2022-07-13,SPY,-0.0088883141426295
2022-07-13,TLT,0.0059243969221248
2022-07-14,GLD,0.0047762659636861
2022-07-14,QQQ,-0.002063321840137
2022-07-14,SPY,-0.0052655258712118
2022-07-14,TLT,0.0114010534069588
2022-07-15,GLD,-0.0141466492616412
2022-07-15,QQQ,0.0035645114558458
2022-07-15,SPY,-0.0024314384736241
2022-07-15,TLT,-0.008192212214605
2022-07-18,GLD,-0.0020104758163567
2022-07-18,QQQ,0.0179767056668321
2022-07-18,SPY,0.0189248705859493
2022-07-18,TLT,0.0056124270587026
2022-07-19,GLD,0.0009429497894323
2022-07-19,QQQ,-0.0084986878188945
2022-07-19,SPY,-0.0082912103615671
2022-07-19,TLT,-0.0104731046526089
2022-07-20,GLD,0.0023846238326167
2022-07-20,QQQ,0.0302898574915639
2022-07-20,SPY,0.0266606082494919
2022-07-20,TLT,-0.0054092153560652
2022-07-21,GLD,-0.0094465093392112
2022-07-21,QQQ,0.0157321558821716
2022-07-21,SPY,0.0063529388038422
2022-07-21,TLT,0.0026210311541521
2022-07-22,GLD,0.0140117966022655
2022-07-22,QQQ,0.0142529765835517
2022-07-22,SPY,0.0101316949742741
2022-07-22,TLT,0.0171284097009767
2022-07-25,GLD,0.0024926409954947
2022-07-25,QQQ,-0.0176909111581534
2022-07-25,SPY,-0.0093214061948387
2022-07-25,TLT,0.0166713627187332
2022-07-26,GLD,-0.0027423043036363
2022-07-26,QQQ,-0.0057118385954045
2022-07-26,SPY,0.0012142034327719
2022-07-26,TLT,-0.0098331185627008
2022-07-27,GLD,-0.0011865143173863
2022-07-27,QQQ,-0.0198445704097739
2022-07-27,SPY,-0.01190155325669
2022-07-27,TLT,0.0007664152138483
2022-07-28,GLD,0.0101334672497858
2022-07-28,QQQ,0.0413911926275448
2022-07-28,SPY,0.0256349663061722
2022-07-28,TLT,-0.0056338489051259
2022-07-29,GLD,0.0121116800437174
2022-07-29,QQQ,0.0097305429424454
2022-07-29,SPY,0.0124643823079692
2022-07-29,TLT,0.0079294468967229
2022-08-01,GLD,0.0028071459585694
2022-08-01,QQQ,0.018072665501059
2022-08-01,SPY,0.0144734769366273
2022-08-01,TLT,-0.0027213189207484
2022-08-02,GLD,0.0056512328686964
2022-08-02,QQQ,-0.0006024842738961
2022-08-02,SPY,-0.0029656331023178
2022-08-02,TLT,0.0219826142232398
2022-08-03,GLD,-0.0059559901489022
2022-08-03,QQQ,-0.0029860329615925
2022-08-03,SPY,-0.0066192039717902
2022-08-03,TLT,-0.0213866946148049
2022-08-04,GLD,0.0024352760679877
2022-08-04,QQQ,0.0268684065743063
2022-08-04,SPY,0.0155381530584597
2022-08-04,TLT,0.0156220064157161
2022-08-05,GLD,0.016404693683584
2022-08-05,QQQ,0.0046655501155094
2022-08-05,SPY,-0.0006758195102501
2022-08-05,TLT,-0.0003352125749337
2022-08-08,GLD,-0.0113097814507426
2022-08-08,QQQ,-0.0082024569502386
2022-08-08,SPY,-0.0016915865873167
2022-08-08,TLT,-0.0240913878295983
2022-08-09,GLD,0.0084343482908361
2022-08-09,QQQ,-0.0032375851171993
2022-08-09,SPY,-0.001161607446859
2022-08-09,TLT,0.0160125834716595
2022-08-10,GLD,0.0030548677970775
2022-08-10,QQQ,-0.0113831957381787
2022-08-10,SPY,-0.0039789074939703
2022-08-10,TLT,-0.0038943419403185
2022-08-11,GLD,-0.0025151110588634
2022-08-11,QQQ,0.0275285462912324
2022-08-11,SPY,0.0207864297654047
2022-08-11,TLT,-0.0065529074627298
2022-08-12,GLD,-0.0026417069148636
2022-08-12,QQQ,-0.0056922544510501
2022-08-12,SPY,0.0
2022-08-12,TLT,-0.0235854164621342
2022-08-15,GLD,0.0091559768227203
2022-08-15,QQQ,0.0192834617207276
2022-08-15,SPY,0.0167873139199102
2022-08-15,TLT,0.0100897059292269
2022-08-16,GLD,-0.0129505280899891
2022-08-16,QQQ,0.0080488274181274
2022-08-16,SPY,0.0041122990463738
2022-08-16,TLT,-0.0008658537641861
2022-08-17,GLD,-0.00175162996283
2022-08-17,QQQ,-0.0023446633027429
2022-08-17,SPY,0.0019568280048181
2022-08-17,TLT,0.0041490539478087
2022-08-18,GLD,-0.0064893459471051
2022-08-18,QQQ,-0.0114716169649758
2022-08-18,SPY,-0.0071233285122934
2022-08-18,TLT,-0.0104921758226964
2022-08-19,GLD,-0.0026198444873023
2022-08-19,QQQ,0.0024020826063195
2022-08-19,SPY,0.0029021967606395
2022-08-19,TLT,0.0014807560607592
2022-08-22,GLD,-0.0073475529581149
2022-08-22,QQQ,-0.0196897015799787
2022-08-22,SPY,-0.0135291401646634
2022-08-22,TLT,-0.0162333970773701
2022-08-23,GLD,-0.006659303367833
2022-08-23,QQQ,-0.0266799679581949
2022-08-23,SPY,-0.0210423408082371
2022-08-23,TLT,-0.0033672805029967
2022-08-24,GLD,0.0069665512175815
2022-08-24,QQQ,-0.0008273534239622
2022-08-24,SPY,-0.0024221883835108
2022-08-24,TLT,-0.0055185074090794
2022-08-25,GLD,0.0029445805046794
2022-08-25,QQQ,0.0028929893781238
2022-08-25,SPY,0.0031960689006255
2022-08-25,TLT,-0.0073457258283507
2022-08-26,GLD,0.0030581063588208
2022-08-26,QQQ,0.0175273979574982
2022-08-26,SPY,0.0140187998222796
2022-08-26,TLT,0.0138400837412392
2022-08-29,GLD,-0.0122271532019299
2022-08-29,QQQ,-0.0418518591143115
2022-08-29,SPY,-0.034435186416051
2022-08-29,TLT,0.0075092548261541
2022-08-30,GLD,0.0006180465249853
2022-08-30,QQQ,-0.0099044652083818
2022-08-30,SPY,-0.0066341621828838
2022-08-30,TLT,-0.0083076255858713
2022-08-31,GLD,-0.00837555613648
2022-08-31,QQQ,-0.0111988177620765
2022-08-31,SPY,-0.0110385553401414
2022-08-31,TLT,0.0024818199235388
2022-09-01,GLD,-0.0077553096129762
2022-09-01,QQQ,-0.0058305319817839
2022-09-01,SPY,-0.0076381440931858
2022-09-01,TLT,-0.0096069218556491
2022-09-02,GLD,-0.0088290234746503
2022-09-02,QQQ,0.0004343123542759
2022-09-02,SPY,0.0031329503705523
2022-09-02,TLT,-0.0205894831927395
2022-09-06,GLD,0.008766173723188
2022-09-06,QQQ,-0.0142289445623931
2022-09-06,SPY,-0.0106004166964315
2022-09-06,TLT,0.0056410189385777
2022-09-07,GLD,-0.0058565782593561
2022-09-07,QQQ,-0.0072083057699878
2022-09-07,SPY,-0.0037802866698074
2022-09-07,TLT,-0.0250805794190283
2022-09-08,GLD,0.0101172860901148
2022-09-08,QQQ,0.0200000367243942
2022-09-08,SPY,0.0178054997902064
2022-09-08,TLT,0.0156917062740104
2022-09-09,GLD,-0.0060203788974946
2022-09-09,QQQ,0.0051710329515149
2022-09-09,SPY,0.0065150227727049
2022-09-09,TLT,-0.0103103438940193
2022-09-12,GLD,0.005269846503477
2022-09-12,QQQ,0.0216265813650045
2022-09-12,SPY,0.0154158078663363
2022-09-12,TLT,0.00221830081553
2022-09-13,GLD,0.0050553861933215
2022-09-13,QQQ,0.0118156659286208
2022-09-13,SPY,0.0106903058963532
2022-09-13,TLT,-0.0082510958751717
2022-09-14,GLD,-0.0130967289066481
2022-09-14,QQQ,-0.0563976384693586
2022-09-14,SPY,-0.0444561741472673
2022-09-14,TLT,0.0023246093898909
2022-09-15,GLD,-0.0038550345553118
2022-09-15,QQQ,0.0079019166486321
2022-09-15,SPY,0.0038085611016787
2022-09-15,TLT,0.0034305605769291
2022-09-16,GLD,-0.0188558017376182
2022-09-16,QQQ,-0.0167939246974787
2022-09-16,SPY,-0.0114182374684833
2022-09-16,TLT,-0.000648115333385
2022-09-19,GLD,0.0055337676270803
2022-09-19,QQQ,-0.0061335044222862
2022-09-19,SPY,-0.0117575550039705
2022-09-19,TLT,-0.008370598745063
2022-09-20,GLD,0.000769790767981
2022-09-20,QQQ,0.0059616644800226
2022-09-20,SPY,0.0077250136547012
2022-09-20,TLT,0.0023321993938843
2022-09-21,GLD,-0.0057229320552936
2022-09-21,QQQ,-0.0080029983579918
2022-09-21,SPY,-0.0115449396466753
2022-09-21,TLT,-0.0100202149092912
2022-09-22,GLD,0.0046322283209624
2022-09-22,QQQ,-0.0180683010414205
2022-09-22,SPY,-0.0175977162784959
2022-09-22,TLT,0.0166141472246993
2022-09-23,GLD,-0.0005778441890031
2022-09-23,QQQ,-0.0123841343011337
2022-09-23,SPY,-0.0084353112851132
2022-09-23,TLT,-0.025880508654789
2022-09-26,GLD,-0.0174278164066748
2022-09-26,QQQ,-0.0164156370553362
2022-09-26,SPY,-0.0168967704796837
2022-09-26,TLT,0.0040764176298741
2022-09-27,GLD,-0.0117014143217974
2022-09-27,QQQ,-0.0041464183881921
2022-09-27,SPY,-0.0099419457081467
2022-09-27,TLT,-0.0192956284569069
2022-09-28,GLD,0.0020477436877313
2022-09-28,QQQ,0.0004008959438485
2022-09-28,SPY,-0.0025560147287469
2022-09-28,TLT,-0.026683921018947
2022-09-29,GLD,0.0205735578321778
2022-09-29,QQQ,0.0196968646375136
2022-09-29,SPY,0.0194852777120522
2022-09-29,TLT,0.0329336555020265
2022-09-30,GLD,-0.0001939471718055
2022-09-30,QQQ,-0.0292513103045392
2022-09-30,SPY,-0.0211102318049051
2022-09-30,TLT,-0.0051893342323266
2022-10-03,GLD,6.462035224685361e-05
2022-10-03,QQQ,-0.0171019890164304
2022-10-03,SPY,-0.0155843421309755
2022-10-03,TLT,-0.0129947909010257
2022-10-04,GLD,0.0240190059453634
2022-10-04,QQQ,0.023189296705025
2022-10-04,SPY,0.0260587368762938
2022-10-04,TLT,0.0133801190533532
2022-10-05,GLD,0.0142264445961119
2022-10-05,QQQ,0.0309566743305566
2022-10-05,SPY,0.0305162578563102
2022-10-05,TLT,-0.0027969436344712
2022-10-06,GLD,-0.0055536594329764
2022-10-06,QQQ,-0.0005317895297006
2022-10-06,SPY,-0.0023309545840216
2022-10-06,TLT,-0.0096075060388932
2022-10-07,GLD,-0.0011269264553861
2022-10-07,QQQ,-0.0079040577363154
2022-10-07,SPY,-0.0103693743539807
2022-10-07,TLT,-0.0055737657325423
2022-10-10,GLD,-0.0110233861426891
2022-10-10,QQQ,-0.038849047248195
2022-10-10,SPY,-0.0282903236636262
2022-10-10,TLT,-0.009755267659003
2022-10-11,GLD,-0.0153182032171569
2022-10-11,QQQ,-0.0100465911686807
2022-10-11,SPY,-0.0076646230719739
2022-10-11,TLT,-0.0156681986364152
2022-10-12,GLD,-0.0020602123309399
2022-10-12,QQQ,-0.0138334794883361
2022-10-12,SPY,-0.0063531166796834
2022-10-12,TLT,0.0044159289353767
2022-10-13,GLD,0.0053350716717094
2022-10-13,QQQ,-0.0003425756576521
2022-10-13,SPY,-0.0033039164758034
2022-10-13,TLT,0.0048948488522418
2022-10-14,GLD,-0.0069476110871142
2022-10-14,QQQ,0.0231816037894038
2022-10-14,SPY,0.0260488443730954
2022-10-14,TLT,-0.0096125611978388
2022-10-17,GLD,-0.0125371607930224
2022-10-17,QQQ,-0.0305183331076779
2022-10-17,SPY,-0.0230524201130119
2022-10-17,TLT,-0.008284546257622
2022-10-18,GLD,0.0028720806307473
2022-10-18,QQQ,0.0324879670055738
2022-10-18,SPY,0.0253723384384066
2022-10-18,TLT,-0.0048815653392694
2022-10-19,GLD,0.0021486600903921
2022-10-19,QQQ,0.0078768405171267
2022-10-19,SPY,0.0116811342097808
2022-10-19,TLT,0.0023420749118289
2022-10-20,GLD,-0.0134889259883384
2022-10-20,QQQ,-0.0036534193808241
2022-10-20,SPY,-0.007111707070068
2022-10-20,TLT,-0.0183736339391943
2022-10-21,GLD,-0.0015834633753089
2022-10-21,QQQ,-0.0051149294067744
2022-10-21,SPY,-0.0084206907692964
2022-10-21,TLT,-0.0172409219132225
2022-10-24,GLD,0.0176705974145265
2022-10-24,QQQ,0.0231770905364073
2022-10-24,SPY,0.0240108999855409
2022-10-24,TLT,-0.018187144491961
2022-10-25,GLD,-0.0032488658845126
2022-10-25,QQQ,0.0109412998222547
2022-10-25,SPY,0.0121622045927216
2022-10-25,TLT,-0.0082987666480187
2022-10-26,GLD,0.0022753535606352
2022-10-26,QQQ,0.0204748175919386
2022-10-26,SPY,0.0158424299343229
2022-10-26,TLT,0.0286967778778381
2022-10-27,GLD,0.0063434463543533
2022-10-27,QQQ,-0.0223441143966775
2022-10-27,SPY,-0.0075626208742074
2022-10-27,TLT,0.0143046321102441
2022-10-28,GLD,-0.0015497241473593
2022-10-28,QQQ,-0.0183737836703621
2022-10-28,SPY,-0.0053542858291678
2022-10-28,TLT,0.0104162457234425
2022-10-31,GLD,-0.0102631741011786
2022-10-31,QQQ,0.0301418121036133
2022-10-31,SPY,0.0235120792682039
2022-10-31,TLT,-0.0068976250640497
2022-11-01,GLD,-0.0081948861927748
2022-11-01,QQQ,-0.0116960001858497
2022-11-01,SPY,-0.007249487083864
2022-11-01,TLT,-0.0071536506232092
2022-11-02,GLD,0.0101517261727974
2022-11-02,QQQ,-0.0102703208754111
2022-11-02,SPY,-0.0043854662275687
2022-11-02,TLT,0.0068436190172885
2022-11-03,GLD,-0.0069969702028922
2022-11-03,QQQ,-0.0348784149414801
2022-11-03,SPY,-0.0254164884504605
2022-11-03,TLT,-0.0043496151794917
2022-11-04,GLD,-0.0038132974339371
2022-11-04,QQQ,-0.0197281142494496
2022-11-04,SPY,-0.0103502434318106
2022-11-04,TLT,-0.005411571560549
2022-11-07,GLD,0.0302345832528433
2022-11-07,QQQ,0.0159570862206618
2022-11-07,SPY,0.0142905349543939
2022-11-07,TLT,-0.0169433212352165
2022-11-08,GLD,-0.0039702607393793
2022-11-08,QQQ,0.0109344231906483
2022-11-08,SPY,0.0095201195455884
2022-11-08,TLT,-0.010026776712034
2022-11-09,GLD,0.0228363289406868
2022-11-09,QQQ,0.0072608893803517
2022-11-09,SPY,0.0053809113627878
2022-11-09,TLT,0.0108755124858939
2022-11-10,GLD,-0.0050298947591616
2022-11-10,QQQ,-0.0233467836283092
2022-11-10,SPY,-0.0208172649546978
2022-11-10,TLT,0.003281963165954
2022-11-11,GLD,0.0299901530039926
2022-11-11,QQQ,0.0711930645816569
2022-11-11,SPY,0.0534973091836012
2022-11-11,TLT,0.0377520655817803
2022-11-14,GLD,0.0065845979471178
2022-11-14,QQQ,0.0182584369308829
2022-11-14,SPY,0.0096319636881698
2022-11-14,TLT,-0.0036708577111074
2022-11-15,GLD,0.0021852662272774
2022-11-15,QQQ,-0.0087896939823353
2022-11-15,SPY,-0.0085431126490754
2022-11-15,TLT,-0.0024547200895752
2022-11-16,GLD,0.0035106980811025
2022-11-16,QQQ,0.0137434520237466
2022-11-16,SPY,0.0084928754313735
2022-11-16,TLT,0.0160507488072873
2022-11-17,GLD,-0.0022987420952167
2022-11-17,QQQ,-0.0137434520237466
2022-11-17,SPY,-0.0076579914718109
2022-11-17,TLT,0.0216326844492228
2022-11-18,GLD,-0.0072939599616732
2022-11-18,QQQ,-0.0022095752358831
2022-11-18,SPY,-0.003064551699797
2022-11-18,TLT,-0.0106083350173561
2022-11-21,GLD,-0.0069175073823137
2022-11-21,QQQ,3.514479764134254e-05
2022-11-21,SPY,0.0045301267440892
2022-11-21,TLT,-0.0069010869194299
2022-11-22,GLD,-0.0056056352070885
2022-11-22,QQQ,-0.0103404516227771
2022-11-22,SPY,-0.0036427210104271
2022-11-22,TLT,0.004206297392224
2022-11-23,GLD,0.0011730356909015
2022-11-23,QQQ,0.0143000371669562
2022-11-23,SPY,0.013367258722167
2022-11-23,TLT,0.0140917861502002
2022-11-25,GLD,0.0062125033172795
2022-11-25,QQQ,0.0099866690068158
2022-11-25,SPY,0.0062818521169953
2022-11-25,TLT,0.0172914640303059
2022-11-28,GLD,0.0008581023409725
2022-11-28,QQQ,-0.0066002039997221
2022-11-28,SPY,-0.0002237386911321
2022-11-28,TLT,-0.0033955741723832
2022-11-29,GLD,-0.0079348936653714
2022-11-29,QQQ,-0.0147818710217996
2022-11-29,SPY,-0.0160856920693299
2022-11-29,TLT,0.0028143151181934
2022-11-30,GLD,0.0049282615630087
2022-11-30,QQQ,-0.0075983327347862
2022-11-30,SPY,-0.0017190202256002
2022-11-30,TLT,-0.0117952242423751
2022-12-01,GLD,0.0127009210150128
2022-12-01,QQQ,0.0445771995285307
2022-12-01,SPY,0.0310146332570359
2022-12-01,TLT,0.0073274713608416
2022-12-02,GLD,0.0182178423963075
2022-12-02,QQQ,0.0012264629096657
2022-12-02,SPY,-0.0007361122062506
2022-12-02,TLT,0.0290681763968081
2022-12-05,GLD,-0.0034616677176241
2022-12-05,QQQ,-0.0039913862314825
2022-12-05,SPY,-0.0011543830035115
2022-12-05,TLT,0.0124971719139982
2022-12-06,GLD,-0.0173078053027201
2022-12-06,QQQ,-0.0169258013473566
2022-12-06,SPY,-0.0181530274967993
2022-12-06,TLT,-0.0141059330801532
2022-12-07,GLD,0.0027336344458788
2022-12-07,QQQ,-0.0209381003156959
2022-12-07,SPY,-0.0145197022609778
2022-12-07,TLT,0.0127977718579074
2022-12-08,GLD,0.0089984935565378
2022-12-08,QQQ,-0.0040909820808363
2022-12-08,SPY,-0.0017026469976163
2022-12-08,TLT,0.0232891432735153
2022-12-09,GLD,0.000841342527782
2022-12-09,QQQ,0.0117652843552965
2022-12-09,SPY,0.0078034006212687
2022-12-09,TLT,-0.0027442667478244
2022-12-12,GLD,0.0035378943750204
2022-12-12,QQQ,-0.0063970159716609
2022-12-12,SPY,-0.0074982403604829
2022-12-12,TLT,-0.0263588006361858
2022-12-13,GLD,-0.0082948418335018
2022-12-13,QQQ,0.0124732178352954
2022-12-13,SPY,0.0143143030784205
2022-12-13,TLT,0.0031924565883058
2022-12-14,GLD,0.0169368897336953
2022-12-14,QQQ,0.0106927073789242
2022-12-14,SPY,0.0075413356532405
2022-12-14,TLT,0.0096096163548252
2022-12-15,GLD,-0.0024359858905979
2022-12-15,QQQ,-0.0074413867175171
2022-12-15,SPY,-0.0064140563054247
2022-12-15,TLT,0.0042620903262977
2022-12-16,GLD,-0.0164946003829018
2022-12-16,QQQ,-0.0341531053367682
2022-12-16,SPY,-0.0247658223108196
2022-12-16,TLT,0.0014781601936976
2022-12-19,GLD,0.00867101949516
2022-12-19,QQQ,-0.0095802691522778
2022-12-19,SPY,-0.0164579104059211
2022-12-19,TLT,-0.0112334568717105
2022-12-20,GLD,-0.0028218082489996
2022-12-20,QQQ,-0.0165444950170955
2022-12-20,SPY,-0.008515818978745
2022-12-20,TLT,-0.0169479912654376
2022-12-21,GLD,0.01645829894144
2022-12-21,QQQ,-0.0007787700953619
2022-12-21,SPY,0.0013674650624644
2022-12-21,TLT,-0.0179166001437125
2022-12-22,GLD,-0.0016573862871153
2022-12-22,QQQ,0.014402000390715
2022-12-22,SPY,0.0148417563141118
2022-12-22,TLT,0.0025103277410154
2022-12-23,GLD,-0.0121589801689325
2022-12-23,QQQ,-0.0247694200612114
2022-12-23,SPY,-0.0143688753619368
2022-12-23,TLT,-0.0001928502593619
2022-12-27,GLD,0.0029938350392547
2022-12-27,QQQ,0.0022465956855076
2022-12-27,SPY,0.0057357841664521
2022-12-27,TLT,-0.0147689879763178
2022-12-28,GLD,0.0083946773027696
2022-12-28,QQQ,-0.0142391337858284
2022-12-28,SPY,-0.0039513070222152
2022-12-28,TLT,-0.01997104676427
2022-12-29,GLD,-0.0045159890327506
2022-12-29,QQQ,-0.0132906803514246
2022-12-29,SPY,-0.012505743674206
2022-12-29,TLT,-0.0059091396410833
2022-12-30,GLD,0.005582639597805
2022-12-30,QQQ,0.0240828907874004
2022-12-30,SPY,0.0178402277293024
2022-12-30,TLT,0.0112871121325283
2023-01-03,GLD,0.0046677580293306
2023-01-03,QQQ,-0.0006007045598217
2023-01-03,SPY,-0.0026375503873758
2023-01-03,TLT,-0.0111867203208292
2023-01-04,GLD,0.0083358168719463
2023-01-04,QQQ,-0.0067827065361526
2023-01-04,SPY,-0.0042187690519231
2023-01-04,TLT,0.018904170137582
2023-01-05,GLD,0.0093678899395659
2023-01-05,QQQ,0.004752674802299
2023-01-05,SPY,0.0076905408618366
2023-01-05,TLT,0.013606978147988
2023-01-06,GLD,-0.0125296308674875
2023-01-06,QQQ,-0.0157782376865447
2023-01-06,SPY,-0.0114790284719451
2023-01-06,TLT,0.0041721334560286
2023-01-09,GLD,0.0185346638111992
2023-01-09,QQQ,0.0272274505081101
2023-01-09,SPY,0.0226731151674491
2023-01-09,TLT,0.0182294363436294
2023-01-10,GLD,0.0022426010679794
2023-01-10,QQQ,0.0064524300098059
2023-01-10,SPY,-0.00056705733577
2023-01-10,TLT,0.0053100595419723
2023-01-11,GLD,0.0036693044744913
2023-01-11,QQQ,0.0084288481352366
2023-01-11,SPY,0.0069883674749136
2023-01-11,TLT,-0.0166885104751442
2023-01-12,GLD,-0.0006870298860052
2023-01-12,QQQ,0.0171522117738186
2023-01-12,SPY,0.0125685475766737
2023-01-12,TLT,0.0161209429723161
2023-01-13,GLD,0.0115016032132319
2023-01-13,QQQ,0.0053898803346889
2023-01-13,SPY,0.0036341713652401
2023-01-13,TLT,0.0194908888242691
2023-01-17,GLD,0.0119303337025929
2023-01-17,QQQ,0.0068569729236098
2023-01-17,SPY,0.0038719998126806
2023-01-17,TLT,-0.0094168998173395
2023-01-18,GLD,-0.0065665912906243
2023-01-18,QQQ,0.0020266573373775
2023-01-18,SPY,-0.0018335770553337
2023-01-18,TLT,-0.0064847034188548
2023-01-19,GLD,-0.0028758838411488
2023-01-19,QQQ,-0.0130851803541297
2023-01-19,SPY,-0.0159139737992267
2023-01-19,TLT,0.0239426384719539
2023-01-20,GLD,0.0157439313774708
2023-01-20,QQQ,-0.0098730020730738
2023-01-20,SPY,-0.0073064444303142
2023-01-20,TLT,-0.0062794584711216
2023-01-23,GLD,-0.0033409804213138
2023-01-23,QQQ,0.0269991085894593
2023-01-23,SPY,0.0184576444171674
2023-01-23,TLT,-0.0163440486188223
2023-01-24,GLD,0.0018946378029897
2023-01-24,QQQ,0.0219727507445994
2023-01-24,SPY,0.0119271729215465
2023-01-24,TLT,-0.0047192160675782
2023-01-25,GLD,0.0036119840879409
2023-01-25,QQQ,-0.0020438797810704
2023-01-25,SPY,-0.0010738676321493
2023-01-25,TLT,0.0142779457801127
2023-01-26,GLD,0.004593393795208
2023-01-26,QQQ,-0.0022217822855153
2023-01-26,SPY,0.0003747271121322
2023-01-26,TLT,0.0024220051959665
2023-01-27,GLD,-0.009096515003608
2023-01-27,QQQ,0.0193097547436912
2023-01-27,SPY,0.0109304127936525
2023-01-27,TLT,-0.0046628824982101
2023-01-30,GLD,-0.0013939615756237
2023-01-30,QQQ,0.0099051467824987
2023-01-30,SPY,0.0022950608748414
2023-01-30,TLT,-0.0025270664332898
2023-01-31,GLD,-0.0025700149312909
2023-01-31,QQQ,-0.020425993646079
2023-01-31,SPY,-0.012626202210393
2023-01-31,TLT,-0.0036614545142517
2023-02-01,GLD,0.0036296165072691
2023-02-01,QQQ,0.0148748873426879
2023-02-01,SPY,0.0145963030912504
2023-02-01,TLT,0.007962930104752
2023-02-02,GLD,0.0125181345283875
2023-02-02,QQQ,0.021158119500756
2023-02-02,SPY,0.0105716940256933
2023-02-02,TLT,0.0093801676248906
2023-02-03,GLD,-0.0209702840085377
2023-02-03,QQQ,0.0352608595770918
2023-02-03,SPY,0.0144520533749162
2023-02-03,TLT,0.00129329708233
2023-02-06,GLD,-0.0252744964012274
2023-02-06,QQQ,-0.0179322125087337
2023-02-06,SPY,-0.0106859836329045
2023-02-06,TLT,-0.015068676640195
2023-02-07,GLD,0.0020732591842408
2023-02-07,QQQ,-0.0084950455427438
2023-02-07,SPY,-0.0061301112778001
2023-02-07,TLT,-0.0074314182732786
2023-02-08,GLD,0.0009200023760844
2023-02-08,QQQ,0.0205070466809022
2023-02-08,SPY,0.0129938458600821
2023-02-08,TLT,-0.0080581191455309
2023-02-09,GLD,0.0024685447555079
2023-02-09,QQQ,-0.0179410909659622
2023-02-09,SPY,-0.0109949973402892
2023-02-09,TLT,0.0047478962193788
2023-02-10,GLD,-0.0079438874640135
2023-02-10,QQQ,-0.0088772218828507
2023-02-10,SPY,-0.008706973100922
2023-02-10,TLT,-0.0095184425403516
2023-02-13,GLD,0.001905377935128
2023-02-13,QQQ,-0.0065848136185445
2023-02-13,SPY,0.0023309475334816
2023-02-13,TLT,-0.0112528062714224
2023-02-14,GLD,-0.0050890977989504
2023-02-14,QQQ,0.0158890720965
2023-02-14,SPY,0.0116706236635361
2023-02-14,TLT,0.0083795601342027
2023-02-15,GLD,0.0007534549847423
2023-02-15,QQQ,0.007361996441069
2023-02-15,SPY,-0.0004602757868875
2023-02-15,TLT,-0.0023046437564892
2023-02-16,GLD,-0.0100146468474003
2023-02-16,QQQ,0.007631785293137
2023-02-16,SPY,0.0032421123856011
2023-02-16,TLT,-0.0093688191221162
2023-02-17,GLD,-0.000819572636313
2023-02-17,QQQ,-0.0189424944370062
2023-02-17,SPY,-0.0138644794725205
2023-02-17,TLT,-0.0142692678952868
2023-02-21,GLD,0.0029823390721485
2023-02-21,QQQ,-0.0070806773052176
2023-02-21,SPY,-0.002501384444215
2023-02-21,TLT,0.0077462851465855
2023-02-22,GLD,-0.0037440046605545
2023-02-22,QQQ,-0.0239598983443636
2023-02-22,SPY,-0.0202648799134402
2023-02-22,TLT,-0.019628759578476
2023-02-23,GLD,-0.0056423768979153
2023-02-23,QQQ,0.0007479473428156
2023-02-23,SPY,-0.0013790551427742
2023-02-23,TLT,0.0091225043435812
2023-02-24,GLD,-0.0005305918526508
2023-02-24,QQQ,0.0086961730029098
2023-02-24,SPY,0.0053053054486978
2023-02-24,TLT,0.0097246038218227
2023-02-27,GLD,-0.0072206822499255
2023-02-27,QQQ,-0.0168859265803023
2023-02-27,SPY,-0.0107398370789831
2023-02-27,TLT,-0.0130862476830447
2023-02-28,GLD,0.0039126704061281
2023-02-28,QQQ,0.0071356806213427
2023-02-28,SPY,0.0034000513205539
2023-02-28,TLT,0.0027692508806582
2023-03-01,GLD,0.0045456218517804
2023-03-01,QQQ,-0.0012936338240237
2023-03-01,SPY,-0.0037028246246683
2023-03-01,TLT,0.0045329116495059
2023-03-02,GLD,0.0057555556009345
2023-03-02,QQQ,-0.0080716811180324
2023-03-02,SPY,-0.0038432905240252
2023-03-02,TLT,-0.0132622324458743
2023-03-03,GLD,-0.0005857351538961
2023-03-03,QQQ,0.0082419479727573
2023-03-03,SPY,0.0077472026406513
2023-03-03,TLT,-0.0089067325102678
2023-03-06,GLD,0.0106660010558637
2023-03-06,QQQ,0.0204629080406085
2023-03-06,SPY,0.015910572248883
2023-03-06,TLT,0.0239371413158827
2023-03-07,GLD,-0.0050565936951402
2023-03-07,QQQ,0.0011338882264449
2023-03-07,SPY,0.0006925006534723
2023-03-07,TLT,-0.0077836830622379
2023-03-08,GLD,-0.0176350683906361
2023-03-08,QQQ,-0.012341671059299
2023-03-08,SPY,-0.0154474314742818
2023-03-08,TLT,0.0061138416208823
2023-03-09,GLD,-0.0004745630282821
2023-03-09,QQQ,0.0049818703320366
2023-03-09,SPY,0.0016307895385843
2023-03-09,TLT,0.000982592922442
2023-03-10,GLD,0.0098011277000977
2023-03-10,QQQ,-0.017477763577361
2023-03-10,SPY,-0.0186221750357312
2023-03-10,TLT,0.0024523039485582
2023-03-13,GLD,0.0213336672477239
2023-03-13,QQQ,-0.0141431993252279
2023-03-13,SPY,-0.0145345630117057
2023-03-13,TLT,0.0339047857105325
2023-03-14,GLD,0.0226888619465587
2023-03-14,QQQ,0.0073890767947635
2023-03-14,SPY,-0.0014262668368289
2023-03-14,TLT,0.0022704152714097
2023-03-15,GLD,-0.0058078979813613
2023-03-15,QQQ,0.0227197226274692
2023-03-15,SPY,0.0163949307014743
2023-03-15,TLT,-0.0165781760622495
2023-03-16,GLD,0.0077738384371423
2023-03-16,QQQ,0.0052322694934949
2023-03-16,SPY,-0.006273979111678
2023-03-16,TLT,0.0191261568931884
2023-03-17,GLD,0.0020180543660701
2023-03-17,QQQ,0.0260192477606754
2023-03-17,SPY,0.0173930375790071
2023-03-17,TLT,-0.0078535848639841
2023-03-20,GLD,0.0287042767313048
2023-03-20,QQQ,-0.0047372950627122
2023-03-20,SPY,-0.0155708407498144
2023-03-20,TLT,0.0148975211101499
2023-03-21,GLD,0.0003807952240648
2023-03-21,QQQ,0.0019957014542227
2023-03-21,SPY,0.0095696954611158
2023-03-21,TLT,-0.0088362560514492
2023-03-22,GLD,-0.0190555245693378
2023-03-22,QQQ,0.0141813969348705
2023-03-22,SPY,0.0130450685272902
2023-03-22,TLT,-0.0086293612756138
2023-03-23,GLD,0.0168773822476493
2023-03-23,QQQ,-0.0136912928639523
2023-03-23,SPY,-0.017193461403886
2023-03-23,TLT,0.0132452410909876
2023-03-24,GLD,0.012460224063676
2023-03-24,QQQ,0.01178835451818
2023-03-24,SPY,0.0026997471517574
2023-03-24,TLT,0.0
2023-03-27,GLD,-0.0113161368911652
2023-03-27,QQQ,0.0036736784727334
2023-03-27,SPY,0.0065405762962363
2023-03-27,TLT,0.0042203762360753
2023-03-28,GLD,-0.0092998317455167
2023-03-28,QQQ,-0.0068748912718024
2023-03-28,SPY,0.0018680966845833
2023-03-28,TLT,-0.0237712049881876
2023-03-29,GLD,0.0081557445730061
2023-03-29,QQQ,-0.0053257729163529
2023-03-29,SPY,-0.0022471802686452
2023-03-29,TLT,0.0018193373701997
2023-03-30,GLD,-0.0049731154716589
2023-03-30,QQQ,0.0180696905943712
2023-03-30,SPY,0.0144302646079901
2023-03-30,TLT,-0.0020110046136371
2023-03-31,GLD,0.0089989641395777
2023-03-31,QQQ,0.009420793684701
2023-03-31,SPY,0.0058381783117229
2023-03-31,TLT,0.0045907057538062
2023-04-03,GLD,-0.0052258772770236
2023-04-03,QQQ,0.0164939889190296
2023-04-03,SPY,0.0139962246239757
2023-04-03,TLT,0.0148698070778268
2023-04-04,GLD,0.0071785825192108
2023-04-04,QQQ,-0.0024333910916708
2023-04-04,SPY,0.0038032995781799
2023-04-04,TLT,0.0021598893330884
2023-04-05,GLD,0.0184693456951082
2023-04-05,QQQ,-0.0033790794963432
2023-04-05,SPY,-0.0055635650401382
2023-04-05,TLT,0.0049595272189411
2023-04-06,GLD,-0.0007982432900846
2023-04-06,QQQ,-0.0099214779219341
2023-04-06,SPY,-0.0026217009359427
2023-04-06,TLT,0.010400342245975
2023-04-10,GLD,-0.0071596603748995
2023-04-10,QQQ,0.0067195052619726
2023-04-10,SPY,0.003893285494786
2023-04-10,TLT,0.002583254327714
2023-04-11,GLD,-0.0074274015300659
2023-04-11,QQQ,-0.0005660859398195
2023-04-11,SPY,0.0010258499102318
2023-04-11,TLT,-0.0162559895702186
2023-04-12,GLD,0.0063006652922904
2023-04-12,QQQ,-0.0064384271767734
2023-04-12,SPY,0.000268550819828
2023-04-12,TLT,0.0020582028218114
2023-04-13,GLD,0.0048732452945133
2023-04-13,QQQ,-0.0088730464286254
2023-04-13,SPY,-0.00408431654797
2023-04-13,TLT,-0.0010285718861422
2023-04-14,GLD,0.0134251505879818
2023-04-14,QQQ,0.0193929130684363
2023-04-14,SPY,0.0131952773938128
2023-04-14,TLT,-0.0078895527884789
2023-04-17,GLD,-0.0178690172198992
2023-04-17,QQQ,-0.0018816641923865
2023-04-17,SPY,-0.0024457527346064
2023-04-17,TLT,-0.0091887275446065
2023-04-18,GLD,-0.0044637027644765
2023-04-18,QQQ,0.000847143999207
2023-04-18,SPY,0.0035818310251139
2023-04-18,TLT,-0.0119670182921944
2023-04-19,GLD,0.0038732698004284
2023-04-19,QQQ,6.269096519484404e-05
2023-04-19,SPY,0.0006520292826832
2023-04-19,TLT,0.0035571360812791
2023-04-20,GLD,-0.004789973842758
2023-04-20,QQQ,-0.0004705174481485
2023-04-20,SPY,-0.0001689546841105
2023-04-20,TLT,-0.0009601390686586
2023-04-21,GLD,0.0039305245569871
2023-04-21,QQQ,-0.0076536782478794
2023-04-21,SPY,-0.0054720596391266
2023-04-21,TLT,0.0085131262167551
2023-04-24,GLD,-0.0099368769044519
2023-04-24,QQQ,0.0010427929353994
2023-04-24,SPY,0.0007766414272094
2023-04-24,TLT,-0.005635397115623
2023-04-25,GLD,0.0030347260178608
2023-04-25,QQQ,-0.0020866744231385
2023-04-25,SPY,0.0010426214027723
2023-04-25,TLT,0.0096278529444352
2023-04-26,GLD,0.0050734265105617
2023-04-26,QQQ,-0.0190440044640821
2023-04-26,SPY,-0.0160011680141709
2023-04-26,TLT,0.0145973812254858
2023-04-27,GLD,-0.0054522226988369
2023-04-27,QQQ,0.0060464112652358
2023-04-27,SPY,-0.0042446173996722
2023-04-27,TLT,-0.0107153896420859
2023-04-28,GLD,5.4098929279614626e-05
2023-04-28,QQQ,0.0268277484811016
2023-04-28,SPY,0.0197124749715883
2023-04-28,TLT,-0.0099720952681797
2023-05-01,GLD,0.0002706158931134
2023-05-01,QQQ,0.0068749907364274
2023-05-01,SPY,0.0084989502311639
2023-05-01,TLT,0.0160018798209885
2023-05-02,GLD,-0.0045014682483947
2023-05-02,QQQ,-0.0011477166585569
2023-05-02,SPY,-0.0010102543650609
2023-05-02,TLT,-0.0317790174491348
2023-05-03,GLD,0.0191128216996457
2023-05-03,QQQ,-0.0087598095144171
2023-05-03,SPY,-0.0113028695134278
2023-05-03,TLT,0.0246145623085651
2023-05-04,GLD,0.0084433303940006
2023-05-04,QQQ,-0.0065654225932036
2023-05-04,SPY,-0.0068876694992639
2023-05-04,TLT,0.0055663521546647
2023-05-05,GLD,0.0070083375794601
2023-05-05,QQQ,-0.0035361230239909
2023-05-05,SPY,-0.0071081505768249
2023-05-05,TLT,-0.009927780285539
2023-05-08,GLD,-0.0157716720128652
2023-05-08,QQQ,0.0210316672270285
2023-05-08,SPY,0.0183433041656685
2023-05-08,TLT,-0.003331259718892
2023-05-09,GLD,0.0012261535425393
2023-05-09,QQQ,0.0024745218844848
2023-05-09,SPY,0.0002665116320296
2023-05-09,TLT,-0.0141138268915037
2023-05-10,GLD,0.0070611734943209
2023-05-10,QQQ,-0.0063533219725432
2023-05-10,SPY,-0.0043949652399572
2023-05-10,TLT,-0.0035840123122325
2023-05-11,GLD,-0.0014294640409974
2023-05-11,QQQ,0.0108229506358781
2023-05-11,SPY,0.0046614797817512
2023-05-11,TLT,0.0096572452185589
2023-05-12,GLD,-0.0086197995462801
2023-05-12,QQQ,0.0032548237500508
2023-05-12,SPY,-0.0017455002398152
2023-05-12,TLT,0.010516334490791
2023-05-15,GLD,-0.0017115440993107
2023-05-15,QQQ,-0.0035932456025462
2023-05-15,SPY,-0.0013111460726521
2023-05-15,TLT,-0.0084042600532823
2023-05-16,GLD,0.0021389727993926
2023-05-16,QQQ,0.0054003069042258
2023-05-16,SPY,0.0034441300531419
2023-05-16,TLT,-0.0104116838199234
2023-05-17,GLD,-0.0125781683307229
2023-05-17,QQQ,0.0011315701498922
2023-05-17,SPY,-0.0067050994177695
2023-05-17,TLT,-0.0030087389945918
2023-05-18,GLD,-0.0034678951337034
2023-05-18,QQQ,0.0120314736337161
2023-05-18,SPY,0.0120658800649357
2023-05-18,TLT,-0.002920233981222
2023-05-19,GLD,-0.0130577944134065
2023-05-19,QQQ,0.0184029312486409
2023-05-19,SPY,0.0095871115025162
2023-05-19,TLT,-0.0074364543341572
2023-05-22,GLD,0.0098501566522876
2023-05-22,QQQ,-0.0022558685972117
2023-05-22,SPY,-0.0014561460225211
2023-05-22,TLT,-0.0070964345433243
2023-05-23,GLD,-0.0023442435084917
2023-05-23,QQQ,0.0033523871547466
2023-05-23,SPY,0.0004060458540662
2023-05-23,TLT,-0.0035671918215378
2023-05-24,GLD,0.0012000108481294
2023-05-24,QQQ,-0.0127573393278995
2023-05-24,SPY,-0.0112862887093531
2023-05-24,TLT,0.0028745712449409
2023-05-25,GLD,-0.0081011761113672
2023-05-25,QQQ,-0.0051427656043195
2023-05-25,SPY,-0.0072711729419161
2023-05-25,TLT,-0.0049613120824065
2023-05-26,GLD,-0.0096645790468163
2023-05-26,QQQ,0.0240415749369905
2023-05-26,SPY,0.0086226164596036
2023-05-26,TLT,-0.0024899171575079
2023-05-30,GLD,0.0039876062500003
2023-05-30,QQQ,0.025229474954575
2023-05-30,SPY,0.0128675268570713
2023-05-30,TLT,0.0080449118225921
2023-05-31,GLD,0.0061714717783212
2023-05-31,QQQ,0.0045248139252573
2023-05-31,SPY,0.0003808704297325
2023-05-31,TLT,0.0099415372859367
2023-06-01,GLD,0.0015370188425894
2023-06-01,QQQ,-0.0057023257184368
2023-06-01,SPY,-0.0055606424099369
2023-06-01,TLT,0.0086791651699199
2023-06-02,GLD,0.007867103377943
2023-06-02,QQQ,0.0114858963614732
2023-06-02,SPY,0.0094561690664441
2023-06-02,TLT,0.0012615098701513
2023-06-05,GLD,-0.0148572754201644
2023-06-05,QQQ,0.0074717584101864
2023-06-05,SPY,0.0143575934812275
2023-06-05,TLT,-0.0110186369488088
2023-06-06,GLD,0.0060023657211361
2023-06-06,QQQ,0.000704672016478
2023-06-06,SPY,-0.0019181014640489
2023-06-06,TLT,-0.0018646142225406
2023-06-07,GLD,0.0010974372841259
2023-06-07,QQQ,-0.0001690691226708
2023-06-07,SPY,0.0021750915933772
2023-06-07,TLT,0.0058765934121721
2023-06-08,GLD,-0.0120832527588809
2023-06-08,QQQ,-0.0171109224942817
2023-06-08,SPY,-0.0034637189947504
2023-06-08,TLT,-0.0149550630761343
2023-06-09,GLD,0.0131247330730928
2023-06-09,QQQ,0.0123368277342109
2023-06-09,SPY,0.0060303499683892
2023-06-09,TLT,0.0116291872841071
2023-06-12,GLD,-0.0026881301198417
2023-06-12,QQQ,0.0038154674003196
2023-06-12,SPY,0.0017926945996739
2023-06-12,TLT,-0.0013726778562952
2023-06-13,GLD,-0.0008792504640156
2023-06-13,QQQ,0.0167558440271769
2023-06-13,SPY,0.0090309609482941
2023-06-13,TLT,0.002939191423808
2023-06-14,GLD,-0.0073948331208413
2023-06-14,QQQ,0.0076546682052306
2023-06-14,SPY,0.0065712983686027
2023-06-14,TLT,-0.0099298081270632
2023-06-15,GLD,0.0005537743402144
2023-06-15,QQQ,0.0072411971397412
2023-06-15,SPY,0.0011901242269225
2023-06-15,TLT,0.0079712824351273
2023-06-16,GLD,0.007005982383036
2023-06-16,QQQ,0.0118454325917461
2023-06-16,SPY,0.0123214485585574
2023-06-16,TLT,0.0095601486395175
2023-06-20,GLD,-0.0015404017609149
2023-06-20,QQQ,-0.0063128051586282
2023-06-20,SPY,-0.007119760382108
2023-06-20,TLT,-0.0038910703650808
2023-06-21,GLD,-0.0104046810434885
2023-06-21,QQQ,-0.0028033680515785
2023-06-21,SPY,-0.0052016881764493
2023-06-21,TLT,0.0068962353649505
2023-06-22,GLD,-0.0014474699268161
2023-06-22,QQQ,-0.0137214010213732
2023-06-22,SPY,-0.0051368966944872
2023-06-22,TLT,0.0024169780790316
2023-06-23,GLD,-0.0099664806970392
2023-06-23,QQQ,0.011729829404101
2023-06-23,SPY,0.003603210742693
2023-06-23,TLT,-0.0121437352805197
2023-06-26,GLD,0.0027534519339434
2023-06-26,QQQ,-0.009962906504228
2023-06-26,SPY,-0.0075887277351437
2023-06-26,TLT,0.0099203719187015
2023-06-27,GLD,0.0017380933759117
2023-06-27,QQQ,-0.0134961251556602
2023-06-27,SPY,-0.0040941224738827
2023-06-27,TLT,0.0010639901190312
2023-06-28,GLD,-0.0046041185904783
2023-06-28,QQQ,0.0170479772205158
2023-06-28,SPY,0.0109036497092854
2023-06-28,TLT,-0.002613662701403
2023-06-29,GLD,-0.0023100760234936
2023-06-29,QQQ,0.0019496195678474
2023-06-29,SPY,0.0005042661095765
2023-06-29,TLT,0.0042557607901688
2023-06-30,GLD,-0.0010723394318449
2023-06-30,QQQ,-0.0020045616109258
2023-06-30,SPY,0.0039336144560997
2023-06-30,TLT,-0.0182133377568551
2023-07-03,GLD,0.0066412216886671
2023-07-03,QQQ,0.0153024978731779
2023-07-03,SPY,0.011731634842625
2023-07-03,TLT,0.011725799543736
2023-07-05,GLD,0.0011212477777403
2023-07-05,QQQ,0.002352261000918
2023-07-05,SPY,0.001149875021383
2023-07-05,TLT,-0.0083894804074695
2023-07-06,GLD,-0.0035362776439635
2023-07-06,QQQ,-2.703259793567155e-05
2023-07-06,SPY,-0.0014883050871457
2023-07-06,TLT,-0.0095477983941093
2023-07-07,GLD,-0.002984649764026
2023-07-07,QQQ,-0.0076450269647384
2023-07-07,SPY,-0.0078614824781514
2023-07-07,TLT,-0.0142439810391202
2023-07-10,GLD,0.0074730048154887
2023-07-10,QQQ,-0.0033256163978637
2023-07-10,SPY,-0.0025279066989747
2023-07-10,TLT,-0.0060374349989712
2023-07-11,GLD,0.0007833887164984
2023-07-11,QQQ,0.0003275870113553
2023-07-11,SPY,0.0025279066989747
2023-07-11,TLT,0.0013111833319084
2023-07-12,GLD,0.0037406077556986
2023-07-12,QQQ,0.0049284079421044
2023-07-12,SPY,0.0063483363081534
2023-07-12,TLT,0.005127464463029
2023-07-13,GLD,0.0134505552157077
2023-07-13,QQQ,0.0125509245933892
2023-07-13,SPY,0.0080137238625168
2023-07-13,TLT,0.01106967766828
2023-07-14,GLD,0.0007144446386032
2023-07-14,QQQ,0.0168361399624979
2023-07-14,SPY,0.0079055517873556
2023-07-14,TLT,0.0104578454309509
2023-07-17,GLD,-0.0031917364290745
2023-07-17,QQQ,-0.0002109851294706
2023-07-17,SPY,-0.0006230225390383
2023-07-17,TLT,-0.0059060952585146
2023-07-18,GLD,0.0007163001287566
2023-07-18,QQQ,0.009295251417105
2023-07-18,SPY,0.0034662025706489
2023-07-18,TLT,0.000493465173523
2023-07-19,GLD,0.0113911519159545
2023-07-19,QQQ,0.0081473867283636
2023-07-19,SPY,0.007403116820647
2023-07-19,TLT,0.0045289701834931
2023-07-20,GLD,0.0001633431137892
2023-07-20,QQQ,-0.0002333355116098
2023-07-20,SPY,0.0022212915573068
2023-07-20,TLT,0.0112332697362953
2023-07-21,GLD,-0.0050762515407074
2023-07-21,QQQ,-0.0233218006788094
2023-07-21,SPY,-0.0066565951783766
2023-07-21,TLT,-0.0122161307836291
2023-07-24,GLD,-0.0030692385170081
2023-07-24,QQQ,-0.0030037765266705
2023-07-24,SPY,0.0
2023-07-24,TLT,0.0002950047570564
2023-07-25,GLD,-0.0042906650791518
2023-07-25,QQQ,0.0015960583572021
2023-07-25,SPY,0.0044573420967554
2023-07-25,TLT,-0.0036437357696137
2023-07-26,GLD,0.0055524167407637
2023-07-26,QQQ,0.0067548706797028
2023-07-26,SPY,0.0027263334560183
2023-07-26,TLT,-0.0018762899154971
2023-07-27,GLD,0.0048672507195617
2023-07-27,QQQ,-0.0033320400680484
2023-07-27,SPY,0.0001537017913572
2023-07-27,TLT,0.0009879320768332
2023-07-28,GLD,-0.0158367154149907
2023-07-28,QQQ,-0.0023868097241474
2023-07-28,SPY,-0.0066520499284261
2023-07-28,TLT,-0.0196445824120078
2023-07-31,GLD,0.0079497075742812
2023-07-31,QQQ,0.0180507882651505
2023-07-31,SPY,0.0097427083869394
2023-07-31,TLT,0.005122752454124
2023-08-01,GLD,0.002690787072192
2023-08-01,QQQ,0.0005213558919346
2023-08-01,SPY,0.0019022320924179
2023-08-01,TLT,0.0024017372941113
2023-08-02,GLD,-0.0104187669555817
2023-08-02,QQQ,-0.0023222944914204
2023-08-02,SPY,-0.0028656708129788
2023-08-02,TLT,-0.019275067089504
2023-08-03,GLD,-0.0047769939185
2023-08-03,QQQ,-0.0221884842871651
2023-08-03,SPY,-0.0140084707522254
2023-08-03,TLT,-0.01075667877922
2023-08-04,GLD,-0.0003342029183236
2023-08-04,QQQ,-0.0016039087212784
2023-08-04,SPY,-0.0028699721428423
2023-08-04,TLT,-0.0233416653696058
2023-08-07,GLD,0.003613876354074
2023-08-07,QQQ,-0.0046927669078746
2023-08-07,SPY,-0.0045330257784146
2023-08-07,TLT,0.0175571479209427
2023-08-08,GLD,-0.0022779889325187
2023-08-08,QQQ,0.0084311724899643
2023-08-08,SPY,0.0086906553404683
2023-08-08,TLT,-0.0098902159073703
2023-08-09,GLD,-0.0063612702400246
2023-08-09,QQQ,-0.0085387165588342
2023-08-09,SPY,-0.0043581583971775
2023-08-09,TLT,0.0115463974379763
2023-08-10,GLD,-0.0047695633496728
2023-08-10,QQQ,-0.0110555012787381
2023-08-10,SPY,-0.0067076830592388
2023-08-10,TLT,0.0051578408900236
2023-08-11,GLD,-0.0010691758408616
2023-08-11,QQQ,0.0018465522579732
2023-08-11,SPY,0.0003588894044134
2023-08-11,TLT,-0.0165996768702316
2023-08-14,GLD,0.0
2023-08-14,QQQ,-0.0063960757126759
2023-08-14,SPY,-0.0005832692666972
2023-08-14,TLT,-0.0023040813750345
2023-08-15,GLD,-0.0030452205303896
2023-08-15,QQQ,0.0111596913999909
2023-08-15,SPY,0.0055048284199655
2023-08-15,TLT,-0.0022043684715838
2023-08-16,GLD,-0.0026580037072091
2023-08-16,QQQ,-0.0106682678308526
2023-08-16,SPY,-0.0117172400121628
2023-08-16,TLT,-0.0061136673428811
2023-08-17,GLD,-0.0057927751891949
2023-08-17,QQQ,-0.0106454165044738
2023-08-17,SPY,-0.0073652217689051
2023-08-17,TLT,-0.0078548912553968
2023-08-18,GLD,-0.0015390561619561
2023-08-18,QQQ,-0.0109830868840594
2023-08-18,SPY,-0.0076490640767176
2023-08-18,TLT,-0.0042716201122034
2023-08-21,GLD,0.000171113589552
2023-08-21,QQQ,-0.0012556871089945
2023-08-21,SPY,0.0004811958365108
2023-08-21,TLT,0.0035253944238989
2023-08-22,GLD,0.0027339296425673
2023-08-22,QQQ,0.0159830252342898
2023-08-22,SPY,0.0064852171709036
2023-08-22,TLT,-0.0134201385519698
2023-08-23,GLD,0.0016481975934526
2023-08-23,QQQ,-0.0014299557341041
2023-08-23,SPY,-0.0027122888788976
2023-08-23,TLT,0.0076447932357034
2023-08-24,GLD,0.0101133281445836
2023-08-24,QQQ,0.0156455308003567
2023-08-24,SPY,0.0110761815155133
2023-08-24,TLT,0.0244754232288635
2023-08-25,GLD,-0.0002248455933195
2023-08-25,QQQ,-0.0216074685369517
2023-08-25,SPY,-0.0139560043956865
2023-08-25,TLT,-0.0066159048170016
2023-08-28,GLD,-0.0012941233726573
2023-08-28,QQQ,0.0077215866267921
2023-08-28,SPY,0.0070250648526638
2023-08-28,TLT,0.003260903858717
2023-08-29,GLD,0.0028672388757646
2023-08-29,QQQ,0.0074989288067454
2023-08-29,SPY,0.0063213390295188
2023-08-29,TLT,0.0010496324427579
2023-08-30,GLD,0.0097206923776326
2023-08-30,QQQ,0.0216047653479458
2023-08-30,SPY,0.0143512952839056
2023-08-30,TLT,0.0103324811943662
2023-08-31,GLD,0.0024987503158226
2023-08-31,QQQ,0.0055612516682469
2023-08-31,SPY,0.0041103540010763
2023-08-31,TLT,-0.0010388373660691
2023-09-01,GLD,-0.0016651113471639
2023-09-01,QQQ,0.0029939875828843
2023-09-01,SPY,-0.0014644620760757
2023-09-01,TLT,0.0044594350135347
2023-09-05,GLD,0.0004997991755412
2023-09-05,QQQ,-0.0010587732363455
2023-09-05,SPY,0.0018634704461354
2023-09-05,TLT,-0.0186960475770419
2023-09-06,GLD,-0.0081951746224915
2023-09-06,QQQ,0.001270441861589
2023-09-06,SPY,-0.0043312978719812
2023-09-06,TLT,-0.0141213990252814
2023-09-07,GLD,-0.0045445560630184
2023-09-07,QQQ,-0.0088469569221339
2023-09-07,SPY,-0.0067451376778161
2023-09-07,TLT,0.0024563835820627
2023-09-08,GLD,0.0010678794784509
2023-09-08,QQQ,-0.0071773010826514
2023-09-08,SPY,-0.0030749462677503
2023-09-08,TLT,0.0027695174633778
2023-09-11,GLD,0.0003369702787594
2023-09-11,QQQ,0.0013966187937129
2023-09-11,SPY,0.0015049542106842
2023-09-11,TLT,0.0038220728237413
2023-09-12,GLD,0.0018513951035425
2023-09-12,QQQ,0.0117138681013921
2023-09-12,SPY,0.0065551051626566
2023-09-12,TLT,-0.0072317691161988
2023-09-13,GLD,-0.0051699926635786
2023-09-13,QQQ,-0.0111503305842121
2023-09-13,SPY,-0.0055007114369845
2023-09-13,TLT,0.0057471518221159
2023-09-14,GLD,-0.002312682045193
2023-09-14,QQQ,0.0038018329866598
2023-09-14,SPY,0.0011653100058186
2023-09-14,TLT,-0.0002123145009224
2023-09-15,GLD,0.0005080950731221
2023-09-15,QQQ,0.0081439680384505
2023-09-15,SPY,0.0085854120555252
2023-09-15,TLT,-0.0072440959476353
2023-09-18,GLD,0.0065821068949775
2023-09-18,QQQ,-0.0172712869036251
2023-09-18,SPY,-0.0156426055272277
2023-09-18,TLT,-0.0061129441400137
2023-09-19,GLD,0.0058703831363188
2023-09-19,QQQ,-0.0004045852112249
2023-09-19,SPY,0.0005862678085058
2023-09-19,TLT,0.0056851725984103
2023-09-20,GLD,-0.0009480950413542
2023-09-20,QQQ,-0.0021336309019912
2023-09-20,SPY,-0.002075983848075
2023-09-20,TLT,-0.0074077831759198
2023-09-21,GLD,0.0007251297423292
2023-09-21,QQQ,-0.0145152711100689
2023-09-21,SPY,-0.0092358443511525
2023-09-21,TLT,0.0031200551114725
2023-09-22,GLD,-0.0072748111459232
2023-09-22,QQQ,-0.0184945007067888
2023-09-22,SPY,-0.0166664771912313
2023-09-22,TLT,-0.0260094043145809
2023-09-25,GLD,0.0031961900557462
2023-09-25,QQQ,0.000139760848865
2023-09-25,SPY,-0.0022510799334294
2023-09-25,TLT,0.008016332039776
2023-09-26,GLD,-0.0051638989324708
2023-09-26,QQQ,0.0047385017737351
2023-09-26,SPY,0.0041963720245047
2023-09-26,TLT,-0.0249168528927921
2023-09-27,GLD,-0.0080230849379646
2023-09-27,QQQ,-0.0151301366896432
2023-09-27,SPY,-0.0148002514791248
2023-09-27,TLT,-0.0034821439653523
2023-09-28,GLD,-0.012443751217319
2023-09-28,QQQ,0.0023405497885328
2023-09-28,SPY,0.0003990537106883
2023-09-28,TLT,-0.0051895318163955
2023-09-29,GLD,-0.0050097152043379
2023-09-29,QQQ,0.0083304629972219
2023-09-29,SPY,0.0057807041341905
2023-09-29,TLT,0.0030492613498222
2023-10-02,GLD,-0.0103285055180993
2023-10-02,QQQ,0.0007259151725758
2023-10-02,SPY,-0.0024298563996037
2023-10-02,TLT,0.000112782726348
2023-10-03,GLD,-0.0105542058560987
2023-10-03,QQQ,0.0083110863149628
2023-10-03,SPY,-0.0003977899326775
2023-10-03,TLT,-0.0200439703142083
2023-10-04,GLD,-0.0028924210000569
2023-10-04,QQQ,-0.0177054979362688
2023-10-04,SPY,-0.013476470329894
2023-10-04,TLT,-0.0217463394782442
2023-10-05,GLD,-0.0001182635075601
2023-10-05,QQQ,0.0135168959672113
2023-10-05,SPY,0.0072555882829349
2023-10-05,TLT,0.0140091548613939
2023-10-06,GLD,-0.0018344684108627
2023-10-06,QQQ,-0.0029508332613578
2023-10-06,SPY,-0.0003768516258725
2023-10-06,TLT,-0.004997398921082
2023-10-09,GLD,0.0051398519222737
2023-10-09,QQQ,0.0166166187799467
2023-10-09,SPY,0.0118028827779387
2023-10-09,TLT,-0.0121909949501349
2023-10-10,GLD,0.0182184785369434
2023-10-10,QQQ,0.0050870807588009
2023-10-10,SPY,0.0063817905591359
2023-10-10,TLT,0.0231985441900653
2023-10-11,GLD,-0.0016795054754092
2023-10-11,QQQ,0.0055226932075145
2023-10-11,SPY,0.0051913408829109
2023-10-11,TLT,-0.001383707733442
2023-10-12,GLD,0.00727650782611
2023-10-12,QQQ,0.0071099768069257
2023-10-12,SPY,0.0040879159122367
2023-10-12,TLT,0.0206710667231061
2023-10-13,GLD,-0.0030543103873241
2023-10-13,QQQ,-0.0034811033076902
2023-10-13,SPY,-0.0061151105028974
2023-10-13,TLT,-0.0275026101775138
2023-10-16,GLD,0.0316423193817758
2023-10-16,QQQ,-0.0126495993119603
2023-10-16,SPY,-0.0049933148572445
2023-10-16,TLT,0.0177342385292471
2023-10-17,GLD,-0.0048768004743516
2023-10-17,QQQ,0.0112429687982981
2023-10-17,SPY,0.0104664913333217
2023-10-17,TLT,-0.0162250113785368
2023-10-18,GLD,0.0018525567250013
2023-10-18,QQQ,-0.0032808462857154
2023-10-18,SPY,-4.5913197049638914e-05
2023-10-18,TLT,-0.0110820261027977
2023-10-19,GLD,0.0143671137834947
2023-10-19,QQQ,-0.0132047164953661
2023-10-19,SPY,-0.0134146469561727
2023-10-19,TLT,-0.008836581800498
2023-10-20,GLD,0.012199301049654
2023-10-20,QQQ,-0.0094008874213417
2023-10-20,SPY,-0.0088252320297169
2023-10-20,TLT,-0.0206858980231955
2023-10-23,GLD,0.0027271753020748
2023-10-23,QQQ,-0.0150302871830284
2023-10-23,SPY,-0.0123641655898424
2023-10-23,TLT,0.005662339521992
2023-10-24,GLD,-0.003382778876821
2023-10-24,QQQ,0.0030129615618009
2023-10-24,SPY,-0.0017347143698367
2023-10-24,TLT,0.0119418666049338
2023-10-25,GLD,-0.0001093368636913
2023-10-25,QQQ,0.0096810811133095
2023-10-25,SPY,0.0075111145612098
2023-10-25,TLT,0.0130905888956891
2023-10-26,GLD,0.004199991317574
2023-10-26,QQQ,-0.0247803524571278
2023-10-26,SPY,-0.0144561759110548
2023-10-26,TLT,-0.0225128178246002
2023-10-27,GLD,0.0015772080037924
2023-10-27,QQQ,-0.0192512938956878
2023-10-27,SPY,-0.0120468874032056
2023-10-27,TLT,0.0152221562916099
2023-10-30,GLD,0.0115626934248151
2023-10-30,QQQ,0.004789750055975
2023-10-30,SPY,-0.0045430763647404
2023-10-30,TLT,-0.0042578490980101
2023-10-31,GLD,-0.0056565149769637
2023-10-31,QQQ,0.0112023016918074
2023-10-31,SPY,0.0118848839296703
2023-10-31,TLT,-0.0045142020283548
2023-11-01,GLD,-0.0054715039881709
2023-11-01,QQQ,0.0047709116525683
2023-11-01,SPY,0.0062606276579257
2023-11-01,TLT,-0.0048934397756142
2023-11-02,GLD,-0.0031556165767177
2023-11-02,QQQ,0.0172079361710355
2023-11-02,SPY,0.0106082658144486
2023-11-02,TLT,0.0180227387213282
2023-11-03,GLD,0.0033185604405965
2023-11-03,QQQ,0.0179905214224579
2023-11-03,SPY,0.0189830311329272
2023-11-03,TLT,0.0225407759771928
2023-11-06,GLD,0.0036323164276059
2023-11-06,QQQ,0.0116803326143316
2023-11-06,SPY,0.0090820258443754
2023-11-06,TLT,0.0067555800987174
2023-11-07,GLD,-0.0078230810507058
2023-11-07,QQQ,0.0040710039255821
2023-11-07,SPY,0.0022978479156202
2023-11-07,TLT,-0.0097472074212532
2023-11-08,GLD,-0.0041537457140317
2023-11-08,QQQ,0.0094082745296243
2023-11-08,SPY,0.0028419955442776
2023-11-08,TLT,0.0146422062996942
2023-11-09,GLD,-0.0100176534706271
2023-11-09,QQQ,0.0006437161041448
2023-11-09,SPY,0.0007321314630714
2023-11-09,TLT,0.0168903918672888
2023-11-10,GLD,0.0039750574137907
2023-11-10,QQQ,-0.0077253586174427
2023-11-10,SPY,-0.0078293198070582
2023-11-10,TLT,-0.0232699711069776
2023-11-13,GLD,-0.0109696999532455
2023-11-13,QQQ,0.0222332517548667
2023-11-13,SPY,0.0154843030964144
2023-11-13,TLT,0.0055843540157952
2023-11-14,GLD,0.0055552613869156
2023-11-14,QQQ,-0.0031234095901414
2023-11-14,SPY,-0.0009536397543268
2023-11-14,TLT,-0.0022755380126403
2023-11-15,GLD,0.0088796361866049
2023-11-15,QQQ,0.0212980362707944
2023-11-15,SPY,0.0192149376135878
2023-11-15,TLT,0.0224146103904582
2023-11-16,GLD,-0.0026390807860946
2023-11-16,QQQ,0.0007523407886084
2023-11-16,SPY,0.0021148073588669
2023-11-16,TLT,-0.0141337424972164
2023-11-17,GLD,0.0112228645793535
2023-11-17,QQQ,0.0008554430753817
2023-11-17,SPY,0.0012223852980768
2023-11-17,TLT,0.0123500627450077
2023-11-20,GLD,-0.0001089082776975
2023-11-20,QQQ,0.0002331541493517
2023-11-20,SPY,0.001243030384587
2023-11-20,TLT,0.0046754862015654
2023-11-21,GLD,-0.001634716238304
2023-11-21,QQQ,0.0121013389971022
2023-11-21,SPY,0.0076681247522863
2023-11-21,TLT,0.0060897650495619
2023-11-22,GLD,0.0107400195935418
2023-11-22,QQQ,-0.0058264022796529
2023-11-22,SPY,-0.0021817926592202
2023-11-22,TLT,-0.000441573224218
2023-11-24,GLD,-0.0042713618891717
2023-11-24,QQQ,0.0040846172941853
2023-11-24,SPY,0.0038533997022272
2023-11-24,TLT,0.0035277259007721
2023-11-27,GLD,0.0051881153396818
2023-11-27,QQQ,-0.0014110031916323
2023-11-27,SPY,0.0006151656456205
2023-11-27,TLT,-0.0118449346405612
2023-11-28,GLD,0.0067152202241083
2023-11-28,QQQ,-0.0008732633414755
2023-11-28,SPY,-0.0018025831074993
2023-11-28,TLT,0.0165658117344345
2023-11-29,GLD,0.0132437658546178
2023-11-29,QQQ,0.0026175055821707
2023-11-29,SPY,0.0009896124396359
2023-11-29,TLT,0.0019695848238715
2023-11-30,GLD,0.0014783465644931
2023-11-30,QQQ,-0.00097437157148
2023-11-30,SPY,-0.0007036685470761
2023-11-30,TLT,0.0124926277644292
2023-12-01,GLD,-0.0041766604910127
2023-12-01,QQQ,-0.0025172390932583
2023-12-01,SPY,0.0039297282999148
2023-12-01,TLT,-0.0116185651950135
2023-12-04,GLD,0.0171240372669509
2023-12-04,QQQ,0.0028506918255882
2023-12-04,SPY,0.0058984599349508
2023-12-04,TLT,0.0154974690975999
2023-12-05,GLD,-0.0218504175807455
2023-12-05,QQQ,-0.0093268268710628
2023-12-05,SPY,-0.0052632354645552
2023-12-05,TLT,-0.0039868068105013
2023-12-06,GLD,-0.0037866060778629
2023-12-06,QQQ,0.0025077279485594
2023-12-06,SPY,-0.0001970816221351
2023-12-06,TLT,0.0212580544606762
2023-12-07,GLD,0.0036801154063575
2023-12-07,QQQ,-0.0058006241899873
2023-12-07,SPY,-0.0040379187278644
2023-12-07,TLT,0.0132299505703397
2023-12-08,GLD,0.0016489674559858
2023-12-08,QQQ,0.0138755128066978
2023-12-08,SPY,0.0076014367088416
2023-12-08,TLT,-0.005753486708981
2023-12-11,GLD,-0.0134301735146684
2023-12-11,QQQ,0.0044467764007661
2023-12-11,SPY,0.0042899386827705
2023-12-11,TLT,-0.0082166139798378
2023-12-12,GLD,-0.0111043205602532
2023-12-12,QQQ,0.0085058735620841
2023-12-12,SPY,0.0038820205609058
2023-12-12,TLT,-0.0021177960112004
2023-12-13,GLD,-0.0005447904909059
2023-12-13,QQQ,0.0079327136405027
2023-12-13,SPY,0.0045568347107613
2023-12-13,TLT,0.0029636601925908
2023-12-14,GLD,0.022311764488914
2023-12-14,QQQ,0.0126370415475239
2023-12-14,SPY,0.01369589962701
2023-12-14,TLT,0.0231911950232736
2023-12-15,GLD,0.0058454350891876
2023-12-15,QQQ,-0.0008672100052126
2023-12-15,SPY,0.0032042334658143
2023-12-15,TLT,0.0224637239265268
2023-12-18,GLD,-0.0092087827575075
2023-12-18,QQQ,0.0048223398213433
2023-12-18,SPY,-0.0056940753497524
2023-12-18,TLT,0.0011100521751036
2023-12-19,GLD,0.0045351876568232
2023-12-19,QQQ,0.004283481281731
2023-12-19,SPY,0.0056093096884456
2023-12-19,TLT,-0.0079996468021314
2023-12-20,GLD,0.0067908306061817
2023-12-20,QQQ,0.0050965932008804
2023-12-20,SPY,0.0060624706430893
2023-12-20,TLT,0.0053738915566003
2023-12-21,GLD,-0.0054608663623586
2023-12-21,QQQ,-0.0149712664397439
2023-12-21,SPY,-0.0139541794085509
2023-12-21,TLT,0.0067523378675576
2023-12-22,GLD,0.0070457557204403
2023-12-22,QQQ,0.0115682429191741
2023-12-22,SPY,0.0094372455587659
2023-12-22,TLT,-0.0063479205575359
2023-12-26,GLD,0.0044246140313629
2023-12-26,QQQ,0.0014948624328822
2023-12-26,SPY,0.0020076758121665
2023-12-26,TLT,-0.004559016456233
2023-12-27,GLD,0.0075918421515082
2023-12-27,QQQ,0.0061030874939033
2023-12-27,SPY,0.0042136373851057
2023-12-27,TLT,0.0028391701438389
2023-12-28,GLD,0.0045275772625214
2023-12-28,QQQ,0.0015078071717908
2023-12-28,SPY,0.0018064529064549
2023-12-28,TLT,0.0175645601830562
2023-12-29,GLD,-0.0058324131605247
2023-12-29,QQQ,-0.0004861745598889
2023-12-29,SPY,0.0003776598313376
2023-12-29,TLT,-0.0072894960916128
2024-01-02,GLD,-0.0015680697977631
2024-01-02,QQQ,-0.0043371302352378
2024-01-02,SPY,-0.0028991719525495
2024-01-02,TLT,-0.009060784266487
2024-01-03,GLD,-0.0023566846852945
2024-01-03,QQQ,-0.0170670500705915
2024-01-03,SPY,-0.0056120736477625
2024-01-03,TLT,-0.0057812393873784
2024-01-04,GLD,-0.0083717551598921
2024-01-04,QQQ,-0.0106378914998311
2024-01-04,SPY,-0.008200218753116
2024-01-04,TLT,0.0041618459773049
2024-01-05,GLD,0.0010041086074332
2024-01-05,QQQ,-0.0051597447271509
2024-01-05,SPY,-0.0032262780851882
2024-01-05,TLT,-0.0153111083489848
2024-01-08,GLD,0.0001584428568191
2024-01-08,QQQ,0.0011853303820946
2024-01-08,SPY,0.0013687227117205
2024-01-08,TLT,-0.0096119834131863
2024-01-09,GLD,-0.0078469782930157
2024-01-09,QQQ,0.0204572734330194
2024-01-09,SPY,0.0141749870305839
2024-01-09,TLT,0.0098176467190695
2024-01-10,GLD,0.0003193058065587
2024-01-10,QQQ,0.0019735735551626
2024-01-10,SPY,-0.0015182214715403
2024-01-10,TLT,-0.0063963399263819
2024-01-11,GLD,-0.0022906686849215
2024-01-11,QQQ,0.0067547079053569
2024-01-11,SPY,0.0056394928069951
2024-01-11,TLT,-0.0046683478682808
2024-01-12,GLD,0.0019713628783626
2024-01-12,QQQ,0.0020786364326612
2024-01-12,SPY,-0.0004407372315755
2024-01-12,TLT,0.0055993605775226
2024-01-16,GLD,0.0097464174657847
2024-01-16,QQQ,0.0005128560128505
2024-01-16,SPY,0.0006924998916625
2024-01-16,TLT,-0.0019665942849809
2024-01-17,GLD,-0.0095334814649172
2024-01-17,QQQ,-9.7691423571739e-05
2024-01-17,SPY,-0.003677981525426
2024-01-17,TLT,-0.0177698517216645
2024-01-18,GLD,-0.0110770755332533
2024-01-18,QQQ,-0.0056567134145153
2024-01-18,SPY,-0.0055741875449363
2024-01-18,TLT,-0.0015832134561436
2024-01-19,GLD,0.0081991767942437
2024-01-19,QQQ,0.0140943540391949
2024-01-19,SPY,0.0088534942330729
2024-01-19,TLT,-0.0093388905170466
2024-01-22,GLD,0.0029842685447011
2024-01-22,QQQ,0.019636922415196
2024-01-22,SPY,0.0123891013318604
2024-01-22,TLT,0.0031934818150209
2024-01-23,GLD,-0.003785111631635
2024-01-23,QQQ,0.0013050465321816
2024-01-23,SPY,0.0021121048272759
2024-01-23,TLT,0.0059341616792807
2024-01-24,GLD,0.0038915513093621
2024-01-24,QQQ,0.0041409885240918
2024-01-24,SPY,0.0029122370823378
2024-01-24,TLT,-0.0079554913123503
2024-01-25,GLD,-0.0082810842658062
2024-01-25,QQQ,0.0055338606392287
2024-01-25,SPY,0.0010925624315369
2024-01-25,TLT,-0.0058745488223108
2024-01-26,GLD,0.0039621270789886
2024-01-26,QQQ,0.0012204454464226
2024-01-26,SPY,0.0054241551788977
2024-01-26,TLT,0.0065132964049653
2024-01-29,GLD,-0.0006949345993065
2024-01-29,QQQ,-0.0059753836727306
2024-01-29,SPY,-0.0012712113489856
2024-01-29,TLT,-0.0019175494021409
2024-01-30,GLD,0.0070336909422522
2024-01-30,QQQ,0.0101883513855788
2024-01-30,SPY,0.0078881869366428
2024-01-30,TLT,0.0114505262388987
2024-01-31,GLD,0.001379574176667
2024-01-31,QQQ,-0.0066788136592252
2024-01-31,SPY,-0.0007737525103342
2024-01-31,TLT,0.0090251489093549
2024-02-01,GLD,-0.0007426235867569
2024-02-01,QQQ,-0.0197804938650885
2024-02-01,SPY,-0.0164519142581447
2024-02-01,TLT,0.0097724285104144
2024-02-02,GLD,0.0103469577000935
2024-02-02,QQQ,0.0117066452900178
2024-02-02,SPY,0.0130032430747265
2024-02-02,TLT,0.0162137383503747
2024-02-05,GLD,-0.0094982669201154
2024-02-05,QQQ,0.0167593264604661
2024-02-05,SPY,0.0104723519236237
2024-02-05,TLT,-0.0223363534087659
2024-02-06,GLD,-0.005529246178959
2024-02-06,QQQ,-0.0013061778365434
2024-02-06,SPY,-0.0036478271713355
2024-02-06,TLT,-0.0204003128645251
2024-02-07,GLD,0.0052110917695982
2024-02-07,QQQ,-0.0020092896357582
2024-02-07,SPY,0.0028990992604669
2024-02-07,TLT,0.0097263246607816
2024-02-08,GLD,-0.0002652330017039
2024-02-08,QQQ,0.0102376332513879
2024-02-08,SPY,0.008305819554012
2024-02-08,TLT,-0.0048513775318353
2024-02-09,GLD,-0.0009022539588233
2024-02-09,QQQ,0.0018502244267985
2024-02-09,SPY,0.0004415833108794
2024-02-09,TLT,-0.0058314901020916
2024-02-12,GLD,-0.0038836838223869
2024-02-12,QQQ,0.0097949354472809
2024-02-12,SPY,0.0057627917338099
2024-02-12,TLT,-0.0020224866335598
2024-02-13,GLD,-0.0026153866387208
2024-02-13,QQQ,-0.0039202505213585
2024-02-13,SPY,-0.0004390453194948
2024-02-13,TLT,0.0011714032730945
2024-02-14,GLD,-0.013884637194949
2024-02-14,QQQ,-0.0157199377142295
2024-02-14,SPY,-0.0138687818389182
2024-02-14,TLT,-0.0172834599244461
2024-02-15,GLD,-0.0005962900909107
2024-02-15,QQQ,0.0108382960701821
2024-02-15,SPY,0.0090465952788846
2024-02-15,TLT,0.0050764404027392
2024-02-16,GLD,0.0067013085143279
2024-02-16,QQQ,0.0029732969447832
2024-02-16,SPY,0.0068760437671024
2024-02-16,TLT,0.0051580100371781
2024-02-20,GLD,0.0036558786728409
2024-02-20,QQQ,-0.0091090525892515
2024-02-20,SPY,-0.0049924218064564
2024-02-20,TLT,-0.0058046051454021
2024-02-21,GLD,0.0060458967511151
2024-02-21,QQQ,-0.0075767650685293
2024-02-21,SPY,-0.0055206057201699
2024-02-21,TLT,0.0008620065438701
2024-02-22,GLD,5.331114505738622e-05
2024-02-22,QQQ,-0.0040097646430879
2024-02-22,SPY,0.0009054231408219
2024-02-22,TLT,-0.0071343513578394
2024-02-23,GLD,0.0004266309391015
2024-02-23,QQQ,0.0288553321034094
2024-02-23,SPY,0.0204842560366507
2024-02-23,TLT,0.0048698430118158
2024-02-26,GLD,0.0056356020239861
2024-02-26,QQQ,-0.0029490986360521
2024-02-26,SPY,0.0006894294879108
2024-02-26,TLT,0.0132978419934943
2024-02-27,GLD,-0.0022291722929283
2024-02-27,QQQ,-0.0005267447475362
2024-02-27,SPY,-0.0036692534575609
2024-02-27,TLT,-0.0029873745684393
2024-02-28,GLD,-0.001063248105826
2024-02-28,QQQ,0.0024023767611643
2024-02-28,SPY,0.001856025603427
2024-02-28,TLT,-0.0070769761867039
2024-02-29,GLD,0.0018068578078276
2024-02-29,QQQ,-0.0053387621000333
2024-02-29,SPY,-0.0013225219478981
2024-02-29,TLT,0.0063287564152776
2024-03-01,GLD,0.005137049487701
2024-03-01,QQQ,0.0085329101197285
2024-03-01,SPY,0.0035884984645117
2024-03-01,TLT,0.0070325667872971
2024-03-04,GLD,0.0187342049464241
2024-03-04,QQQ,0.0149446840650223
2024-03-04,SPY,0.0093444680824013
2024-03-04,TLT,0.0030744886468838
2024-03-05,GLD,0.0160455752403637
2024-03-05,QQQ,-0.0035745154202894
2024-03-05,SPY,-0.0010729900314741
2024-03-05,TLT,-0.00403060460531
2024-03-06,GLD,0.0060020930123128
2024-03-06,QQQ,-0.0181126940414778
2024-03-06,SPY,-0.0100444113894325
2024-03-06,TLT,0.014141265529736
2024-03-07,GLD,0.0081818391635687
2024-03-07,QQQ,0.0062640705110891
2024-03-07,SPY,0.0050544537267371
2024-03-07,TLT,0.0058509994936618
2024-03-08,GLD,0.0056677512615818
2024-03-08,QQQ,0.015064076380956
2024-03-08,SPY,0.0098774863558246
2024-03-08,TLT,-0.0009379993201878
2024-03-11,GLD,0.0084170251169512
2024-03-11,QQQ,-0.0145400894711427
2024-03-11,SPY,-0.0060202929760645
2024-03-11,TLT,-0.0017742337755938
2024-03-12,GLD,0.0018333385345244
2024-03-12,QQQ,-0.003719665995988
2024-03-12,SPY,-0.0008602198798415
2024-03-12,TLT,-0.0005224706330766
2024-03-13,GLD,-0.0110009160939685
2024-03-13,QQQ,0.014233232469062
2024-03-13,SPY,0.0106999257658461
2024-03-13,TLT,-0.0083963870904087
2024-03-14,GLD,0.0069829660287375
2024-03-14,QQQ,-0.0077157641960874
2024-03-14,SPY,-0.0015687412440107
2024-03-14,TLT,-0.0048600105759756
2024-03-15,GLD,-0.0041838797895552
2024-03-15,QQQ,-0.0025244451780238
2024-03-15,SPY,-0.0019787351992332
2024-03-15,TLT,-0.0154760221276414
2024-03-18,GLD,-0.003199519647615
2024-03-18,QQQ,-0.0119580859411317
2024-03-18,SPY,-0.0099925217976219
2024-03-18,TLT,-0.0003227236723826
2024-03-19,GLD,0.0016010012977577
2024-03-19,QQQ,0.00817079932262
2024-03-19,SPY,0.0059255644004162
2024-03-19,TLT,-0.0030172304149486
2024-03-20,GLD,-0.0011504677080451
2024-03-20,QQQ,0.0024884353120814
2024-03-20,SPY,0.0055417597145077
2024-03-20,TLT,0.0028019686859863
2024-03-21,GLD,0.0118414720111667
2024-03-21,QQQ,0.0117869345478513
2024-03-21,SPY,0.0092067906051959
2024-03-21,TLT,-0.0003228973677594
2024-03-22,GLD,-0.0010391759354036
2024-03-22,QQQ,0.0047210333200218
2024-03-22,SPY,0.0032992544416057
2024-03-22,TLT,0.0021507369602104
2024-03-25,GLD,-0.0080533100178607
2024-03-25,QQQ,0.0011431993749947
2024-03-25,SPY,-0.0018976059248372
2024-03-25,TLT,0.0095153016053803
2024-03-26,GLD,0.0031893153617758
2024-03-26,QQQ,-0.0036357853426143
2024-03-26,SPY,-0.0027666301033714
2024-03-26,TLT,-0.0050136241020317
2024-03-27,GLD,0.0032287432792986
2024-03-27,QQQ,-0.0032429593633718
2024-03-27,SPY,-0.0018487208116597
2024-03-27,TLT,0.0027765343395821
2024-03-28,GLD,0.0072145724506207
2024-03-28,QQQ,0.0034002830901967
2024-03-28,SPY,0.0083687035822096
2024-03-28,TLT,0.0098690283346222
2024-04-01,GLD,0.0128175282024101
2024-04-01,QQQ,-0.0018450498236653
2024-04-01,SPY,-0.000191114060206
2024-04-01,TLT,-0.0008450687359993
2024-04-02,GLD,0.0101563288270648
2024-04-02,QQQ,0.0021148370422101
2024-04-02,SPY,-0.0017413094278576
2024-04-02,TLT,-0.0221198272368432
2024-04-03,GLD,0.0146643119619138
2024-04-03,QQQ,-0.0086676994954566
2024-04-03,SPY,-0.0063784006623978
2024-04-03,TLT,-0.0055257968794338
2024-04-04,GLD,0.008734121015037
2024-04-04,QQQ,0.0022418703959051
2024-04-04,SPY,0.0010978980906576
2024-04-04,TLT,-0.0002173668673806
2024-04-05,GLD,-0.0057512117823675
2024-04-05,QQQ,-0.0154087880633091
2024-04-05,SPY,-0.0122811979447206
2024-04-05,TLT,0.0071467946101217
2024-04-08,GLD,0.0169693993046899
2024-04-08,QQQ,0.0117150148269759
2024-04-08,SPY,0.0103926972273128
2024-04-08,TLT,-0.0140166462513929
2024-04-09,GLD,0.0062091685195614
2024-04-09,QQQ,0.0002951068193793
2024-04-09,SPY,0.0005591824618205
2024-04-09,TLT,-0.0001094505271562
2024-04-10,GLD,0.0054820013282546
2024-04-10,QQQ,0.0036926853493358
2024-04-10,SPY,0.0011560955273918
2024-04-10,TLT,0.0092588875666256
2024-04-11,GLD,-0.0095089230354046
2024-04-11,QQQ,-0.008766842073492
2024-04-11,SPY,-0.0100635858510185
2024-04-11,TLT,-0.0220343481344982
2024-04-12,GLD,0.0192468328744955
2024-04-12,QQQ,0.0158420949081361
2024-04-12,SPY,0.0075185505149699
2024-04-12,TLT,-0.0045548450118105
2024-04-15,GLD,-0.01332774609336
2024-04-15,QQQ,-0.0160702526599151
2024-04-15,SPY,-0.0138992252742856
2024-04-15,TLT,0.0053304219605078
2024-04-16,GLD,0.0185461080043557
2024-04-16,QQQ,-0.0165878478571032
2024-04-16,SPY,-0.0126072659321151
2024-04-16,TLT,-0.0156270790720266
2024-04-17,GLD,0.0012212692273934
2024-04-17,QQQ,9.281002315275126e-05
2024-04-17,SPY,-0.0018254601741846
2024-04-17,TLT,-0.0066595012160569
2024-04-18,GLD,-0.0073955324112901
2024-04-18,QQQ,-0.0122764156463219
2024-04-18,SPY,-0.0059358214006418
2024-04-18,TLT,0.0110373427890932
2024-04-19,GLD,0.0034096367107846
2024-04-19,QQQ,-0.0057226948660065
2024-04-19,SPY,-0.002059854144959
2024-04-19,TLT,-0.0050530335656199
2024-04-22,GLD,0.0031266420969038
2024-04-22,QQQ,-0.0209062092212326
2024-04-22,SPY,-0.008766665273877
2024-04-22,TLT,0.0035959100303784
2024-04-23,GLD,-0.0250127166271575
2024-04-23,QQQ,0.0100064746582223
2024-04-23,SPY,0.009166993946983
2024-04-23,TLT,-0.0016839916928693
2024-04-24,GLD,-0.0024616906480957
2024-04-24,QQQ,0.0148126276391085
2024-04-24,SPY,0.0117967742711436
2024-04-24,TLT,0.0003370081422962
2024-04-25,GLD,-0.0018618228395408
2024-04-25,QQQ,0.0033819577374443
2024-04-25,SPY,-0.0004747299655049
2024-04-25,TLT,-0.0071013909697647
2024-04-26,GLD,0.0059457569557404
2024-04-26,QQQ,-0.0048415942686856
2024-04-26,SPY,-0.0038061567197108
2024-04-26,TLT,-0.0070383165509757
2024-04-29,GLD,0.0032366836371748
2024-04-29,QQQ,0.0153138481601265
2024-04-29,SPY,0.0094293152930211
2024-04-29,TLT,0.0052266803822305
2024-04-30,GLD,-0.0020332837588085
2024-04-30,QQQ,0.0040521039525708
2024-04-30,SPY,0.0035352141854628
2024-04-30,TLT,0.008351312368802
2024-05-01,GLD,-0.0201385041179373
2024-05-01,QQQ,-0.01903620526751
2024-05-01,SPY,-0.0159680609242073
2024-05-01,TLT,-0.0085779545909005
2024-05-02,GLD,0.0090213374183556
2024-05-02,QQQ,-0.0072567889513773
2024-05-02,SPY,-0.0032524344116499
2024-05-02,TLT,0.0038465523187324
2024-05-03,GLD,-0.0030918623251211
2024-05-03,QQQ,0.0126825796291891
2024-05-03,SPY,0.0093099652994433
2024-05-03,TLT,0.0042817517000268
2024-05-06,GLD,-0.000797944909942
2024-05-06,QQQ,0.0198991167744473
2024-05-06,SPY,0.0123191295833303
2024-05-06,TLT,0.0100682571350294
2024-05-07,GLD,0.0104634279333738
2024-05-07,QQQ,0.0108938511352476
2024-05-07,SPY,0.0102738605270333
2024-05-07,TLT,0.0038883135795895
2024-05-08,GLD,-0.0046109404994196
2024-05-08,QQQ,0.0001590045624627
2024-05-08,SPY,0.0011028380684626
2024-05-08,TLT,0.0060796674462881
2024-05-09,GLD,-0.0029453952906236
2024-05-09,QQQ,-0.0005906762346773
2024-05-09,SPY,9.665733795148856e-05
2024-05-09,TLT,-0.006079667446288
2024-05-10,GLD,0.0156554198611632
2024-05-10,QQQ,0.0021791252771417
2024-05-10,SPY,0.005745331819169
2024-05-10,TLT,0.0048666705140441
2024-05-13,GLD,0.0080797838943197
2024-05-13,QQQ,0.0023554129672595
2024-05-13,SPY,0.0012872960520189
2024-05-13,TLT,-0.005643107720264
2024-05-14,GLD,-0.0112653199553876
2024-05-14,QQQ,0.0023046963947893
2024-05-14,SPY,0.0001342861323111
2024-05-14,TLT,0.0025488541087193
2024-05-15,GLD,0.0084264427207498
2024-05-15,QQQ,0.0064116622614879
2024-05-15,SPY,0.0045776594964612
2024-05-15,TLT,0.0056288668990469
2024-05-16,GLD,0.0127570324481877
2024-05-16,QQQ,0.0155093644808692
2024-05-16,SPY,0.0123069912799785
2024-05-16,TLT,0.0135550596448771
2024-05-17,GLD,-0.0039009421414324
2024-05-17,QQQ,-0.0020333817128794
2024-05-17,SPY,-0.0020596279688887
2024-05-17,TLT,-0.0009776366819864
2024-05-20,GLD,0.0163631628294417
2024-05-20,QQQ,-0.0004868683913452
2024-05-20,SPY,0.0014365015702952
2024-05-20,TLT,-0.00676123340607
2024-05-21,GLD,0.0040158632080744
2024-05-21,QQQ,0.0069485182564736
2024-05-21,SPY,0.0011514481474172
2024-05-21,TLT,-0.0029587073241743
2024-05-22,GLD,-0.0014706294501548
2024-05-22,QQQ,0.0019544847921339
2024-05-22,SPY,0.0024495269806736
2024-05-22,TLT,0.0051447061497722
2024-05-23,GLD,-0.0185448675645655
2024-05-23,QQQ,-0.0001974664901798
2024-05-23,SPY,-0.0028834974288917
2024-05-23,TLT,0.0012002905514467
2024-05-24,GLD,-0.0201461480391864
2024-05-24,QQQ,-0.0045085966692528
2024-05-24,SPY,-0.0073310266367182
2024-05-24,TLT,-0.0064547715577878
2024-05-28,GLD,0.0009266841017383
2024-05-28,QQQ,0.0094120076342139
2024-05-28,SPY,0.0065946427895962
2024-05-28,TLT,0.0029590316535869
2024-05-29,GLD,0.0104582937944146
2024-05-29,QQQ,0.0037705447928677
2024-05-29,SPY,0.0006985983143454
2024-05-29,TLT,-0.0144394636709715
2024-05-30,GLD,-0.0093473628703688
2024-05-30,QQQ,-0.0070733173824018
2024-05-30,SPY,-0.0070271847679312
2024-05-30,TLT,-0.0121754793027167
2024-05-31,GLD,0.0018949634848047
2024-05-31,QQQ,-0.0107711802520918
2024-05-31,SPY,-0.0066558023632013
2024-05-31,TLT,0.009618606562888
2024-06-03,GLD,-0.0058814360935925
2024-06-03,QQQ,-0.0018619834635208
2024-06-03,SPY,0.0090669202532969
2024-06-03,TLT,0.0067669084339661
2024-06-04,GLD,0.0088782519267913
2024-06-04,QQQ,0.0053549726068952
2024-06-04,SPY,0.0008150207199744
2024-06-04,TLT,0.0126340769204356
2024-06-05,GLD,-0.00901759641821
2024-06-05,QQQ,0.0027327625477934
2024-06-05,SPY,0.0011172741940039
2024-06-05,TLT,0.01161352081771
2024-06-06,GLD,0.0117759932192947
2024-06-06,QQQ,0.0199592718425884
2024-06-06,SPY,0.0118150270544425
2024-06-06,TLT,0.00731107780222
2024-06-07,GLD,0.0073641743967564
2024-06-07,QQQ,-0.0003452447184211
2024-06-07,SPY,-1.872156590881285e-05
2024-06-07,TLT,-0.001500851391083
2024-06-10,GLD,-0.0363355128406583
2024-06-10,QQQ,-0.0008852216700883
2024-06-10,SPY,-0.0012163969596636
2024-06-10,TLT,-0.0185160299693892
2024-06-11,GLD,0.0091264084806261
2024-06-11,QQQ,0.0040310796488359
2024-06-11,SPY,0.0030849976419914
2024-06-11,TLT,-0.006688994866074
2024-06-12,GLD,0.0028525382508944
2024-06-12,QQQ,0.0068392881159389
2024-06-12,SPY,0.002405421732293
2024-06-12,TLT,0.010289084149642
2024-06-13,GLD,0.0026581839081537
2024-06-13,QQQ,0.013012707883986
2024-06-13,SPY,0.0081794618271372
2024-06-13,TLT,0.0074857395148651
2024-06-14,GLD,-0.0081835430171976
2024-06-14,QQQ,0.0054056045421579
2024-06-14,SPY,0.0020114729065923
2024-06-14,TLT,0.0145925406466071
2024-06-17,GLD,0.0128762895266324
2024-06-17,QQQ,0.0051678645654829
2024-06-17,SPY,0.0006081975017191
2024-06-17,TLT,0.0083797990728379
2024-06-18,GLD,-0.0052051757004507
2024-06-18,QQQ,0.0121754060280323
2024-06-18,SPY,0.0079274211715892
2024-06-18,TLT,-0.0099787962260279
2024-06-20,GLD,0.0039992641040523
2024-06-20,QQQ,0.0003091797115805
2024-06-20,SPY,0.0025374737586777
2024-06-20,TLT,0.0091333789361441
2024-06-21,GLD,0.0124070609422332
2024-06-21,QQQ,-0.0077378427679069
2024-06-21,SPY,-0.0027202277819783
2024-06-21,TLT,-0.0066825734625571
2024-06-24,GLD,-0.0156145125771135
2024-06-24,QQQ,-0.0026829081826008
2024-06-24,SPY,-0.0045624768099957
2024-06-24,TLT,0.0
2024-06-25,GLD,0.0039497558204108
2024-06-25,QQQ,-0.0130381064341842
2024-06-25,SPY,-0.0032559597055963
2024-06-25,TLT,0.0040360889909975
2024-06-26,GLD,-0.0049745904122726
2024-06-26,QQQ,0.0113707005807705
2024-06-26,SPY,0.0038434848594231
2024-06-26,TLT,0.0016945954617862
2024-06-27,GLD,-0.009271011435783
2024-06-27,QQQ,0.0020630176306225
2024-06-27,SPY,0.0012473040467964
2024-06-27,TLT,-0.0143887210712203
2024-06-28,GLD,0.0112731442499241
2024-06-28,QQQ,0.0025779973519322
2024-06-28,SPY,0.0015752381681971
2024-06-28,TLT,0.0039641678399807
2024-07-01,GLD,9.297215668006984e-05
2024-07-01,QQQ,-0.0052044419168873
2024-07-01,SPY,-0.003942869945335
2024-07-01,TLT,-0.0187808856020874
2024-07-02,GLD,0.0026012036358742
2024-07-02,QQQ,0.0058479674682741
2024-07-02,SPY,0.0020559795686297
2024-07-02,TLT,-0.0205851849388543
2024-07-03,GLD,-4.643502198142268e-05
2024-07-03,QQQ,0.0104449240031324
2024-07-03,SPY,0.0067071714634874
2024-07-03,TLT,0.0077553782424822
2024-07-05,GLD,0.0112099336370619
2024-07-05,QQQ,0.0083025312355069
2024-07-05,SPY,0.0044526723749993
2024-07-05,TLT,0.0130477418999953
2024-07-08,GLD,0.0133966607346945
2024-07-08,QQQ,0.0103728544599351
2024-07-08,SPY,0.0057499346023595
2024-07-08,TLT,0.0082447256389556
2024-07-09,GLD,-0.0124796220872563
2024-07-09,QQQ,0.002375426735055
2024-07-09,SPY,0.001153262746924
2024-07-09,TLT,0.0021584789080333
2024-07-10,GLD,0.0016943111880905
2024-07-10,QQQ,0.0008642114115483
2024-07-10,SPY,0.0009719702134054
2024-07-10,TLT,-0.0044298452945153
2024-07-11,GLD,0.0036536533844153
2024-07-11,QQQ,0.0103725262058919
2024-07-11,SPY,0.0098466519258639
2024-07-11,TLT,0.0031353171137946
2024-07-12,GLD,0.0175780011601844
2024-07-12,QQQ,-0.0221742120269865
2024-07-12,SPY,-0.00865996986307
2024-07-12,TLT,0.0096681548490277
2024-07-15,GLD,-0.0006272936376368
2024-07-15,QQQ,0.0058576598165511
2024-07-15,SPY,0.006287712919899
2024-07-15,TLT,0.0042671445025549
2024-07-16,GLD,0.0032219172131206
2024-07-16,QQQ,0.0026842131833929
2024-07-16,SPY,0.0027463442535965
2024-07-16,TLT,-0.0115633174232539
2024-07-17,GLD,0.0197298778200488
2024-07-17,QQQ,0.0003828803224151
2024-07-17,SPY,0.0059126336569689
2024-07-17,TLT,0.0140086509132414
2024-07-18,GLD,-0.0046540195707981
2024-07-18,QQQ,-0.0297943694434953
2024-07-18,SPY,-0.0141203683180385
2024-07-18,TLT,0.0002124046769091
2024-07-19,GLD,-0.0064016331545465
2024-07-19,QQQ,-0.0047437802554357
2024-07-19,SPY,-0.0077145829454094
2024-07-19,TLT,-0.00767350250041
2024-07-22,GLD,-0.0181006622306462
2024-07-22,QQQ,-0.0089030996407214
2024-07-22,SPY,-0.0066627270160458
2024-07-22,TLT,-0.0059016540578336
2024-07-23,GLD,0.0003156824791686
2024-07-23,QQQ,0.0147878903252843
2024-07-23,SPY,0.0102571195826869
2024-07-23,TLT,-0.0029099189958472
2024-07-24,GLD,0.0035105070964616
2024-07-24,QQQ,-0.0035308824410871
2024-07-24,SPY,-0.0015697793341651
2024-07-24,TLT,-0.001404168120741
2024-07-25,GLD,-0.0035105070964615
2024-07-25,QQQ,-0.0365294645788454
2024-07-25,SPY,-0.0229232578215259
2024-07-25,TLT,-0.010867310128203
2024-07-26,GLD,-0.0157684006136557
2024-07-26,QQQ,-0.0110889562537006
2024-07-26,SPY,-0.0052239892159594
2024-07-26,TLT,0.0081615342571215
2024-07-29,GLD,0.0104794243898432
2024-07-29,QQQ,0.0102037537143136
2024-07-29,SPY,0.0111374461180476
2024-07-29,TLT,0.0077729123085878
2024-07-30,GLD,-0.0014060442276131
2024-07-30,QQQ,0.0020067387935105
2024-07-30,SPY,0.0005876006791036
2024-07-30,TLT,0.0053625183359802
2024-07-31,GLD,0.0099359361835447
2024-07-31,QQQ,-0.0138265449325603
2024-07-31,SPY,-0.0050793471875824
2024-07-31,TLT,0.0038432909204233
2024-08-01,GLD,0.0179486801762796
2024-08-01,QQQ,0.029164264810977
2024-08-01,SPY,0.0161239162279656
2024-08-01,TLT,0.0101771164055347
2024-08-02,GLD,-0.0034488837098833
2024-08-02,QQQ,-0.0245196247553699
2024-08-02,SPY,-0.014262163712746
2024-08-02,TLT,0.005259848154755
2024-08-05,GLD,-0.0019064443892985
2024-08-05,QQQ,-0.0240211539212919
2024-08-05,SPY,-0.0187939188385394
2024-08-05,TLT,0.0306858238982031
2024-08-06,GLD,-0.0127731657626246
2024-08-06,QQQ,-0.0302697067501556
2024-08-06,SPY,-0.0295562114864632
2024-08-06,TLT,0.0052771004097468
2024-08-07,GLD,-0.00803289128685
2024-08-07,QQQ,0.0095097383517063
2024-08-07,SPY,0.0091773260524924
2024-08-07,TLT,-0.0226224573648144
2024-08-08,GLD,-0.0006798590470787
2024-08-08,QQQ,-0.0108888410468023
2024-08-08,SPY,-0.0067064389437346
2024-08-08,TLT,-0.0070648883546159
2024-08-09,GLD,0.0155662288057779
2024-08-09,QQQ,0.0301323561981363
2024-08-09,SPY,0.0228542054770539
2024-08-09,TLT,-0.0061706408936789
2024-08-12,GLD,0.0024522519879112
2024-08-12,QQQ,0.005208800640927
2024-08-12,SPY,0.0043999277257457
2024-08-12,TLT,0.0098132370383106
2024-08-13,GLD,0.0169993545119223
2024-08-13,QQQ,0.0021512804214053
2024-08-13,SPY,0.0005252551924453
2024-08-13,TLT,0.0036293757798436
2024-08-14,GLD,-0.0015335341694868
2024-08-14,QQQ,0.0245099183217285
2024-08-14,SPY,0.016311859783682
2024-08-14,TLT,0.0069111438224071
2024-08-15,GLD,-0.0081891913335011
2024-08-15,QQQ,0.0003242684414367
2024-08-15,SPY,0.003149823485346
2024-08-15,TLT,0.0062509873687527
2024-08-16,GLD,0.0031339290416113
2024-08-16,QQQ,0.0249492792334935
2024-08-16,SPY,0.0169950066299035
2024-08-16,TLT,-0.008103033455494
2024-08-19,GLD,0.0221408117352881
2024-08-19,QQQ,0.0012849237508983
2024-08-19,SPY,0.0022395035979679
2024-08-19,TLT,0.0034954694343001
2024-08-20,GLD,-0.0016393656726292
2024-08-20,QQQ,0.0130504629869758
2024-08-20,SPY,0.009515993731818
2024-08-20,TLT,0.0046075640211939
2024-08-21,GLD,0.0036632708025022
2024-08-21,QQQ,-0.0021007760980329
2024-08-21,SPY,-0.0016274080484896
2024-08-21,TLT,0.0079365372734522
2024-08-22,GLD,-0.0013345079227064
2024-08-22,QQQ,0.0046532765248347
2024-08-22,SPY,0.0034306271319162
2024-08-22,TLT,0.0006079553127926
2024-08-23,GLD,-0.012047289256478
2024-08-23,QQQ,-0.0159819432365136
2024-08-23,SPY,-0.0078794586756252
2024-08-23,TLT,-0.0099756867590331
2024-08-26,GLD,0.0114871943432589
2024-08-26,QQQ,0.0107871263594096
2024-08-26,SPY,0.0105693017859652
2024-08-26,TLT,0.0065259678088086
2024-08-27,GLD,0.0031842629268951
2024-08-27,QQQ,-0.0097557741529055
2024-08-27,SPY,-0.0023866838456129
2024-08-27,TLT,-0.0025441422317191
2024-08-28,GLD,0.0027030152296242
2024-08-28,QQQ,0.002982910348791
2024-08-28,SPY,0.0013721560454702
2024-08-28,TLT,-0.0017337026260452
2024-08-29,GLD,-0.007051666972008
2024-08-29,QQQ,-0.0114123093066533
2024-08-29,SPY,-0.0058221903045377
2024-08-29,TLT,-0.0012256435684956
2024-08-30,GLD,0.0051646207163568
2024-08-30,QQQ,-0.001464958031559
2024-08-30,SPY,8.953171475672746e-05
2024-08-30,TLT,-0.003275667780281
2024-09-03,GLD,-0.0071515197828322
2024-09-03,QQQ,0.0118489244827652
2024-09-03,SPY,0.0095007394329253
2024-09-03,TLT,-0.0107206565748481
2024-09-04,GLD,-0.0043329502735323
2024-09-04,QQQ,-0.0308313514471938
2024-09-04,SPY,-0.0207937073316302
2024-09-04,TLT,0.0129738449725806
2024-09-05,GLD,0.0006077417877377
2024-09-05,QQQ,-0.0026018796345454
2024-09-05,SPY,-0.0020489111776035
2024-09-05,TLT,0.0128076778448541
2024-09-06,GLD,0.0082977849059199
2024-09-06,QQQ,0.0009331595017891
2024-09-06,SPY,-0.0024351739489822
2024-09-06,TLT,0.0056400346247264
2024-09-09,GLD,-0.0074301658514056
2024-09-09,QQQ,-0.0271525940934001
2024-09-09,SPY,-0.0169733521483191
2024-09-09,TLT,-0.0001004583576238
2024-09-10,GLD,0.0041970561043253
2024-09-10,QQQ,0.0127776505722638
2024-09-10,SPY,0.0111340035578982
2024-09-10,TLT,0.0043097066458845
2024-09-11,GLD,0.0043944278678481
2024-09-11,QQQ,0.0091993206789034
2024-09-11,SPY,0.0043462540822322
2024-09-11,TLT,0.0069763545509663
2024-09-12,GLD,-0.0015918222264343
2024-09-12,QQQ,0.0214829922475381
2024-09-12,SPY,0.0102066768034078
2024-09-12,TLT,-0.0007948518038137
2024-09-13,GLD,0.0174147634461192
2024-09-13,QQQ,0.0097682041497921
2024-09-13,SPY,0.0083880185825045
2024-09-13,TLT,-0.0046824615636531
2024-09-16,GLD,0.0098945708274604
2024-09-16,QQQ,0.0044699305315086
2024-09-16,SPY,0.0052091506870809
2024-09-16,TLT,0.0026926395560884
2024-09-17,GLD,-8.375168155593023e-05
2024-09-17,QQQ,-0.0044276909992403
2024-09-17,SPY,0.0014757829283282
2024-09-17,TLT,0.0091206951675343
2024-09-18,GLD,-0.0055462634787813
2024-09-18,QQQ,0.0005281337043686
2024-09-18,SPY,0.0004085237096515
2024-09-18,TLT,-0.0048474695267595
2024-09-19,GLD,-0.0077403447317757
2024-09-19,QQQ,-0.0043389267458865
2024-09-19,SPY,-0.0029702599283185
2024-09-19,TLT,-0.0124733448319902
2024-09-20,GLD,0.0154212364194876
2024-09-20,QQQ,0.0249698416246484
2024-09-20,SPY,0.0169204411507317
2024-09-20,TLT,-0.0033190294908302
2024-09-23,GLD,0.0126305576825315
2024-09-23,QQQ,-0.0019051215573405
2024-09-23,SPY,-0.004792685833681
2024-09-23,TLT,-0.0038357257484006
2024-09-24,GLD,0.001938526716101
2024-09-24,QQQ,0.0012429178728323
2024-09-24,SPY,0.0024957530732319
2024-09-24,TLT,-0.0021260356207428
2024-09-25,GLD,0.0138724051716508
2024-09-25,QQQ,0.0048119929769617
2024-09-25,SPY,0.0028572285574197
2024-09-25,TLT,-0.0002026823754895
2024-09-26,GLD,-0.0013827232563759
2024-09-26,QQQ,0.0009267233766954
2024-09-26,SPY,-0.0022079491041084
2024-09-26,TLT,-0.0083469507501895
2024-09-27,GLD,0.0050739895820529
2024-09-27,QQQ,0.0074849755567172
2024-09-27,SPY,0.0039568128260835
2024-09-27,TLT,0.002348214139985
2024-09-30,GLD,-0.0079674870876455
2024-09-30,QQQ,-0.0055725313064786
2024-09-30,SPY,-0.0014513709323789
2024-09-30,TLT,0.0051874412552949
2024-10-01,GLD,-0.0080315409050221
2024-10-01,QQQ,0.0027082089433718
2024-10-01,SPY,0.0039992702842677
2024-10-01,TLT,-0.0047796015643203
2024-10-02,GLD,0.0104365981433151
2024-10-02,QQQ,-0.0140304328434418
2024-10-02,SPY,-0.0089988433141375
2024-10-02,TLT,0.0039676474747934
2024-10-03,GLD,0.0002035664766649
2024-10-03,QQQ,0.0014119792061563
2024-10-03,SPY,0.0004219682843773
2024-10-03,TLT,-0.008462902359716
2024-10-04,GLD,-0.00069224543445
2024-10-04,QQQ,-0.0007472775031683
2024-10-04,SPY,-0.0018298524197309
2024-10-04,TLT,-0.0094651508194206
2024-10-07,GLD,-0.001998025038998
2024-10-07,QQQ,0.0118278844605672
2024-10-07,SPY,0.0090462980167999
2024-10-07,TLT,-0.0123772426875141
2024-10-08,GLD,-0.0033935140367649
2024-10-08,QQQ,-0.010769432443949
2024-10-08,SPY,-0.0090815554644288
2024-10-08,TLT,-0.0075638684206904
2024-10-09,GLD,-0.0073992324943445
2024-10-09,QQQ,0.0148241992752833
2024-10-09,SPY,0.009413104474973
2024-10-09,TLT,0.0016857662086387
2024-10-10,GLD,-0.0054610705017173
2024-10-10,QQQ,0.0078376016762831
2024-10-10,SPY,0.0069025697586391
2024-10-10,TLT,-0.0057010387763978
2024-10-11,GLD,0.0073160647670896
2024-10-11,QQQ,-0.0011361974240375
2024-10-11,SPY,-0.0017515586232923
2024-10-11,TLT,-0.0039250580236314
2024-10-14,GLD,0.0108542868688607
2024-10-14,QQQ,0.0015619233926888
2024-10-14,SPY,0.0059703946311481
2024-10-14,TLT,-0.0040473469381352
2024-10-15,GLD,-0.0016308312397319
2024-10-15,QQQ,0.0083564556065842
2024-10-15,SPY,0.0081450577196346
2024-10-15,TLT,0.0007467829569563
2024-10-16,GLD,0.0034623584364339
2024-10-16,QQQ,-0.013456962025533
2024-10-16,SPY,-0.0078000187308598
2024-10-16,TLT,0.0120841730955953
2024-10-17,GLD,0.0049891427128232
2024-10-17,QQQ,0.0001222244908564
2024-10-17,SPY,0.0043369861093082
2024-10-17,TLT,0.0042055986066343
2024-10-18,GLD,0.0059704521617615
2024-10-18,QQQ,0.0006923441195
2024-10-18,SPY,8.58417457111971e-05
2024-10-18,TLT,-0.0159698227871984
2024-10-21,GLD,0.0105622079795937
2024-10-21,QQQ,0.0065333211669201
2024-10-21,SPY,0.0038391931312019
2024-10-21,TLT,0.0007459870614133
2024-10-22,GLD,-0.000199021080524
2024-10-22,QQQ,0.0019194304107396
2024-10-22,SPY,-0.0016435639908294
2024-10-22,TLT,-0.0176253819632812
2024-10-23,GLD,0.0107295555236377
2024-10-23,QQQ,0.0010893463214558
2024-10-23,SPY,-0.0005312953642281
2024-10-23,TLT,0.0009753058091172
2024-10-24,GLD,-0.0121237524316151
2024-10-24,QQQ,-0.0154424522770947
2024-10-24,SPY,-0.0091793828126418
2024-10-24,TLT,-0.0027116454690108
2024-10-25,GLD,0.0076638171342995
2024-10-25,QQQ,0.008076117645187
2024-10-25,SPY,0.0021603320122126
2024-10-25,TLT,0.0063877655253623
2024-10-28,GLD,0.0020548662166116
2024-10-28,QQQ,0.006075106683061
2024-10-28,SPY,-0.0003453607322924
2024-10-28,TLT,-0.0056277666269156
2024-10-29,GLD,3.945329776617785e-05
2024-10-29,QQQ,0.0001614716011403
2024-10-29,SPY,0.0030866226235923
2024-10-29,TLT,-0.0027169500129993
2024-10-30,GLD,0.0108359370369524
2024-10-30,QQQ,0.009562549820107
2024-10-30,SPY,0.0016170697000382
2024-10-30,TLT,0.0015223947159827
2024-10-31,GLD,0.0054907892079315
2024-10-31,QQQ,-0.0075862822879972
2024-10-31,SPY,-0.0030298525842253
2024-10-31,TLT,0.0029295769856921
2024-11-01,GLD,-0.0156164717872707
2024-11-01,QQQ,-0.0255668183255598
2024-11-01,SPY,-0.0197977908813755
2024-11-01,TLT,0.0016237502510432
2024-11-04,GLD,-0.0041108137059421
2024-11-04,QQQ,0.0073717214166914
2024-11-04,SPY,0.0042116505367727
2024-11-04,TLT,-0.0175682478997987
2024-11-05,GLD,0.0014248987496042
2024-11-05,QQQ,-0.0029174554441615
2024-11-05,SPY,-0.0021562536207746
2024-11-05,TLT,0.0154026059971212
2024-11-06,GLD,0.0022519104403699
2024-11-06,QQQ,0.0126762174206227
2024-11-06,SPY,0.0120192541456443
2024-11-06,TLT,0.0052975730080599
2024-11-07,GLD,-0.0308579766940856
2024-11-07,QQQ,0.0268008211945721
2024-11-07,SPY,0.0245614380462097
2024-11-07,TLT,-0.0277704626933539
2024-11-08,GLD,0.0159486453918613
2024-11-08,QQQ,0.0156216218057671
2024-11-08,SPY,0.0077024060320894
2024-11-08,TLT,0.0124499475170206
2024-11-11,GLD,-0.0067924425881974
2024-11-11,QQQ,0.0011677500653049
2024-11-11,SPY,0.0043223674536198
2024-11-11,TLT,0.0126211667169249
2024-11-12,GLD,-0.0237514011511919
2024-11-12,QQQ,-0.000583645186429
2024-11-12,SPY,0.0009524330364589
2024-11-12,TLT,-0.0048772323550633
2024-11-13,GLD,-0.0086688210689802
2024-11-13,QQQ,-0.0018116463896996
2024-11-13,SPY,-0.0031112302807517
2024-11-13,TLT,-0.0151069892076396
2024-11-14,GLD,-0.0101323849976972
2024-11-14,QQQ,-0.0012875517050897
2024-11-14,SPY,0.0004856887278553
2024-11-14,TLT,-0.0095312766144914
2024-11-15,GLD,-0.0026125515313784
2024-11-15,QQQ,-0.0069739886357524
2024-11-15,SPY,-0.0064509218388801
2024-11-15,TLT,0.0057739071704847
2024-11-18,GLD,-0.001773641415401
2024-11-18,QQQ,-0.0241143232777714
2024-11-18,SPY,-0.0128913255771016
2024-11-18,TLT,-0.0026607317442146
2024-11-19,GLD,0.0188416228259249
2024-11-19,QQQ,0.00692360044495
2024-11-19,SPY,0.0040889815284696
2024-11-19,TLT,0.001774579358618
2024-11-20,GLD,0.008919428494708
2024-11-20,QQQ,0.0068561724872027
2024-11-20,SPY,0.0036488026509003
2024-11-20,TLT,0.0050845593973854
2024-11-21,GLD,0.0056162450322957
2024-11-21,QQQ,-0.0005761362843513
2024-11-21,SPY,0.0003387740701419
2024-11-21,TLT,-0.003202402219514
2024-11-22,GLD,0.008304918886222
2024-11-22,QQQ,0.0035907344333859
2024-11-22,SPY,0.0053539450047312
2024-11-22,TLT,-0.0007746315653602
2024-11-25,GLD,0.0128098133323722
2024-11-25,QQQ,0.0016027339876183
2024-11-25,SPY,0.0030946170222222
2024-11-25,TLT,0.0005533453684032
2024-11-26,GLD,-0.029901483187306
2024-11-26,QQQ,0.0015804104301169
2024-11-26,SPY,0.0033863431158401
2024-11-26,TLT,0.0255584459553983
2024-11-27,GLD,0.0019364331609546
2024-11-27,QQQ,0.0053548729926869
2024-11-27,SPY,0.0052079020332436
2024-11-27,TLT,-0.003889800674208
2024-11-29,GLD,0.0022202481870022
2024-11-29,QQQ,-0.0079045755572207
2024-11-29,SPY,-0.0030346627838302
2024-11-29,TLT,0.0069047568830395
2024-12-02,GLD,0.0085875674425342
2024-12-02,QQQ,0.0087484845046746
2024-12-02,SPY,0.0061928491848251
2024-12-02,TLT,0.0102685581631969
2024-12-03,GLD,-0.0087929483026941
2024-12-03,QQQ,0.0108290336888233
2024-12-03,SPY,0.001790806322498
2024-12-03,TLT,-0.0010647197769996
2024-12-04,GLD,0.0020107532444556
2024-12-04,QQQ,0.0030615764321646
2024-12-04,SPY,0.0004637002034376
2024-12-04,TLT,-0.0086664554265752
2024-12-05,GLD,0.0030290874860776
2024-12-05,QQQ,0.0122871083644566
2024-12-05,SPY,0.0061903350880498
2024-12-05,TLT,0.0106884303793144
2024-12-06,GLD,-0.0074252082091734
2024-12-06,QQQ,-0.0027749588589115
2024-12-06,SPY,-0.0016470127648157
2024-12-06,TLT,0.0020179757670577
2024-12-09,GLD,0.0003705001517975
2024-12-09,QQQ,0.0089097747789798
2024-12-09,SPY,0.001893871047522
2024-12-09,TLT,0.0014843025424592
2024-12-10,GLD,0.0098708740029185
2024-12-10,QQQ,-0.0078180053126856
2024-12-10,SPY,-0.0051629487431873
2024-12-10,TLT,-0.009259847602122
2024-12-11,GLD,0.0130784159809939
2024-12-11,QQQ,-0.0034133560729223
2024-12-11,SPY,-0.0031139338661629
2024-12-11,TLT,-0.0047159231625287
2024-12-12,GLD,0.0094886523605948
2024-12-12,QQQ,0.017744073842529
2024-12-12,SPY,0.0077009190950897
2024-12-12,TLT,-0.0094992606427064
2024-12-13,GLD,-0.0147722977478215
2024-12-13,QQQ,-0.0064746879329533
2024-12-13,SPY,-0.0051659309661596
2024-12-13,TLT,-0.0122218361638773
2024-12-16,GLD,-0.0121652762233744
2024-12-16,QQQ,0.00762523052712
2024-12-16,SPY,-0.000198578638197
2024-12-16,TLT,-0.0102632947240187
2024-12-17,GLD,0.0024122979128055
2024-12-17,QQQ,0.0142979015224835
2024-12-17,SPY,0.0042608752402266
2024-12-17,TLT,0.0029904950405832
2024-12-18,GLD,-0.0038460111534536
2024-12-18,QQQ,-0.0044135292959387
2024-12-18,SPY,-0.0041285524354204
2024-12-18,TLT,0.0024301483700421
2024-12-19,GLD,-0.0193714996395325
2024-12-19,QQQ,-0.0367437874327842
2024-12-19,SPY,-0.0302566376674408
2024-12-19,TLT,-0.0164630603948278
2024-12-20,GLD,0.0014200879312812
2024-12-20,QQQ,-0.004463230060051
2024-12-20,SPY,-0.0003071593026207
2024-12-20,TLT,-0.0152571880225025
2024-12-23,GLD,0.0103799974396683
2024-12-23,QQQ,0.0086945939037608
2024-12-23,SPY,0.0085794517811215
2024-12-23,TLT,0.0056779622662253
2024-12-24,GLD,-0.0047199166802106
2024-12-24,QQQ,0.0080843471245963
2024-12-24,SPY,0.0059704318671821
2024-12-24,TLT,-0.0092145304712776
2024-12-26,GLD,0.0019900326568706
2024-12-26,QQQ,0.0134687155976755
2024-12-26,SPY,0.0110536922688843
2024-12-26,TLT,0.0042196874015177
2024-12-27,GLD,0.0067284927019149
2024-12-27,QQQ,-0.0006796149371558
2024-12-27,SPY,6.658528242378701e-05
2024-12-27,TLT,-0.0005692191065296
2024-12-30,GLD,-0.0068942144537037
2024-12-30,QQQ,-0.0133821534136478
2024-12-30,SPY,-0.0105823144872536
2024-12-30,TLT,-0.0082323953188014
2024-12-31,GLD,-0.0031947790408759
2024-12-31,QQQ,-0.0133891677633009
2024-12-31,SPY,-0.0114772507636494
2024-12-31,TLT,0.0080046690593765
2025-01-02,GLD,0.0062142878317398
2025-01-02,QQQ,-0.0085310290693862
2025-01-02,SPY,-0.0036446495858981
2025-01-02,TLT,-0.0053674680064153
2025-01-03,GLD,0.0134962289170307
2025-01-03,QQQ,-0.0019579822958578
2025-01-03,SPY,-0.0024600299449544
2025-01-03,TLT,0.0027444026564812
2025-01-06,GLD,-0.0078951246098437
2025-01-06,QQQ,0.0162327139661342
2025-01-06,SPY,0.0124258942342475
2025-01-06,TLT,-0.0032025508135978
2025-01-07,GLD,-0.0012328556129919
2025-01-07,QQQ,0.0114273061991299
2025-01-07,SPY,0.0057440475146041
2025-01-07,TLT,-0.004477869405233
2025-01-08,GLD,0.0056176267350635
2025-01-08,QQQ,-0.0180053062027665
2025-01-08,SPY,-0.011368428798641
2025-01-08,TLT,-0.0113414403809705
2025-01-10,GLD,0.0053016031219844
2025-01-10,QQQ,0.0001747330867705
2025-01-10,SPY,0.0014599285435674
2025-01-10,TLT,0.0012794489945876
2025-01-13,GLD,0.0095129183749497
2025-01-13,QQQ,-0.0158053813768954
2025-01-13,SPY,-0.0153851821012612
2025-01-13,TLT,-0.0066476389410392
2025-01-14,GLD,-0.0100011003036753
2025-01-14,QQQ,-0.0032189707041038
2025-01-14,SPY,0.0015492556723576
2025-01-14,TLT,-0.0003510887671855
2025-01-15,GLD,0.0052356930079882
2025-01-15,QQQ,-0.0009499149646949
2025-01-15,SPY,0.0013750458193974
2025-01-15,TLT,-0.0016401056704542
2025-01-16,GLD,0.0074610904075508
2025-01-16,QQQ,0.0227456529330089
2025-01-16,SPY,0.0180265255145474
2025-01-16,TLT,0.0170884855156649
2025-01-17,GLD,0.0068871946090514
2025-01-17,QQQ,-0.0070306471781358
2025-01-17,SPY,-0.0019250180817366
2025-01-17,TLT,0.0032220830451291
2025-01-21,GLD,-0.0053214033326847
2025-01-21,QQQ,0.0167375490488579
2025-01-21,SPY,0.0099898280926383
2025-01-21,TLT,0.0017218798146132
2025-01-22,GLD,0.015366546556984
2025-01-22,QQQ,0.0058478535806813
2025-01-22,SPY,0.0091118971322514
2025-01-22,TLT,0.0089061877002276
2025-01-23,GLD,0.0051225102130685
2025-01-23,QQQ,0.0127048162842864
2025-01-23,SPY,0.0056057074520837
2025-01-23,TLT,-0.0052427641819279
2025-01-24,GLD,-0.0014158718257654
2025-01-24,QQQ,0.0021237706744704
2025-01-24,SPY,0.0054432378568486
2025-01-24,TLT,-0.0078008917986468
2025-01-27,GLD,0.00619944922233
2025-01-27,QQQ,-0.0056671425648725
2025-01-27,SPY,-0.002923546640516
2025-01-27,TLT,0.0044814712499341
2025-01-28,GLD,-0.0104593136838803
2025-01-28,QQQ,-0.029546873704104
2025-01-28,SPY,-0.0142463950221211
2025-01-28,TLT,0.0117400194031068
2025-01-29,GLD,0.0086191658238017
2025-01-29,QQQ,0.0146717472117724
2025-01-29,SPY,0.008555691577218
2025-01-29,TLT,-0.0006800902298354
2025-01-30,GLD,-0.0038478030414185
2025-01-30,QQQ,-0.0018798065364064
2025-01-30,SPY,-0.004493010193278
2025-01-30,TLT,-0.0020431369252626
2025-01-31,GLD,0.0150319705398159
2025-01-31,QQQ,0.0042533127169205
2025-01-31,SPY,0.0053527584144018
2025-01-31,TLT,0.0037424960553581
2025-02-03,GLD,0.0019744486005825
2025-02-03,QQQ,-0.001454091347098
2025-02-03,SPY,-0.0053361257854632
2025-02-03,TLT,-0.0065871244049589
2025-02-04,GLD,0.0053230786552232
2025-02-04,QQQ,-0.0080354004496704
2025-02-04,SPY,-0.006752312190203
2025-02-04,TLT,0.0045475466352494
2025-02-05,GLD,0.0098002374860446
2025-02-05,QQQ,0.0122006263549376
2025-02-05,SPY,0.0066858814388869
2025-02-05,TLT,0.0030578950947305
2025-02-06,GLD,0.0061903426424298
2025-02-06,QQQ,0.0045276586960855
2025-02-06,SPY,0.0040463428446494
2025-02-06,TLT,0.0163754117566376
2025-02-07,GLD,-0.0026537744373774
2025-02-07,QQQ,0.0052061268178851
2025-02-07,SPY,0.0034695900439601
2025-02-07,TLT,-0.0004450975482713
2025-02-10,GLD,0.0017825701444091
2025-02-10,QQQ,-0.0126935025116425
2025-02-10,SPY,-0.0091957132920968
2025-02-10,TLT,-0.0064761486600582
2025-02-11,GLD,0.0167963868025065
2025-02-11,QQQ,0.0120324540028804
2025-02-11,SPY,0.006768254750559
2025-02-11,TLT,-0.0030290778548555
2025-02-12,GLD,-0.0036582855898708
2025-02-12,QQQ,-0.0023835843778574
2025-02-12,SPY,0.0007602664193542
2025-02-12,TLT,-0.0064250876934525
2025-02-13,GLD,0.0010466070727148
2025-02-13,QQQ,0.000586955426904
2025-02-13,SPY,-0.0032267102294391
2025-02-13,TLT,-0.0136629351098557
2025-02-14,GLD,0.0098145108301508
2025-02-14,QQQ,0.014283340993906
2025-02-14,SPY,0.0105021949655207
2025-02-14,TLT,0.0164860412605938
2025-02-18,GLD,-0.0149834669265494
2025-02-18,QQQ,0.0041897550190287
2025-02-18,SPY,-4.915126231891812e-05
2025-02-18,TLT,0.0052859732355836
2025-02-19,GLD,0.0164252691444779
2025-02-19,QQQ,0.0022644056765503
2025-02-19,SPY,0.002931532858393
2025-02-19,TLT,-0.0118478458027268
2025-02-20,GLD,0.0005539429240083
2025-02-20,QQQ,0.0002781088210894
2025-02-20,SPY,0.0023521391767746
2025-02-20,TLT,0.0012478092694413
2025-02-21,GLD,0.0005166991544363
2025-02-21,QQQ,-0.0042536197174069
2025-02-21,SPY,-0.0041690029369718
2025-02-21,TLT,0.0037341127525393
2025-02-24,GLD,-0.0009229691054979
2025-02-24,QQQ,-0.0209729469441723
2025-02-24,SPY,-0.0172520677481088
2025-02-24,TLT,0.0120124900630641
2025-02-25,GLD,0.0054148811569904
2025-02-25,QQQ,-0.0118745539851248
2025-02-25,SPY,-0.0045608071591019
2025-02-25,TLT,0.002897284524677
2025-02-26,GLD,-0.0132760725409756
2025-02-26,QQQ,-0.0126793242833021
2025-02-26,SPY,-0.0049855853955938
2025-02-26,TLT,0.0171000406425555
2025-02-27,GLD,0.0015251697060953
2025-02-27,QQQ,0.0024127151613091
2025-02-27,SPY,0.0005046986109214
2025-02-27,TLT,0.005889437064708
2025-02-28,GLD,-0.0153572805066707
2025-02-28,QQQ,-0.0281642310920376
2025-02-28,SPY,-0.0160906675414261
2025-02-28,TLT,-0.0070934060485755
2025-03-03,GLD,-0.0062855326956685
2025-03-03,QQQ,0.0156681329762444
2025-03-03,SPY,0.0154849986346371
2025-03-03,TLT,0.01219132068769
2025-03-04,GLD,0.0130942847759344
2025-03-04,QQQ,-0.0221254635909118
2025-03-04,SPY,-0.0176751883393956
2025-03-04,TLT,0.0015135072040346
2025-03-05,GLD,0.0086600294003389
2025-03-05,QQQ,-0.0030223678797751
2025-03-05,SPY,-0.0119075257364659
2025-03-05,TLT,-0.0123914562682739
2025-03-06,GLD,0.002079148169378
2025-03-06,QQQ,0.0129518270456778
2025-03-06,SPY,0.0106905154609463
2025-03-06,TLT,-0.008016332039776
2025-03-07,GLD,-0.0050941606421311
2025-03-07,QQQ,-0.0278948763020757
2025-03-07,SPY,-0.0179105740573289
2025-03-07,TLT,-0.003313039197045
2025-03-10,GLD,0.0005218196474086
2025-03-10,QQQ,0.0073266305185979
2025-03-10,SPY,0.0055892137246351
2025-03-10,TLT,-0.0032131312569707
2025-03-11,GLD,-0.00879449562306
2025-03-11,QQQ,-0.0395273892561674
2025-03-11,SPY,-0.0269967399681358
2025-03-11,TLT,0.0103776866706489
2025-03-12,GLD,0.0116593063906575
2025-03-12,QQQ,-0.0023932426200897
2025-03-12,SPY,-0.0083476242544029
2025-03-12,TLT,-0.0071645554136781
2025-03-13,GLD,0.0043373733176007
2025-03-13,QQQ,0.0112176084876786
2025-03-13,SPY,0.0052925109682698
2025-03-13,TLT,-0.0059913738430584
2025-03-14,GLD,0.0176003457428398
2025-03-14,QQQ,-0.0181542700385123
2025-03-14,SPY,-0.0134201409839132
2025-03-14,TLT,0.0087530435992372
2025-03-17,GLD,0.0003996778676249
2025-03-17,QQQ,0.0238830071622947
2025-03-17,SPY,0.0204453507969671
2025-03-17,TLT,-0.0053091968283806
2025-03-18,GLD,0.0053989324346434
2025-03-18,QQQ,0.0064627997880117
2025-03-18,SPY,0.0076817730061309
2025-03-18,TLT,0.0049782123426558
2025-03-19,GLD,0.0116043640108771
2025-03-19,QQQ,-0.0171943952387054
2025-03-19,SPY,-0.0108672717270393
2025-03-19,TLT,0.0009926249861723
2025-03-20,GLD,0.0040992943996915
2025-03-20,QQQ,0.0132926524184428
2025-03-20,SPY,0.0108319726285186
2025-03-20,TLT,0.0051679835983065
2025-03-21,GLD,-0.001281406080539
2025-03-21,QQQ,-0.0033953161636831
2025-03-21,SPY,-0.002895968288907
2025-03-21,TLT,0.0006577958706211
2025-03-24,GLD,-0.0080824766049421
2025-03-24,QQQ,0.0032912987990992
2025-03-24,SPY,-0.0026738394192555
2025-03-24,TLT,-0.005936050528509
2025-03-25,GLD,-0.0044624907831339
2025-03-25,QQQ,0.0202168642155389
2025-03-25,SPY,0.0177500339541835
2025-03-25,TLT,-0.0103065171005974
2025-03-26,GLD,0.0043907117900746
2025-03-26,QQQ,0.0056903535385651
2025-03-26,SPY,0.0024009699512088
2025-03-26,TLT,-0.0001113408000246
2025-03-27,GLD,-0.000826322512426
2025-03-27,QQQ,-0.0185720518585709
2025-03-27,SPY,-0.0120100999126719
2025-03-27,TLT,-0.0065948259613821
2025-03-28,GLD,0.0133166711213895
2025-03-28,QQQ,-0.0057143214822889
2025-03-28,SPY,-0.0026592418520149
2025-03-28,TLT,-0.0029199762903679
2025-03-31,GLD,0.0073847882287821
2025-03-31,QQQ,-0.0266805775344184
2025-03-31,SPY,-0.0203438693065222
2025-03-31,TLT,0.0137393471693561
2025-04-01,GLD,0.014261049112946
2025-04-01,QQQ,-4.262685973740415e-05
2025-04-01,SPY,0.0066903824190193
2025-04-01,TLT,0.0098250986159471
2025-04-02,GLD,-0.0019801896396476
2025-04-02,QQQ,0.0080287567841709
2025-04-02,SPY,0.0028204454330976
2025-04-02,TLT,0.0050405442348124
2025-04-03,GLD,0.0020495598046479
2025-04-03,QQQ,0.0072719541983361
2025-04-03,SPY,0.0063084712121917
2025-04-03,TLT,-0.0006559978279674
2025-04-04,GLD,-0.0060565822044141
2025-04-04,QQQ,-0.0550197347695045
2025-04-04,SPY,-0.0505365452163914
2025-04-04,TLT,0.0045831395342651
2025-04-07,GLD,-0.0236702047321448
2025-04-07,QQQ,-0.0641214185499462
2025-04-07,SPY,-0.0603265732760082
2025-04-07,TLT,0.0108284763165002
2025-04-08,GLD,-0.0217199866857037
2025-04-08,QQQ,0.0024102970091971
2025-04-08,SPY,-0.0017827667365008
2025-04-08,TLT,-0.0306201658533513
2025-04-09,GLD,0.0054290299021522
2025-04-09,QQQ,-0.0181725867490106
2025-04-09,SPY,-0.0157867390863718
2025-04-09,TLT,-0.019058924016694
2025-04-10,GLD,0.0363234921961587
2025-04-10,QQQ,0.1133561593633279
2025-04-10,SPY,0.0998628025448612
2025-04-10,TLT,0.0058684771611355
2025-04-11,GLD,0.0241300928868144
2025-04-11,QQQ,-0.0434631924965323
2025-04-11,SPY,-0.0448080503743717
2025-04-11,TLT,-0.0279555493400697
2025-04-14,GLD,0.0189067995005809
2025-04-14,QQQ,0.0182554123457952
2025-04-14,SPY,0.0176855026702615
2025-04-14,TLT,0.005423834510769
2025-04-15,GLD,-0.0057223182906535
2025-04-15,QQQ,0.0067553379529886
2025-04-15,SPY,0.009654693911695
2025-04-15,TLT,0.007110153132314
2025-04-16,GLD,0.0052187380190257
2025-04-16,QQQ,0.0011141365639944
2025-04-16,SPY,-0.0028048086018717
2025-04-16,TLT,0.0035361646995447
2025-04-17,GLD,0.032022570753676
2025-04-17,QQQ,-0.0306174592981332
2025-04-17,SPY,-0.0224787981618062
2025-04-17,TLT,0.0055640621762896
2025-04-21,GLD,-0.0044003594906631
2025-04-21,QQQ,-0.0001800931521407
2025-04-21,SPY,0.0014257609576151
2025-04-21,TLT,-0.0088717460366112
2025-04-22,GLD,0.0304667251965626
2025-04-22,QQQ,-0.0250580725533032
2025-04-22,SPY,-0.0240905411096313
2025-04-22,TLT,-0.0176342815447274
2025-04-23,GLD,-0.01429739087994
2025-04-23,QQQ,0.0259133807949249
2025-04-23,SPY,0.0256850346936216
2025-04-23,TLT,0.0055659158949003
2025-04-24,GLD,-0.0242707980646061
2025-04-24,QQQ,0.0224248284517162
2025-04-24,SPY,0.0153766343595146
2025-04-24,TLT,0.0096663160384224
2025-04-25,GLD,0.0144513514097526
2025-04-25,QQQ,0.0277485419534751
2025-04-25,SPY,0.0208304649134713
2025-04-25,TLT,0.0104808225490954
2025-04-28,GLD,-0.0109008789559565
2025-04-28,QQQ,0.0110862631442073
2025-04-28,SPY,0.0071993460608056
2025-04-28,TLT,0.0073392926512883
2025-04-29,GLD,0.0141416374596136
2025-04-29,QQQ,-0.000317457480238
2025-04-29,SPY,0.0003812307726886
2025-04-29,TLT,0.0062801324506009
2025-04-30,GLD,-0.0097866589704954
2025-04-30,QQQ,0.0065827085584734
2025-04-30,SPY,0.0062796550667411
2025-04-30,TLT,0.0083496173975272
2025-05-01,GLD,-0.0075103532440418
2025-05-01,QQQ,-0.000126177831069
2025-05-01,SPY,0.0003967510937655
2025-05-01,TLT,-0.0081260060321235
2025-05-02,GLD,-0.0209910665037978
2025-05-02,QQQ,0.0129761868708179
2025-05-02,SPY,0.0070619476726273
2025-05-02,TLT,-0.0087562162874454
2025-05-05,GLD,0.0017466735903771
2025-05-05,QQQ,0.014734775349695
2025-05-05,SPY,0.0147351016281458
2025-05-05,TLT,-0.010883216511107
2025-05-06,GLD,0.0294304005776794
2025-05-06,QQQ,-0.0059501877679519
2025-05-06,SPY,-0.0057508540453549
2025-05-06,TLT,-0.0056010375580618
2025-05-07,GLD,0.0276385157477369
2025-05-07,QQQ,-0.0093452600459388
2025-05-07,SPY,-0.0083934913435633
2025-05-07,TLT,0.0033186609516305
2025-05-08,GLD,-0.0151065929631357
2025-05-08,QQQ,0.0039182481069424
2025-05-08,SPY,0.0041966874317333
2025-05-08,TLT,0.0042182442521554
2025-05-09,GLD,-0.019890788928179
2025-05-09,QQQ,0.0102719555506314
2025-05-09,SPY,0.0069436229083764
2025-05-09,TLT,-0.0112116877281386
2025-05-12,GLD,0.0072284856935388
2025-05-12,QQQ,-0.0006555780887854
2025-05-12,SPY,-0.0012749615461114
2025-05-12,TLT,0.0014945669494734
2025-05-13,GLD,-0.0285955517409961
2025-05-13,QQQ,0.039932209348638
2025-05-13,SPY,0.0325130624620671
2025-05-13,TLT,-0.0093486188818001
2025-05-14,GLD,0.0042499487599532
2025-05-14,QQQ,0.0151257876802116
2025-05-14,SPY,0.0065822392404974
2025-05-14,TLT,-0.0040666817179924
2025-05-15,GLD,-0.0212622766256428
2025-05-15,QQQ,0.0059751804757369
2025-05-15,SPY,0.0012772154452027
2025-05-15,TLT,-0.0066585106456206
2025-05-16,GLD,0.0158378697194074
2025-05-16,QQQ,0.0010983541964196
2025-05-16,SPY,0.0048724598722339
2025-05-16,TLT,0.0087520250894012
2025-05-19,GLD,-0.0121606896022099
2025-05-19,QQQ,0.0043430056818473
2025-05-19,SPY,0.0063140522204224
2025-05-19,TLT,0.0026687183358676
2025-05-20,GLD,0.0127984208167456
2025-05-20,QQQ,0.000958295056933
2025-05-20,SPY,0.0010932483080018
2025-05-20,TLT,-0.0029010753290965
2025-05-21,GLD,0.0184509744839862
2025-05-21,QQQ,-0.0033388183633472
2025-05-21,SPY,-0.0033678571569134
2025-05-21,TLT,-0.0072312273867252
2025-05-22,GLD,0.007351594562024
2025-05-22,QQQ,-0.0139941731193972
2025-05-22,SPY,-0.0169943795635726
2025-05-22,TLT,-0.0172377240029156
2025-05-23,GLD,-0.0089009899253181
2025-05-23,QQQ,0.0018694934429077
2025-05-23,SPY,0.0003945992615167
2025-05-23,TLT,0.005226314647565
2025-05-27,GLD,0.0216697929051216
2025-05-27,QQQ,-0.0093038664385822
2025-05-27,SPY,-0.0068491774585169
2025-05-27,TLT,0.0016571900582995
2025-05-28,GLD,-0.0170944333593
2025-05-28,QQQ,0.0232527622750288
2025-05-28,SPY,0.0205774166457264
2025-05-28,TLT,0.0138597504090019
2025-05-29,GLD,-0.0022685891736125
2025-05-29,QQQ,-0.0044417553212869
2025-05-29,SPY,-0.0058022080720109
2025-05-29,TLT,-0.0043252477038894
2025-05-30,GLD,0.005907233361944
2025-05-30,QQQ,0.0019637670721364
2025-05-30,SPY,0.0039396328472483
2025-05-30,TLT,0.0092123665420028
2025-06-02,GLD,-0.0065986657130021
2025-06-02,QQQ,-0.0015783945022363
2025-06-02,SPY,-0.0011191297769231
2025-06-02,TLT,0.0015078266869732
2025-06-03,GLD,0.026233913208447
2025-06-03,QQQ,0.0078671765658209
2025-06-03,SPY,0.0056171490582313
2025-06-03,TLT,-0.0130659243448256
2025-06-04,GLD,-0.0088949946420193
2025-06-04,QQQ,0.0077866682803093
2025-06-04,SPY,0.0056864297641651
2025-06-04,TLT,-0.0017629612695372
2025-06-05,GLD,0.0064213132412345
2025-06-05,QQQ,0.0027839682550212
2025-06-05,SPY,-0.0002685092163333
2025-06-05,TLT,0.0161029995472869
2025-06-06,GLD,-0.0050626726440741
2025-06-06,QQQ,-0.0075554509405195
2025-06-06,SPY,-0.0048445063209598
2025-06-06,TLT,0.0006942555227358
2025-06-09,GLD,-0.0135068823249481
2025-06-09,QQQ,0.0097278788061267
2025-06-09,SPY,0.0102166262352651
2025-06-09,TLT,-0.0128057454659088
2025-06-10,GLD,0.0047074374937491
2025-06-10,QQQ,0.0014708933286201
2025-06-10,SPY,0.0009008492693849
2025-06-10,TLT,0.0010539724238477
2025-06-11,GLD,0.0002934679226739
2025-06-11,QQQ,0.0065921483768491
2025-06-11,SPY,0.0056537188518663
2025-06-11,TLT,0.0051365372425582
2025-06-12,GLD,0.0053976969783305
2025-06-12,QQQ,-0.0033752424392015
2025-06-12,SPY,-0.0028561537379599
2025-06-12,TLT,0.003022931511434
2025-06-13,GLD,0.0123437023226924
2025-06-13,QQQ,0.0023450629617634
2025-06-13,SPY,0.0039664724564183
2025-06-13,TLT,0.0118863414775362
2025-06-16,GLD,0.0130154940916994
2025-06-16,QQQ,-0.0126341957055686
2025-06-16,SPY,-0.0112430915741803
2025-06-16,TLT,-0.0096830305605465
2025-06-17,GLD,-0.0143617343038023
2025-06-17,QQQ,0.0138140355570576
2025-06-17,SPY,0.0094692503877365
2025-06-17,TLT,-0.0101287639544329
2025-06-18,GLD,0.0005130624809404
2025-06-18,QQQ,-0.0097990401276
2025-06-18,SPY,-0.008581823000128
2025-06-18,TLT,0.0120959944348887
2025-06-20,GLD,-0.0054001823384026
2025-06-20,QQQ,-0.00017017183185
2025-06-20,SPY,-0.0001506763404068
2025-06-20,TLT,0.0017326198334627
2025-06-23,GLD,-0.0004191069541604
2025-06-23,QQQ,-0.0040915613321712
2025-06-23,SPY,-0.0053032263725525
2025-06-23,TLT,-0.0018482581520376
2025-06-24,GLD,0.0030584905042089
2025-06-24,QQQ,0.0091074757235177
2025-06-24,SPY,0.0098290265840359
2025-06-24,TLT,0.0032321254984172
2025-06-25,GLD,-0.01584423839127
2025-06-25,QQQ,0.01517627939515
2025-06-25,SPY,0.0109866707733782
2025-06-25,TLT,0.0072343990023822
2025-06-26,GLD,0.0030327025232496
2025-06-26,QQQ,0.0025532306958618
2025-06-26,SPY,0.0005601216284098
2025-06-26,TLT,0.0012577968389537
2025-06-27,GLD,-0.0011076604529502
2025-06-27,QQQ,0.0093068372480973
2025-06-27,SPY,0.0077933766144878
2025-06-27,TLT,0.0050153395257733
2025-06-30,GLD,-0.018289975504647
2025-06-30,QQQ,0.0034177846805723
2025-06-30,SPY,0.0049560382927624
2025-06-30,TLT,-0.006387583829559
2025-07-01,GLD,0.0119133012797551
2025-07-01,QQQ,0.0064561301223972
2025-07-01,SPY,0.0047697980753268
2025-07-01,TLT,0.0097928431581798
2025-07-02,GLD,0.0088834358471799
2025-07-02,QQQ,-0.0084651832946448
2025-07-02,SPY,-0.0003236765254887
2025-07-02,TLT,-0.0012472433243617
2025-07-03,GLD,0.0055123753094295
2025-07-03,QQQ,0.0069412418262992
2025-07-03,SPY,0.0045230473849451
2025-07-03,TLT,-0.0063737702085682
2025-07-07,GLD,-0.0068462938820206
2025-07-07,QQQ,0.0097921020782513
2025-07-07,SPY,0.0078505038723208
2025-07-07,TLT,-0.006989436642892
2025-07-08,GLD,0.0007485003525817
2025-07-08,QQQ,-0.0075614010728288
2025-07-08,SPY,-0.00747990535246
2025-07-08,TLT,-0.0095893730971961
2025-07-09,GLD,-0.0104983269629637
2025-07-09,QQQ,0.0005614016153528
2025-07-09,SPY,-0.0005478812967819
2025-07-09,TLT,-0.0012778140964039
2025-07-10,GLD,0.0044613161776255
2025-07-10,QQQ,0.0070539861675411
2025-07-10,SPY,0.0059787555627755
2025-07-10,TLT,0.0104071421575811
2025-07-11,GLD,0.0022233161319651
2025-07-11,QQQ,-0.0014392154758869
2025-07-11,SPY,0.0028162878388947
2025-07-11,TLT,0.000689944360688
2025-07-14,GLD,0.0095557730188639
2025-07-14,QQQ,-0.0022529635492845
2025-07-14,SPY,-0.0035216008393912
2025-07-14,TLT,-0.0138906847056537
2025-07-15,GLD,-0.0036620144241214
2025-07-15,QQQ,0.0036203058314002
2025-07-15,SPY,0.0019063989311302
2025-07-15,TLT,-0.0021003543727628
2025-07-16,GLD,-0.0041643640755145
2025-07-16,QQQ,0.0009164076258394
2025-07-16,SPY,-0.0042824282681121
2025-07-16,TLT,-0.0070331841254027
2025-07-17,GLD,0.0049756967893918
2025-07-17,QQQ,0.0010233434173768
2025-07-17,SPY,0.0033376520588141
2025-07-17,TLT,0.0014105458741453
2025-07-18,GLD,-0.0021758989541098
2025-07-18,QQQ,0.0080601816118191
2025-07-18,SPY,0.0061010003189439
2025-07-18,TLT,-0.0002349229723836
2025-07-21,GLD,0.0025975477973482
2025-07-21,QQQ,-0.000961619272573
2025-07-21,SPY,-0.0007326435702887
2025-07-21,TLT,0.0015262375088587
2025-07-22,GLD,0.0152531921274327
2025-07-22,QQQ,0.0051713205592108
2025-07-22,SPY,0.001894380964854
2025-07-22,TLT,0.0088765140844533
2025-07-23,GLD,0.0094401831613078
2025-07-23,QQQ,-0.0051891551718881
2025-07-23,SPY,0.0001430720006943
2025-07-23,TLT,0.0060282660318396
2025-07-24,GLD,-0.012478717461642
2025-07-24,QQQ,0.0045508719221542
2025-07-24,SPY,0.0084715314057054
2025-07-24,TLT,-0.0055632472451005
2025-07-25,GLD,-0.0061370703288567
2025-07-25,QQQ,0.0021261364102254
2025-07-25,SPY,0.0003310042149546
2025-07-25,TLT,-0.0017449143683139
2025-07-28,GLD,-0.0092930394906785
2025-07-28,QQQ,0.0024041188649764
2025-07-28,SPY,0.0042154220646665
2025-07-28,TLT,0.006267440623515
2025-07-29,GLD,-0.0064946630675782
2025-07-29,QQQ,0.0031203267527909
2025-07-29,SPY,-0.0002511273557045
2025-07-29,TLT,-0.0065002846257047
2025-07-30,GLD,0.0027466136773079
2025-07-30,QQQ,-0.0015501233752025
2025-07-30,SPY,-0.0026410841631859
2025-07-30,TLT,0.0167449715170872
2025-07-31,GLD,-0.0174244246984347
2025-07-31,QQQ,0.0013388941222384
2025-07-31,SPY,-0.0012601012488224
2025-07-31,TLT,-0.0051667482978492
2025-08-01,GLD,0.0066234182282512
2025-08-01,QQQ,-0.0053132163648033
2025-08-01,SPY,-0.0037582825821688
2025-08-01,TLT,0.000575354433271
2025-08-04,GLD,0.0200963978265726
2025-08-04,QQQ,-0.01989538178668
2025-08-04,SPY,-0.0165262119595487
2025-08-04,TLT,0.0103011273363046
2025-08-05,GLD,0.0058063397939676
2025-08-05,QQQ,0.0182834318640947
2025-08-05,SPY,0.0150854293161885
2025-08-05,TLT,0.0027291109447007
2025-08-06,GLD,0.0008037680984962
2025-08-06,QQQ,-0.0068126522130176
2025-08-06,SPY,-0.0050828648353859
2025-08-06,TLT,0.0030614488834863
2025-08-07,GLD,-0.0021233597342562
2025-08-07,QQQ,0.0125046860833733
2025-08-07,SPY,0.0076305087168709
2025-08-07,TLT,-0.0057905598281871
2025-08-08,GLD,0.0084025866801711
2025-08-08,QQQ,0.0033785893232956
2025-08-08,SPY,-0.0008379711399972
2025-08-08,TLT,-0.0017095169438239
2025-08-11,GLD,-0.0002236048562566
2025-08-11,QQQ,0.0092849837974859
2025-08-11,SPY,0.0077672931789633
2025-08-11,TLT,-0.0043438254791327
2025-08-12,GLD,-0.0144790179929437
2025-08-12,QQQ,-0.002963244736357
2025-08-12,SPY,-0.0019794363383848
2025-08-12,TLT,0.0011449334196262
2025-08-13,GLD,-0.000907878502829
2025-08-13,QQQ,0.0124904259555858
2025-08-13,SPY,0.0105897543053157
2025-08-13,TLT,-0.005047646952782
2025-08-14,GLD,0.0030446433804474
2025-08-14,QQQ,0.0004998992836524
2025-08-14,SPY,0.0034172856347253
2025-08-14,TLT,0.0082465390122885
2025-08-15,GLD,-0.0063588816359785
2025-08-15,QQQ,-0.0007757293183245
2025-08-15,SPY,9.303100754794766e-05
2025-08-15,TLT,-0.0074418059987748
2025-08-18,GLD,0.0005856467855486
2025-08-18,QQQ,-0.0044070613943778
2025-08-18,SPY,-0.0023440269481255
2025-08-18,TLT,-0.0071502452453126
2025-08-19,GLD,-0.0015624875893944
2025-08-19,QQQ,-0.0003985300437759
2025-08-19,SPY,-0.0002176269488051
2025-08-19,TLT,-0.0028977127848216
2025-08-20,GLD,-0.0054883127211995
2025-08-20,QQQ,-0.013660408263297
2025-08-20,SPY,-0.0054399059795302
2025-08-20,TLT,0.0057870530854728
2025-08-21,GLD,0.0100712891656241
2025-08-21,QQQ,-0.0059550286500157
2025-08-21,SPY,-0.0026605941414132
2025-08-21,TLT,0.002190269068027
2025-08-22,GLD,-0.003475929162816
2025-08-22,QQQ,-0.004640535068398
2025-08-22,SPY,-0.0040199127867253
2025-08-22,TLT,-0.0049638506053965
2025-08-25,GLD,0.0106495189827534
2025-08-25,QQQ,0.0153095990088412
2025-08-25,SPY,0.0152400711729881
2025-08-25,TLT,0.0073792490377984
2025-08-26,GLD,-0.0024177572824804
2025-08-26,QQQ,-0.0028888715792588
2025-08-26,SPY,-0.0044107402347726
2025-08-26,TLT,-0.0028760444469214
2025-08-27,GLD,0.0072358055476428
2025-08-27,QQQ,0.0040072114763654
2025-08-27,SPY,0.004178228951063
2025-08-27,TLT,-0.0005762379978354
2025-08-28,GLD,0.0020166939883499
2025-08-28,QQQ,0.0015356514693233
2025-08-28,SPY,0.00227596187902
2025-08-28,TLT,-0.0011533850556721
2025-08-29,GLD,0.0073916523509603
2025-08-29,QQQ,0.0062404520945533
2025-08-29,SPY,0.0035351479044313
2025-08-29,TLT,0.0065566426390027
2025-09-02,GLD,0.009603638858147
2025-09-02,QQQ,-0.0116430227901742
2025-09-02,SPY,-0.00598160195939
2025-09-02,TLT,-0.0071338784617587
2025-09-03,GLD,0.0233674025091434
2025-09-03,QQQ,-0.0084154458982967
2025-09-03,SPY,-0.0074378213527939
2025-09-03,TLT,-0.0112641409854377
2025-09-04,GLD,0.0078014813491287
2025-09-04,QQQ,0.0078367071504628
2025-09-04,SPY,0.0054049098123825
2025-09-04,TLT,0.0109176747393886
2025-09-05,GLD,-0.0044286747373555
2025-09-05,QQQ,0.0090107537109631
2025-09-05,SPY,0.0083226892293628
2025-09-05,TLT,0.00759501522634
2025-09-08,GLD,0.0132576680069797
2025-09-08,QQQ,0.0014418908346094
2025-09-08,SPY,-0.0029004384924315
2025-09-08,TLT,0.0151319139037284
2025-09-09,GLD,0.0113237113655559
2025-09-09,QQQ,0.0048661011857438
2025-09-09,SPY,0.0024536138390303
2025-09-09,TLT,0.0132363159106139
2025-09-10,GLD,-0.002272485609217
2025-09-10,QQQ,0.0028291254556976
2025-09-10,SPY,0.002309185361431
2025-09-10,TLT,-0.0056992332099826
2025-09-11,GLD,0.0035857690781288
2025-09-11,QQQ,0.0003272490583212
2025-09-11,SPY,0.0028866770032759
2025-09-11,TLT,0.0056992332099827
2025-09-12,GLD,-0.0014924929949519
2025-09-12,QQQ,0.0058036956080136
2025-09-12,SPY,0.0082758409169687
2025-09-12,TLT,0.0066637129463187
2025-09-15,GLD,0.0019696315993883
2025-09-15,QQQ,0.0044074008790161
2025-09-15,SPY,-0.0003346388611921
2025-09-15,TLT,-0.0043263632202198
2025-09-16,GLD,0.0103510782764184
2025-09-16,QQQ,0.0085205459338084
2025-09-16,SPY,0.0053098009069712
2025-09-16,TLT,0.0023319838801416
2025-09-17,GLD,0.0020044005996876
2025-09-17,QQQ,-0.0008454086467912
2025-09-17,SPY,-0.0013777975895164
2025-09-17,TLT,0.0021050898002902
2025-09-18,GLD,-0.0077450875713346
2025-09-18,QQQ,-0.0019979902735211
2025-09-18,SPY,-0.0012432078024016
2025-09-18,TLT,-0.0025488541087193
2025-09-19,GLD,-0.0040143562164694
2025-09-19,QQQ,0.0089765515041871
2025-09-19,SPY,0.0046616156037629
2025-09-19,TLT,-0.010373192989776
2025-09-22,GLD,0.0105513652969732
2025-09-22,QQQ,0.0067466055149226
2025-09-22,SPY,0.0021720157224394
2025-09-22,TLT,-0.0019079271733829
2025-09-23,GLD,0.0171583803676831
2025-09-23,QQQ,0.0047439423994841
2025-09-23,SPY,0.0047199188082894
2025-09-23,TLT,-0.0036011709676802
2025-09-24,GLD,0.0040780484982401
2025-09-24,QQQ,-0.0066644697162409
2025-09-24,SPY,-0.0054584621066674
2025-09-24,TLT,0.0069655686451539
2025-09-25,GLD,-0.0091043690037547
2025-09-25,QQQ,-0.0035167693325586
2025-09-25,SPY,-0.0031866378358171
2025-09-25,TLT,-0.0038137604505723
2025-09-26,GLD,0.0041565384898878
2025-09-26,QQQ,-0.0043205875379414
2025-09-26,SPY,-0.0046241796800541
2025-09-26,TLT,0.0
2025-09-29,GLD,0.0057556747202155
2025-09-29,QQQ,0.004102471338078
2025-09-29,SPY,0.0057127289780954
2025-09-29,TLT,-0.000899503420877
2025-09-30,GLD,0.0163619249989319
2025-09-30,QQQ,0.0046204315536507
2025-09-30,SPY,0.002806467857221
2025-09-30,TLT,0.0081778950418617
2025-10-01,GLD,0.0085037445382532
2025-10-01,QQQ,0.0027354110657034
2025-10-01,SPY,0.0037597987345357
2025-10-01,TLT,-0.0029049685997054
2025-10-02,GLD,0.0015741326049985
2025-10-02,QQQ,0.0047855808160902
2025-10-02,SPY,0.0034017243909529
2025-10-02,TLT,-0.000895576343468
2025-10-03,GLD,-0.0034889043060359
2025-10-03,QQQ,0.0041026054810992
2025-10-03,SPY,0.0011511936291651
2025-10-03,TLT,0.0029076528029952
2025-10-06,GLD,0.0080008455959522
2025-10-06,QQQ,-0.0042186624835317
2025-10-06,SPY,-1.4866269470055503e-05
2025-10-06,TLT,-0.0019002498094981
2025-10-07,GLD,0.0186703577121424
2025-10-07,QQQ,0.0074821831475984
2025-10-07,SPY,0.0035798480464479
2025-10-07,TLT,-0.0079753200343373
2025-10-08,GLD,0.0051461978380271
2025-10-08,QQQ,-0.0052796019804864
2025-10-08,SPY,-0.003714384154067
2025-10-08,TLT,0.0057352098796519
2025-10-09,GLD,0.0163564577146157
2025-10-09,QQQ,0.0113986062576875
2025-10-09,SPY,0.0059453328345677
2025-10-09,TLT,0.0007846180383974
2025-10-10,GLD,-0.018625225753276
2025-10-10,QQQ,-0.0012109747098303
2025-10-10,SPY,-0.0029012231694878
2025-10-10,TLT,-0.0007846180383974
2025-10-13,GLD,0.0100470588599546
2025-10-13,QQQ,-0.0353311402402521
2025-10-13,SPY,-0.0273997320200995
2025-10-13,TLT,0.0160181669264251
2025-10-14,GLD,0.024010471634505
2025-10-14,QQQ,0.0209993527108093
2025-10-14,SPY,0.0152275004638619
2025-10-14,TLT,-0.0005519405304208
2025-10-15,GLD,0.0071158116764839
2025-10-15,QQQ,-0.0066833187376031
2025-10-15,SPY,-0.0012223889242512
2025-10-15,TLT,0.0031968380313964
