date,asset,y_true_logrv,y_true_rv,yhat_logrv,yhat_rv,model,horizon,split
2018-04-04,GLD,-5.738795,0.003218645,-5.439776,0.004340456,Informer,1,val
2018-04-04,TLT,-6.0038257,0.0024692875,-5.394243,0.004542659,Informer,1,val
2018-04-05,GLD,-6.000785,0.0024768075,-5.5695047,0.003812368,Informer,1,val
2018-04-05,TLT,-5.3069196,0.0049571735,-5.605689,0.0036768862,Informer,1,val
2018-04-06,GLD,-5.803908,0.0030157466,-5.7040596,0.0033324098,Informer,1,val
2018-04-06,TLT,-5.4248095,0.0044059055,-5.6316986,0.003582485,Informer,1,val
2018-04-09,GLD,-5.646478,0.0035299268,-5.575859,0.0037882198,Informer,1,val
2018-04-09,TLT,-5.66953,0.0034494863,-5.472996,0.004198633,Informer,1,val
2018-04-10,GLD,-4.678785,0.009290297,-5.5465145,0.0039010306,Informer,1,val
2018-04-10,TLT,-5.7571254,0.0031601829,-5.386916,0.0045760632,Informer,1,val
2018-04-11,GLD,-5.588818,0.003739445,-5.3556814,0.0047212513,Informer,1,val
2018-04-11,TLT,-5.7430067,0.0032051168,-5.460857,0.004249912,Informer,1,val
2018-04-12,GLD,-5.6437697,0.0035395003,-5.5698223,0.0038111575,Informer,1,val
2018-04-12,TLT,-5.768223,0.003125307,-5.5514226,0.0038819308,Informer,1,val
2018-04-13,GLD,-5.951831,0.002601074,-5.612888,0.0036505118,Informer,1,val
2018-04-13,TLT,-5.8635535,0.0028411297,-5.6240187,0.003610104,Informer,1,val
2018-04-16,GLD,-6.006989,0.0024614886,-5.6196656,0.0036258532,Informer,1,val
2018-04-16,TLT,-5.5080905,0.004053841,-5.6100297,0.0036609606,Informer,1,val
2018-04-17,GLD,-5.595379,0.0037149915,-5.563693,0.003834589,Informer,1,val
2018-04-17,TLT,-5.643078,0.00354195,-5.54228,0.0039175837,Informer,1,val
2018-04-18,GLD,-5.5135484,0.0040317755,-5.5693035,0.0038131352,Informer,1,val
2018-04-18,TLT,-5.463106,0.004240364,-5.573841,0.003795872,Informer,1,val
2018-04-19,GLD,-6.0643334,0.0023243069,-5.61302,0.00365003,Informer,1,val
2018-04-19,TLT,-5.6532154,0.0035062246,-5.5709352,0.0038069184,Informer,1,val
2018-04-20,GLD,-6.0467634,0.0023655058,-5.7775416,0.0030963179,Informer,1,val
2018-04-20,TLT,-5.771482,0.0031151376,-5.7234554,0.0032683976,Informer,1,val
2018-04-23,GLD,-5.7976313,0.0030347346,-5.639782,0.0035536431,Informer,1,val
2018-04-23,TLT,-5.547341,0.0038978083,-5.5416565,0.003920028,Informer,1,val
2018-04-24,GLD,-6.041595,0.0023777634,-5.6271524,0.0035988085,Informer,1,val
2018-04-24,TLT,-5.504109,0.0040700138,-5.540536,0.003924423,Informer,1,val
2018-04-25,GLD,-5.499166,0.004090181,-5.6009684,0.0036942845,Informer,1,val
2018-04-25,TLT,-5.822778,0.002959372,-5.5110793,0.0040417425,Informer,1,val
2018-04-26,GLD,-6.1870456,0.0020558918,-5.574629,0.0037928831,Informer,1,val
2018-04-26,TLT,-6.1677675,0.0020959098,-5.5711374,0.0038061487,Informer,1,val
2018-04-27,GLD,-5.174955,0.005656472,-5.7201777,0.0032791283,Informer,1,val
2018-04-27,TLT,-5.6062403,0.0036748599,-5.6859627,0.003393265,Informer,1,val
2018-04-30,GLD,-5.7336087,0.0032353806,-5.37774,0.004618248,Informer,1,val
2018-04-30,TLT,-5.772644,0.0031115196,-5.451498,0.0042898734,Informer,1,val
2018-05-01,GLD,-5.235193,0.0053257975,-5.5990286,0.0037014575,Informer,1,val
2018-05-01,TLT,-5.773385,0.0031092148,-5.5663986,0.0038242282,Informer,1,val
2018-05-02,GLD,-6.090976,0.0022631984,-5.4594116,0.004256059,Informer,1,val
2018-05-02,TLT,-5.5885715,0.003740367,-5.5513334,0.003882277,Informer,1,val
2018-05-03,GLD,-5.818767,0.0029712662,-5.654167,0.003502889,Informer,1,val
2018-05-03,TLT,-5.467809,0.0042204685,-5.595957,0.0037128453,Informer,1,val
2018-05-04,GLD,-6.09915,0.0022447745,-5.704938,0.003329484,Informer,1,val
2018-05-04,TLT,-6.5652304,0.0014084994,-5.6502194,0.003516745,Informer,1,val
2018-05-07,GLD,-5.083215,0.0061999424,-5.6674876,0.0034565385,Informer,1,val
2018-05-07,TLT,-5.4951315,0.0041067163,-5.654357,0.0035022243,Informer,1,val
2018-05-08,GLD,-5.6475987,0.0035259733,-5.5434127,0.0039131497,Informer,1,val
2018-05-08,TLT,-5.980774,0.00252687,-5.5562634,0.0038631845,Informer,1,val
2018-05-09,GLD,-5.6550035,0.0034999608,-5.5991907,0.0037008575,Informer,1,val
2018-05-09,TLT,-5.749655,0.00318388,-5.6513195,0.0035128784,Informer,1,val
2018-05-10,GLD,-6.058418,0.0023380972,-5.647748,0.003525447,Informer,1,val
2018-05-10,TLT,-5.753448,0.0031718255,-5.6640067,0.0034685915,Informer,1,val
2018-05-11,GLD,-5.874544,0.002810075,-5.7333546,0.003236203,Informer,1,val
2018-05-11,TLT,-6.14771,0.0021383734,-5.7232175,0.0032691755,Informer,1,val
2018-05-14,GLD,-5.62908,0.003591879,-5.700935,0.0033428387,Informer,1,val
2018-05-14,TLT,-5.2879195,0.0050522606,-5.6941557,0.0033655777,Informer,1,val
2018-05-15,GLD,-5.707322,0.0033215554,-5.628166,0.0035951622,Informer,1,val
2018-05-15,TLT,-5.802528,0.003019911,-5.5725594,0.0038007405,Informer,1,val
2018-05-16,GLD,-6.138957,0.0021571724,-5.6242027,0.0036094396,Informer,1,val
2018-05-16,TLT,-5.566564,0.0038235954,-5.635835,0.0035676963,Informer,1,val
2018-05-17,GLD,-5.7400026,0.0032147598,-5.676544,0.0034253756,Informer,1,val
2018-05-17,TLT,-5.843653,0.0028982353,-5.6425996,0.0035436444,Informer,1,val
2018-05-18,GLD,-5.8776298,0.0028014174,-5.7725353,0.003111858,Informer,1,val
2018-05-18,TLT,-5.9968204,0.002486646,-5.7826886,0.0030804223,Informer,1,val
2018-05-21,GLD,-6.33171,0.0017789893,-5.669423,0.003449855,Informer,1,val
2018-05-21,TLT,-5.8686166,0.0028267812,-5.6930804,0.0033691984,Informer,1,val
2018-05-22,GLD,-5.8030105,0.0030184542,-5.6835814,0.0034013551,Informer,1,val
2018-05-22,TLT,-5.9889474,0.0025063008,-5.6664414,0.0034601565,Informer,1,val
2018-05-23,GLD,-5.67076,0.0034452453,-5.6855316,0.003394728,Informer,1,val
2018-05-23,TLT,-6.0780907,0.0022925497,-5.7026415,0.0033371388,Informer,1,val
2018-05-24,GLD,-6.4033356,0.0016560243,-5.713842,0.00329997,Informer,1,val
2018-05-24,TLT,-6.135727,0.0021641515,-5.736609,0.0032256881,Informer,1,val
2018-05-25,GLD,-5.232173,0.0053419047,-5.7840633,0.0030761904,Informer,1,val
2018-05-25,TLT,-4.641397,0.009644215,-5.7963066,0.0030387572,Informer,1,val
2018-05-29,GLD,-6.0700397,0.0023110814,-5.6146765,0.0036439884,Informer,1,val
2018-05-29,TLT,-5.587182,0.0037455678,-5.607686,0.0036695506,Informer,1,val
2018-05-30,GLD,-5.569941,0.0038107052,-5.731969,0.0032406903,Informer,1,val
2018-05-30,TLT,-5.1606536,0.005737948,-5.635638,0.003568399,Informer,1,val
2018-05-31,GLD,-5.5951257,0.0037159324,-5.47427,0.004193289,Informer,1,val
2018-05-31,TLT,-5.296127,0.005010965,-5.2297688,0.0053547635,Informer,1,val
2018-06-01,GLD,-6.155372,0.002122051,-5.804261,0.0030146812,Informer,1,val
2018-06-01,TLT,-5.8545322,0.0028668763,-5.736788,0.0032251114,Informer,1,val
2018-06-04,GLD,-5.2481704,0.0052571283,-5.7883606,0.0030629996,Informer,1,val
2018-06-04,TLT,-5.839938,0.0029090226,-5.70026,0.003345095,Informer,1,val
2018-06-05,GLD,-5.5066233,0.004059793,-5.721743,0.003273999,Informer,1,val
2018-06-05,TLT,-5.616345,0.0036379136,-5.655447,0.003498409,Informer,1,val
2018-06-06,GLD,-5.953237,0.0025974188,-5.683243,0.003402507,Informer,1,val
2018-06-06,TLT,-4.7459717,0.008686617,-5.7209444,0.003276615,Informer,1,val
2018-06-07,GLD,-6.764385,0.0011541569,-5.7561007,0.003163423,Informer,1,val
2018-06-07,TLT,-6.024785,0.0024180713,-5.663511,0.0034703119,Informer,1,val
2018-06-08,GLD,-6.119437,0.0021996936,-5.846941,0.0028887223,Informer,1,val
2018-06-08,TLT,-6.049612,0.002358777,-5.8050356,0.0030123475,Informer,1,val
2018-06-11,GLD,-5.797122,0.0030362806,-5.7923603,0.003050773,Informer,1,val
2018-06-11,TLT,-5.944689,0.0026197175,-5.7571125,0.0031602236,Informer,1,val
2018-06-12,GLD,-5.363912,0.0046825516,-5.7534842,0.0031717105,Informer,1,val
2018-06-12,TLT,-5.1278944,0.0059290314,-5.718372,0.003285055,Informer,1,val
2018-06-13,GLD,-5.870379,0.0028218038,-5.7189164,0.0032832667,Informer,1,val
2018-06-13,TLT,-5.492561,0.0041172868,-5.653535,0.0035051047,Informer,1,val
2018-06-14,GLD,-5.0025315,0.0067209112,-5.805578,0.0030107133,Informer,1,val
2018-06-14,TLT,-5.5201173,0.004005378,-5.7618465,0.0031452982,Informer,1,val
2018-06-15,GLD,-6.0666714,0.0023188791,-5.8221736,0.0029611618,Informer,1,val
2018-06-15,TLT,-5.857748,0.0028576718,-5.8195624,0.0029689039,Informer,1,val
2018-06-18,GLD,-5.939455,0.0026334645,-5.7366953,0.0032254097,Informer,1,val
2018-06-18,TLT,-5.7769394,0.0030981833,-5.778556,0.003093179,Informer,1,val
2018-06-19,GLD,-5.9289656,0.0026612335,-5.7195535,0.0032811756,Informer,1,val
2018-06-19,TLT,-5.8925104,0.0027600392,-5.718774,0.003283735,Informer,1,val
2018-06-20,GLD,-5.8546553,0.0028665236,-5.723287,0.0032689478,Informer,1,val
2018-06-20,TLT,-5.819675,0.00296857,-5.740092,0.0032144731,Informer,1,val
2018-06-21,GLD,-6.418439,0.0016312007,-5.780838,0.003086128,Informer,1,val
2018-06-21,TLT,-6.04097,0.0023792502,-5.7579756,0.0031574972,Informer,1,val
2018-06-22,GLD,-6.080747,0.0022864677,-5.846431,0.0028901966,Informer,1,val
2018-06-22,TLT,-5.9319434,0.0026533206,-5.846431,0.0028901966,Informer,1,val
2018-06-25,GLD,-5.8223147,0.0029607438,-5.7863765,0.003069083,Informer,1,val
2018-06-25,TLT,-6.26322,0.0019051018,-5.7675,0.003127567,Informer,1,val
2018-06-26,GLD,-5.896131,0.0027500642,-5.7175193,0.003287857,Informer,1,val
2018-06-26,TLT,-5.756706,0.0031615077,-5.70975,0.0033135002,Informer,1,val
2018-06-27,GLD,-5.674545,0.003432231,-5.7305307,0.0032453544,Informer,1,val
2018-06-27,TLT,-6.0186453,0.0024329633,-5.700242,0.0033451556,Informer,1,val
2018-06-28,GLD,-5.5501966,0.003886693,-5.7032766,0.0033350198,Informer,1,val
2018-06-28,TLT,-5.4360356,0.004356721,-5.753841,0.0031705794,Informer,1,val
2018-06-29,GLD,-5.7975,0.0030351328,-5.8029747,0.003018562,Informer,1,val
2018-06-29,TLT,-6.328152,0.0017853297,-5.833639,0.0029274044,Informer,1,val
2018-07-02,GLD,-5.5278635,0.0039744717,-5.724499,0.0032649878,Informer,1,val
2018-07-02,TLT,-6.4160957,0.0016350274,-5.7979245,0.003033845,Informer,1,val
2018-07-03,GLD,-5.727213,0.0032561398,-5.657053,0.003492795,Informer,1,val
2018-07-03,TLT,-5.944318,0.0026206896,-5.7931876,0.00304825,Informer,1,val
2018-07-05,GLD,-6.383479,0.0016892357,-5.7037125,0.0033335667,Informer,1,val
2018-07-05,TLT,-5.9773073,0.0025356447,-5.8014126,0.003023281,Informer,1,val
2018-07-06,GLD,-6.062011,0.0023297116,-5.8083115,0.0030024957,Informer,1,val
2018-07-06,TLT,-6.373442,0.0017062759,-5.8585267,0.0028554476,Informer,1,val
2018-07-09,GLD,-6.0697393,0.0023117757,-5.7739663,0.003107408,Informer,1,val
2018-07-09,TLT,-6.3145504,0.0018097792,-5.8226323,0.0029598037,Informer,1,val
2018-07-10,GLD,-5.6861334,0.003392686,-5.750289,0.0031818612,Informer,1,val
2018-07-10,TLT,-5.93137,0.002654843,-5.8158607,0.0029799142,Informer,1,val
2018-07-11,GLD,-6.325781,0.0017895683,-5.7154007,0.00329483,Informer,1,val
2018-07-11,TLT,-6.5245113,0.0014670359,-5.8169765,0.0029765912,Informer,1,val
2018-07-12,GLD,-6.318254,0.0018030889,-5.7449327,0.00319895,Informer,1,val
2018-07-12,TLT,-6.102462,0.002237353,-5.8345995,0.0029245943,Informer,1,val
2018-07-13,GLD,-6.1675196,0.0020964297,-5.82607,0.002949647,Informer,1,val
2018-07-13,TLT,-5.5810857,0.003768472,-5.8668203,0.0028318635,Informer,1,val
2018-07-16,GLD,-5.4448323,0.004318564,-5.7727075,0.0031113224,Informer,1,val
2018-07-16,TLT,-6.0501432,0.0023575244,-5.8140426,0.0029853373,Informer,1,val
2018-07-17,GLD,-5.881477,0.0027906608,-5.7681684,0.0031254767,Informer,1,val
2018-07-17,TLT,-5.939102,0.0026343937,-5.843875,0.002897593,Informer,1,val
2018-07-18,GLD,-4.9080563,0.0073868325,-5.7239933,0.0032666402,Informer,1,val
2018-07-18,TLT,-5.7556386,0.0031648849,-5.820292,0.0029667388,Informer,1,val
2018-07-19,GLD,-5.906162,0.0027226168,-5.7109694,0.0033094627,Informer,1,val
2018-07-19,TLT,-5.7930183,0.0030487662,-5.8461895,0.002890894,Informer,1,val
2018-07-20,GLD,-5.785117,0.0030729503,-5.8443694,0.0028961604,Informer,1,val
2018-07-20,TLT,-5.4901204,0.0041273474,-5.8747764,0.0028094223,Informer,1,val
2018-07-23,GLD,-5.804167,0.0030149657,-5.7507777,0.0031803064,Informer,1,val
2018-07-23,TLT,-5.6709137,0.0034447163,-5.797971,0.0030337046,Informer,1,val
2018-07-24,GLD,-5.6816063,0.0034080797,-5.7412176,0.0032108563,Informer,1,val
2018-07-24,TLT,-5.2543917,0.0052245236,-5.780941,0.0030858102,Informer,1,val
2018-07-25,GLD,-5.5897245,0.0037360569,-5.737781,0.0032219095,Informer,1,val
2018-07-25,TLT,-5.6383133,0.0035588662,-5.7220054,0.0032731404,Informer,1,val
2018-07-26,GLD,-5.869626,0.002823929,-5.7597985,0.0031517465,Informer,1,val
2018-07-26,TLT,-6.265447,0.0019008633,-5.8027887,0.0030191236,Informer,1,val
2018-07-27,GLD,-6.130548,0.0021753886,-5.8308263,0.0029356503,Informer,1,val
2018-07-27,TLT,-5.9555235,0.0025914868,-5.880754,0.0027926788,Informer,1,val
2018-07-30,GLD,-5.2687426,0.0051500825,-5.771336,0.003115592,Informer,1,val
2018-07-30,TLT,-6.371623,0.0017093826,-5.803993,0.003015489,Informer,1,val
2018-07-31,GLD,-6.0806456,0.0022867,-5.453523,0.004281195,Informer,1,val
2018-07-31,TLT,-5.4016914,0.004508948,-5.723645,0.0032677774,Informer,1,val
2018-08-01,GLD,-5.644609,0.003536531,-5.7556114,0.0031649708,Informer,1,val
2018-08-01,TLT,-5.9428453,0.0026245513,-5.7791157,0.003091448,Informer,1,val
2018-08-02,GLD,-5.519273,0.004008762,-5.7734394,0.0031090458,Informer,1,val
2018-08-02,TLT,-6.216992,0.001995238,-5.844536,0.0028956784,Informer,1,val
2018-08-03,GLD,-6.118336,0.002202117,-5.8275986,0.002945141,Informer,1,val
2018-08-03,TLT,-5.773121,0.0031100363,-5.8631577,0.0028422545,Informer,1,val
2018-08-06,GLD,-5.849859,0.0028803046,-5.798837,0.0030310773,Informer,1,val
2018-08-06,TLT,-5.9795,0.0025300914,-5.809723,0.0029982608,Informer,1,val
2018-08-07,GLD,-5.7399416,0.003214956,-5.756893,0.0031609167,Informer,1,val
2018-08-07,TLT,-6.0302,0.002405013,-5.814355,0.002984405,Informer,1,val
2018-08-08,GLD,-6.1331925,0.0021696433,-5.76606,0.003132074,Informer,1,val
2018-08-08,TLT,-5.799461,0.0030291874,-5.828705,0.0029418848,Informer,1,val
2018-08-09,GLD,-5.583566,0.0037591357,-5.807168,0.0030059307,Informer,1,val
2018-08-09,TLT,-5.4591355,0.0042572343,-5.8365006,0.0029190395,Informer,1,val
2018-08-10,GLD,-5.531391,0.003960476,-5.850033,0.0028798047,Informer,1,val
2018-08-10,TLT,-5.894282,0.0027551542,-5.8690605,0.0028255265,Informer,1,val
2018-08-13,GLD,-5.5531793,0.0038751175,-5.795292,0.0030418425,Informer,1,val
2018-08-13,TLT,-6.061077,0.0023318878,-5.82959,0.0029392822,Informer,1,val
2018-08-14,GLD,-5.395192,0.0045383484,-5.587799,0.0037432574,Informer,1,val
2018-08-14,TLT,-5.762607,0.003142907,-5.7483587,0.003188009,Informer,1,val
2018-08-15,GLD,-5.399247,0.0045199823,-5.6142654,0.0036454864,Informer,1,val
2018-08-15,TLT,-5.570237,0.0038095769,-5.779181,0.0030912461,Informer,1,val
2018-08-16,GLD,-5.469243,0.004214421,-5.608177,0.003667749,Informer,1,val
2018-08-16,TLT,-5.600777,0.003694991,-5.8169255,0.002976743,Informer,1,val
2018-08-17,GLD,-5.7382946,0.0032202555,-5.82459,0.0029540143,Informer,1,val
2018-08-17,TLT,-6.2104917,0.0020082498,-5.864704,0.0028378626,Informer,1,val
2018-08-20,GLD,-5.5460505,0.003902841,-5.7186055,0.0032842876,Informer,1,val
2018-08-20,TLT,-5.921552,0.0026810355,-5.8444247,0.0028960002,Informer,1,val
2018-08-21,GLD,-5.976485,0.0025377313,-5.6999846,0.003346017,Informer,1,val
2018-08-21,TLT,-5.9395323,0.002633261,-5.8264832,0.0029484276,Informer,1,val
2018-08-22,GLD,-5.4215636,0.0044202297,-5.6881685,0.0033857883,Informer,1,val
2018-08-22,TLT,-6.2079897,0.0020132808,-5.8194585,0.0029692126,Informer,1,val
2018-08-23,GLD,-5.17849,0.0056365104,-5.7658834,0.0031326266,Informer,1,val
2018-08-23,TLT,-5.6619987,0.0034755631,-5.868674,0.0028266194,Informer,1,val
2018-08-24,GLD,-5.75138,0.0031783916,-5.7568297,0.0031611172,Informer,1,val
2018-08-24,TLT,-6.3270946,0.0017872188,-5.879279,0.0027968006,Informer,1,val
2018-08-27,GLD,-5.1709375,0.005679242,-5.7518334,0.0031769506,Informer,1,val
2018-08-27,TLT,-6.080184,0.0022877557,-5.8802433,0.0027941053,Informer,1,val
2018-08-28,GLD,-6.109462,0.0022217464,-5.5744286,0.0037936429,Informer,1,val
2018-08-28,TLT,-5.7851567,0.0030728288,-5.8377056,0.0029155244,Informer,1,val
2018-08-29,GLD,-5.5179687,0.0040139933,-5.6805487,0.003411686,Informer,1,val
2018-08-29,TLT,-6.114596,0.0022103689,-5.834079,0.0029261175,Informer,1,val
2018-08-30,GLD,-5.6051393,0.003678908,-5.6734543,0.0034359759,Informer,1,val
2018-08-30,TLT,-5.545692,0.0039042407,-5.862161,0.0028450883,Informer,1,val
2018-08-31,GLD,-5.912025,0.0027067002,-5.5484347,0.003893547,Informer,1,val
2018-08-31,TLT,-6.1989427,0.0020315775,-5.7002935,0.0033449833,Informer,1,val
2018-09-04,GLD,-6.221937,0.0019853953,-5.7482767,0.0031882704,Informer,1,val
2018-09-04,TLT,-6.189543,0.0020507642,-5.864291,0.0028390347,Informer,1,val
2018-09-05,GLD,-5.152869,0.0057827886,-5.7546115,0.0031681373,Informer,1,val
2018-09-05,TLT,-5.6098623,0.0036615734,-5.818882,0.0029709248,Informer,1,val
2018-09-06,GLD,-5.539395,0.0039289035,-5.7323685,0.0032393958,Informer,1,val
2018-09-06,TLT,-6.120432,0.0021975066,-5.835739,0.0029212632,Informer,1,val
2018-09-07,GLD,-5.945776,0.002616871,-5.803341,0.0030174567,Informer,1,val
2018-09-07,TLT,-6.5252886,0.001465896,-5.8815875,0.002790352,Informer,1,val
2018-09-10,GLD,-5.287131,0.0050562466,-5.741803,0.0032089767,Informer,1,val
2018-09-10,TLT,-5.9588394,0.002582908,-5.836622,0.0029186846,Informer,1,val
2018-09-11,GLD,-5.124247,0.0059506963,-5.656837,0.0034935495,Informer,1,val
2018-09-11,TLT,-6.5040064,0.0014974279,-5.8265457,0.0029482434,Informer,1,val
2018-09-12,GLD,-5.2425675,0.0052866656,-5.632345,0.0035801693,Informer,1,val
2018-09-12,TLT,-5.712505,0.003304385,-5.8365026,0.0029190339,Informer,1,val
2018-09-13,GLD,-5.4025526,0.0045050667,-5.6685996,0.003452697,Informer,1,val
2018-09-13,TLT,-5.637483,0.0035618218,-5.847617,0.0028867698,Informer,1,val
2018-09-14,GLD,-5.815073,0.0029822625,-5.797056,0.0030364804,Informer,1,val
2018-09-14,TLT,-5.5997353,0.0036988428,-5.887105,0.0027749988,Informer,1,val
2018-09-17,GLD,-5.6773806,0.0034225117,-5.7494407,0.0031845616,Informer,1,val
2018-09-17,TLT,-5.5796494,0.0037738883,-5.8347735,0.0029240854,Informer,1,val
2018-09-18,GLD,-5.843382,0.0028990218,-5.71502,0.003296084,Informer,1,val
2018-09-18,TLT,-5.318113,0.004901996,-5.809111,0.0030000957,Informer,1,val
2018-09-19,GLD,-5.762482,0.0031432996,-5.749524,0.0031842957,Informer,1,val
2018-09-19,TLT,-5.5207515,0.004002839,-5.781003,0.003085619,Informer,1,val
2018-09-20,GLD,-5.4278007,0.0043927464,-5.8206177,0.0029657728,Informer,1,val
2018-09-20,TLT,-6.04896,0.002360315,-5.842872,0.0029005,Informer,1,val
2018-09-21,GLD,-5.779769,0.003089429,-5.839377,0.0029106557,Informer,1,val
2018-09-21,TLT,-5.7111855,0.003308748,-5.850146,0.0028794792,Informer,1,val
2018-09-24,GLD,-6.259079,0.0019130069,-5.784937,0.0030735042,Informer,1,val
2018-09-24,TLT,-6.339383,0.001765391,-5.832751,0.002930006,Informer,1,val
2018-09-25,GLD,-5.138564,0.0058661066,-5.7773247,0.0030969898,Informer,1,val
2018-09-25,TLT,-5.3687,0.0046601854,-5.837659,0.0029156606,Informer,1,val
2018-09-26,GLD,-5.631378,0.003583633,-5.714858,0.0032966183,Informer,1,val
2018-09-26,TLT,-5.884606,0.0027819425,-5.7751637,0.0031036898,Informer,1,val
2018-09-27,GLD,-5.336708,0.0048116846,-5.7843385,0.003075344,Informer,1,val
2018-09-27,TLT,-5.879381,0.0027965154,-5.84198,0.002903089,Informer,1,val
2018-09-28,GLD,-5.8767,0.0028040234,-5.787429,0.0030658548,Informer,1,val
2018-09-28,TLT,-5.701414,0.0033412373,-5.8489056,0.0028830527,Informer,1,val
2018-10-01,GLD,-5.4330955,0.004369549,-5.801777,0.00302218,Informer,1,val
2018-10-01,TLT,-5.7948537,0.0030431757,-5.8299246,0.0029382985,Informer,1,val
2018-10-02,GLD,-5.459784,0.0042544743,-5.6822014,0.0034060522,Informer,1,val
2018-10-02,TLT,-4.5618386,0.010442841,-5.7949257,0.0030429566,Informer,1,val
2018-10-03,GLD,-5.2109404,0.0054565403,-5.704734,0.0033301637,Informer,1,val
2018-10-03,TLT,-5.4790773,0.004173178,-5.642147,0.0035452484,Informer,1,val
2018-10-04,GLD,-5.71634,0.0032917364,-5.7653303,0.0031343598,Informer,1,val
2018-10-04,TLT,-5.020836,0.0065990086,-5.808299,0.0030025328,Informer,1,val
2018-10-05,GLD,-5.5114813,0.0040401183,-5.811166,0.0029939376,Informer,1,val
2018-10-05,TLT,-6.067856,0.002316134,-5.6888866,0.0033833578,Informer,1,val
2018-10-08,GLD,-5.4680133,0.004219607,-5.6872444,0.0033889185,Informer,1,val
2018-10-08,TLT,-5.729153,0.0032498282,-5.7496853,0.0031837826,Informer,1,val
2018-10-09,GLD,-5.5616837,0.003842302,-5.5982623,0.003704295,Informer,1,val
2018-10-09,TLT,-5.3933363,0.0045467787,-5.644427,0.0035371752,Informer,1,val
2018-10-10,GLD,-4.77872,0.008406754,-5.6348433,0.0035712367,Informer,1,val
2018-10-10,TLT,-4.969546,0.006946302,-5.6019297,0.003690735,Informer,1,val
2018-10-11,GLD,-5.693146,0.0033689768,-5.351447,0.004741285,Informer,1,val
2018-10-11,TLT,-5.4077954,0.0044815093,-5.3264112,0.004861485,Informer,1,val
2018-10-12,GLD,-5.562063,0.0038408437,-5.550293,0.0038863185,Informer,1,val
2018-10-12,TLT,-5.8087754,0.003001103,-5.5401616,0.0039258925,Informer,1,val
2018-10-15,GLD,-5.753188,0.0031726498,-5.394622,0.004540937,Informer,1,val
2018-10-15,TLT,-5.7823157,0.003081571,-5.4683123,0.0042183455,Informer,1,val
2018-10-16,GLD,-5.540239,0.003925589,-5.474721,0.004191398,Informer,1,val
2018-10-16,TLT,-5.6570616,0.0034927651,-5.5199404,0.004006087,Informer,1,val
2018-10-17,GLD,-5.3539677,0.004729349,-5.482912,0.004157206,Informer,1,val
2018-10-17,TLT,-5.3247566,0.004869536,-5.639764,0.0035537076,Informer,1,val
2018-10-18,GLD,-6.6978908,0.0012335109,-5.5241213,0.003989373,Informer,1,val
2018-10-18,TLT,-5.7227736,0.003270627,-5.6442766,0.0035377066,Informer,1,val
2018-10-19,GLD,-6.21251,0.0020042004,-5.853592,0.0028695734,Informer,1,val
2018-10-19,TLT,-5.9250555,0.0026716595,-5.8390603,0.0029115772,Informer,1,val
2018-10-22,GLD,-5.580054,0.0037723626,-5.728918,0.0032505922,Informer,1,val
2018-10-22,TLT,-5.1699076,0.0056850943,-5.742627,0.0032063336,Informer,1,val
2018-10-23,GLD,-5.6866918,0.003390792,-5.696065,0.003359158,Informer,1,val
2018-10-23,TLT,-5.8915925,0.0027625738,-5.5931196,0.0037233941,Informer,1,val
2018-10-24,GLD,-5.7651563,0.0031349054,-5.683571,0.0034013907,Informer,1,val
2018-10-24,TLT,-5.854312,0.002867508,-5.64582,0.0035322502,Informer,1,val
2018-10-25,GLD,-4.936241,0.007181542,-5.5945005,0.003718256,Informer,1,val
2018-10-25,TLT,-5.731846,0.0032410892,-5.5963297,0.0037114609,Informer,1,val
2018-10-26,GLD,-5.4663897,0.004226464,-5.570556,0.0038083617,Informer,1,val
2018-10-26,TLT,-5.370948,0.004649722,-5.70654,0.0033241538,Informer,1,val
2018-10-29,GLD,-6.0211425,0.0024268953,-5.5876217,0.0037439214,Informer,1,val
2018-10-29,TLT,-5.753653,0.0031711753,-5.5862184,0.0037491792,Informer,1,val
2018-10-30,GLD,-5.8759646,0.002806086,-5.5153055,0.0040246975,Informer,1,val
2018-10-30,TLT,-5.3846755,0.0045863283,-5.4990144,0.0040908013,Informer,1,val
2018-10-31,GLD,-5.2681236,0.005153271,-5.335375,0.0048181037,Informer,1,val
2018-10-31,TLT,-5.7197404,0.0032805623,-5.1058426,0.00606123,Informer,1,val
2018-11-01,GLD,-5.635456,0.003569049,-5.6518707,0.0035109427,Informer,1,val
2018-11-01,TLT,-5.1867537,0.0055901245,-5.6923532,0.0033716492,Informer,1,val
2018-11-02,GLD,-5.9414935,0.0026281015,-5.7878127,0.0030646783,Informer,1,val
2018-11-02,TLT,-6.09624,0.0022513168,-5.7348275,0.0032314397,Informer,1,val
2018-11-05,GLD,-5.447187,0.0043084077,-5.7147727,0.0032968998,Informer,1,val
2018-11-05,TLT,-6.1336875,0.0021685697,-5.766367,0.0031311123,Informer,1,val
2018-11-06,GLD,-6.0124307,0.0024481304,-5.588172,0.0037418618,Informer,1,val
2018-11-06,TLT,-5.30178,0.0049827155,-5.6962347,0.0033585879,Informer,1,val
2018-11-07,GLD,-5.5295234,0.00396788,-5.620324,0.0036234665,Informer,1,val
2018-11-07,TLT,-5.996091,0.0024884609,-5.617755,0.0036327878,Informer,1,val
2018-11-08,GLD,-5.5961113,0.0037122716,-5.7282705,0.0032526979,Informer,1,val
2018-11-08,TLT,-5.6293025,0.0035910793,-5.773261,0.0031096004,Informer,1,val
2018-11-09,GLD,-6.1157207,0.0022078839,-5.8282676,0.0029431714,Informer,1,val
2018-11-09,TLT,-6.0498376,0.002358245,-5.7958617,0.0030401095,Informer,1,val
2018-11-12,GLD,-5.75385,0.0031705508,-5.7478905,0.003189502,Informer,1,val
2018-11-12,TLT,-5.843357,0.0028990938,-5.790444,0.0030566251,Informer,1,val
2018-11-13,GLD,-4.8484154,0.007840793,-5.67168,0.003442078,Informer,1,val
2018-11-13,TLT,-4.990694,0.0068009426,-5.7002487,0.0033451333,Informer,1,val
2018-11-14,GLD,-5.9410915,0.0026291583,-5.523218,0.003992977,Informer,1,val
2018-11-14,TLT,-5.3257685,0.004864611,-5.5885196,0.0037405614,Informer,1,val
2018-11-15,GLD,-5.840352,0.0029078186,-5.7057858,0.0033266624,Informer,1,val
2018-11-15,TLT,-5.3420105,0.0047862385,-5.662751,0.003472949,Informer,1,val
2018-11-16,GLD,-5.761022,0.0031478924,-5.837065,0.002917392,Informer,1,val
2018-11-16,TLT,-6.3238273,0.0017930678,-5.817903,0.0029738345,Informer,1,val
2018-11-19,GLD,-5.7333326,0.003236274,-5.753805,0.0031706928,Informer,1,val
2018-11-19,TLT,-5.7747855,0.0031048635,-5.7799826,0.0030887693,Informer,1,val
2018-11-20,GLD,-5.8248634,0.0029532074,-5.688871,0.003383411,Informer,1,val
2018-11-20,TLT,-5.7097445,0.0033135193,-5.6905427,0.0033777594,Informer,1,val
2018-11-21,GLD,-6.336206,0.0017710088,-5.584411,0.0037559608,Informer,1,val
2018-11-21,TLT,-5.8261023,0.0029495512,-5.6751328,0.0034302135,Informer,1,val
2018-11-23,GLD,-6.3317666,0.0017788884,-5.837324,0.0029166366,Informer,1,val
2018-11-23,TLT,-6.365755,0.0017194427,-5.826112,0.002949523,Informer,1,val
2018-11-26,GLD,-5.2145457,0.005436903,-5.7676287,0.0031271642,Informer,1,val
2018-11-26,TLT,-5.873919,0.0028118321,-5.795031,0.003042636,Informer,1,val
2018-11-27,GLD,-4.775515,0.008433739,-5.69499,0.0033627702,Informer,1,val
2018-11-27,TLT,-5.67135,0.0034432139,-5.7358227,0.0032282255,Informer,1,val
2018-11-28,GLD,-5.531269,0.003960959,-5.587779,0.0037433323,Informer,1,val
2018-11-28,TLT,-5.506672,0.0040595955,-5.7154994,0.003294505,Informer,1,val
2018-11-29,GLD,-5.587225,0.003745407,-5.729207,0.0032496531,Informer,1,val
2018-11-29,TLT,-5.915032,0.0026985737,-5.725857,0.0032605585,Informer,1,val
2018-11-30,GLD,-5.9273205,0.002665615,-5.55332,0.0038745725,Informer,1,val
2018-11-30,TLT,-5.58285,0.003761829,-5.6617985,0.0034762593,Informer,1,val
2018-12-03,GLD,-6.0159435,0.0024395455,-5.7050223,0.003329203,Informer,1,val
2018-12-03,TLT,-4.5069537,0.011032016,-5.7086368,0.0033171915,Informer,1,val
2018-12-04,GLD,-5.411748,0.004463831,-5.718443,0.0032848218,Informer,1,val
2018-12-04,TLT,-5.0985813,0.006105402,-5.579069,0.0037760788,Informer,1,val
2018-12-06,GLD,-5.7094173,0.0033146034,-5.7514734,0.0031780947,Informer,1,val
2018-12-06,TLT,-5.2664185,0.005162066,-5.5849614,0.0037538947,Informer,1,val
2018-12-07,GLD,-5.7690306,0.0031227833,-5.8123746,0.0029903208,Informer,1,val
2018-12-07,TLT,-5.299366,0.00499476,-5.6576185,0.0034908203,Informer,1,val
2018-12-10,GLD,-5.753125,0.0031728495,-5.658733,0.0034869325,Informer,1,val
2018-12-10,TLT,-5.392333,0.0045513427,-5.439451,0.0043418654,Informer,1,val
2018-12-11,GLD,-6.2220592,0.0019851532,-5.634741,0.0035716027,Informer,1,val
2018-12-11,TLT,-5.952942,0.0025981856,-5.38183,0.004599396,Informer,1,val
2018-12-12,GLD,-6.1344476,0.002166922,-5.697178,0.0033554216,Informer,1,val
2018-12-12,TLT,-5.828089,0.0029436962,-5.5852356,0.0037528656,Informer,1,val
2018-12-13,GLD,-5.5982223,0.0037044433,-5.7727785,0.0031111012,Informer,1,val
2018-12-13,TLT,-5.7255826,0.0032614525,-5.6667976,0.0034589244,Informer,1,val
2018-12-14,GLD,-5.7711024,0.0031163201,-5.829284,0.002940181,Informer,1,val
2018-12-14,TLT,-5.802124,0.003021131,-5.8010573,0.0030243553,Informer,1,val
2018-12-17,GLD,-6.364419,0.0017217415,-5.732931,0.0032375734,Informer,1,val
2018-12-17,TLT,-5.4699874,0.004211285,-5.6864777,0.003391518,Informer,1,val
2018-12-18,GLD,-4.7916327,0.008298897,-5.701197,0.0033419624,Informer,1,val
2018-12-18,TLT,-4.7599792,0.008565787,-5.525626,0.0039833738,Informer,1,val
2018-12-19,GLD,-5.0750346,0.00625087,-5.4973288,0.004097703,Informer,1,val
2018-12-19,TLT,-5.397331,0.0045286505,-5.3747034,0.0046322923,Informer,1,val
2018-12-20,GLD,-5.740671,0.0032126114,-5.567955,0.0038182808,Informer,1,val
2018-12-20,TLT,-5.4521346,0.0042871437,-5.540906,0.0039229714,Informer,1,val
2018-12-21,GLD,-6.02387,0.002420285,-5.75483,0.0031674453,Informer,1,val
2018-12-21,TLT,-5.873737,0.0028123443,-5.706849,0.0033231268,Informer,1,val
2018-12-24,GLD,-4.9933953,0.006782596,-5.4162445,0.004443804,Informer,1,val
2018-12-24,TLT,-5.0134077,0.0066482094,-5.324028,0.0048730853,Informer,1,val
2018-12-26,GLD,-5.41282,0.0044590486,-5.0530453,0.006389845,Informer,1,val
2018-12-26,TLT,-5.245378,0.0052718283,-4.9717293,0.0069311517,Informer,1,val
2018-12-27,GLD,-6.4209104,0.0016271742,-5.2919073,0.0050321533,Informer,1,val
2018-12-27,TLT,-5.829824,0.0029385942,-5.1859703,0.0055945055,Informer,1,val
2018-12-28,GLD,-6.1680837,0.0020952474,-5.5979357,0.0037055053,Informer,1,val
2018-12-28,TLT,-5.3661675,0.0046720025,-5.4815054,0.004163058,Informer,1,val
2018-12-31,GLD,-5.284423,0.0050699576,-5.3004293,0.0049894513,Informer,1,val
2018-12-31,TLT,-5.5078874,0.004054664,-5.0308437,0.006533296,Informer,1,val
2019-01-02,GLD,-5.940031,0.0026319479,-5.5759826,0.003787752,Informer,1,val
2019-01-02,TLT,-4.9743004,0.006913354,-5.372905,0.004640632,Informer,1,val
2019-01-03,GLD,-5.244609,0.0052758846,-5.7559547,0.0031638844,Informer,1,val
2019-01-03,TLT,-5.27102,0.005138367,-5.4069037,0.004485507,Informer,1,val
2019-01-04,GLD,-5.6702347,0.0034470563,-5.754154,0.0031695862,Informer,1,val
2019-01-04,TLT,-5.5222316,0.0039969184,-5.626274,0.0036019708,Informer,1,val
2019-01-07,GLD,-5.729746,0.0032479025,-5.7149487,0.0032963199,Informer,1,val
2019-01-07,TLT,-5.84062,0.0029070396,-5.416673,0.0044418992,Informer,1,val
2019-01-08,GLD,-5.8664055,0.0028330383,-5.6060905,0.00367541,Informer,1,val
2019-01-08,TLT,-5.6057405,0.0036766967,-5.443931,0.0043224576,Informer,1,val
2019-01-09,GLD,-5.8339667,0.0029264456,-5.6429024,0.0035425716,Informer,1,val
2019-01-09,TLT,-5.376016,0.0046262154,-5.564642,0.0038309519,Informer,1,val
2019-01-10,GLD,-6.100257,0.0022422916,-5.749651,0.003183892,Informer,1,val
2019-01-10,TLT,-5.681034,0.0034100304,-5.594759,0.0037172951,Informer,1,val
2019-01-11,GLD,-6.155564,0.0021216443,-5.8190184,0.0029705197,Informer,1,val
2019-01-11,TLT,-5.531044,0.003961851,-5.757517,0.003158946,Informer,1,val
2019-01-14,GLD,-5.545267,0.0039058998,-5.7812347,0.003084904,Informer,1,val
2019-01-14,TLT,-6.0058947,0.0024641838,-5.6711717,0.0034438279,Informer,1,val
2019-01-15,GLD,-6.1519194,0.0021293908,-5.7194405,0.0032815465,Informer,1,val
2019-01-15,TLT,-5.457672,0.004263469,-5.678744,0.003417849,Informer,1,val
2019-01-16,GLD,-5.9617314,0.002575449,-5.728485,0.0032519998,Informer,1,val
2019-01-16,TLT,-5.582949,0.003761456,-5.5458546,0.003903606,Informer,1,val
2019-01-17,GLD,-5.9111886,0.002708965,-5.789298,0.0030601295,Informer,1,val
2019-01-17,TLT,-5.507111,0.004057813,-5.679202,0.0034162833,Informer,1,val
2019-01-18,GLD,-5.739732,0.0032156305,-5.8544025,0.0028672481,Informer,1,val
2019-01-18,TLT,-5.571436,0.0038050127,-5.810203,0.0029968214,Informer,1,val
2019-01-22,GLD,-5.623634,0.0036114936,-5.7237697,0.0032673709,Informer,1,val
2019-01-22,TLT,-5.508981,0.0040502315,-5.602738,0.003687753,Informer,1,val
2019-01-23,GLD,-5.974373,0.0025430964,-5.6392717,0.0035554569,Informer,1,val
2019-01-23,TLT,-5.793926,0.0030460008,-5.5347977,0.003947007,Informer,1,val
2019-01-24,GLD,-5.854091,0.002868141,-5.794092,0.003045494,Informer,1,val
2019-01-24,TLT,-5.9900565,0.0025035227,-5.6857324,0.0033940466,Informer,1,val
2019-01-25,GLD,-6.311757,0.0018148416,-5.834621,0.0029245317,Informer,1,val
2019-01-25,TLT,-5.798432,0.003032306,-5.7748723,0.003104594,Informer,1,val
2019-01-28,GLD,-5.887946,0.0027726656,-5.7741337,0.0031068882,Informer,1,val
2019-01-28,TLT,-5.8594513,0.0028528087,-5.69024,0.0033787822,Informer,1,val
2019-01-29,GLD,-4.9994893,0.0067413887,-5.723872,0.0032670358,Informer,1,val
2019-01-29,TLT,-5.57772,0.0037811762,-5.6443534,0.003537435,Informer,1,val
2019-01-30,GLD,-5.9105587,0.002710672,-5.6805544,0.0034116665,Informer,1,val
2019-01-30,TLT,-5.7098036,0.0033133233,-5.648151,0.003524027,Informer,1,val
2019-01-31,GLD,-5.7048674,0.003329719,-5.6269183,0.0035996512,Informer,1,val
2019-01-31,TLT,-5.707489,0.003321001,-5.522498,0.0039958535,Informer,1,val
2019-02-01,GLD,-5.923896,0.0026747594,-5.7963395,0.0030386574,Informer,1,val
2019-02-01,TLT,-5.7718515,0.0031139865,-5.779054,0.0030916382,Informer,1,val
2019-02-04,GLD,-6.1632953,0.0021053043,-5.780052,0.0030885541,Informer,1,val
2019-02-04,TLT,-5.7778025,0.0030955104,-5.7014265,0.0033411959,Informer,1,val
2019-02-05,GLD,-5.9140944,0.0027011046,-5.7898364,0.0030584824,Informer,1,val
2019-02-05,TLT,-5.628791,0.003592917,-5.664301,0.003467571,Informer,1,val
2019-02-06,GLD,-5.8431163,0.002899792,-5.79124,0.003054192,Informer,1,val
2019-02-06,TLT,-5.662404,0.0034741547,-5.6917295,0.0033737528,Informer,1,val
2019-02-07,GLD,-6.306009,0.0018253039,-5.8342695,0.0029255596,Informer,1,val
2019-02-07,TLT,-6.089027,0.0022676145,-5.7498016,0.0031834121,Informer,1,val
2019-02-08,GLD,-5.823489,0.0029572686,-5.8612275,0.0028477458,Informer,1,val
2019-02-08,TLT,-5.9944854,0.0024924593,-5.8137913,0.0029860875,Informer,1,val
2019-02-11,GLD,-6.0552654,0.0023454796,-5.7999487,0.0030277101,Informer,1,val
2019-02-11,TLT,-5.75702,0.003160516,-5.745175,0.0031981752,Informer,1,val
2019-02-12,GLD,-5.010318,0.0066687837,-5.7861853,0.00306967,Informer,1,val
2019-02-12,TLT,-5.8817916,0.0027897826,-5.724766,0.0032641178,Informer,1,val
2019-02-13,GLD,-5.609669,0.0036622805,-5.7183166,0.0032852367,Informer,1,val
2019-02-13,TLT,-5.768853,0.0031233374,-5.7550654,0.0031666993,Informer,1,val
2019-02-14,GLD,-5.396006,0.0045346557,-5.785682,0.0030712145,Informer,1,val
2019-02-14,TLT,-6.330566,0.0017810256,-5.7831583,0.0030789757,Informer,1,val
2019-02-15,GLD,-5.726623,0.003258061,-5.8043103,0.003014533,Informer,1,val
2019-02-15,TLT,-5.6993036,0.0033482963,-5.8368573,0.0029179985,Informer,1,val
2019-02-19,GLD,-5.443418,0.004324676,-5.7726502,0.0031115003,Informer,1,val
2019-02-19,TLT,-5.862739,0.0028434445,-5.7310996,0.0032435087,Informer,1,val
2019-02-20,GLD,-5.5978255,0.0037059134,-5.6914687,0.003374633,Informer,1,val
2019-02-20,TLT,-6.0154705,0.0024406998,-5.7634773,0.0031401732,Informer,1,val
2019-02-21,GLD,-5.7611666,0.0031474377,-5.7607965,0.0031486026,Informer,1,val
2019-02-21,TLT,-5.796871,0.0030370422,-5.8071404,0.003006014,Informer,1,val
2019-02-22,GLD,-5.7506003,0.0031808706,-5.860116,0.002850913,Informer,1,val
2019-02-22,TLT,-6.115136,0.002209175,-5.850018,0.0028798473,Informer,1,val
2019-02-25,GLD,-5.819963,0.002967715,-5.7693276,0.003121856,Informer,1,val
2019-02-25,TLT,-5.935543,0.0026437866,-5.7896876,0.0030589376,Informer,1,val
2019-02-26,GLD,-5.50887,0.0040506814,-5.7359796,0.003227719,Informer,1,val
2019-02-26,TLT,-5.657607,0.0034908603,-5.7349873,0.0032309236,Informer,1,val
2019-02-27,GLD,-6.180539,0.002069312,-5.7411246,0.0032111548,Informer,1,val
2019-02-27,TLT,-5.3881145,0.0045705833,-5.7359457,0.0032278283,Informer,1,val
2019-02-28,GLD,-4.723926,0.0088802455,-5.67148,0.0034427657,Informer,1,val
2019-02-28,TLT,-5.531514,0.0039599882,-5.4821854,0.004160228,Informer,1,val
2019-03-01,GLD,-5.547089,0.0038987896,-5.827615,0.0029450932,Informer,1,val
2019-03-01,TLT,-5.545843,0.0039036504,-5.8276024,0.0029451298,Informer,1,val
2019-03-04,GLD,-5.6024647,0.0036887608,-5.7453284,0.0031976842,Informer,1,val
2019-03-04,TLT,-6.2003446,0.0020287314,-5.7341137,0.003233747,Informer,1,val
2019-03-05,GLD,-6.208735,0.0020117809,-5.7060213,0.0033258789,Informer,1,val
2019-03-05,TLT,-5.743466,0.0032036456,-5.7235503,0.0032680875,Informer,1,val
2019-03-06,GLD,-5.867243,0.0028306672,-5.7563524,0.0031626264,Informer,1,val
2019-03-06,TLT,-5.7676587,0.0031270704,-5.6932,0.0033687952,Informer,1,val
2019-03-07,GLD,-5.838424,0.0029134299,-5.7947016,0.0030436385,Informer,1,val
2019-03-07,TLT,-5.444095,0.004321749,-5.7638664,0.0031389515,Informer,1,val
2019-03-08,GLD,-5.71601,0.0032928227,-5.8343415,0.002925349,Informer,1,val
2019-03-08,TLT,-6.042644,0.0023752702,-5.7920294,0.0030517827,Informer,1,val
2019-03-11,GLD,-5.8547463,0.0028662626,-5.7772403,0.0030972513,Informer,1,val
2019-03-11,TLT,-5.5009184,0.00408302,-5.788329,0.003063096,Informer,1,val
2019-03-12,GLD,-6.1401343,0.002154634,-5.750083,0.0031825167,Informer,1,val
2019-03-12,TLT,-6.335087,0.0017729918,-5.719478,0.003281423,Informer,1,val
2019-03-13,GLD,-6.010851,0.002452001,-5.808799,0.0030010329,Informer,1,val
2019-03-13,TLT,-5.7773957,0.0030967698,-5.8005056,0.0030260242,Informer,1,val
2019-03-14,GLD,-5.886605,0.0027763871,-5.7769337,0.003098201,Informer,1,val
2019-03-14,TLT,-5.7458982,0.0031958625,-5.7766933,0.0030989456,Informer,1,val
2019-03-15,GLD,-5.9452944,0.0026181315,-5.849866,0.0028802853,Informer,1,val
2019-03-15,TLT,-6.2376328,0.0019544768,-5.847871,0.0028860376,Informer,1,val
2019-03-18,GLD,-6.2527757,0.0019251032,-5.784123,0.0030760071,Informer,1,val
2019-03-18,TLT,-5.5395355,0.003928351,-5.813098,0.0029881585,Informer,1,val
2019-03-19,GLD,-4.626385,0.009790084,-5.812738,0.0029892344,Informer,1,val
2019-03-19,TLT,-5.4332895,0.004368701,-5.7473083,0.0031913596,Informer,1,val
2019-03-20,GLD,-5.060438,0.00634278,-5.646974,0.0035281766,Informer,1,val
2019-03-20,TLT,-6.2082076,0.002012842,-5.7624884,0.0031432803,Informer,1,val
2019-03-21,GLD,-5.8825884,0.0027875607,-5.713787,0.0033001509,Informer,1,val
2019-03-21,TLT,-5.097475,0.00611216,-5.7942553,0.0030449973,Informer,1,val
2019-03-22,GLD,-5.780793,0.0030862663,-5.8416815,0.0029039555,Informer,1,val
2019-03-22,TLT,-4.8310046,0.007978502,-5.843129,0.0028997546,Informer,1,val
2019-03-25,GLD,-6.0592723,0.0023361002,-5.7764206,0.003099791,Informer,1,val
2019-03-25,TLT,-5.6421776,0.0035451401,-5.675458,0.0034290983,Informer,1,val
2019-03-26,GLD,-5.778666,0.0030928385,-5.805418,0.0030111957,Informer,1,val
2019-03-26,TLT,-5.3728266,0.0046409946,-5.689293,0.0033819836,Informer,1,val
2019-03-27,GLD,-5.7347918,0.0032315552,-5.7453218,0.0031977056,Informer,1,val
2019-03-27,TLT,-5.6587176,0.0034869856,-5.6285734,0.0035936984,Informer,1,val
2019-03-28,GLD,-5.865837,0.002834649,-5.797797,0.0030342313,Informer,1,val
2019-03-28,TLT,-5.891275,0.0027634513,-5.75007,0.0031825576,Informer,1,val
2019-03-29,GLD,-5.6661024,0.00346133,-5.8372545,0.0029168397,Informer,1,val
2019-03-29,TLT,-5.340424,0.004793837,-5.829196,0.0029404403,Informer,1,val
2019-04-01,GLD,-6.5845103,0.0013816038,-5.7664456,0.003130866,Informer,1,val
2019-04-01,TLT,-5.9078946,0.0027179031,-5.7730794,0.0031101652,Informer,1,val
2019-04-02,GLD,-6.275694,0.0018814851,-5.817212,0.00297589,Informer,1,val
2019-04-02,TLT,-5.8696194,0.002823948,-5.7950997,0.003042427,Informer,1,val
2019-04-03,GLD,-5.2283573,0.0053623267,-5.829782,0.0029387176,Informer,1,val
2019-04-03,TLT,-6.12541,0.0021865943,-5.78084,0.0030861222,Informer,1,val
2019-04-04,GLD,-5.922561,0.0026783317,-5.7807746,0.0030863238,Informer,1,val
2019-04-04,TLT,-5.9271965,0.0026659456,-5.816607,0.0029776914,Informer,1,val
2019-04-05,GLD,-5.911203,0.0027089263,-5.8652287,0.0028363743,Informer,1,val
2019-04-05,TLT,-6.1464186,0.0021411364,-5.856721,0.0028606085,Informer,1,val
2019-04-08,GLD,-6.3475904,0.0017509611,-5.8328714,0.0029296526,Informer,1,val
2019-04-08,TLT,-5.8030095,0.003018457,-5.848951,0.002882922,Informer,1,val
2019-04-09,GLD,-5.8323135,0.0029312875,-5.8160973,0.0029792096,Informer,1,val
2019-04-09,TLT,-6.037075,0.002388535,-5.793725,0.0030466123,Informer,1,val
2019-04-10,GLD,-5.3662353,0.004671686,-5.7942567,0.003044993,Informer,1,val
2019-04-10,TLT,-5.8369813,0.002917637,-5.8220596,0.0029614992,Informer,1,val
2019-04-11,GLD,-5.8502192,0.0028792678,-5.798007,0.0030335947,Informer,1,val
2019-04-11,TLT,-6.1145716,0.0022104227,-5.8384495,0.0029133563,Informer,1,val
2019-04-12,GLD,-5.611015,0.003657356,-5.8514705,0.0028756675,Informer,1,val
2019-04-12,TLT,-6.742552,0.0011796331,-5.88174,0.0027899262,Informer,1,val
2019-04-15,GLD,-5.993362,0.002495261,-5.7362614,0.0032268097,Informer,1,val
2019-04-15,TLT,-6.038151,0.002385967,-5.8209705,0.0029647264,Informer,1,val
2019-04-16,GLD,-6.459011,0.0015663439,-5.76534,0.00313433,Informer,1,val
2019-04-16,TLT,-5.9618335,0.002575186,-5.8130608,0.0029882698,Informer,1,val
2019-04-17,GLD,-6.123457,0.002190869,-5.7893553,0.0030599544,Informer,1,val
2019-04-17,TLT,-6.3292828,0.0017833124,-5.812345,0.0029904093,Informer,1,val
2019-04-18,GLD,-6.6698394,0.0012686024,-5.8178024,0.002974134,Informer,1,val
2019-04-18,TLT,-6.3628097,0.0017245146,-5.839741,0.0029095954,Informer,1,val
2019-04-22,GLD,-5.7949767,0.0030428013,-5.8235445,0.0029571052,Informer,1,val
2019-04-22,TLT,-6.332711,0.0017772089,-5.843659,0.0028982188,Informer,1,val
2019-04-23,GLD,-5.688116,0.003385966,-5.815766,0.002980197,Informer,1,val
2019-04-23,TLT,-6.3852015,0.0016863288,-5.835249,0.0029226956,Informer,1,val
2019-04-24,GLD,-5.6763477,0.0034260484,-5.793964,0.0030458847,Informer,1,val
2019-04-24,TLT,-5.8300714,0.002937867,-5.810448,0.002996087,Informer,1,val
2019-04-25,GLD,-5.968233,0.0025587585,-5.789093,0.003060757,Informer,1,val
2019-04-25,TLT,-6.2169724,0.0019952771,-5.8450775,0.0028941103,Informer,1,val
2019-04-26,GLD,-6.5847516,0.0013812705,-5.857247,0.0028591044,Informer,1,val
2019-04-26,TLT,-5.9259453,0.0026692832,-5.8788633,0.0027979638,Informer,1,val
2019-04-29,GLD,-5.984815,0.002516679,-5.820078,0.002967374,Informer,1,val
2019-04-29,TLT,-5.802787,0.0030191292,-5.8282166,0.0029433216,Informer,1,val
2019-04-30,GLD,-4.9158545,0.0073294523,-5.669677,0.00344898,Informer,1,val
2019-04-30,TLT,-5.353818,0.0047300574,-5.7077904,0.0033200004,Informer,1,val
2019-05-01,GLD,-5.7751865,0.0031036187,-5.7294836,0.0032487544,Informer,1,val
2019-05-01,TLT,-5.521697,0.003999056,-5.76874,0.0031236904,Informer,1,val
2019-05-02,GLD,-5.660165,0.003481943,-5.785639,0.0030713477,Informer,1,val
2019-05-02,TLT,-5.83718,0.0029170567,-5.8187456,0.00297133,Informer,1,val
2019-05-03,GLD,-5.73396,0.0032342437,-5.8372297,0.002916912,Informer,1,val
2019-05-03,TLT,-6.1949797,0.0020396446,-5.8785076,0.0027989594,Informer,1,val
2019-05-06,GLD,-5.873846,0.0028120372,-5.7402477,0.003213972,Informer,1,val
2019-05-06,TLT,-5.5994697,0.0036998254,-5.826659,0.0029479088,Informer,1,val
2019-05-07,GLD,-5.7684336,0.0031246482,-5.696677,0.003357102,Informer,1,val
2019-05-07,TLT,-5.448411,0.004303137,-5.774764,0.00310493,Informer,1,val
2019-05-08,GLD,-5.458973,0.0042579267,-5.71108,0.0033090964,Informer,1,val
2019-05-08,TLT,-5.1977515,0.0055289823,-5.7063446,0.003324804,Informer,1,val
2019-05-09,GLD,-5.991417,0.0025001192,-5.717942,0.0032864667,Informer,1,val
2019-05-09,TLT,-5.336242,0.0048139268,-5.703319,0.0033348782,Informer,1,val
2019-05-10,GLD,-5.8116393,0.0029925203,-5.840131,0.0029084622,Informer,1,val
2019-05-10,TLT,-5.6657186,0.0034626587,-5.8181524,0.0029730932,Informer,1,val
2019-05-13,GLD,-5.7965693,0.003037959,-5.7537727,0.0031707957,Informer,1,val
2019-05-13,TLT,-6.021647,0.0024256713,-5.7767897,0.003098647,Informer,1,val
2019-05-14,GLD,-5.9039187,0.0027287307,-5.695188,0.003362105,Informer,1,val
2019-05-14,TLT,-5.8861246,0.0027777206,-5.698333,0.0033515485,Informer,1,val
2019-05-15,GLD,-5.432159,0.004373643,-5.742779,0.0032058475,Informer,1,val
2019-05-15,TLT,-6.429089,0.0016139203,-5.75132,0.0031785828,Informer,1,val
2019-05-16,GLD,-5.5716844,0.0038040676,-5.752361,0.0031752756,Informer,1,val
2019-05-16,TLT,-5.772828,0.003110947,-5.8432384,0.002899438,Informer,1,val
2019-05-17,GLD,-6.346525,0.0017528273,-5.848013,0.0028856273,Informer,1,val
2019-05-17,TLT,-5.6224504,0.0036157703,-5.855712,0.0028634963,Informer,1,val
2019-05-20,GLD,-5.8908873,0.0027645228,-5.7752905,0.003103296,Informer,1,val
2019-05-20,TLT,-6.0573006,0.002340711,-5.8063836,0.0030082895,Informer,1,val
2019-05-21,GLD,-6.3593426,0.001730504,-5.731679,0.00324163,Informer,1,val
2019-05-21,TLT,-6.002867,0.0024716551,-5.8037214,0.0030163089,Informer,1,val
2019-05-22,GLD,-5.5236034,0.003991439,-5.7980022,0.0030336091,Informer,1,val
2019-05-22,TLT,-5.198306,0.005525917,-5.794273,0.0030449436,Informer,1,val
2019-05-23,GLD,-6.0782285,0.0022922338,-5.7596207,0.0031523071,Informer,1,val
2019-05-23,TLT,-6.2778306,0.0018774691,-5.7854576,0.0030719044,Informer,1,val
2019-05-24,GLD,-6.1094646,0.0022217399,-5.8618956,0.002845844,Informer,1,val
2019-05-24,TLT,-5.535978,0.003942352,-5.8662014,0.0028336167,Informer,1,val
2019-05-28,GLD,-5.9095902,0.0027132984,-5.7803526,0.0030876265,Informer,1,val
2019-05-28,TLT,-5.508957,0.0040503303,-5.6892357,0.003382177,Informer,1,val
2019-05-29,GLD,-5.626957,0.0035995122,-5.7567663,0.0031613177,Informer,1,val
2019-05-29,TLT,-5.1142936,0.0060102222,-5.750619,0.0031808114,Informer,1,val
2019-05-30,GLD,-5.3381143,0.004804923,-5.767703,0.0031269316,Informer,1,val
2019-05-30,TLT,-5.551461,0.003881781,-5.7009983,0.0033426268,Informer,1,val
2019-05-31,GLD,-5.052509,0.006393274,-5.6070642,0.003671833,Informer,1,val
2019-05-31,TLT,-5.3145213,0.0049196333,-5.6579075,0.0034898117,Informer,1,val
2019-06-03,GLD,-5.430606,0.004380441,-5.618766,0.0036291173,Informer,1,val
2019-06-03,TLT,-5.09153,0.006148606,-5.7244053,0.0032652947,Informer,1,val
2019-06-04,GLD,-5.24093,0.0052953293,-5.6486588,0.0035222378,Informer,1,val
2019-06-04,TLT,-5.469859,0.0042118253,-5.64925,0.0035201558,Informer,1,val
2019-06-05,GLD,-5.6169367,0.0036357616,-5.5843096,0.0037563422,Informer,1,val
2019-06-05,TLT,-5.0145397,0.006640688,-5.607923,0.0036686813,Informer,1,val
2019-06-06,GLD,-5.279853,0.00509318,-5.721218,0.0032757183,Informer,1,val
2019-06-06,TLT,-5.6919813,0.0033729034,-5.5496197,0.003888936,Informer,1,val
2019-06-07,GLD,-5.9856086,0.002514683,-5.798229,0.0030329206,Informer,1,val
2019-06-07,TLT,-6.28069,0.0018721081,-5.8112473,0.0029936936,Informer,1,val
2019-06-10,GLD,-5.9199533,0.0026853255,-5.766164,0.0031317484,Informer,1,val
2019-06-10,TLT,-6.093185,0.002258205,-5.7879667,0.003064206,Informer,1,val
2019-06-11,GLD,-5.680894,0.0034105084,-5.713433,0.0033013204,Informer,1,val
2019-06-11,TLT,-6.210074,0.0020090889,-5.763998,0.0031385385,Informer,1,val
2019-06-12,GLD,-5.6378217,0.0035606162,-5.7299843,0.0032471283,Informer,1,val
2019-06-12,TLT,-6.2521353,0.0019263364,-5.8039,0.003015771,Informer,1,val
2019-06-13,GLD,-4.971138,0.0069352514,-5.738973,0.003218071,Informer,1,val
2019-06-13,TLT,-5.8540287,0.0028683203,-5.83208,0.0029319725,Informer,1,val
2019-06-14,GLD,-5.752127,0.0031760177,-5.7447367,0.003199577,Informer,1,val
2019-06-14,TLT,-5.7833652,0.0030783387,-5.859498,0.0028526753,Informer,1,val
2019-06-17,GLD,-4.9298725,0.0072274245,-5.7590837,0.003154,Informer,1,val
2019-06-17,TLT,-5.403085,0.0045026676,-5.8189874,0.0029706117,Informer,1,val
2019-06-18,GLD,-5.375575,0.0046282564,-5.6076546,0.0036696661,Informer,1,val
2019-06-18,TLT,-5.2600436,0.005195078,-5.7753916,0.0031029824,Informer,1,val
2019-06-19,GLD,-5.0851517,0.0061879484,-5.7025585,0.0033374156,Informer,1,val
2019-06-19,TLT,-5.3208613,0.004888541,-5.707521,0.003320895,Informer,1,val
2019-06-20,GLD,-5.1454086,0.0058260933,-5.723526,0.003268167,Informer,1,val
2019-06-20,TLT,-5.660947,0.0034792211,-5.792682,0.003049791,Informer,1,val
2019-06-21,GLD,-5.2032185,0.005498838,-5.774664,0.003105241,Informer,1,val
2019-06-21,TLT,-6.166448,0.002098677,-5.8621426,0.0028451413,Informer,1,val
2019-06-24,GLD,-4.4327965,0.011881217,-5.5375977,0.003935971,Informer,1,val
2019-06-24,TLT,-6.2330256,0.0019635023,-5.7731094,0.0031100719,Informer,1,val
2019-06-25,GLD,-5.1058574,0.00606114,-5.213531,0.0054424223,Informer,1,val
2019-06-25,TLT,-5.862472,0.002844204,-5.7992287,0.0030298908,Informer,1,val
2019-06-26,GLD,-5.7725096,0.003111938,-5.3257465,0.004864718,Informer,1,val
2019-06-26,TLT,-5.2636933,0.005176152,-5.791964,0.003051982,Informer,1,val
2019-06-27,GLD,-5.5679917,0.0038181406,-5.357565,0.004712367,Informer,1,val
2019-06-27,TLT,-5.751572,0.003177781,-5.7020144,0.003339232,Informer,1,val
2019-06-28,GLD,-5.346701,0.00476384,-5.7532206,0.0031725469,Informer,1,val
2019-06-28,TLT,-5.1143975,0.0060095973,-5.872672,0.0028153404,Informer,1,val
2019-07-01,GLD,-4.7623563,0.00854545,-5.587387,0.0037447999,Informer,1,val
2019-07-01,TLT,-5.585921,0.003750295,-5.7064533,0.0033244423,Informer,1,val
2019-07-02,GLD,-5.3813615,0.0046015526,-5.440594,0.0043369057,Informer,1,val
2019-07-02,TLT,-5.9564433,0.0025891042,-5.7777014,0.0030958233,Informer,1,val
2019-07-03,GLD,-4.898816,0.0074554044,-5.4401274,0.0043389304,Informer,1,val
2019-07-03,TLT,-5.3640704,0.0046818103,-5.791916,0.003052129,Informer,1,val
2019-07-05,GLD,-5.5636883,0.003834607,-5.5241838,0.0039891233,Informer,1,val
2019-07-05,TLT,-5.9880676,0.0025085066,-5.860001,0.0028512406,Informer,1,val
2019-07-08,GLD,-5.3353686,0.0048181335,-5.4659233,0.004228435,Informer,1,val
2019-07-08,TLT,-5.849176,0.0028822734,-5.8084908,0.0030019574,Informer,1,val
2019-07-09,GLD,-4.9721513,0.0069282274,-5.271961,0.005133533,Informer,1,val
2019-07-09,TLT,-5.4396987,0.004340791,-5.7197027,0.003280686,Informer,1,val
2019-07-10,GLD,-5.205113,0.0054884306,-5.2990537,0.0049963198,Informer,1,val
2019-07-10,TLT,-5.0038185,0.006712267,-5.7433968,0.003203867,Informer,1,val
2019-07-11,GLD,-5.223141,0.0053903703,-5.510301,0.004044889,Informer,1,val
2019-07-11,TLT,-5.5383306,0.0039330875,-5.726137,0.0032596444,Informer,1,val
2019-07-12,GLD,-5.6671863,0.0034575802,-5.6271462,0.003598831,Informer,1,val
2019-07-12,TLT,-6.165202,0.0021012935,-5.8365803,0.002918807,Informer,1,val
2019-07-15,GLD,-5.2877913,0.0050529083,-5.5987053,0.0037026545,Informer,1,val
2019-07-15,TLT,-5.852894,0.0028715772,-5.8204274,0.002966337,Informer,1,val
2019-07-16,GLD,-5.244131,0.005278406,-5.4329853,0.0043700305,Informer,1,val
2019-07-16,TLT,-5.8757577,0.0028066668,-5.7488394,0.0031864769,Informer,1,val
2019-07-17,GLD,-4.5988183,0.010063721,-5.3982234,0.0045246123,Informer,1,val
2019-07-17,TLT,-5.2537494,0.0052278806,-5.7508326,0.003180132,Informer,1,val
2019-07-18,GLD,-4.6252785,0.009800925,-5.3642817,0.0046808217,Informer,1,val
2019-07-18,TLT,-6.11718,0.0022046648,-5.7121773,0.0033054678,Informer,1,val
2019-07-19,GLD,-5.9608784,0.0025776469,-5.639487,0.0035546923,Informer,1,val
2019-07-19,TLT,-5.7612247,0.0031472547,-5.8684254,0.0028273219,Informer,1,val
2019-07-22,GLD,-5.040975,0.006467439,-5.4168653,0.004441046,Informer,1,val
2019-07-22,TLT,-5.5899653,0.0037351572,-5.7819514,0.0030826938,Informer,1,val
2019-07-23,GLD,-5.4242005,0.004408589,-5.2534456,0.0052294685,Informer,1,val
2019-07-23,TLT,-6.1527042,0.00212772,-5.7609806,0.003148023,Informer,1,val
2019-07-24,GLD,-5.2959924,0.0050116386,-5.4105334,0.0044692555,Informer,1,val
2019-07-24,TLT,-5.330675,0.0048408005,-5.8032265,0.0030178023,Informer,1,val
2019-07-25,GLD,-6.0198817,0.002429957,-5.442934,0.0043267696,Informer,1,val
2019-07-25,TLT,-5.9390974,0.0026344063,-5.7671776,0.0031285752,Informer,1,val
2019-07-26,GLD,-5.0443273,0.0064457953,-5.7342653,0.003233257,Informer,1,val
2019-07-26,TLT,-5.965587,0.0025655378,-5.8649597,0.0028371373,Informer,1,val
2019-07-29,GLD,-5.5442414,0.0039099082,-5.602862,0.003687296,Informer,1,val
2019-07-29,TLT,-5.653497,0.0035052367,-5.7714376,0.0031152756,Informer,1,val
2019-07-30,GLD,-4.6649036,0.009420156,-5.578378,0.0037786888,Informer,1,val
2019-07-30,TLT,-4.9702883,0.0069411467,-5.7696896,0.0031207262,Informer,1,val
2019-07-31,GLD,-4.475124,0.011388811,-5.049717,0.006411148,Informer,1,val
2019-07-31,TLT,-4.943212,0.0071316543,-5.4635515,0.004238476,Informer,1,val
2019-08-01,GLD,-5.120751,0.005971537,-5.241725,0.005291122,Informer,1,val
2019-08-01,TLT,-5.4554234,0.004273067,-5.641592,0.0035472168,Informer,1,val
2019-08-02,GLD,-4.811964,0.008131873,-5.3431835,0.0047806273,Informer,1,val
2019-08-02,TLT,-5.226998,0.0053696213,-5.7615,0.0031463888,Informer,1,val
2019-08-05,GLD,-5.4012475,0.00451095,-5.1197443,0.005977551,Informer,1,val
2019-08-05,TLT,-5.2218704,0.005397225,-5.564239,0.0038324958,Informer,1,val
2019-08-06,GLD,-4.846883,0.007852818,-4.98831,0.006817177,Informer,1,val
2019-08-06,TLT,-4.3696117,0.012656153,-5.254988,0.005221408,Informer,1,val
2019-08-07,GLD,-4.9000225,0.0074464153,-5.006694,0.006692995,Informer,1,val
2019-08-07,TLT,-4.486172,0.011263677,-5.1894574,0.005575031,Informer,1,val
2019-08-08,GLD,-5.2313175,0.0053464766,-5.210663,0.0054580546,Informer,1,val
2019-08-08,TLT,-4.830346,0.007983757,-5.2434015,0.0052822586,Informer,1,val
2019-08-09,GLD,-4.8869185,0.0075446353,-5.5037994,0.0040712734,Informer,1,val
2019-08-09,TLT,-4.852141,0.0078116357,-5.5361767,0.003941568,Informer,1,val
2019-08-12,GLD,-3.9760447,0.018759694,-5.259742,0.0051966463,Informer,1,val
2019-08-12,TLT,-4.854962,0.0077896304,-5.3088174,0.0049477746,Informer,1,val
2019-08-13,GLD,-4.7811,0.00838677,-4.9562597,0.007039207,Informer,1,val
2019-08-13,TLT,-5.4216294,0.0044199387,-5.1351013,0.005886455,Informer,1,val
2019-08-14,GLD,-5.087621,0.006172686,-5.0329986,0.006519233,Informer,1,val
2019-08-14,TLT,-4.3181076,0.013325076,-5.224927,0.005380753,Informer,1,val
2019-08-15,GLD,-5.020678,0.0066000503,-5.0194983,0.006607841,Informer,1,val
2019-08-15,TLT,-4.8157935,0.008100792,-4.941834,0.007141489,Informer,1,val
2019-08-16,GLD,-5.3811383,0.00460258,-5.5662146,0.003824932,Informer,1,val
2019-08-16,TLT,-5.246568,0.0052655577,-5.6061554,0.0036751719,Informer,1,val
2019-08-19,GLD,-5.927549,0.0026650063,-5.2966986,0.0050081005,Informer,1,val
2019-08-19,TLT,-5.614596,0.003644282,-5.0880146,0.006170258,Informer,1,val
2019-08-20,GLD,-5.6588745,0.0034864387,-5.4545193,0.004276932,Informer,1,val
2019-08-20,TLT,-4.9225483,0.007280554,-5.2946887,0.0050181765,Informer,1,val
2019-08-21,GLD,-5.6139073,0.0036467921,-5.382187,0.004597756,Informer,1,val
2019-08-21,TLT,-5.161687,0.005732022,-5.1103973,0.006033685,Informer,1,val
2019-08-22,GLD,-4.7528563,0.008627019,-5.5238,0.003990655,Informer,1,val
2019-08-22,TLT,-4.7017426,0.009079441,-5.453791,0.0042800475,Informer,1,val
2019-08-23,GLD,-5.2700677,0.0051432624,-5.488412,0.004134405,Informer,1,val
2019-08-23,TLT,-5.4363227,0.00435547,-5.374957,0.0046311175,Informer,1,val
2019-08-26,GLD,-5.4728246,0.004199354,-5.3060246,0.004961612,Informer,1,val
2019-08-26,TLT,-5.4518647,0.004288301,-5.251693,0.005238643,Informer,1,val
2019-08-27,GLD,-5.3044195,0.004969582,-5.1761656,0.005649628,Informer,1,val
2019-08-27,TLT,-5.459942,0.004253803,-5.1686907,0.005692017,Informer,1,val
2019-08-28,GLD,-4.675123,0.0093243765,-5.1514244,0.00579115,Informer,1,val
2019-08-28,TLT,-5.144609,0.005830754,-5.1947594,0.0055455505,Informer,1,val
2019-08-29,GLD,-4.696356,0.009128482,-5.171769,0.005674521,Informer,1,val
2019-08-29,TLT,-5.3848796,0.0045853923,-5.2368665,0.0053168912,Informer,1,val
2019-08-30,GLD,-5.1407175,0.005853488,-5.2117844,0.0054519367,Informer,1,val
2019-08-30,TLT,-4.6005363,0.010046446,-5.4909625,0.004123873,Informer,1,val
2019-09-03,GLD,-5.4603477,0.004252077,-5.1385546,0.0058661625,Informer,1,val
2019-09-03,TLT,-5.5351853,0.0039454773,-5.118616,0.005984299,Informer,1,val
2019-09-04,GLD,-4.3797336,0.012528696,-5.3019466,0.0049818866,Informer,1,val
2019-09-04,TLT,-4.7686915,0.0084914835,-5.441419,0.0043333294,Informer,1,val
2019-09-05,GLD,-4.8413415,0.007896454,-5.1917214,0.0055624233,Informer,1,val
2019-09-05,TLT,-5.5160103,0.004021862,-5.378452,0.0046149613,Informer,1,val
2019-09-06,GLD,-5.3554306,0.0047224355,-5.222166,0.005395629,Informer,1,val
2019-09-06,TLT,-5.8397527,0.002909562,-5.5425797,0.0039164107,Informer,1,val
2019-09-09,GLD,-5.282655,0.0050789295,-5.178597,0.0056359083,Informer,1,val
2019-09-09,TLT,-4.6999516,0.009095717,-5.5211864,0.004001098,Informer,1,val
2019-09-10,GLD,-5.5557227,0.003865274,-5.180338,0.005626105,Informer,1,val
2019-09-10,TLT,-5.5692196,0.0038134553,-5.278447,0.005100345,Informer,1,val
2019-09-11,GLD,-4.8391953,0.00791342,-5.388235,0.004570032,Informer,1,val
2019-09-11,TLT,-4.54118,0.010660818,-5.475378,0.0041886447,Informer,1,val
2019-09-12,GLD,-5.003291,0.006715808,-5.282378,0.0050803344,Informer,1,val
2019-09-12,TLT,-4.841212,0.0078974785,-5.2670083,0.005159022,Informer,1,val
2019-09-13,GLD,-5.2989845,0.0049966653,-5.4767723,0.0041828086,Informer,1,val
2019-09-13,TLT,-5.0322275,0.0065242616,-5.515834,0.0040225717,Informer,1,val
2019-09-16,GLD,-5.4407334,0.0043363017,-5.4461775,0.004312759,Informer,1,val
2019-09-16,TLT,-4.897162,0.0074677467,-5.382155,0.004597903,Informer,1,val
2019-09-17,GLD,-4.380136,0.012523655,-5.400893,0.0045125484,Informer,1,val
2019-09-17,TLT,-5.1967597,0.0055344687,-5.2349014,0.0053273495,Informer,1,val
2019-09-18,GLD,-5.812521,0.002989883,-5.277136,0.0051070373,Informer,1,val
2019-09-18,TLT,-5.5152135,0.004025068,-5.3405237,0.00479336,Informer,1,val
2019-09-19,GLD,-5.2664156,0.0051620803,-5.4352427,0.004360177,Informer,1,val
2019-09-19,TLT,-5.1271114,0.0059336754,-5.375021,0.0046308218,Informer,1,val
2019-09-20,GLD,-5.621207,0.0036202678,-5.5504274,0.003885796,Informer,1,val
2019-09-20,TLT,-4.9540005,0.0070551285,-5.5664396,0.0038240713,Informer,1,val
2019-09-23,GLD,-4.9059052,0.0074027386,-5.4139137,0.0044541736,Informer,1,val
2019-09-23,TLT,-5.2859626,0.0050621573,-5.3790283,0.0046123015,Informer,1,val
2019-09-24,GLD,-4.5889688,0.010163334,-5.3546834,0.0047259657,Informer,1,val
2019-09-24,TLT,-4.702802,0.009069826,-5.440039,0.004339313,Informer,1,val
2019-09-25,GLD,-5.357555,0.0047124145,-5.1758623,0.0056513418,Informer,1,val
2019-09-25,TLT,-5.223293,0.005389553,-5.187061,0.005588408,Informer,1,val
2019-09-26,GLD,-4.968664,0.006952429,-5.278131,0.0051019574,Informer,1,val
2019-09-26,TLT,-5.5824475,0.0037633434,-5.3352294,0.0048188046,Informer,1,val
2019-09-27,GLD,-4.57294,0.010327553,-5.3212905,0.0048864437,Informer,1,val
2019-09-27,TLT,-5.7046804,0.0033303415,-5.4396944,0.00434081,Informer,1,val
2019-09-30,GLD,-4.6098084,0.009953725,-5.0001917,0.0067366557,Informer,1,val
2019-09-30,TLT,-4.5461783,0.010607666,-5.172974,0.0056676874,Informer,1,val
2019-10-01,GLD,-4.990187,0.006804391,-5.0494337,0.006412964,Informer,1,val
2019-10-01,TLT,-5.2934074,0.00502461,-5.1830463,0.005610888,Informer,1,val
2019-10-02,GLD,-4.661834,0.009449119,-5.128758,0.005923914,Informer,1,val
2019-10-02,TLT,-4.889048,0.0075285854,-5.31787,0.0049031856,Informer,1,val
2019-10-03,GLD,-5.195915,0.0055391444,-5.0669994,0.006301299,Informer,1,val
2019-10-03,TLT,-5.8210397,0.0029645213,-5.2056904,0.0054852623,Informer,1,val
2019-10-04,GLD,-4.9079866,0.0073873466,-5.231966,0.0053430106,Informer,1,val
2019-10-04,TLT,-5.613513,0.0036482306,-5.530899,0.003962425,Informer,1,val
2019-10-07,GLD,-5.190895,0.0055670217,-5.0927525,0.0061410936,Informer,1,val
2019-10-07,TLT,-5.160308,0.005739932,-5.385225,0.0045838095,Informer,1,val
2019-10-08,GLD,-5.349013,0.0047528404,-5.15018,0.0057983617,Informer,1,val
2019-10-08,TLT,-5.5666056,0.0038234368,-5.292754,0.0050278935,Informer,1,val
2019-10-09,GLD,-5.476738,0.0041829525,-5.171294,0.0056772167,Informer,1,val
2019-10-09,TLT,-5.119651,0.00597811,-5.283201,0.005076155,Informer,1,val
2019-10-10,GLD,-5.0389743,0.006480392,-5.2795796,0.005094572,Informer,1,val
2019-10-10,TLT,-5.0234947,0.006581486,-5.24432,0.0052774097,Informer,1,val
2019-10-11,GLD,-6.060315,0.0023336653,-5.3621693,0.00469072,Informer,1,val
2019-10-11,TLT,-6.1422434,0.0021500946,-5.443984,0.004322229,Informer,1,val
2019-10-14,GLD,-5.366286,0.00467145,-5.417227,0.004439441,Informer,1,val
2019-10-14,TLT,-5.1566224,0.0057611256,-5.479827,0.0041700513,Informer,1,val
2019-10-15,GLD,-5.517907,0.0040142406,-5.326353,0.0048617683,Informer,1,val
2019-10-15,TLT,-5.69254,0.0033710191,-5.3496323,0.0047498974,Informer,1,val
2019-10-16,GLD,-5.6600394,0.0034823795,-5.424353,0.0044079167,Informer,1,val
2019-10-16,TLT,-5.211303,0.0054545603,-5.4723053,0.004201535,Informer,1,val
2019-10-17,GLD,-6.2375784,0.001954583,-5.4274316,0.004394368,Informer,1,val
2019-10-17,TLT,-5.5703754,0.0038090502,-5.4237065,0.0044107675,Informer,1,val
2019-10-18,GLD,-5.48375,0.0041537248,-5.600425,0.0036962933,Informer,1,val
2019-10-18,TLT,-5.553732,0.0038729766,-5.6334724,0.0035761357,Informer,1,val
2019-10-21,GLD,-5.838655,0.0029127577,-5.4492373,0.0042995824,Informer,1,val
2019-10-21,TLT,-5.398968,0.0045212433,-5.458869,0.004258369,Informer,1,val
2019-10-22,GLD,-5.9923134,0.0024978789,-5.4358974,0.004357323,Informer,1,val
2019-10-22,TLT,-5.4883795,0.004134539,-5.432232,0.004373324,Informer,1,val
2019-10-23,GLD,-5.6914277,0.0033747714,-5.4693027,0.00421417,Informer,1,val
2019-10-23,TLT,-5.1599793,0.0057418183,-5.4435406,0.004324146,Informer,1,val
2019-10-24,GLD,-5.142632,0.0058422927,-5.51017,0.00404542,Informer,1,val
2019-10-24,TLT,-5.4239883,0.0044095246,-5.4732265,0.0041976664,Informer,1,val
2019-10-25,GLD,-5.7096963,0.0033136788,-5.5369997,0.003938325,Informer,1,val
2019-10-25,TLT,-5.924903,0.0026720671,-5.5619383,0.0038413235,Informer,1,val
2019-10-28,GLD,-5.4868135,0.0041410183,-5.4909897,0.004123761,Informer,1,val
2019-10-28,TLT,-5.927105,0.0026661896,-5.538541,0.0039322604,Informer,1,val
2019-10-29,GLD,-4.933032,0.0072046253,-5.4090247,0.0044760033,Informer,1,val
2019-10-29,TLT,-5.3490424,0.0047526998,-5.5104866,0.004044139,Informer,1,val
2019-10-30,GLD,-5.6679235,0.0034550324,-5.348234,0.004756543,Informer,1,val
2019-10-30,TLT,-5.241286,0.005293446,-5.450242,0.004295265,Informer,1,val
2019-10-31,GLD,-5.4858165,0.004145149,-5.3502693,0.0047468725,Informer,1,val
2019-10-31,TLT,-4.90505,0.007409074,-5.294429,0.0050194804,Informer,1,val
2019-11-01,GLD,-5.654915,0.0035002711,-5.5374064,0.003936724,Informer,1,val
2019-11-01,TLT,-5.849763,0.0028805821,-5.4797363,0.004170429,Informer,1,val
2019-11-04,GLD,-4.9990525,0.006744334,-5.5240993,0.0039894604,Informer,1,val
2019-11-04,TLT,-5.6134176,0.0036485787,-5.5110064,0.0040420378,Informer,1,val
2019-11-05,GLD,-5.599289,0.003700494,-5.416002,0.0044448827,Informer,1,val
2019-11-05,TLT,-5.20579,0.0054847156,-5.379859,0.004608472,Informer,1,val
2019-11-06,GLD,-4.5681124,0.01037753,-5.3954487,0.0045371843,Informer,1,val
2019-11-06,TLT,-4.6943593,0.009146726,-5.302253,0.0049803616,Informer,1,val
2019-11-07,GLD,-5.3882036,0.004570176,-5.397092,0.004529735,Informer,1,val
2019-11-07,TLT,-5.114146,0.006011108,-5.3762646,0.004625066,Informer,1,val
2019-11-08,GLD,-5.0356708,0.0065018353,-5.515936,0.0040221615,Informer,1,val
2019-11-08,TLT,-5.6498523,0.0035180363,-5.4698067,0.0042120465,Informer,1,val
2019-11-11,GLD,-4.9616795,0.0070011597,-5.4237723,0.0044104774,Informer,1,val
2019-11-11,TLT,-5.140452,0.005855043,-5.460438,0.004251694,Informer,1,val
2019-11-12,GLD,-5.8567247,0.0028605976,-5.3230305,0.0048779487,Informer,1,val
2019-11-12,TLT,-5.56232,0.0038398567,-5.3526073,0.0047357874,Informer,1,val
2019-11-13,GLD,-5.218924,0.0054131504,-5.4388385,0.0043445267,Informer,1,val
2019-11-13,TLT,-5.543552,0.003912605,-5.4337306,0.0043667746,Informer,1,val
2019-11-14,GLD,-6.139811,0.002155331,-5.414357,0.0044521987,Informer,1,val
2019-11-14,TLT,-5.6475234,0.003526239,-5.416086,0.0044445074,Informer,1,val
2019-11-15,GLD,-5.9190283,0.0026878107,-5.576553,0.0037855925,Informer,1,val
2019-11-15,TLT,-5.6961026,0.0033590314,-5.5631943,0.0038365019,Informer,1,val
2019-11-18,GLD,-5.6630077,0.003472058,-5.5385194,0.0039323447,Informer,1,val
2019-11-18,TLT,-5.92612,0.0026688175,-5.5065646,0.0040600314,Informer,1,val
2019-11-19,GLD,-5.4090185,0.0044760313,-5.505769,0.0040632635,Informer,1,val
2019-11-19,TLT,-5.857008,0.0028597875,-5.5108557,0.004042647,Informer,1,val
2019-11-20,GLD,-5.615006,0.003642788,-5.4380674,0.0043478776,Informer,1,val
2019-11-20,TLT,-5.3288527,0.004849631,-5.4935775,0.0041131033,Informer,1,val
2019-11-21,GLD,-5.823536,0.0029571305,-5.5193076,0.0040086224,Informer,1,val
2019-11-21,TLT,-5.843755,0.002897941,-5.492608,0.0041170926,Informer,1,val
2019-11-22,GLD,-5.7903905,0.0030567884,-5.648109,0.003524175,Informer,1,val
2019-11-22,TLT,-6.340868,0.0017627715,-5.6579533,0.003489652,Informer,1,val
2019-11-25,GLD,-5.2467628,0.005264533,-5.520886,0.0040023006,Informer,1,val
2019-11-25,TLT,-6.3406515,0.0017631531,-5.57181,0.0038035905,Informer,1,val
2019-11-26,GLD,-6.2353425,0.001958958,-5.4585676,0.004259653,Informer,1,val
2019-11-26,TLT,-6.0300136,0.0024054614,-5.576433,0.0037860456,Informer,1,val
2019-11-27,GLD,-5.482168,0.0041602994,-5.5425014,0.003916717,Informer,1,val
2019-11-27,TLT,-5.414589,0.0044511673,-5.5696445,0.0038118355,Informer,1,val
2019-11-29,GLD,-5.6674466,0.0034566803,-5.6046057,0.0036808718,Informer,1,val
2019-11-29,TLT,-5.626611,0.0036007569,-5.6204453,0.0036230276,Informer,1,val
2019-12-02,GLD,-5.7991037,0.0030302694,-5.563153,0.003836661,Informer,1,val
2019-12-02,TLT,-4.8724694,0.0076544397,-5.575605,0.0037891828,Informer,1,val
2019-12-03,GLD,-5.8956804,0.0027513036,-5.509406,0.004048511,Informer,1,val
2019-12-03,TLT,-5.1050267,0.006066177,-5.345873,0.0047677876,Informer,1,val
2019-12-04,GLD,-5.734331,0.0032330442,-5.5317497,0.003959056,Informer,1,val
2019-12-04,TLT,-5.587604,0.0037439875,-5.380846,0.004603925,Informer,1,val
2019-12-05,GLD,-6.1576567,0.0021172087,-5.5693746,0.0038128644,Informer,1,val
2019-12-05,TLT,-5.071931,0.006270301,-5.4495864,0.004298082,Informer,1,val
2019-12-06,GLD,-6.4628263,0.0015603794,-5.631981,0.0035814738,Informer,1,val
2019-12-06,TLT,-6.0790205,0.002290419,-5.4367895,0.0043534376,Informer,1,val
2019-12-09,GLD,-5.897187,0.002747161,-5.6339912,0.003574281,Informer,1,val
2019-12-09,TLT,-5.4768295,0.004182569,-5.531925,0.003958361,Informer,1,val
2019-12-10,GLD,-5.2834516,0.0050748843,-5.530712,0.003963166,Informer,1,val
2019-12-10,TLT,-5.4852285,0.004147587,-5.36285,0.0046875267,Informer,1,val
2019-12-11,GLD,-4.826388,0.008015421,-5.5488405,0.0038919672,Informer,1,val
2019-12-11,TLT,-4.4888253,0.011233832,-5.5100374,0.004045956,Informer,1,val
2019-12-12,GLD,-5.1482873,0.0058093457,-5.5084105,0.004052544,Informer,1,val
2019-12-12,TLT,-4.4709196,0.011436794,-5.4323883,0.00437264,Informer,1,val
2019-12-13,GLD,-5.838607,0.0029128978,-5.654579,0.0035014462,Informer,1,val
2019-12-13,TLT,-5.401468,0.0045099566,-5.465655,0.0042295703,Informer,1,val
2019-12-16,GLD,-6.0802917,0.0022875092,-5.6352534,0.0035697725,Informer,1,val
2019-12-16,TLT,-5.2772455,0.005106477,-5.4821687,0.0041602976,Informer,1,val
2019-12-17,GLD,-6.156195,0.0021203053,-5.576543,0.0037856305,Informer,1,val
2019-12-17,TLT,-5.354638,0.0047261794,-5.315155,0.0049165166,Informer,1,val
2019-12-18,GLD,-5.775518,0.0031025903,-5.645553,0.0035331936,Informer,1,val
2019-12-18,TLT,-5.242293,0.005288118,-5.438441,0.0043462547,Informer,1,val
2019-12-19,GLD,-5.92966,0.0026593865,-5.6499414,0.0035177227,Informer,1,val
2019-12-19,TLT,-5.7600346,0.0031510028,-5.4574385,0.0042644655,Informer,1,val
2019-12-20,GLD,-6.798318,0.0011156502,-5.7208376,0.0032769649,Informer,1,val
2019-12-20,TLT,-5.3493733,0.004751127,-5.662435,0.0034740472,Informer,1,val
2019-12-23,GLD,-5.9352846,0.00264447,-5.6624527,0.0034739857,Informer,1,val
2019-12-23,TLT,-5.4310956,0.0043782964,-5.470622,0.004208613,Informer,1,val
2019-12-24,GLD,-6.0288563,0.0024082467,-5.663453,0.003470512,Informer,1,val
2019-12-24,TLT,-5.662583,0.0034735336,-5.528309,0.0039727017,Informer,1,val
2019-12-26,GLD,-5.8914733,0.0027629032,-5.6741734,0.003433506,Informer,1,val
2019-12-26,TLT,-6.399331,0.0016626691,-5.577403,0.0037823753,Informer,1,val
2019-12-27,GLD,-6.402308,0.0016577268,-5.72312,0.0032694933,Informer,1,val
2019-12-27,TLT,-5.330857,0.0048399214,-5.6826787,0.0034044269,Informer,1,val
2019-12-30,GLD,-5.6475263,0.003526229,-5.6569667,0.0034930964,Informer,1,val
2019-12-30,TLT,-5.399666,0.0045180903,-5.507597,0.004055842,Informer,1,val
2019-12-31,GLD,-5.530519,0.0039639315,-5.521304,0.004000627,Informer,1,val
2019-12-31,TLT,-5.444122,0.0043216334,-5.3446584,0.004773582,Informer,1,val
2020-04-02,GLD,-5.049696,0.0064112823,-4.773589,0.008449998,Informer,1,test
2020-04-02,TLT,-4.6941485,0.009148654,-4.799815,0.008231268,Informer,1,test
2020-04-03,GLD,-4.598469,0.010067239,-4.8525286,0.007808608,Informer,1,test
2020-04-03,TLT,-5.0816884,0.0062094163,-4.8355093,0.007942642,Informer,1,test
2020-04-06,GLD,-4.893142,0.0074978257,-4.8159723,0.008099343,Informer,1,test
2020-04-06,TLT,-4.5598273,0.0104638655,-4.8609776,0.00774291,Informer,1,test
2020-04-07,GLD,-5.6503115,0.0035164214,-4.8130236,0.008123261,Informer,1,test
2020-04-07,TLT,-4.730807,0.008819353,-4.8277154,0.008004788,Informer,1,test
2020-04-08,GLD,-4.8268957,0.008011352,-4.834808,0.007948215,Informer,1,test
2020-04-08,TLT,-4.887317,0.007541628,-4.841282,0.007896924,Informer,1,test
2020-04-09,GLD,-4.264849,0.014053986,-4.866021,0.007703957,Informer,1,test
2020-04-09,TLT,-4.943518,0.0071294717,-4.8842115,0.0075650862,Informer,1,test
2020-04-13,GLD,-4.470276,0.011444158,-4.8790283,0.0076043997,Informer,1,test
2020-04-13,TLT,-5.2159863,0.0054290765,-4.905281,0.0074073607,Informer,1,test
2020-04-14,GLD,-4.8843555,0.007563997,-4.814499,0.008111286,Informer,1,test
2020-04-14,TLT,-5.1257124,0.005941983,-4.895393,0.007480969,Informer,1,test
2020-04-15,GLD,-4.5190334,0.010899554,-4.827487,0.0080066165,Informer,1,test
2020-04-15,TLT,-5.4071617,0.00448435,-4.9115667,0.007360947,Informer,1,test
2020-04-16,GLD,-4.904573,0.007412608,-4.842391,0.007888171,Informer,1,test
2020-04-16,TLT,-4.345111,0.012970069,-4.923254,0.007275418,Informer,1,test
2020-04-17,GLD,-5.024649,0.0065738927,-5.0034966,0.006714428,Informer,1,test
2020-04-17,TLT,-5.3171377,0.004906778,-4.954982,0.0070482087,Informer,1,test
2020-04-20,GLD,-4.7268124,0.008854652,-4.894457,0.007487975,Informer,1,test
2020-04-20,TLT,-5.268293,0.0051523987,-4.9328537,0.0072059105,Informer,1,test
2020-04-21,GLD,-5.705956,0.003326096,-4.8575087,0.007769817,Informer,1,test
2020-04-21,TLT,-4.98683,0.006827271,-4.8923774,0.0075035626,Informer,1,test
2020-04-22,GLD,-5.000521,0.0067344364,-4.906409,0.0073990123,Informer,1,test
2020-04-22,TLT,-5.2842236,0.005070968,-4.917389,0.0073182145,Informer,1,test
2020-04-23,GLD,-4.566938,0.010389725,-4.937705,0.0071710367,Informer,1,test
2020-04-23,TLT,-5.8891935,0.002769209,-4.974246,0.00691373,Informer,1,test
2020-04-24,GLD,-4.981305,0.0068650967,-4.977445,0.0068916474,Informer,1,test
2020-04-24,TLT,-5.069006,0.006288668,-5.0433416,0.0064521516,Informer,1,test
2020-04-27,GLD,-4.823631,0.008037551,-5.003943,0.006711432,Informer,1,test
2020-04-27,TLT,-5.419077,0.004431235,-5.0247865,0.0065729897,Informer,1,test
2020-04-28,GLD,-5.0063324,0.0066954144,-4.9394693,0.007158396,Informer,1,test
2020-04-28,TLT,-4.6958776,0.009132849,-5.0302935,0.006536892,Informer,1,test
2020-04-29,GLD,-4.550049,0.010566688,-4.977953,0.0068881484,Informer,1,test
2020-04-29,TLT,-4.880774,0.0075911363,-4.9964185,0.0067621223,Informer,1,test
2020-04-30,GLD,-4.6567664,0.009497123,-4.955804,0.007042417,Informer,1,test
2020-04-30,TLT,-4.982088,0.006859724,-4.993102,0.0067845853,Informer,1,test
2020-05-01,GLD,-5.385249,0.004583698,-5.004993,0.0067043887,Informer,1,test
2020-05-01,TLT,-5.327441,0.0048564808,-5.033329,0.006517079,Informer,1,test
2020-05-04,GLD,-4.9522605,0.007067415,-5.0092707,0.0066757705,Informer,1,test
2020-05-04,TLT,-5.5742407,0.0037943556,-5.0174937,0.0066211,Informer,1,test
2020-05-05,GLD,-4.878908,0.0076053133,-4.9649525,0.0069782822,Informer,1,test
2020-05-05,TLT,-4.9805794,0.006870081,-5.014035,0.006644039,Informer,1,test
2020-05-06,GLD,-4.73358,0.008794928,-5.0004044,0.006735223,Informer,1,test
2020-05-06,TLT,-4.753738,0.0086194165,-5.023403,0.006582089,Informer,1,test
2020-05-07,GLD,-4.7789035,0.00840521,-4.984564,0.006842762,Informer,1,test
2020-05-07,TLT,-4.9427004,0.007135304,-5.0320497,0.006525422,Informer,1,test
2020-05-08,GLD,-4.931478,0.00721583,-5.1088777,0.0060428614,Informer,1,test
2020-05-08,TLT,-4.7760925,0.008428871,-5.0798044,0.006221126,Informer,1,test
2020-05-11,GLD,-5.234427,0.0053298776,-5.0525684,0.0063928925,Informer,1,test
2020-05-11,TLT,-5.074414,0.006254752,-5.031808,0.0065269996,Informer,1,test
2020-05-12,GLD,-5.509342,0.00404877,-5.0145025,0.006640935,Informer,1,test
2020-05-12,TLT,-5.112266,0.0060224202,-5.019548,0.006607513,Informer,1,test
2020-05-13,GLD,-5.1853576,0.0055979346,-5.03086,0.00653319,Informer,1,test
2020-05-13,TLT,-5.3833485,0.0045924187,-4.985476,0.006836523,Informer,1,test
2020-05-14,GLD,-4.9047985,0.007410936,-5.084193,0.0061938823,Informer,1,test
2020-05-14,TLT,-4.967668,0.0069593578,-5.0220327,0.006591115,Informer,1,test
2020-05-15,GLD,-5.0284834,0.006548735,-5.1434107,0.005837745,Informer,1,test
2020-05-15,TLT,-4.721682,0.008900195,-5.054958,0.0063776355,Informer,1,test
2020-05-18,GLD,-5.2109494,0.005456491,-5.092836,0.006140581,Informer,1,test
2020-05-18,TLT,-5.8033457,0.0030174425,-5.032137,0.0065248525,Informer,1,test
2020-05-19,GLD,-5.38545,0.004582778,-5.086877,0.0061772824,Informer,1,test
2020-05-19,TLT,-4.973348,0.0069199405,-5.0238047,0.0065794466,Informer,1,test
2020-05-20,GLD,-4.775103,0.008437214,-5.0837708,0.0061964993,Informer,1,test
2020-05-20,TLT,-5.4151616,0.0044486187,-5.014385,0.006641714,Informer,1,test
2020-05-21,GLD,-5.8416705,0.0029039874,-5.1576233,0.005755362,Informer,1,test
2020-05-21,TLT,-5.6984305,0.0033512209,-5.1183577,0.005985846,Informer,1,test
2020-05-22,GLD,-5.275141,0.005117236,-5.2937937,0.0050226697,Informer,1,test
2020-05-22,TLT,-5.7464266,0.0031941745,-5.1762543,0.005649127,Informer,1,test
2020-05-26,GLD,-5.032071,0.006525282,-5.08869,0.0061660935,Informer,1,test
2020-05-26,TLT,-5.1772046,0.005643761,-5.0860844,0.00618218,Informer,1,test
2020-05-27,GLD,-5.013475,0.0066477624,-5.090866,0.006152689,Informer,1,test
2020-05-27,TLT,-5.64444,0.003537128,-5.06258,0.0063292086,Informer,1,test
2020-05-28,GLD,-5.4000015,0.004516574,-5.1411777,0.0058507957,Informer,1,test
2020-05-28,TLT,-4.997968,0.006751651,-5.113832,0.006012997,Informer,1,test
2020-05-29,GLD,-5.272263,0.0051319837,-5.1879706,0.005583326,Informer,1,test
2020-05-29,TLT,-5.7173963,0.0032882616,-5.1053357,0.0060643028,Informer,1,test
2020-06-01,GLD,-4.793157,0.008286255,-5.14904,0.0058049737,Informer,1,test
2020-06-01,TLT,-5.606705,0.0036731518,-5.1215453,0.005966795,Informer,1,test
2020-06-02,GLD,-4.739873,0.008739756,-5.081085,0.006213163,Informer,1,test
2020-06-02,TLT,-5.179313,0.0056318734,-5.079101,0.0062255026,Informer,1,test
2020-06-03,GLD,-4.720861,0.008907506,-5.098899,0.0061034635,Informer,1,test
2020-06-03,TLT,-5.3598304,0.0047017033,-5.098204,0.006107705,Informer,1,test
2020-06-04,GLD,-4.963355,0.0069894386,-5.0850153,0.0061887926,Informer,1,test
2020-06-04,TLT,-4.3953857,0.012334121,-5.1292543,0.005920974,Informer,1,test
2020-06-05,GLD,-5.2434564,0.005281969,-5.1322155,0.005903467,Informer,1,test
2020-06-05,TLT,-5.321687,0.0048845056,-5.085518,0.006185683,Informer,1,test
2020-06-08,GLD,-5.5364056,0.003940666,-5.1273937,0.005932001,Informer,1,test
2020-06-08,TLT,-5.1952853,0.0055426345,-5.14019,0.005856576,Informer,1,test
2020-06-09,GLD,-4.3937426,0.012354406,-5.096715,0.0061168075,Informer,1,test
2020-06-09,TLT,-5.237083,0.0053157406,-5.0682173,0.0062936298,Informer,1,test
2020-06-10,GLD,-4.792381,0.008292691,-5.033062,0.0065188194,Informer,1,test
2020-06-10,TLT,-5.0366335,0.006495579,-5.0815153,0.006210491,Informer,1,test
2020-06-11,GLD,-5.326498,0.0048610633,-5.0964403,0.0061184876,Informer,1,test
2020-06-11,TLT,-4.9650087,0.0069778897,-5.0838795,0.006195826,Informer,1,test
2020-06-12,GLD,-4.8438005,0.00787706,-5.0254703,0.006568497,Informer,1,test
2020-06-12,TLT,-4.9661155,0.0069701714,-5.0654745,0.0063109156,Informer,1,test
2020-06-15,GLD,-5.185347,0.0055979933,-5.0561056,0.00637032,Informer,1,test
2020-06-15,TLT,-4.50805,0.011019928,-5.027779,0.0065533486,Informer,1,test
2020-06-16,GLD,-5.8018794,0.00302187,-5.0660458,0.0063073114,Informer,1,test
2020-06-16,TLT,-5.080475,0.0062169563,-5.0015907,0.0067272373,Informer,1,test
2020-06-17,GLD,-5.56205,0.003840895,-5.120236,0.005974613,Informer,1,test
2020-06-17,TLT,-5.5990124,0.0037015176,-5.012636,0.0066533405,Informer,1,test
2020-06-18,GLD,-5.6382585,0.0035590613,-5.21495,0.005434705,Informer,1,test
2020-06-18,TLT,-5.4150457,0.004449134,-5.097951,0.006109252,Informer,1,test
2020-06-19,GLD,-5.175512,0.0056533227,-5.3568125,0.0047159144,Informer,1,test
2020-06-19,TLT,-5.2876806,0.0050534676,-5.23203,0.0053426693,Informer,1,test
2020-06-22,GLD,-5.866842,0.0028318027,-5.1726837,0.0056693335,Informer,1,test
2020-06-22,TLT,-5.50791,0.0040545734,-5.1074653,0.006051402,Informer,1,test
2020-06-23,GLD,-5.0300717,0.0065383418,-5.200175,0.0055156,Informer,1,test
2020-06-23,TLT,-5.5961337,0.0037121885,-5.1317086,0.00590646,Informer,1,test
2020-06-24,GLD,-5.749009,0.003185936,-5.153864,0.0057770396,Informer,1,test
2020-06-24,TLT,-5.7794538,0.003090403,-5.1494827,0.0058024055,Informer,1,test
2020-06-25,GLD,-4.853507,0.007800971,-5.222353,0.005394621,Informer,1,test
2020-06-25,TLT,-5.7712326,0.0031159145,-5.2008967,0.0055116196,Informer,1,test
2020-06-26,GLD,-5.94447,0.002620291,-5.210211,0.0054605226,Informer,1,test
2020-06-26,TLT,-5.5750666,0.0037912233,-5.263581,0.0051767346,Informer,1,test
2020-06-29,GLD,-5.0337906,0.0065140715,-5.238065,0.005310524,Informer,1,test
2020-06-29,TLT,-5.1088667,0.0060429275,-5.2022085,0.0055043944,Informer,1,test
2020-06-30,GLD,-4.941985,0.0071404097,-5.04881,0.0064169653,Informer,1,test
2020-06-30,TLT,-5.1736584,0.0056638108,-5.0966816,0.0061170114,Informer,1,test
2020-07-01,GLD,-5.453357,0.004281905,-5.191393,0.005564251,Informer,1,test
2020-07-01,TLT,-5.193151,0.005554477,-5.1891317,0.0055768467,Informer,1,test
2020-07-02,GLD,-5.7108965,0.0033097041,-5.263915,0.0051750047,Informer,1,test
2020-07-02,TLT,-5.2884264,0.0050497004,-5.2365036,0.005318821,Informer,1,test
2020-07-06,GLD,-5.6477904,0.0035252976,-5.284103,0.00507158,Informer,1,test
2020-07-06,TLT,-5.0757947,0.0062461207,-5.239107,0.0053049913,Informer,1,test
2020-07-07,GLD,-5.4251466,0.0044044205,-5.2883234,0.0050502205,Informer,1,test
2020-07-07,TLT,-5.380035,0.004607661,-5.2285843,0.0053611095,Informer,1,test
2020-07-08,GLD,-4.9476633,0.00709998,-5.264042,0.005174348,Informer,1,test
2020-07-08,TLT,-4.869563,0.0076767183,-5.219239,0.005411444,Informer,1,test
2020-07-09,GLD,-5.1193743,0.0059797633,-5.282482,0.0050798063,Informer,1,test
2020-07-09,TLT,-5.077408,0.006236053,-5.2291822,0.005357905,Informer,1,test
2020-07-10,GLD,-5.493268,0.0041143764,-5.3249907,0.004868396,Informer,1,test
2020-07-10,TLT,-5.2486844,0.0052544265,-5.2704153,0.005141475,Informer,1,test
2020-07-13,GLD,-5.6016374,0.003691814,-5.2893496,0.0050450405,Informer,1,test
2020-07-13,TLT,-5.555978,0.003864288,-5.2283797,0.0053622066,Informer,1,test
2020-07-14,GLD,-5.673638,0.0034353451,-5.2584767,0.0052032247,Informer,1,test
2020-07-14,TLT,-5.405277,0.004492811,-5.2019424,0.0055058594,Informer,1,test
2020-07-15,GLD,-5.5107408,0.004043111,-5.302056,0.0049813427,Informer,1,test
2020-07-15,TLT,-5.837627,0.0029157538,-5.2351627,0.0053259577,Informer,1,test
2020-07-16,GLD,-5.927084,0.0026662454,-5.3547583,0.004725612,Informer,1,test
2020-07-16,TLT,-5.6573124,0.0034918892,-5.317562,0.0049046963,Informer,1,test
2020-07-17,GLD,-5.729351,0.0032491852,-5.4762497,0.0041849953,Informer,1,test
2020-07-17,TLT,-5.7267566,0.003257626,-5.423296,0.004412579,Informer,1,test
2020-07-20,GLD,-5.6677904,0.003455492,-5.365059,0.004677185,Informer,1,test
2020-07-20,TLT,-5.913341,0.0027031405,-5.356263,0.0047185053,Informer,1,test
2020-07-21,GLD,-5.1359234,0.005881618,-5.3488216,0.0047537494,Informer,1,test
2020-07-21,TLT,-5.9021916,0.0027334476,-5.3513956,0.004741529,Informer,1,test
2020-07-22,GLD,-4.562474,0.01043621,-5.3035684,0.004973814,Informer,1,test
2020-07-22,TLT,-5.299126,0.004995958,-5.353804,0.0047301226,Informer,1,test
2020-07-23,GLD,-5.661268,0.003478103,-5.2893186,0.005045197,Informer,1,test
2020-07-23,TLT,-5.663839,0.0034691736,-5.3660603,0.0046725036,Informer,1,test
2020-07-24,GLD,-5.323396,0.004876165,-5.4188004,0.0044324608,Informer,1,test
2020-07-24,TLT,-5.649796,0.0035182345,-5.4011497,0.004511391,Informer,1,test
2020-07-27,GLD,-4.6801734,0.009277405,-5.324106,0.0048727044,Informer,1,test
2020-07-27,TLT,-5.9334345,0.002649367,-5.3556204,0.0047215396,Informer,1,test
2020-07-28,GLD,-4.276737,0.013887902,-5.298107,0.0050010514,Informer,1,test
2020-07-28,TLT,-5.1376166,0.0058716675,-5.3602695,0.004699639,Informer,1,test
2020-07-29,GLD,-4.7770543,0.008420767,-5.190756,0.005567797,Informer,1,test
2020-07-29,TLT,-6.166991,0.0020975375,-5.317913,0.004902975,Informer,1,test
2020-07-30,GLD,-5.261128,0.005189448,-5.2852635,0.005065697,Informer,1,test
2020-07-30,TLT,-5.206268,0.0054820958,-5.4035635,0.004500515,Informer,1,test
2020-07-31,GLD,-5.138394,0.0058671054,-5.137576,0.0058719055,Informer,1,test
2020-07-31,TLT,-5.693556,0.003367597,-5.3107615,0.004938165,Informer,1,test
2020-08-03,GLD,-4.6026034,0.010025701,-5.2845793,0.0050691646,Informer,1,test
2020-08-03,TLT,-6.063897,0.002325321,-5.387803,0.004572007,Informer,1,test
2020-08-04,GLD,-4.6886873,0.009198753,-5.234583,0.005329047,Informer,1,test
2020-08-04,TLT,-5.6224236,0.0036158669,-5.3824544,0.0045965263,Informer,1,test
2020-08-05,GLD,-4.9565797,0.007036955,-5.2037864,0.0054957164,Informer,1,test
2020-08-05,TLT,-5.0214477,0.0065949727,-5.376009,0.0046262485,Informer,1,test
2020-08-06,GLD,-4.428392,0.011933665,-5.243026,0.0052842437,Informer,1,test
2020-08-06,TLT,-5.0975113,0.0061119385,-5.374221,0.0046345284,Informer,1,test
2020-08-07,GLD,-4.569493,0.010363215,-5.294841,0.005017413,Informer,1,test
2020-08-07,TLT,-5.87119,0.002819516,-5.4216976,0.0044196374,Informer,1,test
2020-08-10,GLD,-4.3718786,0.012627496,-5.169631,0.005686667,Informer,1,test
2020-08-10,TLT,-4.986971,0.006826311,-5.3948135,0.0045400667,Informer,1,test
2020-08-11,GLD,-4.5765543,0.010290292,-5.069992,0.00628247,Informer,1,test
2020-08-11,TLT,-5.3827777,0.004595041,-5.339221,0.004799608,Informer,1,test
2020-08-12,GLD,-4.4734054,0.0114084,-4.892931,0.0074994094,Informer,1,test
2020-08-12,TLT,-4.7435894,0.008707336,-5.3627214,0.00468813,Informer,1,test
2020-08-13,GLD,-4.8188314,0.008076219,-5.0293517,0.006543051,Informer,1,test
2020-08-13,TLT,-5.642458,0.0035441464,-5.350094,0.0047477055,Informer,1,test
2020-08-14,GLD,-5.0246425,0.0065739364,-5.1246386,0.005948367,Informer,1,test
2020-08-14,TLT,-5.472201,0.004201974,-5.4505157,0.0042940895,Informer,1,test
2020-08-17,GLD,-4.280917,0.013829972,-5.032817,0.0065204175,Informer,1,test
2020-08-17,TLT,-5.8112583,0.0029936607,-5.398385,0.004523881,Informer,1,test
2020-08-18,GLD,-4.2447686,0.014339051,-4.9846253,0.0068423413,Informer,1,test
2020-08-18,TLT,-4.8582435,0.00776411,-5.399726,0.0045178193,Informer,1,test
2020-08-19,GLD,-4.9108715,0.007366066,-5.0304036,0.006536172,Informer,1,test
2020-08-19,TLT,-5.807516,0.0030048846,-5.3408895,0.0047916067,Informer,1,test
2020-08-20,GLD,-4.6992874,0.009101761,-4.9766665,0.006897016,Informer,1,test
2020-08-20,TLT,-5.221528,0.0053990725,-5.41728,0.004439204,Informer,1,test
2020-08-21,GLD,-5.154483,0.005773465,-5.1810374,0.005622171,Informer,1,test
2020-08-21,TLT,-5.4069986,0.0044850814,-5.465747,0.004229181,Informer,1,test
2020-08-24,GLD,-5.1277976,0.0059296056,-5.1087804,0.006043449,Informer,1,test
2020-08-24,TLT,-5.2420626,0.0052893357,-5.391795,0.004553791,Informer,1,test
2020-08-25,GLD,-4.8576307,0.0077688685,-5.119741,0.005977571,Informer,1,test
2020-08-25,TLT,-5.3965936,0.0045319926,-5.356556,0.004717124,Informer,1,test
2020-08-26,GLD,-3.9881651,0.01853369,-5.1305194,0.005913488,Informer,1,test
2020-08-26,TLT,-4.769541,0.008484275,-5.3706346,0.004651179,Informer,1,test
2020-08-27,GLD,-4.8870664,0.00754352,-5.1165137,0.005996893,Informer,1,test
2020-08-27,TLT,-5.176074,0.0056501455,-5.3470926,0.0047619757,Informer,1,test
2020-08-28,GLD,-5.3436646,0.004778328,-5.2100077,0.005461632,Informer,1,test
2020-08-28,TLT,-4.961702,0.007001003,-5.389071,0.0045662136,Informer,1,test
2020-08-31,GLD,-4.8554153,0.007786099,-5.0967994,0.006116291,Informer,1,test
2020-08-31,TLT,-4.6380105,0.0096769305,-5.281502,0.005084789,Informer,1,test
2020-09-01,GLD,-4.7925158,0.008291571,-5.13601,0.0058811074,Informer,1,test
2020-09-01,TLT,-5.258924,0.005200898,-5.2793713,0.0050956337,Informer,1,test
2020-09-02,GLD,-4.808996,0.008156043,-5.1562567,0.005763233,Informer,1,test
2020-09-02,TLT,-4.8751664,0.007633824,-5.321435,0.004885738,Informer,1,test
2020-09-03,GLD,-4.873314,0.0076479786,-5.122098,0.0059634987,Informer,1,test
2020-09-03,TLT,-4.91012,0.0073716035,-5.294543,0.0050189085,Informer,1,test
2020-09-04,GLD,-4.4983664,0.01112716,-5.11858,0.005984516,Informer,1,test
2020-09-04,TLT,-5.102385,0.006082223,-5.3138285,0.004923043,Informer,1,test
2020-09-08,GLD,-5.6491976,0.0035203404,-5.0675163,0.006298043,Informer,1,test
2020-09-08,TLT,-5.1214023,0.0059676487,-5.1870723,0.005588344,Informer,1,test
2020-09-09,GLD,-4.956275,0.0070391,-5.1149282,0.006006409,Informer,1,test
2020-09-09,TLT,-4.7994766,0.008234056,-5.2036448,0.0054964945,Informer,1,test
2020-09-10,GLD,-5.2073135,0.005476366,-5.129414,0.0059200283,Informer,1,test
2020-09-10,TLT,-6.2105145,0.0020082039,-5.242913,0.0052848407,Informer,1,test
2020-09-11,GLD,-5.7052402,0.0033284777,-5.2339253,0.005332552,Informer,1,test
2020-09-11,TLT,-5.6709356,0.003444641,-5.370391,0.0046523125,Informer,1,test
2020-09-14,GLD,-5.1492333,0.005803853,-5.245256,0.0052724723,Informer,1,test
2020-09-14,TLT,-5.8413057,0.002905047,-5.324006,0.004873192,Informer,1,test
2020-09-15,GLD,-5.206717,0.005479634,-5.2017555,0.0055068885,Informer,1,test
2020-09-15,TLT,-4.9801617,0.0068729515,-5.362447,0.0046894182,Informer,1,test
2020-09-16,GLD,-5.2700834,0.0051431814,-5.2235107,0.0053883786,Informer,1,test
2020-09-16,TLT,-5.5438304,0.003911515,-5.3283663,0.0048519904,Informer,1,test
2020-09-17,GLD,-5.1896076,0.005574194,-5.274724,0.0051193694,Informer,1,test
2020-09-17,TLT,-5.7605567,0.0031493579,-5.388999,0.0045665423,Informer,1,test
2020-09-18,GLD,-4.2702417,0.013978404,-5.3801208,0.0046072653,Informer,1,test
2020-09-18,TLT,-5.2822394,0.0050810394,-5.497507,0.0040969723,Informer,1,test
2020-09-21,GLD,-5.0007977,0.0067325737,-5.1970696,0.0055327537,Informer,1,test
2020-09-21,TLT,-5.4498286,0.004297041,-5.362139,0.0046908604,Informer,1,test
2020-09-22,GLD,-4.5958223,0.010093917,-5.152199,0.005786667,Informer,1,test
2020-09-22,TLT,-5.410424,0.0044697435,-5.351844,0.004739404,Informer,1,test
2020-09-23,GLD,-4.6871676,0.009212743,-5.094245,0.006131935,Informer,1,test
2020-09-23,TLT,-6.185992,0.0020580594,-5.324171,0.004872388,Informer,1,test
2020-09-24,GLD,-5.2231827,0.0053901467,-5.1245155,0.0059490986,Informer,1,test
2020-09-24,TLT,-5.7954903,0.003041239,-5.4147167,0.0044505983,Informer,1,test
2020-09-25,GLD,-5.084112,0.0061943843,-5.192787,0.005556498,Informer,1,test
2020-09-25,TLT,-6.156496,0.0021196676,-5.434265,0.004364441,Informer,1,test
2020-09-28,GLD,-5.464218,0.0042356513,-5.1650257,0.005712916,Informer,1,test
2020-09-28,TLT,-5.8389015,0.0029120396,-5.428336,0.004390395,Informer,1,test
2020-09-29,GLD,-4.8952384,0.0074821254,-5.188306,0.0055814544,Informer,1,test
2020-09-29,TLT,-5.1822333,0.0056154514,-5.3761864,0.004625428,Informer,1,test
2020-09-30,GLD,-5.1542454,0.005774836,-5.0227375,0.0065864716,Informer,1,test
2020-09-30,TLT,-5.0614104,0.006336616,-5.2208014,0.0054029976,Informer,1,test
2020-10-01,GLD,-5.4170732,0.0044401227,-5.2108827,0.005456855,Informer,1,test
2020-10-01,TLT,-5.1893177,0.00557581,-5.3256454,0.0048652096,Informer,1,test
2020-10-02,GLD,-5.361632,0.0046932413,-5.266736,0.0051604267,Informer,1,test
2020-10-02,TLT,-5.700733,0.0033435132,-5.3758163,0.00462714,Informer,1,test
2020-10-05,GLD,-4.7580614,0.008582231,-5.2206244,0.0054039536,Informer,1,test
2020-10-05,TLT,-4.4848547,0.011278526,-5.3420944,0.0047858367,Informer,1,test
2020-10-06,GLD,-5.53903,0.0039303373,-5.121909,0.0059646247,Informer,1,test
2020-10-06,TLT,-4.9893394,0.006810162,-5.065361,0.0063116318,Informer,1,test
2020-10-07,GLD,-4.962647,0.0069943895,-5.1534863,0.0057792217,Informer,1,test
2020-10-07,TLT,-5.974686,0.0025423,-5.1558867,0.005765366,Informer,1,test
2020-10-08,GLD,-5.6292877,0.0035911324,-5.178237,0.0056379377,Informer,1,test
2020-10-08,TLT,-5.1028404,0.006079454,-5.258775,0.0052016717,Informer,1,test
2020-10-09,GLD,-5.9887414,0.0025068172,-5.308859,0.004947569,Informer,1,test
2020-10-09,TLT,-6.0218954,0.0024250688,-5.260188,0.0051943273,Informer,1,test
2020-10-12,GLD,-5.260244,0.0051940377,-5.2753468,0.0051161824,Informer,1,test
2020-10-12,TLT,-6.242975,0.0019440629,-5.342928,0.004781849,Informer,1,test
2020-10-13,GLD,-5.433545,0.004367585,-5.16413,0.005718034,Informer,1,test
2020-10-13,TLT,-5.713717,0.0033003823,-5.320188,0.0048918338,Informer,1,test
2020-10-14,GLD,-5.3985653,0.0045230654,-5.124191,0.005951031,Informer,1,test
2020-10-14,TLT,-5.3092694,0.0049455385,-5.2516503,0.0052388655,Informer,1,test
2020-10-15,GLD,-5.6680293,0.0034546666,-5.1474504,0.0058142096,Informer,1,test
2020-10-15,TLT,-5.252855,0.005232559,-5.3026543,0.0049783625,Informer,1,test
2020-10-16,GLD,-5.957772,0.002585667,-5.3489895,0.0047529517,Informer,1,test
2020-10-16,TLT,-5.533781,0.003951022,-5.4232635,0.004412722,Informer,1,test
2020-10-19,GLD,-5.153153,0.0057811486,-5.2440906,0.00527862,Informer,1,test
2020-10-19,TLT,-5.507821,0.0040549333,-5.2723513,0.0051315306,Informer,1,test
2020-10-20,GLD,-5.472477,0.004200814,-5.118345,0.0059859226,Informer,1,test
2020-10-20,TLT,-5.4178,0.004436897,-5.17293,0.005667939,Informer,1,test
2020-10-21,GLD,-5.260992,0.005190153,-5.170868,0.005679637,Informer,1,test
2020-10-21,TLT,-5.183711,0.0056071593,-5.1483755,0.0058088335,Informer,1,test
2020-10-22,GLD,-5.2054462,0.0054866015,-5.2116666,0.005452579,Informer,1,test
2020-10-22,TLT,-5.3968897,0.0045306506,-5.208458,0.005470102,Informer,1,test
2020-10-23,GLD,-5.634155,0.0035736964,-5.236335,0.005319719,Informer,1,test
2020-10-23,TLT,-5.437205,0.00435163,-5.265531,0.0051666484,Informer,1,test
2020-10-26,GLD,-5.6631327,0.0034716243,-5.218068,0.0054177856,Informer,1,test
2020-10-26,TLT,-5.712656,0.0033038857,-5.1951303,0.0055434937,Informer,1,test
2020-10-27,GLD,-5.1945515,0.0055467035,-5.127103,0.0059337267,Informer,1,test
2020-10-27,TLT,-5.3228793,0.0048786863,-5.082866,0.0062021073,Informer,1,test
2020-10-28,GLD,-5.2778134,0.005103578,-5.0874114,0.0061739814,Informer,1,test
2020-10-28,TLT,-4.77583,0.008431085,-5.0545073,0.00638051,Informer,1,test
2020-10-29,GLD,-5.410629,0.0044688294,-5.0534625,0.0063871793,Informer,1,test
2020-10-29,TLT,-5.2032876,0.005498458,-4.963565,0.006987972,Informer,1,test
2020-10-30,GLD,-5.8960695,0.0027502333,-5.138425,0.0058669234,Informer,1,test
2020-10-30,TLT,-5.5723763,0.0038014366,-5.0354385,0.0065033454,Informer,1,test
2020-11-02,GLD,-5.447208,0.004308317,-5.142293,0.0058442736,Informer,1,test
2020-11-02,TLT,-5.4839187,0.0041530235,-5.0006943,0.006733271,Informer,1,test
2020-11-03,GLD,-5.107459,0.00605144,-5.065636,0.0063098953,Informer,1,test
2020-11-03,TLT,-4.989394,0.0068097888,-5.021885,0.0065920893,Informer,1,test
2020-11-04,GLD,-5.0932612,0.00613797,-5.0442085,0.006446561,Informer,1,test
2020-11-04,TLT,-5.3034735,0.0049742856,-4.990801,0.006800216,Informer,1,test
2020-11-05,GLD,-5.272155,0.005132539,-5.1659336,0.0057077315,Informer,1,test
2020-11-05,TLT,-5.456422,0.0042688027,-5.103629,0.006074661,Informer,1,test
2020-11-06,GLD,-4.574159,0.010314969,-5.2546844,0.0052229944,Informer,1,test
2020-11-06,TLT,-4.975146,0.0069075115,-5.199786,0.005517744,Informer,1,test
2020-11-09,GLD,-5.738885,0.003218355,-5.1217494,0.0059655774,Informer,1,test
2020-11-09,TLT,-5.377165,0.0046209046,-5.102132,0.006083763,Informer,1,test
2020-11-10,GLD,-5.707323,0.0033215522,-4.999771,0.0067394893,Informer,1,test
2020-11-10,TLT,-5.681121,0.0034097345,-5.004532,0.0067074806,Informer,1,test
2020-11-11,GLD,-5.5942245,0.0037192828,-5.0521603,0.0063955025,Informer,1,test
2020-11-11,TLT,-5.283605,0.005074105,-5.0773954,0.0062361304,Informer,1,test
2020-11-12,GLD,-5.677586,0.0034218084,-5.1430225,0.0058400114,Informer,1,test
2020-11-12,TLT,-5.9845524,0.0025173402,-5.174135,0.0056611104,Informer,1,test
2020-11-13,GLD,-5.487989,0.004136154,-5.245128,0.005273146,Informer,1,test
2020-11-13,TLT,-5.8114605,0.0029930556,-5.259183,0.0051995516,Informer,1,test
2020-11-16,GLD,-5.3572855,0.004713684,-5.178467,0.0056366418,Informer,1,test
2020-11-16,TLT,-5.9787035,0.002532107,-5.190315,0.0055702534,Informer,1,test
2020-11-17,GLD,-5.2180004,0.0054181525,-5.2340684,0.005331789,Informer,1,test
2020-11-17,TLT,-5.223889,0.0053863414,-5.2509947,0.0052423016,Informer,1,test
2020-11-18,GLD,-5.825799,0.0029504457,-5.18801,0.005583105,Informer,1,test
2020-11-18,TLT,-5.5585785,0.0038542515,-5.187722,0.005584713,Informer,1,test
2020-11-19,GLD,-5.866488,0.0028328048,-5.2738285,0.0051239557,Informer,1,test
2020-11-19,TLT,-5.6992526,0.0033484672,-5.262415,0.0051827733,Informer,1,test
2020-11-20,GLD,-4.6396675,0.009660909,-5.4384313,0.004346296,Informer,1,test
2020-11-20,TLT,-5.7701035,0.0031194347,-5.4486313,0.004302189,Informer,1,test
2020-11-23,GLD,-5.713849,0.0032999464,-5.2432537,0.0052830395,Informer,1,test
2020-11-23,TLT,-5.764237,0.0031377887,-5.2855606,0.005064192,Informer,1,test
2020-11-24,GLD,-5.2898946,0.0050422917,-5.2280765,0.005363833,Informer,1,test
2020-11-24,TLT,-5.244579,0.0052760434,-5.2455726,0.005270803,Informer,1,test
2020-11-25,GLD,-5.822214,0.0029610419,-5.1679225,0.0056963908,Informer,1,test
2020-11-25,TLT,-6.2553754,0.0019201051,-5.1923323,0.0055590267,Informer,1,test
2020-11-27,GLD,-5.1264954,0.0059373323,-5.387376,0.0045739603,Informer,1,test
2020-11-27,TLT,-5.684076,0.0033996736,-5.4220943,0.004417884,Informer,1,test
2020-11-30,GLD,-5.367664,0.0046650167,-5.126643,0.0059364545,Informer,1,test
2020-11-30,TLT,-4.7961245,0.008261704,-5.16156,0.005732749,Informer,1,test
2020-12-01,GLD,-5.146274,0.005821053,-5.2640676,0.005174215,Informer,1,test
2020-12-01,TLT,-5.1046047,0.0060687372,-5.216256,0.0054276115,Informer,1,test
2020-12-02,GLD,-4.9264183,0.007252433,-5.2314234,0.005345911,Informer,1,test
2020-12-02,TLT,-5.2780514,0.005102364,-5.2138395,0.0054407436,Informer,1,test
2020-12-03,GLD,-4.9766254,0.0068972986,-5.229271,0.00535743,Informer,1,test
2020-12-03,TLT,-5.4699693,0.0042113615,-5.2085223,0.00546975,Informer,1,test
2020-12-04,GLD,-4.874996,0.0076351236,-5.226922,0.005370029,Informer,1,test
2020-12-04,TLT,-5.808386,0.0030022722,-5.300082,0.0049911835,Informer,1,test
2020-12-07,GLD,-5.322624,0.004879931,-5.169772,0.005685864,Informer,1,test
2020-12-07,TLT,-5.573925,0.0037955535,-5.2563324,0.005214394,Informer,1,test
2020-12-08,GLD,-4.578091,0.01027449,-5.1891146,0.0055769426,Informer,1,test
2020-12-08,TLT,-5.147321,0.0058149607,-5.2308025,0.0053492305,Informer,1,test
2020-12-09,GLD,-4.9285007,0.0072373464,-5.1340876,0.0058924253,Informer,1,test
2020-12-09,TLT,-5.2359376,0.0053218324,-5.1953516,0.005542267,Informer,1,test
2020-12-10,GLD,-5.323083,0.004877693,-5.132069,0.0059043313,Informer,1,test
2020-12-10,TLT,-5.351803,0.004739599,-5.20326,0.00549861,Informer,1,test
2020-12-11,GLD,-5.036996,0.006493225,-5.265112,0.0051688147,Informer,1,test
2020-12-11,TLT,-5.074267,0.006255671,-5.303974,0.0049717957,Informer,1,test
2020-12-14,GLD,-5.721481,0.0032748578,-5.1732664,0.005666031,Informer,1,test
2020-12-14,TLT,-5.3313847,0.004837367,-5.2147455,0.0054358165,Informer,1,test
2020-12-15,GLD,-4.8730273,0.0076501705,-5.2247734,0.005381579,Informer,1,test
2020-12-15,TLT,-5.1226006,0.005960502,-5.157385,0.0057567344,Informer,1,test
2020-12-16,GLD,-5.3101125,0.004941371,-5.1749434,0.0056565367,Informer,1,test
2020-12-16,TLT,-4.8989835,0.0074541564,-5.156311,0.00576292,Informer,1,test
2020-12-17,GLD,-5.6704583,0.0034462854,-5.286236,0.0050607743,Informer,1,test
2020-12-17,TLT,-5.423112,0.004413391,-5.17801,0.0056392173,Informer,1,test
2020-12-18,GLD,-5.402627,0.0045047314,-5.479024,0.0041734013,Informer,1,test
2020-12-18,TLT,-5.5500565,0.0038872377,-5.470906,0.004207419,Informer,1,test
2020-12-21,GLD,-5.2360487,0.005321241,-5.3037605,0.0049728584,Informer,1,test
2020-12-21,TLT,-5.72157,0.0032745658,-5.2651215,0.0051687653,Informer,1,test
2020-12-22,GLD,-5.4727473,0.0041996785,-5.225154,0.005379532,Informer,1,test
2020-12-22,TLT,-5.1905284,0.0055690636,-5.240679,0.00529666,Informer,1,test
2020-12-23,GLD,-6.219561,0.0019901185,-5.222857,0.0053919023,Informer,1,test
2020-12-23,TLT,-6.1634927,0.0021048887,-5.198759,0.0055234144,Informer,1,test
2020-12-24,GLD,-4.918977,0.0073066032,-5.3975186,0.004527802,Informer,1,test
2020-12-24,TLT,-5.362255,0.004690317,-5.3677635,0.004664552,Informer,1,test
2020-12-28,GLD,-5.1840916,0.005605026,-5.3413515,0.0047893934,Informer,1,test
2020-12-28,TLT,-5.85176,0.0028748352,-5.256993,0.0052109514,Informer,1,test
2020-12-29,GLD,-5.966892,0.002562193,-5.312481,0.0049296813,Informer,1,test
2020-12-29,TLT,-5.9066978,0.002721158,-5.318349,0.0049008387,Informer,1,test
2020-12-30,GLD,-5.479159,0.0041728383,-5.3152275,0.0049161604,Informer,1,test
2020-12-30,TLT,-5.9463964,0.002615248,-5.275533,0.0051152287,Informer,1,test
2020-12-31,GLD,-5.2087965,0.0054682507,-5.238432,0.0053085745,Informer,1,test
2020-12-31,TLT,-5.0334325,0.006516405,-5.2178993,0.0054187,Informer,1,test
2021-01-04,GLD,-5.2240977,0.005385217,-5.356654,0.004716661,Informer,1,test
2021-01-04,TLT,-5.22823,0.0053630094,-5.2558703,0.005216804,Informer,1,test
2021-01-05,GLD,-4.4283476,0.011934194,-5.2303762,0.0053515113,Informer,1,test
2021-01-05,TLT,-5.006744,0.0066926596,-5.223138,0.0053903884,Informer,1,test
2021-01-06,GLD,-5.4739037,0.004194825,-5.1189756,0.0059821475,Informer,1,test
2021-01-06,TLT,-5.4630675,0.0042405277,-5.114461,0.0060092164,Informer,1,test
2021-01-07,GLD,-3.9836338,0.018617863,-5.209298,0.0054655084,Informer,1,test
2021-01-07,TLT,-5.10941,0.0060396465,-5.141237,0.0058504497,Informer,1,test
2021-01-08,GLD,-5.1164737,0.0059971334,-5.1388326,0.005864532,Informer,1,test
2021-01-08,TLT,-5.6950164,0.0033626822,-5.226884,0.0053702337,Informer,1,test
2021-01-11,GLD,-5.0036335,0.006713509,-5.118494,0.0059850295,Informer,1,test
2021-01-11,TLT,-5.1603584,0.005739642,-5.2714233,0.0051362948,Informer,1,test
2021-01-12,GLD,-5.179703,0.005629677,-5.0461893,0.006433804,Informer,1,test
2021-01-12,TLT,-5.1727705,0.0056688413,-5.116595,0.005996407,Informer,1,test
2021-01-13,GLD,-5.0617986,0.0063341567,-5.167078,0.0057012034,Informer,1,test
2021-01-13,TLT,-5.0227327,0.006586503,-5.1860743,0.005593924,Informer,1,test
2021-01-14,GLD,-5.1213284,0.0059680897,-5.2191005,0.0054121953,Informer,1,test
2021-01-14,TLT,-5.5579953,0.0038564997,-5.2252398,0.00537907,Informer,1,test
2021-01-15,GLD,-5.5764465,0.003785995,-5.2940006,0.0050216303,Informer,1,test
2021-01-15,TLT,-5.88809,0.0027722663,-5.310937,0.0049372986,Informer,1,test
2021-01-19,GLD,-5.182941,0.005611479,-5.2073545,0.0054761413,Informer,1,test
2021-01-19,TLT,-5.964014,0.0025695767,-5.205571,0.005485916,Informer,1,test
2021-01-20,GLD,-5.52268,0.0039951275,-5.2037435,0.005495952,Informer,1,test
2021-01-20,TLT,-5.7997465,0.0030283222,-5.263417,0.005177584,Informer,1,test
2021-01-21,GLD,-4.95639,0.007038291,-5.327867,0.004854413,Informer,1,test
2021-01-21,TLT,-5.8972125,0.0027470917,-5.352678,0.0047354535,Informer,1,test
2021-01-22,GLD,-5.013752,0.006645921,-5.4140954,0.0044533643,Informer,1,test
2021-01-22,TLT,-5.762949,0.0031418328,-5.532922,0.003954418,Informer,1,test
2021-01-25,GLD,-5.7556233,0.003164933,-5.2155666,0.005431355,Informer,1,test
2021-01-25,TLT,-5.8345776,0.0029246586,-5.3616242,0.0046932767,Informer,1,test
2021-01-26,GLD,-4.896005,0.0074763903,-5.2515945,0.0052391575,Informer,1,test
2021-01-26,TLT,-5.4525146,0.0042855144,-5.301404,0.0049845907,Informer,1,test
2021-01-27,GLD,-4.671956,0.009353954,-5.1854486,0.0055974247,Informer,1,test
2021-01-27,TLT,-5.1687746,0.005691539,-5.249769,0.0052487296,Informer,1,test
2021-01-28,GLD,-5.0369225,0.006493702,-5.089795,0.006159282,Informer,1,test
2021-01-28,TLT,-5.2974596,0.0050042905,-5.0941877,0.0061322856,Informer,1,test
2021-01-29,GLD,-5.5310636,0.003961773,-5.2057624,0.0054848674,Informer,1,test
2021-01-29,TLT,-5.572088,0.0038025333,-5.1942186,0.0055485503,Informer,1,test
2021-02-01,GLD,-5.5308933,0.003962448,-5.1859055,0.005594868,Informer,1,test
2021-02-01,TLT,-6.0277424,0.0024109308,-5.1237507,0.0059536505,Informer,1,test
2021-02-02,GLD,-5.5007234,0.0040838164,-5.2016177,0.0055076475,Informer,1,test
2021-02-02,TLT,-5.625557,0.003604555,-5.2172966,0.0054219672,Informer,1,test
2021-02-03,GLD,-5.418249,0.004434905,-5.203557,0.005496977,Informer,1,test
2021-02-03,TLT,-5.73436,0.00323295,-5.238669,0.005307317,Informer,1,test
2021-02-04,GLD,-5.196191,0.005537618,-5.2916117,0.005033641,Informer,1,test
2021-02-04,TLT,-5.141351,0.00584978,-5.3561916,0.004718843,Informer,1,test
2021-02-05,GLD,-5.698306,0.003351638,-5.29909,0.0049961386,Informer,1,test
2021-02-05,TLT,-5.188351,0.005581202,-5.386511,0.0045779184,Informer,1,test
2021-02-08,GLD,-5.309597,0.0049439184,-5.3377633,0.00480661,Informer,1,test
2021-02-08,TLT,-5.4172893,0.004439164,-5.3569765,0.004715141,Informer,1,test
2021-02-09,GLD,-5.3606777,0.0046977215,-5.3069067,0.0049572373,Informer,1,test
2021-02-09,TLT,-6.118376,0.0022020296,-5.3347883,0.0048209303,Informer,1,test
2021-02-10,GLD,-4.95131,0.0070741344,-5.267622,0.0051558567,Informer,1,test
2021-02-10,TLT,-5.5441575,0.003910236,-5.3735113,0.004637818,Informer,1,test
2021-02-11,GLD,-4.9360747,0.0071827373,-5.287111,0.005056348,Informer,1,test
2021-02-11,TLT,-5.432116,0.0043738307,-5.366251,0.0046716123,Informer,1,test
2021-02-12,GLD,-4.6264205,0.009789739,-5.3178844,0.004903116,Informer,1,test
2021-02-12,TLT,-5.374203,0.00463461,-5.401162,0.004511335,Informer,1,test
2021-02-16,GLD,-5.127901,0.005928992,-5.2266016,0.00537175,Informer,1,test
2021-02-16,TLT,-4.9965577,0.0067611807,-5.303508,0.004974115,Informer,1,test
2021-02-17,GLD,-5.0838385,0.00619608,-5.214445,0.00543745,Informer,1,test
2021-02-17,TLT,-5.1658897,0.005707982,-5.2169514,0.005423839,Informer,1,test
2021-02-18,GLD,-5.1872044,0.0055876058,-5.281545,0.005084568,Informer,1,test
2021-02-18,TLT,-5.054309,0.0063817757,-5.317242,0.004906266,Informer,1,test
2021-02-19,GLD,-5.182977,0.005611276,-5.438879,0.0043443507,Informer,1,test
2021-02-19,TLT,-4.6781034,0.009296629,-5.434792,0.004362142,Informer,1,test
2021-02-22,GLD,-5.1220555,0.0059637516,-5.3055573,0.004963931,Informer,1,test
2021-02-22,TLT,-5.006899,0.0066916225,-5.1715436,0.005675801,Informer,1,test
2021-02-23,GLD,-5.002344,0.006722171,-5.2411585,0.00529412,Informer,1,test
2021-02-23,TLT,-4.8593736,0.0077553405,-5.124119,0.0059514595,Informer,1,test
2021-02-24,GLD,-4.7753744,0.008434925,-5.157649,0.005755214,Informer,1,test
2021-02-24,TLT,-4.1134133,0.016351866,-5.055377,0.006374963,Informer,1,test
2021-02-25,GLD,-4.3202014,0.013297205,-5.25249,0.0052344683,Informer,1,test
2021-02-25,TLT,-4.2076664,0.014881054,-5.090152,0.0061570853,Informer,1,test
2021-02-26,GLD,-4.87679,0.007621439,-5.0733557,0.006261374,Informer,1,test
2021-02-26,TLT,-5.052646,0.0063923956,-4.98538,0.006837178,Informer,1,test
2021-03-01,GLD,-4.9295015,0.0072301063,-4.9967136,0.006760127,Informer,1,test
2021-03-01,TLT,-5.8056073,0.0030106257,-4.9384947,0.0071653766,Informer,1,test
2021-03-02,GLD,-4.6369643,0.00968706,-5.077586,0.006234941,Informer,1,test
2021-03-02,TLT,-4.9601474,0.007011894,-4.9394574,0.0071584815,Informer,1,test
2021-03-03,GLD,-4.427579,0.01194337,-5.04755,0.0064250543,Informer,1,test
2021-03-03,TLT,-4.704564,0.00905386,-4.950902,0.0070770225,Informer,1,test
2021-03-04,GLD,-5.246772,0.0052644857,-5.0201674,0.0066034216,Informer,1,test
2021-03-04,TLT,-5.1108766,0.0060307942,-4.9727335,0.0069241947,Informer,1,test
2021-03-05,GLD,-5.150733,0.005795155,-5.096713,0.006116819,Informer,1,test
2021-03-05,TLT,-5.7710233,0.0031165667,-4.968091,0.0069564153,Informer,1,test
2021-03-08,GLD,-5.617842,0.0036324707,-5.1382475,0.0058679646,Informer,1,test
2021-03-08,TLT,-5.580882,0.0037692394,-5.149069,0.0058048074,Informer,1,test
2021-03-09,GLD,-5.441109,0.004334673,-5.148871,0.005805956,Informer,1,test
2021-03-09,TLT,-5.450703,0.004293285,-5.11899,0.005982062,Informer,1,test
2021-03-10,GLD,-5.5835166,0.0037593222,-5.1666775,0.0057034874,Informer,1,test
2021-03-10,TLT,-5.3756456,0.00462793,-5.1665726,0.005704086,Informer,1,test
2021-03-11,GLD,-4.95936,0.007017417,-5.26549,0.0051668603,Informer,1,test
2021-03-11,TLT,-5.5432916,0.0039136237,-5.2506666,0.0052440213,Informer,1,test
2021-03-12,GLD,-5.324494,0.0048708157,-5.2543974,0.005224494,Informer,1,test
2021-03-12,TLT,-5.780423,0.0030874086,-5.3112736,0.0049356367,Informer,1,test
2021-03-15,GLD,-5.107993,0.0060482086,-5.258292,0.005204185,Informer,1,test
2021-03-15,TLT,-5.0634513,0.006323697,-5.23845,0.005308478,Informer,1,test
2021-03-16,GLD,-4.5481334,0.010586948,-5.196535,0.005535712,Informer,1,test
2021-03-16,TLT,-4.9325356,0.0072082025,-5.144488,0.00583146,Informer,1,test
2021-03-17,GLD,-5.2707148,0.0051399353,-5.2476273,0.005259984,Informer,1,test
2021-03-17,TLT,-5.0930862,0.006139044,-5.184851,0.00560077,Informer,1,test
2021-03-18,GLD,-5.660995,0.0034790535,-5.335475,0.0048176213,Informer,1,test
2021-03-18,TLT,-5.414771,0.0044503566,-5.2298827,0.005354153,Informer,1,test
2021-03-19,GLD,-5.7563868,0.003162518,-5.4771194,0.004181357,Informer,1,test
2021-03-19,TLT,-5.351022,0.004743302,-5.449771,0.004297289,Informer,1,test
2021-03-22,GLD,-5.7871084,0.0030668373,-5.3616443,0.004693183,Informer,1,test
2021-03-22,TLT,-5.1311355,0.005909846,-5.3189144,0.004898068,Informer,1,test
2021-03-23,GLD,-5.499117,0.0040903823,-5.3698225,0.0046549574,Informer,1,test
2021-03-23,TLT,-5.4410214,0.004335053,-5.273691,0.0051246597,Informer,1,test
2021-03-24,GLD,-4.7640185,0.0085312575,-5.332525,0.004831855,Informer,1,test
2021-03-24,TLT,-5.1590104,0.0057473844,-5.2853417,0.005065301,Informer,1,test
2021-03-25,GLD,-5.4616117,0.0042467057,-5.301796,0.0049826372,Informer,1,test
2021-03-25,TLT,-5.2666907,0.0051606605,-5.2948685,0.005017274,Informer,1,test
2021-03-26,GLD,-5.121876,0.005964824,-5.4161186,0.0044443635,Informer,1,test
2021-03-26,TLT,-4.870515,0.0076694153,-5.3999896,0.004516628,Informer,1,test
2021-03-29,GLD,-5.983486,0.0025200257,-5.3254333,0.0048662424,Informer,1,test
2021-03-29,TLT,-5.0192804,0.0066092806,-5.280728,0.0050887256,Informer,1,test
2021-03-30,GLD,-4.710384,0.009001321,-5.3628635,0.0046874643,Informer,1,test
2021-03-30,TLT,-4.9157996,0.0073298546,-5.271173,0.0051375804,Informer,1,test
2021-03-31,GLD,-5.728711,0.003251265,-5.103627,0.0060746726,Informer,1,test
2021-03-31,TLT,-5.2509384,0.0052425964,-5.156746,0.005760414,Informer,1,test
2021-04-01,GLD,-5.4550195,0.0042747934,-5.3762317,0.0046252185,Informer,1,test
2021-04-01,TLT,-5.2823644,0.0050804047,-5.390195,0.0045610843,Informer,1,test
2021-04-05,GLD,-5.823712,0.0029566102,-5.3521333,0.004738033,Informer,1,test
2021-04-05,TLT,-5.539347,0.003929091,-5.379183,0.004611589,Informer,1,test
2021-04-06,GLD,-5.6525908,0.0035084155,-5.360706,0.004697589,Informer,1,test
2021-04-06,TLT,-5.164094,0.0057182414,-5.341424,0.0047890465,Informer,1,test
2021-04-07,GLD,-6.038895,0.0023841916,-5.3648915,0.0046779676,Informer,1,test
2021-04-07,TLT,-6.059115,0.0023364678,-5.337432,0.004808203,Informer,1,test
2021-04-08,GLD,-5.356572,0.004717048,-5.470365,0.004209695,Informer,1,test
2021-04-08,TLT,-5.175926,0.0056509804,-5.5033264,0.0040732,Informer,1,test
2021-04-09,GLD,-5.53281,0.0039548595,-5.458455,0.004260132,Informer,1,test
2021-04-09,TLT,-6.113046,0.0022137968,-5.444477,0.0043200986,Informer,1,test
2021-04-12,GLD,-5.6787834,0.0034177138,-5.4324083,0.0043725525,Informer,1,test
2021-04-12,TLT,-5.4952064,0.004106409,-5.5346947,0.0039474135,Informer,1,test
2021-04-13,GLD,-5.727727,0.0032544665,-5.3665233,0.0046703406,Informer,1,test
2021-04-13,TLT,-5.6737027,0.0034351223,-5.4272385,0.0043952167,Informer,1,test
2021-04-14,GLD,-5.150159,0.0057984833,-5.436821,0.0043533007,Informer,1,test
2021-04-14,TLT,-5.0138364,0.00664536,-5.5058823,0.0040628025,Informer,1,test
2021-04-15,GLD,-5.606303,0.0036746287,-5.419774,0.004428147,Informer,1,test
2021-04-15,TLT,-5.522283,0.0039967126,-5.452881,0.0042839455,Informer,1,test
2021-04-16,GLD,-5.7878428,0.003064586,-5.5740366,0.00379513,Informer,1,test
2021-04-16,TLT,-5.564728,0.003830623,-5.634388,0.0035728633,Informer,1,test
2021-04-19,GLD,-5.522119,0.0039973683,-5.4833593,0.004155347,Informer,1,test
2021-04-19,TLT,-5.3257813,0.004864549,-5.5038447,0.004071089,Informer,1,test
2021-04-20,GLD,-5.556709,0.0038614643,-5.441274,0.0043339576,Informer,1,test
2021-04-20,TLT,-5.4914136,0.004122013,-5.4421124,0.004330326,Informer,1,test
2021-04-21,GLD,-5.4271617,0.004395554,-5.4254084,0.0044032675,Informer,1,test
2021-04-21,TLT,-5.1558447,0.005765608,-5.448907,0.0043010036,Informer,1,test
2021-04-22,GLD,-5.037932,0.00648715,-5.4551854,0.004274084,Informer,1,test
2021-04-22,TLT,-5.351108,0.0047428925,-5.4540944,0.0042787497,Informer,1,test
2021-04-23,GLD,-5.6856976,0.0033941648,-5.4733014,0.004197352,Informer,1,test
2021-04-23,TLT,-5.7860165,0.003070188,-5.57722,0.003783068,Informer,1,test
2021-04-26,GLD,-5.7495265,0.0031842883,-5.451833,0.004288438,Informer,1,test
2021-04-26,TLT,-5.2994556,0.004994312,-5.5410724,0.0039223186,Informer,1,test
2021-04-27,GLD,-5.402077,0.0045072087,-5.4389124,0.0043442054,Informer,1,test
2021-04-27,TLT,-5.352333,0.004737086,-5.489172,0.0041312636,Informer,1,test
2021-04-28,GLD,-4.924148,0.0072689163,-5.4795127,0.004171362,Informer,1,test
2021-04-28,TLT,-5.308636,0.004948671,-5.522983,0.003993916,Informer,1,test
2021-04-29,GLD,-5.7581577,0.003156922,-5.4869385,0.004140501,Informer,1,test
2021-04-29,TLT,-5.575782,0.0037885124,-5.5496993,0.0038886264,Informer,1,test
2021-04-30,GLD,-5.465381,0.0042307284,-5.433957,0.0043657855,Informer,1,test
2021-04-30,TLT,-4.972728,0.0069242343,-5.4707174,0.004208212,Informer,1,test
2021-05-03,GLD,-4.4034443,0.0122351255,-5.4793005,0.0041722474,Informer,1,test
2021-05-03,TLT,-5.286129,0.005061315,-5.49029,0.0041266466,Informer,1,test
2021-05-04,GLD,-6.3400974,0.0017641303,-5.4068694,0.004485661,Informer,1,test
2021-05-04,TLT,-5.602901,0.003687152,-5.5329075,0.003954475,Informer,1,test
2021-05-05,GLD,-5.08898,0.006164303,-5.4658566,0.004228717,Informer,1,test
2021-05-05,TLT,-5.5148687,0.004026456,-5.4937057,0.0041125757,Informer,1,test
2021-05-06,GLD,-5.055076,0.006376881,-5.414778,0.0044503245,Informer,1,test
2021-05-06,TLT,-4.876435,0.007624147,-5.5502295,0.0038865649,Informer,1,test
2021-05-07,GLD,-5.5967035,0.0037100737,-5.4875574,0.0041379393,Informer,1,test
2021-05-07,TLT,-5.0928545,0.006140467,-5.5616875,0.0038422872,Informer,1,test
2021-05-10,GLD,-5.2288613,0.0053596245,-5.4935555,0.0041131936,Informer,1,test
2021-05-10,TLT,-5.638422,0.0035584792,-5.5429897,0.003914805,Informer,1,test
2021-05-11,GLD,-5.3043876,0.0049697408,-5.372176,0.004644014,Informer,1,test
2021-05-11,TLT,-5.1729126,0.005668036,-5.4100275,0.004471517,Informer,1,test
2021-05-12,GLD,-5.7326727,0.0032384105,-5.3743887,0.0046337503,Informer,1,test
2021-05-12,TLT,-5.5706263,0.003808095,-5.377822,0.004617869,Informer,1,test
2021-05-13,GLD,-5.8856544,0.002779027,-5.335647,0.004816792,Informer,1,test
2021-05-13,TLT,-5.604187,0.0036824131,-5.3861856,0.0045794076,Informer,1,test
2021-05-14,GLD,-5.3235087,0.0048756166,-5.5479674,0.0038953668,Informer,1,test
2021-05-14,TLT,-5.778167,0.0030943828,-5.566457,0.0038240056,Informer,1,test
2021-05-17,GLD,-5.811698,0.0029923448,-5.4870596,0.0041399994,Informer,1,test
2021-05-17,TLT,-5.9572005,0.0025871445,-5.535408,0.0039445986,Informer,1,test
2021-05-18,GLD,-4.540655,0.010666416,-5.490358,0.004126367,Informer,1,test
2021-05-18,TLT,-4.7698145,0.008481953,-5.5391235,0.00392997,Informer,1,test
2021-05-19,GLD,-5.311253,0.004935738,-5.270046,0.005143373,Informer,1,test
2021-05-19,TLT,-5.612176,0.0036531116,-5.369666,0.0046556857,Informer,1,test
2021-05-20,GLD,-5.0205245,0.0066010635,-5.478709,0.004174715,Informer,1,test
2021-05-20,TLT,-5.7157044,0.0032938295,-5.5609407,0.0038451573,Informer,1,test
2021-05-21,GLD,-5.877593,0.0028015203,-5.611452,0.003655757,Informer,1,test
2021-05-21,TLT,-5.6768336,0.0034243842,-5.6706085,0.0034457678,Informer,1,test
2021-05-24,GLD,-5.4543376,0.0042777094,-5.5012865,0.004081517,Informer,1,test
2021-05-24,TLT,-5.99077,0.0025017373,-5.559393,0.0038511136,Informer,1,test
2021-05-25,GLD,-5.16746,0.0056990264,-5.522543,0.003995674,Informer,1,test
2021-05-25,TLT,-5.3068247,0.004957644,-5.5892687,0.0037377602,Informer,1,test
2021-05-26,GLD,-5.554792,0.0038688735,-5.4765153,0.004183884,Informer,1,test
2021-05-26,TLT,-5.653494,0.0035052483,-5.514657,0.0040273084,Informer,1,test
2021-05-27,GLD,-5.662819,0.0034727138,-5.55184,0.0038803115,Informer,1,test
2021-05-27,TLT,-5.3288836,0.004849481,-5.614951,0.0036429877,Informer,1,test
2021-05-28,GLD,-5.137381,0.0058730505,-5.63305,0.003577647,Informer,1,test
2021-05-28,TLT,-5.32305,0.0048778537,-5.672168,0.0034403992,Informer,1,test
2021-06-01,GLD,-5.863686,0.0028407532,-5.5486574,0.00389268,Informer,1,test
2021-06-01,TLT,-6.0335927,0.0023968674,-5.5806456,0.003770131,Informer,1,test
2021-06-02,GLD,-5.4527726,0.0042844093,-5.566866,0.0038224414,Informer,1,test
2021-06-02,TLT,-5.9831734,0.002520814,-5.618454,0.0036302493,Informer,1,test
2021-06-03,GLD,-5.687318,0.0033886698,-5.5827265,0.0037622936,Informer,1,test
2021-06-03,TLT,-5.7009706,0.0033427193,-5.6680536,0.0034545825,Informer,1,test
2021-06-04,GLD,-5.5372887,0.0039371876,-5.6032267,0.0036859512,Informer,1,test
2021-06-04,TLT,-6.2643223,0.0019030027,-5.716872,0.0032899852,Informer,1,test
2021-06-07,GLD,-5.3677464,0.004664632,-5.5563803,0.0038627333,Informer,1,test
2021-06-07,TLT,-6.1817803,0.002066745,-5.6627007,0.0034731245,Informer,1,test
2021-06-08,GLD,-5.56788,0.0038185667,-5.4552827,0.0042736684,Informer,1,test
2021-06-08,TLT,-5.4079905,0.0044806353,-5.651306,0.0035129255,Informer,1,test
2021-06-09,GLD,-5.503173,0.004073825,-5.510206,0.004045273,Informer,1,test
2021-06-09,TLT,-5.177294,0.005643258,-5.5999694,0.003697977,Informer,1,test
2021-06-10,GLD,-5.55931,0.003851433,-5.601561,0.0036920956,Informer,1,test
2021-06-10,TLT,-5.8830667,0.0027862277,-5.6399813,0.0035529349,Informer,1,test
2021-06-11,GLD,-5.0289526,0.006545663,-5.691813,0.0033734713,Informer,1,test
2021-06-11,TLT,-5.562468,0.003839289,-5.750709,0.0031805248,Informer,1,test
2021-06-14,GLD,-5.1387334,0.005865114,-5.554127,0.003871446,Informer,1,test
2021-06-14,TLT,-5.857451,0.002858521,-5.682234,0.0034059417,Informer,1,test
2021-06-15,GLD,-4.6229367,0.009823903,-5.529975,0.0039660884,Informer,1,test
2021-06-15,TLT,-4.9580555,0.007026578,-5.669227,0.003450531,Informer,1,test
2021-06-16,GLD,-4.8084354,0.008160617,-5.37024,0.0046530133,Informer,1,test
2021-06-16,TLT,-4.173463,0.015398843,-5.580839,0.003769401,Informer,1,test
2021-06-17,GLD,-5.0435157,0.006451029,-5.387496,0.004573411,Informer,1,test
2021-06-17,TLT,-4.962401,0.0069961105,-5.5355554,0.0039440175,Informer,1,test
2021-06-18,GLD,-5.313741,0.0049234726,-5.637105,0.003563169,Informer,1,test
2021-06-18,TLT,-5.212319,0.005449023,-5.745693,0.003196518,Informer,1,test
2021-06-21,GLD,-5.5603595,0.0038473932,-5.401018,0.0045119845,Informer,1,test
2021-06-21,TLT,-5.4431562,0.0043258085,-5.4708223,0.0042077703,Informer,1,test
2021-06-22,GLD,-4.809239,0.0081540635,-5.4255686,0.004402562,Informer,1,test
2021-06-22,TLT,-5.561964,0.0038412246,-5.46167,0.0042464584,Informer,1,test
2021-06-23,GLD,-5.589394,0.0037372916,-5.291601,0.0050336937,Informer,1,test
2021-06-23,TLT,-5.8835263,0.0027849474,-5.464297,0.0042353184,Informer,1,test
2021-06-24,GLD,-5.480822,0.0041659037,-5.461196,0.004248472,Informer,1,test
2021-06-24,TLT,-4.7696457,0.008483386,-5.6060433,0.0036755838,Informer,1,test
2021-06-25,GLD,-6.073144,0.0023039184,-5.5884476,0.0037408308,Informer,1,test
2021-06-25,TLT,-5.438934,0.0043441122,-5.6100664,0.0036608262,Informer,1,test
2021-06-28,GLD,-5.272477,0.0051308847,-5.6242485,0.0036092745,Informer,1,test
2021-06-28,TLT,-6.183468,0.0020632604,-5.660651,0.0034802498,Informer,1,test
2021-06-29,GLD,-5.0144825,0.006641068,-5.584899,0.0037541292,Informer,1,test
2021-06-29,TLT,-5.475956,0.0041862247,-5.69633,0.0033582675,Informer,1,test
2021-06-30,GLD,-5.1803465,0.005626057,-5.2780256,0.005102495,Informer,1,test
2021-06-30,TLT,-5.5877037,0.0037436145,-5.4052544,0.0044929115,Informer,1,test
2021-07-01,GLD,-5.188081,0.0055827107,-5.512234,0.0040370775,Informer,1,test
2021-07-01,TLT,-5.8334002,0.0029281038,-5.7007136,0.0033435784,Informer,1,test
2021-07-02,GLD,-4.857551,0.0077694873,-5.608633,0.0036660773,Informer,1,test
2021-07-02,TLT,-5.4393654,0.004342238,-5.7894745,0.0030595895,Informer,1,test
2021-07-06,GLD,-5.4361086,0.004356403,-5.371592,0.004646728,Informer,1,test
2021-07-06,TLT,-5.1003613,0.0060945437,-5.6162143,0.003638389,Informer,1,test
2021-07-07,GLD,-4.970116,0.0069423416,-5.4182224,0.0044350233,Informer,1,test
2021-07-07,TLT,-5.1266556,0.005936381,-5.5830836,0.0037609502,Informer,1,test
2021-07-08,GLD,-5.579172,0.00377569,-5.5361176,0.003941801,Informer,1,test
2021-07-08,TLT,-6.249523,0.0019313749,-5.666627,0.0034595148,Informer,1,test
2021-07-09,GLD,-5.069392,0.0062862397,-5.6073837,0.0036706603,Informer,1,test
2021-07-09,TLT,-5.52114,0.0040012836,-5.757033,0.0031604753,Informer,1,test
2021-07-12,GLD,-5.545178,0.0039062481,-5.4793396,0.004172084,Informer,1,test
2021-07-12,TLT,-4.4367943,0.011833814,-5.557243,0.0038594026,Informer,1,test
2021-07-13,GLD,-5.772077,0.0031132842,-5.5266294,0.0039793793,Informer,1,test
2021-07-13,TLT,-5.53946,0.003928647,-5.5179653,0.004014007,Informer,1,test
2021-07-14,GLD,-5.5417395,0.003919703,-5.59114,0.0037307732,Informer,1,test
2021-07-14,TLT,-4.9390955,0.0071610725,-5.652953,0.0035071443,Informer,1,test
2021-07-15,GLD,-5.2481008,0.0052574943,-5.572287,0.0038017754,Informer,1,test
2021-07-15,TLT,-5.736189,0.0032270434,-5.5046043,0.004067998,Informer,1,test
2021-07-16,GLD,-5.4627466,0.004241889,-5.7027183,0.0033368827,Informer,1,test
2021-07-16,TLT,-5.1409163,0.0058523244,-5.7826242,0.0030806204,Informer,1,test
2021-07-19,GLD,-5.0102997,0.0066689043,-5.500184,0.0040860195,Informer,1,test
2021-07-19,TLT,-4.703253,0.00906574,-5.5205975,0.0040034554,Informer,1,test
2021-07-20,GLD,-5.7320824,0.0032403227,-5.380014,0.0046077576,Informer,1,test
2021-07-20,TLT,-4.737381,0.008761562,-5.3543835,0.004727383,Informer,1,test
2021-07-21,GLD,-5.474581,0.004191986,-5.566854,0.003822487,Informer,1,test
2021-07-21,TLT,-5.125431,0.0059436546,-5.368825,0.0046596033,Informer,1,test
2021-07-22,GLD,-5.5471725,0.0038984644,-5.631761,0.003582261,Informer,1,test
2021-07-22,TLT,-5.869915,0.0028231132,-5.4761705,0.0041853264,Informer,1,test
2021-07-23,GLD,-5.8487673,0.0028834515,-5.6851597,0.003395991,Informer,1,test
2021-07-23,TLT,-5.5180035,0.0040138536,-5.67482,0.0034312867,Informer,1,test
2021-07-26,GLD,-5.528175,0.003973234,-5.633647,0.0035755117,Informer,1,test
2021-07-26,TLT,-5.791458,0.0030535264,-5.538783,0.003931308,Informer,1,test
2021-07-27,GLD,-5.1429267,0.005840571,-5.6452217,0.0035343647,Informer,1,test
2021-07-27,TLT,-5.250931,0.0052426364,-5.661828,0.0034761566,Informer,1,test
2021-07-28,GLD,-5.786324,0.0030692439,-5.5400867,0.0039261864,Informer,1,test
2021-07-28,TLT,-5.7220407,0.003273025,-5.4947042,0.0041084713,Informer,1,test
2021-07-29,GLD,-5.1452117,0.0058272406,-5.6410327,0.0035492012,Informer,1,test
2021-07-29,TLT,-5.9259963,0.002669147,-5.6830573,0.0034031381,Informer,1,test
2021-07-30,GLD,-5.3696637,0.004655697,-5.6407146,0.0035503302,Informer,1,test
2021-07-30,TLT,-4.8009243,0.008222144,-5.758895,0.0031545958,Informer,1,test
2021-08-02,GLD,-5.9625406,0.0025733658,-5.5530596,0.0038755815,Informer,1,test
2021-08-02,TLT,-5.5369496,0.0039385227,-5.5450397,0.0039067883,Informer,1,test
2021-08-03,GLD,-4.8646255,0.007714717,-5.6378565,0.0035604923,Informer,1,test
2021-08-03,TLT,-4.637507,0.009681805,-5.640988,0.0035493604,Informer,1,test
2021-08-04,GLD,-5.33005,0.004843828,-5.4860983,0.0041439813,Informer,1,test
2021-08-04,TLT,-5.5561385,0.0038636671,-5.425182,0.004404265,Informer,1,test
2021-08-05,GLD,-5.570657,0.0038079787,-5.631667,0.0035825977,Informer,1,test
2021-08-05,TLT,-5.387504,0.0045733736,-5.6693077,0.003450253,Informer,1,test
2021-08-06,GLD,-4.914534,0.0073391367,-5.712609,0.0033040417,Informer,1,test
2021-08-06,TLT,-5.276912,0.0051081795,-5.739103,0.0032176538,Informer,1,test
2021-08-09,GLD,-5.100726,0.006092321,-5.538643,0.003931859,Informer,1,test
2021-08-09,TLT,-5.840152,0.0029084012,-5.6430593,0.0035420158,Informer,1,test
2021-08-10,GLD,-5.188627,0.005579664,-5.4685407,0.004217382,Informer,1,test
2021-08-10,TLT,-4.915502,0.007332036,-5.653218,0.0035062162,Informer,1,test
2021-08-11,GLD,-5.331145,0.0048385276,-5.394479,0.004541587,Informer,1,test
2021-08-11,TLT,-5.328338,0.004852127,-5.4595838,0.0042553265,Informer,1,test
2021-08-12,GLD,-5.448957,0.004300788,-5.530073,0.003965699,Informer,1,test
2021-08-12,TLT,-5.4677835,0.004220577,-5.65106,0.0035137897,Informer,1,test
2021-08-13,GLD,-5.858818,0.0028546157,-5.595826,0.0037133303,Informer,1,test
2021-08-13,TLT,-5.1839004,0.005606098,-5.747885,0.0031895188,Informer,1,test
2021-08-16,GLD,-5.338198,0.00480452,-5.5764303,0.0037860565,Informer,1,test
2021-08-16,TLT,-5.5746717,0.0037927204,-5.6247225,0.0036075641,Informer,1,test
2021-08-17,GLD,-5.245583,0.0052707475,-5.5311136,0.0039615748,Informer,1,test
2021-08-17,TLT,-5.511553,0.0040398296,-5.624679,0.0036077206,Informer,1,test
2021-08-18,GLD,-5.477647,0.004179152,-5.468745,0.0042165197,Informer,1,test
2021-08-18,TLT,-5.807064,0.0030062434,-5.511256,0.0040410277,Informer,1,test
2021-08-19,GLD,-5.7179213,0.0032865356,-5.4814596,0.0041632485,Informer,1,test
2021-08-19,TLT,-5.7182093,0.0032855892,-5.601697,0.0036915939,Informer,1,test
2021-08-20,GLD,-5.5278835,0.003974392,-5.6842585,0.003399053,Informer,1,test
2021-08-20,TLT,-5.9806757,0.0025271182,-5.7528086,0.0031738542,Informer,1,test
2021-08-23,GLD,-5.8807793,0.0027926082,-5.5749755,0.0037915686,Informer,1,test
2021-08-23,TLT,-5.759043,0.0031541279,-5.703439,0.0033344775,Informer,1,test
2021-08-24,GLD,-5.347313,0.0047609266,-5.5709877,0.0038067186,Informer,1,test
2021-08-24,TLT,-4.964569,0.0069809584,-5.66741,0.0034568072,Informer,1,test
2021-08-25,GLD,-5.1905026,0.0055692066,-5.5892925,0.0037376713,Informer,1,test
2021-08-25,TLT,-5.3717895,0.0046458105,-5.615812,0.0036398536,Informer,1,test
2021-08-26,GLD,-4.596304,0.010089057,-5.593485,0.0037220344,Informer,1,test
2021-08-26,TLT,-5.504189,0.004069688,-5.6899943,0.0033796122,Informer,1,test
2021-08-27,GLD,-5.837641,0.0029157135,-5.5531745,0.0038751361,Informer,1,test
2021-08-27,TLT,-5.8510537,0.0028768661,-5.7483907,0.0031879072,Informer,1,test
2021-08-30,GLD,-5.384938,0.0045851255,-5.595294,0.003715307,Informer,1,test
2021-08-30,TLT,-5.0102754,0.006669067,-5.701503,0.003340941,Informer,1,test
2021-08-31,GLD,-5.6867332,0.0033906514,-5.273604,0.005125107,Informer,1,test
2021-08-31,TLT,-5.529428,0.0039682584,-5.3744235,0.004633589,Informer,1,test
2021-09-01,GLD,-5.7266774,0.003257884,-5.612502,0.0036519205,Informer,1,test
2021-09-01,TLT,-5.6319685,0.003581518,-5.650349,0.003516289,Informer,1,test
2021-09-02,GLD,-5.1964383,0.0055362475,-5.6428394,0.0035427946,Informer,1,test
2021-09-02,TLT,-5.917164,0.0026928266,-5.710163,0.0033121323,Informer,1,test
2021-09-03,GLD,-5.1341395,0.0058921194,-5.634952,0.0035708484,Informer,1,test
2021-09-03,TLT,-5.5488157,0.0038920639,-5.7639785,0.0031386,Informer,1,test
2021-09-07,GLD,-5.266168,0.005163358,-5.5278163,0.003974659,Informer,1,test
2021-09-07,TLT,-5.6115546,0.0036553822,-5.671511,0.0034426588,Informer,1,test
2021-09-08,GLD,-5.0999084,0.0060973056,-5.3886538,0.004568119,Informer,1,test
2021-09-08,TLT,-4.931589,0.0072150286,-5.644059,0.0035384758,Informer,1,test
2021-09-09,GLD,-5.7600904,0.003150827,-5.4419603,0.004330985,Informer,1,test
2021-09-09,TLT,-5.443299,0.0043251915,-5.582871,0.0037617502,Informer,1,test
2021-09-10,GLD,-5.718797,0.003283658,-5.6664066,0.003460277,Informer,1,test
2021-09-10,TLT,-6.066922,0.0023182975,-5.7084074,0.0033179524,Informer,1,test
2021-09-13,GLD,-5.0053763,0.0067018187,-5.5366793,0.0039395876,Informer,1,test
2021-09-13,TLT,-4.905727,0.007404059,-5.606969,0.0036721833,Informer,1,test
2021-09-14,GLD,-5.608087,0.0036680794,-5.4511967,0.0042911666,Informer,1,test
2021-09-14,TLT,-5.179844,0.005628885,-5.490467,0.0041259164,Informer,1,test
2021-09-15,GLD,-5.2880607,0.005051547,-5.618076,0.0036316223,Informer,1,test
2021-09-15,TLT,-5.4295497,0.00438507,-5.572958,0.0037992257,Informer,1,test
2021-09-16,GLD,-5.5326624,0.0039554443,-5.5733547,0.0037977188,Informer,1,test
2021-09-16,TLT,-5.766318,0.0031312662,-5.5770144,0.0037838456,Informer,1,test
2021-09-17,GLD,-5.3861637,0.004579508,-5.6503124,0.003516418,Informer,1,test
2021-09-17,TLT,-5.295633,0.0050134407,-5.7419815,0.0032084044,Informer,1,test
2021-09-20,GLD,-5.3438935,0.004777234,-5.4659843,0.004228177,Informer,1,test
2021-09-20,TLT,-5.6575737,0.0034909768,-5.555133,0.0038675545,Informer,1,test
2021-09-21,GLD,-4.7271357,0.008851789,-5.3516207,0.004740462,Informer,1,test
2021-09-21,TLT,-5.3394146,0.004798679,-5.461954,0.004245252,Informer,1,test
2021-09-22,GLD,-5.7034364,0.003334487,-5.2037125,0.0054961224,Informer,1,test
2021-09-22,TLT,-5.2732244,0.0051270523,-5.3878355,0.0045718583,Informer,1,test
2021-09-23,GLD,-5.233934,0.0053325063,-5.4467196,0.004310421,Informer,1,test
2021-09-23,TLT,-5.624801,0.0036072803,-5.525588,0.0039835256,Informer,1,test
2021-09-24,GLD,-5.6327643,0.003578669,-5.566285,0.0038246622,Informer,1,test
2021-09-24,TLT,-5.3822794,0.004597331,-5.597043,0.0037088143,Informer,1,test
2021-09-27,GLD,-5.5281873,0.003973185,-5.517575,0.0040155747,Informer,1,test
2021-09-27,TLT,-4.9721847,0.0069279964,-5.4854093,0.0041468376,Informer,1,test
2021-09-28,GLD,-5.013973,0.0066444506,-5.533233,0.0039531873,Informer,1,test
2021-09-28,TLT,-4.794128,0.008278214,-5.4676027,0.0042213397,Informer,1,test
2021-09-29,GLD,-4.646859,0.009591681,-5.3803363,0.0046062726,Informer,1,test
2021-09-29,TLT,-5.4936543,0.0041127875,-5.2312193,0.005347002,Informer,1,test
2021-09-30,GLD,-5.417156,0.0044397544,-5.2782707,0.0051012444,Informer,1,test
2021-09-30,TLT,-5.2112923,0.0054546203,-5.291986,0.0050317575,Informer,1,test
2021-10-01,GLD,-5.071266,0.0062744706,-5.4447355,0.004318982,Informer,1,test
2021-10-01,TLT,-5.0347676,0.00650771,-5.457863,0.004262656,Informer,1,test
2021-10-04,GLD,-5.2369423,0.0053164884,-5.353463,0.0047317357,Informer,1,test
2021-10-04,TLT,-5.471639,0.004204335,-5.446181,0.0043127444,Informer,1,test
2021-10-05,GLD,-5.998731,0.0024818995,-5.312695,0.004928626,Informer,1,test
2021-10-05,TLT,-5.7112813,0.0033084308,-5.345113,0.004771413,Informer,1,test
2021-10-06,GLD,-5.575127,0.0037909937,-5.403276,0.004501809,Informer,1,test
2021-10-06,TLT,-5.667555,0.0034563062,-5.415983,0.004444965,Informer,1,test
2021-10-07,GLD,-5.1538405,0.0057771746,-5.4981956,0.0040941522,Informer,1,test
2021-10-07,TLT,-5.590938,0.0037315257,-5.503503,0.0040724813,Informer,1,test
2021-10-08,GLD,-5.8609996,0.0028483951,-5.6126633,0.0036513319,Informer,1,test
2021-10-08,TLT,-6.1110044,0.0022183217,-5.6140523,0.0036462636,Informer,1,test
2021-10-11,GLD,-5.3319993,0.004834395,-5.5990205,0.0037014876,Informer,1,test
2021-10-11,TLT,-5.303278,0.0049752584,-5.607192,0.003671364,Informer,1,test
2021-10-12,GLD,-4.940448,0.007151395,-5.4998255,0.004087485,Informer,1,test
2021-10-12,TLT,-5.680018,0.0034134972,-5.4880104,0.004136065,Informer,1,test
2021-10-13,GLD,-6.200307,0.002028808,-5.483884,0.004153168,Informer,1,test
2021-10-13,TLT,-5.425886,0.004401164,-5.507408,0.004056608,Informer,1,test
2021-10-14,GLD,-5.467601,0.0042213476,-5.5585456,0.0038543781,Informer,1,test
2021-10-14,TLT,-5.7232127,0.0032691911,-5.454755,0.004275925,Informer,1,test
2021-10-15,GLD,-5.8932486,0.0027580026,-5.6669865,0.0034582713,Informer,1,test
2021-10-15,TLT,-5.0307994,0.0065335855,-5.6793146,0.003415899,Informer,1,test
2021-10-18,GLD,-5.545121,0.00390647,-5.5625663,0.0038389121,Informer,1,test
2021-10-18,TLT,-5.7122226,0.003305318,-5.533587,0.003951789,Informer,1,test
2021-10-19,GLD,-5.4494557,0.0042986437,-5.57204,0.0038027146,Informer,1,test
2021-10-19,TLT,-5.236005,0.0053214747,-5.581071,0.0037685276,Informer,1,test
2021-10-20,GLD,-5.820759,0.0029653541,-5.528088,0.003973579,Informer,1,test
2021-10-20,TLT,-5.4877214,0.0041372604,-5.447509,0.004307021,Informer,1,test
2021-10-21,GLD,-4.4562774,0.011605486,-5.6585007,0.0034877423,Informer,1,test
2021-10-21,TLT,-5.2864842,0.005059517,-5.6154017,0.0036413465,Informer,1,test
2021-10-22,GLD,-5.9263487,0.0026682066,-5.688811,0.0033836144,Informer,1,test
2021-10-22,TLT,-5.768958,0.0031230098,-5.705126,0.0033288586,Informer,1,test
2021-10-25,GLD,-5.2287827,0.0053600464,-5.654156,0.0035029275,Informer,1,test
2021-10-25,TLT,-5.062081,0.006332369,-5.6080217,0.0036683192,Informer,1,test
2021-10-26,GLD,-5.2087407,0.0054685557,-5.5360446,0.0039420887,Informer,1,test
2021-10-26,TLT,-4.6865115,0.00921879,-5.5013833,0.004081122,Informer,1,test
2021-10-27,GLD,-5.049128,0.0064149243,-5.5758467,0.0037882668,Informer,1,test
2021-10-27,TLT,-4.9978576,0.006752398,-5.4779143,0.0041780346,Informer,1,test
2021-10-28,GLD,-5.41736,0.0044388506,-5.6002555,0.0036969192,Informer,1,test
2021-10-28,TLT,-5.0813084,0.0062117763,-5.5340257,0.003950055,Informer,1,test
2021-10-29,GLD,-5.54821,0.0038944215,-5.6911407,0.0033757403,Informer,1,test
2021-10-29,TLT,-5.4391713,0.004343081,-5.6153326,0.0036415984,Informer,1,test
2021-11-01,GLD,-5.933838,0.0026482986,-5.642989,0.0035422642,Informer,1,test
2021-11-01,TLT,-5.403947,0.0044987896,-5.6152077,0.0036420533,Informer,1,test
2021-11-02,GLD,-5.0321474,0.006524784,-5.6320167,0.0035813458,Informer,1,test
2021-11-02,TLT,-4.9671917,0.0069626737,-5.461466,0.0042473255,Informer,1,test
2021-11-03,GLD,-5.7433987,0.003203861,-5.593025,0.0037237457,Informer,1,test
2021-11-03,TLT,-5.28244,0.0050800196,-5.4889536,0.004132166,Informer,1,test
2021-11-04,GLD,-4.9584303,0.0070239445,-5.672491,0.0034392872,Informer,1,test
2021-11-04,TLT,-5.1043897,0.0060700425,-5.596762,0.0037098562,Informer,1,test
2021-11-05,GLD,-5.931269,0.00265511,-5.653258,0.0035060758,Informer,1,test
2021-11-05,TLT,-5.6135197,0.0036482064,-5.6234345,0.0036122135,Informer,1,test
2021-11-08,GLD,-5.4060755,0.004489224,-5.6119223,0.0036540385,Informer,1,test
2021-11-08,TLT,-5.250823,0.0052432013,-5.570836,0.003807296,Informer,1,test
2021-11-09,GLD,-4.5863323,0.010190164,-5.5715704,0.0038045011,Informer,1,test
2021-11-09,TLT,-4.2038326,0.014938215,-5.4905095,0.0041257413,Informer,1,test
2021-11-10,GLD,-6.16823,0.0020949407,-5.4759955,0.004186059,Informer,1,test
2021-11-10,TLT,-5.834989,0.0029234553,-5.289333,0.005045125,Informer,1,test
2021-11-11,GLD,-5.542208,0.003917866,-5.688451,0.0033848328,Informer,1,test
2021-11-11,TLT,-4.8417554,0.007893186,-5.486637,0.004141749,Informer,1,test
2021-11-12,GLD,-5.6148586,0.0036433248,-5.732684,0.0032383734,Informer,1,test
2021-11-12,TLT,-5.130178,0.0059155077,-5.492834,0.004116162,Informer,1,test
2021-11-15,GLD,-5.2181215,0.005417496,-5.689556,0.0033810935,Informer,1,test
2021-11-15,TLT,-4.9612913,0.007003878,-5.540374,0.0039250595,Informer,1,test
2021-11-16,GLD,-5.888581,0.0027709063,-5.5806866,0.0037699763,Informer,1,test
2021-11-16,TLT,-5.258823,0.0052014235,-5.3848457,0.004585548,Informer,1,test
2021-11-17,GLD,-5.6918626,0.0033733041,-5.6822987,0.003405721,Informer,1,test
2021-11-17,TLT,-5.8131537,0.0029879918,-5.5037446,0.004071497,Informer,1,test
2021-11-18,GLD,-5.031175,0.006531131,-5.6808,0.0034108288,Informer,1,test
2021-11-18,TLT,-5.625795,0.0036036975,-5.6031623,0.0036861885,Informer,1,test
2021-11-19,GLD,-4.923154,0.0072761467,-5.7254596,0.003261854,Informer,1,test
2021-11-19,TLT,-5.0393176,0.0064781676,-5.690095,0.003379272,Informer,1,test
2021-11-22,GLD,-5.397288,0.004528847,-5.550991,0.0038836065,Informer,1,test
2021-11-22,TLT,-5.320275,0.004891409,-5.5162063,0.004021074,Informer,1,test
2021-11-23,GLD,-5.4495373,0.004298293,-5.3786182,0.0046141935,Informer,1,test
2021-11-23,TLT,-5.163053,0.005724197,-5.4431715,0.0043257424,Informer,1,test
2021-11-24,GLD,-4.9539957,0.007055162,-5.4697466,0.0042122994,Informer,1,test
2021-11-24,TLT,-5.05906,0.0063515264,-5.3120294,0.004931908,Informer,1,test
2021-11-26,GLD,-5.6161056,0.0036387846,-5.5867877,0.0037470453,Informer,1,test
2021-11-26,TLT,-5.1918035,0.005561967,-5.489769,0.004128798,Informer,1,test
2021-11-29,GLD,-4.3537784,0.012858138,-5.399042,0.0045209094,Informer,1,test
2021-11-29,TLT,-4.8383565,0.00792006,-5.232432,0.005340522,Informer,1,test
2021-11-30,GLD,-5.2189436,0.0054130442,-5.031952,0.00652606,Informer,1,test
2021-11-30,TLT,-4.6432295,0.009626559,-4.9916415,0.006794502,Informer,1,test
2021-12-01,GLD,-5.2893047,0.005045267,-5.3239217,0.0048736036,Informer,1,test
2021-12-01,TLT,-4.5800495,0.010254389,-5.0698776,0.006283189,Informer,1,test
2021-12-02,GLD,-4.9576592,0.0070293625,-5.290757,0.0050379443,Informer,1,test
2021-12-02,TLT,-4.297439,0.013603351,-5.0440397,0.006447649,Informer,1,test
2021-12-03,GLD,-5.60329,0.0036857175,-5.485489,0.0041465075,Informer,1,test
2021-12-03,TLT,-4.781343,0.008384731,-5.0971384,0.006114218,Informer,1,test
2021-12-06,GLD,-5.7872906,0.0030662788,-5.3960886,0.004534282,Informer,1,test
2021-12-06,TLT,-4.9334974,0.0072012735,-5.0961623,0.006120189,Informer,1,test
2021-12-07,GLD,-5.994364,0.0024927624,-5.4286757,0.004388904,Informer,1,test
2021-12-07,TLT,-5.282439,0.0050800242,-4.9887514,0.0068141674,Informer,1,test
2021-12-08,GLD,-5.7778497,0.0030953642,-5.522229,0.003996928,Informer,1,test
2021-12-08,TLT,-5.0471125,0.0064278673,-5.1803226,0.005626191,Informer,1,test
2021-12-09,GLD,-5.776969,0.0030980916,-5.6308017,0.0035856997,Informer,1,test
2021-12-09,TLT,-5.2732754,0.005126791,-5.2871222,0.00505629,Informer,1,test
2021-12-10,GLD,-6.0032215,0.0024707797,-5.6669235,0.003458489,Informer,1,test
2021-12-10,TLT,-5.575835,0.00378831,-5.408947,0.004476351,Informer,1,test
2021-12-13,GLD,-5.4807067,0.004166384,-5.6281433,0.0035952444,Informer,1,test
2021-12-13,TLT,-4.8917766,0.007508072,-5.4348564,0.0043618614,Informer,1,test
2021-12-14,GLD,-4.5435715,0.010635355,-5.5837717,0.0037583634,Informer,1,test
2021-12-14,TLT,-4.8687615,0.0076828743,-5.335965,0.0048152604,Informer,1,test
2021-12-15,GLD,-5.798621,0.003031732,-5.377962,0.0046172217,Informer,1,test
2021-12-15,TLT,-5.259551,0.0051976377,-5.2242556,0.005384367,Informer,1,test
2021-12-16,GLD,-5.4021363,0.0045069424,-5.58251,0.0037631083,Informer,1,test
2021-12-16,TLT,-5.720825,0.0032770056,-5.3699617,0.0046543092,Informer,1,test
2021-12-17,GLD,-5.924427,0.002673339,-5.6649227,0.0034654157,Informer,1,test
2021-12-17,TLT,-5.2834845,0.005074717,-5.5957403,0.003713649,Informer,1,test
2021-12-20,GLD,-5.619948,0.00362483,-5.57384,0.0037958757,Informer,1,test
2021-12-20,TLT,-5.0691743,0.0062876097,-5.3892827,0.004565247,Informer,1,test
2021-12-21,GLD,-5.2491255,0.0052521094,-5.4821224,0.00416049,Informer,1,test
2021-12-21,TLT,-5.532259,0.00395704,-5.321624,0.0048848153,Informer,1,test
2021-12-22,GLD,-5.3576107,0.0047121514,-5.49784,0.004095609,Informer,1,test
2021-12-22,TLT,-5.119527,0.005978851,-5.34721,0.0047614174,Informer,1,test
2021-12-23,GLD,-6.1138415,0.0022120369,-5.5561075,0.0038637868,Informer,1,test
2021-12-23,TLT,-5.887954,0.002772643,-5.398613,0.00452285,Informer,1,test
2021-12-27,GLD,-5.6610537,0.0034788495,-5.68502,0.0033964654,Informer,1,test
2021-12-27,TLT,-5.053705,0.0063856295,-5.525843,0.0039825095,Informer,1,test
2021-12-28,GLD,-5.5701966,0.0038097312,-5.616255,0.0036382414,Informer,1,test
2021-12-28,TLT,-5.4697,0.0042124963,-5.3809843,0.0046032886,Informer,1,test
2021-12-29,GLD,-5.7128463,0.003303257,-5.6562,0.0034957759,Informer,1,test
2021-12-29,TLT,-4.99546,0.0067686066,-5.4890304,0.0041318485,Informer,1,test
2021-12-30,GLD,-5.5624156,0.0038394905,-5.681091,0.003409837,Informer,1,test
2021-12-30,TLT,-4.8976707,0.0074639483,-5.421115,0.0044222134,Informer,1,test
2021-12-31,GLD,-5.583048,0.0037610848,-5.603067,0.00368654,Informer,1,test
2021-12-31,TLT,-4.683693,0.00924481,-5.3408213,0.0047919336,Informer,1,test
2022-01-03,GLD,-5.7061863,0.0033253303,-5.696307,0.0033583443,Informer,1,test
2022-01-03,TLT,-4.984761,0.0068414113,-5.42036,0.0044255527,Informer,1,test
2022-01-04,GLD,-5.078826,0.0062272158,-5.6568646,0.003493453,Informer,1,test
2022-01-04,TLT,-5.335943,0.004815366,-5.296421,0.0050094905,Informer,1,test
2022-01-05,GLD,-5.5972605,0.003708008,-5.563745,0.0038343896,Informer,1,test
2022-01-05,TLT,-5.337095,0.004809824,-5.3131943,0.004926166,Informer,1,test
2022-01-06,GLD,-5.371405,0.0046475963,-5.6096497,0.0036623522,Informer,1,test
2022-01-06,TLT,-4.9019494,0.007432081,-5.3485146,0.004755209,Informer,1,test
2022-01-07,GLD,-5.988094,0.002508441,-5.6436825,0.003539809,Informer,1,test
2022-01-07,TLT,-5.138007,0.0058693746,-5.409996,0.004471658,Informer,1,test
2022-01-10,GLD,-5.4217014,0.0044196206,-5.65664,0.0034942375,Informer,1,test
2022-01-10,TLT,-5.649251,0.0035201525,-5.3698063,0.004655033,Informer,1,test
2022-01-11,GLD,-6.063576,0.0023260675,-5.528214,0.003973079,Informer,1,test
2022-01-11,TLT,-5.761555,0.0031462149,-5.383862,0.0045900606,Informer,1,test
2022-01-12,GLD,-5.5342574,0.00394914,-5.5985117,0.0037033714,Informer,1,test
2022-01-12,TLT,-5.1752453,0.0056548296,-5.4210343,0.0044225696,Informer,1,test
2022-01-13,GLD,-5.5174356,0.004016134,-5.6099725,0.0036611701,Informer,1,test
2022-01-13,TLT,-5.122602,0.0059604933,-5.4311624,0.004378004,Informer,1,test
2022-01-14,GLD,-5.592486,0.0037257546,-5.6895723,0.0033810386,Informer,1,test
2022-01-14,TLT,-5.249134,0.005252064,-5.4629574,0.004240995,Informer,1,test
2022-01-18,GLD,-5.208254,0.005471219,-5.621698,0.003618492,Informer,1,test
2022-01-18,TLT,-5.0201626,0.006603453,-5.337504,0.0048078564,Informer,1,test
2022-01-19,GLD,-5.6851544,0.0033960086,-5.5412827,0.003921494,Informer,1,test
2022-01-19,TLT,-5.589594,0.003736545,-5.2007904,0.005512206,Informer,1,test
2022-01-20,GLD,-5.396171,0.004533908,-5.5791583,0.0037757421,Informer,1,test
2022-01-20,TLT,-4.964495,0.0069814743,-5.3392944,0.0047992556,Informer,1,test
2022-01-21,GLD,-5.2511377,0.0052415514,-5.688773,0.0033837417,Informer,1,test
2022-01-21,TLT,-5.2562056,0.0052150553,-5.408683,0.004477534,Informer,1,test
2022-01-24,GLD,-5.271374,0.005136547,-5.418758,0.004432649,Informer,1,test
2022-01-24,TLT,-4.7525187,0.008629932,-5.2292943,0.0053573046,Informer,1,test
2022-01-25,GLD,-4.9227414,0.0072791483,-5.311962,0.0049322397,Informer,1,test
2022-01-25,TLT,-4.970775,0.0069377683,-5.045027,0.0064412877,Informer,1,test
2022-01-26,GLD,-4.9290733,0.007233203,-5.2437196,0.0052805785,Informer,1,test
2022-01-26,TLT,-5.4628077,0.00424163,-5.0739965,0.006257362,Informer,1,test
2022-01-27,GLD,-5.483112,0.0041563753,-5.223914,0.0053862054,Informer,1,test
2022-01-27,TLT,-5.0254903,0.0065683653,-5.145022,0.0058283466,Informer,1,test
2022-01-28,GLD,-5.9363537,0.0026416443,-5.366584,0.004670058,Informer,1,test
2022-01-28,TLT,-5.333391,0.0048276708,-5.175891,0.0056511797,Informer,1,test
2022-01-31,GLD,-5.5416474,0.0039200634,-5.239966,0.0053004376,Informer,1,test
2022-01-31,TLT,-5.11501,0.006005919,-5.0727406,0.0062652263,Informer,1,test
2022-02-01,GLD,-5.6328425,0.003578389,-5.4431553,0.0043258127,Informer,1,test
2022-02-01,TLT,-4.8220973,0.008049887,-5.12187,0.005964858,Informer,1,test
2022-02-02,GLD,-4.89804,0.007461194,-5.5110426,0.004041891,Informer,1,test
2022-02-02,TLT,-5.139167,0.005862572,-5.164196,0.005717658,Informer,1,test
2022-02-03,GLD,-5.643598,0.003540108,-5.50918,0.0040494264,Informer,1,test
2022-02-03,TLT,-5.151541,0.0057904734,-5.3052826,0.004965295,Informer,1,test
2022-02-04,GLD,-5.535943,0.003942489,-5.652847,0.0035075173,Informer,1,test
2022-02-04,TLT,-5.5797048,0.0037736795,-5.3927355,0.0045495112,Informer,1,test
2022-02-07,GLD,-5.8600254,0.0028511712,-5.5523076,0.0038784968,Informer,1,test
2022-02-07,TLT,-5.550789,0.0038843916,-5.345855,0.004767872,Informer,1,test
2022-02-08,GLD,-5.7964635,0.0030382806,-5.5793467,0.003775031,Informer,1,test
2022-02-08,TLT,-5.137917,0.0058699036,-5.3027864,0.004977705,Informer,1,test
2022-02-09,GLD,-5.0645447,0.0063167866,-5.5853634,0.003752386,Informer,1,test
2022-02-09,TLT,-4.8311934,0.007976996,-5.2677593,0.0051551485,Informer,1,test
2022-02-10,GLD,-4.6988807,0.0091054635,-5.626458,0.003601308,Informer,1,test
2022-02-10,TLT,-4.198091,0.01502423,-5.3573294,0.004713477,Informer,1,test
2022-02-11,GLD,-5.492923,0.004115797,-5.5319476,0.0039582723,Informer,1,test
2022-02-11,TLT,-4.741001,0.008729902,-5.1929197,0.005555762,Informer,1,test
2022-02-14,GLD,-5.5505495,0.0038853216,-5.4740973,0.004194013,Informer,1,test
2022-02-14,TLT,-5.5889,0.0037391384,-5.1322765,0.0059031066,Informer,1,test
2022-02-15,GLD,-5.90095,0.0027368437,-5.3232756,0.0048767533,Informer,1,test
2022-02-15,TLT,-4.8138585,0.008116482,-5.0531125,0.0063894154,Informer,1,test
2022-02-16,GLD,-5.4905705,0.00412549,-5.405007,0.0044940235,Informer,1,test
2022-02-16,TLT,-4.768075,0.00849672,-5.0389786,0.006480364,Informer,1,test
2022-02-17,GLD,-5.824903,0.0029530905,-5.4972477,0.004098035,Informer,1,test
2022-02-17,TLT,-5.2358394,0.0053223553,-5.1815047,0.005619544,Informer,1,test
2022-02-18,GLD,-5.3101487,0.004941192,-5.656921,0.0034932564,Informer,1,test
2022-02-18,TLT,-5.3767085,0.0046230135,-5.3474665,0.004760196,Informer,1,test
2022-02-22,GLD,-5.944013,0.0026214882,-5.373605,0.0046373843,Informer,1,test
2022-02-22,TLT,-5.3403177,0.004794347,-5.1285276,0.005925278,Informer,1,test
2022-02-23,GLD,-3.816129,0.022012848,-5.3984613,0.0045235357,Informer,1,test
2022-02-23,TLT,-4.4157047,0.012086034,-5.112323,0.0060220785,Informer,1,test
2022-02-24,GLD,-5.5252585,0.0039848383,-5.1310477,0.005910365,Informer,1,test
2022-02-24,TLT,-5.1424937,0.0058431006,-5.0444036,0.0064453036,Informer,1,test
2022-02-25,GLD,-4.629042,0.009764107,-5.483383,0.004155248,Informer,1,test
2022-02-25,TLT,-5.1301966,0.005915398,-5.196162,0.0055377763,Informer,1,test
2022-02-28,GLD,-5.1152062,0.006004739,-5.026232,0.006563497,Informer,1,test
2022-02-28,TLT,-4.518143,0.010909261,-5.011637,0.0066599906,Informer,1,test
2022-03-01,GLD,-4.902818,0.0074256267,-5.2559834,0.0052162143,Informer,1,test
2022-03-01,TLT,-4.2846637,0.013778254,-5.0188437,0.006612168,Informer,1,test
2022-03-02,GLD,-5.046087,0.006434464,-5.102986,0.0060785697,Informer,1,test
2022-03-02,TLT,-4.773159,0.008453633,-4.939423,0.0071587274,Informer,1,test
2022-03-03,GLD,-4.7530546,0.008625308,-5.1759744,0.0056507085,Informer,1,test
2022-03-03,TLT,-4.8789916,0.0076046786,-4.9126916,0.007352671,Informer,1,test
2022-03-04,GLD,-5.0388813,0.0064809946,-5.1655197,0.0057100942,Informer,1,test
2022-03-04,TLT,-4.6604342,0.009462353,-4.9943576,0.0067760726,Informer,1,test
2022-03-07,GLD,-4.1631665,0.015558215,-5.1043158,0.0060704914,Informer,1,test
2022-03-07,TLT,-5.298876,0.0049972087,-4.955017,0.0070479596,Informer,1,test
2022-03-08,GLD,-4.671136,0.009361629,-4.8279314,0.008003059,Informer,1,test
2022-03-08,TLT,-5.2001066,0.0055159763,-4.9180713,0.0073132226,Informer,1,test
2022-03-09,GLD,-4.7177587,0.008935183,-4.929147,0.0072326716,Informer,1,test
2022-03-09,TLT,-4.9018855,0.007432556,-4.9200687,0.0072986293,Informer,1,test
2022-03-10,GLD,-4.8636475,0.007722266,-4.7559824,0.008600092,Informer,1,test
2022-03-10,TLT,-5.1283765,0.005926174,-5.038293,0.0064848093,Informer,1,test
2022-03-11,GLD,-5.3914557,0.0045553376,-4.9429927,0.007133219,Informer,1,test
2022-03-11,TLT,-5.4205084,0.0044248966,-5.142041,0.005845745,Informer,1,test
2022-03-14,GLD,-4.722711,0.008891041,-4.9156055,0.0073312772,Informer,1,test
2022-03-14,TLT,-4.777428,0.00841762,-5.173924,0.0056623067,Informer,1,test
2022-03-15,GLD,-4.3812466,0.012509755,-4.8221936,0.008049111,Informer,1,test
2022-03-15,TLT,-4.2439923,0.014350187,-5.030053,0.0065384633,Informer,1,test
2022-03-16,GLD,-5.239919,0.0053006853,-4.952553,0.0070653497,Informer,1,test
2022-03-16,TLT,-4.490438,0.011215731,-5.052825,0.006391253,Informer,1,test
2022-03-17,GLD,-4.9479294,0.0070980913,-5.200774,0.0055122953,Informer,1,test
2022-03-17,TLT,-5.75421,0.0031694095,-5.1104407,0.0060334234,Informer,1,test
2022-03-18,GLD,-5.085293,0.0061870753,-5.4302464,0.004382016,Informer,1,test
2022-03-18,TLT,-4.667027,0.009400175,-5.380224,0.004606789,Informer,1,test
2022-03-21,GLD,-5.2163253,0.005427236,-5.1597238,0.005743286,Informer,1,test
2022-03-21,TLT,-5.2363944,0.005319402,-5.070155,0.0062814457,Informer,1,test
2022-03-22,GLD,-5.037133,0.006492334,-5.127712,0.0059301145,Informer,1,test
2022-03-22,TLT,-4.5209985,0.010878157,-5.112157,0.0060230778,Informer,1,test
2022-03-23,GLD,-5.0844617,0.0061922194,-5.122328,0.0059621283,Informer,1,test
2022-03-23,TLT,-4.8770022,0.0076198224,-5.01587,0.006631859,Informer,1,test
2022-03-24,GLD,-5.016616,0.006626915,-5.243576,0.0052813366,Informer,1,test
2022-03-24,TLT,-4.6612334,0.009454793,-5.1412334,0.005850469,Informer,1,test
2022-03-25,GLD,-4.755843,0.008601289,-5.329095,0.0048484565,Informer,1,test
2022-03-25,TLT,-4.8173556,0.008088147,-5.0900736,0.006157567,Informer,1,test
2022-03-28,GLD,-4.9020042,0.0074316734,-5.1939316,0.005550143,Informer,1,test
2022-03-28,TLT,-4.629551,0.00975914,-5.0916624,0.006147791,Informer,1,test
2022-03-29,GLD,-5.5325823,0.003955761,-5.1891856,0.0055765463,Informer,1,test
2022-03-29,TLT,-4.9085255,0.0073833675,-5.0838385,0.00619608,Informer,1,test
2022-03-30,GLD,-5.2236,0.005387898,-5.2381487,0.005310078,Informer,1,test
2022-03-30,TLT,-5.2244844,0.0053831344,-5.098381,0.006106625,Informer,1,test
2022-03-31,GLD,-5.1463604,0.0058205505,-5.1586885,0.0057492345,Informer,1,test
2022-03-31,TLT,-4.3108835,0.013421686,-5.078221,0.0062309853,Informer,1,test
2022-04-01,GLD,-5.3379264,0.0048058257,-5.358027,0.0047101905,Informer,1,test
2022-04-01,TLT,-5.0409875,0.0064673587,-5.164915,0.005713548,Informer,1,test
2022-04-04,GLD,-4.800354,0.008226834,-5.3879747,0.004571222,Informer,1,test
2022-04-04,TLT,-4.8106914,0.008142228,-5.2828517,0.0050779292,Informer,1,test
2022-04-05,GLD,-5.0626807,0.0063285716,-5.298483,0.0049991724,Informer,1,test
2022-04-05,TLT,-4.6785007,0.009292937,-5.1534014,0.0057797125,Informer,1,test
2022-04-06,GLD,-5.5437737,0.0039117374,-5.2443795,0.005277095,Informer,1,test
2022-04-06,TLT,-4.988332,0.006817027,-5.0726604,0.0062657283,Informer,1,test
2022-04-07,GLD,-5.550321,0.003886209,-5.3745527,0.0046329903,Informer,1,test
2022-04-07,TLT,-4.7414546,0.008725944,-5.180838,0.0056232917,Informer,1,test
2022-04-08,GLD,-4.806795,0.008174014,-5.466813,0.0042246743,Informer,1,test
2022-04-08,TLT,-4.770279,0.008478015,-5.1889834,0.005577674,Informer,1,test
2022-04-11,GLD,-5.0516915,0.006398501,-5.377072,0.004621334,Informer,1,test
2022-04-11,TLT,-5.023161,0.006583683,-5.1860676,0.0055939616,Informer,1,test
2022-04-12,GLD,-5.788554,0.0030624066,-5.3225093,0.0048804916,Informer,1,test
2022-04-12,TLT,-4.82567,0.00802118,-5.118106,0.0059873527,Informer,1,test
2022-04-13,GLD,-5.1438484,0.0058351904,-5.3456445,0.004768877,Informer,1,test
2022-04-13,TLT,-4.5866566,0.01018686,-5.0986915,0.0061047296,Informer,1,test
2022-04-14,GLD,-5.353199,0.004732986,-5.40595,0.004489787,Informer,1,test
2022-04-14,TLT,-4.923832,0.0072712144,-5.156806,0.005760068,Informer,1,test
2022-04-18,GLD,-4.8686094,0.007684043,-5.4428244,0.004327244,Informer,1,test
2022-04-18,TLT,-5.0820503,0.006207169,-5.1419764,0.005846124,Informer,1,test
2022-04-19,GLD,-5.598495,0.003703433,-5.3416643,0.0047878954,Informer,1,test
2022-04-19,TLT,-4.6598363,0.0094680125,-5.1331263,0.005898093,Informer,1,test
2022-04-20,GLD,-5.130143,0.0059157135,-5.3104005,0.0049399477,Informer,1,test
2022-04-20,TLT,-4.5813,0.010241576,-5.1127844,0.0060192994,Informer,1,test
2022-04-21,GLD,-4.938224,0.0071673174,-5.394351,0.0045421673,Informer,1,test
2022-04-21,TLT,-4.6516027,0.009546289,-5.136513,0.0058781495,Informer,1,test
2022-04-22,GLD,-5.4983983,0.0040933224,-5.511197,0.0040412666,Informer,1,test
2022-04-22,TLT,-5.1021695,0.006083534,-5.236461,0.005319047,Informer,1,test
2022-04-25,GLD,-5.2918224,0.0050325803,-5.264373,0.0051726364,Informer,1,test
2022-04-25,TLT,-4.9150195,0.007335575,-5.043682,0.006449955,Informer,1,test
2022-04-26,GLD,-5.4599442,0.004253793,-5.1730566,0.00566722,Informer,1,test
2022-04-26,TLT,-5.1499705,0.0057995757,-5.047257,0.006426939,Informer,1,test
2022-04-27,GLD,-5.5995164,0.0036996524,-5.159809,0.0057427958,Informer,1,test
2022-04-27,TLT,-5.239119,0.005304928,-5.0197344,0.0066062813,Informer,1,test
2022-04-28,GLD,-5.047476,0.006425532,-5.273332,0.0051265,Informer,1,test
2022-04-28,TLT,-4.5160193,0.010932456,-5.076406,0.0062423036,Informer,1,test
2022-04-29,GLD,-4.9917903,0.006793491,-5.3324842,0.004832051,Informer,1,test
2022-04-29,TLT,-4.9322724,0.0072101,-5.112284,0.0060223113,Informer,1,test
2022-05-02,GLD,-5.209657,0.005463546,-5.172378,0.0056710667,Informer,1,test
2022-05-02,TLT,-5.061011,0.0063391486,-5.045164,0.0064404034,Informer,1,test
2022-05-03,GLD,-4.659825,0.0094681205,-5.0634785,0.006323525,Informer,1,test
2022-05-03,TLT,-4.7024164,0.009073325,-4.9961357,0.0067640347,Informer,1,test
2022-05-04,GLD,-4.806081,0.0081798555,-5.0781255,0.0062315795,Informer,1,test
2022-05-04,TLT,-4.262729,0.014083813,-5.0494223,0.0064130374,Informer,1,test
2022-05-05,GLD,-4.9848948,0.0068404977,-5.1938014,0.0055508655,Informer,1,test
2022-05-05,TLT,-4.565663,0.010402981,-5.10345,0.00607575,Informer,1,test
2022-05-06,GLD,-5.6823344,0.0034055992,-5.180214,0.0056268023,Informer,1,test
2022-05-06,TLT,-4.7745113,0.008442208,-5.023387,0.0065821954,Informer,1,test
2022-05-09,GLD,-4.909171,0.007378602,-5.232583,0.0053397147,Informer,1,test
2022-05-09,TLT,-4.7157946,0.00895275,-4.99955,0.006740981,Informer,1,test
2022-05-10,GLD,-5.415678,0.004446322,-5.0043335,0.0067088115,Informer,1,test
2022-05-10,TLT,-4.3655744,0.0127073545,-4.961955,0.0069992305,Informer,1,test
2022-05-11,GLD,-4.868463,0.007685168,-5.11907,0.0059815827,Informer,1,test
2022-05-11,TLT,-4.936256,0.007181436,-4.9471226,0.0071038203,Informer,1,test
2022-05-12,GLD,-5.0348215,0.0065073594,-5.1247835,0.0059475047,Informer,1,test
2022-05-12,TLT,-5.222962,0.005391337,-5.0096383,0.0066733165,Informer,1,test
2022-05-13,GLD,-5.3210335,0.0048876996,-5.2130613,0.0054449793,Informer,1,test
2022-05-13,TLT,-5.0591474,0.006350972,-5.0606527,0.0063414187,Informer,1,test
2022-05-16,GLD,-5.4911118,0.0041232575,-5.183673,0.005607373,Informer,1,test
2022-05-16,TLT,-5.125674,0.0059422124,-5.03368,0.0065147923,Informer,1,test
2022-05-17,GLD,-5.177404,0.005642636,-5.159261,0.005745943,Informer,1,test
2022-05-17,TLT,-4.741773,0.008723165,-5.057402,0.0063620657,Informer,1,test
2022-05-18,GLD,-5.022962,0.0065849926,-5.148448,0.0058084126,Informer,1,test
2022-05-18,TLT,-4.8068542,0.008173531,-5.0243177,0.0065760715,Informer,1,test
2022-05-19,GLD,-5.213529,0.0054424326,-5.181054,0.005622077,Informer,1,test
2022-05-19,TLT,-4.7060537,0.009040383,-5.0802307,0.0062184744,Informer,1,test
2022-05-20,GLD,-5.4331017,0.004369522,-5.371663,0.0046463977,Informer,1,test
2022-05-20,TLT,-4.791746,0.008297956,-5.167082,0.0057011815,Informer,1,test
2022-05-23,GLD,-5.6248627,0.0036070584,-5.1772203,0.0056436723,Informer,1,test
2022-05-23,TLT,-4.6751356,0.009324261,-5.050771,0.0064043924,Informer,1,test
2022-05-24,GLD,-5.155019,0.0057703718,-5.2115135,0.005453414,Informer,1,test
2022-05-24,TLT,-5.1262164,0.0059389886,-4.962591,0.0069947797,Informer,1,test
2022-05-25,GLD,-5.4656982,0.004229387,-5.176815,0.00564596,Informer,1,test
2022-05-25,TLT,-4.8787107,0.0076068146,-5.024082,0.0065776207,Informer,1,test
2022-05-26,GLD,-5.8904557,0.002765716,-5.2310324,0.005348001,Informer,1,test
2022-05-26,TLT,-5.1589575,0.0057476885,-5.0314503,0.0065293345,Informer,1,test
2022-05-27,GLD,-5.134978,0.005887182,-5.3936777,0.0045452267,Informer,1,test
2022-05-27,TLT,-4.9388733,0.007162664,-5.1292667,0.0059209005,Informer,1,test
2022-05-31,GLD,-5.3629227,0.004687187,-5.104521,0.0060692467,Informer,1,test
2022-05-31,TLT,-4.7065997,0.009035449,-4.9715776,0.0069322027,Informer,1,test
2022-06-01,GLD,-5.800839,0.0030250158,-5.2365265,0.0053186994,Informer,1,test
2022-06-01,TLT,-4.908779,0.0073814946,-4.9832754,0.006851584,Informer,1,test
2022-06-02,GLD,-5.092653,0.0061417054,-5.3585596,0.004707682,Informer,1,test
2022-06-02,TLT,-5.24978,0.005248672,-5.1137495,0.006013493,Informer,1,test
2022-06-03,GLD,-5.619343,0.003627024,-5.371842,0.004645567,Informer,1,test
2022-06-03,TLT,-4.8349767,0.007946874,-5.1918015,0.0055619776,Informer,1,test
2022-06-06,GLD,-5.759725,0.003151978,-5.3226485,0.0048798122,Informer,1,test
2022-06-06,TLT,-4.986336,0.006830645,-5.114135,0.0060111764,Informer,1,test
2022-06-07,GLD,-5.756436,0.0031623626,-5.303341,0.0049749454,Informer,1,test
2022-06-07,TLT,-5.1742744,0.0056603225,-5.083782,0.0061964286,Informer,1,test
2022-06-08,GLD,-5.503231,0.004073588,-5.3505745,0.004745424,Informer,1,test
2022-06-08,TLT,-5.232166,0.005341943,-5.1278734,0.0059291557,Informer,1,test
2022-06-09,GLD,-4.3579164,0.012805041,-5.3771234,0.004621096,Informer,1,test
2022-06-09,TLT,-4.6386223,0.009671012,-5.1618013,0.005731366,Informer,1,test
2022-06-10,GLD,-5.1949244,0.005544636,-5.296832,0.005007432,Informer,1,test
2022-06-10,TLT,-4.2850423,0.013773039,-5.1515946,0.005790164,Informer,1,test
2022-06-13,GLD,-5.381243,0.004602097,-5.3180943,0.004902087,Informer,1,test
2022-06-13,TLT,-4.4299755,0.011914781,-5.0621,0.0063322484,Informer,1,test
2022-06-14,GLD,-4.4768043,0.011369689,-5.022149,0.006590348,Informer,1,test
2022-06-14,TLT,-4.4336734,0.011870803,-4.9306474,0.0072218264,Informer,1,test
2022-06-15,GLD,-4.8999104,0.0074472497,-5.051915,0.0063970704,Informer,1,test
2022-06-15,TLT,-4.2699347,0.013982696,-4.9547887,0.00704957,Informer,1,test
2022-06-16,GLD,-5.412945,0.0044584917,-5.1504364,0.0057968744,Informer,1,test
2022-06-16,TLT,-4.4387116,0.011811146,-4.978124,0.0068869693,Informer,1,test
2022-06-17,GLD,-5.160534,0.005738635,-5.3423223,0.004784746,Informer,1,test
2022-06-17,TLT,-4.862343,0.007732347,-5.0680346,0.0062947795,Informer,1,test
2022-06-21,GLD,-5.3348165,0.004820795,-5.049571,0.0064120833,Informer,1,test
2022-06-21,TLT,-5.283087,0.0050767357,-4.919014,0.0073063313,Informer,1,test
2022-06-22,GLD,-4.7971363,0.008253348,-5.1808286,0.0056233453,Informer,1,test
2022-06-22,TLT,-4.57484,0.010307947,-4.9613886,0.0070031965,Informer,1,test
2022-06-23,GLD,-5.6117516,0.0036546623,-5.176792,0.005646089,Informer,1,test
2022-06-23,TLT,-4.6919637,0.009168664,-5.0268703,0.0065593077,Informer,1,test
2022-06-24,GLD,-5.8632545,0.0028419793,-5.3694506,0.0046566892,Informer,1,test
2022-06-24,TLT,-5.0565886,0.0063672434,-5.0808554,0.0062145907,Informer,1,test
2022-06-27,GLD,-6.030555,0.0024041599,-5.3712635,0.0046482547,Informer,1,test
2022-06-27,TLT,-4.9756966,0.0069037084,-5.0095377,0.006673988,Informer,1,test
2022-06-28,GLD,-5.3052216,0.0049655978,-5.368076,0.0046630953,Informer,1,test
2022-06-28,TLT,-4.9506574,0.0070787542,-4.986221,0.0068314327,Informer,1,test
2022-06-29,GLD,-5.10478,0.0060676723,-5.291525,0.005034078,Informer,1,test
2022-06-29,TLT,-5.0739956,0.0062573683,-5.0145454,0.00664065,Informer,1,test
2022-06-30,GLD,-5.153438,0.0057795,-5.2148495,0.0054352516,Informer,1,test
2022-06-30,TLT,-4.241171,0.014390732,-5.023008,0.006584691,Informer,1,test
2022-07-01,GLD,-4.768413,0.008493849,-5.355523,0.0047219987,Informer,1,test
2022-07-01,TLT,-4.6549516,0.009514374,-5.0538034,0.0063850023,Informer,1,test
2022-07-05,GLD,-4.5488963,0.010578874,-5.283521,0.005074531,Informer,1,test
2022-07-05,TLT,-4.6715384,0.009357863,-5.0692883,0.006286893,Informer,1,test
2022-07-06,GLD,-5.474161,0.004193745,-5.080476,0.0062169502,Informer,1,test
2022-07-06,TLT,-4.928133,0.0072400076,-5.0282907,0.006549997,Informer,1,test
2022-07-07,GLD,-5.0065417,0.0066940133,-5.1867986,0.005589874,Informer,1,test
2022-07-07,TLT,-4.928243,0.0072392104,-5.0295305,0.0065418812,Informer,1,test
2022-07-08,GLD,-5.4699507,0.0042114398,-5.2773275,0.0051060584,Informer,1,test
2022-07-08,TLT,-5.1597724,0.0057430067,-5.1059093,0.006060825,Informer,1,test
2022-07-11,GLD,-5.612922,0.0036503866,-5.288348,0.0050500953,Informer,1,test
2022-07-11,TLT,-4.9042335,0.007415125,-5.1091547,0.0060411873,Informer,1,test
2022-07-12,GLD,-4.5990734,0.010061154,-5.2262907,0.00537342,Informer,1,test
2022-07-12,TLT,-4.314092,0.01337869,-5.061,0.006339218,Informer,1,test
2022-07-13,GLD,-4.953894,0.0070558786,-5.135416,0.0058846027,Informer,1,test
2022-07-13,TLT,-4.5927734,0.010124739,-5.002888,0.0067185145,Informer,1,test
2022-07-14,GLD,-5.5195837,0.004007516,-5.2906957,0.005038254,Informer,1,test
2022-07-14,TLT,-4.927126,0.0072473027,-5.067752,0.0062965597,Informer,1,test
2022-07-15,GLD,-5.308753,0.004948093,-5.3683553,0.0046617924,Informer,1,test
2022-07-15,TLT,-4.9895053,0.006809032,-5.1022663,0.006082945,Informer,1,test
2022-07-18,GLD,-6.041982,0.002376843,-5.324793,0.0048693595,Informer,1,test
2022-07-18,TLT,-4.754199,0.008615443,-5.1450434,0.005828222,Informer,1,test
2022-07-19,GLD,-5.391519,0.0045550484,-5.3467627,0.0047635473,Informer,1,test
2022-07-19,TLT,-4.834021,0.007954471,-5.058213,0.0063569075,Informer,1,test
2022-07-20,GLD,-5.328807,0.004849853,-5.332634,0.0048313276,Informer,1,test
2022-07-20,TLT,-4.9270062,0.00724817,-5.1051064,0.0060656937,Informer,1,test
2022-07-21,GLD,-4.854617,0.0077923164,-5.3770075,0.0046216315,Informer,1,test
2022-07-21,TLT,-4.8758774,0.0076283985,-5.18754,0.0055857305,Informer,1,test
2022-07-22,GLD,-5.6291924,0.0035914748,-5.4477997,0.0043057683,Informer,1,test
2022-07-22,TLT,-5.2279553,0.0053644828,-5.3151073,0.004916751,Informer,1,test
2022-07-25,GLD,-5.7935944,0.0030470104,-5.3513823,0.0047415923,Informer,1,test
2022-07-25,TLT,-4.7962475,0.008260687,-5.167957,0.005696195,Informer,1,test
2022-07-26,GLD,-4.604067,0.01001104,-5.3149624,0.0049174638,Informer,1,test
2022-07-26,TLT,-4.7498517,0.008652979,-5.047497,0.0064253975,Informer,1,test
2022-07-27,GLD,-5.6275206,0.003597484,-5.239478,0.005303024,Informer,1,test
2022-07-27,TLT,-4.6620774,0.0094468165,-5.1014214,0.006088087,Informer,1,test
2022-07-28,GLD,-5.1113925,0.0060276836,-5.3561316,0.0047191265,Informer,1,test
2022-07-28,TLT,-4.444177,0.011746768,-5.10542,0.006063791,Informer,1,test
2022-07-29,GLD,-5.452936,0.0042837085,-5.352506,0.004736266,Informer,1,test
2022-07-29,TLT,-4.889169,0.0075276736,-5.1641703,0.005717805,Informer,1,test
2022-08-01,GLD,-4.7681537,0.008496053,-5.377613,0.004618834,Informer,1,test
2022-08-01,TLT,-4.2197876,0.014701767,-5.1869626,0.005588957,Informer,1,test
2022-08-02,GLD,-5.109569,0.0060386844,-5.2373486,0.0053143287,Informer,1,test
2022-08-02,TLT,-4.193323,0.015096035,-5.036009,0.006499638,Informer,1,test
2022-08-03,GLD,-5.1656156,0.005709547,-5.2720933,0.005132855,Informer,1,test
2022-08-03,TLT,-5.159078,0.005746995,-4.952853,0.0070632272,Informer,1,test
2022-08-04,GLD,-5.5236106,0.0039914106,-5.3591084,0.004705099,Informer,1,test
2022-08-04,TLT,-5.008501,0.00668091,-5.1337504,0.0058944123,Informer,1,test
2022-08-05,GLD,-5.873753,0.0028122987,-5.4569683,0.0042664707,Informer,1,test
2022-08-05,TLT,-5.415541,0.0044469307,-5.131444,0.005908023,Informer,1,test
2022-08-08,GLD,-5.5191865,0.004009108,-5.42327,0.0044126925,Informer,1,test
2022-08-08,TLT,-5.23423,0.0053309277,-5.120326,0.005974075,Informer,1,test
2022-08-09,GLD,-5.243571,0.0052813645,-5.346591,0.004764365,Informer,1,test
2022-08-09,TLT,-4.3677926,0.012679198,-5.126504,0.0059372815,Informer,1,test
2022-08-10,GLD,-5.3326917,0.004831049,-5.3631687,0.004686034,Informer,1,test
2022-08-10,TLT,-4.394145,0.012349434,-5.0700617,0.0062820325,Informer,1,test
2022-08-11,GLD,-5.545692,0.0039042407,-5.4461703,0.0043127895,Informer,1,test
2022-08-11,TLT,-5.0242195,0.0065767174,-5.172471,0.005670539,Informer,1,test
2022-08-12,GLD,-5.7167773,0.0032902975,-5.5233736,0.0039923564,Informer,1,test
2022-08-12,TLT,-5.058135,0.006357405,-5.194789,0.0055453866,Informer,1,test
2022-08-15,GLD,-6.0877204,0.002270579,-5.489328,0.0041306196,Informer,1,test
2022-08-15,TLT,-4.575312,0.010303083,-5.1853733,0.0055978466,Informer,1,test
2022-08-16,GLD,-5.4169874,0.0044405037,-5.4996014,0.004088401,Informer,1,test
2022-08-16,TLT,-5.4016027,0.004509348,-5.1454554,0.005825821,Informer,1,test
2022-08-17,GLD,-5.238506,0.005308182,-5.4550047,0.0042748568,Informer,1,test
2022-08-17,TLT,-5.04596,0.0064352797,-5.2097225,0.0054631894,Informer,1,test
2022-08-18,GLD,-5.708416,0.003317924,-5.450513,0.0042941016,Informer,1,test
2022-08-18,TLT,-5.6253915,0.0036051515,-5.1663275,0.0057054837,Informer,1,test
2022-08-19,GLD,-5.707274,0.0033217154,-5.6097617,0.0036619417,Informer,1,test
2022-08-19,TLT,-5.2791076,0.0050969776,-5.4536123,0.004280813,Informer,1,test
2022-08-22,GLD,-5.1439595,0.0058345417,-5.492937,0.004115738,Informer,1,test
2022-08-22,TLT,-4.5195007,0.010894462,-5.2503815,0.005245517,Informer,1,test
2022-08-23,GLD,-5.4255652,0.004402577,-5.3993874,0.004519349,Informer,1,test
2022-08-23,TLT,-5.077829,0.0062334277,-5.1559057,0.005765256,Informer,1,test
2022-08-24,GLD,-5.766059,0.003132077,-5.4500012,0.0042962995,Informer,1,test
2022-08-24,TLT,-4.553128,0.010534205,-5.217649,0.0054200566,Informer,1,test
2022-08-25,GLD,-4.920753,0.0072936364,-5.4683323,0.004218261,Informer,1,test
2022-08-25,TLT,-4.6013393,0.010038382,-5.1600986,0.005741134,Informer,1,test
2022-08-26,GLD,-5.518721,0.0040109744,-5.4972873,0.004097873,Informer,1,test
2022-08-26,TLT,-5.2327294,0.0053389333,-5.265,0.0051693935,Informer,1,test
2022-08-29,GLD,-5.5765553,0.0037855834,-5.3964605,0.0045325956,Informer,1,test
2022-08-29,TLT,-4.8375244,0.007926653,-5.153959,0.0057764915,Informer,1,test
2022-08-30,GLD,-5.1633058,0.0057227504,-5.279547,0.0050947373,Informer,1,test
2022-08-30,TLT,-4.593493,0.010117456,-5.044916,0.0064420006,Informer,1,test
2022-08-31,GLD,-5.3718567,0.004645498,-5.1372833,0.0058736247,Informer,1,test
2022-08-31,TLT,-4.7899704,0.008312703,-4.999117,0.0067439,Informer,1,test
2022-09-01,GLD,-5.5063505,0.004060901,-5.412752,0.0044593504,Informer,1,test
2022-09-01,TLT,-5.066272,0.006305886,-5.1195116,0.0059789424,Informer,1,test
2022-09-02,GLD,-5.5562916,0.0038630757,-5.4839897,0.0041527282,Informer,1,test
2022-09-02,TLT,-5.102123,0.006083818,-5.1804333,0.0056255683,Informer,1,test
2022-09-06,GLD,-5.120289,0.005974297,-5.333188,0.0048286514,Informer,1,test
2022-09-06,TLT,-5.023082,0.0065842043,-5.137365,0.005873146,Informer,1,test
2022-09-07,GLD,-5.3787236,0.004613707,-5.2642584,0.005173228,Informer,1,test
2022-09-07,TLT,-4.770607,0.008475234,-5.057518,0.0063613285,Informer,1,test
2022-09-08,GLD,-5.612622,0.0036514835,-5.3629684,0.0046869726,Informer,1,test
2022-09-08,TLT,-4.873788,0.0076443544,-5.132057,0.0059044017,Informer,1,test
2022-09-09,GLD,-5.4212475,0.004421627,-5.4590416,0.0042576343,Informer,1,test
2022-09-09,TLT,-4.521577,0.010871867,-5.162523,0.005727233,Informer,1,test
2022-09-12,GLD,-5.544693,0.003908143,-5.4037533,0.004499661,Informer,1,test
2022-09-12,TLT,-4.8879848,0.007536595,-5.095378,0.0061249915,Informer,1,test
2022-09-13,GLD,-5.3513412,0.004741787,-5.428035,0.004391718,Informer,1,test
2022-09-13,TLT,-5.1311364,0.0059098406,-5.113436,0.006015377,Informer,1,test
2022-09-14,GLD,-4.5192614,0.01089707,-5.225148,0.0053795627,Informer,1,test
2022-09-14,TLT,-5.5371027,0.0039379196,-5.091154,0.006150917,Informer,1,test
2022-09-15,GLD,-4.7188544,0.008925397,-5.2307477,0.005349524,Informer,1,test
2022-09-15,TLT,-4.77673,0.008423498,-5.226041,0.0053747627,Informer,1,test
2022-09-16,GLD,-5.673597,0.003435486,-5.359455,0.004703468,Informer,1,test
2022-09-16,TLT,-5.053253,0.0063885166,-5.328991,0.0048489603,Informer,1,test
2022-09-19,GLD,-5.8372135,0.0029169593,-5.2575026,0.005208296,Informer,1,test
2022-09-19,TLT,-4.7088003,0.009015587,-5.228572,0.005361176,Informer,1,test
2022-09-20,GLD,-4.2196336,0.014704031,-5.306457,0.004959467,Informer,1,test
2022-09-20,TLT,-4.48235,0.011306812,-5.1351123,0.0058863903,Informer,1,test
2022-09-21,GLD,-5.336025,0.0048149712,-5.1210265,0.005969892,Informer,1,test
2022-09-21,TLT,-4.870811,0.0076671448,-5.091859,0.0061465837,Informer,1,test
2022-09-22,GLD,-5.2720566,0.005133043,-5.252225,0.005235856,Informer,1,test
2022-09-22,TLT,-4.393789,0.012353834,-5.127411,0.005931899,Informer,1,test
2022-09-23,GLD,-4.8082714,0.008161956,-5.346424,0.0047651604,Informer,1,test
2022-09-23,TLT,-4.5115705,0.010981201,-5.046576,0.0064313165,Informer,1,test
2022-09-26,GLD,-5.3135176,0.0049245735,-5.1833344,0.005609272,Informer,1,test
2022-09-26,TLT,-4.6426544,0.009632096,-5.051406,0.006400329,Informer,1,test
2022-09-27,GLD,-5.0147395,0.0066393614,-5.1314096,0.005908226,Informer,1,test
2022-09-27,TLT,-4.475621,0.011383149,-4.9288883,0.0072345412,Informer,1,test
2022-09-28,GLD,-4.7888694,0.008321861,-5.061576,0.0063355677,Informer,1,test
2022-09-28,TLT,-4.8071117,0.008171427,-4.927435,0.007245064,Informer,1,test
2022-09-29,GLD,-5.019996,0.006604552,-5.1523237,0.005785944,Informer,1,test
2022-09-29,TLT,-4.2515836,0.014241664,-5.0481606,0.006421134,Informer,1,test
2022-09-30,GLD,-4.7527676,0.008627784,-4.9937134,0.0067804395,Informer,1,test
2022-09-30,TLT,-4.564928,0.010410628,-4.907463,0.0073912153,Informer,1,test
2022-10-03,GLD,-4.8929577,0.007499209,-5.0478563,0.006423088,Informer,1,test
2022-10-03,TLT,-4.7766724,0.008423984,-4.9573956,0.0070312163,Informer,1,test
2022-10-04,GLD,-4.919311,0.0073041613,-5.0594993,0.006348738,Informer,1,test
2022-10-04,TLT,-4.7503624,0.00864856,-4.9556203,0.00704371,Informer,1,test
2022-10-05,GLD,-5.4477453,0.0043060025,-5.0067673,0.0066925036,Informer,1,test
2022-10-05,TLT,-4.7947917,0.008272721,-4.9670324,0.006963783,Informer,1,test
2022-10-06,GLD,-5.232558,0.0053398497,-5.1164217,0.0059974454,Informer,1,test
2022-10-06,TLT,-4.831948,0.00797098,-5.062747,0.006328152,Informer,1,test
2022-10-07,GLD,-5.2448974,0.005274363,-5.170721,0.005680471,Informer,1,test
2022-10-07,TLT,-4.594624,0.01010602,-5.1045485,0.0060690786,Informer,1,test
2022-10-10,GLD,-4.7709765,0.008472103,-5.1009183,0.0060911505,Informer,1,test
2022-10-10,TLT,-4.3055897,0.013492927,-5.0354204,0.0065034633,Informer,1,test
2022-10-11,GLD,-5.4572945,0.0042650793,-5.003566,0.0067139636,Informer,1,test
2022-10-11,TLT,-4.982869,0.006854368,-5.008152,0.0066832425,Informer,1,test
2022-10-12,GLD,-4.4642534,0.011513288,-5.1489415,0.0058055464,Informer,1,test
2022-10-12,TLT,-4.3432093,0.012994758,-5.0439224,0.0064484053,Informer,1,test
2022-10-13,GLD,-5.2280374,0.0053640427,-5.0654345,0.0063111684,Informer,1,test
2022-10-13,TLT,-4.666197,0.009407982,-5.0242586,0.0065764603,Informer,1,test
2022-10-14,GLD,-4.96954,0.0069463416,-5.238119,0.0053102355,Informer,1,test
2022-10-14,TLT,-4.633836,0.009717413,-5.0799046,0.006220503,Informer,1,test
2022-10-17,GLD,-5.425672,0.0044021066,-5.0670757,0.0063008186,Informer,1,test
2022-10-17,TLT,-4.4855227,0.011270994,-5.0136623,0.0066465167,Informer,1,test
2022-10-18,GLD,-5.495608,0.0041047605,-5.183199,0.0056100315,Informer,1,test
2022-10-18,TLT,-4.9876204,0.0068218787,-4.9949303,0.006772193,Informer,1,test
2022-10-19,GLD,-4.7220383,0.008897025,-5.180089,0.0056275055,Informer,1,test
2022-10-19,TLT,-4.648427,0.009576654,-5.0646453,0.006316151,Informer,1,test
2022-10-20,GLD,-4.916879,0.007321946,-5.1083937,0.0060457867,Informer,1,test
2022-10-20,TLT,-4.370471,0.012645283,-5.0417604,0.0064623617,Informer,1,test
2022-10-21,GLD,-5.3963585,0.004533058,-5.3617263,0.004692798,Informer,1,test
2022-10-21,TLT,-4.3694825,0.0126577895,-5.176091,0.005650048,Informer,1,test
2022-10-24,GLD,-5.4270387,0.004396095,-5.211596,0.0054529635,Informer,1,test
2022-10-24,TLT,-5.3287125,0.0048503107,-5.039282,0.006478399,Informer,1,test
2022-10-25,GLD,-5.4604425,0.004251674,-5.10398,0.006072529,Informer,1,test
2022-10-25,TLT,-5.282693,0.0050787358,-5.0630627,0.006326155,Informer,1,test
2022-10-26,GLD,-5.5274944,0.0039759385,-5.1577187,0.0057548136,Informer,1,test
2022-10-26,TLT,-4.4369545,0.011831918,-5.0708456,0.00627711,Informer,1,test
2022-10-27,GLD,-5.3524103,0.00473672,-5.294374,0.005019756,Informer,1,test
2022-10-27,TLT,-4.723571,0.008883401,-5.073821,0.00625846,Informer,1,test
2022-10-28,GLD,-5.419068,0.004431275,-5.368582,0.004660737,Informer,1,test
2022-10-28,TLT,-4.454897,0.011621518,-5.1283984,0.0059260437,Informer,1,test
2022-10-31,GLD,-5.3176756,0.00490414,-5.159707,0.005743382,Informer,1,test
2022-10-31,TLT,-4.837385,0.007927757,-4.9679036,0.0069577186,Informer,1,test
2022-11-01,GLD,-4.3718495,0.012627863,-5.2932444,0.0050254297,Informer,1,test
2022-11-01,TLT,-4.451924,0.01165612,-5.0467434,0.0064302403,Informer,1,test
2022-11-02,GLD,-5.3756657,0.0046278373,-5.127861,0.0059292293,Informer,1,test
2022-11-02,TLT,-4.7670937,0.008505063,-5.0582075,0.006356944,Informer,1,test
2022-11-03,GLD,-5.052377,0.0063941153,-5.2829256,0.005077554,Informer,1,test
2022-11-03,TLT,-4.7065606,0.0090358015,-5.1172237,0.005992637,Informer,1,test
2022-11-04,GLD,-5.773414,0.0031091245,-5.3183947,0.0049006147,Informer,1,test
2022-11-04,TLT,-4.978123,0.006886976,-5.1659627,0.0057075657,Informer,1,test
2022-11-07,GLD,-4.5246406,0.010838609,-5.2985196,0.004998989,Informer,1,test
2022-11-07,TLT,-4.7936225,0.0082824,-5.1205187,0.005972924,Informer,1,test
2022-11-08,GLD,-4.8335,0.007958618,-5.0543385,0.006381587,Informer,1,test
2022-11-08,TLT,-4.7681303,0.008496251,-5.0941467,0.006132537,Informer,1,test
2022-11-09,GLD,-5.1561675,0.005763747,-5.107611,0.006050519,Informer,1,test
2022-11-09,TLT,-4.752309,0.008631743,-5.103979,0.006072535,Informer,1,test
2022-11-10,GLD,-5.43647,0.0043548285,-5.0821004,0.0062068584,Informer,1,test
2022-11-10,TLT,-5.1786947,0.0056353575,-5.1282644,0.005926838,Informer,1,test
2022-11-11,GLD,-5.570455,0.0038087468,-5.2849226,0.0050674244,Informer,1,test
2022-11-11,TLT,-5.065344,0.0063117403,-5.1977124,0.0055291983,Informer,1,test
2022-11-14,GLD,-4.949461,0.007087228,-5.246876,0.0052639386,Informer,1,test
2022-11-14,TLT,-5.1354866,0.0058841878,-5.1169796,0.0059941,Informer,1,test
2022-11-15,GLD,-5.625801,0.0036036752,-5.1636066,0.005721029,Informer,1,test
2022-11-15,TLT,-4.7697535,0.008482471,-5.120851,0.005970939,Informer,1,test
2022-11-16,GLD,-5.80053,0.0030259506,-5.2081604,0.00547173,Informer,1,test
2022-11-16,TLT,-5.1997614,0.005517881,-5.097416,0.0061125215,Informer,1,test
2022-11-17,GLD,-5.584735,0.003754745,-5.33635,0.004813408,Informer,1,test
2022-11-17,TLT,-4.9144464,0.00733978,-5.1865673,0.0055911667,Informer,1,test
2022-11-18,GLD,-5.323144,0.0048773955,-5.5526476,0.0038771785,Informer,1,test
2022-11-18,TLT,-5.1093526,0.006039992,-5.2919936,0.005031719,Informer,1,test
2022-11-21,GLD,-5.590082,0.0037347209,-5.384124,0.004588859,Informer,1,test
2022-11-21,TLT,-5.1734,0.0056652743,-5.167508,0.0056987517,Informer,1,test
2022-11-22,GLD,-5.2942476,0.0050203903,-5.4049835,0.0044941283,Informer,1,test
2022-11-22,TLT,-5.414714,0.0044506113,-5.1547213,0.0057720887,Informer,1,test
2022-11-23,GLD,-5.9758368,0.0025393763,-5.3726788,0.0046416805,Informer,1,test
2022-11-23,TLT,-5.8215647,0.0029629655,-5.2191224,0.0054120766,Informer,1,test
2022-11-25,GLD,-5.736642,0.003225582,-5.515645,0.004023331,Informer,1,test
2022-11-25,TLT,-4.9277215,0.007242988,-5.3767385,0.004622875,Informer,1,test
2022-11-28,GLD,-5.4117975,0.00446361,-5.450025,0.004296197,Informer,1,test
2022-11-28,TLT,-4.937312,0.007173855,-5.24874,0.0052541336,Informer,1,test
2022-11-29,GLD,-4.65487,0.0095151495,-5.371975,0.0046449485,Informer,1,test
2022-11-29,TLT,-5.0246844,0.0065736608,-5.2332573,0.0053361156,Informer,1,test
2022-11-30,GLD,-5.553922,0.0038722397,-5.1488757,0.0058059287,Informer,1,test
2022-11-30,TLT,-4.628805,0.009766421,-5.1007047,0.006092452,Informer,1,test
2022-12-01,GLD,-5.109684,0.0060379906,-5.394131,0.0045431657,Informer,1,test
2022-12-01,TLT,-4.3489757,0.012920041,-5.233277,0.0053360113,Informer,1,test
2022-12-02,GLD,-5.0721674,0.0062688184,-5.4190187,0.004431493,Informer,1,test
2022-12-02,TLT,-4.939217,0.007160202,-5.2744184,0.0051209345,Informer,1,test
2022-12-05,GLD,-5.410317,0.004470223,-5.39181,0.004553724,Informer,1,test
2022-12-05,TLT,-4.8926873,0.007501237,-5.237664,0.0053126514,Informer,1,test
2022-12-06,GLD,-5.3797526,0.0046089618,-5.2507787,0.005243434,Informer,1,test
2022-12-06,TLT,-4.9236884,0.0072722584,-5.085842,0.0061836774,Informer,1,test
2022-12-07,GLD,-5.487026,0.0041401377,-5.209195,0.0054660714,Informer,1,test
2022-12-07,TLT,-5.155631,0.0057668397,-5.144402,0.0058319606,Informer,1,test
2022-12-08,GLD,-5.074879,0.006251842,-5.3650436,0.004677256,Informer,1,test
2022-12-08,TLT,-4.785109,0.008353213,-5.2200384,0.0054071215,Informer,1,test
2022-12-09,GLD,-5.498756,0.004091859,-5.386689,0.004577102,Informer,1,test
2022-12-09,TLT,-4.5981517,0.010070432,-5.227517,0.005366834,Informer,1,test
2022-12-12,GLD,-4.9693584,0.006947604,-5.3984365,0.004523648,Informer,1,test
2022-12-12,TLT,-4.923742,0.00727187,-5.0947666,0.006128737,Informer,1,test
2022-12-13,GLD,-4.972819,0.006923604,-5.256158,0.005215304,Informer,1,test
2022-12-13,TLT,-4.716664,0.008944971,-5.085737,0.006184326,Informer,1,test
2022-12-14,GLD,-5.399638,0.0045182155,-5.2646065,0.0051714275,Informer,1,test
2022-12-14,TLT,-5.0774984,0.006235488,-5.097704,0.0061107613,Informer,1,test
2022-12-15,GLD,-5.547298,0.0038979754,-5.3454547,0.004769782,Informer,1,test
2022-12-15,TLT,-4.6470137,0.009590199,-5.225512,0.0053776056,Informer,1,test
2022-12-16,GLD,-5.3977437,0.0045267832,-5.507498,0.004056244,Informer,1,test
2022-12-16,TLT,-5.3206296,0.004889674,-5.3317823,0.004835444,Informer,1,test
2022-12-19,GLD,-5.27032,0.005141965,-5.366703,0.004669501,Informer,1,test
2022-12-19,TLT,-5.3309674,0.004839386,-5.268078,0.005153507,Informer,1,test
2022-12-20,GLD,-5.469545,0.004213149,-5.253853,0.0052273395,Informer,1,test
2022-12-20,TLT,-4.692227,0.009166251,-5.1954675,0.005541625,Informer,1,test
2022-12-21,GLD,-5.088161,0.006169355,-5.3006797,0.0049882024,Informer,1,test
2022-12-21,TLT,-5.289722,0.005043162,-5.193348,0.0055533834,Informer,1,test
2022-12-22,GLD,-5.3798757,0.004608395,-5.366254,0.0046715993,Informer,1,test
2022-12-22,TLT,-5.33463,0.0048216935,-5.348623,0.0047546946,Informer,1,test
2022-12-23,GLD,-4.4755125,0.011384386,-5.418454,0.0044339956,Informer,1,test
2022-12-23,TLT,-4.9430547,0.0071327765,-5.3568735,0.0047156266,Informer,1,test
2022-12-27,GLD,-5.2586946,0.005202091,-5.184027,0.005605387,Informer,1,test
2022-12-27,TLT,-4.899864,0.0074475943,-5.237399,0.00531406,Informer,1,test
2022-12-28,GLD,-5.719608,0.0032809973,-5.292797,0.005027678,Informer,1,test
2022-12-28,TLT,-4.9977136,0.0067533706,-5.203956,0.005494783,Informer,1,test
2022-12-29,GLD,-5.4315434,0.0043763365,-5.3694825,0.00465654,Informer,1,test
2022-12-29,TLT,-4.8133545,0.008120573,-5.2432137,0.005283251,Informer,1,test
2022-12-30,GLD,-4.767124,0.008504803,-5.4847665,0.004149504,Informer,1,test
2022-12-30,TLT,-4.665633,0.009413286,-5.301874,0.0049822475,Informer,1,test
2023-01-03,GLD,-5.2908106,0.005037675,-5.3535748,0.0047312076,Informer,1,test
2023-01-03,TLT,-4.774546,0.008441915,-5.170494,0.005681761,Informer,1,test
2023-01-04,GLD,-5.3183107,0.004901026,-5.3575764,0.004712313,Informer,1,test
2023-01-04,TLT,-5.1237197,0.0059538353,-5.1318703,0.0059055053,Informer,1,test
2023-01-05,GLD,-4.7432475,0.008710314,-5.38623,0.0045792046,Informer,1,test
2023-01-05,TLT,-4.569579,0.01036232,-5.2343664,0.005330201,Informer,1,test
2023-01-06,GLD,-5.4106965,0.0044685267,-5.4380283,0.0043480475,Informer,1,test
2023-01-06,TLT,-4.837403,0.007927617,-5.2683253,0.0051522315,Informer,1,test
2023-01-09,GLD,-5.5997543,0.0036987723,-5.370302,0.004652725,Informer,1,test
2023-01-09,TLT,-4.7839403,0.0083629815,-5.214176,0.005438912,Informer,1,test
2023-01-10,GLD,-5.446063,0.0043132524,-5.286869,0.0050575705,Informer,1,test
2023-01-10,TLT,-5.216532,0.005426113,-5.1666903,0.005703414,Informer,1,test
2023-01-11,GLD,-4.9592795,0.007017982,-5.392585,0.0045501967,Informer,1,test
2023-01-11,TLT,-3.991853,0.018465467,-5.1895466,0.0055745337,Informer,1,test
2023-01-12,GLD,-5.411821,0.0044635055,-5.354597,0.0047263736,Informer,1,test
2023-01-12,TLT,-4.6936793,0.009152947,-5.138211,0.0058681797,Informer,1,test
2023-01-13,GLD,-5.513483,0.004032039,-5.568591,0.0038158528,Informer,1,test
2023-01-13,TLT,-5.063064,0.006326146,-5.3072653,0.00495546,Informer,1,test
2023-01-17,GLD,-5.0543675,0.0063814013,-5.47421,0.004193541,Informer,1,test
2023-01-17,TLT,-4.531476,0.010764775,-5.163416,0.00572212,Informer,1,test
2023-01-18,GLD,-5.1927314,0.0055568083,-5.399268,0.0045198877,Informer,1,test
2023-01-18,TLT,-5.110518,0.006032957,-5.12167,0.005966053,Informer,1,test
2023-01-19,GLD,-5.545301,0.0039057676,-5.4642878,0.0042353566,Informer,1,test
2023-01-19,TLT,-5.1096044,0.0060384716,-5.259604,0.0051973625,Informer,1,test
2023-01-20,GLD,-5.097675,0.0061109387,-5.62421,0.003609414,Informer,1,test
2023-01-20,TLT,-5.3642106,0.004681154,-5.3678675,0.004664067,Informer,1,test
2023-01-23,GLD,-4.911872,0.0073587005,-5.379149,0.004611745,Informer,1,test
2023-01-23,TLT,-4.414982,0.012094773,-5.2320423,0.0053426027,Informer,1,test
2023-01-24,GLD,-5.397927,0.0045259544,-5.3268394,0.004859404,Informer,1,test
2023-01-24,TLT,-4.7858357,0.008347144,-5.1108665,0.006030855,Informer,1,test
2023-01-25,GLD,-5.000089,0.0067373463,-5.4592533,0.004256733,Informer,1,test
2023-01-25,TLT,-4.8790283,0.0076043997,-5.209647,0.005463601,Informer,1,test
2023-01-26,GLD,-5.155909,0.005765237,-5.4217257,0.004419513,Informer,1,test
2023-01-26,TLT,-5.3485284,0.0047551435,-5.249909,0.005247996,Informer,1,test
2023-01-27,GLD,-6.003267,0.0024706677,-5.585091,0.0037534079,Informer,1,test
2023-01-27,TLT,-5.0549674,0.0063775745,-5.3609505,0.00469644,Informer,1,test
2023-01-30,GLD,-5.497694,0.0040962063,-5.5374947,0.0039363764,Informer,1,test
2023-01-30,TLT,-4.678818,0.009289986,-5.277606,0.005104637,Informer,1,test
2023-01-31,GLD,-4.5836167,0.010217874,-5.322958,0.0048783026,Informer,1,test
2023-01-31,TLT,-4.2827845,0.013804171,-5.100324,0.0060947705,Informer,1,test
2023-02-01,GLD,-4.9028544,0.0074253576,-5.4436526,0.004323662,Informer,1,test
2023-02-01,TLT,-4.9007187,0.0074412334,-5.2105646,0.005458591,Informer,1,test
2023-02-02,GLD,-4.854695,0.0077917106,-5.4484034,0.00430317,Informer,1,test
2023-02-02,TLT,-4.9878273,0.0068204673,-5.2968564,0.0050073103,Informer,1,test
2023-02-03,GLD,-5.363222,0.0046857838,-5.3784523,0.004614959,Informer,1,test
2023-02-03,TLT,-5.4976435,0.0040964135,-5.3559327,0.004720065,Informer,1,test
2023-02-06,GLD,-4.9281297,0.007240032,-5.32617,0.0048626587,Informer,1,test
2023-02-06,TLT,-4.81847,0.008079139,-5.3193126,0.0048961183,Informer,1,test
2023-02-07,GLD,-5.4472027,0.0043083397,-5.1736794,0.0056636916,Informer,1,test
2023-02-07,TLT,-4.90571,0.0074041826,-5.200403,0.0055143405,Informer,1,test
2023-02-08,GLD,-5.079386,0.006223728,-5.293305,0.005025125,Informer,1,test
2023-02-08,TLT,-4.621396,0.0098390505,-5.2470827,0.0052628494,Informer,1,test
2023-02-09,GLD,-5.478093,0.0041772877,-5.371004,0.0046494603,Informer,1,test
2023-02-09,TLT,-5.0113163,0.006662128,-5.2817793,0.005083378,Informer,1,test
2023-02-10,GLD,-5.711098,0.0033090366,-5.5153446,0.00402454,Informer,1,test
2023-02-10,TLT,-5.366541,0.004670258,-5.3820953,0.004598177,Informer,1,test
2023-02-13,GLD,-4.7921004,0.008295016,-5.5104475,0.004044297,Informer,1,test
2023-02-13,TLT,-4.470459,0.011442063,-5.3217316,0.004884289,Informer,1,test
2023-02-14,GLD,-5.7215004,0.0032747937,-5.3425145,0.0047838264,Informer,1,test
2023-02-14,TLT,-4.6600137,0.009466333,-5.1773252,0.00564308,Informer,1,test
2023-02-15,GLD,-5.017062,0.0066239582,-5.523228,0.003992937,Informer,1,test
2023-02-15,TLT,-5.2129793,0.005445426,-5.272941,0.0051285047,Informer,1,test
2023-02-16,GLD,-5.066426,0.006304915,-5.490176,0.004127117,Informer,1,test
2023-02-16,TLT,-5.129886,0.005917234,-5.346598,0.004764331,Informer,1,test
2023-02-17,GLD,-5.4466624,0.004310668,-5.5997944,0.0036986242,Informer,1,test
2023-02-17,TLT,-5.2587767,0.0052016643,-5.460529,0.004251307,Informer,1,test
2023-02-21,GLD,-5.515902,0.0040222974,-5.417141,0.004439822,Informer,1,test
2023-02-21,TLT,-5.344251,0.004775526,-5.3042126,0.0049706106,Informer,1,test
2023-02-22,GLD,-5.4574337,0.0042644856,-5.3704524,0.004652026,Informer,1,test
2023-02-22,TLT,-5.0789347,0.0062265387,-5.2194986,0.0054100407,Informer,1,test
2023-02-23,GLD,-5.908896,0.002715183,-5.431839,0.004375043,Informer,1,test
2023-02-23,TLT,-4.80714,0.008171197,-5.2736845,0.0051246937,Informer,1,test
2023-02-24,GLD,-5.875803,0.0028065396,-5.6024456,0.0036888313,Informer,1,test
2023-02-24,TLT,-5.201427,0.005508698,-5.3046284,0.0049685445,Informer,1,test
2023-02-27,GLD,-5.1369557,0.0058755493,-5.5499907,0.0038874936,Informer,1,test
2023-02-27,TLT,-4.9267545,0.007249995,-5.2761526,0.0051120613,Informer,1,test
2023-02-28,GLD,-5.4819174,0.004161343,-5.2785482,0.0050998293,Informer,1,test
2023-02-28,TLT,-4.9623213,0.006996668,-5.1012335,0.006089231,Informer,1,test
2023-03-01,GLD,-5.9844623,0.0025175672,-5.493039,0.004115318,Informer,1,test
2023-03-01,TLT,-5.3362994,0.004813651,-5.2635202,0.005177048,Informer,1,test
2023-03-02,GLD,-5.2015796,0.0055078575,-5.5736494,0.0037965998,Informer,1,test
2023-03-02,TLT,-4.9351745,0.007189207,-5.2992287,0.0049954457,Informer,1,test
2023-03-03,GLD,-6.0787706,0.0022909914,-5.552153,0.0038790961,Informer,1,test
2023-03-03,TLT,-5.047582,0.006424849,-5.355529,0.0047219717,Informer,1,test
2023-03-06,GLD,-5.348189,0.0047567585,-5.578603,0.0037778402,Informer,1,test
2023-03-06,TLT,-4.5809765,0.010244887,-5.3163166,0.004910809,Informer,1,test
2023-03-07,GLD,-5.410809,0.004468024,-5.491397,0.004122082,Informer,1,test
2023-03-07,TLT,-4.592524,0.010127264,-5.190442,0.005569544,Informer,1,test
2023-03-08,GLD,-5.643013,0.0035421797,-5.4740887,0.004194049,Informer,1,test
2023-03-08,TLT,-4.876849,0.0076209884,-5.189499,0.0055747996,Informer,1,test
2023-03-09,GLD,-5.5334663,0.0039522653,-5.581517,0.0037668461,Informer,1,test
2023-03-09,TLT,-5.011849,0.0066585806,-5.257699,0.0052072727,Informer,1,test
2023-03-10,GLD,-5.2167983,0.0054246695,-5.558789,0.003853441,Informer,1,test
2023-03-10,TLT,-3.7716727,0.023013536,-5.2553883,0.0052193194,Informer,1,test
2023-03-13,GLD,-5.2580433,0.0052054804,-5.414632,0.0044509764,Informer,1,test
2023-03-13,TLT,-4.5183954,0.01090651,-5.108243,0.0060466975,Informer,1,test
2023-03-14,GLD,-4.5861583,0.010191938,-5.3271008,0.0048581343,Informer,1,test
2023-03-14,TLT,-4.1894984,0.015153884,-5.0800085,0.006219856,Informer,1,test
2023-03-15,GLD,-5.0768905,0.00623928,-5.251786,0.0052381535,Informer,1,test
2023-03-15,TLT,-4.1637845,0.015548603,-4.976108,0.006900868,Informer,1,test
2023-03-16,GLD,-4.3813896,0.012507965,-5.4158754,0.0044454443,Informer,1,test
2023-03-16,TLT,-4.7909937,0.008304201,-5.075721,0.006246582,Informer,1,test
2023-03-17,GLD,-4.986525,0.006829355,-5.5283046,0.003972719,Informer,1,test
2023-03-17,TLT,-5.11768,0.005989903,-5.222582,0.0053933864,Informer,1,test
2023-03-20,GLD,-4.8534703,0.0078012575,-5.2964087,0.0050095525,Informer,1,test
2023-03-20,TLT,-5.1313734,0.0059084403,-5.126717,0.005936016,Informer,1,test
2023-03-21,GLD,-4.635592,0.009700363,-5.0881515,0.0061694137,Informer,1,test
2023-03-21,TLT,-4.73801,0.008756054,-5.100039,0.006096509,Informer,1,test
2023-03-22,GLD,-4.827995,0.008002551,-5.0506845,0.006404948,Informer,1,test
2023-03-22,TLT,-4.621873,0.00983436,-5.1216393,0.0059662345,Informer,1,test
2023-03-23,GLD,-5.079838,0.006220918,-5.188863,0.005578347,Informer,1,test
2023-03-23,TLT,-4.877425,0.0076166,-5.2098064,0.005462731,Informer,1,test
2023-03-24,GLD,-5.3006983,0.0049881097,-5.253056,0.005231506,Informer,1,test
2023-03-24,TLT,-4.749702,0.008654274,-5.2406893,0.0052966047,Informer,1,test
2023-03-27,GLD,-5.438388,0.004346485,-5.252505,0.005234391,Informer,1,test
2023-03-27,TLT,-5.4905376,0.0041256254,-5.205304,0.005487381,Informer,1,test
2023-03-28,GLD,-5.525744,0.0039829044,-5.3152137,0.0049162284,Informer,1,test
2023-03-28,TLT,-5.4185295,0.0044336617,-5.192461,0.005558311,Informer,1,test
2023-03-29,GLD,-5.214247,0.0054385257,-5.3203793,0.0048908982,Informer,1,test
2023-03-29,TLT,-5.325167,0.0048675374,-5.2254043,0.0053781853,Informer,1,test
2023-03-30,GLD,-5.2096205,0.005463747,-5.4047832,0.0044950284,Informer,1,test
2023-03-30,TLT,-4.844653,0.007870347,-5.324806,0.0048692944,Informer,1,test
2023-03-31,GLD,-5.086535,0.0061793947,-5.338836,0.0048014554,Informer,1,test
2023-03-31,TLT,-4.791969,0.008296108,-5.220838,0.005402799,Informer,1,test
2023-04-03,GLD,-4.8197803,0.008068559,-5.4655237,0.004230125,Informer,1,test
2023-04-03,TLT,-4.5049553,0.011054085,-5.2855806,0.0050640907,Informer,1,test
2023-04-04,GLD,-4.8733892,0.0076474026,-5.362251,0.004690337,Informer,1,test
2023-04-04,TLT,-5.1755443,0.005653139,-5.2259436,0.0053752856,Informer,1,test
2023-04-05,GLD,-5.3428807,0.004782075,-5.361864,0.004692151,Informer,1,test
2023-04-05,TLT,-5.7892523,0.0030602696,-5.31083,0.004937826,Informer,1,test
2023-04-06,GLD,-5.4100857,0.0044712573,-5.349433,0.004750844,Informer,1,test
2023-04-06,TLT,-5.0910106,0.0061518,-5.383014,0.004593954,Informer,1,test
2023-04-10,GLD,-5.787229,0.0030664674,-5.389028,0.0045664096,Informer,1,test
2023-04-10,TLT,-5.5651336,0.003829069,-5.347782,0.0047586933,Informer,1,test
2023-04-11,GLD,-5.068703,0.0062905727,-5.428577,0.0043893377,Informer,1,test
2023-04-11,TLT,-4.766227,0.008512439,-5.326431,0.00486139,Informer,1,test
2023-04-12,GLD,-5.2416635,0.0052914475,-5.342779,0.0047825607,Informer,1,test
2023-04-12,TLT,-4.811141,0.008138568,-5.2466073,0.005265352,Informer,1,test
2023-04-13,GLD,-4.492424,0.011193478,-5.507739,0.004055266,Informer,1,test
2023-04-13,TLT,-5.3154774,0.004914932,-5.3424854,0.0047839656,Informer,1,test
2023-04-14,GLD,-4.977756,0.0068895053,-5.463896,0.004237017,Informer,1,test
2023-04-14,TLT,-5.3336687,0.004826331,-5.4594164,0.004256039,Informer,1,test
2023-04-17,GLD,-5.021064,0.0065975045,-5.3024483,0.004979388,Informer,1,test
2023-04-17,TLT,-5.333294,0.00482814,-5.380678,0.004604698,Informer,1,test
2023-04-18,GLD,-5.6185265,0.0036299862,-5.2801867,0.0050914804,Informer,1,test
2023-04-18,TLT,-5.288731,0.005048162,-5.3791475,0.0046117515,Informer,1,test
2023-04-19,GLD,-5.3519683,0.0047388147,-5.3752832,0.0046296073,Informer,1,test
2023-04-19,TLT,-5.6721354,0.0034405107,-5.391623,0.0045545753,Informer,1,test
2023-04-20,GLD,-4.698942,0.009104904,-5.491645,0.00412106,Informer,1,test
2023-04-20,TLT,-5.1170135,0.005993897,-5.4710183,0.004206946,Informer,1,test
2023-04-21,GLD,-5.205694,0.0054852413,-5.5669956,0.0038219457,Informer,1,test
2023-04-21,TLT,-5.6640244,0.0034685303,-5.531572,0.00395976,Informer,1,test
2023-04-24,GLD,-5.0112696,0.0066624396,-5.4903965,0.004126208,Informer,1,test
2023-04-24,TLT,-5.4557533,0.0042716577,-5.465807,0.004228927,Informer,1,test
2023-04-25,GLD,-5.0602446,0.006344008,-5.411995,0.0044627283,Informer,1,test
2023-04-25,TLT,-4.738506,0.008751713,-5.425556,0.004402617,Informer,1,test
2023-04-26,GLD,-5.207321,0.0054763244,-5.3830833,0.0045936364,Informer,1,test
2023-04-26,TLT,-5.6139793,0.0036465297,-5.356227,0.0047186767,Informer,1,test
2023-04-27,GLD,-5.375109,0.004630413,-5.506048,0.0040621283,Informer,1,test
2023-04-27,TLT,-5.1490026,0.005805192,-5.45621,0.0042697066,Informer,1,test
2023-04-28,GLD,-5.2228026,0.0053921957,-5.545797,0.0039038311,Informer,1,test
2023-04-28,TLT,-4.4227448,0.012001246,-5.4617777,0.004246001,Informer,1,test
2023-05-01,GLD,-4.965126,0.006977071,-5.5307035,0.0039632,Informer,1,test
2023-05-01,TLT,-4.9762244,0.006900065,-5.370366,0.004652428,Informer,1,test
2023-05-02,GLD,-4.9619455,0.006999297,-5.497355,0.0040975953,Informer,1,test
2023-05-02,TLT,-4.7507286,0.008645394,-5.2631845,0.0051787863,Informer,1,test
2023-05-03,GLD,-4.8348207,0.007948113,-5.3403277,0.004794299,Informer,1,test
2023-05-03,TLT,-4.7458434,0.008687732,-5.192827,0.0055562756,Informer,1,test
2023-05-04,GLD,-5.088178,0.006169249,-5.3896074,0.0045637647,Informer,1,test
2023-05-04,TLT,-5.4548125,0.004275678,-5.261127,0.005189453,Informer,1,test
2023-05-05,GLD,-5.422657,0.0044153994,-5.5110617,0.0040418142,Informer,1,test
2023-05-05,TLT,-5.597859,0.0037057896,-5.354108,0.004728686,Informer,1,test
2023-05-08,GLD,-5.6066628,0.0036733076,-5.396416,0.0045327963,Informer,1,test
2023-05-08,TLT,-5.671552,0.0034425177,-5.33556,0.0048172125,Informer,1,test
2023-05-09,GLD,-4.9942493,0.0067768064,-5.4142895,0.0044525005,Informer,1,test
2023-05-09,TLT,-5.6870203,0.0033896782,-5.3468685,0.004763043,Informer,1,test
2023-05-10,GLD,-5.128814,0.0059235804,-5.3967047,0.004531489,Informer,1,test
2023-05-10,TLT,-5.2385616,0.005307886,-5.424103,0.0044090203,Informer,1,test
2023-05-11,GLD,-5.3768816,0.0046222135,-5.4332724,0.004368776,Informer,1,test
2023-05-11,TLT,-5.3163905,0.004910446,-5.424004,0.004409455,Informer,1,test
2023-05-12,GLD,-5.746981,0.0031924036,-5.5485563,0.0038930734,Informer,1,test
2023-05-12,TLT,-6.17936,0.0020717536,-5.4927936,0.004116329,Informer,1,test
2023-05-15,GLD,-4.9715095,0.0069326754,-5.5414934,0.0039206673,Informer,1,test
2023-05-15,TLT,-5.3795605,0.0046098474,-5.4724236,0.0042010383,Informer,1,test
2023-05-16,GLD,-5.5944004,0.0037186283,-5.417884,0.004436525,Informer,1,test
2023-05-16,TLT,-5.3636665,0.004683702,-5.3838058,0.004590319,Informer,1,test
2023-05-17,GLD,-5.641816,0.0035464216,-5.4956093,0.004104755,Informer,1,test
2023-05-17,TLT,-5.9249997,0.0026718085,-5.402952,0.004503267,Informer,1,test
2023-05-18,GLD,-4.761215,0.0085552065,-5.5246015,0.0039874576,Informer,1,test
2023-05-18,TLT,-5.0497775,0.0064107594,-5.4819665,0.0041611386,Informer,1,test
2023-05-19,GLD,-5.630728,0.0035859647,-5.592734,0.0037248307,Informer,1,test
2023-05-19,TLT,-5.027552,0.0065548364,-5.563384,0.003835774,Informer,1,test
2023-05-22,GLD,-5.4209604,0.0044228965,-5.5093613,0.0040486925,Informer,1,test
2023-05-22,TLT,-5.165163,0.0057121315,-5.461456,0.004247368,Informer,1,test
2023-05-23,GLD,-5.4707227,0.00420819,-5.483387,0.004155232,Informer,1,test
2023-05-23,TLT,-5.646397,0.003530213,-5.428133,0.0043912865,Informer,1,test
2023-05-24,GLD,-5.7063212,0.0033248814,-5.4664297,0.0042262943,Informer,1,test
2023-05-24,TLT,-5.347605,0.004759535,-5.421522,0.004420413,Informer,1,test
2023-05-25,GLD,-5.3548894,0.004724992,-5.474005,0.004194399,Informer,1,test
2023-05-25,TLT,-5.178938,0.005633987,-5.4119315,0.0044630114,Informer,1,test
2023-05-26,GLD,-5.3692083,0.004657817,-5.5598526,0.0038493439,Informer,1,test
2023-05-26,TLT,-5.2231407,0.005390373,-5.483367,0.0041553155,Informer,1,test
2023-05-30,GLD,-5.255771,0.005217321,-5.4713135,0.004205704,Informer,1,test
2023-05-30,TLT,-5.0060186,0.0066975155,-5.389738,0.004563168,Informer,1,test
2023-05-31,GLD,-5.348746,0.00475411,-5.276127,0.0051121926,Informer,1,test
2023-05-31,TLT,-4.99253,0.006788469,-5.225784,0.0053761443,Informer,1,test
2023-06-01,GLD,-5.202969,0.0055002095,-5.4967804,0.0040999507,Informer,1,test
2023-06-01,TLT,-5.334558,0.004822041,-5.398598,0.004522917,Informer,1,test
2023-06-02,GLD,-5.2072196,0.0054768804,-5.563058,0.0038370253,Informer,1,test
2023-06-02,TLT,-4.8176627,0.008085663,-5.5227633,0.003994794,Informer,1,test
2023-06-05,GLD,-5.428956,0.004387674,-5.451625,0.0042893295,Informer,1,test
2023-06-05,TLT,-5.0098205,0.006672101,-5.3714666,0.0046473104,Informer,1,test
2023-06-06,GLD,-4.6839356,0.009242567,-5.498847,0.0040914863,Informer,1,test
2023-06-06,TLT,-4.78712,0.008336433,-5.40018,0.0045157685,Informer,1,test
2023-06-07,GLD,-5.579603,0.0037740627,-5.4208074,0.0044235736,Informer,1,test
2023-06-07,TLT,-5.1436353,0.005836434,-5.375428,0.0046289363,Informer,1,test
2023-06-08,GLD,-5.5201526,0.004005237,-5.50175,0.004079626,Informer,1,test
2023-06-08,TLT,-5.0902042,0.006156762,-5.4017243,0.0045087994,Informer,1,test
2023-06-09,GLD,-5.6561723,0.0034958725,-5.572144,0.0038023193,Informer,1,test
2023-06-09,TLT,-4.803283,0.008202772,-5.4652505,0.004231281,Informer,1,test
2023-06-12,GLD,-4.960811,0.0070072417,-5.5343065,0.003948946,Informer,1,test
2023-06-12,TLT,-4.8670583,0.0076959715,-5.3587556,0.0047067595,Informer,1,test
2023-06-13,GLD,-5.0949054,0.0061278865,-5.461128,0.0042487592,Informer,1,test
2023-06-13,TLT,-5.250254,0.0052461848,-5.3129244,0.004927496,Informer,1,test
2023-06-14,GLD,-5.3620605,0.0046912297,-5.442922,0.0043268213,Informer,1,test
2023-06-14,TLT,-4.953181,0.007060914,-5.332945,0.004829826,Informer,1,test
2023-06-15,GLD,-5.3844366,0.004587424,-5.4569654,0.004266483,Informer,1,test
2023-06-15,TLT,-5.2145543,0.0054368563,-5.372067,0.004644521,Informer,1,test
2023-06-16,GLD,-5.728348,0.0032524467,-5.629135,0.0035916802,Informer,1,test
2023-06-16,TLT,-5.636935,0.0035637738,-5.5607004,0.0038460817,Informer,1,test
2023-06-20,GLD,-4.983619,0.006849229,-5.5472326,0.0038982301,Informer,1,test
2023-06-20,TLT,-4.8565855,0.0077769933,-5.4304414,0.0043811616,Informer,1,test
2023-06-21,GLD,-5.3200197,0.004892657,-5.412201,0.004461809,Informer,1,test
2023-06-21,TLT,-5.0222764,0.006589509,-5.368698,0.0046601943,Informer,1,test
2023-06-22,GLD,-5.2018714,0.0055062505,-5.553217,0.0038749715,Informer,1,test
2023-06-22,TLT,-5.1308613,0.0059114667,-5.482587,0.0041585583,Informer,1,test
2023-06-23,GLD,-6.311965,0.0018144643,-5.609824,0.003661713,Informer,1,test
2023-06-23,TLT,-5.4637356,0.004237696,-5.5450735,0.003906656,Informer,1,test
2023-06-26,GLD,-5.186649,0.005590711,-5.605835,0.0036763498,Informer,1,test
2023-06-26,TLT,-4.861352,0.0077400124,-5.5020933,0.0040782257,Informer,1,test
2023-06-27,GLD,-5.5348525,0.003946791,-5.4771223,0.004181345,Informer,1,test
2023-06-27,TLT,-4.989925,0.0068061757,-5.3848677,0.0045854473,Informer,1,test
2023-06-28,GLD,-5.137034,0.0058750897,-5.5577793,0.0038573327,Informer,1,test
2023-06-28,TLT,-5.1863503,0.0055923797,-5.404831,0.004494814,Informer,1,test
2023-06-29,GLD,-5.4349656,0.004361385,-5.544395,0.0039093075,Informer,1,test
2023-06-29,TLT,-5.076406,0.0062423036,-5.4653416,0.0042308955,Informer,1,test
2023-06-30,GLD,-5.671158,0.0034438756,-5.4978676,0.004095495,Informer,1,test
2023-06-30,TLT,-4.9819846,0.0068604336,-5.3198366,0.004893553,Informer,1,test
2023-07-03,GLD,-5.7678847,0.0031263637,-5.612623,0.003651478,Informer,1,test
2023-07-03,TLT,-4.9092207,0.007378236,-5.449276,0.0042994167,Informer,1,test
2023-07-05,GLD,-5.404999,0.00449406,-5.6007156,0.0036952184,Informer,1,test
2023-07-05,TLT,-5.190608,0.00556862,-5.3724203,0.0046428805,Informer,1,test
2023-07-06,GLD,-5.287383,0.005054971,-5.5997534,0.0036987758,Informer,1,test
2023-07-06,TLT,-5.4494867,0.0042985105,-5.4289618,0.004387649,Informer,1,test
2023-07-07,GLD,-6.1242266,0.0021891836,-5.654764,0.0035007985,Informer,1,test
2023-07-07,TLT,-5.444173,0.004321413,-5.50425,0.004069439,Informer,1,test
2023-07-10,GLD,-6.0814857,0.0022847794,-5.6005454,0.0036958475,Informer,1,test
2023-07-10,TLT,-5.3528485,0.004734645,-5.4612813,0.004248109,Informer,1,test
2023-07-11,GLD,-6.0816326,0.002284444,-5.6044188,0.0036815598,Informer,1,test
2023-07-11,TLT,-4.784029,0.008362239,-5.4706025,0.0042086956,Informer,1,test
2023-07-12,GLD,-5.9673395,0.002561046,-5.6252937,0.0036055038,Informer,1,test
2023-07-12,TLT,-5.2022533,0.0055041476,-5.419224,0.0044305846,Informer,1,test
2023-07-13,GLD,-5.4992237,0.004089945,-5.65123,0.0035131935,Informer,1,test
2023-07-13,TLT,-5.496851,0.004099661,-5.5003138,0.0040854895,Informer,1,test
2023-07-14,GLD,-5.703517,0.0033342184,-5.687231,0.0033889639,Informer,1,test
2023-07-14,TLT,-5.5404105,0.003924915,-5.597069,0.0037087188,Informer,1,test
2023-07-17,GLD,-4.9935484,0.006781558,-5.6142783,0.0036454396,Informer,1,test
2023-07-17,TLT,-5.6629252,0.0034723445,-5.5235014,0.0039918465,Informer,1,test
2023-07-18,GLD,-5.608684,0.0036658903,-5.5419145,0.003919017,Informer,1,test
2023-07-18,TLT,-5.0464344,0.0064322273,-5.509948,0.0040463186,Informer,1,test
2023-07-19,GLD,-5.590978,0.0037313763,-5.5639167,0.0038337314,Informer,1,test
2023-07-19,TLT,-5.0492206,0.006414331,-5.4633055,0.004239519,Informer,1,test
2023-07-20,GLD,-5.808628,0.003001545,-5.645172,0.00353454,Informer,1,test
2023-07-20,TLT,-5.461293,0.0042480584,-5.5344214,0.0039484925,Informer,1,test
2023-07-21,GLD,-5.5920715,0.0037272987,-5.7393556,0.0032168406,Informer,1,test
2023-07-21,TLT,-5.4079056,0.0044810157,-5.6487923,0.0035217674,Informer,1,test
2023-07-24,GLD,-5.3432765,0.0047801826,-5.63388,0.0035746782,Informer,1,test
2023-07-24,TLT,-5.420793,0.004423637,-5.5107327,0.004043144,Informer,1,test
2023-07-25,GLD,-5.369285,0.00465746,-5.593158,0.003723252,Informer,1,test
2023-07-25,TLT,-5.366066,0.004672477,-5.4764566,0.004184129,Informer,1,test
2023-07-26,GLD,-5.8061585,0.0030089668,-5.582636,0.0037626345,Informer,1,test
2023-07-26,TLT,-4.4834366,0.011294532,-5.4691534,0.004214799,Informer,1,test
2023-07-27,GLD,-5.5862246,0.003749156,-5.663329,0.0034709424,Informer,1,test
2023-07-27,TLT,-5.437872,0.004348728,-5.4558067,0.0042714295,Informer,1,test
2023-07-28,GLD,-5.806973,0.0030065172,-5.6783986,0.0034190293,Informer,1,test
2023-07-28,TLT,-5.435052,0.0043610088,-5.5815625,0.0037666755,Informer,1,test
2023-07-31,GLD,-5.413302,0.0044568996,-5.507269,0.0040571727,Informer,1,test
2023-07-31,TLT,-5.141615,0.005848238,-5.337255,0.0048090536,Informer,1,test
2023-08-01,GLD,-5.4584594,0.004260114,-5.5987554,0.0037024692,Informer,1,test
2023-08-01,TLT,-5.107206,0.0060529723,-5.4617233,0.0042462316,Informer,1,test
2023-08-02,GLD,-5.9465594,0.0026148215,-5.5957117,0.0037137552,Informer,1,test
2023-08-02,TLT,-5.2273884,0.005367525,-5.3983574,0.004524006,Informer,1,test
2023-08-03,GLD,-5.62628,0.0036019504,-5.6445317,0.003536804,Informer,1,test
2023-08-03,TLT,-4.946618,0.007107405,-5.432817,0.004370766,Informer,1,test
2023-08-04,GLD,-5.7389636,0.0032181018,-5.7124166,0.0033046766,Informer,1,test
2023-08-04,TLT,-5.558578,0.003854253,-5.4335823,0.0043674223,Informer,1,test
2023-08-07,GLD,-5.6726384,0.0034387803,-5.6435947,0.0035401196,Informer,1,test
2023-08-07,TLT,-5.00598,0.0066977744,-5.4319882,0.00437439,Informer,1,test
2023-08-08,GLD,-5.7181425,0.0032858085,-5.627144,0.0035988395,Informer,1,test
2023-08-08,TLT,-5.948995,0.0026084604,-5.2789097,0.005097986,Informer,1,test
2023-08-09,GLD,-5.505619,0.004063872,-5.6466656,0.0035292653,Informer,1,test
2023-08-09,TLT,-4.712043,0.008986401,-5.4439807,0.0043222434,Informer,1,test
2023-08-10,GLD,-5.672346,0.0034397857,-5.610428,0.0036595033,Informer,1,test
2023-08-10,TLT,-5.3107834,0.0049380567,-5.320324,0.004891169,Informer,1,test
2023-08-11,GLD,-5.5388894,0.00393089,-5.726517,0.003258406,Informer,1,test
2023-08-11,TLT,-4.8761573,0.0076262634,-5.508998,0.004050164,Informer,1,test
2023-08-14,GLD,-5.4350004,0.004361233,-5.6642914,0.003467604,Informer,1,test
2023-08-14,TLT,-5.393539,0.004545857,-5.4057074,0.0044908766,Informer,1,test
2023-08-15,GLD,-5.480578,0.0041669207,-5.6552725,0.0034990194,Informer,1,test
2023-08-15,TLT,-4.8952208,0.007482257,-5.4440084,0.0043221237,Informer,1,test
2023-08-16,GLD,-5.316098,0.0049118814,-5.6284056,0.0035943016,Informer,1,test
2023-08-16,TLT,-5.4141746,0.004453012,-5.3287773,0.0048499964,Informer,1,test
2023-08-17,GLD,-5.673093,0.003437218,-5.6726513,0.003438736,Informer,1,test
2023-08-17,TLT,-5.0636897,0.0063221892,-5.496626,0.004100584,Informer,1,test
2023-08-18,GLD,-5.5373855,0.003936806,-5.758548,0.003155691,Informer,1,test
2023-08-18,TLT,-5.536258,0.003941247,-5.5952015,0.0037156506,Informer,1,test
2023-08-21,GLD,-5.610538,0.0036591003,-5.673447,0.0034360006,Informer,1,test
2023-08-21,TLT,-5.3311415,0.004838544,-5.5078325,0.0040548868,Informer,1,test
2023-08-22,GLD,-5.4918895,0.004120052,-5.622484,0.003615648,Informer,1,test
2023-08-22,TLT,-5.1934657,0.005552729,-5.3867397,0.0045768707,Informer,1,test
2023-08-23,GLD,-5.4632387,0.004239802,-5.653223,0.0035061978,Informer,1,test
2023-08-23,TLT,-5.3633404,0.0046852296,-5.422391,0.0044165743,Informer,1,test
2023-08-24,GLD,-4.9661503,0.0069699287,-5.6820416,0.0034065964,Informer,1,test
2023-08-24,TLT,-5.039502,0.0064769723,-5.4304442,0.004381149,Informer,1,test
2023-08-25,GLD,-5.39404,0.0045435796,-5.6950817,0.0033624624,Informer,1,test
2023-08-25,TLT,-5.2408504,0.005295751,-5.405582,0.00449144,Informer,1,test
2023-08-28,GLD,-5.399644,0.0045181895,-5.647383,0.0035267335,Informer,1,test
2023-08-28,TLT,-4.871779,0.007659727,-5.393896,0.004544234,Informer,1,test
2023-08-29,GLD,-6.151792,0.0021296619,-5.62665,0.0036006176,Informer,1,test
2023-08-29,TLT,-5.5698752,0.003810956,-5.354968,0.0047246204,Informer,1,test
2023-08-30,GLD,-6.3262043,0.0017888107,-5.71739,0.0032882818,Informer,1,test
2023-08-30,TLT,-5.4068117,0.0044859196,-5.4246464,0.004406624,Informer,1,test
2023-08-31,GLD,-5.141429,0.0058493256,-5.6442423,0.003537828,Informer,1,test
2023-08-31,TLT,-5.0504284,0.0064065885,-5.362524,0.004689056,Informer,1,test
2023-09-01,GLD,-6.185255,0.002059576,-5.783533,0.003077822,Informer,1,test
2023-09-01,TLT,-5.709025,0.0033159042,-5.6024017,0.0036889932,Informer,1,test
2023-09-05,GLD,-5.320217,0.0048916913,-5.7508774,0.0031799895,Informer,1,test
2023-09-05,TLT,-5.436706,0.004353801,-5.4688673,0.004216005,Informer,1,test
2023-09-06,GLD,-6.45822,0.0015675835,-5.6464214,0.003530127,Informer,1,test
2023-09-06,TLT,-5.8304,0.002936902,-5.4114656,0.004465091,Informer,1,test
2023-09-07,GLD,-5.4147577,0.0044504157,-5.7583838,0.0031562087,Informer,1,test
2023-09-07,TLT,-5.2103176,0.005459939,-5.5538406,0.0038725557,Informer,1,test
2023-09-08,GLD,-5.973141,0.0025462306,-5.785035,0.0030732024,Informer,1,test
2023-09-08,TLT,-5.731542,0.0032420738,-5.571457,0.003804933,Informer,1,test
2023-09-11,GLD,-6.109088,0.002222577,-5.759989,0.003151147,Informer,1,test
2023-09-11,TLT,-5.4187465,0.0044326996,-5.5763807,0.0037862442,Informer,1,test
2023-09-12,GLD,-6.053441,0.0023497625,-5.745714,0.0031964509,Informer,1,test
2023-09-12,TLT,-5.3033834,0.004974734,-5.470929,0.004207321,Informer,1,test
2023-09-13,GLD,-5.6905003,0.0033779028,-5.752512,0.0031747958,Informer,1,test
2023-09-13,TLT,-5.2089853,0.0054672183,-5.53807,0.0039341114,Informer,1,test
2023-09-14,GLD,-5.823468,0.0029573308,-5.7736025,0.003108539,Informer,1,test
2023-09-14,TLT,-6.1621084,0.0021078044,-5.562005,0.0038410672,Informer,1,test
2023-09-15,GLD,-5.6384344,0.003558435,-5.821474,0.002963234,Informer,1,test
2023-09-15,TLT,-5.717734,0.0032871517,-5.680456,0.0034120018,Informer,1,test
2023-09-18,GLD,-6.129053,0.002178643,-5.746629,0.0031935272,Informer,1,test
2023-09-18,TLT,-5.425581,0.0044025076,-5.5788927,0.0037767452,Informer,1,test
2023-09-19,GLD,-5.246825,0.0052642045,-5.7481585,0.0031886473,Informer,1,test
2023-09-19,TLT,-5.5144553,0.004028121,-5.555041,0.0038679105,Informer,1,test
2023-09-20,GLD,-5.774314,0.0031063282,-5.710062,0.0033124671,Informer,1,test
2023-09-20,TLT,-5.6796374,0.0034147964,-5.5365224,0.0039402056,Informer,1,test
2023-09-21,GLD,-6.355225,0.0017376441,-5.74887,0.0031863798,Informer,1,test
2023-09-21,TLT,-5.12576,0.0059416993,-5.569571,0.0038121154,Informer,1,test
2023-09-22,GLD,-5.669907,0.0034481855,-5.8334684,0.002927904,Informer,1,test
2023-09-22,TLT,-5.0862365,0.0061812396,-5.5758214,0.0037883625,Informer,1,test
2023-09-25,GLD,-5.6805477,0.0034116893,-5.7548056,0.0031675224,Informer,1,test
2023-09-25,TLT,-5.104488,0.0060694464,-5.4336076,0.004367312,Informer,1,test
2023-09-26,GLD,-5.2833405,0.005075448,-5.762789,0.0031423362,Informer,1,test
2023-09-26,TLT,-4.6808844,0.009270811,-5.292202,0.0050306707,Informer,1,test
2023-09-27,GLD,-4.959178,0.007018695,-5.6575713,0.0034909851,Informer,1,test
2023-09-27,TLT,-4.5308337,0.010771692,-5.2251916,0.0053793294,Informer,1,test
2023-09-28,GLD,-4.964425,0.0069819638,-5.663187,0.0034714357,Informer,1,test
2023-09-28,TLT,-4.6009636,0.010042154,-5.2756777,0.0051144897,Informer,1,test
2023-09-29,GLD,-5.6888056,0.003383632,-5.778128,0.0030945025,Informer,1,test
2023-09-29,TLT,-4.881638,0.0075845798,-5.361656,0.004693127,Informer,1,test
2023-10-02,GLD,-5.193827,0.0055507226,-5.7237654,0.0032673848,Informer,1,test
2023-10-02,TLT,-4.480427,0.011328577,-5.307955,0.004952044,Informer,1,test
2023-10-03,GLD,-5.572796,0.0037998417,-5.5725656,0.003800717,Informer,1,test
2023-10-03,TLT,-4.9782124,0.006886362,-5.1207657,0.005971449,Informer,1,test
2023-10-04,GLD,-5.837493,0.0029161444,-5.6077437,0.003669339,Informer,1,test
2023-10-04,TLT,-5.5093155,0.004048878,-5.1345673,0.0058895997,Informer,1,test
2023-10-05,GLD,-4.9681067,0.006956306,-5.7212906,0.0032754808,Informer,1,test
2023-10-05,TLT,-4.3530045,0.012868092,-5.310235,0.0049407654,Informer,1,test
2023-10-06,GLD,-5.450276,0.0042951196,-5.68809,0.0033860547,Informer,1,test
2023-10-06,TLT,-4.413323,0.0121148545,-5.2052984,0.0054874127,Informer,1,test
2023-10-09,GLD,-5.708814,0.0033166031,-5.709071,0.003315751,Informer,1,test
2023-10-09,TLT,-4.4073653,0.012187245,-5.201989,0.005505602,Informer,1,test
2023-10-10,GLD,-5.6618915,0.0034759361,-5.616512,0.0036373066,Informer,1,test
2023-10-10,TLT,-5.2117357,0.005452202,-5.071007,0.0062760985,Informer,1,test
2023-10-11,GLD,-5.8657055,0.0028350223,-5.6758685,0.0034276906,Informer,1,test
2023-10-11,TLT,-4.4472146,0.011711142,-5.1556506,0.005766727,Informer,1,test
2023-10-12,GLD,-5.0211105,0.006597196,-5.710396,0.0033113617,Informer,1,test
2023-10-12,TLT,-5.233806,0.005333188,-5.1396203,0.0058599142,Informer,1,test
2023-10-13,GLD,-5.7727003,0.0031113445,-5.7015934,0.0033406382,Informer,1,test
2023-10-13,TLT,-5.5576816,0.00385771,-5.1779056,0.0056398064,Informer,1,test
2023-10-16,GLD,-5.3935747,0.0045456947,-5.53199,0.0039581046,Informer,1,test
2023-10-16,TLT,-4.7085834,0.009017543,-5.1561165,0.005764041,Informer,1,test
2023-10-17,GLD,-4.7246704,0.008873638,-5.4001894,0.0045157257,Informer,1,test
2023-10-17,TLT,-4.927404,0.007245288,-5.0671277,0.0063004913,Informer,1,test
2023-10-18,GLD,-4.9159327,0.0073288796,-5.3466754,0.004763963,Informer,1,test
2023-10-18,TLT,-4.3376946,0.013066617,-5.0866833,0.0061784782,Informer,1,test
2023-10-19,GLD,-4.8037415,0.008199014,-5.3434277,0.0047794604,Informer,1,test
2023-10-19,TLT,-5.0711484,0.0062752096,-5.071885,0.0062705884,Informer,1,test
2023-10-20,GLD,-5.905914,0.002723292,-5.640919,0.003549604,Informer,1,test
2023-10-20,TLT,-4.035696,0.017673375,-5.351741,0.004739892,Informer,1,test
2023-10-23,GLD,-5.1242185,0.0059508663,-5.537448,0.0039365604,Informer,1,test
2023-10-23,TLT,-4.8113027,0.008137253,-5.0699925,0.006282467,Informer,1,test
2023-10-24,GLD,-4.74843,0.008665291,-5.379891,0.0046083247,Informer,1,test
2023-10-24,TLT,-4.917059,0.0073206294,-5.1141396,0.006011148,Informer,1,test
2023-10-25,GLD,-5.1353207,0.0058851643,-5.3676095,0.0046652704,Informer,1,test
2023-10-25,TLT,-4.8845954,0.007562183,-5.0717697,0.006271312,Informer,1,test
2023-10-26,GLD,-4.8807373,0.0075914147,-5.455002,0.004274869,Informer,1,test
2023-10-26,TLT,-4.5829296,0.010224897,-5.065708,0.0063094413,Informer,1,test
2023-10-27,GLD,-5.684996,0.0033965465,-5.5540495,0.0038717468,Informer,1,test
2023-10-27,TLT,-4.5526495,0.010539244,-5.1504164,0.0057969904,Informer,1,test
2023-10-30,GLD,-4.6237516,0.0098159015,-5.6490335,0.0035209178,Informer,1,test
2023-10-30,TLT,-4.777233,0.008419262,-5.0750427,0.006250819,Informer,1,test
2023-10-31,GLD,-4.726262,0.008859525,-5.07915,0.006225197,Informer,1,test
2023-10-31,TLT,-5.320701,0.0048893243,-4.9537883,0.0070566256,Informer,1,test
2023-11-01,GLD,-5.8094363,0.0029991202,-5.315343,0.0049155927,Informer,1,test
2023-11-01,TLT,-4.767508,0.008501539,-5.130967,0.0059108413,Informer,1,test
2023-11-02,GLD,-5.483715,0.004153869,-5.4460254,0.004313415,Informer,1,test
2023-11-02,TLT,-4.7876625,0.008331911,-5.1643124,0.0057169925,Informer,1,test
2023-11-03,GLD,-6.1463733,0.0021412333,-5.7231483,0.0032694014,Informer,1,test
2023-11-03,TLT,-5.4216146,0.0044200043,-5.306637,0.004958575,Informer,1,test
2023-11-06,GLD,-5.715307,0.003295138,-5.7325277,0.0032388798,Informer,1,test
2023-11-06,TLT,-5.0239706,0.0065783546,-5.2572207,0.005209764,Informer,1,test
2023-11-07,GLD,-5.5162807,0.0040207747,-5.6157885,0.0036399385,Informer,1,test
2023-11-07,TLT,-5.2157927,0.0054301275,-5.0910897,0.006151313,Informer,1,test
2023-11-08,GLD,-5.2741265,0.005122429,-5.673808,0.0034347605,Informer,1,test
2023-11-08,TLT,-4.174592,0.015381466,-5.255771,0.005217321,Informer,1,test
2023-11-09,GLD,-5.527332,0.0039765853,-5.6323714,0.0035800755,Informer,1,test
2023-11-09,TLT,-5.2944217,0.0050195167,-5.176381,0.0056484104,Informer,1,test
2023-11-10,GLD,-5.2818136,0.0050832033,-5.754195,0.0031694563,Informer,1,test
2023-11-10,TLT,-4.9098005,0.0073739593,-5.303507,0.00497412,Informer,1,test
2023-11-13,GLD,-5.4859843,0.0041444534,-5.554747,0.003869047,Informer,1,test
2023-11-13,TLT,-5.019922,0.0066050435,-5.1335425,0.005895638,Informer,1,test
2023-11-14,GLD,-5.772712,0.0031113075,-5.60621,0.0036749702,Informer,1,test
2023-11-14,TLT,-5.175125,0.0056555094,-5.2021284,0.0055048354,Informer,1,test
2023-11-15,GLD,-5.275443,0.0051156897,-5.6618137,0.0034762062,Informer,1,test
2023-11-15,TLT,-5.2701306,0.005142939,-5.199747,0.0055179596,Informer,1,test
2023-11-16,GLD,-6.0217094,0.0024255197,-5.6362333,0.003566276,Informer,1,test
2023-11-16,TLT,-5.0914674,0.0061489902,-5.214567,0.005436786,Informer,1,test
2023-11-17,GLD,-5.726051,0.0032599259,-5.816353,0.0029784483,Informer,1,test
2023-11-17,TLT,-5.338145,0.0048047765,-5.455939,0.004270865,Informer,1,test
2023-11-20,GLD,-5.538638,0.003931878,-5.740621,0.0032127723,Informer,1,test
2023-11-20,TLT,-4.9456706,0.007114142,-5.2997694,0.004992745,Informer,1,test
2023-11-21,GLD,-5.3767047,0.0046230312,-5.684808,0.0033971863,Informer,1,test
2023-11-21,TLT,-4.9456534,0.007114264,-5.2289124,0.005359351,Informer,1,test
2023-11-22,GLD,-6.0998054,0.0022433044,-5.6970925,0.003355708,Informer,1,test
2023-11-22,TLT,-5.7910547,0.0030547585,-5.274847,0.00511874,Informer,1,test
2023-11-24,GLD,-5.7364836,0.0032260926,-5.80003,0.0030274633,Informer,1,test
2023-11-24,TLT,-5.1968055,0.0055342154,-5.528212,0.0039730864,Informer,1,test
2023-11-27,GLD,-5.212769,0.005446571,-5.761193,0.0031473553,Informer,1,test
2023-11-27,TLT,-5.466572,0.0042256936,-5.3820815,0.004598241,Informer,1,test
2023-11-28,GLD,-5.684655,0.0033977046,-5.7158527,0.003293341,Informer,1,test
2023-11-28,TLT,-5.095604,0.006123607,-5.3995113,0.004518789,Informer,1,test
2023-11-29,GLD,-5.636141,0.003566606,-5.6726885,0.0034386083,Informer,1,test
2023-11-29,TLT,-4.796722,0.008256769,-5.3085785,0.004948957,Informer,1,test
2023-11-30,GLD,-4.713924,0.008969513,-5.5640507,0.0038332178,Informer,1,test
2023-11-30,TLT,-4.651203,0.009550105,-5.238795,0.0053066486,Informer,1,test
2023-12-01,GLD,-4.5870647,0.010182704,-5.7408533,0.0032120263,Informer,1,test
2023-12-01,TLT,-5.186484,0.0055916333,-5.3775325,0.004619206,Informer,1,test
2023-12-04,GLD,-5.1460524,0.0058223438,-5.650766,0.0035148237,Informer,1,test
2023-12-04,TLT,-5.4004407,0.004514591,-5.3622065,0.004690545,Informer,1,test
2023-12-05,GLD,-5.730905,0.0032441397,-5.2914224,0.0050345943,Informer,1,test
2023-12-05,TLT,-4.952212,0.0070677586,-5.2688427,0.0051495666,Informer,1,test
2023-12-06,GLD,-5.317402,0.0049054823,-5.457015,0.0042662714,Informer,1,test
2023-12-06,TLT,-4.8939967,0.0074914214,-5.283704,0.005073604,Informer,1,test
2023-12-07,GLD,-4.949459,0.0070872414,-5.603508,0.0036849144,Informer,1,test
2023-12-07,TLT,-5.112453,0.0060212947,-5.342842,0.00478226,Informer,1,test
2023-12-08,GLD,-5.442682,0.004327861,-5.6279154,0.003596064,Informer,1,test
2023-12-08,TLT,-5.0373464,0.00649095,-5.383956,0.00458963,Informer,1,test
2023-12-11,GLD,-5.988674,0.0025069858,-5.582084,0.003764711,Informer,1,test
2023-12-11,TLT,-5.270948,0.005138737,-5.3086963,0.004948374,Informer,1,test
2023-12-12,GLD,-4.58765,0.010176747,-5.6856117,0.003394456,Informer,1,test
2023-12-12,TLT,-4.649345,0.009567868,-5.314558,0.0049194526,Informer,1,test
2023-12-13,GLD,-5.0363255,0.00649758,-5.5005245,0.0040846285,Informer,1,test
2023-12-13,TLT,-4.8610754,0.0077421535,-5.326379,0.004861643,Informer,1,test
2023-12-14,GLD,-5.0690145,0.006288614,-5.5302095,0.003965158,Informer,1,test
2023-12-14,TLT,-5.3641715,0.004681337,-5.356692,0.0047164834,Informer,1,test
2023-12-15,GLD,-5.3904576,0.004559886,-5.570038,0.0038103363,Informer,1,test
2023-12-15,TLT,-5.70202,0.0033392129,-5.409959,0.004471824,Informer,1,test
2023-12-18,GLD,-5.266818,0.0051600034,-5.437252,0.0043514245,Informer,1,test
2023-12-18,TLT,-5.4530826,0.0042830813,-5.3973203,0.0045287004,Informer,1,test
2023-12-19,GLD,-5.9449196,0.0026191128,-5.3518786,0.0047392393,Informer,1,test
2023-12-19,TLT,-4.9062877,0.0073999083,-5.315813,0.004913282,Informer,1,test
2023-12-20,GLD,-5.753857,0.003170528,-5.5749025,0.0037918452,Informer,1,test
2023-12-20,TLT,-5.136306,0.005879369,-5.331253,0.004838004,Informer,1,test
2023-12-21,GLD,-5.2754474,0.005115668,-5.5968614,0.0037094883,Informer,1,test
2023-12-21,TLT,-5.1360364,0.0058809533,-5.403954,0.0044987574,Informer,1,test
2023-12-22,GLD,-5.444622,0.0043194722,-5.743766,0.0032026847,Informer,1,test
2023-12-22,TLT,-6.0211787,0.0024268073,-5.5727506,0.0038000138,Informer,1,test
2023-12-26,GLD,-5.218768,0.005413994,-5.624025,0.0036100817,Informer,1,test
2023-12-26,TLT,-5.167082,0.0057011815,-5.4832163,0.0041559413,Informer,1,test
2023-12-27,GLD,-5.396838,0.0045308843,-5.473632,0.0041959654,Informer,1,test
2023-12-27,TLT,-4.980317,0.006871883,-5.3930044,0.004548288,Informer,1,test
2023-12-28,GLD,-5.7209196,0.0032766962,-5.6215196,0.0036191375,Informer,1,test
2023-12-28,TLT,-4.9489236,0.007091038,-5.43009,0.0043827016,Informer,1,test
2023-12-29,GLD,-5.3868675,0.004576286,-5.7290344,0.003250214,Informer,1,test
2023-12-29,TLT,-5.3715205,0.00464706,-5.4649634,0.004232496,Informer,1,test
2024-01-02,GLD,-5.0753818,0.0062487004,-5.6252604,0.0036056242,Informer,1,test
2024-01-02,TLT,-4.727398,0.008849468,-5.364255,0.0046809465,Informer,1,test
2024-01-03,GLD,-5.551426,0.003881918,-5.5111256,0.004041556,Informer,1,test
2024-01-03,TLT,-5.537065,0.003938068,-5.2552357,0.005220116,Informer,1,test
2024-01-04,GLD,-4.824152,0.008033363,-5.650609,0.0035153753,Informer,1,test
2024-01-04,TLT,-4.543473,0.010636404,-5.449711,0.004297547,Informer,1,test
2024-01-05,GLD,-5.16204,0.005729997,-5.641866,0.0035462442,Informer,1,test
2024-01-05,TLT,-4.9847274,0.006841643,-5.3826246,0.004595744,Informer,1,test
2024-01-08,GLD,-5.7859845,0.0030702862,-5.679638,0.0034147948,Informer,1,test
2024-01-08,TLT,-5.4652295,0.0042313696,-5.426531,0.004398328,Informer,1,test
2024-01-09,GLD,-5.4924126,0.0041178972,-5.6642947,0.0034675926,Informer,1,test
2024-01-09,TLT,-5.3390193,0.0048005763,-5.371838,0.0046455846,Informer,1,test
2024-01-10,GLD,-4.8946896,0.007486233,-5.5910225,0.0037312107,Informer,1,test
2024-01-10,TLT,-4.8989806,0.007454178,-5.364917,0.0046778494,Informer,1,test
2024-01-11,GLD,-5.049112,0.0064150286,-5.624345,0.003608927,Informer,1,test
2024-01-11,TLT,-4.9457903,0.007113291,-5.4058676,0.004490157,Informer,1,test
2024-01-12,GLD,-5.2990413,0.0049963817,-5.7134876,0.0033011392,Informer,1,test
2024-01-12,TLT,-4.834454,0.007951028,-5.4917526,0.004120616,Informer,1,test
2024-01-16,GLD,-5.1772614,0.005643441,-5.592866,0.0037243387,Informer,1,test
2024-01-16,TLT,-5.0730577,0.0062632402,-5.366128,0.0046721874,Informer,1,test
2024-01-17,GLD,-6.0082545,0.0024583754,-5.5192585,0.0040088193,Informer,1,test
2024-01-17,TLT,-5.0027337,0.0067195524,-5.3437967,0.0047776964,Informer,1,test
2024-01-18,GLD,-5.7933736,0.0030476833,-5.6768293,0.0034243988,Informer,1,test
2024-01-18,TLT,-5.0531826,0.0063889674,-5.39353,0.0045458986,Informer,1,test
2024-01-19,GLD,-5.67368,0.003435201,-5.7782197,0.0030942191,Informer,1,test
2024-01-19,TLT,-5.2927284,0.005028023,-5.565548,0.0038274827,Informer,1,test
2024-01-22,GLD,-5.8681006,0.0028282402,-5.679507,0.0034152425,Informer,1,test
2024-01-22,TLT,-5.466721,0.004225063,-5.435852,0.0043575205,Informer,1,test
2024-01-23,GLD,-5.438722,0.004345032,-5.691887,0.003373222,Informer,1,test
2024-01-23,TLT,-4.87003,0.0076731355,-5.407158,0.004484367,Informer,1,test
2024-01-24,GLD,-5.423637,0.004411075,-5.6632767,0.0034711245,Informer,1,test
2024-01-24,TLT,-5.3209896,0.0048879143,-5.3768682,0.004622275,Informer,1,test
2024-01-25,GLD,-6.1290326,0.0021786876,-5.6934876,0.0033678266,Informer,1,test
2024-01-25,TLT,-5.458731,0.0042589563,-5.49575,0.0041041775,Informer,1,test
2024-01-26,GLD,-5.2822795,0.005080836,-5.7822666,0.0030817224,Informer,1,test
2024-01-26,TLT,-4.967198,0.006962631,-5.559882,0.00384923,Informer,1,test
2024-01-29,GLD,-5.135086,0.005886545,-5.682431,0.0034052695,Informer,1,test
2024-01-29,TLT,-4.82679,0.008012201,-5.45996,0.004253726,Informer,1,test
2024-01-30,GLD,-4.8084493,0.0081605045,-5.6686687,0.0034524584,Informer,1,test
2024-01-30,TLT,-5.1095877,0.006038572,-5.398394,0.00452384,Informer,1,test
2024-01-31,GLD,-4.7665486,0.008509699,-5.324589,0.0048703533,Informer,1,test
2024-01-31,TLT,-4.6744404,0.009330745,-5.2823935,0.005080257,Informer,1,test
2024-02-01,GLD,-5.6871796,0.0033891383,-5.5480967,0.0038948634,Informer,1,test
2024-02-01,TLT,-5.0032835,0.0067158593,-5.414956,0.0044495333,Informer,1,test
2024-02-02,GLD,-5.6393313,0.0035552448,-5.7660284,0.0031321726,Informer,1,test
2024-02-02,TLT,-5.24554,0.005270974,-5.544382,0.0039093583,Informer,1,test
2024-02-05,GLD,-5.613147,0.0036495668,-5.620513,0.0036227822,Informer,1,test
2024-02-05,TLT,-5.3857126,0.0045815744,-5.2988634,0.0049972706,Informer,1,test
2024-02-06,GLD,-5.4838715,0.0041532195,-5.640085,0.0035525656,Informer,1,test
2024-02-06,TLT,-5.2419186,0.0052900976,-5.297084,0.0050061713,Informer,1,test
2024-02-07,GLD,-6.084155,0.0022786888,-5.6192846,0.003627235,Informer,1,test
2024-02-07,TLT,-5.336317,0.0048135663,-5.3244605,0.004870978,Informer,1,test
2024-02-08,GLD,-6.0436974,0.0023727696,-5.7508197,0.003180173,Informer,1,test
2024-02-08,TLT,-5.9641705,0.0025691749,-5.461085,0.0042489436,Informer,1,test
2024-02-09,GLD,-5.809898,0.0029977362,-5.815375,0.0029813626,Informer,1,test
2024-02-09,TLT,-5.337634,0.0048072306,-5.619875,0.0036250944,Informer,1,test
2024-02-12,GLD,-5.8355093,0.0029219347,-5.719976,0.0032797898,Informer,1,test
2024-02-12,TLT,-5.4278684,0.004392449,-5.497514,0.004096945,Informer,1,test
2024-02-13,GLD,-5.475216,0.004189324,-5.716423,0.0032914632,Informer,1,test
2024-02-13,TLT,-5.260157,0.0051944884,-5.518188,0.004013113,Informer,1,test
2024-02-14,GLD,-5.654978,0.0035000509,-5.6201096,0.0036242441,Informer,1,test
2024-02-14,TLT,-5.264542,0.0051717605,-5.4237843,0.0044104247,Informer,1,test
2024-02-15,GLD,-5.1948686,0.005544945,-5.709669,0.003313769,Informer,1,test
2024-02-15,TLT,-5.6806145,0.0034114616,-5.5159154,0.004022244,Informer,1,test
2024-02-16,GLD,-6.3584905,0.0017319792,-5.7948513,0.003043183,Informer,1,test
2024-02-16,TLT,-5.6381106,0.0035595873,-5.6934547,0.0033679374,Informer,1,test
2024-02-20,GLD,-5.7178755,0.003286686,-5.687891,0.003386728,Informer,1,test
2024-02-20,TLT,-5.2550364,0.0052211564,-5.4784427,0.004175828,Informer,1,test
2024-02-21,GLD,-6.1071634,0.0022268584,-5.6060324,0.003675624,Informer,1,test
2024-02-21,TLT,-5.758387,0.0031561982,-5.4645677,0.0042341715,Informer,1,test
2024-02-22,GLD,-5.216568,0.005425919,-5.753673,0.0031711117,Informer,1,test
2024-02-22,TLT,-5.145294,0.00582676,-5.579561,0.003774221,Informer,1,test
2024-02-23,GLD,-5.8734365,0.0028131893,-5.7577515,0.003158205,Informer,1,test
2024-02-23,TLT,-5.161326,0.0057340916,-5.598379,0.0037038624,Informer,1,test
2024-02-26,GLD,-5.988701,0.0025069187,-5.7505407,0.0031810603,Informer,1,test
2024-02-26,TLT,-5.466416,0.004226353,-5.5438747,0.003911342,Informer,1,test
2024-02-27,GLD,-6.2978153,0.0018403209,-5.7667446,0.00312993,Informer,1,test
2024-02-27,TLT,-5.420395,0.0044253985,-5.5466847,0.0039003666,Informer,1,test
2024-02-28,GLD,-6.0597587,0.0023349642,-5.7634478,0.003140266,Informer,1,test
2024-02-28,TLT,-5.7757063,0.003102006,-5.4964547,0.0041012857,Informer,1,test
2024-02-29,GLD,-4.430718,0.011905938,-5.6707172,0.0034453932,Informer,1,test
2024-02-29,TLT,-4.707134,0.009030624,-5.475414,0.004188495,Informer,1,test
2024-03-01,GLD,-5.0187654,0.0066126855,-5.7227254,0.0032707846,Informer,1,test
2024-03-01,TLT,-5.9799495,0.002528954,-5.5650997,0.0038291987,Informer,1,test
2024-03-04,GLD,-5.2439995,0.005279101,-5.666418,0.0034602375,Informer,1,test
2024-03-04,TLT,-5.27798,0.0051027285,-5.6304636,0.003586912,Informer,1,test
2024-03-05,GLD,-5.079423,0.0062234993,-5.541946,0.0039188936,Informer,1,test
2024-03-05,TLT,-5.3869658,0.0045758365,-5.502691,0.0040757894,Informer,1,test
2024-03-06,GLD,-5.5048866,0.0040668496,-5.5377545,0.003935354,Informer,1,test
2024-03-06,TLT,-5.100506,0.0060936636,-5.5463305,0.0039017487,Informer,1,test
2024-03-07,GLD,-4.633798,0.009717779,-5.619998,0.0036246486,Informer,1,test
2024-03-07,TLT,-5.4764476,0.0041841674,-5.5514426,0.003881853,Informer,1,test
2024-03-08,GLD,-5.7432017,0.003204492,-5.60014,0.0036973457,Informer,1,test
2024-03-08,TLT,-5.4337482,0.0043666977,-5.663643,0.0034698537,Informer,1,test
2024-03-11,GLD,-5.335445,0.004817766,-5.6415586,0.003547335,Informer,1,test
2024-03-11,TLT,-5.591827,0.0037282105,-5.551049,0.0038833804,Informer,1,test
2024-03-12,GLD,-5.34436,0.004775007,-5.59688,0.0037094192,Informer,1,test
2024-03-12,TLT,-5.5386696,0.0039317543,-5.5545936,0.0038696409,Informer,1,test
2024-03-13,GLD,-5.5223117,0.0039965985,-5.511716,0.0040391707,Informer,1,test
2024-03-13,TLT,-5.412692,0.0044596186,-5.563899,0.0038337992,Informer,1,test
2024-03-14,GLD,-5.605699,0.0036768492,-5.6272774,0.003598359,Informer,1,test
2024-03-14,TLT,-5.8313737,0.0029340438,-5.618575,0.0036298095,Informer,1,test
2024-03-15,GLD,-6.2396493,0.0019505394,-5.7326407,0.0032385138,Informer,1,test
2024-03-15,TLT,-5.5977345,0.0037062508,-5.678898,0.0034173226,Informer,1,test
2024-03-18,GLD,-5.7977867,0.003034263,-5.7323875,0.0032393339,Informer,1,test
2024-03-18,TLT,-5.4293623,0.004385892,-5.62321,0.0036130247,Informer,1,test
2024-03-19,GLD,-4.7996626,0.008232525,-5.712017,0.0033059975,Informer,1,test
2024-03-19,TLT,-4.481753,0.011313564,-5.601397,0.0036927012,Informer,1,test
2024-03-20,GLD,-4.602675,0.010024983,-5.637734,0.0035609286,Informer,1,test
2024-03-20,TLT,-5.262868,0.0051804264,-5.488086,0.0041357516,Informer,1,test
2024-03-21,GLD,-4.974397,0.006912685,-5.6798415,0.0034140996,Informer,1,test
2024-03-21,TLT,-5.8354,0.002922254,-5.6284695,0.003594072,Informer,1,test
2024-03-22,GLD,-5.6887836,0.0033837063,-5.777608,0.0030961127,Informer,1,test
2024-03-22,TLT,-5.765947,0.003132428,-5.74551,0.0031971033,Informer,1,test
2024-03-25,GLD,-5.290702,0.0050382228,-5.664698,0.003466194,Informer,1,test
2024-03-25,TLT,-5.4941115,0.004110907,-5.664959,0.00346529,Informer,1,test
2024-03-26,GLD,-6.1985354,0.002032405,-5.574809,0.0037921995,Informer,1,test
2024-03-26,TLT,-5.728021,0.003253509,-5.6124954,0.003651945,Informer,1,test
2024-03-27,GLD,-5.0181313,0.0066168807,-5.7260237,0.0032600143,Informer,1,test
2024-03-27,TLT,-5.267184,0.0051581166,-5.645605,0.00353301,Informer,1,test
2024-03-28,GLD,-4.839813,0.0079085305,-5.6251473,0.0036060319,Informer,1,test
2024-03-28,TLT,-5.509197,0.0040493566,-5.620224,0.0036238292,Informer,1,test
2024-04-01,GLD,-4.9317174,0.0072141034,-5.62078,0.003621815,Informer,1,test
2024-04-01,TLT,-5.14773,0.005812585,-5.6545343,0.0035016031,Informer,1,test
2024-04-02,GLD,-5.1923976,0.0055586635,-5.459997,0.0042535677,Informer,1,test
2024-04-02,TLT,-5.158168,0.005752229,-5.469845,0.004211886,Informer,1,test
2024-04-03,GLD,-4.8317423,0.007972619,-5.5110927,0.004041689,Informer,1,test
2024-04-03,TLT,-5.2030544,0.00549974,-5.487996,0.004136124,Informer,1,test
2024-04-04,GLD,-4.7425823,0.008716109,-5.658996,0.0034860147,Informer,1,test
2024-04-04,TLT,-5.146928,0.005817249,-5.556663,0.003861641,Informer,1,test
2024-04-05,GLD,-4.952306,0.007067095,-5.5264273,0.003980184,Informer,1,test
2024-04-05,TLT,-5.680822,0.003410754,-5.573747,0.0037962287,Informer,1,test
2024-04-08,GLD,-4.8511505,0.007819376,-5.414164,0.004453059,Informer,1,test
2024-04-08,TLT,-5.75493,0.0031671282,-5.5440507,0.0039106538,Informer,1,test
2024-04-09,GLD,-4.5938315,0.010114032,-5.299953,0.0049918285,Informer,1,test
2024-04-09,TLT,-4.9523983,0.0070664412,-5.567441,0.003820244,Informer,1,test
2024-04-10,GLD,-4.636975,0.009686958,-5.211006,0.0054561812,Informer,1,test
2024-04-10,TLT,-5.089523,0.006160959,-5.491921,0.0041199224,Informer,1,test
2024-04-11,GLD,-3.6717885,0.025430948,-5.311432,0.0049348557,Informer,1,test
2024-04-11,TLT,-5.372499,0.004642515,-5.477907,0.0041780644,Informer,1,test
2024-04-12,GLD,-4.073559,0.017016722,-5.117785,0.0059892745,Informer,1,test
2024-04-12,TLT,-5.218135,0.005417424,-5.593776,0.00372095,Informer,1,test
2024-04-15,GLD,-4.61782,0.009874301,-4.9797096,0.006876059,Informer,1,test
2024-04-15,TLT,-5.1019974,0.0060845814,-5.501164,0.0040820176,Informer,1,test
2024-04-16,GLD,-4.650418,0.009557608,-4.8983197,0.007459106,Informer,1,test
2024-04-16,TLT,-5.000655,0.006733534,-5.345351,0.0047702757,Informer,1,test
2024-04-17,GLD,-5.061644,0.0063351355,-4.86469,0.007714221,Informer,1,test
2024-04-17,TLT,-5.3844686,0.004587278,-5.3775187,0.0046192696,Informer,1,test
2024-04-18,GLD,-4.9437933,0.0071275104,-4.9968944,0.006758905,Informer,1,test
2024-04-18,TLT,-5.6778545,0.00342089,-5.474027,0.004194307,Informer,1,test
2024-04-19,GLD,-5.199824,0.0055175363,-5.33195,0.0048346324,Informer,1,test
2024-04-19,TLT,-5.8109074,0.0029947115,-5.653949,0.0035036542,Informer,1,test
2024-04-22,GLD,-5.1580334,0.0057530026,-5.1590767,0.0057470035,Informer,1,test
2024-04-22,TLT,-4.8826914,0.007576595,-5.537265,0.003937281,Informer,1,test
2024-04-23,GLD,-5.032132,0.0065248837,-5.061715,0.0063346853,Informer,1,test
2024-04-23,TLT,-4.7101507,0.00900342,-5.466734,0.0042250087,Informer,1,test
2024-04-24,GLD,-4.849119,0.0078352755,-5.23149,0.0053455536,Informer,1,test
2024-04-24,TLT,-5.5447435,0.0039079455,-5.4708924,0.0042074756,Informer,1,test
2024-04-25,GLD,-5.295113,0.005016047,-5.2863655,0.0050601177,Informer,1,test
2024-04-25,TLT,-5.4075966,0.0044824,-5.578717,0.003777408,Informer,1,test
2024-04-26,GLD,-5.047456,0.006425661,-5.314583,0.0049193306,Informer,1,test
2024-04-26,TLT,-5.606554,0.0036737071,-5.6044297,0.0036815195,Informer,1,test
2024-04-29,GLD,-5.058729,0.006353629,-5.218643,0.005414671,Informer,1,test
2024-04-29,TLT,-5.331258,0.004837981,-5.587243,0.0037453393,Informer,1,test
2024-04-30,GLD,-4.612989,0.009922117,-4.9813275,0.006864943,Informer,1,test
2024-04-30,TLT,-4.8632226,0.0077255475,-5.366871,0.0046687173,Informer,1,test
2024-05-01,GLD,-5.043952,0.0064482144,-4.9982038,0.0067500607,Informer,1,test
2024-05-01,TLT,-5.1294336,0.0059199124,-5.4296975,0.0043844217,Informer,1,test
2024-05-02,GLD,-4.7790475,0.008404,-5.2157154,0.005430547,Informer,1,test
2024-05-02,TLT,-5.0098243,0.0066720755,-5.5194416,0.0040080855,Informer,1,test
2024-05-03,GLD,-5.3541174,0.0047286414,-5.2391148,0.0053049508,Informer,1,test
2024-05-03,TLT,-5.5244727,0.0039879708,-5.602338,0.0036892288,Informer,1,test
2024-05-06,GLD,-5.7005324,0.0033441845,-5.304184,0.004970753,Informer,1,test
2024-05-06,TLT,-5.3442645,0.004775462,-5.592205,0.0037268011,Informer,1,test
2024-05-07,GLD,-5.451248,0.0042909454,-5.28043,0.0050902423,Informer,1,test
2024-05-07,TLT,-6.1198735,0.002198734,-5.540669,0.003923901,Informer,1,test
2024-05-08,GLD,-5.4893603,0.0041304855,-5.3993373,0.0045195753,Informer,1,test
2024-05-08,TLT,-5.2424846,0.0052871043,-5.658782,0.0034867611,Informer,1,test
2024-05-09,GLD,-5.361638,0.004693212,-5.431658,0.0043758354,Informer,1,test
2024-05-09,TLT,-5.775189,0.0031036113,-5.575247,0.00379054,Informer,1,test
2024-05-10,GLD,-5.4343953,0.004363873,-5.534601,0.003947783,Informer,1,test
2024-05-10,TLT,-6.2658267,0.001900142,-5.705431,0.0033278428,Informer,1,test
2024-05-13,GLD,-5.530184,0.0039652605,-5.4063883,0.0044878195,Informer,1,test
2024-05-13,TLT,-5.620052,0.0036244532,-5.684135,0.0033994727,Informer,1,test
2024-05-14,GLD,-4.588379,0.01016933,-5.273545,0.00512541,Informer,1,test
2024-05-14,TLT,-5.3840694,0.0045891088,-5.6136,0.003647914,Informer,1,test
2024-05-15,GLD,-5.5780563,0.0037799051,-5.2583346,0.005203964,Informer,1,test
2024-05-15,TLT,-5.935117,0.002644914,-5.600542,0.0036958598,Informer,1,test
2024-05-16,GLD,-5.1930327,0.005555134,-5.4483814,0.0043032644,Informer,1,test
2024-05-16,TLT,-5.7698765,0.003120143,-5.682109,0.0034063673,Informer,1,test
2024-05-17,GLD,-4.822989,0.008042712,-5.5691066,0.0038138863,Informer,1,test
2024-05-17,TLT,-6.0369177,0.0023889109,-5.75859,0.0031555572,Informer,1,test
2024-05-20,GLD,-5.400125,0.004516016,-5.3548503,0.004725177,Informer,1,test
2024-05-20,TLT,-6.012936,0.0024468934,-5.6865635,0.003391227,Informer,1,test
2024-05-21,GLD,-4.9041004,0.0074161114,-5.3342385,0.004823582,Informer,1,test
2024-05-21,TLT,-5.893201,0.0027581342,-5.6600537,0.00348233,Informer,1,test
2024-05-22,GLD,-4.876329,0.0076249545,-5.2313356,0.0053463797,Informer,1,test
2024-05-22,TLT,-5.121478,0.0059671965,-5.659978,0.003482594,Informer,1,test
2024-05-23,GLD,-5.583342,0.0037599783,-5.2140636,0.0054395245,Informer,1,test
2024-05-23,TLT,-5.6768336,0.0034243842,-5.64269,0.0035433234,Informer,1,test
2024-05-24,GLD,-5.420307,0.004425787,-5.359582,0.0047028717,Informer,1,test
2024-05-24,TLT,-5.159861,0.0057424973,-5.743825,0.0032024954,Informer,1,test
2024-05-28,GLD,-5.951901,0.0026008915,-5.3212285,0.004886747,Informer,1,test
2024-05-28,TLT,-5.2711353,0.005137774,-5.6346526,0.0035719178,Informer,1,test
2024-05-29,GLD,-5.635615,0.0035684824,-5.45302,0.004283349,Informer,1,test
2024-05-29,TLT,-5.5641837,0.0038327079,-5.610031,0.0036609555,Informer,1,test
2024-05-30,GLD,-4.8067303,0.008174544,-5.438816,0.004344624,Informer,1,test
2024-05-30,TLT,-5.7450867,0.0031984574,-5.631419,0.0035834862,Informer,1,test
2024-05-31,GLD,-5.0455923,0.006437646,-5.211415,0.005453952,Informer,1,test
2024-05-31,TLT,-5.3032136,0.0049755787,-5.5183144,0.004012606,Informer,1,test
2024-06-03,GLD,-5.100736,0.00609226,-5.364912,0.0046778717,Informer,1,test
2024-06-03,TLT,-5.2338333,0.0053330427,-5.5879707,0.003742615,Informer,1,test
2024-06-04,GLD,-5.0807285,0.006215379,-5.2989545,0.004996815,Informer,1,test
2024-06-04,TLT,-4.972392,0.0069265594,-5.5419874,0.003918731,Informer,1,test
2024-06-05,GLD,-5.2558875,0.0052167145,-5.2756443,0.00511466,Informer,1,test
2024-06-05,TLT,-5.5546246,0.003869521,-5.5015416,0.0040804762,Informer,1,test
2024-06-06,GLD,-5.0142455,0.006642642,-5.402768,0.0045040958,Informer,1,test
2024-06-06,TLT,-6.011196,0.0024511544,-5.675915,0.0034275323,Informer,1,test
2024-06-07,GLD,-5.5212646,0.0040007858,-5.388528,0.004568694,Informer,1,test
2024-06-07,TLT,-5.775996,0.0031011067,-5.738591,0.0032193004,Informer,1,test
2024-06-10,GLD,-5.592637,0.0037251913,-5.105101,0.006065726,Informer,1,test
2024-06-10,TLT,-5.3094735,0.0049445294,-5.5893955,0.0037372862,Informer,1,test
2024-06-11,GLD,-5.143449,0.0058375224,-5.149036,0.0058049983,Informer,1,test
2024-06-11,TLT,-4.893594,0.007494441,-5.5107613,0.004043028,Informer,1,test
2024-06-12,GLD,-4.84736,0.007849071,-5.168988,0.005690323,Informer,1,test
2024-06-12,TLT,-5.0309563,0.0065325606,-5.512023,0.0040379306,Informer,1,test
2024-06-13,GLD,-5.716532,0.003291104,-5.2720137,0.0051332633,Informer,1,test
2024-06-13,TLT,-5.4784236,0.0041759075,-5.5729976,0.0037990753,Informer,1,test
2024-06-14,GLD,-5.2319975,0.0053428425,-5.4054527,0.0044920202,Informer,1,test
2024-06-14,TLT,-5.5844326,0.0037558803,-5.6485834,0.0035225032,Informer,1,test
2024-06-17,GLD,-5.3034697,0.0049743047,-5.3808126,0.004604079,Informer,1,test
2024-06-17,TLT,-5.3768163,0.0046225153,-5.6481514,0.0035240252,Informer,1,test
2024-06-18,GLD,-5.0245304,0.006574673,-5.338113,0.0048049297,Informer,1,test
2024-06-18,TLT,-5.6861506,0.0033926277,-5.5163484,0.004020503,Informer,1,test
2024-06-20,GLD,-4.819892,0.008067659,-5.351999,0.00473867,Informer,1,test
2024-06-20,TLT,-5.046476,0.0064319605,-5.643914,0.0035389888,Informer,1,test
2024-06-21,GLD,-6.0254903,0.0024163665,-5.46391,0.0042369566,Informer,1,test
2024-06-21,TLT,-5.5002728,0.0040856567,-5.7074327,0.003321188,Informer,1,test
2024-06-24,GLD,-5.587579,0.003744082,-5.396271,0.004533454,Informer,1,test
2024-06-24,TLT,-5.96485,0.0025674298,-5.6271396,0.0035988549,Informer,1,test
2024-06-25,GLD,-5.730552,0.0032452848,-5.3094897,0.0049444493,Informer,1,test
2024-06-25,TLT,-5.9571176,0.0025873592,-5.606208,0.003674979,Informer,1,test
2024-06-26,GLD,-5.6965866,0.003357406,-5.358228,0.0047092424,Informer,1,test
2024-06-26,TLT,-6.1231003,0.0021916507,-5.6317916,0.0035821518,Informer,1,test
2024-06-27,GLD,-5.9163337,0.0026950631,-5.3892303,0.004565486,Informer,1,test
2024-06-27,TLT,-4.8662963,0.007701838,-5.6763315,0.003426104,Informer,1,test
2024-06-28,GLD,-5.32387,0.0048738546,-5.497591,0.004096628,Informer,1,test
2024-06-28,TLT,-4.688363,0.009201736,-5.6723075,0.0034399186,Informer,1,test
2024-07-01,GLD,-5.350064,0.004747848,-5.413398,0.004456472,Informer,1,test
2024-07-01,TLT,-5.1695757,0.005686981,-5.5468388,0.003899766,Informer,1,test
2024-07-02,GLD,-5.4776444,0.0041791624,-5.3916426,0.004554486,Informer,1,test
2024-07-02,TLT,-5.4121118,0.004462207,-5.4732533,0.004197554,Informer,1,test
2024-07-03,GLD,-5.546218,0.0039021878,-5.406277,0.004488318,Informer,1,test
2024-07-03,TLT,-5.1075206,0.0060510673,-5.5013666,0.00408119,Informer,1,test
2024-07-05,GLD,-4.9009643,0.007439406,-5.535744,0.003943273,Informer,1,test
2024-07-05,TLT,-5.385544,0.004582348,-5.593167,0.0037232183,Informer,1,test
2024-07-08,GLD,-5.0292625,0.0065436345,-5.413307,0.004456876,Informer,1,test
2024-07-08,TLT,-5.0905905,0.006154385,-5.5397162,0.003927641,Informer,1,test
2024-07-09,GLD,-5.4107065,0.004468482,-5.2667503,0.0051603527,Informer,1,test
2024-07-09,TLT,-5.8268642,0.0029473046,-5.413638,0.0044554016,Informer,1,test
2024-07-10,GLD,-4.790699,0.008306649,-5.3088775,0.0049474775,Informer,1,test
2024-07-10,TLT,-5.305498,0.004964225,-5.5975113,0.003707078,Informer,1,test
2024-07-11,GLD,-5.359469,0.0047034035,-5.2406034,0.005297059,Informer,1,test
2024-07-11,TLT,-5.6200047,0.0036246243,-5.551319,0.0038823327,Informer,1,test
2024-07-12,GLD,-4.827192,0.00800898,-5.430371,0.004381471,Informer,1,test
2024-07-12,TLT,-5.562403,0.0038395382,-5.6971035,0.0033556712,Informer,1,test
2024-07-15,GLD,-5.2716146,0.0051353127,-5.2466254,0.0052652564,Informer,1,test
2024-07-15,TLT,-5.4037423,0.00449971,-5.6230307,0.0036136727,Informer,1,test
2024-07-16,GLD,-4.8038106,0.008198447,-5.29142,0.005034606,Informer,1,test
2024-07-16,TLT,-5.2920604,0.005031383,-5.53288,0.0039545842,Informer,1,test
2024-07-17,GLD,-4.999661,0.0067402315,-5.2479205,0.005258442,Informer,1,test
2024-07-17,TLT,-5.192263,0.005559411,-5.562422,0.0038394667,Informer,1,test
2024-07-18,GLD,-5.521158,0.004001211,-5.274865,0.005118647,Informer,1,test
2024-07-18,TLT,-6.0084705,0.0024578446,-5.5593195,0.0038513965,Informer,1,test
2024-07-19,GLD,-5.334862,0.004820574,-5.510126,0.0040455973,Informer,1,test
2024-07-19,TLT,-4.851475,0.007816841,-5.7558775,0.0031641289,Informer,1,test
2024-07-22,GLD,-5.8960276,0.0027503488,-5.238553,0.0053079315,Informer,1,test
2024-07-22,TLT,-5.6191072,0.0036278784,-5.4390535,0.0043435926,Informer,1,test
2024-07-23,GLD,-4.7350345,0.0087821465,-5.420997,0.0044227345,Informer,1,test
2024-07-23,TLT,-4.8612347,0.0077409204,-5.6095133,0.0036628516,Informer,1,test
2024-07-24,GLD,-5.243557,0.0052814377,-5.317682,0.0049041095,Informer,1,test
2024-07-24,TLT,-5.006576,0.006693783,-5.4805064,0.0041672187,Informer,1,test
2024-07-25,GLD,-5.5565996,0.003861886,-5.3894663,0.0045644087,Informer,1,test
2024-07-25,TLT,-5.7025933,0.0033372995,-5.5455723,0.003904708,Informer,1,test
2024-07-26,GLD,-4.8828197,0.007575623,-5.4039736,0.0044986694,Informer,1,test
2024-07-26,TLT,-5.6990347,0.0033491969,-5.6748886,0.003431051,Informer,1,test
2024-07-29,GLD,-4.8858337,0.007552824,-5.318206,0.00490154,Informer,1,test
2024-07-29,TLT,-5.180978,0.005622506,-5.562665,0.003838533,Informer,1,test
2024-07-30,GLD,-5.2818384,0.0050830776,-5.2190437,0.0054125027,Informer,1,test
2024-07-30,TLT,-5.498256,0.004093904,-5.4669724,0.0042240014,Informer,1,test
2024-07-31,GLD,-4.905023,0.007409272,-5.0615897,0.0063354797,Informer,1,test
2024-07-31,TLT,-5.1599007,0.00574227,-5.2910905,0.005036265,Informer,1,test
2024-08-01,GLD,-4.074579,0.016999373,-5.2074757,0.0054754782,Informer,1,test
2024-08-01,TLT,-4.966788,0.0069654863,-5.612934,0.003650343,Informer,1,test
2024-08-02,GLD,-4.911288,0.0073630004,-5.20712,0.005477426,Informer,1,test
2024-08-02,TLT,-4.3068585,0.013475817,-5.7154655,0.0032946165,Informer,1,test
2024-08-05,GLD,-5.1011844,0.00608953,-5.128065,0.0059280195,Informer,1,test
2024-08-05,TLT,-4.748523,0.008664481,-5.2948017,0.0050176093,Informer,1,test
2024-08-06,GLD,-5.3195014,0.004895194,-4.844653,0.007870347,Informer,1,test
2024-08-06,TLT,-4.9626355,0.0069944696,-4.9445014,0.007122465,Informer,1,test
2024-08-07,GLD,-5.4822974,0.004159762,-5.0687475,0.0062902938,Informer,1,test
2024-08-07,TLT,-5.5332737,0.003953027,-4.931341,0.0072168177,Informer,1,test
2024-08-08,GLD,-5.3946266,0.0045409156,-5.296459,0.0050092996,Informer,1,test
2024-08-08,TLT,-5.8486643,0.0028837484,-5.152667,0.005783958,Informer,1,test
2024-08-09,GLD,-5.290192,0.005040792,-5.385295,0.004583488,Informer,1,test
2024-08-09,TLT,-5.1507206,0.0057952274,-5.450836,0.0042927135,Informer,1,test
2024-08-12,GLD,-5.5300894,0.003965635,-5.2857733,0.0050631156,Informer,1,test
2024-08-12,TLT,-5.8916945,0.0027622918,-5.403393,0.004501283,Informer,1,test
2024-08-13,GLD,-5.0233636,0.006582349,-5.326002,0.004863475,Informer,1,test
2024-08-13,TLT,-5.4796844,0.004170646,-5.501752,0.004079618,Informer,1,test
2024-08-14,GLD,-4.9123607,0.0073551047,-5.2330747,0.00533709,Informer,1,test
2024-08-14,TLT,-5.345504,0.004769548,-5.4858522,0.004145001,Informer,1,test
2024-08-15,GLD,-4.892452,0.0075030043,-5.3127966,0.0049281255,Informer,1,test
2024-08-15,TLT,-5.558994,0.003852651,-5.6123304,0.0036525475,Informer,1,test
2024-08-16,GLD,-5.3265247,0.004860934,-5.51508,0.0040256055,Informer,1,test
2024-08-16,TLT,-5.3983774,0.0045239152,-5.7843766,0.003075227,Informer,1,test
2024-08-19,GLD,-4.8162313,0.008097246,-5.362258,0.0046903035,Informer,1,test
2024-08-19,TLT,-5.3324933,0.0048320075,-5.6348524,0.0035712044,Informer,1,test
2024-08-20,GLD,-4.935094,0.007189786,-5.2527695,0.0052330056,Informer,1,test
2024-08-20,TLT,-4.9501743,0.007082174,-5.6007853,0.003694961,Informer,1,test
2024-08-21,GLD,-5.1200175,0.0059759184,-5.2222195,0.005395341,Informer,1,test
2024-08-21,TLT,-5.2030773,0.0054996144,-5.462289,0.004243831,Informer,1,test
2024-08-22,GLD,-5.0811625,0.006212683,-5.2716246,0.0051352615,Informer,1,test
2024-08-22,TLT,-5.308885,0.00494744,-5.575569,0.0037893183,Informer,1,test
2024-08-23,GLD,-5.5293536,0.0039685536,-5.286236,0.0050607743,Informer,1,test
2024-08-23,TLT,-5.881402,0.0027908697,-5.619072,0.0036280064,Informer,1,test
2024-08-26,GLD,-5.6353755,0.0035693366,-5.4067574,0.0044861636,Informer,1,test
2024-08-26,TLT,-5.5820513,0.003764835,-5.646503,0.0035298392,Informer,1,test
2024-08-27,GLD,-5.5506206,0.0038850456,-5.358909,0.0047060368,Informer,1,test
2024-08-27,TLT,-5.7331567,0.0032368435,-5.568236,0.0038172086,Informer,1,test
2024-08-28,GLD,-5.4300714,0.004382783,-5.395048,0.0045390017,Informer,1,test
2024-08-28,TLT,-5.63807,0.0035597316,-5.604841,0.0036800047,Informer,1,test
2024-08-29,GLD,-5.080445,0.006217143,-5.4077334,0.004481787,Informer,1,test
2024-08-29,TLT,-4.827056,0.008010069,-5.618808,0.003628965,Informer,1,test
2024-08-30,GLD,-5.0802712,0.006218222,-5.4840136,0.0041526295,Informer,1,test
2024-08-30,TLT,-5.410494,0.0044694324,-5.6735277,0.0034357237,Informer,1,test
2024-09-03,GLD,-5.326336,0.0048618517,-5.3956575,0.0045362366,Informer,1,test
2024-09-03,TLT,-5.2800035,0.0050924127,-5.610602,0.0036588665,Informer,1,test
2024-09-04,GLD,-5.37123,0.00464841,-5.3146553,0.004918974,Informer,1,test
2024-09-04,TLT,-5.0751333,0.006250253,-5.41588,0.0044454234,Informer,1,test
2024-09-05,GLD,-4.705415,0.009046162,-5.412584,0.004460101,Informer,1,test
2024-09-05,TLT,-4.4878564,0.011244723,-5.473027,0.004198503,Informer,1,test
2024-09-06,GLD,-5.612311,0.0036526187,-5.4254274,0.0044031837,Informer,1,test
2024-09-06,TLT,-5.191089,0.0055659413,-5.5103474,0.0040447023,Informer,1,test
2024-09-09,GLD,-5.318381,0.0049006823,-5.4053564,0.004492453,Informer,1,test
2024-09-09,TLT,-5.157303,0.0057572066,-5.4551296,0.0042743227,Informer,1,test
2024-09-10,GLD,-5.252082,0.005236605,-5.342966,0.0047816667,Informer,1,test
2024-09-10,TLT,-5.0832977,0.006199431,-5.4461575,0.0043128454,Informer,1,test
2024-09-11,GLD,-5.489983,0.004127914,-5.3671417,0.004667453,Informer,1,test
2024-09-11,TLT,-5.129631,0.005918744,-5.4479103,0.004305292,Informer,1,test
2024-09-12,GLD,-5.7069173,0.0033229003,-5.430004,0.004383078,Informer,1,test
2024-09-12,TLT,-5.4852867,0.0041473457,-5.520331,0.0040045227,Informer,1,test
2024-09-13,GLD,-5.615874,0.003639628,-5.5212708,0.0040007606,Informer,1,test
2024-09-13,TLT,-5.265274,0.0051679765,-5.6936817,0.0033671733,Informer,1,test
2024-09-16,GLD,-5.185478,0.0055972594,-5.4693947,0.004213782,Informer,1,test
2024-09-16,TLT,-5.307003,0.00495676,-5.5731454,0.003798514,Informer,1,test
2024-09-17,GLD,-4.3377156,0.013066342,-5.429199,0.004386607,Informer,1,test
2024-09-17,TLT,-4.9107947,0.0073666316,-5.561223,0.003844072,Informer,1,test
2024-09-18,GLD,-5.144104,0.005833699,-5.23443,0.0053298627,Informer,1,test
2024-09-18,TLT,-5.740904,0.0032118638,-5.449673,0.004297709,Informer,1,test
2024-09-19,GLD,-5.1752205,0.0056549697,-5.3278804,0.0048543485,Informer,1,test
2024-09-19,TLT,-5.593361,0.0037224959,-5.5577297,0.0038575241,Informer,1,test
2024-09-20,GLD,-6.0239425,0.0024201095,-5.533472,0.003952243,Informer,1,test
2024-09-20,TLT,-4.879361,0.007601869,-5.7312474,0.0032430294,Informer,1,test
2024-09-23,GLD,-5.192936,0.0055556716,-5.4668617,0.004224469,Informer,1,test
2024-09-23,TLT,-5.075894,0.0062455013,-5.5357265,0.0039433427,Informer,1,test
2024-09-24,GLD,-5.361349,0.0046945685,-5.4276934,0.0043932176,Informer,1,test
2024-09-24,TLT,-5.9222856,0.00267907,-5.5900908,0.003734689,Informer,1,test
2024-09-25,GLD,-5.09791,0.0061095026,-5.4392495,0.0043427413,Informer,1,test
2024-09-25,TLT,-5.1162333,0.005998575,-5.6322136,0.0035806405,Informer,1,test
2024-09-26,GLD,-5.018725,0.0066129533,-5.3846083,0.0045866366,Informer,1,test
2024-09-26,TLT,-5.5354557,0.003944411,-5.5804405,0.003770904,Informer,1,test
2024-09-27,GLD,-5.5311265,0.003961524,-5.5022235,0.004077695,Informer,1,test
2024-09-27,TLT,-5.318519,0.0049000047,-5.695221,0.0033619942,Informer,1,test
2024-09-30,GLD,-5.217682,0.0054198783,-5.2335405,0.0053346045,Informer,1,test
2024-09-30,TLT,-5.0462284,0.0064335526,-5.3917236,0.004554117,Informer,1,test
2024-10-01,GLD,-5.115802,0.006001164,-5.318468,0.004900255,Informer,1,test
2024-10-01,TLT,-5.409745,0.0044727796,-5.474294,0.004193187,Informer,1,test
2024-10-02,GLD,-5.098149,0.0061080432,-5.3311596,0.004838456,Informer,1,test
2024-10-02,TLT,-5.501287,0.004081515,-5.476038,0.0041858815,Informer,1,test
2024-10-03,GLD,-4.8785524,0.0076080193,-5.349526,0.0047504026,Informer,1,test
2024-10-03,TLT,-5.502594,0.0040761842,-5.5515943,0.0038812645,Informer,1,test
2024-10-04,GLD,-5.903124,0.0027309007,-5.3744087,0.0046336576,Informer,1,test
2024-10-04,TLT,-5.608631,0.0036660843,-5.6136894,0.003647587,Informer,1,test
2024-10-07,GLD,-4.681614,0.00926405,-5.4043436,0.004497005,Informer,1,test
2024-10-07,TLT,-5.7068615,0.0033230856,-5.533675,0.00395144,Informer,1,test
2024-10-08,GLD,-5.653305,0.0035059103,-5.155117,0.0057698046,Informer,1,test
2024-10-08,TLT,-5.323744,0.00487447,-5.4546347,0.0042764386,Informer,1,test
2024-10-09,GLD,-5.6582694,0.003488549,-5.3602195,0.0046998747,Informer,1,test
2024-10-09,TLT,-5.3072867,0.0049553537,-5.46311,0.004240348,Informer,1,test
2024-10-10,GLD,-5.6896462,0.0033807887,-5.4053235,0.004492601,Informer,1,test
2024-10-10,TLT,-5.3644204,0.004680172,-5.5058813,0.0040628063,Informer,1,test
2024-10-11,GLD,-5.3792887,0.0046111005,-5.5190763,0.0040095495,Informer,1,test
2024-10-11,TLT,-5.6213408,0.0036197847,-5.6087394,0.0036656875,Informer,1,test
2024-10-14,GLD,-5.236414,0.005319298,-5.414377,0.00445211,Informer,1,test
2024-10-14,TLT,-5.609758,0.0036619557,-5.563104,0.0038368478,Informer,1,test
2024-10-15,GLD,-5.338067,0.00480515,-5.261208,0.0051890323,Informer,1,test
2024-10-15,TLT,-5.649257,0.0035201306,-5.49641,0.0041014696,Informer,1,test
2024-10-16,GLD,-5.6671805,0.0034576,-5.2720118,0.005133273,Informer,1,test
2024-10-16,TLT,-5.3394628,0.004798448,-5.4673014,0.004222612,Informer,1,test
2024-10-17,GLD,-5.9150996,0.002698391,-5.412131,0.004462122,Informer,1,test
2024-10-17,TLT,-5.8348303,0.0029239194,-5.513136,0.004033439,Informer,1,test
2024-10-18,GLD,-5.179627,0.005630106,-5.629352,0.0035909011,Informer,1,test
2024-10-18,TLT,-5.554726,0.003869128,-5.698163,0.0033521175,Informer,1,test
2024-10-21,GLD,-5.7010355,0.0033425025,-5.4367666,0.004353537,Informer,1,test
2024-10-21,TLT,-5.377058,0.004621398,-5.52549,0.0039839167,Informer,1,test
2024-10-22,GLD,-5.0586205,0.0063543194,-5.4124203,0.0044608307,Informer,1,test
2024-10-22,TLT,-5.253346,0.0052299895,-5.3532925,0.0047325436,Informer,1,test
2024-10-23,GLD,-5.2486644,0.0052545317,-5.3619885,0.0046915673,Informer,1,test
2024-10-23,TLT,-4.905215,0.007407852,-5.4105964,0.004468974,Informer,1,test
2024-10-24,GLD,-5.5785847,0.0037779086,-5.3075356,0.0049541206,Informer,1,test
2024-10-24,TLT,-5.2383375,0.0053090756,-5.4337997,0.004366473,Informer,1,test
2024-10-25,GLD,-6.360682,0.0017281877,-5.518689,0.0040111025,Informer,1,test
2024-10-25,TLT,-5.08534,0.0061867833,-5.6018863,0.0036908952,Informer,1,test
2024-10-28,GLD,-5.4797716,0.004170282,-5.457286,0.004265116,Informer,1,test
2024-10-28,TLT,-5.1218915,0.00596473,-5.3610487,0.004695979,Informer,1,test
2024-10-29,GLD,-5.3769007,0.004622125,-5.422015,0.004418234,Informer,1,test
2024-10-29,TLT,-4.851394,0.007817471,-5.448806,0.0043014386,Informer,1,test
2024-10-30,GLD,-4.81619,0.0080975825,-5.414897,0.0044497964,Informer,1,test
2024-10-30,TLT,-4.8266683,0.008013175,-5.33014,0.0048433915,Informer,1,test
2024-10-31,GLD,-5.304351,0.0049699233,-5.251461,0.0052398574,Informer,1,test
2024-10-31,TLT,-4.6975384,0.009117694,-5.23884,0.0053064083,Informer,1,test
2024-11-01,GLD,-5.666765,0.0034590364,-5.430904,0.0043791356,Informer,1,test
2024-11-01,TLT,-4.931705,0.0072141928,-5.4551272,0.004274333,Informer,1,test
2024-11-04,GLD,-5.4461117,0.004313043,-5.4312115,0.004377789,Informer,1,test
2024-11-04,TLT,-4.7392263,0.00874541,-5.276328,0.005111164,Informer,1,test
2024-11-05,GLD,-4.977277,0.0068928073,-5.3389482,0.0048009176,Informer,1,test
2024-11-05,TLT,-4.7887726,0.008322666,-5.1478143,0.0058120945,Informer,1,test
2024-11-06,GLD,-5.3050356,0.0049665216,-5.3622217,0.0046904734,Informer,1,test
2024-11-06,TLT,-5.0513973,0.006400384,-5.1580753,0.0057527614,Informer,1,test
2024-11-07,GLD,-5.655348,0.0034987559,-5.3695,0.0046564583,Informer,1,test
2024-11-07,TLT,-5.3387265,0.004801982,-5.1944685,0.005547164,Informer,1,test
2024-11-08,GLD,-5.372714,0.004641517,-5.5196557,0.0040072273,Informer,1,test
2024-11-08,TLT,-5.291694,0.0050332258,-5.406496,0.004487336,Informer,1,test
2024-11-11,GLD,-5.140455,0.005855026,-5.4069014,0.0044855177,Informer,1,test
2024-11-11,TLT,-4.68947,0.009191558,-5.3662996,0.004671385,Informer,1,test
2024-11-12,GLD,-5.0636635,0.006322355,-5.229058,0.0053585717,Informer,1,test
2024-11-12,TLT,-4.839363,0.007912092,-5.1940546,0.00554946,Informer,1,test
2024-11-13,GLD,-5.216453,0.0054265424,-5.276328,0.005111164,Informer,1,test
2024-11-13,TLT,-5.1682878,0.0056943106,-5.212634,0.005447306,Informer,1,test
2024-11-14,GLD,-5.56156,0.0038427764,-5.3901615,0.0045612366,Informer,1,test
2024-11-14,TLT,-4.7239122,0.008880368,-5.350178,0.004747307,Informer,1,test
2024-11-15,GLD,-5.945741,0.002616962,-5.5535555,0.00387366,Informer,1,test
2024-11-15,TLT,-4.794835,0.008272363,-5.4256587,0.0044021653,Informer,1,test
2024-11-18,GLD,-5.653951,0.003503646,-5.4839764,0.0041527837,Informer,1,test
2024-11-18,TLT,-5.68255,0.003404865,-5.337884,0.0048060296,Informer,1,test
2024-11-19,GLD,-5.430743,0.0043798396,-5.4201517,0.004426475,Informer,1,test
2024-11-19,TLT,-5.2334204,0.0053352457,-5.3894653,0.0045644133,Informer,1,test
2024-11-20,GLD,-5.7999477,0.003027713,-5.3269553,0.004858841,Informer,1,test
2024-11-20,TLT,-5.0201235,0.0066037113,-5.2782555,0.0051013227,Informer,1,test
2024-11-21,GLD,-5.1327524,0.0059002982,-5.460065,0.00425328,Informer,1,test
2024-11-21,TLT,-5.467663,0.004221086,-5.3891754,0.0045657367,Informer,1,test
2024-11-22,GLD,-4.938538,0.0071650655,-5.5720716,0.003802595,Informer,1,test
2024-11-22,TLT,-5.321447,0.0048856796,-5.624315,0.0036090352,Informer,1,test
2024-11-25,GLD,-5.434599,0.0043629846,-5.4400277,0.004339363,Informer,1,test
2024-11-25,TLT,-5.3764763,0.0046240874,-5.4851346,0.0041479766,Informer,1,test
2024-11-26,GLD,-5.3881373,0.0045704786,-5.188081,0.0055827107,Informer,1,test
2024-11-26,TLT,-5.2226186,0.005393188,-5.396284,0.004533395,Informer,1,test
2024-11-27,GLD,-5.811747,0.0029921979,-5.3006973,0.0049881143,Informer,1,test
2024-11-27,TLT,-5.532869,0.0039546276,-5.364646,0.0046791164,Informer,1,test
2024-11-29,GLD,-5.723501,0.003268248,-5.4663477,0.004226641,Informer,1,test
2024-11-29,TLT,-4.8636312,0.007722391,-5.535475,0.0039443355,Informer,1,test
2024-12-02,GLD,-5.345125,0.0047713537,-5.4317603,0.004375387,Informer,1,test
2024-12-02,TLT,-5.234575,0.00532909,-5.385214,0.00458386,Informer,1,test
2024-12-03,GLD,-5.906262,0.0027223441,-5.4270205,0.0043961746,Informer,1,test
2024-12-03,TLT,-4.8367205,0.007933028,-5.435457,0.0043592416,Informer,1,test
2024-12-04,GLD,-5.1906347,0.0055684713,-5.540722,0.003923693,Informer,1,test
2024-12-04,TLT,-5.466625,0.0042254683,-5.3671803,0.004667273,Informer,1,test
2024-12-05,GLD,-5.494534,0.0041091708,-5.522861,0.0039944034,Informer,1,test
2024-12-05,TLT,-5.1457577,0.0058240597,-5.530117,0.003965525,Informer,1,test
2024-12-06,GLD,-5.3438306,0.004777535,-5.567974,0.003818208,Informer,1,test
2024-12-06,TLT,-5.821897,0.0029619809,-5.5553904,0.003866559,Informer,1,test
2024-12-09,GLD,-6.0777125,0.0022934168,-5.536875,0.0039388174,Informer,1,test
2024-12-09,TLT,-5.8311505,0.0029346985,-5.6006002,0.0036956447,Informer,1,test
2024-12-10,GLD,-5.2803774,0.0050905095,-5.530034,0.003965854,Informer,1,test
2024-12-10,TLT,-4.9832616,0.0068516787,-5.5330687,0.0039538373,Informer,1,test
2024-12-11,GLD,-5.6048274,0.0036800557,-5.4499617,0.0042964695,Informer,1,test
2024-12-11,TLT,-5.4310384,0.004378547,-5.457603,0.004263764,Informer,1,test
2024-12-12,GLD,-5.7109323,0.0033095856,-5.566347,0.0038244252,Informer,1,test
2024-12-12,TLT,-5.5126314,0.0040354743,-5.576598,0.003785421,Informer,1,test
2024-12-13,GLD,-5.6989555,0.003349462,-5.614999,0.003642814,Informer,1,test
2024-12-13,TLT,-5.4326553,0.0043714726,-5.6359468,0.0035672984,Informer,1,test
2024-12-16,GLD,-5.570016,0.00381042,-5.517851,0.0040144664,Informer,1,test
2024-12-16,TLT,-5.509557,0.004047901,-5.57824,0.0037792113,Informer,1,test
2024-12-17,GLD,-4.7026815,0.009070921,-5.5063896,0.004060742,Informer,1,test
2024-12-17,TLT,-4.8417096,0.007893547,-5.5537963,0.0038727273,Informer,1,test
2024-12-18,GLD,-5.548113,0.0038948003,-5.389841,0.0045626983,Informer,1,test
2024-12-18,TLT,-4.9860907,0.006832322,-5.431221,0.0043777474,Informer,1,test
2024-12-19,GLD,-5.3146915,0.0049187955,-5.227778,0.005365434,Informer,1,test
2024-12-19,TLT,-5.3601217,0.004700334,-5.209344,0.0054652584,Informer,1,test
2024-12-20,GLD,-5.9933267,0.0024953492,-5.570645,0.003808024,Informer,1,test
2024-12-20,TLT,-5.445256,0.0043167337,-5.5525575,0.0038775278,Informer,1,test
2024-12-23,GLD,-6.008091,0.0024587775,-5.4878826,0.0041365935,Informer,1,test
2024-12-23,TLT,-5.4259906,0.0044007045,-5.3970113,0.0045301,Informer,1,test
2024-12-24,GLD,-5.6391106,0.0035560299,-5.47573,0.004187171,Informer,1,test
2024-12-24,TLT,-5.4385805,0.0043456475,-5.376654,0.004623265,Informer,1,test
2024-12-26,GLD,-5.9582915,0.0025843235,-5.5376987,0.003935573,Informer,1,test
2024-12-26,TLT,-5.267371,0.00515715,-5.496553,0.004100883,Informer,1,test
2024-12-27,GLD,-5.458989,0.004257858,-5.6424522,0.0035441667,Informer,1,test
2024-12-27,TLT,-5.8190527,0.0029704177,-5.5454526,0.0039051753,Informer,1,test
2024-12-30,GLD,-5.7197385,0.0032805686,-5.5447035,0.003908102,Informer,1,test
2024-12-30,TLT,-5.1243124,0.0059503075,-5.5232606,0.0039928076,Informer,1,test
2024-12-31,GLD,-5.8520036,0.0028741348,-5.357644,0.004711994,Informer,1,test
2024-12-31,TLT,-4.939689,0.007156823,-5.223573,0.005388042,Informer,1,test
