date,turnover,cost,port_sigma,gross_ret,net_ret,cum_gross,cum_net
2020-01-02,0.0,0.0,0.0,0.0,0.0,1.0,1.0
2020-01-03,0.75,0.00075,0.06955789723617459,0.01392964869594045,0.01317964869594045,1.0139296486959404,1.0131796486959403
2020-01-06,0.0,0.0,0.07172079287662592,0.010431588330112901,0.010431588330112901,1.0245065453868325,1.0237487216955847
2020-01-07,0.0,0.0,0.07423331737423669,0.0042739877319253996,0.0042739877319253996,1.0288852737930931,1.0281242111726858
2020-01-08,0.0,0.0,0.07382642624887954,-0.00190813531949165,-0.00190813531949165,1.0269220214624637,1.0261624110525227
2020-01-09,0.0,0.0,0.07309198559921481,-0.004423626432481851,-0.004423626432481851,1.0223793020642247,1.0216230518869716
2020-01-10,0.0,0.0,0.0729704735284298,0.0022971064625001997,0.0022971064625001997,1.0247278161661229,1.0239698288017003
2020-01-13,0.0,0.0,0.07300974114644875,0.00598890196794685,0.00598890196794685,1.0308648106009701,1.030102283724529
2020-01-14,0.0,0.0,0.07266518011298981,-0.0018158708366946999,-0.0018158708366946999,1.0289928932548251,1.0282317510287011
2020-01-15,0.0,0.0,0.07288310695660946,0.0013566034731818,0.0013566034731818,1.030388828587694,1.0296266537933825
2020-01-16,0.0,0.0,0.07194681259804252,0.00734213917185785,0.00734213917185785,1.0379540867683124,1.0371863159805876
2020-01-17,0.0,0.0,0.07128245177803791,0.0017788106126701497,0.0017788106126701497,1.0398004105133203,1.0390312740067702
2020-01-21,0.0,0.0,0.07196379142226857,-0.0018167885775321,-0.0018167885775321,1.0379113130045865,1.037143573856456
2020-01-22,0.0,0.0,0.07128279260103083,0.0047908821136551,0.0047908821136551,1.0428838237496205,1.0421124064537373
2020-01-23,0.0,0.0,0.07088054471940608,0.0019842674275138998,0.0019842674275138998,1.044953184151768,1.0441802361576715
2020-01-24,0.0,0.0,0.0699458032710775,0.00518469221613215,0.00518469221613215,1.050370944791862,1.0495939893003172
2020-01-27,0.0,0.0,0.06928099384555299,0.0024758509464864998,0.0024758509464864998,1.0529715066896868,1.052192627572153
2020-01-28,0.0,0.0,0.0717059507454716,0.003038839852256851,0.003038839852256851,1.0561713184675063,1.05539007246107
2020-01-29,0.0,0.0,0.07751762623427655,-0.00320220979941745,-0.00320220979941745,1.052789236321646,1.0520104920288273
2020-01-30,0.0,0.0,0.07784060200932576,0.00715429970890865,0.00715429970890865,1.0603212060486042,1.059536890385718
2020-01-31,0.0,0.0,0.07641341750430353,0.0017228945713039109,0.0017228945713039109,1.0621480276983437,1.06136236074226
2020-02-03,0.0,0.0,0.07478242142449454,-0.0017303297470237494,-0.0017303297470237494,1.0603101613702748,1.0595258538770964
2020-02-04,0.0,0.0,0.07983198819336723,-0.000793145302303,-0.000793145302303,1.0594691813467998,1.0586854959234253
2020-02-05,0.0,0.0,0.07852261606347515,-0.005763273031160999,-0.005763273031160999,1.0533631711865976,1.0525840023562885
2020-02-06,0.0,0.0,0.08103864174776207,0.0008577251252394995,0.0008577251252394995,1.0542666672445262,1.0534868301015345
2020-02-07,0.0,0.0,0.08082773472074994,0.0066148684101351996,0.0066148684101351996,1.0612405025175407,1.0604555068544668
2020-02-10,0.0,0.0,0.07890652160208622,0.0048496645327219,0.0048496645327219,1.066387162943288,1.0655983603145884
2020-02-11,0.0,0.0,0.07806385355548687,0.00638564386820015,0.00638564386820015,1.0731967315914641,1.0724028919500954
2020-02-12,0.0,0.0,0.07701853340419727,-0.00338472536817215,-0.00338472536817215,1.069564255389007,1.0687731026768108
2020-02-13,0.0,0.0,0.0753962946970685,0.00026507449972014993,0.00026507449972014993,1.0698477695989228,1.0690564071723172
2020-02-14,0.0,0.0,0.07455503528490028,0.0042193386342012,0.0042193386342012,1.0743618196259055,1.0735671181732396
2020-02-18,0.0,0.0,0.07332164467129607,0.00506923346391295,0.00506923346391295,1.0798080105143035,1.0790092805344398
2020-02-19,0.0,0.0,0.0721145913000592,0.008491226139051102,0.008491226139051102,1.0889769045183393,1.0881713923415925
2020-02-20,0.0,0.0,0.0722793698941133,0.005257726284571706,0.005257726284571706,1.0947024470125168,1.0938926996732259
2020-02-21,0.0,0.0,0.07173700574633081,0.00388127057618885,0.00388127057618885,1.0989512834097883,1.0981383932219753
2020-02-24,0.0,0.0,0.07162052300223867,0.0069295520923622,0.0069295520923622,1.1065665235751447,1.1057480004224298
2020-02-25,0.0,0.0,0.07505813380862097,-0.004982363743270851,-0.004982363743270851,1.1010532066485665,1.1002387616759308
2020-02-26,0.0,0.0,0.08966792614707404,-0.02174816535304145,-0.02174816535304145,1.077107319447877,1.0763105871591772
2020-02-27,0.0261015179574359,2.61015179574359e-05,0.09016149661775737,-0.002124817257567797,-0.002150918775525233,1.0748186632272616,1.07399553050896
2020-02-28,0.02114716790735474,2.114716790735474e-05,0.0833869899397073,-0.013140935688548135,-0.01316208285645549,1.060694540296941,1.059859512348938
2020-03-02,0.013222762111112119,1.322276211111212e-05,0.09422267297486228,-0.009240511627181912,-0.009253734389293024,1.0508931800644388,1.0500518539316954
2020-03-03,0.03740168540824887,3.740168540824887e-05,0.08928997536065943,0.013466610558470093,0.013429208873061845,1.0650451492589188,1.06415321960569
2020-03-04,0.012144994472749415,1.2144994472749415e-05,0.09472912918334286,0.012097495417575647,0.012085350423102898,1.0779295280715897,1.077013884168498
2020-03-05,0.016213512561481375,1.6213512561481376e-05,0.0940990167160517,0.009908730358168565,0.009892516845607083,1.088610441110359,1.0876682621605875
2020-03-06,9.27433905043018e-06,9.27433905043018e-09,0.09537787407203117,0.011179526878796182,0.011179517604457132,1.1007805907972905,1.0998278686452212
2020-03-09,0.007793070513280764,7.793070513280764e-06,0.09599800424306011,0.019999662422715468,0.019991869352202186,1.1227958310147137,1.1218154837050873
2020-03-10,0.0011569852210661646,1.1569852210661647e-06,0.09940539158229601,-0.012729095972347223,-0.01273025295756829,1.108503655124376,1.1075344888258047
2020-03-11,0.020170711919163975,2.0170711919163976e-05,0.1092632738504989,-0.018179763411511587,-0.01819993412343075,1.088351320933419,1.0873774340897475
2020-03-12,0.04266563073680843,4.266563073680843e-05,0.10401087134582901,-0.032874867186038145,-0.03291753281677495,1.0525719158059836,1.0515836517188777
2020-03-13,0.06784925315821269,6.784925315821269e-05,0.10093310332011533,-0.04771096161903672,-0.04777881087219493,1.0023526975296884,1.0013402353071092
2020-03-16,0.058163139696923355,5.816313969692335e-05,0.10637626061177209,-0.004490798705817854,-0.004548961845514777,0.997851333332849,0.9967851767823184
2020-03-17,0.057150482101991196,5.7150482101991195e-05,0.10246534885810911,-0.01143048187977953,-0.01148763236188152,0.986445411748474,0.98533447512767
2020-03-18,0.012952448164134128,1.2952448164134129e-05,0.10689884026882789,-0.006433307136836008,-0.006446259585000142,0.9800993054409735,0.9789827533229473
2020-03-19,0.031728846905772906,3.1728846905772906e-05,0.10197414792930173,-0.041439800043789055,-0.04147152889069483,0.939484186200443,0.9383828417850227
2020-03-20,0.009868639400485588,9.868639400485588e-06,0.10093233247044334,0.002243298300093261,0.002233429660692775,0.941591729478311,0.9404786538569505
2020-03-23,0.004617618906865448,4.617618906865448e-06,0.09791042109723944,0.022852244251357196,0.02284762663245033,0.9631092136654072,0.9619663589960638
2020-03-24,0.010570052255134646,1.0570052255134646e-05,0.10221812904869451,0.028464357895101253,0.028453787842846117,0.9905234990152488,0.9893379456868929
2020-03-25,0.048156125592433846,4.815612559243385e-05,0.1012973709581362,0.03495531269472263,0.034907156569130196,1.0251475576547977,1.023872920256767
2020-03-26,0.006458340172785834,6.458340172785834e-06,0.10419391059514384,-0.003794918427359709,-0.0038013767675324946,1.0212572062974907,1.0199807935247973
2020-03-27,0.020037040418287147,2.0037040418287147e-05,0.0972557261556326,0.01895618470045087,0.01893614766003258,1.0406163465267324,1.03929530044138
2020-03-30,0.0367256444356764,3.67256444356764e-05,0.09904017059983554,-0.002621019622288018,-0.0026577452667236943,1.0378888706632121,1.0365331182759039
2020-03-31,0.004715616465037681,4.715616465037681e-06,0.09766565326888485,0.007609589187193999,0.007604873570728961,1.0457867785909198,1.0444158215922656
2020-04-01,0.011742699081804892,1.1742699081804891e-05,0.09754281994455724,-0.020576289850265987,-0.020588032549347792,1.0242683667130572,1.0229133546622702
2020-04-02,0.012671973099790096,1.2671973099790096e-05,0.09852702626612142,-0.004288814445027168,-0.004301486418126958,1.019875469746314,1.0185133067602696
2020-04-03,0.035142682636441075,3.514268263644108e-05,0.0995519340700038,0.015498361987483453,0.015463219304847012,1.0356818689585972,1.0342628013876085
2020-04-06,0.0023454126778044704,2.3454126778044706e-06,0.09757342838952611,-0.0013489699880600559,-0.0013513154007378603,1.034284765200194,1.0328651861356832
2020-04-07,0.013017838922830455,1.3017838922830454e-05,0.09704068367380188,0.030152553178008745,0.030139535339085914,1.0654710915840973,1.0639952629137313
2020-04-08,0.016360000917675782,1.6360000917675782e-05,0.10377989143526366,-0.005820743644481353,-0.005837103645399028,1.0592692574993805,1.0577846122858903
2020-04-09,0.02773964320347974,2.7739643203479742e-05,0.09644623976519062,0.004037704550979085,0.004009964907775605,1.0635462738010981,1.0620262914611418
2020-04-13,0.0194722546552889,1.94722546552889e-05,0.09832510329242537,0.015947161233684226,0.015927688979028937,1.0805068177088883,1.0789419159190865
2020-04-14,0.009333654798483138,9.333654798483137e-06,0.09766508527336434,0.0005689441817737413,0.0005596105269752581,1.0811215657761908,1.0795457031732296
2020-04-15,0.013322796568629253,1.3322796568629253e-05,0.09721359183273444,0.012866213907490064,0.012852891110921435,1.0950315071014678,1.0934209865453781
2020-04-16,0.031197969485560362,3.119796948556036e-05,0.09875197111163506,-0.00020744104520329255,-0.0002386390146888529,1.0948043526211042,1.0931600536385087
2020-04-17,0.06207451082820828,6.207451082820828e-05,0.09910587296390932,0.00589402332631778,0.005831948815489572,1.1012571550132073,1.0995353071184664
2020-04-20,0.05275517762131307,5.275517762131307e-05,0.09654555380892997,-0.0034204725771607536,-0.0034732277547820664,1.0974903351140826,1.0957163705724196
2020-04-21,0.021723231807439874,2.1723231807439877e-05,0.09999310965202805,-0.0004999165398516714,-0.0005216397716591112,1.0969416815432316,1.095144801335071
2020-04-22,0.006084533898076255,6.084533898076256e-06,0.09794265567345194,-0.00969399201082373,-0.009700076544721806,1.0863079376460119,1.0845218129345666
2020-04-23,0.012875060164583757,1.2875060164583757e-05,0.10069953883590958,0.013028118561586885,0.0130152435014223,1.100460486252057,1.098637128412514
2020-04-24,0.016058671311163564,1.6058671311163564e-05,0.09886931405856421,0.006750457605905127,0.006734398934593963,1.1078890981114753,1.1060357891196007
2020-04-27,0.009000827437005393,9.000827437005393e-06,0.09656038533388783,0.004395296884229582,0.004386296056792576,1.1127585996124765,1.1108871895400876
2020-04-28,0.02216030903667396,2.2160309036673958e-05,0.09716008104914968,-0.005673523923459556,-0.00569568423249623,1.1064453370765397,1.1045599268905422
2020-04-29,0.019122623786221454,1.9122623786221455e-05,0.09885286512625567,0.0013114799791055002,0.0012923573553192788,1.1078964179840902,1.10598741303645
2020-04-30,0.012612564500848883,1.2612564500848883e-05,0.09703748970964095,0.011579683003182954,0.011567070438682105,1.1207255073047078,1.1187804473473384
2020-05-01,0.021034239501334928,2.1034239501334928e-05,0.10121853936479618,-0.018616069223039787,-0.018637103462541122,1.099862003680697,1.097929620398258
2020-05-04,0.026366891931477177,2.6366891931477177e-05,0.09841988659687748,-0.0052187302920650635,-0.005245097183996541,1.0941221205249971,1.0921708728380808
2020-05-05,0.014906955313478937,1.4906955313478937e-05,0.10166315592687299,0.0006264575729731139,0.000611550617659635,1.0948075416131573,1.0928387906099548
2020-05-06,0.026290747330596498,2.62907473305965e-05,0.09637125906509438,0.002712953400510987,0.0026866626531803902,1.0977777034560818,1.0957748797746334
2020-05-07,0.018121430285243628,1.8121430285243628e-05,0.09613590414782992,-0.017577207519256066,-0.01759532894954131,1.0784818369524218,1.0764943603103547
2020-05-08,0.014329837320418981,1.4329837320418982e-05,0.09713334263464955,0.021556553140648287,0.02154222330332787,1.1017301879819108,1.0996844422049334
2020-05-11,0.011631363876817152,1.1631363876817152e-05,0.09854312125539312,-0.0014381600823463675,-0.0014497914462231847,1.1001457236040393,1.0980901291070801
2020-05-12,0.0026252947738565624,2.6252947738565626e-06,0.09899012196964352,-0.0069422268787186,-0.006944852173492456,1.092508262391128,1.0904640554872602
2020-05-13,0.0016051715441977032,1.6051715441977032e-06,0.09575052698390844,-0.0029550704335672027,-0.0029566756051114004,1.089279823526508,1.0872399070161503
2020-05-14,0.0016051715441977032,1.6051715441977032e-06,0.09805220834787595,-0.0006476896087844494,-0.0006492947803286471,1.0885743083037513,1.0865339678195598
2020-05-15,0.007571990115471855,7.571990115471855e-06,0.09724506916720338,0.015043402675655466,0.015035830685539995,1.1049501699659376,1.1028709085937827
2020-05-18,0.007259588252209792,7.259588252209792e-06,0.09456017052793182,0.003683159878018772,0.003675900289766562,1.1090198780991662,1.1069249520862576
2020-05-19,0.007306094870714153,7.306094870714153e-06,0.09248899218426905,-0.00034499727057598663,-0.0003523033654467008,1.1086372692682074,1.1065349787003407
2020-05-20,0.007525483496967494,7.525483496967494e-06,0.1010609634122026,0.0015069259856946998,0.0014994005021977323,1.1103079035779773,1.1081941178031034
2020-05-21,0.030513264077658142,3.0513264077658142e-05,0.09383692133821374,0.01007512813319968,0.010044614869122021,1.1214943979738297,1.119325500916662
2020-05-22,0.008835203290256277,8.835203290256278e-06,0.09381994208241279,-0.009258072780845825,-0.009266907984136081,1.1111115212140772,1.1089528144953702
2020-05-26,0.001226324859349287,1.226324859349287e-06,0.0920070813438797,0.006819755618915272,0.006818529294055922,1.1186890302541184,1.1165142417467326
2020-05-27,0.011584806237756456,1.1584806237756457e-05,0.09069868800194363,-0.008003237516367955,-0.00801482232260571,1.1097358962380393,1.1075655784784737
2020-05-28,0.008866929690296121,8.866929690296122e-06,0.09217340618522907,0.00736586345966675,0.007356996529976454,1.1179100593260196,1.1157139345960612
2020-05-29,0.0,0.0,0.0914459955134607,-0.0010945198015653,-0.0010945198015653,1.1166864846297182,1.1144927636017634
2020-06-01,0.0,0.0,0.08851794624156138,0.0094468302529158,0.0094468302529158,1.1272356322957404,1.1250211875576124
2020-06-02,0.0,0.0,0.08635181729787465,0.00029337373970154956,0.00029337373970154956,1.1275663336287118,1.1253512392306495
2020-06-03,0.0,0.0,0.08436483579973575,-0.0009470661291761,-0.0009470661291761,1.1264984537457328,1.1242854571885479
2020-06-04,0.0,0.0,0.08317189657175537,-0.00939417034790545,-0.00939417034790545,1.1159159353745933,1.113723728084046
2020-06-05,0.0,0.0,0.08627504289717407,-0.0033719365766578992,-0.0033719365766578992,1.1121531376156284,1.1099683223090275
2020-06-08,0.0,0.0,0.085678473629597,-0.001162935426576299,-0.001162935426576299,1.1108597753321172,1.108677500824637
2020-06-09,0.0,0.0,0.09319026373250225,0.013307563955434299,0.013307563955434299,1.1256426128378687,1.123431297572812
2020-06-10,0.002690205372723131,2.690205372723131e-06,0.0914788831212742,0.006743039976342416,0.006740349770969693,1.133232865975309,1.1310036174621072
2020-06-11,0.002690205372723131,2.690205372723131e-06,0.09063357046441195,0.01167302016131035,0.011670329955937626,1.1464611160672984,1.144202802859249
2020-06-12,0.0,0.0,0.0901401831063354,-0.02394660853229,-0.02394660853229,1.1190072605233425,1.1168030262576296
2020-06-15,0.0,0.0,0.11306384452365421,0.0018159276774565997,0.0018159276774565997,1.1210392967790017,1.118831059783278
2020-06-16,0.08078981023677376,8.078981023677375e-05,0.09144063410076636,0.0025294677391155063,0.0024486779288787324,1.1238749295144848,1.1215707167055133
2020-06-17,0.010090533370798266,1.0090533370798266e-05,0.09031544052394266,-0.0011359457105994796,-0.0011460362439702778,1.1225982686090525,1.1202853560139931
2020-06-18,0.011008984495213342,1.1008984495213342e-05,0.09161391006922323,0.0014296232312601405,0.0014186142467649272,1.1242031611732284,1.1218746087804767
2020-06-19,0.005182918740335496,5.182918740335496e-06,0.08946215019151783,0.004431442256770272,0.004426259338029937,1.129185002566846,1.12684031674369
2020-06-22,0.012542758749402139,1.2542758749402139e-05,0.08893672720476878,0.0016751785564015596,0.0016626357976521574,1.1310765890693562,1.1287138417925457
2020-06-23,0.013928163830182028,1.3928163830182028e-05,0.08935527370280033,0.0061210782443566905,0.006107150080526509,1.1379999973714097,1.1356070666223406
2020-06-24,0.00856325978037109,8.563259780371091e-06,0.08796078459212005,0.0028808580747478087,0.0028722948149674378,1.1412784138529002,1.1388688649116403
2020-06-25,0.013054446731810082,1.3054446731810082e-05,0.08752117602595731,-0.008999017551452243,-0.009012071998184053,1.1310080293755442,1.1286052967045663
2020-06-26,0.006418744538661314,6.418744538661314e-06,0.09356111047716902,0.00646967530312205,0.006463256558583389,1.138325284090828,1.135899762290544
2020-06-29,0.024576409946465677,2.4576409946465676e-05,0.08704173626130429,-0.003287654113402639,-0.0033122305233491047,1.1345828642881965,1.1321374004264204
2020-06-30,0.009252097187958025,9.252097187958025e-06,0.09122912056726694,0.005542418371639775,0.005533166274451817,1.140871197199375,1.1384017049085053
2020-07-01,0.016046577908486515,1.6046577908486516e-05,0.08665643894111086,0.005346911155100699,0.005330864577192213,1.1469713341302135,1.1444703702318173
2020-07-02,0.005601752729399778,5.601752729399779e-06,0.08585995798097612,-0.0006730913958489415,-0.0006786931485783413,1.1461993175939251,1.14369362603279
2020-07-06,0.00707440325208894,7.07440325208894e-06,0.08445412282791866,0.004139585039618931,0.004132510636366842,1.1509441071414583,1.1484199521071152
2020-07-07,0.012398867652345574,1.2398867652345574e-05,0.08361503794870812,0.008400201761687544,0.008387802894035198,1.1606122698578718,1.1580526723049671
2020-07-08,0.006295867033159874,6.295867033159874e-06,0.08466217556410595,0.00494062161852765,0.004934325751494491,1.1663464159290602,1.1637668814275084
2020-07-09,0.0,0.0,0.08492575138327214,0.00490448197439315,0.00490448197439315,1.1720667409018823,1.1694745551198653
2020-07-10,0.0,0.0,0.08300567588000367,0.0036897511256564,0.0036897511256564,1.1763913754784694,1.1737896251760453
2020-07-13,0.0,0.0,0.08264713267015135,0.0012620176631409504,0.0012620176631409504,1.17787600217309,1.1752709684158291
2020-07-14,0.0,0.0,0.08165310938375632,-0.0020775194348481,-0.0020775194348481,1.1754289418867343,1.1728293201377324
2020-07-15,0.0,0.0,0.08064834603266874,0.00948278188924945,0.00948278188924945,1.1865752781689576,1.1839510047739155
2020-07-16,0.0,0.0,0.08067497506855177,0.00267400399029315,0.00267400399029315,1.1897481851975644,1.1871168944849924
2020-07-17,0.0,0.0,0.07945182074101055,-0.0040287046110405005,-0.0040287046110405005,1.184955041197882,1.1823343511783366
2020-07-20,0.0,0.0,0.07811326514073746,0.00450136398689665,0.00450136398689665,1.1902889551464217,1.1876564684472017
2020-07-21,0.0,0.0,0.07643137996086048,0.007656511653108099,0.007656511653108099,1.199402416402066,1.1967497740377568
2020-07-22,0.0,0.0,0.07568754880001911,0.00735106334145335,0.00735106334145335,1.2082192995369299,1.2055471574305783
2020-07-23,0.0,0.0,0.07467911618738719,0.011874112865278902,0.011874112865278902,1.2225658318656396,1.219861960442325
2020-07-24,0.0,0.0,0.07492307187574382,0.0041983727993943004,0.0041983727993943004,1.2276986189996133,1.224983395716062
2020-07-27,0.0,0.0,0.07836297612661942,0.0010110942494125214,0.0010110942494125214,1.2289399380132955,1.2262219693830965
2020-07-28,0.0,0.0,0.07767532002748025,0.01155433872509305,0.01155433872509305,1.243139526329896,1.2403901533694996
2020-07-29,0.0,0.0,0.0786429920002539,0.0044193427660163005,0.0044193427660163005,1.2486333860027312,1.2458718626208312
2020-07-30,0.0,0.0,0.07840853749870609,0.00900069488023065,0.00900069488023065,1.259871954127411,1.2570855751161458
2020-07-31,0.0,0.0,0.07929461335001246,-0.00221754990505125,-0.00221754990505125,1.257078125195159,1.2542979251184057
2020-08-03,0.0,0.0,0.07815857237280213,0.008137478338455349,0.008137478338455349,1.2673075712086808,1.264504747314026
2020-08-04,0.0,0.0,0.07759282505246796,0.0009503530369364497,0.0009503530369364497,1.2685119608077113,1.2657064732408565
2020-08-05,0.0,0.0,0.07680008345967063,0.0171984100738023,0.0171984100738023,1.2903283496932054,1.2874746122007188
2020-08-06,0.0,0.0,0.07815087822043988,0.0033254672860858004,0.0033254672860858004,1.2946192944084194,1.2917560669052583
2020-08-07,0.0,0.0,0.07808748331824905,0.012709704211417702,0.012709704211417702,1.3110735227067447,1.3081739044289284
2020-08-10,0.0,0.0,0.07816845369453859,-0.01099168521568965,-0.01099168521568965,1.296662615250527,1.2937948686640661
2020-08-11,0.0,0.0,0.0779959800476252,-0.0024821706244941497,-0.0024821706244941497,1.2934440773970723,1.2905834490469468
2020-08-12,0.0,0.0,0.0766816079875939,-0.0377174330620575,-0.0377174330620575,1.2446586869883336,1.2419059541965192
2020-08-13,0.0,0.0,0.08933559013305294,1.4734479038348673e-05,1.4734479038348673e-05,1.244677026385667,1.241924253033769
2020-08-14,0.03075556206942634,3.075556206942634e-05,0.08559072123354304,0.00395788658715173,0.003927131025082304,1.2496033168937346,1.2468014522986601
2020-08-17,0.004248070442612467,4.248070442612467e-06,0.08619091227310464,-0.0038726922574087315,-0.003876940327851344,1.244763987803568,1.2419676774674198
2020-08-18,0.003004764154256462,3.004764154256462e-06,0.0835455673939645,0.012304695088280177,0.012301690324125921,1.2600804291303624,1.257245979228198
2020-08-19,0.0042219975150726285,4.221997515072629e-06,0.08349368289157111,0.008672548126353591,0.008668326128838518,1.271008537295072,1.268144197400319
2020-08-20,0.0020068315599990616,2.0068315599990616e-06,0.08178279444680973,-0.019507891500287755,-0.019509898331847755,1.24621384065358,1.243402833038916
2020-08-21,0.0033212040633301687,3.321204063330169e-06,0.0840407730358691,0.009168403324879854,0.009165082120816525,1.2576396317737395,1.2547987221129735
2020-08-24,0.009363132846899463,9.363132846899464e-06,0.08127517407902467,0.001272493538362717,0.0012631304055158177,1.2592399700787604,1.2563836965316766
2020-08-25,0.0038065420760967916,3.8065420760967918e-06,0.080835975846137,0.0017260569911780967,0.001722250449102,1.2614134900326859,1.2585475039172727
2020-08-26,0.0035093088555289975,3.5093088555289975e-06,0.0821181159177934,-0.0015508574566540797,-0.0015543667655096086,1.2594572175157446,1.2565912595043687
2020-08-27,0.003930888635766072,3.930888635766072e-06,0.08153806827930493,0.00842224737384473,0.008418316485208964,1.2700646777584363,1.2671696424194239
2020-08-28,0.004411617442490967,4.411617442490967e-06,0.08296174100028303,-0.012889013930142414,-0.012893425547584905,1.2536947964346261,1.2508314849787292
2020-08-31,0.0021549344012228577,2.154934401222858e-06,0.08395248967388404,0.010927440868612956,0.010925285934211734,1.267394472189953,1.2644971766076365
2020-09-01,0.0020625522381679806,2.0625522381679807e-06,0.08394984216769957,0.0026225266189491936,0.0026204640667110255,1.2707182479299803,1.2678107460213945
2020-09-02,0.0007819144817165502,7.819144817165503e-07,0.08266339803017977,0.01037010949525512,0.010369327580773404,1.2838957352986329,1.2809570909573151
2020-09-03,0.0043991006061852855,4.399100606185286e-06,0.08393656698439855,0.005568829090511056,0.005564429989904871,1.2910455312185471,1.2880848870100194
2020-09-04,0.0045243818172044925,4.524381817204492e-06,0.08733040476600258,-0.020073617589450966,-0.02007814197126817,1.2651295769342965,1.2622225357775874
2020-09-08,0.0007871830972216443,7.871830972216443e-07,0.0992078262201021,-0.012331383274777856,-0.012332170457875078,1.249528779228862,1.2466565923106068
2020-09-09,0.039719349743126575,3.9719349743126574e-05,0.09264161965551923,-0.009718550659855333,-0.00975827000959846,1.2373851704869792,1.234491380673594
2020-09-10,0.012488131474055142,1.2488131474055141e-05,0.09681635750459207,0.012262959276795344,0.012250471145321289,1.2525591744423714,1.2496144817116837
2020-09-11,0.01807187190636178,1.807187190636178e-05,0.09252270796369835,-0.006308686548891683,-0.006326758420798045,1.244657171226876,1.241708472766763
2020-09-14,0.0021157903325950966,2.1157903325950968e-06,0.0916187985276738,0.001249853753282413,0.0012477379629498178,1.2462128106638837,1.2432577995671508
2020-09-15,0.0022103931964404244,2.2103931964404245e-06,0.08867205003233362,0.009414303055403044,0.009412092662206604,1.257945035734999,1.2549594571796878
2020-09-16,0.014478890524427218,1.447889052442722e-05,0.08917077321530699,-0.0001457536177306188,-0.00016023250825504602,1.2577616856951344,1.2547583718781055
2020-09-17,0.006759716295760887,6.759716295760887e-06,0.08722582049354718,-0.0019247684046990853,-0.0019315281209948462,1.2553407857418672,1.2523347707977692
2020-09-18,0.014219996208356567,1.4219996208356568e-05,0.0865267211015198,-0.005575629996425757,-0.005589849992634114,1.2483414700011481,1.2453344072884498
2020-09-21,0.0038510697136216188,3.851069713621619e-06,0.0855536993618302,-0.00868832360539505,-0.00869217467510867,1.2374954753397436,1.2345097430913756
2020-09-22,0.0,0.0,0.08633853161382567,-0.013211195179363748,-0.013211195179363748,1.2211466810814506,1.2182003939245694
2020-09-23,0.0,0.0,0.08741105046002608,0.0022418841867545003,0.0022418841867545003,1.2238843505154748,1.220931458124007
2020-09-24,0.0,0.0,0.08569796521456037,-0.021984532461964752,-0.021984532461964752,1.1969778252818768,1.1940898508490458
2020-09-25,0.0,0.0,0.09174670946150834,0.0050982311531710504,0.0050982311531710504,1.2030802949203838,1.20017759692633
2020-09-28,0.016947190160019332,1.6947190160019332e-05,0.08601853694705487,0.006048222566394369,0.006031275376234349,1.2103567923093057,1.20741619851378
2020-09-29,0.01522523398448325,1.522523398448325e-05,0.08794298829208322,0.011759634397112886,0.011744409163128402,1.2245901456769255,1.221596588379315
2020-09-30,0.002771711983624442,2.771711983624442e-06,0.08769557943661654,0.0020938048187469508,0.0020910331067633264,1.2271541984249337,1.2241509872887253
2020-10-01,0.0028610578243333518,2.861057824333352e-06,0.08493454650691055,-0.00416155246150891,-0.0041644135193332436,1.2220473318498273,1.2190531163675549
2020-10-02,0.007354725983493876,7.354725983493876e-06,0.08474943805639126,0.00794640652962305,0.007939051803639557,1.2317582167471472,1.2287312422097851
2020-10-05,0.0,0.0,0.08280508600460405,-0.007088335857383251,-0.007088335857383251,1.223027100811752,1.2200215824865426
2020-10-06,0.0,0.0,0.08205878744372856,0.00135311668188845,0.00135311668188845,1.2246819991842621,1.2216724140420692
2020-10-07,0.0,0.0,0.08685031788671804,-0.010386770006039051,-0.010386770006039051,1.2119615089281992,1.2089831836546916
2020-10-08,0.0,0.0,0.08773113062095277,0.00474298788838305,0.00474298788838305,1.2177098276862321,1.2147173762520247
2020-10-09,0.0,0.0,0.08835513289193092,0.00887877350695995,0.00887877350695995,1.2285215974434576,1.225502576710735
2020-10-12,0.002627763465204186,2.627763465204186e-06,0.0858588741345591,0.013304047484563415,0.01330141972109821,1.244865907111657,1.2418035008528518
2020-10-13,0.002627763465204186,2.627763465204186e-06,0.08578442825055897,0.008132232186277349,0.008129604422812145,1.2549894457090698,1.2518988720856488
2020-10-14,0.0,0.0,0.08617573322883695,-0.0076331061698315505,-0.0076331061698315505,1.2454099780279544,1.2423429950811267
2020-10-15,0.0,0.0,0.08556593224753821,-0.00046420335939824993,-0.00046420335939824993,1.2448318545323258,1.2417662952892852
2020-10-16,0.0,0.0,0.08360386241164504,0.00033713196519939996,0.00033713196519939996,1.2452515271417872,1.2421849344007345
2020-10-19,0.0,0.0,0.08113192795438041,-0.0034300394632179,-0.0034300394632179,1.2409802652620585,1.2379241910551253
2020-10-20,0.0,0.0,0.07890934667100359,-0.0093011975183274,-0.0093011975183274,1.2294376626985097,1.226410013641406
2020-10-21,0.0,0.0,0.08151705987772007,-0.00037731790154115017,-0.00037731790154115017,1.2289737738595448,1.2259472671886298
2020-10-22,0.0,0.0,0.08006938182754489,0.0010743932537088997,0.0010743932537088997,1.2302941749911647,1.2272644166619002
2020-10-23,0.0,0.0,0.07827034911698667,-0.00741504521738345,-0.00741504521738345,1.2211714880529216,1.2181641955186666
2020-10-26,0.0,0.0,0.07811671673685616,0.00421021639338135,0.00421021639338135,1.2263128842710518,1.2232929303844693
2020-10-27,0.0,0.0,0.07650702375921246,-0.0049482520186079,-0.0049482520186079,1.2202447790660127,1.2172397686723455
2020-10-28,0.0,0.0,0.08223648144595089,0.00293122557995535,0.00293122557995535,1.223821591776218,1.2208077730192168
2020-10-29,0.0,0.0,0.08024972311971627,-0.025059021863612398,-0.025059021863612398,1.193153819750737,1.1902155243438604
2020-10-30,0.0,0.0,0.09329416526795996,-0.0018980434720603494,-0.0018980434720603494,1.1908891619319952,1.1879564435375347
2020-11-02,0.03842142797440212,3.842142797440212e-05,0.08419380517392994,-0.0071164243341856935,-0.007154845762160095,1.1824142893207044,1.1794567984118594
2020-11-03,0.010653541815396739,1.0653541815396739e-05,0.08476788613231713,0.01297778199217413,0.012967128450358733,1.19775940419194,1.1947509662185147
2020-11-04,0.008167721499064196,8.167721499064197e-06,0.0848136779898389,0.007986142134404725,0.007977974412905662,1.2073248810366366,1.2042826588568003
2020-11-05,0.008419769366059926,8.419769366059925e-06,0.08632793691742448,0.021007973539122742,0.020999553769756683,1.2326883301905787,1.2295720573054492
2020-11-06,0.0029620882881634114,2.9620882881634116e-06,0.08986441925800422,0.02134144986602446,0.021338487777736295,1.2589956863897744,1.2558092656221076
2020-11-09,0.010519353689904282,1.0519353689904283e-05,0.09015052026113618,-0.0054719465475152485,-0.005482465901205153,1.2521065292902973,1.248924334144917
2020-11-10,0.0022231616116857866,2.2231616116857866e-06,0.08747620867222958,-0.02768768197890925,-0.027689905140520936,1.2174386019035917,1.2143417378047558
2020-11-11,0.014758797036954874,1.4758797036954874e-05,0.09781046092951964,-0.0019364120673171525,-0.0019511708643541073,1.2150811391036478,1.211972349586582
2020-11-12,0.019038231549207835,1.9038231549207837e-05,0.09349391216465822,0.0033545658073538764,0.0033355275758046687,1.2191572087460456,1.2160149167797407
2020-11-13,0.010988445985017858,1.0988445985017858e-05,0.09247089532860439,0.006478768606163102,0.006467780160178084,1.227055846196047,1.2238798339329693
2020-11-16,0.004340610162579778,4.340610162579778e-06,0.09316816509242741,0.009549917309412398,0.009545576699249818,1.2387741280612503,1.2355624727584416
2020-11-17,0.0038872457828256213,3.887245782825622e-06,0.09310129827531967,0.004971672318376564,0.004967785072593738,1.2449329071024535,1.241700481566868
2020-11-18,0.0005058982330487793,5.058982330487794e-07,0.0919600404902484,-0.00128094357928135,-0.0012814494775143987,1.2433382182884647,1.2401093051335348
2020-11-19,0.0,0.0,0.0898061294658207,-0.0074771045885958995,-0.0074771045885958995,1.2340416483913235,1.2308368781577603
2020-11-20,0.0,0.0,0.08955827231376522,0.0037271681262671503,0.0037271681262671503,1.2386411290896937,1.235424414138664
2020-11-23,0.0,0.0,0.0870567102977094,0.0024903749335303494,0.0024903749335303494,1.2417258099092183,1.2385010841319064
2020-11-24,0.0,0.0,0.08590867796978341,-0.00925300261244195,-0.00925300261244195,1.2302361177461916,1.2270412303649216
2020-11-25,0.0,0.0,0.08564135797027289,-0.00473187814896665,-0.00473187814896665,1.2244147903425588,1.2212350207790768
2020-11-27,0.0,0.0,0.0885736228844207,-0.0025490244067613,-0.0025490244067613,1.2212937271579762,1.2181220629047191
2020-11-30,0.0,0.0,0.08599492370821127,0.0011203651528078002,0.0011203651528078002,1.2226620220912268,1.219486804415864
2020-12-01,0.0,0.0,0.08460789792308665,-0.00619168297421775,-0.00619168297421775,1.2150916864658219,1.211936128731679
2020-12-02,0.0,0.0,0.083020307156255,0.00792274622815885,0.00792274622815885,1.2247185495416362,1.2215379911243573
2020-12-03,0.0,0.0,0.0862896635625832,0.0008133845836492508,0.0008133845836492508,1.2257147167291427,1.2225315712946798
2020-12-04,0.0,0.0,0.08456793660875024,0.0078008019871301,0.0078008019871301,1.235276274527058,1.2320682980053645
2020-12-07,0.0,0.0,0.08304351272603192,-0.00451652847905975,-0.00451652847905975,1.22969711405365,1.2265036264492768
2020-12-08,0.0,0.0,0.08380723673231134,0.01086357609365935,0.01086357609365935,1.243056022224325,1.2398278419243576
2020-12-09,0.0,0.0,0.0832834293007383,0.00555897683183525,0.00555897683183525,1.2499661418525432,1.2467200161730791
2020-12-10,0.0,0.0,0.0815579437336767,-0.014780744304247948,-0.014780744304247948,1.2314907119208534,1.228292566395037
2020-12-11,0.0,0.0,0.08335047521303883,0.0032912868535789,0.0032912868535789,1.235543901111303,1.2323352295711616
2020-12-14,0.0,0.0,0.08180452469318308,0.00210850179895835,0.00210850179895835,1.2381490476494883,1.2349336106196322
2020-12-15,0.0,0.0,0.08005552024356612,-0.0063926199631499,-0.0063926199631499,1.2302340313301292,1.2270391493672204
2020-12-16,0.0,0.0,0.07921896743866616,0.011984897004678599,0.011984897004678599,1.2449782594872714,1.2417450871930948
2020-12-17,0.0,0.0,0.08212266499785184,0.0022034549741609503,0.0022034549741609503,1.2477215130258608,1.2444812165821104
2020-12-18,0.0,0.0,0.08014258942238858,0.006174814369062099,0.006174814369062099,1.2554259617530807,1.2521656570802895
2020-12-21,0.0,0.0,0.07932723810063429,-0.0064776486669828,-0.0064776486669828,1.2472937534454354,1.2440545678808617
2020-12-22,0.0,0.0,0.07940271381422126,-0.0014013707082406002,-0.0014013707082406002,1.2455458325147855,1.2423111862499805
2020-12-23,0.0,0.0,0.07800971721480039,-0.0022368737455281,-0.0022368737455281,1.2427597037431812,1.239532292973682
2020-12-24,0.0,0.0,0.07683882134718556,0.0002954658516700001,0.0002954658516700001,1.243126896797469,1.239898532438298
2020-12-28,0.0,0.0,0.07577903527682525,0.005904858293937,0.005904858293937,1.2504673849644394,1.2472199575712066
2020-12-29,0.0,0.0,0.07467308669902363,0.0026816861253704995,0.0026816861253704995,1.2538207460009267,1.2505646100267105
2020-12-30,0.0,0.0,0.07496088736095911,0.0002271864442273,0.0002271864442273,1.2541055970779091,1.2508487213537391
2020-12-31,0.0,0.0,0.07360836275909162,0.00560642457586045,0.00560642457586045,1.2611366455180908,1.2578615103658204
2021-01-04,0.0,0.0,0.07250748969279933,0.005117223888033501,0.005117223888033501,1.2675901640866103,1.2642982693345022
2021-01-05,0.0,0.0,0.0718160269126812,0.0035507116508562,0.0035507116508562,1.2720910112507433,1.2687874279295854
2021-01-06,0.0,0.0,0.07852670710540793,0.00118328975123145,0.00118328975123145,1.27359626350699,1.2702887710895456
2021-01-07,0.0,0.0,0.07787015052419974,-0.0155777417399312,-0.0155777417399312,1.2537565098331367,1.250500540678378
2021-01-08,0.0,0.0,0.081421933496193,0.0017787147480144002,0.0017787147480144002,1.255986585027596,1.2527248244324827
2021-01-11,0.0,0.0,0.0836237226347207,-0.01618006267083905,-0.01618006267083905,1.2356646433681164,1.2324556582638493
2021-01-12,0.0,0.0,0.08666629693830583,-0.00519025501541405,-0.00519025501541405,1.2292512287555053,1.2260588991022698
2021-01-13,0.0,0.0,0.0853586196796659,0.0029347864331295496,0.0029347864331295496,1.2328588185845648,1.2296571201255728
2021-01-14,0.0,0.0,0.0832203012197461,0.00478586231623525,0.00478586231623525,1.238759111145667,1.2355420897986722
2021-01-15,0.0,0.0,0.08219566642504246,-0.006719651053016499,-0.006719651053016499,1.2304350821800232,1.2272396780939103
2021-01-19,0.0,0.0,0.08132612672060682,-0.00792235339168385,-0.00792235339168385,1.2206871406334674,1.217517051667754
2021-01-20,0.0,0.0,0.08174726061560045,0.00974045835203535,0.00974045835203535,1.2325771928876728,1.2293762258024166
2021-01-21,0.0,0.0,0.08126410181667733,0.01543968776671565,0.01543968776671565,1.2516077998942332,1.248357410876629
2021-01-22,0.0,0.0,0.08374288644153081,-0.0033795797031014,-0.0033795797031014,1.2473778915774671,1.244138487508614
2021-01-25,0.0,0.0,0.08184529964319835,-0.0041092570840641,-0.0041092570840641,1.2422520951399976,1.2390260026152626
2021-01-26,0.0,0.0,0.08050526083034543,0.0082574877763988,0.0082574877763988,1.2525099766308219,1.2492572446864985
2021-01-27,0.0,0.0,0.07984674189037223,-0.0029623534838338498,-0.0029623534838338498,1.2487995993380128,1.2455565031354967
2021-01-28,0.0,0.0,0.07817113487566382,-0.014280195993351598,-0.014280195993351598,1.2309664963030469,1.227769712149928
2021-01-29,0.0,0.0,0.08725810850211901,0.0019736255191043998,0.0019736255191043998,1.233395963193313,1.2301928697854105
2021-02-01,0.0,0.0,0.08533534843867473,-0.01333124140945905,-0.01333124140945905,1.2169532638545306,1.213792871658106
2021-02-02,0.0,0.0,0.08810977306374972,0.012925006979260849,0.012925006979260849,1.2326823932832847,1.229481152995664
2021-02-03,0.008627921450076514,8.627921450076515e-06,0.08667157304328187,-0.0025770225797620947,-0.0025856505012121713,1.2295057429221183,1.22630214443619
2021-02-04,0.0017223604483831978,1.7223604483831978e-06,0.08625888751179914,-0.004835490794760734,-0.004837213155209117,1.223560479220113,1.220370259570862
2021-02-05,0.0029647213625807467,2.964721362580747e-06,0.08438562411079521,-0.006736905227187864,-0.006739869948550445,1.2153174682318744,1.2121451227322757
2021-02-08,0.0073855605358789655,7.385560535878966e-06,0.08629944788848565,0.0026715501161915997,0.0026641645556557208,1.2185642497553388,1.21537447680457
2021-02-09,0.0,0.0,0.08464768654349833,0.0107985437046473,0.0107985437046473,1.2317229690632427,1.228498751209857
2021-02-10,0.0,0.0,0.08329839330653682,0.00166656229956345,0.00166656229956345,1.2337757121269899,1.2305461209136843
2021-02-11,0.0,0.0,0.08094851267263439,0.00492517752918345,0.00492517752918345,1.23985227654041,1.2366067790170323
2021-02-12,0.0,0.0,0.07919591113842574,-0.0062994673951516,-0.0062994673951516,1.2320418675495393,1.2288168149319911
2021-02-16,0.0,0.0,0.07783473702088772,-0.00530573832986405,-0.00530573832986405,1.2255049757888845,1.222297034456625
2021-02-17,0.0,0.0,0.07778346555000538,-0.01533386416382735,-0.01533386416382735,1.2067132489580432,1.2035544977624182
2021-02-18,0.0,0.0,0.07894969888943988,-0.0024289493093991492,-0.0024289493093991492,1.2037822036453438,1.2006311248962538
2021-02-19,0.0,0.0,0.07811835789288489,-0.0041901396838940185,-0.0041901396838940185,1.198738188063084,1.1956003127741077
2021-02-22,0.0,0.0,0.07733557869821948,-0.00550432859764225,-0.00550432859764225,1.1921399391734426,1.1890193357811552
2021-02-23,0.0,0.0,0.07735657605461171,-0.00025020042401255023,-0.00025020042401255023,1.191841665255179,1.1887218426391835
2021-02-24,0.0,0.0,0.0793156606184102,-0.00198875332673125,-0.00198875332673125,1.189471386178466,1.1863577681200768
2021-02-25,0.0,0.0,0.07759738935529838,0.0018338448780415503,0.0018338448780415503,1.1916526921875863,1.1885333642366684
2021-02-26,0.0,0.0,0.07889380414511522,-0.0299260310841745,-0.0299260310841745,1.1559912566796404,1.1529652778339434
2021-03-01,0.0,0.0,0.09027442747273019,0.0014391528345415999,0.0014391528345415999,1.1576549047733964,1.1546245710816663
2021-03-02,0.0,0.0,0.09528285839836119,0.0038605302779348505,0.0038605302779348505,1.162124066584674,1.1590820341979746
2021-03-03,0.0,0.0,0.09873925589800252,-0.0011648583591179638,-0.0011648583591179638,1.1607703566513807,1.1577318678015356
2021-03-04,0.01462035545178067,1.462035545178067e-05,0.09390032395129737,-0.01727107978637019,-0.01728570014182197,1.1407225992080012,1.1377196618900869
2021-03-05,0.010223997440133858,1.0223997440133858e-05,0.09506387882107464,-0.014294624607813767,-0.014304848605253901,1.1244163978706734,1.1214447543715285
2021-03-08,0.00021551419871176924,2.1551419871176926e-07,0.0941710135774592,0.010249397465634736,0.010249181951436025,1.1359409884493272,1.1329386457075659
2021-03-09,0.0018231641846676305,1.8231641846676306e-06,0.09432772140360896,-0.01158582881037763,-0.011587651974562298,1.1227801706184621,1.1198105469725745
2021-03-10,0.007116408962276083,7.116408962276083e-06,0.09107306320312271,0.024224953554872117,0.024217837145909842,1.1499794681040258,1.1469299364334287
2021-03-11,0.009474088590543495,9.474088590543495e-06,0.09393930844268229,0.0066461644320484,0.0066366903434578566,1.1576224207425247,1.154541755267179
2021-03-12,0.0,0.0,0.09120418665215772,0.0009911231789009496,0.0009911231789009496,1.158769767156138,1.1556860483618334
2021-03-15,0.0,0.0,0.08967532917454457,-0.01014487832903615,-0.01014487832903615,1.1470141888569736,1.143961754014638
2021-03-16,0.0,0.0,0.08924077586395204,0.008097646633837,0.008097646633837,1.1563023044423344,1.1532251520612729
2021-03-17,0.0,0.0,0.0871955059581103,-0.0021822637536786,-0.0021822637536786,1.1537789478350549,1.1507085106120991
2021-03-18,0.0,0.0,0.08479572040712137,0.0015062744627919503,0.0015062744627919503,1.1555168555998858,1.1524417934557516
2021-03-19,0.0,0.0,0.08314149395824971,-0.0153307468133835,-0.0153307468133835,1.1378019192480868,1.13477400010312
2021-03-22,0.0,0.0,0.0861246835489584,0.00261554961728115,0.00261554961728115,1.1407778966225177,1.13774205780479
2021-03-23,0.0,0.0,0.08439979018452459,0.00881274425750565,0.00881274425750565,1.150831280480067,1.1477686875912319
2021-03-24,0.0,0.0,0.08360909892246372,-0.0031214510170296007,-0.0031214510170296007,1.147239017009183,1.1441859838540354
2021-03-25,0.0,0.0,0.08335461165306797,0.0018630661662175003,0.0018630661662175003,1.1493763992063375,1.1463176780484141
2021-03-26,0.0,0.0,0.08184694477286324,-0.00297354799517075,-0.00297354799517075,1.1459586733187808,1.1429090474150243
2021-03-29,0.0,0.0,0.08053560651586322,0.00765984098265275,0.00765984098265275,1.1547365345290943,1.1516635489758584
2021-03-30,0.0,0.0,0.08277999257878788,-0.01049851952781455,-0.01049851952781455,1.1426135104718598,1.1395727867174632
2021-03-31,0.0,0.0,0.0815974083990587,-0.007334918557759451,-0.007334918557759451,1.134232533429553,1.1312141131362516
2021-04-01,0.0,0.0,0.08126428973743433,0.006751904358279949,0.006751904358279949,1.141890763015319,1.138851962636884
2021-04-05,0.0,0.0,0.08066251104449652,0.01919212975664005,0.01919212975664005,1.1638060787070177,1.1607089572774152
2021-04-06,0.0,0.0,0.08301273836744606,0.004753906108623,0.004753906108623,1.1693387035338356,1.1662268586797497
2021-04-07,0.0,0.0,0.08418689401244471,0.0070878101108428505,0.0070878101108428505,1.1776267542197427,1.1744928532002366
2021-04-08,0.0,0.0,0.08234274640757466,-0.0043272876265334,-0.0043272876265334,1.172530824537533,1.1694104848091311
2021-04-09,0.0,0.0,0.08045648166115456,0.011825812612877849,0.011825812612877849,1.186396954351337,1.1832397140700186
2021-04-12,0.0,0.0,0.07978554449873516,-0.00197584135396125,-0.00197584135396125,1.1840528221867161,1.1809018201113097
2021-04-13,0.0,0.0,0.07917203984524003,-0.0030769775342344,-0.0030769775342344,1.1804095182535008,1.1772682117406907
2021-04-14,0.0,0.0,0.07742422473031745,0.0087432382443579,0.0087432382443579,1.1907301198974989,1.1875613481934488
2021-04-15,0.0,0.0,0.07650438107498861,-0.00547859557596885,-0.00547859557596885,1.1842065911304556,1.1810551798450446
2021-04-16,0.0,0.0,0.07556088015679492,0.021657298601568002,0.021657298601568002,1.2098533068805126,1.2066336445398773
2021-04-19,0.0,0.0,0.08000733467742521,0.0007848595061138003,0.0007848595061138003,1.210802871749421,1.207580682426191
2021-04-20,0.0,0.0,0.078828013310717,-0.0052853477122002,-0.0052853477122002,1.2044033575612947,1.2011981986290325
2021-04-21,0.0,0.0,0.07793850989621898,0.0004000649797972998,0.0004000649797972998,1.2048851971662051,1.2016787559620996
2021-04-22,0.0,0.0,0.07800488739717162,0.0106425625614796,0.0106425625614796,1.2177082632564473,1.2144676973012274
2021-04-23,0.0,0.0,0.07840201604269481,-0.005662414492665951,-0.005662414492665951,1.210813094338745,1.2075908778111544
2021-04-26,0.0,0.0,0.07894633019871601,0.0022959536046005496,0.0022959536046005496,1.2135930650271896,1.2103634504399476
2021-04-27,0.0,0.0,0.07898735244702502,0.00164862118573025,0.00164862118573025,1.2155938202650487,1.2123588812667765
2021-04-28,0.0,0.0,0.07690143961167875,-0.00574867854361445,-0.00574867854361445,1.2086057621527406,1.2053894197788777
2021-04-29,0.0,0.0,0.07571108615642362,0.0016507748752846,0.0016507748752846,1.2106008981790264,1.2073792463479824
2021-04-30,0.0,0.0,0.0739994497772296,-0.00037482402341680013,-0.00037482402341680013,1.210147135879619,1.2069266916010764
2021-05-03,0.0,0.0,0.07343287155488099,-0.0038280747869382497,-0.0038280747869382497,1.2055146021402727,1.2023064859632755
2021-05-04,0.0,0.0,0.07343525817601089,0.0070917111999833,0.0070917111999833,1.2140637635460143,1.2108328963355939
2021-05-05,0.0,0.0,0.07294869106663669,-0.00339100703899705,-0.00339100703899705,1.2099468647780385,1.2067269534610707
2021-05-06,0.0,0.0,0.07360734259947323,0.0030470956038692,0.0030470956038692,1.2136336885506191,1.2104039658560326
2021-05-07,0.0,0.0,0.0721483522559968,0.013070495477129648,0.013070495477129648,1.2294964821877121,1.2262245454172538
2021-05-10,0.0,0.0,0.07390640872574229,0.00563230765770205,0.00563230765770205,1.2364213846394558,1.2331310193144696
2021-05-11,0.0,0.0,0.07420542990257299,-0.0085522425658083,-0.0085522425658083,1.2258472090444665,1.2225849837218696
2021-05-12,0.0,0.0,0.07651677984492994,-0.00723313281392795,-0.00723313281392795,1.216980493371865,1.2137418641582955
2021-05-13,0.0,0.0,0.07696120300249097,-0.02101051457210545,-0.02101051457210545,1.1914111069819073,1.1882405230346231
2021-05-14,0.0,0.0,0.08442647403684982,0.008793635101689151,0.008793635101689151,1.2018879415128056,1.1986894766072298
2021-05-17,0.0,0.0,0.08328451834029735,0.01681053956631785,0.01681053956631785,1.222092326307887,1.2188400934814645
2021-05-18,0.0,0.0,0.08440974642082823,0.0034532416538485995,0.0034532416538485995,1.226312506433942,1.2230490428616554
2021-05-19,0.0,0.0,0.0824046570495776,-0.004635302620644,-0.004635302620644,1.22062817685914,1.2173798404281027
2021-05-20,0.0,0.0,0.08117787034584764,-0.0021807160222635,-0.0021807160222635,1.217966333436637,1.2147250807049004
2021-05-21,0.0,0.0,0.07886167791400966,0.0117261522418604,0.0117261522418604,1.2322483920879754,1.228969131933252
2021-05-24,0.0,0.0,0.07900232687870024,0.0014183012821204,0.0014183012821204,1.2339960915623647,1.2307121804287595
2021-05-25,0.0,0.0,0.0767888508583966,0.0077998870073566,0.0077998870073566,1.2436211216440707,1.2403115963746814
2021-05-26,0.0,0.0,0.07655687193252772,0.0080157264426829,0.0080157264426829,1.253589648353512,1.2502535948349083
2021-05-27,0.0,0.0,0.07594841875621523,-0.0007417162231868,-0.0007417162231868,1.2526598405741092,1.2493262614605216
2021-05-28,0.0,0.0,0.07403880365870166,-0.0015558242399971501,-0.0015558242399971501,1.250710922029673,1.2473825293792764
2021-06-01,0.0,0.0,0.07242661466055261,0.0019811721463728,0.0019811721463728,1.2531887956715624,1.2498538089023545
2021-06-02,0.0,0.0,0.07098525047151573,-0.0026192692428092003,-0.0026192692428092003,1.2499063568036268,1.2465801052626886
2021-06-03,0.0,0.0,0.06974225158140956,0.0043812377905011,0.0043812377905011,1.2553824937686424,1.2520416691287521
2021-06-04,0.0,0.0,0.06872645320984198,-0.01362574118642815,-0.01362574118642815,1.2382769768185782,1.2349816733905803
2021-06-07,0.0,0.0,0.07124121080726643,0.01671583373890015,0.01671583373890015,1.2589758088857854,1.255625421713566
2021-06-08,0.0,0.0,0.07470926863671652,-2.4674938249349878e-05,-2.4674938249349878e-05,1.2589447437354437,1.255594439233821
2021-06-09,0.0,0.0,0.07337751751591985,0.0020591368581805002,0.0020591368581805002,1.2615370832596822,1.2581798800225739
2021-06-10,0.0,0.0,0.07246330044888154,0.0026888439079261004,0.0026888439079261004,1.2649291595606278,1.2615629293280477
2021-06-11,0.0,0.0,0.0720707070436965,0.0074518855914203,0.0074518855914203,1.274355266938925,1.2709639519437774
2021-06-14,0.0,0.0,0.0717577736558885,-0.00563995248070385,-0.00563995248070385,1.267167963789855,1.263795775650127
2021-06-15,0.0,0.0,0.07139759372096373,-0.005665252041091249,-0.005665252041091249,1.259989137896589,1.2566360540526027
2021-06-16,0.0,0.0,0.07114304371599113,-0.0034126120215436,-0.0034126120215436,1.2556892838175888,1.2523476427478377
2021-06-17,0.0,0.0,0.07041325944598804,-0.011743104464718952,-0.011743104464718952,1.2409435933824908,1.2376411935529052
2021-06-18,0.0,0.0,0.07265689101197595,-0.008346753589966352,-0.008346753589966352,1.2305857429894798,1.2273109074775272
2021-06-21,0.0,0.0,0.0783934720745728,-0.0018899329156690983,-0.0018899329156690983,1.2282600184882508,1.2249913721957257
2021-06-22,0.0,0.0,0.08640213857045163,0.004751313391146499,0.004751313391146499,1.234095866761904,1.2308116901064783
2021-06-23,0.0,0.0,0.08912555844497932,0.0017849752784242503,0.0017849752784242503,1.2362986973752794,1.2330086585457138
2021-06-24,0.0,0.0,0.08671444437563186,-0.0022235442283525,-0.0022235442283525,1.233549732542211,1.2302670092594958
2021-06-25,0.0,0.0,0.08421944013421086,0.0034501267917962496,0.0034501267917962496,1.237805635523468,1.234511586429205
2021-06-28,0.0,0.0,0.08238408876717032,-0.0017924170846244994,-0.0017924170846244994,1.235586971554911,1.2322988267705224
2021-06-29,0.0,0.0,0.08117150554121826,0.006091213973403672,0.006091213973403672,1.243113196181402,1.239805022603556
2021-06-30,0.0,0.0,0.0798721839659274,-0.00417582000955695,-0.00417582000955695,1.2379221792226434,1.2346278199822187
2021-07-01,0.0,0.0,0.0785415361942299,0.0050633041873507,0.0050633041873507,1.2441901557763158,1.2408791161929542
2021-07-02,0.0,0.0,0.07706546780624104,0.0038544861910889006,0.0038544861910889006,1.2489858695508445,1.2456620676111307
2021-07-06,0.0,0.0,0.0762337926026157,0.01008388929910765,0.01008388929910765,1.261580504795545,1.258223186005019
2021-07-07,0.0,0.0,0.07655016273243007,0.007389443113368199,0.007389443113368199,1.2709028821686659,1.2675207546619238
2021-07-08,0.0,0.0,0.07631274112377909,0.0080737554104842,0.0080737554104842,1.281163841189775,1.2777544072127764
2021-07-09,0.0,0.0,0.07563241377790578,-0.0024615917271377996,-0.0024615917271377996,1.2780101388771943,1.2746090975346676
2021-07-12,0.0,0.0,0.07652487482965424,-0.00011461803202090018,-0.00011461803202090018,1.2778636558701733,1.274463004348312
2021-07-13,0.0,0.0,0.07873855330179301,0.0005180635103001,0.0005180635103001,1.2785256704014183,1.2751232571260924
2021-07-14,0.0,0.0,0.0768962316420405,-0.00489833336020805,-0.00489833336020805,1.2722630254582086,1.2688772783373345
2021-07-15,0.0,0.0,0.07597738162857845,0.0117434130802175,0.0117434130802175,1.2872037357128514,1.283778228364952
2021-07-16,0.0,0.0,0.07592780239274363,0.0038619668194098504,0.0038619668194098504,1.2921748738299947,1.288736137286378
2021-07-19,0.0,0.0,0.07568719788159999,-0.00975648922112405,-0.00975648922112405,1.279567783601665,1.2761625970540704
2021-07-20,0.0,0.0,0.0767351145269752,0.0039965882968858,0.0039965882968858,1.2846816892306794,1.2812628935543802
2021-07-21,0.0,0.0,0.08315272992417401,0.00162222420675605,0.00162222420675605,1.2867657309649256,1.2833413892355223
2021-07-22,0.0,0.0,0.0841915053341308,-0.004205011497563299,-0.004205011497563299,1.2813548662715477,1.2779449239384881
2021-07-23,0.0,0.0,0.08340843312182812,0.0067270553703115,0.0067270553703115,1.2899746114059747,1.286541730202031
2021-07-26,0.0,0.0,0.08136465714112931,0.00019233002851054993,0.00019233002851054993,1.2902227122597643,1.2867891708096806
2021-07-27,0.0,0.0,0.08101943355395065,-0.001445681184355,-0.001445681184355,1.288357461561023,1.2849288839172093
2021-07-28,0.0,0.0,0.07876427374070048,0.0038552634398476998,0.0038552634398476998,1.2933244189800341,1.2898826232661795
2021-07-29,0.0,0.0,0.0779968052110258,0.002345100476556532,0.002345100476556532,1.2963573946913263,1.292907527620703
2021-07-30,0.0,0.0,0.07612964011072723,0.004810616321659449,0.004810616321659449,1.3025936727329324,1.2991272096754716
2021-08-02,0.0,0.0,0.07566921405182098,-0.004046872313760649,-0.004046872313760649,1.2973222424626696,1.2938698077385828
2021-08-03,0.0,0.0,0.07538327199411352,0.0021620772196865997,0.0021620772196865997,1.300127153329691,1.2966672541751347
2021-08-04,0.0,0.0,0.07433624200904411,0.00396282758941175,0.00396282758941175,1.305279333082649,1.3018057229442666
2021-08-05,0.0,0.0,0.07421321540890258,-0.00132043453464645,-0.00132043453464645,1.3035557971738865,1.3000867737102906
2021-08-06,0.0,0.0,0.07343996437888162,-0.0013787036967000499,-0.0013787036967000499,1.301758579977468,1.2982943392693453
2021-08-09,0.0,0.0,0.07297932017723412,-0.02024983734276575,-0.02024983734276575,1.2753981804733745,1.2720040900761076
2021-08-10,0.0,0.0,0.07779175134056647,-0.01115077117732195,-0.01115077117732195,1.261176507202943,1.2578202635310511
2021-08-11,0.0,0.0,0.07795903588987665,-0.0015381588816377998,-0.0015381588816377998,1.259236617357076,1.255885536121197
2021-08-12,0.0,0.0,0.07651215575143747,0.0077791578983852,0.0077791578983852,1.269032417834925,1.2656552680089819
2021-08-13,0.0,0.0,0.07612020000518768,0.0007982870873734001,0.0007982870873734001,1.270045470027541,1.2666656242664998
2021-08-16,0.0,0.0,0.07491408749302063,0.0158574142361511,0.0158574142361511,1.290185107144515,1.2867516657691866
2021-08-17,0.0,0.0,0.07667460510306737,0.004874138578828549,0.004874138578828549,1.296473648149078,1.293023471704684
2021-08-18,0.0,0.0,0.07558210497919315,-0.00423798058456555,-0.00423798058456555,1.2909792179998212,1.287543663336212
2021-08-19,0.0,0.0,0.07617349163810481,-0.00343678312423335,-0.00343678312423335,1.2865424024096634,1.2831186550023446
2021-08-20,0.0,0.0,0.07840811647891976,0.0029743033798182,0.0029743033798182,1.29036896982543,1.2869350391546257
2021-08-23,0.0,0.0,0.07691294262538799,0.0045650475830805,0.0045650475830805,1.2962595655724136,1.2928099588447002
2021-08-24,0.0,0.0,0.07640921209718743,0.010098784895160352,0.010098784895160352,1.3093502120934235,1.305865768529394
2021-08-25,0.0,0.0,0.07696833600594744,-0.0033475708313483003,-0.0033475708313483003,1.3049670695153999,1.3014942903730087
2021-08-26,0.0,0.0,0.07565843106825472,-0.0066033573351228,-0.0066033573351228,1.2963499056448216,1.2929000585040535
2021-08-27,0.0,0.0,0.07491140219646189,-0.00101055640486845,-0.00101055640486845,1.2950398709447215,1.2915935100690774
2021-08-30,0.0,0.0,0.07467643768221907,0.015299803229882149,0.015299803229882149,1.3148537261450277,1.311354636626127
2021-08-31,0.0,0.0,0.07645721359520205,0.0010230361153556503,0.0010230361153556503,1.316198868993284,1.3126961997794346
2021-09-01,0.0,0.0,0.07518753710362709,-0.0031535702092638997,-0.0031535702092638997,1.31204814345056,1.3085565201499962
2021-09-02,0.0,0.0,0.0741461537952091,0.0004966358986478654,0.0004966358986478654,1.3126997536593517,1.3092063962933123
2021-09-03,0.0,0.0,0.07261304900542791,0.00238637300565535,0.00238637300565535,1.3158323449160145,1.3123306510962578
2021-09-07,0.0,0.0,0.07164568356280406,0.0006292443427141498,0.0006292443427141498,1.316660324975013,1.3131564277342305
2021-09-08,0.0,0.0,0.07200029153829761,-0.01591570664663185,-0.01591570664663185,1.2957047454894517,1.2922566152492734
2021-09-09,0.0,0.0,0.07442793001809418,0.0015281884641428498,0.0015281884641428498,1.2976848265344438,1.2942314269014097
2021-09-10,0.0,0.0,0.0736801304609818,0.0060760414161653495,0.0060760414161653495,1.3055696132855965,1.3020952306533655
2021-09-13,0.0,0.0,0.0746799247115485,-0.01092145067619375,-0.01092145067619375,1.2913108991497606,1.2878744618160776
2021-09-14,0.0,0.0,0.07636397124102931,0.00597327978494865,0.00597327978494865,1.2990242604397355,1.295567296304395
2021-09-15,0.0,0.0,0.07510629252429686,0.00652855592424495,0.00652855592424495,1.3075050129709673,1.304025479851941
2021-09-16,0.0,0.0,0.07608047846477357,-0.0005385582820358504,-0.0005385582820358504,1.3068008453174285,1.303323186129781
2021-09-17,0.0,0.0,0.07626284349560883,-0.014540778206578701,-0.014540778206578701,1.2877989440654982,1.2843718527487762
2021-09-20,0.0,0.0,0.07763158600653232,-0.00969439512864935,-0.00969439512864935,1.2753145122554699,1.2719206445161142
2021-09-21,0.0,0.0,0.08050733353468134,0.001314857438037,0.001314857438037,1.2769913690277457,1.2735930388361492
2021-09-22,0.0,0.0,0.08495473449211866,0.0024203060512363,0.0024203060512363,1.28008207896558,1.2766755237748566
2021-09-23,0.0,0.0,0.08243417333697232,0.00595669815614795,0.00595669815614795,1.2877071415250723,1.2842802945133254
2021-09-24,0.0,0.0,0.08165164974962387,-0.011196475752772399,-0.011196475752772399,1.273289359738315,1.2699008813360435
2021-09-27,0.0,0.0,0.0856224106260385,-0.0047304099072775,-0.0047304099072775,1.267266179136178,1.2638937296257111
2021-09-28,0.0,0.0,0.0835640457879754,-0.00223384762778155,-0.00223384762778155,1.2644352995881467,1.2610703836160186
2021-09-29,0.0,0.0,0.0814830795586162,-0.0229105776916911,-0.0229105776916911,1.2354663564208157,1.232178532617493
2021-09-30,0.0,0.0,0.08833225001536359,-0.0005498428525388001,-0.0005498428525388001,1.2347870440751856,1.2315010280582814
2021-10-01,0.0,0.0,0.08540047987709672,0.0026904189334591992,0.0026904189334591992,1.2381091385173555,1.2348142817407437
2021-10-04,0.0,0.0,0.08667320821833324,0.01058809351541865,0.01058809351541865,1.2512183538582715,1.2478886108299891
2021-10-05,0.0,0.0,0.08592959107060166,-0.0054307012609129506,-0.0054307012609129506,1.244423360766296,1.2411117005776757
2021-10-06,0.0,0.0,0.0859613030396643,-0.0020097872090071496,-0.0020097872090071496,1.2419223346132382,1.2386173301569057
2021-10-07,0.0,0.0,0.08513918041653692,0.0062213922317289495,0.0062213922317289495,1.2496488205782117,1.2463232543928286
2021-10-08,0.0,0.0,0.08276434189228732,-0.0035949860046381506,-0.0035949860046381506,1.2451563505575205,1.2418427397360314
2021-10-11,0.0,0.0,0.08219067104646914,-0.00421132784760925,-0.00421132784760925,1.23991258894379,1.2366129328238298
2021-10-12,0.0,0.0,0.08019227419434291,-0.00584800100107135,-0.00584800100107135,1.2326615788824058,1.2293812191547384
2021-10-13,0.0,0.0,0.079288554109945,0.009497589318354399,0.009497589318354399,1.2443688923271452,1.241057377089968
2021-10-14,0.0,0.0,0.07944831772545974,0.015454064947936452,0.015454064947936452,1.2635994500083607,1.2602367583996321
2021-10-15,0.0,0.0,0.07983839540532378,0.0114164114766347,0.0114164114766347,1.2780252212713055,1.2746241397915026
2021-10-18,0.0,0.0,0.0828916207168303,-0.00713866385487855,-0.00713866385487855,1.2689018288185927,1.2655250265162172
2021-10-19,0.0,0.0,0.08270729794834279,0.00257546898801635,0.00257546898801635,1.2721698461275524,1.2687843469755684
2021-10-20,0.0,0.0,0.08055863092006654,-0.00149841933336095,-0.00149841933336095,1.270263602234796,1.2668831759801944
2021-10-21,0.0,0.0,0.08077090196625855,0.0029363696838904003,0.0029363696838904003,1.2739935657669477,1.2706032133311735
2021-10-22,0.0,0.0,0.07951849655655846,0.00025698770190855,0.00025698770190855,1.2743209664456603,1.2709297427310051
2021-10-25,0.0,0.0,0.07758664034483692,0.00800718693817435,0.00800718693817435,1.2845246926432257,1.2811063147663382
2021-10-26,0.0,0.0,0.07693073450806057,0.00535563203018515,0.00535563203018515,1.2914041342307094,1.2879674487797732
2021-10-27,0.0,0.0,0.07608471400989393,0.0008538297321624001,0.0008538297321624001,1.292506773476753,1.2890671536815985
2021-10-28,0.0,0.0,0.07527961102313842,0.00810569971770775,0.00810569971770775,1.302983445265659,1.2995159449453018
2021-10-29,0.0,0.0,0.07698163526886266,0.0029873164296002506,0.0029873164296002506,1.3068758691191982,1.3033980102781642
2021-11-01,0.0,0.0,0.07753823962287883,-0.0017328340684534,-0.0017328340684534,1.3046112700899488,1.3011394378011998
2021-11-02,0.0,0.0,0.07623528324910274,-0.00078697642210665,-0.00078697642210665,1.3035845717803733,1.300115471741777
2021-11-03,0.0,0.0,0.07529852861218438,0.0031562223977453,0.0031562223977453,1.3076989746031817,1.3042189253133436
2021-11-04,0.0,0.0,0.07425616629973113,-0.00632548736623655,-0.00632548736623655,1.299427141260489,1.2959691049784674
2021-11-05,0.0,0.0,0.0749607337824007,0.01321706232353685,0.01321706232353685,1.316601750771424,1.313098009408346
2021-11-08,0.0,0.0,0.07548146602976356,0.0156435094670357,0.0156435094670357,1.3371980227239326,1.3336394705496712
2021-11-09,0.0,0.0,0.07670034222088859,0.0012806852196174498,0.0012806852196174498,1.3389105524673368,1.3353474429079026
2021-11-10,0.0,0.0,0.07527094992859397,0.00726977607568675,0.00726977607568675,1.3486441323691485,1.345055119801084
2021-11-11,0.0,0.0,0.07576960526475343,-0.00786470303680615,-0.00786470303680615,1.3380374467657339,1.3344766607157128
2021-11-12,0.0,0.0,0.07953107383920122,0.0022121683719964497,0.0022121683719964497,1.3409974108860159,1.3374287477777156
2021-11-15,0.0,0.0,0.07785619514662176,0.002504925789452,0.002504925789452,1.3443565098841326,1.3407789075395786
2021-11-16,0.0,0.0,0.07758525108870323,-0.0069214858195065995,-0.0069214858195065995,1.3350515653646082,1.3314987253439499
2021-11-17,0.0,0.0,0.07693016754279282,-0.0029283268232189004,-0.0029283268232189004,1.3311420980553708,1.3275996619114434
2021-11-18,0.0,0.0,0.07596377022759122,0.0072786300763927,0.0072786300763927,1.340830988966229,1.337262768740041
2021-11-19,0.0,0.0,0.07567516960236131,0.00196486827827525,0.00196486827827525,1.3434655452429773,1.339890313934057
2021-11-22,0.0,0.0,0.07456104342990245,0.0005184885065762498,0.0005184885065762498,1.3441621166871671,1.3405850316619048
2021-11-23,0.0,0.0,0.07456251694927905,-0.018646172840410452,-0.018646172840410452,1.3190986375338862,1.3155882514542698
2021-11-24,0.0,0.0,0.0775031920261869,-0.0109648012820932,-0.0109648012820932,1.3046349831018473,1.3011630877080174
2021-11-26,0.0,0.0,0.07785556261077833,0.0088186138648028,0.0088186138648028,1.316140055252336,1.312637542553649
2021-11-29,0.0,0.0,0.07812725023822115,0.00039124994690004945,0.00039124994690004945,1.3166549949790665,1.3131511119224721
2021-11-30,0.0,0.0,0.09027085349461808,0.001370896581832,0.001370896581832,1.3184599928111354,1.3149513062932354
2021-12-01,0.0,0.0,0.0893111786157675,-0.0056530865669632,-0.0056530865669632,1.3110066243366965,1.3075177727274185
2021-12-02,0.0,0.0,0.09263667814113978,-0.0011269925582899506,-0.0011269925582899506,1.3095291296272003,1.306044209927723
2021-12-03,0.004336414383922488,4.336414383922488e-06,0.0904272409342117,0.005315388576600171,0.005311052162216248,1.3164897858035458,1.3129806788528096
2021-12-06,0.004336414383922488,4.336414383922488e-06,0.09034381485109011,0.0057494645973638495,0.005745128182979927,1.3240588972198144,1.320523921154595
2021-12-07,0.0010257851801775686,1.0257851801775686e-06,0.08909490852261501,-0.0022842291816564794,-0.0022852549668366568,1.321034443248553,1.3175061873049498
2021-12-08,0.0010257851801775686,1.0257851801775686e-06,0.08868938366137404,0.00795216661128165,0.007951140826101473,1.3315395292405072,1.3279818645394716
2021-12-09,0.0,0.0,0.09061350227816548,-0.00712603074797195,-0.00712603074797195,1.3220509376129994,1.3185186249400143
2021-12-10,0.006187577127310939,6.1875771273109394e-06,0.08804053744042745,-0.0035795491045319903,-0.003585736681659301,1.3173185913631211,1.313790764341116
2021-12-13,0.006187577127310939,6.1875771273109394e-06,0.0869287838478983,0.0055825110505429995,0.005576323473415689,1.3246725369564913,1.321116886619468
2021-12-14,0.0,0.0,0.0852152361265644,0.00414556152978125,0.00414556152978125,1.3301640484652557,1.326593657960982
2021-12-15,0.0,0.0,0.08508298141855324,-0.009337516928243599,-0.009337516928243599,1.3177436191453704,1.3142065672228709
2021-12-16,0.0,0.0,0.08382135860737315,0.0050591249992268,0.0050591249992268,1.3244102488315606,1.3208553025212562
2021-12-17,0.0,0.0,0.08517327706378054,0.00121502345256955,0.00121502345256955,1.3260194383447146,1.3224601726912704
2021-12-20,0.0,0.0,0.08454149096351685,-0.0025411085690372004,-0.0025411085690372004,1.322649878987227,1.3190996578142342
2021-12-21,0.0,0.0,0.08579680615307528,-0.01122535237587765,-0.01122535237587765,1.3078026680256833,1.30429229933637
2021-12-22,0.0,0.0,0.08516000728093395,0.00668466912822775,0.00668466912822775,1.3165448961464485,1.313011061803929
2021-12-23,0.0,0.0,0.08609990654741023,0.01196067906767435,0.01196067906767435,1.3322916671274407,1.328715565726472
2021-12-27,0.0,0.0,0.08476495155131365,-0.00013034103636704996,-0.00013034103636704996,1.3321180148508043,1.3285423795625981
2021-12-28,0.0,0.0,0.08283330095575858,0.00941919224801115,0.00941919224801115,1.344665490529723,1.3410561756453283
2021-12-29,0.0,0.0,0.08281011074469288,-0.0045538920848223995,-0.0045538920848223995,1.338542028995666,1.3349491505417548
2021-12-30,0.0,0.0,0.08032288114303966,-0.00500138957299035,-0.00500138957299035,1.3318474588488378,1.328272549779763
2021-12-31,0.0,0.0,0.07876301722260502,0.006367200039187049,0.006367200039187049,1.3403275980410112,1.3367299268107717
2022-01-03,0.0,0.0,0.07758728543655333,0.0031219563682892996,0.0031219563682892996,1.3445120423213093,1.3409031393184616
2022-01-04,0.0,0.0,0.07605049929936851,-0.01816540038189035,-0.01816540038189035,1.3200884427542696,1.3165450969194081
2022-01-05,0.0,0.0,0.0808887962465787,0.0014189023558304498,0.0014189023558304498,1.3219615193555982,1.318413145858984
2022-01-06,0.0,0.0,0.07927521034050604,-0.013921923393539499,-0.013921923393539499,1.3035572723539226,1.3000582990412999
2022-01-07,0.0,0.0,0.0850333077702232,-0.005337038575525199,-0.005337038575525199,1.2966001369059634,1.2931198377488848
2022-01-10,0.0,0.0,0.08321600684048742,-0.00331735286456975,-0.00331735286456975,1.2922988567275968,1.2888301029508966
2022-01-11,0.0,0.0,0.08155729795009135,0.00212387901728745,0.00212387901728745,1.2950435431534653,1.2915674221634026
2022-01-12,0.0,0.0,0.07940857986668601,0.0138494544665373,0.0138494544665373,1.3129791897365524,1.3094549263671176
2022-01-13,0.0,0.0,0.0798072566709997,0.0007502508423790999,0.0007502508423790999,1.3139642534796785,1.310437346028682
2022-01-14,0.0,0.0,0.07790470814946296,-0.004217918379684799,-0.004217918379684799,1.3084220595046778,1.3049100282614423
2022-01-18,0.0,0.0,0.08076389869757976,-0.00884983073765125,-0.00884983073765125,1.2968427457446523,1.2933617953834649
2022-01-19,0.0,0.0,0.08004912527720462,-0.01684725156434665,-0.01684725156434665,1.274994509767694,1.2715722038529247
2022-01-20,0.0,0.0,0.08474056833034532,0.006108841788672499,0.006108841788672499,1.282783249509291,1.279340037269136
2022-01-21,0.0,0.0,0.08535376685771387,-0.00374180469777305,-0.00374180469777305,1.2779833251200525,1.274552996707633
2022-01-24,0.0,0.0,0.08484087706296638,-0.0056287607467112,-0.0056287607467112,1.2707898627446654,1.267378842830162
2022-01-25,0.0,0.0,0.08825087464488199,0.0007336807677762493,0.0007336807677762493,1.2717222168268463,1.268308694312633
2022-01-26,0.003739074461849734,3.739074461849734e-06,0.0852838578308969,-0.005262116424227726,-0.005265855498689576,1.2650302664626265,1.261629964000651
2022-01-27,0.003739074461849734,3.739074461849734e-06,0.08520182369561273,-0.0154890949318335,-0.015492834006295348,1.2454360925737442,1.2420837403910205
2022-01-28,0.0,0.0,0.08481657067153019,0.00013206378083819963,0.00013206378083819963,1.2456005695729218,1.2422477746658942
2022-01-31,0.0,0.0,0.08539243335506622,0.010946843443542948,0.010946843443542948,1.2592359640012245,1.2558464665732514
2022-02-01,0.0,0.0,0.08996910852008552,0.00928713565027535,0.00928713565027535,1.270930659214609,1.267509683064236
2022-02-02,0.006158564777183184,6.158564777183185e-06,0.08918062533164159,0.0013421830562161188,0.0013360244914389357,1.2726364808110324,1.2692031070439458
2022-02-03,0.004627603316134182,4.627603316134182e-06,0.08582828440502534,0.008125378601937319,0.008120750998621184,1.2829771340402591,1.279509989442926
2022-02-04,0.010786168093317366,1.0786168093317367e-05,0.0855141915320162,-0.01652228853476625,-0.016533074702859567,1.2617794156481386,1.2583557552044111
2022-02-07,0.0,0.0,0.08973937201635203,-0.00431002349749295,-0.00431002349749295,1.256341116718042,1.2529322123312745
2022-02-08,0.018171837083686443,1.8171837083686444e-05,0.08510443180890659,0.0025209191311148424,0.002502747294031156,1.2595082510743827,1.256067985035291
2022-02-09,0.01415257440288134,1.4152574402881341e-05,0.0846776811721696,0.0022031599983139585,0.002189007423911077,1.262283149270696,1.2588175271794702
2022-02-10,0.004019262680805102,4.019262680805102e-06,0.08348638881151615,0.009901689570243752,0.009897670307562946,1.274781885164524,1.2712768880408742
2022-02-11,0.0,0.0,0.08350182909582295,-0.01897644966575935,-0.01897644966575935,1.2505910508858775,1.2471525661637233
2022-02-14,0.0,0.0,0.08692952750987952,0.006839458364429649,0.006839458364429649,1.2591444163093397,1.2556824142140914
2022-02-15,0.001953435854819441,1.953435854819441e-06,0.09109170319926041,-0.0052159551415608555,-0.005217908577415675,1.2525767755171233,1.2491303781744538
2022-02-16,0.01358138995087746,1.358138995087746e-05,0.08691353035214038,-0.002979470706596477,-0.0029930520965473547,1.248844759706707,1.2453916658771977
2022-02-17,0.014100687027852554,1.4100687027852554e-05,0.08961887332801495,0.008627417355524079,0.008613316668496226,1.259619064660956,1.2561186186717042
2022-02-18,0.0023744086825448485,2.3744086825448485e-06,0.08683456555985074,-0.00013874049064102048,-0.00014111489932356532,1.259444304493904,1.2559413616192918
2022-02-22,0.0038085474603891945,3.8085474603891945e-06,0.09122128989228556,0.0016211243072749995,0.0016173157598146103,1.2614860202695783,1.2579726153768418
2022-02-23,0.012200047082112364,1.2200047082112364e-05,0.08729286671224416,-0.002787638880275037,-0.0027998389273571496,1.2579694527925516,1.2544504946787605
2022-02-24,0.011492790479305487,1.1492790479305488e-05,0.08752373737161846,-0.013613836585491113,-0.013625329375970418,1.2408436622326942,1.2373581935029134
2022-02-25,0.0007072566028068772,7.072566028068772e-07,0.0897643985267035,0.00456216030181695,0.004561453045214143,1.2465045899292932,1.243002344802688
2022-02-28,0.007758292868888739,7.758292868888738e-06,0.0877127944253794,0.009270713340955646,0.009262955048086757,1.2580605766607134,1.2545162196472617
2022-03-01,0.0011695886995370663,1.1695886995370663e-06,0.08921122626584892,0.014749777375086662,0.014748607786387124,1.276616690090832,1.2730185873325004
2022-03-02,0.012379037348092592,1.2379037348092592e-05,0.08733608661828107,0.006994669699909226,0.006982290662561134,1.2855462021714088,1.2819071731280989
2022-03-03,0.014325646080985133,1.4325646080985133e-05,0.09103102399451568,-0.013675395608113972,-0.013689721254194957,1.2679658492842063,1.2643582212542221
2022-03-04,0.003234697551464105,3.2346975514641053e-06,0.09605539015025455,0.005617984975723572,0.005614750278172108,1.2750892623752157,1.2714572769287185
2022-03-07,0.008809668812293558,8.809668812293558e-06,0.09229092628450297,0.012452965319269777,0.012444155650457483,1.2909679047385476,1.2872794891857262
2022-03-08,0.016237701455383557,1.623770145538356e-05,0.09435742382613835,-0.011407136540848867,-0.011423374242304251,1.2762416575793414,1.2725744138263155
2022-03-09,0.0018664739269098618,1.866473926909862e-06,0.10061614783444632,0.004681969640637183,0.004680103166710274,1.2822169822742444,1.2785301933703386
2022-03-10,0.035025976062677405,3.50259760626774e-05,0.09557279337849099,-0.008506451634852353,-0.00854147761091503,1.2713098655291424,1.2676096563487869
2022-03-11,0.01112155751981675,1.112155751981675e-05,0.10154869065329694,-0.007745061342055737,-0.007756182899575554,1.2614634926358586,1.2577778440088776
2022-03-14,0.016736036946273902,1.67360369462739e-05,0.09652939637962431,-0.007300048737799792,-0.007316784774746066,1.2522547476586616,1.2485749542298206
2022-03-15,0.015319201175842762,1.5319201175842763e-05,0.09688210019780791,-0.022737247922479675,-0.022752567123655518,1.2237819209990444,1.2201666687747914
2022-03-16,0.004899309303501798,4.899309303501798e-06,0.09778220588831317,-0.00022650112235456077,-0.00023140043165806258,1.223504733020421,1.219884321680942
2022-03-17,0.010816061346312134,1.0816061346312134e-05,0.10075920760690979,0.01864677858997716,0.018635962528630846,1.2463191548808419,1.2426180401890523
2022-03-18,0.01194035412661304,1.194035412661304e-05,0.09932477242607947,0.004435987414892215,0.004424047060765602,1.2518478109668325,1.2481154408774051
2022-03-21,0.0076991839899650805,7.69918398996508e-06,0.09601670121074526,0.005131067784029104,0.00512336860003914,1.2582711269401916,1.2545099963364204
2022-03-22,0.007689334292492023,7.689334292492022e-06,0.095110616690535,-0.008043471617935734,-0.008051160952228225,1.2481502588429803,1.2444097344397365
2022-03-23,0.011838846768350703,1.1838846768350703e-05,0.09597351622792591,-0.004441357744568416,-0.004453196591336767,1.2426067770244829,1.238868133252103
2022-03-24,0.007402006447470161,7.402006447470161e-06,0.09593336750085252,0.011141675270059048,0.011134273263611579,1.2564514982224644,1.2526620295853121
2022-03-25,0.0,0.0,0.09739419224038681,0.0071662425511622,0.0071662425511622,1.2654555344124978,1.2616389095239517
2022-03-28,0.0028073435389770196,2.80734353897702e-06,0.0964732063137791,-0.006522651844164466,-0.006525459187703443,1.257201408537254,1.2534061363102345
2022-03-29,0.0028073435389770196,2.80734353897702e-06,0.09468995971993453,-0.0013852021900362006,-0.0013880095335751777,1.2554599303928315,1.2516663966435941
2022-03-30,0.0,0.0,0.09369182951052829,0.01013286728863795,0.01013286728863795,1.268181339253705,1.2643493661304315
2022-03-31,0.0,0.0,0.09286816070258903,0.0047918657922716,0.0047918657922716,1.274258294031672,1.2704079586074721
2022-04-01,0.0,0.0,0.09119058757128021,-0.006348851692358001,-0.006348851692358001,1.2661682171051079,1.262342326889482
2022-04-04,0.0,0.0,0.09204659654325031,-0.0006436567158656001,-0.0006436567158656001,1.2653532394287526,1.2615298117730582
2022-04-05,0.0,0.0,0.0893424527758246,0.0031956082700404505,0.0031956082700404505,1.2693968127051936,1.2655611668724627
2022-04-06,0.0,0.0,0.08787295784843709,-0.02092393904698225,-0.02092393904698225,1.2428360311697166,1.2390806421565956
2022-04-07,0.0,0.0,0.09066817463288138,-0.0079181132193647,-0.0079181132193647,1.2329951147618088,1.2292694613440764
2022-04-08,0.0,0.0,0.08981311161355117,0.0006215932526482501,0.0006215932526482501,1.233761536205693,1.2300335669469347
2022-04-11,0.0,0.0,0.08763918877390768,-0.0036605172099721003,-0.0036605172099721003,1.2292453308694105,1.225531007906282
2022-04-12,0.0,0.0,0.08602103226919929,-0.01412211089291255,-0.01412211089291255,1.2118857919922776,1.2082239231099265
2022-04-13,0.0,0.0,0.08975368319258924,0.0012769212005372002,0.0012769212005372002,1.2134332746527023,1.2097667298523418
2022-04-14,0.0,0.0,0.08744939626773546,0.0090982722544106,0.0090982722544106,1.2244734209480537,1.2207735169248664
2022-04-18,0.0,0.0,0.08657267760790467,-0.018044021804032202,-0.018044021804032202,1.202378995842009,1.198745852967689
2022-04-19,0.0,0.0,0.08857143234376195,-0.00073892828372925,-0.00073892828372925,1.2014905239942195,1.197860065751928
2022-04-20,0.0,0.0,0.08594951317374026,-0.0033666729628715505,-0.0033666729628715505,1.1974454983319418,1.1938272626552575
2022-04-21,0.0,0.0,0.08823790309011045,0.0120335691745699,0.0120335691745699,1.2118550415688965,1.2081932656029069
2022-04-22,0.0,0.0,0.08755277810719929,-0.0130281080693669,-0.0130281080693669,1.1960668631229296,1.192452793169951
2022-04-25,0.0,0.0,0.0887869152368398,-0.0219530944017161,-0.0219530944017161,1.1698094943660275,1.166274764431901
2022-04-26,0.0,0.0,0.09512463914332606,-0.0012011997104557507,-0.0012011997104557507,1.1684043195401066,1.1648738355225534
2022-04-27,0.02426228888724291,2.4262288887242913e-05,0.09004318304107035,-0.007497985969027793,-0.007522248257915036,1.1596436403460433,1.1561113653426032
2022-04-28,0.013266697136085498,1.3266697136085499e-05,0.09647085107716398,-0.008905075531811853,-0.00891834222894794,1.1493169261387766,1.1458007685317015
2022-04-29,0.027876563825284834,2.7876563825284833e-05,0.08933715414151523,0.013969598959121813,0.013941722395296528,1.1653724226738658,1.161775204766888
2022-05-02,0.013881113802939826,1.3881113802939826e-05,0.09249702685700605,-0.023531256476193637,-0.023545137589996577,1.137949745305644,1.1344210477220051
2022-05-03,0.010543307363904103,1.0543307363904103e-05,0.09590100640927923,-0.016376389032935878,-0.01638693234029978,1.1193142375765883,1.1158313667675728
2022-05-04,0.02627624653772459,2.627624653772459e-05,0.09074482885484016,0.006403847828753072,0.006377571582215347,1.1264821556265856,1.1229476611828142
2022-05-05,0.012233512077508002,1.2233512077508002e-05,0.0898889193693567,0.019659443049674527,0.019647209537597018,1.1486281674116012,1.1450104491818274
2022-05-06,0.013035278382633242,1.3035278382633243e-05,0.09401720013103196,-0.031249620201652523,-0.03126265548003516,1.1127339734270685,1.1092143819880156
2022-05-09,0.013177125224165365,1.3177125224165365e-05,0.09732149311393935,-0.008993278004975219,-0.009006455130199384,1.1027268474584582,1.0992242924268687
2022-05-10,0.01659042970740754,1.659042970740754e-05,0.09172416074539315,-0.014868177087240744,-0.014884767516948151,1.0863313094115912,1.082862594385113
2022-05-11,0.011634960997347121,1.1634960997347121e-05,0.09591254138145185,0.0011753519564030438,0.0011637169954056966,1.08760813104141,1.084122739989888
2022-05-12,0.010284973555075544,1.0284973555075544e-05,0.0912000031647647,0.007685114417407889,0.007674829443852814,1.0959665239697665,1.0924431971155129
2022-05-13,0.012599088571442346,1.2599088571442346e-05,0.09314177830008753,-0.009072766603021355,-0.009085365691592797,1.0860230754930642,1.0825179511724257
2022-05-16,0.005542850099449881,5.542850099449881e-06,0.09180579857049154,-0.001915887000798807,-0.001921429850898257,1.0839423780001596,1.0804379688669097
2022-05-17,0.013531652303928776,1.3531652303928776e-05,0.09500872624039633,0.0024667880613123295,0.0024532564090084005,1.0866162341173609,1.0830885602385685
2022-05-18,0.005613519671519268,5.613519671519268e-06,0.0912672977552475,-0.0006313957381596921,-0.0006370092578312114,1.085930149258124,1.0823986227986455
2022-05-19,0.0130699633999663,1.30699633999663e-05,0.0935629546192886,-0.007635314292354253,-0.007648384255754219,1.077638731268995,1.0741200222135823
2022-05-20,0.00319204391195424,3.19204391195424e-06,0.10091254563288972,0.00577616247766015,0.005772970433748196,1.0838633476730244,1.0803208853441182
2022-05-23,0.03510851749652405,3.510851749652405e-05,0.09158713964837142,0.006154199817187154,0.00611909129969063,1.0905336592891297,1.0869314674745014
2022-05-24,0.011570516941367487,1.1570516941367487e-05,0.09087346082931586,0.0013441760325395465,0.001332605515598179,1.0919995284966237,1.0883799183431353
2022-05-25,0.013233642077195129,1.323364207719513e-05,0.09286212355681618,0.010288132602635898,0.010274898960558703,1.1032341644478127,1.0995629120348123
2022-05-26,0.002439033196541096,2.439033196541096e-06,0.09225084365169862,0.0026982315587967326,0.0026957925256001916,1.1062109456870686,1.102527105514503
2022-05-27,0.011031464915824463,1.1031464915824463e-05,0.09141169861023767,0.005676051695234756,0.005665020230318931,1.112489856200623,1.1087729438717178
2022-05-31,0.01107747396451031,1.107747396451031e-05,0.09300288672571354,0.012889126874253606,0.012878049400289096,1.126828879103513,1.1230517766166017
2022-06-01,0.005681766332799348,5.681766332799348e-06,0.09301550826738525,-0.018248989776520626,-0.018254671542853425,1.1062653904088648,1.1025508353088476
2022-06-02,0.011311196206000462,1.1311196206000463e-05,0.09070359984991366,-0.0018308362128574799,-0.0018421474090634803,1.1042399996710734,1.1005197741442225
2022-06-03,0.012290635414837714,1.2290635414837714e-05,0.09027397463301864,0.015072323211397929,0.015060032575983092,1.1208834618490697,1.117093637793348
2022-06-06,0.009965554675813504,9.965554675813505e-06,0.09233073023143851,-0.01413705391585399,-0.014147019470529803,1.1050374719155205,1.1012900923490807
2022-06-07,0.005699839803436274,5.699839803436274e-06,0.09134871931456777,-0.010087011050537479,-0.010092710890340915,1.0938909467250506,1.0901750898406046
2022-06-08,0.0025770387974204667,2.577038797420467e-06,0.08958871100936201,0.013053207717412633,0.013050630678615213,1.1081697324728499,1.1044025623131404
2022-06-09,0.014503475927377357,1.4503475927377357e-05,0.09013432260496623,-0.010306692483391947,-0.010321195959319325,1.0967481678208495,1.093003807049532
2022-06-10,0.003287943435690943,3.2879434356909434e-06,0.08958721654090805,-0.01196683905364285,-0.011970126997078542,1.0836235590141599,1.0799204126708588
2022-06-13,0.0,0.0,0.09315824650377724,-0.01116126262022935,-0.01116126262022935,1.0715289518905353,1.0678671373360928
2022-06-14,0.01975533976766866,1.975533976766866e-05,0.09427010020750237,-0.047149159608238206,-0.047168914948005874,1.0210072623130002,1.0174970031593162
2022-06-15,0.02302207740739401,2.302207740739401e-05,0.10098511873283945,-0.011615280603445268,-0.011638302680852662,1.0091479764630793,1.0056550650596876
2022-06-16,0.023439841967030584,2.3439841967030585e-05,0.09392529030312416,0.02092862503371387,0.02090518519174684,1.0302680560660062,1.0266784704337786
2022-06-17,0.012240797216635846,1.2240797216635845e-05,0.09536624903006458,-0.0036505215018951334,-0.003662762299111769,1.0265070403746215,1.022917991238964
2022-06-21,0.009274770297555135,9.274770297555135e-06,0.09902592744150086,-0.0034076900350695004,-0.0034169648053670554,1.0230090225622082,1.0194227164641239
2022-06-22,0.016702420938594364,1.6702420938594365e-05,0.09318467219192031,-0.0010429170295898028,-0.001059619450528397,1.021942109031154,1.018342516325448
2022-06-23,0.012557404870847805,1.2557404870847806e-05,0.09580162677553014,0.01482314937631721,0.014810591971446362,1.0370905095672713,1.03342477182192
2022-06-24,0.002441571270887233,2.441571270887233e-06,0.09484269613656991,0.004893373439377356,0.004890931868106469,1.0421653807210183,1.0384791819717145
2022-06-27,0.02126731111913624,2.126731111913624e-05,0.09327018217496505,0.006017072380726797,0.0059958050696076615,1.0484361652495044,1.0447057007156626
2022-06-28,0.01470831886668958,1.4708318866689579e-05,0.09849242896496252,-0.0064736618593976,-0.00648837017826429,1.0416489440345156,1.0379272634020764
2022-06-29,0.020292038176680904,2.0292038176680904e-05,0.09220280959288457,-0.006909868190077138,-0.006930160228253819,1.0344512871309042,1.030734261161427
2022-06-30,0.016090265532586773,1.6090265532586773e-05,0.09425578827555045,0.007009099778354524,0.0069930095128219365,1.0417018594182519,1.0379421956549202
2022-07-01,0.003357771434407436,3.357771434407436e-06,0.09140247476921191,-0.002139980234836172,-0.0021433380062705794,1.0394726380285046,1.0357175346986611
2022-07-05,0.013833838748003313,1.3833838748003314e-05,0.0914140638885111,0.008461104114137703,0.0084472702753897,1.0482677242426612,1.044466520643221
2022-07-06,0.010133754458491406,1.0133754458491406e-05,0.09091138818368145,-0.005914074883875501,-0.005924208638333992,1.0420681904231404,1.0382788830591758
2022-07-07,0.008520869903358208,8.520869903358207e-06,0.09134807516829273,-0.014800447713098398,-0.014808968583001755,1.0266451146572997,1.0229030436995583
2022-07-08,0.0051917399899742145,5.191739989974215e-06,0.09140775942230206,0.0032909405856931997,0.0032857488457032256,1.030023742732229,1.0262640461946604
2022-07-11,0.0,0.0,0.09156150785472093,-0.0057646235554375,-0.0057646235554375,1.0240860436022148,1.020348020299868
2022-07-12,0.0,0.0,0.08925598319896236,0.0001166062366008986,0.0001166062366008986,1.0242054584217148,1.0204669992425384
2022-07-13,0.0,0.0,0.09012061171661924,-0.0033437830632443,-0.0033437830632443,1.0207807375565618,1.0170547789738713
2022-07-14,0.0,0.0,0.08890691624815474,0.005455896749716549,0.005455896749716549,1.02635001186477,1.0226037248367585
2022-07-15,0.0,0.0,0.0874614647925292,-0.012385149974935152,-0.012385149974935152,1.0136385130410484,1.009938624339728
2022-07-18,0.0,0.0,0.08632124316303678,0.0112634109141476,0.0112634109141476,1.0250555401318353,1.0213139780637353
2022-07-19,0.0,0.0,0.08902727804344127,-0.008910682612371849,-0.008910682612371849,1.0159215955536671,1.0122133733576304
2022-07-20,0.0,0.0,0.0878897733832795,0.011818008363021701,0.011818008363021701,1.0279277654660948,1.0241757194691332
2022-07-21,0.0,0.0,0.09292491897211506,-0.00023626969060844966,-0.00023626969060844966,1.0276848972909802,1.0239337377887656
2022-07-22,0.01628865411298616,1.628865411298616e-05,0.08791963694003012,0.020305887288729688,0.020289598634616702,1.0485529509837006,1.0447089423569427
2022-07-25,0.012799721844709927,1.2799721844709927e-05,0.09010947397240467,0.004986342269412365,0.004973542547567655,1.0537813948849077,1.0499048467315792
2022-07-26,0.0034889322682762347,3.4889322682762347e-06,0.09015746739103438,-0.0056806097167826,-0.005684098649050876,1.0477952740537597,1.0439370840106403
2022-07-27,0.0,0.0,0.08774420604880145,-0.0061608261801139996,-0.0061608261801139996,1.0413399894979696,1.0375055690930757
2022-07-28,0.0,0.0,0.087295402359372,0.015067292325416051,0.015067292325416051,1.057030163529881,1.053137968791848
2022-07-29,0.0,0.0,0.09223794856132317,0.01625275462420475,0.01625275462420475,1.0742098154081154,1.0702543617840554
2022-08-01,0.014710709261211152,1.4710709261211152e-05,0.08905049826523778,0.006853821764797013,0.006839111055535802,1.0815722580209182,1.0775739502219681
2022-08-02,0.006016771766905099,6.0167717669051e-06,0.08884980714931387,0.012385673052454391,0.012379656280687486,1.09496825839137,1.0909139453427388
2022-08-03,0.0018969849004837336,1.8969849004837336e-06,0.08884676936578065,-0.016890963536538454,-0.01689286052143894,1.0764731894652144,1.0724852882231712
2022-08-04,0.00679695259382232,6.79695259382232e-06,0.08976184491024096,0.01679771777108175,0.016790920818487928,1.0945554822899874,1.0904933037767197
2022-08-05,0.0,0.0,0.09070809683137457,0.0076968307992001,0.0076968307992001,1.1029800906375102,1.0988866462235498
2022-08-08,0.0,0.0,0.08908419537283466,-0.0185463779338288,-0.0185463779338288,1.0825238050230581,1.07850627917625
2022-08-09,0.0,0.0,0.08949273425073707,0.0116426621578183,0.0116426621578183,1.0951272639627376,1.0910629634197848
2022-08-10,0.0,0.0,0.08831877757913659,-0.0024091908186056497,-0.0024091908186056497,1.0924888934131938,1.088434384545793
2022-08-11,0.0,0.0,0.08641604517612528,0.00585920562190575,0.00585920562190575,1.09889001047935,1.0948117454107993
2022-08-12,0.0,0.0,0.09033114454048338,-0.0131135616884989,-0.0131135616884989,1.084479648538054,1.0804548640500617
2022-08-15,0.0,0.0,0.08981508198554225,0.0180164983359287,0.0180164983359287,1.1040181743212885,1.0999208773102658
2022-08-16,0.0,0.0,0.09133115626276324,-0.004852041403900701,-0.004852041403900701,1.0986614324288226,1.0945840156725415
2022-08-17,0.0,0.0,0.08940740105551652,0.0021771259948984,0.0021771259948984,1.1010533567929557,1.0969670629866624
2022-08-18,0.0,0.0,0.08686321596156496,-0.01205242514104745,-0.01205242514104745,1.0877829936339096,1.083745949577821
2022-08-19,0.0,0.0,0.08614977542384425,0.0008815541670481998,0.0008815541670481998,1.0887419332647916,1.084701330335693
2022-08-22,0.0,0.0,0.08388779429405523,-0.018555045100074198,-0.018555045100074198,1.0685402775907213,1.0645746482312037
2022-08-23,0.0,0.0,0.08665046804951618,-0.0155344623395334,-0.0155344623395334,1.0519410788902137,1.048037053450634
2022-08-24,0.0,0.0,0.09053754408999161,-0.00048707228750435004,-0.00048707228750435004,1.051428707542599,1.0475265836456205
2022-08-25,0.0,0.0,0.08803309739594806,-0.0006025382115229,-0.0006025382115229,1.0507951815696124,1.046895408851388
2022-08-26,0.0,0.0,0.08565314354947386,0.0154584949611698,0.0154584949611698,1.0670388935891277,1.063078836253989
2022-08-29,0.0,0.0,0.086585926264544,-0.0195765423959134,-0.0195765423959134,1.0461499614506915,1.0422674283458644
2022-08-30,0.0,0.0,0.09689595339271656,-0.0071618706218849,-0.0071618706218849,1.0386575707756918,1.0348028438706467
2022-08-31,0.03884950536481996,3.884950536481996e-05,0.08727169864820906,-0.00760846094672793,-0.00764731045209275,1.0307549852114215,1.0268893852668595
2022-09-01,0.0115245096853695,1.15245096853695e-05,0.08751787441189969,-0.012082763272214907,-0.012094287781900276,1.0183006167334565,1.0144698895212634
2022-09-02,0.007254198645110593,7.254198645110594e-06,0.08705618771983493,-0.013268539770430781,-0.013275793969075892,1.0047892545020745,1.001001996280148
2022-09-06,0.010240908068752552,1.0240908068752552e-05,0.08822277364679072,0.0021117898208968585,0.002101548912828106,1.0069111582218786,1.0031056509371694
2022-09-07,0.009829888965587313,9.829888965587313e-06,0.08875158336532932,-0.0173587221740959,-0.01736855206306149,0.9894324671723078,0.985683158214116
2022-09-08,0.0,0.0,0.08915795359937062,0.0218072460771658,0.0218072460771658,1.0110092644606716,1.0071781933994093
2022-09-09,0.0,0.0,0.09151509815887991,-0.0049078500094045,-0.0049078500094045,1.0060473826325802,1.002235113893462
2022-09-12,0.0,0.0,0.0895898632729387,0.01145197759267165,0.01145197759267165,1.0175686147156544,1.0137126879603586
2022-09-13,0.0,0.0,0.08966580927519419,0.0037472981072515,0.0037472981072515,1.021381747659577,1.0175113715972492
2022-09-14,0.0,0.0,0.08848408325006298,-0.027614146832012246,-0.027614146832012246,0.9931771621081682,0.9894136631787206
2022-09-15,0.0,0.0,0.10283790809573384,0.001692043561648,0.001692043561648,0.9948576611308892,0.9910877941973087
2022-09-16,0.05885838966873372,5.885838966873372e-05,0.0875887329891871,-0.014116959129243,-0.014175817518911733,0.9808132961892901,0.977038314481547
2022-09-19,0.0123445658863017,1.2344565886301701e-05,0.08910581120033773,-0.00620341537784273,-0.006215759943729031,0.9747289039049168,0.9709652788629041
2022-09-20,0.008342706113366238,8.342706113366238e-06,0.0888740146035557,0.004823757097865771,0.0048154143917524045,0.9794307593736231,0.9756408790406325
2022-09-21,0.007433340946404077,7.433340946404077e-06,0.08741456536423113,-0.01293431175135783,-0.012941745092304235,0.9667624965930155,0.9630143834824569
2022-09-22,0.011519447144559852,1.1519447144559852e-05,0.08820636936720731,0.0025007270561070247,0.002489207608962465,0.9691801057250753,0.9654115262133617
2022-09-23,0.005592903794122417,5.592903794122417e-06,0.09055677955484395,-0.0172169626486925,-0.017222555552486623,0.9524937680449508,0.9487846725721412
2022-09-26,0.004972657971805516,4.9726579718055164e-06,0.09049460056614655,-0.014495589523075338,-0.014500562181047144,0.9386868093600838,0.9350267614310844
2022-09-27,0.009223446271654473,9.223446271654474e-06,0.09309473134557243,-0.020283089969623934,-0.020292313415895588,0.9196473403525339,0.916052905335875
2022-09-28,0.0050183102451652195,5.018310245165219e-06,0.0924025520653543,-0.013522518857208971,-0.013527537167454137,0.9072113918506347,0.9036609656115896
2022-09-29,0.007092871444467352,7.092871444467353e-06,0.0932141251087834,0.036211757495670155,0.03620466462422569,0.9400631107696393,0.9363777078055612
2022-09-30,0.011213728773501824,1.1213728773501825e-05,0.09942532722158219,-0.013206138102852793,-0.013217351831626294,0.9276485075034181,0.9240012741942033
2022-10-03,0.023484562722886182,2.3484562722886182e-05,0.09698038451211038,-0.013512136870304456,-0.013535621433027343,0.9151139939024983,0.9114943427430757
2022-10-04,0.01913605818104705,1.913605818104705e-05,0.0947907722718567,0.030224270365815563,0.030205134307634517,0.9427726466697487,0.9390261517862795
2022-10-05,0.0022112303667670974,2.2112303667670975e-06,0.09901921196791934,0.01980377800613857,0.019801566775771804,0.9614431068746562,0.9576203408350715
2022-10-06,0.01618222921018511,1.6182229210185112e-05,0.09904708398334787,-0.008347388918111036,-0.008363571147321221,0.9534175673389365,0.9496112149823754
2022-10-07,0.020027827049938746,2.0027827049938747e-05,0.09436814931429419,-0.007427703848977808,-0.007447731676027747,0.9463358640043299,0.9425387654566401
2022-10-10,0.015940685175084623,1.5940685175084624e-05,0.09444314081243074,-0.022370993006314396,-0.02238693369148948,0.9251653910090646,0.9214382126127039
2022-10-11,0.012305161545642429,1.230516154564243e-05,0.09882666381006412,-0.018890248439335372,-0.018902553600881014,0.9076887869254284,0.9040206774088922
2022-10-12,0.016714318501604958,1.671431850160496e-05,0.09483626160887439,-0.0014255387333117135,-0.0014422530518133185,0.9063948414018734,0.9027168508279969
2022-10-13,0.010729731666383857,1.0729731666383857e-05,0.09372154223553653,0.0036901723143524844,0.0036794425826861005,0.9097395945514866,0.9060383456490417
2022-10-14,0.011428249202572904,1.1428249202572904e-05,0.09262344767839871,0.00354865811648895,0.003537229867286377,0.9129679493475831,0.9092432115461783
2022-10-17,0.013221842931315592,1.3221842931315591e-05,0.09721296781028332,-0.0214885166213888,-0.021501738464320116,0.8933496223932322,0.8896929018110539
2022-10-18,0.01943976818843926,1.943976818843926e-05,0.09527153864855534,0.010201274885932553,0.010181835117744113,0.9024629274605097,0.8987516082427213
2022-10-19,0.008512960189514557,8.512960189514557e-06,0.09407941715100485,0.007205607515427978,0.007197094555238464,0.9089657211130142,0.9052200085489167
2022-10-20,0.006642196123474026,6.642196123474026e-06,0.09041831503293399,-0.018856698133103145,-0.018863340329226617,0.8918256288966477,0.8881445354548331
2022-10-21,0.009067185339374756,9.067185339374756e-06,0.09151901761210937,-0.013028768400872554,-0.013037835586211929,0.8802062393237908,0.8765650530247804
2022-10-24,0.010918390528477429,1.0918390528477428e-05,0.09204617096955263,0.010578412466765065,0.010567494076236587,0.8895174239791781,0.8858281490300558
2022-10-25,0.009526454679093355,9.526454679093355e-06,0.09711077622277331,-5.3000830250880294e-05,-6.252728492997365e-05,0.8894702788171847,0.8857727606009824
2022-10-26,0.013308257765646203,1.3308257765646203e-05,0.09303404025373645,0.022516302451005034,0.022502994193239388,0.9094978606362122,0.9057052998893159
2022-10-27,0.0075546687482603014,7.554668748260301e-06,0.0959151536684729,0.00685378439050297,0.0068462297217547095,0.9157313628766365,0.9119059664325688
2022-10-28,0.0071252352827307075,7.125235282730707e-06,0.09373945678968226,0.0018475197432179355,0.0018403945079352047,0.917423194649035,0.9135842331649447
2022-10-31,0.010577695386175145,1.0577695386175146e-05,0.09289725023410621,0.002836239678487429,0.0028256619831012538,0.9200252267156632,0.9161657134009596
2022-11-01,0.011352828627404221,1.1352828627404222e-05,0.09710585309996128,-0.011272036049560894,-0.011283388878188298,0.9096546691936189,0.9058282593797938
2022-11-02,0.01925251614414944,1.925251614414944e-05,0.09257680094298332,0.006457264723218293,0.006438012207074144,0.9155285501993138,0.9116599927711937
2022-11-03,0.010260589048148,1.0260589048148e-05,0.09187686048199632,-0.018020294238199442,-0.01803055482724759,0.89903045634125,0.8952222572877245
2022-11-04,0.007106463171080046,7.106463171080046e-06,0.09674581282011732,-0.009787556213148349,-0.009794662676319428,0.8902311452124776,0.886453857257258
2022-11-07,0.023851496308978704,2.3851496308978703e-05,0.09087515749240442,0.013109197202574236,0.013085345706265258,0.9019013608509415,0.8980534124321214
2022-11-08,0.00744620035140961,7.44620035140961e-06,0.09516463175299102,-0.0025508197103060824,-0.002558265910657492,0.8996007730829311,0.8957559530011467
2022-11-09,0.0033714167237950676,3.3714167237950677e-06,0.0937244813696714,0.019406108096943812,0.019402736680220016,0.9170585229294728,0.9131360698869676
2022-11-10,0.009182410709570349,9.18241070957035e-06,0.09443934773364573,-0.011122244192486646,-0.011131426603196217,0.90685877409865,0.9029715627462898
2022-11-11,0.0038514685242036772,3.851468524203678e-06,0.09686842252944777,0.06061976388468705,0.06061591241616285,0.961832338861267,0.9577060079080046
2022-11-14,0.011593004816401797,1.1593004816401798e-05,0.11474384989893541,0.006049525159233381,0.006037932154416979,0.9676509677941725,0.9634885718076308
2022-11-15,0.07554970122802232,7.554970122802232e-05,0.09706057767600919,-0.00308674839743929,-0.003162298098667312,0.9646640727200533,0.9604417337289158
2022-11-16,0.01646209247692304,1.646209247692304e-05,0.09677993151955892,0.01272513790281339,0.012708675810336465,0.9769395560753057,0.9726476763575942
2022-11-17,0.01529220817874516,1.529220817874516e-05,0.09711063620983325,0.006591814394088153,0.006576522185909408,0.9833793603031971,0.9790443153802331
2022-11-18,0.011945765828329707,1.1945765828329707e-05,0.09740278746036306,-0.010163925646386365,-0.010175871412214694,0.9733843656028844,0.9690816863200641
2022-11-21,0.01607251559499223,1.6072515594992232e-05,0.0956657805120313,-0.004824114573732262,-0.004840187089327254,0.9686886478989365,0.9643911496534343
2022-11-22,0.015592883200157087,1.559288320015709e-05,0.09520381219468634,-0.0024260532549778354,-0.0024416461381779925,0.9663385576516412,0.96203644772719
2022-11-23,0.017416081429485863,1.7416081429485863e-05,0.09486773750849709,0.014112641615081283,0.014095225533651798,0.9799761473946134,0.9755965684294979
2022-11-25,0.007530281504050856,7.530281504050856e-06,0.09539737901117173,0.01489290973229035,0.014885379450786298,0.994570843697559,0.9901186935414561
2022-11-28,0.0,0.0,0.09402469578234048,-0.0013806052612714,-0.0013806052612714,0.993197733958043,0.9887517304638697
2022-11-29,0.0,0.0,0.09127860301436873,-0.010603135308253952,-0.010603135308253952,0.9826667239970347,0.978267862079491
2022-11-30,0.0,0.0,0.09268567246467763,-0.0042929914524832994,-0.0042929914524832994,0.9784481441502757,0.9740681665093447
2022-12-01,0.0,0.0,0.09061133641627257,0.02552151281644515,0.02552151281644515,1.003419621001434,0.9989278597050042
2022-12-02,0.0,0.0,0.09813068280466843,0.0232749532934325,0.0232749532934325,1.026774165813956,1.0221778589831465
2022-12-05,0.02567065227066856,2.567065227066856e-05,0.09526711485937796,0.003999828125771927,0.003974157473501259,1.0308810860011945,1.0262401547606719
2022-12-06,0.01708828556267697,1.708828556267697e-05,0.09425024505271119,-0.024249486417606915,-0.02426657470316959,1.0058827491080407,1.0013368213817797
2022-12-07,0.013475204077724207,1.3475204077724208e-05,0.09832996395499899,0.0004547014981227131,0.0004412262940449889,1.0063401255009958,1.0017786375165687
2022-12-08,0.009850467028969356,9.850467028969357e-06,0.0965496727403241,0.0152450356768887,0.01523518520985973,1.0216818166173431,1.0170409205984146
2022-12-09,0.002019080679852403,2.019080679852403e-06,0.09570106578043888,0.0027904759311993725,0.00278845685051952,1.024532795135958,1.0198768953207158
2022-12-12,0.017885898438999653,1.7885898438999655e-05,0.09360842890367169,-0.014737054076910396,-0.014754939975349395,1.0094341999304712,1.004828672948013
2022-12-13,0.004972724950290164,4.972724950290164e-06,0.09462534970513213,0.004586535749158907,0.004581563024208616,1.014064005974876,1.009432358841656
2022-12-14,0.009971758489584509,9.97175848958451e-06,0.0929047729926805,0.016793805630689627,0.016783833872200043,1.0310939997882964,1.0263745038576773
2022-12-15,0.004881388069045728,4.881388069045728e-06,0.09278632913479161,-0.002363298078670191,-0.0023681794667392364,1.0286572173196684,1.0239438648324568
2022-12-16,0.003084793792962004,3.084793792962004e-06,0.09132397510293214,-0.01990605362481422,-0.019909138418607183,1.0081807115901509,1.0035580246946239
2022-12-19,0.004743480237960396,4.743480237960396e-06,0.09755446021340698,-0.009503340863480826,-0.009508084343718786,0.998599626635923,0.9940161103520115
2022-12-20,0.01202699739935234,1.202699739935234e-05,0.0960446931950421,-0.013943149738515171,-0.013955176735914523,0.984676002512913,0.9801444398537029
2022-12-21,0.003637912921676978,3.637912921676978e-06,0.09428811578532705,-8.74287106268929e-05,-9.106662354856989e-05,0.984589913559628,0.9800551814089756
2022-12-22,0.008596214163905935,8.596214163905936e-06,0.09465595328424543,0.007646553017423731,0.007637956803259825,0.9921186325340823,0.9875408005493884
2022-12-23,0.0067645588006083335,6.764558800608334e-06,0.09483062329371351,-0.0133603528951156,-0.013367117453916208,0.9788635774896074,0.9743402266779103
2022-12-27,0.0,0.0,0.09487756493370299,-0.0030196843853055,-0.0030196843853055,0.9759077184293177,0.971398026709436
2022-12-28,0.0,0.0,0.0930770266524052,-0.0077638382418578,-0.0077638382418578,0.9683309287644519,0.9638562495616041
2022-12-29,0.0,0.0,0.09235487071455693,-0.01146543617401995,-0.01146543617401995,0.9572285923053736,0.9528052172513253
2022-12-30,0.0,0.0,0.0921289960286087,0.01735498972981785,0.01735498972981785,0.9738412846939213,0.9693411420112388
2023-01-03,0.0,0.0,0.09341388549080043,-0.004578256339437201,-0.004578256339437201,0.9693827896586656,0.9649032497827486
2023-01-04,0.0,0.0,0.09125308782512115,0.0115106089788026,0.0115106089788026,0.9805409759012074,0.9760098737933737
2023-01-05,0.0,0.0,0.0905770149756097,0.015332704474695251,0.015332704474695251,0.9955753209100298,0.990974744752632
2023-01-06,0.0,0.0,0.08978223117519595,-0.009918262941702002,-0.009918262941702002,0.9857009430989748,0.9811459966655894
2023-01-09,0.0,0.0,0.09015427448940705,0.029718607661138853,0.029718607661138853,1.0149946026981478,1.0103042895987913
2023-01-10,0.0,0.0,0.09575951390346406,0.00349280163709085,0.00349280163709085,1.0185397775080902,1.0138330820754617
2023-01-11,0.0021010880154012923,2.1010880154012924e-06,0.09263353642741488,-0.003044785613167171,-0.0030468867011825725,1.015438542247095,1.010744047540467
2023-01-12,0.0021010880154012923,2.1010880154012924e-06,0.09173709023603527,0.014001230331492299,0.013999129243476897,1.0296559311645714,1.024893584094061
2023-01-13,0.0,0.0,0.09183189925029932,0.01731333170137055,0.01731333170137055,1.0474827058391072,1.0426379066740878
2023-01-17,0.0,0.0,0.09122205568218658,0.003192716848967,0.003192716848967,1.050827021523041,1.0459667542860978
2023-01-18,0.00023587448568260228,2.3587448568260228e-07,0.08972440109753253,-0.007439376730238947,-0.00743961260472463,1.0430095234316163,1.038185166836788
2023-01-19,0.00023587448568260228,2.3587448568260228e-07,0.08785043016798623,0.0025763904157891995,0.002576154541303517,1.0456967231713623,1.0408596922690485
2023-01-20,0.0,0.0,0.09193246046101712,0.0010790142380175003,0.0010790142380175003,1.0468250448243124,1.0419827946967852
2023-01-23,0.0031262568560897486,3.1262568560897485e-06,0.09092122427947169,-0.0005115009233826347,-0.0005146271802387245,1.0462895928472646,1.0414465620292932
2023-01-24,0.0031262568560897486,3.1262568560897485e-06,0.09376277889657948,0.004551297328479,0.004548171071622911,1.0510515678760057,1.0461832391553558
2023-01-25,0.0006600755522430113,6.600755522430113e-07,0.09243036823222764,0.008389182072060743,0.0083885219965085,1.0598690308460426,1.054959170269389
2023-01-26,0.0006600755522430113,6.600755522430113e-07,0.09064212379522779,0.00369506305165335,0.0036944029761011073,1.0637853137415136,1.0588566145676972
2023-01-27,0.0,0.0,0.08820531117756544,-0.0014144923540828002,-0.0014144923540828002,1.0622805975488407,1.0573588699823213
2023-01-30,0.0,0.0,0.08786141054459361,-0.0008129835670360499,-0.0008129835670360499,1.0614169808794522,1.056499254596566
2023-01-31,0.0,0.0,0.08555589827919449,-0.009428835827967798,-0.009428835827967798,1.0514090544217227,1.0465376965726045
2023-02-01,0.0,0.0,0.08626374534520223,0.013094424851635748,0.013094424851635748,1.0651766512731775,1.0602415057947785
2023-02-02,0.0,0.0,0.08695902264500562,0.0162349980894857,0.0162349980894857,1.0824697921715625,1.0774545246157503
2023-02-03,0.0,0.0,0.08694691112842307,-0.0026124667756457502,-0.0026124667756457502,1.0796418758038742,1.0746397104679224
2023-02-06,0.0,0.0,0.08889062230218185,-0.025514578337163446,-0.025514578337163446,1.0520952685875942,1.047220731390962
2023-02-07,0.0,0.0,0.09145043123476414,-0.00574413518341895,-0.00574413518341895,1.0460518911389916,1.0412053539429735
2023-02-08,0.0,0.0,0.08968838677892822,0.0029278645453177992,0.0029278645453177992,1.0491145893836202,1.0442538621831783
2023-02-09,0.0,0.0,0.08946447313915844,-0.0018892781827012498,-0.0018892781827012498,1.0471325200787442,1.042280976144154
2023-02-10,0.0,0.0,0.08883560356651647,-0.013084651552643548,-0.013084651552643548,1.0334311559240723,1.0286430927513586
2023-02-13,0.0,0.0,0.08816847676745697,-0.0035082404014064004,-0.0035082404014064004,1.0298056309907873,1.0250343654947407
2023-02-14,0.0,0.0,0.08636378597631678,0.007480542999394201,0.007480542999394201,1.0375091362944322,1.0327021791416808
2023-02-15,0.0,0.0,0.08627784072552798,-0.0010057322793172,-0.0010057322793172,1.0364656798659744,1.0316635572251969
2023-02-16,0.0,0.0,0.08396127706858428,-0.0080706767919577,-0.0080706767919577,1.0281007003578193,1.0233373340967908
2023-02-17,0.0,0.0,0.0828353371503299,-0.01447666000206015,-0.01447666000206015,1.0132172360708591,1.0085228274436568
2023-02-21,0.0,0.0,0.08543978994226856,0.0041136198872595,0.0041136198872595,1.0173852266432744,1.0126715070033843
2023-02-22,0.0,0.0,0.08363792476989595,-0.02181882207623535,-0.02181882207623535,0.9951870794001544,0.9905762075704043
2023-02-23,0.0,0.0,0.08947125836153362,0.0010505361514458501,0.0010505361514458501,0.9962325594045162,0.9916168436872193
2023-02-24,0.0,0.0,0.0873412303116442,0.00724965870893485,0.00724965870893485,1.0034549054549275,0.9988057273739828
2023-02-27,0.0,0.0,0.08556390723473317,-0.01552338350597665,-0.01552338350597665,0.9878778901265972,0.9833008830199905
2023-02-28,0.0,0.0,0.08618050613262926,0.0050409863036701,0.0050409863036701,0.9928577690404238,0.988257689303681
2023-03-01,0.0,0.0,0.08398394247803163,0.002687854438309,0.002687854438309,0.9955264262015487,0.990913982120069
2023-03-02,0.0,0.0,0.0822897280704963,-0.0056749836844825,-0.0056749836844825,0.9898768299753838,0.985290561438812
2023-03-03,0.0,0.0,0.08168635678473593,-0.0008726325117563005,-0.0008726325117563005,0.9890130312709131,0.9844307648613739
2023-03-06,0.0,0.0,0.08103046356582289,0.025256857310314698,0.025256857310314698,1.0139923922797645,1.0092943922213615
2023-03-07,0.0,0.0,0.08624298127983315,-0.0060738880519529,-0.0060738880519529,1.0078335160035252,1.0031640510715452
2023-03-08,0.0,0.0,0.08430509628876626,-0.013484329122017802,-0.013484329122017802,0.9942435571735333,0.9896370568435198
2023-03-09,0.0,0.0,0.08770944077659415,0.0010694097163721,0.0010694097163721,0.9953068108940151,0.9906953843277901
2023-03-10,0.0,0.0,0.08524527907831789,-0.00318437169353765,-0.00318437169353765,0.9921373840590189,0.9875406419890183
2023-03-13,0.0,0.0,0.08839564023761042,0.020351944973275353,0.020351944973275353,1.0123293095053174,1.0076390147936518
2023-03-14,0.0,0.0,0.09488386525294198,0.011766505190569751,0.011766505190569751,1.0242408875801776,1.019495404491442
2023-03-15,0.0,0.0,0.09398136839872598,-0.0029955716710682503,-0.0029955716710682503,1.0211727005929927,1.016441432938963
2023-03-16,0.0,0.0,0.09515277689841531,0.01031300810932635,0.01031300810932635,1.031704062935231,1.0269240016795178
2023-03-17,0.0,0.0,0.09438654109143765,0.0057787535405465495,0.0057787535405465495,1.0376660264417141,1.0328583423900954
2023-03-20,0.0008515652339996516,8.515652339996516e-07,0.09486691090079462,0.01399010612371979,0.01398925455848579,1.0521830842726123,1.0473072606646463
2023-03-21,0.0008515652339996516,8.515652339996516e-07,0.09838631162937136,0.0005571173168656997,0.0005562657516317,1.0527692736893737,1.0478898418251892
2023-03-22,0.001282287675842514,1.2822876758425139e-06,0.09628390257475446,-0.00735336372003683,-0.007354646007712673,1.0450278783066567,1.040182982983487
2023-03-23,0.001282287675842514,1.2822876758425139e-06,0.09662548581288673,0.00646458096737545,0.0064632986796996075,1.0517835456391345,1.0469059962840501
2023-03-24,0.0,0.0,0.0984874896792373,0.007579985607716699,0.007579985607716699,1.0597560497775125,1.0548415286685155
2023-03-27,0.0037463539474980045,3.7463539474980047e-06,0.09550400294795536,-0.00032659880707943366,-0.00033034516102693165,1.0594099347158599,1.0544930668738697
2023-03-28,0.0037463539474980045,3.7463539474980047e-06,0.09402508361718005,-0.015601470024560499,-0.015605216378507997,1.0428815823756687,1.0380374743956664
2023-03-29,0.0,0.0,0.09381747248539728,0.0038639508372803003,0.0038639508372803003,1.0469112255390733,1.0420484001639858
2023-03-30,0.0,0.0,0.0916450210713869,0.00372307226134705,0.00372307226134705,1.0508089516829706,1.0459280216576174
2023-03-31,0.0,0.0,0.09201029648650619,0.0097139241025534,0.0097139241025534,1.0610164300859029,1.0560880870767335
2023-04-03,0.0,0.0,0.09023577535518951,0.01182007721238945,0.01182007721238945,1.0735577262131322,1.0685711298090652
2023-04-04,0.0,0.0,0.09131623186472873,0.00657088571523955,0.00657088571523955,1.080611951340791,1.075592588581645
2023-04-05,0.0,0.0,0.08915368640172262,0.008932653936955548,0.008932653936955548,1.0902646839422567,1.0852004849525991
2023-04-06,0.0,0.0,0.08877553340202116,0.00349019900997385,0.00349019900997385,1.0940699246627614,1.0889880506108038
2023-04-10,0.0,0.0,0.08719206294602694,-0.00034156027619975,-0.00034156027619975,1.0936962338371117,1.088616095551459
2023-04-11,0.0,0.0,0.08546464949165021,-0.01132877059502635,-0.01132877059502635,1.0813060001033268,1.0762834135389032
2023-04-12,0.0,0.0,0.08495913348876565,0.0043137094669649,0.0043137094669649,1.0859704400326584,1.0809261874890232
2023-04-13,0.0,0.0,0.08325009068428439,-0.00011982156979945013,-0.00011982156979945013,1.085840317349778,1.0807966692164008
2023-04-14,0.0,0.0,0.0821406485424969,0.009365437596657849,0.009365437596657849,1.0960096870818525,1.0909188029766228
2023-04-17,0.0,0.0,0.08467147411710127,-0.01475174874955605,-0.01475174874955605,1.0798416275509415,1.0748258428889452
2023-04-18,0.0,0.0,0.08455438424911375,-0.0064244450157785,-0.0064244450157785,1.0729042443889916,1.0679206833597674
2023-04-19,0.0,0.0,0.08360610392780138,0.00404121758219535,0.00404121758219535,1.0772400838854284,1.072236383201751
2023-04-20,0.0,0.0,0.08189453914052679,-0.00295953379776355,-0.00295953379776355,1.0740519554488637,1.0690630633864735
2023-04-21,0.0,0.0,0.08031589744437197,0.0034857955673077996,0.0034857955673077996,1.0777958809942256,1.0727895986739986
2023-04-24,0.0,0.0,0.0801864723490886,-0.00739781629643275,-0.00739781629643275,1.0698225450615784,1.0648532982982846
2023-04-25,0.0,0.0,0.07920989027401472,0.00685260018253415,0.00685260018253415,1.0771536112291464,1.0721503122045755
2023-04-26,0.0,0.0,0.07830160861962655,0.0018348198609382995,0.0018348198609382995,1.0791299940683112,1.0741175148913198
2023-04-27,0.0,0.0,0.08398139572491263,-0.0102061148702975,-0.0102061148702975,1.0681162693888666,1.0631549481501406
2023-04-28,0.0,0.0,0.08302923694476663,0.0048972393163441074,0.0048972393163441074,1.0733470903777445,1.068361472361587
2023-05-01,0.0,0.0,0.08684877343911412,0.0123857229726329,0.0123857229726329,1.0866412700926449,1.081593901592892
2023-05-02,0.0,0.0,0.08640086491062184,-0.0186453700312952,-0.0186453700312952,1.066380441520491,1.0614271830741002
2023-05-03,0.0,0.0,0.08845711825490007,0.0162122572473915,0.0162122572473915,1.083668875562008,1.0786353136154716
2023-05-04,0.0,0.0,0.09199717464798281,0.0035610065247007002,0.0035610065247007002,1.0875278274984994,1.0824763410050289
2023-05-05,0.005671335039674846,5.671335039674846e-06,0.08985872875045706,-0.004901189105052759,-0.004906860440092434,1.0821976479589221,1.0771647806700153
2023-05-08,0.0043818516518008555,4.381851651800856e-06,0.08954887853261977,-0.00037122257490793885,-0.0003756044265597397,1.0817959117614875,1.0767601928102615
2023-05-09,0.0012894833878739909,1.289483387873991e-06,0.09248680461163662,-0.0063105808584674,-0.006311870341855274,1.074969151187957,1.069963822083972
2023-05-10,0.0,0.0,0.09059518833931633,-0.0004589020289344,-0.0004589020289344,1.0744758456634351,1.0694728135151312
2023-05-11,0.0,0.0,0.08875190757592424,0.00644463047965635,0.00644463047965635,1.0814004454480524,1.0763651706062747
2023-05-12,0.0,0.0,0.08703842971060025,7.551735234785032e-05,7.551735234785032e-05,1.0814821099465204,1.0764464548541184
2023-05-15,0.0,0.0,0.08574858996590382,-0.00571347511262255,-0.00571347511262255,1.0753030888265944,1.0702962048242386
2023-05-16,0.0,0.0,0.08408697024104848,-0.00241429048369445,-0.00241429048369445,1.072706994812153,1.0677121988821971
2023-05-17,0.0,0.0,0.08281724006491674,-0.0111460033715421,-0.0111460033715421,1.0607505990313,1.0558114751136196
2023-05-18,0.0,0.0,0.08299118182530464,0.0028388754750051505,0.0028388754750051505,1.063761937891987,1.0588087924165486
2023-05-19,0.0,0.0,0.08367064705784266,-0.00545356862252375,-0.00545356862252375,1.0579606391656642,1.0530345060089734
2023-05-22,0.0,0.0,0.08410280868594328,0.0006487880432210998,0.0006487880432210998,1.0586470313785534,1.0537177022055713
2023-05-23,0.0,0.0,0.08282869060930956,-0.0027526947379816497,-0.0027526947379816497,1.0557328992658979,1.0508171390313918
2023-05-24,0.0,0.0,0.08098718817411693,-0.0036058533081414004,-0.0036058533081414004,1.0519260812985662,1.0470280465743638
2023-05-25,0.0,0.0,0.08204756728585147,-0.0101668305678449,-0.0101668305678449,1.0412313270601066,1.0363830898250606
2023-05-26,0.0,0.0,0.08165915099212977,-0.0017659398723603003,-0.0017659398723603003,1.0393925751433004,1.0345528996036986
2023-05-30,0.0,0.0,0.08127505826545497,0.01245002246483185,0.01245002246483185,1.0523330360536138,1.0474331064448215
2023-05-31,0.0,0.0,0.08225189806831193,0.0082469397469952,0.0082469397469952,1.0610115631957207,1.05607122416268
2023-06-01,0.0,0.0,0.08089787056587197,0.0023277708012862004,0.0023277708012862004,1.0634813549323545,1.0585295159223642
2023-06-02,0.0,0.0,0.0801163446783899,0.0092923911572692,0.0092923911572692,1.0733636396708486,1.0683657862358296
2023-06-05,0.0,0.0,0.07993993693176912,-0.00575915944387285,-0.00575915944387285,1.0671819673287284,1.0622128973285188
2023-06-06,0.0,0.0,0.0829994420795021,0.0011098250172732996,0.0011098250172732996,1.0683663525740525,1.0633917677756441
2023-06-07,0.0,0.0,0.0811059628285188,0.0045745611448376,0.0045745611448376,1.0732536597789897,1.0682563184382508
2023-06-08,0.0,0.0,0.07932659988465471,-0.0152510174148828,-0.0152510174148828,1.0568854495231137,1.0519643227221904
2023-06-09,0.0,0.0,0.0799951302174037,0.01539213516279455,0.01539213516279455,1.0731531732137645,1.068156299763968
2023-06-12,0.0,0.0,0.08040315697034336,-0.0011340566882315,-0.0011340566882315,1.0719361566801846,1.066944949968144
2023-06-13,0.0,0.0,0.07868225272582058,0.00554545095404325,0.00554545095404325,1.0778805260629203,1.0728616408588567
2023-06-14,0.0,0.0,0.07860354033928704,-0.0053766714396509,-0.0053766714396509,1.0720851166230818,1.0670932163157538
2023-06-15,0.0,0.0,0.07853593497802885,0.0048575905011321,0.0048575905011321,1.0772928671019952,1.0722767181871518
2023-06-16,0.0,0.0,0.07724315347878284,0.01444378979055545,0.01444378979055545,1.0928530588172811,1.0877644577019536
2023-06-20,0.0,0.0,0.07937193203645371,-0.00627561625405185,-0.00627561625405185,1.0859947323980772,1.0809380653906193
2023-06-21,0.0,0.0,0.07884680715067051,-0.004355066927493649,-0.004355066927493649,1.081265152655578,1.0762305077713676
2023-06-22,0.0,0.0,0.07860876411449091,-0.00208369427113585,-0.00208369427113585,1.0790121266514108,1.073987972427903
2023-06-23,0.0,0.0,0.07756341656539634,-0.00925350261743295,-0.00925350261743295,1.0690274851132,1.0640498219139498
2023-06-26,0.0,0.0,0.07755491684494802,0.0025425480587505994,0.0025425480587505994,1.0717455388702257,1.0667552197230712
2023-06-27,0.0,0.0,0.07807551272916768,-0.0006460194894699001,-0.0006460194894699001,1.071053170364363,1.0660660750606363
2023-06-28,0.0,0.0,0.07686525959348281,0.0018429342087020496,0.0018429342087020496,1.0730270508913664,1.0680307646991023
2023-06-29,0.0,0.0,0.07752471380899206,0.00122497543812585,0.00122497543812585,1.074341482673153,1.0693390761530215
2023-06-30,0.0,0.0,0.07588169604040292,-0.00767603136630015,-0.00767603136630015,1.0660948037540365,1.0611307958632605
2023-07-03,0.0,0.0,0.07670718190299589,0.01504932803751405,0.01504932803751405,1.0821388141748203,1.0771001013009152
2023-07-05,0.0,0.0,0.07875201947874813,-0.0030591788041731,-0.0030591788041731,1.0788283580513236,1.0738050595010427
2023-07-06,0.0,0.0,0.07735359132205354,-0.0072861905626092505,-0.0072861905626092505,1.0709678090502148,1.065981111210424
2023-07-07,0.0,0.0,0.07642422206969349,-0.0125450566406488,-0.0125450566406488,1.0575324572253684,1.0526083177924275
2023-07-10,0.0,0.0,0.07778238702314844,-0.0005461684412286002,-0.0005461684412286002,1.056954866371657,1.0520334163482745
2023-07-11,0.0,0.0,0.0768977763212505,0.00231123937369075,0.00231123937369075,1.0593977420750293,1.054464917402577
2023-07-12,0.0,0.0,0.07537693717413951,0.007608204263440499,0.007608204263440499,1.0674578564929638,1.0624875018828077
2023-07-13,0.0,0.0,0.07493824823036264,0.01626697837325225,0.01626697837325225,1.0848221703588932,1.0797709630977863
2023-07-14,0.0,0.0,0.07670171166534666,0.00953892092845485,0.00953892092845485,1.0951702032633814,1.0900708129356176
2023-07-17,0.0,0.0,0.07695548851052113,-0.0048604271133137,-0.0048604271133137,1.089847208313747,1.0847726032009934
2023-07-18,0.0,0.0,0.07565908778063545,0.00233798393646425,0.00233798393646425,1.092395253579985,1.087308784121994
2023-07-19,0.0,0.0,0.07434685236386558,0.0116616194600473,0.0116616194600473,1.1051343513271967,1.0999885653979915
2023-07-20,0.0,0.0,0.07506699611267724,0.00680895220369565,0.00680895220369565,1.1126591583040457,1.1074783349643982
2023-07-21,0.0,0.0,0.07449637121263206,-0.01197448875135655,-0.01197448875135655,1.09933563372884,1.0942168480999959
2023-07-24,0.0,0.0,0.07567712404627752,-0.00138711687997585,-0.00138711687997585,1.0978107267145358,1.0926990414396425
2023-07-25,0.0,0.0,0.0742557479491864,-0.0017385293760050497,-0.0017385293760050497,1.0959021505168491,1.090799352056967
2023-07-26,0.0,0.0,0.07347142816048938,0.00320123014064245,0.00320123014064245,1.0994103855122788,1.094291251820165
2023-07-27,0.0,0.0,0.07250621394335678,0.00300444229387605,0.00300444229387605,1.1027135005728383,1.097578986738952
2023-07-28,0.0,0.0,0.07147148682073572,-0.0210666738777123,-0.0210666738777123,1.0794829948757199,1.0744566481702926
2023-07-31,0.0,0.0,0.0761984071090515,0.0114075842076723,0.0114075842076723,1.0917972880405151,1.0867136028617888
2023-08-01,0.0,0.0,0.07726375654408217,0.0034973782293605997,0.0034973782293605997,1.095615716106583,1.0905142513579875
2023-08-02,0.0,0.0,0.0757621253477455,-0.01627975242903225,-0.01627975242903225,1.0777793634910109,1.072760949325548
2023-08-03,0.0,0.0,0.0775215352413044,-0.0147710717249727,-0.0147710717249727,1.0618594072091898,1.0569151203993106
2023-08-04,0.0,0.0,0.08127335362542157,-0.013272920215385849,-0.013272920215385849,1.0477654320173453,1.0428867703318156
2023-08-07,0.0,0.0,0.082257941894389,0.00831899924830105,0.00831899924830105,1.0564817918586935,1.0515625445902692
2023-08-08,0.0,0.0,0.08235361714650243,-0.00173877474971035,-0.00173877474971035,1.0546448079954809,1.0497341141899945
2023-08-09,0.0,0.0,0.08212477105713081,0.00041348440038709976,0.00041348440038709976,1.0550808871715363,1.0501681628707662
2023-08-10,0.0,0.0,0.08157270761062842,-0.0031597027594440002,-0.0031597027594440002,1.0517471451809037,1.0468499436286631
2023-08-11,0.0,0.0,0.081076636419445,-0.0086549816533399,-0.0086549816533399,1.0426442929354105,1.037789476572757
2023-08-14,0.0,0.0,0.08054574737893072,-0.00144367532086585,-0.00144367532086585,1.041139053101258,1.0362912455171747
2023-08-15,0.0,0.0,0.07886518825694674,0.00012761970899604984,0.00012761970899604984,1.0412719229642393,1.0364234967043628
2023-08-16,0.0,0.0,0.07787651956008498,-0.0102444555311265,-0.0102444555311265,1.0306046590536215,1.0258059022809602
2023-08-17,0.0,0.0,0.07983298137191906,-0.0105064441067484,-0.0105064441067484,1.0197766688071201,1.0150283299042728
2023-08-18,0.0,0.0,0.07974203936107306,-0.00672987017543855,-0.00672987017543855,1.012913704218107,1.008197321019625
2023-08-21,0.0,0.0,0.07927633717761845,0.0020888519249808502,0.0020888519249808502,1.0150295309590023,1.0103032959343974
2023-08-22,0.0,0.0,0.07744590796934803,-0.00210049586924945,-0.00210049586924945,1.0128974656220566,1.008181158034598
2023-08-23,0.0,0.0,0.07747636023490488,0.0032903509751292,0.0032903509751292,1.0162302537857721,1.0114984278910442
2023-08-24,0.0,0.0,0.07638455714739155,0.0228324664444802,0.0228324664444802,1.0394332969552014,1.034593431804511
2023-08-25,0.0,0.0,0.0808072250558649,-0.0103983774030038,-0.0103983774030038,1.0286248772482127,1.0238353388419388
2023-08-28,0.0,0.0,0.08281591355222316,0.0044959226693617495,0.0044959226693617495,1.0332494951521023,1.0284384233515318
2023-08-29,0.0,0.0,0.08133029972899199,0.00511910517402065,0.00511910517402065,1.0385388079887896,1.0337031078056722
2023-08-30,0.0,0.0,0.07985429342244926,0.0172022344279522,0.0172022344279522,1.0564039960263387,1.051485110995048
2023-08-31,0.0,0.0,0.08210565301694686,0.0027851334754148997,0.0027851334754148997,1.0593462221592338,1.054413637376581
2023-09-01,0.0,0.0,0.0801476288172593,0.00066493079514755,0.00066493079514755,1.0600506140850707,1.0551147494748963
2023-09-05,0.0,0.0,0.07834364997780724,-0.00816638897768265,-0.00816638897768265,1.0513938284344206,1.046498272014594
2023-09-06,0.0,0.0,0.0784196503147148,-0.01332393575987705,-0.01332393575987705,1.0373851246060293,1.0325547962654493
2023-09-07,0.0,0.0,0.07871398912137903,-0.004416655079385901,-0.004416655079385901,1.0328033523261586,1.0279943578797792
2023-09-08,0.0,0.0,0.07833979489449104,0.00038122533703919994,0.00038122533703919994,1.0331970831322443,1.0283862553753365
2023-09-11,0.0,0.0,0.07696408440204658,0.00283199865659245,0.00283199865659245,1.0361230958836702,1.0312986438690177
2023-09-12,0.0,0.0,0.07542656899876114,0.0005873655750001502,0.0005873655750001502,1.036731678921655,1.0319043931899707
2023-09-13,0.0,0.0,0.07508036768913029,-0.0024617761392235994,-0.0024617761392235994,1.0341794776117084,1.0293640755768556
2023-09-14,0.0,0.0,0.07493676619533648,-0.0006798432701483999,-0.0006798432701483999,1.0334763976537285,1.0286642693375423
2023-09-15,0.0,0.0,0.07347283060353041,0.0009247055905060001,0.0009247055905060001,1.0344320590562948,1.0296154809381524
2023-09-18,0.0,0.0,0.07396841820371905,-0.0075867213861319505,-0.0075867213861319505,1.0265841112313518,1.0218040751494264
2023-09-19,0.0,0.0,0.07828750542190098,0.0060709117716174505,0.0060709117716174505,1.0328164127967818,1.028007357537538
2023-09-20,0.0,0.0,0.07671395677634302,-0.0052159310326745,-0.0052159310326745,1.0274293136182195,1.0226453420595403
2023-09-21,0.0,0.0,0.07537346987107615,-0.0026953297486754,-0.0026953297486754,1.0246600528245633,1.0198889756467429
2023-09-22,0.0,0.0,0.07566364893884249,-0.0249753463258677,-0.0249753463258677,0.9990688131389879,0.9944168952660309
2023-09-25,0.0,0.0,0.08297411914850016,0.0044807210810464,0.0044807210810464,1.0035453618314358,0.9988726000119982
2023-09-26,0.0,0.0,0.08117349187884229,-0.012942189900379101,-0.012942189900379101,0.9905572871849687,0.9859450011363575
2023-09-27,0.0,0.0,0.08233741767514452,-0.013152740191220848,-0.013152740191220848,0.9775287445421044,0.9729771226935781
2023-09-28,0.0,0.0,0.08437022408077464,-0.0086171146615131,-0.0086171146615131,0.9691052672654602,0.9645928672642985
2023-09-29,0.0,0.0,0.08318968756277577,0.0019101251398373998,0.0019101251398373998,0.9709563795996129,0.966435360349768
2023-10-02,0.0,0.0,0.08163293341162607,-0.0063227895956775,-0.0063227895956775,0.9648172267048238,0.9603247929084536
2023-10-03,0.0,0.0,0.08045508430209197,-0.01549798305149225,-0.01549798305149225,0.9498645056775646,0.9454416955440306
2023-10-04,0.0,0.0,0.08121189165140395,-0.01905761540409755,-0.01905761540409755,0.9317623532423583,0.9274238313233545
2023-10-05,0.0,0.0,0.08496945427637363,0.01057323981838435,0.01057323981838435,0.941614100056932,0.9372297059052213
2023-10-06,0.0,0.0,0.08428652731694002,-0.0036043594789086,-0.0036043594789086,0.9382201843499178,0.9338515931308271
2023-10-09,0.0,0.0,0.08233081327366094,0.00237586987503875,0.00237586987503875,0.9404492734220681,0.9360703029987035
2023-10-10,0.0,0.0,0.08330841858837332,0.0238994066430723,0.0238994066430723,0.9629254530347638,0.9584418278165734
2023-10-11,0.0,0.0,0.0859076859309061,0.0010640638370298498,0.0010640638370298498,0.9639500671870938,0.9594616711054498
2023-10-12,0.0,0.0,0.08418890761326488,0.0160177452307264,0.0160177452307264,0.9793903737784382,0.9748300837118639
2023-10-13,0.0,0.0,0.08444190803487744,-0.01833601553386765,-0.01833601553386765,0.9614322566711163,0.9569555841540416
2023-10-16,0.0,0.0,0.08629842768757146,0.0221916215268892,0.0221916215268892,0.9827679974349046,0.9781919802956311
2023-10-17,0.010037211995792605,1.0037211995792605e-05,0.08905584309566993,-0.0049919525021023085,-0.005001989714098101,0.9778620662711234,0.9732990740717791
2023-10-18,0.0014513861227374858,1.4513861227374858e-06,0.08934937540560631,-0.004383057398954813,-0.00438450878507755,0.9735760407063965,0.9690316357310035
2023-10-19,0.00032418623682087255,3.2418623682087254e-07,0.0875557976898234,-0.003733288216092597,-0.003733612402329418,0.9699414007461572,0.9654136471975887
2023-10-20,0.002429812193035341,2.4298121930353413e-06,0.09032313905710956,-0.008267724091020912,-0.008270153903213947,0.9619221928603297,0.9574295277550016
2023-10-23,0.0032639173039572256,3.2639173039572256e-06,0.09178856893228583,-0.00205662171521124,-0.002059885632515197,0.9599438827901494,0.9554573324266332
2023-10-24,0.004133425358450626,4.133425358450627e-06,0.09129179831991456,0.0031673191769003377,0.003163185751541887,0.9629843314588589,0.9584796214467715
2023-10-25,0.004238167703230905,4.238167703230905e-06,0.09005425769221716,0.0100887215113929,0.010084483343689669,0.9726996121987822,0.9681453932245174
2023-10-26,0.001734184794505711,1.734184794505711e-06,0.08927619704844403,-0.016191785737829503,-0.01619351992262401,0.9569498684907897,0.9524677115113396
2023-10-27,0.0009966096510445888,9.966096510445887e-07,0.09213943664095062,0.0022762739956626614,0.002275277386011617,0.9591281485915881,0.9546348397562475
2023-10-30,0.006168759580971489,6.168759580971489e-06,0.0914932867251105,0.0014613767247561654,0.001455207965175194,0.9605297961439984,0.9560240319788946
2023-10-31,0.0001082700331705988,1.082700331705988e-07,0.08996610418760084,0.0009414449384405731,0.0009413366684074025,0.9614340820587995,0.9569239724560751
2023-11-01,0.004528881879540009,4.528881879540009e-06,0.09007600670614224,-0.0020050329973246225,-0.0020095618792041626,0.9595063749995192,0.9550009745197306
2023-11-02,0.004485754212172899,4.485754212172899e-06,0.08892916114019742,0.01272582162568678,0.012721335871474608,0.9717168819764723,0.9671498626741817
2023-11-03,0.0003293715241158013,3.293715241158013e-07,0.08929601269714595,0.022421183775358254,0.022420854403834137,0.9935039247648849,0.9888341889318878
2023-11-06,0.0,0.0,0.0929130031500765,0.00973496118534935,0.00973496118534935,1.0031756469099633,0.9984604513798863
2023-11-07,0.006351372104733161,6.351372104733161e-06,0.09033986000755695,-0.007512403995540608,-0.0075187553676453415,0.9956393861718879,0.9909532715016921
2023-11-08,0.00389463060237602,3.894630602376021e-06,0.0890301241740614,0.0065932838331649824,0.006589389202562607,1.0022039192403973,0.9974830482891694
2023-11-09,0.0024567415023571404,2.4567415023571405e-06,0.0879511937518805,0.0038024349298665504,0.0037999781883641935,1.0060147344297663,1.0012734621159314
2023-11-10,0.00014475863204510553,1.4475863204510553e-07,0.08725393315112731,-0.0135553796917522,-0.013555524450384245,0.9923778227290735,0.987700675218698
2023-11-13,0.0019605852810148927,1.9605852810148927e-06,0.08802559434341298,0.005025964608010997,0.005024004022729982,0.9973654785438849,0.9926628873842499
2023-11-14,0.007094617477725856,7.094617477725857e-06,0.08867563180980872,0.0012049115336933626,0.0011978169162156368,0.9985672157122901,0.9938519157828583
2023-11-15,0.004221915194365156,4.221915194365156e-06,0.08715352764382753,0.025031430163328504,0.02502720824813414,1.0235627812357817,1.018725254646963
2023-11-16,0.004822128218467975,4.822128218467975e-06,0.09224564338355451,-0.007324600553119909,-0.007329422681338377,1.016065592722189,1.0112585866595012
2023-11-17,0.0066871833244036005,6.6871833244036e-06,0.08935486508784572,0.012228630850309912,0.012221943666985507,1.02849068377529,1.023618132138409
2023-11-20,0.0005410389588125508,5.410389588125508e-07,0.08816093286677922,0.0028458737431701626,0.00284533270421135,1.0314176384073415,1.026530666286406
2023-11-21,0.0015164574526944918,1.5164574526944919e-06,0.08620670087854189,0.006003300362961487,0.006001783905508792,1.0376095482903573,1.032691681517835
2023-11-22,0.004423099323694335,4.423099323694335e-06,0.08571279220749749,0.004058647000555972,0.004054223901232278,1.0418208391712742,1.0368784448156483
2023-11-24,0.0003625055671549471,3.625055671549471e-07,0.08446146249899832,0.0015548818569137998,0.0015545193513466448,1.0434407474922562,1.0384902924231085
2023-11-27,0.0,0.0,0.08284591493998844,-0.0030208268276294497,-0.0030208268276294497,1.0402886936891897,1.035353193087524
2023-11-28,0.0,0.0,0.08178419422609084,0.010739224425521748,0.010739224425521748,1.051460587438051,1.0464720833877714
2023-11-29,0.0,0.0,0.08168104491194483,0.008101481559062599,0.008101481559062599,1.0599789759972613,1.0549500576734112
2023-11-30,0.0,0.0,0.08100687967291281,0.0066336528909230995,0.0066336528909230995,1.0670105085957031,1.0619482301732759
2023-12-01,0.0,0.0,0.08022638678147967,-0.0059327486930556995,-0.0059327486930556995,1.0606802033953553,1.0556479581986224
2023-12-04,0.0,0.0,0.07974402597626247,0.0192599831497508,0.0192599831497508,1.0811088862400242,1.0759797200855967
2023-12-05,0.0,0.0,0.08165427614133322,-0.015550229927901001,-0.015550229927901001,1.064297394481895,1.0592479880405072
2023-12-06,0.0,0.0,0.08335796836520355,0.0086371833803391,0.0086371833803391,1.0734899262492523,1.0683969071584685
2023-12-07,0.0,0.0,0.08375448936138631,0.006436073624416399,0.006436073624416399,1.080398986449662,1.075273188313039
2023-12-08,0.0,0.0,0.08352257467655166,0.0017484587279232,0.0017484587279232,1.0822880194871594,1.077153259104047
2023-12-11,0.0,0.0,0.08320126638431037,-0.00867842440586785,-0.00867842440586785,1.0728954647246636,1.0678052659713781
2023-12-12,0.0,0.0,0.08297599668706698,-0.004670048005273901,-0.004670048005273901,1.0678849913997588,1.0628185641190075
2023-12-13,0.0,0.0,0.08217924235721573,0.0034878522062231,0.0034878522062231,1.0716096164230051,1.066525518192685
2023-12-14,0.0,0.0,0.0810112501060328,0.029599429569598802,0.029599429569598802,1.1033286497904224,1.098094065152609
2023-12-15,0.0,0.0,0.0875492936182073,0.01575669624076435,0.01575669624076435,1.1207134641789027,1.1153963997810046
2023-12-18,0.0,0.0,0.08771665188691113,-0.00689640296607815,-0.00689640296607815,1.1129845725204155,1.107704176741202
2023-12-19,0.0,0.0,0.08691658090379419,0.0010724252715687,0.0010724252715687,1.1141781653028526,1.1088921066937616
2023-12-20,0.0,0.0,0.08578678670928365,0.00911359640293565,0.00911359640293565,1.1243323354223862,1.1189981018085695
2023-12-21,0.0,0.0,0.08480754966074085,-0.006331353951675951,-0.006331353951675951,1.1172137894475127,1.111913328754766
2023-12-22,0.0,0.0,0.08711441305785741,0.0050675403608351505,0.0050675403608351505,1.1228753154172195,1.1175479944259814
2023-12-26,0.0,0.0,0.0864930030345065,0.0009366366936481999,0.0009366366936481999,1.123927041640031,1.118594730884474
2023-12-27,0.0,0.0,0.08452253947235214,0.0073223248402264,0.0073223248402264,1.132156800535634,1.1267854448685757
2023-12-28,0.0,0.0,0.08302562608594635,0.011949295176016249,0.011949295176016249,1.1456852763307683,1.1402497367493492
2023-12-29,0.0,0.0,0.08273543013488659,-0.0063721247103999505,-0.0063721247103999505,1.1383848268711196,1.1329839232257817
2024-01-02,0.0,0.0,0.08137252494623184,-0.0067640130083998,-0.0067640130083998,1.1306847770935984,1.1253204052307746
2024-01-03,0.0,0.0,0.0804298657279861,-0.006874998860217699,-0.006874998860217699,1.1229113205398145,1.1175838287274333
2024-01-04,0.0,0.0,0.07996929216305312,-0.0062050639678515995,-0.0062050639678515995,1.1159435839656402,1.1106491495807431
2024-01-05,0.0,0.0,0.08055096474950253,-0.0087666389133699,-0.0087666389133699,1.1061605095173215,1.1009124895269273
2024-01-08,0.0,0.0,0.0803592419782154,-0.0040424089223233504,-0.0040424089223233504,1.101688956404127,1.0964621510565664
2024-01-09,0.0,0.0,0.0791500363786941,0.00807282772831885,0.00807282772831885,1.110582701559369,1.105313701112668
2024-01-10,0.0,0.0,0.08202991300772497,-0.00379762779568175,-0.00379762779568175,1.106365121822524,1.1011161310783746
2024-01-11,0.0,0.0,0.08037587435799268,-0.0006597618731036001,-0.0006597618731036001,1.1056351842974137,1.1003896566372298
2024-01-12,0.0,0.0,0.07918144460697359,0.0035649931121548503,0.0035649931121548503,1.1095767661139901,1.104312538183828
2024-01-16,0.0,0.0,0.07767114742804983,0.0042361615362331495,0.0042361615362331495,1.1142771125321003,1.1089905844820622
2024-01-17,0.0,0.0,0.07668370027906077,-0.01549065735600385,-0.01549065735600385,1.0970162275822282,1.091811591326816
2024-01-18,0.0,0.0,0.07805822137798027,-0.0091172382671666,-0.0091172382671666,1.0870144692524126,1.0818572849058352
2024-01-19,0.0,0.0,0.0782487056605515,0.003856890255134999,0.003856890255134999,1.091206964766063,1.0860298897254355
2024-01-22,0.0,0.0,0.0790435815281312,0.0092834258457912,0.0092834258457912,1.1013371037058797,1.0961119676730144
2024-01-23,0.0,0.0,0.08016673794105648,0.0021305774374608,0.0021305774374608,1.1036835876900737,1.0984473191002693
2024-01-24,0.0,0.0,0.07860198612999166,-0.0005758514603252003,-0.0005758514603252003,1.1030480298843655,1.097814776607475
2024-01-25,0.0,0.0,0.0774302980835351,-0.006531535328290049,-0.006531535328290049,1.095843432708375,1.0906443606101444
2024-01-26,0.0,0.0,0.07645231233786327,0.0079497893314258,0.0079497893314258,1.104555157138633,1.0993147535125025
2024-01-29,0.0,0.0,0.07584198471749305,-0.0019418476752165,-0.0019418476752165,1.102410279274595,1.097180051714063
2024-01-30,0.0,0.0,0.07450963026129911,0.01318620205889685,0.01318620205889685,1.1169468839689147,1.1116476895709557
2024-01-31,0.0,0.0,0.07562595180658473,0.004815485287843851,0.004815485287843851,1.12232552525597,1.1170008126653503
2024-02-01,0.0,0.0,0.07475942155492543,-0.0037110546672436016,-0.0037110546672436016,1.1181605138773023,1.1128555615861937
2024-02-02,0.0,0.0,0.0798496117954394,0.01978196956259735,0.01978196956259735,1.1402799311289213,1.134870036433059
2024-02-05,0.0,0.0,0.08230110966817823,-0.010681134202628801,-0.010681134202628801,1.1281004481559689,1.1227483372713754
2024-02-06,0.0,0.0,0.08452978150719159,-0.0147886931074098,-0.0147886931074098,1.1114173168338588,1.1061443566746143
2024-02-07,0.0,0.0,0.08463828226505811,0.00891825784542335,0.00891825784542335,1.1213292230392518,1.1160092372616985
2024-02-08,0.0,0.0,0.08313888310864899,0.0015946045102364003,0.0015946045102364003,1.1231172996757701,1.1177888306249015
2024-02-09,0.0,0.0,0.08222743285472921,-0.00314608037501775,-0.00314608037501775,1.1195838823804172,1.1142721771214585
2024-02-12,0.0,0.0,0.08043420478330503,-7.168936106840022e-05,-7.168936106840022e-05,1.1195036201272268,1.1141922956610244
2024-02-13,0.0,0.0,0.07924246531977835,-0.00094151434256055,-0.00094151434256055,1.1184495914123287,1.1131432676342892
2024-02-14,0.0,0.0,0.07760018589404216,-0.022518439479156653,-0.022518439479156653,1.0932638519776228,1.0880770183304358
2024-02-15,0.0,0.0,0.0827540474310849,0.00676337279535655,0.00676337279535655,1.100658002972235,1.0954360888354646
2024-02-16,0.0,0.0,0.08195679795035553,0.009367681159304201,0.009367681159304201,1.1109686162095154,1.1056977848460705
2024-02-20,0.0,0.0,0.08097665500768678,-0.0035705741395088003,-0.0035705741395088003,1.1070018203986718,1.101749808929387
2024-02-21,0.0,0.0,0.07988486775800659,0.0006936487874076501,0.0006936487874076501,1.1077696908690493,1.1025140363483774
2024-02-22,0.0,0.0,0.07899115095102853,-0.003087808535980057,-0.003087808535980057,1.104349110161684,1.0991096840959031
2024-02-23,0.0,0.0,0.07747795296303572,0.012890364993784,0.012890364993784,1.1185845732722286,1.113277609092102
2024-02-26,0.0,0.0,0.08227782053482655,0.0098114367526956,0.0098114367526956,1.12955949506543,1.1242004619419013
2024-02-27,0.0,0.0,0.08119569366834133,-0.0044429001594642505,-0.0044429001594642505,1.1245409750046793,1.1192057515302698
2024-02-28,0.0,0.0,0.07947944778346036,-0.00314209934455145,-0.00314209934455145,1.1210075555441958,1.1156890958719683
2024-02-29,0.0,0.0,0.07783356718390498,0.00340654613760355,0.00340654613760355,1.1248263195027595,1.1194897422522774
2024-03-01,0.0,0.0,0.07637201502293674,0.0078790573697549,0.0078790573697549,1.133688890605132,1.1283102661563351
2024-03-04,0.0,0.0,0.07537016508839589,0.0155765808378546,0.0155765808378546,1.1513478872546203,1.1458854822273004
2024-03-05,0.0,0.0,0.0777241217868269,0.0054709903017898,0.0054709903017898,1.1576469003797765,1.1521546105875276
2024-03-06,0.0,0.0,0.0776789688217369,0.00504947357630815,0.00504947357630815,1.1634924078139393,1.157972384849511
2024-03-07,0.0,0.0,0.07982513221460959,0.0095436461919838,0.0095436461919838,1.1745963677011748,1.1690236635906024
2024-03-08,0.0,0.0,0.07891570394351337,0.0073036191486093,0.0073036191486093,1.183175172224204,1.1775617672051801
2024-03-11,0.0,0.0,0.07894213795715141,0.00031124918264645014,0.00031124918264645014,1.1835434345294864,1.1779282823427384
2024-03-12,0.0,0.0,0.0784180191571502,0.00022532401080315,0.00022532401080315,1.1838101152831144,1.1781936978677543
2024-03-13,0.0,0.0,0.076711261884049,-0.00434868870926555,-0.00434868870926555,1.1786620936008685,1.173070100236509
2024-03-14,0.0,0.0,0.07823433226243098,0.00027710710437560014,0.00027710710437560014,1.1789887092406637,1.1733951662952151
2024-03-15,0.0,0.0,0.07699877377296732,-0.0108193185582149,-0.0108193185582149,1.1662328548188503,1.1606998301963976
2024-03-18,0.0,0.0,0.07723229368522293,-0.0067573825588097495,-0.0067573825588097495,1.1583521732661866,1.152856537407815
2024-03-19,0.0,0.0,0.07805670798240726,0.00225466764161265,0.00225466764161265,1.1609638724288416,1.15545584573813
2024-03-20,0.0,0.0,0.07689546490914044,0.0035966303462244497,0.0035966303462244497,1.1651394303232894,1.1596115932966344
2024-03-21,0.0,0.0,0.07575501364911896,0.0103626826243016,0.0103626826243016,1.177213400452789,1.171628280205428
2024-03-22,0.0,0.0,0.07647696531586945,0.0022054077332062496,0.0022054077332062496,1.1798096359897816,1.1742121982750364
2024-03-25,0.0,0.0,0.07498106871363147,-0.00021780716865880002,-0.00021780716865880002,1.1795526649934103,1.1739564464407255
2024-03-26,0.0,0.0,0.07470312646726542,-0.00229546942181365,-0.00229546942181365,1.176845037919499,1.1712616653153798
2024-03-27,0.0,0.0,0.07379596785241335,0.0020782784036105,0.0020782784036105,1.1792908495462031,1.1736958731393814
2024-03-28,0.0,0.0,0.07271489451531662,0.01272615218372625,0.01272615218372625,1.194298684366404,1.1886325054383646
2024-04-01,0.0,0.0,0.07395862983131313,0.0058906727031024,0.0058906727031024,1.2013339070257525,1.1956343504921707
2024-04-02,0.0,0.0,0.07360009222155958,-0.006852403918818,-0.006852403918818,1.1931018818534402,1.1874413809833848
2024-04-03,0.0,0.0,0.07639384788251506,0.0013800572100410996,0.0013800572100410996,1.1947484307078056,1.189080118022712
2024-04-04,0.0,0.0,0.07765280119724738,0.004807326119157,0.004807326119157,1.2004919760445691,1.1947964139318528
2024-04-05,0.0,0.0,0.07656963758840184,-0.005442807558483198,-0.005442807558483198,1.1939579292434555,1.188293366979256
2024-04-08,0.0,0.0,0.07931626455084591,0.0066727251403049005,0.0066727251403049005,1.2019248823343847,1.196222522003156
2024-04-09,0.0,0.0,0.08182111642117791,0.00332945022711285,0.00332945022711285,1.2059266314068455,1.2002052853507168
2024-04-10,0.0,0.0,0.08007311143934992,0.007948492211135999,0.007948492211135999,1.2155119298437842,1.2097451077130912
2024-04-11,0.0,0.0,0.07896611175579243,-0.02080342851046065,-0.02080342851046065,1.190225114307667,1.1845782618489022
2024-04-12,0.0,0.0,0.08269142806796391,0.01110526918882745,0.01110526918882745,1.2034428845973564,1.1977333223219675
2024-04-15,0.0,0.0,0.08343257956433356,-0.0109482747035689,-0.0109482747035689,1.190267261306729,1.1846202088875684
2024-04-16,0.0,0.0,0.08586377919600194,-0.004844118499893,-0.004844118499893,1.1845014656464163,1.178881768218349
2024-04-17,0.0,0.0,0.08870675664667249,-0.00363184608142405,-0.00363184608142405,1.1801995386399673,1.174600251087983
2024-04-18,0.0,0.0,0.0866237913461921,-0.00114700551141935,-0.00114700551141935,1.1788458432645728,1.1732529781262704
2024-04-19,0.0,0.0,0.08590603139306241,-0.00185162549989715,-0.00185162549989715,1.1766630622407364,1.1710805529941415
2024-04-22,0.0,0.0,0.08406106580383096,-0.0010220565732974006,-0.0010220565732974006,1.175460446023417,1.169883642417093
2024-04-23,0.0,0.0,0.08365917960801238,-0.0087648571865219,-0.0087648571865219,1.1651577030856164,1.1596297793664592
2024-04-24,0.0,0.0,0.08545094449004367,0.004836045882672051,0.004836045882672051,1.170792459198287,1.165237802186388
2024-04-25,0.0,0.0,0.08526807324844599,-0.0047189718874052,-0.0047189718874052,1.1652675224973443,1.1597390777557286
2024-04-26,0.0,0.0,0.08344940039067072,-0.00244935815747305,-0.00244935815747305,1.162413364985477,1.1568984613850872
2024-04-29,0.0,0.0,0.08226050038401526,0.0089463396562132,0.0089463396562132,1.172812709769559,1.1672484679683888
2024-04-30,0.0,0.0,0.08190958493940163,0.004926621397728151,0.004926621397728151,1.1785907139610374,1.1729990592471473
2024-05-01,0.0,0.0,0.08059047185143167,-0.02234225981652255,-0.02234225981652255,1.152258334012379,1.146791609500911
2024-05-02,0.0,0.0,0.08548008558449784,0.004807727662719049,0.004807727662719049,1.1577980782794088,1.1523050712452825
2024-05-03,0.0,0.0,0.08390186829085944,0.0052499273371745,0.0052499273371745,1.163876434061496,1.158354589139578
2024-05-06,0.0,0.0,0.08308484027253785,0.01079472090420885,0.01079472090420885,1.1764401553341755,1.170858703637449
2024-05-07,0.0,0.0,0.0836495524458462,0.0123128010199983,0.0123128010199983,1.190925428878741,1.18527525387787
2024-05-08,0.0,0.0,0.08339776792987073,0.0012857825076655499,0.0012857825076655499,1.1924566999631274,1.1867992600660748
2024-05-09,0.0,0.0,0.0815943216787282,-0.004464202699480056,-0.004464202699480056,1.187133331544139,1.181501147605547
2024-05-10,0.0,0.0,0.07990949507129456,0.01313371109718815,0.01313371109718815,1.2027247977544822,1.1970186423391944
2024-05-13,0.0,0.0,0.07986321204136264,0.0018619861130373,0.0018619861130373,1.2049642546257067,1.1992474744282768
2024-05-14,0.0,0.0,0.07861827281983655,-0.0042910898571785995,-0.0042910898571785995,1.1997936447344195,1.1941013957545106
2024-05-15,0.0,0.0,0.07764461211091098,0.00931648455812895,0.00931648455812895,1.2109715036985291,1.205226222968898
2024-05-16,0.0,0.0,0.07701949574270887,0.019309541686521648,0.019309541686521648,1.2343548084303857,1.228498588963005
2024-05-17,0.0,0.0,0.08035397619770085,-0.00346910339615375,-0.00346910339615375,1.230072703972401,1.2242368003358632
2024-05-20,0.0,0.0,0.07880645090580989,0.00551921549683345,0.00551921549683345,1.2368617403023976,1.2309936270560708
2024-05-21,0.0,0.0,0.07871408785200128,0.0011043020156586503,0.0011043020156586503,1.2382276092153046,1.2323530157996918
2024-05-22,0.0,0.0,0.07727761903547672,0.0030618018401455,0.0030618018401455,1.242018816787719,1.2361262365311763
2024-05-23,0.0,0.0,0.07610061461070157,-0.01011403722100525,-0.01011403722100525,1.2294569922455392,1.2236240097650388
2024-05-24,0.0,0.0,0.07676504229611159,-0.0169659731168462,-0.0169659731168462,1.2085980579667828,1.2028640377102375
2024-05-28,0.0,0.0,0.07909362239317924,0.005240179272460699,0.005240179272460699,1.2149313284588767,1.2091672609082351
2024-05-29,0.0,0.0,0.07838082977300667,-0.0016412857811057497,-0.0016412857811057497,1.2129372789444572,1.2071826718759278
2024-05-30,0.0,0.0,0.07882105869452671,-0.01427501347050835,-0.01427501347050835,1.1956225829486433,1.1899501229735348
2024-05-31,0.0,0.0,0.08007755386261294,0.0024288838422457,0.0024288838422457,1.1985266113217914,1.1928403736003035
2024-06-03,0.0,0.0,0.0802383954434565,0.0049761962968352495,0.0049761962968352495,1.2044907150067095,1.198776181450129
2024-06-04,0.0,0.0,0.0804139696995494,0.01116367478360065,0.01116367478360065,1.217937257628911,1.212158928878165
2024-06-05,0.0,0.0,0.08002857236728392,0.0018565992967519498,0.0018565992967519498,1.2201984790849127,1.2144094222930717
2024-06-06,0.0,0.0,0.07959116176695548,0.0154510490379786,0.0154510490379786,1.2390518256213208,1.2331733218291052
2024-06-07,0.0,0.0,0.08148300666458559,0.002922300719882293,0.002922300719882293,1.2426727076633053,1.236777025115226
2024-06-10,0.0,0.0,0.07995234343111933,-0.02803396988485555,-0.02803396988485555,1.2078356583999403,1.2021052552388645
2024-06-11,0.0,0.0,0.085457115801214,0.0027612056282717502,0.0027612056282717502,1.2111707410179415,1.205424515035405
2024-06-12,0.0,0.0,0.08433381735117607,0.0077735220664147,0.0077735220664147,1.2205858034994406,1.2147949091024302
2024-06-13,0.0,0.0,0.08333066203585358,0.009161692625077999,0.009161692625077999,1.2317684354536362,1.2259244866621362
2024-06-14,0.0,0.0,0.08331044633102562,0.0042102352680009,0.0042102352680009,1.2369544703625934,1.231085917171787
2024-06-17,0.0,0.0,0.08308392679308962,0.0109321430505947,0.0109321430505947,1.2504770335796698,1.2445443245258814
2024-06-18,0.0,0.0,0.08248540105235971,-0.0036282753774447,-0.0036282753774447,1.2459399585486726,1.2400287749970655
2024-06-20,0.0,0.0,0.08280034166070437,0.00783505839943705,0.00783505839943705,1.2557019708860937,1.24974447286615
2024-06-21,0.0,0.0,0.0817690277284341,0.0015021298488489,0.0015021298488489,1.25758819829782,1.2516217513422763
2024-06-24,0.0,0.0,0.08139598135534672,-0.010088494693554599,-0.010088494693554599,1.2449010264326157,1.2389947719455223
2024-06-25,0.0,0.0,0.08156693320335254,0.0023649425529060006,0.0023649425529060006,1.2478451458441826,1.2419249234045244
2024-06-26,0.0,0.0,0.08059341222056443,0.00028174495446834996,0.00028174495446834996,1.248196719917982,1.2422748294855221
2024-06-27,0.0,0.0,0.07947421502475173,-0.011206214230103451,-0.011206214230103451,1.2342091600732685,1.228353631613642
2024-06-28,0.0,0.0,0.07967430487437732,0.00840627512905095,0.00840627512905095,1.2445842618396394,1.2386795101967554
2024-07-01,0.0,0.0,0.07895361337923158,-0.011315391695371166,-0.011315391695371166,1.2305013034190295,1.2246633663538484
2024-07-02,0.0,0.0,0.08024650936503422,-0.007964000867175199,-0.007964000867175199,1.22070158997154,1.2149101462422087
2024-07-03,0.0,0.0,0.08108794772503002,0.007208057341994089,0.007208057341994089,1.2295004770295184,1.223667288241693
2024-07-05,0.0,0.0,0.08091410494913603,0.014355173956028252,0.014355173956028252,1.2471501702562966,1.2412332450287038
2024-07-08,0.0,0.0,0.08120479535434869,0.013695660488004798,0.013695660488004798,1.2642307155656842,1.2582327541390412
2024-07-09,0.0,0.0,0.08149367677994411,-0.0045839402161495,-0.0045839402161495,1.2584355575461112,1.2524650904160668
2024-07-10,0.0,0.0,0.08072298104134364,-0.0008817819465097001,-0.0008817819465097001,1.2573258917906212,1.2513606893107043
2024-07-11,0.0,0.0,0.07942620376444336,0.0083178112120369,0.0083178112120369,1.2677840911905416,1.2617692712825552
2024-07-12,0.0,0.0,0.08025741125999922,0.009293093073071051,0.009293093073071051,1.2795657267465341,1.273495010557325
2024-07-15,0.0,0.0,0.0824633821850767,0.00496378189240855,0.00496378189240855,1.2859172119311053,1.2798163620308023
2024-07-16,0.0,0.0,0.0814166201961427,-0.0027975279782684005,-0.0027975279782684005,1.2823198225529913,1.2762360399509756
2024-07-17,0.0,0.0,0.08057103684915566,0.01982558119512955,0.01982558119512955,1.3077425583131397,1.3015381611851742
2024-07-18,0.0,0.0,0.0822737470720925,-0.009280991605963749,-0.009280991605963749,1.295605410606674,1.2894585964363732
2024-07-19,0.0,0.0,0.0847259119148543,-0.010894859300182951,-0.010894859300182951,1.2814899719495585,1.2754101264547875
2024-07-22,0.0,0.0,0.08430435868514213,-0.015332521652262801,-0.015332521652262801,1.2618414992074842,1.2558548730754042
2024-07-23,0.0,0.0,0.08469314350413394,0.0038314415330041505,0.0038314415330041505,1.2666761711356158,1.2606666075955308
2024-07-24,0.0,0.0,0.08414163661209903,0.00026827982077775,0.00026827982077775,1.2670159947917916,1.261004819007077
2024-07-25,0.0,0.0,0.08225092277369538,-0.0186505375230952,-0.0186505375230952,1.2433854654385654,1.2374864013133817
2024-07-26,0.0,0.0,0.08847600574609522,-0.0064154277862468,-0.0064154277862468,1.2354086157745754,1.2295473966692934
2024-07-29,0.0,0.0,0.08767707341737134,0.014694891408239302,0.014694891408239302,1.2535628112281858,1.2476154621446318
2024-07-30,0.0,0.0,0.08726286828130178,0.00227203739373535,0.00227203739373535,1.2564109528106921,1.2504500911276268
2024-07-31,0.0,0.0,0.08501335075588437,0.0043499399581928,0.0043499399581928,1.2618762650182345,1.2558894739447486
2024-08-01,0.0,0.0,0.08376037350313259,0.022124856404889953,0.022124856404889953,1.2897950961825018,1.283675848216189
2024-08-02,0.0,0.0,0.08671724573912792,-0.00622559963393715,-0.00622559963393715,1.281765348303854,1.2756841963254404
2024-08-05,0.0,0.0,0.08727949685816323,0.0049927303351825995,0.0049927303351825995,1.2881648570409165,1.2820533435105474
2024-08-06,0.0,0.0,0.09325631787953939,-0.0185261384196705,-0.0185261384196705,1.2643001365920215,1.2583018458072697
2024-08-07,0.0012396571272625112,1.2396571272625112e-06,0.09834655552433386,-0.010761764774886369,-0.010763004432013631,1.2506940359171614,1.2447587374640352
2024-08-08,0.03172240712838156,3.1722407128381564e-05,0.09271770892273991,-0.006783477029934733,-0.006815199437063115,1.242209981653041,1.2362754584171909
2024-08-09,0.00965494206599285,9.65494206599285e-06,0.09191117270044756,0.015059565175374268,0.015049910233308275,1.2609171238332453,1.2548812930900117
2024-08-12,0.010047516584725108,1.0047516584725108e-05,0.0952294948023239,0.008216025763316615,0.00820597824673189,1.2712768514080663,1.265178821683339
2024-08-13,0.010683184979868476,1.0683184979868477e-05,0.09117068998869934,0.010551840591953012,0.010541157406973143,1.284691162092364,1.278515270790672
2024-08-14,0.012122200413129863,1.2122200413129863e-05,0.09132522769059499,0.01045910309942002,0.01044698089900689,1.2981278794076019,1.2918718954037107
2024-08-15,0.01182059017166473,1.182059017166473e-05,0.09276852453703896,0.0006058097602987997,0.000593989170127135,1.298914297947063,1.2926392533187723
2024-08-16,0.002259516332811462,2.259516332811462e-06,0.09017672416753025,0.005936150117897389,0.0059338906015645775,1.30662484820996,1.3003096332352542
2024-08-19,0.002259516332811462,2.259516332811462e-06,0.09096046033128996,0.013937892383778051,0.01393563286744524,1.3248364447302807,1.318430270898023
2024-08-20,0.0,0.0,0.09023683202653032,0.006242096040191349,0.006242096040191349,1.333106201055833,1.326660039271264
2024-08-21,0.0,0.0,0.08870835969049098,0.0049862000137324,0.0049862000137324,1.3397533352138444,1.3332750315772965
2024-08-22,0.0,0.0,0.08670212938148505,0.0013520372610012,0.0013520372610012,1.3415647316436041,1.3350776690991515
2024-08-23,0.0,0.0,0.08453254039826852,-0.01495121734556815,-0.01495121734556815,1.3215067057576517,1.3151166326952355
2024-08-26,0.0,0.0,0.08470575501757141,0.01429123196901635,0.01429123196901635,1.340392664638245,1.3339112695593947
2024-08-27,0.0,0.0,0.08480681574904579,-0.0008732815752184502,-0.0008732815752184502,1.3392221244206584,1.3327463894247122
2024-08-28,0.0,0.0,0.08290844991471859,0.0011707343245245996,0.0011707343245245996,1.3407899977298805,1.3343066813686981
2024-08-29,0.0,0.0,0.08097044473128513,-0.00704975042252065,-0.00704975042252065,1.3313377628768728,1.324900152277947
2024-08-30,0.0,0.0,0.08019173497843886,0.0009892423254162638,0.0009892423254162638,1.3326547785413356,1.326210799585531
2024-09-03,0.0,0.0,0.0785923157536715,-0.004185718462377501,-0.004185718462377501,1.3270766608308195,1.3206596545567015
2024-09-04,0.0,0.0,0.07947024986145759,-0.00607640631629095,-0.00607640631629095,1.3190128038267448,1.3126347898900825
2024-09-05,0.0,0.0,0.08566336453877132,0.00568325422749415,0.00568325422749415,1.326509088920212,1.320094827108881
2024-09-06,0.0,0.0,0.0842564527519869,0.005751322790832051,0.005751322790832051,1.3341382708755647,1.327687118574092
2024-09-09,0.0,0.0,0.08265937905042492,-0.01225198817867425,-0.01225198817867425,1.3177924245520805,1.3114203116923442
2024-09-10,0.0,0.0,0.08501146354961371,0.009820383154054,0.009820383154054,1.3307336510786916,1.3242989616291718
2024-09-11,0.0,0.0,0.08413158854033038,0.0078585182505233,0.0078585182505233,1.341191245762279,1.3347059891882838
2024-09-12,0.0,0.0,0.08233918372098548,0.0039100013865799,0.0039100013865799,1.3464353053928781,1.3399246914566862
2024-09-13,0.0,0.0,0.08142245969355967,0.0105601602324853,0.0105601602324853,1.3606538779605024,1.3540745108979324
2024-09-16,0.0,0.0,0.08181566982519699,0.00889818053531485,0.00889818053531485,1.372761221812671,1.3661233103541703
2024-09-17,0.0,0.0,0.08053614930321787,0.005256363207153285,0.005256363207153285,1.379976953391214,1.3733041506591506
2024-09-18,0.0,0.0,0.0791319298008168,-0.0049926046479446505,-0.0049926046479446505,1.3730872740396567,1.366447785973528
2024-09-19,0.0,0.0,0.0776349464512052,-0.0115919747460422,-0.0115919747460422,1.357170481034877,1.3506079577467376
2024-09-20,0.0,0.0,0.0776237705208841,0.01451132403969455,0.01451132403969455,1.3768648216622823,1.3702070674721907
2024-09-23,0.0,0.0,0.08176702150907006,0.00200107305022495,0.00200107305022495,1.3796200287507134,1.372948951908137
2024-09-24,0.0,0.0,0.0810306206833423,0.0011541220842950502,0.0011541220842950502,1.3812122786938303,1.3745335026141439
2024-09-25,0.0,0.0,0.07916342666732536,0.0082634756767905,0.0082634756767905,1.3926258927633013,1.3858919267799295
2024-09-26,0.0,0.0,0.07835594098167174,-0.0059688115553369,-0.0059688115553369,1.3843135712423142,1.3776197990329173
2024-09-27,0.0,0.0,0.07736239821939549,0.005689508274060701,0.005689508274060701,1.392189634759792,1.3854577782780249
2024-09-30,0.0,0.0,0.0761550897971567,-0.0021157083823647505,-0.0021157083823647505,1.3892441674796894,1.3825265536431095
2024-10-01,0.0,0.0,0.07532470549605587,-0.00440593609253735,-0.00440593609253735,1.3831232464608436,1.3764352300015221
2024-10-02,0.0,0.0,0.07471012316465588,0.0027027011519854998,0.0027027011519854998,1.3868614152523913,1.3801553230832808
2024-10-03,0.0,0.0,0.07624762936248675,-0.0039186837993369,-0.0039186837993369,1.3814267438925163,1.3747469307781457
2024-10-04,0.0,0.0,0.07527514773472035,-0.00599362433680075,-0.00599362433680075,1.3731469909408147,1.3665072141168917
2024-10-07,0.0,0.0,0.07470528576045306,-0.0026644848548561,-0.0026644848548561,1.3694882615799615,1.3628661763408256
2024-10-08,0.0,0.0,0.07607985942755777,-0.01001946896094205,-0.01001946896094205,1.3557667164506866,1.349210980989061
2024-10-09,0.0,0.0,0.07706189235028767,0.0018498190946336004,0.0018498190946336004,1.3582746396106458,1.3517067772243838
2024-10-10,0.0,0.0,0.07718688288970833,-0.0021297697597379996,-0.0021297697597379996,1.355381827357784,1.3488279530062184
2024-10-11,0.0,0.0,0.0766138947031467,0.0008197240600829499,0.0008197240600829499,1.3564928664522684,1.34993361973221
2024-10-14,0.0,0.0,0.07549982923079744,0.0063886672809368,0.0063886672809368,1.3651590480449962,1.3585578964800298
2024-10-15,0.0,0.0,0.07532744304906779,0.0036305047184295005,0.0036305047184295005,1.3701152644103303,1.3634901473334602
2024-10-16,0.0,0.0,0.07500652079877272,0.0038732564005846994,0.0038732564005846994,1.3754220721277466,1.3687712942737538
2024-10-17,0.0,0.0,0.07616639555484739,0.00676586371438285,0.00676586371438285,1.384727990417517,1.3780322143069694
2024-10-18,0.0,0.0,0.07507377241876369,-0.00495676443986285,-0.00495676443986285,1.3778642199557327,1.3712016332301071
2024-10-21,0.0,0.0,0.07557027950005031,0.00757369408610445,0.00757369408610445,1.3882997420498664,1.3815866949305586
2024-10-22,0.0,0.0,0.07498798693466774,-0.0097339835173173,-0.0097339835173173,1.3747860552436573,1.3681383528143598
2024-10-23,0.0,0.0,0.07577569155947457,0.005586782984263399,0.005586782984263399,1.3824666865840949,1.3757818448839811
2024-10-24,0.0,0.0,0.07513225327216784,-0.01200739035663385,-0.01200739035663385,1.3658668694232374,1.3592622952268891
2024-10-25,0.0,0.0,0.07709477167482469,0.0081059573359372,0.0081059573359372,1.3769385279933524,1.3702804174003465
2024-10-28,0.0,0.0,0.076182512361796,-0.0019591305712982,-0.0019591305712982,1.3742409256283623,1.3675958591433663
2024-10-29,0.0,0.0,0.07501107773657036,0.0002045629541795888,0.0002045629541795888,1.3745220444118633,1.3678756185924366
2024-10-30,0.0,0.0,0.07387606098943622,0.00698770072648665,0.00698770072648665,1.3841267931001722,1.3774339240462183
2024-10-31,0.0,0.0,0.07336686838170756,0.0026952568046991502,0.0026952568046991502,1.3878573702578418,1.3811464622030274
2024-11-01,0.0,0.0,0.07285316423583073,-0.016895256208801498,-0.016895256208801498,1.364409164406062,1.3578116388622274
2024-11-04,0.0,0.0,0.0809933682252257,-0.00873370553448405,-0.00873370553448405,1.352492816535588,1.3459529118371096
2024-11-05,0.0,0.0,0.08115787652498832,0.0073356255629754,0.0073356255629754,1.362414197414307,1.355826318423743
2024-11-06,0.0,0.0,0.08070760718845715,0.009784368797037049,0.009784368797037049,1.3757445603761278,1.3690922231479299
2024-11-07,0.0,0.0,0.0810289095412557,-0.0170335006706149,-0.0170335006706149,1.352310814484366,1.345771789846806
2024-11-08,0.0,0.0,0.09364999445820993,0.018050499470485648,0.018050499470485648,1.376720700125148,1.3700636428268302
2024-11-11,0.0,0.0,0.09293194042537058,0.00507554579117365,0.00507554579117365,1.38370830908029,1.37701746358282
2024-11-12,0.0,0.0,0.09127059887622738,-0.01383810023489815,-0.01383810023489815,1.3645604148033754,1.3579621578965557
2024-11-13,0.0,0.0,0.09091540397219054,-0.013443520278685749,-0.013443520278685749,1.3462159191954743,1.3397063660891855
2024-11-14,0.0,0.0,0.09000536468062667,-0.009588986442166651,-0.009588986442166651,1.33330707299808,1.326859939908272
2024-11-15,0.0,0.0,0.08852166304179473,-0.0016447830998868999,-0.0016447830998868999,1.331114072057453,1.3246775431031939
2024-11-18,0.0,0.0,0.08740645037261824,-0.008662849368358599,-0.008662849368358599,1.319582831359117,1.3132020610856436
2024-11-19,0.0,0.0,0.08812619705179896,0.012352591856506251,0.012352591856506251,1.335883099495749,1.3294235101713572
2024-11-20,0.0,0.0,0.0873807893399649,0.00882639527149685,0.00882639527149685,1.3476741317684107,1.3411575275553504
2024-11-21,0.0,0.0,0.08581851298480736,0.0013763084414618,0.0013763084414618,1.349528947052303,1.3430033739818548
2024-11-22,0.0,0.0,0.08401088855717617,0.006442116162796501,0.006442116162796501,1.3582227692942705,1.3516551577240736
2024-11-25,0.0,0.0,0.08283252637953915,0.0082288878614988,0.0082288878614988,1.3693994321537275,1.3627777764444016
2024-11-26,0.0,0.0,0.08182827126846565,-0.00047834705803379875,-0.00047834705803379875,1.3687443839640836,1.3621258957042854
2024-11-27,0.0,0.0,0.08687527228498841,0.0016272672599951,0.0016272672599951,1.3709716968874104,1.3643424385783565
2024-11-29,0.0,0.0,0.08560591038207453,0.0030451711431057496,0.0030451711431057496,1.3751465403367864,1.3684970948016297
2024-12-02,0.0,0.0,0.08446587540021591,0.0125244873952781,0.0125244873952781,1.3923695458478949,1.3856368194159474
2024-12-03,0.0,0.0,0.08424501869036828,-0.004033430878597851,-0.004033430878597851,1.3867535195272527,1.380047949081993
2024-12-04,0.0,0.0,0.08292974489929322,-0.0030960009893410004,-0.0030960009893410004,1.382460129258824,1.3757753192662971
2024-12-05,0.0,0.0,0.08179539365758533,0.0099539264767209,0.0099539264767209,1.3962210357424647,1.3894696856427613
2024-12-06,0.0,0.0,0.08168969186221219,-0.0035271226034657,-0.0035271226034657,1.3912963929678632,1.3845688557077005
2024-12-09,0.0,0.0,0.08060603332513996,0.00187433687088935,0.00187433687088935,1.3939041510955383,1.3871640041642386
2024-12-10,0.0,0.0,0.0792379198380903,-0.0022759611711954,-0.0022759611711954,1.3907316793712767,1.3840068727526809
2024-12-11,0.0,0.0,0.07972653819096422,0.0026242794761511504,0.0026242794761511504,1.394381347974284,1.3876388935836979
2024-12-12,0.0,0.0,0.07955368855434422,0.003845155406489051,0.003845155406489051,1.3997429609531549,1.3929745807776157
2024-12-13,0.0,0.0,0.08021090339367025,-0.0160800324389292,-0.0160800324389292,1.3772350487348652,1.370575504332108
2024-12-16,0.0,0.0,0.08128318413231361,-0.01131357479279505,-0.01131357479279505,1.3616535970037447,1.3550693958546738
2024-12-17,0.0,0.0,0.08094143905484893,0.004831834096807651,0.004831834096807651,1.368232881281788,1.361616866365105
2024-12-18,0.0,0.0,0.07982075837780593,-0.0027722076094159505,-0.0027722076094159505,1.3644398556768456,1.3578421817270585
2024-12-19,0.0,0.0,0.0790820527243184,-0.03304559885090055,-0.03304559885090055,1.319351123549968,1.3129714736868745
2024-12-20,0.0,0.0,0.09317644194134024,-0.007072129696921,-0.007072129696921,1.3100205012884443,1.3036859691366034
2024-12-23,0.00797009893012715,7.97009893012715e-06,0.09030301594447764,0.012181947584583961,0.012173977485653834,1.3259791023698704,1.319557012773235
2024-12-24,0.00797009893012715,7.97009893012715e-06,0.08993305424312951,-0.00398200764215305,-0.003989977741083178,1.3206990434508983,1.3142920096641795
2024-12-26,0.0,0.0,0.08820085552804477,0.0086317061636363,0.0086317061636363,1.332098929524562,1.3256365921048157
2024-12-27,0.0,0.0,0.0871998598110073,0.0031129294389045433,0.0031129294389045433,1.3362456594978123,1.3297632052776678
2024-12-30,0.0,0.0,0.08504222918667702,-0.01285446212987935,-0.01285446212987935,1.3190689402715818,1.312669814513719
2024-12-31,0.0,0.0,0.0851942884300808,-0.0033336803725744005,-0.0033336803725744005,1.314671586035326,1.3082937929174037
