date,turnover,cost,port_sigma,gross_ret,net_ret,cum_gross,cum_net
2020-01-02,0.0,0.0,0.0,0.0,0.0,1.0,1.0
2020-01-03,0.75,0.00075,0.07579682861902189,0.01392964869594045,0.01317964869594045,1.0139296486959404,1.0131796486959403
2020-01-06,0.0,0.0,0.07653418129164544,0.010431588330112901,0.010431588330112901,1.0245065453868325,1.0237487216955847
2020-01-07,0.0,0.0,0.07793184908467334,0.0042739877319253996,0.0042739877319253996,1.0288852737930931,1.0281242111726858
2020-01-08,0.0,0.0,0.07792068192395249,-0.00190813531949165,-0.00190813531949165,1.0269220214624637,1.0261624110525227
2020-01-09,0.0,0.0,0.07756656371724868,-0.004423626432481851,-0.004423626432481851,1.0223793020642247,1.0216230518869716
2020-01-10,0.0,0.0,0.07753845804822937,0.0022971064625001997,0.0022971064625001997,1.0247278161661229,1.0239698288017003
2020-01-13,0.0,0.0,0.0774201882260974,0.00598890196794685,0.00598890196794685,1.0308648106009701,1.030102283724529
2020-01-14,0.0,0.0,0.07733706045670843,-0.0018158708366946999,-0.0018158708366946999,1.0289928932548251,1.0282317510287011
2020-01-15,0.0,0.0,0.07732900441637681,0.0013566034731818,0.0013566034731818,1.030388828587694,1.0296266537933825
2020-01-16,0.0,0.0,0.07689964891953084,0.00734213917185785,0.00734213917185785,1.0379540867683124,1.0371863159805876
2020-01-17,0.0,0.0,0.07667840998367532,0.0017788106126701497,0.0017788106126701497,1.0398004105133203,1.0390312740067702
2020-01-21,0.0,0.0,0.07665017402367394,-0.0018167885775321,-0.0018167885775321,1.0379113130045865,1.037143573856456
2020-01-22,0.0,0.0,0.0764157921101612,0.0047908821136551,0.0047908821136551,1.0428838237496205,1.0421124064537373
2020-01-23,0.0,0.0,0.07631747012122503,0.0019842674275138998,0.0019842674275138998,1.044953184151768,1.0441802361576715
2020-01-24,0.0,0.0,0.07588930844280027,0.00518469221613215,0.00518469221613215,1.050370944791862,1.0495939893003172
2020-01-27,0.0,0.0,0.07562913290677509,0.0024758509464864998,0.0024758509464864998,1.0529715066896868,1.052192627572153
2020-01-28,0.0,0.0,0.07623434695522238,0.003038839852256851,0.003038839852256851,1.0561713184675063,1.05539007246107
2020-01-29,0.0,0.0,0.07849472945331026,-0.00320220979941745,-0.00320220979941745,1.052789236321646,1.0520104920288273
2020-01-30,0.0,0.0,0.0787264820418887,0.00715429970890865,0.00715429970890865,1.0603212060486042,1.059536890385718
2020-01-31,0.0,0.0,0.07823492032592495,0.0017228945713039109,0.0017228945713039109,1.0621480276983437,1.06136236074226
2020-02-03,0.0,0.0,0.07748752707536308,-0.0017303297470237494,-0.0017303297470237494,1.0603101613702748,1.0595258538770964
2020-02-04,0.0,0.0,0.07940446552750464,-0.000793145302303,-0.000793145302303,1.0594691813467998,1.0586854959234253
2020-02-05,0.0,0.0,0.0788063772267551,-0.005763273031160999,-0.005763273031160999,1.0533631711865976,1.0525840023562885
2020-02-06,0.0,0.0,0.08031264821644565,0.0008577251252394995,0.0008577251252394995,1.0542666672445262,1.0534868301015345
2020-02-07,0.0,0.0,0.0802316719868725,0.0066148684101351996,0.0066148684101351996,1.0612405025175407,1.0604555068544668
2020-02-10,0.0,0.0,0.07935958070687402,0.0048496645327219,0.0048496645327219,1.066387162943288,1.0655983603145884
2020-02-11,0.0,0.0,0.07909960242650008,0.00638564386820015,0.00638564386820015,1.0731967315914641,1.0724028919500954
2020-02-12,0.0,0.0,0.07855044227051844,-0.00338472536817215,-0.00338472536817215,1.069564255389007,1.0687731026768108
2020-02-13,0.0,0.0,0.07787365742353188,0.00026507449972014993,0.00026507449972014993,1.0698477695989228,1.0690564071723172
2020-02-14,0.0,0.0,0.07745165362747283,0.0042193386342012,0.0042193386342012,1.0743618196259055,1.0735671181732396
2020-02-18,0.0,0.0,0.07698208280159984,0.00506923346391295,0.00506923346391295,1.0798080105143035,1.0790092805344398
2020-02-19,0.0,0.0,0.07651631393239255,0.008491226139051102,0.008491226139051102,1.0889769045183393,1.0881713923415925
2020-02-20,0.0,0.0,0.0768918796308383,0.005257726284571706,0.005257726284571706,1.0947024470125168,1.0938926996732259
2020-02-21,0.0,0.0,0.07661808506157097,0.00388127057618885,0.00388127057618885,1.0989512834097883,1.0981383932219753
2020-02-24,0.0,0.0,0.07652845901729059,0.0069295520923622,0.0069295520923622,1.1065665235751447,1.1057480004224298
2020-02-25,0.0,0.0,0.07799969761492029,-0.004982363743270851,-0.004982363743270851,1.1010532066485665,1.1002387616759308
2020-02-26,0.0,0.0,0.08470524236447588,-0.02174816535304145,-0.02174816535304145,1.077107319447877,1.0763105871591772
2020-02-27,0.0,0.0,0.08832365575676528,-0.00231718524987935,-0.00231718524987935,1.0746114622547154,1.0738165761423228
2020-02-28,0.01118710036716275,1.118710036716275e-05,0.08457549135389239,-0.016455101239190445,-0.016466288339557607,1.0569286218505196,1.0561348027757669
2020-03-02,0.011045297964928785,1.1045297964928786e-05,0.09267995467144124,-0.0095258423974572,-0.009536887695422129,1.04686048637341,1.0460625637704675
2020-03-03,0.0346380642538891,3.46380642538891e-05,0.08924881524830501,0.01657397298710319,0.0165393349228493,1.0642111237958285,1.0633637428629217
2020-03-04,0.011827957619577306,1.1827957619577306e-05,0.09375623271792562,0.009986655081114697,0.009974827123495119,1.074839033222663,1.073970612367372
2020-03-05,0.01628816579008957,1.628816579008957e-05,0.0932743512779159,0.012894317442147935,0.012878029276357846,1.0886983489162472,1.0878012373553871
2020-03-06,4.0810108387079325e-05,4.081010838707933e-08,0.09441291683986304,0.008731514645532588,0.008731473835424202,1.0982043344943766,1.097299345397498
2020-03-09,0.008302499457164741,8.302499457164742e-06,0.09492703415062173,0.018809591526153517,0.018801289026696352,1.118861109438467,1.117929987539121
2020-03-10,0.001290553931669075,1.2905539316690752e-06,0.09788682488802729,-0.018512525659853167,-0.018513816213784836,1.0981481644401756,1.0972328372099431
2020-03-11,0.012975116452138197,1.2975116452138197e-05,0.10805962056520561,-0.015350432125634944,-0.015363407242087082,1.081291115578046,1.0803756022924962
2020-03-12,0.047509134376659184,4.750913437665918e-05,0.10294479951170879,-0.03654548782461262,-0.03659299695898928,1.0417748042788266,1.0408414211632406
2020-03-13,0.02493794238458308,2.4937942384583077e-05,0.09983595923606897,-0.05133913032767533,-0.05136406827005991,0.9882909918298675,0.9873795713483058
2020-03-16,0.007782599115038286,7.782599115038285e-06,0.10650167151762883,0.002259620255891166,0.0022518376567761274,0.990524154173721,0.9896029898485994
2020-03-17,0.03673668452663387,3.6736684526633865e-05,0.10225657783984979,-0.012226369519974514,-0.012263106204501148,0.9784136398463329,0.9774673832837942
2020-03-18,0.050164549060171815,5.0164549060171816e-05,0.10683161126590683,-0.005027464724220411,-0.005077629273280582,0.9734946997863093,0.9725041662847554
2020-03-19,0.055459284760800004,5.545928476080001e-05,0.10207401689518007,-0.0456650797854914,-0.0457205390702522,0.9290399866498145,0.9280407515541502
2020-03-20,0.05763088410069653,5.763088410069653e-05,0.10039644008627456,0.0006741726428978944,0.0006165417587971979,0.9296663199929719,0.9286129274313488
2020-03-23,0.030424152316356257,3.0424152316356256e-05,0.09766765830453615,0.0195209963629247,0.019490572210608344,0.9478143328442882,0.9467121247491538
2020-03-24,0.041100543649109395,4.1100543649109396e-05,0.10110983340657566,0.026931388464850776,0.026890287921201666,0.973340288834671,0.9721694863621511
2020-03-25,0.030258131955657852,3.0258131955657854e-05,0.1004524494126965,0.04010452182842608,0.04007426369647042,1.0123756356947278,1.01112846271629
2020-03-26,0.0024381862471973825,2.4381862471973824e-06,0.10418405712877658,-0.0024073360898576143,-0.0024097742761048117,1.0099385072904272,1.0086918713569988
2020-03-27,0.021641790493859947,2.1641790493859947e-05,0.09700356946908524,0.023100133694898554,0.023078491904404693,1.0332682218324625,1.03197095854415
2020-03-30,0.015977619735837306,1.5977619735837308e-05,0.0990011078461957,-0.002683012928437808,-0.0026989905481736454,1.0304959498347421,1.0291856786810496
2020-03-31,0.005380051273635611,5.380051273635611e-06,0.09787205386949933,0.00853260205602481,0.008527222004751174,1.0392887616950273,1.0379617734472735
2020-04-01,0.011710346350270795,1.1710346350270795e-05,0.09769001914190238,-0.021854850832796112,-0.02186656117914638,1.016575260835981,1.0152651188265733
2020-04-02,0.04172680677434509,4.172680677434509e-05,0.09825080004148595,-0.006386234047796031,-0.006427960854570376,1.010083173293083,1.0087390343857454
2020-04-03,0.04961418736917497,4.9614187369174974e-05,0.09959160574268991,0.017508917413885643,0.017459303226516468,1.0277686361554272,1.0263509150635095
2020-04-06,0.048610123937648936,4.861012393764894e-05,0.09746170928810874,-0.002661539903808304,-0.002710150027745953,1.025033188918417,1.023569350102573
2020-04-07,0.05037498412370717,5.037498412370717e-05,0.09725828670390349,0.03305874716533489,0.033008372181211186,1.058919501946948,1.0573557081640392
2020-04-08,0.04542041933186958,4.542041933186958e-05,0.10430863377866109,-0.005813299453334577,-0.005858719872666447,1.0527636857851546,1.0511609572641414
2020-04-09,0.06530508761701398,6.530508761701398e-05,0.09692803066458287,0.004257093611052679,0.004191788523435665,1.0572453993458588,1.0555672017010849
2020-04-13,0.050538875970684516,5.0538875970684514e-05,0.09837797078611513,0.017548984550906567,0.017498445674935883,1.0757989825254963,1.0740379870362953
2020-04-14,0.025541364365664454,2.5541364365664456e-05,0.0979251395764788,0.00033732321797741134,0.0003117818536117469,1.0761618745001786,1.074372852590743
2020-04-15,0.01744597537743381,1.744597537743381e-05,0.09741080665613182,0.014859773533958233,0.0148423275585808,1.0921533962411312,1.0903190463889416
2020-04-16,0.016506862990028237,1.650686299002824e-05,0.09866060807297321,-0.00014839005019702035,-0.0001648969131870486,1.09199133154384,1.090139256143803
2020-04-17,0.008841293424146662,8.841293424146663e-06,0.09921123924824304,0.006558056907154925,0.006549215613730778,1.0991526728382244,1.097278813181281
2020-04-20,0.01002881673892106,1.002881673892106e-05,0.09707620317368966,-0.003238950739505658,-0.003248979556244579,1.0955925714757053,1.0937137767497547
2020-04-21,0.019876690963117144,1.9876690963117144e-05,0.09990287963206414,-0.001274925209759849,-0.001294801900722966,1.0941957728867053,1.0922976340727721
2020-04-22,0.006417342748680305,6.417342748680305e-06,0.09810976863484117,-0.011363043087341235,-0.011369460430089915,1.081762379173407,1.0798787993443009
2020-04-23,0.013015109152786558,1.3015109152786558e-05,0.10038480918907028,0.014356932219000232,0.014343917109847445,1.097293168328264,1.095368491330777
2020-04-24,0.015935958377553044,1.5935958377553044e-05,0.09896894341508382,0.007073192140092534,0.00705725618171498,1.105054533741861,1.1030987873874771
2020-04-27,0.009243215240001934,9.243215240001935e-06,0.09702762639832127,0.005295406705487163,0.005286163490247161,1.1109062469297666,1.1089299479235009
2020-04-28,0.02136001234458293,2.136001234458293e-05,0.09753768675238969,-0.005585645257413464,-0.005607005269758047,1.1047011187201723,1.1027121718617012
2020-04-29,0.015738159312513378,1.5738159312513377e-05,0.09889070825879241,0.0013541203425725505,0.001338382183260037,1.106197016977494,1.104188022185785
2020-04-30,0.008971641908915695,8.971641908915695e-06,0.09773654114818779,0.012894580003169686,0.012885608361260771,1.1204609629121778,1.118416156596866
2020-05-01,0.005623103669808699,5.623103669808699e-06,0.09884772252118433,-0.01951380564674435,-0.01951942875041416,1.0985965054471456,1.0965853121148614
2020-05-04,0.007401785444311054,7.401785444311054e-06,0.09761455117228315,-0.006519454208065009,-0.00652685599350932,1.0914342558367427,1.0894280576980901
2020-05-05,0.0060161798801584565,6.016179880158457e-06,0.09884016371458526,0.0007448701008012856,0.0007388539209211272,1.0922472325809058,1.0902329858900819
2020-05-06,0.01367320813387024,1.367320813387024e-05,0.09501081213101899,0.0033054252971371446,0.003291752089003274,1.095857574214207,1.0938217625988857
2020-05-07,0.010987843566446387,1.0987843566446388e-05,0.09442437737090141,-0.01800406332347625,-0.018015051167042696,1.0761276850545434,1.074116507578042
2020-05-08,0.0,0.0,0.09391301309594946,0.02189855878226105,0.02189855878226105,1.0996933304229288,1.0976381110582367
2020-05-11,0.0,0.0,0.09400726820163988,-0.0013519937076600002,-0.0013519937076600002,1.0982065519598414,1.0961541112387982
2020-05-12,0.0,0.0,0.09389640729621954,-0.0069422268787186,-0.0069422268787186,1.090582552916441,1.0885443607045384
2020-05-13,0.0,0.0,0.09207183309574528,-0.0030197039223633987,-0.0030197039223633987,1.087289316503738,1.0852572790288524
2020-05-14,0.0,0.0,0.09291203337786594,-0.0006476896087844494,-0.0006476896087844494,1.0865850905116963,1.0845543691663677
2020-05-15,0.0,0.0,0.09293329904910808,0.015223559551775151,0.015223559551775151,1.1031267833451721,1.10106514719251
2020-05-18,0.0,0.0,0.09188211857810012,0.0038192079516141003,0.0038192079516141003,1.1073398539277626,1.1052703439579128
2020-05-19,0.0,0.0,0.08997213605576035,0.00010660711047280093,0.00010660711047280093,1.107457904229901,1.1053881736355733
2020-05-20,0.0,0.0,0.09444808799483476,0.0015069259856946998,0.0015069259856946998,1.1091267613238482,1.1070539117987044
2020-05-21,0.0038671779787944616,3.867177978794461e-06,0.09233113960217243,0.010972852609488389,0.010968985431509594,1.121297045801094,1.1191971700291201
2020-05-22,0.0038671779787944616,3.867177978794461e-06,0.09189315090885881,-0.00955843903295605,-0.009562306210934844,1.1105791963509706,1.10849506397889
2020-05-26,0.0,0.0,0.0906633127594642,0.006897360480564101,0.006897360480564101,1.1182392614104182,1.1161407540260782
2020-05-27,0.0,0.0,0.08886666650334125,-0.00778608157707085,-0.00778608157707085,1.1095325592983933,1.1074503910637377
2020-05-28,0.0,0.0,0.08916891854139045,0.00736586345966675,0.00736586345966675,1.1177052246342398,1.1156077194326677
2020-05-29,0.0,0.0,0.08856886199349027,-0.0010945198015653,-0.0010945198015653,1.1164818741335647,1.1143866646929697
2020-06-01,0.0,0.0,0.08694171054463258,0.0094468302529158,0.0094468302529158,1.1270290888789618,1.1249140863504372
2020-06-02,0.0,0.0,0.08584479077862064,0.00029337373970154956,0.00029337373970154956,1.1273597296175186,1.1252441066027927
2020-06-03,0.0,0.0,0.08486215915006788,-0.0009470661291761,-0.0009470661291761,1.1262920454022007,1.1241784260223742
2020-06-04,0.0,0.0,0.08421496030608071,-0.00939417034790545,-0.00939417034790545,1.1157114660662015,1.1136177023868798
2020-06-05,0.0,0.0,0.08597357525821771,-0.0033719365766578992,-0.0033719365766578992,1.1119493577647763,1.1098626541237877
2020-06-08,0.0,0.0,0.08585981779971248,-0.001162935426576299,-0.001162935426576299,1.110656232464073,1.1085719555246731
2020-06-09,0.0,0.0,0.08972733923785312,0.013307563955434299,0.013307563955434299,1.1254363613100904,1.1233243477220185
2020-06-10,0.0,0.0,0.08897315352779187,0.006702769569300699,0.006702769569300699,1.132979901904864,1.1308537319763843
2020-06-11,0.0,0.0,0.08832425164485927,0.01167302016131035,0.01167302016131035,1.1462051991421591,1.1440542103892377
2020-06-12,0.0,0.0,0.08824842730534763,-0.02394660853229,-0.02394660853229,1.1187574719406264,1.1166579920733284
2020-06-15,0.0,0.0,0.10340981842167297,0.0018159276774565997,0.0018159276774565997,1.1207890545982846,1.1186857622273874
2020-06-16,0.0548444074619098,5.48444074619098e-05,0.09028001398468423,0.0030116545766327688,0.002956810169170859,1.1241644840840055,1.121993503665248
2020-06-17,0.010151038377265914,1.0151038377265914e-05,0.08955368193534344,-0.00014435092606484082,-0.00015450196444210672,1.124002209899679,1.1218201534648404
2020-06-18,0.01060857292610251,1.0608572926102511e-05,0.09059195716217089,0.001216457589233272,0.0012058490163071695,1.1253695109182265,1.1231728991933696
2020-06-19,0.004796199213112334,4.796199213112335e-06,0.0889971032890996,0.004450857950913475,0.004446061751700362,1.1303783707536124,1.1281665952610196
2020-06-22,0.0111049360185618,1.1104936018561802e-05,0.08871156268233377,0.0011937469198775009,0.001182641983858939,1.1317277564519956,1.1295008124413626
2020-06-23,0.011387202642577365,1.1387202642577365e-05,0.08918368099753933,0.006392724489743902,0.006381337287101325,1.1389625801963892,1.136708538091606
2020-06-24,0.006485258281271888,6.485258281271888e-06,0.08833765886565742,0.0030568842593476798,0.003050399001066408,1.1424442569797775,1.1401759526807043
2020-06-25,0.0003112000030179862,3.112000030179862e-07,0.08699066556363304,-0.009330734341981,-0.009331045541984018,1.1317844131173773,1.1295369189403655
2020-06-26,0.0,0.0,0.08992755484341104,0.00646967530312205,0.00646967530312205,1.1391066907833813,1.1368446560487986
2020-06-29,0.004429689785627772,4.4296897856277715e-06,0.08768893973851341,-0.004256231718533711,-0.004260661408319339,1.134258388755275,1.1320009458955174
2020-06-30,0.004429689785627772,4.4296897856277715e-06,0.09016664402724811,0.0059896002320282,0.005985170542242572,1.1410521430637435,1.138776164610682
2020-07-01,0.009882878746128365,9.882878746128365e-06,0.08742157007727284,0.005893918432268473,0.005884035553522345,1.1477774113219261,1.145476764050755
2020-07-02,0.004389795620889425,4.389795620889425e-06,0.08694194780873021,-0.00039002177138922544,-0.00039441156701011486,1.1473297531428017,1.145024974765272
2020-07-06,0.005311780615234324,5.311780615234324e-06,0.08610611783368052,0.004342931200220356,0.004337619419605122,1.1523125273246666,1.1499916573317468
2020-07-07,0.00018130251000461617,1.8130251000461619e-07,0.0845381765357442,0.00859309857457455,0.008592917272064545,1.1622144624606847,1.1598734405067628
2020-07-08,0.0,0.0,0.08459595121948495,0.00494062161852765,0.00494062161852765,1.1679565243592835,1.1656039363016866
2020-07-09,0.0,0.0,0.0847128225384298,0.00490448197439315,0.00490448197439315,1.1736847460798785,1.1713206197965598
2020-07-10,0.0,0.0,0.083698844483397,0.0036897511256564,0.0036897511256564,1.1780153506928925,1.1756425013719587
2020-07-13,0.0,0.0,0.08354258894281318,0.0012620176631409504,0.0012620176631409504,1.1795020268729182,1.1771261829742294
2020-07-14,0.0,0.0,0.08300109647251595,-0.0020775194348481,-0.0020775194348481,1.177051588488647,1.174680680451832
2020-07-15,0.0,0.0,0.0824527684250858,0.00948278188924945,0.00948278188924945,1.1882133119746796,1.1858199211340719
2020-07-16,0.0,0.0,0.08242002445398083,0.00267400399029315,0.00267400399029315,1.1913905991122191,1.1889908083349534
2020-07-17,0.0,0.0,0.08179635059267573,-0.0040287046110405005,-0.0040287046110405005,1.1865908383120254,1.1842007155829295
2020-07-20,0.0,0.0,0.08123855365181931,0.00450136398689665,0.00450136398689665,1.1919321155787848,1.1895312340373119
2020-07-21,0.0,0.0,0.0805442972893952,0.007656511653108099,0.007656511653108099,1.2010581577114274,1.1986388937924544
2020-07-22,0.0,0.0,0.08019384833304921,0.00735106334145335,0.00735106334145335,1.2098872123055333,1.207450164224252
2020-07-23,0.0,0.0,0.07994004817668722,0.011874112865278902,0.011874112865278902,1.2242535496187068,1.2217875637534503
2020-07-24,0.0,0.0,0.08030265808177522,0.0041983727993943004,0.0041983727993943004,1.229393422420988,1.2269170834277512
2020-07-27,0.0,0.0,0.08168040972676908,0.0010110942494125214,0.0010110942494125214,1.2306364550406634,1.228157612235311
2020-07-28,0.0,0.0,0.08138281592225213,0.01155433872509305,0.01155433872509305,1.244855645489651,1.2423481612948795
2020-07-29,0.0,0.0,0.08221361872184925,0.0044193427660163005,0.0044193427660163005,1.2503570892812805,1.2478385236543719
2020-07-30,0.0,0.0,0.082092275050726,0.00900069488023065,0.00900069488023065,1.2616111719332346,1.2590699374655823
2020-07-31,0.0,0.0,0.08239452151601206,-0.00221754990505125,-0.00221754990505125,1.2588134861987024,1.2562778870453026
2020-08-03,0.0,0.0,0.08188902629597082,0.008137478338455349,0.008137478338455349,1.2690570536747998,1.2665008211382143
2020-08-04,0.0,0.0,0.08164479601960693,0.0009503530369364497,0.0009503530369364497,1.270263105899805,1.2677044440398653
2020-08-05,0.0,0.0,0.08121875388448917,0.0171984100738023,0.0171984100738023,1.2921096116966917,1.2895069449208445
2020-08-06,0.0,0.0,0.08232755556526199,0.0033254672860858004,0.0033254672860858004,1.2964064799404262,1.2937951580813594
2020-08-07,0.0,0.0,0.08231092759196285,0.012709704211417702,0.012709704211417702,1.3128834228382342,1.3102389118507378
2020-08-10,0.0,0.0,0.08243832672108768,-0.01099168521568965,-0.01099168521568965,1.2984526215294991,1.2958371781743268
2020-08-11,0.0,0.0,0.08264294499757209,-0.0024821706244941497,-0.0024821706244941497,1.2952296405750412,1.292620689196535
2020-08-12,0.0,0.0,0.08201695790932308,-0.0377174330620575,-0.0377174330620575,1.2463769033066592,1.243866354877134
2020-08-13,0.0,0.0,0.09070199989144037,1.4734479038348673e-05,1.4734479038348673e-05,1.2463952680210149,1.2438846825998666
2020-08-14,0.019797350102910283,1.9797350102910283e-05,0.0878243924148892,0.004469492068549117,0.004449694718446207,1.2519660217857118,1.2494195897023874
2020-08-17,0.0038575467075481207,3.857546707548121e-06,0.08866208930693546,-0.0039639659566917205,-0.003967823503399269,1.2470032710964185,1.2444621132887588
2020-08-18,0.0027299698194232502,2.72996981942325e-06,0.08703330471566766,0.012770096699151544,0.012767366729332121,1.262927623452478,1.2603506174698762
2020-08-19,0.003847584867639503,3.847584867639503e-06,0.0874940610425213,0.00886029659430524,0.0088564490094376,1.2741175367734079,1.2715128484475113
2020-08-20,0.0018337498482871306,1.8337498482871307e-06,0.08645169399371651,-0.020190508242289875,-0.020192341992138162,1.2483924561455384,1.2458380261642614
2020-08-21,0.0030293980533964426,3.0293980533964425e-06,0.08836924290147816,0.009311020156774905,0.00930799075872151,1.2600162634682754,1.2574342749986622
2020-08-24,0.008670536524731015,8.670536524731015e-06,0.08625502063591975,0.0010948692044412958,0.0010861986679165647,1.261395816472242,1.2588000984331582
2020-08-25,0.0035308551955883505,3.5308551955883505e-06,0.08613530603962281,0.001603871393681741,0.0016003405384861528,1.2634189331383916,1.260814607260531
2020-08-26,0.003236562557339201,3.236562557339201e-06,0.08644021376773811,-0.0015253637234128696,-0.0015286002859702089,1.2614917597303092,1.2588873256913171
2020-08-27,0.0036002238317949797,3.60022383179498e-06,0.08623015916831203,0.008660864188183131,0.008657263964351337,1.2724173685358455,1.2697858455712032
2020-08-28,0.004006475851499214,4.0064758514992135e-06,0.08687259752475743,-0.013115964167834587,-0.013119970643686087,1.255728387923599,1.253126292553541
2020-08-31,0.0019400879518032266,1.940087951803227e-06,0.08749391045200453,0.011256305362686795,0.011254365274734992,1.2698632501106615,1.267229433585313
2020-09-01,0.0018443339856418772,1.8443339856418773e-06,0.0876433183704247,0.002666975622442845,0.002665131288457203,1.2732499444425427,1.2706067663984149
2020-09-02,0.0007167979193371254,7.167979193371255e-07,0.08676312727016218,0.010392449255273967,0.010391732457354629,1.2864821298794422,1.2838105719733317
2020-09-03,0.003921591487604875,3.9215914876048755e-06,0.08724769579194887,0.0053332140902560546,0.0053292924987684495,1.293343214501378,1.290652374024389
2020-09-04,0.0009337437248330138,9.337437248330139e-07,0.08841327131124249,-0.02016022413474345,-0.020161157878468283,1.2672691254138806,1.2646313277454633
2020-09-08,0.0,0.0,0.09484664460721555,-0.012306385056531,-0.012306385056531,1.251673623586284,1.2490682876716754
2020-09-09,0.014240502477469247,1.4240502477469248e-05,0.09186672837229698,-0.010963963661564668,-0.010978204164042138,1.237950319461145,1.2353557609947852
2020-09-10,0.008689371959154701,8.689371959154701e-06,0.094812502253489,0.013045658335330446,0.01303696896337129,1.2541001963649483,1.2514610557095962
2020-09-11,0.014701508370785155,1.4701508370785154e-05,0.09171769587938723,-0.007127855070737762,-0.007142556579108547,1.2451611519210752,1.2425224243126394
2020-09-14,0.0017692249630940626,1.7692249630940628e-06,0.09109749945841271,0.0012733036352336193,0.0012715344102705252,1.2467466201422681,1.2441023343306856
2020-09-15,0.0018288070088783026,1.8288070088783026e-06,0.08901098591785828,0.010007198881937894,0.010005370074929016,1.2592230615254156,1.2565500385967472
2020-09-16,0.011456235918453572,1.1456235918453572e-05,0.08951547909393107,5.2126967412993675e-05,4.06707314945401e-05,1.2592887010049094,1.2566011434059765
2020-09-17,0.0049572577212854685,4.957257721285469e-06,0.08830065692045252,-0.0020665706455465626,-0.002071527903267848,1.2566862919411441,1.2539980590741329
2020-09-18,0.00024111327738829402,2.4111327738829403e-07,0.08670334374073024,-0.00564367200057305,-0.005643913113850438,1.2495939667018119,1.2469206029837814
2020-09-21,0.0,0.0,0.08585498905367919,-0.00868832360539505,-0.00868832360539505,1.2387370899437573,1.236086953274824
2020-09-22,0.0,0.0,0.0861778238198913,-0.013211195179363748,-0.013211195179363748,1.2223718924725933,1.219756767276445
2020-09-23,0.0,0.0,0.08703647403269534,0.0022418841867545003,0.0022418841867545003,1.2251123086886606,1.2224913206846888
2020-09-24,0.0,0.0,0.08607278145266264,-0.021984532461964752,-0.021984532461964752,1.1981787873687422,1.1956154205606262
2020-09-25,0.0,0.0,0.08974552047821092,0.0050982311531710504,0.0050982311531710504,1.2042873797895743,1.20171094434494
2020-09-28,0.0,0.0,0.08785134452627988,0.0065918092704368,0.0065918092704368,1.2122258125039413,1.2096323936882585
2020-09-29,0.0,0.0,0.08759522962368499,0.011816365697531351,0.011816365697531351,1.226549916012475,1.2239258524116592
2020-09-30,0.0,0.0,0.08771205987437532,0.0020447257902012003,0.0020447257902012003,1.2290578742587148,1.2264284451673793
2020-10-01,0.0,0.0,0.08639125307986698,-0.0040504464999747,-0.0040504464999747,1.2240796410936574,1.2214608623641816
2020-10-02,0.0,0.0,0.08560688253693727,0.00794640652962305,0.00794640652962305,1.2338066755464228,1.2311670869365514
2020-10-05,0.0,0.0,0.08463349645525006,-0.007088335857383251,-0.007088335857383251,1.2250610394470682,1.222440161127789
2020-10-06,0.0,0.0,0.08416719560256568,0.00135311668188845,0.00135311668188845,1.2267186899758757,1.2240942653024216
2020-10-07,0.0,0.0,0.0864277154668961,-0.010386770006039051,-0.010386770006039051,1.2139770450809868,1.211379879703014
2020-10-08,0.0,0.0,0.08693709658535043,0.00474298788838305,0.00474298788838305,1.219734923502581,1.2171254398006763
2020-10-09,0.0,0.0,0.08721274882453726,0.00887877350695995,0.00887877350695995,1.2305646736268896,1.2279320209102256
2020-10-12,0.0,0.0,0.086014851714853,0.013350771815475851,0.013350771815475851,1.2469936617886679,1.2443258611263142
2020-10-13,0.0,0.0,0.08598530698834468,0.008132232186277349,0.008132232186277349,1.2571345037811494,1.2544450079443827
2020-10-14,0.0,0.0,0.08611496081545558,-0.0076331061698315505,-0.0076331061698315505,1.2475386626440295,1.244869696014528
2020-10-15,0.0,0.0,0.08593805047691622,-0.00046420335939824993,-0.00046420335939824993,1.2469595510058509,1.244291823319625
2020-10-16,0.0,0.0,0.08487436806578606,0.00033713196519939996,0.00033713196519939996,1.2473799409298056,1.2447113138673023
2020-10-19,0.0,0.0,0.0836331423209854,-0.0034300394632179,-0.0034300394632179,1.2431013785067901,1.2404419049404236
2020-10-20,0.0,0.0,0.0825814217544827,-0.0093011975183274,-0.0093011975183274,1.2315390470499934,1.2289043097725625
2020-10-21,0.0,0.0,0.08361538042625127,-0.00037731790154115017,-0.00037731790154115017,1.2310743653210945,1.2284406221772042
2020-10-22,0.0,0.0,0.08288982146987876,0.0010743932537088997,0.0010743932537088997,1.2323970233140096,1.2297604504942534
2020-10-23,0.0,0.0,0.08208957206894414,-0.00741504521738345,-0.00741504521738345,1.2232587436603675,1.2206417211472886
2020-10-26,0.0,0.0,0.08210396632788182,0.00421021639338135,0.00421021639338135,1.2284089276762733,1.225780886932108
2020-10-27,0.0,0.0,0.08138519384723843,-0.0049482520186079,-0.0049482520186079,1.222330450720223,1.2197154141839752
2020-10-28,0.0,0.0,0.08375289899091046,0.00293122557995535,0.00293122557995535,1.2259133770045325,1.223290675206297
2020-10-29,0.0,0.0,0.08275301918899726,-0.025059021863612398,-0.025059021863612398,1.195193186887281,1.1926362074307493
2020-10-30,0.0,0.0,0.09035514809460028,-0.0018980434720603494,-0.0018980434720603494,1.1929246582610584,1.1903725320626926
2020-11-02,0.0174060749012957,1.74060749012957e-05,0.0861095644134642,-0.007556889363973444,-0.0075742954388747395,1.1839098585990238,1.1813562988225284
2020-11-03,0.008510708868181005,8.510708868181005e-06,0.0865107781657874,0.013398491592343405,0.013389980883475225,1.1997724648855552,1.1971746370803351
2020-11-04,0.006134541494868445,6.134541494868445e-06,0.08659856339251992,0.008575582004473208,0.00856944746297834,1.2100612120448904,1.2074337622368052
2020-11-05,0.002760824538246248,2.7608245382462483e-06,0.08712689731533067,0.02150221722450885,0.021499456399970602,1.2360802110812321,1.2333929317638679
2020-11-06,0.0,0.0,0.08945732884061931,0.021887774793399747,0.021887774793399747,1.263135256367956,1.2603891584860865
2020-11-09,0.006636056637842003,6.636056637842003e-06,0.08990246198180908,-0.0054801808160713115,-0.0054868168727091535,1.2562130467679051,1.2534736339851253
2020-11-10,0.0017297769315558764,1.7297769315558764e-06,0.08797991295278909,-0.027225170496012266,-0.027226900272943822,1.2220124323903339,1.2193454323578479
2020-11-11,0.00836583356939788,8.365833569397879e-06,0.09505784596295878,-0.00197200615602935,-0.001980371989598748,1.2196026163509157,1.2169306748179611
2020-11-12,0.0035850950509366264,3.5850950509366264e-06,0.09254213190398775,0.0033649793907418873,0.0033613942956909506,1.2237065540198315,1.2210212586465456
2020-11-13,0.0035850950509366264,3.5850950509366264e-06,0.09150564437715003,0.0065843140604684,0.006580728965417464,1.2317638222893517,1.2290564686107113
2020-11-16,0.0,0.0,0.09143145184390353,0.00960963388791995,0.00960963388791995,1.2436006216579372,1.2408672513016399
2020-11-17,0.0,0.0,0.09094929107531914,0.004971615148973734,0.004971615148973734,1.249783325347845,1.2470363657260766
2020-11-18,0.0,0.0,0.09013296368202964,-0.00128094357928135,-0.00128094357928135,1.2481824234217478,1.2454389825002694
2020-11-19,0.0,0.0,0.0888699712000253,-0.0074771045885958995,-0.0074771045885958995,1.2388496328961764,1.2361267049694005
2020-11-20,0.0,0.0,0.08860711920433412,0.0037271681262671503,0.0037271681262671503,1.2434670337611449,1.24073395702419
2020-11-23,0.0,0.0,0.08721094198622355,0.0024903749335303494,0.0024903749335303494,1.2465637328926948,1.243823849769943
2020-11-24,0.0,0.0,0.08653161275888425,-0.00925300261244195,-0.00925300261244195,1.2350292754156633,1.232314744438604
2020-11-25,0.0,0.0,0.086700710414804,-0.00473187814896665,-0.00473187814896665,1.2291852673739898,1.2264835812267454
2020-11-27,0.0,0.0,0.08818400937563921,-0.0025490244067613,-0.0025490244067613,1.2260520441270222,1.2233572446437064
2020-11-30,0.0,0.0,0.08677079724034478,0.0011203651528078002,0.0011203651528078002,1.2274256701127908,1.2247278514700402
2020-12-01,0.0,0.0,0.08612107408751066,-0.00619168297421775,-0.00619168297421775,1.2198258394890356,1.2171447248840428
2020-12-02,0.0,0.0,0.08529860674247529,0.00792274622815885,0.00792274622815885,1.229490210057858,1.2267878536622412
2020-12-03,0.0,0.0,0.08717125740122314,0.0008133845836492508,0.0008133845836492508,1.2304902584404669,1.2277857039898183
2020-12-04,0.0,0.0,0.08631572407054884,0.0078008019871301,0.0078008019871301,1.2400890692936535,1.237363417149272
2020-12-07,0.0,0.0,0.0855938208098717,-0.00451652847905975,-0.00451652847905975,1.234488171695618,1.2317748300367708
2020-12-08,0.0,0.0,0.0858214360380399,0.01086357609365935,0.01086357609365935,1.2478991278855556,1.2451563096331295
2020-12-09,0.0,0.0,0.08574056441198283,0.00555897683183525,0.00555897683183525,1.2548361702259387,1.2520781047103935
2020-12-10,0.0,0.0,0.08486546141093354,-0.014780744304247948,-0.014780744304247948,1.2362887576501074,1.2335714583957218
2020-12-11,0.0,0.0,0.08568319815556592,0.0032912868535789,0.0032912868535789,1.2403577385853886,1.2376314959196897
2020-12-14,0.0,0.0,0.08490760047524631,0.00210850179895835,0.00210850179895835,1.2429730351085477,1.2402410441552838
2020-12-15,0.0,0.0,0.08403112462011517,-0.0063926199631499,-0.0063926199631499,1.2350271808706559,1.2323126544972989
2020-12-16,0.0,0.0,0.08353083586714534,0.011984897004678599,0.011984897004678599,1.2498288544313692,1.247081794739011
2020-12-17,0.0,0.0,0.08467221971120191,0.0022034549741609503,0.0022034549741609503,1.2525827960375158,1.2498296833228142
2020-12-18,0.0,0.0,0.08373314785410987,0.006174814369062099,0.006174814369062099,1.2603172622849281,1.2575471496102761
2020-12-21,0.0,0.0,0.08339718637937313,-0.0064776486669828,-0.0064776486669828,1.2521533698509129,1.2494012009929352
2020-12-22,0.0,0.0,0.08323281994829579,-0.0014013707082406002,-0.0014013707082406002,1.250398638796179,1.247650326747023
2020-12-23,0.0,0.0,0.08255151626988447,-0.0022368737455281,-0.0022368737455281,1.2476016549096118,1.244859490487523
2020-12-24,0.0,0.0,0.08207256073666795,0.0002954658516700001,0.0002954658516700001,1.2479702785951248,1.2452273039570894
2020-12-28,0.0,0.0,0.08164332771719132,0.005904858293937,0.005904858293937,1.255339366245274,1.2525801947306971
2020-12-29,0.0,0.0,0.08113894695795325,0.0026816861253704995,0.0026816861253704995,1.2587057924063654,1.2559392216598202
2020-12-30,0.0,0.0,0.081068190777495,0.0002271864442273,0.0002271864442273,1.2589917532996706,1.2562245540257548
2020-12-31,0.0,0.0,0.08049164298263826,0.00560642457586045,0.00560642457586045,1.2660501956061756,1.2632674822382441
2021-01-04,0.0,0.0,0.08010867087374811,0.005117223888033501,0.005117223888033501,1.272528857910581,1.2697319047753297
2021-01-05,0.0,0.0,0.07977354126679456,0.0035507116508562,0.0035507116508562,1.2770472409524147,1.2742403566430793
2021-01-06,0.0,0.0,0.08275398347972758,0.00118328975123145,0.00118328975123145,1.2785583578644721,1.2757481521977005
2021-01-07,0.0,0.0,0.08235814583910143,-0.0155777417399312,-0.0155777417399312,1.258641305966229,1.2558748769575703
2021-01-08,0.0,0.0,0.08416633854776683,0.0017787147480144002,0.0017787147480144002,1.2608800698196112,1.2581087201228756
2021-01-11,0.0,0.0,0.08496825588797928,-0.01618006267083905,-0.01618006267083905,1.240478951269518,1.2377524421845583
2021-01-12,0.0,0.0,0.08761525707897211,-0.00519025501541405,-0.00519025501541405,1.234040549171176,1.231328191363669
2021-01-13,0.0,0.0,0.0868132761302835,0.0029347864331295496,0.0029347864331295496,1.2376621946328152,1.234941876634413
2021-01-14,0.0,0.0,0.08574713183704835,0.00478586231623525,0.00478586231623525,1.2435854754903375,1.2408521384245386
2021-01-15,0.0,0.0,0.0852139763307053,-0.006719651053016499,-0.006719651053016499,1.2352290150404428,1.2325140450459362
2021-01-19,0.0,0.0,0.08470636526808774,-0.00792235339168385,-0.00792235339168385,1.2254430942636307,1.2227496332208685
2021-01-20,0.0,0.0,0.08483852556477511,0.00974045835203535,0.00974045835203535,1.2373794716860949,1.234659775098223
2021-01-21,0.0,0.0,0.08452108645068061,0.01543968776671565,0.01543968776671565,1.2564842243778716,1.2537225365238627
2021-01-22,0.0,0.0,0.08565634869925493,-0.0033795797031014,-0.0033795797031014,1.252237835795897,1.2494854812861058
2021-01-25,0.0,0.0,0.08468500813420889,-0.0041092570840641,-0.0041092570840641,1.2470920685982196,1.2443510242206957
2021-01-26,0.0,0.0,0.08404548404104173,0.0082574877763988,0.0082574877763988,1.2573899161107134,1.2546262375927473
2021-01-27,0.0,0.0,0.08367718936933709,-0.0029623534838338498,-0.0029623534838338498,1.2536650827121851,1.250909591186905
2021-01-28,0.0,0.0,0.08287407475098861,-0.014280195993351598,-0.014280195993351598,1.2357624996210337,1.2330463570547927
2021-01-29,0.0,0.0,0.08679858299386776,0.0019736255191043998,0.0019736255191043998,1.2382014320258379,1.2354799288113145
2021-02-01,0.0,0.0,0.08569775282455033,-0.01333124140945905,-0.01333124140945905,1.2216946698219635,1.2190094476237896
2021-02-02,0.0,0.0,0.0871431077364286,0.012925006979260849,0.012925006979260849,1.2374850819559382,1.234765153242112
2021-02-03,0.0,0.0,0.08715877209771473,-0.0023347301138838504,-0.0023347301138838504,1.2345958882696138,1.2318823098552631
2021-02-04,0.0,0.0,0.08710012526535725,-0.00481922003618825,-0.00481922003618825,1.228646099028269,1.2259455979453828
2021-02-05,0.0,0.0,0.08566968728929782,-0.0065699678463616495,-0.0065699678463616495,1.2205739336630956,1.217891174785493
2021-02-08,0.0,0.0,0.08646462117479886,0.0026715501161915997,0.0026715501161915997,1.2238347580973936,1.2211448320949998
2021-02-09,0.0,0.0,0.08560578982151631,0.0107985437046473,0.0107985437046473,1.2370503912199748,1.2343314179340819
2021-02-10,0.0,0.0,0.08495276064824439,0.00166656229956345,0.00166656229956345,1.2391120127646424,1.2363885081403776
2021-02-11,0.0,0.0,0.08378455101404285,0.00492517752918345,0.00492517752918345,1.2452148594060521,1.2424779410380111
2021-02-12,0.0,0.0,0.0829480260903415,-0.0062994673951516,-0.0062994673951516,1.2373706689992654,1.234650991759247
2021-02-16,0.0,0.0,0.0824052457620278,-0.00530573832986405,-0.00530573832986405,1.2308055040125065,1.2281002566682653
2021-02-17,0.0,0.0,0.08234550346110511,-0.01533386416382735,-0.01533386416382735,1.2119324996018876,1.2092687341529527
2021-02-18,0.0,0.0,0.08314052668166079,-0.0024289493093991492,-0.0024289493093991492,1.2089887769939411,1.2063314816962538
2021-02-19,0.0,0.0,0.08290939505253024,-0.0041901396838940185,-0.0041901396838940185,1.2039229451420763,1.2012767842828675
2021-02-22,0.0,0.0,0.08242348925119616,-0.00550432859764225,-0.00550432859764225,1.197296157645773,1.1946645621254557
2021-02-23,0.0,0.0,0.08244378526964283,-0.00025020042401255023,-0.00025020042401255023,1.1969965936394613,1.194365656545459
2021-02-24,0.0,0.0,0.08326519704244595,-0.00198875332673125,-0.00198875332673125,1.194616062681775,1.1919903578726707
2021-02-25,0.0,0.0,0.08247512094415534,0.0018338448780415503,0.0018338448780415503,1.19680680322955,1.1941762832851304
2021-02-26,0.0,0.0,0.0827253898814871,-0.0299260310841745,-0.0299260310841745,1.160991125634351,1.1584393267115556
2021-03-01,0.0,0.0,0.08836703198813797,0.0014391528345415999,0.0014391528345415999,1.1626619693036855,1.160106497952237
2021-03-02,0.0,0.0,0.09160767107182155,0.0038605302779348505,0.0038605302779348505,1.1671504610391858,1.1645851242132106
2021-03-03,0.0,0.0,0.09346784513347399,-0.0011648583591179638,-0.0011648583591179638,1.165790896068296,1.1632285474963664
2021-03-04,0.0,0.0,0.09177787150472629,-0.0176609816328506,-0.0176609816328506,1.1452018844650893,1.1426847894842256
2021-03-05,0.0,0.0,0.09161939765350376,-0.0144041116684472,-0.0144041116684472,1.128706268638338,1.1262254301746586
2021-03-08,0.0,0.0,0.091067222438071,0.010401826114725949,0.010401826114725949,1.140446874979315,1.1379402312653177
2021-03-09,0.0,0.0,0.0909297274981143,-0.011609364113372501,-0.011609364113372501,1.1272070119557223,1.1247294687813032
2021-03-10,0.0,0.0,0.08963521351941783,0.0244935733170779,0.0244935733170779,1.154816339546584,1.152278112486776
2021-03-11,0.0,0.0,0.09077285661641535,0.0066461644320484,0.0066461644320484,1.1624914388280267,1.1599363422938134
2021-03-12,0.0,0.0,0.08920112953651806,0.0009911231789009496,0.0009911231789009496,1.1636436110383233,1.1610859820887105
2021-03-15,0.0,0.0,0.0882867526607697,-0.01014487832903615,-0.01014487832903615,1.1518385881859792,1.1493069060708712
2021-03-16,0.0,0.0,0.08810662465400546,0.008097646633837,0.008097646633837,1.1611657700523268,1.1586135872700616
2021-03-17,0.0,0.0,0.0870091466748403,-0.0021822637536786,-0.0021822637536786,1.1586318000803293,1.1560851868340427
2021-03-18,0.0,0.0,0.0857829054916708,0.0015062744627919503,0.0015062744627919503,1.1603770175725692,1.157826568427783
2021-03-19,0.0,0.0,0.08502360809803372,-0.0153307468133835,-0.0153307468133835,1.142587571308095,1.140076222453408
2021-03-22,0.0,0.0,0.0861492572626095,0.00261554961728115,0.00261554961728115,1.1455760657929401,1.1430581483807172
2021-03-23,0.0,0.0,0.08525172503802812,0.00881274425750565,0.00881274425750565,1.1556717346882928,1.1531316275138543
2021-03-24,0.0,0.0,0.08481960682713992,-0.0031214510170296007,-0.0031214510170296007,1.1520643619766975,1.1495321836223822
2021-03-25,0.0,0.0,0.08466194686813683,0.0018630661662175003,0.0018630661662175003,1.1542107341108012,1.1516738381406673
2021-03-26,0.0,0.0,0.08390203544822646,-0.00297354799517075,-0.00297354799517075,1.1507786330963814,1.1482492807081734
2021-03-29,0.0,0.0,0.08328056908874017,0.00765984098265275,0.00765984098265275,1.159593414432134,1.1570446876068434
2021-03-30,0.0,0.0,0.08409861987054708,-0.01049851952781455,-0.01049851952781455,1.1474194003263931,1.1448974313594489
2021-03-31,0.0,0.0,0.0836752482662037,-0.007334918557759451,-0.007334918557759451,1.1390031724734058,1.1364997019434393
2021-04-01,0.0,0.0,0.08382297890143445,0.006751904358279949,0.006751904358279949,1.1466936129577237,1.144173239234175
2021-04-05,0.0,0.0,0.08377627582361773,0.01919212975664005,0.01919212975664005,1.1687011055687186,1.1661323605056324
2021-04-06,0.0,0.0,0.084875410038863,0.004753906108623,0.004753906108623,1.1742570008936362,1.1716760442577032
2021-04-07,0.0,0.0,0.08520393883424038,0.0070878101108428505,0.0070878101108428505,1.1825799115372981,1.1799806615708255
2021-04-08,0.0,0.0,0.08435850536856657,-0.0043272876265334,-0.0043272876265334,1.1774625481187158,1.1748745458544614
2021-04-09,0.0,0.0,0.08347855860501456,0.011825812612877849,0.011825812612877849,1.1913869995714494,1.1887683920773762
2021-04-12,0.0,0.0,0.0832722879472616,-0.00197584135396125,-0.00197584135396125,1.1890330078691245,1.1864195743280277
2021-04-13,0.0,0.0,0.08295923281075245,-0.0030769775342344,-0.0030769775342344,1.185374380016448,1.1827689879516443
2021-04-14,0.0,0.0,0.08222787399135191,0.0087432382443579,0.0087432382443579,1.19573839062969,1.1931102190013436
2021-04-15,0.0,0.0,0.08187701376656363,-0.00547859557596885,-0.00547859557596885,1.18918742357277,1.1865736506338795
2021-04-16,0.0,0.0,0.0814293504733608,0.021657298601568002,0.021657298601568002,1.2149420106983146,1.21227163049841
2021-04-19,0.0,0.0,0.08340239073971756,0.0007848595061138003,0.0007848595061138003,1.2158955694847882,1.2132230934115986
2021-04-20,0.0,0.0,0.08289275275388887,-0.0052853477122002,-0.0052853477122002,1.2094691386183374,1.2068107875104472
2021-04-21,0.0,0.0,0.082395744319575,0.0004000649797972998,0.0004000649797972998,1.2099530048648441,1.2072935902437718
2021-04-22,0.0,0.0,0.0822593540839642,0.0106425625614796,0.0106425625614796,1.2228300054155685,1.2201422878080146
2021-04-23,0.0,0.0,0.08239691132108411,-0.005662414492665951,-0.005662414492665951,1.2159058350708367,1.2132333364344159
2021-04-26,0.0,0.0,0.08253256374411558,0.0022959536046005496,0.0022959536046005496,1.2186974984557224,1.216018863886424
2021-04-27,0.0,0.0,0.08245453083039721,0.00164862118573025,0.00164862118573025,1.220706668970673,1.218023618347675
2021-04-28,0.0,0.0,0.08154042679369342,-0.00574867854361445,-0.00574867854361445,1.2136892187347141,1.211021592107264
2021-04-29,0.0,0.0,0.08103605316862166,0.0016507748752846,0.0016507748752846,1.215692746403405,1.2130207161249418
2021-04-30,0.0,0.0,0.0803488712079843,-0.00037482402341680013,-0.00037482402341680013,1.2152370755569595,1.212566046819636
2021-05-03,0.0,0.0,0.08007733086717676,-0.0038280747869382497,-0.0038280747869382497,1.2105850571478673,1.2079242533083083
2021-05-04,0.0,0.0,0.0799820100365998,0.0070917111999833,0.0070917111999833,1.2191701767561753,1.2164905032642264
2021-05-05,0.0,0.0,0.08001936217948956,-0.00339100703899705,-0.00339100703899705,1.21503596210506,1.2123653754047843
2021-05-06,0.0,0.0,0.08022359721880137,0.0030470956038692,0.0030470956038692,1.2187382928437334,1.2160595686104636
2021-05-07,0.0,0.0,0.07967511208725626,0.013070495477129648,0.013070495477129648,1.2346678061881522,1.231954069701907
2021-05-10,0.0,0.0,0.08060735148656542,0.00563230765770205,0.00563230765770205,1.241621835127664,1.238892814042626
2021-05-11,0.0,0.0,0.08071625241124414,-0.0085522425658083,-0.0085522425658083,1.2310031840186482,1.2282975021838967
2021-05-12,0.0,0.0,0.08142922682005599,-0.00723313281392795,-0.00723313281392795,1.222099174494273,1.2194130632155846
2021-05-13,0.0,0.0,0.0814920918728612,-0.02101051457210545,-0.02101051457210545,1.196422241980003,1.1937925672814778
2021-05-14,0.0,0.0,0.08492844753293474,0.008793635101689151,0.008793635101689151,1.20694314260352,1.2042903435052597
2021-05-17,0.0,0.0,0.08432936340724283,0.01681053956631785,0.01681053956631785,1.2272325080565525,1.2245351139740894
2021-05-18,0.0,0.0,0.08489312856184253,0.0034532416538485995,0.0034532416538485995,1.2314704384723305,1.228763729636265
2021-05-19,0.0,0.0,0.08397767124284422,-0.004635302620644,-0.004635302620644,1.225762200321634,1.2230680379001297
2021-05-20,0.0,0.0,0.08334016534836879,-0.0021807160222635,-0.0021807160222635,1.2230891610519075,1.2204008738335625
2021-05-21,0.0,0.0,0.08223292392811014,0.0117261522418604,0.0117261522418604,1.2374312907597713,1.2347114802762342
2021-05-24,0.0,0.0,0.08223853910325347,0.0014183012821204,0.0014183012821204,1.239186341145992,1.236462673151759
2021-05-25,0.0,0.0,0.08124419997513392,0.0077998870073566,0.0077998870073566,1.2488518545879903,1.2461069422911568
2021-05-26,0.0,0.0,0.08108276523165019,0.0080157264426829,0.0080157264426829,1.258862309421805,1.2560953946588909
2021-05-27,0.0,0.0,0.08089684003614633,-0.0007417162231868,-0.0007417162231868,1.2579285908241484,1.2551637283268022
2021-05-28,0.0,0.0,0.08011961773830864,-0.0015558242399971501,-0.0015558242399971501,1.2559714750303588,1.2532109141731063
2021-06-01,0.0,0.0,0.07949643046377601,0.0019811721463728,0.0019811721463728,1.2584597707333276,1.2556937407297963
2021-06-02,0.0,0.0,0.0789821287120672,-0.0026192692428092003,-0.0026192692428092003,1.255163525762533,1.2524047407363148
2021-06-03,0.0,0.0,0.07854234169564576,0.0043812377905011,0.0043812377905011,1.2606626956348623,1.2578918237154313
2021-06-04,0.0,0.0,0.07822405251435137,-0.01362574118642815,-0.01362574118642815,1.2434852320207568,1.2407521152849608
2021-06-07,0.0,0.0,0.07964389023852395,0.01671583373890015,0.01671583373890015,1.2642711244159934,1.261492321355253
2021-06-08,0.0,0.0,0.0808890655544745,-2.4674938249349878e-05,-2.4674938249349878e-05,1.264239928604068,1.2614611941101215
2021-06-09,0.0,0.0,0.0803519382238061,0.0020591368581805002,0.0020591368581805002,1.2668431716386401,1.2640587153500782
2021-06-10,0.0,0.0,0.07999323593626166,0.0026888439079261004,0.0026888439079261004,1.2702495151829984,1.267457571926108
2021-06-11,0.0,0.0,0.07981375111292117,0.0074518855914203,0.0074518855914203,1.2797152692426992,1.2769025207440807
2021-06-14,0.0,0.0,0.07963577951562806,-0.00563995248070385,-0.00563995248070385,1.2724977359353393,1.2697008512045933
2021-06-15,0.0,0.0,0.07965845529724874,-0.005665252041091249,-0.005665252041091249,1.2652887155395476,1.2625076758657312
2021-06-16,0.0,0.0,0.07957505564573093,-0.0034126120215436,-0.0034126120215436,1.2609707760581739,1.2581992269937807
2021-06-17,0.0,0.0,0.07923942144594129,-0.011743104464718952,-0.011743104464718952,1.246163064507965,1.2434240620337642
2021-06-18,0.0,0.0,0.08027784982843665,-0.008346753589966352,-0.008346753589966352,1.2357616484755998,1.2330455077801332
2021-06-21,0.0,0.0,0.0838337113742734,-0.0018899329156690983,-0.0018899329156690983,1.2334261418602241,1.2307151344884617
2021-06-22,0.0,0.0,0.08666665234834288,0.004751313391146499,0.004751313391146499,1.239286536005035,1.2365626477876435
2021-06-23,0.0,0.0,0.08795885804505237,0.0017849752784242503,0.0017849752784242503,1.241498631834688,1.2387698815441672
2021-06-24,0.0,0.0,0.08671850256376619,-0.0022235442283525,-0.0022235442283525,1.2387381047173645,1.2360154219238029
2021-06-25,0.0,0.0,0.08548571928446806,0.0034501267917962496,0.0034501267917962496,1.243011908240469,1.2402798318460557
2021-06-28,0.0,0.0,0.08456656074832208,-0.0017924170846244994,-0.0017924170846244994,1.240783912459747,1.2380567330857397
2021-06-29,0.0,0.0,0.0840064447231147,0.006091213973403672,0.006091213973403672,1.2483417927652964,1.2455980015581782
2021-06-30,0.0,0.0,0.08342706031746804,-0.00417582000955695,-0.00417582000955695,1.243128942128301,1.2403966084994074
2021-07-01,0.0,0.0,0.08296885962371485,0.0050633041873507,0.0050633041873507,1.249423282106396,1.246677113841198
2021-07-02,0.0,0.0,0.08235186445942269,0.0038544861910889006,0.0038544861910889006,1.2542391668941002,1.2514824135612457
2021-07-06,0.0,0.0,0.08189316130917663,0.01008388929910765,0.01008388929910765,1.2668867758076654,1.2641022236793775
2021-07-07,0.0,0.0,0.08187617248274433,0.007389443113368199,0.007389443113368199,1.2762483635685744,1.2734432351507383
2021-07-08,0.0,0.0,0.08178358653074436,0.0080737554104842,0.0080737554104842,1.2865524806990578,1.2837247043604811
2021-07-09,0.0,0.0,0.08148572874608459,-0.0024615917271377996,-0.0024615917271377996,1.2833855137560404,1.280564698248305
2021-07-12,0.0,0.0,0.0815444878120678,-0.00011461803202090018,-0.00011461803202090018,1.2832384146341294,1.2804179224427163
2021-07-13,0.0,0.0,0.08230970664959343,0.0005180635103001,0.0005180635103001,1.2839032136317667,1.2810812602462682
2021-07-14,0.0,0.0,0.08151852192398133,-0.00489833336020805,-0.00489833336020805,1.277614227689156,1.2748060971720665
2021-07-15,0.0,0.0,0.08111586248356652,0.0117434130802175,0.0117434130802175,1.2926177793220728,1.2897766717683379
2021-07-16,0.0,0.0,0.08127498715261111,0.0038619668194098504,0.0038619668194098504,1.2976098262959936,1.294757746479156
2021-07-19,0.0,0.0,0.08114316298862878,-0.00975648922112405,-0.00975648922112405,1.2849497100125122,1.2821254564816653
2021-07-20,0.0,0.0,0.08145496463893745,0.0039965882968858,0.0039965882968858,1.290085124985635,1.2872495840761793
2021-07-21,0.0,0.0,0.0840459419811684,0.00162222420675605,0.00162222420675605,1.2921779323041627,1.2893377915116044
2021-07-22,0.0,0.0,0.0844362904994945,-0.004205011497563299,-0.004205011497563299,1.2867443092419262,1.2839161112740554
2021-07-23,0.0,0.0,0.08407674173558345,0.0067270553703115,0.0067270553703115,1.2954003094576299,1.292553086045431
2021-07-26,0.0,0.0,0.08316072448283761,0.00019233002851054993,0.00019233002851054993,1.2956494538360803,1.2928016828173214
2021-07-27,0.0,0.0,0.08293860051610016,-0.001445681184355,-0.001445681184355,1.2937763577991497,1.29093270374937
2021-07-28,0.0,0.0,0.08195973974770737,0.0038552634398476998,0.0038552634398476998,1.298764206490712,1.2959095894054387
2021-07-29,0.0,0.0,0.08164423284129244,0.002345100476556532,0.002345100476556532,1.3018099390502877,1.2989486276011275
2021-07-30,0.0,0.0,0.08091042780161266,0.004810616321659449,0.004810616321659449,1.3080724471907816,1.3051973710700626
2021-08-02,0.0,0.0,0.08086951499897396,-0.004046872313760649,-0.004046872313760649,1.302778845019852,1.299915403965086
2021-08-03,0.0,0.0,0.0807599000864733,0.0021620772196865997,0.0021620772196865997,1.305595553482959,1.3027259214475186
2021-08-04,0.0,0.0,0.08035053618370727,0.00396282758941175,0.00396282758941175,1.3107694035629145,1.3078883996704727
2021-08-05,0.0,0.0,0.08015751041826133,-0.00132043453464645,-0.00132043453464645,1.309038618375492,1.3061614186600843
2021-08-06,0.0,0.0,0.07979299048225132,-0.0013787036967000499,-0.0013787036967000499,1.3072338419932148,1.3043606090836908
2021-08-09,0.0,0.0,0.07959214636929371,-0.02024983734276575,-0.02024983734276575,1.2807625693238935,1.2779475189134353
2021-08-10,0.0,0.0,0.08241751690983552,-0.01115077117732195,-0.01115077117732195,1.2664810789808838,1.2636974185534051
2021-08-11,0.0,0.0,0.08285078414030628,-0.0015381588816377998,-0.0015381588816377998,1.264533029860823,1.2617536511453544
2021-08-12,0.0,0.0,0.08220615687670464,0.0077791578983852,0.0077791578983852,1.274370031967834,1.2715690320264783
2021-08-13,0.0,0.0,0.08221598337791275,0.0007982870873734001,0.0007982870873734001,1.2753873451088895,1.272584109165449
2021-08-16,0.0,0.0,0.08164066103589666,0.0158574142361511,0.0158574142361511,1.2956116905518262,1.292764002534829
2021-08-17,0.0,0.0,0.08257935863504072,0.004874138578828549,0.004874138578828549,1.301926681475926,1.2990651134329048
2021-08-18,0.0,0.0,0.08206204686501184,-0.00423798058456555,-0.00423798058456555,1.2964091414773031,1.2935597007040895
2021-08-19,0.0,0.0,0.08191837802184089,-0.00343678312423335,-0.00343678312423335,1.291953664417772,1.2891140165545214
2021-08-20,0.0,0.0,0.08240475605928611,0.0029743033798182,0.0029743033798182,1.2957963265684183,1.2929482327309305
2021-08-23,0.0,0.0,0.08178394683229268,0.0045650475830805,0.0045650475830805,1.301711698457184,1.2988506029358071
2021-08-24,0.0,0.0,0.08145005067703073,0.010098784895160352,0.010098784895160352,1.314857404895417,1.3119674157858052
2021-08-25,0.0,0.0,0.0817322572309353,-0.0033475708313483003,-0.0033475708313483003,1.3104558265994066,1.3075755119330412
2021-08-26,0.0,0.0,0.08119213871717185,-0.0066033573351228,-0.0066033573351228,1.301802418504477,1.2989411235850912
2021-08-27,0.0,0.0,0.08095378325453743,-0.00101055640486845,-0.00101055640486845,1.300486873732584,1.2976284703131051
2021-08-30,0.0,0.0,0.08071730727230066,0.015299803229882149,0.015299803229882149,1.3203840670037372,1.3174819305743886
2021-08-31,0.0,0.0,0.08155268796540951,0.0010230361153556503,0.0010230361153556503,1.3217348675904221,1.3188297621706946
2021-09-01,0.0,0.0,0.08103694805759747,-0.0031535702092638997,-0.0031535702092638997,1.3175666838874436,1.3146707399216224
2021-09-02,0.0,0.0,0.08061010715400381,0.0004966358986478654,0.0004966358986478654,1.3182210348015244,1.3153236526059693
2021-09-03,0.0,0.0,0.08001550957991707,0.00238637300565535,0.00238637300565535,1.3213668018944618,1.318462505464248
2021-09-07,0.0,0.0,0.07963466208864517,0.0006292443427141498,0.0006292443427141498,1.322198264479204,1.319292140536892
2021-09-08,0.0,0.0,0.0799067063147235,-0.01591570664663185,-0.01591570664663185,1.3011545447730672,1.2982946738469
2021-09-09,0.0,0.0,0.08124227681088061,0.0015281884641428498,0.0015281884641428498,1.3031429541384565,1.3002787127905309
2021-09-10,0.0,0.0,0.08089173789054231,0.0060760414161653495,0.0060760414161653495,1.3110609046989858,1.3081792601020044
2021-09-13,0.0,0.0,0.08114510894233769,-0.01092145067619375,-0.01092145067619375,1.2967422176948298,1.2938920448371807
2021-09-14,0.0,0.0,0.0815430124718386,0.00597327978494865,0.00597327978494865,1.3044880217700756,1.3016208240325124
2021-09-15,0.0,0.0,0.08103158524447426,0.00652855592424495,0.00652855592424495,1.3130044447727092,1.3101185283743706
2021-09-16,0.0,0.0,0.08135574634545953,-0.0005385582820358504,-0.0005385582820358504,1.312297315354627,1.309412953190466
2021-09-17,0.0,0.0,0.08130119105515644,-0.014540778206578701,-0.014540778206578701,1.2932154911509666,1.2903730698573022
2021-09-20,0.0,0.0,0.08249757211420997,-0.00969439512864935,-0.00969439512864935,1.2806785491932589,1.2778636834547372
2021-09-21,0.0,0.0,0.08329092113429094,0.001314857438037,0.001314857438037,1.2823624589094,1.2795438920237252
2021-09-22,0.0,0.0,0.08514028857412204,0.0024203060512363,0.0024203060512363,1.2854661685285766,1.2826407798484125
2021-09-23,0.0,0.0,0.08397211725769126,0.00595669815614795,0.00595669815614795,1.2931233024844413,1.2902810838167356
2021-09-24,0.0,0.0,0.08355216391906031,-0.011196475752772399,-0.011196475752772399,1.2786448787828293,1.2758344829475206
2021-09-27,0.0,0.0,0.08546507486856049,-0.0047304099072775,-0.0047304099072775,1.2725963643803453,1.2697992628693393
2021-09-28,0.0,0.0,0.08449862854453467,-0.00223384762778155,-0.00223384762778155,1.2697535780106508,1.2669627247982198
2021-09-29,0.0,0.0,0.08353592116377391,-0.0229105776916911,-0.0229105776916911,1.240662790012335,1.2379358768592534
2021-09-30,0.0,0.0,0.08660156115756243,-0.0005498428525388001,-0.0005498428525388001,1.239980620444836,1.237255206665461
2021-10-01,0.0,0.0,0.08513634929094462,0.0026904189334591992,0.0026904189334591992,1.2433166877832031,1.2405839414989945
2021-10-04,0.0,0.0,0.08596689290478675,0.01058809351541865,0.01058809351541865,1.256481041142732,1.2537193602853125
2021-10-05,0.0,0.0,0.08552769533175088,-0.0054307012609129506,-0.0054307012609129506,1.249657467968285,1.2469107849745802
2021-10-06,0.0,0.0,0.08547278059986364,-0.0020097872090071496,-0.0020097872090071496,1.2471459223735222,1.2444047596281653
2021-10-07,0.0,0.0,0.08503141978218669,0.0062213922317289495,0.0062213922317289495,1.2549049063268092,1.2521466897328424
2021-10-08,0.0,0.0,0.08388708440016049,-0.0035949860046381506,-0.0035949860046381506,1.2503935407514126,1.2476452399074989
2021-10-11,0.0,0.0,0.08360782648316678,-0.00421132784760925,-0.00421132784760925,1.2451277236127756,1.2423909967647393
2021-10-12,0.0,0.0,0.08271055266710801,-0.00584800100107135,-0.00584800100107135,1.2378462154386265,1.235125492971937
2021-10-13,0.0,0.0,0.08224831469173942,0.009497589318354399,0.009497589318354399,1.2496027704321417,1.2468562076608145
2021-10-14,0.0,0.0,0.08240277135075266,0.015454064947936452,0.015454064947936452,1.2689142128055213,1.2661252044747424
2021-10-15,0.0,0.0,0.08295151028627719,0.0114164114766347,0.0114164114766347,1.283400659587459,1.2805798107899642
2021-10-18,0.0,0.0,0.08394400733501127,-0.00713866385487855,-0.00713866385487855,1.2742388936875346,1.2714381819813907
2021-10-19,0.0,0.0,0.08408973094363678,0.00257546898801635,0.00257546898801635,1.277520656441551,1.2747127315892637
2021-10-20,0.0,0.0,0.08311599132590987,-0.00149841933336095,-0.00149841933336095,1.275606394791171,1.272802677387769
2021-10-21,0.0,0.0,0.08317971642003581,0.0029363696838904003,0.0029363696838904003,1.2793520467374127,1.276540096583225
2021-10-22,0.0,0.0,0.08271268668169941,0.00025698770190855,0.00025698770190855,1.2796808244798357,1.2768681516890399
2021-10-25,0.0,0.0,0.08188673502212415,0.00800718693817435,0.00800718693817435,1.289927468062643,1.2870922736750152
2021-10-26,0.0,0.0,0.08168542574058331,0.00535563203018515,0.00535563203018515,1.2968358449272148,1.293985466281713
2021-10-27,0.0,0.0,0.0813231639817752,0.0008538297321624001,0.0008538297321624001,1.2979431219293476,1.2950903095458102
2021-10-28,0.0,0.0,0.08108523516298821,0.00810569971770775,0.00810569971770775,1.308463859126371,1.3055879227023017
2021-10-29,0.0,0.0,0.08176987795829388,0.0029873164296002506,0.0029873164296002506,1.3123726547102774,1.309488126954078
2021-11-01,0.0,0.0,0.0817192310139639,-0.0017328340684534,-0.0017328340684534,1.3100985306636888,1.3072190013154568
2021-11-02,0.0,0.0,0.08126957949519888,-0.00078697642210665,-0.00078697642210665,1.30906751400942,1.3061902507828917
2021-11-03,0.0,0.0,0.08094300296182941,0.0031562223977453,0.0031562223977453,1.3131992222172972,1.3103128777081292
2021-11-04,0.0,0.0,0.0804853406845363,-0.00632548736623655,-0.00632548736623655,1.30489259712781,1.3020245101543695
2021-11-05,0.0,0.0,0.08076529804942467,0.01321706232353685,0.01321706232353685,1.3221394439095702,1.3192334492518523
2021-11-08,0.0,0.0,0.08110012602427323,0.0156435094670357,0.0156435094670357,1.3428223448171108,1.3398708902044538
2021-11-09,0.0,0.0,0.0818397958289042,0.0012806852196174498,0.0012806852196174498,1.34454207754669,1.3415868430497344
2021-11-10,0.0,0.0,0.08123352249419924,0.00726977607568675,0.00726977607568675,1.3543165973747933,1.3513398789847935
2021-11-11,0.0,0.0,0.08139517030147995,-0.00786470303680615,-0.00786470303680615,1.3436652995186227,1.3407119921347845
2021-11-12,0.0,0.0,0.08288200201651065,0.0022121683719964497,0.0022121683719964497,1.3466377133967669,1.3436778727997414
2021-11-15,0.0,0.0,0.08217640187455291,0.002504925789452,0.002504925789452,1.3500109409341032,1.3470436861560335
2021-11-16,0.0,0.0,0.0818767521862592,-0.0069214858195065995,-0.0069214858195065995,1.340666859350249,1.3377201423840486
2021-11-17,0.0,0.0,0.08166087707191798,-0.0029283268232189004,-0.0029283268232189004,1.3367409486250132,1.3338028606091452
2021-11-18,0.0,0.0,0.0812634844202036,0.0072786300763927,0.0072786300763927,1.346470591498021,1.3435111182263535
2021-11-19,0.0,0.0,0.08119836563586948,0.00196486827827525,0.00196486827827525,1.3491162288508862,1.3461509406040668
2021-11-22,0.0,0.0,0.08070496734765246,0.0005184885065762498,0.0005184885065762498,1.349815730109581,1.346848904394887
2021-11-23,0.0,0.0,0.08075985601544788,-0.018646172840410452,-0.018646172840410452,1.3246468327032528,1.3217353269336225
2021-11-24,0.0,0.0,0.08254187973192699,-0.0109648012820932,-0.0109648012820932,1.3101223434137075,1.3072427617262727
2021-11-26,0.0,0.0,0.08279373533257756,0.0088186138648028,0.0088186138648028,1.3216758064759235,1.3187708308694952
2021-11-29,0.0,0.0,0.08291051795898033,0.00039124994690004945,0.00039124994690004945,1.3221929120650264,1.3192867998870463
2021-11-30,0.0,0.0,0.08745026854957179,0.001370896581832,0.001370896581832,1.324005501808699,1.3210954056514674
2021-12-01,0.0,0.0,0.08687447488076043,-0.0056530865669632,-0.0056530865669632,1.316520784091839,1.3136271389601024
2021-12-02,0.0,0.0,0.08847707300648598,-0.0011269925582899506,-0.0011269925582899506,1.3150370749653333,1.3121466909501267
2021-12-03,0.0,0.0,0.08759029580339836,0.005447217232084649,0.005447217232084649,1.3222003675809149,1.319294239016093
2021-12-06,0.0,0.0,0.08715439555965895,0.0057494645973638495,0.0057494645973638495,1.329802311784943,1.3268794745368222
2021-12-07,0.0,0.0,0.08663312937733636,-0.00226007454661305,-0.00226007454661305,1.3267968594280506,1.3238806280099982
2021-12-08,0.0,0.0,0.08634611956948195,0.00795216661128165,0.00795216661128165,1.3373477691135476,1.3344083473373818
2021-12-09,0.0,0.0,0.0872130159124673,-0.00712603074797195,-0.00712603074797195,1.3278177877901127,1.3248993124239052
2021-12-10,0.0,0.0,0.08640247468859283,-0.0036633837775747998,-0.0036633837775747998,1.3229534816467472,1.3200456977758515
2021-12-13,0.0,0.0,0.08542462737347527,0.0055825110505429995,0.0055825110505429995,1.3303388840773944,1.3274148674709068
2021-12-14,0.0,0.0,0.08455963646291488,0.00414556152978125,0.00414556152978125,1.3358538857767976,1.3329177474795537
2021-12-15,0.0,0.0,0.08451491959383324,-0.009337516928243599,-0.009337516928243599,1.323380327504697,1.320471605448507
2021-12-16,0.0,0.0,0.08396084006225848,0.0050591249992268,0.0050591249992268,1.330075474003061,1.3271520363584008
2021-12-17,0.0,0.0,0.08447502476575873,0.00121502345256955,0.00121502345256955,1.3316915468976622,1.3287645572077018
2021-12-20,0.0,0.0,0.08425529526320556,-0.0025411085690372004,-0.0025411085690372004,1.3283075740965262,1.3253880222051484
2021-12-21,0.0,0.0,0.08476055591340659,-0.01122535237587765,-0.01122535237587765,1.3133968535137455,1.310510074621128
2021-12-22,0.0,0.0,0.0844167607718451,0.00668466912822775,0.00668466912822775,1.3221764769135405,1.3192704008591793
2021-12-23,0.0,0.0,0.08477294612031468,0.01196067906767435,0.01196067906767435,1.3379906054247315,1.335049770727338
2021-12-27,0.0,0.0,0.08418160881388895,-0.00013034103636704996,-0.00013034103636704996,1.337816210342571,1.33487575895662
2021-12-28,0.0,0.0,0.08328181234248494,0.00941919224801115,0.00941919224801115,1.3504173584202934,1.3474492103574423
2021-12-29,0.0,0.0,0.08319855328323819,-0.0045538920848223995,-0.0045538920848223995,1.3442677035005766,1.3413130720636954
2021-12-30,0.0,0.0,0.0821123109108141,-0.00500138957299035,-0.00500138957299035,1.337544497024981,1.3346046428509604
2021-12-31,0.0,0.0,0.0814907656819377,0.006367200039187049,0.006367200039187049,1.3460609103988528,1.3431023375852202
2022-01-03,0.0,0.0,0.08109799859026484,0.0031219563682892996,0.0031219563682892996,1.350263253830178,1.3472954444813088
2022-01-04,0.0,0.0,0.08055021339593055,-0.01816540038189035,-0.01816540038189035,1.3257351812033988,1.322821283299609
2022-01-05,0.0,0.0,0.08322849196058102,0.0014189023558304498,0.0014189023558304498,1.3276162699752156,1.3246982375348253
2022-01-06,0.0,0.0,0.08259769594540894,-0.013921923393539499,-0.013921923393539499,1.3091332979686041,1.3062558901523087
2022-01-07,0.0,0.0,0.08447484615972956,-0.005337038575525199,-0.005337038575525199,1.3021464030568413,1.299284352077059
2022-01-10,0.0,0.0,0.08378127345418664,-0.00331735286456975,-0.00331735286456975,1.2978267239565713,1.2949741674098054
2022-01-11,0.0,0.0,0.08304417952014291,0.00212387901728745,0.00212387901728745,1.3005831509036576,1.2977245358718965
2022-01-12,0.0,0.0,0.08211290545193338,0.0138494544665373,0.0138494544665373,1.3185955180320434,1.3156973127415625
2022-01-13,0.0,0.0,0.08236151902519723,0.0007502508423790999,0.0007502508423790999,1.3195847954302042,1.316684415758763
2022-01-14,0.0,0.0,0.08156833737648175,-0.004217918379684799,-0.004217918379684799,1.3140188944680067,1.3111307483612895
2022-01-18,0.0,0.0,0.0824983883852924,-0.00884983073765125,-0.00884983073765125,1.3023900496658893,1.2995274631633622
2022-01-19,0.0,0.0,0.082298643672089,-0.01684725156434665,-0.01684725156434665,1.2804483568642662,1.277633997076672
2022-01-20,0.0,0.0,0.08420051364886114,0.006108841788672499,0.006108841788672499,1.2882704132949157,1.2854388610286427
2022-01-21,0.0,0.0,0.08468354887839862,-0.00374180469777305,-0.00374180469777305,1.2834499570104467,1.2806289998597455
2022-01-24,0.0,0.0,0.08435993290078028,-0.0056287607467112,-0.0056287607467112,1.2762257242720583,1.273420645614235
2022-01-25,0.0,0.0,0.08594334855686928,0.0007336807677762493,0.0007336807677762493,1.277162066541298,1.2743549298512113
2022-01-26,0.0,0.0,0.08474158572211005,-0.0053539788718657,-0.0053539788718657,1.2703241678210875,1.26753206048153
2022-01-27,0.0,0.0,0.08437887692851423,-0.0154890949318335,-0.0154890949318335,1.2506479961915042,1.2478991360675893
2022-01-28,0.0,0.0,0.08449223562288401,0.00013206378083819963,0.00013206378083819963,1.250813161494379,1.2480639383456031
2022-01-31,0.0,0.0,0.08503216862080741,0.010946843443542948,0.010946843443542948,1.2645056173503808,1.2617262988862041
2022-02-01,0.0,0.0,0.08704716698171673,0.00928713565027535,0.00928713565027535,1.2762492525492488,1.2734441221774802
2022-02-02,0.0,0.0,0.08710907997028022,0.0014251290720813,0.0014251290720813,1.2780680724622788,1.2752589444176663
2022-02-03,0.0,0.0,0.08565566234736775,0.008333922784859499,0.008333922784859499,1.2887193930919738,1.2858868539911446
2022-02-04,0.0,0.0,0.08467318533113449,-0.01652228853476625,-0.01652228853476625,1.2674267994389594,1.26464106036644
2022-02-07,0.0,0.0,0.0867593229736139,-0.00431002349749295,-0.00431002349749295,1.261964160152025,1.2591904276803663
2022-02-08,0.0,0.0,0.08577496033794245,0.0024040946672765503,0.0024040946672765503,1.2649980414597406,1.2622176406726382
2022-02-09,0.0,0.0,0.08447458218968117,0.0022690292469762,0.0022690292469762,1.2678683590131805,1.2650816494153738
2022-02-10,0.0,0.0,0.08360921968919846,0.009901689570243752,0.009901689570243752,1.2804223979200633,1.2776080951888968
2022-02-11,0.0,0.0,0.08355011220223271,-0.01897644966575935,-0.01897644966575935,1.2561245267350223,1.253363629477978
2022-02-14,0.0,0.0,0.08521111091103466,0.006839458364429649,0.006839458364429649,1.2647157381361653,1.2619359578372829
2022-02-15,0.0,0.0,0.08782193212748182,-0.0052287488604686495,-0.0052287488604686495,1.258102857161569,1.2553376116357569
2022-02-16,0.0,0.0,0.086665344372271,-0.0024824118732187503,-0.0024824118732187503,1.254979727691221,1.2522213466437342
2022-02-17,0.0,0.0,0.08701642249284629,0.0086306303921729,0.0086306303921729,1.2658109938705935,1.2630288062558053
2022-02-18,0.0,0.0,0.08581715704215839,-0.00030321545554460065,-0.00030321545554460065,1.2654271804134536,1.2626458364009505
2022-02-22,0.0,0.0,0.08786013197422125,0.0016211243072749995,0.0016211243072749995,1.2674785951747083,1.2646927422578196
2022-02-23,0.0,0.0,0.08670427388990826,-0.00305090729620205,-0.00305090729620205,1.26361163548091,1.2608342819430114
2022-02-24,0.0,0.0,0.08588428460284003,-0.0136391533630183,-0.0136391533630183,1.2463770425932914,1.2436375698062396
2022-02-25,0.0,0.0,0.0869507225696141,0.00456216030181695,0.00456216030181695,1.2520632144581065,1.2493112437570577
2022-02-28,0.0,0.0,0.0864864359953435,0.0096093490932143,0.0096093490932143,1.2640947269726066,1.261316311624397
2022-03-01,0.0,0.0,0.08719692702928283,0.014716019418624552,0.014716019418624552,1.2826971695217164,1.2798778669592896
2022-03-02,0.0,0.0,0.08722858307048284,0.0064124569912118005,0.0064124569912118005,1.2909224099540235,1.28808502873517
2022-03-03,0.0,0.0,0.08826476519778971,-0.013506153635852298,-0.013506153635852298,1.2734870135532197,1.2706879544410314
2022-03-04,0.0,0.0,0.09165303327692174,0.0055393603103064,0.0055393603103064,1.280541316971787,1.2777267528626466
2022-03-07,0.0,0.0,0.09017451016058417,0.01238120096061945,0.01238120096061945,1.296395956355591,1.2935465445625987
2022-03-08,0.0,0.0,0.09026997010836965,-0.01141401072855615,-0.01141401072855615,1.2815988790012913,1.2787819904250743
2022-03-09,0.0,0.0,0.0939148820206783,0.004635153125404551,0.004635153125404551,1.287539286050809,1.284709340764704
2022-03-10,0.006794369821112062,6.794369821112062e-06,0.09314603671537282,-0.007135076073841411,-0.007141870443662523,1.278352595296777,1.2755341130951994
2022-03-11,0.006794369821112062,6.794369821112062e-06,0.09727238263617814,-0.00794047710692395,-0.007947271476745062,1.268201865779246,1.2653970972205826
2022-03-14,0.009488751425914738,9.488751425914738e-06,0.09414094852634516,-0.008011239777047418,-0.008020728528473332,1.2580419965467895,1.255247690623058
2022-03-15,0.009488751425914738,9.488751425914738e-06,0.09420349872962469,-0.0230747535843195,-0.023084242335745412,1.229012987477747,1.2262712487413305
2022-03-16,0.0,0.0,0.09436957004153881,0.0005612181975958497,0.0005612181975958497,1.229702731931401,1.2269594544813127
2022-03-17,0.0,0.0,0.0953061071222044,0.01896657466191115,0.01896657466191115,1.253025980608534,1.2502306725818704
2022-03-18,0.0,0.0,0.09549126973252306,0.004914197746091349,0.004914197746091349,1.2591835980582344,1.2563745533351665
2022-03-21,0.00270538313482227,2.7053831348222703e-06,0.09365280476598441,0.005508558743312216,0.005505853360177394,1.2661198848767534,1.2632919673912884
2022-03-22,0.00270538313482227,2.7053831348222703e-06,0.09270984594449798,-0.00805472503027585,-0.008057430413410673,1.2559216373487068,1.2531130802722124
2022-03-23,0.0,0.0,0.09236172361990856,-0.0042691358531789,-0.0042691358531789,1.2505599372579184,1.2477633702931348
2022-03-24,0.0,0.0,0.09175917132440181,0.011141675270059048,0.011141675270059048,1.2644932699845914,1.2616655445788154
2022-03-25,0.0,0.0,0.09268414763099633,0.0071662425511622,0.0071662425511622,1.2735549354616134,1.2707069458897113
2022-03-28,0.0,0.0,0.09223299572437581,-0.00660108919213705,-0.00660108919213705,1.265148085741545,1.2623188960028253
2022-03-29,0.0,0.0,0.0910449550445633,-0.0013852021900362006,-0.0013852021900362006,1.2633955998424555,1.2605703291035582
2022-03-30,0.0,0.0,0.0906927387715228,0.01013286728863795,0.01013286728863795,1.2761974197887085,1.2733435209563593
2022-03-31,0.0,0.0,0.0900584105351427,0.0047918657922716,0.0047918657922716,1.2823127865487793,1.2794452122162407
2022-04-01,0.0,0.0,0.08913507248731177,-0.006348851692358001,-0.006348851692358001,1.2741715728437668,1.2713222043153822
2022-04-04,0.0,0.0,0.08926367259825144,-0.0006436567158656001,-0.0006436567158656001,1.2733514437537408,1.2705039092405455
2022-04-05,0.0,0.0,0.08783207268887673,0.0031956082700404505,0.0031956082700404505,1.2774205761580681,1.2745639420400332
2022-04-06,0.0,0.0,0.08701862213257114,-0.02092393904698225,-0.02092393904698225,1.2506919058851758,1.2478950438053062
2022-04-07,0.0,0.0,0.0885248947975938,-0.0079181132193647,-0.0079181132193647,1.2407887857718338,1.2380140695625717
2022-04-08,0.0,0.0,0.08795302218449987,0.0006215932526482501,0.0006215932526482501,1.2415600517090313,1.2387836107548955
2022-04-11,0.0,0.0,0.08682599583271275,-0.0036605172099721003,-0.0036605172099721003,1.2370152997725365,1.2342490220282958
2022-04-12,0.0,0.0,0.08607664535064084,-0.01412211089291255,-0.01412211089291255,1.2195460325329193,1.2168188204697432
2022-04-13,0.0,0.0,0.08771974033235692,0.0012769212005372002,0.0012769212005372002,1.2211032967168916,1.2183726022188137
2022-04-14,0.0,0.0,0.08653108661723687,0.0090982722544106,0.0090982722544106,1.2322132269611803,1.2294576878611152
2022-04-18,0.0,0.0,0.08597523394500768,-0.018044021804032202,-0.018044021804032202,1.2099791446266759,1.2072733265342142
2022-04-19,0.0,0.0,0.08704659316090421,-0.00073892828372925,-0.00073892828372925,1.2090850568139888,1.2063812381270462
2022-04-20,0.0,0.0,0.08572030925196022,-0.0033666729628715505,-0.0033666729628715505,1.2050144628434012,1.2023197470297284
2022-04-21,0.0,0.0,0.08684291866676508,0.0120335691745699,0.0120335691745699,1.2195150877383845,1.216787944875562
2022-04-22,0.0,0.0,0.08670328279086005,-0.0130281080693669,-0.0130281080693669,1.2036271133831054,1.2009355000322204
2022-04-25,0.0,0.0,0.08711545507057028,-0.0219530944017161,-0.0219530944017161,1.177203773738541,1.174571249629641
2022-04-26,0.0,0.0,0.09044836585739899,-0.0012011997104557507,-0.0012011997104557507,1.175789716906379,1.1731603549846763
2022-04-27,0.0012916302640802735,1.2916302640802735e-06,0.08962150868673745,-0.008848130860409444,-0.008849422490673525,1.1653861756268675,1.1627785633541083
2022-04-28,0.0012916302640802735,1.2916302640802735e-06,0.0925623693462982,-0.00884332786648525,-0.00884461949674933,1.1550802835847298,1.1524942294022644
2022-04-29,0.012757166175521556,1.2757166175521557e-05,0.08901757029467225,0.015272512243091837,0.015259755076916315,1.1727212613575317,1.1700810090705023
2022-05-02,0.010689395235408933,1.0689395235408933e-05,0.09130444348045917,-0.025257645446805657,-0.025268334842041065,1.1431010835302324,1.1405150103409956
2022-05-03,0.008115888811373845,8.115888811373845e-06,0.0939971726366719,-0.016072109795445787,-0.01608022568425716,1.1247290374084415,1.1221752715784294
2022-05-04,0.02297057833028865,2.297057833028865e-05,0.08973776309862518,0.006665971403799407,0.006643000825469118,1.132226449008829,1.129629882833846
2022-05-05,0.011007430652911876,1.1007430652911876e-05,0.08928405233645861,0.02130517442266726,0.021294166992014345,1.1563487309909193,1.1536844101980797
2022-05-06,0.010863942293805828,1.0863942293805828e-05,0.0924636547836516,-0.033077854111588506,-0.03308871805388231,1.1180991963650813,1.115510472025876
2022-05-09,0.01113524778416633,1.113524778416633e-05,0.09487357339934764,-0.009320167683263379,-0.009331302931047546,1.1076783243684367,1.1051013058886467
2022-05-10,0.015328966116345905,1.5328966116345903e-05,0.09032433873011404,-0.016727069221856336,-0.01674239818797268,1.089150112361176,1.0865992597874106
2022-05-11,0.01076623543757857,1.076623543757857e-05,0.09378640379820913,0.0013031778040552906,0.001292411568617712,1.0905694686128895,1.0880035932412113
2022-05-12,0.009604538274059077,9.604538274059077e-06,0.0899912606467377,0.0067763710196613956,0.006766766481387337,1.0979595719549253,1.0953658594875848
2022-05-13,0.011549880715288091,1.1549880715288092e-05,0.09151246098025946,-0.009129846744953075,-0.009141396625668364,1.0879353693308225,1.0853526857157927
2022-05-16,0.004818337348776847,4.818337348776847e-06,0.09057631023368924,-0.0006589428306814134,-0.0006637611680301903,1.0872184821189572,1.0846322707493972
2022-05-17,0.011077046942236685,1.1077046942236684e-05,0.09296328090281741,0.0022704442593424437,0.002259367212400207,1.089686951080335,1.0870828533394397
2022-05-18,0.004540785077139453,4.5407850771394536e-06,0.09030713223961268,0.0003955825246082451,0.00039104173953110564,1.090118012195476,1.087507948109424
2022-05-19,0.010138256225681097,1.0138256225681097e-05,0.09196319448416487,-0.009469357646756119,-0.0094794959029818,1.0797952948608263,1.0771989209708606
2022-05-20,0.002431777673282648,2.431777673282648e-06,0.09749504221926861,0.005492986644989027,0.005490554867315744,1.0857265959948188,1.0831133407494642
2022-05-23,0.03051578703101071,3.051578703101071e-05,0.09031459863458088,0.0061783260072963385,0.006147810220265328,1.0924345688596668,1.0897721160154294
2022-05-24,0.010592786550691097,1.0592786550691098e-05,0.0899079496701779,0.0023326521229880895,0.0023220593364373984,1.0949828386759428,1.0923026315320123
2022-05-25,0.011276743041640003,1.1276743041640003e-05,0.09144527195181007,0.009909499737754186,0.009898222994712547,1.1058335708286475,1.1031144865566276
2022-05-26,0.0019556325499003324,1.9556325499003323e-06,0.09096964601960965,0.0031243440496602328,0.0031223884171103326,1.1092885753655806,1.1065588384521985
2022-05-27,0.008525215489617655,8.525215489617655e-06,0.09049807239148439,0.006535303352099952,0.006526778136610334,1.1165381127106133,1.1137811024858812
2022-05-31,0.00413983278965116,4.13983278965116e-06,0.09101595749220533,0.013605927054552202,0.01360178722176255,1.131729648825781,1.1289305160535144
2022-06-01,0.0002692567737745677,2.692567737745677e-07,0.09163715751923752,-0.01847620245222998,-0.018476471709003753,1.1108195827128848,1.1080718633122206
2022-06-02,0.008499011350146107,8.499011350146108e-06,0.08999835078509125,-0.002204461484389782,-0.002212960495739928,1.1083708237266883,1.1056197440522697
2022-06-03,0.008768268123920675,8.768268123920676e-06,0.08976343950312203,0.015807284661857598,0.015798516393733676,1.1258911568482335,1.1230868957039153
2022-06-06,0.0,0.0,0.09009950523606013,-0.01445194115351755,-0.01445194115351755,1.1096198441041971,1.1068561099769156
2022-06-07,0.0,0.0,0.09004841902702734,-0.00999450322540845,-0.00999450322540845,1.0985297449933205,1.0957936330156883
2022-06-08,0.0,0.0,0.08921041531417535,0.0133928996417495,0.0133928996417495,1.1132422436214928,1.1104694871707357
2022-06-09,0.0,0.0,0.0883384603015582,-0.010378578022512751,-0.010378578022512751,1.10168837213811,1.0989443929565146
2022-06-10,0.0,0.0,0.0877310416851356,-0.01196683905364285,-0.01196683905364285,1.0885046447014637,1.0857935022771008
2022-06-13,0.0,0.0,0.08960695560458323,-0.01116126262022935,-0.01116126262022935,1.0763555584986113,1.0736746758468476
2022-06-14,9.953604411688799e-05,9.953604411688799e-08,0.09263252778767862,-0.04867082268678973,-0.04867092222283385,1.023968447962985,1.0214179392060794
2022-06-15,0.01797157475281355,1.797157475281355e-05,0.09772422320679366,-0.011764402711233368,-0.011782374285986181,1.0119220707775518,1.0093832107439327
2022-06-16,0.021212307988314666,2.1212307988314668e-05,0.09202150989837399,0.021691158265450254,0.02166994595746194,1.0338718325670897,1.031256490371123
2022-06-17,0.011288561009691667,1.1288561009691667e-05,0.0931904939327529,-0.005399400679905969,-0.0054106892409156605,1.0282895442913913,1.0256766819740475
2022-06-21,0.007167339423426761,7.167339423426761e-06,0.0962994303191558,-0.0035084680203846435,-0.00351563535980807,1.0246818233095492,1.022070776763169
2022-06-22,0.014109559647587866,1.4109559647587867e-05,0.09155583727539175,0.0002731291736373098,0.00025901961398972195,1.0249616938091908,1.0223355131412364
2022-06-23,0.011288300311491417,1.1288300311491418e-05,0.09368176141855361,0.01473170000183798,0.014720411701526489,1.0400611219957634,1.0373847127917668
2022-06-24,0.002178209393107561,2.1782093931075607e-06,0.09279742643490653,0.005390114727414854,0.0053879365180217464,1.0456671707668443,1.042974075769055
2022-06-27,0.01106878788311294,1.106878788311294e-05,0.09264137875271565,0.007256456798240922,0.0072453880103578085,1.0532550094168527,1.0505308276327463
2022-06-28,0.008318826899790965,8.318826899790965e-06,0.09605489323280673,-0.006705746495237731,-0.006714065322137522,1.046192148328864,1.043477495033101
2022-06-29,0.015941161610361437,1.5941161610361438e-05,0.091325263849949,-0.007898509568676002,-0.007914450730286363,1.0379287896346148,1.0352189438104988
2022-06-30,0.010521474931813879,1.0521474931813879e-05,0.09259781866647379,0.006972496978497771,0.006961975503565958,1.0451657449842378,1.042426112738135
2022-07-01,0.002722307657302636,2.7223076573026363e-06,0.09053473108511052,-0.0025168369316546733,-0.002519559239311976,1.042535233237561,1.0397996583944855
2022-07-05,0.010671793077280722,1.0671793077280722e-05,0.09065122334681619,0.008880613061469061,0.00886994126839178,1.0517935852468923,1.0490226202953383
2022-07-06,0.003909573556996254,3.909573556996254e-06,0.08991749435329367,-0.005862329081841349,-0.005866238655398345,1.0456276251240053,1.0428688032497746
2022-07-07,0.0,0.0,0.08963529912397711,-0.014765438262779998,-0.014765438262779998,1.0301884749793795,1.027470388319211
2022-07-08,0.0,0.0,0.08956441152971628,0.0032909405856931997,0.0032909405856931997,1.0335787640426024,1.0308517323207285
2022-07-11,0.0,0.0,0.08947321812716334,-0.0057646235554375,-0.0057646235554375,1.0276205715530025,1.0249092601424288
2022-07-12,0.0,0.0,0.08824245338199847,0.0001166062366008986,0.0001166062366008986,1.027740398520505,1.0250287709541115
2022-07-13,0.0,0.0,0.08870917766598999,-0.0033437830632443,-0.0033437830632443,1.02430385758252,1.0216012971104569
2022-07-14,0.0,0.0,0.08794785970678579,0.005455896749716549,0.005455896749716549,1.0298923536698266,1.027175048306868
2022-07-15,0.0,0.0,0.0872037391604854,-0.012385149974935152,-0.012385149974935152,1.0171369824115868,1.0144533312830761
2022-07-18,0.0,0.0,0.08676013796332233,0.0112634109141476,0.0112634109141476,1.0285934142004647,1.0258795360065434
2022-07-19,0.0,0.0,0.08779928056703028,-0.008910682612371849,-0.008910682612371849,1.0194279447493484,1.0167382490626617
2022-07-20,0.0,0.0,0.08715673445017731,0.011818008363021701,0.011818008363021701,1.0314755527258943,1.0287540701930884
2022-07-21,0.0,0.0,0.08975581992883679,-0.00023626969060844966,-0.00023626969060844966,1.0312318463161816,1.0285110067872116
2022-07-22,0.0,0.0,0.08826856989081718,0.02063595063875815,0.02063595063875815,1.0525122957938777,1.049735309154692
2022-07-25,0.0,0.0,0.08859626295679224,0.0049212987596946,0.0049212987596946,1.0576920232497313,1.0549013702296424
2022-07-26,0.0,0.0,0.0884083761057462,-0.0056806097167826,-0.0056806097167826,1.0516836876650955,1.0489088872556684
2022-07-27,0.0,0.0,0.0871188022442406,-0.0061608261801139996,-0.0061608261801139996,1.0452044472689295,1.0424467419225094
2022-07-28,0.0,0.0,0.086732931721617,0.015067292325416051,0.015067292325416051,1.0609528482157553,1.0581535917167333
2022-07-29,0.0,0.0,0.0893677042964125,0.01625275462420475,0.01625275462420475,1.0781962545256571,1.0753515023976263
2022-08-01,0.0,0.0,0.08886635499542599,0.00727965198722415,0.00727965198722415,1.0860451480325326,1.0831796870990198
2022-08-02,0.0,0.0,0.08816415740287972,0.0123341069948092,0.0123341069948092,1.0994405450895595,1.0965397412543032
2022-08-03,0.0,0.0,0.08814073833819623,-0.01698094436774865,-0.01698094436774865,1.0807710063577465,1.0779194609110383
2022-08-04,0.0,0.0,0.0883341424133534,0.01679771777108175,0.01679771777108175,1.0989254926977121,1.0960260477953787
2022-08-05,0.0,0.0,0.08883401783056928,0.0076968307992001,0.0076968307992001,1.107383736275934,1.1044619748367757
2022-08-08,0.0,0.0,0.08804864053249019,-0.0185463779338288,-0.0185463779338288,1.086845778985185,1.08397820563791
2022-08-09,0.0,0.0,0.08867266937941139,0.0116426621578183,0.0116426621578183,1.0994995572075605,1.0965985976725903
2022-08-10,0.0,0.0,0.08820815330969596,-0.0024091908186056497,-0.0024091908186056497,1.096850652969275,1.0939566823993816
2022-08-11,0.0,0.0,0.08714382493442666,0.00585920562190575,0.00585920562190575,1.1032773264815436,1.1003663995430175
2022-08-12,0.0,0.0,0.08872190183622743,-0.0131135616884989,-0.0131135616884989,1.0888094312012058,1.0859366768826588
2022-08-15,0.0,0.0,0.08873589646452344,0.0180164983359287,0.0180164983359287,1.108425964506586,1.1055014532146392
2022-08-16,0.0,0.0,0.08942145832563261,-0.004852041403900701,-0.004852041403900701,1.1030478358336413,1.1001375143915695
2022-08-17,0.0,0.0,0.08839426544108475,0.0021771259948984,0.0021771259948984,1.105449309950651,1.1025326523721142
2022-08-18,0.0,0.0,0.08700012118944735,-0.01205242514104745,-0.01205242514104745,1.0921259648952484,1.089244460113839
2022-08-19,0.0,0.0,0.08660488828138758,0.0008815541670481998,0.0008815541670481998,1.0930887330905432,1.0902046881065863
2022-08-22,0.0,0.0,0.08541520534486015,-0.018555045100074198,-0.018555045100074198,1.0728064223496652,1.0699758909504562
2022-08-23,0.0,0.0,0.08672323318026491,-0.0155344623395334,-0.0155344623395334,1.0561409513840647,1.0533543907682776
2022-08-24,0.0,0.0,0.0885660173859524,-0.00048707228750435004,-0.00048707228750435004,1.0556265343949471,1.0528413310356135
2022-08-25,0.0,0.0,0.08716468777679354,-0.0006025382115229,-0.0006025382115229,1.0549904790708766,1.052206953902994
2022-08-26,0.0,0.0,0.08589132002019208,0.0154584949611698,0.0154584949611698,1.0712990440756758,1.0684724897980111
2022-08-29,0.0,0.0,0.08636393440610395,-0.0195765423959134,-0.0195765423959134,1.0503267129206268,1.0475554928026132
2022-08-30,0.0,0.0,0.09236416385084044,-0.0071618706218849,-0.0071618706218849,1.0428044088919797,1.040053035893916
2022-08-31,0.017001540062295928,1.700154006229593e-05,0.08785860178861264,-0.00809080089485073,-0.008107802434913026,1.0343672860473623,1.0316204913570566
2022-09-01,0.009062129523521922,9.062129523521922e-06,0.08812822447177035,-0.012378903057485322,-0.012387965187008845,1.0215629536875477,1.0188408126239203
2022-09-02,0.00534558370482488,5.34558370482488e-06,0.08786648840015027,-0.013159030809899889,-0.013164376393604713,1.008120175305721,1.005428408681373
2022-09-06,0.0025938268339491255,2.5938268339491257e-06,0.08810513473520117,0.0019033879826670995,0.0019007941558331503,1.0100390191324822,1.0073395211247032
2022-09-07,0.0,0.0,0.0875911679212492,-0.0173587221740959,-0.0173587221740959,0.9925060324143651,0.9898533942425126
2022-09-08,0.0,0.0,0.08816024970151443,0.0218072460771658,0.0218072460771658,1.0141498556962967,1.011439370791077
2022-09-09,0.0,0.0,0.08947473290654268,-0.0049078500094045,-0.0049078500094045,1.00917256031748,1.006475378065628
2022-09-12,0.0,0.0,0.0883980839589766,0.01145197759267165,0.01145197759267165,1.0207295818653748,1.0180015115428112
2022-09-13,0.0,0.0,0.08829699099929567,0.0037472981072515,0.0037472981072515,1.0245545598955146,1.0218162666801947
2022-09-14,0.0,0.0,0.08759929505523832,-0.027614146832012246,-0.027614146832012246,0.9962623598411522,0.9935996822567492
2022-09-15,0.0,0.0,0.09665087819615467,0.001692043561648,0.001692043561648,0.9979480791528338,0.9952808962019674
2022-09-16,0.03577286491296394,3.5772864912963945e-05,0.08788667870114582,-0.014644151136734859,-0.014679924001647823,0.9833339766551054,0.9806702482854305
2022-09-19,0.010960415000796836,1.0960415000796836e-05,0.08907356173981966,-0.006713725571725465,-0.006724685986726262,0.9767321421904895,0.9740755488091861
2022-09-20,0.006996177918590002,6.996177918590002e-06,0.08897768744738295,0.005138240019430742,0.005131243841512152,0.9817508263717569,0.9790737679701808
2022-09-21,0.005937123192662291,5.937123192662291e-06,0.08803912485908248,-0.013369755193709178,-0.01337569231690184,0.9686250581619448,0.9659779784942619
2022-09-22,0.008629001611126369,8.62900161112637e-06,0.08863471657267001,0.0019387199698013965,0.0019300909681902701,0.9705029509054534,0.9678424038660244
2022-09-23,0.0032501471897884437,3.2501471897884437e-06,0.09007056227576452,-0.01744683206445265,-0.01745008221164244,0.9535707489029502,0.9509534743506486
2022-09-26,0.002829103836436836,2.829103836436836e-06,0.09017665607989642,-0.015028479191867268,-0.015031308295703705,0.939240030745089,0.9366593995028135
2022-09-27,0.002829103836436836,2.829103836436836e-06,0.09137221910874402,-0.0204694942434255,-0.020472323347261935,0.9200142623425577,0.9174838054099398
2022-09-28,0.0,0.0,0.09147468330405249,-0.0135960960299813,-0.0135960960299813,0.9075056600827958,0.9050096074856335
2022-09-29,0.0,0.0,0.09154663815871614,0.03649624552312825,0.03649624552312825,0.9406262094668062,0.9380390603212192
2022-09-30,0.0,0.0,0.09557017860091034,-0.0132467566045186,-0.0132467566045186,0.9281659630141685,0.9256130852036127
2022-10-03,0.003304760870122242,3.304760870122242e-06,0.09559404187710237,-0.014171366986906913,-0.014174671747777036,0.9150125825275389,0.9124928235554043
2022-10-04,0.007710131624069028,7.710131624069028e-06,0.09489902539397434,0.03149933414286596,0.03149162401124189,0.9438348696095006,0.9412287044677676
2022-10-05,0.00010604170591882456,1.0604170591882455e-07,0.09764614999195348,0.020710480541297958,0.020710374499592038,0.9633821433107466,0.9607219034270609
2022-10-06,0.011109415182800675,1.1109415182800676e-05,0.09757521524460064,-0.008674225861947868,-0.008685335277130668,0.9550255490083017,0.9523777115877137
2022-10-07,0.012483697851837727,1.2483697851837727e-05,0.0933980583220294,-0.007956578923750764,-0.007969062621602602,0.9474268128534188,0.9447881539646527
2022-10-10,0.010692027817031685,1.0692027817031685e-05,0.09320920322159273,-0.023561278159212634,-0.023571970187029667,0.9251042261802831,0.9225176357663392
2022-10-11,0.006751365091060807,6.751365091060807e-06,0.09612570079054797,-0.019165336416005742,-0.019172087781096803,0.9073742924656694,0.904831046673817
2022-10-12,0.01367828275318797,1.367828275318797e-05,0.09306248070862704,-0.0016921325278102567,-0.0017058108105634446,0.9058388949104893,0.9032875760926674
2022-10-13,0.008868292443391934,8.868292443391935e-06,0.09233250894914441,0.003563831207988589,0.003554962915545197,0.9090671518335812,0.9064987299277495
2022-10-14,0.008797185814427871,8.797185814427871e-06,0.09164074239750353,0.004407688402851129,0.004398891217036701,0.9130740365761311,0.9104863192290836
2022-10-17,0.006461853669942036,6.4618536699420365e-06,0.09430592738112144,-0.021937063581828148,-0.02194352543549809,0.893043873380844,0.8905070395244072
2022-10-18,0.011292862967578698,1.1292862967578698e-05,0.09352675784500558,0.01110837418263834,0.01109708131967076,0.9029641388878711,0.9003890685577488
2022-10-19,0.006819822284427179,6.819822284427179e-06,0.09271762412070797,0.007662781191344504,0.007655961369060077,0.9098833555077998,0.907282412483751
2022-10-20,0.005590542997691489,5.590542997691489e-06,0.08997892156224178,-0.01914999266694673,-0.019155583209944423,0.8924590959220485,0.8899028887364994
2022-10-21,0.007498697050526082,7.498697050526082e-06,0.09078475140015003,-0.013349631336334628,-0.013357130033385154,0.8805450960087307,0.8780163401345609
2022-10-24,0.008477720669014144,8.477720669014143e-06,0.09122324527574331,0.011376121104359547,0.011367643383690533,0.8905622836587759,0.8879973167742636
2022-10-25,0.006887108891499821,6.887108891499821e-06,0.09476675121092398,0.0002868607838427623,0.00027997367495126245,0.8908177510535269,0.8882459326463877
2022-10-26,0.009833511267319878,9.833511267319878e-06,0.09190269093764958,0.023069101431123992,0.02305926791985667,0.9113681161092264,0.9087282335860037
2022-10-27,0.005648779919418284,5.648779919418284e-06,0.0940146643043335,0.006618724558765414,0.006613075778845995,0.9174002106413943,0.9147377222570849
2022-10-28,0.0013882860213884907,1.3882860213884907e-06,0.093048543759508,0.001795055813794467,0.0017936675277730786,0.9190469952230824,0.9163784576059265
2022-10-31,0.0036361469651704226,3.636146965170423e-06,0.0920213068057162,0.0031756400514877992,0.0031720039045226287,0.9219655576703123,0.919285213651473
2022-11-01,0.0,0.0,0.09352073466671348,-0.011299011949924,-0.011299011949924,0.9115482578167771,0.9088981990370365
2022-11-02,0.002831039813767089,2.831039813767089e-06,0.0916795875019782,0.0063297703402429555,0.006326939300429189,0.9173181489428058,0.9146487427726133
2022-11-03,0.002831039813767089,2.831039813767089e-06,0.09070220376859897,-0.0183815369164222,-0.018384367956235968,0.9004564315239095,0.897833503734773
2022-11-04,0.0,0.0,0.09297328751251673,-0.009787556213148349,-0.009787556213148349,0.8916431635828783,0.8890459078469211
2022-11-07,0.0077189459636627655,7.718945963662765e-06,0.09043899941411702,0.013570282751800748,0.013562563805837084,0.9037430134264081,0.9011036496984132
2022-11-08,0.005425549861324652,5.425549861324652e-06,0.09351632348561859,-0.002282125763031741,-0.0022875513128930657,0.9016805582123076,0.8990423288614928
2022-11-09,0.0022933961023381133,2.2933961023381135e-06,0.09252766710888263,0.019546376394684248,0.01954408299858191,0.9193051457908943,0.9166132867560003
2022-11-10,0.0,0.0,0.09237729043426597,-0.011282598273952699,-0.011282598273952699,0.9089329951397581,0.9062715072689649
2022-11-11,0.0,0.0,0.09336932536105275,0.06061976388468705,0.06061976388468705,0.9640322986921317,0.9612094720550289
2022-11-14,0.0,0.0,0.10838915120946803,0.006272851962090099,0.006272851962090099,0.9700795305885008,0.9672389967777889
2022-11-15,0.052868672055363664,5.286867205536367e-05,0.09610369430169238,-0.003502957213734607,-0.0035558258857899708,0.9666813834989295,0.963799663315301
2022-11-16,0.009837990181832845,9.837990181832845e-06,0.09528249664865202,0.013296252718123732,0.0132864147279419,0.9795346234718367,0.9766051053567588
2022-11-17,0.009360957478288662,9.360957478288661e-06,0.09506457563047159,0.006353660365651576,0.006344299408173288,0.9857582537857732,0.9828009805486927
2022-11-18,0.009484484197324394,9.484484197324394e-06,0.09548534981843401,-0.010335189501496094,-0.01034467398569342,0.9755702554302333,0.9726342248120967
2022-11-21,0.008643661948668835,8.643661948668835e-06,0.09483578715287301,-0.004785044417371756,-0.004793688079320424,0.970902108425733,0.9679717197230758
2022-11-22,0.009823709842330941,9.82370984233094e-06,0.09428627244165282,-0.0024793722138843253,-0.0024891959237266564,0.9684948807157006,0.9655622484640585
2022-11-23,0.005717868406917986,5.717868406917986e-06,0.09323749147899868,0.01431604028163435,0.014310322413227432,0.9823598924405831,0.97937975554962
2022-11-25,0.0,0.0,0.09290280948841201,0.01489290973229035,0.01489290973229035,0.9969900896433231,0.993965569842653
2022-11-28,0.0,0.0,0.09215978563960964,-0.0013806052612714,-0.0013806052612714,0.9956136398801262,0.9925932957474057
2022-11-29,0.0,0.0,0.09048594801489233,-0.010603135308253952,-0.010603135308253952,0.9850570137417339,0.9820686947265302
2022-11-30,0.0,0.0,0.09105333880143097,-0.0042929914524832994,-0.0042929914524832994,0.980828172401532,0.9778526822143179
2022-12-01,0.0,0.0,0.08986329158981658,0.02552151281644515,0.02552151281644515,1.0058603911742081,1.0028089619760459
2022-12-02,0.0,0.0,0.0943285331623812,0.0232749532934325,0.0232749532934325,1.0292717447985016,1.0261492937282737
2022-12-05,0.010777629024827512,1.0777629024827512e-05,0.09376693683698836,0.003965443619960126,0.003954665990935298,1.033353263872118,1.0302073714418032
2022-12-06,0.00992046438585209,9.92046438585209e-06,0.09348033207140198,-0.02475226267331509,-0.02476218313770094,1.0077754324504278,1.0046971878403517
2022-12-07,0.0008571646389754217,8.571646389754217e-07,0.09505042759416459,0.0005058520214041998,0.0005049948567652243,1.0082852176900545,1.0052045547528174
2022-12-08,0.0,0.0,0.0947185213125878,0.0152924949162184,0.0152924949162184,1.0237044142556777,1.0205766402961345
2022-12-09,0.0,0.0,0.09426477053409481,0.00295023820061315,0.00295023820061315,1.0267245861247511,1.0235875844869897
2022-12-12,0.0,0.0,0.09266860419968688,-0.01515957331082415,-0.01515957331082415,1.0111598794913674,1.0080704334599098
2022-12-13,0.0,0.0,0.09314638440279016,0.00460595891661225,0.00460595891661225,1.0158172403544312,1.0127135644614778
2022-12-14,0.0,0.0,0.0928108261300612,0.0170439208708805,0.0170439208708805,1.0331307490183084,1.0299741743190265
2022-12-15,0.0,0.0,0.09235956759373484,-0.00229397593486245,-0.00229397593486245,1.0307607719424938,1.0276114383496089
2022-12-16,0.0,0.0,0.0911037366901752,-0.0198911312500119,-0.0198911312500119,1.0102577741404222,1.0071710843553834
2022-12-19,0.0,0.0,0.09428213896270386,-0.0095101738912358,-0.0095101738912358,1.000650047033374,0.9975927122049392
2022-12-20,0.0008347475969593399,8.347475969593399e-07,0.09427013569069127,-0.014128592127733805,-0.014129426875330765,0.9865122706562418,0.9834972989264765
2022-12-21,0.0025706286808937218,2.5706286808937217e-06,0.09309029310880677,-5.4731536073070186e-05,-5.7302164753963904e-05,0.9864582773243139,0.9834409424022184
2022-12-22,0.0034053762778530616,3.4053762778530616e-06,0.09315390198044887,0.00784734888400595,0.007843943507728098,0.9941993595859931,0.9911549975976082
2022-12-23,0.0,0.0,0.09255923327180345,-0.0133603528951156,-0.0133603528951156,0.9809165052938263,0.9779128170559467
2022-12-27,0.0,0.0,0.09249725014150786,-0.0030196843853055,-0.0030196843853055,0.9779544470395021,0.9749598289920927
2022-12-28,0.0,0.0,0.09142517287157788,-0.0077638382418578,-0.0077638382418578,0.9703617669047819,0.9673903985874888
2022-12-29,0.0,0.0,0.09117490450986239,-0.01146543617401995,-0.01146543617401995,0.9592361460006259,0.9562988457171242
2022-12-30,0.0,0.0,0.09088007459080154,0.01735498972981785,0.01735498972981785,0.9758836794629367,0.9728954023631815
2023-01-03,0.0,0.0,0.09154733053319741,-0.004578256339437201,-0.004578256339437201,0.9714158338208823,0.9684412378197029
2023-01-04,0.0,0.0,0.09024384885384641,0.0115106089788026,0.0115106089788026,0.9825974216398119,0.9795885862271931
2023-01-05,0.0,0.0,0.09001899017424476,0.015332704474695251,0.015332704474695251,0.9976632975234125,0.9946083285265991
2023-01-06,0.0,0.0,0.08960882723880262,-0.009918262941702002,-0.009918262941702002,0.9877682106112899,0.9847435416002656
2023-01-09,0.0,0.0,0.08970585474941253,0.029718607661138853,0.029718607661138853,1.017123306522592,1.0140087485599243
2023-01-10,0.0,0.0,0.09315846886715667,0.00349280163709085,0.00349280163709085,1.0206759164727373,1.0175504799769188
2023-01-11,0.0,0.0,0.09132681890551564,-0.003015419262869649,-0.003015419262869649,1.0175981506530583,1.0144821386586542
2023-01-12,0.0,0.0,0.09070037073536606,0.014001230331492299,0.014001230331492299,1.0318457767452522,1.0286861367491988
2023-01-13,0.0,0.0,0.09075623687523422,0.01731333170137055,0.01731333170137055,1.0497104649427011,1.046496121051339
2023-01-17,0.0,0.0,0.09061299815720383,0.003192716848967,0.003192716848967,1.0530618932306606,1.0498372868493981
2023-01-18,0.0,0.0,0.08981266193147684,-0.0074424358824064,-0.0074424358824064,1.0452245476100859,1.042023940155062
2023-01-19,0.0,0.0,0.08871134380588003,0.0025763904157891995,0.0025763904157891995,1.047917454116896,1.0447086006475004
2023-01-20,0.0,0.0,0.09103805745107647,0.0010790142380175003,0.0010790142380175003,1.0490481719701552,1.0458358561021783
2023-01-23,0.0,0.0,0.09071005747808784,-0.0006136923114843495,-0.0006136923114843495,1.0484043791726405,1.0451940346782138
2023-01-24,0.0,0.0,0.09203059722238971,0.004551297328479,0.004551297328479,1.0531759792227346,1.0499510234959868
2023-01-25,0.0,0.0,0.09115258889803392,0.00840803111795215,0.00840803111795215,1.0620311156287192,1.0587790443738667
2023-01-26,0.0,0.0,0.0900843065758576,0.00369506305165335,0.00369506305165335,1.0659553875637853,1.0626912997005975
2023-01-27,0.0,0.0,0.088621912585821,-0.0014144923540828002,-0.0014144923540828002,1.064447601818283,1.0611881309824207
2023-01-30,0.0,0.0,0.0883117061795891,-0.0008129835670360499,-0.0008129835670360499,1.0635822234100336,1.0603254024703983
2023-01-31,0.0,0.0,0.08697381026885967,-0.009428835827967798,-0.009428835827967798,1.0535538812359555,1.050327768326281
2023-02-01,0.0,0.0,0.08712890712677639,0.013094424851635748,0.013094424851635748,1.0673495633609489,1.064081206358216
2023-02-02,0.0,0.0,0.08739523703656925,0.0162349980894857,0.0162349980894857,1.0846779814829275,1.0813565627104993
2023-02-03,0.0,0.0,0.08740756545139985,-0.0026124667756457502,-0.0026124667756457502,1.081844296294029,1.0785315546177916
2023-02-06,0.0,0.0,0.08858914851024502,-0.025514578337163446,-0.025514578337163446,1.0542414952476216,1.0510132767783933
2023-02-07,0.0,0.0,0.09043181519476995,-0.00574413518341895,-0.00574413518341895,1.0481857895829494,1.04497611443701
2023-02-08,0.0,0.0,0.08933409677872428,0.0029278645453177992,0.0029278645453177992,1.0512547355931754,1.0480356629531742
2023-02-09,0.0,0.0,0.0890880081111079,-0.0018892781827012498,-0.0018892781827012498,1.0492686229567578,1.046055632040464
2023-02-10,0.0,0.0,0.0886045575240766,-0.013084651552643548,-0.013084651552643548,1.0355393086402465,1.032368358590534
2023-02-13,0.0,0.0,0.08820264858445337,-0.0035082404014064004,-0.0035082404014064004,1.0319063878004302,1.0287465622057932
2023-02-14,0.0,0.0,0.0872106638249648,0.007480542999394201,0.007480542999394201,1.039625607905721,1.0364421450998527
2023-02-15,0.0,0.0,0.08707824596390436,-0.0010057322793172,-0.0010057322793172,1.0385800228734454,1.035399761778881
2023-02-16,0.0,0.0,0.08576898842507734,-0.0080706767919577,-0.0080706767919577,1.03019797918625,1.0270433849510936
2023-02-17,0.0,0.0,0.08525914597918263,-0.01447666000206015,-0.01447666000206015,1.0152841533067611,1.0121752270597917
2023-02-21,0.0,0.0,0.08652660664391865,0.0041136198872595,0.0041136198872595,1.0194606463910234,1.0163389312032163
2023-02-22,0.0,0.0,0.08554139096435698,-0.02181882207623535,-0.02181882207623535,0.9972172159336938,0.9941636128941421
2023-02-23,0.0,0.0,0.08881773211390913,0.0010505361514458501,0.0010505361514458501,0.9982648286698764,0.9952080177099395
2023-02-24,0.0,0.0,0.08757615287006917,0.00724965870893485,0.00724965870893485,1.0055019079788663,1.0024229361827321
2023-02-27,0.0,0.0,0.08657296725761036,-0.01552338350597665,-0.01552338350597665,0.9898931162453192,0.9868619405091805
2023-02-28,0.0,0.0,0.08692992072120896,0.0050409863036701,0.0050409863036701,0.994883153886409,0.9918366980349005
2023-03-01,0.0,0.0,0.08568087922418952,0.002687854438309,0.002687854438309,0.9975572549871815,0.9945026107057915
2023-03-02,0.0,0.0,0.0847469573474063,-0.0056749836844825,-0.0056749836844825,0.9918961338407921,0.9888588246158608
2023-03-03,0.0,0.0,0.08453373258862303,-0.0008726325117563005,-0.0008726325117563005,0.9910305730261173,0.9879959142559639
2023-03-06,0.0,0.0,0.08415776565910317,0.025256857310314698,0.025256857310314698,1.0160608907991973,1.0129495860855007
2023-03-07,0.0,0.0,0.0871600900691208,-0.0060738880519529,-0.0060738880519529,1.0098894506945155,1.0067970436973455
2023-03-08,0.0,0.0,0.08610091738003087,-0.013484329122017802,-0.013484329122017802,0.9962717689644969,0.9932210610010559
2023-03-09,0.0,0.0,0.08790262074960223,0.0010694097163721,0.0010694097163721,0.9973371916743747,0.9942832212541959
2023-03-10,0.0,0.0,0.08646214646271107,-0.00318437169353765,-0.00318437169353765,0.9941612993522945,0.9911170539090746
2023-03-13,0.0,0.0,0.08809202601700693,0.020351944973275353,0.020351944973275353,1.0143944154112723,1.011288213652307
2023-03-14,0.0,0.0,0.09273624939164567,0.011766505190569751,0.011766505190569751,1.026330292565494,1.0231875416674088
2023-03-15,0.0,0.0,0.09230242114076206,-0.0029955716710682503,-0.0029955716710682503,1.0232558466159256,1.0201225100534
2023-03-16,0.0,0.0,0.09299408959575012,0.01031300810932635,0.01031300810932635,1.0338086924599912,1.0306430417720869
2023-03-17,0.0,0.0,0.0926350306112531,0.0057787535405465495,0.0057787535405465495,1.039782818101792,1.0365988738987668
2023-03-20,0.0,0.0,0.09283517102288874,0.014015478545820149,0.014015478545820149,1.0543558718812103,1.0511273031765163
2023-03-21,0.0,0.0,0.09523203679380905,0.0005571173168656997,0.0005571173168656997,1.0549432717955742,1.0517129043993463
2023-03-22,0.0,0.0,0.09392557387448959,-0.0073199086588307,-0.0073199086588307,1.0472211834057825,1.0440144620038296
2023-03-23,0.0,0.0,0.09406792549066247,0.00646458096737545,0.00646458096737545,1.05399102953666,1.050763578024564
2023-03-24,0.0,0.0,0.09525134857772369,0.007579985607716699,0.007579985607716699,1.0619802663712103,1.0587283508231033
2023-03-27,0.0,0.0,0.09363025425964303,-0.00027759217942680036,-0.00027759217942680036,1.06168546895456,1.0584344561127774
2023-03-28,0.0,0.0,0.0923871111627036,-0.015601470024560499,-0.015601470024560499,1.045121614935154,1.041921322672772
2023-03-29,0.0,0.0,0.09256759868792198,0.0038639508372803003,0.0038639508372803003,1.0491599134742424,1.0459472554398934
2023-03-30,0.0,0.0,0.09122568446901248,0.00372307226134705,0.00372307226134705,1.0530660116458157,1.0498413926534538
2023-03-31,0.0,0.0,0.09116439013441996,0.0097139241025534,0.0097139241025534,1.063295414957922,1.0600394722614084
2023-04-03,0.0,0.0,0.09007890475286681,0.01182007721238945,0.01182007721238945,1.0758636488623043,1.0725692206717188
2023-04-04,0.0,0.0,0.09062686281040062,0.00657088571523955,0.00657088571523955,1.0829330259441592,1.0796169504424362
2023-04-05,0.0,0.0,0.0893180844145245,0.008932653936955548,0.008932653936955548,1.0926064919018186,1.0892607950452098
2023-04-06,0.0,0.0,0.08919201688977411,0.00349019900997385,0.00349019900997385,1.0964199059981452,1.09306253199368
2023-04-10,0.0,0.0,0.08830008030089936,-0.00034156027619975,-0.00034156027619975,1.0960454125122214,1.0926891852533485
2023-04-11,0.0,0.0,0.08731085368903743,-0.01132877059502635,-0.01132877059502635,1.0836285654721394,1.080310360141947
2023-04-12,0.0,0.0,0.08723278782211938,0.0043137094669649,0.0043137094669649,1.0883030242736902,1.0849705051697516
2023-04-13,0.0,0.0,0.08629380924660514,-0.00011982156979945013,-0.00011982156979945013,1.0881726220969041,1.084840502300636
2023-04-14,0.0,0.0,0.08558383996774055,0.009365437596657849,0.009365437596657849,1.0983638348835443,1.0950005083272596
2023-04-17,0.0,0.0,0.08661401101947898,-0.01475174874955605,-0.01475174874955605,1.0821610475557433,1.0788473359477797
2023-04-18,0.0,0.0,0.08675326554264082,-0.0064244450157785,-0.0064244450157785,1.075208763407504,1.071916340557564
2023-04-19,0.0,0.0,0.08630129945764853,0.00404121758219535,0.00404121758219535,1.079553915966717,1.0762481877196677
2023-04-20,0.0,0.0,0.08537123399083119,-0.00295953379776355,-0.00295953379776355,1.0763589396659055,1.0730629948333295
2023-04-21,0.0,0.0,0.08452408214662864,0.0034857955673077996,0.0034857955673077996,1.080110906886625,1.0768034730641616
2023-04-24,0.0,0.0,0.08432248101908603,-0.00739781629643275,-0.00739781629643275,1.0721204448177044,1.0688374787830721
2023-04-25,0.0,0.0,0.08388330353841311,0.00685260018253415,0.00685260018253415,1.0794672575735609,1.0761617946852804
2023-04-26,0.0,0.0,0.08346632807239801,0.0018348198609382995,0.0018348198609382995,1.0814478855369896,1.078136357719752
2023-04-27,0.0,0.0,0.08579949422836274,-0.0102061148702975,-0.0102061148702975,1.0704105041909586,1.06713277420702
2023-04-28,0.0,0.0,0.08532758059211937,0.0048972393163441074,0.0048972393163441074,1.0756525605967102,1.0723587787846258
2023-05-01,0.0,0.0,0.08718762367529251,0.0123857229726329,0.0123857229726329,1.0889752952270644,1.0856407175459233
2023-05-02,0.0,0.0,0.08703321836058044,-0.0186453700312952,-0.0186453700312952,1.0686709478926169,1.0653985446462386
2023-05-03,0.0,0.0,0.088890912217387,0.0162122572473915,0.0162122572473915,1.0859965162126657,1.08267105992304
2023-05-04,0.0,0.0,0.09125976734997986,0.0035610065247007002,0.0035610065247007002,1.0898637568927012,1.0865264586315306
2023-05-05,0.0,0.0,0.09041331879792061,-0.0050137966414518995,-0.0050137966414518995,1.0843994016487526,1.0810788359223953
2023-05-08,0.0,0.0,0.08980588640811678,-0.0003798137830443489,-0.0003798137830443489,1.0839875318096814,1.0806682272799544
2023-05-09,0.0,0.0,0.09121215512885578,-0.0063105808584674,-0.0063105808584674,1.077146940840626,1.0738485830505275
2023-05-10,0.0,0.0,0.09014703809086477,-0.0004589020289344,-0.0004589020289344,1.0766526359240138,1.0733557917569974
2023-05-11,0.0,0.0,0.08902182416328959,0.00644463047965635,0.00644463047965635,1.083591264317492,1.0802731732080701
2023-05-12,0.0,0.0,0.08804705065270457,7.551735234785032e-05,7.551735234785032e-05,1.0836730942608006,1.0803547525779233
2023-05-15,0.0,0.0,0.08739495677311063,-0.00571347511262255,-0.00571347511262255,1.0774815550065229,1.074182172586266
2023-05-16,0.0,0.0,0.08649809024753394,-0.00241429048369445,-0.00241429048369445,1.0748802015419143,1.0715887847892367
2023-05-17,0.0,0.0,0.08585494355940257,-0.0111460033715421,-0.0111460033715421,1.0628995831915242,1.059644852581069
2023-05-18,0.0,0.0,0.0858301867883063,0.0028388754750051505,0.0028388754750051505,1.0659170227506398,1.0626530523652769
2023-05-19,0.0,0.0,0.08587950803100498,-0.00545356862252375,-0.00545356862252375,1.060103971121153,1.0568578010222685
2023-05-22,0.0,0.0,0.08608197177448192,0.0006487880432210998,0.0006487880432210998,1.0607917539021876,1.0575434777269566
2023-05-23,0.0,0.0,0.08545330362447771,-0.0027526947379816497,-0.0027526947379816497,1.0578717180231267,1.0546323833606308
2023-05-24,0.0,0.0,0.084474474972571,-0.0036058533081414004,-0.0036058533081414004,1.0540571877891038,1.0508295336922169
2023-05-25,0.0,0.0,0.08470535936258888,-0.0101668305678449,-0.0101668305678449,1.043340766952033,1.0401459278674805
2023-05-26,0.0,0.0,0.08443949446642297,-0.0017659398723603003,-0.0017659398723603003,1.0414982898912133,1.0383090927003862
2023-05-30,0.0,0.0,0.08418917050381451,0.01245002246483185,0.01245002246483185,1.0544649669974429,1.0512360642299452
2023-05-31,0.0,0.0,0.0845714793821889,0.0082469397469952,0.0082469397469952,1.063161076045588,1.059905544711518
2023-06-01,0.0,0.0,0.08394116245108951,0.0023277708012862004,0.0023277708012862004,1.065635871355471,1.0623727618906187
2023-06-02,0.0,0.0,0.08352869998177392,0.0092923911572692,0.0092923911572692,1.0755381767033234,1.0722447451489345
2023-06-05,0.0,0.0,0.08335405289511977,-0.00575915944387285,-0.00575915944387285,1.0693439808557166,1.066069516698767
2023-06-06,0.0,0.0,0.08495966929142365,0.0011098250172732996,0.0011098250172732996,1.0705307655577407,1.0672526673185516
2023-06-07,0.0,0.0,0.08395604230781085,0.0045745611448376,0.0045745611448376,1.0754279740022143,1.0721348799021913
2023-06-08,0.0,0.0,0.08305889380265247,-0.0152510174148828,-0.0152510174148828,1.0590266032422544,1.0557837321776997
2023-06-09,0.0,0.0,0.08362932908584793,0.01539213516279455,0.01539213516279455,1.0753272838603545,1.0720344980860586
2023-06-12,0.0,0.0,0.08398233745053331,-0.0011340566882315,-0.0011340566882315,1.074107801762055,1.0708187501934892
2023-06-13,0.0,0.0,0.08310229926908415,0.00554545095404325,0.00554545095404325,1.0800642138960816,1.0767569230533571
2023-06-14,0.0,0.0,0.08287418996619046,-0.0053766714396509,-0.0053766714396509,1.0742570634842377,1.0709675548577298
2023-06-15,0.0,0.0,0.08286984069111075,0.0048575905011321,0.0048575905011321,1.0794753643915929,1.0761698766792274
2023-06-16,0.0,0.0,0.08227872655893168,0.01444378979055545,0.01444378979055545,1.0950670796389481,1.09171384815691
2023-06-20,0.0,0.0,0.08311886752682812,-0.00627561625405185,-0.00627561625405185,1.0881948588746888,1.084862670986643
2023-06-21,0.0,0.0,0.0827574459081707,-0.004355066927493649,-0.004355066927493649,1.083455697434135,1.0801380214473566
2023-06-22,0.0,0.0,0.08267770667969525,-0.00208369427113585,-0.00208369427113585,1.081198107004362,1.0778873440400307
2023-06-23,0.0,0.0,0.08209932724087818,-0.00925350261743295,-0.00925350261743295,1.0711932374912334,1.0679131106806585
2023-06-26,0.0,0.0,0.08226468663223577,0.0025425480587505994,0.0025425480587505994,1.0739167977777635,1.070628331087134
2023-06-27,0.0,0.0,0.08244533006716617,-0.0006460194894699001,-0.0006460194894699001,1.07322302659633,1.0699366843192732
2023-06-28,0.0,0.0,0.08180093594653105,0.0018429342087020496,0.0018429342087020496,1.0752009060256111,1.0719085072359504
2023-06-29,0.0,0.0,0.08195240652709168,0.00122497543812585,0.00122497543812585,1.0765180007265434,1.0732215688292328
2023-06-30,0.0,0.0,0.08117839330439473,-0.00767603136630015,-0.00767603136630015,1.0682546147865797,1.0649834864039098
2023-07-03,0.0,0.0,0.08185104038393999,0.01504932803751405,0.01504932803751405,1.0843311289120912,1.0810107722453377
2023-07-05,0.0,0.0,0.08274328259960594,-0.0030591788041731,-0.0030591788041731,1.0810139661058182,1.077703767003802
2023-07-06,0.0,0.0,0.0821069759811782,-0.0072861905626092505,-0.0072861905626092505,1.0731374923479293,1.0698514119873705
2023-07-07,0.0,0.0,0.08172871680885567,-0.0125450566406488,-0.0125450566406488,1.0596749217232209,1.056430065426911
2023-07-10,0.0,0.0,0.08239029862535152,-0.0005461684412286002,-0.0005461684412286002,1.0590961607230143,1.0558530766648098
2023-07-11,0.0,0.0,0.08198114970261289,0.00231123937369075,0.00231123937369075,1.061543985470202,1.0582934058684301
2023-07-12,0.0,0.0,0.08123502721748375,0.007608204263440499,0.007608204263440499,1.069620428946286,1.0663451182709291
2023-07-13,0.0,0.0,0.08095674278746474,0.01626697837325225,0.01626697837325225,1.0870199213315441,1.0836913312482654
2023-07-14,0.0,0.0,0.08185669353936839,0.00953892092845485,0.00953892092845485,1.097388918408781,1.0940285771678946
2023-07-17,0.0,0.0,0.08193767412475716,-0.0048604271133137,-0.0048604271133137,1.092055139555897,1.0887111310086877
2023-07-18,0.0,0.0,0.08133678155260955,0.00233798393646425,0.00233798393646425,1.0946083469299122,1.091256520144436
2023-07-19,0.0,0.0,0.0806858198726951,0.0116616194600473,0.0116616194600473,1.1073732529296003,1.103982338415656
2023-07-20,0.0,0.0,0.08097689905671415,0.00680895220369565,0.00680895220369565,1.114913304480449,1.1114993013916523
2023-07-21,0.0,0.0,0.08081215462912895,-0.01197448875135655,-0.01197448875135655,1.10156278765721,1.0981896655099974
2023-07-24,0.0,0.0,0.08133028606241988,-0.00138711687997585,-0.00138711687997585,1.1000347913200974,1.0966663480875536
2023-07-25,0.0,0.0,0.08065099856058758,-0.0017385293760050497,-0.0017385293760050497,1.0981223485207599,1.0947597614257272
2023-07-26,0.0,0.0,0.08025123924811162,0.00320123014064245,0.00320123014064245,1.1016376908809578,1.0982643393707658
2023-07-27,0.0,0.0,0.07980871352540227,0.00300444229387605,0.00300444229387605,1.1049474977519684,1.1015640112018272
2023-07-28,0.0,0.0,0.0793465916008755,-0.0210666738777123,-0.0210666738777123,1.0816699291648335,1.0783577214224136
2023-07-31,0.0,0.0,0.08182506800115859,0.0114075842076723,0.0114075842076723,1.0940091699666883,1.0906591779355335
2023-08-01,0.0,0.0,0.08212760212489861,0.0034973782293605997,0.0034973782293605997,1.0978353338204507,1.0944736256000975
2023-08-02,0.0,0.0,0.08138959583753887,-0.01627975242903225,-0.01627975242903225,1.0799628463780098,1.0766558659352226
2023-08-03,0.0,0.0,0.08259499767547125,-0.0147710717249727,-0.0147710717249727,1.0640106377138545,1.0607525049163808
2023-08-04,0.0,0.0,0.08407981561085856,-0.013272920215385849,-0.013272920215385849,1.0498881094111567,1.0466732215503551
2023-08-07,0.0,0.0,0.08499542268941282,0.00831899924830105,0.00831899924830105,1.0586221278041483,1.0553804952936494
2023-08-08,0.0,0.0,0.0852066918273716,-0.00173877474971035,-0.00173877474971035,1.0567814223788379,1.053545426337096
2023-08-09,0.0,0.0,0.08499686603428813,0.00041348440038709976,0.00041348440038709976,1.0572183850116104,1.0539810509359857
2023-08-10,0.0,0.0,0.08474257841803227,-0.0031597027594440002,-0.0031597027594440002,1.0538778891631542,1.0506507841009416
2023-08-11,0.0,0.0,0.08435677066039335,-0.0086549816533399,-0.0086549816533399,1.0447565953675866,1.0415574208404808
2023-08-14,0.0,0.0,0.08428260468718708,-0.00144367532086585,-0.00144367532086585,1.0432483060545426,1.0400537500967486
2023-08-15,0.0,0.0,0.08338979336627265,0.00012761970899604984,0.00012761970899604984,1.0433814450997718,1.0401864814536763
2023-08-16,0.0,0.0,0.0827916837927355,-0.0102444555311265,-0.0102444555311265,1.0326925702834446,1.0295303373003453
2023-08-17,0.0,0.0,0.08339185121907611,-0.0105064441067484,-0.0105064441067484,1.0218426435143073,1.0187136343552974
2023-08-18,0.0,0.0,0.08328082196628885,-0.00672987017543855,-0.00672987017543855,1.014965775183729,1.011857823850137
2023-08-21,0.0,0.0,0.08292857941565066,0.0020888519249808502,0.0020888519249808502,1.0170858883970113,1.0139714450132933
2023-08-22,0.0,0.0,0.08200421808587546,-0.00210049586924945,-0.00210049586924945,1.0149495036897616,1.011841602181506
2023-08-23,0.0,0.0,0.08210956882201276,0.0032903509751292,0.0032903509751292,1.018289043778934,1.0151709161839202
2023-08-24,0.0,0.0,0.0815867040403199,0.0228324664444802,0.0228324664444802,1.0415390942017984,1.0383497720631016
2023-08-25,0.0,0.0,0.08414873985684694,-0.0103983774030038,-0.0103983774030038,1.0307087776203054,1.0275526192568665
2023-08-28,0.0,0.0,0.08491149464744246,0.0044959226693617495,0.0044959226693617495,1.0353427645791187,1.0321724163717454
2023-08-29,0.0,0.0,0.08405315097552604,0.00511910517402065,0.00511910517402065,1.0406427930821605,1.0374562155288753
2023-08-30,0.0,0.0,0.08322195664756851,0.0172022344279522,0.0172022344279522,1.0585441743645185,1.055302780557139
2023-08-31,0.0,0.0,0.08432115050243147,0.0027851334754148997,0.0027851334754148997,1.0614923611797467,1.0582419396579672
2023-09-01,0.0,0.0,0.0832527011238254,0.00066493079514755,0.00066493079514755,1.062198180139509,1.0589455973123625
2023-09-05,0.0,0.0,0.08232225731793574,-0.00816638897768265,-0.00816638897768265,1.0535238566291032,1.0502978356585053
2023-09-06,0.0,0.0,0.08266527573977177,-0.01332393575987705,-0.01332393575987705,1.0394867724418793,1.0363037347674535
2023-09-07,0.0,0.0,0.0829522221079309,-0.004416655079385901,-0.004416655079385901,1.0348957179084193,1.0317267386135063
2023-09-08,0.0,0.0,0.08261997519169532,0.00038122533703919994,0.00038122533703919994,1.0352902463772793,1.0321200589871666
2023-09-11,0.0,0.0,0.0818855119056146,0.00283199865659245,0.00283199865659245,1.0382221869642032,1.0350430216076605
2023-09-12,0.0,0.0,0.08113166492901185,0.0005873655750001502,0.0005873655750001502,1.0388320029360274,1.035650970247197
2023-09-13,0.0,0.0,0.08089545392421259,-0.0024617761392235994,-0.0024617761392235994,1.0362746310985376,1.0331014294000787
2023-09-14,0.0,0.0,0.0807436386944546,-0.0006798432701483999,-0.0006798432701483999,1.0355701267645598,1.0323990823459204
2023-09-15,0.0,0.0,0.08004307139815164,0.0009247055905060001,0.0009247055905060001,1.03652772425014,1.033353747548999
2023-09-18,0.0,0.0,0.08012354440991065,-0.0075867213861319505,-0.0075867213861319505,1.028663877197253,1.0255139805730293
2023-09-19,0.0,0.0,0.08188034965167527,0.0060709117716174505,0.0060709117716174505,1.0349088048383674,1.0317397854696486
2023-09-20,0.0,0.0,0.08112916634909699,-0.0052159310326745,-0.0052159310326745,1.029510791887223,1.0263583019049725
2023-09-21,0.0,0.0,0.08050624174133332,-0.0026953297486754,-0.0026953297486754,1.0267359208232671,1.0235919278410481
2023-09-22,0.0,0.0,0.08051452356751762,-0.0249753463258677,-0.0249753463258677,1.0010928356154973,0.9980273649468553
2023-09-25,0.0,0.0,0.0846409860311677,0.0044807210810464,0.0044807210810464,1.0055784533881242,1.002499247200434
2023-09-26,0.0,0.0,0.08367792504020266,-0.012942189900379101,-0.012942189900379101,0.9925640660846456,0.9895247115681788
2023-09-27,0.0,0.0,0.08478065073023162,-0.013152740191220848,-0.013152740191220848,0.9795091288002926,0.9765097501241298
2023-09-28,0.0,0.0,0.08565845505279704,-0.0086171146615131,-0.0086171146615131,0.9710685863254217,0.9680950536392247
2023-09-29,0.0,0.0,0.08507669190956857,0.0019101251398373998,0.0019101251398373998,0.9729234488446683,0.9699442363389332
2023-10-02,0.0,0.0,0.08419798562115204,-0.0063227895956775,-0.0063227895956775,0.9667718585849226,0.9638114830130221
2023-10-03,0.0,0.0,0.08361066615500935,-0.01549798305149225,-0.01549798305149225,0.9517888447059139,0.9488743489844527
2023-10-04,0.0,0.0,0.08440845602929706,-0.01905761540409755,-0.01905761540409755,0.9336500189575982,0.9307910665746935
2023-10-05,0.0,0.0,0.08641250518824431,0.01057323981838435,0.01057323981838435,0.9435217245144761,0.9406325437423975
2023-10-06,0.0,0.0,0.08608216646021738,-0.0036043594789086,-0.0036043594789086,0.9401209330431662,0.9372421659171897
2023-10-09,0.0,0.0,0.08500213687751532,0.00237586987503875,0.00237586987503875,0.9423545380468767,0.9394689313448084
2023-10-10,0.0,0.0,0.08541172115224847,0.0238994066430723,0.0238994066430723,0.9648762523536035,0.9619216813635504
2023-10-11,0.0,0.0,0.08735715149409364,0.0010640638370298498,0.0010640638370298498,0.9659029422809419,0.9629452274387442
2023-10-12,0.0,0.0,0.0863261751429465,0.0160177452307264,0.0160177452307264,0.9813745295280071,0.978369438763002
2023-10-13,0.0,0.0,0.08675471832627822,-0.01833601553386765,-0.01833601553386765,0.9633800309100394,0.9604300415359822
2023-10-16,0.0,0.0,0.0881488228365799,0.0221916215268892,0.0221916215268892,0.9847589959425578,0.9817435415208031
2023-10-17,0.0,0.0,0.0911526657875609,-0.00531766025978335,-0.00531766025978335,0.9795223821643699,0.976522962904759
2023-10-18,0.0,0.0,0.09128331284347457,-0.004637691287423019,-0.004637691287423019,0.9749796597467705,0.9719941508677272
2023-10-19,0.0,0.0,0.09028628567477677,-0.0039420574865880005,-0.0039420574865880005,0.9711362338797946,0.9681624940483793
2023-10-20,0.0,0.0,0.09122842307210045,-0.008655914501629199,-0.008655914501629199,0.962730161669897,0.9597821622762125
2023-10-23,0.0,0.0,0.09193377221291218,-0.0019873253828878,-0.0019873253828878,0.9608169035827387,0.957874762823078
2023-10-24,0.0,0.0,0.09169827114469689,0.00341218667913805,0.00341218667913805,0.9640953902222344,0.9611432103290656
2023-10-25,0.0,0.0,0.09062589787278869,0.0102461832966038,0.0102461832966038,0.9739736883058623,0.9709912598363835
2023-10-26,0.0,0.0,0.09000280139209779,-0.0163845012090405,-0.0163845012090405,0.9580156152322413,0.9550820523656265
2023-10-27,0.0,0.0,0.09156860976932911,0.0023762384460983502,0.0023762384460983502,0.9602920887691188,0.9573515550576362
2023-10-30,0.0,0.0,0.09166289853337255,0.0013808839810323,0.0013808839810323,0.9616181407316121,0.9586735464842318
2023-10-31,0.0,0.0,0.090691630379426,0.0008570834621758998,0.0008570834621758998,0.9624423277369616,0.959495209726549
2023-11-01,0.0,0.0,0.09017430193201872,-0.0020521580529297,-0.0020521580529297,0.9604672439636158,0.9575261739051613
2023-11-02,0.0,0.0,0.08906063222347094,0.012737693979529549,0.012737693979529549,0.9727013817945865,0.969722849285755
2023-11-03,0.0,0.0,0.08930906694132068,0.022421183775358254,0.022421183775358254,0.9945104982343479,0.991465183500755
2023-11-06,0.0,0.0,0.09144943685786944,0.00973496118534935,0.00973496118534935,1.0041920193330818,1.00111705857876
2023-11-07,0.0,0.0,0.09038810207410804,-0.0076362202781694,-0.0076362202781694,0.9965237878718747,0.9934723081952197
2023-11-08,0.0,0.0,0.08930326358298278,0.00666522806497005,0.00666522806497005,1.0031658461902084,1.000094027705573
2023-11-09,0.0,0.0,0.08857924098661815,0.0038024349298665504,0.0038024349298665504,1.0069803190442113,1.0038968201696716
2023-11-10,0.0,0.0,0.088400631161909,-0.01356211675012255,-0.01356211675012255,0.9933235343922581,0.9902818542894538
2023-11-13,0.0,0.0,0.08922383912202081,0.0050494785794820505,0.0050494785794820505,0.9983393003016673,0.9952822613003383
2023-11-14,0.0,0.0,0.0898797146376517,0.00116304180997425,0.00116304180997425,0.9995004106484585,0.9964398161829562
2023-11-15,0.0,0.0,0.08858121877842588,0.025254592095325448,0.025254592095325448,1.0247423858184956,1.021604497288198
2023-11-16,0.0,0.0,0.0911071137101231,-0.00732900796222205,-0.00732900796222205,1.0172320407136055,1.0141171497933308
2023-11-17,0.0,0.0,0.0900684959461291,0.012397656311219,0.012397656311219,1.0298433339431325,1.0266898256757815
2023-11-20,0.0,0.0,0.0894122932213387,0.0029048041542274502,0.0029048041542274502,1.032834827137774,1.0296721585465076
2023-11-21,0.0,0.0,0.08812458232041882,0.0060615867817721,0.0060615867817721,1.0390954450737064,1.035913605692312
2023-11-22,0.0,0.0,0.08735784521465244,0.0040583268550518,0.0040583268550518,1.043312434023411,1.0401176816978066
2023-11-24,0.0,0.0,0.08661954906502978,0.0015548818569137998,0.0015548818569137998,1.0449346615981665,1.0417349418101338
2023-11-27,0.0,0.0,0.08569886208268536,-0.0030208268276294497,-0.0030208268276294497,1.0417780949392907,1.0385880409506347
2023-11-28,0.0,0.0,0.085233888586256,0.010739224425521748,0.010739224425521748,1.0529659837024363,1.0497416710080667
2023-11-29,0.0,0.0,0.08537797584316945,0.008101481559062599,0.008101481559062599,1.0614965682017217,1.058246133797518
2023-11-30,0.0,0.0,0.08505516025253583,0.0066336528909230995,0.0066336528909230995,1.0685381679800778,1.065266171322292
2023-12-01,0.0,0.0,0.08472010296163406,-0.0059327486930556995,-0.0059327486930556995,1.0621987995605138,1.058946214836623
2023-12-04,0.0,0.0,0.08447760254028994,0.0192599831497508,0.0192599831497508,1.082656730541735,1.079341501090869
2023-12-05,0.0,0.0,0.08561209317180751,-0.015550229927901001,-0.015550229927901001,1.0658211694488213,1.06255749257818
2023-12-06,0.0,0.0,0.08652511845887181,0.0086371833803391,0.0086371833803391,1.0750268623399983,1.071734996493731
2023-12-07,0.0,0.0,0.08704597849866098,0.006436073624416399,0.006436073624416399,1.081945814374244,1.0786327618370284
2023-12-08,0.0,0.0,0.08685080004968276,0.0017484587279232,0.0017484587279232,1.0838375519765266,1.0805187067036863
2023-12-11,0.0,0.0,0.08639122523078892,-0.00867842440586785,-0.00867842440586785,1.0744315497134576,1.0711415067884322
2023-12-12,0.0,0.0,0.08629518822902034,-0.004670048005273901,-0.004670048005273901,1.0694139027979148,1.0661392245312888
2023-12-13,0.0,0.0,0.08581921952089884,0.0034878522062231,0.0034878522062231,1.0731438604381542,1.0698577605777113
2023-12-14,0.0,0.0,0.0850622930635311,0.029599429569598802,0.029599429569598802,1.1049083065532406,1.10152494001142
2023-12-15,0.0,0.0,0.08866345824435777,0.01575669624076435,0.01575669624076435,1.1223180111134972,1.118881333892806
2023-12-18,0.0,0.0,0.08908964877433657,-0.00689640296607815,-0.00689640296607815,1.114578053852771,1.1111650773430581
2023-12-19,0.0,0.0,0.08848361367919656,0.0010724252715687,0.0010724252715687,1.1157733555248586,1.1123567188528856
2023-12-20,0.0,0.0,0.08777834696357967,0.00911359640293565,0.00911359640293565,1.1259420635642614,1.1224942890446046
2023-12-21,0.0,0.0,0.08713094347338708,-0.006331353951675951,-0.006331353951675951,1.1188133258307555,1.1153873803919283
2023-12-22,0.0,0.0,0.08788931542052125,0.0050675403608351505,0.0050675403608351505,1.124482957515643,1.1210396509600307
2023-12-26,0.0,0.0,0.08743606104625912,0.0009366366936481999,0.0009366366936481999,1.1255361895150342,1.1220896578321544
2023-12-27,0.0,0.0,0.08633641446017534,0.0073223248402264,0.0073223248402264,1.1337777311140937,1.1303059628066598
2023-12-28,0.0,0.0,0.08550742629540474,0.011949295176016249,0.011949295176016249,1.14732557588717,1.143812322395448
2023-12-29,0.0,0.0,0.08560816214281805,-0.0063721247103999505,-0.0063721247103999505,1.1400146742341857,1.136523807631852
2024-01-02,0.0,0.0,0.08491750461579196,-0.0067640130083998,-0.0067640130083998,1.132303600147899,1.128836345812674
2024-01-03,0.0,0.0,0.08441088780588912,-0.006874998860217699,-0.006874998860217699,1.1245190141874617,1.1210755972218396
2024-01-04,0.0,0.0,0.0840067893552426,-0.0062050639678515995,-0.0062050639678515995,1.1175413017713631,1.1141192514282807
2024-01-05,0.0,0.0,0.08406524022420221,-0.0087666389133699,-0.0087666389133699,1.1077442207079562,1.1043521702445749
2024-01-08,0.0,0.0,0.08411831901253287,-0.0040424089223233504,-0.0040424089223233504,1.1032662655865142,1.0998879271781912
2024-01-09,0.0,0.0,0.08355859427850046,0.00807282772831885,0.00807282772831885,1.11217274408706,1.1087671329347584
2024-01-10,0.0,0.0,0.08465787654811763,-0.00379762779568175,-0.00379762779568175,1.1079491259605152,1.104556448051787
2024-01-11,0.0,0.0,0.08380435023150067,-0.0006597618731036001,-0.0006597618731036001,1.107218143369868,1.1038277038206719
2024-01-12,0.0,0.0,0.08314646039209457,0.0035649931121548503,0.0035649931121548503,1.1111653684246345,1.1077628419817982
2024-01-16,0.0,0.0,0.0824084596104426,0.0042361615362331495,0.0042361615362331495,1.1158724444187493,1.1124555043242699
2024-01-17,0.0,0.0,0.08196042408316422,-0.01549065735600385,-0.01549065735600385,1.098586846729252,1.0952228372829822
2024-01-18,0.0,0.0,0.08290974316062875,-0.0091172382671666,-0.0091172382671666,1.0885707686904462,1.085237429719831
2024-01-19,0.0,0.0,0.08288716554387944,0.003856890255134999,0.003856890255134999,1.0927692666802333,1.0894230713870252
2024-01-22,0.0,0.0,0.08316886223342965,0.0092834258457912,0.0092834258457912,1.102913909134019,1.0995366496849408
2024-01-23,0.0,0.0,0.08342829586921155,0.0021305774374608,0.0021305774374608,1.1052637526242814,1.1018792976624208
2024-01-24,0.0,0.0,0.08266272869934445,-0.0005758514603252003,-0.0005758514603252003,1.104627284878288,1.1012447788597597
2024-01-25,0.0,0.0,0.08213293195012415,-0.006531535328290049,-0.006531535328290049,1.0974123727425125,1.0940519596815421
2024-01-26,0.0,0.0,0.08172051348039136,0.0079497893314258,0.0079497893314258,1.1061365699155155,1.102749442278644
2024-01-29,0.0,0.0,0.08139320141910057,-0.0019418476752165,-0.0019418476752165,1.103988621188753,1.1006080708378088
2024-01-30,0.0,0.0,0.08074043332259524,0.01318620205889685,0.01318620205889685,1.1185460382184709,1.1151209112475289
2024-01-31,0.0,0.0,0.08123697911098676,0.004815485287843851,0.004815485287843851,1.123932380209288,1.1204907595898084
2024-02-01,0.0,0.0,0.080892578550325,-0.0037110546672436016,-0.0037110546672436016,1.1197614057040461,1.1163325571268292
2024-02-02,0.0,0.0,0.08287083765092128,0.01978196956259735,0.01978196956259735,1.1419124917490548,1.1384158137936486
2024-02-05,0.0,0.0,0.0842805459216172,-0.010681134202628801,-0.010681134202628801,1.1297155711770248,1.1262562417081237
2024-02-06,0.0,0.0,0.08583593698979744,-0.0147886931074098,-0.0147886931074098,1.1130085542962256,1.1096003837891975
2024-02-07,0.0,0.0,0.08619914609343644,0.00891825784542335,0.00891825784542335,1.1229346515676013,1.1194960861172103
2024-02-08,0.0,0.0,0.08544249997241009,0.0015946045102364003,0.0015946045102364003,1.1247252882276917,1.1212812396253249
2024-02-09,0.0,0.0,0.08484966799886329,-0.00314608037501775,-0.00314608037501775,1.1211868120711124,1.117753598722464
2024-02-12,0.0,0.0,0.0839252170859495,-7.168936106840022e-05,-7.168936106840022e-05,1.1211064349049167,1.1176734676811397
2024-02-13,0.0,0.0,0.08324791698693983,-0.00094151434256055,-0.00094151434256055,1.1200508971169167,1.1166211620810187
2024-02-14,0.0,0.0,0.08241289271532626,-0.022518439479156653,-0.022518439479156653,1.0948290987766143,1.0914765960215518
2024-02-15,0.0,0.0,0.08493512696745956,0.00676337279535655,0.00676337279535655,1.1022338361188448,1.0988586591378524
2024-02-16,0.0,0.0,0.084413582175515,0.009367681159304201,0.009367681159304201,1.112559211258603,1.1091524166957965
2024-02-20,0.0,0.0,0.08386841142798819,-0.0035705741395088003,-0.0035705741395088003,1.1085867361102106,1.1051921057599687
2024-02-21,0.0,0.0,0.08327083860377428,0.0006936487874076501,0.0006936487874076501,1.1093557059554497,1.1059587209239816
2024-02-22,0.0,0.0,0.08274910848692751,-0.003087808535980057,-0.003087808535980057,1.1059302279371623,1.102543732145071
2024-02-23,0.0,0.0,0.08203758494963832,0.012890364993784,0.012890364993784,1.120186072232931,1.1167559232740298
2024-02-26,0.0,0.0,0.08404735075628961,0.0098114367526956,0.0098114367526956,1.131176707031895,1.1277129033834312
2024-02-27,0.0,0.0,0.08361534049344131,-0.0044429001594642505,-0.0044429001594642505,1.1261510018598409,1.122702587545159
2024-02-28,0.0,0.0,0.08270140490575931,-0.00314209934455145,-0.00314209934455145,1.122612523535031,1.119174944480707
2024-02-29,0.0,0.0,0.08191246594750322,0.00340654613760355,0.00340654613760355,1.1264367548911047,1.1229874655651306
2024-03-01,0.0,0.0,0.08122857658279982,0.0078790573697549,0.0078790573697549,1.1353120147062923,1.1318355482318339
2024-03-04,0.0,0.0,0.08079687869192287,0.0155765808378546,0.0155765808378546,1.1529962940795524,1.1494656761440245
2024-03-05,0.0,0.0,0.08198217198596365,0.0054709903017898,0.0054709903017898,1.159304325622461,1.1557543917104487
2024-03-06,0.0,0.0,0.0821391057472677,0.00504947357630815,0.00504947357630815,1.1651582021815916,1.1615903429720928
2024-03-07,0.0,0.0,0.08314111606106181,0.0095436461919838,0.0095436461919838,1.1762780598209006,1.1726761502254437
2024-03-08,0.0,0.0,0.0827080967214261,0.0073036191486093,0.0073036191486093,1.1848691467826975,1.1812409302113478
2024-03-11,0.0,0.0,0.0825689885407256,0.00031124918264645014,0.00031124918264645014,1.1852379363361767,1.1816085904853846
2024-03-12,0.0,0.0,0.08226671372441757,0.00022532401080315,0.00022532401080315,1.185504998901748,1.1818748352721924
2024-03-13,0.0,0.0,0.08142562411879721,-0.00434868870926555,-0.00434868870926555,1.1803496066982462,1.176735229520279
2024-03-14,0.0,0.0,0.0821213894245432,0.00027710710437560014,0.00027710710437560014,1.1806766899599093,1.1770613112123482
2024-03-15,0.0,0.0,0.08155910752425231,-0.0108193185582149,-0.0108193185582149,1.1679025727369743,1.1643263099237917
2024-03-18,0.0,0.0,0.08188949302960072,-0.0067573825588097495,-0.0067573825588097495,1.1600106082615724,1.1564585116243493
2024-03-19,0.0,0.0,0.08203060175350828,0.00225466764161265,0.00225466764161265,1.162626046643947,1.1590659412093762
2024-03-20,0.0,0.0,0.08142000376278194,0.0035966303462244497,0.0035966303462244497,1.1668075827646176,1.163234672946805
2024-03-21,0.0,0.0,0.0808348084858723,0.0103626826243016,0.0103626826243016,1.1788988394284357,1.175288904680136
2024-03-22,0.0,0.0,0.08113562278213159,0.0022054077332062496,0.0022054077332062496,1.181498792045579,1.1778808959192693
2024-03-25,0.0,0.0,0.08042255910148671,-0.00021780716865880002,-0.00021780716865880002,1.1812414531389097,1.1776243450163117
2024-03-26,0.0,0.0,0.08041485627947426,-0.00229546942181365,-0.00229546942181365,1.1785299495034505,1.1749211443419434
2024-03-27,0.0,0.0,0.07999221370366337,0.0020782784036105,0.0020782784036105,1.1809792628455116,1.1773629575821745
2024-03-28,0.0,0.0,0.079495115661735,0.01272615218372625,0.01272615218372625,1.1960085846703086,1.1923462577558472
2024-04-01,0.0,0.0,0.08001676708022919,0.0058906727031024,0.0058906727031024,1.2030538797927022,1.199369979309056
2024-04-02,0.0,0.0,0.07997298845784885,-0.006852403918818,-0.006852403918818,1.1948100686722614,1.191151411762726
2024-04-03,0.0,0.0,0.08181155705202611,0.0013800572100410996,0.0013800572100410996,1.1964589749221621,1.1927952688567798
2024-04-04,0.0,0.0,0.08236254330085976,0.004807326119157,0.004807326119157,1.2022107434028053,1.198529424707562
2024-04-05,0.0,0.0,0.08185639841110225,-0.005442807558483198,-0.005442807558483198,1.195667341681723,1.1920060596956992
2024-04-08,0.0,0.0,0.08277452656872418,0.0066727251403049005,0.0066727251403049005,1.203645701212004,1.1999599884976264
2024-04-09,0.0,0.0,0.08423530248076412,0.00332945022711285,0.00332945022711285,1.2076531796652679,1.203955195553856
2024-04-10,0.0,0.0,0.0833404622728534,0.007948492211135999,0.007948492211135999,1.2172522015575908,1.2135248240482726
2024-04-11,0.0,0.0,0.08286427096785516,-0.02080342851046065,-0.02080342851046065,1.1919291824032867,1.1882793471255149
2024-04-12,0.0,0.0,0.08497437139503534,0.01110526918882745,0.01110526918882745,1.2051658768278941,1.2014755091468678
2024-04-15,0.0,0.0,0.08547043411901246,-0.0109482747035689,-0.0109482747035689,1.1919713897450148,1.1883214252231178
2024-04-16,0.0,0.0,0.08653670653041835,-0.004844118499893,-0.004844118499893,1.186197339084608,1.1825650554233753
2024-04-17,0.0,0.0,0.08826651308407978,-0.00363184608142405,-0.00363184608142405,1.1818892529268579,1.1782701611608069
2024-04-18,0.0,0.0,0.08708536111569556,-0.00114700551141935,-0.00114700551141935,1.1805336194398635,1.1769186787920145
2024-04-19,0.0,0.0,0.08672175757392733,-0.00185162549989715,-0.00185162549989715,1.1783477132866227,1.1747394661550579
2024-04-22,0.0,0.0,0.08570625232534862,-0.0010220565732974006,-0.0010220565732974006,1.1771433752606282,1.1735388159617623
2024-04-23,0.0,0.0,0.0853271705190996,-0.0087648571865219,-0.0087648571865219,1.1668258816884085,1.1632529158370175
2024-04-24,0.0,0.0,0.08651790513046013,0.004836045882672051,0.004836045882672051,1.1724687051893428,1.1688784603111573
2024-04-25,0.0,0.0,0.08621524645149502,-0.0047189718874052,-0.0047189718874052,1.166935858330692,1.1633625557171554
2024-04-26,0.0,0.0,0.08525278030226638,-0.00244935815747305,-0.00244935815747305,1.1640776144668419,1.160513064151211
2024-04-29,0.0,0.0,0.0846292057664139,0.0089463396562132,0.0089463396562132,1.1744918481920568,1.1708954081985805
2024-04-30,0.0,0.0,0.08431281966869718,0.004926621397728151,0.004926621397728151,1.1802781248628171,1.1766639665711132
2024-05-01,0.0,0.0,0.08366680358468286,-0.02234225981652255,-0.02234225981652255,1.153908044341374,1.1503746345132413
2024-05-02,0.0,0.0,0.08613001213589837,0.004807727662719049,0.004807727662719049,1.159455719966388,1.155905322466081
2024-05-03,0.0,0.0,0.08528962656227998,0.0052499273371745,0.0052499273371745,1.1655427782468828,1.161973741417681
2024-05-06,0.0,0.0,0.08476567479782589,0.01079472090420885,0.01079472090420885,1.1781244872399739,1.174516923654304
2024-05-07,0.0,0.0,0.08498058973540752,0.0123128010199983,0.0123128010199983,1.1926304996281472,1.1889785168298799
2024-05-08,0.0,0.0,0.08481498485805132,0.0012857825076655499,0.0012857825076655499,1.1941639630626775,1.1905072846088098
2024-05-09,0.0,0.0,0.08389188988391488,-0.004464202699480056,-0.004464202699480056,1.1888329730751512,1.1851926187751085
2024-05-10,0.0,0.0,0.08305664440558037,0.01313371109718815,0.01313371109718815,1.2044467618863315,1.2007585962246206
2024-05-13,0.0,0.0,0.08316267307228542,0.0018619861130373,0.0018619861130373,1.2066894250308566,1.202994392055901
2024-05-14,0.0,0.0,0.08260576046185975,-0.0042910898571785995,-0.0042910898571785995,1.201511412278342,1.197832235021907
2024-05-15,0.0,0.0,0.08221887029780041,0.00931648455812895,0.00931648455812895,1.2127052747972489,1.208991820542718
2024-05-16,0.0,0.0,0.08193495993696082,0.019309541686521648,0.019309541686521648,1.236122057854411,1.2323368985001513
2024-05-17,0.0,0.0,0.08346513200201716,-0.00346910339615375,-0.00346910339615375,1.2318338226254477,1.2280617943803587
2024-05-20,0.0,0.0,0.08266938060075946,0.00551921549683345,0.00551921549683345,1.2386325789488057,1.234839732066972
2024-05-21,0.0,0.0,0.08283688146174853,0.0011043020156586503,0.0011043020156586503,1.2400004034023995,1.236203368072109
2024-05-22,0.0,0.0,0.08213239292993584,0.0030618018401455,0.0030618018401455,1.2437970389193183,1.2399883778192664
2024-05-23,0.0,0.0,0.08156007153357103,-0.01011403722100525,-0.01011403722100525,1.2312172293723123,1.2274470892123885
2024-05-24,0.0,0.0,0.08205684062421319,-0.0169659731168462,-0.0169659731168462,1.2103284309577838,1.20662225489446
2024-05-28,0.0,0.0,0.083235472405726,0.005240179272460699,0.005240179272460699,1.2166707689145586,1.2129451718242479
2024-05-29,0.0,0.0,0.0827461058604118,-0.0016412857811057497,-0.0016412857811057497,1.214673864481252,1.2109543821604718
2024-05-30,0.0,0.0,0.08317801933461688,-0.01427501347050835,-0.01427501347050835,1.1973343787035078,1.19366799204296
2024-05-31,0.0,0.0,0.08373333698387235,0.0024288838422457,0.0024288838422457,1.2002425648297061,1.196567272941839
2024-06-03,0.0,0.0,0.08369223691558927,0.0049761962968352495,0.0049761962968352495,1.2062152074361159,1.2025216265743666
2024-06-04,0.0,0.0,0.08363420876575789,0.01116367478360065,0.01116367478360065,1.219681001730966,1.2159461869336892
2024-06-05,0.0,0.0,0.0836077348544692,0.0018565992967519498,0.0018565992967519498,1.2219454606210414,1.2182037117692384
2024-06-06,0.0,0.0,0.08353206231394086,0.0154510490379786,0.0154510490379786,1.2408257998548324,1.2370262370580325
2024-06-07,0.0,0.0,0.08423818983517349,0.002922300719882293,0.002922300719882293,1.2444518659829966,1.2406411997211004
2024-06-10,0.0,0.0,0.08346826045504273,-0.02803396988485555,-0.02803396988485555,1.209564939848877,1.205861101690208
2024-06-11,0.0,0.0,0.08745654294113363,0.0027612056282717502,0.0027612056282717502,1.2129047973685478,1.209190732151109
2024-06-12,0.0,0.0,0.08684522910634311,0.0077735220664147,0.0077735220664147,1.2223333395753526,1.2185904029899899
2024-06-13,0.0,0.0,0.08631287157720785,0.009161692625077999,0.009161692625077999,1.233531981917927,1.229754753698054
2024-06-14,0.0,0.0,0.08603498486189906,0.0042102352680009,0.0042102352680009,1.2387254417724047,1.2349323105330654
2024-06-17,0.0,0.0,0.08605674500656137,0.0109321430505947,0.0109321430505947,1.2522673655022718,1.2484327672096143
2024-06-18,0.0,0.0,0.08582751888280879,-0.0036282753774447,-0.0036282753774447,1.2477237946540423,1.2439031093399524
2024-06-20,0.0,0.0,0.08577083024968336,0.00783505839943705,0.00783505839943705,1.257499783451524,1.2536491628448723
2024-06-21,0.0,0.0,0.08522767747230356,0.0015021298488489,0.0015021298488489,1.2593887114111675,1.255532306672366
2024-06-24,0.0,0.0,0.08503988368119322,-0.010088494693554599,-0.010088494693554599,1.2466833750789734,1.2428658756589155
2024-06-25,0.0,0.0,0.08508307223978179,0.0023649425529060006,0.0023649425529060006,1.249631709642698,1.245805182055816
2024-06-26,0.0,0.0,0.08445964865488904,0.00028174495446834996,0.00028174495446834996,1.2499837870718336,1.2461561813801108
2024-06-27,0.0,0.0,0.08380031944274764,-0.011206214230103451,-0.011206214230103451,1.2359762009697506,1.2321914882473974
2024-06-28,0.0,0.0,0.08406836777798948,0.00840627512905095,0.00840627512905095,1.2463661569680615,1.24254962890928
2024-07-01,0.0,0.0,0.08372131810967758,-0.011315391695371166,-0.011315391695371166,1.2322630357061133,1.2284896931572333
2024-07-02,0.0,0.0,0.084462481024973,-0.007964000867175199,-0.007964000867175199,1.2224492918211618,1.2187060001756134
2024-07-03,0.0,0.0,0.08515894066076019,0.007208057341994089,0.007208057341994089,1.2312607764142889,1.2274905029079115
2024-07-05,0.0,0.0,0.08482086969892978,0.014355173956028252,0.014355173956028252,1.2489357390449503,1.245111342606527
2024-07-08,0.0,0.0,0.08503838940079975,0.013695660488004798,0.013695660488004798,1.266040738898245,1.2621639648246297
2024-07-09,0.0,0.0,0.08514353721831137,-0.0045839402161495,-0.0045839402161495,1.2602372838399258,1.2563782806668953
2024-07-10,0.0,0.0,0.08476417070218245,-0.0008817819465097001,-0.0008817819465097001,1.2591260293547175,1.2552704289810164
2024-07-11,0.0,0.0,0.08402907378805355,0.0083178112120369,0.0083178112120369,1.2695992019590518,1.2657115314293332
2024-07-12,0.0,0.0,0.08399447927795702,0.009293093073071051,0.009293093073071051,1.281397705508354,1.2774739064945653
2024-07-15,0.0,0.0,0.08507526589296503,0.00496378189240855,0.00496378189240855,1.2877582842359305,1.2838150083396476
2024-07-16,0.0,0.0,0.08441821950854655,-0.0027975279782684005,-0.0027975279782684005,1.2841557444065337,1.2802234999348965
2024-07-17,0.0,0.0,0.08405530902780382,0.01982558119512955,0.01982558119512955,1.3096148783844574,1.3056046748807688
2024-07-18,0.0,0.0,0.0852217221842332,-0.009280991605963749,-0.009280991605963749,1.297460353691126,1.2934873688524933
2024-07-19,0.0,0.0,0.08596290473880594,-0.010894859300182951,-0.010894859300182951,1.2833247056900956,1.2793950059622814
2024-07-22,0.0,0.0,0.08566462464409216,-0.015332521652262801,-0.015332521652262801,1.2636481018532184,1.2597786543315677
2024-07-23,0.0,0.0,0.0859894736953454,0.0038314415330041505,0.0038314415330041505,1.2684896956737606,1.2646054225901655
2024-07-24,0.0,0.0,0.08552903593368394,0.00026827982077775,0.00026827982077775,1.2688300058619744,1.2649446907062927
2024-07-25,0.0,0.0,0.08450141369965179,-0.0186505375230952,-0.0186505375230952,1.2451656442272165,1.2413527922876348
2024-07-26,0.0,0.0,0.08754233755721243,-0.0064154277862468,-0.0064154277862468,1.2371773739547614,1.2333889830914577
2024-07-29,0.0,0.0,0.08719836145846693,0.014694891408239302,0.014694891408239302,1.2553575611177572,1.2515135002621052
2024-07-30,0.0,0.0,0.08696720363440175,0.00227203739373535,0.00227203739373535,1.258209780439125,1.254356985733465
2024-07-31,0.0,0.0,0.08570272911458275,0.0043499399581928,0.0043499399581928,1.2636829174388462,1.2598133633075455
2024-08-01,0.0,0.0,0.0850378000386944,0.022124856404889953,0.022124856404889953,1.2916417205284931,1.2876865530676864
2024-08-02,0.0,0.0,0.08670759601164495,-0.00622559963393715,-0.00622559963393715,1.2836004763059932,1.2796699321342826
2024-08-05,0.0,0.0,0.08689515928262373,0.0049927303351825995,0.0049927303351825995,1.290009147342301,1.2860589790234707
2024-08-06,0.0,0.0,0.09082346508789745,-0.0185261384196705,-0.0185261384196705,1.2661102593159963,1.2622332723622216
2024-08-07,0.0,0.0,0.09408091382942145,-0.010739011299586,-0.010739011299586,1.2525134869346801,1.2486781349876104
2024-08-08,0.012544603165358964,1.2544603165358965e-05,0.09204203472960469,-0.007057333942310881,-0.00706987854547624,1.2436740809901339,1.2398501322308562
2024-08-09,0.0075757719945685476,7.575771994568547e-06,0.09151438472030259,0.01589777931746038,0.015890203545465813,1.2634457370725605,1.259551603197877
2024-08-12,0.0049688311707904165,4.968831170790416e-06,0.09343539760409529,0.00833270837598375,0.00832773954481296,1.2739736619484658,1.2700408208925604
2024-08-13,0.005510393933687435,5.5103939336874355e-06,0.09096824777481265,0.010571204016053423,0.010565693622119735,1.287441097440002,1.2834596830936966
2024-08-14,0.005510393933687435,5.5103939336874355e-06,0.09069235680755945,0.01084473471830115,0.010839224324367461,1.3014030546071773,1.2973713905100308
2024-08-15,0.0,0.0,0.09046127089897339,0.0006058097602987997,0.0006058097602987997,1.302191457279741,1.2981573507611341
2024-08-16,0.0,0.0,0.0890872859178946,0.006012951108010402,0.006012951108010402,1.310021470845633,1.3059631074417652
2024-08-19,0.0,0.0,0.08926804373214177,0.013937892383778051,0.013937892383778051,1.3282804091267182,1.324165480690473
2024-08-20,0.0,0.0,0.0890260538174073,0.006242096040191349,0.006242096040191349,1.336571663008792,1.3324310487940492
2024-08-21,0.0,0.0,0.08806145120699381,0.0049862000137324,0.0049862000137324,1.3432360766532407,1.3390748165078434
2024-08-22,0.0,0.0,0.08693402699650739,0.0013520372610012,0.0013520372610012,1.345052181879197,1.3408852955550303
2024-08-23,0.0,0.0,0.08570735480939674,-0.01495121734556815,-0.01495121734556815,1.3249420143667905,1.3208374280657107
2024-08-26,0.0,0.0,0.08584757293184037,0.01429123196901635,0.01429123196901635,1.343877068039602,1.3397138221435565
2024-08-27,0.0,0.0,0.08586687551943605,-0.0008732815752184502,-0.0008732815752184502,1.3427034849567243,1.338543874746613
2024-08-28,0.0,0.0,0.08482594065066991,0.0011707343245245996,0.0011707343245245996,1.344275434014222,1.340110954005661
2024-08-29,0.0,0.0,0.08381188058264279,-0.00704975042252065,-0.00704975042252065,1.3347986277052961,1.3306635062414351
2024-08-30,0.0,0.0,0.08335018567492081,0.0009892423254162638,0.0009892423254162638,1.3361190670037297,1.331979854902696
2024-09-03,0.0,0.0,0.08257388808523461,-0.004185718462377501,-0.004185718462377501,1.3305264487570376,1.326404562232515
2024-09-04,0.0,0.0,0.08295333943902183,-0.00607640631629095,-0.00607640631629095,1.3224416294398182,1.3183447891726081
2024-09-05,0.0,0.0,0.08586925986564387,0.00568325422749415,0.00568325422749415,1.3299574014209463,1.325837277768968
2024-09-06,0.0,0.0,0.08517989689773037,0.005751322790832051,0.005751322790832051,1.3376064157345744,1.3334625959215354
2024-09-09,0.0,0.0,0.0843526687674578,-0.01225198817867425,-0.01225198817867425,1.3212180777412756,1.3171250279596005
2024-09-10,0.0,0.0,0.08543988630391545,0.009820383154054,0.009820383154054,1.3341929454947576,1.3300597003959578
2024-09-11,0.0,0.0,0.08490706357259889,0.0078585182505233,0.0078585182505233,1.3446777251066477,1.340511998825805
2024-09-12,0.0,0.0,0.08395776798541203,0.0039100013865799,0.0039100013865799,1.3499354168763178,1.3457534025999407
2024-09-13,0.0,0.0,0.08340833047532303,0.0105601602324853,0.0105601602324853,1.3641909511820387,1.3599647741648084
2024-09-16,0.0,0.0,0.08374311211543087,0.00889818053531485,0.00889818053531485,1.3763297685502993,1.3720659862469955
2024-09-17,0.0,0.0,0.0831180563539295,0.005256363207153285,0.005256363207153285,1.383564257706617,1.379278063414891
2024-09-18,0.0,0.0,0.08246841902212113,-0.0049926046479446505,-0.0049926046479446505,1.376656668362861,1.3723918733446776
2024-09-19,0.0,0.0,0.08177462997680332,-0.0115919747460422,-0.0115919747460422,1.360698499029228,1.3564831414071925
2024-09-20,0.0,0.0,0.08192351111656287,0.01451132403969455,0.01451132403969455,1.3804440358689671,1.3761675078265352
2024-09-23,0.0,0.0,0.08376466962232332,0.00200107305022495,0.00200107305022495,1.3832064052264883,1.378921319539042
2024-09-24,0.0,0.0,0.08344960487950737,0.0011541220842950502,0.0011541220842950502,1.3848027942858985,1.3805127630864271
2024-09-25,0.0,0.0,0.08249405926916753,0.0082634756767905,0.0082634756767905,1.3962460784936315,1.3919205967256907
2024-09-26,0.0,0.0,0.08222099463733715,-0.0059688115553369,-0.0059688115553369,1.387912148766225,1.383612484983843
2024-09-27,0.0,0.0,0.0817703873753092,0.005689508274060701,0.005689508274060701,1.3958086864202996,1.391484559665252
2024-09-30,0.0,0.0,0.08118629930420711,-0.0021157083823647505,-0.0021157083823647505,1.3928555622822627,1.3885405841184373
2024-10-01,0.0,0.0,0.08085206195172653,-0.00440593609253735,-0.00440593609253735,1.3867187296887118,1.382422763042917
2024-10-02,0.0,0.0,0.08059827214543312,0.0027027011519854998,0.0027027011519854998,1.3904666159969215,1.386159038637124
2024-10-03,0.0,0.0,0.08112421794336062,-0.0039186837993369,-0.0039186837993369,1.3850178169952956,1.3807271196691124
2024-10-04,0.0,0.0,0.0807226367238577,-0.00599362433680075,-0.00599362433680075,1.37671654050045,1.372451560002183
2024-10-07,0.0,0.0,0.08051188347736454,-0.0026644848548561,-0.0026644848548561,1.3730483001288567,1.3687946836065334
2024-10-08,0.0,0.0,0.08109109958760086,-0.01001946896094205,-0.01001946896094205,1.3592910853038414,1.3550800877602351
2024-10-09,0.0,0.0,0.08139885479247942,0.0018498190946336004,0.0018498190946336004,1.3618055279086017,1.3575867407813318
2024-10-10,0.0,0.0,0.08136805314461767,-0.0021297697597379996,-0.0021297697597379996,1.3589051956766178,1.3546953935945945
2024-10-11,0.0,0.0,0.08108020666860424,0.0008197240600829499,0.0008197240600829499,1.3600191229608856,1.3558058700028075
2024-10-14,0.0,0.0,0.08059201743737744,0.0063886672809368,0.0063886672809368,1.368707832633194,1.3644676626037964
2024-10-15,0.0,0.0,0.08055372165123767,0.0036305047184295005,0.0036305047184295005,1.3736769328777203,1.369421368891024
2024-10-16,0.0,0.0,0.08028916659094115,0.0038732564005846994,0.0038732564005846994,1.3789975358503246,1.3747254889731786
2024-10-17,0.0,0.0,0.08083955460182889,0.00676586371438285,0.00676586371438285,1.3883276452403577,1.3840266942762594
2024-10-18,0.0,0.0,0.08033641995961935,-0.00495676443986285,-0.00495676443986285,1.381446032137552,1.3771663999742498
2024-10-21,0.0,0.0,0.08084783926909535,0.00757369408610445,0.00757369408610445,1.3919086817814246,1.3875966369933166
2024-10-22,0.0,0.0,0.08061458599691886,-0.0097339835173173,-0.0097339835173173,1.3783598656153535,1.3740897942001389
2024-10-23,0.0,0.0,0.08126668875973353,0.005586782984263399,0.005586782984263399,1.3860604630587647,1.381766535681226
2024-10-24,0.0,0.0,0.08100653521700626,-0.01200739035663385,-0.01200739035663385,1.3694174940209214,1.365175125505568
2024-10-25,0.0,0.0,0.08167842620182486,0.0081059573359372,0.0081059573359372,1.380517933802541,1.3762411768289988
2024-10-28,0.0,0.0,0.08129966274057183,-0.0019591305712982,-0.0019591305712982,1.3778133189142032,1.3735449406659939
2024-10-29,0.0,0.0,0.0807566348520521,0.0002045629541795888,0.0002045629541795888,1.3780951684770284,1.3738259170767548
2024-10-30,0.0,0.0,0.08019536012257786,0.00698770072648665,0.00698770072648665,1.3877248850869632,1.3834258014355783
2024-10-31,0.0,0.0,0.08002556889999064,0.0026952568046991502,0.0026952568046991502,1.3914651600265442,1.387154489240694
2024-11-01,0.0,0.0,0.07972775000253268,-0.016895256208801498,-0.016895256208801498,1.3679559996422748,1.3637181587437832
2024-11-04,0.0,0.0,0.08302157113113148,-0.00873370553448405,-0.00873370553448405,1.3560086747572684,1.3518078459132863
2024-11-05,0.0,0.0,0.08333726046814924,0.0073356255629754,0.0073356255629754,1.365955846655434,1.3617242021039984
2024-11-06,0.0,0.0,0.08329066268566153,0.009784368797037049,0.009784368797037049,1.3793208624195799,1.375047813897235
2024-11-07,0.0,0.0,0.08330670179024764,-0.0170335006706149,-0.0170335006706149,1.3558261995845629,1.351625936037089
2024-11-08,0.0,0.0,0.09100833379880316,0.018050499470485648,0.018050499470485648,1.3802995396822344,1.376023459279821
2024-11-11,0.0,0.0,0.09070303052125381,0.00507554579117365,0.00507554579117365,1.3873053132014277,1.3830075293571251
2024-11-12,0.0,0.0,0.08978787654414752,-0.01383810023489815,-0.01383810023489815,1.3681076432209396,1.3638693325402624
2024-11-13,0.0,0.0,0.08983288387968212,-0.013443520278685749,-0.013443520278685749,1.3497154603758739,1.3455341275107797
2024-11-14,0.0,0.0,0.08943645473692495,-0.009588986442166651,-0.009588986442166651,1.336773057125547,1.3326318190046063
2024-11-15,0.0,0.0,0.08867492024123662,-0.0016447830998868999,-0.0016447830998868999,1.3345743553928027,1.330439928710336
2024-11-18,0.0,0.0,0.08793262023039913,-0.008662849368358599,-0.008662849368358599,1.3230131387811606,1.3189145280142685
2024-11-19,0.0,0.0,0.08798659906925699,0.012352591856506251,0.012352591856506251,1.3393557801053193,1.3352065408724452
2024-11-20,0.0,0.0,0.08771904449590737,0.00882639527149685,0.00882639527149685,1.351177463629693,1.3469916015712735
2024-11-21,0.0,0.0,0.08687824874493903,0.0013763084414618,0.0013763084414618,1.3530371005787993,1.3488454774830942
2024-11-22,0.0,0.0,0.08590449670449576,0.006442116162796501,0.006442116162796501,1.3617535227533013,1.3575348967347032
2024-11-25,0.0,0.0,0.08524093478940019,0.0082288878614988,0.0082288878614988,1.3729592397870394,1.3687058991680046
2024-11-26,0.0,0.0,0.08478240798853645,-0.00047834705803379875,-0.00047834705803379875,1.3723024887738868,1.368051182727824
2024-11-27,0.0,0.0,0.08845884927457413,0.0016272672599951,0.0016272672599951,1.3745355916846784,1.3702773676274744
2024-11-29,0.0,0.0,0.08762320728638874,0.0030451711431057496,0.0030451711431057496,1.3787212878036483,1.3744500967254243
2024-12-02,0.0,0.0,0.08691299770365477,0.0125244873952781,0.0125244873952781,1.3959890651943467,1.3916643796373007
2024-12-03,0.0,0.0,0.08671686176365126,-0.004033430878597851,-0.004033430878597851,1.390358439792607,1.386051197555827
2024-12-04,0.0,0.0,0.08599792878521653,-0.0030960009893410004,-0.0030960009893410004,1.3860538886874705,1.3817599816769168
2024-12-05,0.0,0.0,0.08539401070730825,0.0099539264767209,0.0099539264767209,1.3998505671882389,1.3955139189430041
2024-12-06,0.0,0.0,0.08520389655966402,-0.0035271226034657,-0.0035271226034657,1.394913122611235,1.3905917702560493
2024-12-09,0.0,0.0,0.08458543819510247,0.00187433687088935,0.00187433687088935,1.3975276597086326,1.3931982076833955
2024-12-10,0.0,0.0,0.08381530873409851,-0.0022759611711954,-0.0022759611711954,1.394346941019464,1.3900273426589291
2024-12-11,0.0,0.0,0.08393406806672782,0.0026242794761511504,0.0026242794761511504,1.3980060970794155,1.3936751628855577
2024-12-12,0.0,0.0,0.08384244290647488,0.003845155406489051,0.003845155406489051,1.4033816477819052,1.3990340604730167
2024-12-13,0.0,0.0,0.08402981832574553,-0.0160800324389292,-0.0160800324389292,1.3808152253613744,1.3765375473974437
2024-12-16,0.0,0.0,0.08465502803028993,-0.01131357479279505,-0.01131357479279505,1.3651932690342183,1.3609639868998722
2024-12-17,0.0,0.0,0.08460983792855768,0.004831834096807651,0.004831834096807651,1.3717896564202703,1.3675399390963023
2024-12-18,0.0,0.0,0.08393423583866984,-0.0027722076094159505,-0.0027722076094159505,1.3679867706962239,1.3637488344709592
2024-12-19,0.0,0.0,0.08341004665426191,-0.03304559885090055,-0.03304559885090055,1.3227808286384577,1.3186829375536486
2024-12-20,0.0,0.0,0.09028018164847476,-0.007072129696921,-0.007072129696921,1.313425951057726,1.3093570407901525
2024-12-23,0.0,0.0,0.08934233022093362,0.01231870574350755,0.01231870574350755,1.3296056588646925,1.325486624888836
2024-12-24,0.0,0.0,0.08850009725005674,-0.00398200764215305,-0.00398200764215305,1.3243111589700434,1.320208527018957
2024-12-26,0.0,0.0,0.08754543142285981,0.0086317061636363,0.0086317061636363,1.3357422237634975,1.3316041790989117
2024-12-27,0.0,0.0,0.08689034331854821,0.0031129294389045433,0.0031129294389045433,1.3399002950546386,1.335749368948997
2024-12-30,0.0,0.0,0.08572755394492179,-0.01285446212987935,-0.01285446212987935,1.3226765974540444,1.3185790292708317
2024-12-31,0.0,0.0,0.08573325529330232,-0.0033336803725744005,-0.0033336803725744005,1.3182672164418483,1.3141833082412633
