date,turnover,cost,port_sigma,gross_ret,net_ret,cum_gross,cum_net
2020-01-02,0.0,0.0,0.0,0.0,0.0,1.0,1.0
2020-01-03,0.5702927151284569,0.0005702927151284569,0.09380687560318507,0.010616951825984855,0.010046659110856398,1.0106169518259849,1.0100466591108563
2020-01-06,0.03791982158902088,3.7919821589020884e-05,0.10262397126382523,0.0085262625184254,0.008488342696836378,1.0192337372628242,1.018620281293184
2020-01-07,0.015756872085721074,1.5756872085721074e-05,0.09771336823624747,0.0036678550576879597,0.0036520981856022388,1.0229721388810098,1.0223403825743125
2020-01-08,0.07465884044788706,7.465884044788707e-05,0.10005112003282104,-0.001929594889921372,-0.002004253730369259,1.020998217069293,1.0202913530488307
2020-01-09,0.06427995127660205,6.427995127660204e-05,0.1025978622136377,-0.0035537314749005742,-0.0036180114261771764,1.0173698635694766,1.0165999272754702
2020-01-10,0.015187914589710166,1.5187914589710166e-05,0.10185150395665174,0.0016987850248997554,0.0016835971103100452,1.0190981562584926,1.0183114719753725
2020-01-13,0.054443971653094,5.4443971653094e-05,0.09637519302410094,0.0040514368982613085,0.003996992926608214,1.0232269681317085,1.022381655725942
2020-01-14,0.05399344312539553,5.399344312539553e-05,0.09797429777383099,-0.001388443262202639,-0.0014424367053280345,1.021806275542102,1.0209069348988689
2020-01-15,0.055020479204216044,5.502047920421605e-05,0.10475697405133891,0.0007982360448769928,0.0007432155656727767,1.0226219181421212,1.021665688823989
2020-01-16,0.029920164502320046,2.9920164502320045e-05,0.09724907605179162,0.005569533216986014,0.005539613052483694,1.0283174448836319,1.027325321409073
2020-01-17,0.04039010619904815,4.039010619904815e-05,0.1011126402946056,0.0014384650683524171,0.001398074962153369,1.0297966436072743,1.0287615992189212
2020-01-21,0.06369460942120042,6.369460942120042e-05,0.10088553140072243,-0.000987021615504374,-0.0010507162249255744,1.02878021206046,1.0276806627150414
2020-01-22,0.0726722264499352,7.26722264499352e-05,0.10265671365188046,0.003809386676776911,0.0037367144503269757,1.032699233693615,1.0315208118977304
2020-01-23,0.06453871499111777,6.453871499111777e-05,0.09459153540057703,0.0014018723387826172,0.0013373336237914994,1.034146946183612,1.0329002993631218
2020-01-24,0.06412772149984003,6.412772149984003e-05,0.10082624965314645,0.004161504972152033,0.004097377250652194,1.0384505538420907,1.0371324815519243
2020-01-27,0.02668716247891134,2.668716247891134e-05,0.10111852274992505,0.001667322655120512,0.0016406354926416008,1.040181985976734,1.03883403791173
2020-01-28,0.006518537810243308,6.518537810243308e-06,0.10220899630390483,0.0017781975000190557,0.0017716789622088125,1.0420316349837628,1.0406745183219248
2020-01-29,0.012966128076060929,1.2966128076060929e-05,0.09540609783923636,-0.002055873594104189,-0.00206883972218025,1.0398893496611785,1.0385215295405597
2020-01-30,0.043573111610332976,4.357311161033298e-05,0.10156361649273044,0.005690946985727207,0.005647373874116874,1.0458073048211225,1.044386448894195
2020-01-31,0.07588254214942003,7.588254214942003e-05,0.10189141365129979,0.001662163969322231,0.001586281427172811,1.04754560804205,1.0460431397208667
2020-02-03,0.09163816570729535,9.163816570729536e-05,0.10110916397568645,-0.0010510731703674483,-0.0011427113360747436,1.0464445609587008,1.0448478143670843
2020-02-04,0.06267370505630715,6.267370505630715e-05,0.10574240182296145,-0.00012228193775939733,-0.00018495564281570447,1.046316599690029,1.0446545638679334
2020-02-05,0.07242048520217792,7.242048520217792e-05,0.09934962918880438,-0.003329374372537118,-0.003401794857739296,1.042833020017461,1.0411008633444536
2020-02-06,0.05083794176188591,5.083794176188591e-05,0.10149557877995562,0.0014392998866820635,0.0013884619449201776,1.0443339694650005,1.042546392274031
2020-02-07,0.057321578986921806,5.732157898692181e-05,0.10538265357352858,0.005212195935051911,0.005154874356064989,1.0497772427354826,1.0479205879365725
2020-02-10,0.0625600630810087,6.25600630810087e-05,0.0972806430401199,0.0031179529498033347,0.003055392886722326,1.053050398786106,1.0511223970468038
2020-02-11,0.06608165439991495,6.608165439991496e-05,0.10015951394368765,0.004742546933625076,0.004676465279225161,1.0580445397258216,1.0560379344408088
2020-02-12,0.06029541741398267,6.0295417413982676e-05,0.09742486661531735,-0.002533529507959614,-0.002593824925373597,1.0553639526636907,1.0532987569243162
2020-02-13,0.045070780994347276,4.507078099434728e-05,0.09578730542323405,0.00011773407488619399,7.266329389184671e-05,1.0554882049623258,1.0533752930814466
2020-02-14,0.044010438296316706,4.401043829631671e-05,0.10595191041677271,0.003272846311399499,0.003228835873103182,1.0589426556406625,1.0567764690155885
2020-02-18,0.08624248601944834,8.624248601944834e-05,0.09631936073156995,0.004092265766347397,0.004006023280327949,1.0632761304188658,1.0610099401525677
2020-02-19,0.05164985990555601,5.1649859905556015e-05,0.10376896777681588,0.007441689253299254,0.007390039393393699,1.0711887009718937,1.0688508454070773
2020-02-20,0.039220902657629175,3.922090265762918e-05,0.1012443551243433,0.004340636345785676,0.004301415443128047,1.0758383415805273,1.0734484169399117
2020-02-21,0.013558183394490497,1.3558183394490498e-05,0.099560580815447,0.0030682073694965977,0.0030546491861021072,1.0791392367085515,1.0767274252730397
2020-02-24,0.04864247175431807,4.864247175431807e-05,0.10128277839720921,0.006536577200212397,0.006487934728458079,1.0861931136390752,1.0837131625285519
2020-02-25,0.056064218155361084,5.606421815536108e-05,0.10504796279876787,-0.004258202402544289,-0.004314266620699649,1.0815678835129503,1.079037735005042
2020-02-26,0.05921438414637664,5.921438414637664e-05,0.10045185186927168,-0.015138050360022977,-0.015197264744169353,1.0651950544245476,1.0626393128772214
2020-02-27,0.05245355742042085,5.245355742042085e-05,0.09867380528103542,-0.0013696732350770159,-0.0014221267924974367,1.063736085268366,1.0611281050396175
2020-02-28,0.06183994179806923,6.183994179806923e-05,0.10989049892943334,-0.013929984213054416,-0.013991824154852485,1.0489182583937213,1.0462809871881313
2020-03-02,0.04836875403487867,4.836875403487867e-05,0.10761019215329828,-0.0061156299343916205,-0.006163998688426499,1.0425034624939586,1.039831712555378
2020-03-03,0.03697744382304996,3.697744382304996e-05,0.10606997618728034,0.010902528725464579,0.010865551281641529,1.0538693864401951,1.0511300573524256
2020-03-04,0.027805824626770725,2.7805824626770726e-05,0.10048336796242212,0.006923029272735332,0.006895223448108561,1.0611653550521603,1.0583778339708938
2020-03-05,0.033810162822536294,3.381016282253629e-05,0.10615082485706141,0.007813288639967346,0.00777947847714481,1.0694565462659162,1.0666114615509574
2020-03-06,0.05509592325719048,5.509592325719048e-05,0.09474300489608217,0.003631330266376081,0.0035762343431188903,1.0733400961909458,1.0704259140905203
2020-03-09,0.045829433568472994,4.582943356847299e-05,0.11397272901029973,0.011913795121996994,0.01186796568842852,1.0861276501931894,1.0831296921109514
2020-03-10,0.056563846347610164,5.6563846347610166e-05,0.09853333236488551,-0.011123436835144244,-0.011180000681491855,1.0740461778813617,1.071020301415007
2020-03-11,0.015443436054834614,1.5443436054834613e-05,0.10625471464285213,-0.007720028962030532,-0.007735472398085367,1.0657545102815593,1.0627354534356221
2020-03-12,0.060253630713026946,6.0253630713026945e-05,0.10179140047858283,-0.020918829966754433,-0.02097908359746746,1.0434601728946777,1.0404402375160038
2020-03-13,0.059600235211453634,5.960023521145363e-05,0.10520144860469886,-0.032557732496975786,-0.03261733273218724,1.0094874757143246,1.0065038521009884
2020-03-16,0.04575923950522261,4.575923950522261e-05,0.10252103920572334,0.006354814585709143,0.006309055346203921,1.0159025814490847,1.012853940610061
2020-03-17,0.040192922601519424,4.0192922601519424e-05,0.09817487216150718,-0.013616693771960271,-0.01365688669456179,1.0020693470953486,0.999021509105009
2020-03-18,0.01949675978117174,1.9496759781171742e-05,0.10677627686097105,-0.0004535112580976812,-0.000473008017878853,1.0016148973650463,0.9985489639211689
2020-03-19,0.02421261875039636,2.4212618750396363e-05,0.09814360824608664,-0.029313200467461224,-0.02933741308621162,0.9722543590873891,0.9692541204798049
2020-03-20,0.023238071625770948,2.3238071625770948e-05,0.10073559390939203,0.0008558333969023887,0.0008325953252766178,0.97308644683818,0.9700611169295213
2020-03-23,0.00251597203347273,2.5159720334727297e-06,0.09805021422423323,0.010101922733277317,0.010099406761243844,0.9829164909369387,0.9798581587326591
2020-03-24,0.00998147761474058,9.98147761474058e-06,0.09998726640067004,0.015732687923801097,0.015722706446186355,0.9983804093440072,0.9952641809213135
2020-03-25,0.01297208841348714,1.297208841348714e-05,0.10064276133080143,0.02878379283095913,0.028770820742545642,1.0271175842130533,1.0238987482620772
2020-03-26,0.0063525052683605365,6.352505268360537e-06,0.10025058343958446,-0.0007976717274739649,-0.0008040242327423254,1.0262982815553352,1.0230755088566
2020-03-27,0.015117249259766943,1.5117249259766943e-05,0.09757507623221764,0.01704004908507367,0.0170249318358139,1.043786454648965,1.0404932996577743
2020-03-30,0.008935452103386782,8.935452103386781e-06,0.09187618314481778,-0.0027883074669933674,-0.002797242919096754,1.040876057083521,1.0375827871429388
2020-03-31,0.03372052426013779,3.3720524260137786e-05,0.0970454325476867,0.007321998472246959,0.007288277947986821,1.048497349983285,1.0451449788896834
2020-04-01,0.044960610818624125,4.4960610818624125e-05,0.10107256086597625,-0.01716174530234948,-0.017206705913168106,1.0305033055126835,1.0271614766013044
2020-04-02,0.059246183282786566,5.9246183282786566e-05,0.10151329199271604,-0.005067635265008026,-0.005126881448290812,1.0252810906209602,1.0218953414825183
2020-04-03,0.03498821361582663,3.498821361582663e-05,0.09532297739846567,0.011956459921049833,0.011921471707434007,1.0375398228887798,1.0340778378839608
2020-04-06,0.04687248190841166,4.687248190841166e-05,0.09639651542127585,-0.0015650697893558581,-0.0016119422712642698,1.035916000656723,1.032410964105298
2020-04-07,0.04559325036931146,4.559325036931146e-05,0.10223501091819102,0.0245856152047277,0.02454002195435839,1.0613846328332897,1.0577463518303623
2020-04-08,0.03397891992174698,3.397891992174698e-05,0.09548561456297568,-0.0043255181700008,-0.004359497089922547,1.0567935943186095,1.0531351096876815
2020-04-09,0.030755236898197674,3.075523689819767e-05,0.09711346395861971,0.0032023770834896867,0.003171621846591489,1.0601778459070341,1.0564752560089796
2020-04-13,0.044673109590112406,4.467310959011241e-05,0.10176238086675542,0.014896749716303233,0.014852076606713121,1.0759710499322808,1.0721661074443218
2020-04-14,0.008285444837329639,8.28544483732964e-06,0.10252677035101121,0.0019478831283524162,0.0019395976835150867,1.0780669157870395,1.0742456783426642
2020-04-15,0.011586294312279963,1.1586294312279963e-05,0.10308986937817367,0.009945442690390474,0.009933856396078194,1.0887887685144055,1.0849170806454278
2020-04-16,0.01374367620725149,1.3743676207251491e-05,0.0948091624791691,0.00030092924745873484,0.00028718557125148337,1.089116416899156,1.0852286531769935
2020-04-17,0.03190701055932217,3.190701055932217e-05,0.10265745714021315,0.004529979778465294,0.004498072767905972,1.0940500922441039,1.0901100906288002
2020-04-20,0.04473490482393884,4.473490482393884e-05,0.10389658969437647,-0.0040154881881853234,-0.004060223093009263,1.0896569470214146,1.0856840004649067
2020-04-21,0.01704084850495287,1.704084850495287e-05,0.10847967860971791,0.0002988156962188454,0.0002817748477138925,1.0899825536206786,1.0859899189088031
2020-04-22,0.05381151423311929,5.381151423311929e-05,0.09775506701329953,-0.007019773517879679,-0.007073585032112799,1.0823311229558215,1.0783080768733846
2020-04-23,0.04913432690369722,4.913432690369722e-05,0.09323517482167024,0.008443192444557965,0.008394058117654268,1.091469452915672,1.0873594575393957
2020-04-24,0.028837525475212858,2.8837525475212857e-05,0.10391167544963605,0.0048525165561970965,0.004823679030721883,1.0967658265065288,1.0926045305535856
2020-04-27,0.03270797762588992,3.270797762588992e-05,0.09367106928867473,0.0023574064979415606,0.002324698520315671,1.0993513493926554,1.0951445066890537
2020-04-28,0.05302352668675592,5.302352668675592e-05,0.1061626979285135,-0.0041250537457412,-0.004178077272427956,1.0948164659909576,1.0905689083156318
2020-04-29,0.026420303343898943,2.6420303343898944e-05,0.09717555964387338,0.0008014831597007976,0.0007750628563568987,1.0956939429514125,1.091414167768765
2020-04-30,0.028564161723769424,2.8564161723769423e-05,0.10142130916956275,0.0063478940840796805,0.006319329922355911,1.1026492920498359,1.0983111739768292
2020-05-01,0.03243363957200056,3.243363957200056e-05,0.10186377535918116,-0.011576372327261296,-0.011608805966833297,1.089884613298676,1.0855610926669272
2020-05-04,0.007936134463887329,7.93613446388733e-06,0.09918524309259977,-0.0030017997993325367,-0.003009735933796424,1.0866129978851804,1.0822938404379963
2020-05-05,0.035825983531931574,3.5825983531931574e-05,0.0972969182112792,0.0003491803013060314,0.0003133543177740998,1.086992421739185,1.0826329818859977
2020-05-06,0.044739917293241685,4.473991729324168e-05,0.10716313504107862,0.002086484903254639,0.0020417449859613974,1.0892604150170961,1.0848434423483997
2020-05-07,0.052658101617516564,5.265810161751656e-05,0.09408039302256882,-0.01032040209304703,-0.010373060194664547,1.0780188095500804,1.0735902960191326
2020-05-08,0.04634802621955644,4.6348026219556444e-05,0.10822536670870038,0.013220360473783978,0.013174012447564422,1.092270606809852,1.0877337879424729
2020-05-11,0.054211387692177135,5.4211387692177135e-05,0.09497680915572518,-0.0010097243437750668,-0.001063935731467244,1.091167714588166,1.0865765090991566
2020-05-12,0.04777728750739256,4.777728750739256e-05,0.09547177308061028,-0.004392456138091228,-0.004440233425598621,1.0863748082625362,1.0817518557639842
2020-05-13,0.041874681023206725,4.1874681023206726e-05,0.10514945175399519,-0.001705640960810307,-0.0017475156418335137,1.0845218428907712,1.0798614774754542
2020-05-14,0.04607766894614665,4.607766894614665e-05,0.09366122365355804,0.000249634979213148,0.00020355731026700134,1.0847925774784775,1.08008129117327
2020-05-15,0.029148055157555197,2.91480551575552e-05,0.10810635748141031,0.009251668025283311,0.009222519970125756,1.0948287182815997,1.0900423624504747
2020-05-18,0.03464309499764555,3.464309499764555e-05,0.09673381486859128,0.002126039662729998,0.0020913965677323526,1.0971563675605622,1.0923220733059864
2020-05-19,0.014429570858080984,1.4429570858080984e-05,0.10175622792536271,-0.001710232376220465,-0.001724661947078546,1.0952799752189837,1.0904381869922017
2020-05-20,0.007624870933894523,7.6248709338945235e-06,0.09514667060210344,0.001638955420755283,0.0016313305498213884,1.0970750902716135,1.092217052119334
2020-05-21,0.028441203000810225,2.8441203000810227e-05,0.10184504106771347,0.00593653239089522,0.00590809118789441,1.1035879120802554,1.0986699700602283
2020-05-22,0.008284235475665258,8.284235475665258e-06,0.10287108774679088,-0.005372011677413533,-0.005380295912889198,1.097659424929508,1.0927588005106992
2020-05-26,0.043799558952626924,4.3799558952626926e-05,0.09900182658256863,0.00407193223893798,0.004028132679985353,1.1021290197292526,1.097160577946378
2020-05-27,0.04891592802817421,4.8915928028174213e-05,0.09796871700864447,-0.005773919683868344,-0.005822835611896518,1.0957654152880754,1.0907719922611427
2020-05-28,0.00918529029261475,9.185290292614751e-06,0.1061376717844678,0.003862418763092435,0.0038532334727998203,1.0999977201880318,1.0949749914129159
2020-05-29,0.026149088690380504,2.6149088690380503e-05,0.09625484578160008,-0.0003898763622352349,-0.0004160254509256154,1.099568857078418,1.0945194539483611
2020-06-01,0.03298875904922541,3.298875904922541e-05,0.1008968684860242,0.005736919062885877,0.0057039303038366514,1.105876994615547,1.100762516629876
2020-06-02,0.04350993554650799,4.350993554650799e-05,0.10389976224353614,-1.7265083699064787e-05,-6.077501924557278e-05,1.105857901556674,1.100695617766743
2020-06-03,0.04648159559808736,4.648159559808736e-05,0.10187007955767893,-0.0011208078113704345,-0.001167289406968522,1.1046184473823435,1.0994107874318273
2020-06-04,0.04622129460464271,4.622129460464271e-05,0.0963072650123164,-0.006800624067692613,-0.006846845362297255,1.097106352583458,1.09188329178064
2020-06-05,0.046752330291063376,4.6752330291063375e-05,0.10380772604847203,-0.0015121940351050134,-0.0015589463653960768,1.0954473149012054,1.090181104291482
2020-06-08,0.05053786528501217,5.053786528501217e-05,0.09807550263685699,-0.001969701463096615,-0.002020239328381627,1.0932896107222991,1.087978677549534
2020-06-09,0.04428590456109663,4.428590456109663e-05,0.09949426553419208,0.007437101688005256,0.007392815783444159,1.1014205167316806,1.0960219034889729
2020-06-10,0.039134066076745466,3.913406607674547e-05,0.09616449712479917,0.003956289703259533,0.003917155637182788,1.1057780553809848,1.1003151918667007
2020-06-11,0.04525154057902209,4.525154057902209e-05,0.10296191680456605,0.007824422418687242,0.00777917087810822,1.1144301299876,1.1088747317640102
2020-06-12,0.040170834994742416,4.017083499474242e-05,0.1009109986620533,-0.012636962412997823,-0.012677133247992566,1.1003471183230344,1.0948173790341058
2020-06-15,0.04770342841311136,4.7703428413111356e-05,0.10152186336627432,-8.276300548937744e-06,-5.5979728962049104e-05,1.100338011519575,1.0947560914539645
2020-06-16,0.05626800668145457,5.626800668145457e-05,0.09989015938085384,0.001688848437192728,0.0016325804305112733,1.1021963156507135,1.0965433688250552
2020-06-17,0.02589535265207059,2.589535265207059e-05,0.101404484094367,-0.0013711920794899322,-0.001397087432142003,1.1006849927926503,1.0950114018656711
2020-06-18,0.06787118319669413,6.787118319669413e-05,0.09483303589045493,0.0006512980486421488,0.0005834268654454547,1.1014018667806258,1.0956502609354886
2020-06-19,0.051252943209564986,5.125294320956499e-05,0.09750896888815516,0.0028673034656411136,0.0028160505224315486,1.1045599201703094,1.0987356674251982
2020-06-22,0.03359625539555709,3.3596255395557094e-05,0.09887639280840303,0.0009054090049324938,0.0008718127495369367,1.1055599986685192,1.0996935591884305
2020-06-23,0.030478107612893546,3.0478107612893547e-05,0.10040281839410028,0.0037129901198551174,0.003682512012242224,1.1096649320204826,1.1037431939299271
2020-06-24,0.035956205569379146,3.5956205569379145e-05,0.09715787695359576,0.0017521907001416218,0.0017162344945722426,1.1116092765946421,1.105637476072499
2020-06-25,0.013528265202903234,1.3528265202903234e-05,0.09373361561211836,-0.00430634741324396,-0.004319875678446864,1.1068223008618407,1.1008612596304341
2020-06-26,0.03182151807068681,3.182151807068681e-05,0.1006564761276615,0.003776563460566237,0.0037447419424955506,1.1110022855206154,1.1049837009622407
2020-06-29,0.003311929460549645,3.3119294605496453e-06,0.09638780849837725,-0.0011173156463531455,-0.0011206275758136952,1.109760945283869,1.103745425756118
2020-06-30,0.01890648527863356,1.8906485278633563e-05,0.09714037417696773,0.003197165247366117,0.003178258762087483,1.1133090344110148,1.1072534143266413
2020-07-01,0.015408113627920467,1.5408113627920467e-05,0.1005234134833208,0.0036291842545322062,0.0036137761409042856,1.1173494380291278,1.1112547802972697
2020-07-02,0.036838603248881635,3.6838603248881636e-05,0.10046137724278578,-0.0007150665151773492,-0.0007519051184262308,1.1165504588602408,1.1104192221400884
2020-07-06,0.050125201845328676,5.012520184532868e-05,0.09946107767695743,0.003027692494143132,0.0029775672922978036,1.1199310303038639,1.1137255700966715
2020-07-07,0.0029086530385657172,2.908653038565717e-06,0.10002946973418425,0.005968290671579778,0.005965382018541213,1.1266151042248391,1.1203693685861158
2020-07-08,0.00015900617773376147,1.5900617773376148e-07,0.10222307161775124,0.003962144868185787,0.003961985862008053,1.131078916478464,1.124808256184681
2020-07-09,0.011733897949699285,1.1733897949699285e-05,0.0990226922582265,0.003439144711888785,0.003427410813939086,1.1349688605527999,1.1286634361655365
2020-07-10,0.005209373086458441,5.209373086458441e-06,0.10069830214392712,0.0026555477155193194,0.002650338342432861,1.1379828245176264,1.131654776146108
2020-07-13,0.0036963692634189027,3.696369263418903e-06,0.10201956080727267,0.0005764977518109723,0.0005728013825475535,1.1386388690575604,1.132302989566451
2020-07-14,0.010478653006823269,1.0478653006823269e-05,0.10234792555207473,-0.001197679978844733,-0.0012081586318515563,1.1372751440809559,1.1309349879357349
2020-07-15,0.011902927900242777,1.1902927900242777e-05,0.0989587621803987,0.006219396798122513,0.00620749387022227,1.1443483094706373,1.137955259940966
2020-07-16,0.0053341492178247685,5.334149217824768e-06,0.1013932926130951,0.0016382634291883004,0.0016329292799704756,1.1462230534562965,1.1398134604042198
2020-07-17,0.007039605705458363,7.039605705458363e-06,0.09931857316657645,-0.0028933375508039478,-0.002900377156509406,1.1429066432541344,1.1365075714809816
2020-07-20,0.0034665283763590515,3.4665283763590515e-06,0.09972258158555364,0.0032037496606083307,0.003200283132231972,1.1465682300245668,1.1401447174916461
2020-07-21,0.0014151983079626895,1.4151983079626895e-06,0.10379627177925362,0.005134658661904834,0.005133243463596872,1.1524554665183273,1.1459973579102647
2020-07-22,0.018657676442852905,1.8657676442852905e-05,0.0998507815425973,0.005070629230126495,0.005051971553683642,1.1582991408932743,1.151786903963024
2020-07-23,0.0007344653949512836,7.344653949512836e-07,0.1034874862103217,0.0080378214455474,0.00803708698015245,1.1676093425683054,1.1610439154927754
2020-07-24,0.0382110311093517,3.8211031109351705e-05,0.10087749482209857,0.002411526420110368,0.0023733153890010163,1.1704250633462765,1.1637994388847206
2020-07-27,0.0041701356678037205,4.170135667803721e-06,0.09706582006229218,0.0006365416060995529,0.0006323714704317492,1.1711700875959181,1.1645353924471757
2020-07-28,0.014365674999303496,1.4365674999303497e-05,0.09925063049920567,0.007838524866772893,0.007824159191773589,1.1803503334507595,1.173646902742137
2020-07-29,0.0036965963703367577,3.696596370336758e-06,0.09888091138010838,0.002772478730654175,0.002768782134283838,1.1836228296449722,1.176896475318407
2020-07-30,0.005582876721793445,5.582876721793445e-06,0.09782666414650819,0.006212100307545948,0.006206517430824154,1.1909756133890281,1.1842009038067463
2020-07-31,0.011083148667362236,1.1083148667362236e-05,0.09941506373559297,-0.00173310078741858,-0.0017441839360859423,1.1889115326156672,1.182135439613228
2020-08-03,0.0030004933333728223,3.0004933333728226e-06,0.09723395375114947,0.005739490535106818,0.005736490041773445,1.1957352791041942,1.1889167477905966
2020-08-04,0.01459236253350768,1.459236253350768e-05,0.10132315755413718,0.0008812024328460215,0.0008666100703125138,1.1967889639411806,1.1899470750169951
2020-08-05,0.006889203581579684,6.889203581579684e-06,0.10260912981335964,0.011967757243291804,0.011960868039710224,1.2111118437330795,1.2041798749555126
2020-08-06,0.013239364552800365,1.3239364552800365e-05,0.0964741700946361,0.0025600975163595874,0.002546858151806787,1.2142124081562542,1.207246750286285
2020-08-07,0.018544783147156907,1.8544783147156907e-05,0.1009883574305309,0.008988034359716941,0.008969489576569784,1.2251257910007571,1.2180751374293255
2020-08-10,0.005147580244037164,5.147580244037165e-06,0.09879465899420889,-0.0076226660316543,-0.007627813611898337,1.215787066249192,1.208783887315727
2020-08-11,0.006354268452477968,6.354268452477968e-06,0.10320050577746974,-0.0016490864110233943,-0.0016554406794758723,1.2137821283195427,1.2067828172959696
2020-08-12,0.044823094265394686,4.4823094265394685e-05,0.1034336662766724,-0.02420760114845068,-0.024252424242716075,1.1843993746760657,1.1775154084420876
2020-08-13,0.01719999683071949,1.719999683071949e-05,0.09919328899088921,0.0006481958194163131,0.0006309958225855936,1.1851670973992499,1.1782584157458447
2020-08-14,0.004073858843842815,4.073858843842815e-06,0.1021507656587911,0.002630909297300672,0.0026268354384568295,1.1882851645346524,1.181353506707986
2020-08-17,0.010632599621407612,1.0632599621407613e-05,0.09818422702080845,-0.0025512321123587326,-0.0025618647119801403,1.1852535732642522,1.1783270388467766
2020-08-18,0.009142525716713257,9.142525716713257e-06,0.09767281479625145,0.00840386367763038,0.008394721151913666,1.1952142827173893,1.1882187657636556
2020-08-19,0.011996702384247798,1.1996702384247798e-05,0.10343068784919461,0.00602000428181708,0.006008007579432832,1.2024094778170369,1.195357593114388
2020-08-20,0.01709868570038106,1.7098685700381063e-05,0.10329581130871814,-0.013069172831179166,-0.013086271516879546,1.1866949805375981,1.1797148190911295
2020-08-21,0.015902344354846415,1.5902344354846414e-05,0.09747812073160722,0.005989028439238426,0.00597312609488358,1.1938021305247393,1.1867614044615638
2020-08-24,0.012482913399372797,1.2482913399372797e-05,0.0994907118736369,0.000932465533246554,0.0009199826198471811,1.1949153098649699,1.1878532043275738
2020-08-25,0.00253380202484349,2.53380202484349e-06,0.09742077670890759,0.0014863785024453113,0.0014838447004204677,1.196691406293796,1.1896157940096928
2020-08-26,0.01317184107165209,1.3171841071652091e-05,0.10167402279351187,-0.0009596471897045119,-0.0009728190307761639,1.1955430047488025,1.1884585131259682
2020-08-27,0.008408313582986104,8.408313582986104e-06,0.09944879027281801,0.005876521833545798,0.005868113519962812,1.2025686393191517,1.1954325225947575
2020-08-28,0.002783972245900601,2.783972245900601e-06,0.10326380827532299,-0.008483702926490451,-0.008486486898736352,1.1923664042344542,1.1852875001534338
2020-08-31,0.015963368176731052,1.5963368176731052e-05,0.09910339129347885,0.007048915882398551,0.00703295251422182,1.2007712947189009,1.1936235708577136
2020-09-01,0.0044250107144575,4.4250107144575e-06,0.09478722225784833,0.00157245120090329,0.0015680261901888325,1.2026594489832918,1.1954952038780453
2020-09-02,0.027141308825497756,2.7141308825497757e-05,0.10767639557514787,0.007551861547504624,0.007524720238679126,1.2117417666308117,1.2044909708339104
2020-09-03,0.03711918358031627,3.711918358031627e-05,0.09554336705530662,0.004428871946642174,0.004391752763061858,1.2171084157476175,1.2097807973831534
2020-09-04,0.022555236918473914,2.2555236918473914e-05,0.10561768829498044,-0.014525903476098,-0.014548458713016472,1.1994288163805211,1.1921803514006244
2020-09-08,0.054954574607949266,5.4954574607949264e-05,0.09811321828432414,-0.009703583697585963,-0.009758538272193912,1.1877900584714762,1.180546413814124
2020-09-09,0.009533826261150805,9.533826261150804e-06,0.10509858695689339,-0.008356400840372166,-0.008365934666633316,1.1778644086286796,1.1706700396452268
2020-09-10,0.05340727217359345,5.340727217359345e-05,0.10196732376409126,0.00826812030696561,0.008214713034792017,1.1876031332645145,1.180286758079341
2020-09-11,0.009313214069135545,9.313214069135545e-06,0.10148581004842366,-0.004864296901826909,-0.004873610115896044,1.181826279022776,1.1745345005955075
2020-09-14,0.042114224576841164,4.211422457684116e-05,0.09646012806253253,0.000825862277978134,0.0007837480534012928,1.1828023047657443,1.1754550397240018
2020-09-15,0.03155799780910995,3.155799780910995e-05,0.10061802384723387,0.006314433991843821,0.006282875994034711,1.1902710318445882,1.1828402779751508
2020-09-16,0.003019756441484084,3.0197564414840837e-06,0.0934767072823893,-0.00013260964719328383,-0.00013562940363476793,1.190113190422991,1.182679850053654
2020-09-17,0.034098097172274244,3.4098097172274246e-05,0.10185579583573745,-0.0015521301556333605,-0.0015862282528056348,1.1882659798515183,1.180803849861475
2020-09-18,0.009523744298864378,9.523744298864378e-06,0.1072284621986971,-0.003327817342596786,-0.00333734108689565,1.1843116477161506,1.1768631046577678
2020-09-21,0.03459500257708975,3.459500257708975e-05,0.09916071703948005,-0.005314418158194347,-0.005349013160771437,1.1780177203905668,1.1705680484225272
2020-09-22,0.03674695221249896,3.6746952212498965e-05,0.10545171116959942,-0.008314207540173828,-0.008350954492386327,1.1682234365772373,1.160792687919909
2020-09-23,0.02519371157135103,2.519371157135103e-05,0.09944486163485644,0.0008522089035033732,0.0008270151919320221,1.1692190069911699,1.1617526811075025
2020-09-24,0.002579753488289954,2.5797534882899543e-06,0.10134337032968369,-0.012965171110800455,-0.012967750864288745,1.1540598824995292,1.146687361772981
2020-09-25,0.044819548313430255,4.4819548313430256e-05,0.10467021803047427,0.0032574921910284195,0.003212672642714989,1.1578192235547506,1.1503712928898961
2020-09-28,0.0208932932135365,2.08932932135365e-05,0.10149197887709772,0.0029837810381356878,0.0029628877449221513,1.1612739025995822,1.1537797138957098
2020-09-29,0.03681932523322867,3.6819325233228676e-05,0.09297233452274102,0.0058949026471646435,0.005858083321931415,1.1681194992020996,1.160538651594865
2020-09-30,0.033410627724493075,3.341062772449307e-05,0.09683384809640155,0.0020321419168630728,0.0019987312891385795,1.170493283800333,1.1628582565100622
2020-10-01,0.03459320165261677,3.459320165261677e-05,0.10108183317292249,-0.00329105884115026,-0.003325652042802877,1.166641121530175,1.1589909945738093
2020-10-02,0.00524096996505527,5.24096996505527e-06,0.10458855826031238,0.004987429886471594,0.0049821889165065384,1.1724596623264814,1.1647653066613057
2020-10-05,0.040490699433101324,4.049069943310132e-05,0.10066045122202655,-0.004166407510775917,-0.004206898210209018,1.1675747175832825,1.1598652575773987
2020-10-06,0.003094549508418004,3.094549508418004e-06,0.09493377532551613,-0.001455877770909697,-0.001458972320418115,1.1658748715060767,1.1581730462711786
2020-10-07,0.029678072166845287,2.9678072166845287e-05,0.1058977669108807,-0.00591903824257357,-0.005948716314740416,1.1589740135555766,1.1512834033755326
2020-10-08,0.02769313088235789,2.7693130882357893e-05,0.10076791066003712,0.0014297383643346658,0.0014020452334523078,1.160631043166024,1.1528975547835878
2020-10-09,0.042241489674905264,4.224148967490526e-05,0.09950803942000379,0.0053926205186021255,0.005350379028927221,1.1668898859439278,1.1590659936832035
2020-10-12,0.002300149701507076,2.300149701507076e-06,0.09428549255599132,0.00819061487932846,0.008188314729626953,1.176447431606278,1.1685567908318892
2020-10-13,0.028337382086936175,2.8337382086936177e-05,0.10295863996964981,0.004926838672773626,0.0048985012906866895,1.182243598308801,1.17428096778002
2020-10-14,0.014249848469260001,1.4249848469260002e-05,0.09190253776421943,-0.004662276674850179,-0.004676526523319439,1.176731651556415,1.1687894116883675
2020-10-15,0.04243649957025036,4.2436499570250366e-05,0.0964340070282454,-3.227107207324764e-05,-7.4707571643498e-05,1.1766936771644767,1.1687020942696575
2020-10-16,0.019379425219729574,1.9379425219729574e-05,0.11044424009062387,0.00027428720094302455,0.00025490777572329497,1.1770164291795537,1.1690000055209908
2020-10-19,0.051391842054428066,5.139184205442807e-05,0.09786401170031621,-0.0023238109169031445,-0.0023752027589575724,1.174281265552052,1.166223393482656
2020-10-20,0.010739725779422699,1.07397257794227e-05,0.09367813503909617,-0.00583318492384791,-0.005843924649627332,1.1674314657774767,1.1594080718465107
2020-10-21,0.03393136272288513,3.393136272288513e-05,0.0999134530673148,-0.0006072285562418164,-0.0006411599189647015,1.1667225680540014,1.1586647058611186
2020-10-22,0.00046492596257324825,4.6492596257324827e-07,0.10152072413815252,0.0008110310911347545,0.0008105661651721812,1.1676688163314217,1.159603880268469
2020-10-23,0.00804688603935133,8.04688603935133e-06,0.09988618844212341,-0.005760475496735943,-0.005768522382775295,1.160942488726642,1.1529146793299871
2020-10-26,0.0006029181227945324,6.029181227945324e-07,0.1001757812066507,0.0030036292143267576,0.003003026296203963,1.1644295295019345,1.1563769124292946
2020-10-27,0.0009295690889516428,9.295690889516428e-07,0.10304886143476895,-0.002636381381355016,-0.0026373109504439674,1.1613596491704556,1.1533271869353043
2020-10-28,0.03133795626466357,3.133795626466357e-05,0.09808353122910644,0.00206654276548594,0.0020352048092212765,1.1637596485515762,1.1556744439727609
2020-10-29,0.010063471894856124,1.0063471894856124e-05,0.10404788194136758,-0.017432729992089342,-0.0174427934639842,1.1434721408226878,1.1355162533349392
2020-10-30,0.020428697846143623,2.0428697846143622e-05,0.10145139124128699,-0.0014423012995919845,-0.001462729997438128,1.141822909467932,1.1338552996486075
2020-11-02,0.0072200355881766876,7.220035588176688e-06,0.10509016948425104,-0.004867995665049231,-0.004875215700637408,1.1362645204943882,1.1283275104895096
2020-11-03,0.0240948923821879,2.40948923821879e-05,0.09782035766577568,0.008592380344784234,0.008568285452402047,1.14602773742676,1.137995342683182
2020-11-04,0.04215971621662623,4.215971621662623e-05,0.09812573385232617,0.004794427660885341,0.004752267944668715,1.1515222845112207,1.1434034014713976
2020-11-05,0.009392260457038615,9.392260457038614e-06,0.10031167090517079,0.014342775448797343,0.014333383188340305,1.1680383100622511,1.1597922405635388
2020-11-06,0.0015569822589980853,1.5569822589980853e-06,0.10157159155332568,0.01389586034605766,0.013894303363798662,1.1842692072977214,1.1759067457929082
2020-11-09,0.007729561022434939,7.72956102243494e-06,0.09692717359537803,-0.004052174334475518,-0.004059903895497953,1.1794703420108,1.1711326774149213
2020-11-10,0.015592208061324414,1.5592208061324414e-05,0.11057722640616076,-0.019606634343894334,-0.019622226551955658,1.1563448982955262,1.1481524466962874
2020-11-11,0.04853730999555114,4.853730999555114e-05,0.09513044534549805,-0.0013608004424610542,-0.0014093377524566054,1.154771343646288,1.1465343121075828
2020-11-12,0.02348949162769451,2.348949162769451e-05,0.09523886603917887,0.002002236865863626,0.0019787473742359316,1.1570834694021797,1.148803013867137
2020-11-13,0.02411462753149124,2.411462753149124e-05,0.09781403055858578,0.005494559396323291,0.005470444768791799,1.163441133251314,1.1550874773047188
2020-11-16,0.0113191310660552,1.13191310660552e-05,0.10440257929842725,0.00602773731990355,0.006016418188837495,1.1704540507897239,1.1620369666128734
2020-11-17,0.021835591513645503,2.1835591513645502e-05,0.10028376359937485,0.0027169290015522777,0.0026950934100386324,1.1736340913452987,1.1651687647838131
2020-11-18,0.0014034076317173128,1.4034076317173128e-06,0.09491851927069325,-0.00038702875519766816,-0.00038843216282938547,1.1731798612038677,1.164716175760447
2020-11-19,0.026476859932608593,2.6476859932608593e-05,0.10245450379560839,-0.0045869596905053715,-0.00461343655043798,1.1677985324708129,1.1593428315843073
2020-11-20,0.01248270907155144,1.248270907155144e-05,0.09890816172427093,0.002564548514024547,0.002552065804952996,1.1707934084619411,1.1623015507810108
2020-11-23,0.005613986001707899,5.613986001707899e-06,0.09929707875092403,0.00233482754667308,0.002329213560671372,1.1735270091634813,1.1650087993146794
2020-11-24,0.00363984768642156,3.63984768642156e-06,0.09424933645127062,-0.006812951581570961,-0.0068165914292573826,1.1655318264703847,1.1570674103182614
2020-11-25,0.0315948426179008,3.15948426179008e-05,0.09977932973703624,-0.004575285225541324,-0.004606880068159225,1.1601991859248366,1.1517369395281496
2020-11-27,0.0012150704730332917,1.2150704730332917e-06,0.09976819081871988,-0.0019374334628681734,-0.0019386485333412068,1.1579513771984336,1.1495041263995385
2020-11-30,0.0012793700835190547,1.2793700835190548e-06,0.10041517902962482,0.0011202896150521932,0.0011190102449686742,1.1592486181010444,1.1507904332936134
2020-12-01,0.03855958314008298,3.855958314008298e-05,0.10124964936347121,-0.004564267506442058,-0.004602827089582141,1.153957497301558,1.1454935439128175
2020-12-02,0.04201693775389026,4.201693775389026e-05,0.10175933965601829,0.004815247205046912,0.004773230267293022,1.1595140879151822,1.1509612483676108
2020-12-03,0.051482184546329635,5.148218454632963e-05,0.09734567643280105,5.670527683174108e-05,5.223092285411444e-06,1.1595798384825275,1.1509672599444278
2020-12-04,0.04190413955115754,4.1904139551157546e-05,0.10193275867682447,0.006091543137634062,0.006049638998082904,1.1666434690901746,1.1579301963657043
2020-12-07,0.010533485522728397,1.0533485522728398e-05,0.10474033178386072,-0.00389793308165071,-0.003908466567173439,1.1620959709175163,1.1534044649060884
2020-12-08,0.024665462626590917,2.4665462626590917e-05,0.09700888239749855,0.008053628064212188,0.008028962601585596,1.1714550596422055,1.1626651062193214
2020-12-09,0.016043625399159683,1.6043625399159684e-05,0.09947109683753577,0.004015324288414951,0.003999280663015791,1.1761588315959735,1.1673149302961876
2020-12-10,0.002851991859080638,2.851991859080638e-06,0.10135996519976045,-0.010716107306319564,-0.010718959298178645,1.1635549873473157,1.1548025290701864
2020-12-11,0.007234915451753837,7.2349154517538375e-06,0.09991975877686321,0.002441048302544018,0.002433813387092264,1.1663952812740965,1.1576131029248855
2020-12-14,0.03675696292273886,3.6756962922738865e-05,0.09984408366055984,0.0016215019349603789,0.00158474497203764,1.1682865934796112,1.1594476244693106
2020-12-15,0.000834428162260703,8.344281622607031e-07,0.10332648176396358,-0.004486697968181589,-0.00448753239634385,1.1630448443943924,1.1542445656926408
2020-12-16,0.017229426756273647,1.7229426756273647e-05,0.1001261024656989,0.007704158295722512,0.007686928868966238,1.1720051259806308,1.163117161566511
2020-12-17,0.0006523218843934864,6.523218843934864e-07,0.10034272826846032,0.001321288737562476,0.0013206364156780825,1.1735536831539544,1.164653216445776
2020-12-18,0.0017668610295520915,1.7668610295520916e-06,0.10126389843304244,0.003864060415247982,0.00386229355421843,1.178088365486198,1.1691514490565542
2020-12-21,0.00643442877352457,6.43442877352457e-06,0.09625243360615982,-0.004314515648325731,-0.004320950077099256,1.1730054847981972,1.1640996040126126
2020-12-22,0.019821450822106762,1.9821450822106763e-05,0.10648728970354453,-0.0007344638178666211,-0.0007542852686887279,1.1721439547114538,1.1632215408300195
2020-12-23,0.03222193540078927,3.222193540078927e-05,0.1001781049210395,-0.0011751430305717461,-0.0012073649659725353,1.170766517912248,1.1618171078939568
2020-12-24,0.0008830624894501371,8.830624894501371e-07,0.09524264789741471,-0.00013547816130013248,-0.0001363612237895826,1.1706079046170894,1.1616586810913048
2020-12-28,0.02476562843817398,2.476562843817398e-05,0.09621796273148871,0.004099478222425419,0.004074712593987245,1.1754067862290662,1.166392106349062
2020-12-29,0.04088106699215008,4.088106699215008e-05,0.10162280373930788,0.0019044001373211585,0.0018635190703290084,1.1776452310741692,1.168565700282725
2020-12-30,0.035564988780602574,3.5564988780602575e-05,0.10211936742027532,-1.8300178180457843e-05,-5.3865166961060415e-05,1.177623679956607,1.1685027552961744
2020-12-31,0.035485731036516116,3.5485731036516115e-05,0.09552525904411094,0.003874165405043638,0.003838679674007122,1.1821859888776551,1.172988263071951
2021-01-04,0.024744693401700907,2.4744693401700908e-05,0.09846077376148997,0.0036477362656074015,0.0036229915722057007,1.186498291581977,1.177237989663357
2021-01-05,0.008644768978114448,8.644768978114448e-06,0.1054880106707829,0.00254896871507751,0.0025403239460993956,1.1895226386077125,1.1802285555187568
2021-01-06,0.03550774315769045,3.550774315769045e-05,0.0993923623494512,0.0008710936295559007,0.0008355858863982102,1.1905588242004161,1.1812147378424724
2021-01-07,0.0032477017223482285,3.2477017223482287e-06,0.10238377656376056,-0.011116445364584684,-0.011119693066307033,1.1773240420778681,1.1680799925122658
2021-01-08,0.012444167851378946,1.2444167851378946e-05,0.09310376343620119,0.001238280099001536,0.001225835931150157,1.1787818990092493,1.1695118669375448
2021-01-11,0.038667422982065186,3.866742298206519e-05,0.11278204305570058,-0.012278805352779218,-0.012317472775761283,1.1643078655179353,1.1551064363556118
2021-01-12,0.05533181063023887,5.5331810630238874e-05,0.09457092541740522,-0.0036199494072994445,-0.0036752812179296833,1.1600931299502395,1.1508610953653644
2021-01-13,0.029012080180796262,2.9012080180796264e-05,0.10504926548126224,0.0017220749738781724,0.0016930628936973763,1.1620908972966948,1.1528095755817274
2021-01-14,0.025685513163381718,2.5685513163381717e-05,0.09453707627263332,0.0038243813774406716,0.00379869586427729,1.1665351760832094,1.1571887485487888
2021-01-15,0.02939564617049395,2.939564617049395e-05,0.11703754023087436,-0.005142005920890266,-0.005171401567060759,1.1605368453008627,1.1512044608411585
2021-01-19,0.07819238991457997,7.819238991457997e-05,0.0885084308489498,-0.004243395575794318,-0.004321587965708898,1.1556122283859667,1.146229429497117
2021-01-20,0.059711681532917144,5.971168153291714e-05,0.10002764735705955,0.006523365982126942,0.006463654300594025,1.1631507098851495,1.1536382602785533
2021-01-21,0.00014361954076530514,1.4361954076530516e-07,0.09543700183034658,0.010042660209156519,0.010042516589615753,1.1748318372365651,1.1652236916458163
2021-01-22,0.02483667300137052,2.4836673001370518e-05,0.1070365012729205,-0.0027538911431324743,-0.002778727816133845,1.1715964782453292,1.1619858521618218
2021-01-25,0.034350664199453707,3.4350664199453705e-05,0.09871584554830841,-0.002273637211703566,-0.0023079878759030194,1.1689326928952897,1.1593040029030615
2021-01-26,0.006691883696333084,6.691883696333084e-06,0.10143118826924424,0.006334012746027641,0.006327320862331308,1.1763367274713368,1.1666392913064143
2021-01-27,0.0073528613602935056,7.352861360293505e-06,0.09768680596842626,-0.0020342236422779764,-0.00204157650363827,1.1739437954890346,1.164257507941062
2021-01-28,0.012165662460683763,1.2165662460683763e-05,0.09926499835258687,-0.008468423926174341,-0.008480589588635025,1.1640023417633314,1.1543839178407267
2021-01-29,0.0038941786588289895,3.89417865882899e-06,0.10699278309855403,0.0005527459531654843,0.0005488517745066553,1.1646457393472163,1.1550175035024957
2021-02-01,0.03462765906338805,3.462765906338805e-05,0.0949019090716555,-0.008232723145141261,-0.008267350804204649,1.1550575334130022,1.145468568616044
2021-02-02,0.02660147411462066,2.660147411462066e-05,0.09826962035099161,0.007988328222933216,0.007961726748818596,1.1642845121062768,1.1545884763587253
2021-02-03,0.009187984353458578,9.187984353458579e-06,0.104956684500288,-0.002581616725175903,-0.0025908047095293614,1.16127877573696,1.1515971630966069
2021-02-04,0.029533313390581933,2.9533313390581935e-05,0.09877016374665923,-0.0035520226514170424,-0.0035815559648076246,1.1571538872209324,1.1474726534080628
2021-02-05,0.006282372515231338,6.282372515231338e-06,0.10248071649341867,-0.0049168334993755615,-0.004923115871890793,1.151464354224312,1.141823512575509
2021-02-08,0.012365491246758259,1.2365491246758259e-05,0.0935967520703569,0.0013830210726863373,0.0013706555814395791,1.1530568536906514,1.1433885593460396
2021-02-09,0.0341015233312259,3.41015233312259e-05,0.10192310008096142,0.0075716971392656585,0.007537595615934433,1.1617874509711514,1.1520069599382758
2021-02-10,0.010048534393441527,1.0048534393441527e-05,0.09449974539937515,0.0012063283366832332,0.0011962798022897916,1.1631889480944608,1.1533850825965473
2021-02-11,0.030412560907077585,3.0412560907077586e-05,0.10309360418275487,0.0038776798383708634,0.0038472672774637856,1.1676994224267025,1.157822463283136
2021-02-12,0.03148539510545251,3.148539510545251e-05,0.10057514827518722,-0.004672247557241517,-0.004703732952346969,1.1622436416526771,1.1523763756096237
2021-02-16,0.0030607566627379457,3.060756662737946e-06,0.1001784365942503,-0.0038732169646391494,-0.0038762777213018876,1.157742019862784,1.1479094447382936
2021-02-17,0.00094789156264527,9.4789156264527e-07,0.101162953467259,-0.01107990226420941,-0.011080850155772056,1.1449143514355358,1.135189632188753
2021-02-18,0.04161944996398051,4.1619449963980514e-05,0.10488695841548576,-0.0013196459682207559,-0.0013612654181847364,1.1434034698277058,1.1336443377993726
2021-02-19,0.024659410918813712,2.465941091881371e-05,0.09643839011606806,-0.0029104974954431246,-0.002935156906361938,1.1400755968924912,1.1303169137919227
2021-02-22,0.018635474276380237,1.8635474276380237e-05,0.10372557329381656,-0.004200254290048259,-0.004218889764324639,1.135286989475664,1.125548231333883
2021-02-23,0.018793227457511386,1.8793227457511388e-05,0.0942178021774293,-0.0006780571725068349,-0.0006968503999643463,1.1345171999895964,1.1247638925986987
2021-02-24,0.030957667754465484,3.095766775446549e-05,0.10645700271657914,-0.0014151830770977292,-0.0014461407448521947,1.1329116504474948,1.1231373257052732
2021-02-25,0.029335606326562846,2.9335606326562847e-05,0.10280614203840228,0.0006117291328939103,0.0005823935265673474,1.1336046855090685,1.1237914336132102
2021-02-26,0.013841350082128168,1.3841350082128168e-05,0.10499613749253457,-0.019405906243894544,-0.01941974759397667,1.11160605926444,1.1019676876241684
2021-03-01,0.023470906420141324,2.3470906420141324e-05,0.09514501332550382,0.0023444476117369115,0.00232097670531677,1.1142121614352747,1.104525328957156
2021-03-02,0.023971625888880188,2.3971625888880188e-05,0.11235323725902757,0.0012012640223238208,0.0011772923964349406,1.1155506244180424,1.1058256782286071
2021-03-03,0.054288099884501756,5.428809988450176e-05,0.09296829729620923,-0.00046970854383315987,-0.0005239966437176616,1.1150266407586749,1.1052462292846785
2021-03-04,0.035104854867926694,3.510485486792669e-05,0.11398752616905616,-0.01105787212708838,-0.011092976981956307,1.1026968187468684,1.0929857583038296
2021-03-05,0.057243123953770236,5.7243123953770236e-05,0.09378385356928869,-0.0079941528144266,-0.008051395938380371,1.093881691869824,1.0841856972087145
2021-03-08,0.050268672140253545,5.0268672140253544e-05,0.10230795395357309,0.005556838201846637,0.005506569529706384,1.0999602154435069,1.0901558411335073
2021-03-09,0.04001450274761256,4.0014502747612563e-05,0.09828245666976738,-0.007060110439491005,-0.007100124942238617,1.0921943748434295,1.0824155984549482
2021-03-10,0.04033188643901556,4.033188643901556e-05,0.09324172962187458,0.014851710843860015,0.014811378957421,1.1084153298838946,1.098447666073088
2021-03-11,0.04691229305384678,4.691229305384678e-05,0.09871124292400522,0.0041737247759005645,0.004126812482846718,1.113041550408219,1.1029807536131921
2021-03-12,0.006409570350581623,6.409570350581623e-06,0.10196661550818714,0.0001106686270608472,0.00010425905671026557,1.1131647291884643,1.1030957493461333
2021-03-15,0.00959222397950904,9.59222397950904e-06,0.09742546228933475,-0.007684285140713668,-0.007693877364693177,1.1046108540007948,1.0946086659291498
2021-03-16,0.012889219919454714,1.2889219919454714e-05,0.10271346878538941,0.005448515857156822,0.005435626637237368,1.1106293437548058,1.100558549951025
2021-03-17,0.01322588706637226,1.3225887066372261e-05,0.09464984625875328,-0.0016201518613763737,-0.001633377748442746,1.1088299555562222,1.0987609221046766
2021-03-18,0.036763022462290185,3.6763022462290186e-05,0.11066901199011828,0.0008450186952118921,0.0008082556727496019,1.109766937598478,1.0996490018529632
2021-03-19,0.05041134560625829,5.041134560625829e-05,0.10079480760967235,-0.009404626759313023,-0.009455038104919282,1.0993299937605385,1.089251778638407
2021-03-22,0.039433782954216845,3.943378295421685e-05,0.0941862192006283,0.0016588303506032507,0.0016193965676490338,1.101153595719517,1.0910157092300397
2021-03-23,0.029091879749148314,2.9091879749148313e-05,0.0975136900292907,0.005912263198321223,0.0058831713185720745,1.1076639055991888,1.0974343415586933
2021-03-24,0.012758593808196383,1.2758593808196384e-05,0.10608493866250684,-0.0020793432875139523,-0.002092101881322149,1.1053606920922596,1.0951383971080908
2021-03-25,0.029434049420561187,2.9434049420561186e-05,0.10668197013661926,0.00121618285087888,0.0011867488014583188,1.106705012810018,1.0964380512882899
2021-03-26,0.030297536188995278,3.0297536188995278e-05,0.10066944105025528,-0.0018191479693905341,-0.0018494455055795293,1.1046917526332503,1.0944102488621883
2021-03-29,0.0363834820934065,3.63834820934065e-05,0.09529089201331399,0.004475734428741529,0.004439350946648123,1.1096360595436578,1.099268720036496
2021-03-30,0.02239418474394622,2.239418474394622e-05,0.10376352911659747,-0.006939802372419455,-0.006962196557163401,1.1019354045851146,1.0916153951384604
2021-03-31,0.01724833399522524,1.724833399522524e-05,0.09733974864438635,-0.005108046787187248,-0.005125295121182474,1.0963066669820358,1.0860205440795496
2021-04-01,0.030329079648486745,3.0329079648486747e-05,0.10124530959472425,0.004740159916518222,0.004709830836869736,1.1015033359010757,1.0911355171275297
2021-04-05,0.005804373678587632,5.804373678587632e-06,0.0990442214358196,0.01181830237727741,0.011812498003598822,1.1145212353943343,1.1040245532452542
2021-04-06,0.00449786248527681,4.49786248527681e-06,0.09856603680649609,0.0033402370271455174,0.0033357391646602406,1.1182440004923386,1.1077072911862609
2021-04-07,0.0068463578742934406,6.846357874293441e-06,0.09317605181450749,0.004415610632762073,0.00440876427488778,1.1231817305909348,1.1125909115186756
2021-04-08,0.034966568109545904,3.49665681095459e-05,0.10095352454980666,-0.0027430204624863197,-0.0027779870305958657,1.1201008201208331,1.109500148396118
2021-04-09,0.0048398029725167935,4.8398029725167934e-06,0.0905045079686461,0.00798824745651206,0.007983407653539543,1.1290484626482005,1.1183577403724267
2021-04-12,0.05325287568763923,5.325287568763923e-05,0.1080234025871364,-0.001351771750257964,-0.0014050246259456032,1.1275222468317205,1.1167864202065867
2021-04-13,0.04238351265117027,4.238351265117027e-05,0.10025070074542869,-0.0020053264970759524,-0.0020477100097271226,1.1252611965941062,1.1144995654752023
2021-04-14,0.037670720846227135,3.7670720846227134e-05,0.09568624467519858,0.006064704260085807,0.006027033539239579,1.1320855729667998,1.1212166917357893
2021-04-15,0.023433529328018565,2.3433529328018565e-05,0.09827405387831266,-0.0039705806183595975,-0.003994014147687616,1.1275905359324532,1.116738536406373
2021-04-16,0.009540487289426886,9.540487289426886e-06,0.09425995108834276,0.015969030881395025,0.0159594903941056,1.1455970640223274,1.1345611143508783
2021-04-19,0.03366136367391864,3.3661363673918645e-05,0.10886150517903907,0.0006318637247803408,0.0005982023611064222,1.1463209252502982,1.1352398114883024
2021-04-20,0.047474141015495214,4.747414101549521e-05,0.09729386718156029,-0.003778364634367944,-0.003825838775383439,1.1419897068066964,1.1308965669981514
2021-04-21,0.044333722157093525,4.433372215709353e-05,0.10310464380777612,0.00016339635226998142,0.00011906263011288789,1.1421763037591186,1.1310312145178039
2021-04-22,0.030138959589015885,3.0138959589015885e-05,0.09457823111320048,0.007793078365396824,0.007762939405807808,1.1510773732014126,1.1398113413021829
2021-04-23,0.04677672233519667,4.677672233519667e-05,0.10559503707302609,-0.00423953893724938,-0.004286315659584577,1.1461973358579385,1.1349257501009873
2021-04-26,0.047174125298782094,4.717412529878209e-05,0.09913658751174856,0.0013504170638091056,0.0013032429385103235,1.1477451802987735,1.13640483407054
2021-04-27,0.048278147265128635,4.8278147265128634e-05,0.103291923488405,0.0012236048384683727,0.0011753266912032441,1.1491495668547158,1.1377404810040355
2021-04-28,0.03354892497406148,3.354892497406148e-05,0.09866824346062325,-0.004133608244450898,-0.00416715716942496,1.144399432731058,1.1329993376016745
2021-04-29,0.007185233191840501,7.1852331918405015e-06,0.09807868726822667,0.0010981162330996204,0.00109093099990778,1.14565611632529,1.1342353617019392
2021-04-30,0.0561271588590945,5.61271588590945e-05,0.09893790145393563,0.00015166873970215417,9.554158084305967e-05,1.1458298765445851,1.1343437283414441
2021-05-03,0.07069747015707845,7.069747015707845e-05,0.09696193860554865,-0.002851730553793424,-0.0029224280239505025,1.1425622784761935,1.1310286904409466
2021-05-04,0.048650503582629984,4.8650503582629986e-05,0.10015298816853574,0.005283901735747821,0.0052352512321651905,1.148599465282634,1.1369499097861917
2021-05-05,0.04799483415277528,4.799483415277528e-05,0.10569176366142152,-0.002916132171735339,-0.0029641270058881146,1.1452499974294852,1.1335798458542523
2021-05-06,0.0635654996255878,6.35654996255878e-05,0.09682831799055974,0.0022716379224316154,0.0022080724228060278,1.1478515907543108,1.1360828722509317
2021-05-07,0.053979796601565294,5.3979796601565296e-05,0.09891392494192175,0.010226952650144967,0.010172972853543402,1.1595906146223487,1.147640212469716
2021-05-10,0.05017109770179201,5.0171097701792015e-05,0.10491628134735159,0.0041659865120222,0.004115815414320408,1.164421453482333,1.1523636877462928
2021-05-11,0.057703673826227375,5.770367382622738e-05,0.10670557643656406,-0.006405280425085597,-0.006462984098911825,1.1569630075397928,1.1449159795562251
2021-05-12,0.05590160906869493,5.590160906869493e-05,0.10358601082306765,-0.004875847446084513,-0.004931749055153208,1.1513218324142656,1.139269541255819
2021-05-13,0.018305611980795694,1.8305611980795696e-05,0.10060018333619887,-0.014161100074204458,-0.014179405686185254,1.1350178487278306,1.1231153762444386
2021-05-14,0.003045494486501016,3.0454944865010158e-06,0.09960965569770977,0.005912229900523709,0.005909184406037208,1.1417283351907073,1.129752072111923
2021-05-17,0.0334661478931475,3.3466147893147504e-05,0.09783381114603659,0.011389073280711103,0.011355607132817956,1.1547315628668586,1.142581092800313
2021-05-18,0.011419909211458135,1.1419909211458135e-05,0.09682638872733658,0.002602329415814369,0.002590909506602911,1.1577365547802765,1.1455414170157143
2021-05-19,0.017279307364913593,1.7279307364913593e-05,0.10554411711544716,-0.00312690340990622,-0.0031441827172711337,1.154116424399361,1.1419396254904153
2021-05-20,0.02860032474426341,2.8600324744263412e-05,0.09745010862934601,-0.001458071539573104,-0.0014866718643173674,1.1524336400875903,1.1402419359784495
2021-05-21,0.0134982640718673,1.34982640718673e-05,0.0942971105345525,0.008160068119508191,0.008146569855436324,1.1618375770939178,1.149530996561996
2021-05-24,0.03201494866715904,3.201494866715904e-05,0.10522416714563981,0.0011513590221310618,0.0011193440734639027,1.1631752692705557,1.1508177172702605
2021-05-25,0.02787144095653668,2.787144095653668e-05,0.09800992884057012,0.00533551543605243,0.005307643995095894,1.169381408874583,1.15692584801678
2021-05-26,0.010832804131904766,1.0832804131904766e-05,0.09852861677812,0.006158901778759922,0.006148068974628017,1.1765835141137497,1.1640387079289172
2021-05-27,0.0081289733263952,8.1289733263952e-06,0.10061107297309901,-0.0006595162567149202,-0.0006676452300413154,1.175807538158809,1.163261543037985
2021-05-28,0.003355499622816449,3.355499622816449e-06,0.1006696184546478,-0.0012223547857024679,-0.0012257102853252843,1.1743702841874755,1.16183572140016
2021-06-01,0.0036525242676532788,3.6525242676532786e-06,0.09997349874890625,0.0014050615872232015,0.0014014090629555483,1.1760203467629637,1.1634639285097956
2021-06-02,0.035771492347483475,3.5771492347483475e-05,0.10309308403935037,-0.001950308024076029,-0.0019860795164235124,1.1737267448441953,1.1611531966332846
2021-06-03,0.016389073484603583,1.6389073484603583e-05,0.0925466453163725,0.0031823868377843525,0.0031659977642997487,1.1774619973881428,1.1648294050578352
2021-06-04,0.0426730603816306,4.26730603816306e-05,0.10090239089895404,-0.010924575007009569,-0.0109672480673912,1.1645987254797727,1.1520544320163741
2021-06-07,0.05391630188774754,5.3916301887747544e-05,0.09737891246956659,0.012661564982344919,0.012607648680457172,1.179344367920791,1.1665791295560002
2021-06-08,0.055259594375669435,5.525959437566944e-05,0.1013952225111261,-9.144015847288445e-05,-0.0001466997528485539,1.1792365284848942,1.166407992686016
2021-06-09,0.07095410243288502,7.095410243288502e-05,0.09852442677682342,0.0012162464231518597,0.0011452923207189746,1.180670770694714,1.1677438708028645
2021-06-10,0.046366520296635017,4.6366520296635016e-05,0.09925069867251494,0.0022418295702788023,0.002195463049982167,1.1833176333412212,1.170307609323055
2021-06-11,0.05005105981305355,5.005105981305355e-05,0.0978925818903449,0.005885544694378156,0.0058354936345651025,1.1902821021598968,1.1771369319277427
2021-06-14,0.05460786165024764,5.460786165024764e-05,0.10650486145680663,-0.005121797033216569,-0.005176404894866817,1.1841857188203635,1.1710435945513835
2021-06-15,0.03640910824520044,3.640910824520044e-05,0.09262793575656247,-0.00426627889412323,-0.004302688002368431,1.179133652281438,1.1660049593268569
2021-06-16,0.05479078320020078,5.479078320020078e-05,0.10408370482326501,-0.0027489288128694713,-0.002803719596069672,1.1758922978104576,1.1627358083732777
2021-06-17,0.08119435028272029,8.119435028272029e-05,0.1063162111976572,-0.009939186783757659,-0.01002038113404038,1.1642048846249373,1.151084752415181
2021-06-18,0.06953130853875022,6.953130853875022e-05,0.09901428530852209,-0.004721263723265321,-0.004790795031804071,1.1587083663367093,1.145570141302125
2021-06-21,0.06639077583975178,6.639077583975178e-05,0.09921235286397666,-0.0027807289496203634,-0.002847119725460115,1.1554863124382695,1.1423085659559256
2021-06-22,0.060072050252389736,6.007205025238974e-05,0.10265845399915187,0.0038373003553252216,0.0037772283050728317,1.1599202604755623,1.1466233262043815
2021-06-23,0.061157212327497046,6.115721232749705e-05,0.09906162827692722,0.0016906472084014458,0.0016294899960739488,1.1618812764259037,1.1484917374436967
2021-06-24,0.03509902690568856,3.509902690568856e-05,0.10146433011322135,-0.001716126248375498,-0.0017512252752811867,1.159887341469933,1.1464804696846338
2021-06-25,0.047469755165525956,4.746975516552596e-05,0.097375295569611,0.0029001622868934187,0.0028526925317278926,1.1632512029947093,1.149751025958275
2021-06-28,0.02881951766034263,2.881951766034263e-05,0.10039505227937691,-0.0011319658234260192,-0.0011607853410863617,1.16193444238886,1.1484164118214437
2021-06-29,0.04350748758856762,4.350748758856762e-05,0.09821937881656856,0.0049891180143638875,0.00494561052677532,1.1677314704468922,1.1540960321168694
2021-06-30,0.060886445657399174,6.0886445657399174e-05,0.10276593462174127,-0.0031336333647908454,-0.0031945198104482444,1.1640722281499836,1.1504092494791123
2021-07-01,0.058009669431277805,5.8009669431277806e-05,0.09696979852517831,0.003842554141485008,0.0037845444720537302,1.168545238711249,1.154763024444828
2021-07-02,0.03549207897851378,3.5492078978513784e-05,0.10406877285502067,0.0030465317017310143,0.0030110396227525007,1.1721052488258896,1.1582400616663209
2021-07-06,0.05835882282237101,5.835882282237101e-05,0.10045589552704791,0.007708022119778298,0.007649663296955927,1.1811398620105478,1.1671002081551136
2021-07-07,0.046170245737962384,4.617024573796239e-05,0.10173221661828874,0.005611471099599589,0.005565300853861627,1.187767794210805,1.1735954719401014
2021-07-08,0.056721749126927234,5.672174912692723e-05,0.09868284094124954,0.006190682787425604,0.006133961038298677,1.1951208878498842,1.1807942608397057
2021-07-09,0.049324709449444615,4.9324709449444617e-05,0.09817828119720809,-0.0023118248750963067,-0.002361149584545751,1.1923579776526056,1.17800622896129
2021-07-12,0.04024589828669817,4.024589828669817e-05,0.1064937509230507,-0.00042248282916683606,-0.00046272872745353424,1.1918542268808274,1.1774611316380303
2021-07-13,0.05362335071282323,5.3623350712823235e-05,0.0959286030685191,0.00040202535805365256,0.0003484020073408293,1.192333382503137,1.1778713614598588
2021-07-14,0.022992290900136908,2.2992290900136908e-05,0.10292459825389118,-0.0037615841332991197,-0.0037845764241992564,1.1878483201699104,1.1734136172745384
2021-07-15,0.04396479453011631,4.3964794530116315e-05,0.10238049979546604,0.00821099364515019,0.008167028850620074,1.1976017351782278,1.1829969201405302
2021-07-16,0.012828028555223248,1.2828028555223248e-05,0.10162976999371852,0.0024945988568105173,0.002481770828255294,1.2005892710977177,1.185932847386851
2021-07-19,0.036028654683431305,3.602865468343131e-05,0.0928632944203798,-0.006815670823699951,-0.0068516994783833825,1.19240644983145,1.1778071919150126
2021-07-20,0.0562012349521166,5.62012349521166e-05,0.10258979199834077,0.0019549338491855715,0.0018987326142334549,1.1947375255622126,1.1800435328435803
2021-07-21,0.053331393920600934,5.333139392060093e-05,0.10191855228285604,0.0010857226542007677,0.0010323912602801667,1.196034679159539,1.181261799473638
2021-07-22,0.03711182191731627,3.711182191731627e-05,0.10072636032601112,-0.0026329969846635402,-0.0026701088065808564,1.192885523455759,1.178107701939986
2021-07-23,0.0039847829298621795,3.984782929862179e-06,0.10517625985586986,0.004748517958767577,0.0047445331758377155,1.1985499617866426,1.1836972730165503
2021-07-26,0.026999200305990873,2.6999200305990873e-05,0.09790550618036926,0.0004831631471326968,0.00045616394682670595,1.1991290569581752,1.1842372330364577
2021-07-27,0.011158525148919657,1.1158525148919658e-05,0.09508156333683754,-0.0009140157459284265,-0.0009251742710773461,1.198033034118715,1.1831416072176006
2021-07-28,0.027558684489007723,2.7558684489007723e-05,0.09768938580246522,0.0025306285608232147,0.002503069876334207,1.2010648107316657,1.1861030933340646
2021-07-29,0.013252916386970015,1.3252916386970016e-05,0.10672211181436443,0.0017946227786996463,0.0017813698623126762,1.2032202689996991,1.1882159816381257
2021-07-30,0.054672058718354066,5.4672058718354066e-05,0.10197361129694497,0.004154410708644042,0.004099738649925687,1.208218940170089,1.1930873566225069
2021-08-02,0.03845621547556763,3.845621547556763e-05,0.09596978467623814,-0.003041199685194278,-0.0030796559006698457,1.204544505109598,1.1894130581046698
2021-08-03,0.0222431349043532,2.2243134904353202e-05,0.10794726574302396,0.001412481190237472,0.0013902380553331187,1.206245901565869,1.1910666254015572
2021-08-04,0.04063252721239463,4.063252721239463e-05,0.09273180601215977,0.002798704413861767,0.0027580718866493724,1.209621827294784,1.1943516727762036
2021-08-05,0.04007318779327523,4.0073187793275234e-05,0.10039978212203947,-0.0010796112303171172,-0.0011196844181103924,1.2083159059856,1.193014375818452
2021-08-06,0.0021954218391219416,2.1954218391219417e-06,0.1007799644666252,-0.0008395612805499429,-0.0008417567023890649,1.2073014507362618,1.1920101479715604
2021-08-09,0.004250061631858509,4.25006163185851e-06,0.09936560006744144,-0.014481319705836044,-0.014485569767467902,1.1898181324468304,1.1747432018095885
2021-08-10,0.0034789443268955778,3.478944326895578e-06,0.10007799580624543,-0.008171576091756389,-0.008175055036083284,1.1800954430421897,1.1651396114815304
2021-08-11,0.00042738276356860117,4.2738276356860117e-07,0.10519824816165307,-0.0010188628464859785,-0.001019290229249547,1.1788930876399666,1.1639519960598357
2021-08-12,0.029337953435384395,2.9337953435384395e-05,0.09691104207369787,0.005869775455253767,0.005840437501818382,1.185812925350164,1.17074998494794
2021-08-13,0.04630529636478384,4.630529636478384e-05,0.10096252427105654,0.0008130192500922614,0.0007667139537274776,1.1867770140854819,1.1716476152977258
2021-08-16,0.005199798968913177,5.199798968913177e-06,0.09757422604544953,0.01066316269455848,0.010657962895589568,1.1994318104688377,1.1841349921082749
2021-08-17,0.013430434947918929,1.3430434947918929e-05,0.10276022725838321,0.003550188138565723,0.003536757703617804,1.2036900190553828,1.1883229906637374
2021-08-18,0.014871662921556117,1.4871662921556117e-05,0.09914035306641271,-0.003374278025352232,-0.0033891496882737884,1.1996284342747483,1.1842955861703608
2021-08-19,0.004671801158008526,4.671801158008526e-06,0.0992022606661541,-0.0032634592478704497,-0.003268131049028458,1.195713495766906,1.18042515299397
2021-08-20,0.04562452706099715,4.562452706099715e-05,0.1023255522843229,0.0020348554515465956,0.0019892309244855986,1.1981465998922551,1.182773291212346
2021-08-23,0.012438863569727954,1.2438863569727954e-05,0.09786244593320259,0.0033438618182485965,0.0033314229546788686,1.2021530365602993,1.1867136093048718
2021-08-24,0.01168303395272502,1.1683033952725019e-05,0.09958044099206624,0.007555682192778927,0.007543999158826201,1.211236122851633,1.1956661757752354
2021-08-25,0.0023028069682637375,2.3028069682637378e-06,0.09606921758835443,-0.0022865985310219603,-0.0022889013379902242,1.2084665121123999,1.1929294138657138
2021-08-26,0.02245738764320887,2.2457387643208872e-05,0.1064343466064353,-0.0048847685198273065,-0.004907225907470516,1.2025634329367676,1.1870754397402083
2021-08-27,0.03552018172832455,3.552018172832455e-05,0.09780681447718029,-0.0009378673916737147,-0.0009733875734020393,1.201435587906597,1.1859199552584745
2021-08-30,0.012014609924597186,1.2014609924597185e-05,0.10594621185672456,0.011005065142560598,0.010993050532636002,1.2146574648160997,1.1989568332542924
2021-08-31,0.030746044425793984,3.074604442579398e-05,0.08999007981992196,0.0009636959433342377,0.0009329498989084437,1.2158280252874838,1.2000753999106724
2021-09-01,0.057515493321927014,5.751549332192702e-05,0.10311958107352233,-0.002511326681669475,-0.002568842174991402,1.212774683927258,1.196992595610212
2021-09-02,0.05039889447984927,5.0398894479849274e-05,0.09923394998780853,0.00036479259454071,0.00031439370006086073,1.213217095150801,1.1973689225412916
2021-09-03,0.00430697548466813,4.3069754846681294e-06,0.10361699577770943,0.0016834177481348856,0.0016791107726502174,1.2152594463411184,1.1993794375979672
2021-09-07,0.032559026686549225,3.255902668654923e-05,0.0999977553221735,0.00016755049151968135,0.00013499146483313213,1.2154630636586767,1.1995413435851394
2021-09-08,1.2176524603529915e-05,1.2176524603529915e-08,0.0985656152580421,-0.011124683372650199,-0.011124695549174802,1.2019414219243227,1.1861968113391066
2021-09-09,0.04637546622889496,4.6375466228894964e-05,0.0993236556655197,0.0008150028614366665,0.0007686273952077715,1.2029210076224703,1.1871085547044098
2021-09-10,0.04423200359225832,4.423200359225832e-05,0.09910583341722666,0.004344910969938917,0.0043006789663466586,1.2081475923044591,1.1922139274963972
2021-09-13,0.042196752343097305,4.2196752343097307e-05,0.09928235921415805,-0.008252664688318897,-0.008294861440661994,1.1981771553311706,1.1823246781601873
2021-09-14,0.03904647412223894,3.904647412223894e-05,0.10175519726330173,0.004454505307106758,0.004415458832984519,1.2035144418284474,1.1875451841038254
2021-09-15,0.05427129337942127,5.427129337942127e-05,0.09858070965399104,0.004460419283372237,0.004406147989992816,1.2088826208525958,1.1927776839297901
2021-09-16,0.0368499861998198,3.68499861998198e-05,0.10260621532535621,-0.00019466465680991924,-0.00023151464300973903,1.208647294132084,1.1925015384301052
2021-09-17,0.043801189266329116,4.3801189266329114e-05,0.10113942155241071,-0.01157940165011659,-0.01162320283938292,1.194651881660002,1.1786408511626558
2021-09-20,0.049267635535114956,4.926763553511496e-05,0.09799760726883404,-0.007049143378311534,-0.0070984110138466484,1.186230609259011,1.1702743739633932
2021-09-21,0.043522575905723365,4.3522575905723366e-05,0.10035002611121896,0.001111981807971219,0.0010684592320654956,1.1875496761165656,1.1715247644223041
2021-09-22,0.04794596416742705,4.794596416742705e-05,0.10236744908787919,0.0020031717533144032,0.001955225789146976,1.18992854208342,1.173815359854327
2021-09-23,0.04614597255074518,4.614597255074518e-05,0.11396967513191905,0.004364954522552593,0.004318808550001848,1.1951225260547014,1.1788848436665895
2021-09-24,0.07002119876262172,7.002119876262172e-05,0.09359720724887868,-0.008696989984064141,-0.008767011182826762,1.1847285574158744,1.1685495470588996
2021-09-27,0.03433876550568174,3.433876550568174e-05,0.09947547073267768,-0.003838244160290385,-0.003872582925796067,1.1801812799488436,1.1640242420350126
2021-09-28,0.0028279319600242325,2.8279319600242327e-06,0.09448265651747008,-0.0016743934112156988,-0.001677221343175723,1.1782051921896572,1.1620719157322976
2021-09-29,0.05424619113323384,5.424619113323384e-05,0.10527916040977568,-0.017302849753324884,-0.01735709594445812,1.1578188847706123,1.141901721996572
2021-09-30,0.052716019410827264,5.271601941082726e-05,0.1023927725947553,-0.0003836853604774549,-0.0004364013798882822,1.1573746466144414,1.1414033945093958
2021-10-01,0.030700355027307086,3.070035502730709e-05,0.10275733346555688,0.0024734786200019654,0.002442778264974658,1.1602373880581747,1.1441915899130717
2021-10-04,0.01428700675128422,1.4287006751284221e-05,0.09909359006441912,0.007134801877405403,0.007120514870654119,1.168515451952728,1.152338823143925
2021-10-05,0.0047394839044866965,4.739483904486697e-06,0.10123513117643598,-0.00343830774088769,-0.0034430472247921765,1.1644977362289322,1.1483712661568792
2021-10-06,0.006379523322048858,6.379523322048858e-06,0.09799050667392757,-0.0017552370707054755,-0.0017616165940275244,1.1624537666335506,1.1463482762783128
2021-10-07,0.01059199361491936,1.0591993614919359e-05,0.09172013684040956,0.004359910890892849,0.0043493188972779295,1.1675219614708556,1.1513341104991919
2021-10-08,0.047582757602088854,4.758275760208886e-05,0.10509821863527069,-0.003141110294228453,-0.003188693051830542,1.1638546462189416,1.1476628594207077
2021-10-11,0.03553593474821798,3.553593474821798e-05,0.10000368362503999,-0.0032891055256319248,-0.0033246414603801426,1.1600266054710306,1.1438472918957392
2021-10-12,0.04270679869736621,4.2706798697366214e-05,0.09895612246055972,-0.004361872195082116,-0.0044045789937794825,1.154966717675071,1.1388091261417637
2021-10-13,0.059991403504681295,5.9991403504681296e-05,0.09883625634274043,0.007530737633296083,0.0074707462297914015,1.1636644690010711,1.1473168801273392
2021-10-14,0.05569730837726353,5.569730837726353e-05,0.10775841945767216,0.01154398243855627,0.011488285130179007,1.1770977911955915,1.1604975835809095
2021-10-15,0.04164848531943502,4.164848531943502e-05,0.09230859557646495,0.008212077193677598,0.008170428708358162,1.186764209121397,1.1699793463537793
2021-10-18,0.04392570867087969,4.3925708670879693e-05,0.09939967502961522,-0.005174893915128092,-0.005218819623798972,1.180622830236923,1.1638734351815887
2021-10-19,0.049323519290566664,4.9323519290566665e-05,0.09755972512790127,0.0018995308535290673,0.0018502073342385006,1.1828654597293389,1.166026842347487
2021-10-20,0.05441835171455628,5.441835171455628e-05,0.10673843008744908,-0.001932813098930065,-0.0019872314506446213,1.180579201874502,1.1637096771340782
2021-10-21,0.059560837441419545,5.956083744141955e-05,0.0980850454622759,0.002507182677130337,0.002447621839688918,1.1835391295984221,1.166557998354889
2021-10-22,0.03444115323020769,3.444115323020769e-05,0.09993741341035317,0.00024272086323942445,0.00020827971000921675,1.1838263992376359,1.1668009687164953
2021-10-25,0.04876037310983583,4.8760373109835834e-05,0.10492289491442569,0.005614471148825888,0.005565710775716052,1.190472958401374,1.1732950454411968
2021-10-26,0.04920968675478343,4.9209686754783435e-05,0.10115413542992722,0.0038250687080339145,0.003775859021279131,1.1950265992623157,1.1777252421231479
2021-10-27,0.006209223756538956,6.209223756538956e-06,0.10137334973626108,0.0008848496091574027,0.0008786403854008638,1.1960840180816057,1.1787600390837834
2021-10-28,0.0072884954701080695,7.28849547010807e-06,0.10070498948307731,0.0055586205186562475,0.00555133202318614,1.2027325952465509,1.1853037274364013
2021-10-29,0.035758301435954654,3.575830143595465e-05,0.09986654679168318,0.0019654896632542657,0.001929731361818311,1.2050965537301668,1.1875910452125156
2021-11-01,0.0007063110793479876,7.063110793479877e-07,0.10879062032588813,-0.0010609553913039505,-0.0010616617023832984,1.203818000044445,1.18633022528172
2021-11-02,0.039571697448588655,3.957169744858865e-05,0.09342597227443374,-0.0003111195458591915,-0.00035069124330778015,1.203443468734974,1.1859141896600425
2021-11-03,0.03445731196242821,3.445731196242821e-05,0.10015344739699779,0.002158067503926671,0.002123610191964243,1.2060405809776638,1.1884326091199995
2021-11-04,0.000803051664037352,8.03051664037352e-07,0.10689238822718315,-0.004194708502963583,-0.004195511554627621,1.2009815922977176,1.1834465263765404
2021-11-05,0.033744804179404925,3.3744804179404926e-05,0.10439322142056685,0.008565715436672457,0.008531970632493053,1.2112688588620217,1.193543657384711
2021-11-08,0.020603830731843686,2.0603830731843686e-05,0.09789806477518836,0.009643889891860763,0.00962328606112892,1.2229502023663268,1.20502946942617
2021-11-09,0.030674504884549564,3.0674504884549565e-05,0.09585815109666074,0.0010341383343148848,0.0010034638294303352,1.224214902051552,1.2062386729121368
2021-11-10,0.02091451128435315,2.091451128435315e-05,0.1041893327827551,0.004666008170825355,0.004645093659541002,1.2299270987873707,1.2118417645235742
2021-11-11,0.02030369461064227,2.030369461064227e-05,0.09898487569389633,-0.003939266448339318,-0.003959570142949961,1.2250820882332143,1.2070433920547867
2021-11-12,0.004970277042467192,4.970277042467192e-06,0.09750290502236371,0.001728266796088671,0.0017232965190462036,1.227199356928791,1.2091234857306523
2021-11-15,0.04166867886148165,4.166867886148165e-05,0.09637715785925142,0.0014461284518907736,0.0014044597730292919,1.2289740448349877,1.210821651026986
2021-11-16,0.019169613438472427,1.916961343847243e-05,0.10732571096948366,-0.0050989519471353615,-0.005118121560573834,1.2227075652360975,1.2046245186288553
2021-11-17,0.03611685705234957,3.611685705234957e-05,0.09600375620257301,-0.002194243055245548,-0.0022303599122978977,1.220024647652482,1.2019377723931344
2021-11-18,0.02052220021079279,2.052220021079279e-05,0.09680220843813096,0.005321979938850266,0.005301457738639473,1.2265175943521913,1.208309794697951
2021-11-19,0.01696433467852626,1.6964334678526262e-05,0.10004802727209396,0.0012781393589640889,0.0012611750242855627,1.2280852547639947,1.2098336848326237
2021-11-22,0.0002546631282997758,2.5466312829977576e-07,0.09743698738179639,0.0004356818520165033,0.00043542718888820353,1.2286203092222245,1.2103604793130327
2021-11-23,0.013947778647799947,1.3947778647799946e-05,0.1021504187005144,-0.014019497517867772,-0.014033445296515571,1.2113956698466817,1.1933749517375287
2021-11-24,0.03512273154019896,3.512273154019896e-05,0.09876513501608539,-0.00781710857129321,-0.007852231302833409,1.2019260583726956,1.184004295585478
2021-11-26,0.006682738454493298,6.682738454493298e-06,0.10261889633833965,0.005902001296608998,0.005895318558154505,1.2090198275276394,1.1909843780821776
2021-11-29,0.04736707149554156,4.7367071495541565e-05,0.10140685660855799,6.811402604345383e-05,2.0746954547912265e-05,1.2091021787356586,1.191009087380937
2021-11-30,0.03690366836793224,3.690366836793224e-05,0.10363892258161637,0.0004608868637360289,0.00042398319536809666,1.2096594380467527,1.1915140552195171
2021-12-01,0.03922034136175334,3.9220341361753345e-05,0.10666694771098233,-0.00430661945976514,-0.004345839801126894,1.204449895171172,1.1863359260147421
2021-12-02,0.032103121917282484,3.2103121917282484e-05,0.09910691924257521,-0.000662274256354293,-0.0006943773782715754,1.2036522190125314,1.1855121611846866
2021-12-03,0.004339173094252191,4.339173094252191e-06,0.09623883538717716,0.0032649989947348603,0.003260659821640608,1.2075821422976176,1.189377713056728
2021-12-06,0.018988393601799075,1.8988393601799074e-05,0.10919473921274463,0.00388758292870219,0.003868594535100391,1.2122767180190195,1.1939789331776296
2021-12-07,0.042511221564854706,4.2511221564854707e-05,0.09592887761185268,-0.0012284763803157767,-0.0012709876018806314,1.2107874647045265,1.1924614007566543
2021-12-08,0.019621353586224605,1.9621353586224604e-05,0.09690457268253892,0.005273676600481955,0.00525405524689573,1.2171727662252956,1.1987266588360206
2021-12-09,0.015395405973967602,1.5395405973967603e-05,0.10171953446353571,-0.004330910699948091,-0.004346306105922059,1.2119012996683651,1.19351662583939
2021-12-10,0.008407697064130637,8.407697064130637e-06,0.10057324155670454,-0.0026450258668040713,-0.002653433563868202,1.2086957893827288,1.1903497087653532
2021-12-13,0.0027869000252040976,2.7869000252040976e-06,0.09764155125568619,0.003736909595721263,0.0037341226956960592,1.2132125762763812,1.194794620628669
2021-12-14,0.011742903567850266,1.1742903567850267e-05,0.10113140649462908,0.0025410812751591825,0.0025293383715913323,1.2162954480367447,1.197816660508796
2021-12-15,0.005570339590886236,5.570339590886237e-06,0.09619751130546027,-0.00630006249314555,-0.0063056328327364365,1.2086327107039847,1.1902636684466932
2021-12-16,0.01946108725174897,1.946108725174897e-05,0.11382918156571831,0.0037122482031030817,0.0036927871158513328,1.2131194553125073,1.194659058785999
2021-12-17,0.05460562797897486,5.460562797897486e-05,0.0979468382319046,0.0003667727487190987,0.0003121671207401238,1.2135643944696568,1.1950319920646466
2021-12-20,0.04030812536887257,4.030812536887257e-05,0.09995613668347161,-0.0018191659262904846,-0.0018594740516593572,1.2113567194738784,1.1928098610844997
2021-12-21,0.04506834248393102,4.5068342483931016e-05,0.1038299694023846,-0.007049733354873765,-0.007094801697357695,1.2028169776039528,1.1843471116574524
2021-12-22,0.01761060414965071,1.761060414965071e-05,0.08759402138886462,0.0035285670531672976,0.003510956449017647,1.2070611979621164,1.1885053027870016
2021-12-23,0.06624470471952956,6.624470471952957e-05,0.11038944671851744,0.00836240464053797,0.008296159935818441,1.2171551321253682,1.198365332863491
2021-12-27,0.049510378145718514,4.951037814571851e-05,0.09202415596910289,-0.00011463798686463337,-0.0001641483650103519,1.2170155999113195,1.1981686231534163
2021-12-28,0.04130271808299024,4.1302718082990244e-05,0.09432173374750374,0.006624925000365246,0.006583622282282256,1.2250782369850064,1.2060569127987404
2021-12-29,0.031174963805840394,3.11749638058404e-05,0.1058224812409398,-0.0032926329804830517,-0.003323807944288892,1.2210445039782374,1.2020482112507154
2021-12-30,0.03057516478493208,3.057516478493208e-05,0.10066936301940609,-0.003078624894976318,-0.00310920005976125,1.217285365970416,1.1983108028804588
2021-12-31,0.0034653185388699714,3.4653185388699717e-06,0.09684611504175358,0.004051280419583508,0.004047815101044638,1.2222169303386174,1.203161343444103
2022-01-03,0.016859515542615583,1.6859515542615582e-05,0.09762727546842354,0.0020908845546982915,0.002074025039155676,1.2247724448407533,1.2056567301965504
2022-01-04,0.012991981521659812,1.2991981521659813e-05,0.10246424924947761,-0.012190478320270398,-0.012203470301792058,1.2098418829046576,1.190943534095441
2022-01-05,0.013168622387081164,1.3168622387081163e-05,0.09952634211621655,0.0011516117749652542,0.001138443152578173,1.2112351510628567,1.1922993556069394
2022-01-06,0.0025432112670221996,2.5432112670221994e-06,0.10251119885812539,-0.010407498455399955,-0.010410041666666977,1.198629223099044,1.1798874696359312
2022-01-07,0.013153079990006256,1.3153079990006256e-05,0.09891159296415865,-0.0038610257671773634,-0.0038741788471673695,1.1940012847833668,1.1753163745590298
2022-01-10,0.005763555776843954,5.763555776843954e-06,0.10805149687315169,-0.0022206832782057143,-0.0022264468339825583,1.1913497860960922,1.172699595137965
2022-01-11,0.03945890241364908,3.9458902413649077e-05,0.09671931160567625,0.0012809408680340619,0.0012414819656204128,1.1928758347252264,1.1741554805364192
2022-01-12,0.016623411576693836,1.6623411576693838e-05,0.10069042125622264,0.009438226596507913,0.00942160318493122,1.2041344671548615,1.1852179075514455
2022-01-13,0.003474410839261255,3.474410839261255e-06,0.09600095668523317,0.0007088966735157213,0.00070542226267646,1.2049880740730934,1.1860539866495552
2022-01-14,0.02096271668114369,2.096271668114369e-05,0.10142943769039976,-0.0036750566815794625,-0.003696019398260606,1.2005596746002476,1.1816703081075142
2022-01-18,0.04938059069430986,4.938059069430986e-05,0.09437786504109974,-0.006123394515301758,-0.006172775105996068,1.1932081740735079,1.1743761230461334
2022-01-19,0.031177370536497023,3.117737053649702e-05,0.10067858979762578,-0.012016773267801243,-0.01204795063833774,1.1788696619843795,1.160227297484831
2022-01-20,0.03408748896368294,3.408748896368294e-05,0.10005910297093508,0.004454220632886566,0.004420133143922883,1.1841206075562742,1.1653556566169279
2022-01-21,0.037711606614734466,3.771160661473447e-05,0.10083985932694625,-0.003143409842076608,-0.003181121448691342,1.1803984311842761,1.16164851874231
2022-01-24,0.04948706478466586,4.948706478466586e-05,0.1031151787914939,-0.0036677674948583953,-0.003717254559643061,1.1760690041873965,1.1573303754893125
2022-01-25,0.01660977236758887,1.6609772367588872e-05,0.10261636412238236,0.0006362192486556542,0.0006196094762880653,1.176817241925608,1.1580474683571618
2022-01-26,0.013594469525119862,1.3594469525119863e-05,0.10137864703791935,-0.003203328548873147,-0.003216923018398267,1.1730475096577415,1.1543221187998058
2022-01-27,0.007065951976447243,7.065951976447244e-06,0.10088957504698216,-0.01102850425512525,-0.011035570207101698,1.160110550206017,1.1415835160161802
2022-01-28,0.004519120157931156,4.519120157931156e-06,0.10535630209219678,-0.00031673247786704966,-0.0003212515980249808,1.1597431055168506,1.141216780487381
2022-01-31,0.025827111692445115,2.5827111692445117e-05,0.09788355011585677,0.0062288475230151364,0.006203020411322691,1.1669669684869832,1.148295771470488
2022-02-01,0.010425791960122666,1.0425791960122665e-05,0.09741404458936029,0.0058045659750162815,0.0057941401830561585,1.1737407052462308,1.1549491581419986
2022-02-02,0.013076771109989338,1.3076771109989338e-05,0.09868400101438346,0.0008114476937087943,0.0007983709225988049,1.174693134434515,1.155871235966939
2022-02-03,0.00674354555144821,6.7435455514482105e-06,0.10127999474014561,0.005510220658003845,0.005503477112452397,1.1811659528106913,1.162232546859025
2022-02-04,0.006476155316399168,6.4761553163991686e-06,0.09928709812136247,-0.010436954508104045,-0.010443430663420444,1.1688381774946848,1.1500948518411322
2022-02-07,0.0036328378374604897,3.63283783746049e-06,0.09812691959465795,-0.0029385930020669445,-0.002942225839904405,1.1654034378057503,1.1467110130497042
2022-02-08,0.009727125250862612,9.727125250862611e-06,0.10366559001668792,0.0020289077737355122,0.0020191806484846494,1.1677679339002525,1.1490264297366584
2022-02-09,0.018362734401815767,1.8362734401815767e-05,0.09551164778091667,0.0014118902873805756,0.0013935275529787599,1.1694166941040407,1.1506276297255973
2022-02-10,0.023540953874421178,2.3540953874421177e-05,0.0980337308488958,0.006583760737293919,0.006560219783419498,1.1771158538202189,1.1581759998654724
2022-02-11,0.01051972921089464,1.051972921089464e-05,0.10552344955114858,-0.013012012561327346,-0.013022532290538241,1.1617992075441725,1.1430936155090978
2022-02-14,0.03334939058161515,3.3349390581615155e-05,0.10883555426525543,0.007427268142531105,0.00739391875194949,1.1704282017863834,1.1515455568280442
2022-02-15,0.04186947965767396,4.186947965767396e-05,0.09617171820573857,-0.0029657615217512914,-0.003007631001408965,1.1669569908615527,1.1480821327117934
2022-02-16,0.01886341363195071,1.886341363195071e-05,0.1012587477255721,-0.003406249909869627,-0.003425113323501578,1.1629820437166087,1.144149821302568
2022-02-17,0.006125231913186646,6.1252319131866465e-06,0.10187774232510918,0.006159234537390002,0.006153109305476815,1.1701451228866324,1.1511899002148844
2022-02-18,0.008968927659535053,8.968927659535054e-06,0.09606697013528673,0.0020630396718475923,0.0020540707441880574,1.1725591786969665,1.1535545257099207
2022-02-22,0.019554993506484764,1.9554993506484763e-05,0.10322158394614159,0.0016242661284390466,0.0016047111349325619,1.1744637268545144,1.1554056475020793
2022-02-23,0.015517771953426462,1.5517771953426462e-05,0.09865322237061983,-0.0010901657254152324,-0.0011056834973686587,1.1731833667537541,1.1541281345448697
2022-02-24,0.006575738457846009,6.5757384578460085e-06,0.09688737456407395,-0.007601979287407239,-0.007608555025865085,1.1642648510993614,1.145346887126286
2022-02-25,0.015685859182652723,1.5685859182652724e-05,0.10434122409524221,0.001662588785265777,0.0016469029260831245,1.1662005447838781,1.1472331622660743
2022-02-28,0.020967069133659533,2.0967069133659532e-05,0.09969071292212872,0.004551494839600146,0.004530527770466486,1.171508500545401,1.1524307339669209
2022-03-01,0.0014984166699891777,1.4984166699891777e-06,0.10487266798798099,0.010522830017595578,0.010521331600925589,1.1838360853608085,1.164555839866085
2022-03-02,0.022509991159550158,2.2509991159550157e-05,0.10068298126358827,0.005994043288934597,0.005971533297775047,1.190932050103464,1.1715100238409635
2022-03-03,0.003133727486302418,3.133727486302418e-06,0.10952330036759952,-0.010396052864500568,-0.01039918659198687,1.1785510575525604,1.1593272725086583
2022-03-04,0.06307276035336506,6.307276035336506e-05,0.0984512942832678,0.003208948802155071,0.0031458760418017063,1.1823329675569725,1.1629743723998507
2022-03-07,0.040876745023081223,4.0876745023081225e-05,0.10933515133159437,0.006990649547864875,0.006949772802841794,1.1905982429820503,1.1710567800635572
2022-03-08,0.07993857026550372,7.993857026550372e-05,0.08774392836803159,-0.004111026328863994,-0.0041909648991294976,1.185703662258052,1.1661489222034231
2022-03-09,0.056228303204057056,5.622830320405706e-05,0.11191697389393246,0.004303042585005863,0.0042468142818018065,1.1908057956099458,1.1711013401009442
2022-03-10,0.048912074191268265,4.8912074191268264e-05,0.0931063829144251,-0.005852769213565516,-0.005901681287756784,1.1838362841100645,1.1641898732360036
2022-03-11,0.030235055025211247,3.0235055025211246e-05,0.09943525436360699,-0.0044466680277716305,-0.004476903082796841,1.1785721571553962,1.1589779080035525
2022-03-14,0.04524182467217028,4.5241824672170276e-05,0.10526969924716255,-0.004023313934216934,-0.004068555758889105,1.1738303913730328,1.1542625417615193
2022-03-15,0.05706302448652548,5.706302448652548e-05,0.09691408277135494,-0.013403621476358249,-0.013460684500844774,1.1580968131296232,1.1387253778557243
2022-03-16,0.04658951216911378,4.658951216911378e-05,0.10432171247251038,-0.001287112070768852,-0.0013337015829379658,1.1566062127423251,1.1372066580167464
2022-03-17,0.03670869107994494,3.670869107994494e-05,0.09791807412167385,0.009875357991062856,0.009838649299982911,1.168028113147843,1.1483952355065787
2022-03-18,0.03927050275241124,3.9270502752411244e-05,0.10044618641723603,0.0027379720738371165,0.002698701571084705,1.1712261415030985,1.1514944115328665
2022-03-21,0.03505811227207889,3.505811227207889e-05,0.09595358348121888,0.0019829205998236044,0.0019478624875515255,1.1735485899461369,1.1537373643017166
2022-03-22,0.056095719075438366,5.6095719075438365e-05,0.1021508300277688,-0.005579140826246791,-0.005635236545322229,1.167001197096384,1.1472357813426997
2022-03-23,0.047171544775724994,4.717154477572499e-05,0.09837708885371736,-0.003168027353346782,-0.0032151988981225068,1.1633041053825943,1.14354719012264
2022-03-24,0.007375823508915164,7.375823508915164e-06,0.09711880154129855,0.007644042549469318,0.007636666725960403,1.172196451462111,1.152280078899015
2022-03-25,0.013482971994994264,1.3482971994994264e-05,0.1005926842654723,0.0039747101706349,0.003961227198639905,1.1768555926197197,1.1568445220880008
2022-03-28,0.0027572075512053984,2.7572075512053983e-06,0.10274784933254404,-0.004530881110380783,-0.0045336383179319885,1.171523399845473,1.1515998074347729
2022-03-29,0.04125661041101705,4.1256610411017054e-05,0.09910873346810266,-0.0006505725958656803,-0.0006918292062766974,1.1707612388261182,1.1508030970540468
2022-03-30,0.004088077837552273,4.088077837552273e-06,0.10157758766132254,0.0062926572005321015,0.006288569122694549,1.1781284379657213,1.1580400018764823
2022-03-31,0.03957980308725634,3.957980308725634e-05,0.09378015489983199,0.0030619751507474755,0.003022395347660219,1.1817358379671612,1.1615400565905583
2022-04-01,0.030163813324552202,3.0163813324552203e-05,0.1043882405229975,-0.00396798088950871,-0.003998144702833262,1.17704673274566,1.1568960513661721
2022-04-04,0.020386633774579527,2.0386633774579527e-05,0.09716184517494723,-0.0006764374509554457,-0.0006968240847300253,1.176250534254106,1.156089898334051
2022-04-05,0.01357048680374262,1.3570486803742621e-05,0.1026707497071868,0.0022448119328287585,0.0022312414460250157,1.1788909954893958,1.158669414030545
2022-04-06,0.012437863895694429,1.243786389569443e-05,0.10552677755952573,-0.012582147192984746,-0.012594585056880441,1.1640580154596638,1.1440764535427312
2022-04-07,0.024390568318148897,2.4390568318148898e-05,0.09938918929720435,-0.004327231766998903,-0.004351622335317051,1.1590208666365371,1.1390978648941843
2022-04-08,0.02949826869921851,2.9498268699218513e-05,0.10344120104434525,0.0007320314071749804,0.0007025331384757619,1.1598693063124863,1.1398981188922395
2022-04-11,0.04720948184203909,4.720948184203909e-05,0.09393935656760767,-0.0013797048529777573,-0.0014269143348197963,1.158269029001747,1.138271581926158
2022-04-12,0.03431479289512199,3.4314792895121986e-05,0.09989154604889308,-0.007093836587110412,-0.007128151380005533,1.1500524577860975,1.13015780977863
2022-04-13,0.04047396995652007,4.047396995652007e-05,0.10045971704568402,0.00136417484330177,0.0013237008733452498,1.1516213304174867,1.131653800658452
2022-04-14,0.0021254996879760957,2.125499687976096e-06,0.1005791748506555,0.00554888886942998,0.005546763369742004,1.1580115491996383,1.1379308165071735
2022-04-18,0.0026623924034312185,2.6623924034312187e-06,0.10262137954620126,-0.010273638311428695,-0.010276300703832127,1.146114557382704,1.1262370972565887
2022-04-19,0.029682734741641487,2.968273474164149e-05,0.1012156032481538,3.4489642693994684e-05,4.8069079523531955e-06,1.1461540864642745,1.1262425109746477
2022-04-20,0.05229563523180669,5.229563523180669e-05,0.0968433724780265,-0.0026098966890281063,-0.002662192324259913,1.1431627427088953,1.1232442368066757
2022-04-21,0.033223421546486054,3.3223421546486056e-05,0.10156037370381729,0.008029413055258573,0.007996189633712087,1.1523416685594872,1.1322259107291561
2022-04-22,0.007221747020898145,7.221747020898145e-06,0.09987071804974469,-0.0077480541659871996,-0.007755275913008098,1.143413262893764,1.1234451863955948
2022-04-25,0.0005991193835856723,5.991193835856723e-07,0.10688424656626914,-0.012916527668174657,-0.012917126787558242,1.128644333847439,1.1089335024840508
2022-04-26,0.029848203172471527,2.984820317247153e-05,0.09762729129300153,-0.0008875734998721611,-0.0009174217030446327,1.1276425790459352,1.1079161428216386
2022-04-27,0.036149749537931625,3.614974953793163e-05,0.09479745248468624,-0.003811186480389911,-0.0038473362299278426,1.1233449228939634,1.103653616905639
2022-04-28,0.02449670552530528,2.449670552530528e-05,0.10410223107490654,-0.0060773805528180356,-0.006101877258343341,1.1165179283054607,1.0969192579995541
2022-04-29,0.01855460482180707,1.855460482180707e-05,0.10189309251101418,0.008628654072423917,0.00861009946760211,1.126151975274468,1.1063638419188586
2022-05-02,0.008403470559655915,8.403470559655915e-06,0.10326499128179228,-0.013171218796416253,-0.013179622266975909,1.1113191812101115,1.0917823843925278
2022-05-03,0.034938864931254116,3.493886493125412e-05,0.09975356989399789,-0.010788657380693631,-0.010823596245624885,1.0993295393234426,1.0799653726757774
2022-05-04,0.04412426564117912,4.412426564117912e-05,0.09982474226300825,0.003945784768806882,0.0039016605031657026,1.1036672570756045,1.0841790309151331
2022-05-05,0.0335245937585861,3.35245937585861e-05,0.10080235382259708,0.0120872998605886,0.012053775266830014,1.1170076141581906,1.0972474813027937
2022-05-06,0.05171107248650504,5.1711072486505046e-05,0.10247065217723472,-0.018061459520245335,-0.01811317059273184,1.0968328263512668,1.0773728504915108
2022-05-09,0.038263933200380226,3.826393320038023e-05,0.10155862389740473,-0.005007847608863046,-0.005046111542063426,1.0913400547045011,1.0719363069155396
2022-05-10,0.061225269755433395,6.12252697554334e-05,0.1014724280217804,-0.010386465097432443,-0.010447690367187876,1.0800048893168828,1.0607370482875393
2022-05-11,0.03411730557265928,3.4117305572659284e-05,0.0948088283258776,4.178478151759815e-05,7.667475944938869e-06,1.0800500170852207,1.0607451814633408
2022-05-12,0.02079125824305146,2.0791258243051463e-05,0.10373204594652366,0.0047377298986908175,0.004716938640447766,1.085167002343247,1.0657486513974541
2022-05-13,0.02974054560888241,2.974054560888241e-05,0.09950535640306317,-0.006099649709602989,-0.006129390255211871,1.0785478637525332,1.0592162619990735
2022-05-16,0.058488106046819144,5.8488106046819146e-05,0.09568164728825666,-0.002004742556467819,-0.0020632306625146383,1.076385652950881,1.0570308545290827
2022-05-17,0.04245294233245514,4.245294233245514e-05,0.10307676139180351,0.0024575006179736836,0.0024150476756412283,1.0790308713581858,1.0595836344373943
2022-05-18,0.047664189684607894,4.7664189684607895e-05,0.09830737352554605,-0.0005541894760310817,-0.0006018536657156896,1.0784328838049664,1.058945920142876
2022-05-19,0.029584090641420646,2.9584090641420646e-05,0.09896643896634899,-0.003911764615092767,-0.003941348705734188,1.0742143082103457,1.0547722450110784
2022-05-20,0.04617317697843733,4.617317697843733e-05,0.09964349369188265,0.004714313241804527,0.00466814006482609,1.0792784909480777,1.059696069587281
2022-05-23,0.0404743517369751,4.0474351736975096e-05,0.10498862227306616,0.003727935909674607,0.003687461557937632,1.0833019719910226,1.0636036581069817
2022-05-24,0.03640616944444669,3.640616944444669e-05,0.10140423864637377,0.0015359450953223255,0.0014995389258778788,1.084965864341655,1.0651985731940192
2022-05-25,0.04071178437828843,4.071178437828843e-05,0.09293339384008746,0.006791109431362629,0.00675039764698434,1.0923339862556922,1.072389087136079
2022-05-26,0.04909214561530478,4.9092145615304784e-05,0.10502583655735842,0.0011407147494058632,0.0010916226037905586,1.0935800277450913,1.0735597313036551
2022-05-27,0.02192529842427479,2.192529842427479e-05,0.0970027756255826,0.002940750633311432,0.0029188253348871574,1.0967959739042594,1.0766932646458989
2022-05-31,0.04163267113079973,4.163267113079973e-05,0.09748301067290406,0.006649616436475538,0.006607983765344738,1.1040892464397933,1.083808036258935
2022-06-01,0.05279768343465106,5.2797683434651065e-05,0.09733612960875691,-0.011512781774456918,-0.01156557945789157,1.0913781078860074,1.0712731682984808
2022-06-02,0.027608829089044634,2.7608829089044635e-05,0.1029431112776105,-0.0009806875092415234,-0.001008296338330568,1.0903078070077439,1.0701930074855337
2022-06-03,0.013751138521178818,1.3751138521178819e-05,0.0960668552116126,0.009856305176881961,0.009842554038360783,1.101054213490349,1.080726439993186
2022-06-06,0.019129267224772928,1.9129267224772928e-05,0.10129144008808164,-0.009330639458758339,-0.009349768725983112,1.0907806735997239,1.0706218977231945
2022-06-07,0.006200974103488438,6.200974103488438e-06,0.09923562296801822,-0.00637244222376596,-0.006378643197869448,1.083829736778409,1.0637927826377924
2022-06-08,0.0036985005086573597,3.69850050865736e-06,0.10121111720962846,0.008493195786331554,0.008489497285822897,1.0930349149319163,1.072823848578674
2022-06-09,0.00578996595985623,5.78996595985623e-06,0.09943086394783471,-0.00623086682957027,-0.006236656795530126,1.0862243599369048,1.0661330144330292
2022-06-10,0.0027364323697889603,2.7364323697889605e-06,0.09789752492475137,-0.007225623289902539,-0.007228359722272328,1.0783757119036852,1.0584266214929168
2022-06-13,0.010325896462434175,1.0325896462434176e-05,0.10369195659654291,-0.0058520390987157785,-0.0058623649951782125,1.0720650150745195,1.052221738317112
2022-06-14,0.017486722872196242,1.7486722872196243e-05,0.10250381399990892,-0.030354576059264598,-0.030372062782136795,1.0395229360339633,1.0202635936202156
2022-06-15,0.011569481049741814,1.1569481049741815e-05,0.0981918722079853,-0.007371824442530032,-0.007383393923579774,1.0318597554455375,1.0127305856026303
2022-06-16,0.008508742807773667,8.508742807773667e-06,0.10395738870927829,0.014192987425293619,0.014184478682485844,1.0465049279792424,1.0270956410052121
2022-06-17,0.017913878457838373,1.7913878457838372e-05,0.1006762391510549,-0.003241021004279614,-0.0032589348827374524,1.0431131835265797,1.0237484031928326
2022-06-21,0.0030405646354298155,3.0405646354298157e-06,0.10197092159358134,-0.002474296149827608,-0.002477336714463038,1.0405322125927454,1.02121223368723
2022-06-22,0.008690543394942074,8.690543394942075e-06,0.09738874327714515,0.0006850495619922858,0.0006763590185973437,1.041245028729221,1.0219029397913864
2022-06-23,0.011822746951796026,1.1822746951796026e-05,0.10100494211179695,0.00864417759630872,0.008632354849356925,1.05024573567883,1.0307243685892666
2022-06-24,0.004504714222143491,4.504714222143491e-06,0.09842905045493898,0.002925321226010684,0.0029208165117885405,1.0533180418219386,1.0337349253441448
2022-06-27,0.007154266938361187,7.154266938361187e-06,0.09984622384830295,0.00435618479492793,0.004349030527989569,1.0579064898599464,1.0382306700923156
2022-06-28,0.0007013910943339252,7.013910943339252e-07,0.09453298299092895,-0.003930380235745128,-0.003931081626839462,1.0537485151009345,1.0341493005806945
2022-06-29,0.028169835386663927,2.816983538666393e-05,0.09979702780997343,-0.006132156977528193,-0.006160326812914857,1.0472867637914982,1.02777860291577
2022-06-30,0.0009831690869595011,9.831690869595012e-07,0.09946933895721845,0.0039460483845858586,0.003945065215498899,1.0514194080339558,1.031833256531367
2022-07-01,0.002584161498042803,2.584161498042803e-06,0.09967107082639767,-0.002313691268491813,-0.002316275429989856,1.0489867481300648,1.029443246511417
2022-07-05,0.0016070734089247696,1.6070734089247695e-06,0.10272249438059883,0.005674751247489186,0.005673144174080261,1.0549394869876156,1.0352834264679094
2022-07-06,0.01294895604277324,1.2948956042773242e-05,0.10025462323348588,-0.004395223776147328,-0.004408172732190101,1.050302791872011,1.0307197182972652
2022-07-07,0.0012079845628449604,1.2079845628449603e-06,0.10621906769802897,-0.009073285731043872,-0.009074493715606717,1.040773094537243,1.0213664586910247
2022-07-08,0.027777052171385208,2.777705217138521e-05,0.09607667679089958,0.0024135604515010184,0.002385783399329633,1.0432850633172044,1.023803217832802
2022-07-11,0.04478237881275521,4.478237881275521e-05,0.101236631273336,-0.0034544653902877855,-0.0034992477691005407,1.039681071173771,1.0202206767068027
2022-07-12,0.005742746233298041,5.742746233298041e-06,0.09944089341548656,-1.746428838534642e-05,-2.320703461864446e-05,1.0396629138837152,1.0201970004102396
2022-07-13,0.03264155347548123,3.264155347548123e-05,0.0993681479751055,-0.0016545169819131822,-0.0016871585353886635,1.0379427739372293,1.0184757663332196
2022-07-14,0.0029833946264321565,2.9833946264321565e-06,0.10106784941895465,0.004004727079480254,0.0040017436848538215,1.0420994514709667,1.0225514452993203
2022-07-15,0.004988756568423042,4.988756568423042e-06,0.10446521696152497,-0.008053898029911978,-0.008058886786480401,1.0337064887517924,1.0143108189683012
2022-07-18,0.03552800123553401,3.552800123553401e-05,0.09885232772828645,0.0057024651995478855,0.005666937198312351,1.0396011640304463,1.0200588546789635
2022-07-19,0.04650185924563152,4.650185924563152e-05,0.1038903745812786,-0.005187241629699362,-0.005233743488944993,1.0342085015941036,1.0147201282899467
2022-07-20,0.038303847484366244,3.830384748436624e-05,0.0959062790019716,0.006726780309042093,0.0066884764615577266,1.0411653949780708,1.0215070599830829
2022-07-21,0.04258893979059669,4.2588939790596695e-05,0.10184077414887917,-0.0006792013315024473,-0.000721790271293044,1.0404582340554873,1.02076974612513
2022-07-22,0.00841079667194497,8.41079667194497e-06,0.09313311746439977,0.012793696212189927,0.012785285415517982,1.0537695406234648,1.0338205786728656
2022-07-25,0.03368930917753454,3.368930917753454e-05,0.10961924808785191,0.004021774041829196,0.003988084732651662,1.0580075636080144,1.037943542738972
2022-07-26,0.04305135192646545,4.3051351926465446e-05,0.09614963000494206,-0.0036702705711939496,-0.003713321923120415,1.0541243895832033,1.0340893242267581
2022-07-27,0.029019113605534247,2.901911360553425e-05,0.09776120878634682,-0.0037079562035826352,-0.0037369753171881694,1.0502157425135006,1.030224957946355
2022-07-28,0.010613201450455412,1.0613201450455413e-05,0.10093078649146935,0.00940333066876276,0.009392717467312305,1.0600912684138954,1.0399015699041187
2022-07-29,0.004371789354083944,4.371789354083944e-06,0.1037312855266421,0.010183217045789514,0.01017884525643543,1.0708864078885005,1.0504865670660972
2022-08-01,0.016894987698646585,1.6894987698646586e-05,0.09888438300139055,0.004296147025168728,0.004279252037470082,1.0754870933440444,1.0549818638485498
2022-08-02,0.03438753531860933,3.4387535318609334e-05,0.09753581339833253,0.007494035660405352,0.007459648125086743,1.0835468319738704,1.0628516573312081
2022-08-03,0.011664431811449244,1.1664431811449245e-05,0.10328863127220342,-0.010369965161084939,-0.010381629592896388,1.0723104890758974,1.0518175251125996
2022-08-04,0.015071367388900914,1.5071367388900915e-05,0.10210608283511532,0.009629646035402107,0.009614574668013206,1.0826364595257474,1.0619303032449197
2022-08-05,0.009452818245051453,9.452818245051453e-06,0.09565735515392004,0.005407217117142249,0.005397764298897197,1.0884905099213373,1.0676623527236921
2022-08-08,0.020376134707423665,2.0376134707423665e-05,0.09454301023776338,-0.011605813354100632,-0.011626189488808055,1.0758576922254806,1.05524950790086
2022-08-09,0.027082652860231565,2.7082652860231567e-05,0.09877045681810168,0.007822815089210131,0.0077957324363498995,1.0842739280140647,1.063475950718045
2022-08-10,0.00617809792222393,6.17809792222393e-06,0.10372269185027667,-0.0012434965670191553,-0.0012496746649413792,1.082925637106871,1.062146951765658
2022-08-11,0.018034093249476413,1.8034093249476412e-05,0.09076650602066888,0.0031905230489243444,0.003172488955674868,1.0863807363123317,1.0655166012394384
2022-08-12,0.04928079154395926,4.928079154395926e-05,0.108458351385327,-0.008914392740476477,-0.008963673532020437,1.0766963117631556,1.05596565828298
2022-08-15,0.041623091035110055,4.162309103511006e-05,0.09901307029468069,0.011573542695395265,0.011531919604360156,1.0891575024973212,1.0681429693592646
2022-08-16,0.00490503712634191,4.905037126341911e-06,0.09519142986386035,-0.003997750373349515,-0.004002655410475857,1.0848033226850762,1.0638675611237969
2022-08-17,0.0251058068080266,2.5105806808026598e-05,0.10229295338802372,0.0012600525212537947,0.0012349467144457682,1.08617023184689,1.065181380873012
2022-08-18,0.029032088352944657,2.9032088352944656e-05,0.10124702746878768,-0.008159153089631086,-0.008188185177984031,1.077308002643851,1.056459478478283
2022-08-19,0.006281885923397623,6.281885923397623e-06,0.09946462746122113,0.0004819054443989031,0.0004756235584755055,1.0778271632356198,1.056961955494822
2022-08-22,0.002711449099394886,2.711449099394886e-06,0.09874446724648488,-0.01237662750076696,-0.012379338949866356,1.0644872979260442,1.043877465190638
2022-08-23,0.006439625937630783,6.439625937630783e-06,0.09568827154616998,-0.010427430401113076,-0.010433870027050707,1.0533874307140516,1.0329857833946716
2022-08-24,0.023111348487845795,2.3111348487845795e-05,0.10563887205428603,-0.00010906695453204889,-0.00013217830301989468,1.0532725409550412,1.0328492450867788
2022-08-25,0.028611614801831636,2.8611614801831638e-05,0.09806417791708197,-0.0003413404790406072,-0.0003699520938424388,1.0529130164013514,1.0324671403459353
2022-08-26,0.010016250484338185,1.0016250484338185e-05,0.09964227749305567,0.010421596632462874,0.010411580381978536,1.063886051147356,1.0432167549693985
2022-08-29,0.0018575578894670375,1.8575578894670375e-06,0.10186318196738352,-0.013349733624785356,-0.013351591182674823,1.0496834557574142,1.0292881513421304
2022-08-30,0.009498042867289974,9.498042867289975e-06,0.09912826579524925,-0.004697239662982964,-0.004706737705850254,1.0447528409954534,1.0244435619900234
2022-08-31,0.004482965860935717,4.482965860935717e-06,0.10315415385803045,-0.0058393844824588936,-0.005843867448319829,1.0386521274677396,1.0184568496054691
2022-09-01,0.015724523639840116,1.5724523639840114e-05,0.10066085291889852,-0.008298364002718819,-0.008314088526358659,1.0300330140418141,1.009989309197573
2022-09-02,0.0032729459262876293,3.2729459262876295e-06,0.09636938970899378,-0.008776285160126704,-0.00877955810605299,1.0209931505862384,1.0011220493709805
2022-09-06,0.018658406187685855,1.8658406187685856e-05,0.10192574864972806,0.0016209106359914773,0.0016022522298037914,1.022648089243298,1.002726099406891
2022-09-07,0.009709807074516658,9.709807074516659e-06,0.09672673575539772,-0.011570852024734816,-0.011580561831809333,1.0108151795292861,0.9911139678123404
2022-09-08,0.017062612725053217,1.7062612725053218e-05,0.10708383181477343,0.014998849485000394,0.014981786872275341,1.0259762442641995,1.00596262604424
2022-09-09,0.03448329879872228,3.448329879872228e-05,0.0984805244445327,-0.0033383471240202136,-0.003372830422818936,1.022551179419847,1.0025696846948993
2022-09-12,0.007510760763545732,7.510760763545732e-06,0.10057359217646389,0.007419155481371502,0.007411644720607956,1.0301376456076226,1.0100003750055098
2022-09-13,0.002819093421551233,2.8190934215512334e-06,0.09388014616841016,0.002461294851485324,0.0024584757580637727,1.0326731180910778,1.0124834364430961
2022-09-14,0.03203860081299845,3.203860081299845e-05,0.10147618639748568,-0.018896962219516596,-0.018929000820329594,1.0131587331934002,0.9933181366440946
2022-09-15,0.007615695189487182,7.615695189487182e-06,0.09753735873587878,0.000996232494574837,0.0009886167993853497,1.01416807484557,0.9943001476411151
2022-09-16,0.013025623343313392,1.3025623343313391e-05,0.10210234908009215,-0.011149651909320437,-0.01116267753266375,1.0028604538334962,0.9832010957223174
2022-09-19,0.010890967412594682,1.0890967412594683e-05,0.10130863407546087,-0.004678027026125861,-0.004688917993538456,0.9981690455270302,0.9785909464133183
2022-09-20,0.006691652721553754,6.6916527215537534e-06,0.09942330145282174,0.003574724647583724,0.00356803299486217,1.0017372250165308,0.9820825911985945
2022-09-21,0.002966032098019211,2.9660320980192114e-06,0.09867032420082063,-0.009237954062073167,-0.009240920094171186,0.9924832225495595,0.9730072444474517
2022-09-22,0.006930845192249152,6.9308451922491524e-06,0.10427274591687641,0.0015276281528738488,0.0015206973076815997,0.993999367861581,0.9744868939444375
2022-09-23,0.021358792250344677,2.1358792250344678e-05,0.10223274985456154,-0.011342306731729604,-0.011363665523979948,0.9827251221401496,0.9634131508241508
2022-09-26,0.010917410765327956,1.0917410765327957e-05,0.09999947007616544,-0.010009067250054758,-0.010019984660820085,0.9728889603043306,0.9537597658308604
2022-09-27,2.5911665934019723e-06,2.5911665934019723e-09,0.10296109917408017,-0.013320949858686591,-0.013320952449853185,0.9599291552460468,0.9410547773416444
2022-09-28,0.01406247182809578,1.406247182809578e-05,0.09802616023122876,-0.008361211374427366,-0.008375273846255462,0.9519029846745591,0.9331731858770812
2022-09-29,0.009562657822342335,9.562657822342335e-06,0.09766354424069419,0.023510366524833976,0.023500803867011633,0.9742825727403415,0.955103505892333
2022-09-30,0.011590223270068228,1.1590223270068228e-05,0.1053247462770363,-0.008420680648221313,-0.008432270871491381,0.9660784503341676,0.9470498144203378
2022-10-03,0.025078568150532443,2.5078568150532442e-05,0.10214320863057136,-0.008652117473564477,-0.00867719604171501,0.9577198260931973,0.9388320775193426
2022-10-04,0.009882316791186396,9.882316791186397e-06,0.10519131779769723,0.019544866714139915,0.01953498439734873,0.9764383324436782,0.9571721475054135
2022-10-05,0.04178530835937408,4.178530835937408e-05,0.09955376807151782,0.012317836065819671,0.012276050757460298,0.9884659397511016,0.968922441371817
2022-10-06,0.03534860030790701,3.5348600307907016e-05,0.10479978579817746,-0.005386178204484342,-0.005421526804792249,0.9831418860505391,0.963669402384155
2022-10-07,0.02038330999406497,2.038330999406497e-05,0.09577685767249748,-0.004467756295884715,-0.00448813960587878,0.9787494476993889,0.9593443195723411
2022-10-10,0.05304096858960829,5.3040968589608286e-05,0.10148104329402773,-0.013615795693006952,-0.01366883666159656,0.9654229951848706,0.9462311987658762
2022-10-11,0.04304567180028951,4.304567180028951e-05,0.09995560181110652,-0.011713280344651819,-0.011756326016452108,0.9541147249910968,0.9351069963062463
2022-10-12,0.0001974605107321059,1.9746051073210592e-07,0.10476973897975282,-0.0012737667056791889,-0.001273964166189921,0.9528994054210049,0.9339157035013986
2022-10-13,0.04517812974384394,4.5178129743843944e-05,0.09832443934810156,0.002374925069467029,0.002329746939723185,0.9551624701076196,0.9360914907535904
2022-10-14,0.03751630947364644,3.751630947364644e-05,0.0966299165536599,0.0005565767104173876,0.0005190604009437411,0.9556940912931462,0.936577378778101
2022-10-17,0.0374400182621933,3.74400182621933e-05,0.09969174851249431,-0.01287745453244232,-0.012914894550704513,0.943387184085595,0.9244815806926066
2022-10-18,0.04303534265429107,4.3035342654291074e-05,0.09946341699280899,0.0058717303220007025,0.005828694979346412,0.9489264992197771,0.9298701018404878
2022-10-19,0.03604010123236556,3.604010123236556e-05,0.10186871107098464,0.0042784046227630655,0.0042423645215307,0.9529863907407014,0.9338149497701679
2022-10-20,0.04019964700609058,4.0199647006090576e-05,0.09764031043427521,-0.011523715435532031,-0.011563915082538121,0.9420044467598708,0.9230163929882211
2022-10-21,0.0419669098849868,4.1966909884986804e-05,0.11098216427799991,-0.008171225454519693,-0.00821319236440468,0.9343071160462358,0.91543548179711
2022-10-24,0.04501878159345832,4.501878159345832e-05,0.09182231891247467,0.005641195812755394,0.005596177031161936,0.9395777254371034,0.9205584208138536
2022-10-25,0.055697172650658336,5.5697172650658336e-05,0.10254841698178686,-0.0012243265565784203,-0.0012800237292290785,0.9384273754758812,0.9193800841910702
2022-10-26,0.052026581662211316,5.2026581662211316e-05,0.0960866465694566,0.013051285897146558,0.012999259315484346,0.9506750594469258,0.9313313443149618
2022-10-27,0.031988898648736844,3.1988898648736845e-05,0.10220790516086381,0.004632281955287099,0.004600293056638362,0.9550788543701433,0.9356157414316436
2022-10-28,0.036909237794457775,3.690923779445778e-05,0.09676329336572852,0.0014488149360105099,0.001411905698216052,0.9564625868794226,0.9369367426283116
2022-10-31,0.015068537045490993,1.5068537045490993e-05,0.10450738196671708,-0.0004273480148451541,-0.0004424165518906451,0.9560538444916461,0.9365222263052984
2022-11-01,0.020079141797361824,2.0079141797361825e-05,0.09333880311448728,-0.0067653826639647975,-0.00678546180576216,0.9495857743863054,0.9301674905084565
2022-11-02,0.04046927149074457,4.0469271490744574e-05,0.10358486044273962,0.004317662963685916,0.004277193692195171,0.9536857657152161,0.9341459970315443
2022-11-03,0.01648715329639583,1.648715329639583e-05,0.10842510618039404,-0.010984457465813025,-0.01100094461910942,0.9432100449859661,0.9238695086520375
2022-11-04,0.03573707053997505,3.5737070539975045e-05,0.09445208940584846,-0.005408842987009732,-0.005444580057549707,0.9381083699488666,0.9188394271494524
2022-11-07,0.046287397746794454,4.628739774679446e-05,0.099060512836149,0.00894259878755879,0.008896311389811996,0.9464974967205702,0.9270137088106104
2022-11-08,0.004288009227569764,4.288009227569764e-06,0.09734236058604112,-0.0021152000963149727,-0.0021194881055425427,0.9444954651243449,0.9250489142811115
2022-11-09,0.012461176362923154,1.2461176362923155e-05,0.10541353453264131,0.0131252968379578,0.013112835661594878,0.956892248466207,0.9371789286730164
2022-11-10,0.024079503208713687,2.407950320871369e-05,0.1001053825555104,-0.005827022038858919,-0.005851101542067633,0.9513164162455812,0.9316953995982645
2022-11-11,0.039653610395347844,3.965361039534785e-05,0.10278927331573413,0.035284665450054875,0.03524501183965953,0.9848832977299516,0.9645330149880617
2022-11-14,0.04767796408478156,4.767796408478156e-05,0.09504783116557736,0.003193374635865902,0.0031456966717811207,0.9880283990722104,0.9675671432831326
2022-11-15,0.049171918361016795,4.91719183610168e-05,0.10735580696976497,-0.002050254416154694,-0.002099426334515711,0.9860026894837264,0.9655358073421119
2022-11-16,0.031717843691201106,3.1717843691201105e-05,0.0913453959858901,0.007780383781952564,0.007748665938261364,0.9936741688179471,0.9730174217646353
2022-11-17,0.0415702881901415,4.15702881901415e-05,0.10007644251046992,0.0030430073553456404,0.003001437067155499,0.996697926622477,0.9759378723213079
2022-11-18,0.035622298095170174,3.5622298095170176e-05,0.09958570364174141,-0.0067281757108722685,-0.0067637980089674385,0.9899919678414989,0.9693368256836251
2022-11-21,0.0019669975689740604,1.9669975689740604e-06,0.09776079760588384,-0.0031787844938359756,-0.0031807514914049496,0.9868449967251022,0.9662536061296582
2022-11-22,0.031383178737020845,3.1383178737020845e-05,0.1001939272631405,-0.0018180972223635905,-0.0018494804011006114,0.9850508165776528,0.9644665390226286
2022-11-23,0.0009504531759494117,9.504531759494117e-07,0.0976235593528553,0.008761957589721895,0.008761007136545946,0.9936817900562273,0.9729162372539657
2022-11-25,0.011930652377786954,1.1930652377786955e-05,0.09865584790228084,0.009861177748501003,0.009849247096123216,1.0034806628134203,0.9824987296785104
2022-11-28,0.00684010550476194,6.84010550476194e-06,0.10028203201699681,-0.0008522036055936006,-0.0008590437110983626,1.0026254929744274,0.9816547203236179
2022-11-29,0.001431164892756992,1.431164892756992e-06,0.09937443380479183,-0.006949445029680637,-0.006950876194573394,0.9956578022256451,0.9748313598968299
2022-11-30,0.0031944041809507384,3.1944041809507384e-06,0.10099184532126441,-0.0024925064160750093,-0.00249570082025596,0.9931761187653826,0.9723984724723241
2022-12-01,0.005015038079006273,5.015038079006273e-06,0.10436818490400915,0.01652347428227397,0.016518459244194966,1.009586838821571,0.9884609970089756
2022-12-02,0.021162314729049392,2.1162314729049393e-05,0.09956876386168712,0.01566272825170338,0.01564156593697433,1.0253997231245295,1.003922074869819
2022-12-05,0.00209823529539796,2.09823529539796e-06,0.10416660002725901,0.002320687521223704,0.002318589285928306,1.0277793554662509,1.006249757836519
2022-12-06,0.01946221935730899,1.946221935730899e-05,0.10023294525640128,-0.015432107666475908,-0.015451569885833218,1.0119185537953144,0.9907016193807053
2022-12-07,0.001085560244010103,1.085560244010103e-06,0.09969413414853817,0.0008627241593588514,0.0008616385991148413,1.012791560378977,0.9915552461361694
2022-12-08,0.0014297544131199602,1.4297544131199602e-06,0.10104706361996262,0.009801260044151074,0.009799830289737955,1.022718193832773,1.0012723192712032
2022-12-09,0.004843728875163378,4.843728875163378e-06,0.10062266560082293,0.0015958799140365601,0.0015910361851613967,1.0243503292560303,1.0028653797623641
2022-12-12,0.0028626339074230844,2.8626339074230847e-06,0.09839621140314658,-0.008630717761505199,-0.008633580395412621,1.0155094506753166,0.9942070608804098
2022-12-13,0.007493413211755978,7.4934132117559785e-06,0.10254897116841358,0.0019309101682260508,0.0019234167550142948,1.0174703081995553,0.9961193353992608
2022-12-14,0.01161358160615461,1.161358160615461e-05,0.09702537766483003,0.010756337106968305,0.01074472352536215,1.0284145618308806,1.0068223622563934
2022-12-15,0.013968434815623154,1.3968434815623154e-05,0.1013794683016298,-0.0013477425896329242,-0.0013617110244485474,1.0270285237261025,1.0054513611460476
2022-12-16,0.006389658199576237,6.389658199576237e-06,0.09975931149814724,-0.012138506894660674,-0.01214489655286025,1.0145619309098401,0.9932402583759964
2022-12-19,0.0011175521600562954,1.1175521600562955e-06,0.10133777060275513,-0.0047883962805021,-0.004789513832662157,1.0097038063335324,0.9884831204193476
2022-12-20,0.006129467703679808,6.129467703679809e-06,0.10081591174249947,-0.008310953178614348,-0.008317082646318029,1.0013122052748258,0.9802618246123296
2022-12-21,0.0037081322457602206,3.7081322457602206e-06,0.09737334645543437,0.0008112627842310192,0.000807554651985259,1.0021245326023616,0.9810534396089587
2022-12-22,0.012259555616422113,1.2259555616422114e-05,0.09789646130944782,0.004236578725918719,0.004224319170302296,1.0063701120779058,0.9851977224609898
2022-12-23,0.010028949534501064,1.0028949534501063e-05,0.10000172652763,-0.008517383241665797,-0.008527412191200298,0.9977984721503801,0.9767965353917332
2022-12-27,8.231348252063508e-06,8.231348252063508e-09,0.10300263212531827,-0.0018630205906308554,-0.0018630288219791075,0.995939553051464,0.974976735293089
2022-12-28,0.013897966080535562,1.3897966080535562e-05,0.09988059304360247,-0.004090416727810202,-0.004104314693890738,0.9918657452437745,0.970975123952224
2022-12-29,0.0005533470982692912,5.533470982692912e-07,0.09546224011559709,-0.006778726965131215,-0.006779280312229484,0.9851421581707005,0.9643926114107501
2022-12-30,0.02202814357269897,2.2028143572698973e-05,0.09965899283236293,0.010709265746185671,0.010687237602612972,0.9956923073403213,0.9746993043911012
2023-01-03,0.0016610526586884888,1.6610526586884888e-06,0.09799727776254048,-0.002545480674577693,-0.0025471417272363815,0.9931577918141609,0.9722166071213784
2023-01-04,0.009954663900141963,9.954663900141964e-06,0.10333080957098167,0.008023710993793525,0.008013756329893382,1.001126602906912,0.9800077141107248
2023-01-05,0.016022336678104404,1.6022336678104405e-05,0.09789998608577082,0.009859456913028542,0.009843434576350438,1.0109971675127594,0.9896543559288926
2023-01-06,0.010318476790250358,1.0318476790250358e-05,0.09637115767225309,-0.006693871132655003,-0.006704189609445253,1.0042296827579498,0.9830195254789319
2023-01-09,0.01850181959309069,1.850181959309069e-05,0.10192761822426642,0.02003864631385301,0.020020144494259918,1.0243530861886092,1.0026997184196988
2023-01-10,0.009642185689278854,9.642185689278854e-06,0.09928986790291079,0.0024118751177964744,0.0024022329321071955,1.0268236979090255,1.0051084367043013
2023-01-11,0.0035775744233365603,3.5775744233365604e-06,0.10260070039133477,-0.0019641121807018416,-0.001967689755125178,1.024806900976529,1.0031306951306083
2023-01-12,0.012769959854405932,1.2769959854405933e-05,0.09340865351762748,0.008494760361059171,0.008481990401204766,1.0335123900166845,1.01163924005786
2023-01-13,0.03464864366248224,3.4648643662482245e-05,0.1033894397751888,0.012383061862573043,0.01234841321891056,1.0463104378779968,1.0241313794225593
2023-01-17,0.017233117005053977,1.7233117005053977e-05,0.10331646091306158,0.002694221207723631,0.002676988090718577,1.0491294296495903,1.0268729669286045
2023-01-18,0.016320793774565023,1.6320793774565025e-05,0.09825144365971981,-0.005068692894059743,-0.005085013687834309,1.0438117147645765,1.0216513038361055
2023-01-19,0.008758043216300637,8.758043216300638e-06,0.09568461919382426,0.001984082446739765,0.0019753244035234643,1.0458827232655423,1.0236693965884645
2023-01-20,0.022589387030936298,2.2589387030936298e-05,0.10361203654748741,0.001927103446240849,0.0019045140592099127,1.047898247465911,1.0256189893462502
2023-01-23,0.018248503142838074,1.8248503142838074e-05,0.09840335621660164,-0.0011618159448469152,-0.0011800644479897533,1.0466807825734281,1.0244086928397393
2023-01-24,0.008197345387364857,8.197345387364857e-06,0.10137399509121585,0.002771650187750211,0.002763452842362846,1.0495818155609622,1.0272395979537086
2023-01-25,0.006958631179673852,6.958631179673852e-06,0.09767533992860541,0.00576360509449839,0.005756646463318716,1.0556311906602223,1.0331530531522497
2023-01-26,0.012053499727631645,1.2053499727631645e-05,0.10512606670501688,0.0027491546575992014,0.0027371011578715696,1.0585332840647328,1.0359808975702913
2023-01-27,0.025282938249809817,2.528293824980982e-05,0.09231069306008374,-0.00175422330261748,-0.0017795062408672898,1.0566763803112302,1.0341373630976456
2023-01-30,0.041084544497455716,4.108454449745572e-05,0.1021759769813544,-0.0007239107012850771,-0.0007649952457825329,1.0559114409717278,1.0333462529313897
2023-01-31,0.03531680578100055,3.531680578100055e-05,0.10305902794711148,-0.006349149144521244,-0.006384465950302245,1.049207301749592,1.0267488889646768
2023-02-01,0.01551894797525219,1.551894797525219e-05,0.10010788633867003,0.008651166916869188,0.008635647968893935,1.0582841692474256,1.0356155309222288
2023-02-02,0.000546735149396349,5.467351493963491e-07,0.0987571818138648,0.01098334818318475,0.010982801448035354,1.0699076727550225,1.0469894906748494
2023-02-03,0.006377485093146534,6.3774850931465345e-06,0.0976784054272842,-0.0023795213312637975,-0.002385898816356944,1.0673618046252191,1.04449147968831
2023-02-06,0.012196344164398687,1.2196344164398688e-05,0.10343987419802401,-0.01811105909607932,-0.018123255440243718,1.0480307519047538,1.0255618937967605
2023-02-07,0.01747019962564475,1.747019962564475e-05,0.10027036946307416,-0.003796473532820881,-0.003813943732446526,1.044051930893565,1.0216504584396784
2023-02-08,0.0013694315553625658,1.3694315553625659e-06,0.10218584733732765,0.0016167806632118955,0.001615411231656533,1.0457399338668227,1.0233008440650688
2023-02-09,0.010834572220038363,1.0834572220038363e-05,0.09920670047383415,-0.0009288754103340232,-0.0009397099825540615,1.0447685717566495,1.0223392380467449
2023-02-10,0.003963584588885544,3.963584588885543e-06,0.10485414640390839,-0.008714792990643375,-0.00871875657523226,1.03566362993066,1.0134257110929068
2023-02-13,0.023130136617143776,2.3130136617143776e-05,0.09530773590484115,-0.002358508145228008,-0.002381638281845152,1.0332210088237523,1.011012097623562
2023-02-14,0.02345954701529626,2.3459547015296263e-05,0.09949309291793496,0.004741921118177699,0.004718461571162403,1.0381204613452384,1.015782519354179
2023-02-15,0.0025472560439957492,2.547256043995749e-06,0.10215894608262806,-0.0006761600557890089,-0.0006787073118330047,1.0374185257561794,1.015093100331061
2023-02-16,0.01061963609765268,1.061963609765268e-05,0.09561339903279988,-0.005578270263246075,-0.005588889899343728,1.0316315248434131,1.0094198567557273
2023-02-17,0.022567175750363322,2.256717575036332e-05,0.10399602405301793,-0.009763489105049872,-0.009786056280800235,1.0215592016901784,0.9995416172265585
2023-02-21,0.01976789561048259,1.976789561048259e-05,0.09582469306509232,0.002879732004136256,0.0028599641085257734,1.0245010184174055,1.0024002703768045
2023-02-22,0.02155476613915014,2.1554766139150138e-05,0.1007014911122581,-0.014795229122257045,-0.014816783888396195,1.0093432911139342,0.9875479222009614
2023-02-23,0.003596178002273298,3.596178002273298e-06,0.10017477637312772,0.0007659890236466266,0.0007623928456443532,1.010116436996019,0.9883008216715784
2023-02-24,0.0008944238029367779,8.944238029367779e-07,0.10040908053057312,0.004914241349657207,0.00491334692585427,1.0150803929586731,0.9931566864755577
2023-02-27,0.002084953847825227,2.0849538478252273e-06,0.09872388134690951,-0.0105264121122542,-0.010528497066102024,1.0043952384153212,0.9827002392158202
2023-02-28,0.00658804369310792,6.58804369310792e-06,0.09983520470225961,0.003470391302060927,0.003463803258367819,1.0078808829145491,0.9861041195064147
2023-03-01,0.0008521705406576985,8.521705406576985e-07,0.09916896518103128,0.0020435655882413213,0.002042713417700664,1.0099405536039197,0.9881184476225803
2023-03-02,0.004333363692245906,4.333363692245906e-06,0.10274108290497987,-0.003912695376000143,-0.003917028739692389,1.0059889638697985,0.9842479592650224
2023-03-03,0.013911820069135189,1.391182006913519e-05,0.09796098038930084,-0.0008605678994420964,-0.0008744797195112317,1.0051232420602991,0.9833872543856748
2023-03-06,0.010564040578107808,1.0564040578107808e-05,0.09844190712340886,0.017458083109991387,0.01744751906941328,1.0226707671559718,1.0005449222591867
2023-03-07,0.00820015348530706,8.200153485307061e-06,0.10028027525902178,-0.0044249136757986765,-0.004433113829283983,1.0181455372925439,0.9961093927274995
2023-03-08,0.0014709499116050406,1.4709499116050406e-06,0.10041243337548489,-0.009247506985368003,-0.009248977935279607,1.00873022932431,0.9868963989330382
2023-03-09,0.0021556558780346236,2.1556558780346235e-06,0.10624371840337313,0.0007107629372121393,0.0007086072813341047,1.009447197384959,0.9875957209072445
2023-03-10,0.03421336220715307,3.421336220715307e-05,0.09637293504634993,-0.0018093635575586536,-0.0018435769197658067,1.0076207404127309,0.9857750122301204
2023-03-13,0.018758833668774955,1.8758833668774956e-05,0.10155901653703168,0.013705423548604313,0.013686664714935537,1.0214306094364456,0.9992669843068757
2023-03-14,0.007939309543397388,7.939309543397389e-06,0.1034973041571295,0.008722760464950267,0.008714821155406869,1.030340303974128,1.007975417361613
2023-03-15,0.017208237025699652,1.720823702569965e-05,0.10250487249412184,-0.0016763738155137894,-0.0016935820525394892,1.0286130684674772,1.0062683282853684
2023-03-16,0.012023864939886053,1.2023864939886053e-05,0.10278785402181274,0.006281355359110469,0.006269331494170583,1.0350741526775467,1.0125769580074744
2023-03-17,0.03550863429711512,3.550863429711512e-05,0.10549124635272161,0.003804822100627738,0.003769313466330623,1.0390124256894426,1.0163936779709881
2023-03-20,0.02467021400121347,2.467021400121347e-05,0.1083000235388933,0.00985151042006345,0.009826840206062237,1.0492482674276975,1.0263816162308608
2023-03-21,0.054332212260447654,5.4332212260447657e-05,0.09214970839663762,3.818541066506831e-06,-5.051367119394082e-05,1.0492522740252956,1.026329769927379
2023-03-22,0.05989899887329919,5.989899887329919e-05,0.10452915020325534,-0.0048330563475898,-0.0048929553464631,1.0441811786620947,1.0213079841923787
2023-03-23,0.049180248971099044,4.918024897109905e-05,0.09903643506722606,0.004309604124593054,0.0042604238756219544,1.0486811861764793,1.025659189112595
2023-03-24,0.03409738262421144,3.4097382624211444e-05,0.10655528973215075,0.0045213113554216046,0.004487213972797393,1.0534226003317562,1.030261541357309
2023-03-27,0.02697786284150397,2.697786284150397e-05,0.0963823186930116,-0.00015334778340930853,-0.0001803256462508125,1.053261060311002,1.0300757587790565
2023-03-28,0.05650255775016172,5.650255775016172e-05,0.10135510445888768,-0.009242009746238705,-0.009298512303988867,1.0435268113262741,1.020497586662009
2023-03-29,0.05321151989285558,5.321151989285558e-05,0.09582206491414984,0.002192532700354817,0.002139321180461962,1.045814777983804,1.0226807587637652
2023-03-30,0.04700219381384266,4.7002193813842655e-05,0.09755310140881224,0.0018202395981265747,0.0017732374043127322,1.0477184114549962,1.024494214537876
2023-03-31,0.03017063671153447,3.0170636711534473e-05,0.09847702139607252,0.006040752861668847,0.006010582224957313,1.054047419447216,1.0306520212533488
2023-04-03,0.007124101048959802,7.124101048959802e-06,0.10485640161971856,0.007098106609110103,0.0070909825080611435,1.0615291604015098,1.037960356707954
2023-04-04,0.02166486136487794,2.166486136487794e-05,0.09927704892963744,0.003993662030219929,0.003971997168855051,1.0657685491033766,1.0420831323061817
2023-04-05,0.003248638336683235,3.2486383366832353e-06,0.0997177353376586,0.005372342103517078,0.005369093465180395,1.071494222352329,1.0476781740420216
2023-04-06,0.001271969108364801,1.271969108364801e-06,0.09631142467945869,0.001772744961513882,0.001771472992405517,1.0733937083362952,1.0495341076320697
2023-04-10,0.03052175008081573,3.052175008081573e-05,0.09980376382795435,-0.00016371533433768724,-0.00019423708441850297,1.073217977326459,1.0493302491870056
2023-04-11,0.0009201879397406632,9.201879397406632e-07,0.10202991689419481,-0.00720262218726117,-0.0072035423752009105,1.0654879937111998,1.0417713542714069
2023-04-12,0.009329281520647714,9.329281520647714e-06,0.09042503676832767,0.002627082843553522,0.0026177535620328742,1.0682871189394907,1.0444984549448746
2023-04-13,0.05087516632714606,5.087516632714606e-05,0.10110807289768077,-0.0003202963368045073,-0.00037117150313165337,1.067944950488639,1.044110766883334
2023-04-14,0.005594329523434249,5.59432952343425e-06,0.10181238280228333,0.0064682489414845746,0.006462654611961141,1.074852684284201,1.0508584941463308
2023-04-17,0.00898729593103964,8.987295931039641e-06,0.10027473427848212,-0.009342509721604553,-0.009351497017535593,1.0648108626319832,1.0410313940724696
2023-04-18,0.0013586276206936365,1.3586276206936366e-06,0.09311828808319839,-0.0039276511133935574,-0.0039290097410142515,1.060628657061813,1.0369411715844572
2023-04-19,0.03654677798230646,3.6546777982306465e-05,0.10580225590060202,0.002756993898858565,0.0027204471208762586,1.063552803798287,1.039762115209212
2023-04-20,0.02912423709243775,2.912423709243775e-05,0.09495564373297671,-0.0018658630529209597,-0.0018949872900133973,1.0615683599168495,1.0377917792162532
2023-04-21,0.02666506511274902,2.666506511274902e-05,0.10020873290795511,0.0021067546188444,0.002080089553731651,1.0638048239623235,1.0399504790551495
2023-04-24,0.001101088557474983,1.1010885574749829e-06,0.10038419775086989,-0.00488503316177612,-0.0048861342503335944,1.05860810211961,1.0348691414007873
2023-04-25,0.0020189278156280965,2.0189278156280966e-06,0.09952740994629028,0.00468060867106582,0.004678589743250192,1.0635630323816516,1.0397108695513513
2023-04-26,0.0024952142853991166,2.4952142853991167e-06,0.09951654056132785,0.0005142054127702653,0.0005117101984848662,1.0641099222497246,1.0402429002067763
2023-04-27,0.002565003984331099,2.565003984331099e-06,0.0982662851074446,-0.007135275723808866,-0.007137840727793198,1.0565172045540319,1.0328178120668827
2023-04-28,0.009360545146064214,9.360545146064214e-06,0.10239468123236804,0.004276856465243937,0.0042674959200978725,1.0610357769909704,1.0372253578660826
2023-05-01,0.012626813754606087,1.2626813754606087e-05,0.09897320335292602,0.008847861182521191,0.008835234368766586,1.070423674255475,1.0463894869960573
2023-05-02,0.005470321850917059,5.470321850917059e-06,0.0999545919340189,-0.012896944505099102,-0.01290241482695002,1.0566184795316578,1.0328885357642748
2023-05-03,0.035154271917256175,3.515427191725618e-05,0.1022754575914282,0.011630794991318633,0.011595640719401376,1.0689077924511292,1.0448655401281859
2023-05-04,0.011871051237828362,1.1871051237828362e-05,0.10257095407765526,0.0024728368751463455,0.0024609658239085172,1.0715510270564337,1.047436918513021
2023-05-05,0.013076465064048165,1.3076465064048166e-05,0.09641865384238545,-0.00353208186638707,-0.0035451583314511184,1.067766221104859,1.0437235887946852
2023-05-08,0.01889214520232016,1.889214520232016e-05,0.09755064728806653,-0.0002015306260021251,-0.00022042277120444526,1.0675510335098959,1.0434935283488715
2023-05-09,0.013245127652119632,1.3245127652119631e-05,0.10082552830943257,-0.0046948448304356865,-0.0047080899580878065,1.0625390470589957,1.0385806669467226
2023-05-10,0.04892890378587955,4.8928903785879554e-05,0.10167472606039245,-0.0001800521798405636,-0.00022898108362644315,1.062347734587407,1.0383428516201716
2023-05-11,0.030962075177675213,3.0962075177675214e-05,0.10228312236358875,0.004263049929867607,0.0042320878546899315,1.066876576022835,1.0427372097915175
2023-05-12,0.03195978679924785,3.1959786799247855e-05,0.09796805615409868,9.74782291598853e-07,-3.0985004507649004e-05,1.0668776159952285,1.0427049005743718
2023-05-15,0.010831607760032558,1.0831607760032557e-05,0.09518110728141281,-0.004021961806965735,-0.004032793414725767,1.0625866749709891,1.0384998871178333
2023-05-16,0.026988436645931868,2.6988436645931868e-05,0.10534181974465907,-0.0017219108746995117,-0.0017488993113454435,1.0607569954200458,1.0366836553804206
2023-05-17,0.05091362725374432,5.091362725374432e-05,0.10019531739114569,-0.008320970642301615,-0.00837188426955536,1.0519304676025394,1.028004659793436
2023-05-18,0.043973975270241744,4.397397527024174e-05,0.10200312427467355,0.002152188419155391,0.0021082144438851493,1.0541944201726703,1.0301719140655938
2023-05-19,0.010557748311831261,1.0557748311831261e-05,0.09913969233203723,-0.0036894144562344042,-0.0036999722045462356,1.0503050600392037,1.026360306617647
2023-05-22,0.004573720671452286,4.573720671452286e-06,0.10223700464970369,0.00046000018039743897,0.0004554264597259867,1.050788200556294,1.0268277382584932
2023-05-23,0.011632541581392708,1.1632541581392708e-05,0.10240733996961897,-0.0018818942573107847,-0.0018935267988921774,1.0488107282760173,1.0248834124182549
2023-05-24,0.012224020454235873,1.2224020454235873e-05,0.10074984009400625,-0.002540600577426065,-0.002552824597880301,1.0461461191341486,1.022267064833074
2023-05-25,0.0037792092097366503,3.7792092097366506e-06,0.09740190435980771,-0.006841318158969038,-0.006845097368178775,1.038989100692381,1.0152695472380093
2023-05-26,0.013443735578539728,1.344373557853973e-05,0.09625351118207151,-0.0011180139122191493,-0.001131457647797689,1.0378274964231629,1.0141208127442107
2023-05-30,0.020140613136533453,2.0140613136533455e-05,0.10514438440751502,0.008971618483559403,0.00895147787042287,1.047138488772819,1.023198692757426
2023-05-31,0.026302412069534098,2.6302412069534097e-05,0.10276066679616137,0.005560980499901228,0.005534678087831694,1.0529616054895807,1.0288617681417285
2023-06-01,0.013735650833561458,1.3735650833561459e-05,0.10207347249999199,0.00145936718041878,0.0014456315295852185,1.0544982630988733,1.030349123153339
2023-06-02,0.010106962183789064,1.0106962183789064e-05,0.09971827923492221,0.006081372173422779,0.00607126521123899,1.0609110594930053,1.0366046459401703
2023-06-05,0.0013771030637951265,1.3771030637951265e-06,0.09927803503722937,-0.0035663460450471593,-0.0035677231481109546,1.0571274835318356,1.0329063275494101
2023-06-06,0.003554762042711629,3.554762042711629e-06,0.09832095582586814,0.0007097360590306439,0.0007061812969879322,1.0578777650258906,1.0336357466794661
2023-06-07,0.00840834345289404,8.40834345289404e-06,0.10251944898812032,0.0030392534974989184,0.0030308451540460245,1.0610929237231719,1.0367685365733383
2023-06-08,0.012306870391367852,1.2306870391367853e-05,0.10647067442525002,-0.009859000270688102,-0.00987130714107947,1.05063160830096,1.0265342759146154
2023-06-09,0.02968667793833596,2.968667793833596e-05,0.09725419454787412,0.009375444303119585,0.009345757625181248,1.0604817464276826,1.0361280164512543
2023-06-12,0.012953092709836217,1.2953092709836217e-05,0.10004683319604517,-0.0006888860212913108,-0.0007018391140011471,1.0597511953767338,1.0354008212821963
2023-06-13,0.03488345523724559,3.488345523724559e-05,0.09554408621379619,0.0033169008515727396,0.003282017396335494,1.0632662850191341,1.0387990247898247
2023-06-14,0.022184494603329802,2.2184494603329802e-05,0.10059342433442758,-0.0036793520033045982,-0.003701536497907928,1.0593541540833027,1.034953872285574
2023-06-15,0.002937030921317474,2.937030921317474e-06,0.09780996646483185,0.0030253825069465287,0.0030224454760252113,1.0625591056097274,1.0380819639347583
2023-06-16,0.011081813131650214,1.1081813131650214e-05,0.09724660068291424,0.009618664687078077,0.009607582873946427,1.072779505356789,1.0480554224332104
2023-06-20,0.014326985739288062,1.4326985739288062e-05,0.09955946598468296,-0.004225682218086982,-0.00424000920382627,1.0682462800770747,1.0436116577959735
2023-06-21,0.0023024092285540143,2.3024092285540144e-06,0.09902673515177272,-0.003525988092052512,-0.003528290501281066,1.0644796564141434,1.0399294926967457
2023-06-22,0.005136669776963837,5.136669776963837e-06,0.10014191626619923,-0.0015146656588701428,-0.0015198023286471067,1.062867325634007,1.0383490054321165
2023-06-23,0.050343679829447735,5.0343679829447737e-05,0.09953415161995352,-0.006397450116959129,-0.006447793796788576,1.0560676849373178,1.0316539451559896
2023-06-26,0.0024897427507795666,2.4897427507795667e-06,0.09853399362725768,0.0016802876476890677,0.0016777979049382881,1.0578421824234416,1.0333848519837936
2023-06-27,0.007951694014634691,7.951694014634692e-06,0.10017689920436507,-0.000538583771867714,-0.0005465354658823487,1.0572724457907914,1.032820070512279
2023-06-28,0.0009578160197794283,9.578160197794284e-07,0.10180317244795302,0.00151976324497303,0.0015188054289532505,1.058879249593827,1.0343887232425049
2023-06-29,0.009590299447149897,9.590299447149897e-06,0.09835557744215123,0.0008973869895968697,0.0008877966901497199,1.0598294740559668,1.0353070501273278
2023-06-30,0.008892202376549335,8.892202376549335e-06,0.09718185709602359,-0.005458697916626057,-0.005467590119002607,1.0540441851139586,1.0296464155299179
2023-07-03,0.01568099911513346,1.568099911513346e-05,0.10247825624295774,0.0112252908104969,0.011209609811381766,1.065876137618976,1.0411883500916963
2023-07-05,0.03645571752565274,3.645571752565274e-05,0.10090950147474814,-0.0018322760491215665,-0.0018687317666472192,1.0639231583006865,1.039242648346817
2023-07-06,0.0049136762477269,4.9136762477269e-06,0.0979677867040293,-0.004936669843143044,-0.004941583519390771,1.058670920929682,1.0341071440030982
2023-07-07,0.011206993565944873,1.1206993565944873e-05,0.10564346827028488,-0.008920277202783962,-0.008931484196349907,1.0492272828484628,1.024871032389102
2023-07-10,0.03046064955588232,3.046064955588232e-05,0.09757725122522512,-3.794154435125938e-05,-6.84021939071417e-05,1.049187473544976,1.0248009289620146
2023-07-11,0.01293609339744431,1.2936093397444309e-05,0.09519058256772074,0.0016278809959577492,0.0016149449025603048,1.0508954258943568,1.0264559259983808
2023-07-12,0.049273032756137536,4.927303275613754e-05,0.1012272637360098,0.005751713052222081,0.005702440019465943,1.0569398748319938,1.0323092293490117
2023-07-13,0.043515245233314764,4.351524523331477e-05,0.09979293684088786,0.012205485244595703,0.012161969999362388,1.0698403388786806,1.0448641432264194
2023-07-14,0.036518040658796574,3.651804065879657e-05,0.09958117777518782,0.0071291267395858175,0.007092608698927021,1.0774673662456682,1.052274955737864
2023-07-17,0.041305941366290705,4.13059413662907e-05,0.10429687649139448,-0.0036020891490862,-0.0036433950904524908,1.07358623273722,1.0484411023303224
2023-07-18,0.030659943472489654,3.0659943472489654e-05,0.09721668212821792,0.0017254611690842893,0.0016948012256117995,1.0754386640934717,1.0502180015955336
2023-07-19,0.015476984585093695,1.5476984585093694e-05,0.09938593705862477,0.008667243926298411,0.008651766941713317,1.0847597533229423,1.05930424298333
2023-07-20,0.042241167365377225,4.2241167365377224e-05,0.10203886456298164,0.005129013051022792,0.005086771883657415,1.09032350025496,1.0646926820227764
2023-07-21,0.05947006707386815,5.947006707386815e-05,0.10289164026002816,-0.00852411660728051,-0.008583586674354379,1.0810294555991287,1.0555538001050833
2023-07-24,0.04154739459131748,4.154739459131749e-05,0.09641442055065007,-0.00101604506696834,-0.0010575924615596577,1.0799310809535199,1.0544374543633215
2023-07-25,0.020088700475995647,2.0088700475995646e-05,0.10300578300273852,-0.0010786029213899365,-0.0010986916218659322,1.0787662641347036,1.0532789527664308
2023-07-26,0.045011737807650914,4.501173780765092e-05,0.10082070992491651,0.002683040764287337,0.0026380290264796857,1.0816606379965148,1.0560575332168087
2023-07-27,0.03946268533349567,3.946268533349567e-05,0.09991926188833106,0.002163381583763063,0.002123918898429567,1.0840006827006379,1.058300513769437
2023-07-28,0.0004387016939247368,4.387016939247368e-07,0.10084432176403775,-0.014915109457930184,-0.01491554815962411,1.0678326938656868,1.042515381488954
2023-07-31,0.036215793164553506,3.6215793164553505e-05,0.09782445227870315,0.008209954108953326,0.008173738315788772,1.0765995512783642,1.0510366294074294
2023-08-01,0.011991223911177656,1.1991223911177657e-05,0.09617240615983697,0.0025827343517164413,0.0025707431278052637,1.0793801219224932,1.05373857459955
2023-08-02,0.050111385467584035,5.0111385467584035e-05,0.101513362299533,-0.011999368644492256,-0.01204948002995984,1.0664282419320081,1.0410415726881144
2023-08-03,0.059099473765401006,5.9099473765401006e-05,0.10095110484549662,-0.011424449705960795,-0.011483549179726197,1.0542448861170397,1.029086720590011
2023-08-04,0.04834459439794181,4.834459439794181e-05,0.09572105048002286,-0.009955383609973608,-0.010003728204371549,1.0437494738568915,1.0187920167385005
2023-08-07,0.05072125617115941,5.072125617115941e-05,0.10445705852204858,0.00588290091187239,0.005832179655701231,1.0498897485884107,1.0247337948119137
2023-08-08,0.025111441364503523,2.5111441364503522e-05,0.09755183600960379,-0.0008975893273595957,-0.0009227007687240992,1.0489473787551735,1.023788272151703
2023-08-09,0.01413471779033526,1.413471779033526e-05,0.10112378108232621,-0.00037351776006912035,-0.0003876524778594556,1.0485555782798306,1.0233913980912002
2023-08-10,0.04743075892708784,4.743075892708784e-05,0.09794430779708548,-0.002325132117929173,-0.002372562876856261,1.0461175480273384,1.020963337651595
2023-08-11,0.038599361598068344,3.859936159806834e-05,0.11054794466090903,-0.006287835600755885,-0.006326434962353953,1.0395397328662765,1.0145042794969943
2023-08-14,0.06460739537883564,6.460739537883564e-05,0.09383395035257736,-0.0010372304023048469,-0.0011018377976836826,1.0384614906509437,1.0133864603359326
2023-08-15,0.04952396977839035,4.952396977839036e-05,0.10272224602039604,-0.00023620008425367537,-0.0002857240540320657,1.0382162059593578,1.0130969114481843
2023-08-16,0.05554338818002086,5.554338818002086e-05,0.10305213524096331,-0.007594895385731116,-0.007650438773911137,1.0303310624873259,1.0053462755551115
2023-08-17,0.03317024817632361,3.317024817632361e-05,0.09835923390969598,-0.0075596527193043574,-0.0075928229674806814,1.0225421174690097,0.9977128592638055
2023-08-18,0.05258797679961652,5.2587976799616524e-05,0.09747641236141873,-0.004753307834357223,-0.00480589581115684,1.017681660011084,0.9929179552127322
2023-08-21,0.03331717532033132,3.3317175320331325e-05,0.1001057941675236,0.0015121190598527715,0.0014788018845324402,1.0192205158460494,0.9943862841560869
2023-08-22,0.040868828574611105,4.0868828574611106e-05,0.10495439121831199,-0.0008720345869014912,-0.0009129034154761024,1.018331720304552,0.9934785055209782
2023-08-23,0.047673728940195226,4.767372894019523e-05,0.09321280433205514,0.0022017032202018985,0.002154029491261703,1.0205737845323803,0.9956184875208048
2023-08-24,0.039677460968815415,3.967746096881541e-05,0.10494632351791858,0.017494907027256708,0.01745522956628789,1.03842862800723,1.012997236780921
2023-08-25,0.0657054116405203,6.570541164052029e-05,0.0963153804465764,-0.007139457313439225,-0.007205162725079746,1.031014811144519,1.0056984268498583
2023-08-28,0.03870294547111744,3.870294547111744e-05,0.10897833590782194,0.003324458564678457,0.0032857556192073395,1.0344423771637388,1.0090029061071084
2023-08-29,0.06804203045986248,6.804203045986248e-05,0.09389030794962668,0.003907220409436432,0.0038391783789765697,1.0384841715321789,1.0128766482485594
2023-08-30,0.06223301353351987,6.223301353351987e-05,0.10493285790284737,0.013258377850205186,0.013196144836671666,1.0522527870698097,1.02624271520053
2023-08-31,0.055675093182426305,5.5675093182426305e-05,0.10506036972509836,0.002266814057365248,0.0022111389641828218,1.0546380484794413,1.0285118804548186
2023-09-01,0.0406603573286409,4.06603573286409e-05,0.09416022551889655,0.0003631430065261105,0.0003224826491974696,1.055021032911163,1.0288435576907586
2023-09-05,0.03286200729015937,3.2862007290159366e-05,0.09972546400620749,-0.0058000557995007,-0.00583291780679086,1.0489018520506312,1.0228423977827021
2023-09-06,0.0015491420331440187,1.5491420331440187e-06,0.10015663149884306,-0.00997119904916201,-0.009972748191195153,1.0384430429007998,1.012641848110337
2023-09-07,0.036990225025368,3.6990225025368e-05,0.10287111186451414,-0.0037187806677756495,-0.0037557708928010174,1.0345813009882743,1.008838597332372
2023-09-08,0.031128367836058435,3.112836783605844e-05,0.09432216747136822,0.00012184233003889831,9.071396220283988e-05,1.0347073567846012,1.0089301130787591
2023-09-11,0.06376385761448569,6.376385761448569e-05,0.1049639429866265,0.0021173980815377053,0.0020536342239232197,1.0368982441568098,1.0110020864885245
2023-09-12,0.054982104013648586,5.498210401364859e-05,0.1014596886826291,0.0008178475143950769,0.0007628654103814283,1.0377462688084742,1.01177334501013
2023-09-13,0.04841614445060388,4.841614445060388e-05,0.09342680947628872,-0.0019055430675089674,-0.0019539592119595713,1.035768798600113,1.0097963811622324
2023-09-14,0.04839589316666146,4.839589316666146e-05,0.09998761090689906,-0.0005700137793530928,-0.0006184096725197542,1.035178396112687,1.009171913312846
2023-09-15,0.05421710088563661,5.421710088563661e-05,0.0969455689600861,0.0006274536359925303,0.0005732365351068937,1.0358279225612288,1.0097504075237609
2023-09-18,0.07963705026364212,7.963705026364212e-05,0.10604269052145028,-0.006286566896926428,-0.006366203947190069,1.0293161210323434,1.0033221304937063
2023-09-19,0.03449374359430174,3.4493743594301744e-05,0.10045998962985889,0.004684655195733155,0.004650161452138853,1.0341381121467894,1.0079877403890058
2023-09-20,0.051811625883508544,5.181162588350854e-05,0.0968353018993906,-0.004132585522591118,-0.004184397148474627,1.0298644479561718,1.0037699193624248
2023-09-21,0.05655587954478125,5.6555879544781255e-05,0.09895295599646689,-0.001805770251932636,-0.0018623261314774171,1.0280047493725295,1.0019005724116052
2023-09-22,0.07387721843516515,7.387721843516515e-05,0.10064211042847102,-0.02020476614048626,-0.020278643358921426,1.0072341538201484,0.9815833880225712
2023-09-25,0.06202739420748121,6.202739420748121e-05,0.09882368911358227,0.0037339167121504782,0.003671889317942997,1.0109950822601461,0.9851876535797216
2023-09-26,0.010439920762202987,1.0439920762202987e-05,0.10376781801972326,-0.010396153434425223,-0.010406593355187427,1.0004846222635202,0.9749352062903661
2023-09-27,0.06587258569509447,6.587258569509447e-05,0.09875260260443054,-0.010525806938631912,-0.010591679524327007,0.9899537142845043,0.9646090050283549
2023-09-28,0.06948029846111628,6.948029846111629e-05,0.1036242116377716,-0.007326590471968772,-0.0073960707704298885,0.9827007288337373,0.9574746885613712
2023-09-29,0.057072435564263224,5.7072435564263224e-05,0.1055018776052581,0.0012015182809978096,0.0011444458454335463,0.983881461724181,0.958570466490803
2023-10-02,0.06881769452002193,6.881769452002193e-05,0.10828279588250506,-0.005305978153439631,-0.005374795847959653,0.9786610081826983,0.9534183459275315
2023-10-03,0.056834452470878205,5.683445247087821e-05,0.10258929972535853,-0.01056656734423939,-0.010623401796710268,0.9683199207325546,0.9432897997583884
2023-10-04,0.013027553341850434,1.3027553341850434e-05,0.0987827986292833,-0.01199187733406932,-0.01200490488741117,0.956707947022994,0.9319656954310239
2023-10-05,0.006199571048948305,6.199571048948305e-06,0.10034575710640269,0.006590030813888769,0.00658383124283982,0.9630126818737679,0.9381016002938577
2023-10-06,0.0017549765172990284,1.7549765172990284e-06,0.09395485967294138,-0.0023688078125368244,-0.0023705627890541234,0.9607314899093733,0.9358777715478489
2023-10-09,0.03265783068813663,3.2657830688136634e-05,0.10161130395173242,0.00215027022658273,0.0021176123958945936,0.962797322227866,0.9378595979179208
2023-10-10,0.008566755934162507,8.566755934162506e-06,0.10457051172441749,0.017022524674508425,0.01701395791857426,0.9791865634020404,0.9538163016504273
2023-10-11,0.04396667445630692,4.3966674456306924e-05,0.10048424761297477,0.0007255215436811729,0.000681554869224866,0.9798969843490717,0.9544663797951632
2023-10-12,0.0025121771432597972,2.5121771432597973e-06,0.1003269612220829,0.01000499252247461,0.01000248034533135,0.9897008463502796,0.9640134109993439
2023-10-13,0.03426240046424239,3.426240046424239e-05,0.10041717662204301,-0.01110473569608265,-0.011138998096546893,0.9787104800333705,0.9532752674491766
2023-10-16,0.041151670316059374,4.115167031605937e-05,0.09754722071869866,0.01671511470116,0.016673963030843942,0.9950697379663556,0.969170144016842
2023-10-17,0.013043888946840082,1.3043888946840082e-05,0.10121592444243177,-0.003515213143648645,-0.0035282570325954853,0.9915718557446092,0.965750662640433
2023-10-18,0.006388609843430759,6.388609843430759e-06,0.09721872648585665,-0.002585790100327631,-0.002592178710171062,0.9890078590562612,0.9632472643334029
2023-10-19,0.015031196417449655,1.5031196417449654e-05,0.11050790682362303,-0.0011312085437439718,-0.0011462397401614214,0.9878890849162668,0.9621431520394222
2023-10-20,0.05379502324718913,5.379502324718913e-05,0.1016794305317676,-0.004596720244525629,-0.004650515267772819,0.9833480351602863,0.9576686906210798
2023-10-23,0.008037922414178833,8.037922414178833e-06,0.09562773140702543,-0.0013305523614944982,-0.0013385902839086771,0.9820396391099329,0.9563867646166109
2023-10-24,0.021882893450023894,2.1882893450023893e-05,0.10094288424418203,0.0018019332214472448,0.001780050327997221,0.983809208960423,0.9580891811906589
2023-10-25,0.004674988871832236,4.674988871832236e-06,0.1004524043649451,0.006357961882991756,0.006353286894119924,0.9900642304111296,0.9641761966289155
2023-10-26,0.002232999640126493,2.232999640126493e-06,0.10083928166981507,-0.009940062133530972,-0.0099422951331711,0.9802229304446565,0.9545900723216524
2023-10-27,0.00410808916582775,4.1080891658277495e-06,0.10249420875034185,0.0011618180291130906,0.0011577099399472629,0.9813617711177971,0.9556952107369542
2023-10-30,0.011911476403074744,1.1911476403074745e-05,0.09777480902333692,0.001370304093152897,0.0013583926167498222,0.9827065351696237,0.9569934200550824
2023-10-31,0.01086858759840914,1.086858759840914e-05,0.10419939120879143,0.0004951456787304438,0.00048427709113203467,0.9831931180639732,0.9574568700447791
2023-11-01,0.019684617172013752,1.968461717201375e-05,0.09386779857569368,-0.0013176836147310354,-0.001337368231903049,0.981897580602184,0.9561763976433639
2023-11-02,0.03062248405843926,3.062248405843926e-05,0.10132930594478728,0.00780682745707018,0.007776204973011741,0.9895630855944599,0.9636118213017947
2023-11-03,0.006551094806901081,6.551094806901081e-06,0.09666524966850469,0.01412361251901173,0.01411706142420483,1.0035392911785137,0.9772151885722019
2023-11-06,0.01700129037524331,1.7001290375243312e-05,0.10242687151301409,0.0065101068053211265,0.0064931055149458836,1.010072439147422,0.983560349902409
2023-11-07,0.012079568933130502,1.2079568933130502e-05,0.09370038746688997,-0.005025702018656526,-0.0050377815875896565,1.0049961160510097,0.9786053876813875
2023-11-08,0.0334639424117531,3.34639424117531e-05,0.09683069914297857,0.004093496151895447,0.004060032209483694,1.0091100637847343,0.9825785570757483
2023-11-09,0.017386560108763438,1.738656010876344e-05,0.10230910339999297,0.0018525137938998,0.0018351272337910364,1.0109794540974586,0.9843817137451771
2023-11-10,0.03619714090775508,3.619714090775508e-05,0.1039175464719071,-0.008032804518184654,-0.00806900165909241,1.0028584537707927,0.9764387360637871
2023-11-13,0.026969531236310462,2.6969531236310464e-05,0.0946313057206276,0.0034876791954025084,0.003460709664166198,1.0063561023359429,0.9798179070341492
2023-11-14,0.029486864295954124,2.9486864295954124e-05,0.10489037888570045,0.0010741416828083865,0.0010446548185124324,1.0074370713732106,0.9808414785319971
2023-11-15,0.03513123977505145,3.513123977505145e-05,0.09692616492403724,0.017070912605230543,0.017035781365455492,1.0246349415738922,0.9975508795144384
2023-11-16,0.016624154830859494,1.6624154830859493e-05,0.10132780413590226,-0.004879694257629416,-0.004896318412460275,1.0196350363333275,0.9926665527757059
2023-11-17,0.03368188316912285,3.3681883169122854e-05,0.09955673535636143,0.0086710408992807,0.008637359016111576,1.0284763334357134,1.0012405701753155
2023-11-20,0.002371851138097375,2.371851138097375e-06,0.09811970582631512,0.0019875675144837546,0.0019851956633456574,1.0305204995854658,1.0032282286131933
2023-11-21,0.010254013843976312,1.0254013843976311e-05,0.10177150173710948,0.004349062767484794,0.004338808753640818,1.0350022979213427,1.0075810440333999
2023-11-22,0.047911341063002655,4.791134106300266e-05,0.10103269460428643,0.0024251285751651177,0.002377217234102115,1.0375123115693932,1.0099762830560306
2023-11-24,0.03884222826792316,3.8842228267923164e-05,0.10412225778646367,0.0013051242955119853,0.0012662820672440622,1.0388663940941152,1.0112551979116062
2023-11-27,0.04856248490267412,4.856248490267412e-05,0.09302994012269586,-0.0019421380194993682,-0.0019907005044020425,1.0368487721729647,1.0092420916790443
2023-11-28,0.039016903731028146,3.901690373102815e-05,0.09868754700880845,0.007870997923747559,0.00783198102001653,1.045009806705978,1.0171464565856763
2023-11-29,0.037356273994699124,3.735627399469913e-05,0.09922884605793399,0.0059362953398268605,0.0058989390658321615,1.0512132935516,1.0231465415541023
2023-11-30,0.05403828298602115,5.4038282986021145e-05,0.10479924544297485,0.005062465216513559,0.005008426933527538,1.0565350242853417,1.0282708962497675
2023-12-01,0.03890875906328492,3.890875906328492e-05,0.10162840904071227,-0.004365272767733738,-0.004404181526797023,1.0519229607156722,1.0237422045639613
2023-12-04,0.044699610729043715,4.469961072904371e-05,0.09946375853247767,0.013520803412316136,0.013476103801587092,1.0661458042724103,1.037538260778731
2023-12-05,0.002925882954758874,2.9258829547588738e-06,0.10624688589026021,-0.01109545501976328,-0.011098380902718039,1.0543164314565965,1.0260232659594648
2023-12-06,0.0320807059972914,3.20807059972914e-05,0.09902689570972086,0.0054423235190957445,0.005410242813098453,1.0600543625680818,1.0315743009601939
2023-12-07,0.005046456878177313,5.046456878177313e-06,0.10127010783931992,0.003914596795899252,0.003909550339021075,1.06420404797927,1.0356072926182383
2023-12-08,0.006504089419523684,6.504089419523684e-06,0.09825060697635606,0.0016026841432651847,0.001596180053845661,1.0659096309321652,1.0372603083223326
2023-12-11,0.009117967818565442,9.117967818565442e-06,0.09635643153253377,-0.005466130544399273,-0.005475248512217838,1.0600832297409575,1.031581050362408
2023-12-12,0.019708650665255595,1.9708650665255594e-05,0.10207429694751409,-0.002989823367527691,-0.0030095320181929464,1.0569137681291536,1.0284764741619812
2023-12-13,0.037191820843616746,3.719182084361675e-05,0.09794855612706674,0.0024466458630406137,0.002409454042196997,1.0594996618275374,1.0309545409599554
2023-12-14,0.011107828171580958,1.1107828171580957e-05,0.10031226400830805,0.021365082607471175,0.021353974779299595,1.0821359596250706,1.0529695182262189
2023-12-15,0.0016855335889464362,1.6855335889464364e-06,0.10380638359202204,0.011247005252733994,0.011245319719145047,1.094306748447146,1.0648104971131869
2023-12-18,0.03030844709015021,3.030844709015021e-05,0.09880279745228632,-0.004611465308301045,-0.004641773755391195,1.0892603908400422,1.0598678876932217
2023-12-19,0.04591884400769325,4.591884400769325e-05,0.0996599845713557,0.0011781359252101772,0.001132217081202484,1.0905436876383994,1.061067888219486
2023-12-20,0.001822974221640905,1.822974221640905e-06,0.09876499417156598,0.00652691079866134,0.0065250878244396985,1.0976615690096585,1.0679914493778107
2023-12-21,0.04273131309345729,4.273131309345729e-05,0.10185191756648403,-0.004723042830799531,-0.004765774143892988,1.0924772664055034,1.0629016433424672
2023-12-22,0.009886523474589043,9.886523474589042e-06,0.10520053001699237,0.0037434767114790947,0.003733590188004506,1.0965669296101126,1.0668700824888644
2023-12-26,0.02639074377632697,2.639074377632697e-05,0.09588330069360108,0.0007169900302190408,0.0006905992864427139,1.097353157166111,1.0676068622065584
2023-12-27,0.021787640123874186,2.1787640123874185e-05,0.09927662319012716,0.005211035285284716,0.0051892476451608415,1.1030715031885223,1.0731469386022214
2023-12-28,0.003856369437791829,3.856369437791829e-06,0.09593585145381774,0.008360721739068228,0.008356865369630437,1.1122939770849773,1.0821150830899513
2023-12-29,0.02258409485513352,2.258409485513352e-05,0.10316038899676563,-0.004699791261442045,-0.004722375356297178,1.1070664275713187,1.07700492948889
2024-01-02,0.033611093009818904,3.36110930098189e-05,0.09792443439872908,-0.004544616056187156,-0.004578227149196975,1.1020352357093124,1.0720741562808849
2024-01-03,0.01147670619289709,1.1476706192897091e-05,0.09850947867066143,-0.004964833822527139,-0.004976310528720037,1.096563813897446,1.0667391823694157
2024-01-04,0.008366445256618171,8.366445256618172e-06,0.10184900812601867,-0.005274060091869597,-0.005282426537126215,1.0907804704483812,1.0611042110042752
2024-01-05,0.0335448913062196,3.35448913062196e-05,0.09874714976585261,-0.005819524881657799,-0.005853069772964019,1.0844326463601806,1.0548934940208812
2024-01-08,0.03439085920110738,3.439085920110738e-05,0.10007310345675355,-0.002452198876802374,-0.0024865897360034812,1.0817734018428082,1.052270406686072
2024-01-09,0.00041023326174280395,4.1023326174280397e-07,0.10648285781926206,0.005528258117389392,0.005527847884127649,1.0877537244327218,1.0580871974272017
2024-01-10,0.03514683348423603,3.514683348423603e-05,0.09835117387697741,-0.0025084926568440095,-0.0025436394903282453,1.0850251022025275,1.055395805047615
2024-01-11,0.008818578688098017,8.818578688098016e-06,0.10008322698339857,-4.327244786966422e-05,-5.209102655776224e-05,1.0849781505103553,1.0553408283967054
2024-01-12,0.00044476088811964964,4.4476088811964966e-07,0.09823845479032425,0.002307822574781649,0.0023073778138935296,1.087482087579248,1.057775898410244
2024-01-16,0.03823067749213985,3.823067749213985e-05,0.10162460291910695,0.0032152536650423866,0.0031770229875502467,1.0909786183470052,1.06113647675517
2024-01-17,0.04149943439892961,4.149943439892961e-05,0.09989688521372805,-0.01050205550221533,-0.01054355493661426,1.0795211003453948,1.0499483260172566
2024-01-18,0.0005584668843252039,5.584668843252039e-07,0.09867329412578771,-0.007002684839023268,-0.007003243305907593,1.0719615543026004,1.0425952824315274
2024-01-19,0.007282013919665847,7.282013919665848e-06,0.10193221156480267,0.003926565671883742,0.003919283657964076,1.076170681743304,1.0466815090838317
2024-01-22,0.010404472889148336,1.0404472889148337e-05,0.1001907127043453,0.0069251889757232276,0.006914784502834079,1.0836233670845092,1.0539190861622476
2024-01-23,0.033857910844360184,3.3857910844360186e-05,0.09703443046303792,0.0010520814333198154,0.0010182235224754552,1.0847634271097304,1.0549922113665637
2024-01-24,0.01643598167399829,1.643598167399829e-05,0.09711766909259772,0.00013939956673080165,0.00012296358505680337,1.0849146426614749,1.0551219369910805
2024-01-25,0.04441261141306241,4.441261141306241e-05,0.10390898133911469,-0.004866355747473456,-0.004910768358886518,1.079635062054641,1.0499404775681376
2024-01-26,0.0367379520551713,3.67379520551713e-05,0.09551331158956279,0.005718757130725592,0.005682019178670421,1.0858092327643474,1.055906259498142
2024-01-29,0.062132186980535464,6.213218698053546e-05,0.10053887144263333,-0.0014295255809316754,-0.001491657767912211,1.0842570406900989,1.0543312087239747
2024-01-30,0.05611847278591725,5.6118472785917255e-05,0.10531308417971746,0.00998225137405807,0.009926132901272153,1.0950803670243598,1.0647966404237277
2024-01-31,0.038772859463274856,3.8772859463274856e-05,0.10125683893648497,0.0029010889311739557,0.002862316071710681,1.0982572925558802,1.0678444249607162
2024-02-01,0.03757594057862343,3.757594057862343e-05,0.10137042656551855,-0.003253448448229531,-0.0032910243888081545,1.0946841690716576,1.0643301229147177
2024-02-02,0.039625089943232744,3.962508994323275e-05,0.10189950969580744,0.014192371459107154,0.01415274636916392,1.1102203334295266,1.0793933171973908
2024-02-05,0.030533136072692313,3.053313607269231e-05,0.10110824763689985,-0.007530318033997626,-0.0075608511700703184,1.1018600212309915,1.071232184972093
2024-02-06,0.00578647659513537,5.786476595135371e-06,0.09691734031263972,-0.01031546199242725,-0.010321248469022385,1.090493826061008,1.0601757314229823
2024-02-07,0.01660739375156489,1.660739375156489e-05,0.10098567337174458,0.006411851812257021,0.006395244418505456,1.0974859108758925,1.066955814352
2024-02-08,0.03660242564983124,3.660242564983124e-05,0.09774873273188808,0.001468362791741252,0.0014317603660914207,1.0990974183518831,1.0684834393993599
2024-02-09,0.012359643372007623,1.2359643372007623e-05,0.10083983932140117,-0.002095947767657474,-0.0021083074110294815,1.0967937675714505,1.066230747845512
2024-02-12,0.04630483477154507,4.630483477154507e-05,0.10008022726597277,0.0003498823281512956,0.00030357749337975054,1.0971775163283504,1.0665544315033073
2024-02-13,0.04493414299663573,4.493414299663573e-05,0.09844550602900334,-0.0006578334875947691,-0.0007027676305914048,1.0964557562162736,1.065804891572583
2024-02-14,0.04267604643183162,4.267604643183162e-05,0.09947805182341501,-0.01664095875763387,-0.016683634804065702,1.0782096811975084,1.0480233919891992
2024-02-15,0.03909187845807888,3.909187845807888e-05,0.09845484756931665,0.004796346860981653,0.0047572549825235745,1.0833811488174,1.0530091064925413
2024-02-16,0.0406888743826779,4.06888743826779e-05,0.09782922863699765,0.0072118064026134325,0.0071711175282307546,1.091194283922912,1.0605603585534966
2024-02-20,0.04970851570865764,4.970851570865764e-05,0.10340664765371599,-0.002553507126269668,-0.0026032156419783254,1.0884079115427703,1.057799491238848
2024-02-21,0.06208201569342034,6.208201569342034e-05,0.0974696229031388,0.0002263314610548012,0.00016424944536138085,1.0886542524956135,1.0579732342185875
2024-02-22,0.0496384100682086,4.96384100682086e-05,0.0996537286448668,-0.0023806759361602457,-0.002430314346228454,1.0860625195138986,1.0554020266895403
2024-02-23,0.043129731185646586,4.312973118564659e-05,0.102406833154626,0.010632549461951354,0.010589419730765708,1.0976101329714016,1.0665781217348567
2024-02-26,0.055286649013957606,5.5286649013957606e-05,0.09681366183922675,0.007579823182558786,0.007524536533544828,1.1059298237027098,1.0746036277777302
2024-02-27,0.039627482956697435,3.962748295669743e-05,0.10569132123964683,-0.00350990057529679,-0.0035495280582534877,1.1020481199782577,1.0707892920494322
2024-02-28,0.0501141661163948,5.01141661163948e-05,0.10410526908140694,-0.002446931607532025,-0.00249704577364842,1.0993514836004616,1.0681154821732521
2024-02-29,0.02631133073948766,2.631133073948766e-05,0.09344106190991136,0.0025687595688018323,0.0025424482380623447,1.1021754532434367,1.0708311104989505
2024-03-01,0.03760019813628396,3.7600198136283956e-05,0.10015014183177501,0.006089025226314776,0.006051425028178492,1.108886627382061,1.077311164681976
2024-03-04,0.05577186567622794,5.577186567622794e-05,0.10122328568591929,0.012540850759656837,0.012485078893980608,1.1227930090854388,1.0907614795663965
2024-03-05,0.04426328699974896,4.4263286999748964e-05,0.10043526270661236,0.004336479967563108,0.004292216680563359,1.1276619784770576,1.0954432641835075
2024-03-06,0.03515634317130972,3.515634317130972e-05,0.10550331542370531,0.004751544713270328,0.0047163883700990184,1.133020114789246,1.1006098000548057
2024-03-07,0.0514422618969238,5.1442261896923805e-05,0.09613428063924447,0.006861479942917281,0.006810037681020357,1.140794309581794,1.1081049942652792
2024-03-08,0.021564011421316642,2.1564011421316643e-05,0.10363904995444402,0.005440876528236074,0.005419312516814757,1.1470012305643429,1.114110161530646
2024-03-11,0.037453908959583226,3.745390895958323e-05,0.11038971794941657,-0.00013420523351560587,-0.0001716591424751891,1.1468472969963524,1.1139189143356947
2024-03-12,0.046240766285402135,4.6240766285402134e-05,0.09528996467254758,0.00014250876768849156,9.626800140308943e-05,1.147010732791374,1.114026149083303
2024-03-13,0.02439444103936586,2.439444103936586e-05,0.09761296802643882,-0.003588982101195689,-0.0036133765422350548,1.1428941318015065,1.110000753128769
2024-03-14,0.012665356683395468,1.2665356683395467e-05,0.09503249707499581,3.113035967314208e-06,-9.552320716081259e-06,1.1428976896720455,1.10999015004558
2024-03-15,0.04519125704960894,4.519125704960894e-05,0.10729542156082592,-0.0081443313940279,-0.008189522651077509,1.1335895521378876,1.1008998605693088
2024-03-18,0.03480295056720989,3.480295056720989e-05,0.09652185286814398,-0.004294118895362794,-0.0043289218459300035,1.1287217838224664,1.096134151112709
2024-03-19,0.04147423820695323,4.147423820695323e-05,0.09815330710928373,0.001264784041765838,0.001223309803558885,1.1301493731222385,1.0974750627657808
2024-03-20,0.05840814136677547,5.840814136677547e-05,0.10125825198533345,0.002538929647569952,0.002480521506203177,1.1330187428718412,1.100197373261493
2024-03-21,0.032442278216827686,3.244227821682769e-05,0.10016737068816095,0.007503587090290698,0.00747114481207387,1.1415204476839118,1.1084171071589928
2024-03-22,0.035178885936816395,3.5178885936816395e-05,0.10280870025788238,0.0016186858420481,0.0015835069561112836,1.1433682106709862,1.1101722933584517
2024-03-25,0.031031545295973934,3.103154529597393e-05,0.09635426742554809,-0.00010021419296740773,-0.00013124573826338166,1.1432536289484891,1.1100265879762103
2024-03-26,0.020284988954180017,2.0284988954180017e-05,0.10027834928537376,-0.0018551299191427535,-0.0018754149080969335,1.1411327449362583,1.1079448275647357
2024-03-27,0.03240275309594376,3.240275309594376e-05,0.09537600887994215,0.0014926290593284411,0.0014602263062324973,1.1428360328319014,1.1095626777477998
2024-03-28,0.05778770051895532,5.7787700518955324e-05,0.1117272892594939,0.010028995696796893,0.009971207996277938,1.154297530487317,1.1206263579925302
2024-04-01,0.0809699085352742,8.09699085352742e-05,0.10115296953188777,0.004205048627563844,0.00412407871902857,1.159151407733693,1.1252479093075098
2024-04-02,0.006059065537422942,6.059065537422942e-06,0.10067313104249942,-0.005081423724575107,-0.00508748279011253,1.1532612682700605,1.1195232299342979
2024-04-03,0.0035137743036690594,3.5137743036690597e-06,0.09303819635535938,0.0010375094359747377,0.0010339956616710686,1.1544577877180349,1.12068081209719
2024-04-04,0.039060224111266834,3.906022411126683e-05,0.10342934475800121,0.0035993949704149074,0.0035603347463036405,1.1586131372727035,1.1246708109320154
2024-04-05,0.027089381811241625,2.7089381811241624e-05,0.10201790214875497,-0.004128669546135202,-0.0041557589279464435,1.1538296064970937,1.1199969501684839
2024-04-08,0.049178828096664684,4.917882809666469e-05,0.10694212714802345,0.0043739026952914605,0.004324723867194796,1.1588763449228583,1.1248406277100629
2024-04-09,0.03480216335880687,3.480216335880687e-05,0.10002397787450765,0.0020582106868198024,0.0020234085234609954,1.1612615566006812,1.1271166398237067
2024-04-10,0.00012017669004976694,1.2017669004976694e-07,0.1002634508149866,0.005247624385583685,0.005247504208893635,1.1673554210631398,1.1330311891350955
2024-04-11,0.0013169414103441912,1.3169414103441913e-06,0.09969963918337092,-0.013970211660947196,-0.013971528602357541,1.1510472187473335,1.1172010114687314
2024-04-12,0.038698209692556024,3.8698209692556025e-05,0.10665978998028697,0.007044257539724833,0.007005559330032277,1.1591554917965738,1.1250276294381476
2024-04-15,0.03165337024692805,3.165337024692805e-05,0.09900717005291075,-0.006460246417631344,-0.006491899787878272,1.1516670616832174,1.1177240628092409
2024-04-16,0.004766149330653557,4.766149330653558e-06,0.10281334198553414,-0.003524083723874605,-0.0035288498732052587,1.147608490535817,1.113779782391918
2024-04-17,0.013136081313936177,1.3136081313936176e-05,0.09874857492391623,-0.0024136006431820845,-0.0024267367244960206,1.1448386219449387,1.1110769320909863
2024-04-18,0.03450499009480329,3.450499009480329e-05,0.09933582541693206,0.0003880829743385034,0.00035357798424370015,1.1452829143224807,1.1114697844329746
2024-04-19,0.0032069135426393836,3.2069135426393836e-06,0.1007655408125423,-0.001549899204946183,-0.0015531061184888223,1.143507841244134,1.1097435539102563
2024-04-22,0.0036682701220189795,3.6682701220189794e-06,0.09944982308655011,-0.00022841705907500193,-0.00023208532919702092,1.1432466445460079,1.1094859987122228
2024-04-23,0.0026508875618378447,2.6508875618378447e-06,0.10288006752034227,-0.005284086656545687,-0.005286737544107525,1.1372056302064217,1.103620437428169
2024-04-24,0.03853793431260455,3.853793431260455e-05,0.09778852997275908,0.0024840592131213112,0.0024455212788087066,1.1400305163293494,1.1063193646916278
2024-04-25,0.010664265672891637,1.0664265672891638e-05,0.09900721499736737,-0.0033301229651861884,-0.00334078723085908,1.1362340745259079,1.1026233870848139
2024-04-26,0.0048354651978931296,4.83546519789313e-06,0.10391178937787171,-0.0016855425507447458,-0.001690378015942639,1.1343189036456884,1.1007595367514216
2024-04-29,0.018335539520396738,1.833553952039674e-05,0.09315061393221168,0.00538374550889011,0.005365409969369714,1.14042578794884,1.1066655629437863
2024-04-30,0.03446546600580164,3.446546600580164e-05,0.09752547720141909,0.0034966621184657964,0.0034621966524599947,1.1444134716004821,1.110497056751203
2024-05-01,0.012767500523288261,1.2767500523288262e-05,0.09797117818513279,-0.015046628353605061,-0.01505939585412835,1.1271939074104507,1.0937736419787423
2024-05-02,0.01068464260877977,1.0684642608779771e-05,0.10546704703474669,0.003779174740854512,0.003768490098245732,1.1314537701533813,1.0978955171182614
2024-05-03,0.02729933814127461,2.729933814127461e-05,0.09681937603946442,0.0032059864163419883,0.0031786870782007136,1.1350811955712121,1.1013853834117397
2024-05-06,0.01640398465862805,1.6403984658628053e-05,0.10155817111666092,0.007250226839871428,0.0072338228552128,1.143310791720776,1.109352610170661
2024-05-07,0.00791292968340751,7.912929683407511e-06,0.09222521856445078,0.008044564955184262,0.008036652025500855,1.1525082296487372,1.1182680910721836
2024-05-08,0.04281152050616249,4.281152050616249e-05,0.105912080586306,0.0011605543530450603,0.0011177428325388978,1.1538457780915763,1.1195180272158365
2024-05-09,0.04824244568078459,4.824244568078459e-05,0.10013096931095616,-0.003169012111271765,-0.0032172545569525497,1.1501892268462643,1.1159162527411859
2024-05-10,0.05354322636073999,5.354322636073999e-05,0.09815208883505785,0.009086448968020841,0.0090329057416601,1.1606403625595703,1.1259962190677835
2024-05-13,0.009958833210911566,9.958833210911567e-06,0.09876221245076233,0.0010934554664895869,0.0010834966332786754,1.1619094711086395,1.127216232180228
2024-05-14,0.0067543361217244635,6.754336121724464e-06,0.10675519789294799,-0.0028853089255893695,-0.002892063261711094,1.158557003340923,1.123956251527135
2024-05-15,0.031214318912680256,3.121431891268026e-05,0.09773309496117837,0.006244998119102448,0.006213783800189768,1.16579218964766,1.1309402726749962
2024-05-16,0.011995230029893805,1.1995230029893806e-05,0.09824833224356126,0.013647805545660058,0.013635810315630164,1.1817026947586207,1.1463615597114996
2024-05-17,0.009434128812917691,9.434128812917692e-06,0.10105179411496627,-0.0023363020329521915,-0.0023457361617651093,1.178941880350511,1.1436724979464268
2024-05-20,0.005605789346579071,5.605789346579071e-06,0.09830000856003422,0.0027031516815984114,0.0026975458922518323,1.1821287390768873,1.1467576069953436
2024-05-21,0.00921720435363979,9.21720435363979e-06,0.10141768323474826,0.0004545130988419765,0.0004452958944883367,1.1826660320733153,1.1472682534497118
2024-05-22,0.007579106327643054,7.579106327643054e-06,0.09625875474545552,0.0025259290880983113,0.0025183499817706683,1.1856533626052352,1.150157476434873
2024-05-23,0.020778526007076192,2.0778526007076193e-05,0.1075032929698468,-0.006349938620711409,-0.006370717146718485,1.178124536527252,1.142830148478323
2024-05-24,0.038764009718310455,3.8764009718310456e-05,0.0926675786579857,-0.010917272141321781,-0.01095603615104009,1.1652626303456153,1.1303092600570959
2024-05-28,0.04087863515150014,4.0878635151500145e-05,0.10419215505076802,0.004089915746674448,0.004049037111522948,1.1700284563264771,1.1348859241985652
2024-05-29,0.03703935380483611,3.703935380483611e-05,0.10144444599800594,-0.0025743996771628213,-0.0026114390309676574,1.167016335446239,1.1319222388004173
2024-05-30,0.007638485411054163,7.638485411054163e-06,0.10135359741251651,-0.010306785035849393,-0.010314423521260448,1.15498814894347,1.1202471134362966
2024-05-31,0.04134675386621997,4.134675386621997e-05,0.10262501551094474,0.001880249625436855,0.001838902871570635,1.157159814977905,1.1223071390700632
2024-06-03,0.01335974253100966,1.335974253100966e-05,0.09285603250513719,0.0036061673128985608,0.0035928075703675513,1.161332726878478,1.1263393726555917
2024-06-04,0.03915575125720905,3.915575125720905e-05,0.10082696286047192,0.008265112474077156,0.008225956722819948,1.1709312724859555,1.1356045915902648
2024-06-05,0.004495369670471622,4.495369670471622e-06,0.10519302863043833,0.0017830760126847658,0.001778580643014294,1.1730191319504275,1.1376243559349855
2024-06-06,0.026835714538782002,2.6835714538782e-05,0.10597064532918149,0.010550450614610787,0.010523614900072005,1.185395012372064,1.1495962765577876
2024-06-07,0.029115760696720117,2.9115760696720117e-05,0.09445752728763922,0.0017386668091478508,0.0017095510484511306,1.1874560193358048,1.1515615700776725
2024-06-10,0.02861368940176781,2.8613689401767812e-05,0.10050235768085884,-0.019004739719053153,-0.019033353408454922,1.1648887267605048,1.1296434917427889
2024-06-11,0.0025805191831999863,2.5805191831999865e-06,0.10178071988821437,0.00156998911065192,0.00156740859146872,1.1667175893766402,1.1314141046570434
2024-06-12,0.008987194401160747,8.987194401160748e-06,0.09595196095679465,0.005387477657734605,0.005378490463333445,1.1730032543222926,1.137499404629022
2024-06-13,0.021292142525849544,2.1292142525849543e-05,0.10172085427463283,0.00651619376639588,0.00649490162387003,1.1806467708160695,1.1448873513592983
2024-06-14,0.008898335334304563,8.898335334304563e-06,0.09828905253177866,0.0033645949755514333,0.003355696640217129,1.1846191690090582,1.1487292459976817
2024-06-17,0.009001112711994469,9.00111271199447e-06,0.10101336472429077,0.0076019216993635065,0.0075929205866515125,1.19362455117543,1.1574514559381062
2024-06-18,0.005277721499484356,5.277721499484356e-06,0.10036571562259006,-0.002655802466489027,-0.0026610801879885116,1.1904545201483565,1.154371384800151
2024-06-20,0.0018977491880431963,1.8977491880431963e-06,0.09670886106501633,0.005534949621847618,0.005533051872659575,1.1970436259444783,1.1607585815525638
2024-06-21,0.017659371752954067,1.7659371752954068e-05,0.0971003939532128,0.0006902142737156184,0.0006725549019626643,1.1978698425413654,1.1615392554265822
2024-06-24,0.016023118243129686,1.6023118243129686e-05,0.10080173754192388,-0.007105734219763407,-0.007121757338006536,1.1893580978103966,1.1532670547108652
2024-06-25,0.0380534067557515,3.80534067557515e-05,0.1056294852408498,0.0016300174085321748,0.0015919640017764232,1.1912967722148062,1.1551030143463998
2024-06-26,0.04748574140325462,4.748574140325462e-05,0.10016283332980568,0.00031637679878853043,0.00026889105738527584,1.1916736708740068,1.1554136112173166
2024-06-27,0.0008522626325702387,8.522626325702387e-07,0.09978395901565791,-0.008034522491166549,-0.00803537475379912,1.1820991419632385,1.1461294298555451
2024-06-28,0.0011331973747386037,1.1331973747386036e-06,0.09274492763779105,0.005748387256875951,0.005747254059501212,1.188894305607264,1.152716526873996
2024-07-01,0.04103184014441966,4.103184014441966e-05,0.10595769502263029,-0.00905775201490292,-0.00909878385504734,1.1781255958151433,1.1422282083498287
2024-07-02,0.031799845586526904,3.1799845586526904e-05,0.10228430961555084,-0.006308488510398453,-0.00634028835598498,1.170693404030137,1.1349861521405507
2024-07-03,0.01192045117252985,1.192045117252985e-05,0.10055135609972599,0.005179552815274994,0.005167632364102464,1.1767570723468053,1.1408513433131604
2024-07-05,0.0028614224271515387,2.861422427151539e-06,0.0990045414073473,0.010030595782126278,0.010027734359699126,1.1885606468732743,1.1522914975278107
2024-07-08,0.005218165827810789,5.218165827810789e-06,0.09988382750662597,0.00948597741057414,0.00948075924474633,1.1998353063206117,1.1632160957956401
2024-07-09,0.0006096812110553407,6.096812110553407e-07,0.09540027366856677,-0.0029044393582473194,-0.0029050490394583748,1.1963504574335193,1.1598368959938663
2024-07-10,0.02530357435842706,2.5303574358427062e-05,0.1000330592355419,-0.0008168558236461131,-0.0008421593980045402,1.1953732115952431,1.1588601284517526
2024-07-11,0.036137118059130724,3.6137118059130726e-05,0.10464148816012908,0.006164270724664789,0.006128133606605658,1.2027418156885281,1.1659617781502731
2024-07-12,0.02436303051909966,2.436303051909966e-05,0.0989857107916901,0.006284362222190644,0.0062599991916715446,1.21030028091809,1.1732606979390139
2024-07-15,0.005378527098478886,5.378527098478886e-06,0.10031459071480951,0.0035469391200823068,0.003541560592983828,1.2145931423315253,1.1774158717921315
2024-07-16,0.0016629659270780972,1.6629659270780972e-06,0.10018385348938785,-0.0018662883091443187,-0.0018679512750713967,1.2123263613496251,1.175216516313128
2024-07-17,0.046170826389017705,4.617082638901771e-05,0.1007329783259202,0.013599128121334346,0.013552957294945328,1.2288129428624897,1.1911441755710344
2024-07-18,0.003892255996516547,3.892255996516547e-06,0.09586282999877425,-0.006817856175619336,-0.006821748431615852,1.2204350729513136,1.1830184896595042
2024-07-19,0.02291729655984237,2.291729655984237e-05,0.10273422415711028,-0.00811043397629568,-0.008133351272855522,1.2105368148697864,1.1733965847208205
2024-07-22,0.04665274136409564,4.665274136409564e-05,0.10288910280216475,-0.010744629987759562,-0.010791282729123658,1.1975300447074495,1.16073413042171
2024-07-23,0.028549633992692947,2.8549633992692946e-05,0.10399557994221298,0.0026643422716506097,0.0026357926376579166,1.2007206746271353,1.1637935848969538
2024-07-24,0.020162840017010325,2.0162840017010325e-05,0.09394567953054718,0.00014212707323654332,0.000121964233219533,1.2008913295423946,1.1639355260891615
2024-07-25,0.03252074404050448,3.252074404050448e-05,0.10810458775065403,-0.013427391741435677,-0.013459912485476181,1.1847664912217353,1.1482690557692647
2024-07-26,0.03594546512814331,3.594546512814331e-05,0.10195897550355779,-0.004861795109681471,-0.004897740574809614,1.179006399288599,1.1426451318240254
2024-07-29,0.009629815913685474,9.629815913685475e-06,0.0992639330304924,0.009733586951449658,0.009723957135535971,1.1904823605923902,1.1537561641070109
2024-07-30,0.057428956192237424,5.742895619223742e-05,0.10121921620375518,0.0015977826639854698,0.0015403537077932324,1.1923844926699252,1.1555333566922823
2024-07-31,0.006073157346332569,6.0731573463325695e-06,0.10433974051679976,0.003250954864634951,0.003244881707288618,1.1962608808368858,1.1592829257435748
2024-08-01,0.020717999474333115,2.0717999474333115e-05,0.09545716081491262,0.013992448498103409,0.013971730498629075,1.2129994996022917,1.1754801143537263
2024-08-02,0.02271971635604572,2.271971635604572e-05,0.1069217348276011,-0.00363028907895284,-0.0036530087953088857,1.2085959607661103,1.1711860751572816
2024-08-05,0.032376097754098776,3.237609775409878e-05,0.09499707828430624,0.004226814635310217,0.0041944385375561185,1.2137044718612533,1.1760985431655704
2024-08-06,0.02463332314632738,2.463332314632738e-05,0.1027563294786718,-0.011277782237235742,-0.011302415560382069,1.2000165771272429,1.1628057886907532
2024-08-07,0.013207537246695877,1.3207537246695877e-05,0.10606040125453109,-0.007669595285358438,-0.007682802822605134,1.1908129356449557,1.1538721810952584
2024-08-08,0.043307447327086884,4.330744732708688e-05,0.10476592129281506,-0.004128348304988882,-0.004171655752315969,1.185896845080527,1.149058623573555
2024-08-09,0.020875457331694172,2.087545733169417e-05,0.09899953060546157,0.009130665572737189,0.009109790115405495,1.1967248725767214,1.1595263064646069
2024-08-12,0.03268392707130978,3.268392707130978e-05,0.09229041068436733,0.005041144734395379,0.005008460807324069,1.2027577358666317,1.165333748525596
2024-08-13,0.040568382768149225,4.056838276814922e-05,0.10133874289062546,0.007976833090258416,0.007936264707490266,1.2123519335736568,1.174582145626467
2024-08-14,0.05177754623466557,5.1777546234665575e-05,0.10227349530368449,0.006291747106049996,0.006239969559815331,1.2199797453432328,1.1819115024606788
2024-08-15,0.010646467697826623,1.0646467697826623e-05,0.09778000739540173,-0.00010473290741203052,-0.00011537937510985715,1.2198519733175193,1.1817751342500897
2024-08-16,0.02935840726910957,2.9358407269109573e-05,0.1029539666326365,0.0029535531480131935,0.002924194740744084,1.2234548709534212,1.185230874882406
2024-08-19,0.041307804471758525,4.1307804471758526e-05,0.09628272202170181,0.008800800722321402,0.008759492917849642,1.234222253465436,1.1956128963369552
2024-08-20,0.02815359402438683,2.8153594024386832e-05,0.09749503495201037,0.004050084692219049,0.004021931098194663,1.2392209581209925,1.2004215690261353
2024-08-21,0.012628557814119173,1.2628557814119173e-05,0.09881247857703966,0.0036735587705520258,0.0036609302127379065,1.2437733091403498,1.2048162286162054
2024-08-22,0.006058732052650728,6.058732052650729e-06,0.10414797445415429,0.0008710364851857881,0.0008649777531331374,1.2448566810719113,1.205858367850572
2024-08-23,0.020320085845441316,2.0320085845441316e-05,0.10444916390807298,-0.009791520356679463,-0.009811840442524904,1.232667641538047,1.1940266779489388
2024-08-26,0.04116804733103133,4.116804733103133e-05,0.10041208233820648,0.008971190509681802,0.008930022462350772,1.2437261377854052,1.2046893630036688
2024-08-27,0.0019450881106062023,1.9450881106062025e-06,0.09177172999970785,-0.0004326185366837307,-0.00043456362479433693,1.2431880788036411,1.2041658488273308
2024-08-28,0.04232089986351831,4.232089986351831e-05,0.10045741446453031,0.0007674698546424723,0.0007251489547789539,1.2441421881777739,1.2050390484339886
2024-08-29,0.002341931871831432,2.341931871831432e-06,0.10325217855549712,-0.004743114755257193,-0.004745456687129025,1.2382410790073899,1.199320587823346
2024-08-30,0.01612647772972095,1.612647772972095e-05,0.09803410981911403,0.0006993389173538011,0.0006832124396240801,1.2391070291830057,1.2001399785680442
2024-09-03,0.009943680995476573,9.943680995476572e-06,0.10710542287120094,-0.00363434488712754,-0.003644288568123017,1.2346036868868906,1.1957663221640014
2024-09-04,0.033555707422936065,3.355570742293607e-05,0.09481924828418413,-0.0028057388838379636,-0.0028392945912608996,1.2311397113164624,1.1923711893130693
2024-09-05,0.025803150830392113,2.5803150830392115e-05,0.10458386472775627,0.004143299803301527,0.004117496652471135,1.2362406922401965,1.197280773693569
2024-09-06,0.02182966484610588,2.182966484610588e-05,0.09549879826044735,0.004045810026676811,0.004023980361830705,1.2412422872282478,1.2020986080145093
2024-09-09,0.022446356001306483,2.2446356001306483e-05,0.11250945206096237,-0.0075779238907694,-0.007600370246770707,1.2318362476456277,1.1929622135204714
2024-09-10,0.05544554364312551,5.5445543643125514e-05,0.0916799827663476,0.005536951614289933,0.0054815060706468076,1.23865686534557,1.199501443135936
2024-09-11,0.044354814694726935,4.435481469472694e-05,0.09624821648879524,0.005105312485768112,0.005060957671073386,1.244980595705801,1.2055720691660385
2024-09-12,0.019006166699673782,1.9006166699673783e-05,0.10786138117362282,0.0018871623380793414,0.0018681561713796676,1.2473300761976567,1.207824266067094
2024-09-13,0.0369223760210389,3.69223760210389e-05,0.0878818148225287,0.00720032721919057,0.007163404843169531,1.2563112608966176,1.2164764002643365
2024-09-16,0.06476335730930016,6.476335730930017e-05,0.10485557085689805,0.006675618285460771,0.006610854928151471,1.2646979153220894,1.2245183492700038
2024-09-17,0.03695449967461453,3.6954499674614536e-05,0.0997639432078937,0.003687760104960723,0.003650805605286108,1.2693618178390413,1.2289888277232945
2024-09-18,0.0012052049861637493,1.2052049861637493e-06,0.09654209421534808,-0.0036538769281792755,-0.003655082133165439,1.2647237259793276,1.2244967726172231
2024-09-19,0.018286932402431094,1.8286932402431093e-05,0.10317030547272593,-0.008498023332128164,-0.008516310264530595,1.2539760742472592,1.2140685781836984
2024-09-20,0.016250775748845286,1.6250775748845286e-05,0.1016464221063749,0.009463729735634713,0.009447478959885867,1.2658433649088876,1.2255384655319475
2024-09-23,0.008302752256043017,8.302752256043017e-06,0.09284872145730583,0.0017907657206351296,0.0017824629683790866,1.2681101938144599,1.2277229424630824
2024-09-24,0.03884084386897935,3.884084386897935e-05,0.09973530988712784,0.0007202444080072989,0.0006814035641383196,1.2690235430902916,1.228559517251851
2024-09-25,0.0462440756569904,4.6244075656990404e-05,0.10001349776854367,0.00568095298443772,0.00563470890878073,1.2762328061747321,1.2354820925086774
2024-09-26,0.04521066986175429,4.521066986175429e-05,0.10137900416723533,-0.004360029729341123,-0.004405240399202877,1.2706683931982499,1.2300394968822663
2024-09-27,0.03268110105930952,3.268110105930952e-05,0.09631306178325645,0.004039711776378304,0.004007030675318994,1.2758015272701246,1.2349683028781275
2024-09-30,0.020711008126733543,2.0711008126733545e-05,0.10950030377484928,-0.0012480528011022797,-0.0012687638092290132,1.2742092596003645,1.2334014197898908
2024-10-01,0.04925050791303082,4.925050791303082e-05,0.09617275158080707,-0.003162204669990527,-0.003211455177903558,1.270179949129111,1.229440406413873
2024-10-02,0.020394807367831197,2.03948073678312e-05,0.10086872807991408,0.0021297946999804768,0.0021093998926126453,1.2728851716527878,1.2320337878751362
2024-10-03,0.004589446063198305,4.589446063198305e-06,0.10119948626694994,-0.003083831559962908,-0.0030884210060261063,1.268959808188236,1.2282287488445287
2024-10-04,0.006261716240616971,6.261716240616971e-06,0.0981152843228852,-0.004464685226481022,-0.0044709469427216385,1.26329430207962,1.2227374032749194
2024-10-07,0.010027837306945342,1.0027837306945342e-05,0.10173850068217989,-0.0025293620862280636,-0.002539389923535009,1.2600989733681918,1.2196323962339137
2024-10-08,0.00909182292153296,9.091822921532961e-06,0.09349005703508258,-0.007009179298995069,-0.007018271121916602,1.2512667137293745,1.2110726854080713
2024-10-09,0.03641563287004257,3.641563287004257e-05,0.10155261441919228,0.0013252393133643848,0.0012888236804943422,1.252924941569913,1.2126335445638252
2024-10-10,0.03241181695436604,3.241181695436604e-05,0.10168197573226201,-0.0016370264364955539,-0.00166943825344992,1.2508738703176185,1.2106091277371138
2024-10-11,0.009072058406666278,9.072058406666279e-06,0.09674813129847532,0.000614853157417127,0.0006057810990104608,1.2516429740663138,1.2113424918649867
2024-10-14,0.0181291118688906,1.81291118688906e-05,0.10371822556250088,0.00473730170900968,0.00471917259714079,1.2575723844664282,1.217059026158348
2024-10-15,0.043203225999027095,4.3203225999027096e-05,0.10119990917851253,0.002158622288377957,0.00211541906237893,1.2602870082447861,1.2196336160223238
2024-10-16,0.006437014226709198,6.437014226709198e-06,0.1010739410484933,0.003607063877791366,0.003600626863564657,1.2648329439878756,1.2240250615838804
2024-10-17,0.005700032554676188,5.700032554676188e-06,0.1021409522760089,0.004802211738879211,0.004796511706324535,1.2709069395992154,1.229896112120602
2024-10-18,0.011125101389524966,1.1125101389524966e-05,0.09831356008206135,-0.003692435804016799,-0.003703560905406324,1.266214197311866,1.225341116962041
2024-10-21,0.042388835203507974,4.238883520350797e-05,0.09994353049958779,0.005741339098505902,0.005698950263302394,1.2734839623899759,1.232324275043187
2024-10-22,0.04499619468111973,4.499619468111974e-05,0.10130799091858565,-0.007096879903693035,-0.0071418760983741544,1.264446199649615,1.22352316775781
2024-10-23,0.006897425719026629,6.897425719026629e-06,0.09449800644328932,0.003993229486277655,0.003986332060558629,1.2694954234978677,1.2284005373882791
2024-10-24,0.030702923765722173,3.070292376572217e-05,0.1061402979424537,-0.008875915698600556,-0.008906618622366278,1.2582274891391414,1.217459642286252
2024-10-25,0.028886184892923467,2.888618489292347e-05,0.09855326441284161,0.005978832688501446,0.005949946503608522,1.2657502207807776,1.2247034620281576
2024-10-28,0.007767793436573495,7.767793436573495e-06,0.10004003132531691,-0.001507016602551526,-0.0015147843959880994,1.2638427141833777,1.2228483003341648
2024-10-29,0.0002148496513044995,2.148496513044995e-07,0.09940776486108842,-0.00010611733676330827,-0.00010633218641461276,1.2637085985604608,1.2227182722007368
2024-10-30,0.038082393960914174,3.8082393960914176e-05,0.10043767239484694,0.005454500217942917,0.005416417823982003,1.2706014973867252,1.2293410252439934
2024-10-31,0.0023567180754397454,2.3567180754397455e-06,0.09808131041314593,0.0022819319794499106,0.002279575261374471,1.2735009235767487,1.2321434006329324
2024-11-01,0.010533602759590949,1.0533602759590948e-05,0.1011290679930821,-0.012305031223279387,-0.012315564826038978,1.2578304549492616,1.2169688587074614
2024-11-04,0.037431164072981166,3.743116407298117e-05,0.10822948841265398,-0.006675166727428423,-0.006712597891501404,1.2494342269476382,1.208799836112479
2024-11-05,0.04966907192307374,4.966907192307374e-05,0.09326807418239413,0.00433589928185183,0.004286230209928756,1.2548516479149816,1.2139810304877812
2024-11-06,0.036894685066823474,3.6894685066823476e-05,0.1017856415330044,0.007097305619932578,0.007060410934865755,1.2637577135679103,1.2225522354301568
2024-11-07,0.03298099498704596,3.298099498704596e-05,0.11016199160953048,-0.010699434536710276,-0.010732415531697322,1.2502362206413278,1.209431296830315
2024-11-08,0.043429744399743814,4.342974439974381e-05,0.09516607619404631,0.011743245545662086,0.011699815801262342,1.2649180515703995,1.2235814202275115
2024-11-11,0.025093240149787588,2.5093240149787587e-05,0.1002448710418624,0.0027352737287248247,0.002710180488575037,1.2683779486858497,1.226897546718795
2024-11-12,0.034771978189701624,3.4771978189701626e-05,0.10145019779635023,-0.010254013838831793,-0.010288785817021496,1.255371983647156,1.2142742606411763
2024-11-13,0.007419703793942994,7.419703793942994e-06,0.09500186998215779,-0.008773778876781465,-0.008781198580575408,1.2443576274545294,1.2036114772272049
2024-11-14,0.026917500051752197,2.6917500051752196e-05,0.10430537003552212,-0.006782526512626974,-0.0068094440126787266,1.2359177388551295,1.1954155522600087
2024-11-15,0.022229566263255146,2.2229566263255148e-05,0.09475946249111995,-0.0016127390304025563,-0.0016349685966658115,1.2339245260793108,1.1934610853720977
2024-11-18,0.028554446765600205,2.8554446765600207e-05,0.10178236738560108,-0.006388655844891406,-0.006417210291657006,1.2260414069436192,1.1858023946123557
2024-11-19,0.03188362432394784,3.188362432394784e-05,0.09987901033812702,0.008979030075638836,0.008947146451314888,1.2370500696105446,1.1964119422992723
2024-11-20,0.03580965993996127,3.580965993996127e-05,0.09930071524288567,0.006401449613383119,0.006365639953443157,1.2449689833003885,1.204027869959949
2024-11-21,0.003769528333431943,3.769528333431943e-06,0.09307624980391631,0.001199000354831699,0.001195230826498267,1.24646170155312,1.205466961186088
2024-11-22,0.04009917746782657,4.009917746782657e-05,0.10473604354193461,0.0051964695738257495,0.005156370396357923,1.25293890186018,1.2116827953385356
2024-11-25,0.03421399118081134,3.4213991180811336e-05,0.10092080011431724,0.006553275932274809,0.006519061941093998,1.261149756210351,1.2195818305343054
2024-11-26,0.03628965671119225,3.6289656711192246e-05,0.10722803853190332,-0.0002816867412870412,-0.00031797639799823347,1.2607945070452493,1.219194032296768
2024-11-27,0.03648172710681333,3.648172710681333e-05,0.09296359052333346,0.001172832261859013,0.0011363505347521997,1.2622732075186864,1.220579464087335
2024-11-29,0.03859194949635125,3.859194949635125e-05,0.10372188199650949,0.002198518826807105,0.002159926877310754,1.2650483389299902,1.2232158264777109
2024-12-02,0.0196805768721674,1.96805768721674e-05,0.09833451059289446,0.008825922770725494,0.008806242193853326,1.2762135578706209,1.233987761301028
2024-12-03,0.008955939246044708,8.95593924604471e-06,0.0988436584442565,-0.003147945869637394,-0.0031569018088834387,1.2721961066723468,1.2300921831052367
2024-12-04,0.0419956683156838,4.19956683156838e-05,0.10360984355694322,-0.0021806299805587504,-0.0022226256488744344,1.269421917700987,1.2273581486685872
2024-12-05,0.01911159612463889,1.911159612463889e-05,0.10086294890155834,0.006870923226697125,0.006851811630572486,1.278144018239797,1.2357677755065124
2024-12-06,0.004529622373167702,4.529622373167702e-06,0.10227675273438296,-0.0027474817828874033,-0.002752011405260571,1.2746323408337765,1.232366928494065
2024-12-09,0.011684653894438735,1.1684653894438735e-05,0.09455849691917736,0.0012115761956692944,0.0011998915417748557,1.2761766550361608,1.233845635147928
2024-12-10,0.029533730346767095,2.9533730346767096e-05,0.10135587664055562,-0.0009003018032454242,-0.0009298355335921913,1.275027710892372,1.2326983616334
2024-12-11,0.04469123677312395,4.469123677312395e-05,0.09896759211697331,0.003181719448453519,0.003137028211680395,1.2790844913574355,1.2365653711703362
2024-12-12,0.04846853595416967,4.8468535954169667e-05,0.09294181266034408,0.0032457023607392593,0.0031972338247850895,1.2832360189106193,1.2405189598015998
2024-12-13,0.04143836518200508,4.1438365182005084e-05,0.10216225891978666,-0.012701782197910854,-0.01274322056309286,1.2669366344899025,1.2247107530841495
2024-12-16,0.051338004151680855,5.133800415168086e-05,0.0986571425406665,-0.008883327929000633,-0.008934665933152314,1.2556820209004642,1.2137683716406031
2024-12-17,0.04907585330593489,4.907585330593489e-05,0.09838448117191641,0.0037220157457426295,0.0036729398924366945,1.2603556891539018,1.21822646991298
2024-12-18,0.04334217053183251,4.334217053183251e-05,0.0990866291452494,-0.0020397920473615894,-0.002083134217893422,1.2577848256423187,1.2156887406683607
2024-12-19,0.0459944307003185,4.59944307003185e-05,0.10261350072692046,-0.026496054758602422,-0.026542049189302742,1.2244584900275608,1.1834218703146597
2024-12-20,0.05794116063177046,5.7941160631770465e-05,0.102401612232112,-0.005315720950239982,-0.005373662110871752,1.217949610379422,1.1770625610489729
2024-12-23,0.05138680811719459,5.1386808117194594e-05,0.10541648810805508,0.009186357006135742,0.009134970198018547,1.2291381303158513,1.1878149924653587
2024-12-24,0.04393434420876488,4.393434420876488e-05,0.09769983866393538,-0.0035704010125862523,-0.0036143353567950173,1.2247496142907632,1.18352183074076
2024-12-26,0.0516051473650829,5.1605147365082896e-05,0.10235759585060439,0.006178177486502273,0.006126572339137191,1.2323163347843766,1.1907727628517415
2024-12-27,0.03231675336290668,3.231675336290668e-05,0.10234328660412444,0.002520873460341911,0.0024885567069790043,1.2354228483274803,1.193736068397224
2024-12-30,0.012488169260861104,1.2488169260861105e-05,0.09472868872077321,-0.008945816566153175,-0.008958304735414035,1.2243709821447082,1.1830422169228667
2024-12-31,0.029655858695608606,2.9655858695608607e-05,0.10006961237240865,-0.0017810317458095135,-0.001810687604505122,1.2221903385568607,1.1809000970450783
