date,turnover,cost,port_sigma,gross_ret,net_ret,cum_gross,cum_net
2020-01-02,0.0,0.0,0.0,0.0,0.0,1.0,1.0
2020-01-03,0.7486973525404309,0.0007486973525404309,0.08493298279143598,0.013905397400934598,0.013156700048394167,1.0139053974009347,1.013156700048394
2020-01-06,0.0013026474595690674,1.3026474595690674e-06,0.0899321758326796,0.010431588330112901,0.010430285682653332,1.0244820411123008,1.023724213871193
2020-01-07,0.0,0.0,0.08580940143713858,0.0042739877319253996,0.0042739877319253996,1.0288606647875926,1.0280995986021535
2020-01-08,0.0,0.0,0.08330099114056207,-0.00190813531949165,-0.00190813531949165,1.0268974594142757,1.0261378454461056
2020-01-09,0.0,0.0,0.08506474886814161,-0.004423626432481851,-0.004423626432481851,1.0223548486693623,1.0215985949496202
2020-01-10,0.0,0.0,0.0892595057963016,0.0022971064625001997,0.0022971064625001997,1.024703306599209,1.02394531568416
2020-01-13,0.012381351887928216,1.2381351887928215e-05,0.08117749346241866,0.005769713651308365,0.005757332299420437,1.0306155512558353,1.0298405091229887
2020-01-14,0.012381351887928216,1.2381351887928215e-05,0.08752329261402361,-0.0018158708366946999,-0.001828252188582628,1.0287440865324657,1.0279577009582936
2020-01-15,0.0,0.0,0.0881291864253835,0.0013566034731818,0.0013566034731818,1.0301396843332709,1.0293522319456976
2020-01-16,0.0,0.0,0.08577573229066598,0.00734213917185785,0.00734213917185785,1.0377031132620993,1.0369098792895053
2020-01-17,0.0,0.0,0.09277344582368384,0.0017788106126701497,0.0017788106126701497,1.0395489905727708,1.038754345587168
2020-01-21,0.0007738297394949134,7.738297394949134e-07,0.08769556065636273,-0.001803501921708233,-0.001804275751447728,1.037674161970563,1.0368801463097141
2020-01-22,0.012065512310922843,1.2065512310922843e-05,0.0803400000881592,0.0045225167546221415,0.004510451242311218,1.0423670607539133,1.0415569436537648
2020-01-23,0.012839342050417757,1.2839342050417757e-05,0.07843803286671587,0.0019842674275138998,0.001971428085463482,1.0444353957600807,1.0436102982650934
2020-01-24,0.0,0.0,0.07853492376006994,0.00518469221613215,0.00518469221613215,1.0498504718267307,1.0490210964551838
2020-01-27,0.0,0.0,0.07998333076335344,0.0024758509464864998,0.0024758509464864998,1.0524497451110721,1.0516183163297266
2020-01-28,0.0,0.0,0.0803183813021652,0.003038839852256851,0.003038839852256851,1.0556479713390132,1.0548140159787527
2020-01-29,0.0,0.0,0.0893657330860101,-0.00320220979941745,-0.00320220979941745,1.0522675650604563,1.0514362802002226
2020-01-30,0.0,0.0,0.0881715132568337,0.00715429970890865,0.00715429970890865,1.0597958025948624,1.058958570473595
2020-01-31,0.0,0.0,0.08987117724832583,0.0017228945713039109,0.0017228945713039109,1.0616217190298438,1.0607830444458999
2020-02-03,0.0,0.0,0.08061495828938944,-0.0017303297470237494,-0.0017303297470237494,1.05978476338932,1.0589475399889567
2020-02-04,0.0,0.0,0.08181925124932396,-0.000793145302303,-0.000793145302303,1.0589442000827856,1.0581076407222292
2020-02-05,0.0,0.0,0.08859779836429346,-0.005763273031160999,-0.005763273031160999,1.052841215532944,1.0520094774923894
2020-02-06,0.0,0.0,0.09209770762619449,0.0008577251252394995,0.0008577251252394995,1.0537442638963943,1.0529118124532246
2020-02-07,0.0,0.0,0.09323718209491319,0.0066148684101351996,0.0066148684101351996,1.0607146435400039,1.0598766855400796
2020-02-10,0.005906375751704912,5.906375751704912e-06,0.08808820154326152,0.004703176071672929,0.004697269695921224,1.0657033712703743,1.0648552121764805
2020-02-11,0.005906375751704912,5.906375751704912e-06,0.08724667042357548,0.00638564386820015,0.006379737492448445,1.0725085734684472,1.0716487088976319
2020-02-12,0.0,0.0,0.08455987597554765,-0.00338472536817215,-0.00338472536817215,1.0688784264922464,1.068021472326857
2020-02-13,0.0,0.0,0.08426310728901469,0.00026507449972014993,0.00026507449972014993,1.0691617589064104,1.0683045775843245
2020-02-14,0.0,0.0,0.08326361540312792,0.0042193386342012,0.0042193386342012,1.0736729144219745,1.07281211636162
2020-02-18,0.0,0.0,0.08228464376783799,0.00506923346391295,0.00506923346391295,1.0791156130890593,1.0782504514423714
2020-02-19,0.0,0.0,0.09084947853455186,0.008491226139051102,0.008491226139051102,1.0882786277899792,1.0874061198601024
2020-02-20,0.008743363141437893,8.743363141437894e-06,0.08246247280079717,0.005174317375172397,0.005165574012030959,1.0939097268027815,1.093023196653375
2020-02-21,0.008743363141437893,8.743363141437894e-06,0.09128524524806843,0.00388127057618885,0.0038725272130474124,1.098155486438428,1.097255958726907
2020-02-24,0.019738564973396683,1.9738564973396683e-05,0.08409901732433377,0.007338205964088395,0.0073184673991149975,1.1062139775785067,1.1052861906893345
2020-02-25,0.019738564973396683,1.9738564973396683e-05,0.08875467311640554,-0.004982363743270851,-0.005002102308244248,1.10070241716432,1.0997574360836169
2020-02-26,0.0011540717383498877,1.1540717383498878e-06,0.09285685084512316,-0.021677142045763653,-0.021678296117502004,1.0768423345173337,1.0759165687267713
2020-02-27,0.0011540717383498877,1.1540717383498878e-06,0.08976253951398656,-0.00231718524987935,-0.0023183393216177,1.0743470913433444,1.073422229038712
2020-02-28,0.0,0.0,0.10516809996381983,-0.0174832285978965,-0.0174832285978965,1.0555640355519034,1.0546553428263648
2020-03-02,0.04473031145805714,4.473031145805715e-05,0.10343525835513394,-0.009793661827194336,-0.009838392138652393,1.0452261983507596,1.044279229992514
2020-03-03,0.05681705368648074,5.681705368648074e-05,0.09964212886086661,0.012967726758715412,0.012910909705028931,1.0587804060920232,1.0577618248377845
2020-03-04,0.0068848379110152125,6.884837911015212e-06,0.11259172731203661,0.013041722020450923,0.013034837182539907,1.0725887258289755,1.0715495780024513
2020-03-05,0.1229610928540189,0.0001229610928540189,0.09069104239013774,0.012884904761238603,0.012761943668384583,1.08640892940926,1.0852246333548
2020-03-06,0.11745966022923943,0.00011745966022923943,0.10079970569693607,0.01086644598597044,0.0107489863257412,1.0982143333593617,1.0968896980990883
2020-03-09,0.014817015141572853,1.4817015141572853e-05,0.10677209842318482,0.017465594605791578,0.017450777590650005,1.1173952996960859,1.1160312762620908
2020-03-10,0.041517489486712855,4.1517489486712857e-05,0.11506188926422331,-0.015564048848157312,-0.015605566337644025,1.1000041046689146,1.0986149761454973
2020-03-11,0.08335240762962709,8.335240762962709e-05,0.10601806558425664,-0.00791414046943096,-0.007997492877060586,1.0912985176676142,1.0898288106991416
2020-03-12,0.03838564057815938,3.8385640578159384e-05,0.09787697637167277,-0.02720131609807989,-0.02723970173865805,1.0616137617311714,1.0601421989495006
2020-03-13,0.010990746514086713,1.0990746514086714e-05,0.10394245556954616,-0.04407387945280593,-0.04408487019932002,1.0148243247711919,1.0134059677159901
2020-03-16,0.019635691446702463,1.9635691446702463e-05,0.11575363487877406,0.002537725977132842,0.0025180902856861394,1.01739967082239,1.015957815438752
2020-03-17,0.06778374029412858,6.778374029412858e-05,0.0980073921626318,-0.014699284061901307,-0.014767067802195435,1.0024446240564868,1.0009550974939978
2020-03-18,0.04795773106708953,4.795773106708953e-05,0.10342450258593738,2.751581585613798e-05,-2.044191521095155e-05,1.0024722071381682,1.0009346360547648
2020-03-19,0.048096704109584595,4.80967041095846e-05,0.11346056584480503,-0.03520834982182448,-0.03525644652593407,0.967176814982591,0.9656452375827448
2020-03-20,0.06030689783029125,6.0306897830291255e-05,0.10002858887340195,0.0021272395748830465,0.002066932677052755,0.9692342317793313,0.967641161278745
2020-03-23,0.06567829598557164,6.567829598557164e-05,0.10145918407881035,0.010255141943054786,0.010189463647069213,0.979173866402296,0.9775009057150026
2020-03-24,0.014301641557184441,1.4301641557184442e-05,0.09936024089591707,0.018390970313341266,0.018376668671784082,0.9971818239109003,0.9954641159856961
2020-03-25,0.046736272484921904,4.67362724849219e-05,0.09755706806330997,0.03411114142699601,0.03406440515451109,1.0311968341347548,1.0293740089494101
2020-03-26,0.06726514126274517,6.726514126274518e-05,0.09327029067677159,-0.0009689310459090448,-0.00103619618717179,1.0301976755077187,1.028307375526163
2020-03-27,0.064838334325382,6.4838334325382e-05,0.09045568637365808,0.01934262346670946,0.019277785132384078,1.050124401241344,1.048130864161602
2020-03-30,0.045988579674126256,4.598857967412626e-05,0.08594436954919489,-0.005242290046243238,-0.005288278625917364,1.0446193445453993,1.0425880561154919
2020-03-31,0.07898171289993605,7.898171289993606e-05,0.09569855371114817,0.011314471066149563,0.011235489353249627,1.0564386598943982,1.0543020431198027
2020-04-01,0.028554486090154707,2.8554486090154708e-05,0.09576711466778326,-0.022972534302328373,-0.023001088788418528,1.0321695865416682,1.030051948216193
2020-04-02,0.034120105798475686,3.4120105798475685e-05,0.09679533481938563,-0.007599314929148713,-0.007633435034947188,1.0243258047932489,1.022189113586864
2020-04-03,0.02217536719852231,2.217536719852231e-05,0.09919533786680644,0.018532049024006046,0.018509873656807525,1.0433086608242317,1.0411097049327207
2020-04-06,0.015688872274946336,1.5688872274946337e-05,0.09621414602045118,-0.002338691999542436,-0.0023543808718173827,1.0408686832061087,1.0386585361579637
2020-04-07,0.048053596469635,4.8053596469635004e-05,0.10006757271632336,0.036087832596600714,0.03603977900013108,1.078431378000695,1.0760915602576961
2020-04-08,0.01302844621754029,1.302844621754029e-05,0.10226757548757691,-0.007202002508341826,-0.007215030954559366,1.0706645125112595,1.0683275263404968
2020-04-09,0.014707392373314587,1.4707392373314588e-05,0.09324870398774594,0.0033553844547627716,0.003340677062389457,1.0742570035728058,1.0718964636028616
2020-04-13,0.01722039495279204,1.722039495279204e-05,0.0982776609588516,0.01914245254937724,0.019125232154424448,1.0948209172895345,1.092396732314773
2020-04-14,0.038122228761630184,3.812222876163018e-05,0.1026652804728602,0.0008945408991593131,0.0008564186703976829,1.0958002793773052,1.0933322812718087
2020-04-15,0.04227796706141357,4.227796706141357e-05,0.09950211056545015,0.013921603496695597,0.013879325529634183,1.1110555763783643,1.1085069959156377
2020-04-16,0.033833019848565266,3.383301984856527e-05,0.10419401507369375,0.003251024175969047,0.003217191156120482,1.1146676449180157,1.1120732748193953
2020-04-17,0.027103734770460103,2.7103734770460104e-05,0.10332805044728272,0.006397614298426275,0.006370510563655815,1.1217988585811365,1.1191577493641915
2020-04-20,0.07687542256749416,7.687542256749416e-05,0.10416965376940543,-0.0046657325183757335,-0.004742607940943228,1.1165648451675776,1.1138500229348887
2020-04-21,0.06513843673141403,6.513843673141404e-05,0.09407344955075508,0.001448815463623432,0.001383677026892018,1.1181825415813946,1.1153912316230268
2020-04-22,0.0767621912056477,7.67621912056477e-05,0.09595156353730806,-0.007288743783456392,-0.00736550597466204,1.1100323955326739,1.1071758108424217
2020-04-23,0.05445696088579144,5.445696088579144e-05,0.09165260101257651,0.012668302805042208,0.012613845844156417,1.1240946220426882,1.1211415558427669
2020-04-24,0.060872604302680294,6.087260430268029e-05,0.09877646499140671,0.007299057740401134,0.007238185136098454,1.132299453594652,1.1292565859877304
2020-04-27,0.045107368034112166,4.5107368034112165e-05,0.0955686834810716,0.0044445206893135416,0.00439941332127943,1.137331981942652,1.1342246524552673
2020-04-28,0.0065833220935007375,6.583322093500738e-06,0.08969270319749896,-0.007080767935899802,-0.0070873512579933025,1.129278798112439,1.1261860039378413
2020-04-29,0.013478374308913965,1.3478374308913965e-05,0.09777278901062669,0.0015477720792787739,0.00153429370496986,1.1310266643058788,1.1279139040343082
2020-04-30,0.004807758764582892,4.807758764582892e-06,0.10009604999691268,0.010796423055192173,0.01079161529642759,1.143237706660428,1.1400859169741382
2020-05-01,0.008408548180631525,8.408548180631525e-06,0.10826112482563237,-0.018677238457677575,-0.018685647005858206,1.1218851833993229,1.1187826739732094
2020-05-04,0.05231205192868171,5.2312051928681715e-05,0.0935909411859007,-0.004001031956207663,-0.004053344008136344,1.1173964849293463,1.1142478629252532
2020-05-05,0.0427329436308162,4.27329436308162e-05,0.11081666143530788,0.0004237755566099447,0.0003810426129791285,1.1178700102467012,1.1146724388424487
2020-05-06,0.06566062898510469,6.566062898510469e-05,0.09939323032177153,0.0020246991672399203,0.0019590385382548155,1.1201333607255302,1.1168561251076716
2020-05-07,0.010804806787868132,1.0804806787868133e-05,0.10060644306828538,-0.015513015972315407,-0.015523820779103276,1.1027567140094718,1.0995182507854564
2020-05-08,0.016616050924101178,1.6616050924101177e-05,0.10169130720141101,0.018412006025934145,0.018395389975010043,1.1230606772729534,1.1197443177932958
2020-05-11,0.02141845917679805,2.141845917679805e-05,0.1025438779524014,-0.0025444931182235617,-0.00256591157740036,1.1202030571082848,1.1168711528845416
2020-05-12,0.01864738723642187,1.864738723642187e-05,0.10014033446066559,-0.005801211499341868,-0.00581985888657829,1.1137045222517903,1.1103711203802635
2020-05-13,0.013459174325570644,1.3459174325570644e-05,0.09536511950296894,-0.0011567973676434398,-0.0011702565419690104,1.112416191792117,1.109071701312625
2020-05-14,0.056985084943286524,5.6985084943286526e-05,0.10436887894046641,0.0013663951038639076,0.001309410018920621,1.1139361918300406,1.110523930910025
2020-05-15,0.08525936331533737,8.525936331533737e-05,0.09790783943060756,0.012224583750370752,0.012139324387055415,1.1275535980996358,1.1240049411469297
2020-05-18,0.08406932944474024,8.406932944474024e-05,0.09469642896250363,0.0032319466197639783,0.003147877290319238,1.1311977911396165,1.127543170775373
2020-05-19,0.03943963396209915,3.943963396209915e-05,0.10279520674906036,-0.004157560831461067,-0.004197000465423166,1.1264947675105392,1.122810871562844
2020-05-20,0.03429321664124518,3.4293216641245184e-05,0.09787151391345832,0.0022412840759774098,0.0022069908593361645,1.1290195622946324,1.1252889048931463
2020-05-21,0.041413099847222495,4.1413099847222495e-05,0.097844856285609,0.008647357966848424,0.0086059448670012,1.1387825986013687,1.134973079168105
2020-05-22,0.010495401282288763,1.0495401282288763e-05,0.09550869039136782,-0.008581892527695905,-0.008592387928978193,1.1290096887277614,1.1252209501829458
2020-05-26,0.007923042327979857,7.923042327979856e-06,0.09617584672798236,0.006664081423119077,0.006656158380791097,1.1365335012209337,1.1327105990407478
2020-05-27,0.0061475313518266905,6.1475313518266905e-06,0.09591520011687599,-0.009141145432614838,-0.009147292963966665,1.1261442831972341,1.1223493633479318
2020-05-28,0.025694080578724965,2.5694080578724965e-05,0.09843060754234306,0.00633353598259018,0.006307841902011455,1.133276758536452,1.129428965690754
2020-05-29,0.003783835673568714,3.7838356735687142e-06,0.09698501015639806,-0.0009921219316077336,-0.0009959057672813024,1.1321524098097266,1.128304160870088
2020-06-01,0.005550353782473427,5.5503537824734276e-06,0.09861694447603082,0.009114809134990971,0.009109258781208497,1.1424717629368626,1.1385821754553678
2020-06-02,0.014997626199573622,1.4997626199573622e-05,0.09460650626233336,-7.0462488657941265e-06,-2.2043875065367747e-05,1.1424637127964987,1.1385570766921405
2020-06-03,0.007659990413203754,7.659990413203755e-06,0.09629611313103617,-0.0017701794462767458,-0.0017778394366899496,1.1404413470139894,1.1365329050202748
2020-06-04,0.006129934027159001,6.129934027159001e-06,0.10040891993471113,-0.01055174431672233,-0.010557874250749489,1.1284077015120793,1.1245335335272317
2020-06-05,0.008811346682326693,8.811346682326693e-06,0.10496424454099902,-0.003095290460453674,-0.0031041018071360006,1.1249149519180865,1.1210428669536248
2020-06-08,0.030207295267886708,3.020729526788671e-05,0.09737037534968009,-0.00423926203797639,-0.0042694693332442765,1.120146142666468,1.1162566088119141
2020-06-09,0.01635429569668534,1.635429569668534e-05,0.10988226114828191,0.011800929004694332,0.011784574708997646,1.1333649077709573,1.1294112182128706
2020-06-10,0.06482957597469169,6.482957597469169e-05,0.0967854634422547,0.007050161775793865,0.006985332199819174,1.1413553137217503,1.13730053076229
2020-06-11,0.08726594314907055,8.726594314907055e-05,0.10657993274400464,0.011421204043447633,0.011333938100298563,1.1543909656458395,1.1501906245793867
2020-06-12,0.10241208590849152,0.00010241208590849152,0.10363606173046906,-0.01332579124658859,-0.013428203332497082,1.1390077926206952,1.1347456310014028
2020-06-15,0.06778772703450076,6.778772703450075e-05,0.10037483027247807,0.0008677982909866663,0.0008000105639521655,1.1399962216365518,1.1356534394936024
2020-06-16,0.057795133668860105,5.7795133668860104e-05,0.10033677128539131,0.0024607815034378513,0.0024029863697689912,1.142801503252744,1.1383823992294868
2020-06-17,0.046401878406902186,4.640187840690219e-05,0.09578919243931712,0.00036685764935655654,0.00032045577094965436,1.1432207487259085,1.1387472004388675
2020-06-18,0.05095143176708347,5.095143176708347e-05,0.09701572859094704,0.0011811157567429658,0.0011301643249758823,1.1445710247656642,1.1400341718999696
2020-06-19,0.06641256277356286,6.641256277356286e-05,0.10035009885999553,0.004492884828578001,0.004426472265804438,1.1497134505580637,1.1450805015439542
2020-06-22,0.03186569841106243,3.186569841106243e-05,0.10623585443224294,0.002003216049709032,0.0019713503512979696,1.152016574994788,1.1473378563929373
2020-06-23,0.0881455327847589,8.81455327847589e-05,0.10026511046332201,0.0052217810130665634,0.005133635480281805,1.1580321532728337,1.1532278707203865
2020-06-24,0.06866446637265,6.866446637265e-05,0.09456600966515226,0.0018577607973507032,0.0017890963309780531,1.1601835000092555,1.155291106472674
2020-06-25,0.0343328277508389,3.43328277508389e-05,0.09966264348013276,-0.0056773800523841605,-0.0057117128801349995,1.1535966973491978,1.1486924153795288
2020-06-26,0.033970224355589385,3.3970224355589386e-05,0.09259317794736613,0.004906805354552852,0.0048728351301972625,1.1592571718007454,1.1542898041349812
2020-06-29,0.0506149722042388,5.06149722042388e-05,0.09858762350970421,-0.0021692311821522575,-0.002219846154356496,1.1567424749955415,1.1517274583522592
2020-06-30,0.004976825049781253,4.9768250497812524e-06,0.09686868613198615,0.004555148002974493,0.004550171177924712,1.1620116081704732,1.1569680154380781
2020-07-01,0.04620565088465081,4.620565088465081e-05,0.10105435363668154,0.005607808837144372,0.005561603186259721,1.1685279471356358,1.1634026124391392
2020-07-02,0.05292431477023243,5.292431477023243e-05,0.10120417937969836,-0.0011573946839461633,-0.0012103189987163958,1.1671754991015786,1.1619945241541478
2020-07-06,0.035221793372477245,3.5221793372477246e-05,0.0883065893766441,0.003692093526412256,0.0036568717330397785,1.1714848202059984,1.1662437890834743
2020-07-07,0.0535038535827696,5.3503853582769604e-05,0.09104409353715145,0.007954760709819956,0.007901256856237186,1.1808037016259236,1.175458580818014
2020-07-08,0.009100794399600903,9.100794399600903e-06,0.09269678207630049,0.005183914563771978,0.005174813769372378,1.1869248871317382,1.1815413600673579
2020-07-09,0.006488313017854769,6.488313017854769e-06,0.09231103870713847,0.004824548370940238,0.004818060057922384,1.1926512636623778,1.1872340973010818
2020-07-10,0.0038983088375119934,3.8983088375119935e-06,0.10006699664206382,0.0037941562555055715,0.0037902579466680595,1.197176368915039,1.1917340207729323
2020-07-13,0.016143704733391218,1.614370473339122e-05,0.09837614333940178,0.0007749698690035626,0.0007588261642701713,1.1981041445288312,1.1926383397287457
2020-07-14,0.005641772953354995,5.641772953354995e-06,0.0989295951213141,-0.0017358179272072322,-0.0017414597001605872,1.1960244538760967,1.1905614081232416
2020-07-15,0.02108319164851552,2.108319164851552e-05,0.09215216852053826,0.008433954529099093,0.008412871337450577,1.206111669735778,1.2005774480691163
2020-07-16,0.017330436110524677,1.733043611052468e-05,0.09326365793188987,0.002246035733698481,0.002228705297587956,1.2088206396448353,1.2032531813877927
2020-07-17,0.008124592100437283,8.124592100437284e-06,0.09246434033312269,-0.0038207237100880975,-0.0038288483021885348,1.2042020699657003,1.198646107487133
2020-07-20,0.011606745756272796,1.1606745756272796e-05,0.09240742458510448,0.004386054484852466,0.004374447739096193,1.209483765855342,1.2038895222420065
2020-07-21,0.01991614006062495,1.991614006062495e-05,0.09404128282302407,0.007656511653108099,0.007636595513047475,1.2187441924028584,1.2130831395657646
2020-07-22,0.010599487699579913,1.0599487699579912e-05,0.09654323489738115,0.00730600967105007,0.007295410183350491,1.2276483492590897,1.2219330786554035
2020-07-23,0.010799279799247469,1.079927979924747e-05,0.09142664877115553,0.011631197535430569,0.011620398255631322,1.2419273697133675,1.236132427671109
2020-07-24,0.001789262400424485,1.789262400424485e-06,0.09582820822763166,0.004669136218035921,0.004667346955635496,1.2477260977754663,1.241901886594162
2020-07-27,0.009619292465776808,9.619292465776808e-06,0.09251182125579382,0.0013888012468437439,0.001379181954377967,1.2494589413357762,1.2436146952652607
2020-07-28,0.007652468109477395,7.652468109477395e-06,0.09401864976686763,0.011240792669782868,0.01123314020167339,1.263503850244738,1.2575843934940367
2020-07-29,0.0036783777783699345,3.6783777783699347e-06,0.09458002869970417,0.00464709742017818,0.0046434190423998096,1.2693754757275955,1.2634238848142119
2020-07-30,0.01732325815348229,1.732325815348229e-05,0.10058079194453458,0.008986645106118768,0.008969321847965285,1.28078290263437,1.2747559402675173
2020-07-31,0.022659799359453447,2.2659799359453447e-05,0.09087676797475659,-0.0019136316648883343,-0.0019362914642477877,1.2783319559160413,1.2722876412213782
2020-08-03,0.02323449288230353,2.3234492882303532e-05,0.09700878568459663,0.008137478338455349,0.008114243845573046,1.2887343545166634,1.2826112933839573
2020-08-04,0.014618510772452603,1.4618510772452604e-05,0.08999105810387532,0.0007477958482576237,0.0007331773374851711,1.289698064716478,1.283551674917069
2020-08-05,0.014618510772452603,1.4618510772452604e-05,0.09836300625743401,0.0171984100738023,0.017183791563029845,1.311878820904861,1.3056079593592216
2020-08-06,0.014893127176699023,1.4893127176699023e-05,0.0946390436708943,0.003104612877445922,0.003089719750269223,1.3159516967858909,1.3096419220573625
2020-08-07,0.0071768937495790275,7.176893749579027e-06,0.09399108822273863,0.012606888583841482,0.012599711690091903,1.3325417532089878,1.3261430326925432
2020-08-10,0.014388198572190175,1.4388198572190175e-05,0.09626844697064278,-0.010778011141129258,-0.010792399339701449,1.3181796033468813,1.3118307675021625
2020-08-11,0.000964237130741924,9.64237130741924e-07,0.09341088797055191,-0.0024426166004994955,-0.0024435808376302376,1.3149597959653063,1.3086252029764807
2020-08-12,0.005165350693063647,5.165350693063647e-06,0.09526586491044398,-0.036517268577147675,-0.03652243392784074,1.26694105592789,1.260831025464465
2020-08-13,0.010873078707391903,1.0873078707391903e-05,0.10170105948317353,1.4734479038348673e-05,3.8614003309567704e-06,1.2669597236443215,1.2608358940378042
2020-08-14,0.024946396960218636,2.4946396960218638e-05,0.09930819232228809,0.004229098781375967,0.004204152384415748,1.2723178214676383,1.2661366402680803
2020-08-17,0.012867029725318363,1.2867029725318363e-05,0.09630228694470334,-0.0037750422800379353,-0.0037879093097632536,1.2675147678979521,1.2613406295009764
2020-08-18,0.0052235630461293925,5.223563046129393e-06,0.09202248795607021,0.011724160793783193,0.011718937230737064,1.2823753148452826,1.2761222011646767
2020-08-19,0.019392313914754183,1.9392313914754183e-05,0.10143011820391323,0.008702062218836631,0.008682669904921878,1.2935346246229666,1.2872023489957318
2020-08-20,0.015814880130888387,1.5814880130888388e-05,0.10134773972008534,-0.018727684311534723,-0.01874349919166561,1.2693097165269882,1.2630756728078203
2020-08-21,0.019622379139391632,1.9622379139391634e-05,0.09268620177219206,0.008684632300262118,0.008665009921122726,1.280333204690175,1.2740202360438289
2020-08-24,0.02278948483790727,2.278948483790727e-05,0.0942588173391125,0.0013200034175583476,0.0012972139327204403,1.2820232488959795,1.2756729128445927
2020-08-25,0.005079759700671704,5.079759700671705e-06,0.09360958347031974,0.0017451256415281333,0.0017400458818274615,1.284260540540663,1.277892642243147
2020-08-26,0.026891538594398967,2.6891538594398966e-05,0.09720069105940189,-0.0014981329188379004,-0.0015250244574322993,1.2823365475485144,1.2759438247097534
2020-08-27,0.024380290084997674,2.4380290084997676e-05,0.09636272252428794,0.008267068624079065,0.008242688333994068,1.2929377117862626,1.2864610319885204
2020-08-28,0.0021458614003186105,2.1458614003186104e-06,0.09955209001974649,-0.012682595973409268,-0.012684741834809587,1.2765399051688933,1.2701426059172032
2020-08-31,0.01102534779203082,1.1025347792030822e-05,0.0964526525317447,0.010167377774709987,0.010156352426917956,1.2895189686292379,1.2830426218553421
2020-09-01,0.02550944147067885,2.550944147067885e-05,0.09618959931661678,0.0026579144896023057,0.0026324050481316267,1.2929463997805746,1.2864201097300823
2020-09-02,0.023895092866321355,2.3895092866321354e-05,0.09702647356749206,0.010318430519365153,0.010294535426498832,1.3062875773719738,1.2996632071230592
2020-09-03,0.012732612995504627,1.2732612995504628e-05,0.0935781634528072,0.006595999859842578,0.0065832672468470734,1.3149038500492334,1.3082192373464447
2020-09-04,0.004568828149738968,4.568828149738968e-06,0.09772790010150566,-0.01944202408475931,-0.01944659291290905,1.2893394577274335,1.282778830396932
2020-09-08,0.003408421714311105,3.408421714311105e-06,0.099560150898429,-0.012496139716510413,-0.012499548138224724,1.2732276917216618,1.26674467465569
2020-09-09,0.006188851644175375,6.188851644175375e-06,0.0982249540218505,-0.011057186651987743,-0.01106337550363192,1.259149375483816,1.2527302026527483
2020-09-10,0.008749514318729223,8.749514318729223e-06,0.09160209912303897,0.012246253321776654,0.012237503807457925,1.2745692377059477,1.2680604932774289
2020-09-11,0.03705067918403357,3.705067918403357e-05,0.10085865592784733,-0.007791190294962452,-0.007828240974146486,1.2646388262308754,1.258133810166258
2020-09-14,0.00900527626762701,9.00527626762701e-06,0.1036190548677132,0.0012919957463022997,0.0012829904700346728,1.2662727342149744,1.2597479838547296
2020-09-15,0.02536372773767498,2.536372773767498e-05,0.10378270436986749,0.00985788136174757,0.009832517634009896,1.2787555006004814,1.2721344781203898
2020-09-16,0.06880356017469824,6.880356017469824e-05,0.0937251347715351,-0.00034461203831125933,-0.00041341559848595755,1.2783148260609176,1.271608557883763
2020-09-17,0.03805116715875537,3.805116715875537e-05,0.0974325919543935,-0.0020080383699150684,-0.002046089537073824,1.275747920841356,1.2690067329182235
2020-09-18,0.031194057965255734,3.119405796525574e-05,0.0972206699558828,-0.005049221961131598,-0.005080416019096854,1.269306386422576,1.262559650783964
2020-09-21,0.009661795050030786,9.661795050030786e-06,0.09342599717890074,-0.007799131946755838,-0.007808793741805868,1.2594068984340063,1.2527005828842657
2020-09-22,0.007515995615487242,7.5159956154872426e-06,0.09800242204149404,-0.012672336007468709,-0.012679852003084196,1.2434472710469264,1.2368165248891159
2020-09-23,0.01774415006423949,1.774415006423949e-05,0.10147607473276682,0.001487220567872597,0.0014694764178083575,1.2452965514034926,1.238633997605596
2020-09-24,0.011584519067565524,1.1584519067565524e-05,0.1051852086736007,-0.019494519175725134,-0.0195061036947927,1.221020093902693,1.2144730744084056
2020-09-25,0.029163873112219907,2.916387311221991e-05,0.1037963101406381,0.004647467103714517,0.004618303230602297,1.22669474462208,1.2200818793314252
2020-09-28,0.04757275925810123,4.7572759258101226e-05,0.09828760246066376,0.0045630985840869175,0.004515525824828817,1.232292273674372,1.225591190565952
2020-09-29,0.03254160478864762,3.254160478864762e-05,0.0936541197108364,0.00806907639441233,0.008036534789623684,1.2422357341708945,1.2354406968067915
2020-09-30,0.05069983305879125,5.069983305879125e-05,0.09869093328808952,0.0018467701068610178,0.0017960702738022266,1.2445298579904358,1.2376596351173716
2020-10-01,0.024805050748874458,2.4805050748874457e-05,0.09809494590825421,-0.004646747032171508,-0.004671552082920383,1.23874684256637,1.2318778436709927
2020-10-02,0.035647580316844396,3.5647580316844396e-05,0.09371438083164778,0.006534711437664256,0.006499063857347411,1.2468416957268587,1.239883896441462
2020-10-05,0.018274932699638147,1.8274932699638146e-05,0.0911194627889378,-0.005666400042471621,-0.0056846749751712595,1.2397765918892365,1.2328355594832434
2020-10-06,0.014942454235719133,1.4942454235719132e-05,0.09300292161235,-0.0009602370793901291,-0.0009751795336258482,1.2385861124355446,1.2316333234773091
2020-10-07,0.02231367736230297,2.231367736230297e-05,0.09682615233686213,-0.008690314561925688,-0.00871262823928799,1.2278224095064472,1.2209025602027326
2020-10-08,0.005037498647251476,5.037498647251476e-06,0.09503488591550092,0.0032389877286295057,0.0032339502299822544,1.2317993112237748,1.2248508983180861
2020-10-09,0.012957872379024543,1.2957872379024544e-05,0.09972072148200245,0.008095576249111568,0.008082618376732544,1.2417714364713899,1.2347509006975894
2020-10-12,0.04866455748367979,4.866455748367979e-05,0.09914251726296384,0.012781538112591341,0.012732873555107662,1.2576431854137762,1.2504728277882273
2020-10-13,0.0427740513645124,4.27740513645124e-05,0.09563434802512287,0.00690363305418277,0.006860859002818258,1.2663254924789664,1.2590521455465378
2020-10-14,0.0018072500722375318,1.8072500722375317e-06,0.0954186348480218,-0.0071054031160491474,-0.007107210366121385,1.2573277393787738,1.250103797086222
2020-10-15,0.007949101585810026,7.949101585810025e-06,0.08933920994723701,0.00014402553945699783,0.0001360764378711878,1.257508826684712,1.250273906757899
2020-10-16,0.025892946368241937,2.5892946368241936e-05,0.08940453484308668,0.0003924199019630592,0.0003665269555948173,1.2580022981751975,1.2507321658466026
2020-10-19,0.022354383414183665,2.2354383414183666e-05,0.09964649893498516,-0.0034300394632179,-0.0034523938466320837,1.253687300647638,1.246414145813449
2020-10-20,0.03135232580104491,3.135232580104491e-05,0.09311018450693692,-0.008340550628147814,-0.008371902953948858,1.2432308582447205,1.2359792875442697
2020-10-21,0.006774648453191562,6.774648453191562e-06,0.09884625406836701,-0.0005738269961150545,-0.0005806016445682461,1.2425174588158563,1.2352616759372692
2020-10-22,0.006026618609872664,6.026618609872664e-06,0.09876793688431668,0.001194325691978101,0.0011882990733682282,1.2440014293396515,1.2367295362421529
2020-10-23,0.0073578086322038105,7.357808632203811e-06,0.09819972939178215,-0.007642825775905838,-0.007650183584538042,1.2344937431502307,1.2272683282454797
2020-10-26,0.006193384023611276,6.193384023611276e-06,0.0924418980550807,0.004021951639412545,0.0040157582553889334,1.2394588172843382,1.232196741166209
2020-10-27,0.005986741802469359,5.986741802469358e-06,0.09755673681961426,-0.00413552776608395,-0.004141514507886419,1.234333000930541,1.2270935804860987
2020-10-28,0.010829785211806248,1.0829785211806248e-05,0.09070894341612158,0.0031564905959284733,0.003145660810716667,1.2382291614402225,1.230953600673316
2020-10-29,0.02810380683887362,2.8103806838873618e-05,0.10315151596638515,-0.02474522746502837,-0.024773331271867247,1.2075888991865529,1.2004587793435382
2020-10-30,0.04376019649060636,4.3760196490606366e-05,0.08923532145034409,-0.0023045615209319344,-0.0023483217174225406,1.204805936276383,1.1976397159211352
2020-11-02,0.02724019984304185,2.724019984304185e-05,0.09250451650357759,-0.00748090211165325,-0.007508142311496292,1.1957929010035606,1.1886476664960992
2020-11-03,0.0011676582205205344,1.1676582205205345e-06,0.09085337723671907,0.013101919759192216,0.013100752100971695,1.211460083641121,1.204219844910263
2020-11-04,0.0008493929023690172,8.493929023690173e-07,0.09775529694192754,0.007924897506008638,0.007924048113106269,1.2210607806365974,1.2137621409000892
2020-11-05,0.02493281463340627,2.493281463340627e-05,0.09102007347948118,0.019456233928254886,0.01943130111362148,1.2448180248252805,1.2373471185402327
2020-11-06,0.004063790123826572,4.063790123826572e-06,0.09459346759700185,0.01994288944015328,0.019938825650029454,1.269643293067481,1.2620183670053728
2020-11-09,0.00805525959538933,8.05525959538933e-06,0.09534491155895765,-0.005463893378648671,-0.00547194863824406,1.2627060974852438,1.2551126673205988
2020-11-10,0.005915622305736945,5.915622305736945e-06,0.10208309902954416,-0.027924706027385712,-0.02793062164969145,1.2274454009139808,1.2200565902819323
2020-11-11,0.02482138727053057,2.482138727053057e-05,0.08595703106887903,-0.0019307245764121701,-0.001955545963682701,1.2250755419122321,1.2176707135413418
2020-11-12,0.05616127478158192,5.616127478158192e-05,0.09490748618867799,0.0032593507641135127,0.003203189489331931,1.2290684928158604,1.2215711435724246
2020-11-13,0.021815865236149812,2.181586523614981e-05,0.09903615314028645,0.0071078256458039155,0.007086009780567766,1.2378044973695466,1.2302272086434383
2020-11-16,0.023939505372634534,2.3939505372634534e-05,0.09288191845777885,0.008921191802065855,0.00889725229669322,1.2488471887040402,1.2411728505009956
2020-11-17,0.016251673832365643,1.6251673832365642e-05,0.10409466548843344,0.004567945653164557,0.004551693979332191,1.2545518547911478,1.2468222894919316
2020-11-18,0.047377070866556986,4.7377070866556984e-05,0.09749605787350632,-0.0006646078834155354,-0.0007119849542820924,1.2537180697383001,1.24593457078115
2020-11-19,0.014877305095741977,1.4877305095741978e-05,0.09091866957798185,-0.005950139084811646,-0.005965016389907388,1.2462582728502156,1.2385025506456881
2020-11-20,0.03952159357359758,3.952159357359758e-05,0.09248579374294004,0.003454161425900393,0.0034146398323267953,1.2505630501030043,1.2427315907875611
2020-11-23,0.00892728274020127,8.92728274020127e-06,0.09516604415744534,0.0029036956396429944,0.002894768356902793,1.2541943045786872,1.2463290108726963
2020-11-24,0.004820779843737133,4.820779843737133e-06,0.09311470877665974,-0.009515890740936332,-0.00952071152078007,1.242259528608412,1.2344630719001983
2020-11-25,0.009053368808273288,9.053368808273288e-06,0.0931760767419404,-0.005828728273229543,-0.005837781642037816,1.2350187353713233,1.2272565460412856
2020-11-27,0.0134260263966407,1.34260263966407e-05,0.0929718770432492,-0.0024017216726711192,-0.0024151476990677597,1.232052564108427,1.224292540217948
2020-11-30,0.0186811975258315,1.86811975258315e-05,0.09201021217802732,0.0009587647220301644,0.0009400835245043328,1.233233812642581,1.2254434774641805
2020-12-01,0.007263429563166363,7.263429563166363e-06,0.09109366304982817,-0.005998324140600377,-0.006005587570163544,1.2258364764932024,1.2180839693479837
2020-12-02,0.009749544390187631,9.749544390187632e-06,0.09476016613517098,0.00766080366071388,0.007651054116323693,1.2352273690597582,1.2274035957156915
2020-12-03,0.008128109271018896,8.128109271018897e-06,0.0928228077867131,0.0007286158315306483,0.0007204877222596294,1.236127375276395,1.2282879249366618
2020-12-04,0.0033730992317824726,3.3730992317824727e-06,0.09370736871602148,0.007809961631301784,0.0078065885320700015,1.2457814826487057,1.2378766633655525
2020-12-07,0.008568035838377147,8.568035838377147e-06,0.09067345450024605,-0.004657715337388612,-0.004666283373226989,1.2399789871299383,1.2321003800731842
2020-12-08,0.008226978740400487,8.226978740400487e-06,0.10004574453718658,0.01086357609365935,0.010855349114918948,1.253449593211163,1.245475259843503
2020-12-09,0.025937880067087915,2.5937880067087916e-05,0.08952186027019489,0.005407401617123801,0.005381463737056713,1.260227498568476,1.252177739789752
2020-12-10,0.02779910253853418,2.779910253853418e-05,0.09658385779762683,-0.014768421715634776,-0.01479622081817331,1.2416159274119773,1.2336502414482216
2020-12-11,0.005130013769277547,5.130013769277548e-06,0.09155806566676188,0.0033038055810453637,0.003298675567276086,1.2457179850424758,1.237719653358251
2020-12-14,0.0032687912978312805,3.2687912978312807e-06,0.09793095526951628,0.00210850179895835,0.0021052330076605187,1.2483445836549327,1.240325341626731
2020-12-15,0.004749073289817218,4.749073289817218e-06,0.08931994035698827,-0.006366261020951031,-0.006371010094240848,1.240397296191295,1.2324232163550843
2020-12-16,0.004749073289817218,4.749073289817218e-06,0.08932804570794102,0.011984897004678599,0.011980147931388782,1.2552633300310294,1.2471878288010962
2020-12-17,0.0,0.0,0.09011980220794984,0.0022034549741609503,0.0022034549741609503,1.2580292462594682,1.249935951026181
2020-12-18,0.0,0.0,0.08505357061875768,0.006174814369062099,0.006174814369062099,1.2657973433259715,1.2576540734969848
2020-12-21,0.0,0.0,0.08987920643841935,-0.0064776486669828,-0.0064776486669828,1.2575979528523058,1.2495074322642716
2020-12-22,0.0,0.0,0.0968411573144394,-0.0014013707082406002,-0.0014013707082406002,1.2558355919184352,1.2477564091489675
2020-12-23,0.005652740609238649,5.652740609238649e-06,0.09135011341528858,-0.002217803292398625,-0.0022234560330078633,1.253050395607967,1.244982077633321
2020-12-24,0.00713106903621108,7.13106903621108e-06,0.09725305144349605,0.000275875400897547,0.00026874433186133595,1.2533960813882004,1.2453166595099538
2020-12-28,0.0058944743072894545,5.894474307289455e-06,0.09133126950703628,0.005869974964644144,0.005864080490336854,1.2607534850067323,1.2526192966372778
2020-12-29,0.004416145880317024,4.416145880317024e-06,0.09203220767752994,0.0026816861253704995,0.0026772699794901825,1.2641344301349873,1.2559728966758947
2020-12-30,0.0,0.0,0.09604266695068396,0.0002271864442273,0.0002271864442273,1.264421624341195,1.2562582366923365
2020-12-31,0.004438568921196651,4.438568921196651e-06,0.09313124728595393,0.005593767710884939,0.0055893291419637425,1.2714945051963795,1.2632798774645129
2021-01-04,0.008186546126206035,8.186546126206035e-06,0.0953425740033784,0.005089434397150865,0.005081247851024658,1.2779656930669143,1.2696989156271221
2021-01-05,0.028116281767710166,2.8116281767710167e-05,0.09452374255481896,0.004218768908405415,0.004190652626637705,1.2833571349988337,1.275019782722934
2021-01-06,0.003747446303392077,3.747446303392077e-06,0.08775221616716145,0.0007973324996832414,0.0007935850533798493,1.2843803973512686,1.2760316193652663
2021-01-07,0.02811575086609286,2.8115750866092858e-05,0.10131951687606885,-0.0155777417399312,-0.015605857490797294,1.2643726512255002,1.2561180517597006
2021-01-08,0.03097485379556672,3.097485379556672e-05,0.09063841177309576,0.001230809376920535,0.0011998345231249681,1.2659288529405504,1.2576251855633225
2021-01-11,0.03097485379556672,3.097485379556672e-05,0.09708865793695987,-0.01618006267083905,-0.016211037524634615,1.2454460447631488,1.2372377764882299
2021-01-12,0.0,0.0,0.09451618776696402,-0.00519025501541405,-0.00519025501541405,1.2389818621828892,1.230816196913552
2021-01-13,0.016573395192888113,1.6573395192888114e-05,0.10148155632924961,0.002720887074214731,0.002704313679021843,1.2423529919168892,1.234144709991227
2021-01-14,0.035989004522450435,3.598900452245044e-05,0.09099191042200347,0.0051247654314822135,0.005088776426959763,1.2487197595835633,1.2404249964988876
2021-01-15,0.04158227059092945,4.158227059092945e-05,0.09877153464424318,-0.0067082485265446915,-0.006749830797135621,1.2403430370962696,1.2320523376559824
2021-01-19,0.016803153051470787,1.6803153051470787e-05,0.1022508789124562,-0.007967741319367129,-0.007984544472418599,1.2304603046294083,1.222214960973621
2021-01-20,0.0409484610576315,4.09484610576315e-05,0.08941522033131205,0.009147725201417416,0.009106776740359784,1.2417162173674103,1.2333453997519355
2021-01-21,0.035125437130569814,3.512543713056981e-05,0.09425941199689292,0.01543968776671565,0.01540456232958508,1.2608879280584302,1.2523445458363212
2021-01-22,0.0,0.0,0.08770259046915319,-0.0033795797031014,-0.0033795797031014,1.2566266568088784,1.2481121476279229
2021-01-25,0.005960315752446155,5.960315752446155e-06,0.09398966304935823,-0.004066990160203942,-0.004072950475956388,1.2515159685605868,1.2430286486621949
2021-01-26,0.011330428956671468,1.1330428956671468e-05,0.09277399939623147,0.00816618030442403,0.008154849875467359,1.2617360736137182,1.25316536068294
2021-01-27,0.014088349404382,1.4088349404382e-05,0.09158689988038018,-0.002853171650538761,-0.002867259999943143,1.2581361240180213,1.2495722097709394
2021-01-28,0.02406501231110056,2.406501231110056e-05,0.09240537640019705,-0.013500643877778488,-0.013524708890089589,1.2411504762578855,1.2326721093966415
2021-01-29,0.002329735547376033,2.329735547376033e-06,0.09608453440119036,0.0017388155481605806,0.0017364858126132047,1.2433086080036098,1.2348126270262128
2021-02-01,0.018758016893341223,1.8758016893341224e-05,0.09516188096307172,-0.012153530111226142,-0.012172288128119484,1.2281980193986912,1.2197821319458095
2021-02-02,0.006585500801557537,6.585500801557537e-06,0.09414926608885504,0.011830856899942841,0.011824271399141283,1.2427286544109903,1.23420516692176
2021-02-03,0.012385850902584317,1.2385850902584317e-05,0.09703475574302982,-0.0027666128979149497,-0.002778998748817534,1.2392905052870884,1.2307753123071004
2021-02-04,0.02236358698180152,2.236358698180152e-05,0.09418317731778984,-0.004876921310630465,-0.004899284897612267,1.2332465830117918,1.2247453934071602
2021-02-05,0.008283343834108753,8.283343834108753e-06,0.09880215490493603,-0.007113056005311931,-0.00712133934914604,1.2244744309984692,1.2160235658444043
2021-02-08,0.03479347503922248,3.479347503922248e-05,0.09573145068291242,0.001965169458968301,0.0019303759839290784,1.2268807307535552,1.2183709485318022
2021-02-09,0.04154438172508687,4.154438172508687e-05,0.09776656766080637,0.010285225564116571,0.010243681182391485,1.2394994758096236,1.2308515520904497
2021-02-10,0.029570073077082953,2.9570073077082956e-05,0.09945658077695474,0.001615465507052936,0.001585895433975853,1.2415018444588042,1.232803553946812
2021-02-11,0.016997102593294566,1.6997102593294567e-05,0.09433541896278713,0.004904547288145625,0.0048875501855523305,1.2475908489632725,1.2388289431856543
2021-02-12,0.017387822204753767,1.7387822204753766e-05,0.09243548251868697,-0.006358752770171259,-0.006376140592376013,1.239657727196387,1.2309299956739979
2021-02-16,0.001456169271598362,1.456169271598362e-06,0.09308882152537536,-0.005501117069689764,-0.005502573238961362,1.2328382249127339,1.2241567132207671
2021-02-17,0.01982484302163362,1.982484302163362e-05,0.09228806802615384,-0.01533386416382735,-0.015353689006848983,1.213934051035948,1.205361391750329
2021-02-18,0.004830283409176739,4.830283409176739e-06,0.09644793584507617,-0.002318647022566021,-0.002323477305975198,1.211119366462922,1.2025607619110985
2021-02-19,0.036528578964840935,3.652857896484093e-05,0.08955110754446147,-0.004185169157256755,-0.004221697736221596,1.2060506270446452,1.1974839138648694
2021-02-22,0.02854750546330284,2.8547505463302842e-05,0.09545510958149336,-0.005610405874062472,-0.005638953379525775,1.1992841935222571,1.1907313579018532
2021-02-23,0.00229566686670879,2.2956668667087897e-06,0.09519137296459258,-0.000699127744747259,-0.0007014234116139678,1.198445740668729,1.189896151050478
2021-02-24,0.013520520938228947,1.3520520938228948e-05,0.10589623107912512,-0.0019731120004661254,-0.0019866325214043545,1.196081072995908,1.187532264659707
2021-02-25,0.04182635926005071,4.1826359260050713e-05,0.09925705343733447,0.001209770096205957,0.0011679437369459063,1.1975280561106563,1.1889192355306375
2021-02-26,0.023918065131427108,2.3918065131427107e-05,0.09160599537484305,-0.027726860266815277,-0.027750778331946703,1.1643243630332851,1.1559258013708391
2021-03-01,0.026678385817546918,2.6678385817546918e-05,0.1049730877273838,0.0016367644203924697,0.0016100860345749227,1.1662300877244942,1.1577869413606312
2021-03-02,0.03447042712012971,3.447042712012971e-05,0.10603232022059644,0.002893614486441888,0.0028591440593217585,1.1696047080008583,1.1610972210159827
2021-03-03,0.04370400979759517,4.3704009797595176e-05,0.09293415541010357,-0.0003116807726340578,-0.000355384782431653,1.169240164701792,1.1606845847327099
2021-03-04,0.02268719205174949,2.2687192051749488e-05,0.10445444173564877,-0.016032071823295063,-0.016054759015346812,1.1504948224026117,1.1420500734319983
2021-03-05,0.06455378336134632,6.455378336134632e-05,0.10321220090151748,-0.012259310509677783,-0.01232386429303913,1.1363905491350015,1.127975603311167
2021-03-08,0.023870145674231236,2.3870145674231236e-05,0.09602048134268078,0.007796207888947395,0.007772337743273164,1.1452500860990928,1.1367426106662737
2021-03-09,0.033407526084242356,3.340752608424236e-05,0.09705505994932268,-0.010289036649438288,-0.01032244417552253,1.133466565990447,1.1250086485257333
2021-03-10,0.015324926234725922,1.5324926234725922e-05,0.09210941687584688,0.021693253156145544,0.02167792822991082,1.1580551431505048,1.1493965052665032
2021-03-11,0.0336905244475266,3.3690524447526596e-05,0.09944990330362286,0.006040017787553488,0.006006327263105961,1.1650498168141017,1.156300156832204
2021-03-12,0.045883649767093165,4.5883649767093166e-05,0.09601580743371865,0.00042323093053578485,0.0003773472807686917,1.1655429019321926,1.156736483552137
2021-03-15,0.0275788628838268,2.75788628838268e-05,0.09960387441739636,-0.010188462890347267,-0.010216041753231094,1.1536678113287488,1.1449192153386827
2021-03-16,0.012534425020671786,1.2534425020671786e-05,0.10123810416652575,0.007736423452876673,0.007723889027856001,1.1625930740411416,1.1537624443038186
2021-03-17,0.02807908341721213,2.807908341721213e-05,0.10294146300464452,-0.002127639792994021,-0.002155718876411233,1.1601194947537525,1.1512752568237385
2021-03-18,0.03359303926845825,3.3593039268458245e-05,0.09537332869321248,0.0012905471553889358,0.0012569541161204776,1.1616166836676183,1.1527223569965908
2021-03-19,0.028271704097043215,2.8271704097043216e-05,0.10726908899678653,-0.01433013890795773,-0.014358410612054773,1.1449705552328602,1.1361710960731382
2021-03-22,0.04740614468903134,4.7406144689031345e-05,0.09110138645312878,0.002547643448853473,0.0025002373041644417,1.1478875319670292,1.1390117934314536
2021-03-23,0.058205431962888854,5.8205431962888855e-05,0.09609543657442277,0.008458258345592197,0.008400052913629307,1.1575966612640904,1.1485795527655256
2021-03-24,0.0061269637785948405,6.12696377859484e-06,0.09556822796835117,-0.002683839074344183,-0.0026899660381227777,1.1544898581122596,1.1454899127765041
2021-03-25,0.010047114169071947,1.0047114169071948e-05,0.09626365471445045,0.00224771730744023,0.0022376701932711584,1.1570848249476027,1.1480531414110169
2021-03-26,0.0013548925707018988,1.3548925707018988e-06,0.09661161477236131,-0.003412147534466727,-0.003413502427037429,1.1531366808149888,1.1441342592264425
2021-03-29,0.003958419214322745,3.958419214322745e-06,0.09765933900450553,0.006283385105403754,0.006279426686189431,1.1603822826597165,1.1513187664264126
2021-03-30,0.0047972593494458315,4.797259349445832e-06,0.09566562202733281,-0.010418505187303995,-0.01042330244665344,1.1482928338285705,1.1393182227114422
2021-03-31,0.03684812758277292,3.684812758277292e-05,0.10335276662808947,-0.006745863762621148,-0.006782711890203921,1.140546606811969,1.1315905554555312
2021-04-01,0.022624137373701753,2.262413737370175e-05,0.10226388024087442,0.006348842787012413,0.0063262186496387115,1.1477877579098785,1.138749244731209
2021-04-05,0.039743299946818744,3.974329994681875e-05,0.11327010667288365,0.017340998748070754,0.017301255448123935,1.1676915439828448,1.158451036305662
2021-04-06,0.144259836118174,0.000144259836118174,0.09032940492196823,0.003109685592127475,0.002965425756009301,1.1713226975532174,1.1618863368457983
2021-04-07,0.11252164532081965,0.00011252164532081965,0.09375429813118089,0.006178543209926952,0.006066021564606132,1.1785597654528182,1.1689343644207262
2021-04-08,0.06947786316368704,6.947786316368704e-05,0.08571428239188257,-0.00432479664646877,-0.004394274509632457,1.1734627341315247,1.1637977459397186
2021-04-09,0.02239481296663895,2.239481296663895e-05,0.09362187044168686,0.011825812612877849,0.01180341779991121,1.1873398845335594,1.17753453696964
2021-04-12,0.009906537279233074,9.906537279233075e-06,0.08794143495478432,-0.002119364273020864,-0.002129270810300097,1.1848234788023464,1.1750272470519503
2021-04-13,0.009906537279233074,9.906537279233075e-06,0.09559169158457236,-0.0030769775342344,-0.003086884071513633,1.181177803576038,1.1714000741594313
2021-04-14,0.0007888102768273675,7.888102768273675e-07,0.08725975521100642,0.008731460222142206,0.008730671411865377,1.1914912105832396,1.181627183298752
2021-04-15,0.0007888102768273675,7.888102768273675e-07,0.08709296326340034,-0.00547859557596885,-0.005479384386245677,1.1849635121081326,1.1751525937602214
2021-04-16,0.0,0.0,0.08900713875864115,0.021657298601568002,0.021657298601568002,1.210626620721821,1.2006032243856937
2021-04-19,0.0,0.0,0.09237808113941315,0.0007848595061138003,0.0007848595061138003,1.2115767925334489,1.2015455292394235
2021-04-20,0.0,0.0,0.0942645943607673,-0.0052853477122002,-0.0052853477122002,1.2051731879048773,1.1951949433253535
2021-04-21,0.0,0.0,0.09650785330738633,0.0004000649797972998,0.0004000649797972998,1.2056553354919486,1.1956730989662088
2021-04-22,0.022386243243041948,2.238624324304195e-05,0.10119605378519264,0.01022091253201496,0.010198526288771919,1.2179782332197688,1.2078672024987929
2021-04-23,0.017975943142561013,1.7975943142561015e-05,0.09158893325498463,-0.005068253625387292,-0.005086229568529854,1.21180521062361,1.201723712618586
2021-04-26,0.03631900993121795,3.631900993121795e-05,0.0982782325939076,0.002208749931351968,0.00217243092142075,1.2144817852993868,1.2043343743708832
2021-04-27,0.00980821877098545,9.80821877098545e-06,0.09403650720682051,0.001592364056313233,0.0015825558375422474,1.2164156824413446,1.2062403007653966
2021-04-28,0.020149794015045325,2.0149794015045326e-05,0.09048763553859161,-0.0056307581613589345,-0.00565090795537398,1.2095663399098329,1.1994239478537088
2021-04-29,0.006729627772151303,6.729627772151303e-06,0.09218896354770457,0.0016507748752846,0.0016440452475124487,1.2115630616337458,1.2013958550949302
2021-04-30,0.0,0.0,0.08847969682362163,-0.00037482402341680013,-0.00037482402341680013,1.211108938692361,1.2009455430668072
2021-05-03,0.0,0.0,0.0883281735914425,-0.0038280747869382497,-0.0038280747869382497,1.2064727230999173,1.1963482337129072
2021-05-04,0.0,0.0,0.0852619661689783,0.0070917111999833,0.0070917111999833,1.2150286792227993,1.2048323898810094
2021-05-05,0.0,0.0,0.08481994385166734,-0.00339100703899705,-0.00339100703899705,1.2109085084189715,1.2007467947661112
2021-05-06,0.0,0.0,0.08665817762911934,0.0030470956038692,0.0030470956038692,1.214598262411663,1.204405585045803
2021-05-07,0.0,0.0,0.07868379598112943,0.013070495477129648,0.013070495477129648,1.2304736635070441,1.220147762797774
2021-05-10,0.0,0.0,0.09481453475074378,0.00563230765770205,0.00563230765770205,1.2374040697446156,1.2270200103857078
2021-05-11,0.016146764471614006,1.6146764471614007e-05,0.08909587456227006,-0.00823086592865098,-0.008247012693122594,1.2272191627469806,1.2169007607853415
2021-05-12,0.016146764471614006,1.6146764471614007e-05,0.09038319810672778,-0.00723313281392795,-0.007249279578399564,1.2183425235510343,1.2080791069512413
2021-05-13,0.0,0.0,0.09389870606137232,-0.02101051457210545,-0.02101051457210545,1.1927445202061495,1.182696743270386
2021-05-14,0.0,0.0,0.08749816355215692,0.008793635101689151,0.008793635101689151,1.2032330802863815,1.193096946866662
2021-05-17,0.0,0.0,0.09197040080917339,0.01681053956631785,0.01681053956631785,1.2234600775900382,1.213153550298417
2021-05-18,0.0,0.0,0.09077261288516487,0.0034532416538485995,0.0034532416538485995,1.227684980891793,1.2173428626708218
2021-05-19,0.0,0.0,0.08987211191465348,-0.004635302620644,-0.004635302620644,1.2219942894825397,1.2117001101092615
2021-05-20,0.0,0.0,0.09112145809303097,-0.0021807160222635,-0.0021807160222635,1.2193294669563506,1.2090577362649677
2021-05-21,0.0,0.0,0.08933835122723051,0.0117261522418604,0.0117261522418604,1.2336275099188672,1.2232353313496098
2021-05-24,0.0,0.0,0.09138695339051411,0.0014183012821204,0.0014183012821204,1.2353771653978443,1.2249702475883981
2021-05-25,0.0,0.0,0.08830260471809424,0.0077998870073566,0.0077998870073566,1.245012967699416,1.2345248771069612
2021-05-26,0.0,0.0,0.0885709574296225,0.0080157264426829,0.0080157264426829,1.2549926510660874,1.2444204908085374
2021-05-27,0.0,0.0,0.09570033699000229,-0.0007417162231868,-0.0007417162231868,1.2540618026568116,1.2434974839420387
2021-05-28,0.0,0.0,0.0976591822359782,-0.0015558242399971501,-0.0015558242399971501,1.2521107029057836,1.2415628204141462
2021-06-01,0.007648001085598544,7.648001085598544e-06,0.0980177196873662,0.001953836046273548,0.0019461880451879495,1.254557121931046,1.243979135132586
2021-06-02,0.01107306760844115,1.1073067608441151e-05,0.09525345532542627,-0.002575047931014961,-0.002586120998623402,1.2513265772098774,1.24076205456937
2021-06-03,0.0187873264688114,1.87873264688114e-05,0.09362769930534078,0.004320189158944838,0.004301401832476026,1.256732544723039,1.2460990707445616
2021-06-04,0.01740516026416397,1.740516026416397e-05,0.09347120940936825,-0.013542836531583552,-0.013560241691847717,1.239712821305934,1.2292016661732785
2021-06-07,0.011148288874705564,1.1148288874705565e-05,0.10048737856069288,0.01671583373890015,0.016704685450025444,1.2604356547108668,1.2497350933613502
2021-06-08,0.01862103334942708,1.862103334942708e-05,0.08738599512334129,1.1474601341528471e-05,-7.14643200789861e-06,1.2604501177075214,1.2497261622144775
2021-06-09,0.01862103334942708,1.862103334942708e-05,0.08709823333455163,0.0020591368581805002,0.0020405158248310734,1.263045557002791,1.2522762482251817
2021-06-10,0.0,0.0,0.08747456344560972,0.0026888439079261004,0.0026888439079261004,1.266441689354171,1.2556434235862624
2021-06-11,0.0,0.0,0.09101514571762218,0.0074518855914203,0.0074518855914203,1.2758790679314433,1.2650003347224466
2021-06-14,0.004081591237468374,4.081591237468374e-06,0.08420549436412295,-0.005626770121141231,-0.0056308517123786995,1.2686999897138171,1.257877305421515
2021-06-15,0.004081591237468374,4.081591237468374e-06,0.0858330501613452,-0.005665252041091249,-0.0056693336323287175,1.2615124845075585,1.250745979308546
2021-06-16,0.0,0.0,0.08812613119841355,-0.0034126120215436,-0.0034126120215436,1.2572074318376005,1.2464776685436603
2021-06-17,0.0,0.0,0.08383714421424432,-0.011743104464718952,-0.011743104464718952,1.2424439136317105,1.2318401510690127
2021-06-18,0.0,0.0,0.08301701331654857,-0.008346753589966352,-0.008346753589966352,1.2320735404352732,1.2215582848658126
2021-06-21,0.0,0.0,0.08563687143981849,-0.0018899329156690983,-0.0018899329156690983,1.2297450040966795,1.2192496216548365
2021-06-22,0.0,0.0,0.07964709646308521,0.004751313391146499,0.004751313391146499,1.2355879080023395,1.2250426587093555
2021-06-23,0.0,0.0,0.08260801504696745,0.0017849752784242503,0.0017849752784242503,1.2377934018724437,1.2272293295701668
2021-06-24,0.0,0.0,0.08593395516325314,-0.0022235442283525,-0.0022235442283525,1.2350411134978174,1.2245005308775363
2021-06-25,0.0,0.0,0.08349356876430662,0.0034501267917962496,0.0034501267917962496,1.2393021619324662,1.2287252129656858
2021-06-28,0.0,0.0,0.08842687374322357,-0.0017924170846244994,-0.0017924170846244994,1.2370808155644064,1.2265228249016573
2021-06-29,0.0,0.0,0.0832725825227007,0.006091213973403672,0.006091213973403672,1.244616139514402,1.2339938378713968
2021-06-30,0.0,0.0,0.08755992662171436,-0.00417582000955695,-0.00417582000955695,1.2394188465348002,1.2288409017115434
2021-07-01,0.0,0.0,0.08767739303834256,0.0050633041873507,0.0050633041873507,1.2456944011703412,1.2350628969947672
2021-07-02,0.0,0.0,0.09253819616785276,0.0038544861910889006,0.0038544861910889006,1.2504959130379691,1.23982342987636
2021-07-06,0.004844429424343988,4.844429424343988e-06,0.09420590984901869,0.010025597500314381,0.010020753070890037,1.2630328817378758,1.252247394318655
2021-07-07,0.010668851950573294,1.0668851950573294e-05,0.09063699602805406,0.007331790790581093,0.0073211219386305195,1.2722931745884025,1.261415250189794
2021-07-08,0.005824422526229306,5.824422526229306e-06,0.1028907302675999,0.0080737554104842,0.008067930987957972,1.2825653584904577,1.2715922613754829
2021-07-09,0.02997833675283318,2.997833675283318e-05,0.08964063357933254,-0.0025340130355915686,-0.0025639913723444017,1.2793153211530448,1.2683319097881762
2021-07-12,0.02997833675283318,2.997833675283318e-05,0.08709151652141556,-0.00011461803202090018,-0.00014459636877373335,1.2791686885486,1.268148513599621
2021-07-13,0.0,0.0,0.09133166345797059,0.0005180635103001,0.0005180635103001,1.2798313791696556,1.2688054950701584
2021-07-14,0.0,0.0,0.0918346584901365,-0.00489833336020805,-0.00489833336020805,1.2735623384296277,1.262590462786041
2021-07-15,0.0,0.0,0.08705159964067288,0.0117434130802175,0.0117434130802175,1.2885183070532145,1.2774175841416804
2021-07-16,0.0,0.0,0.09089665285366673,0.0038619668194098504,0.0038619668194098504,1.293494522001256,1.282350928466166
2021-07-19,0.0,0.0,0.0928953604869479,-0.00975648922112405,-0.00975648922112405,1.2808745566397677,1.2698396854548875
2021-07-20,0.0,0.0,0.08942025497615179,0.0039965882968858,0.0039965882968858,1.285993684902613,1.2749147118806976
2021-07-21,0.0,0.0,0.09354403374881799,0.00162222420675605,0.00162222420675605,1.2880798549879975,1.27698290938786
2021-07-22,0.0034228610357962264,3.4228610357962263e-06,0.09299100606502662,-0.004179503034458426,-0.004182925895494222,1.2826963213254503,1.271641384508078
2021-07-23,0.0027403846369843665,2.7403846369843664e-06,0.09677861903460232,0.006724388878803575,0.00672164849416659,1.2913216702034533,1.2801889109053766
2021-07-26,0.023802042035266924,2.3802042035266923e-05,0.08866154059698204,0.000502660933454021,0.0004788588914187541,1.2919707671595873,1.2808019407480595
2021-07-27,0.023119565636455064,2.3119565636455063e-05,0.08695444784483425,-0.001445681184355,-0.001468800749991455,1.290102989330768,1.2789206978968983
2021-07-28,0.0,0.0,0.089382707359981,0.0038552634398476998,0.0038552634398476998,1.2950766762191732,1.2838512741059647
2021-07-29,0.0,0.0,0.08871371652681449,0.002345100476556532,0.002345100476556532,1.298113761149752,1.2868620343406982
2021-07-30,0.0,0.0,0.08864135462638192,0.004810616321659449,0.004810616321659449,1.3043584883965098,1.2930526338468216
2021-08-02,0.0,0.0,0.09380306764706578,-0.004046872313760649,-0.004046872313760649,1.2990799161425992,1.2878198149426716
2021-08-03,0.013604612923749149,1.360461292374915e-05,0.09347541406773113,0.002219223349501251,0.002205618736577502,1.3019628646253711,1.290660254455845
2021-08-04,0.013604612923749149,1.360461292374915e-05,0.09455282253851548,0.00396282758941175,0.003949222976488,1.307122318985698,1.2957573595875818
2021-08-05,0.005479950439419845,5.479950439419845e-06,0.09682798745980117,-0.0012663905964492854,-0.0012718705468887054,1.3054669915725254,1.294109323966008
2021-08-06,0.02470579279415963,2.470579279415963e-05,0.08646865220644956,-0.0011822011126896063,-0.0012069069054837659,1.3039236670425087,1.2925474544864626
2021-08-09,0.019225842354739786,1.9225842354739787e-05,0.08829851924013223,-0.02024983734276575,-0.02026906318512049,1.2775194248775152,1.2663487284617099
2021-08-10,0.0,0.0,0.0882990019762398,-0.01115077117732195,-0.01115077117732195,1.2632740980961221,1.2522279635599407
2021-08-11,0.0,0.0,0.08709258579236237,-0.0015381588816377998,-0.0015381588816377998,1.2613309818221927,1.2503018379959558
2021-08-12,0.0,0.0,0.09049414760082555,0.0077791578983852,0.0077791578983852,1.2711430746919128,1.2600281334143677
2021-08-13,0.005065328509158001,5.065328509158002e-06,0.0925235085226236,0.0007958169113269037,0.0007907515828177457,1.2721546718474688,1.26102450265526
2021-08-16,0.005065328509158001,5.065328509158002e-06,0.08735869805005109,0.0158574142361511,0.01585234890764194,1.292327755451409,1.2810147030524368
2021-08-17,0.0,0.0,0.0937081159772194,0.004874138578828549,0.004874138578828549,1.2986267400207454,1.2872585462366313
2021-08-18,0.0,0.0,0.08943929086257336,-0.00423798058456555,-0.00423798058456555,1.2931231851099398,1.2818031695103642
2021-08-19,0.0,0.0,0.09315050321925267,-0.00343678312423335,-0.00343678312423335,1.288679001169799,1.277397890008802
2021-08-20,0.0,0.0,0.09700001932989498,0.0029743033798182,0.0029743033798182,1.2925119234784792,1.281197258870428
2021-08-23,0.0,0.0,0.08838746093196703,0.0045650475830805,0.0045650475830805,1.2984123019108573,1.2870459853204836
2021-08-24,0.0,0.0,0.0858210733153577,0.010098784895160352,0.010098784895160352,1.3115246884530851,1.300043585876415
2021-08-25,0.0,0.0,0.0853983067747833,-0.0033475708313483003,-0.0033475708313483003,1.3071342666614265,1.2956915978888537
2021-08-26,0.0,0.0,0.08764281844509565,-0.0066033573351228,-0.0066033573351228,1.2985027920136774,1.2871356832718772
2021-08-27,0.0,0.0,0.08392419496188212,-0.00101055640486845,-0.00101055640486845,1.2971905817004683,1.285834960063212
2021-08-30,0.0,0.0,0.08773605159796057,0.015299803229882149,0.015299803229882149,1.3170373423521418,1.3055079819382824
2021-08-31,0.0,0.0,0.0907826236126716,0.0010230361153556503,0.0010230361153556503,1.31838471911864,1.3068435637526903
2021-09-01,0.0,0.0,0.09165794700952012,-0.0031535702092638997,-0.0031535702092638997,1.3142271003440786,1.3027223408218715
2021-09-02,0.0,0.0,0.08898572778822456,0.0004966358986478654,0.0004966358986478654,1.3148797927010853,1.3033693195022942
2021-09-03,0.0,0.0,0.09213399481190425,0.00238637300565535,0.00238637300565535,1.3180175863440688,1.3064796448627538
2021-09-07,0.015165874439213967,1.5165874439213967e-05,0.0801431156568071,0.0009063603300002591,0.0008911944555610452,1.3192121851985739,1.3076439722785587
2021-09-08,0.015165874439213967,1.5165874439213967e-05,0.08663032090440391,-0.01591570664663185,-0.015930872521071063,1.2982159910542912,1.286812062853242
2021-09-09,0.0,0.0,0.08388714651244253,0.0015281884641428498,0.0015281884641428498,1.3001999097557861,1.2887785542032144
2021-09-10,0.0,0.0,0.09586899785644992,0.0060760414161653495,0.0060760414161653495,1.3080999782567568,1.2966092260748188
2021-09-13,0.0036393952026363696,3.6393952026363695e-06,0.08679040548452396,-0.010884536325850545,-0.01088817572105318,1.293861916525577,1.2824915169797775
2021-09-14,0.0036393952026363696,3.6393952026363695e-06,0.091444908278154,0.00597327978494865,0.005969640389746014,1.3015905157560739,1.2901475301390466
2021-09-15,0.0,0.0,0.08896966617898484,0.00652855592424495,0.00652855592424495,1.3100880222286542,1.298570330440086
2021-09-16,0.0,0.0,0.0874036955740431,-0.0005385582820358504,-0.0005385582820358504,1.309382463474087,1.2978709746338215
2021-09-17,0.0,0.0,0.0912411310758476,-0.014540778206578701,-0.014540778206578701,1.2903430234851265,1.278998920650915
2021-09-20,0.0,0.0,0.08884577508244272,-0.00969439512864935,-0.00969439512864935,1.2778339283639657,1.266599799745009
2021-09-21,0.0,0.0,0.09086031311854478,0.001314857438037,0.001314857438037,1.2795140978092512,1.26826519791272
2021-09-22,0.0,0.0,0.08351809459632085,0.0024203060512363,0.0024203060512363,1.282610913522821,1.2713347878458003
2021-09-23,0.0,0.0,0.0885451050312777,0.00595669815614795,0.00595669815614795,1.2902510395864575,1.278907745432408
2021-09-24,0.0,0.0,0.08710118469343572,-0.011196475752772399,-0.011196475752772399,1.2758047751067383,1.2645884858706413
2021-09-27,0.0,0.0,0.0864282390194316,-0.0047304099072775,-0.0047304099072775,1.2697696955588216,1.2586064639684498
2021-09-28,0.0,0.0,0.096090420308166,-0.00223384762778155,-0.00223384762778155,1.2669332235365687,1.2557949289046033
2021-09-29,0.006577389400779815,6.577389400779815e-06,0.09738353247476023,-0.02270405358143321,-0.02271063097083399,1.2381687037452964,1.2272750336992062
2021-09-30,0.01740188439401269,1.740188439401269e-05,0.1014764359928304,-0.0005862504778041863,-0.0006036523621981989,1.2374428267511237,1.2265341862260468
2021-10-01,0.016978905015747392,1.697890501574739e-05,0.095062187697115,0.003016174435674396,0.0029991955306586486,1.2411751701707792,1.230212802075576
2021-10-04,0.019717118603015865,1.9717118603015864e-05,0.1057051352980416,0.010397029014586688,0.010377311895983673,1.2540797044272294,1.2429791040211462
2021-10-05,0.044621531324758906,4.462153132475891e-05,0.09809341507666307,-0.004062415488456286,-0.004107037019781045,1.2489851116122055,1.237874142826117
2021-10-06,0.012549134104091197,1.2549134104091197e-05,0.09302636248228696,-0.0033607655411913673,-0.0033733146752954585,1.2447875654876381,1.233698403813953
2021-10-07,0.013883677461530824,1.3883677461530825e-05,0.08945790703582529,0.005795256792517847,0.005781373115056316,1.2520014290817723,1.2408308745978507
2021-10-08,0.024547963949842322,2.454796394984232e-05,0.0870880089669919,-0.004056838807090237,-0.004081386771040079,1.2469222610977408,1.235766563881169
2021-10-11,0.023507350076857614,2.3507350076857616e-05,0.09205026322314996,-0.004199214372497612,-0.00422272172257447,1.241686167217552,1.2305482655678368
2021-10-12,0.009365220637559762,9.365220637559762e-06,0.08906770396240571,-0.005663687764844124,-0.005673052985481684,1.2346536444645058,1.2235673000560778
2021-10-13,6.207774574165659e-05,6.207774574165659e-08,0.08897890515966818,0.009559800622743418,0.009559738544997675,1.24645668714373,1.2352642835368226
2021-10-14,0.002469111765104115,2.469111765104115e-06,0.09266669721707603,0.015381150162688453,0.015378681050923349,1.2656286246199746,1.2542610189669328
2021-10-15,0.0042441011190041955,4.2441011190041954e-06,0.09434618218613185,0.011219315645938803,0.011215071544819799,1.2798281116501216,1.2683276460305255
2021-10-18,0.021594960000669183,2.1594960000669183e-05,0.08410828992044683,-0.007555989517181028,-0.007577584477181697,1.2701577438546996,1.2587167861479842
2021-10-19,0.027502845354962724,2.7502845354962726e-05,0.08645939653964743,0.00257546898801635,0.0025479661426613875,1.2734289957338862,1.2619239539022886
2021-10-20,0.0,0.0,0.0911108397777125,-0.00149841933336095,-0.00149841933336095,1.2715208651070162,1.2600330626525302
2021-10-21,0.0,0.0,0.08716526544444181,0.0029363696838904003,0.0029363696838904003,1.2752545204277506,1.2637329855384027
2021-10-22,0.0,0.0,0.08655356578443202,0.00025698770190855,0.00025698770190855,1.2755822451563037,1.2640577493741822
2021-10-25,0.0,0.0,0.09096733204837877,0.00800718693817435,0.00800718693817435,1.2857960706482865,1.2741792960740692
2021-10-26,0.0012992602686736632,1.2992602686736632e-06,0.09001960657805755,0.005337727274366315,0.005336428014097641,1.2926592994038588,1.280978862164622
2021-10-27,0.0016701565258162854,1.6701565258162855e-06,0.08695940108372834,0.0008979376103196149,0.0008962674537937986,1.2938200268061228,1.282126961827778
2021-10-28,0.0029694167944899486,2.9694167944899485e-06,0.09143996664478832,0.00810569971770775,0.00810273030091326,1.30430734343217,1.2925156908109978
2021-10-29,0.0,0.0,0.09120198202341877,0.0029873164296002506,0.0029873164296002506,1.308203722188453,1.2963768441696735
2021-11-01,0.008444762175295273,8.444762175295273e-06,0.09941007580157907,-0.0015885249173385957,-0.001596969679513891,1.3061256079788015,1.2943065696563107
2021-11-02,0.030764094182221424,3.076409418222143e-05,0.08475333543161896,-0.0003772687527210781,-0.00040803284690329956,1.3056328475997823,1.2937784500619283
2021-11-03,0.0392088563575167,3.92088563575167e-05,0.09320981976165388,0.0031562223977453,0.003117013541387783,1.3097537152366086,1.297811175010327
2021-11-04,0.0,0.0,0.08478134818460957,-0.00632548736623655,-0.00632548736623655,1.301468884657998,1.2896018868190386
2021-11-05,0.0,0.0,0.08951572431701595,0.01321706232353685,0.01321706232353685,1.3186704800186668,1.3066466353296766
2021-11-08,0.0,0.0,0.089153353834839,0.0156435094670357,0.0156435094670357,1.3392991141567394,1.3270871743395267
2021-11-09,0.0,0.0,0.09517372011222426,0.0012806852196174498,0.0012806852196174498,1.3410143347368866,1.3287867552688473
2021-11-10,0.008632214706115887,8.632214706115888e-06,0.09135524339994476,0.007046471182522006,0.00703783896781589,1.350463753601959,1.3381385424749959
2021-11-11,0.005872003429999634,5.872003429999634e-06,0.09510497132199507,-0.0073294320238909754,-0.007335304027320975,1.3405656213192048,1.3283228894352657
2021-11-12,0.005724625634357494,5.724625634357494e-06,0.09395921184502827,0.002238254150518474,0.0022325295248841162,1.3435661478851646,1.3312884095045094
2021-11-15,0.013383613140400735,1.3383613140400736e-05,0.09434939821209626,0.0027000559479568214,0.0026866723348164204,1.3471938516542354,1.334865145243987
2021-11-16,0.022163205642158762,2.2163205642158763e-05,0.09180920705463043,-0.0069214858195065995,-0.006943649025148759,1.3378692685138842,1.3255963101795085
2021-11-17,0.0,0.0,0.09889528679365868,-0.0029283268232189004,-0.0029283268232189004,1.3339515500489347,1.32171453094765
2021-11-18,0.018007720850736264,1.8007720850736265e-05,0.09747016068063004,0.006994333450835132,0.006976325729984396,1.3432816519972353,1.3309352420375942
2021-11-19,0.02418397444658618,2.418397444658618e-05,0.10188124365470617,0.0019229851612586342,0.001898801186812048,1.3458647626814169,1.333462423454745
2021-11-22,0.025499306374898584,2.5499306374898583e-05,0.09182366288216716,0.0006103047355128801,0.0005848054291379815,1.3466861503194412,1.3342422395195328
2021-11-23,0.01762223828876136,1.762223828876136e-05,0.0931926645752795,-0.01856693614305865,-0.018584558381347413,1.3216823145617187,1.3094459367243223
2021-11-24,0.002277332781907754,2.2773327819077538e-06,0.09795598802165445,-0.010996010381051295,-0.010998287713833203,1.3071490821103462,1.2950442735665184
2021-11-26,0.013697505753374334,1.3697505753374335e-05,0.09098113821996988,0.008682773983335534,0.008669076477582159,1.3184987621528348,1.3062711114159213
2021-11-29,0.02547349465345372,2.547349465345372e-05,0.09580177516622539,0.00039124994690004945,0.00036577645224659575,1.3190146247235148,1.3067489146287274
2021-11-30,0.012255040209986634,1.2255040209986635e-05,0.0989436884774005,0.001072070113552777,0.0010598150733427904,1.32042870088202,1.3081338268255251
2021-12-01,0.008026894960883546,8.026894960883547e-06,0.10389940095041829,-0.005233367342639402,-0.005241394237600286,1.3135184124405404,1.3012773817235919
2021-12-02,0.029858682364787476,2.9858682364787475e-05,0.09939263956029702,-0.0012191367441046074,-0.0012489954264693949,1.3119170538798761,1.299652092225251
2021-12-03,0.030133983821933302,3.0133983821933304e-05,0.09037156257813671,0.0049686764214902585,0.004938542437668325,1.3184355452124399,1.3060704792369098
2021-12-06,0.03301608359607777,3.301608359607777e-05,0.11992438034027944,0.0057494645973638495,0.005716448513767772,1.326015843703545,1.3135365638868195
2021-12-07,0.11448830891556544,0.00011448830891556544,0.08709876539802287,-0.0023906851550309473,-0.0025051734639465126,1.3228457573106671,1.3102459269430466
2021-12-08,0.11360674164374132,0.00011360674164374133,0.09614437241936885,0.008091127072825003,0.007977520331181261,1.333549070430815,1.320698440464082
2021-12-09,0.01416378889933459,1.416378889933459e-05,0.09413197864592074,-0.006618417796698348,-0.0066325815855976826,1.3247230855303052,1.3119388003077324
2021-12-10,0.015045356171158708,1.5045356171158709e-05,0.09330311356005222,-0.0036633837775747998,-0.0036784291337459583,1.3198701164689945,1.3071129264029886
2021-12-13,0.0040771830201473125,4.077183020147313e-06,0.09786312733364037,0.005602207629721724,0.0055981304467015765,1.327264302905719,1.3144303150735626
2021-12-14,0.004281181519481092,4.281181519481092e-06,0.09928949873581043,0.003900313378193792,0.003896032196674311,1.3324410496227412,1.319551377901374
2021-12-15,0.012802028548046102,1.2802028548046103e-05,0.0966170276840631,-0.009276160413776682,-0.009288962442324728,1.3200811127045398,1.3072941147113302
2021-12-16,0.0026588456255889348,2.658845625588935e-06,0.10616012290042726,0.004838887097443893,0.004836228251818305,1.3264688361683852,1.313616487442333
2021-12-17,0.0401027639644759,4.0102763964475906e-05,0.09703811178194698,0.001573465798228127,0.0015333630342636512,1.3285559895145114,1.3156307384053763
2021-12-20,0.01815890032761372,1.815890032761372e-05,0.10241280662603597,-0.001798173632785608,-0.0018163325331132217,1.326167015164487,1.3132411154936467
2021-12-21,0.02558850476426569,2.558850476426569e-05,0.09749305518555024,-0.010249379856901181,-0.010274968361665446,1.3125746256723734,1.2997476045807113
2021-12-22,0.0062003357226628475,6.200335722662848e-06,0.09914268878753192,0.00537421922609886,0.005368018890376197,1.3196286894613514,1.3067246742748218
2021-12-23,0.016873339720569147,1.6873339720569146e-05,0.09279325794456042,0.010962336745146167,0.010945463405425597,1.3340949035337826,1.3210273813780635
2021-12-27,0.029531693129795894,2.9531693129795895e-05,0.09712196526606003,-0.00041478598864883465,-0.0004443176817786306,1.333541539660269,1.3204404255544036
2021-12-28,0.02776800034301416,2.776800034301416e-05,0.09028328256833543,0.007994314723856583,0.007966546723513568,1.3442022904256494,1.3309597759001988
2021-12-29,0.03480213958563233,3.480213958563233e-05,0.09757870024031894,-0.004527903459176511,-0.004562705598762143,1.3381158722249982,1.3248869982789717
2021-12-30,0.0036163833828586345,3.6163833828586346e-06,0.09149982957844585,-0.005051274912271175,-0.005054891295654034,1.3313566810899162,1.3181898385236461
2021-12-31,0.003982091609620153,3.982091609620153e-06,0.09195912812207446,0.006453179148993394,0.006449197057383773,1.3399481642641988,1.3266911045513259
2022-01-03,0.015528903829913981,1.5528903829913982e-05,0.09635589369623429,0.0031219563682892996,0.0031064274644593856,1.3441314239688011,1.3308123742353581
2022-01-04,0.019358727904577544,1.9358727904577545e-05,0.09153688136176456,-0.017135486486972006,-0.017154845214876584,1.3210990781166692,1.3079824939453082
2022-01-05,0.014808270691047037,1.4808270691047037e-05,0.08617987172505735,0.0017036306524418306,0.0016888223817507835,1.3233497430010615,1.3101914440560214
2022-01-06,0.016124105413248935,1.6124105413248934e-05,0.0929845136181954,-0.013725517425511348,-0.013741641530924597,1.3051860830434545,1.2921872628949191
2022-01-07,0.005481302310762465,5.481302310762465e-06,0.08346572667635917,-0.005458681321433975,-0.005464162623744737,1.2980614881509496,1.2851265415501298
2022-01-10,0.01847241043316658,1.847241043316658e-05,0.10148557406976487,-0.0032444639801792264,-0.003262936390612393,1.293849974408586,1.280933255391164
2022-01-11,0.04059094262136098,4.059094262136098e-05,0.09447486779825325,0.0018716212905161862,0.0018310303478948251,1.296271571567423,1.283278683055413
2022-01-12,0.033875275230463575,3.387527523046357e-05,0.10632387496022079,0.013435149454191412,0.013401274178960948,1.3136871738646507,1.3004762525350544
2022-01-13,0.0428676352775928,4.28676352775928e-05,0.09364069895156525,0.0007649742381036196,0.0007221066028260268,1.3146921107095841,1.3014153350238284
2022-01-14,0.043711463896192376,4.3711463896192377e-05,0.08992091218389445,-0.00365396101531536,-0.0036976724792115523,1.3098882769899087,1.296603127355487
2022-01-18,0.02081537315108356,2.081537315108356e-05,0.09496008921831484,-0.008857634258687989,-0.008878449631839072,1.298285765712589,1.2850913017967762
2022-01-19,0.006419742944443418,6.419742944443419e-06,0.09751677583113316,-0.016276860829423936,-0.01628328057236838,1.277153748987263,1.2641657995685092
2022-01-20,0.015740515501332958,1.5740515501332957e-05,0.0947838558472511,0.0067706319460865295,0.006754891430585197,1.2858008869602204,1.2727051022948535
2022-01-21,0.0448721035682082,4.48721035682082e-05,0.09664512298888268,-0.0039037553509614713,-0.003948627454529679,1.2807814348674784,1.2676796639864119
2022-01-24,0.028152671078735203,2.8152671078735205e-05,0.10005449086369123,-0.005034696129084065,-0.0050628488001628,1.2743330895351483,1.2612615935206075
2022-01-25,0.025076119433371014,2.5076119433371015e-05,0.10485996637835383,0.0009604993304206604,0.0009354232109872894,1.2755570856143796,1.2624414068903136
2022-01-26,0.05687225081087474,5.687225081087474e-05,0.09439474543646188,-0.0041640988174025916,-0.004220971068213467,1.2702455398626433,1.2571126782365147
2022-01-27,0.009284827330610895,9.284827330610895e-06,0.09864130919004858,-0.015286049854024921,-0.015295334681355532,1.25082850321345,1.237884719090712
2022-01-28,0.013801221077287817,1.3801221077287818e-05,0.09421611889381215,0.0007613461327944937,0.0007475449117172059,1.2517808166571607,1.2388100935137607
2022-01-31,0.014884601094571653,1.4884601094571653e-05,0.1105461775952339,0.008910722485692033,0.008895837884597461,1.2629350881273056,1.249830347275462
2022-02-01,0.05421747281954384,5.421747281954384e-05,0.08920922918593051,0.005927201303706641,0.005872983830887098,1.2704207586281506,1.2571705806963627
2022-02-02,0.03080091116284006,3.080091116284006e-05,0.09715477517776364,0.0005508170002162353,0.0005200160890533953,1.2711205279794306,1.2578243296250096
2022-02-03,0.0063439830358792415,6.3439830358792415e-06,0.09550113890525912,0.006956156882167315,0.006949812899131436,1.2799626417881989,1.2665659733758787
2022-02-04,0.02540629187875365,2.540629187875365e-05,0.09454673657410788,-0.01397505683997347,-0.014000463131852225,1.2620750911161662,1.2488334631615712
2022-02-07,0.012622528409039574,1.2622528409039574e-05,0.10028606144555897,-0.004617991633222401,-0.004630614161631441,1.2562468389048933,1.243050597241536
2022-02-08,0.028115251008735076,2.8115251008735076e-05,0.0897347273329784,0.002679282490828218,0.002651167239819483,1.2596126790645295,1.2463461322623808
2022-02-09,0.044409556758114366,4.4409556758114365e-05,0.08974136870953166,0.0018018222139674577,0.0017574126572093432,1.261882277170663,1.2485364767304825
2022-02-10,0.008902636130009384,8.902636130009383e-06,0.0968539818332196,0.009331944383905832,0.009323041747775823,1.273658092400256,1.2601766344266618
2022-02-11,0.03845082574716238,3.8450825747162385e-05,0.09119386406763894,-0.016871434945724417,-0.01690988577147158,1.2521696527512296,1.2388671914866296
2022-02-14,0.004452914857390744,4.452914857390744e-06,0.09826152865389222,0.008974571443788583,0.008970118528931191,1.2634073387595894,1.2499799770358688
2022-02-15,0.020546991744152643,2.0546991744152644e-05,0.08811052338670418,-0.004743110718214648,-0.004763657709958801,1.2574148578696478,1.2440255002809677
2022-02-16,0.025109225107886518,2.5109225107886517e-05,0.08899103074384443,-0.00405156293868246,-0.004076672163790347,1.2523203624329544,1.2389540161529269
2022-02-17,0.0004734491431907517,4.734491431907517e-07,0.0935719608546224,0.008521818898092455,0.008521345448949265,1.2629924097640015,1.249511571319929
2022-02-18,0.014173659721695264,1.4173659721695265e-05,0.10512121488803149,0.001284352953645296,0.001270179293923601,1.2646145377959135,1.2510986750453374
2022-02-22,0.04071470418696388,4.071470418696388e-05,0.09672800066759553,0.0020487528608763416,0.002008038156689378,1.2672054204481287,1.253610928922612
2022-02-23,0.014154517311226383,1.4154517311226384e-05,0.09500082894110447,-0.0015460016273533051,-0.0015601561446645315,1.2652463188059249,1.2516551001288347
2022-02-24,0.019460896251717485,1.9460896251717485e-05,0.09524781532755636,-0.011190061310457234,-0.011209522206708952,1.2510881349256564,1.2376246444888002
2022-02-25,0.02365477784326883,2.365477784326883e-05,0.09878768646205713,0.0028534105066376843,0.0028297557287944156,1.254658002954583,1.2411268199166394
2022-02-28,0.012226266901158245,1.2226266901158245e-05,0.09860792020792152,0.006617496777095812,0.006605270510194654,1.2629606982454924,1.2493247982996465
2022-03-01,0.024219206597950182,2.4219206597950183e-05,0.09295123317119208,0.013833465629707893,0.013809246423109944,1.2804318216563433,1.2665770323018684
2022-03-02,0.034884882674109996,3.488488267411e-05,0.10586570079890884,0.008186799490779854,0.008151914608105744,1.2909144602418576,1.276902060113781
2022-03-03,0.035094591664056846,3.5094591664056846e-05,0.100393782276074,-0.014508352525283437,-0.014543447116947494,1.2721854181726826,1.258331502528995
2022-03-04,0.03284608987166093,3.284608987166093e-05,0.10142468955958293,0.00531681455956268,0.005283968469691019,1.2789493921264865,1.2649804865127772
2022-03-07,0.02752141563189564,2.752141563189564e-05,0.10110322590979925,0.012132312918545184,0.012104791502913288,1.294466006358748,1.2802928115572683
2022-03-08,0.026326470290390147,2.632647029039015e-05,0.1014153015610131,-0.007428935360615123,-0.007455261830905513,1.2848495020709954,1.2707478934268828
2022-03-09,0.05617992014900622,5.6179920149006216e-05,0.10011752323133544,0.007145155263124336,0.0070889753429753295,1.2940299512530407,1.2797561939105238
2022-03-10,0.05458241510356493,5.458241510356493e-05,0.10710139732658816,-0.007572707785194683,-0.007627290200298249,1.2842306405669117,1.269995122033939
2022-03-11,0.071319427014302,7.1319427014302e-05,0.09583514449962946,-0.006107437707013747,-0.006178757134028049,1.276387281928211,1.262148130613491
2022-03-14,0.027781799097603865,2.7781799097603867e-05,0.10139044677666396,-0.005890369300374442,-0.005918151099472046,1.2688688894673525,1.2546785472666042
2022-03-15,0.014090008321524655,1.4090008321524656e-05,0.09490936268837342,-0.018843677520591257,-0.018857767528912783,1.244958733298319,1.2310181108987366
2022-03-16,0.047924613349561024,4.7924613349561025e-05,0.09062689225040438,-0.0030785047584236274,-0.0031264293717731886,1.241126121913819,1.227169419719638
2022-03-17,0.0544740917935434,5.44740917935434e-05,0.10014572961516476,0.016451128968599096,0.016396654876805552,1.2615440478117206,1.2472908931701507
2022-03-18,0.019619868704363247,1.961986870436325e-05,0.09855587259098966,0.004046321878070699,0.004026702009366336,1.266648661092531,1.2523133619159432
2022-03-21,0.02857511095897297,2.857511095897297e-05,0.10014238123736335,0.0038792487933761743,0.0038506736824172015,1.2715623063827055,1.2571356120208121
2022-03-22,0.007356896331797175,7.356896331797175e-06,0.10417338081524088,-0.005774985068771872,-0.005782341965103669,1.2642190530493322,1.2498664240155979
2022-03-23,0.027136046875679665,2.7136046875679664e-05,0.09524794271986986,-0.0036989851398121446,-0.0037261211866878243,1.2595427255586353,1.2452092702525437
2022-03-24,0.03126917041752583,3.126917041752583e-05,0.10590602945398672,0.009806222059977407,0.00977495288955988,1.2718940812194925,1.2573811322069055
2022-03-25,0.037150469137132436,3.715046913713244e-05,0.09542563285806871,0.0062978345538374555,0.006260684084700323,1.279904259713018,1.2652531982497157
2022-03-28,0.034826516677251396,3.482651667725139e-05,0.10278510426595425,-0.006086526797283354,-0.006121353313960605,1.2721140881383175,1.2575081363916105
2022-03-29,0.017412507184094317,1.7412507184094316e-05,0.09925041730107481,-0.0009848784518142937,-0.001002290958998388,1.2708612103846606,1.2562477473556384
2022-03-30,0.015724960601974397,1.5724960601974396e-05,0.09787162274994865,0.008603320883950128,0.008587595923348153,1.2817948371765653,1.2670358953895449
2022-03-31,0.027618434598216418,2.761843459821642e-05,0.09725867970992921,0.004198809295825662,0.004171190861227446,1.2871768492542435,1.272320943937241
2022-04-01,0.02915436623170578,2.915436623170578e-05,0.10103687966784233,-0.005523653868820448,-0.005552808235052153,1.2800669298710041,1.265255989722117
2022-04-04,0.027255629735435105,2.7255629735435106e-05,0.1074838347240049,-0.0009825951597028902,-0.0010098507894383253,1.2788091423016172,1.2639782699620545
2022-04-05,0.04384240023389119,4.3842400233891186e-05,0.10121484823948577,0.002632068635556501,0.00258822623532261,1.2821750557359324,1.2672497316812479
2022-04-06,0.0076370397588514105,7.63703975885141e-06,0.09815887899001757,-0.016935076702846004,-0.016942713742604854,1.2604613228205686,1.2457790822369796
2022-04-07,0.019325722248444366,1.9325722248444366e-05,0.09575738463493226,-0.005848574358705117,-0.005867900080953561,1.2530894210477805,1.2384689750594708
2022-04-08,0.0248341218816934,2.48341218816934e-05,0.09190010614386857,0.00042050748900774443,0.00039567336712605105,1.2536163545337276,1.2389590042489136
2022-04-11,0.043474717678528035,4.347471767852803e-05,0.09417005564269026,-0.0031802213906539944,-0.0032236961083325225,1.2496295769873658,1.234964976928533
2022-04-12,0.010595273936091165,1.0595273936091165e-05,0.09604129312606823,-0.013059078852939065,-0.013069674126875156,1.233310565804523,1.218824387121973
2022-04-13,0.03942817047550598,3.942817047550598e-05,0.10294627340578263,0.0013580227000000071,0.0013185945295245013,1.2349854295490355,1.2204315222912832
2022-04-14,0.035216651998692894,3.521665199869289e-05,0.09126444678995868,0.008354432183678246,0.008319215531679554,1.2453030315680336,1.2305845551668801
2022-04-18,0.03652572460758438,3.6525724607584384e-05,0.1051324008069153,-0.017211156718880644,-0.01724768244348823,1.223869925929219,1.2093598235395007
2022-04-19,0.03698744073379551,3.6987440733795505e-05,0.10326509709753798,-0.0004330571771704624,-0.0004700446179042579,1.2233399202738722,1.2087913704633364
2022-04-20,0.03215007482914964,3.215007482914964e-05,0.09928768618841961,-0.003899002442510632,-0.0039311525173397815,1.2185701149367036,1.2040394272244008
2022-04-21,0.029701346965232855,2.9701346965232857e-05,0.09375583676217655,0.00996612625289026,0.009936424905925027,1.2307145385501619,1.216003274576789
2022-04-22,0.043408402384320005,4.3408402384320005e-05,0.10822093522722129,-0.01212907237652477,-0.012172480778909091,1.2157871128372457,1.2012014980899126
2022-04-25,0.04930015848514213,4.930015848514213e-05,0.103537981097625,-0.0185411646024577,-0.018590464760942844,1.1932450038565836,1.1788706039688803
2022-04-26,0.040018192175366174,4.001819217536617e-05,0.09393561229751204,-0.0019237713041954257,-0.0019637894963707918,1.1909494733592898,1.176555550259226
2022-04-27,0.04458071609400971,4.458071609400971e-05,0.10103568332806585,-0.007092953105740347,-0.007137533821834356,1.1825021245934462,1.1681578452259838
2022-04-28,0.017688657013760017,1.7688657013760018e-05,0.10284031230496306,-0.008202234273565477,-0.008219922930579236,1.1728029651385419,1.1585556777674746
2022-04-29,0.02339643933304955,2.3396439333049552e-05,0.10018152678268909,0.012298159500001899,0.01227476306066885,1.1872262830658906,1.1727766742046628
2022-05-02,0.02525176397133297,2.525176397133297e-05,0.10006066928519172,-0.018547319063279562,-0.018572570827250896,1.165206418393556,1.1509951963584488
2022-05-03,0.0064476227138458575,6.447622713845858e-06,0.10303658618333406,-0.015584552233513772,-0.015590999856227618,1.1470471981032762,1.1330500304175055
2022-05-04,0.02141100315990732,2.1411003159907322e-05,0.09364793720925238,0.005521833584965059,0.005500422581805152,1.153381001845303,1.139282284391129
2022-05-05,0.026893660113816276,2.6893660113816275e-05,0.10267813494249264,0.017874388932739883,0.017847495272626065,1.1739969824599192,1.1596156195759861
2022-05-06,0.029294468221454456,2.9294468221454458e-05,0.09930157427145146,-0.025729544677572245,-0.0257588391457937,1.1437905746483816,1.1297452673603785
2022-05-09,0.06682409906873324,6.682409906873323e-05,0.11012295823566892,-0.007431089863701742,-0.0074979139627704755,1.1352909641029143,1.1212745345458632
2022-05-10,0.05524077801570146,5.524077801570146e-05,0.09976483551950703,-0.01326173430782536,-0.013316975085841062,1.1202350369749066,1.106342549504928
2022-05-11,0.04187032168376387,4.1870321683763866e-05,0.09744872080478834,0.00015427374380722257,0.0001124034221234587,1.1204078598280047,1.106466906193533
2022-05-12,0.057575859198922885,5.757585919892289e-05,0.1001312109146691,0.005894047666134895,0.005836471806935972,1.127011597159343,1.1129247690968391
2022-05-13,0.06802019363303516,6.802019363303516e-05,0.10007250528797623,-0.008769410727163649,-0.008837430920796684,1.1171283695695762,1.103089373329902
2022-05-16,0.01279135790743452,1.279135790743452e-05,0.09724069384933921,-0.0029654148119576,-0.0029782061698650345,1.1138156205555965,1.0998041457523384
2022-05-17,0.059796132529154306,5.9796132529154305e-05,0.09050632499595142,0.002507353200509694,0.0024475570679805395,1.1166083497165744,1.1024959791626687
2022-05-18,0.03511521068951598,3.511521068951598e-05,0.09690441990295966,-0.0016224079605881123,-0.0016575231712776283,1.114796755441135,1.1006685665309661
2022-05-19,0.017598654984932377,1.7598654984932377e-05,0.10011779827201082,-0.005079945197114484,-0.005097543852099417,1.1091336490175732,1.0950578602464471
2022-05-20,0.01644652662349616,1.6446526623496162e-05,0.09584352700437147,0.006353613001955884,0.006337166475332388,1.116180654990878,1.1019974242069501
2022-05-23,0.01754051895041539,1.754051895041539e-05,0.10124446397989201,0.0053111734295924334,0.005293632910642018,1.1221088840282907,1.1078309940391748
2022-05-24,0.009370906789528982,9.370906789528982e-06,0.10063327073626978,0.0018129879904561714,0.0018036170836666424,1.1241432539590182,1.1098290969458393
2022-05-25,0.020610679923799724,2.0610679923799724e-05,0.09289983385924419,0.008512111787061153,0.008491501107137353,1.1337120870013881,1.1192532119512881
2022-05-26,0.023787265402019392,2.3787265402019393e-05,0.09760489496534488,0.001788690096959161,0.0017649028315571418,1.1357399465842106,1.1212285851142905
2022-05-27,0.012593529686021288,1.2593529686021288e-05,0.09775120810546584,0.004059436994448774,0.004046843464762752,1.140350411339448,1.1257660216864653
2022-05-31,0.012527868962217664,1.2527868962217664e-05,0.09302506331724616,0.009914946958435759,0.00990241908947354,1.151656925181909,1.136913828629894
2022-06-01,0.029538935066903166,2.9538935066903167e-05,0.09759151138760218,-0.017092802770282984,-0.017122341705349885,1.1319718805007442,1.1174472015665555
2022-06-02,0.011647255549995128,1.1647255549995128e-05,0.10497238151734228,-0.0013342800951668793,-0.0013459273507168744,1.1304615129523035,1.115943198814985
2022-06-03,0.03128598293904897,3.128598293904897e-05,0.09309028040592854,0.012984861275019762,0.012953575292080714,1.1451403988747382,1.1303986530625203
2022-06-06,0.026696051709540175,2.6696051709540177e-05,0.09420156993576315,-0.012714141779564783,-0.012740837831274323,1.1305809214859375,1.1159964271391598
2022-06-07,0.02094194725972026,2.0941947259720263e-05,0.09687531183181287,-0.010204038606380047,-0.010224980553639768,1.1190444301154583,1.1045853853737304
2022-06-08,0.01458243038703369,1.458243038703369e-05,0.09936500364641866,0.01228795612503217,0.012273373694645135,1.1327951989746787,1.118142374586066
2022-06-09,0.014511964865523558,1.4511964865523559e-05,0.09998975686591263,-0.008962792991311435,-0.008977304956176959,1.1226421901047172,1.1081044695049829
2022-06-10,0.01226832119229282,1.226832119229282e-05,0.09896017936292971,-0.009684062874733966,-0.009696331195926259,1.1117704525499141,1.0973599215689764
2022-06-13,0.015539826562175063,1.5539826562175063e-05,0.0974792461155159,-0.007389056496742427,-0.007404596323304602,1.103555517864614,1.089234414328385
2022-06-14,0.02833761634623269,2.833761634623269e-05,0.09493847697244577,-0.041575809660580734,-0.04160414727692697,1.057674303703991,1.0439177453355695
2022-06-15,0.00873003784315507,8.73003784315507e-06,0.10392324276343409,-0.010528462108670504,-0.01053719214651366,1.046538619874129,1.0329177834678134
2022-06-16,0.023170640431523143,2.3170640431523145e-05,0.10615754695526418,0.019071564056811697,0.019048393416380174,1.0664977482009859,1.0525932077740836
2022-06-17,0.03769585316366725,3.769585316366725e-05,0.10269453249119628,-0.00512169198586405,-0.005159387839027718,1.0610354752310827,1.0471624711784508
2022-06-21,0.060160408077788025,6.0160408077788026e-05,0.09771277077610943,-0.002853842687822762,-0.00291400309590055,1.0580074468985738,1.044111036495526
2022-06-22,0.06496725636462908,6.496725636462907e-05,0.09813783574377857,0.0005484594554009904,0.00048349219903636137,1.05858772108671,1.0446158560365995
2022-06-23,0.05649449134507506,5.649449134507506e-05,0.0975246059744808,0.012953482056966847,0.012896987565621772,1.072300118137532,1.0580882537427547
2022-06-24,0.041488069361490354,4.1488069361490354e-05,0.10139458578915245,0.0036258561250300967,0.0035843680556686065,1.0761881240887516,1.0618808314795485
2022-06-27,0.034399559176219924,3.439955917621992e-05,0.09594360068850039,0.004623668671484956,0.004589269112308736,1.081164061402725,1.0667540883804103
2022-06-28,0.048153703435774325,4.815370343577433e-05,0.09293234710454473,-0.005430901302645818,-0.005479055006081593,1.0752923660932792,1.0609092840522116
2022-06-29,0.031725181503238054,3.1725181503238056e-05,0.09802912592160797,-0.0071387696082705985,-0.007170494789773837,1.067616101630207,1.0533020395584927
2022-06-30,0.019737190166891044,1.9737190166891045e-05,0.09725191165097906,0.005708687367978444,0.005688950177811554,1.0737107881834338,1.059294222383728
2022-07-01,0.026969432860169895,2.6969432860169897e-05,0.09956063548048194,-0.0028018856921115396,-0.0028288551249717095,1.0707023732885568,1.056297632493885
2022-07-05,0.021513728289952627,2.151372828995263e-05,0.10083873440798136,0.007618216872758872,0.007596703144468919,1.0788592161744466,1.0643220120401464
2022-07-06,0.012179847389070741,1.2179847389070742e-05,0.10280900558401765,-0.006635742281213984,-0.006647922128603055,1.0717001844582004,1.0572464821843455
2022-07-07,0.01774001860755478,1.774001860755478e-05,0.10103542870042066,-0.013274688798333286,-0.013292428816940842,1.0574736980244015,1.043193108577949
2022-07-08,0.04415591776926425,4.415591776926425e-05,0.09822031884467446,0.0028250219174587097,0.0027808659996894454,1.0604610843984568,1.0460940888247037
2022-07-11,0.03512464822072453,3.512464822072453e-05,0.09642743117138583,-0.005112064032975854,-0.005147188681196579,1.055039939430533,1.0407096451712385
2022-07-12,0.03320139242935852,3.3201392429358516e-05,0.09651932915561093,0.0009409523901954279,0.0009077509977660694,1.056032681783292,1.0416543503900273
2022-07-13,0.04427415508216795,4.427415508216795e-05,0.09766739982258117,-0.0031195331676298847,-0.0031638073227120526,1.0527383528063678,1.0383587567285284
2022-07-14,0.012182082036054115,1.2182082036054116e-05,0.10419234178085508,0.005363618987206678,0.0053514369051706236,1.0583848402240408,1.0439154681000924
2022-07-15,0.038545263738210406,3.854526373821041e-05,0.10291459355523461,-0.011617892075412256,-0.011656437339150467,1.0460886393760653,1.0317471328588137
2022-07-18,0.020973113324389586,2.0973113324389586e-05,0.09922853646668423,0.008960671439173168,0.008939698325848778,1.055462295969766,1.040970640975131
2022-07-19,0.006378664124073841,6.37866412407384e-06,0.0973314304702054,-0.007342589217833706,-0.00734896788195778,1.0477124698955482,1.0333205811685435
2022-07-20,0.01605599767570076,1.6055997675700762e-05,0.09700177676904696,0.010045705528727527,0.010029649531051827,1.0582374808468946,1.043684424450887
2022-07-21,0.014323648342802392,1.4323648342802392e-05,0.09514876444576853,-0.0011971266469095292,-0.0012114502952523315,1.0569706365598144,1.0424200526467355
2022-07-22,0.01407829455819895,1.4078294558198951e-05,0.09783397947956028,0.01804123158539471,0.018027153290836512,1.076039688592952,1.0612119187292401
2022-07-25,0.01321036655869412,1.321036655869412e-05,0.1004232022839626,0.004403142218721307,0.004389931852162613,1.0807776443748154,1.065870566733164
2022-07-26,0.02144436745462805,2.144436745462805e-05,0.09884388097680305,-0.004955769045265286,-0.004977213412719914,1.0754215599800079,1.0605655014521964
2022-07-27,0.019384408961937022,1.938440896193702e-05,0.09602909251012749,-0.004679729867972566,-0.004699114276934503,1.0703888775851078,1.0555817829626981
2022-07-28,0.031292941816042724,3.129294181604273e-05,0.11023023220805668,0.012835150984278496,0.012803858042462453,1.0841274804408052,1.069097302263962
2022-07-29,0.06126357679335129,6.12635767933513e-05,0.09262571221521035,0.013121901216617845,0.013060637639824494,1.0983532941453704,1.0830603947305457
2022-08-01,0.051817729005245394,5.1817729005245393e-05,0.10052572060016993,0.005486151429492585,0.0054343337004873395,1.1043790266401339,1.088946106333293
2022-08-02,0.023010580995302593,2.3010580995302593e-05,0.09750084104311417,0.01100308013118366,0.010980069550188357,1.1165305975654538,1.1009028103172394
2022-08-03,0.017411899099092437,1.741189909909244e-05,0.10323577282273409,-0.014757788393972711,-0.014775200293071803,1.100053075271187,1.0846367507915966
2022-08-04,0.03720766386687546,3.7207663866875465e-05,0.10400380392753705,0.01428190254604324,0.014244694882176364,1.1157639260876853,1.1000870703646182
2022-08-05,0.04207805053185551,4.2078050531855514e-05,0.09398075835003185,0.0071497212750687425,0.007107643224536887,1.1237413271679886,1.107906096776696
2022-08-08,0.04132027178783507,4.132027178783507e-05,0.10463175595901943,-0.015870813725884645,-0.01591213399767248,1.105906637888427,1.090276946507947
2022-08-09,0.053776361477547246,5.377636147754725e-05,0.0930547682592068,0.010059430633668922,0.010005654272191375,1.1170314289995797,1.1011858806956458
2022-08-10,0.03647209583210831,3.647209583210831e-05,0.09947109741583232,-0.001797750930208486,-0.0018342230260405944,1.1150232847090236,1.099166060197323
2022-08-11,0.004993192060839424,4.993192060839424e-06,0.09664505593263255,0.0044976448299741114,0.004492651637913272,1.1200382634207957,1.1041042303980073
2022-08-12,0.017802080756438604,1.7802080756438605e-05,0.09348945066640833,-0.011160843918381728,-0.011178645999138167,1.107537691180141,1.0917618400602371
2022-08-15,0.017548720115221933,1.7548720115221934e-05,0.09515340697510519,0.016454724962839968,0.016437176242724744,1.125761919274489,1.1097073218403886
2022-08-16,0.005838222381492342,5.838222381492342e-06,0.09442737586174015,-0.005086897978854084,-0.005092736201235576,1.1200352832426608,1.1040558751896759
2022-08-17,0.008050676837009052,8.050676837009053e-06,0.0952759174981862,0.0019172986795180332,0.0019092480026810241,1.1221827254122354,1.10616379166423
2022-08-18,0.027303076670972815,2.7303076670972816e-05,0.09493742285562122,-0.011331127203812033,-0.011358430280483006,1.1094671302046688,1.093599507357817
2022-08-19,0.033504944620870974,3.3504944620870975e-05,0.09593139590406205,0.0007583609492619927,0.0007248560046411218,1.110308506750706,1.094392209527398
2022-08-22,0.00805329989468051,8.05329989468051e-06,0.09610653981767327,-0.01780615030124661,-0.01781420360114129,1.09053818659875,1.074896483887374
2022-08-23,0.023200531050615786,2.3200531050615786e-05,0.09810284310913106,-0.015431494148361275,-0.015454694679411891,1.0737095529536869,1.0582842869169213
2022-08-24,0.006332742179329359,6.33274217932936e-06,0.10531590683811784,-0.0002909134994716914,-0.00029724624165102073,1.073397196350221,1.057969715890037
2022-08-25,0.03330496108844272,3.330496108844272e-05,0.09868865527751182,-0.0006143243637781987,-0.0006476293248666414,1.0727377823004918,1.0572845436772058
2022-08-26,0.025814144725762794,2.5814144725762794e-05,0.09856835970385214,0.013987931294507112,0.013962117149781348,1.087743164696333,1.07204647433668
2022-08-29,0.007901782352073033,7.901782352073034e-06,0.10056365433972703,-0.018549024461723972,-0.018556926244076045,1.0675665901263076,1.0521525869821924
2022-08-30,0.008975097972139495,8.975097972139495e-06,0.09542042811373956,-0.006171677383122623,-0.006180652481094762,1.0609779135470476,1.0456495974849707
2022-08-31,0.013582975231119676,1.3582975231119677e-05,0.09830914645559913,-0.008166785123593328,-0.008180368098824447,1.0523131349062305,1.037095798875156
2022-09-01,0.007326956074288626,7.3269560742886265e-06,0.09756785722480125,-0.011483779308200008,-0.011491106264274298,1.0402286031018473,1.025178420844049
2022-09-02,0.04790724605296723,4.790724605296723e-05,0.09608824831276667,-0.010914690044191778,-0.010962597290244746,1.028874830323888,1.0139398026656867
2022-09-06,0.027506093628726386,2.7506093628726385e-05,0.09147608246673392,0.0017640236822980626,0.0017365175886693363,1.0306897898906997,1.0157005269668677
2022-09-07,0.02377429623281402,2.377429623281402e-05,0.10060489157121483,-0.015820243263379916,-0.01584401755961273,1.0143840266855468,0.9996077499822967
2022-09-08,0.017845113574149918,1.7845113574149918e-05,0.09496662146541006,0.020061789684936146,0.020043944571361997,1.034734385688671,1.0196438323160457
2022-09-09,0.019940897768720933,1.9940897768720932e-05,0.0945279312977961,-0.004625192070874641,-0.004645132968643362,1.0299485404125224,1.0149074511342806
2022-09-12,0.009199167082430959,9.199167082430959e-06,0.09719951739082985,0.010962177662179294,0.010952978495096863,1.0412390192954268,1.026023710621068
2022-09-13,0.01821564369668388,1.821564369668388e-05,0.09605090290659192,0.004049938540469134,0.00403172289677245,1.0454559733295117,1.0301603539078104
2022-09-14,0.0012982693164688697,1.2982693164688698e-06,0.10025069475310856,-0.027693374815646543,-0.027694673084963012,1.016503769206841,1.0016303996812437
2022-09-15,0.018846747225748334,1.8846747225748333e-05,0.09529324036539455,0.0014378183618268196,0.0014189716146010712,1.017965316991073,1.003051684786713
2022-09-16,0.011966097681907623,1.1966097681907622e-05,0.09691239492255212,-0.015321909187288821,-0.01533387528497073,1.0023681448483261,0.9876710153478138
2022-09-19,0.014494933240080554,1.4494933240080555e-05,0.09996792530530198,-0.0069883715232615055,-0.007002866456501586,0.9953632238490436,0.9807544871243756
2022-09-20,0.008296033422243526,8.296033422243526e-06,0.10285201655129367,0.005175978016912449,0.005167681983490205,1.0005152020145294,0.9858227144177155
2022-09-21,0.035715741257729444,3.5715741257729445e-05,0.09908970172718408,-0.012355392531868948,-0.012391108273126677,0.9881534439595377,0.973607278425258
2022-09-22,0.008450544654905134,8.450544654905135e-06,0.09883887489603438,0.0018402122260379157,0.0018317616813830107,0.9899718560083136,0.9753906949305929
2022-09-23,0.018366246205390235,1.8366246205390236e-05,0.09379852123693155,-0.015534021171749098,-0.015552387417954488,0.9745936122376447,0.9602210409591645
2022-09-26,0.049759150040241784,4.975915004024178e-05,0.10616173306722526,-0.014493977664504042,-0.014543736814544284,0.9604678741899041,0.9462558388556667
2022-09-27,0.04487513047305838,4.487513047305838e-05,0.09687349185391235,-0.018843700877961257,-0.018888576008434316,0.9423691048657782,0.9283824135200166
2022-09-28,0.023663875454731975,2.3663875454731976e-05,0.1007932776407027,-0.012556376060089724,-0.012580039935544456,0.9305363639976734,0.9167033256824776
2022-09-29,0.014823152881759033,1.4823152881759034e-05,0.10564783915212221,0.03448091473296913,0.03446609158008737,0.9626221090206043,0.9482985064572206
2022-09-30,0.03544546933130621,3.544546933130621e-05,0.0987884721886389,-0.01105355422855819,-0.011088999697889497,0.951981713336936,0.9377828246056075
2022-10-03,0.04030715851849989,4.030715851849989e-05,0.10774515038081876,-0.012288616009417977,-0.012328923167936478,0.9402831756137506,0.9262209722128345
2022-10-04,0.05713423581265867,5.713423581265867e-05,0.10533484149949526,0.0267950325193628,0.02673789828355014,0.9654780938817309,0.9509861743559522
2022-10-05,0.028009497456917193,2.8009497456917194e-05,0.09638267760634636,0.016265262103599597,0.01623725260614268,0.9811818481340011,0.9664275770939191
2022-10-06,0.06123270751833246,6.123270751833245e-05,0.0997836496174452,-0.007501580805060192,-0.007562813512578525,0.9738214332157656,0.9591186655549447
2022-10-07,0.05710998790811117,5.710998790811117e-05,0.09451982513562937,-0.006130929523280769,-0.00618803951118888,0.9678510026404595,0.953183601356572
2022-10-10,0.02333161405019432,2.3331614050194322e-05,0.10219974098215809,-0.019125240992844093,-0.019148572606894287,0.9493406189697949,0.9349314959582947
2022-10-11,0.026213634550958653,2.6213634550958654e-05,0.09306464032414627,-0.016397665310385584,-0.01642387894493654,0.933773649234374,0.9195762942468673
2022-10-12,0.02065487523491935,2.0654875234919353e-05,0.10099113696181858,-0.001301292439902016,-0.0013219473151369354,0.9325585366440455,0.918360662833624
2022-10-13,0.018612107694956248,1.861210769495625e-05,0.0966882646029567,0.0035052360283384016,0.0034866239206434455,0.9358273744252247,0.9215626410884378
2022-10-14,0.04311717569012263,4.3117175690122634e-05,0.10413184792748711,0.0023951939036072917,0.002352076727917169,0.9380688624472768,0.9237302271298599
2022-10-17,0.023557560542213474,2.3557560542213474e-05,0.09338661437750402,-0.01753232720719276,-0.017555884767734974,0.9216223322079721,0.9075133257058944
2022-10-18,0.023397343464844567,2.3397343464844568e-05,0.1055145759885097,0.008517356426391055,0.00849395908292621,0.9294721181019091,0.9152217067616506
2022-10-19,0.0331550847786648,3.31550847786648e-05,0.10237650931375493,0.0058884920633885795,0.0058553369786099145,0.9349453072924931,0.9205806382648785
2022-10-20,0.01341229343763492,1.341229343763492e-05,0.09452139929061497,-0.015682318706586356,-0.015695731000023992,0.920283197010305,0.9061314522028425
2022-10-21,0.07317791530795212,7.317791530795212e-05,0.09743234647888799,-0.01136935207378623,-0.011442529989094181,0.9098201733359054,0.89576301588695
2022-10-24,0.06260462242621428,6.260462242621429e-05,0.10178051010294521,0.009898095475288396,0.009835490852862182,0.9188256602769275,0.9045732848360383
2022-10-25,0.04663884891130135,4.663884891130135e-05,0.09729961532011569,-0.000685429674209896,-0.0007320685231211974,0.9181958699039481,0.9039110752073535
2022-10-26,0.0581426428340579,5.81426428340579e-05,0.0918970199397382,0.018819097063364845,0.018760954420530787,0.9354754871028512,0.9208693096895315
2022-10-27,0.019216317494645696,1.9216317494645697e-05,0.09803042454438339,0.006336445160538895,0.006317228843044249,0.9414030762259069,0.9266866518533764
2022-10-28,0.02183911760547555,2.183911760547555e-05,0.09760333588616883,0.0019292240964075991,0.0019073849788021236,0.943219253724994,0.9284542000531779
2022-10-31,0.011374739920054,1.1374739920054e-05,0.09897969599836617,0.000780089994849099,0.000768715254929045,0.943955049627774,0.9291679169602617
2022-11-01,0.014030301729751643,1.4030301729751643e-05,0.09379263635427727,-0.009842632069920454,-0.009856662371650206,0.9346640473837443,0.9200094225162149
2022-11-02,0.01822316698533577,1.822316698533577e-05,0.0973321931818611,0.00603873151473811,0.006020508347752774,0.9403082326223732,0.9255483469244848
2022-11-03,0.010840923000692032,1.0840923000692032e-05,0.10223148867616311,-0.016295233026388745,-0.016306073949389436,0.9249856908551598,0.9104562871357991
2022-11-04,0.02423381130952143,2.423381130952143e-05,0.09639962136144416,-0.008109288085256468,-0.00813352189656599,0.9174847154132754,0.9030510709885139
2022-11-07,0.02906629793028434,2.906629793028434e-05,0.10240375610480688,0.013011849980467935,0.012982783682537651,0.9294228888896052,0.9147751876974417
2022-11-08,0.014983940095619208,1.4983940095619208e-05,0.09313215978092,-0.0025690041978385127,-0.0025839881379341317,0.9270351975864806,0.9124114194635551
2022-11-09,0.023483486919905816,2.3483486919905816e-05,0.0990825021298889,0.018235101467919977,0.018211617981000072,0.9439397784788034,0.9290279076763274
2022-11-10,0.010342577411062648,1.0342577411062648e-05,0.10367308293420946,-0.00912207970322689,-0.009132422280637953,0.9353290845844734,0.9205436325129296
2022-11-11,0.019496535533248482,1.9496535533248482e-05,0.10208269757543631,0.049446692940763176,0.049427196405229926,0.9815780146284869,0.96604352343673
2022-11-14,0.021018596815904095,2.1018596815904095e-05,0.10046849275417982,0.004861085465618845,0.004840066868802941,0.9863495492487684,0.9707192386883376
2022-11-15,0.02844428360808343,2.8444283608083433e-05,0.10003982718424291,-0.0029449312002442067,-0.00297337548385229,0.9834448176868389,0.9678329259023181
2022-11-16,0.07176330826313065,7.176330826313065e-05,0.101466268854291,0.011922379155748812,0.01185061584748568,0.9951698196820576,0.9793023421117344
2022-11-17,0.03464231888794278,3.464231888794278e-05,0.09475352195388335,0.00536678235543698,0.005332140036549037,1.0005106795109908,0.9845241193379947
2022-11-18,0.035389327066912335,3.5389327066912334e-05,0.09556511086391734,-0.009207487001837274,-0.009242876328904186,0.991298490434194,0.9754242846601303
2022-11-21,0.02313388486296175,2.3133884862961753e-05,0.09846062069646375,-0.004596057663737119,-0.00461919154860008,0.9867424254101829,0.9709186130481289
2022-11-22,0.012569833807111658,1.2569833807111657e-05,0.09414590122485736,-0.002373882804207118,-0.0023864526380142294,0.98440001453432,0.968601561762723
2022-11-23,0.029535516263567457,2.9535516263567457e-05,0.09632260758526376,0.01269354088614093,0.012664005369877362,0.996895536367129,0.9808679371421578
2022-11-25,0.0319321682182408,3.1932168218240795e-05,0.09281089767266994,0.013533695505912616,0.013501763337694374,1.0103872170075252,0.9941113838949837
2022-11-28,0.01037962088970254,1.037962088970254e-05,0.08974030583693912,-0.001225212102061826,-0.0012355917229515286,1.009149278361479,0.9928830680973512
2022-11-29,0.0293805878192738,2.9380587819273803e-05,0.09365170201973819,-0.009905162566507548,-0.009934543154326821,0.9991534907054348,0.9830192284101376
2022-11-30,0.03127106983024014,3.127106983024014e-05,0.09792356275880751,-0.004067098349035968,-0.004098369418866208,0.9950898351929532,0.978990452466264
2022-12-01,0.031278966200985275,3.1278966200985276e-05,0.0954603296509384,0.024175269994861737,0.02414399102866075,1.0191464006278852,1.002627189167754
2022-12-02,0.0031394242728533805,3.1394242728533805e-06,0.10050536505573172,0.023302283556660197,0.023299144132387345,1.0428948390410657,1.025987544559224
2022-12-05,0.014530479469206214,1.4530479469206215e-05,0.0946673518103063,0.003762465319956456,0.0037479348404872498,1.0468186947053193,1.0298328790233833
2022-12-06,0.01926243491535029,1.926243491535029e-05,0.10277391153626986,-0.02429848441600653,-0.02431774685092188,1.0213825869656377,1.0047896637725366
2022-12-07,0.03362405797597101,3.362405797597101e-05,0.10390677255475222,0.0012428195107263066,0.0012091954527503356,1.0226519811726347,1.006004650864941
2022-12-08,0.026499447893206712,2.6499447893206713e-05,0.10590926768629873,0.014353213475422209,0.014326714027529002,1.037330323369469,1.020417391808247
2022-12-09,0.05480638468147003,5.480638468147003e-05,0.09398631328329066,0.0024869416113877593,0.0024321352267062894,1.039910103315411,1.0228991848928077
2022-12-12,0.026865754549408483,2.6865754549408484e-05,0.09851468259719527,-0.012635587826843698,-0.012662453581393106,1.026770227872947,1.0099467714456578
2022-12-13,0.006407592164583253,6.4075921645832536e-06,0.10286261273591141,0.0031090515252028775,0.003102643933038294,1.0299625094159481,1.0130802766687754
2022-12-14,0.03735621170942166,3.735621170942166e-05,0.097846356332396,0.015199414364119677,0.015162058152410255,1.0456173363760697,1.0284406587366874
2022-12-15,0.026823748299839884,2.6823748299839885e-05,0.0964004393791572,-0.0016685798898371886,-0.0016954036381370285,1.0438726403161276,1.0266970367022572
2022-12-16,0.019192419599621258,1.919241959962126e-05,0.09781509384261,-0.017338339151975336,-0.017357531571574956,1.0257736224468585,1.0088761104732553
2022-12-19,0.009036405552997229,9.036405552997229e-06,0.10005620783848741,-0.007828380445798916,-0.007837416851351914,1.0177434762790791,1.000969127844106
2022-12-20,0.021129636620760173,2.1129636620760174e-05,0.10464768817855419,-0.012489480138453584,-0.012510609775074344,1.0050323893460509,0.9884463936887519
2022-12-21,0.03526459659949169,3.5264596599491685e-05,0.09531892185561237,0.0009887640079617995,0.0009534994113623077,1.006026129199472,0.9893888767432972
2022-12-22,0.005651642732071971,5.651642732071971e-06,0.09308748502003426,0.005526693453300535,0.005521041810568463,1.011586127221568,0.9948513340987083
2022-12-23,0.03301452307149466,3.301452307149466e-05,0.10356923037065631,-0.012050803258408342,-0.012083817781479838,0.9993957018234857,0.9828297318577974
2022-12-27,0.02728952959913669,2.7289529599136693e-05,0.09601456777910079,-0.003077694654656697,-0.003104984184255834,0.9963198670140967,0.9797780610845626
2022-12-28,0.021341080406976964,2.1341080406976966e-05,0.09990954689667272,-0.00657591841272752,-0.006597259493134497,0.9897681488556325,0.9733142109699076
2022-12-29,0.019771619439730437,1.9771619439730437e-05,0.09079999071372197,-0.009667352502248986,-0.009687124121688716,0.9801997112651466,0.9638855953988386
2022-12-30,0.04033037736477793,4.033037736477793e-05,0.09943530029297697,0.015679263250647803,0.015638932873283027,0.9955685205762818,0.9789597375228055
2023-01-03,0.008024894515340775,8.024894515340775e-06,0.09804182616999658,-0.004334621006679398,-0.004342645901194739,0.9912531083534031,0.9747084620312174
2023-01-04,0.00181853342063229,1.8185334206322901e-06,0.10356032461091655,0.011915648304331266,0.011913829770910633,1.0030645317731173,0.9863209727241236
2023-01-05,0.023373603267432846,2.3373603267432846e-05,0.1003884924459957,0.014119372740599564,0.014095999137332131,1.0172271737800969,1.0002241523047755
2023-01-06,0.026017337831462456,2.6017337831462456e-05,0.09659152900412404,-0.00846280515093822,-0.008488822488769683,1.0086185784141564,0.99173342702688
2023-01-09,0.03153047461381228,3.153047461381228e-05,0.09933589078202774,0.027601403864993383,0.02756987339037957,1.036457867142701,1.0190753920470184
2023-01-10,0.017982478154297904,1.7982478154297903e-05,0.09888518501963801,0.0032963282273447696,0.0032783457491904716,1.039874372466617,1.0224162735266404
2023-01-11,0.014016568586867673,1.4016568586867673e-05,0.0988116502129602,-0.0024164346798126314,-0.002430451248399499,1.0373615839703403,1.0199313406182637
2023-01-12,0.013623801655243378,1.362380165524338e-05,0.10340690564019407,0.01253150117779223,0.012517877376136986,1.050361281881661,1.032698716072202
2023-01-13,0.027771404623714968,2.7771404623714968e-05,0.09267775947984029,0.015823021107723278,0.015795249703099562,1.0669811706156098,1.0490104501606328
2023-01-17,0.037927666839229046,3.792766683922905e-05,0.10389039944363679,0.003703741959192859,0.00366581429235363,1.0709329935468874,1.0528559276616598
2023-01-18,0.04208475335429049,4.208475335429049e-05,0.09239387164270649,-0.006969980455959573,-0.007012065209313864,1.0634686115122234,1.0454732332408836
2023-01-19,0.018703519116073375,1.8703519116073377e-05,0.09956314866509783,0.003178453558169331,0.003159750039053258,1.0668487971044858,1.0487766673304455
2023-01-20,0.018479375019510497,1.8479375019510495e-05,0.09568942781152802,0.0018509230194123493,0.0018324436443928388,1.068823452101279,1.0506984914688826
2023-01-23,0.008446858800327584,8.446858800327583e-06,0.10185440244683772,-0.0006676567912540748,-0.0006761036500544024,1.0681098448648318,1.0499881103836939
2023-01-24,0.03482347069506797,3.482347069506797e-05,0.09366208407659254,0.0038623318156054557,0.003827508344910388,1.0722352395012147,1.0540069486382442
2023-01-25,0.014592172810965143,1.4592172810965143e-05,0.09409804310494341,0.0076136530618876996,0.0075990608890767345,1.080398866615507,1.0620164116184563
2023-01-26,0.012554154229862308,1.2554154229862307e-05,0.09827251233055274,0.0035564193162438617,0.003543865162013999,1.0842412180139864,1.065780054581078
2023-01-27,0.0054083257030141385,5.408325703014139e-06,0.095627612479809,-0.002298919459468514,-0.002304327785171528,1.0817486347791363,1.0633241479884252
2023-01-30,0.016375158580309662,1.6375158580309662e-05,0.0905084092950429,-0.0008489379211724752,-0.0008653130797527849,1.0808302973418957,1.062404039695154
2023-01-31,0.03713393095362369,3.713393095362369e-05,0.09907368558650259,-0.008781316383297516,-0.00881845031425114,1.071339184544283,1.0530352824574425
2023-02-01,0.004698249680793631,4.698249680793632e-06,0.0943612314816774,0.012208717023481856,0.012204018773801062,1.084418861484552,1.065886544814028
2023-02-02,0.01716511188184988,1.716511188184988e-05,0.10143909467635161,0.015956433306977734,0.015939268195095883,1.101722318724659,1.0828759963173629
2023-02-03,0.032880005133218676,3.2880005133218676e-05,0.09586052344142348,-0.0034015009803420202,-0.003434380985475239,1.0979748091774524,1.079156987585983
2023-02-06,0.02221784968509863,2.221784968509863e-05,0.09291924638988686,-0.024854151246373423,-0.02487636909605852,1.070685577205448,1.0523114800502034
2023-02-07,0.02383718595084494,2.383718595084494e-05,0.08946991812894432,-0.00574413518341895,-0.005767972369369795,1.0645354145110428,1.0462417765093033
2023-02-08,0.0,0.0,0.09836646532228349,0.0029278645453177992,0.0029278645453177992,1.067652230008425,1.0493050307125753
2023-02-09,0.007421542881354742,7.4215428813547425e-06,0.10221596762904735,-0.001937535000428325,-0.0019449565433096797,1.0655836164444983,1.047264178027163
2023-02-10,0.019883356245596923,1.988335624559692e-05,0.10172225373775423,-0.012573380983602124,-0.012593264339847721,1.052185627665057,1.0340757033996135
2023-02-13,0.014784169388813079,1.478416938881308e-05,0.1010535055760087,-0.0031129122120325723,-0.0031276963814213855,1.0489102661753733,1.0308414285639746
2023-02-14,0.028364304045823074,2.8364304045823076e-05,0.09701971587958359,0.006861145455614026,0.006832781151568203,1.0561069920814894,1.0378849424473222
2023-02-15,0.02906043201284292,2.9060432012842918e-05,0.10381899095886984,-0.0009122445773594137,-0.0009413050093722567,1.0551435642048517,1.0369079761518445
2023-02-16,0.054064300351421485,5.4064300351421485e-05,0.09184168022830337,-0.007609535061345132,-0.007663599361696553,1.0471144122582823,1.0289615288476692
2023-02-17,0.07568843464981131,7.568843464981131e-05,0.10100414311265676,-0.013822061238920647,-0.013897749673570459,1.032641132727892,1.01466127909601
2023-02-21,0.026052979190556852,2.605297919055685e-05,0.10171833984740941,0.0038639250807230526,0.003837872101532496,1.0366311807000255,1.0185554193115576
2023-02-22,0.015757922885188597,1.5757922885188597e-05,0.09991374157332097,-0.0204785527376932,-0.02049431066057839,1.0154024743965229,0.9976808281231708
2023-02-23,0.009672038153054424,9.672038153054424e-06,0.09209733949873913,0.000676660814961823,0.0006669887768087685,1.0160895574623623,0.9983462700383662
2023-02-24,0.03173535897708221,3.173535897708221e-05,0.10748448243210464,0.007113179924354357,0.007081444565377275,1.0233171853038499,1.0054160038066942
2023-02-27,0.06210650243027957,6.210650243027957e-05,0.09619094235007232,-0.013879133316606507,-0.013941239819036786,1.0091144296638432,0.9913992581797274
2023-02-28,0.032639473266443814,3.263947326644381e-05,0.08725059949292134,0.004634775644262387,0.004602136170995944,1.013791448644723,0.9959618125656949
2023-03-01,0.05654790299352461,5.6547902993524605e-05,0.09971329679960994,0.00261533839947672,0.0025587904964831953,1.0164428563494248,0.9985102701865483
2023-03-02,0.026011967953505133,2.6011967953505135e-05,0.10046394627394666,-0.0049790279248215965,-0.005005039892775101,1.0113819589836754,0.993512686450919
2023-03-03,0.00628956837963035,6.2895683796303505e-06,0.09713004596699361,-0.0005983875769118974,-0.0006046771452915278,1.0107767605839069,0.9929119320358648
2023-03-06,0.03127948722393778,3.127948722393778e-05,0.09700019763260403,0.02421514793180033,0.024183868444576394,1.035252869367472,1.0169243835772703
2023-03-07,0.019832939745071193,1.9832939745071195e-05,0.10211387444926337,-0.00597551059643855,-0.005995343536183621,1.0290667048765734,1.010827572547403
2023-03-08,0.025917002032578934,2.5917002032578935e-05,0.09977087852554785,-0.012921638273693666,-0.012947555275726245,1.0157694771566566,0.9977398266776173
2023-03-09,0.014106060093957012,1.4106060093957012e-05,0.0894494530855984,0.0009291767876435792,0.0009150707275496223,1.0167133065764273,0.9986528291867204
2023-03-10,0.0433360349828405,4.33360349828405e-05,0.09940024177091179,-0.0031899769839955397,-0.0032333130189783803,1.0134700145291264,0.9954238719926715
2023-03-13,0.024311863125257932,2.4311863125257933e-05,0.095326053830956,0.02069423196456287,0.020669920101437613,1.0344429980989212,1.0159992038938235
2023-03-14,0.008209826289734157,8.209826289734157e-06,0.09940021631070234,0.01177486257245307,0.011766652746163335,1.0466234222405721,1.0279541137164205
2023-03-15,0.02747722286339649,2.747722286339649e-05,0.09818905839614306,-0.0034683310132548207,-0.003495808236118217,1.0429933857660163,1.0243605832593392
2023-03-16,0.016156335218222184,1.6156335218222185e-05,0.09062683545179215,0.00965095280401898,0.009634796468800758,1.053059265706948,1.0342300889897051
2023-03-17,0.04421034166328999,4.421034166328999e-05,0.09973252633950884,0.005415843992176891,0.005371633650513601,1.0587624704045333,1.039785594138096
2023-03-20,0.023843558465413417,2.384355846541342e-05,0.10358308205400743,0.014294744947886903,0.014270901389421489,1.0738972098793609,1.054624271818182
2023-03-21,0.028606668018947984,2.8606668018947986e-05,0.10231346059781692,0.00046424969194960836,0.0004356430239306604,1.0743957663282329,1.0550837115250675
2023-03-22,0.03516957647265481,3.516957647265481e-05,0.1047675671698626,-0.0067675270101765165,-0.0068026965866491715,1.0671247639599872,1.0479062971620468
2023-03-23,0.06995055107107781,6.995055107107781e-05,0.10493276375021483,0.004078242734880594,0.004008292183809516,1.0714767577758182,1.0521066117823263
2023-03-24,0.09384883246970116,9.384883246970116e-05,0.10293383863122127,0.0067389957600178145,0.006645146927548113,1.078697435103427,1.0590980148010647
2023-03-27,0.07054640946193377,7.054640946193377e-05,0.09707893602380412,0.0001642893170930028,9.374290763106901e-05,1.0788746535683902,1.0591972977284385
2023-03-28,0.09211647769132333,9.211647769132333e-05,0.10170117216588845,-0.013473432209423188,-0.013565548687114511,1.0643385090610715,1.0448287052168432
2023-03-29,0.028099664878938113,2.8099664878938113e-05,0.0881005504021899,0.003353257399678313,0.003325157734799375,1.0679075100423432,1.0483029254675356
2023-03-30,0.0822665154619078,8.22665154619078e-05,0.10351861134877577,0.0030704474263907183,0.0029881809109288107,1.071186463908176,1.0514354442582885
2023-03-31,0.022119787817067,2.2119787817067e-05,0.09430652015415994,0.008829801445548019,0.00880768165773095,1.080644827695644,1.0606961529349703
2023-04-03,0.017159119451849253,1.7159119451849253e-05,0.10137625055881545,0.009963959727038047,0.009946800607586199,1.0914123292380353,1.0712466860734482
2023-04-04,0.019655813133538563,1.9655813133538564e-05,0.09816671683211053,0.006076850696076837,0.0060571948829432985,1.0980446790106724,1.0777354360187024
2023-04-05,0.007776981106284775,7.776981106284774e-06,0.0979253005272289,0.009017830393153924,0.00901005341204764,1.1079466596900958,1.0874458898612873
2023-04-06,0.04876079651138629,4.876079651138629e-05,0.10003039858232368,0.002965981986245467,0.0029172211897340807,1.1112328095244575,1.09061821005388
2023-04-10,0.015981638503907464,1.5981638503907463e-05,0.09803891276563591,-0.0003497652156092145,-0.00036574685411312194,1.110844138941242,1.0902193198745143
2023-04-11,0.031109296867398828,3.110929686739883e-05,0.09604886985239529,-0.010940458629595485,-0.010971567926462884,1.0986909945952268,1.0782579045517688
2023-04-12,0.04211374940333454,4.211374940333454e-05,0.10083267871407146,0.00426822010125715,0.0042261063518538155,1.1033804495834283,1.0828147371311316
2023-04-13,0.026816733321059938,2.6816733321059938e-05,0.10356102934924517,0.00014708738018634178,0.00012027064686528184,1.1035427429231064,1.0829449679600016
2023-04-14,0.03598010785323674,3.598010785323674e-05,0.10122275188413708,0.008591658116065685,0.008555678008212449,1.113024004886767,1.0922102964064815
2023-04-17,0.038065890203724084,3.8065890203724085e-05,0.09921846957257807,-0.013868965495267028,-0.013907031385470751,1.0975875133675885,1.0770208935348222
2023-04-18,0.012261516623817609,1.2261516623817609e-05,0.09713649436170234,-0.0058135995028657005,-0.005825861019489518,1.091206579145523,1.070746319494002
2023-04-19,0.05567152505105094,5.567152505105094e-05,0.10153806018251517,0.0037674387825720607,0.0037117672575210097,1.0953176331315937,1.074720680623811
2023-04-20,0.02059640542240257,2.059640542240257e-05,0.09805312464868304,-0.0027430390546000945,-0.002763635460022497,1.0923131340867216,1.0717505444412196
2023-04-21,0.04162718091073303,4.162718091073303e-05,0.10296720834936346,0.003259948496297305,0.003218321315386572,1.0958740186456735,1.0751997820631718
2023-04-24,0.0292037777157253,2.92037777157253e-05,0.09968621622428446,-0.006623832861792857,-0.006653036639508583,1.088615132308583,1.068046438518314
2023-04-25,0.011167050323412558,1.1167050323412558e-05,0.0947682177454997,0.006258588287311297,0.006247421236987885,1.0954283262250395,1.0747189745204024
2023-04-26,0.021737911995918402,2.1737911995918403e-05,0.09957153417917501,0.0014838846000423613,0.0014621466880464428,1.097053815448775,1.0762903713095782
2023-04-27,0.011621976444785381,1.1621976444785382e-05,0.10209653502957454,-0.00978188408683508,-0.009793506063279866,1.086322562189035,1.065749715032308
2023-04-28,0.030691856572188397,3.06918565721884e-05,0.09315460658301544,0.004810037423926565,0.004779345567354377,1.09154781436762,1.070843301208757
2023-05-01,0.024881811794515984,2.4881811794515986e-05,0.09880378572752443,0.012369950913369857,0.01234506910157534,1.1050502072509436,1.0840629357591383
2023-05-02,0.016013385925799345,1.6013385925799345e-05,0.09321115347187459,-0.01768659908393769,-0.01770261246986349,1.085505627267674,1.0648721897144517
2023-05-03,0.03557577338090537,3.557577338090537e-05,0.09914964068406101,0.01574070837373349,0.015705132600352587,1.102592254784541,1.081596148656345
2023-05-04,0.012813664226246857,1.2813664226246858e-05,0.09409804190360883,0.003311719439446854,0.0032989057752206073,1.1062437309884945,1.0851642324376038
2023-05-05,0.0040096710058944995,4.0096710058944995e-06,0.09336531769686544,-0.004489570295758151,-0.004493579966764045,1.1012771719939798,1.0802879601820734
2023-05-08,0.0024787969203137195,2.4787969203137195e-06,0.09580824915533558,-0.00022042503271103723,-0.00022290382963135094,1.101034422937319,1.0800471598586443
2023-05-09,0.025177249890880937,2.5177249890880937e-05,0.09378566810591386,-0.006160004617283429,-0.00618518186717431,1.0942520458082372,1.0733668717497935
2023-05-10,0.007277402595405158,7.277402595405158e-06,0.09397428656392377,-0.0005193717155169177,-0.0005266491181123228,1.0936837222459979,1.0728015840333756
2023-05-11,0.005899019340899231,5.899019340899231e-06,0.10179856212147596,0.00644463047965635,0.006438731460315451,1.1007321096974885,1.0797090653431674
2023-05-12,0.013076130582999446,1.3076130582999446e-05,0.09317383106652036,0.00014128438743080192,0.00012820825684780246,1.1008876259593325,1.0798474929603379
2023-05-15,0.013076130582999446,1.3076130582999446e-05,0.09532926491901635,-0.00571347511262255,-0.005726551243205549,1.0945977319066198,1.0736636909570534
2023-05-16,0.007560971950712175,7.560971950712175e-06,0.08852090246606784,-0.002466372425147271,-0.002473933397097983,1.0918980462440167,1.0710075184947432
2023-05-17,0.007560971950712175,7.560971950712175e-06,0.08712919430363165,-0.0111460033715421,-0.011153564343492814,1.0797277469392006,1.0590619672248476
2023-05-18,0.0,0.0,0.09268845801932407,0.0028388754750051505,0.0028388754750051505,1.0827929595596688,1.0620685122701128
2023-05-19,0.0,0.0,0.09083381253696224,-0.00545356862252375,-0.00545356862252375,1.0768878738507246,1.056276448756626
2023-05-22,0.0,0.0,0.0933204077359288,0.0006487880432210998,0.0006487880432210998,1.0775865458271687,1.0569617482869154
2023-05-23,0.0,0.0,0.0985927596226011,-0.0027526947379816497,-0.0027526947379816497,1.0746202790127504,1.054052255244158
2023-05-24,0.008714888770935347,8.714888770935347e-06,0.09709149601765897,-0.0034091358066640487,-0.003417850695434984,1.0709567525410006,1.050449662010547
2023-05-25,0.021463747676674694,2.1463747676674694e-05,0.09503995414810479,-0.01004032843239302,-0.010061792180069695,1.0602039950086,1.0398802558157725
2023-05-26,0.012748858905739346,1.2748858905739347e-05,0.09193516873318937,-0.0017659398723603003,-0.0017786887312660397,1.0583317385009785,1.038030632522887
2023-05-30,0.0,0.0,0.09500484724475904,0.01245002246483185,0.01245002246483185,1.0715079924205602,1.0509541372169806
2023-05-31,0.0,0.0,0.09589648520670609,0.0082469397469952,0.0082469397469952,1.0803446542724764,1.0596212926634645
2023-06-01,8.035550062956975e-06,8.035550062956975e-09,0.09320682291963128,0.0023277460997024853,0.0023277380641524223,1.0828594223277934,1.0620878134799836
2023-06-02,8.035550062956975e-06,8.035550062956975e-09,0.098529284986749,0.0092923911572692,0.009292383121719138,1.0929217756483978,1.0719571403517485
2023-06-05,0.003410509730815775,3.410509730815775e-06,0.10546779281602757,-0.005684001106804373,-0.005687411616535188,1.0867096070659616,1.065860478859284
2023-06-06,0.037861718916164855,3.7861718916164855e-05,0.09358086909036047,0.0011753866229843772,0.0011375249040682124,1.0879869110011757,1.0670729216982484
2023-06-07,0.028803043441465503,2.8803043441465504e-05,0.09872838867572874,0.004399461665594281,0.004370658622152816,1.0927734677087937,1.0717367331639347
2023-06-08,0.01169694773857527,1.1696947738575269e-05,0.10249633341941619,-0.015019215270119013,-0.015030912217857588,1.076360867755801,1.0556275524070942
2023-06-09,0.031170097065507302,3.1170097065507306e-05,0.10042429354278404,0.014572392325356887,0.01454122222829138,1.0920460206044,1.070977667236953
2023-06-12,0.03394227676900213,3.3942276769002134e-05,0.09125768747799375,-0.0011292479984389662,-0.0011631902752079683,1.0908128298214292,1.069731916429458
2023-06-13,0.035187539517438776,3.5187539517438775e-05,0.09380419741375164,0.005430612506812168,0.00539542496729473,1.0967366116176487,1.0755035747196737
2023-06-14,0.012341380396207136,1.2341380396207136e-05,0.1006825461571608,-0.005233794596095694,-0.005246135976491901,1.0909965174664238,1.0698613367234913
2023-06-15,0.021259966671481945,2.1259966671481944e-05,0.09814452696782826,0.004439930385252704,0.004418670418581222,1.0958404660545278,1.074588701364055
2023-06-16,0.013729451864339437,1.3729451864339437e-05,0.09884014806302695,0.013591047977082372,0.013577318525218032,1.1107340864039033,1.089178734446075
2023-06-20,0.029062753579864875,2.9062753579864875e-05,0.09306799798435728,-0.005678843285238127,-0.005707906038817992,1.1044264015956433,1.0829618045703782
2023-06-21,0.034551681724710875,3.455168172471088e-05,0.09881323204602728,-0.004541422250001918,-0.0045759739317266295,1.0994107349619473,1.0780061995836085
2023-06-22,0.0037025706596102714,3.7025706596102715e-06,0.09864682747726264,-0.002124318658882721,-0.0021280212295423312,1.0970752362238916,1.0757121795053164
2023-06-23,0.01048729423358255,1.0487294233582551e-05,0.09658149642218562,-0.008719536020879933,-0.008730023315113515,1.087509249184022,1.0663211870978835
2023-06-26,0.015896057943192293,1.5896057943192292e-05,0.10049331291850502,0.002401846087297453,0.0023859500293542607,1.0901212790190744,1.0688653761655407
2023-06-27,0.006887684337736066,6.887684337736066e-06,0.09668902981250824,-0.0006761134617521836,-0.0006830011460899196,1.089384233347387,1.0681353398886038
2023-06-28,0.007393779425628549,7.39377942562855e-06,0.09832508092041141,0.0019519718355725272,0.0019445780561468987,1.091510680688998,1.0702124124315462
2023-06-29,0.02212621843823731,2.212621843823731e-05,0.09551217013370615,0.0011716830727230684,0.0011495568542848312,1.0927895852772578,1.0714426824457974
2023-06-30,0.012194410346027057,1.2194410346027057e-05,0.09144243817834256,-0.00767603136630015,-0.007688225776646177,1.0844012981439035,1.0632051891964187
2023-07-03,0.0,0.0,0.0940641031424847,0.01504932803751405,0.01504932803751405,1.1007208090039773,1.079205712859823
2023-07-05,0.0,0.0,0.09266605635290627,-0.0030591788041731,-0.0030591788041731,1.09735350723576,1.0759042296176997
2023-07-06,0.0,0.0,0.09730219807383593,-0.0072861905626092505,-0.0072861905626092505,1.0893579804674927,1.0680649863735878
2023-07-07,0.033143536290423714,3.3143536290423715e-05,0.09303925006739033,-0.011600864835668424,-0.011634008371958847,1.0767204857784325,1.0556391093803215
2023-07-10,0.0216557826181204,2.16557826181204e-05,0.09273656911072696,-0.0003568806668181244,-0.0003785364494362448,1.0763362250534911,1.0552395114999706
2023-07-11,0.017392321643147524,1.7392321643147523e-05,0.09192194922867987,0.00231123937369075,0.0022938470520476022,1.0788238957161644,1.0576600695426288
2023-07-12,0.0,0.0,0.09018560722199524,0.007608204263440499,0.007608204263440499,1.0870318082790535,1.0657069633929936
2023-07-13,0.0,0.0,0.088670655377075,0.01626697837325225,0.01626697837325225,1.1047145311953663,1.0830427955187318
2023-07-14,0.0,0.0,0.09267681479205034,0.00953892092845485,0.00953892092845485,1.115252315756954,1.0933738551073178
2023-07-17,0.018087524623692175,1.8087524623692177e-05,0.09043545136895086,-0.004646773826477191,-0.004664861351100884,1.1100699904861766,1.0882734176683235
2023-07-18,0.00858287429848198,8.582874298481979e-06,0.0873179972320929,0.0023286035086202395,0.0023200206343217573,1.1126549033608368,1.0907982344530978
2023-07-19,0.009504650325210195,9.504650325210196e-06,0.08957575843943494,0.0116616194600473,0.01165211480972209,1.1256302614341867,1.1035083407151876
2023-07-20,0.0,0.0,0.08667336240160527,0.00680895220369565,0.00680895220369565,1.1332946240833255,1.1110220762634968
2023-07-21,0.0,0.0,0.08695033639957928,-0.01197448875135655,-0.01197448875135655,1.1197240003552669,1.0977181549087707
2023-07-24,0.0,0.0,0.0876787060807811,-0.00138711687997585,-0.00138711687997585,1.11817081229346,1.0961954915266408
2023-07-25,0.0,0.0,0.084147757694427,-0.0017385293760050497,-0.0017385293760050497,1.1162268394888963,1.0942897234627773
2023-07-26,0.0,0.0,0.09053953832442486,0.00320123014064245,0.00320123014064245,1.1198001384912624,1.0977927967081218
2023-07-27,0.013096363757717389,1.309636375771739e-05,0.08607518563117025,0.0029785656581838007,0.0029654692944260834,1.123135536727802,1.101048267538402
2023-07-28,0.013096363757717389,1.309636375771739e-05,0.09037217768760472,-0.0210666738777123,-0.02107977024147002,1.099474806655088,1.0778384230339237
2023-07-31,0.0,0.0,0.09187749520421201,0.0114075842076723,0.0114075842076723,1.1120171580962201,1.090133955606948
2023-08-01,0.0006784407818565819,6.784407818565818e-07,0.08963825055277923,0.003494119356305338,0.0034934409155234817,1.1159026787728679,1.0939422741708666
2023-08-02,0.0006784407818565819,6.784407818565818e-07,0.08404821086733494,-0.01627975242903225,-0.016280430869814105,1.0977360594275516,1.0761324226006606
2023-08-03,0.0,0.0,0.08363974683127634,-0.0147710717249727,-0.0147710717249727,1.0815213213586583,1.0602367934008576
2023-08-04,0.0,0.0,0.08699434751752552,-0.013272920215385849,-0.013272920215385849,1.0671663751490261,1.0461643550326316
2023-08-07,0.0,0.0,0.09080380360976076,0.00831899924830105,0.00831899924830105,1.076044131421703,1.0548673955157475
2023-08-08,0.0,0.0,0.08842484944855716,-0.00173877474971035,-0.00173877474971035,1.074173133056413,1.053033218724132
2023-08-09,0.0,0.0,0.08990738011976547,0.00041348440038709976,0.00041348440038709976,1.0746172868902468,1.0534686315331638
2023-08-10,0.0,0.0,0.09086715715812836,-0.0031597027594440002,-0.0031597027594440002,1.0712218156835136,1.0501399837911207
2023-08-11,0.0,0.0,0.0946356724496635,-0.0086549816533399,-0.0086549816533399,1.0619504105221154,1.04105104149797
2023-08-14,0.0010112775186279233,1.0112775186279232e-06,0.09528649431157753,-0.0014390151894745266,-0.0014400264669931545,1.0604222477509053,1.039551900444722
2023-08-15,0.028250155470898597,2.82501554708986e-05,0.09006387946831275,0.00025662566962699856,0.00022837551415609997,1.0606943793203218,1.039789308644478
2023-08-16,0.0028525128390568533,2.852512839056853e-06,0.09016119545583222,-0.009921544825757137,-0.009924397338596194,1.0501706524894667,1.029470026397066
2023-08-17,0.022778909672481668,2.2778909672481667e-05,0.09690677409491855,-0.010449417431627308,-0.01047219634129979,1.03919698096716,1.0186892141531527
2023-08-18,0.0036300104779879994,3.6300104779879993e-06,0.09149052273323179,-0.00672987017543855,-0.006733500185916538,1.0322033201985432,1.0118298701402613
2023-08-21,0.0,0.0,0.09886536299432679,0.0020888519249808502,0.0020888519249808502,1.0343594400909115,1.013943432912257
2023-08-22,0.020537426829994765,2.0537426829994766e-05,0.0924951993677628,-0.001549265642130507,-0.0015698030689605016,1.0327569425487653,1.012351741399519
2023-08-23,0.026017491304298423,2.6017491304298424e-05,0.08964171092420287,0.003320078010987791,0.0032940605196834926,1.0361857761644164,1.0156864893028958
2023-08-24,0.005480064474303659,5.480064474303659e-06,0.09031259809683254,0.0228324664444802,0.022826986380005895,1.0598444531289382,1.038871550960569
2023-08-25,0.0,0.0,0.0896431320570628,-0.0103983774030038,-0.0103983774030038,1.0488237905168234,1.0280689725004373
2023-08-28,0.0,0.0,0.09214850039474326,0.0044959226693617495,0.0044959226693617495,1.0535392211727739,1.0326910910995695
2023-08-29,0.009717162807187263,9.717162807187264e-06,0.09328108715746214,0.0049962542130021275,0.00498653705019494,1.0588029709451214,1.0378406434867438
2023-08-30,0.009717162807187263,9.717162807187264e-06,0.09387584353815416,0.0172022344279522,0.017192517265145014,1.0770167478643315,1.055683736668359
2023-08-31,0.0,0.0,0.09524164924023523,0.0027851334754148997,0.0027851334754148997,1.080016383262391,1.058623956782805
2023-09-01,0.003080891954800241,3.0808919548002414e-06,0.08473021574812391,0.0006739544940041332,0.000670873602049333,1.0807442651574888,1.0593341596499077
2023-09-05,0.003080891954800241,3.0808919548002414e-06,0.0885144804537653,-0.00816638897768265,-0.008169469869637451,1.071918487102813,1.0506799611507702
2023-09-06,0.0,0.0,0.08536518318377816,-0.01332393575987705,-0.01332393575987705,1.0576363140408305,1.0366807688442072
2023-09-07,0.0,0.0,0.08662967447705203,-0.004416655079385901,-0.004416655079385901,1.052965099242279,1.0321021074607897
2023-09-08,0.0,0.0,0.08728423540365121,0.00038122533703919994,0.00038122533703919994,1.0533665162171282,1.0324955709345653
2023-09-11,0.0,0.0,0.086332784908168,0.00283199865659245,0.00283199865659245,1.0563496487759547,1.0354195970043898
2023-09-12,0.0,0.0,0.08984173306431706,0.0005873655750001502,0.0005873655750001502,1.0569701121948092,1.0360277668313507
2023-09-13,0.0,0.0,0.08550324993823334,-0.0024617761392235994,-0.0024617761392235994,1.0543680883927355,1.0334772983953922
2023-09-14,0.0,0.0,0.08870073139495525,-0.0006798432701483999,-0.0006798432701483999,1.0536512833435825,1.032774695809227
2023-09-15,0.0,0.0,0.08763285770759732,0.0009247055905060001,0.0009247055905060001,1.054625600575734,1.0337297083441748
2023-09-18,0.0,0.0,0.08431015656491214,-0.0075867213861319505,-0.0075867213861319505,1.0466244499774837,1.0258870890584002
2023-09-19,0.0,0.0,0.08828638343481966,0.0060709117716174505,0.0060709117716174505,1.0529784146713148,1.0321151590637154
2023-09-20,0.0,0.0,0.0858927048706699,-0.0052159310326745,-0.0052159310326745,1.0474861518814944,1.0267317175762611
2023-09-21,0.0,0.0,0.08420510821796978,-0.0026953297486754,-0.0026953297486754,1.0446628312950028,1.0239643370339693
2023-09-22,0.0,0.0,0.08610781134717106,-0.0249753463258677,-0.0249753463258677,1.0185720152896487,0.9983904730912083
2023-09-25,0.0,0.0,0.08991627536213898,0.0044807210810464,0.0044807210810464,1.023135952391121,1.002863982331104
2023-09-26,0.0,0.0,0.08753440223706335,-0.012942189900379101,-0.012942189900379101,1.0098943326013698,0.9898847262275245
2023-09-27,0.0008003897832917772,8.003897832917772e-07,0.08998057259875923,-0.013129048251072768,-0.013129848640856059,0.9966353811801616,0.9768876896002618
2023-09-28,0.0008003897832917772,8.003897832917772e-07,0.09020597818326677,-0.0086171146615131,-0.008617915051296391,0.9880472598248113,0.9684689544766296
2023-09-29,0.0,0.0,0.09276355426567053,0.0019101251398373998,0.0019101251398373998,0.9899345537351503,0.9703188513737275
2023-10-02,0.005496032168594817,5.496032168594816e-06,0.10153049918522256,-0.006296080457802924,-0.006301576489971519,0.9837018461368745,0.9642043129121347
2023-10-03,0.05066606600494786,5.066606600494786e-05,0.09745546220591142,-0.01368720941687696,-0.013737875482881908,0.9702377129650306,0.9509581941212901
2023-10-04,0.03861094578186877,3.8610945781868774e-05,0.09827301577597142,-0.016416165346565557,-0.016454776292347425,0.9543101302435231,0.9353103897736497
2023-10-05,0.02070774689264665,2.070774689264665e-05,0.08610756455326495,0.008554050187773898,0.008533342440881251,0.9624733469923272,0.9432917136181024
2023-10-06,0.046032310113529956,4.603231011352996e-05,0.09682490754582648,-0.0034480769844238914,-0.0034941092945374214,0.9591546647964416,0.9399957492740892
2023-10-09,0.025433246141097654,2.5433246141097656e-05,0.09062728198685639,0.002097148823331965,0.0020717155771908676,0.9611661548731127,0.9419431531103535
2023-10-10,0.03194629598562079,3.1946295985620794e-05,0.09740243089919465,0.023328204164687644,0.023296257868702024,0.9835884351701805,0.9638869037028704
2023-10-11,0.03620267637463634,3.620267637463634e-05,0.09778138358925823,0.0008391432892638565,0.0008029406128892201,0.984413806804951,0.9646608476440857
2023-10-12,0.0052139888092281594,5.213988809228159e-06,0.08903379411138168,0.015009071433615292,0.015003857444806064,0.9991889439515237,0.9791344814847234
2023-10-13,0.04297401363738804,4.297401363738804e-05,0.09753155643175188,-0.01833601553386765,-0.018378989547505036,0.9808677999539598,0.9611389790839139
2023-10-16,0.022722881906698994,2.2722881906698995e-05,0.09143104358252112,0.02229452608668898,0.02227180320478228,1.0027357827076264,0.982545277278516
2023-10-17,0.01618949011916701,1.618949011916701e-05,0.09347043413654924,-0.005454423636826147,-0.0054706131269453145,0.9972664369529346,0.9771701521868181
2023-10-18,0.026916546338811798,2.6916546338811798e-05,0.0922857950151704,-0.004185917985833734,-0.004212834532172546,0.993091961437825,0.9730534960258772
2023-10-19,0.002613047490589937,2.613047490589937e-06,0.09231533772589985,-0.003535641845700478,-0.0035382548931910678,0.9895807439423366,0.969610584732227
2023-10-20,0.00022098712577267587,2.209871257726759e-07,0.10342723552473847,-0.0077136629552077085,-0.007713883942333482,0.9819474516166018,0.9621311212123446
2023-10-23,0.029598117317619937,2.9598117317619937e-05,0.09459310132076679,-0.0025804365608985864,-0.0026100346782162065,0.9794135985115692,0.9596199256209893
2023-10-24,0.036415817504092035,3.641581750409204e-05,0.10339450344794456,0.0029386372786233232,0.0029022214611192313,0.9822917398233458,0.9624049551636441
2023-10-25,0.04209235148367163,4.209235148367163e-05,0.09945089810000782,0.00877437927056726,0.00873228691908359,0.9909107401029013,0.9708089513644808
2023-10-26,0.013694406630550743,1.3694406630550744e-05,0.10084308437653149,-0.013509689387367142,-0.013523383793997692,0.9775238437935049,0.9576803293245305
2023-10-27,0.009081746657620599,9.081746657620599e-06,0.09379235515475513,0.002176703978877134,0.0021676222322195137,0.9796516238337375,0.9597562184977337
2023-10-30,0.03810415251557944,3.810415251557944e-05,0.10190934462590345,0.0017723340665347731,0.0017342299140191936,0.9813878937799941,0.9614206564420186
2023-10-31,0.013398935318805705,1.3398935318805706e-05,0.09292990611197786,0.0007787247923266712,0.0007653258570078656,0.98215212486377,0.9621564565298552
2023-11-01,0.012993078449312273,1.2993078449312273e-05,0.09887430785946112,-0.001817625687652272,-0.0018306187661015843,0.9803669399324353,0.9603951148646058
2023-11-02,0.012973759638894328,1.2973759638894328e-05,0.10200958660829262,0.011468494794130243,0.011455521034491349,0.9916102730793878,0.97139694130436
2023-11-03,0.014217561165588422,1.4217561165588422e-05,0.09727670948540357,0.02035576331061025,0.020341545749444658,1.0117952570945612,0.9911566566267733
2023-11-06,0.02815912889667735,2.815912889667735e-05,0.09144436550388675,0.009037352688540657,0.00900919355964398,1.0209392076815174,1.0000861787942534
2023-11-07,0.002315758563528003,2.315758563528003e-06,0.08612184401655788,-0.006674828614525019,-0.006677144373088547,1.0141246134443942,0.9934084589929137
2023-11-08,0.026544122920313634,2.6544122920313636e-05,0.09166654214808002,0.005998359357801641,0.005971815234881327,1.0202076973094254,0.9993409107627876
2023-11-09,0.0005734691192564589,5.734691192564589e-07,0.08820990861040695,0.0030138019990027633,0.003013228529883507,1.0232824013069746,1.0023521533061779
2023-11-10,0.020226110384990476,2.0226110384990474e-05,0.09845082667635066,-0.013416935517082224,-0.013437161627467215,1.0095530873128737,0.988883385414563
2023-11-13,0.028718404768695138,2.871840476869514e-05,0.09705232511355238,0.004693890344787779,0.004665171940019084,1.0142918188019623,0.99349669643615
2023-11-14,0.0462993691193839,4.62993691193839e-05,0.09490664759670826,0.0012508661356995163,0.0012045667665801325,1.0155605620898187,0.9946934295393841
2023-11-15,0.042460182197801705,4.24601821978017e-05,0.09980323052441172,0.023999431503781216,0.023956971321583413,1.0399334382376348,1.0185232715046266
2023-11-16,0.018969848069172762,1.8969848069172763e-05,0.08682165194000438,-0.006623036930236191,-0.0066420067783053635,1.0330459206711995,1.0117582330314312
2023-11-17,0.04453297671302031,4.453297671302031e-05,0.10108456569349482,0.012348280304082316,0.012303747327369295,1.0458022612666364,1.0242066506870355
2023-11-20,0.010743888549525515,1.0743888549525516e-05,0.0918963464937551,0.0028366694069304676,0.0028259255183809423,1.0487688565468702,1.0271009823973074
2023-11-21,0.011174533964119021,1.1174533964119021e-05,0.09212008770528782,0.006042484734902198,0.006031310200938079,1.0551060263529954,1.0332957470298338
2023-11-22,0.0015683730582739253,1.5683730582739254e-06,0.09138689183903782,0.0040583268550518,0.004056758481993526,1.0593879914746709,1.037487578316005
2023-11-24,0.0,0.0,0.09153955770594481,0.0015548818569137998,0.0015548818569137998,1.0610352146420472,1.039100748928302
2023-11-27,0.003940714505966142,3.940714505966142e-06,0.09090167135174794,-0.002927471816108889,-0.002931412530614855,1.0579290639552836,1.0360547159723221
2023-11-28,0.002446762708042144,2.446762708042144e-06,0.08518863533693947,0.010527596935551246,0.010525150172843204,1.0690665147270098,1.0469593474452132
2023-11-29,0.006387477214008286,6.387477214008286e-06,0.08329245614099753,0.008101481559062599,0.008095094081848591,1.0777275373814819,1.055434581862653
2023-11-30,0.0,0.0,0.08543556343818422,0.0066336528909230995,0.0066336528909230995,1.0848768077754598,1.0624359685278062
2023-12-01,0.0,0.0,0.08275932772201572,-0.0059327486930556995,-0.0059327486930556995,1.0784405063120035,1.0561328029240675
2023-12-04,0.0,0.0,0.08826521823459113,0.0192599831497508,0.0192599831497508,1.0992112522915816,1.0764739029122843
2023-12-05,0.0,0.0,0.09500474593408478,-0.015550229927901001,-0.015550229927901001,1.0821182645791114,1.0597344862106133
2023-12-06,0.0,0.0,0.1032803066900946,0.0086371833803391,0.0086371833803391,1.0914647184694957,1.0688876073024838
2023-12-07,0.04317616960379114,4.317616960379114e-05,0.09484093112461979,0.006118287050523567,0.006075110880919776,1.098142612922611,1.0753812180360875
2023-12-08,0.023383484554082457,2.3383484554082456e-05,0.09497310376892516,0.0017030269109560249,0.0016796434264019424,1.1000127793444858,1.077187475029838
2023-12-11,0.030852633242001243,3.0852633242001244e-05,0.10217739490789145,-0.008496673756001705,-0.008527526389243707,1.090666329630963,1.0680017304103584
2023-12-12,0.02378263278612608,2.378263278612608e-05,0.09049388819468275,-0.004155629776902311,-0.004179412409688437,1.086133924154884,1.0635381107247126
2023-12-13,0.026242948209253825,2.6242948209253825e-05,0.09264677272411251,0.0034368794276053534,0.0034106364793960995,1.0898668354944363,1.0671654526023782
2023-12-14,0.008599632769164811,8.599632769164811e-06,0.093863479985562,0.029599429569598802,0.029590829936829637,1.1221262721318952,1.098743764024795
2023-12-15,0.0,0.0,0.09620957592672363,0.01575669624076435,0.01575669624076435,1.1398072749456587,1.1160563357609676
2023-12-18,0.0,0.0,0.09608547236705453,-0.00689640296607815,-0.00689640296607815,1.131946704673966,1.1083595615367154
2023-12-19,0.00945796666467355,9.45796666467355e-06,0.09073823589346056,0.0009866379642161542,0.0009771799975514808,1.1330635262662665,1.109442628330344
2023-12-20,0.00945796666467355,9.45796666467355e-06,0.09678106542604292,0.00911359640293565,0.009104138436270977,1.1433898099435442,1.1195431476057638
2023-12-21,0.012703490289468239,1.2703490289468238e-05,0.09089852533685636,-0.0061926098260633375,-0.0062053133163528056,1.1363092429714672,1.1125960316036942
2023-12-22,0.012703490289468239,1.2703490289468238e-05,0.09781430237956001,0.0050675403608351505,0.0050548368705456825,1.1420675359226151,1.1182200230462673
2023-12-26,0.012007942284456868,1.2007942284456868e-05,0.09441373075376852,0.0008303756738089925,0.0008183677315245356,1.1430158810222923,1.119135138229873
2023-12-27,0.012007942284456868,1.2007942284456868e-05,0.08937532517423363,0.0073223248402264,0.007310316897941943,1.151385414600675,1.1273163707419556
2023-12-28,0.0,0.0,0.08870612295664826,0.011949295176016249,0.011949295176016249,1.1651436587810984,1.1407870068127066
2023-12-29,0.0,0.0,0.08655260394696396,-0.0063721247103999505,-0.0063721247103999505,1.1577192180818134,1.1335177697372922
2024-01-02,0.0,0.0,0.0920537567131293,-0.0067640130083998,-0.0067640130083998,1.1498883902306336,1.1258506407975368
2024-01-03,0.0,0.0,0.08956861057312433,-0.006874998860217699,-0.006874998860217699,1.1419829088584204,1.1181104189252784
2024-01-04,0.0,0.0,0.09062513172404221,-0.0062050639678515995,-0.0062050639678515995,1.1348968318587607,1.1111724722527256
2024-01-05,0.0,0.0,0.0910395985272343,-0.0087666389133699,-0.0087666389133699,1.1249476011299273,1.1014312244180093
2024-01-08,0.0,0.0,0.09507299432541294,-0.0040424089223233504,-0.0040424089223233504,1.1204001029099735,1.0969787890090965
2024-01-09,0.010635105461283045,1.0635105461283045e-05,0.0894191340898946,0.007864004311841004,0.007853369206379721,1.1292109341502445,1.1055937684507524
2024-01-10,0.009702441343296037,9.702441343296037e-06,0.09147749546423524,-0.003785696522210182,-0.003795398963553478,1.1249360842439902,1.1013975990078633
2024-01-11,0.0009326641179870088,9.326641179870088e-07,0.0994805433238078,-0.0006597618731036001,-0.0006606945372215871,1.1241938943059275,1.1006699116308898
2024-01-12,0.028973382028117528,2.897338202811753e-05,0.09183518067030334,0.0032732537682990527,0.0032442803862709354,1.1278736662067632,1.1042407934369525
2024-01-16,0.006540567189373514,6.540567189373514e-06,0.08791898649449281,0.004354534428320419,0.0043479938611310455,1.1327850309170566,1.109042025628027
2024-01-17,0.002121291919310153,2.1212919193101533e-06,0.08613531812394658,-0.014496447699518725,-0.014498568991438036,1.1163636719615697,1.0929625033050547
2024-01-18,0.0027932718417272295,2.7932718417272297e-06,0.08716473434572443,-0.009037503372435274,-0.009040296644277001,1.106274531511353,1.0830817980541054
2024-01-19,0.01699236573994481,1.699236573994481e-05,0.09916865801260112,0.004009842253429743,0.003992849887689798,1.1107105178717005,1.0874063810898247
2024-01-22,0.022624715782531196,2.2624715782531197e-05,0.08632689713507394,0.009086619883668967,0.009063995167886436,1.1208031221483938,1.0972626272735517
2024-01-23,0.02139409440339604,2.1394094403396042e-05,0.0954571800794665,0.00201878254779374,0.0019973884533903436,1.1230657799308998,1.0994542869756048
2024-01-24,0.024150780137621897,2.4150780137621896e-05,0.08589528530744718,-4.171368374679244e-05,-6.586446388441434e-05,1.123018932720129,1.0993818720084276
2024-01-25,0.007051405013148382,7.051405013148382e-06,0.0882737446806862,-0.006219961269469566,-0.006227012674482714,1.1160337984537287,1.0925360071573347
2024-01-26,0.015019646511807788,1.5019646511807788e-05,0.08971501240845144,0.007799992226020895,0.007784972579509088,1.1247388534056444,1.1010413700151809
2024-01-29,0.006454565655467759,6.454565655467759e-06,0.08491108819056642,-0.0019225005008275341,-0.0019289550664830018,1.1225765423966718,1.0989175106860827
2024-01-30,0.005044765565717674,5.044765565717674e-06,0.0947834584724571,0.01318620205889685,0.013181157293331133,1.1373790635112921,1.1134025152468319
2024-01-31,0.023159320849974685,2.3159320849974684e-05,0.09137456378298575,0.0043974526492227516,0.0043742933283727765,1.1423806340873004,1.1182728644410695
2024-02-01,0.01946353222785921,1.946353222785921e-05,0.09625011259227728,-0.0037832883274420545,-0.003802751859669914,1.138058678768862,1.1140203502261978
2024-02-02,0.002891522373868305,2.891522373868305e-06,0.0960780409898596,0.019568359688754495,0.019565468166380627,1.1603286203419199,1.1358166799252487
2024-02-05,0.0220653377277642,2.20653377277642e-05,0.09217756567137575,-0.010387105344038536,-0.0104091706817663,1.1482761647287254,1.1239937702407097
2024-02-06,0.018549786167294358,1.854978616729436e-05,0.09570123490291765,-0.014663363400351717,-0.014681913186519012,1.131438574041346,1.1074913912838473
2024-02-07,0.005282482915124398,5.2824829151243984e-06,0.09668463739942132,0.008895217279564438,0.008889934796649313,1.1415029659959244,1.1173369175402112
2024-02-08,0.0006631994811127639,6.63199481112764e-07,0.09769577391075633,0.0015954254191070608,0.001594762219625948,1.1433241488438604,1.1191188042428977
2024-02-09,0.012175133407526378,1.2175133407526379e-05,0.09286718480768501,-0.003121317731077428,-0.0031334928644849544,1.1397554709057052,1.1156120534552916
2024-02-12,0.00962647790900456,9.62647790900456e-06,0.09858517601394752,-3.9872828976065134e-05,-4.949930688506969e-05,1.139710025630739,1.1155568314318929
2024-02-13,0.007103528754429822,7.103528754429822e-06,0.09677050626499731,-0.0008893570485913465,-0.0008964605773457763,1.1386964164860942,1.1145567787107253
2024-02-14,0.028246426671949626,2.8246426671949627e-05,0.08878473600027749,-0.02187052998701105,-0.021898776413683,1.1137925223632332,1.0901493490133844
2024-02-15,0.014192556983792959,1.4192556983792959e-05,0.08832699569214203,0.006717166312207968,0.006702973755224175,1.1212740519732405,1.097456591489096
2024-02-16,0.0017906392218451361,1.7906392218451362e-06,0.0891934408075772,0.00933920448789046,0.009337413848668614,1.131745859631584,1.107703997864779
2024-02-20,0.004695839063923818,4.695839063923818e-06,0.08160503118502463,-0.003484012721318826,-0.00348870856038275,1.1278028426593276,1.103839541445058
2024-02-21,0.007456271014277371,7.456271014277371e-06,0.08470064300228186,0.0006936487874076501,0.0006861925163933727,1.128585141733573,1.1045969878776967
2024-02-22,0.0,0.0,0.08649216872064198,-0.003087808535980057,-0.003087808535980057,1.1251002868993478,1.10118620386971
2024-02-23,0.0,0.0,0.08247724837796179,0.012890364993784,0.012890364993784,1.1396032402520915,1.11538089596371
2024-02-26,0.0,0.0,0.08817809393494509,0.0098114367526956,0.0098114367526956,1.150784385366992,1.1263243850796227
2024-02-27,0.0,0.0,0.08549252891335007,-0.0044429001594642505,-0.0044429001594642505,1.1456715652377358,1.121320238289544
2024-02-28,0.0,0.0,0.09079097972816462,-0.00314209934455145,-0.00314209934455145,1.142071751363531,1.117796938703782
2024-02-29,0.0,0.0,0.08201198692874109,0.00340654613760355,0.00340654613760355,1.1459622714770046,1.1216047655479486
2024-03-01,0.0,0.0,0.08392681037666093,0.0078790573697549,0.0078790573697549,1.1549913739575466,1.1304419538418915
2024-03-04,0.0,0.0,0.0957288188060419,0.0155765808378546,0.0155765808378546,1.172982190461021,1.1480503743184118
2024-03-05,0.02036940298660142,2.036940298660142e-05,0.08767550904631342,0.005635192320760222,0.00561482291777362,1.1795921706930954,1.1544964738708936
2024-03-06,0.02036940298660142,2.036940298660142e-05,0.09750414350169946,0.00504947357630815,0.0050291041733215485,1.1855484901898303,1.1603025569057226
2024-03-07,0.0212837047881847,2.1283704788184698e-05,0.09428587624520715,0.00924783469747006,0.009226550992681876,1.196512246652941,1.1710081476139524
2024-03-08,0.015710036427900587,1.5710036427900586e-05,0.0994669081976065,0.0072404388168480225,0.0072247287804201215,1.2051755203684411,1.1794683638801253
2024-03-11,0.0021749506637894767,2.174950663789477e-06,0.09695594782244912,0.00023122599575202437,0.0002290510450882349,1.2054541882781942,1.1797385223415204
2024-03-12,0.016316481853037496,1.6316481853037496e-05,0.09529433537287778,0.00024164086255269517,0.00022532438069965767,1.2057454752680175,1.1800043461934544
2024-03-13,0.00639709928292026,6.3970992829202605e-06,0.09480114527724465,-0.00468854437709216,-0.00469494147637508,1.2000922840997452,1.1744642948462078
2024-03-14,0.0115804513658673,1.15804513658673e-05,0.09175128229398084,0.00036326760530933436,0.0003516871539434671,1.2005282387499403,1.1748773388514706
2024-03-15,0.0274616675193205,2.74616675193205e-05,0.09285434023243071,-0.0108193185582149,-0.01084678022573422,1.187539341296772,1.1621337025647531
2024-03-18,0.0,0.0,0.09215361902822916,-0.0067573825588097495,-0.0067573825588097495,1.179514683663993,1.1542807205520371
2024-03-19,0.0,0.0,0.09250965625273935,0.00225466764161265,0.00225466764161265,1.182174097254057,1.156883239942003
2024-03-20,0.0,0.0,0.08554041150240044,0.0035966303462244497,0.0035966303462244497,1.1864259404867616,1.161044121309817
2024-03-21,0.0,0.0,0.08877653124559441,0.0103626826243016,0.0103626826243016,1.1987204959652644,1.1730756530517616
2024-03-22,0.0,0.0,0.0937892637778973,0.0022054077332062496,0.0022054077332062496,1.2013641634170191,1.175662763168638
2024-03-25,0.014805080160340489,1.480508016034049e-05,0.09029492273276982,2.065263208220116e-05,5.84755192186067e-06,1.2013889747490831,1.175669637917688
2024-03-26,0.014805080160340489,1.480508016034049e-05,0.09686938177257043,-0.00229546942181365,-0.0023102745019739903,1.1986312230938425,1.1729535183304618
2024-03-27,0.03698749966869283,3.698749966869283e-05,0.08791961020448948,0.0018394321216637977,0.001802444621995105,1.2008360238676303,1.1750677020914266
2024-03-28,0.029901952260300235,2.9901952260300236e-05,0.09291737481908942,0.012623913793465938,0.012594011841205637,1.2159952743130236,1.1898665186457842
2024-04-01,0.0019443820277668111,1.944382027766811e-06,0.09389477164057752,0.005659189952674907,0.005657245570647141,1.2228768225519162,1.1965978857380544
2024-04-02,0.013917870887094286,1.3917870887094286e-05,0.08627026277649681,-0.007318534730699577,-0.007332452601586672,1.2139271560547025,1.1878238884577212
2024-04-03,0.022947800323253692,2.2947800323253693e-05,0.09147488453121981,0.0013800572100410996,0.0013571094097178458,1.2156024449788805,1.1894358954338349
2024-04-04,0.0,0.0,0.087864728418177,0.004807326119157,0.004807326119157,1.2214462423631385,1.1951539016810169
2024-04-05,0.0,0.0,0.08334522931758001,-0.005442807558483198,-0.005442807558483198,1.2147981455229235,1.1886489089913967
2024-04-08,0.0,0.0,0.09974075646394506,0.0066727251403049005,0.0066727251403049005,1.22290415964895,1.1965804364494197
2024-04-09,0.01585301898842409,1.585301898842409e-05,0.09763891652234248,0.003170208619890587,0.003154355600902163,1.2267810209571692,1.2003548766510639
2024-04-10,0.024600514245538357,2.460051424553836e-05,0.09325773047609866,0.007577975201635927,0.007553374687390389,1.2360775371118202,1.2094216067922456
2024-04-11,0.010626090119768672,1.0626090119768672e-05,0.09818762044888497,-0.020362825627398745,-0.020373451717518514,1.2109075057616676,1.1847815140801403
2024-04-12,0.026077631177571253,2.6077631177571252e-05,0.10277546513133606,0.010015040665481879,0.009988963034304308,1.223034793674008,1.196616252828014
2024-04-15,0.03740240144778406,3.7402401447784065e-05,0.1003455386810306,-0.008779714476641968,-0.008817116878089752,1.2122968973905515,1.1860655474686077
2024-04-16,0.04885527797719713,4.8855277977197134e-05,0.09236701517387266,-0.006526032404459429,-0.006574887682436626,1.204385408554355,1.1782672997099939
2024-04-17,0.024327306932491494,2.4327306932491494e-05,0.09872719163534761,-0.0037316717907353593,-0.0037559990976678507,1.1998910375000795,1.1738417287954717
2024-04-18,0.017844097469859405,1.7844097469859404e-05,0.09590238188314378,-2.9770964159838917e-05,-4.761506162969832e-05,1.1998553155870064,1.1737858362492115
2024-04-19,0.04081909417822421,4.0819094178224216e-05,0.09356907783685278,-0.0019281143393747226,-0.001968933433552947,1.1975418573478482,1.1714747300723896
2024-04-22,0.024693444531344616,2.4693444531344615e-05,0.09451465347743694,-0.0009596152550804089,-0.0009843086996117534,1.19639267791294,1.170321637304204
2024-04-23,0.02830457898323782,2.8304578983237824e-05,0.10336570513247527,-0.008529716142560831,-0.008558020721544069,1.1861877879753044,1.1603060004812833
2024-04-24,0.04248671158512149,4.248671158512149e-05,0.10211205353830506,0.0034429983929645585,0.003400511681379437,1.1902718306230575,1.1642516345898943
2024-04-25,0.015194760426540721,1.5194760426540721e-05,0.1021561553553069,-0.004604049979189945,-0.004619244739616486,1.184791759626047,1.158873671351225
2024-04-26,0.05905715901850686,5.905715901850686e-05,0.09916643636506911,-0.002682273218865232,-0.002741330377883739,1.18161382441927,1.1556968157518204
2024-04-29,0.05326344703133262,5.326344703133262e-05,0.09139264477677671,0.007566919655761658,0.007513656208730325,1.190555001292788,1.164380324306904
2024-04-30,0.0404639253243777,4.0463925324377704e-05,0.09002458445584094,0.004616377918449819,0.004575913993125441,1.1960510531114559,1.1697084285262198
2024-05-01,0.012566306134776523,1.2566306134776523e-05,0.09110192253816139,-0.021342253119707718,-0.021354819425842494,1.1705246287918583,1.1447295162541564
2024-05-02,0.00018584515588657147,1.8584515588657148e-07,0.08774984177744677,0.005012621667745823,0.005012435822589936,1.1763920259087703,1.150467399488605
2024-05-03,0.02526784605240423,2.5267846052404232e-05,0.09904661213335283,0.005133911864141399,0.005108644018088995,1.1824315188874646,1.156344727887009
2024-05-06,0.012248715168459712,1.2248715168459713e-05,0.09961363108569884,0.010339419924851212,0.010327171209682752,1.1946571748936217,1.1682864978693122
2024-05-07,0.002249382390302701,2.249382390302701e-06,0.09381831707478044,0.011979162524992319,0.011976913142602016,1.2089681673533206,1.1822789637799676
2024-05-08,0.01443188251713906,1.4431882517139061e-05,0.09573731856757628,0.0012818005957124338,0.0012673687131952948,1.2105178234704315,1.1837773471489312
2024-05-09,0.013599629352494869,1.3599629352494869e-05,0.0952810188504659,-0.004320791525638399,-0.004334391154990894,1.2052874283171462,1.1786463930859703
2024-05-10,0.029158719279148704,2.9158719279148704e-05,0.10317374935978185,0.012590017398851686,0.012560858679572538,1.2204620180102763,1.193451203862711
2024-05-13,0.021572276058727136,2.1572276058727137e-05,0.09235221745202317,0.0017565060164045384,0.0017349337403458113,1.2226057668877046,1.1955217626237487
2024-05-14,0.03476111516859445,3.476111516859446e-05,0.09607184362054151,-0.004197011976028967,-0.004231773091197562,1.2174744758421148,1.1904625857987363
2024-05-15,0.002000409235792311,2.000409235792311e-06,0.09714568248468503,0.009212401774019564,0.009210401364783771,1.2286903398631863,1.201427224023701
2024-05-16,0.017135873580687078,1.713587358068708e-05,0.09076347832632196,0.018714761994557707,0.01869762612097702,1.251684987138738,1.2238910610700595
2024-05-17,0.022956553983662864,2.2956553983662866e-05,0.09003938993841448,-0.0034663315283792063,-0.0034892880823628692,1.2473462320042201,1.2196205525765573
2024-05-20,0.00035528183629068844,3.5528183629068845e-07,0.08385603064180894,0.00551921549683345,0.005518860214997159,1.2542306046578147,1.226351467921565
2024-05-21,0.0,0.0,0.08245473530974433,0.0011043020156586503,0.0011043020156586503,1.255615654042639,1.2277057303194967
2024-05-22,0.0,0.0,0.08158919965289524,0.0030618018401455,0.0030618018401455,1.2594601003627024,1.2314647219837462
2024-05-23,0.0,0.0,0.08568623722628974,-0.01011403722100525,-0.01011403722100525,1.246721874029263,1.2190096419492478
2024-05-24,0.0,0.0,0.09257839785824769,-0.0169659731168462,-0.0169659731168462,1.2255700242302983,1.1983279571347605
2024-05-28,0.019553037372420423,1.9553037372420423e-05,0.08342092671639142,0.005203940294713267,0.005184387257340846,1.231947817463383,1.2045405533258453
2024-05-29,0.019553037372420423,1.9553037372420423e-05,0.09220449961905329,-0.0016412857811057497,-0.00166083881847817,1.229925839027516,1.2025400056164506
2024-05-30,0.00911845193407837,9.11845193407837e-06,0.0885066645806396,-0.014104546512420657,-0.014113664964354735,1.2125782928241244,1.1855677588709468
2024-05-31,0.005272971124822334,5.272971124822334e-06,0.08240088865210511,0.002414309750815585,0.0024090367796907627,1.2155058324201171,1.1884238352068823
2024-06-03,0.0038454808092560355,3.845480809256035e-06,0.09145735754984397,0.0049761962968352495,0.004972350816025994,1.221554428042188,1.194333095433658
2024-06-04,0.0,0.0,0.0933908299834625,0.01116367478360065,0.01116367478360065,1.235191464407318,1.2076662416943704
2024-06-05,0.005819120269428879,5.8191202694288795e-06,0.10405048211963583,0.00196154825294942,0.0019557291326799914,1.2376143520663843,1.210028109745806
2024-06-06,0.03562347710149649,3.5623477101496494e-05,0.0940576999174194,0.014473075751408333,0.014437452274306838,1.2555264383348712,1.227497832830831
2024-06-07,0.013070280778524929,1.3070280778524929e-05,0.09763020514366874,0.0027698699692853563,0.0027567996885068313,1.2590040833120586,1.2308817984740217
2024-06-10,0.014965447836402301,1.4965447836402302e-05,0.09725284636621304,-0.026591036137276966,-0.026606001585113368,1.2255258602357284,1.1981329553927347
2024-06-11,0.01374675371140055,1.374675371140055e-05,0.08598325653649083,0.0021181158324172383,0.002104369078705838,1.2281216659633305,1.2006542693362416
2024-06-12,0.04526663930848765,4.526663930848765e-05,0.09790049412541287,0.0077735220664147,0.007728255427106212,1.2376684968339386,1.209933232209318
2024-06-13,0.02263523948802626,2.263523948802626e-05,0.09666639116244427,0.009041355366349446,0.00901872012686142,1.24885869753955,1.2208452814028026
2024-06-14,0.007990239762650259,7.990239762650258e-06,0.09832089816340969,0.004695579445448149,0.004687589205685499,1.2547228127699859,1.2265681025657185
2024-06-17,0.006416055210866717,6.416055210866717e-06,0.0923617995709386,0.010018729578657317,0.01001231352344645,1.2672935413273008,1.2388488869664653
2024-06-18,0.029010859580349546,2.901085958034955e-05,0.09411541084015719,-0.0035446732299450816,-0.003573684089525431,1.2628013998368754,1.234421632409787
2024-06-20,0.010638089711856646,1.0638089711856647e-05,0.09092608549242659,0.007821825906015462,0.007811187816303605,1.2726788125402722,1.244063931625048
2024-06-21,0.0026074148306629574,2.6074148306629575e-06,0.08716302111560843,0.0015021298488489,0.001499522434018237,1.2745905413725864,1.2459294333998725
2024-06-24,0.0,0.0,0.09310912952014964,-0.010088494693554599,-0.010088494693554599,1.2617318414594942,1.2333598809224744
2024-06-25,0.0,0.0,0.08784322967650951,0.0023649425529060006,0.0023649425529060006,1.2647157647817182,1.236276706187915
2024-06-26,0.0,0.0,0.09317116238407676,0.00028174495446834996,0.00028174495446834996,1.265072092067282,1.23662502091221
2024-06-27,0.0,0.0,0.09304291214273122,-0.011206214230103451,-0.011206214230103451,1.2508954231870508,1.2227671360055616
2024-06-28,0.0,0.0,0.08826475159994504,0.00840627512905095,0.00840627512905095,1.2614107942720318,1.2330460529695861
2024-07-01,0.0,0.0,0.08847960499459749,-0.011315391695371166,-0.011315391695371166,1.2471374370460744,1.2190936539018038
2024-07-02,0.0,0.0,0.10075013275425497,-0.007964000867175199,-0.007964000867175199,1.237205233415953,1.209384790984962
2024-07-03,0.017897516547977527,1.7897516547977526e-05,0.09198410800999215,0.007209719485142725,0.007191821968594748,1.2461251360944325,1.2180824710932519
2024-07-05,0.017897516547977527,1.7897516547977526e-05,0.0949373977945467,0.014355173956028252,0.014337276439480275,1.2640134791940474,1.235546456207401
2024-07-08,0.0006308819918935948,6.308819918935948e-07,0.09296484704232932,0.013685257590137358,0.013684626708145464,1.2813118292542236,1.2524544482411712
2024-07-09,0.010595807984227157,1.0595807984227157e-05,0.09509297605999173,-0.004632405363190471,-0.004643001171174698,1.275376273464467,1.2466393007711445
2024-07-10,0.021941450873183777,2.1941450873183778e-05,0.10297551086738384,-0.000918090225040917,-0.0009400316759141008,1.27420536297455,1.2454674203399803
2024-07-11,0.040629877696562594,4.062987769656259e-05,0.08979979462427559,0.007950605672347991,0.007909975794651428,1.2843360673611517,1.2553190374878964
2024-07-12,0.018762240142671832,1.876224014267183e-05,0.08924278450739795,0.00814762619752614,0.008128863957383468,1.294800357550011,1.265523355166749
2024-07-15,0.01938642276883859,1.938642276883859e-05,0.0866226680064366,0.004980337395584152,0.004960950972815313,1.3012489001905332,1.2718015544866839
2024-07-16,0.010955945832617359,1.0955945832617359e-05,0.08657734836976565,-0.0028119623597284023,-0.00282291830556102,1.2975898372625594,1.2682113625974825
2024-07-17,0.0022400298494978377,2.2400298494978376e-06,0.09593969785756051,0.01982558119512955,0.01982334116528005,1.3233153099391832,1.2933515491079368
2024-07-18,0.0,0.0,0.09800257713448152,-0.009280991605963749,-0.009280991605963749,1.3110336316555944,1.281347964237106
2024-07-19,0.012505613892743461,1.2505613892743461e-05,0.08733726725548419,-0.010734746595155463,-0.010747252209048206,1.296960017842045,1.2675769944978994
2024-07-22,0.012505613892743461,1.2505613892743461e-05,0.0957903752994005,-0.015332521652262801,-0.015345027266155544,1.2770743502863626,1.2481259909553777
2024-07-23,0.02344431485955309,2.344431485955309e-05,0.09056795336580042,0.0033504992509069517,0.0033270549360473987,1.2813531869403496,1.2522785746943947
2024-07-24,0.02344431485955309,2.344431485955309e-05,0.09594229645990343,0.00026827982077775,0.00024483550591819687,1.281696948143695,1.2525851769527805
2024-07-25,0.02100289515307413,2.1002895153074132e-05,0.10591587490917485,-0.01768762796191041,-0.017708630857063486,1.2590267693650135,1.2304036084370942
2024-07-26,0.038720119160573496,3.87201191605735e-05,0.0931946045912246,-0.005601960092030272,-0.0056406802111908455,1.2519737516482328,1.2234632951512052
2024-07-29,0.03180282211521951,3.1802822115219507e-05,0.09393343657791933,0.014072972135808248,0.014041169313693029,1.2695927433699417,1.240642150427512
2024-07-30,0.025175621475012122,2.5175621475012124e-05,0.09488506161616503,0.0022688119704934962,0.002243636349018484,1.272473210583751,1.2434257002523357
2024-07-31,0.0038364506287216493,3.83645062872165e-06,0.0902426998191634,0.0043282422600743765,0.0043244058094456545,1.277980782908612,1.2488027775741208
2024-08-01,0.008837799984000111,8.83779998400011e-06,0.09056741774635639,0.021875067271975177,0.021866229471991176,1.3059366985070295,1.2761093856738164
2024-08-02,0.006874009006327786,6.874009006327786e-06,0.09481348856346436,-0.006200728957023051,-0.0062076029660293785,1.297838939004558,1.2681878052663296
2024-08-05,0.011023091567024523,1.1023091567024524e-05,0.1008987830035007,0.005439837763560459,0.0054288146719934345,1.3048989722759743,1.2750725618304026
2024-08-06,0.02868716371390939,2.868716371390939e-05,0.10178805852234933,-0.016127228237036533,-0.016155915400750443,1.2838545687238052,1.2544725973916524
2024-08-07,0.028372848078727947,2.8372848078727947e-05,0.10070909265179455,-0.010624007913705493,-0.01065238076178422,1.2702148876256365,1.2411094776290121
2024-08-08,0.017790406706489015,1.7790406706489014e-05,0.10212409117017199,-0.0060399432734853375,-0.0060577336801918265,1.2625428617592411,1.2335911669455737
2024-08-09,0.01855885038408908,1.855885038408908e-05,0.09159192552012568,0.013295708776929276,0.013277149926545186,1.2793292639675828,1.2499697418171718
2024-08-12,0.044382505790017374,4.4382505790017375e-05,0.09742642820098979,0.007762969672766506,0.007718587166976489,1.289260658245246,1.2596177422254706
2024-08-13,0.033041973414034004,3.304197341403401e-05,0.09665108552006371,0.0104095270819433,0.010376485108529265,1.3026812519829338,1.2726881469701126
2024-08-14,0.01572428992597366,1.572428992597366e-05,0.09810568601243806,0.009776893828244213,0.009761169538318239,1.3154174282756153,1.285111071742096
2024-08-15,0.024657100324559422,2.4657100324559422e-05,0.09993310087583532,0.000549010162857912,0.0005243530625333526,1.316139605812139,1.2857849236682595
2024-08-16,0.009266241964080463,9.266241964080463e-06,0.09991641634955317,0.004916636475294493,0.004907370233330413,1.3226105858046546,1.2920947463291341
2024-08-19,0.013974013102762778,1.3974013102762778e-05,0.09926346440782839,0.01373053806956188,0.013716564056459116,1.3407707408042508,1.3098178466841721
2024-08-20,0.04077183602159243,4.077183602159243e-05,0.09130976205475963,0.005874838827425467,0.0058340669914038745,1.3486475528110036,1.3174594117482639
2024-08-21,0.03202710104213466,3.202710104213466e-05,0.09269366030981735,0.004914450187201238,0.004882423086159104,1.355275414029384,1.3238918059952611
2024-08-22,0.0067987246754242225,6.7987246754242225e-06,0.1010239393362561,0.0013738671746923606,0.0013670684500169364,1.3571373824333866,1.325701656714473
2024-08-23,0.01138489044243976,1.138489044243976e-05,0.09587614536540126,-0.01462973514351678,-0.01464112003395922,1.3372828219750206,1.3062918996292978
2024-08-26,0.009226337173530191,9.226337173530191e-06,0.0962493147060705,0.014028432300011244,0.014019205962837714,1.3560428035090653,1.3246050748177873
2024-08-27,0.0004111634438477285,4.111634438477285e-07,0.0916520963495424,-0.0008159006750672177,-0.0008163118385110654,1.354936407270262,1.3235237840138618
2024-08-28,0.0042646594043753705,4.264659404375371e-06,0.09926381685370245,0.0011260412504289865,0.001121776591024611,1.3564621215565564,1.3250084820124328
2024-08-29,0.012706104153457382,1.2706104153457382e-05,0.09726825822414276,-0.00671215869025201,-0.006724864794405467,1.3473573325393529,1.3160979791194587
2024-08-30,0.006899681945176317,6.899681945176317e-06,0.09053419867404704,0.0009828154708235197,0.0009759157888783433,1.3486815361705,1.3173823799169921
2024-09-03,0.011687113685543593,1.1687113685543593e-05,0.09798118426866219,-0.004645637545646372,-0.0046573246593319155,1.3424160505889462,1.3112469024732354
2024-09-04,0.00836892212495352,8.36892212495352e-06,0.10200160264652984,-0.005118684367226431,-0.005127053289351384,1.3355446465364829,1.3045240697287581
2024-09-05,0.016221456298751435,1.6221456298751434e-05,0.0986294294309406,0.005495679037583026,0.005479457581284274,1.3428843712542098,1.311672154032601
2024-09-06,0.021755810313702578,2.175581031370258e-05,0.09429207441050548,0.00567522777938332,0.005653471969069617,1.3505055459424513,1.3190876557880333
2024-09-09,0.03311106634924335,3.311106634924335e-05,0.11800991627855842,-0.012251732486312191,-0.012284843552661434,1.3339595132722835,1.3028828703044304
2024-09-10,0.10863359377621815,0.00010863359377621815,0.0924820059791998,0.008290579488457161,0.008181945894680943,1.345018810651451,1.313542987456368
2024-09-11,0.05832593822042731,5.832593822042731e-05,0.09774624325298338,0.007256723461636879,0.007198397523416452,1.3547792402110483,1.322998392044175
2024-09-12,0.033216558629727694,3.3216558629727697e-05,0.10006149824793999,0.0037170431241599225,0.003683826565530195,1.3598150130706295,1.327872088666941
2024-09-13,0.031384372810969174,3.138437281096917e-05,0.10443188597626549,0.009988821124741157,0.009957436751930188,1.3733979619989296,1.3410942910044956
2024-09-16,0.06575834372260012,6.575834372260012e-05,0.09981885546874618,0.008219417556005247,0.008153659212282647,1.3846864933191656,1.3520291168248841
2024-09-17,0.0071970377791389095,7.19703777913891e-06,0.09520811640039187,0.005109097074450713,0.005101900036671574,1.391760991031214,1.3589270342255941
2024-09-18,0.03439062865531822,3.4390628655318226e-05,0.09792501637969181,-0.0049583341596987265,-0.004992724788354045,1.384860174967248,1.3521422855362517
2024-09-19,0.021336492971756854,2.1336492971756854e-05,0.09957751130828406,-0.011298408222425019,-0.011319744715396776,1.3692134593794891,1.3368363800450882
2024-09-20,0.00903280491857425,9.03280491857425e-06,0.09185205841448632,0.012964851425302125,0.012955818620383551,1.386965108449868,1.3541561897100824
2024-09-23,0.033190508309115546,3.319050830911555e-05,0.09622088693023016,0.0021967543026131624,0.002163563794304047,1.3900119300194296,1.3570859930139718
2024-09-24,0.002672158737713509,2.6721587377135094e-06,0.09871956024122049,0.001038884529905877,0.0010362123711681634,1.3914559919099114,1.358492222308672
2024-09-25,0.008508165549820229,8.50816554982023e-06,0.0994566986436896,0.00816137070113907,0.00815286253558925,1.4028121800742093,1.3695678226528218
2024-09-26,0.005747280173233116,5.747280173233116e-06,0.08631612155028388,-0.005742021291262509,-0.005747768571435742,1.3947572026685806,1.3616958637653283
2024-09-27,0.027406676225235044,2.7406676225235043e-05,0.09513110230098251,0.005689508274060701,0.005662101597835465,1.4026926853134691,1.36940592409132
2024-09-30,0.006251175831018113,6.2511758310181134e-06,0.0961790938464953,-0.002180563597164602,-0.0021868147729956202,1.3996340247058656,1.3664112869862892
2024-10-01,0.0065341913927355055,6.534191392735506e-06,0.09108189899723518,-0.004401389990415968,-0.004407924181808704,1.3934736895192796,1.360388249632086
2024-10-02,0.0002830155617173924,2.830155617173924e-07,0.09557584553641155,0.0027027011519854998,0.0027024181364237823,1.397239832465205,1.3640645875104696
2024-10-03,0.0019578063311681826,1.9578063311681825e-06,0.0891172065166717,-0.003919480886810556,-0.003921438693141724,1.391763377647567,1.3587154918570616
2024-10-04,0.0019578063311681826,1.9578063311681825e-06,0.08623675260583506,-0.00599362433680075,-0.005995582143131918,1.3834216707962306,1.3505692015164867
2024-10-07,0.0,0.0,0.09383416089037083,-0.0026644848548561,-0.0026644848548561,1.3797355647065142,1.3469706303336109
2024-10-08,0.01578368012557979,1.578368012557979e-05,0.08741800621273306,-0.009912344680826126,-0.009928128360951706,1.3660591502207489,1.3335977330172268
2024-10-09,0.01578368012557979,1.578368012557979e-05,0.09221381675215488,0.0018498190946336004,0.0018340354145080205,1.3685861125212262,1.3360435984882881
2024-10-10,0.0,0.0,0.09490675160387695,-0.0021297697597379996,-0.0021297697597379996,1.3656713392051811,1.3331981332345362
2024-10-11,0.0,0.0,0.09318249768599252,0.0008197240600829499,0.0008197240600829499,1.3667908128600932,1.3342909878212061
2024-10-14,0.0011667605807116344,1.1667605807116345e-06,0.08943499496043482,0.00639811185066456,0.006396945090083849,1.375535693357233,1.3428263740044921
2024-10-15,0.0011667605807116344,1.1667605807116345e-06,0.08796688439407184,0.0036305047184295005,0.003629337957848789,1.3805295821823345,1.3476999447344669
2024-10-16,0.0,0.0,0.08811084496246759,0.0038732564005846994,0.0038732564005846994,1.3858767272227188,1.3529199321714773
2024-10-17,0.0,0.0,0.08959636850899706,0.00676586371438285,0.00676586371438285,1.3952533802840426,1.3620736040490216
2024-10-18,0.0,0.0,0.08708249106450734,-0.00495676443986285,-0.00495676443986285,1.3883374379440523,1.3553221260439956
2024-10-21,0.0,0.0,0.0888341713531454,0.00757369408610445,0.00757369408610445,1.3988522809873265,1.3655869212147815
2024-10-22,0.0,0.0,0.09419190649944399,-0.0097339835173173,-0.0097339835173173,1.3852358759410341,1.3522943206322129
2024-10-23,0.005498772806776436,5.4987728067764366e-06,0.09417138562257218,0.005468784207979045,0.005463285435172269,1.3928114320237064,1.359682290498189
2024-10-24,0.001980339645818119,1.9803396458181187e-06,0.09779729468504836,-0.011922077131452564,-0.011924057471098383,1.376206226701551,1.343469360723854
2024-10-25,0.02101706154398794,2.1017061543987943e-05,0.09551390683945873,0.008030351641805858,0.00800933458026187,1.387257646633607,1.3542296563322218
2024-10-28,0.024800741257714365,2.4800741257714365e-05,0.09880134487558127,-0.0018769413970139571,-0.0019017421382716716,1.3846538453283161,1.3516542607298776
2024-10-29,0.02640721184213779,2.640721184213779e-05,0.10174827814489086,8.662249278176804e-05,6.021528093963025e-05,1.3847737874960384,1.3517356509709209
2024-10-30,0.059415953484692474,5.941595348469247e-05,0.09122013564740142,0.006860284080825988,0.006800868127341295,1.3942737290659426,1.3609286268762
2024-10-31,0.029610978601285226,2.9610978601285228e-05,0.08885301469756397,0.0026238329893825403,0.002594222010781255,1.3979320704724953,1.3644591778751445
2024-11-01,0.012190124319217427,1.2190124319217427e-05,0.09877860092145464,-0.016895256208801498,-0.016907446333120715,1.3743136499793622,1.3413896575514865
2024-11-04,0.012575981497981337,1.2575981497981336e-05,0.09506125700758021,-0.008839636812936882,-0.008852212794434863,1.362165216446483,1.3295153908625867
2024-11-05,0.004883352850839018,4.883352850839018e-06,0.09299490874795766,0.007409845760861507,0.007404962408010668,1.372258650601162,1.3393604023527956
2024-11-06,0.025616706765965586,2.5616706765965587e-05,0.09880358131891384,0.009697292603213179,0.009671675896447213,1.385565844263332,1.352314262072887
2024-11-07,0.006904985325977275,6.904985325977275e-06,0.09640510079949609,-0.01619352837240511,-0.016200433357731085,1.3631286444524184,1.330406184991466
2024-11-08,0.003355670214363171,3.3556702143631714e-06,0.09839633235551082,0.017590370469432716,0.017587014799218353,1.387106582305832,1.3538040582558823
2024-11-11,0.006864853860865078,6.864853860865078e-06,0.09973134502902802,0.00443580388798016,0.004428939034119295,1.3932595150766671,1.359799973894041
2024-11-12,0.007295673365232291,7.295673365232291e-06,0.10255797064074174,-0.013576893392702172,-0.013584189066067405,1.3743433791721034,1.3413281939566308
2024-11-13,0.02858600680349166,2.858600680349166e-05,0.10013311383565361,-0.012201182530383426,-0.012229768537186918,1.3575747647434007,1.3249240606121382
2024-11-14,0.008971704750279502,8.971704750279503e-06,0.09076283458063575,-0.008898677690244787,-0.008907649394995066,1.3454941444715394,1.313122101605212
2024-11-15,0.0403386981670851,4.0338698167085104e-05,0.0891753123193733,-0.002129178798795864,-0.002169517496962949,1.3426293468652266,1.3102732602301306
2024-11-18,0.03635149446706365,3.635149446706365e-05,0.09501351389512461,-0.00863307330620632,-0.008669424800673384,1.3310383292906751,1.2989139447322324
2024-11-19,0.001521175061373975,1.521175061373975e-06,0.09221055675426922,0.012327333771759152,0.012325812596697778,1.347446483038846,1.3149241145942394
2024-11-20,0.021047878968784323,2.1047878968784323e-05,0.08729964480079132,0.008539986932724983,0.008518939053756199,1.3589536583965438,1.326125872986782
2024-11-21,0.02816451892755395,2.816451892755395e-05,0.0882251310568593,0.0013763084414618,0.001348143922534246,1.3608239977881502,1.3279136815229644
2024-11-22,0.0,0.0,0.09502793799720165,0.006442116162796501,0.006442116162796501,1.3695905840590228,1.3364682557135021
2024-11-25,0.007143558602898559,7.143558602898559e-06,0.09097022017940552,0.008190455589889787,0.00818331203128689,1.3808081549140894,1.3474049924699154
2024-11-26,0.007143558602898559,7.143558602898559e-06,0.09337464993240938,-0.00047834705803379875,-0.0004854906166366973,1.3801476493954772,1.3467508399892618
2024-11-27,0.0,0.0,0.0902505761754461,0.0016272672599951,0.0016272672599951,1.3823935184792977,1.3489423635385471
2024-11-29,0.0,0.0,0.09353643675060538,0.0030451711431057496,0.0030451711431057496,1.386603143330187,1.3530501238977075
2024-12-02,0.008176933635745676,8.176933635745676e-06,0.08977744256770506,0.012356556758007588,0.012348379824371843,1.4037367837715782,1.3697581007490096
2024-12-03,0.007545995818642487,7.545995818642487e-06,0.08658216083607209,-0.004032087334653997,-0.00403963333047264,1.398076794464545,1.364224780270539
2024-12-04,0.0006309378171031887,6.309378171031888e-07,0.09039054015769571,-0.0030960009893410004,-0.0030966319271581036,1.393748347325708,1.3600002782601328
2024-12-05,0.0,0.0,0.09652186993111975,0.0099539264767209,0.0099539264767209,1.4076216159020394,1.3735376210382542
2024-12-06,0.017988746165599784,1.7988746165599785e-05,0.09655544702267922,-0.003599724311149565,-0.003617713057315165,1.4025545661503773,1.3685685560519105
2024-12-09,0.0018148306631587119,1.8148306631587119e-06,0.09937822085900253,0.0018263229030857629,0.0018245080724226042,1.4051160836773653,1.371065520430091
2024-12-10,0.04417933970509502,4.4179339705095025e-05,0.0954906151482431,-0.001986780031816361,-0.0020309593715214557,1.402324427099931,1.3682809420624036
2024-12-11,0.013505978403957758,1.3505978403957758e-05,0.08636056134323537,0.0027145801067774574,0.0027010741283734997,1.4061311490929846,1.371976770315355
2024-12-12,0.014499445798696192,1.4499445798696192e-05,0.08862412552459968,0.003845155406489051,0.003830655960690355,1.4115379418831522,1.3772323413084921
2024-12-13,0.0,0.0,0.08948446932289424,-0.0160800324389292,-0.0160800324389292,1.3888403659888917,1.3550864005843093
2024-12-16,0.0,0.0,0.08986853036519514,-0.01131357479279505,-0.01131357479279505,1.3731276166330235,1.3397555292405994
2024-12-17,0.0,0.0,0.0862200991648699,0.004831834096807651,0.004831834096807651,1.3797623414703393,1.3462290056881707
2024-12-18,0.0,0.0,0.08908720306531125,-0.0027722076094159505,-0.0027722076094159505,1.3759373538081296,1.3424969793945853
2024-12-19,0.0,0.0,0.08605077425566839,-0.03304559885090055,-0.03304559885090055,1.3304686799702166,1.2981333627549663
2024-12-20,0.0,0.0,0.08618855347434484,-0.007072129696921,-0.007072129696921,1.321059432907776,1.288952795249663
2024-12-23,0.0,0.0,0.08701388394963185,0.01231870574350755,0.01231870574350755,1.3373331753314517,1.3048310254516151
2024-12-24,0.0,0.0,0.08732621742638347,-0.00398200764215305,-0.00398200764215305,1.332007904407177,1.2996351783365483
2024-12-26,0.0,0.0,0.08724723491320513,0.0086317061636363,0.0086317061636363,1.3435054052456608,1.3108532473158745
2024-12-27,0.0,0.0,0.0889252607530616,0.0031129294389045433,0.0031129294389045433,1.3476876427729774,1.3149338409795277
2024-12-30,0.0,0.0,0.09392520495053498,-0.01285446212987935,-0.01285446212987935,1.3303638430060456,1.2980310737173595
2024-12-31,0.015318170652048768,1.5318170652048768e-05,0.0929484305178932,-0.002982059400946523,-0.0029973775715985717,1.32639661900133,1.294140384489761
