date,asset,y_true_logrv,y_true_rv,yhat_logrv,yhat_rv,model,horizon,split
2018-01-02,GLD,-5.2028685,0.005500763,-5.9535775,0.0025965348,N-BEATS(L=90),1,val
2018-01-02,SPY,-5.9152265,0.0026980487,-5.6454487,0.0035335626,N-BEATS(L=90),1,val
2018-01-02,TLT,-5.530339,0.003964646,-6.0024734,0.0024726288,N-BEATS(L=90),1,val
2018-01-03,GLD,-5.187029,0.0055885864,-5.702058,0.0033390871,N-BEATS(L=90),1,val
2018-01-03,SPY,-5.4929194,0.0041158106,-5.695596,0.003360733,N-BEATS(L=90),1,val
2018-01-03,TLT,-5.5396805,0.0039277817,-5.5265856,0.003979554,N-BEATS(L=90),1,val
2018-01-04,GLD,-5.7800517,0.0030885558,-5.4181604,0.004435298,N-BEATS(L=90),1,val
2018-01-04,SPY,-5.6203966,0.0036232038,-5.3444085,0.0047747744,N-BEATS(L=90),1,val
2018-01-04,TLT,-5.3943996,0.0045419466,-5.0917606,0.006147187,N-BEATS(L=90),1,val
2018-01-05,GLD,-6.070432,0.0023101745,-5.521904,0.003998228,N-BEATS(L=90),1,val
2018-01-05,SPY,-5.9747715,0.002542083,-5.725047,0.0032631995,N-BEATS(L=90),1,val
2018-01-05,TLT,-5.4029655,0.004503207,-5.6535273,0.0035051315,N-BEATS(L=90),1,val
2018-01-08,GLD,-5.692676,0.003370561,-5.533843,0.003950777,N-BEATS(L=90),1,val
2018-01-08,SPY,-5.81068,0.0029953928,-5.703375,0.0033346922,N-BEATS(L=90),1,val
2018-01-08,TLT,-5.5474124,0.0038975296,-5.841976,0.0029030999,N-BEATS(L=90),1,val
2018-01-09,GLD,-5.724851,0.003263839,-5.83299,0.0029293047,N-BEATS(L=90),1,val
2018-01-09,SPY,-5.587364,0.0037448856,-5.621582,0.0036189114,N-BEATS(L=90),1,val
2018-01-09,TLT,-5.2390056,0.00530553,-5.5903654,0.0037336634,N-BEATS(L=90),1,val
2018-01-10,GLD,-6.0815067,0.0022847315,-5.2785106,0.005100021,N-BEATS(L=90),1,val
2018-01-10,SPY,-5.9723716,0.002548191,-5.4561834,0.0042698206,N-BEATS(L=90),1,val
2018-01-10,TLT,-5.0993385,0.006100781,-5.34261,0.0047833705,N-BEATS(L=90),1,val
2018-01-11,GLD,-5.164411,0.0057164286,-5.4449744,0.0043179505,N-BEATS(L=90),1,val
2018-01-11,SPY,-5.5366406,0.0039397394,-5.5910892,0.0037309618,N-BEATS(L=90),1,val
2018-01-11,TLT,-5.3943586,0.004542133,-5.3002973,0.00499011,N-BEATS(L=90),1,val
2018-01-12,GLD,-5.703048,0.0033357816,-6.0022593,0.0024731583,N-BEATS(L=90),1,val
2018-01-12,SPY,-4.7796984,0.008398532,-5.7269874,0.0032568742,N-BEATS(L=90),1,val
2018-01-12,TLT,-5.5154624,0.004024066,-5.52676,0.003978859,N-BEATS(L=90),1,val
2018-01-16,GLD,-5.0066094,0.0066935597,-5.833379,0.0029281667,N-BEATS(L=90),1,val
2018-01-16,SPY,-4.9644513,0.0069817803,-5.846299,0.0028905768,N-BEATS(L=90),1,val
2018-01-16,TLT,-5.152661,0.0057839938,-5.593792,0.0037208917,N-BEATS(L=90),1,val
2018-01-17,GLD,-5.5703,0.003809337,-5.996167,0.002488271,N-BEATS(L=90),1,val
2018-01-17,SPY,-5.680672,0.0034112646,-6.0657005,0.0023211315,N-BEATS(L=90),1,val
2018-01-17,TLT,-5.5172315,0.0040169535,-5.7058115,0.0033265767,N-BEATS(L=90),1,val
2018-01-18,GLD,-6.4199467,0.0016287431,-5.6884108,0.0033849683,N-BEATS(L=90),1,val
2018-01-18,SPY,-5.8394537,0.0029104322,-6.1094165,0.002221847,N-BEATS(L=90),1,val
2018-01-18,TLT,-5.8600874,0.0028509945,-5.497978,0.0040950426,N-BEATS(L=90),1,val
2018-01-19,GLD,-5.9774213,0.0025353557,-5.6692457,0.003450467,N-BEATS(L=90),1,val
2018-01-19,SPY,-5.7061553,0.0033254332,-5.9709215,0.0025518888,N-BEATS(L=90),1,val
2018-01-19,TLT,-5.547638,0.0038966504,-5.6264257,0.0036014249,N-BEATS(L=90),1,val
2018-01-22,GLD,-5.4568067,0.0042671603,-5.699817,0.0033465773,N-BEATS(L=90),1,val
2018-01-22,SPY,-5.849859,0.0028803046,-5.476424,0.004184265,N-BEATS(L=90),1,val
2018-01-22,TLT,-5.2096186,0.0054637576,-5.705862,0.0033264086,N-BEATS(L=90),1,val
2018-01-23,GLD,-5.251003,0.005242259,-5.6625657,0.0034735932,N-BEATS(L=90),1,val
2018-01-23,SPY,-4.9765396,0.0068978905,-5.9093947,0.002713829,N-BEATS(L=90),1,val
2018-01-23,TLT,-5.726733,0.003257702,-5.8745527,0.0028100507,N-BEATS(L=90),1,val
2018-01-24,GLD,-4.481899,0.011311914,-5.740874,0.0032119604,N-BEATS(L=90),1,val
2018-01-24,SPY,-5.456203,0.0042697373,-6.0297737,0.0024060383,N-BEATS(L=90),1,val
2018-01-24,TLT,-5.06654,0.0063041965,-5.528744,0.0039709727,N-BEATS(L=90),1,val
2018-01-25,GLD,-5.836739,0.0029183438,-5.7983036,0.003032695,N-BEATS(L=90),1,val
2018-01-25,SPY,-5.461182,0.0042485306,-5.9634085,0.0025711334,N-BEATS(L=90),1,val
2018-01-25,TLT,-5.425504,0.0044028456,-5.6702156,0.003447122,N-BEATS(L=90),1,val
2018-01-26,GLD,-5.577558,0.0037817892,-5.510881,0.0040425444,N-BEATS(L=90),1,val
2018-01-26,SPY,-5.5392838,0.0039293403,-5.7472696,0.0031914827,N-BEATS(L=90),1,val
2018-01-26,TLT,-5.6082697,0.0036674095,-5.774093,0.0031070139,N-BEATS(L=90),1,val
2018-01-29,GLD,-5.602853,0.0036873294,-5.669473,0.0034496821,N-BEATS(L=90),1,val
2018-01-29,SPY,-4.756106,0.00859903,-5.459565,0.0042554056,N-BEATS(L=90),1,val
2018-01-29,TLT,-5.6182475,0.0036309988,-5.6250796,0.003606276,N-BEATS(L=90),1,val
2018-01-30,GLD,-4.8275266,0.0080063,-5.4487295,0.0043017664,N-BEATS(L=90),1,val
2018-01-30,SPY,-5.0655236,0.0063106054,-5.4125896,0.004460076,N-BEATS(L=90),1,val
2018-01-30,TLT,-5.17194,0.0056735524,-5.4448166,0.004318632,N-BEATS(L=90),1,val
2018-01-31,GLD,-5.5101986,0.004045304,-5.5121946,0.0040372373,N-BEATS(L=90),1,val
2018-01-31,SPY,-5.139041,0.0058633103,-5.173814,0.00566293,N-BEATS(L=90),1,val
2018-01-31,TLT,-5.071825,0.006270965,-5.533211,0.003953274,N-BEATS(L=90),1,val
2018-02-01,GLD,-5.396678,0.0045316103,-5.6274543,0.0035977224,N-BEATS(L=90),1,val
2018-02-01,SPY,-5.025143,0.006570646,-5.2155356,0.0054315235,N-BEATS(L=90),1,val
2018-02-01,TLT,-5.249912,0.0052479813,-5.194344,0.005547854,N-BEATS(L=90),1,val
2018-02-02,GLD,-5.3352647,0.0048186346,-5.4641953,0.004235748,N-BEATS(L=90),1,val
2018-02-02,SPY,-3.7115846,0.024438767,-5.47356,0.0041962676,N-BEATS(L=90),1,val
2018-02-02,TLT,-4.079519,0.016915604,-5.5288787,0.0039704386,N-BEATS(L=90),1,val
2018-02-05,GLD,-5.3389153,0.0048010754,-5.8994594,0.0027409263,N-BEATS(L=90),1,val
2018-02-05,SPY,-3.9111655,0.020017158,-5.578041,0.003779963,N-BEATS(L=90),1,val
2018-02-05,TLT,-5.062846,0.006327525,-5.739491,0.0032164052,N-BEATS(L=90),1,val
2018-02-06,GLD,-4.9788947,0.0068816645,-5.6188626,0.003628766,N-BEATS(L=90),1,val
2018-02-06,SPY,-4.39237,0.0123713715,-5.3011317,0.004985948,N-BEATS(L=90),1,val
2018-02-06,TLT,-4.833365,0.007959692,-5.354095,0.004728747,N-BEATS(L=90),1,val
2018-02-07,GLD,-5.2488647,0.0052534794,-5.09643,0.006118552,N-BEATS(L=90),1,val
2018-02-07,SPY,-4.2404304,0.014401393,-5.325913,0.0048639085,N-BEATS(L=90),1,val
2018-02-07,TLT,-4.9495707,0.0070864507,-5.250766,0.005243501,N-BEATS(L=90),1,val
2018-02-08,GLD,-5.4706807,0.0042083664,-5.759917,0.003151374,N-BEATS(L=90),1,val
2018-02-08,SPY,-3.5327315,0.029224977,-4.9788866,0.0068817204,N-BEATS(L=90),1,val
2018-02-08,TLT,-4.865306,0.0077094696,-5.1479397,0.005811366,N-BEATS(L=90),1,val
2018-02-09,GLD,-5.5466323,0.003900571,-5.393376,0.0045465985,N-BEATS(L=90),1,val
2018-02-09,SPY,-4.2783556,0.013865444,-4.9206877,0.0072941133,N-BEATS(L=90),1,val
2018-02-09,TLT,-5.0223417,0.006589079,-4.958059,0.007026554,N-BEATS(L=90),1,val
2018-02-12,GLD,-5.774103,0.003106983,-4.642725,0.009631417,N-BEATS(L=90),1,val
2018-02-12,SPY,-4.9008393,0.0074403356,-5.0011935,0.0067299097,N-BEATS(L=90),1,val
2018-02-12,TLT,-5.772255,0.0031127306,-5.260144,0.0051945555,N-BEATS(L=90),1,val
2018-02-13,GLD,-4.66296,0.009438483,-5.419144,0.004430937,N-BEATS(L=90),1,val
2018-02-13,SPY,-4.739068,0.008746794,-4.691901,0.009169237,N-BEATS(L=90),1,val
2018-02-13,TLT,-5.322619,0.0048799566,-5.13508,0.0058865813,N-BEATS(L=90),1,val
2018-02-14,GLD,-5.665052,0.0034649677,-5.3259897,0.004863535,N-BEATS(L=90),1,val
2018-02-14,SPY,-4.5435257,0.010635842,-5.006882,0.0066917343,N-BEATS(L=90),1,val
2018-02-14,TLT,-5.339901,0.0047963457,-5.0450945,0.006440852,N-BEATS(L=90),1,val
2018-02-15,GLD,-5.113695,0.00601382,-5.836247,0.00291978,N-BEATS(L=90),1,val
2018-02-15,SPY,-4.870622,0.0076685925,-5.3835754,0.0045913765,N-BEATS(L=90),1,val
2018-02-15,TLT,-5.3218713,0.0048836065,-5.2746816,0.005119587,N-BEATS(L=90),1,val
2018-02-16,GLD,-5.181345,0.005620442,-5.9304185,0.0026573697,N-BEATS(L=90),1,val
2018-02-16,SPY,-4.814479,0.008111448,-5.4185996,0.0044333506,N-BEATS(L=90),1,val
2018-02-16,TLT,-5.439086,0.0043434515,-5.505545,0.0040641725,N-BEATS(L=90),1,val
2018-02-20,GLD,-5.0286865,0.006547405,-5.158103,0.005752602,N-BEATS(L=90),1,val
2018-02-20,SPY,-4.451271,0.011663732,-4.983361,0.0068509993,N-BEATS(L=90),1,val
2018-02-20,TLT,-4.9323425,0.007209595,-5.210533,0.0054587624,N-BEATS(L=90),1,val
2018-02-21,GLD,-6.2097034,0.0020098335,-5.2091365,0.005466392,N-BEATS(L=90),1,val
2018-02-21,SPY,-4.7398705,0.008739778,-5.143436,0.0058375974,N-BEATS(L=90),1,val
2018-02-21,TLT,-5.5474925,0.0038972173,-4.999626,0.006740466,N-BEATS(L=90),1,val
2018-02-22,GLD,-5.9943027,0.0024929144,-5.411005,0.0044671483,N-BEATS(L=90),1,val
2018-02-22,SPY,-5.1130114,0.0060179336,-5.207065,0.0054777265,N-BEATS(L=90),1,val
2018-02-22,TLT,-5.719702,0.0032806892,-5.2418065,0.0052906903,N-BEATS(L=90),1,val
2018-02-23,GLD,-6.006999,0.002461464,-6.023617,0.0024208978,N-BEATS(L=90),1,val
2018-02-23,SPY,-5.2094812,0.0054645077,-4.8658967,0.007704916,N-BEATS(L=90),1,val
2018-02-23,TLT,-5.4149585,0.0044495226,-5.3239655,0.00487339,N-BEATS(L=90),1,val
2018-02-26,GLD,-4.89296,0.0074991914,-5.6594777,0.0034843362,N-BEATS(L=90),1,val
2018-02-26,SPY,-4.8030353,0.008204806,-4.645229,0.009607331,N-BEATS(L=90),1,val
2018-02-26,TLT,-4.8364825,0.007934916,-5.5885797,0.0037403367,N-BEATS(L=90),1,val
2018-02-27,GLD,-5.6142163,0.0036456655,-5.7765107,0.0030995116,N-BEATS(L=90),1,val
2018-02-27,SPY,-4.73948,0.008743191,-5.650218,0.00351675,N-BEATS(L=90),1,val
2018-02-27,TLT,-5.7656746,0.003133281,-5.115772,0.0060013444,N-BEATS(L=90),1,val
2018-02-28,GLD,-4.666107,0.009408825,-5.8529797,0.0028713308,N-BEATS(L=90),1,val
2018-02-28,SPY,-4.08938,0.016749619,-5.2098374,0.0054625617,N-BEATS(L=90),1,val
2018-02-28,TLT,-4.905963,0.0074023115,-5.4359655,0.004357026,N-BEATS(L=90),1,val
2018-03-01,GLD,-5.5679374,0.003818348,-5.939805,0.002632543,N-BEATS(L=90),1,val
2018-03-01,SPY,-4.5576897,0.010486258,-5.35305,0.00473369,N-BEATS(L=90),1,val
2018-03-01,TLT,-5.5064983,0.0040603005,-5.20074,0.0055124843,N-BEATS(L=90),1,val
2018-03-02,GLD,-5.8736196,0.0028126743,-5.4699955,0.004211251,N-BEATS(L=90),1,val
2018-03-02,SPY,-4.683906,0.00924284,-4.9528027,0.0070635844,N-BEATS(L=90),1,val
2018-03-02,TLT,-5.1345115,0.005889928,-5.62892,0.0035924527,N-BEATS(L=90),1,val
2018-03-05,GLD,-5.438822,0.0043445993,-5.4049196,0.0044944156,N-BEATS(L=90),1,val
2018-03-05,SPY,-5.174479,0.0056591644,-4.8095026,0.008151913,N-BEATS(L=90),1,val
2018-03-05,TLT,-5.7641206,0.0031381538,-5.555224,0.0038672024,N-BEATS(L=90),1,val
2018-03-06,GLD,-5.4679523,0.0042198645,-5.6320333,0.003581286,N-BEATS(L=90),1,val
2018-03-06,SPY,-5.1909757,0.0055665732,-5.0131626,0.006649839,N-BEATS(L=90),1,val
2018-03-06,TLT,-5.7636447,0.0031396477,-5.4375567,0.004350099,N-BEATS(L=90),1,val
2018-03-07,GLD,-5.8352766,0.0029226148,-5.353439,0.0047318507,N-BEATS(L=90),1,val
2018-03-07,SPY,-5.3948765,0.0045397813,-5.0904264,0.0061553945,N-BEATS(L=90),1,val
2018-03-07,TLT,-5.554987,0.0038681189,-5.3694773,0.004656565,N-BEATS(L=90),1,val
2018-03-08,GLD,-5.47568,0.004187381,-5.724195,0.0032659813,N-BEATS(L=90),1,val
2018-03-08,SPY,-5.196386,0.005536538,-5.2893963,0.005044805,N-BEATS(L=90),1,val
2018-03-08,TLT,-5.5076966,0.0040554376,-5.657699,0.003490539,N-BEATS(L=90),1,val
2018-03-09,GLD,-5.715898,0.0032931918,-5.252257,0.0052356888,N-BEATS(L=90),1,val
2018-03-09,SPY,-5.4299016,0.004383527,-5.017322,0.0066222367,N-BEATS(L=90),1,val
2018-03-09,TLT,-6.0360303,0.0023910317,-5.2892966,0.005045308,N-BEATS(L=90),1,val
2018-03-12,GLD,-5.246216,0.005267414,-5.7489834,0.0031860182,N-BEATS(L=90),1,val
2018-03-12,SPY,-4.7465754,0.008681375,-5.456372,0.0042690164,N-BEATS(L=90),1,val
2018-03-12,TLT,-5.2392983,0.005303977,-5.6581645,0.003488915,N-BEATS(L=90),1,val
2018-03-13,GLD,-6.1539803,0.0021250069,-5.5321565,0.0039574457,N-BEATS(L=90),1,val
2018-03-13,SPY,-5.043012,0.006454278,-5.4606047,0.0042509846,N-BEATS(L=90),1,val
2018-03-13,TLT,-5.4647255,0.004233503,-5.4718585,0.0042034127,N-BEATS(L=90),1,val
2018-03-14,GLD,-5.9725432,0.0025477537,-5.3242774,0.00487187,N-BEATS(L=90),1,val
2018-03-14,SPY,-5.253226,0.005230618,-5.409982,0.0044717197,N-BEATS(L=90),1,val
2018-03-14,TLT,-5.721708,0.0032741146,-5.413464,0.004456177,N-BEATS(L=90),1,val
2018-03-15,GLD,-5.6404243,0.0035513614,-5.670342,0.0034466863,N-BEATS(L=90),1,val
2018-03-15,SPY,-5.762174,0.0031442682,-5.2346745,0.005328559,N-BEATS(L=90),1,val
2018-03-15,TLT,-5.908942,0.0027150572,-5.5812206,0.0037679635,N-BEATS(L=90),1,val
2018-03-16,GLD,-5.5422792,0.0039175875,-5.4571753,0.004265588,N-BEATS(L=90),1,val
2018-03-16,SPY,-4.300616,0.013560207,-5.3293204,0.004847363,N-BEATS(L=90),1,val
2018-03-16,TLT,-5.424679,0.0044064815,-5.552548,0.0038775648,N-BEATS(L=90),1,val
2018-03-19,GLD,-5.707738,0.0033201745,-5.6702986,0.003446836,N-BEATS(L=90),1,val
2018-03-19,SPY,-5.5496407,0.0038888545,-5.523715,0.003990994,N-BEATS(L=90),1,val
2018-03-19,TLT,-6.071602,0.002307474,-5.6575174,0.0034911733,N-BEATS(L=90),1,val
2018-03-20,GLD,-4.8128448,0.008124714,-5.7602577,0.0031502997,N-BEATS(L=90),1,val
2018-03-20,SPY,-4.835596,0.007941953,-5.5047317,0.00406748,N-BEATS(L=90),1,val
2018-03-20,TLT,-4.894981,0.0074840523,-5.5646973,0.00383074,N-BEATS(L=90),1,val
2018-03-21,GLD,-5.549076,0.0038910506,-5.538082,0.003934065,N-BEATS(L=90),1,val
2018-03-21,SPY,-4.530687,0.010773274,-5.7162914,0.0032918965,N-BEATS(L=90),1,val
2018-03-21,TLT,-4.997064,0.006757758,-5.8080926,0.0030031528,N-BEATS(L=90),1,val
2018-03-22,GLD,-6.0881314,0.002269646,-5.5021462,0.0040780096,N-BEATS(L=90),1,val
2018-03-22,SPY,-4.5232325,0.010853882,-5.2560964,0.005215625,N-BEATS(L=90),1,val
2018-03-22,TLT,-5.751894,0.0031767583,-5.459246,0.0042567635,N-BEATS(L=90),1,val
2018-03-23,GLD,-5.8303704,0.0029369888,-5.64552,0.0035333098,N-BEATS(L=90),1,val
2018-03-23,SPY,-4.2252607,0.014621522,-5.543379,0.003913282,N-BEATS(L=90),1,val
2018-03-23,TLT,-5.4396996,0.004340787,-5.5434046,0.0039131814,N-BEATS(L=90),1,val
2018-03-26,GLD,-5.843093,0.0028998598,-5.09664,0.006117265,N-BEATS(L=90),1,val
2018-03-26,SPY,-4.08584,0.01680901,-5.032755,0.0065208217,N-BEATS(L=90),1,val
2018-03-26,TLT,-5.334015,0.0048246607,-5.6098905,0.0036614705,N-BEATS(L=90),1,val
2018-03-27,GLD,-5.310302,0.0049404358,-5.8409834,0.0029059835,N-BEATS(L=90),1,val
2018-03-27,SPY,-4.5286784,0.010794933,-5.066991,0.006301353,N-BEATS(L=90),1,val
2018-03-27,TLT,-5.5319943,0.0039580874,-5.563117,0.0038367982,N-BEATS(L=90),1,val
2018-03-28,GLD,-6.1472626,0.00213933,-6.134589,0.002166615,N-BEATS(L=90),1,val
2018-03-28,SPY,-4.2844267,0.013781521,-4.8252583,0.008024481,N-BEATS(L=90),1,val
2018-03-28,TLT,-5.4884334,0.004134316,-5.611994,0.0036537773,N-BEATS(L=90),1,val
2018-03-29,GLD,-5.1621976,0.0057290955,-5.510026,0.0040460024,N-BEATS(L=90),1,val
2018-03-29,SPY,-3.9291716,0.019659953,-4.792549,0.008291295,N-BEATS(L=90),1,val
2018-03-29,TLT,-5.0481853,0.0064209746,-5.4592943,0.0042565586,N-BEATS(L=90),1,val
2018-04-02,GLD,-5.800771,0.0030252207,-5.5952444,0.0037154912,N-BEATS(L=90),1,val
2018-04-02,SPY,-4.48098,0.011322313,-5.1394053,0.005861175,N-BEATS(L=90),1,val
2018-04-02,TLT,-5.7691607,0.003122377,-5.597128,0.0037084995,N-BEATS(L=90),1,val
2018-04-03,GLD,-5.434868,0.0043618116,-5.842804,0.0029006978,N-BEATS(L=90),1,val
2018-04-03,SPY,-4.3138022,0.013382569,-4.8887196,0.0075310594,N-BEATS(L=90),1,val
2018-04-03,TLT,-5.5970035,0.0037089612,-5.6437597,0.0035395357,N-BEATS(L=90),1,val
2018-04-04,GLD,-5.738795,0.003218645,-5.64746,0.0035264627,N-BEATS(L=90),1,val
2018-04-04,SPY,-5.087118,0.006175792,-4.800596,0.008224841,N-BEATS(L=90),1,val
2018-04-04,TLT,-6.0038257,0.0024692875,-5.355499,0.0047221137,N-BEATS(L=90),1,val
2018-04-05,GLD,-6.000785,0.0024768075,-5.210865,0.0054569514,N-BEATS(L=90),1,val
2018-04-05,SPY,-4.069001,0.017094454,-4.2784176,0.013864584,N-BEATS(L=90),1,val
2018-04-05,TLT,-5.3069196,0.0049571735,-5.132111,0.005904083,N-BEATS(L=90),1,val
2018-04-06,GLD,-5.803908,0.0030157466,-5.347006,0.004762389,N-BEATS(L=90),1,val
2018-04-06,SPY,-4.32937,0.013175845,-4.2502427,0.014260773,N-BEATS(L=90),1,val
2018-04-06,TLT,-5.4248095,0.0044059055,-5.482849,0.0041574677,N-BEATS(L=90),1,val
2018-04-09,GLD,-5.646478,0.0035299268,-5.8791056,0.002797286,N-BEATS(L=90),1,val
2018-04-09,SPY,-4.8389897,0.007915046,-4.6697946,0.009374195,N-BEATS(L=90),1,val
2018-04-09,TLT,-5.66953,0.0034494863,-5.4041677,0.0044977968,N-BEATS(L=90),1,val
2018-04-10,GLD,-4.678785,0.009290297,-5.822082,0.0029614328,N-BEATS(L=90),1,val
2018-04-10,SPY,-5.120039,0.00597579,-4.91201,0.007357683,N-BEATS(L=90),1,val
2018-04-10,TLT,-5.7571254,0.0031601829,-5.4707527,0.0042080637,N-BEATS(L=90),1,val
2018-04-11,GLD,-5.588818,0.003739445,-5.884116,0.002783305,N-BEATS(L=90),1,val
2018-04-11,SPY,-5.3159904,0.004912411,-4.8425817,0.007886667,N-BEATS(L=90),1,val
2018-04-11,TLT,-5.7430067,0.0032051168,-5.3178277,0.004903394,N-BEATS(L=90),1,val
2018-04-12,GLD,-5.6437697,0.0035395003,-5.4101176,0.0044711144,N-BEATS(L=90),1,val
2018-04-12,SPY,-4.8574257,0.007770462,-5.1462283,0.0058213198,N-BEATS(L=90),1,val
2018-04-12,TLT,-5.768223,0.003125307,-5.1228557,0.005958982,N-BEATS(L=90),1,val
2018-04-13,GLD,-5.951831,0.002601074,-5.770415,0.0031184636,N-BEATS(L=90),1,val
2018-04-13,SPY,-5.1875544,0.0055856504,-4.870212,0.007671738,N-BEATS(L=90),1,val
2018-04-13,TLT,-5.8635535,0.0028411297,-5.338349,0.004803796,N-BEATS(L=90),1,val
2018-04-16,GLD,-6.006989,0.0024614886,-5.2484703,0.0052555515,N-BEATS(L=90),1,val
2018-04-16,SPY,-5.2608905,0.0051906803,-4.836746,0.007932824,N-BEATS(L=90),1,val
2018-04-16,TLT,-5.5080905,0.004053841,-5.5532756,0.0038747443,N-BEATS(L=90),1,val
2018-04-17,GLD,-5.595379,0.0037149915,-5.7789197,0.003092054,N-BEATS(L=90),1,val
2018-04-17,SPY,-5.60679,0.00367284,-5.1798525,0.005628837,N-BEATS(L=90),1,val
2018-04-17,TLT,-5.643078,0.00354195,-5.489561,0.0041296566,N-BEATS(L=90),1,val
2018-04-18,GLD,-5.5135484,0.0040317755,-5.4348817,0.004361751,N-BEATS(L=90),1,val
2018-04-18,SPY,-5.220505,0.0054045976,-4.9046173,0.007412279,N-BEATS(L=90),1,val
2018-04-18,TLT,-5.463106,0.004240364,-5.381721,0.0045998986,N-BEATS(L=90),1,val
2018-04-19,GLD,-6.0643334,0.0023243069,-5.580289,0.0037714757,N-BEATS(L=90),1,val
2018-04-19,SPY,-4.8845987,0.0075621577,-5.4853053,0.004147269,N-BEATS(L=90),1,val
2018-04-19,TLT,-5.6532154,0.0035062246,-5.6953144,0.00336168,N-BEATS(L=90),1,val
2018-04-20,GLD,-6.0467634,0.0023655058,-5.711778,0.0033067872,N-BEATS(L=90),1,val
2018-04-20,SPY,-5.0295076,0.0065420307,-5.448549,0.004302544,N-BEATS(L=90),1,val
2018-04-20,TLT,-5.771482,0.0031151376,-5.5704865,0.003808627,N-BEATS(L=90),1,val
2018-04-23,GLD,-5.7976313,0.0030347346,-5.658586,0.0034874445,N-BEATS(L=90),1,val
2018-04-23,SPY,-4.2667665,0.014027066,-5.2378697,0.00531156,N-BEATS(L=90),1,val
2018-04-23,TLT,-5.547341,0.0038978083,-5.7107353,0.0033102375,N-BEATS(L=90),1,val
2018-04-24,GLD,-6.041595,0.0023777634,-5.6402545,0.0035519644,N-BEATS(L=90),1,val
2018-04-24,SPY,-4.747785,0.0086708795,-5.5459375,0.003903282,N-BEATS(L=90),1,val
2018-04-24,TLT,-5.504109,0.0040700138,-5.398596,0.0045229276,N-BEATS(L=90),1,val
2018-04-25,GLD,-5.499166,0.004090181,-5.9688816,0.0025570996,N-BEATS(L=90),1,val
2018-04-25,SPY,-4.9581246,0.007026092,-5.4313827,0.0043770396,N-BEATS(L=90),1,val
2018-04-25,TLT,-5.822778,0.002959372,-5.695641,0.0033605823,N-BEATS(L=90),1,val
2018-04-26,GLD,-6.1870456,0.0020558918,-5.956439,0.0025891154,N-BEATS(L=90),1,val
2018-04-26,SPY,-5.3444104,0.0047747656,-4.9286222,0.0072364663,N-BEATS(L=90),1,val
2018-04-26,TLT,-6.1677675,0.0020959098,-5.6581826,0.0034888517,N-BEATS(L=90),1,val
2018-04-27,GLD,-5.174955,0.005656472,-5.8943453,0.0027549795,N-BEATS(L=90),1,val
2018-04-27,SPY,-5.02512,0.0065707993,-5.191739,0.005562325,N-BEATS(L=90),1,val
2018-04-27,TLT,-5.6062403,0.0036748599,-5.382262,0.0045974096,N-BEATS(L=90),1,val
2018-04-30,GLD,-5.7336087,0.0032353806,-5.965149,0.0025666624,N-BEATS(L=90),1,val
2018-04-30,SPY,-4.881656,0.0075844424,-4.9222617,0.007282641,N-BEATS(L=90),1,val
2018-04-30,TLT,-5.772644,0.0031115196,-5.6566243,0.0034942927,N-BEATS(L=90),1,val
2018-05-01,GLD,-5.235193,0.0053257975,-5.485356,0.0041470593,N-BEATS(L=90),1,val
2018-05-01,SPY,-4.976583,0.0068975915,-4.544156,0.010629139,N-BEATS(L=90),1,val
2018-05-01,TLT,-5.773385,0.0031092148,-5.504909,0.0040667583,N-BEATS(L=90),1,val
2018-05-02,GLD,-6.090976,0.0022631984,-5.5832872,0.0037601846,N-BEATS(L=90),1,val
2018-05-02,SPY,-4.4535956,0.01163665,-4.8210897,0.008058001,N-BEATS(L=90),1,val
2018-05-02,TLT,-5.5885715,0.003740367,-5.348448,0.004755527,N-BEATS(L=90),1,val
2018-05-03,GLD,-5.818767,0.0029712662,-5.779121,0.003091432,N-BEATS(L=90),1,val
2018-05-03,SPY,-4.531673,0.010762655,-5.1267486,0.005935829,N-BEATS(L=90),1,val
2018-05-03,TLT,-5.467809,0.0042204685,-5.5966487,0.0037102771,N-BEATS(L=90),1,val
2018-05-04,GLD,-6.09915,0.0022447745,-5.6406174,0.0035506757,N-BEATS(L=90),1,val
2018-05-04,SPY,-5.2870517,0.005056647,-4.8292475,0.007992534,N-BEATS(L=90),1,val
2018-05-04,TLT,-6.5652304,0.0014084994,-6.082127,0.0022833147,N-BEATS(L=90),1,val
2018-05-07,GLD,-5.083215,0.0061999424,-6.1692796,0.002092743,N-BEATS(L=90),1,val
2018-05-07,SPY,-5.1661415,0.005706545,-4.8643026,0.007717208,N-BEATS(L=90),1,val
2018-05-07,TLT,-5.4951315,0.0041067163,-5.6317363,0.00358235,N-BEATS(L=90),1,val
2018-05-08,GLD,-5.6475987,0.0035259733,-6.1331472,0.0021697416,N-BEATS(L=90),1,val
2018-05-08,SPY,-5.117772,0.005989352,-5.0383387,0.0064845122,N-BEATS(L=90),1,val
2018-05-08,TLT,-5.980774,0.00252687,-6.063653,0.002325889,N-BEATS(L=90),1,val
2018-05-09,GLD,-5.6550035,0.0034999608,-6.0216904,0.002425566,N-BEATS(L=90),1,val
2018-05-09,SPY,-5.48641,0.004142689,-5.1203146,0.0059741433,N-BEATS(L=90),1,val
2018-05-09,TLT,-5.749655,0.00318388,-5.409585,0.004473496,N-BEATS(L=90),1,val
2018-05-10,GLD,-6.058418,0.0023380972,-5.9954543,0.0024900455,N-BEATS(L=90),1,val
2018-05-10,SPY,-5.583348,0.003759957,-4.984909,0.0068404,N-BEATS(L=90),1,val
2018-05-10,TLT,-5.753448,0.0031718255,-5.7844553,0.0030749848,N-BEATS(L=90),1,val
2018-05-11,GLD,-5.874544,0.002810075,-5.4100547,0.0044713956,N-BEATS(L=90),1,val
2018-05-11,SPY,-5.431744,0.0043754578,-5.3410845,0.0047906726,N-BEATS(L=90),1,val
2018-05-11,TLT,-6.14771,0.0021383734,-5.3661594,0.00467204,N-BEATS(L=90),1,val
2018-05-14,GLD,-5.62908,0.003591879,-5.6589174,0.003486289,N-BEATS(L=90),1,val
2018-05-14,SPY,-5.5290585,0.003969725,-5.4880414,0.004135937,N-BEATS(L=90),1,val
2018-05-14,TLT,-5.2879195,0.0050522606,-5.8632727,0.0028419278,N-BEATS(L=90),1,val
2018-05-15,GLD,-5.707322,0.0033215554,-5.7717166,0.0031144067,N-BEATS(L=90),1,val
2018-05-15,SPY,-5.6621146,0.0034751606,-5.29457,0.005018772,N-BEATS(L=90),1,val
2018-05-15,TLT,-5.802528,0.003019911,-5.7288265,0.00325089,N-BEATS(L=90),1,val
2018-05-16,GLD,-6.138957,0.0021571724,-5.929733,0.0026591925,N-BEATS(L=90),1,val
2018-05-16,SPY,-5.211522,0.005453367,-5.2526307,0.005233732,N-BEATS(L=90),1,val
2018-05-16,TLT,-5.566564,0.0038235954,-5.962559,0.0025733178,N-BEATS(L=90),1,val
2018-05-17,GLD,-5.7400026,0.0032147598,-5.4365587,0.0043544425,N-BEATS(L=90),1,val
2018-05-17,SPY,-5.8827443,0.002787126,-5.452678,0.0042848135,N-BEATS(L=90),1,val
2018-05-17,TLT,-5.843653,0.0028982353,-5.825347,0.0029517799,N-BEATS(L=90),1,val
2018-05-18,GLD,-5.8776298,0.0028014174,-5.815165,0.0029819882,N-BEATS(L=90),1,val
2018-05-18,SPY,-5.63931,0.0035553211,-5.3240056,0.0048731943,N-BEATS(L=90),1,val
2018-05-18,TLT,-5.9968204,0.002486646,-5.8618064,0.0028460978,N-BEATS(L=90),1,val
2018-05-21,GLD,-6.33171,0.0017789893,-5.9734807,0.0025453663,N-BEATS(L=90),1,val
2018-05-21,SPY,-5.4729705,0.004198741,-5.6836348,0.0034011735,N-BEATS(L=90),1,val
2018-05-21,TLT,-5.8686166,0.0028267812,-5.788984,0.0030610913,N-BEATS(L=90),1,val
2018-05-22,GLD,-5.8030105,0.0030184542,-5.285199,0.005066023,N-BEATS(L=90),1,val
2018-05-22,SPY,-5.59248,0.0037257758,-5.310605,0.0049389377,N-BEATS(L=90),1,val
2018-05-22,TLT,-5.9889474,0.0025063008,-5.263439,0.005177468,N-BEATS(L=90),1,val
2018-05-23,GLD,-5.67076,0.0034452453,-5.960152,0.0025795195,N-BEATS(L=90),1,val
2018-05-23,SPY,-5.061151,0.0063382597,-4.7644043,0.008527967,N-BEATS(L=90),1,val
2018-05-23,TLT,-6.0780907,0.0022925497,-5.6602917,0.0034815012,N-BEATS(L=90),1,val
2018-05-24,GLD,-6.4033356,0.0016560243,-5.61835,0.0036306265,N-BEATS(L=90),1,val
2018-05-24,SPY,-5.706323,0.0033248751,-5.354773,0.004725542,N-BEATS(L=90),1,val
2018-05-24,TLT,-6.135727,0.0021641515,-5.553464,0.0038740146,N-BEATS(L=90),1,val
2018-05-25,GLD,-5.232173,0.0053419047,-6.0841393,0.0022787247,N-BEATS(L=90),1,val
2018-05-25,SPY,-4.7747774,0.008439963,-5.5766788,0.003785116,N-BEATS(L=90),1,val
2018-05-25,TLT,-4.641397,0.009644215,-5.606147,0.0036752033,N-BEATS(L=90),1,val
2018-05-29,GLD,-6.0700397,0.0023110814,-6.110034,0.0022204753,N-BEATS(L=90),1,val
2018-05-29,SPY,-5.285181,0.005066115,-5.702867,0.0033363863,N-BEATS(L=90),1,val
2018-05-29,TLT,-5.587182,0.0037455678,-5.8759327,0.0028061757,N-BEATS(L=90),1,val
2018-05-30,GLD,-5.569941,0.0038107052,-5.714861,0.003296609,N-BEATS(L=90),1,val
2018-05-30,SPY,-5.276929,0.0051080943,-5.55492,0.003868377,N-BEATS(L=90),1,val
2018-05-30,TLT,-5.1606536,0.005737948,-5.504433,0.004068694,N-BEATS(L=90),1,val
2018-05-31,GLD,-5.5951257,0.0037159324,-6.0567703,0.0023419524,N-BEATS(L=90),1,val
2018-05-31,SPY,-5.7547903,0.0031675708,-5.5234985,0.0039918576,N-BEATS(L=90),1,val
2018-05-31,TLT,-5.296127,0.005010965,-5.3253613,0.0048665926,N-BEATS(L=90),1,val
2018-06-01,GLD,-6.155372,0.002122051,-5.701821,0.0033398785,N-BEATS(L=90),1,val
2018-06-01,SPY,-6.100145,0.0022425428,-5.3951054,0.0045387424,N-BEATS(L=90),1,val
2018-06-01,TLT,-5.8545322,0.0028668763,-5.5914726,0.0037295315,N-BEATS(L=90),1,val
2018-06-04,GLD,-5.2481704,0.0052571283,-5.736805,0.003225056,N-BEATS(L=90),1,val
2018-06-04,SPY,-5.6632357,0.003471267,-5.3455,0.004769566,N-BEATS(L=90),1,val
2018-06-04,TLT,-5.839938,0.0029090226,-5.5974145,0.0037074368,N-BEATS(L=90),1,val
2018-06-05,GLD,-5.5066233,0.004059793,-5.80484,0.0030129366,N-BEATS(L=90),1,val
2018-06-05,SPY,-5.286753,0.0050581563,-5.317567,0.004904673,N-BEATS(L=90),1,val
2018-06-05,TLT,-5.616345,0.0036379136,-5.353492,0.0047316,N-BEATS(L=90),1,val
2018-06-06,GLD,-5.953237,0.0025974188,-5.4012713,0.0045108423,N-BEATS(L=90),1,val
2018-06-06,SPY,-5.3447027,0.00477337,-5.06653,0.0063042566,N-BEATS(L=90),1,val
2018-06-06,TLT,-4.7459717,0.008686617,-5.6304736,0.0035868762,N-BEATS(L=90),1,val
2018-06-07,GLD,-6.764385,0.0011541569,-5.5772367,0.0037830048,N-BEATS(L=90),1,val
2018-06-07,SPY,-5.9060636,0.0027228843,-5.096727,0.0061167344,N-BEATS(L=90),1,val
2018-06-07,TLT,-6.024785,0.0024180713,-5.603968,0.0036832192,N-BEATS(L=90),1,val
2018-06-08,GLD,-6.119437,0.0021996936,-6.0357904,0.0023916054,N-BEATS(L=90),1,val
2018-06-08,SPY,-5.923931,0.002674665,-4.8735847,0.0076459073,N-BEATS(L=90),1,val
2018-06-08,TLT,-6.049612,0.002358777,-5.5655274,0.0038275612,N-BEATS(L=90),1,val
2018-06-11,GLD,-5.797122,0.0030362806,-6.214618,0.0019999798,N-BEATS(L=90),1,val
2018-06-11,SPY,-5.849512,0.0028813046,-4.9906673,0.006801124,N-BEATS(L=90),1,val
2018-06-11,TLT,-5.944689,0.0026197175,-5.712945,0.003302931,N-BEATS(L=90),1,val
2018-06-12,GLD,-5.363912,0.0046825516,-5.9649115,0.002567272,N-BEATS(L=90),1,val
2018-06-12,SPY,-5.687439,0.0033882593,-5.364996,0.004677479,N-BEATS(L=90),1,val
2018-06-12,TLT,-5.1278944,0.0059290314,-5.489035,0.004131829,N-BEATS(L=90),1,val
2018-06-13,GLD,-5.870379,0.0028218038,-6.2809954,0.0018715368,N-BEATS(L=90),1,val
2018-06-13,SPY,-5.756796,0.0031612243,-5.7245336,0.0032648758,N-BEATS(L=90),1,val
2018-06-13,TLT,-5.492561,0.0041172868,-5.842587,0.002901327,N-BEATS(L=90),1,val
2018-06-14,GLD,-5.0025315,0.0067209112,-5.95115,0.0026028457,N-BEATS(L=90),1,val
2018-06-14,SPY,-5.222155,0.0053956886,-5.6435323,0.0035403408,N-BEATS(L=90),1,val
2018-06-14,TLT,-5.5201173,0.004005378,-5.7146106,0.0032974344,N-BEATS(L=90),1,val
2018-06-15,GLD,-6.0666714,0.0023188791,-5.445252,0.0043167523,N-BEATS(L=90),1,val
2018-06-15,SPY,-5.57685,0.0037844682,-5.5867743,0.0037470951,N-BEATS(L=90),1,val
2018-06-15,TLT,-5.857748,0.0028576718,-5.7097054,0.0033136487,N-BEATS(L=90),1,val
2018-06-18,GLD,-5.939455,0.0026334645,-5.592847,0.0037244097,N-BEATS(L=90),1,val
2018-06-18,SPY,-5.3817863,0.0045995982,-5.5857306,0.0037510085,N-BEATS(L=90),1,val
2018-06-18,TLT,-5.7769394,0.0030981833,-5.3582735,0.004709029,N-BEATS(L=90),1,val
2018-06-19,GLD,-5.9289656,0.0026612335,-5.612341,0.003652509,N-BEATS(L=90),1,val
2018-06-19,SPY,-5.873314,0.002813534,-5.540123,0.003926044,N-BEATS(L=90),1,val
2018-06-19,TLT,-5.8925104,0.0027600392,-5.655413,0.0034985275,N-BEATS(L=90),1,val
2018-06-20,GLD,-5.8546553,0.0028665236,-5.712982,0.0033028084,N-BEATS(L=90),1,val
2018-06-20,SPY,-5.411925,0.004463041,-5.344019,0.004776635,N-BEATS(L=90),1,val
2018-06-20,TLT,-5.819675,0.00296857,-5.2942357,0.00502045,N-BEATS(L=90),1,val
2018-06-21,GLD,-6.418439,0.0016312007,-5.875756,0.0028066721,N-BEATS(L=90),1,val
2018-06-21,SPY,-5.945977,0.0026163445,-5.67386,0.003434582,N-BEATS(L=90),1,val
2018-06-21,TLT,-6.04097,0.0023792502,-5.913046,0.0027039384,N-BEATS(L=90),1,val
2018-06-22,GLD,-6.080747,0.0022864677,-6.0906205,0.0022640037,N-BEATS(L=90),1,val
2018-06-22,SPY,-4.568104,0.010377619,-5.4750037,0.004190213,N-BEATS(L=90),1,val
2018-06-22,TLT,-5.9319434,0.0026533206,-5.8743052,0.0028107462,N-BEATS(L=90),1,val
2018-06-25,GLD,-5.8223147,0.0029607438,-5.78147,0.0030841788,N-BEATS(L=90),1,val
2018-06-25,SPY,-5.3804007,0.004605976,-5.70567,0.003327048,N-BEATS(L=90),1,val
2018-06-25,TLT,-6.26322,0.0019051018,-5.6982403,0.0033518586,N-BEATS(L=90),1,val
2018-06-26,GLD,-5.896131,0.0027500642,-5.7312984,0.0032428638,N-BEATS(L=90),1,val
2018-06-26,SPY,-4.582799,0.010226234,-5.5817246,0.0037660648,N-BEATS(L=90),1,val
2018-06-26,TLT,-5.756706,0.0031615077,-5.5809946,0.0037688152,N-BEATS(L=90),1,val
2018-06-27,GLD,-5.674545,0.003432231,-5.8195977,0.002968799,N-BEATS(L=90),1,val
2018-06-27,SPY,-4.8666816,0.007698871,-5.1765833,0.0056472686,N-BEATS(L=90),1,val
2018-06-27,TLT,-6.0186453,0.0024329633,-5.915169,0.0026982045,N-BEATS(L=90),1,val
2018-06-28,GLD,-5.5501966,0.003886693,-5.729569,0.0032484771,N-BEATS(L=90),1,val
2018-06-28,SPY,-5.0790663,0.0062257196,-5.376512,0.004623922,N-BEATS(L=90),1,val
2018-06-28,TLT,-5.4360356,0.004356721,-5.690425,0.0033781573,N-BEATS(L=90),1,val
2018-06-29,GLD,-5.7975,0.0030351328,-5.985219,0.0025156627,N-BEATS(L=90),1,val
2018-06-29,SPY,-5.31037,0.0049400986,-5.540099,0.0039261375,N-BEATS(L=90),1,val
2018-06-29,TLT,-6.328152,0.0017853297,-5.825612,0.0029509973,N-BEATS(L=90),1,val
2018-07-02,GLD,-5.5278635,0.0039744717,-5.6018515,0.0036910237,N-BEATS(L=90),1,val
2018-07-02,SPY,-5.3164773,0.0049100197,-5.5841126,0.0037570822,N-BEATS(L=90),1,val
2018-07-02,TLT,-6.4160957,0.0016350274,-5.8413835,0.0029048212,N-BEATS(L=90),1,val
2018-07-03,GLD,-5.727213,0.0032561398,-6.0750737,0.0022994766,N-BEATS(L=90),1,val
2018-07-03,SPY,-5.229327,0.0053571286,-5.718611,0.0032842704,N-BEATS(L=90),1,val
2018-07-03,TLT,-5.944318,0.0026206896,-5.62153,0.0036190995,N-BEATS(L=90),1,val
2018-07-05,GLD,-6.383479,0.0016892357,-5.4525447,0.004285386,N-BEATS(L=90),1,val
2018-07-05,SPY,-5.0834146,0.006198707,-5.27061,0.0051404745,N-BEATS(L=90),1,val
2018-07-05,TLT,-5.9773073,0.0025356447,-5.6146584,0.0036440545,N-BEATS(L=90),1,val
2018-07-06,GLD,-6.062011,0.0023297116,-5.457827,0.0042628082,N-BEATS(L=90),1,val
2018-07-06,SPY,-6.1332674,0.0021694808,-4.9078937,0.007388034,N-BEATS(L=90),1,val
2018-07-06,TLT,-6.373442,0.0017062759,-5.9230566,0.002677005,N-BEATS(L=90),1,val
2018-07-09,GLD,-6.0697393,0.0023117757,-5.906953,0.002720464,N-BEATS(L=90),1,val
2018-07-09,SPY,-6.1692786,0.0020927452,-5.059731,0.0063472665,N-BEATS(L=90),1,val
2018-07-09,TLT,-6.3145504,0.0018097792,-6.0412817,0.0023785084,N-BEATS(L=90),1,val
2018-07-10,GLD,-5.6861334,0.003392686,-5.739664,0.0032158485,N-BEATS(L=90),1,val
2018-07-10,SPY,-5.5671678,0.003821288,-4.9399357,0.0071550584,N-BEATS(L=90),1,val
2018-07-10,TLT,-5.93137,0.002654843,-5.424915,0.004405441,N-BEATS(L=90),1,val
2018-07-11,GLD,-6.325781,0.0017895683,-5.8196883,0.0029685302,N-BEATS(L=90),1,val
2018-07-11,SPY,-5.5314817,0.0039601168,-5.403293,0.0045017316,N-BEATS(L=90),1,val
2018-07-11,TLT,-6.5245113,0.0014670359,-5.824901,0.0029530963,N-BEATS(L=90),1,val
2018-07-12,GLD,-6.318254,0.0018030889,-6.3818116,0.0016920548,N-BEATS(L=90),1,val
2018-07-12,SPY,-5.7839417,0.0030765645,-5.6575394,0.0034910967,N-BEATS(L=90),1,val
2018-07-12,TLT,-6.102462,0.002237353,-5.9953413,0.0024903268,N-BEATS(L=90),1,val
2018-07-13,GLD,-6.1675196,0.0020964297,-6.2074966,0.0020142735,N-BEATS(L=90),1,val
2018-07-13,SPY,-6.0589404,0.0023368758,-5.536259,0.0039412426,N-BEATS(L=90),1,val
2018-07-13,TLT,-5.5810857,0.003768472,-6.1912565,0.0020472526,N-BEATS(L=90),1,val
2018-07-16,GLD,-5.4448323,0.004318564,-5.99513,0.002490853,N-BEATS(L=90),1,val
2018-07-16,SPY,-5.405575,0.004491472,-4.7807455,0.008389742,N-BEATS(L=90),1,val
2018-07-16,TLT,-6.0501432,0.0023575244,-5.970437,0.0025531254,N-BEATS(L=90),1,val
2018-07-17,GLD,-5.881477,0.0027906608,-5.7451468,0.003198265,N-BEATS(L=90),1,val
2018-07-17,SPY,-5.9537306,0.0025961373,-5.177086,0.005644431,N-BEATS(L=90),1,val
2018-07-17,TLT,-5.939102,0.0026343937,-5.931305,0.002655015,N-BEATS(L=90),1,val
2018-07-18,GLD,-4.9080563,0.0073868325,-5.999897,0.0024790075,N-BEATS(L=90),1,val
2018-07-18,SPY,-5.758037,0.003157303,-5.2871294,0.005056254,N-BEATS(L=90),1,val
2018-07-18,TLT,-5.7556386,0.0031648849,-6.0881815,0.0022695323,N-BEATS(L=90),1,val
2018-07-19,GLD,-5.906162,0.0027226168,-6.0693307,0.0023127205,N-BEATS(L=90),1,val
2018-07-19,SPY,-6.0047927,0.0024669007,-5.5715833,0.0038044523,N-BEATS(L=90),1,val
2018-07-19,TLT,-5.7930183,0.0030487662,-5.5512905,0.0038824438,N-BEATS(L=90),1,val
2018-07-20,GLD,-5.785117,0.0030729503,-6.0948024,0.0022545557,N-BEATS(L=90),1,val
2018-07-20,SPY,-5.797242,0.0030359158,-5.6933727,0.0033682138,N-BEATS(L=90),1,val
2018-07-20,TLT,-5.4901204,0.0041273474,-5.9943967,0.0024926804,N-BEATS(L=90),1,val
2018-07-23,GLD,-5.804167,0.0030149657,-6.013668,0.002445103,N-BEATS(L=90),1,val
2018-07-23,SPY,-5.332893,0.004830077,-5.553788,0.0038727587,N-BEATS(L=90),1,val
2018-07-23,TLT,-5.6709137,0.0034447163,-5.8030005,0.0030184842,N-BEATS(L=90),1,val
2018-07-24,GLD,-5.6816063,0.0034080797,-6.013613,0.002445237,N-BEATS(L=90),1,val
2018-07-24,SPY,-5.2991357,0.00499591,-5.4578767,0.004262597,N-BEATS(L=90),1,val
2018-07-24,TLT,-5.2543917,0.0052245236,-6.0420833,0.0023766027,N-BEATS(L=90),1,val
2018-07-25,GLD,-5.5897245,0.0037360569,-5.6488323,0.0035216266,N-BEATS(L=90),1,val
2018-07-25,SPY,-5.981692,0.0025245515,-5.2817535,0.005083509,N-BEATS(L=90),1,val
2018-07-25,TLT,-5.6383133,0.0035588662,-5.865334,0.0028360756,N-BEATS(L=90),1,val
2018-07-26,GLD,-5.869626,0.002823929,-5.7783346,0.0030938636,N-BEATS(L=90),1,val
2018-07-26,SPY,-4.962047,0.0069985865,-5.395208,0.0045382767,N-BEATS(L=90),1,val
2018-07-26,TLT,-6.265447,0.0019008633,-5.5364656,0.003940429,N-BEATS(L=90),1,val
2018-07-27,GLD,-6.130548,0.0021753886,-5.9213758,0.0026815087,N-BEATS(L=90),1,val
2018-07-27,SPY,-5.3495355,0.004750357,-5.501774,0.0040795286,N-BEATS(L=90),1,val
2018-07-27,TLT,-5.9555235,0.0025914868,-5.8203917,0.002966443,N-BEATS(L=90),1,val
2018-07-30,GLD,-5.2687426,0.0051500825,-5.8344684,0.0029249778,N-BEATS(L=90),1,val
2018-07-30,SPY,-5.5314155,0.0039603794,-5.0783205,0.006230364,N-BEATS(L=90),1,val
2018-07-30,TLT,-6.371623,0.0017093826,-5.779278,0.003090947,N-BEATS(L=90),1,val
2018-07-31,GLD,-6.0806456,0.0022867,-5.7383637,0.0032200327,N-BEATS(L=90),1,val
2018-07-31,SPY,-5.3419237,0.004786654,-5.3239975,0.004873234,N-BEATS(L=90),1,val
2018-07-31,TLT,-5.4016914,0.004508948,-5.8983493,0.0027439706,N-BEATS(L=90),1,val
2018-08-01,GLD,-5.644609,0.003536531,-5.8469505,0.0028886946,N-BEATS(L=90),1,val
2018-08-01,SPY,-5.2060113,0.005483502,-5.56083,0.0038455827,N-BEATS(L=90),1,val
2018-08-01,TLT,-5.9428453,0.0026245513,-5.910794,0.0027100348,N-BEATS(L=90),1,val
2018-08-02,GLD,-5.519273,0.004008762,-6.061848,0.0023300906,N-BEATS(L=90),1,val
2018-08-02,SPY,-6.053178,0.002350381,-5.227949,0.005364516,N-BEATS(L=90),1,val
2018-08-02,TLT,-6.216992,0.001995238,-5.863245,0.0028420063,N-BEATS(L=90),1,val
2018-08-03,GLD,-6.118336,0.002202117,-5.9023194,0.0027330983,N-BEATS(L=90),1,val
2018-08-03,SPY,-5.5515876,0.0038812906,-5.1468678,0.005817598,N-BEATS(L=90),1,val
2018-08-03,TLT,-5.773121,0.0031100363,-5.9506226,0.0026042187,N-BEATS(L=90),1,val
2018-08-06,GLD,-5.849859,0.0028803046,-5.629213,0.0035914013,N-BEATS(L=90),1,val
2018-08-06,SPY,-6.2866993,0.001860892,-5.521531,0.0039997194,N-BEATS(L=90),1,val
2018-08-06,TLT,-5.9795,0.0025300914,-5.9353833,0.002644209,N-BEATS(L=90),1,val
2018-08-07,GLD,-5.7399416,0.003214956,-5.7718754,0.0031139122,N-BEATS(L=90),1,val
2018-08-07,SPY,-6.0330243,0.00239823,-5.273095,0.005127715,N-BEATS(L=90),1,val
2018-08-07,TLT,-6.0302,0.002405013,-5.387704,0.00457246,N-BEATS(L=90),1,val
2018-08-08,GLD,-6.1331925,0.0021696433,-5.8392467,0.0029110345,N-BEATS(L=90),1,val
2018-08-08,SPY,-6.03218,0.0024002562,-5.7645297,0.0031368702,N-BEATS(L=90),1,val
2018-08-08,TLT,-5.799461,0.0030291874,-5.7281275,0.003253163,N-BEATS(L=90),1,val
2018-08-09,GLD,-5.583566,0.0037591357,-5.6942325,0.0033653192,N-BEATS(L=90),1,val
2018-08-09,SPY,-5.473486,0.0041965777,-5.4896507,0.0041292864,N-BEATS(L=90),1,val
2018-08-09,TLT,-5.4591355,0.0042572343,-5.9375863,0.0026383903,N-BEATS(L=90),1,val
2018-08-10,GLD,-5.531391,0.003960476,-5.867837,0.002828986,N-BEATS(L=90),1,val
2018-08-10,SPY,-5.2672243,0.0051579075,-5.3766174,0.0046234345,N-BEATS(L=90),1,val
2018-08-10,TLT,-5.894282,0.0027551542,-5.5837274,0.00375853,N-BEATS(L=90),1,val
2018-08-13,GLD,-5.5531793,0.0038751175,-5.989314,0.002505382,N-BEATS(L=90),1,val
2018-08-13,SPY,-5.6187344,0.0036292316,-5.1413236,0.0058499416,N-BEATS(L=90),1,val
2018-08-13,TLT,-6.061077,0.0023318878,-5.923576,0.0026756155,N-BEATS(L=90),1,val
2018-08-14,GLD,-5.395192,0.0045383484,-5.407935,0.004480883,N-BEATS(L=90),1,val
2018-08-14,SPY,-5.1441054,0.0058336905,-5.539826,0.0039272103,N-BEATS(L=90),1,val
2018-08-14,TLT,-5.762607,0.003142907,-5.6539035,0.003503813,N-BEATS(L=90),1,val
2018-08-15,GLD,-5.399247,0.0045199823,-5.955061,0.0025926859,N-BEATS(L=90),1,val
2018-08-15,SPY,-5.5411487,0.003922019,-5.038179,0.0064855483,N-BEATS(L=90),1,val
2018-08-15,TLT,-5.570237,0.0038095769,-5.8746862,0.0028096756,N-BEATS(L=90),1,val
2018-08-16,GLD,-5.469243,0.004214421,-5.552025,0.0038795937,N-BEATS(L=90),1,val
2018-08-16,SPY,-5.3529644,0.0047340966,-4.9991703,0.0067435396,N-BEATS(L=90),1,val
2018-08-16,TLT,-5.600777,0.003694991,-5.711865,0.0033065004,N-BEATS(L=90),1,val
2018-08-17,GLD,-5.7382946,0.0032202555,-6.1092033,0.0022223205,N-BEATS(L=90),1,val
2018-08-17,SPY,-6.099858,0.0022431866,-5.6093616,0.0036634072,N-BEATS(L=90),1,val
2018-08-17,TLT,-6.2104917,0.0020082498,-5.748796,0.0031866152,N-BEATS(L=90),1,val
2018-08-20,GLD,-5.5460505,0.003902841,-6.0388017,0.0023844144,N-BEATS(L=90),1,val
2018-08-20,SPY,-5.5355625,0.0039439895,-5.8683267,0.0028276008,N-BEATS(L=90),1,val
2018-08-20,TLT,-5.921552,0.0026810355,-5.99688,0.0024864979,N-BEATS(L=90),1,val
2018-08-21,GLD,-5.976485,0.0025377313,-6.160804,0.0021105562,N-BEATS(L=90),1,val
2018-08-21,SPY,-5.861543,0.002846847,-5.567363,0.0038205427,N-BEATS(L=90),1,val
2018-08-21,TLT,-5.9395323,0.002633261,-5.8492875,0.0028819519,N-BEATS(L=90),1,val
2018-08-22,GLD,-5.4215636,0.0044202297,-5.9292073,0.0026605902,N-BEATS(L=90),1,val
2018-08-22,SPY,-5.5966244,0.0037103675,-5.664655,0.0034663428,N-BEATS(L=90),1,val
2018-08-22,TLT,-6.2079897,0.0020132808,-5.8708572,0.0028204545,N-BEATS(L=90),1,val
2018-08-23,GLD,-5.17849,0.0056365104,-5.939331,0.002633791,N-BEATS(L=90),1,val
2018-08-23,SPY,-6.1308427,0.0021747476,-5.9464045,0.002615227,N-BEATS(L=90),1,val
2018-08-23,TLT,-5.6619987,0.0034755631,-5.7655606,0.003133638,N-BEATS(L=90),1,val
2018-08-24,GLD,-5.75138,0.0031783916,-5.823717,0.0029565946,N-BEATS(L=90),1,val
2018-08-24,SPY,-6.1044025,0.0022330151,-5.5979548,0.0037054345,N-BEATS(L=90),1,val
2018-08-24,TLT,-6.3270946,0.0017872188,-6.006324,0.0024631266,N-BEATS(L=90),1,val
2018-08-27,GLD,-5.1709375,0.005679242,-5.7328334,0.00323789,N-BEATS(L=90),1,val
2018-08-27,SPY,-6.052941,0.002350938,-6.0765724,0.002296033,N-BEATS(L=90),1,val
2018-08-27,TLT,-6.080184,0.0022877557,-5.6933174,0.0033684,N-BEATS(L=90),1,val
2018-08-28,GLD,-6.109462,0.0022217464,-6.1312466,0.0021738694,N-BEATS(L=90),1,val
2018-08-28,SPY,-5.653967,0.0035035908,-5.5811787,0.0037681216,N-BEATS(L=90),1,val
2018-08-28,TLT,-5.7851567,0.0030728288,-6.167306,0.0020968774,N-BEATS(L=90),1,val
2018-08-29,GLD,-5.5179687,0.0040139933,-5.5896373,0.0037363828,N-BEATS(L=90),1,val
2018-08-29,SPY,-5.525876,0.0039823786,-5.982013,0.0025237403,N-BEATS(L=90),1,val
2018-08-29,TLT,-6.114596,0.0022103689,-5.4564443,0.0042687072,N-BEATS(L=90),1,val
2018-08-30,GLD,-5.6051393,0.003678908,-5.7432714,0.0032042689,N-BEATS(L=90),1,val
2018-08-30,SPY,-5.6362844,0.0035660942,-5.647982,0.003524622,N-BEATS(L=90),1,val
2018-08-30,TLT,-5.545692,0.0039042407,-6.053933,0.0023486065,N-BEATS(L=90),1,val
2018-08-31,GLD,-5.912025,0.0027067002,-5.6938915,0.0033664668,N-BEATS(L=90),1,val
2018-08-31,SPY,-5.589418,0.0037372026,-5.3214197,0.0048858123,N-BEATS(L=90),1,val
2018-08-31,TLT,-6.1989427,0.0020315775,-5.8010454,0.0030243914,N-BEATS(L=90),1,val
2018-09-04,GLD,-6.221937,0.0019853953,-5.5999064,0.0036982098,N-BEATS(L=90),1,val
2018-09-04,SPY,-5.471063,0.0042067575,-5.6303983,0.0035871463,N-BEATS(L=90),1,val
2018-09-04,TLT,-6.189543,0.0020507642,-5.9826474,0.0025221403,N-BEATS(L=90),1,val
2018-09-05,GLD,-5.152869,0.0057827886,-5.819936,0.0029677956,N-BEATS(L=90),1,val
2018-09-05,SPY,-5.1630282,0.005724339,-5.6502113,0.0035167735,N-BEATS(L=90),1,val
2018-09-05,TLT,-5.6098623,0.0036615734,-5.960025,0.0025798478,N-BEATS(L=90),1,val
2018-09-06,GLD,-5.539395,0.0039289035,-5.896046,0.0027502975,N-BEATS(L=90),1,val
2018-09-06,SPY,-5.359453,0.0047034775,-5.6308227,0.0035856243,N-BEATS(L=90),1,val
2018-09-06,TLT,-6.120432,0.0021975066,-5.9532323,0.0025974312,N-BEATS(L=90),1,val
2018-09-07,GLD,-5.945776,0.002616871,-5.8883896,0.0027714362,N-BEATS(L=90),1,val
2018-09-07,SPY,-5.9967937,0.0024867125,-5.9712152,0.0025511393,N-BEATS(L=90),1,val
2018-09-07,TLT,-6.5252886,0.001465896,-6.073548,0.002302988,N-BEATS(L=90),1,val
2018-09-10,GLD,-5.287131,0.0050562466,-5.5358653,0.0039427956,N-BEATS(L=90),1,val
2018-09-10,SPY,-5.2669897,0.0051591177,-5.489373,0.0041304324,N-BEATS(L=90),1,val
2018-09-10,TLT,-5.9588394,0.002582908,-6.191462,0.002046832,N-BEATS(L=90),1,val
2018-09-11,GLD,-5.124247,0.0059506963,-5.7177014,0.003287258,N-BEATS(L=90),1,val
2018-09-11,SPY,-5.562553,0.0038389633,-5.3707366,0.0046507046,N-BEATS(L=90),1,val
2018-09-11,TLT,-6.5040064,0.0014974279,-5.9624996,0.0025734713,N-BEATS(L=90),1,val
2018-09-12,GLD,-5.2425675,0.0052866656,-5.5888557,0.0037393041,N-BEATS(L=90),1,val
2018-09-12,SPY,-6.08173,0.0022842218,-5.537636,0.003935821,N-BEATS(L=90),1,val
2018-09-12,TLT,-5.712505,0.003304385,-6.23633,0.0019570247,N-BEATS(L=90),1,val
2018-09-13,GLD,-5.4025526,0.0045050667,-5.868917,0.002825932,N-BEATS(L=90),1,val
2018-09-13,SPY,-5.787434,0.0030658387,-5.9144363,0.0027001814,N-BEATS(L=90),1,val
2018-09-13,TLT,-5.637483,0.0035618218,-6.080347,0.0022873827,N-BEATS(L=90),1,val
2018-09-14,GLD,-5.815073,0.0029822625,-5.764235,0.0031377948,N-BEATS(L=90),1,val
2018-09-14,SPY,-5.7634172,0.0031403617,-5.8640423,0.0028397415,N-BEATS(L=90),1,val
2018-09-14,TLT,-5.5997353,0.0036988428,-6.075193,0.0022992026,N-BEATS(L=90),1,val
2018-09-17,GLD,-5.6773806,0.0034225117,-5.801739,0.0030222938,N-BEATS(L=90),1,val
2018-09-17,SPY,-5.512375,0.00403651,-5.9559717,0.0025903257,N-BEATS(L=90),1,val
2018-09-17,TLT,-5.5796494,0.0037738883,-5.9838653,0.0025190706,N-BEATS(L=90),1,val
2018-09-18,GLD,-5.843382,0.0028990218,-5.8234506,0.002957383,N-BEATS(L=90),1,val
2018-09-18,SPY,-6.20539,0.0020185215,-5.949389,0.0026074331,N-BEATS(L=90),1,val
2018-09-18,TLT,-5.318113,0.004901996,-5.9989576,0.0024813374,N-BEATS(L=90),1,val
2018-09-19,GLD,-5.762482,0.0031432996,-5.650089,0.0035172044,N-BEATS(L=90),1,val
2018-09-19,SPY,-5.0810566,0.0062133404,-5.475755,0.004187065,N-BEATS(L=90),1,val
2018-09-19,TLT,-5.5207515,0.004002839,-6.0459394,0.0023674557,N-BEATS(L=90),1,val
2018-09-20,GLD,-5.4278007,0.0043927464,-5.7306013,0.0032451253,N-BEATS(L=90),1,val
2018-09-20,SPY,-5.9990625,0.002481077,-5.7659783,0.0031323293,N-BEATS(L=90),1,val
2018-09-20,TLT,-6.04896,0.002360315,-6.2198925,0.0019894592,N-BEATS(L=90),1,val
2018-09-21,GLD,-5.779769,0.003089429,-5.671619,0.003442288,N-BEATS(L=90),1,val
2018-09-21,SPY,-5.9293756,0.0026601423,-5.464069,0.0042362837,N-BEATS(L=90),1,val
2018-09-21,TLT,-5.7111855,0.003308748,-5.990195,0.0025031765,N-BEATS(L=90),1,val
2018-09-24,GLD,-6.259079,0.0019130069,-5.8256426,0.0029509072,N-BEATS(L=90),1,val
2018-09-24,SPY,-6.073321,0.002303511,-5.9041533,0.0027280906,N-BEATS(L=90),1,val
2018-09-24,TLT,-6.339383,0.001765391,-6.3578577,0.0017330755,N-BEATS(L=90),1,val
2018-09-25,GLD,-5.138564,0.0058661066,-5.7321014,0.0032402608,N-BEATS(L=90),1,val
2018-09-25,SPY,-5.0331664,0.0065181386,-5.882737,0.002787146,N-BEATS(L=90),1,val
2018-09-25,TLT,-5.3687,0.0046601854,-5.9301586,0.0026580603,N-BEATS(L=90),1,val
2018-09-26,GLD,-5.631378,0.003583633,-5.6570587,0.0034927751,N-BEATS(L=90),1,val
2018-09-26,SPY,-5.4359455,0.0043571135,-5.203823,0.0054955143,N-BEATS(L=90),1,val
2018-09-26,TLT,-5.884606,0.0027819425,-6.0436645,0.0023728479,N-BEATS(L=90),1,val
2018-09-27,GLD,-5.336708,0.0048116846,-5.7529078,0.0031735394,N-BEATS(L=90),1,val
2018-09-27,SPY,-5.8661532,0.0028337531,-5.416506,0.004442643,N-BEATS(L=90),1,val
2018-09-27,TLT,-5.879381,0.0027965154,-6.078206,0.0022922852,N-BEATS(L=90),1,val
2018-09-28,GLD,-5.8767,0.0028040234,-5.7635903,0.0031398183,N-BEATS(L=90),1,val
2018-09-28,SPY,-5.37024,0.0046530133,-5.8834047,0.002785286,N-BEATS(L=90),1,val
2018-09-28,TLT,-5.701414,0.0033412373,-5.962188,0.0025742739,N-BEATS(L=90),1,val
2018-10-01,GLD,-5.4330955,0.004369549,-5.9360213,0.0026425226,N-BEATS(L=90),1,val
2018-10-01,SPY,-5.8236427,0.0029568146,-5.815012,0.0029824446,N-BEATS(L=90),1,val
2018-10-01,TLT,-5.7948537,0.0030431757,-5.907704,0.0027184216,N-BEATS(L=90),1,val
2018-10-02,GLD,-5.459784,0.0042544743,-5.7230783,0.0032696307,N-BEATS(L=90),1,val
2018-10-02,SPY,-5.5151563,0.004025298,-5.491042,0.004123545,N-BEATS(L=90),1,val
2018-10-02,TLT,-4.5618386,0.010442841,-5.8542733,0.0028676186,N-BEATS(L=90),1,val
2018-10-03,GLD,-5.2109404,0.0054565403,-5.739993,0.0032147905,N-BEATS(L=90),1,val
2018-10-03,SPY,-4.8392787,0.00791276,-5.550535,0.0038853772,N-BEATS(L=90),1,val
2018-10-03,TLT,-5.4790773,0.004173178,-5.648953,0.0035212017,N-BEATS(L=90),1,val
2018-10-04,GLD,-5.71634,0.0032917364,-5.559753,0.0038497273,N-BEATS(L=90),1,val
2018-10-04,SPY,-4.701292,0.009083534,-5.865558,0.00283544,N-BEATS(L=90),1,val
2018-10-04,TLT,-5.020836,0.0065990086,-5.3860984,0.004579807,N-BEATS(L=90),1,val
2018-10-05,GLD,-5.5114813,0.0040401183,-5.653755,0.0035043326,N-BEATS(L=90),1,val
2018-10-05,SPY,-5.0367546,0.006494792,-5.8463335,0.0028904777,N-BEATS(L=90),1,val
2018-10-05,TLT,-6.067856,0.002316134,-5.9229317,0.0026773396,N-BEATS(L=90),1,val
2018-10-08,GLD,-5.4680133,0.004219607,-5.4093585,0.0044745095,N-BEATS(L=90),1,val
2018-10-08,SPY,-5.2717338,0.0051347003,-5.6678886,0.0034551527,N-BEATS(L=90),1,val
2018-10-08,TLT,-5.729153,0.0032498282,-5.6393003,0.0035553551,N-BEATS(L=90),1,val
2018-10-09,GLD,-5.5616837,0.003842302,-5.470282,0.0042100446,N-BEATS(L=90),1,val
2018-10-09,SPY,-4.3725133,0.012619484,-5.414996,0.004449355,N-BEATS(L=90),1,val
2018-10-09,TLT,-5.3933363,0.0045467787,-5.7907267,0.0030557609,N-BEATS(L=90),1,val
2018-10-10,GLD,-4.77872,0.008406754,-5.497804,0.004095755,N-BEATS(L=90),1,val
2018-10-10,SPY,-3.9645853,0.018975904,-5.3591824,0.0047047515,N-BEATS(L=90),1,val
2018-10-10,TLT,-4.969546,0.006946302,-5.6902,0.0033789177,N-BEATS(L=90),1,val
2018-10-11,GLD,-5.693146,0.0033689768,-5.668752,0.0034521702,N-BEATS(L=90),1,val
2018-10-11,SPY,-4.422184,0.012007979,-5.1531553,0.0057811346,N-BEATS(L=90),1,val
2018-10-11,TLT,-5.4077954,0.0044815093,-6.037179,0.0023882869,N-BEATS(L=90),1,val
2018-10-12,GLD,-5.562063,0.0038408437,-5.862323,0.0028446284,N-BEATS(L=90),1,val
2018-10-12,SPY,-5.0313463,0.006530013,-5.030875,0.0065330905,N-BEATS(L=90),1,val
2018-10-12,TLT,-5.8087754,0.003001103,-6.029677,0.0024062712,N-BEATS(L=90),1,val
2018-10-15,GLD,-5.753188,0.0031726498,-5.852238,0.0028734605,N-BEATS(L=90),1,val
2018-10-15,SPY,-4.7584815,0.008578626,-5.2912364,0.0050355303,N-BEATS(L=90),1,val
2018-10-15,TLT,-5.7823157,0.003081571,-5.683865,0.0034003903,N-BEATS(L=90),1,val
2018-10-16,GLD,-5.540239,0.003925589,-5.250607,0.005244334,N-BEATS(L=90),1,val
2018-10-16,SPY,-4.700895,0.009087142,-5.48033,0.004167954,N-BEATS(L=90),1,val
2018-10-16,TLT,-5.6570616,0.0034927651,-5.5328918,0.003954537,N-BEATS(L=90),1,val
2018-10-17,GLD,-5.3539677,0.004729349,-5.3834605,0.004591904,N-BEATS(L=90),1,val
2018-10-17,SPY,-4.4982224,0.011128762,-5.2303405,0.0053517027,N-BEATS(L=90),1,val
2018-10-17,TLT,-5.3247566,0.004869536,-5.715076,0.0032959,N-BEATS(L=90),1,val
2018-10-18,GLD,-6.6978908,0.0012335109,-5.346732,0.0047636926,N-BEATS(L=90),1,val
2018-10-18,SPY,-4.65003,0.009561314,-4.6399984,0.009657713,N-BEATS(L=90),1,val
2018-10-18,TLT,-5.7227736,0.003270627,-6.196926,0.0020356784,N-BEATS(L=90),1,val
2018-10-19,GLD,-6.21251,0.0020042004,-5.659891,0.0034828961,N-BEATS(L=90),1,val
2018-10-19,SPY,-5.1011114,0.006089974,-5.216878,0.0054242373,N-BEATS(L=90),1,val
2018-10-19,TLT,-5.9250555,0.0026716595,-5.5589886,0.0038526712,N-BEATS(L=90),1,val
2018-10-22,GLD,-5.580054,0.0037723626,-5.7841167,0.003076026,N-BEATS(L=90),1,val
2018-10-22,SPY,-4.191983,0.015116276,-4.702444,0.009073075,N-BEATS(L=90),1,val
2018-10-22,TLT,-5.1699076,0.0056850943,-5.6952066,0.0033620424,N-BEATS(L=90),1,val
2018-10-23,GLD,-5.6866918,0.003390792,-5.7476835,0.0031901621,N-BEATS(L=90),1,val
2018-10-23,SPY,-4.2006345,0.014986065,-4.9965277,0.006761384,N-BEATS(L=90),1,val
2018-10-23,TLT,-5.8915925,0.0027625738,-5.341057,0.004790805,N-BEATS(L=90),1,val
2018-10-24,GLD,-5.7651563,0.0031349054,-5.850764,0.0028777004,N-BEATS(L=90),1,val
2018-10-24,SPY,-4.3221354,0.013271512,-4.4967933,0.011144677,N-BEATS(L=90),1,val
2018-10-24,TLT,-5.854312,0.002867508,-5.8546233,0.0028666153,N-BEATS(L=90),1,val
2018-10-25,GLD,-4.936241,0.007181542,-5.917036,0.0026931707,N-BEATS(L=90),1,val
2018-10-25,SPY,-3.7697213,0.023058489,-4.94155,0.007143519,N-BEATS(L=90),1,val
2018-10-25,TLT,-5.731846,0.0032410892,-6.163903,0.0021040246,N-BEATS(L=90),1,val
2018-10-26,GLD,-5.4663897,0.004226464,-5.7842436,0.003075636,N-BEATS(L=90),1,val
2018-10-26,SPY,-3.679298,0.02524069,-4.725324,0.008867839,N-BEATS(L=90),1,val
2018-10-26,TLT,-5.370948,0.004649722,-5.381794,0.004599563,N-BEATS(L=90),1,val
2018-10-29,GLD,-6.0211425,0.0024268953,-5.968694,0.002557579,N-BEATS(L=90),1,val
2018-10-29,SPY,-4.6852016,0.009230873,-5.1381364,0.0058686165,N-BEATS(L=90),1,val
2018-10-29,TLT,-5.753653,0.0031711753,-6.055864,0.0023440763,N-BEATS(L=90),1,val
2018-10-30,GLD,-5.8759646,0.002806086,-5.5817666,0.0037659067,N-BEATS(L=90),1,val
2018-10-30,SPY,-4.8165574,0.008094606,-4.3898582,0.012402487,N-BEATS(L=90),1,val
2018-10-30,TLT,-5.3846755,0.0045863283,-5.322916,0.004878507,N-BEATS(L=90),1,val
2018-10-31,GLD,-5.2681236,0.005153271,-5.477227,0.0041809063,N-BEATS(L=90),1,val
2018-10-31,SPY,-4.8875914,0.0075395606,-4.670328,0.0093691945,N-BEATS(L=90),1,val
2018-10-31,TLT,-5.7197404,0.0032805623,-5.4835773,0.0041544414,N-BEATS(L=90),1,val
2018-11-01,GLD,-5.635456,0.003569049,-5.624364,0.003608858,N-BEATS(L=90),1,val
2018-11-01,SPY,-4.333866,0.013116739,-4.651373,0.009548483,N-BEATS(L=90),1,val
2018-11-01,TLT,-5.1867537,0.0055901245,-6.139323,0.0021563824,N-BEATS(L=90),1,val
2018-11-02,GLD,-5.9414935,0.0026281015,-5.165839,0.0057082707,N-BEATS(L=90),1,val
2018-11-02,SPY,-5.028316,0.006549831,-4.5499954,0.0105672525,N-BEATS(L=90),1,val
2018-11-02,TLT,-6.09624,0.0022513168,-5.9305363,0.0026570568,N-BEATS(L=90),1,val
2018-11-05,GLD,-5.447187,0.0043084077,-5.7858143,0.003070809,N-BEATS(L=90),1,val
2018-11-05,SPY,-5.695887,0.0033597555,-4.7087812,0.0090157585,N-BEATS(L=90),1,val
2018-11-05,TLT,-6.1336875,0.0021685697,-5.728412,0.003252237,N-BEATS(L=90),1,val
2018-11-06,GLD,-6.0124307,0.0024481304,-5.3762364,0.0046251966,N-BEATS(L=90),1,val
2018-11-06,SPY,-5.0067325,0.0066927364,-4.8820524,0.007581438,N-BEATS(L=90),1,val
2018-11-06,TLT,-5.30178,0.0049827155,-5.802652,0.0030195366,N-BEATS(L=90),1,val
2018-11-07,GLD,-5.5295234,0.00396788,-5.476848,0.0041824915,N-BEATS(L=90),1,val
2018-11-07,SPY,-5.303898,0.004972175,-4.774683,0.008440759,N-BEATS(L=90),1,val
2018-11-07,TLT,-5.996091,0.0024884609,-6.143611,0.0021471563,N-BEATS(L=90),1,val
2018-11-08,GLD,-5.5961113,0.0037122716,-5.930714,0.0026565841,N-BEATS(L=90),1,val
2018-11-08,SPY,-4.9257517,0.007257269,-4.7445745,0.008698762,N-BEATS(L=90),1,val
2018-11-08,TLT,-5.6293025,0.0035910793,-5.8639026,0.0028401383,N-BEATS(L=90),1,val
2018-11-09,GLD,-6.1157207,0.0022078839,-5.8306746,0.0029360955,N-BEATS(L=90),1,val
2018-11-09,SPY,-4.662843,0.009439586,-4.8251953,0.008024986,N-BEATS(L=90),1,val
2018-11-09,TLT,-6.0498376,0.002358245,-5.92375,0.0026751498,N-BEATS(L=90),1,val
2018-11-12,GLD,-5.75385,0.0031705508,-5.38466,0.0045864005,N-BEATS(L=90),1,val
2018-11-12,SPY,-4.576376,0.010292128,-5.195808,0.0055397386,N-BEATS(L=90),1,val
2018-11-12,TLT,-5.843357,0.0028990938,-6.1020136,0.002238356,N-BEATS(L=90),1,val
2018-11-13,GLD,-4.8484154,0.007840793,-5.815335,0.002981482,N-BEATS(L=90),1,val
2018-11-13,SPY,-4.3237076,0.013250665,-5.5337176,0.0039512725,N-BEATS(L=90),1,val
2018-11-13,TLT,-4.990694,0.0068009426,-6.1630697,0.0021057792,N-BEATS(L=90),1,val
2018-11-14,GLD,-5.9410915,0.0026291583,-5.421642,0.004419884,N-BEATS(L=90),1,val
2018-11-14,SPY,-4.265492,0.014044956,-5.2924204,0.005029572,N-BEATS(L=90),1,val
2018-11-14,TLT,-5.3257685,0.004864611,-5.943347,0.002623235,N-BEATS(L=90),1,val
2018-11-15,GLD,-5.840352,0.0029078186,-6.0217695,0.002425374,N-BEATS(L=90),1,val
2018-11-15,SPY,-4.8240724,0.008034003,-4.988133,0.006818383,N-BEATS(L=90),1,val
2018-11-15,TLT,-5.3420105,0.0047862385,-5.937761,0.0026379297,N-BEATS(L=90),1,val
2018-11-16,GLD,-5.761022,0.0031478924,-5.859358,0.0028530753,N-BEATS(L=90),1,val
2018-11-16,SPY,-4.5559635,0.010504374,-5.0220137,0.006591241,N-BEATS(L=90),1,val
2018-11-16,TLT,-6.3238273,0.0017930678,-5.711929,0.003306289,N-BEATS(L=90),1,val
2018-11-19,GLD,-5.7333326,0.003236274,-5.734829,0.003231435,N-BEATS(L=90),1,val
2018-11-19,SPY,-4.6203713,0.009849138,-5.185849,0.005595183,N-BEATS(L=90),1,val
2018-11-19,TLT,-5.7747855,0.0031048635,-5.6512547,0.0035131064,N-BEATS(L=90),1,val
2018-11-20,GLD,-5.8248634,0.0029532074,-5.60474,0.0036803768,N-BEATS(L=90),1,val
2018-11-20,SPY,-5.2332625,0.0053360877,-5.1951838,0.0055431975,N-BEATS(L=90),1,val
2018-11-20,TLT,-5.7097445,0.0033135193,-5.9868617,0.0025115337,N-BEATS(L=90),1,val
2018-11-21,GLD,-6.336206,0.0017710088,-5.2325945,0.0053396537,N-BEATS(L=90),1,val
2018-11-21,SPY,-5.363317,0.004685339,-5.001242,0.006729583,N-BEATS(L=90),1,val
2018-11-21,TLT,-5.8261023,0.0029495512,-6.0388703,0.0023842508,N-BEATS(L=90),1,val
2018-11-23,GLD,-6.3317666,0.0017788884,-5.6986494,0.0033504874,N-BEATS(L=90),1,val
2018-11-23,SPY,-5.302293,0.0049801623,-4.9647503,0.006979693,N-BEATS(L=90),1,val
2018-11-23,TLT,-6.365755,0.0017194427,-5.892222,0.0027608355,N-BEATS(L=90),1,val
2018-11-26,GLD,-5.2145457,0.005436903,-5.7257137,0.003261025,N-BEATS(L=90),1,val
2018-11-26,SPY,-5.211956,0.0054510008,-4.768643,0.008491897,N-BEATS(L=90),1,val
2018-11-26,TLT,-5.873919,0.0028118321,-5.6343317,0.0035730642,N-BEATS(L=90),1,val
2018-11-27,GLD,-4.775515,0.008433739,-5.761057,0.003147783,N-BEATS(L=90),1,val
2018-11-27,SPY,-4.452657,0.011647576,-5.2527895,0.005232901,N-BEATS(L=90),1,val
2018-11-27,TLT,-5.67135,0.0034432139,-5.428348,0.004390342,N-BEATS(L=90),1,val
2018-11-28,GLD,-5.531269,0.003960959,-5.840348,0.0029078312,N-BEATS(L=90),1,val
2018-11-28,SPY,-4.8247275,0.008028741,-4.7715845,0.008466953,N-BEATS(L=90),1,val
2018-11-28,TLT,-5.506672,0.0040595955,-5.3530955,0.004733476,N-BEATS(L=90),1,val
2018-11-29,GLD,-5.587225,0.003745407,-5.645315,0.0035340344,N-BEATS(L=90),1,val
2018-11-29,SPY,-5.1205153,0.0059729437,-4.91647,0.007324942,N-BEATS(L=90),1,val
2018-11-29,TLT,-5.915032,0.0026985737,-5.9735546,0.0025451782,N-BEATS(L=90),1,val
2018-11-30,GLD,-5.9273205,0.002665615,-5.589392,0.0037372988,N-BEATS(L=90),1,val
2018-11-30,SPY,-4.9625926,0.0069947694,-5.383497,0.0045917355,N-BEATS(L=90),1,val
2018-11-30,TLT,-5.58285,0.003761829,-5.9003572,0.0027384663,N-BEATS(L=90),1,val
2018-12-03,GLD,-6.0159435,0.0024395455,-5.4306235,0.0043803635,N-BEATS(L=90),1,val
2018-12-03,SPY,-4.274924,0.013913109,-5.0087132,0.0066794925,N-BEATS(L=90),1,val
2018-12-03,TLT,-4.5069537,0.011032016,-5.9014616,0.0027354439,N-BEATS(L=90),1,val
2018-12-04,GLD,-5.411748,0.004463831,-5.254463,0.0052241497,N-BEATS(L=90),1,val
2018-12-04,SPY,-4.027684,0.01781554,-5.120769,0.005971429,N-BEATS(L=90),1,val
2018-12-04,TLT,-5.0985813,0.006105402,-5.5693593,0.0038129226,N-BEATS(L=90),1,val
2018-12-06,GLD,-5.7094173,0.0033146034,-5.7282968,0.0032526124,N-BEATS(L=90),1,val
2018-12-06,SPY,-4.009389,0.018144479,-5.2335114,0.0053347596,N-BEATS(L=90),1,val
2018-12-06,TLT,-5.2664185,0.005162066,-5.3366885,0.0048117787,N-BEATS(L=90),1,val
2018-12-07,GLD,-5.7690306,0.0031227833,-5.51664,0.0040193293,N-BEATS(L=90),1,val
2018-12-07,SPY,-4.0408907,0.017581806,-5.278072,0.005102259,N-BEATS(L=90),1,val
2018-12-07,TLT,-5.299366,0.00499476,-5.476747,0.0041829143,N-BEATS(L=90),1,val
2018-12-10,GLD,-5.753125,0.0031728495,-5.8614855,0.0028470114,N-BEATS(L=90),1,val
2018-12-10,SPY,-4.442306,0.011768768,-5.144138,0.0058335015,N-BEATS(L=90),1,val
2018-12-10,TLT,-5.392333,0.0045513427,-5.578215,0.0037793051,N-BEATS(L=90),1,val
2018-12-11,GLD,-6.2220592,0.0019851532,-6.1021795,0.0022379847,N-BEATS(L=90),1,val
2018-12-11,SPY,-4.7812734,0.008385315,-4.7433114,0.008709757,N-BEATS(L=90),1,val
2018-12-11,TLT,-5.952942,0.0025981856,-5.443814,0.0043229647,N-BEATS(L=90),1,val
2018-12-12,GLD,-6.1344476,0.002166922,-5.598706,0.0037026526,N-BEATS(L=90),1,val
2018-12-12,SPY,-4.7614956,0.008552808,-4.671768,0.009355713,N-BEATS(L=90),1,val
2018-12-12,TLT,-5.828089,0.0029436962,-5.043431,0.006451576,N-BEATS(L=90),1,val
2018-12-13,GLD,-5.5982223,0.0037044433,-5.662501,0.0034738185,N-BEATS(L=90),1,val
2018-12-13,SPY,-4.644886,0.009610625,-4.3061366,0.013485549,N-BEATS(L=90),1,val
2018-12-13,TLT,-5.7255826,0.0032614525,-5.5848923,0.003754154,N-BEATS(L=90),1,val
2018-12-14,GLD,-5.7711024,0.0031163201,-5.824113,0.0029554248,N-BEATS(L=90),1,val
2018-12-14,SPY,-4.0756454,0.016981252,-4.614336,0.009908761,N-BEATS(L=90),1,val
2018-12-14,TLT,-5.802124,0.003021131,-5.4234543,0.0044118804,N-BEATS(L=90),1,val
2018-12-17,GLD,-6.364419,0.0017217415,-5.6898894,0.0033799666,N-BEATS(L=90),1,val
2018-12-17,SPY,-4.435375,0.011850619,-4.330909,0.013155587,N-BEATS(L=90),1,val
2018-12-17,TLT,-5.4699874,0.004211285,-5.7210236,0.0032763556,N-BEATS(L=90),1,val
2018-12-18,GLD,-4.7916327,0.008298897,-6.0515466,0.0023542182,N-BEATS(L=90),1,val
2018-12-18,SPY,-3.6404576,0.026240332,-4.7512336,0.008641029,N-BEATS(L=90),1,val
2018-12-18,TLT,-4.7599792,0.008565787,-5.7082267,0.0033185522,N-BEATS(L=90),1,val
2018-12-19,GLD,-5.0750346,0.00625087,-5.926061,0.002668974,N-BEATS(L=90),1,val
2018-12-19,SPY,-3.9797866,0.018689627,-4.6145034,0.009907102,N-BEATS(L=90),1,val
2018-12-19,TLT,-5.397331,0.0045286505,-5.420946,0.00442296,N-BEATS(L=90),1,val
2018-12-20,GLD,-5.740671,0.0032126114,-5.9000306,0.002739361,N-BEATS(L=90),1,val
2018-12-20,SPY,-3.750489,0.023506248,-4.874967,0.007635345,N-BEATS(L=90),1,val
2018-12-20,TLT,-5.4521346,0.0042871437,-5.431374,0.0043770773,N-BEATS(L=90),1,val
2018-12-21,GLD,-6.02387,0.002420285,-6.032675,0.0023990683,N-BEATS(L=90),1,val
2018-12-21,SPY,-4.1883526,0.015171258,-4.6877084,0.009207763,N-BEATS(L=90),1,val
2018-12-21,TLT,-5.873737,0.0028123443,-5.577207,0.0037831166,N-BEATS(L=90),1,val
2018-12-24,GLD,-4.9933953,0.006782596,-5.5825176,0.0037630796,N-BEATS(L=90),1,val
2018-12-24,SPY,-3.6716857,0.02543356,-5.1648006,0.005714202,N-BEATS(L=90),1,val
2018-12-24,TLT,-5.0134077,0.0066482094,-5.059087,0.006351357,N-BEATS(L=90),1,val
2018-12-26,GLD,-5.41282,0.0044590486,-5.424562,0.004406996,N-BEATS(L=90),1,val
2018-12-26,SPY,-3.7626135,0.023222966,-4.761423,0.008553429,N-BEATS(L=90),1,val
2018-12-26,TLT,-5.245378,0.0052718283,-5.458316,0.0042607253,N-BEATS(L=90),1,val
2018-12-27,GLD,-6.4209104,0.0016271742,-5.976008,0.0025389418,N-BEATS(L=90),1,val
2018-12-27,SPY,-4.3202233,0.013296913,-4.4568295,0.01159908,N-BEATS(L=90),1,val
2018-12-27,TLT,-5.829824,0.0029385942,-5.767185,0.0031285514,N-BEATS(L=90),1,val
2018-12-28,GLD,-6.1680837,0.0020952474,-5.042489,0.0064576548,N-BEATS(L=90),1,val
2018-12-28,SPY,-4.8694644,0.0076774764,-4.0947094,0.016660588,N-BEATS(L=90),1,val
2018-12-28,TLT,-5.3661675,0.0046720025,-5.688158,0.0033858237,N-BEATS(L=90),1,val
2018-12-31,GLD,-5.284423,0.0050699576,-5.9796343,0.0025297513,N-BEATS(L=90),1,val
2018-12-31,SPY,-4.5433216,0.010638013,-4.7501426,0.008650462,N-BEATS(L=90),1,val
2018-12-31,TLT,-5.5078874,0.004054664,-5.6221266,0.0036169412,N-BEATS(L=90),1,val
2019-01-02,GLD,-5.940031,0.0026319479,-5.8857493,0.0027787632,N-BEATS(L=90),1,val
2019-01-02,SPY,-4.6296573,0.009758103,-4.605689,0.009994812,N-BEATS(L=90),1,val
2019-01-02,TLT,-4.9743004,0.006913354,-5.5491242,0.0038908632,N-BEATS(L=90),1,val
2019-01-03,GLD,-5.244609,0.0052758846,-5.8701057,0.002822575,N-BEATS(L=90),1,val
2019-01-03,SPY,-4.4385233,0.0118133705,-4.4703393,0.011443432,N-BEATS(L=90),1,val
2019-01-03,TLT,-5.27102,0.005138367,-5.3261547,0.0048627327,N-BEATS(L=90),1,val
2019-01-04,GLD,-5.6702347,0.0034470563,-6.1636443,0.0021045695,N-BEATS(L=90),1,val
2019-01-04,SPY,-4.498883,0.011121415,-4.4569416,0.01159778,N-BEATS(L=90),1,val
2019-01-04,TLT,-5.5222316,0.0039969184,-5.0691657,0.0062876637,N-BEATS(L=90),1,val
2019-01-07,GLD,-5.729746,0.0032479025,-5.426671,0.0043977113,N-BEATS(L=90),1,val
2019-01-07,SPY,-4.6935287,0.009154326,-4.8567348,0.0077758324,N-BEATS(L=90),1,val
2019-01-07,TLT,-5.84062,0.0029070396,-5.4705586,0.00420888,N-BEATS(L=90),1,val
2019-01-08,GLD,-5.8664055,0.0028330383,-5.7925034,0.0030503366,N-BEATS(L=90),1,val
2019-01-08,SPY,-4.905986,0.007402142,-4.648363,0.009577266,N-BEATS(L=90),1,val
2019-01-08,TLT,-5.6057405,0.0036766967,-5.380933,0.0046035256,N-BEATS(L=90),1,val
2019-01-09,GLD,-5.8339667,0.0029264456,-5.549493,0.0038894294,N-BEATS(L=90),1,val
2019-01-09,SPY,-4.850845,0.007821767,-4.9338536,0.0071987086,N-BEATS(L=90),1,val
2019-01-09,TLT,-5.376016,0.0046262154,-5.9106264,0.0027104884,N-BEATS(L=90),1,val
2019-01-10,GLD,-6.100257,0.0022422916,-5.2321773,0.005341882,N-BEATS(L=90),1,val
2019-01-10,SPY,-5.418425,0.0044341246,-4.8458533,0.007860906,N-BEATS(L=90),1,val
2019-01-10,TLT,-5.681034,0.0034100304,-5.927961,0.0026639085,N-BEATS(L=90),1,val
2019-01-11,GLD,-6.155564,0.0021216443,-5.8863173,0.0027771855,N-BEATS(L=90),1,val
2019-01-11,SPY,-5.29309,0.005026206,-4.939035,0.0071615065,N-BEATS(L=90),1,val
2019-01-11,TLT,-5.531044,0.003961851,-5.785399,0.0030720844,N-BEATS(L=90),1,val
2019-01-14,GLD,-5.545267,0.0039058998,-5.8168607,0.002976936,N-BEATS(L=90),1,val
2019-01-14,SPY,-5.2924204,0.005029572,-4.5524473,0.010541375,N-BEATS(L=90),1,val
2019-01-14,TLT,-6.0058947,0.0024641838,-5.9495516,0.0026070094,N-BEATS(L=90),1,val
2019-01-15,GLD,-6.1519194,0.0021293908,-5.613953,0.0036466252,N-BEATS(L=90),1,val
2019-01-15,SPY,-5.6020436,0.0036903145,-4.7366714,0.008767782,N-BEATS(L=90),1,val
2019-01-15,TLT,-5.457672,0.004263469,-5.634618,0.003572042,N-BEATS(L=90),1,val
2019-01-16,GLD,-5.9617314,0.002575449,-5.6260858,0.0036026493,N-BEATS(L=90),1,val
2019-01-16,SPY,-4.8196764,0.008069398,-4.7618065,0.008550149,N-BEATS(L=90),1,val
2019-01-16,TLT,-5.582949,0.003761456,-5.5574417,0.0038586352,N-BEATS(L=90),1,val
2019-01-17,GLD,-5.9111886,0.002708965,-5.86142,0.0028471972,N-BEATS(L=90),1,val
2019-01-17,SPY,-4.6011214,0.01004057,-5.1105585,0.0060327128,N-BEATS(L=90),1,val
2019-01-17,TLT,-5.507111,0.004057813,-5.9649606,0.0025671457,N-BEATS(L=90),1,val
2019-01-18,GLD,-5.739732,0.0032156305,-5.2956314,0.0050134477,N-BEATS(L=90),1,val
2019-01-18,SPY,-4.634559,0.009710387,-4.9084044,0.0073842616,N-BEATS(L=90),1,val
2019-01-18,TLT,-5.571436,0.0038050127,-5.39183,0.004553633,N-BEATS(L=90),1,val
2019-01-22,GLD,-5.623634,0.0036114936,-5.8372703,0.0029167938,N-BEATS(L=90),1,val
2019-01-22,SPY,-4.5075407,0.011025542,-4.802748,0.008207161,N-BEATS(L=90),1,val
2019-01-22,TLT,-5.508981,0.0040502315,-5.5581737,0.003855812,N-BEATS(L=90),1,val
2019-01-23,GLD,-5.974373,0.0025430964,-5.517653,0.004015261,N-BEATS(L=90),1,val
2019-01-23,SPY,-5.177843,0.0056401584,-5.189238,0.005576254,N-BEATS(L=90),1,val
2019-01-23,TLT,-5.793926,0.0030460008,-5.8674893,0.0028299696,N-BEATS(L=90),1,val
2019-01-24,GLD,-5.854091,0.002868141,-5.786847,0.003067639,N-BEATS(L=90),1,val
2019-01-24,SPY,-4.816316,0.008096559,-5.0354047,0.0065035657,N-BEATS(L=90),1,val
2019-01-24,TLT,-5.9900565,0.0025035227,-5.156198,0.0057635712,N-BEATS(L=90),1,val
2019-01-25,GLD,-6.311757,0.0018148416,-5.8544555,0.0028670963,N-BEATS(L=90),1,val
2019-01-25,SPY,-5.217857,0.00541893,-4.615439,0.009897838,N-BEATS(L=90),1,val
2019-01-25,TLT,-5.798432,0.003032306,-5.5627284,0.0038382898,N-BEATS(L=90),1,val
2019-01-28,GLD,-5.887946,0.0027726656,-5.8464117,0.0028902516,N-BEATS(L=90),1,val
2019-01-28,SPY,-5.217131,0.005422864,-4.72528,0.008868232,N-BEATS(L=90),1,val
2019-01-28,TLT,-5.8594513,0.0028528087,-6.0720277,0.0023064916,N-BEATS(L=90),1,val
2019-01-29,GLD,-4.9994893,0.0067413887,-5.7172537,0.0032887305,N-BEATS(L=90),1,val
2019-01-29,SPY,-4.6309032,0.009745952,-5.288386,0.005049905,N-BEATS(L=90),1,val
2019-01-29,TLT,-5.57772,0.0037811762,-5.6598344,0.0034830938,N-BEATS(L=90),1,val
2019-01-30,GLD,-5.9105587,0.002710672,-5.816338,0.0029784923,N-BEATS(L=90),1,val
2019-01-30,SPY,-5.0696325,0.006284729,-5.0145307,0.006640748,N-BEATS(L=90),1,val
2019-01-30,TLT,-5.7098036,0.0033133233,-5.805381,0.0030113077,N-BEATS(L=90),1,val
2019-01-31,GLD,-5.7048674,0.003329719,-5.6727533,0.0034383852,N-BEATS(L=90),1,val
2019-01-31,SPY,-5.243355,0.0052825054,-5.2909718,0.0050368635,N-BEATS(L=90),1,val
2019-01-31,TLT,-5.707489,0.003321001,-5.771954,0.0031136672,N-BEATS(L=90),1,val
2019-02-01,GLD,-5.923896,0.0026747594,-5.803286,0.0030176223,N-BEATS(L=90),1,val
2019-02-01,SPY,-5.1964736,0.0055360524,-5.410582,0.004469038,N-BEATS(L=90),1,val
2019-02-01,TLT,-5.7718515,0.0031139865,-5.9849133,0.0025164317,N-BEATS(L=90),1,val
2019-02-04,GLD,-6.1632953,0.0021053043,-5.3147907,0.004918308,N-BEATS(L=90),1,val
2019-02-04,SPY,-5.584466,0.0037557548,-5.4759007,0.004186456,N-BEATS(L=90),1,val
2019-02-04,TLT,-5.7778025,0.0030955104,-6.048835,0.002360611,N-BEATS(L=90),1,val
2019-02-05,GLD,-5.9140944,0.0027011046,-5.8266573,0.0029479146,N-BEATS(L=90),1,val
2019-02-05,SPY,-5.6045213,0.0036811824,-5.1296206,0.005918806,N-BEATS(L=90),1,val
2019-02-05,TLT,-5.628791,0.003592917,-5.696437,0.0033579087,N-BEATS(L=90),1,val
2019-02-06,GLD,-5.8431163,0.002899792,-5.969571,0.002555337,N-BEATS(L=90),1,val
2019-02-06,SPY,-4.786675,0.008340143,-5.337802,0.004806424,N-BEATS(L=90),1,val
2019-02-06,TLT,-5.662404,0.0034741547,-5.91136,0.0027085014,N-BEATS(L=90),1,val
2019-02-07,GLD,-6.306009,0.0018253039,-6.186166,0.0020577013,N-BEATS(L=90),1,val
2019-02-07,SPY,-5.1097193,0.0060377778,-5.380164,0.0046070656,N-BEATS(L=90),1,val
2019-02-07,TLT,-6.089027,0.0022676145,-5.737549,0.0032226578,N-BEATS(L=90),1,val
2019-02-08,GLD,-5.823489,0.0029572686,-5.956762,0.0025882798,N-BEATS(L=90),1,val
2019-02-08,SPY,-5.6343136,0.003573129,-5.418706,0.0044328794,N-BEATS(L=90),1,val
2019-02-08,TLT,-5.9944854,0.0024924593,-6.032719,0.002398962,N-BEATS(L=90),1,val
2019-02-11,GLD,-6.0552654,0.0023454796,-5.9431643,0.002623714,N-BEATS(L=90),1,val
2019-02-11,SPY,-5.485831,0.00414509,-5.1259394,0.0059406343,N-BEATS(L=90),1,val
2019-02-11,TLT,-5.75702,0.003160516,-5.8018513,0.003021955,N-BEATS(L=90),1,val
2019-02-12,GLD,-5.010318,0.0066687837,-5.4377127,0.0043494203,N-BEATS(L=90),1,val
2019-02-12,SPY,-5.649756,0.0035183753,-5.2175665,0.005420504,N-BEATS(L=90),1,val
2019-02-12,TLT,-5.8817916,0.0027897826,-5.584135,0.0037569979,N-BEATS(L=90),1,val
2019-02-13,GLD,-5.609669,0.0036622805,-5.6367564,0.003564411,N-BEATS(L=90),1,val
2019-02-13,SPY,-4.9602537,0.0070111486,-5.01417,0.0066431426,N-BEATS(L=90),1,val
2019-02-13,TLT,-5.768853,0.0031233374,-5.684737,0.0033974259,N-BEATS(L=90),1,val
2019-02-14,GLD,-5.396006,0.0045346557,-5.8762712,0.0028052258,N-BEATS(L=90),1,val
2019-02-14,SPY,-6.0505443,0.002356579,-5.2192917,0.0054111606,N-BEATS(L=90),1,val
2019-02-14,TLT,-6.330566,0.0017810256,-6.0430293,0.0023743554,N-BEATS(L=90),1,val
2019-02-15,GLD,-5.726623,0.003258061,-5.653933,0.0035037093,N-BEATS(L=90),1,val
2019-02-15,SPY,-5.423471,0.004411807,-5.522234,0.003996909,N-BEATS(L=90),1,val
2019-02-15,TLT,-5.6993036,0.0033482963,-5.728899,0.0032506543,N-BEATS(L=90),1,val
2019-02-19,GLD,-5.443418,0.004324676,-5.5993395,0.003700307,N-BEATS(L=90),1,val
2019-02-19,SPY,-5.514185,0.00402921,-5.515247,0.0040249336,N-BEATS(L=90),1,val
2019-02-19,TLT,-5.862739,0.0028434445,-5.439155,0.004343151,N-BEATS(L=90),1,val
2019-02-20,GLD,-5.5978255,0.0037059134,-5.4969935,0.0040990766,N-BEATS(L=90),1,val
2019-02-20,SPY,-5.4217477,0.004419416,-5.4248905,0.0044055483,N-BEATS(L=90),1,val
2019-02-20,TLT,-6.0154705,0.0024406998,-5.6691494,0.0034507993,N-BEATS(L=90),1,val
2019-02-21,GLD,-5.7611666,0.0031474377,-5.7498436,0.0031832787,N-BEATS(L=90),1,val
2019-02-21,SPY,-5.4223776,0.0044166334,-5.530587,0.003963661,N-BEATS(L=90),1,val
2019-02-21,TLT,-5.796871,0.0030370422,-5.9125557,0.0027052641,N-BEATS(L=90),1,val
2019-02-22,GLD,-5.7506003,0.0031808706,-5.7274885,0.0032552425,N-BEATS(L=90),1,val
2019-02-22,SPY,-5.544684,0.0039081783,-5.2964516,0.005009338,N-BEATS(L=90),1,val
2019-02-22,TLT,-6.115136,0.002209175,-5.6336155,0.0035756242,N-BEATS(L=90),1,val
2019-02-25,GLD,-5.819963,0.002967715,-5.794393,0.0030445778,N-BEATS(L=90),1,val
2019-02-25,SPY,-5.650649,0.0035152344,-5.441511,0.004332931,N-BEATS(L=90),1,val
2019-02-25,TLT,-5.935543,0.0026437866,-5.608384,0.00366699,N-BEATS(L=90),1,val
2019-02-26,GLD,-5.50887,0.0040506814,-5.553911,0.0038722823,N-BEATS(L=90),1,val
2019-02-26,SPY,-5.2711554,0.0051376713,-5.2697816,0.005144734,N-BEATS(L=90),1,val
2019-02-26,TLT,-5.657607,0.0034908603,-5.636188,0.0035664376,N-BEATS(L=90),1,val
2019-02-27,GLD,-6.180539,0.002069312,-5.879046,0.002797453,N-BEATS(L=90),1,val
2019-02-27,SPY,-5.87946,0.0027962953,-5.1045814,0.0060688793,N-BEATS(L=90),1,val
2019-02-27,TLT,-5.3881145,0.0045705833,-5.860529,0.002849736,N-BEATS(L=90),1,val
2019-02-28,GLD,-4.723926,0.0088802455,-5.911666,0.0027076723,N-BEATS(L=90),1,val
2019-02-28,SPY,-5.2581544,0.005204902,-5.18934,0.005575685,N-BEATS(L=90),1,val
2019-02-28,TLT,-5.531514,0.0039599882,-6.058261,0.0023384641,N-BEATS(L=90),1,val
2019-03-01,GLD,-5.547089,0.0038987896,-5.9227405,0.0026778516,N-BEATS(L=90),1,val
2019-03-01,SPY,-4.442865,0.0117621925,-5.3514547,0.0047412487,N-BEATS(L=90),1,val
2019-03-01,TLT,-5.545843,0.0039036504,-5.7863803,0.0030690713,N-BEATS(L=90),1,val
2019-03-04,GLD,-5.6024647,0.0036887608,-5.51183,0.00403871,N-BEATS(L=90),1,val
2019-03-04,SPY,-5.7387657,0.0032187386,-5.251064,0.005241939,N-BEATS(L=90),1,val
2019-03-04,TLT,-6.2003446,0.0020287314,-5.5677133,0.003819204,N-BEATS(L=90),1,val
2019-03-05,GLD,-6.208735,0.0020117809,-5.519471,0.0040079667,N-BEATS(L=90),1,val
2019-03-05,SPY,-5.571142,0.0038061305,-5.2758036,0.0051138457,N-BEATS(L=90),1,val
2019-03-05,TLT,-5.743466,0.0032036456,-5.876668,0.002804113,N-BEATS(L=90),1,val
2019-03-06,GLD,-5.867243,0.0028306672,-5.456054,0.0042703724,N-BEATS(L=90),1,val
2019-03-06,SPY,-5.0715103,0.006272939,-5.249206,0.005251686,N-BEATS(L=90),1,val
2019-03-06,TLT,-5.7676587,0.0031270704,-5.3251863,0.0048674443,N-BEATS(L=90),1,val
2019-03-07,GLD,-5.838424,0.0029134299,-6.0646935,0.00232347,N-BEATS(L=90),1,val
2019-03-07,SPY,-5.3779855,0.0046171136,-5.2783265,0.00510096,N-BEATS(L=90),1,val
2019-03-07,TLT,-5.444095,0.004321749,-5.580406,0.0037710334,N-BEATS(L=90),1,val
2019-03-08,GLD,-5.71601,0.0032928227,-5.8716745,0.0028181502,N-BEATS(L=90),1,val
2019-03-08,SPY,-5.3195186,0.0048951097,-5.4085164,0.004478279,N-BEATS(L=90),1,val
2019-03-08,TLT,-6.042644,0.0023752702,-5.4270716,0.00439595,N-BEATS(L=90),1,val
2019-03-11,GLD,-5.8547463,0.0028662626,-5.626516,0.0036011003,N-BEATS(L=90),1,val
2019-03-11,SPY,-5.8310976,0.002934854,-5.0101786,0.0066697123,N-BEATS(L=90),1,val
2019-03-11,TLT,-5.5009184,0.00408302,-5.7286425,0.0032514883,N-BEATS(L=90),1,val
2019-03-12,GLD,-6.1401343,0.002154634,-5.670082,0.0034475822,N-BEATS(L=90),1,val
2019-03-12,SPY,-5.32481,0.0048692757,-5.649832,0.0035181085,N-BEATS(L=90),1,val
2019-03-12,TLT,-6.335087,0.0017729918,-5.7285314,0.0032518494,N-BEATS(L=90),1,val
2019-03-13,GLD,-6.010851,0.002452001,-5.8663483,0.0028332006,N-BEATS(L=90),1,val
2019-03-13,SPY,-5.8414454,0.002904641,-5.2480264,0.0052578854,N-BEATS(L=90),1,val
2019-03-13,TLT,-5.7773957,0.0030967698,-5.725579,0.003261465,N-BEATS(L=90),1,val
2019-03-14,GLD,-5.886605,0.0027763871,-6.052811,0.002351243,N-BEATS(L=90),1,val
2019-03-14,SPY,-5.4241934,0.0044086208,-5.866884,0.0028316826,N-BEATS(L=90),1,val
2019-03-14,TLT,-5.7458982,0.0031958625,-5.6846623,0.0033976804,N-BEATS(L=90),1,val
2019-03-15,GLD,-5.9452944,0.0026181315,-5.8480763,0.0028854443,N-BEATS(L=90),1,val
2019-03-15,SPY,-5.8275585,0.002945259,-5.644999,0.003535152,N-BEATS(L=90),1,val
2019-03-15,TLT,-6.2376328,0.0019544768,-5.6077,0.0036695,N-BEATS(L=90),1,val
2019-03-18,GLD,-6.2527757,0.0019251032,-5.4691935,0.00421463,N-BEATS(L=90),1,val
2019-03-18,SPY,-4.9676976,0.0069591524,-5.5375953,0.0039359806,N-BEATS(L=90),1,val
2019-03-18,TLT,-5.5395355,0.003928351,-5.675489,0.003428992,N-BEATS(L=90),1,val
2019-03-19,GLD,-4.626385,0.009790084,-5.628803,0.0035928742,N-BEATS(L=90),1,val
2019-03-19,SPY,-4.8456984,0.007862125,-5.4307914,0.0043796287,N-BEATS(L=90),1,val
2019-03-19,TLT,-5.4332895,0.004368701,-5.7188373,0.0032835265,N-BEATS(L=90),1,val
2019-03-20,GLD,-5.060438,0.00634278,-5.7890487,0.0030608927,N-BEATS(L=90),1,val
2019-03-20,SPY,-4.9440594,0.007125614,-5.2943177,0.005020038,N-BEATS(L=90),1,val
2019-03-20,TLT,-6.2082076,0.002012842,-5.9901805,0.0025032123,N-BEATS(L=90),1,val
2019-03-21,GLD,-5.8825884,0.0027875607,-5.707784,0.003320021,N-BEATS(L=90),1,val
2019-03-21,SPY,-4.880006,0.0075969696,-5.0233226,0.006582619,N-BEATS(L=90),1,val
2019-03-21,TLT,-5.097475,0.00611216,-5.948927,0.0026086383,N-BEATS(L=90),1,val
2019-03-22,GLD,-5.780793,0.0030862663,-5.488855,0.004132574,N-BEATS(L=90),1,val
2019-03-22,SPY,-5.0431046,0.006453681,-5.3252883,0.004866948,N-BEATS(L=90),1,val
2019-03-22,TLT,-4.8310046,0.007978502,-5.8071756,0.0030059079,N-BEATS(L=90),1,val
2019-03-25,GLD,-6.0592723,0.0023361002,-5.748309,0.003188167,N-BEATS(L=90),1,val
2019-03-25,SPY,-5.0222363,0.006589773,-5.101529,0.006087431,N-BEATS(L=90),1,val
2019-03-25,TLT,-5.6421776,0.0035451401,-5.374175,0.0046347403,N-BEATS(L=90),1,val
2019-03-26,GLD,-5.778666,0.0030928385,-5.788583,0.003062319,N-BEATS(L=90),1,val
2019-03-26,SPY,-4.697223,0.009120568,-5.1809745,0.005622525,N-BEATS(L=90),1,val
2019-03-26,TLT,-5.3728266,0.0046409946,-5.538239,0.0039334474,N-BEATS(L=90),1,val
2019-03-27,GLD,-5.7347918,0.0032315552,-6.0219507,0.0024249346,N-BEATS(L=90),1,val
2019-03-27,SPY,-5.232081,0.0053423964,-5.2376323,0.0053128214,N-BEATS(L=90),1,val
2019-03-27,TLT,-5.6587176,0.0034869856,-5.695315,0.0033616784,N-BEATS(L=90),1,val
2019-03-28,GLD,-5.865837,0.002834649,-5.776076,0.00310086,N-BEATS(L=90),1,val
2019-03-28,SPY,-5.458905,0.004258215,-4.8754444,0.007631702,N-BEATS(L=90),1,val
2019-03-28,TLT,-5.891275,0.0027634513,-5.797832,0.0030341255,N-BEATS(L=90),1,val
2019-03-29,GLD,-5.6661024,0.00346133,-5.5337915,0.0039509805,N-BEATS(L=90),1,val
2019-03-29,SPY,-5.6264462,0.0036013508,-5.122761,0.005959547,N-BEATS(L=90),1,val
2019-03-29,TLT,-5.340424,0.004793837,-5.826794,0.0029475112,N-BEATS(L=90),1,val
2019-04-01,GLD,-6.5845103,0.0013816038,-5.8974066,0.0027465585,N-BEATS(L=90),1,val
2019-04-01,SPY,-5.871789,0.0028178277,-5.221276,0.0054004346,N-BEATS(L=90),1,val
2019-04-01,TLT,-5.9078946,0.0027179031,-6.1115685,0.0022170707,N-BEATS(L=90),1,val
2019-04-02,GLD,-6.275694,0.0018814851,-5.918448,0.002689371,N-BEATS(L=90),1,val
2019-04-02,SPY,-5.39113,0.004556821,-4.7109184,0.008996511,N-BEATS(L=90),1,val
2019-04-02,TLT,-5.8696194,0.002823948,-5.850149,0.0028794697,N-BEATS(L=90),1,val
2019-04-03,GLD,-5.2283573,0.0053623267,-6.1968718,0.0020357892,N-BEATS(L=90),1,val
2019-04-03,SPY,-5.663822,0.0034692315,-5.2761116,0.005112271,N-BEATS(L=90),1,val
2019-04-03,TLT,-6.12541,0.0021865943,-6.1921086,0.002045509,N-BEATS(L=90),1,val
2019-04-04,GLD,-5.922561,0.0026783317,-5.7426233,0.003206346,N-BEATS(L=90),1,val
2019-04-04,SPY,-6.1640244,0.00210377,-5.3772573,0.004620477,N-BEATS(L=90),1,val
2019-04-04,TLT,-5.9271965,0.0026659456,-5.8915324,0.0027627398,N-BEATS(L=90),1,val
2019-04-05,GLD,-5.911203,0.0027089263,-5.741873,0.0032087534,N-BEATS(L=90),1,val
2019-04-05,SPY,-5.662302,0.0034745093,-5.2921486,0.0050309394,N-BEATS(L=90),1,val
2019-04-05,TLT,-6.1464186,0.0021411364,-5.4691725,0.0042147185,N-BEATS(L=90),1,val
2019-04-08,GLD,-6.3475904,0.0017509611,-5.7257695,0.003260843,N-BEATS(L=90),1,val
2019-04-08,SPY,-5.7206335,0.0032776338,-4.9236574,0.007272484,N-BEATS(L=90),1,val
2019-04-08,TLT,-5.8030095,0.003018457,-5.511256,0.0040410277,N-BEATS(L=90),1,val
2019-04-09,GLD,-5.8323135,0.0029312875,-5.454449,0.004277232,N-BEATS(L=90),1,val
2019-04-09,SPY,-6.0305834,0.0024040912,-5.1422706,0.0058444045,N-BEATS(L=90),1,val
2019-04-09,TLT,-6.037075,0.002388535,-5.909309,0.0027140619,N-BEATS(L=90),1,val
2019-04-10,GLD,-5.3662353,0.004671686,-5.564482,0.003831564,N-BEATS(L=90),1,val
2019-04-10,SPY,-5.8824425,0.0027879674,-5.164994,0.0057130987,N-BEATS(L=90),1,val
2019-04-10,TLT,-5.8369813,0.002917637,-5.810696,0.002995344,N-BEATS(L=90),1,val
2019-04-11,GLD,-5.8502192,0.0028792678,-5.700792,0.003343317,N-BEATS(L=90),1,val
2019-04-11,SPY,-5.223288,0.0053895786,-5.4363356,0.0043554143,N-BEATS(L=90),1,val
2019-04-11,TLT,-6.1145716,0.0022104227,-5.7301416,0.0032466173,N-BEATS(L=90),1,val
2019-04-12,GLD,-5.611015,0.003657356,-5.975727,0.002539655,N-BEATS(L=90),1,val
2019-04-12,SPY,-5.7941585,0.003045292,-4.983822,0.0068478407,N-BEATS(L=90),1,val
2019-04-12,TLT,-6.742552,0.0011796331,-6.012008,0.0024491649,N-BEATS(L=90),1,val
2019-04-15,GLD,-5.993362,0.002495261,-6.1339235,0.0021680577,N-BEATS(L=90),1,val
2019-04-15,SPY,-5.7237315,0.0032674954,-5.3057337,0.0049630557,N-BEATS(L=90),1,val
2019-04-15,TLT,-6.038151,0.002385967,-5.6028357,0.0036873927,N-BEATS(L=90),1,val
2019-04-16,GLD,-6.459011,0.0015663439,-5.8192625,0.0029697944,N-BEATS(L=90),1,val
2019-04-16,SPY,-5.4645014,0.004234452,-5.414124,0.004453237,N-BEATS(L=90),1,val
2019-04-16,TLT,-5.9618335,0.002575186,-6.0784883,0.0022916382,N-BEATS(L=90),1,val
2019-04-17,GLD,-6.123457,0.002190869,-5.891484,0.0027628741,N-BEATS(L=90),1,val
2019-04-17,SPY,-5.5087667,0.004051101,-5.4145513,0.004451335,N-BEATS(L=90),1,val
2019-04-17,TLT,-6.3292828,0.0017833124,-5.975706,0.002539708,N-BEATS(L=90),1,val
2019-04-18,GLD,-6.6698394,0.0012686024,-6.524445,0.001467133,N-BEATS(L=90),1,val
2019-04-18,SPY,-6.045551,0.002368376,-5.593104,0.0037234528,N-BEATS(L=90),1,val
2019-04-18,TLT,-6.3628097,0.0017245146,-6.043417,0.002373435,N-BEATS(L=90),1,val
2019-04-22,GLD,-5.7949767,0.0030428013,-5.1845684,0.005602354,N-BEATS(L=90),1,val
2019-04-22,SPY,-5.3739643,0.0046357173,-5.4167786,0.0044414313,N-BEATS(L=90),1,val
2019-04-22,TLT,-6.332711,0.0017772089,-5.9312797,0.0026550821,N-BEATS(L=90),1,val
2019-04-23,GLD,-5.688116,0.003385966,-5.944443,0.0026203608,N-BEATS(L=90),1,val
2019-04-23,SPY,-6.0533786,0.0023499092,-5.456627,0.0042679277,N-BEATS(L=90),1,val
2019-04-23,TLT,-6.3852015,0.0016863288,-5.9645953,0.0025680836,N-BEATS(L=90),1,val
2019-04-24,GLD,-5.6763477,0.0034260484,-5.6129303,0.003650357,N-BEATS(L=90),1,val
2019-04-24,SPY,-5.3051,0.0049662017,-5.295022,0.005016504,N-BEATS(L=90),1,val
2019-04-24,TLT,-5.8300714,0.002937867,-5.7205486,0.003277912,N-BEATS(L=90),1,val
2019-04-25,GLD,-5.968233,0.0025587585,-6.034873,0.0023938005,N-BEATS(L=90),1,val
2019-04-25,SPY,-5.3650017,0.0046774526,-5.698233,0.0033518826,N-BEATS(L=90),1,val
2019-04-25,TLT,-6.2169724,0.0019952771,-6.012077,0.0024489968,N-BEATS(L=90),1,val
2019-04-26,GLD,-6.5847516,0.0013812705,-5.635147,0.003570152,N-BEATS(L=90),1,val
2019-04-26,SPY,-6.039335,0.0023831436,-5.3964877,0.004532472,N-BEATS(L=90),1,val
2019-04-26,TLT,-5.9259453,0.0026692832,-5.8627205,0.0028434976,N-BEATS(L=90),1,val
2019-04-29,GLD,-5.984815,0.002516679,-5.8519907,0.0028741718,N-BEATS(L=90),1,val
2019-04-29,SPY,-5.1622224,0.0057289535,-5.234307,0.0053305184,N-BEATS(L=90),1,val
2019-04-29,TLT,-5.802787,0.0030191292,-6.1090956,0.00222256,N-BEATS(L=90),1,val
2019-04-30,GLD,-4.9158545,0.0073294523,-5.934527,0.0026464744,N-BEATS(L=90),1,val
2019-04-30,SPY,-5.41976,0.0044282083,-5.744306,0.003200955,N-BEATS(L=90),1,val
2019-04-30,TLT,-5.353818,0.0047300574,-6.116233,0.0022067535,N-BEATS(L=90),1,val
2019-05-01,GLD,-5.7751865,0.0031036187,-5.8319373,0.0029323904,N-BEATS(L=90),1,val
2019-05-01,SPY,-4.8729973,0.0076504005,-5.5275755,0.0039756163,N-BEATS(L=90),1,val
2019-05-01,TLT,-5.521697,0.003999056,-5.885147,0.0027804372,N-BEATS(L=90),1,val
2019-05-02,GLD,-5.660165,0.003481943,-5.6957064,0.0033603627,N-BEATS(L=90),1,val
2019-05-02,SPY,-4.9792533,0.0068791974,-5.350157,0.0047474066,N-BEATS(L=90),1,val
2019-05-02,TLT,-5.83718,0.0029170567,-5.9020743,0.0027337682,N-BEATS(L=90),1,val
2019-05-03,GLD,-5.73396,0.0032342437,-6.347742,0.0017506956,N-BEATS(L=90),1,val
2019-05-03,SPY,-4.8895173,0.007525054,-5.623641,0.0036114678,N-BEATS(L=90),1,val
2019-05-03,TLT,-6.1949797,0.0020396446,-5.9758153,0.0025394307,N-BEATS(L=90),1,val
2019-05-06,GLD,-5.873846,0.0028120372,-5.961533,0.0025759598,N-BEATS(L=90),1,val
2019-05-06,SPY,-4.483308,0.011295986,-5.485836,0.004145068,N-BEATS(L=90),1,val
2019-05-06,TLT,-5.5994697,0.0036998254,-5.802329,0.0030205115,N-BEATS(L=90),1,val
2019-05-07,GLD,-5.7684336,0.0031246482,-5.9540954,0.0025951904,N-BEATS(L=90),1,val
2019-05-07,SPY,-5.0700417,0.0062821587,-5.045636,0.0064373636,N-BEATS(L=90),1,val
2019-05-07,TLT,-5.448411,0.004303137,-5.9489436,0.0026085947,N-BEATS(L=90),1,val
2019-05-08,GLD,-5.458973,0.0042579267,-5.831555,0.0029335122,N-BEATS(L=90),1,val
2019-05-08,SPY,-4.6573153,0.009491911,-5.4129977,0.0044582556,N-BEATS(L=90),1,val
2019-05-08,TLT,-5.1977515,0.0055289823,-6.0277853,0.0024108274,N-BEATS(L=90),1,val
2019-05-09,GLD,-5.991417,0.0025001192,-6.042501,0.0023756102,N-BEATS(L=90),1,val
2019-05-09,SPY,-4.16457,0.015536397,-5.2632904,0.0051782383,N-BEATS(L=90),1,val
2019-05-09,TLT,-5.336242,0.0048139268,-6.0982203,0.0022468627,N-BEATS(L=90),1,val
2019-05-10,GLD,-5.8116393,0.0029925203,-5.872633,0.0028154505,N-BEATS(L=90),1,val
2019-05-10,SPY,-4.798015,0.008246099,-5.480115,0.0041688504,N-BEATS(L=90),1,val
2019-05-10,TLT,-5.6657186,0.0034626587,-6.2258954,0.0019775524,N-BEATS(L=90),1,val
2019-05-13,GLD,-5.7965693,0.003037959,-5.852057,0.0028739814,N-BEATS(L=90),1,val
2019-05-13,SPY,-4.8940725,0.0074908533,-4.6628566,0.009439459,N-BEATS(L=90),1,val
2019-05-13,TLT,-6.021647,0.0024256713,-5.8087406,0.0030012073,N-BEATS(L=90),1,val
2019-05-14,GLD,-5.9039187,0.0027287307,-5.4522896,0.004286479,N-BEATS(L=90),1,val
2019-05-14,SPY,-4.836252,0.007936744,-4.896451,0.007473058,N-BEATS(L=90),1,val
2019-05-14,TLT,-5.8861246,0.0027777206,-5.60953,0.0036627906,N-BEATS(L=90),1,val
2019-05-15,GLD,-5.432159,0.004373643,-5.6617923,0.003476281,N-BEATS(L=90),1,val
2019-05-15,SPY,-4.897252,0.007467074,-5.246662,0.005265063,N-BEATS(L=90),1,val
2019-05-15,TLT,-6.429089,0.0016139203,-5.745439,0.0031973305,N-BEATS(L=90),1,val
2019-05-16,GLD,-5.5716844,0.0038040676,-5.7664304,0.0031309137,N-BEATS(L=90),1,val
2019-05-16,SPY,-4.7745533,0.008441854,-5.1761417,0.0056497627,N-BEATS(L=90),1,val
2019-05-16,TLT,-5.772828,0.003110947,-5.721203,0.0032757684,N-BEATS(L=90),1,val
2019-05-17,GLD,-6.346525,0.0017528273,-5.7029915,0.003335971,N-BEATS(L=90),1,val
2019-05-17,SPY,-4.9542184,0.0070535913,-5.1506343,0.0057957275,N-BEATS(L=90),1,val
2019-05-17,TLT,-5.6224504,0.0036157703,-5.6088266,0.0036653676,N-BEATS(L=90),1,val
2019-05-20,GLD,-5.8908873,0.0027645228,-5.518094,0.00401349,N-BEATS(L=90),1,val
2019-05-20,SPY,-5.785253,0.0030725328,-5.021706,0.0065932684,N-BEATS(L=90),1,val
2019-05-20,TLT,-6.0573006,0.002340711,-5.492036,0.004119449,N-BEATS(L=90),1,val
2019-05-21,GLD,-6.3593426,0.001730504,-5.3950324,0.0045390734,N-BEATS(L=90),1,val
2019-05-21,SPY,-5.5434513,0.0039129984,-5.283691,0.00507367,N-BEATS(L=90),1,val
2019-05-21,TLT,-6.002867,0.0024716551,-5.640247,0.0035519914,N-BEATS(L=90),1,val
2019-05-22,GLD,-5.5236034,0.003991439,-6.1602554,0.0021117139,N-BEATS(L=90),1,val
2019-05-22,SPY,-5.078229,0.0062309345,-5.40882,0.0044769193,N-BEATS(L=90),1,val
2019-05-22,TLT,-5.198306,0.005525917,-5.6518335,0.0035110733,N-BEATS(L=90),1,val
2019-05-23,GLD,-6.0782285,0.0022922338,-5.890902,0.0027644818,N-BEATS(L=90),1,val
2019-05-23,SPY,-5.3328857,0.0048301113,-5.238893,0.0053061275,N-BEATS(L=90),1,val
2019-05-23,TLT,-6.2778306,0.0018774691,-5.4455934,0.004315279,N-BEATS(L=90),1,val
2019-05-24,GLD,-6.1094646,0.0022217399,-5.961779,0.002575326,N-BEATS(L=90),1,val
2019-05-24,SPY,-4.8655415,0.0077076536,-5.5109606,0.0040422226,N-BEATS(L=90),1,val
2019-05-24,TLT,-5.535978,0.003942352,-5.7899795,0.003058045,N-BEATS(L=90),1,val
2019-05-28,GLD,-5.9095902,0.0027132984,-5.962784,0.00257274,N-BEATS(L=90),1,val
2019-05-28,SPY,-5.0227175,0.0065866034,-5.4768667,0.0041824137,N-BEATS(L=90),1,val
2019-05-28,TLT,-5.508957,0.0040503303,-5.6386533,0.0035576564,N-BEATS(L=90),1,val
2019-05-29,GLD,-5.626957,0.0035995122,-6.05453,0.0023472046,N-BEATS(L=90),1,val
2019-05-29,SPY,-5.1760015,0.005650555,-5.4806275,0.004166714,N-BEATS(L=90),1,val
2019-05-29,TLT,-5.1142936,0.0060102222,-5.328635,0.0048506856,N-BEATS(L=90),1,val
2019-05-30,GLD,-5.3381143,0.004804923,-6.1998563,0.0020297223,N-BEATS(L=90),1,val
2019-05-30,SPY,-5.4415097,0.004332937,-5.182356,0.005614763,N-BEATS(L=90),1,val
2019-05-30,TLT,-5.551461,0.003881781,-5.7665606,0.0031305063,N-BEATS(L=90),1,val
2019-05-31,GLD,-5.052509,0.006393274,-5.435185,0.0043604285,N-BEATS(L=90),1,val
2019-05-31,SPY,-4.739383,0.008744038,-5.2103786,0.005459606,N-BEATS(L=90),1,val
2019-05-31,TLT,-5.3145213,0.0049196333,-6.0115333,0.0024503283,N-BEATS(L=90),1,val
2019-06-03,GLD,-5.430606,0.004380441,-5.3914237,0.004555483,N-BEATS(L=90),1,val
2019-06-03,SPY,-4.9683156,0.006954853,-5.406093,0.0044891443,N-BEATS(L=90),1,val
2019-06-03,TLT,-5.09153,0.006148606,-5.757724,0.0031582923,N-BEATS(L=90),1,val
2019-06-04,GLD,-5.24093,0.0052953293,-5.719001,0.0032829896,N-BEATS(L=90),1,val
2019-06-04,SPY,-5.0270033,0.006558435,-5.2485356,0.0052552084,N-BEATS(L=90),1,val
2019-06-04,TLT,-5.469859,0.0042118253,-5.6287475,0.003593073,N-BEATS(L=90),1,val
2019-06-05,GLD,-5.6169367,0.0036357616,-5.7999606,0.003027674,N-BEATS(L=90),1,val
2019-06-05,SPY,-5.014395,0.0066416473,-5.4006205,0.0045137797,N-BEATS(L=90),1,val
2019-06-05,TLT,-5.0145397,0.006640688,-5.439736,0.0043406296,N-BEATS(L=90),1,val
2019-06-06,GLD,-5.279853,0.00509318,-5.6329207,0.0035781092,N-BEATS(L=90),1,val
2019-06-06,SPY,-5.0077853,0.0066856937,-5.2363625,0.005319572,N-BEATS(L=90),1,val
2019-06-06,TLT,-5.6919813,0.0033729034,-5.8287225,0.0029418329,N-BEATS(L=90),1,val
2019-06-07,GLD,-5.9856086,0.002514683,-5.4576917,0.0042633857,N-BEATS(L=90),1,val
2019-06-07,SPY,-5.3646827,0.0046789446,-5.4786515,0.0041749557,N-BEATS(L=90),1,val
2019-06-07,TLT,-6.28069,0.0018721081,-5.5629106,0.0038375906,N-BEATS(L=90),1,val
2019-06-10,GLD,-5.9199533,0.0026853255,-5.763178,0.0031411136,N-BEATS(L=90),1,val
2019-06-10,SPY,-5.042956,0.006454641,-5.0359282,0.0065001617,N-BEATS(L=90),1,val
2019-06-10,TLT,-6.093185,0.002258205,-5.6695957,0.0034492596,N-BEATS(L=90),1,val
2019-06-11,GLD,-5.680894,0.0034105084,-5.8859253,0.0027782742,N-BEATS(L=90),1,val
2019-06-11,SPY,-5.6585436,0.0034875926,-5.234796,0.005327911,N-BEATS(L=90),1,val
2019-06-11,TLT,-6.210074,0.0020090889,-5.9872594,0.002510535,N-BEATS(L=90),1,val
2019-06-12,GLD,-5.6378217,0.0035606162,-6.2123013,0.002004619,N-BEATS(L=90),1,val
2019-06-12,SPY,-5.7133427,0.003301618,-5.3517294,0.0047399467,N-BEATS(L=90),1,val
2019-06-12,TLT,-6.2521353,0.0019263364,-5.84797,0.0028857512,N-BEATS(L=90),1,val
2019-06-13,GLD,-4.971138,0.0069352514,-5.4446497,0.004319353,N-BEATS(L=90),1,val
2019-06-13,SPY,-5.594883,0.0037168344,-5.1815143,0.0056194905,N-BEATS(L=90),1,val
2019-06-13,TLT,-5.8540287,0.0028683203,-6.186753,0.002056494,N-BEATS(L=90),1,val
2019-06-14,GLD,-5.752127,0.0031760177,-5.3735,0.004637871,N-BEATS(L=90),1,val
2019-06-14,SPY,-5.9843044,0.0025179645,-5.573714,0.0037963553,N-BEATS(L=90),1,val
2019-06-14,TLT,-5.7833652,0.0030783387,-5.9680777,0.0025591562,N-BEATS(L=90),1,val
2019-06-17,GLD,-4.9298725,0.0072274245,-5.632036,0.0035812757,N-BEATS(L=90),1,val
2019-06-17,SPY,-5.1396646,0.0058596544,-5.4451246,0.004317302,N-BEATS(L=90),1,val
2019-06-17,TLT,-5.403085,0.0045026676,-5.6652856,0.0034641584,N-BEATS(L=90),1,val
2019-06-18,GLD,-5.375575,0.0046282564,-5.4985127,0.004092854,N-BEATS(L=90),1,val
2019-06-18,SPY,-5.267483,0.005156572,-5.5894938,0.0037369193,N-BEATS(L=90),1,val
2019-06-18,TLT,-5.2600436,0.005195078,-5.4039326,0.004498854,N-BEATS(L=90),1,val
2019-06-19,GLD,-5.0851517,0.0061879484,-5.366532,0.0046703005,N-BEATS(L=90),1,val
2019-06-19,SPY,-4.87694,0.0076202983,-5.013795,0.0066456357,N-BEATS(L=90),1,val
2019-06-19,TLT,-5.3208613,0.004888541,-5.665968,0.0034617954,N-BEATS(L=90),1,val
2019-06-20,GLD,-5.1454086,0.0058260933,-5.668966,0.0034514328,N-BEATS(L=90),1,val
2019-06-20,SPY,-5.4691434,0.004214841,-5.358321,0.0047088047,N-BEATS(L=90),1,val
2019-06-20,TLT,-5.660947,0.0034792211,-5.700918,0.0033428946,N-BEATS(L=90),1,val
2019-06-21,GLD,-5.2032185,0.005498838,-5.7278476,0.003254074,N-BEATS(L=90),1,val
2019-06-21,SPY,-6.0491047,0.002359974,-5.4615574,0.0042469366,N-BEATS(L=90),1,val
2019-06-21,TLT,-6.166448,0.002098677,-5.978699,0.002532118,N-BEATS(L=90),1,val
2019-06-24,GLD,-4.4327965,0.011881217,-5.8564816,0.0028612933,N-BEATS(L=90),1,val
2019-06-24,SPY,-5.4964147,0.00410145,-4.9141793,0.0073417407,N-BEATS(L=90),1,val
2019-06-24,TLT,-6.2330256,0.0019635023,-5.613808,0.003647154,N-BEATS(L=90),1,val
2019-06-25,GLD,-5.1058574,0.00606114,-5.4294467,0.0043855216,N-BEATS(L=90),1,val
2019-06-25,SPY,-5.548325,0.003893974,-5.6077166,0.0036694387,N-BEATS(L=90),1,val
2019-06-25,TLT,-5.862472,0.002844204,-5.8028555,0.003018922,N-BEATS(L=90),1,val
2019-06-26,GLD,-5.7725096,0.003111938,-5.5692616,0.0038132954,N-BEATS(L=90),1,val
2019-06-26,SPY,-5.8748355,0.0028092563,-5.7551875,0.0031663128,N-BEATS(L=90),1,val
2019-06-26,TLT,-5.2636933,0.005176152,-5.899542,0.0027407003,N-BEATS(L=90),1,val
2019-06-27,GLD,-5.5679917,0.0038181406,-5.482376,0.0041594347,N-BEATS(L=90),1,val
2019-06-27,SPY,-5.6238165,0.003610834,-5.4722366,0.004201824,N-BEATS(L=90),1,val
2019-06-27,TLT,-5.751572,0.003177781,-5.878542,0.0027988632,N-BEATS(L=90),1,val
2019-06-28,GLD,-5.346701,0.00476384,-5.4405274,0.004337195,N-BEATS(L=90),1,val
2019-06-28,SPY,-5.1475544,0.005813605,-5.554402,0.0038703827,N-BEATS(L=90),1,val
2019-06-28,TLT,-5.1143975,0.0060095973,-6.111851,0.002216444,N-BEATS(L=90),1,val
2019-07-01,GLD,-4.7623563,0.00854545,-5.5398145,0.0039272555,N-BEATS(L=90),1,val
2019-07-01,SPY,-5.528252,0.003972927,-4.9785724,0.0068838834,N-BEATS(L=90),1,val
2019-07-01,TLT,-5.585921,0.003750295,-6.013795,0.0024447928,N-BEATS(L=90),1,val
2019-07-02,GLD,-5.3813615,0.0046015526,-5.2073584,0.0054761204,N-BEATS(L=90),1,val
2019-07-02,SPY,-5.9466615,0.0026145547,-5.4969034,0.004099446,N-BEATS(L=90),1,val
2019-07-02,TLT,-5.9564433,0.0025891042,-5.4392853,0.004342586,N-BEATS(L=90),1,val
2019-07-03,GLD,-4.898816,0.0074554044,-5.2157784,0.0054302053,N-BEATS(L=90),1,val
2019-07-03,SPY,-5.135896,0.005881778,-5.8523445,0.002873155,N-BEATS(L=90),1,val
2019-07-03,TLT,-5.3640704,0.0046818103,-5.53369,0.0039513814,N-BEATS(L=90),1,val
2019-07-05,GLD,-5.5636883,0.003834607,-5.238543,0.0053079845,N-BEATS(L=90),1,val
2019-07-05,SPY,-5.3315253,0.004836687,-5.4989758,0.0040909597,N-BEATS(L=90),1,val
2019-07-05,TLT,-5.9880676,0.0025085066,-5.522686,0.003995103,N-BEATS(L=90),1,val
2019-07-08,GLD,-5.3353686,0.0048181335,-5.4537005,0.0042804354,N-BEATS(L=90),1,val
2019-07-08,SPY,-5.678177,0.0034197874,-5.349216,0.004751875,N-BEATS(L=90),1,val
2019-07-08,TLT,-5.849176,0.0028822734,-5.632717,0.003578838,N-BEATS(L=90),1,val
2019-07-09,GLD,-4.9721513,0.0069282274,-5.6617723,0.0034763506,N-BEATS(L=90),1,val
2019-07-09,SPY,-5.4211473,0.00442207,-5.636396,0.0035656963,N-BEATS(L=90),1,val
2019-07-09,TLT,-5.4396987,0.004340791,-5.670046,0.0034477073,N-BEATS(L=90),1,val
2019-07-10,GLD,-5.205113,0.0054884306,-5.571378,0.0038052322,N-BEATS(L=90),1,val
2019-07-10,SPY,-5.7246027,0.00326465,-5.2719316,0.0051336847,N-BEATS(L=90),1,val
2019-07-10,TLT,-5.0038185,0.006712267,-5.5923443,0.0037262822,N-BEATS(L=90),1,val
2019-07-11,GLD,-5.223141,0.0053903703,-5.28662,0.0050588297,N-BEATS(L=90),1,val
2019-07-11,SPY,-6.0535674,0.0023494656,-5.3612475,0.0046950453,N-BEATS(L=90),1,val
2019-07-11,TLT,-5.5383306,0.0039330875,-5.8665824,0.0028325373,N-BEATS(L=90),1,val
2019-07-12,GLD,-5.6671863,0.0034575802,-5.2071824,0.0054770843,N-BEATS(L=90),1,val
2019-07-12,SPY,-6.181778,0.00206675,-5.3529162,0.0047343243,N-BEATS(L=90),1,val
2019-07-12,TLT,-6.165202,0.0021012935,-5.7774987,0.0030964508,N-BEATS(L=90),1,val
2019-07-15,GLD,-5.2877913,0.0050529083,-5.404929,0.0044943728,N-BEATS(L=90),1,val
2019-07-15,SPY,-5.8518157,0.002874675,-6.041374,0.0023782884,N-BEATS(L=90),1,val
2019-07-15,TLT,-5.852894,0.0028715772,-6.069977,0.002311227,N-BEATS(L=90),1,val
2019-07-16,GLD,-5.244131,0.005278406,-5.6693883,0.003449975,N-BEATS(L=90),1,val
2019-07-16,SPY,-5.789191,0.0030604578,-5.9409957,0.0026294102,N-BEATS(L=90),1,val
2019-07-16,TLT,-5.8757577,0.0028066668,-6.094619,0.0022549697,N-BEATS(L=90),1,val
2019-07-17,GLD,-4.5988183,0.010063721,-5.5723825,0.0038014129,N-BEATS(L=90),1,val
2019-07-17,SPY,-5.299939,0.004991898,-5.4653378,0.004230912,N-BEATS(L=90),1,val
2019-07-17,TLT,-5.2537494,0.0052278806,-6.0628333,0.002327796,N-BEATS(L=90),1,val
2019-07-18,GLD,-4.6252785,0.009800925,-5.846291,0.0028906004,N-BEATS(L=90),1,val
2019-07-18,SPY,-5.4657545,0.004229149,-6.0965457,0.0022506288,N-BEATS(L=90),1,val
2019-07-18,TLT,-6.11718,0.0022046648,-5.434026,0.004365486,N-BEATS(L=90),1,val
2019-07-19,GLD,-5.9608784,0.0025776469,-5.3990846,0.0045207175,N-BEATS(L=90),1,val
2019-07-19,SPY,-5.679943,0.0034137527,-5.5885773,0.0037403456,N-BEATS(L=90),1,val
2019-07-19,TLT,-5.7612247,0.0031472547,-5.887836,0.002772971,N-BEATS(L=90),1,val
2019-07-22,GLD,-5.040975,0.006467439,-5.5291796,0.003969244,N-BEATS(L=90),1,val
2019-07-22,SPY,-5.5571375,0.0038598094,-5.7857347,0.0030710534,N-BEATS(L=90),1,val
2019-07-22,TLT,-5.5899653,0.0037351572,-6.017375,0.0024360558,N-BEATS(L=90),1,val
2019-07-23,GLD,-5.4242005,0.004408589,-4.6040683,0.010011025,N-BEATS(L=90),1,val
2019-07-23,SPY,-5.812309,0.0029905175,-5.324069,0.0048728855,N-BEATS(L=90),1,val
2019-07-23,TLT,-6.1527042,0.00212772,-5.592943,0.0037240512,N-BEATS(L=90),1,val
2019-07-24,GLD,-5.2959924,0.0050116386,-5.2830606,0.005076869,N-BEATS(L=90),1,val
2019-07-24,SPY,-5.519669,0.0040071737,-5.3895345,0.0045640976,N-BEATS(L=90),1,val
2019-07-24,TLT,-5.330675,0.0048408005,-5.7853928,0.0030721035,N-BEATS(L=90),1,val
2019-07-25,GLD,-6.0198817,0.002429957,-5.6114426,0.0036557917,N-BEATS(L=90),1,val
2019-07-25,SPY,-5.892364,0.0027604431,-6.0411367,0.0023788533,N-BEATS(L=90),1,val
2019-07-25,TLT,-5.9390974,0.0026344063,-5.9907236,0.002501853,N-BEATS(L=90),1,val
2019-07-26,GLD,-5.0443273,0.0064457953,-5.66273,0.0034730218,N-BEATS(L=90),1,val
2019-07-26,SPY,-5.9599934,0.002579929,-5.7762027,0.0031004664,N-BEATS(L=90),1,val
2019-07-26,TLT,-5.965587,0.0025655378,-5.7601795,0.003150546,N-BEATS(L=90),1,val
2019-07-29,GLD,-5.5442414,0.0039099082,-5.5932436,0.0037229327,N-BEATS(L=90),1,val
2019-07-29,SPY,-5.631632,0.0035827241,-5.5473804,0.003897654,N-BEATS(L=90),1,val
2019-07-29,TLT,-5.653497,0.0035052367,-5.4467444,0.0043103145,N-BEATS(L=90),1,val
2019-07-30,GLD,-4.6649036,0.009420156,-5.0560083,0.0063709393,N-BEATS(L=90),1,val
2019-07-30,SPY,-4.4099965,0.012155221,-6.0225654,0.0024234445,N-BEATS(L=90),1,val
2019-07-30,TLT,-4.9702883,0.0069411467,-5.4543147,0.004277807,N-BEATS(L=90),1,val
2019-07-31,GLD,-4.475124,0.011388811,-5.530526,0.003963903,N-BEATS(L=90),1,val
2019-07-31,SPY,-4.175021,0.015374866,-5.851859,0.0028745502,N-BEATS(L=90),1,val
2019-07-31,TLT,-4.943212,0.0071316543,-5.6904607,0.0033780364,N-BEATS(L=90),1,val
2019-08-01,GLD,-5.120751,0.005971537,-5.5247264,0.0039869593,N-BEATS(L=90),1,val
2019-08-01,SPY,-4.915171,0.0073344624,-5.83022,0.00293743,N-BEATS(L=90),1,val
2019-08-01,TLT,-5.4554234,0.004273067,-5.670984,0.003444475,N-BEATS(L=90),1,val
2019-08-02,GLD,-4.811964,0.008131873,-5.3586698,0.0047071637,N-BEATS(L=90),1,val
2019-08-02,SPY,-4.3304505,0.013161616,-5.131673,0.0059066713,N-BEATS(L=90),1,val
2019-08-02,TLT,-5.226998,0.0053696213,-5.8515635,0.0028754,N-BEATS(L=90),1,val
2019-08-05,GLD,-5.4012475,0.00451095,-5.495255,0.004106209,N-BEATS(L=90),1,val
2019-08-05,SPY,-4.786682,0.008340083,-4.9957266,0.0067668026,N-BEATS(L=90),1,val
2019-08-05,TLT,-5.2218704,0.005397225,-5.172086,0.0056727245,N-BEATS(L=90),1,val
2019-08-06,GLD,-4.846883,0.007852818,-5.4618516,0.0042456873,N-BEATS(L=90),1,val
2019-08-06,SPY,-4.2063484,0.01490068,-4.8749475,0.0076354947,N-BEATS(L=90),1,val
2019-08-06,TLT,-4.3696117,0.012656153,-5.4771585,0.0041811937,N-BEATS(L=90),1,val
2019-08-07,GLD,-4.9000225,0.0074464153,-5.077176,0.0062374985,N-BEATS(L=90),1,val
2019-08-07,SPY,-4.9270053,0.007248177,-5.10923,0.0060407324,N-BEATS(L=90),1,val
2019-08-07,TLT,-4.486172,0.011263677,-5.3618116,0.0046923975,N-BEATS(L=90),1,val
2019-08-08,GLD,-5.2313175,0.0053464766,-5.1401052,0.0058570732,N-BEATS(L=90),1,val
2019-08-08,SPY,-4.7715445,0.008467292,-4.399194,0.012287242,N-BEATS(L=90),1,val
2019-08-08,TLT,-4.830346,0.007983757,-5.116569,0.0059965616,N-BEATS(L=90),1,val
2019-08-09,GLD,-4.8869185,0.0075446353,-5.515404,0.0040243003,N-BEATS(L=90),1,val
2019-08-09,SPY,-4.560544,0.010456369,-5.2505517,0.0052446243,N-BEATS(L=90),1,val
2019-08-09,TLT,-4.852141,0.0078116357,-5.659649,0.00348374,N-BEATS(L=90),1,val
2019-08-12,GLD,-3.9760447,0.018759694,-5.390652,0.004558999,N-BEATS(L=90),1,val
2019-08-12,SPY,-4.3501444,0.0129049495,-5.0689964,0.006288728,N-BEATS(L=90),1,val
2019-08-12,TLT,-4.854962,0.0077896304,-5.71643,0.0032914397,N-BEATS(L=90),1,val
2019-08-13,GLD,-4.7811,0.00838677,-5.1280613,0.005928042,N-BEATS(L=90),1,val
2019-08-13,SPY,-4.789204,0.008319076,-4.7556067,0.008603324,N-BEATS(L=90),1,val
2019-08-13,TLT,-5.4216294,0.0044199387,-5.533461,0.003952286,N-BEATS(L=90),1,val
2019-08-14,GLD,-5.087621,0.006172686,-5.202606,0.005502206,N-BEATS(L=90),1,val
2019-08-14,SPY,-4.818863,0.008075965,-4.236717,0.014454966,N-BEATS(L=90),1,val
2019-08-14,TLT,-4.3181076,0.013325076,-5.378464,0.004614904,N-BEATS(L=90),1,val
2019-08-15,GLD,-5.020678,0.0066000503,-5.0734625,0.006260705,N-BEATS(L=90),1,val
2019-08-15,SPY,-4.5887804,0.010165248,-5.0999413,0.006097105,N-BEATS(L=90),1,val
2019-08-15,TLT,-4.8157935,0.008100792,-5.467927,0.004219971,N-BEATS(L=90),1,val
2019-08-16,GLD,-5.3811383,0.00460258,-5.138177,0.0058683786,N-BEATS(L=90),1,val
2019-08-16,SPY,-5.5323505,0.003956678,-4.7892284,0.008318873,N-BEATS(L=90),1,val
2019-08-16,TLT,-5.246568,0.0052655577,-5.4324265,0.0043724733,N-BEATS(L=90),1,val
2019-08-19,GLD,-5.927549,0.0026650063,-5.3805056,0.004605493,N-BEATS(L=90),1,val
2019-08-19,SPY,-5.376624,0.004623404,-4.761299,0.008554488,N-BEATS(L=90),1,val
2019-08-19,TLT,-5.614596,0.003644282,-4.867695,0.0076910737,N-BEATS(L=90),1,val
2019-08-20,GLD,-5.6588745,0.0034864387,-5.235999,0.005321505,N-BEATS(L=90),1,val
2019-08-20,SPY,-5.893572,0.002757111,-5.081069,0.0062132636,N-BEATS(L=90),1,val
2019-08-20,TLT,-4.9225483,0.007280554,-5.1070733,0.0060537746,N-BEATS(L=90),1,val
2019-08-21,GLD,-5.6139073,0.0036467921,-5.044192,0.0064466684,N-BEATS(L=90),1,val
2019-08-21,SPY,-4.7865105,0.0083415145,-5.3623033,0.004690091,N-BEATS(L=90),1,val
2019-08-21,TLT,-5.161687,0.005732022,-5.47552,0.0041880496,N-BEATS(L=90),1,val
2019-08-22,GLD,-4.7528563,0.008627019,-5.9052835,0.0027250093,N-BEATS(L=90),1,val
2019-08-22,SPY,-3.9813907,0.018659672,-5.6645803,0.0034666022,N-BEATS(L=90),1,val
2019-08-22,TLT,-4.7017426,0.009079441,-5.459924,0.0042538783,N-BEATS(L=90),1,val
2019-08-23,GLD,-5.2700677,0.0051432624,-5.509863,0.0040466622,N-BEATS(L=90),1,val
2019-08-23,SPY,-5.1577706,0.005754514,-4.8170767,0.008090404,N-BEATS(L=90),1,val
2019-08-23,TLT,-5.4363227,0.00435547,-5.1289334,0.0059228744,N-BEATS(L=90),1,val
2019-08-26,GLD,-5.4728246,0.004199354,-5.7223115,0.0032721385,N-BEATS(L=90),1,val
2019-08-26,SPY,-4.8648834,0.0077127274,-4.313043,0.013392732,N-BEATS(L=90),1,val
2019-08-26,TLT,-5.4518647,0.004288301,-5.1097684,0.006037481,N-BEATS(L=90),1,val
2019-08-27,GLD,-5.3044195,0.004969582,-5.5189004,0.004010255,N-BEATS(L=90),1,val
2019-08-27,SPY,-4.9212575,0.007289958,-4.473588,0.011406316,N-BEATS(L=90),1,val
2019-08-27,TLT,-5.459942,0.004253803,-5.137022,0.00587516,N-BEATS(L=90),1,val
2019-08-28,GLD,-4.675123,0.0093243765,-4.8483534,0.007841279,N-BEATS(L=90),1,val
2019-08-28,SPY,-5.1327252,0.0059004584,-5.081752,0.0062090224,N-BEATS(L=90),1,val
2019-08-28,TLT,-5.144609,0.005830754,-5.6161075,0.0036387776,N-BEATS(L=90),1,val
2019-08-29,GLD,-4.696356,0.009128482,-5.182239,0.0056154192,N-BEATS(L=90),1,val
2019-08-29,SPY,-5.170142,0.0056837606,-5.261501,0.0051875133,N-BEATS(L=90),1,val
2019-08-29,TLT,-5.3848796,0.0045853923,-5.795888,0.00304003,N-BEATS(L=90),1,val
2019-08-30,GLD,-5.1407175,0.005853488,-5.227209,0.0053684874,N-BEATS(L=90),1,val
2019-08-30,SPY,-5.18276,0.005612496,-4.7925515,0.008291275,N-BEATS(L=90),1,val
2019-08-30,TLT,-4.6005363,0.010046446,-5.626325,0.0036017871,N-BEATS(L=90),1,val
2019-09-03,GLD,-5.4603477,0.004252077,-5.265551,0.005166545,N-BEATS(L=90),1,val
2019-09-03,SPY,-5.581695,0.003766176,-5.3086624,0.0049485415,N-BEATS(L=90),1,val
2019-09-03,TLT,-5.5351853,0.0039454773,-5.6065054,0.0036738857,N-BEATS(L=90),1,val
2019-09-04,GLD,-4.3797336,0.012528696,-5.267363,0.005157192,N-BEATS(L=90),1,val
2019-09-04,SPY,-4.4812417,0.0113193495,-5.287861,0.0050525567,N-BEATS(L=90),1,val
2019-09-04,TLT,-4.7686915,0.0084914835,-5.269828,0.005144496,N-BEATS(L=90),1,val
2019-09-05,GLD,-4.8413415,0.007896454,-5.3876495,0.0045727086,N-BEATS(L=90),1,val
2019-09-05,SPY,-5.754409,0.0031687794,-5.0053678,0.0067018764,N-BEATS(L=90),1,val
2019-09-05,TLT,-5.5160103,0.004021862,-5.1392293,0.0058622058,N-BEATS(L=90),1,val
2019-09-06,GLD,-5.3554306,0.0047224355,-5.4287314,0.0043886597,N-BEATS(L=90),1,val
2019-09-06,SPY,-5.3975415,0.0045276987,-4.6459,0.009600887,N-BEATS(L=90),1,val
2019-09-06,TLT,-5.8397527,0.002909562,-5.2505293,0.0052447417,N-BEATS(L=90),1,val
2019-09-09,GLD,-5.282655,0.0050789295,-5.1039777,0.006072544,N-BEATS(L=90),1,val
2019-09-09,SPY,-5.2866755,0.00505855,-4.897178,0.0074676257,N-BEATS(L=90),1,val
2019-09-09,TLT,-4.6999516,0.009095717,-5.3471646,0.004761633,N-BEATS(L=90),1,val
2019-09-10,GLD,-5.5557227,0.003865274,-5.276255,0.005111537,N-BEATS(L=90),1,val
2019-09-10,SPY,-5.321896,0.0048834854,-5.00965,0.006673237,N-BEATS(L=90),1,val
2019-09-10,TLT,-5.5692196,0.0038134553,-5.271112,0.0051378943,N-BEATS(L=90),1,val
2019-09-11,GLD,-4.8391953,0.00791342,-4.9403872,0.007151828,N-BEATS(L=90),1,val
2019-09-11,SPY,-5.3374376,0.0048081754,-5.173784,0.0056631,N-BEATS(L=90),1,val
2019-09-11,TLT,-4.54118,0.010660818,-5.9748926,0.0025417751,N-BEATS(L=90),1,val
2019-09-12,GLD,-5.003291,0.006715808,-5.398309,0.004524224,N-BEATS(L=90),1,val
2019-09-12,SPY,-5.746864,0.0031927782,-5.128098,0.0059278244,N-BEATS(L=90),1,val
2019-09-12,TLT,-4.841212,0.0078974785,-5.4691563,0.004214787,N-BEATS(L=90),1,val
2019-09-13,GLD,-5.2989845,0.0049966653,-5.376306,0.0046248743,N-BEATS(L=90),1,val
2019-09-13,SPY,-5.5406804,0.003923856,-4.997412,0.006755406,N-BEATS(L=90),1,val
2019-09-13,TLT,-5.0322275,0.0065242616,-5.4485955,0.004302343,N-BEATS(L=90),1,val
2019-09-16,GLD,-5.4407334,0.0043363017,-4.9372115,0.0071745766,N-BEATS(L=90),1,val
2019-09-16,SPY,-6.120645,0.0021970384,-5.2641234,0.0051739262,N-BEATS(L=90),1,val
2019-09-16,TLT,-4.897162,0.0074677467,-5.309375,0.0049450174,N-BEATS(L=90),1,val
2019-09-17,GLD,-4.380136,0.012523655,-5.130213,0.005915302,N-BEATS(L=90),1,val
2019-09-17,SPY,-4.9738564,0.006916424,-5.09683,0.006116105,N-BEATS(L=90),1,val
2019-09-17,TLT,-5.1967597,0.0055344687,-5.17906,0.0056332992,N-BEATS(L=90),1,val
2019-09-18,GLD,-5.812521,0.002989883,-5.355255,0.0047232644,N-BEATS(L=90),1,val
2019-09-18,SPY,-5.4253097,0.0044037024,-5.414491,0.004451602,N-BEATS(L=90),1,val
2019-09-18,TLT,-5.5152135,0.004025068,-5.4122987,0.004461373,N-BEATS(L=90),1,val
2019-09-19,GLD,-5.2664156,0.0051620803,-4.923128,0.007276334,N-BEATS(L=90),1,val
2019-09-19,SPY,-5.0537887,0.006385097,-5.6554775,0.003498302,N-BEATS(L=90),1,val
2019-09-19,TLT,-5.1271114,0.0059336754,-5.273403,0.005126136,N-BEATS(L=90),1,val
2019-09-20,GLD,-5.621207,0.0036202678,-5.1857324,0.005595837,N-BEATS(L=90),1,val
2019-09-20,SPY,-5.5557404,0.0038652057,-5.534011,0.003950114,N-BEATS(L=90),1,val
2019-09-20,TLT,-4.9540005,0.0070551285,-5.4585056,0.004259917,N-BEATS(L=90),1,val
2019-09-23,GLD,-4.9059052,0.0074027386,-5.243123,0.0052837296,N-BEATS(L=90),1,val
2019-09-23,SPY,-4.6664667,0.009405443,-5.4751616,0.004189552,N-BEATS(L=90),1,val
2019-09-23,TLT,-5.2859626,0.0050621573,-5.788069,0.0030638936,N-BEATS(L=90),1,val
2019-09-24,GLD,-4.5889688,0.010163334,-5.1867075,0.005590383,N-BEATS(L=90),1,val
2019-09-24,SPY,-4.788272,0.008326834,-5.463189,0.0042400123,N-BEATS(L=90),1,val
2019-09-24,TLT,-4.702802,0.009069826,-5.7387843,0.0032186788,N-BEATS(L=90),1,val
2019-09-25,GLD,-5.357555,0.0047124145,-5.310436,0.0049397736,N-BEATS(L=90),1,val
2019-09-25,SPY,-5.1865196,0.0055914335,-5.254407,0.005224444,N-BEATS(L=90),1,val
2019-09-25,TLT,-5.223293,0.005389553,-5.316486,0.004909978,N-BEATS(L=90),1,val
2019-09-26,GLD,-4.968664,0.006952429,-5.030992,0.0065323273,N-BEATS(L=90),1,val
2019-09-26,SPY,-4.7308984,0.008818545,-5.3042746,0.004970303,N-BEATS(L=90),1,val
2019-09-26,TLT,-5.5824475,0.0037633434,-5.443775,0.004323132,N-BEATS(L=90),1,val
2019-09-27,GLD,-4.57294,0.010327553,-5.2203608,0.0054053785,N-BEATS(L=90),1,val
2019-09-27,SPY,-5.6540885,0.0035031647,-4.9826617,0.00685579,N-BEATS(L=90),1,val
2019-09-27,TLT,-5.7046804,0.0033303415,-5.03626,0.006498005,N-BEATS(L=90),1,val
2019-09-30,GLD,-4.6098084,0.009953725,-5.36376,0.004683264,N-BEATS(L=90),1,val
2019-09-30,SPY,-4.711437,0.008991845,-4.9390125,0.0071616666,N-BEATS(L=90),1,val
2019-09-30,TLT,-4.5461783,0.010607666,-4.7602835,0.008563181,N-BEATS(L=90),1,val
2019-10-01,GLD,-4.990187,0.006804391,-5.132306,0.005902932,N-BEATS(L=90),1,val
2019-10-01,SPY,-4.6720757,0.009352835,-5.2980695,0.0050012395,N-BEATS(L=90),1,val
2019-10-01,TLT,-5.2934074,0.00502461,-5.0697618,0.006283917,N-BEATS(L=90),1,val
2019-10-02,GLD,-4.661834,0.009449119,-4.8938246,0.0074927113,N-BEATS(L=90),1,val
2019-10-02,SPY,-4.3698893,0.012652642,-4.731965,0.008809144,N-BEATS(L=90),1,val
2019-10-02,TLT,-4.889048,0.0075285854,-4.9757624,0.006903254,N-BEATS(L=90),1,val
2019-10-03,GLD,-5.195915,0.0055391444,-5.237402,0.005314045,N-BEATS(L=90),1,val
2019-10-03,SPY,-5.2593246,0.005198815,-5.2654862,0.00516688,N-BEATS(L=90),1,val
2019-10-03,TLT,-5.8210397,0.0029645213,-5.48821,0.004135239,N-BEATS(L=90),1,val
2019-10-04,GLD,-4.9079866,0.0073873466,-5.136711,0.005876987,N-BEATS(L=90),1,val
2019-10-04,SPY,-5.127524,0.0059312284,-5.0994077,0.006100359,N-BEATS(L=90),1,val
2019-10-04,TLT,-5.613513,0.0036482306,-5.2671037,0.0051585296,N-BEATS(L=90),1,val
2019-10-07,GLD,-5.190895,0.0055670217,-5.054596,0.0063799443,N-BEATS(L=90),1,val
2019-10-07,SPY,-5.0881476,0.0061694374,-5.40271,0.004504358,N-BEATS(L=90),1,val
2019-10-07,TLT,-5.160308,0.005739932,-5.0956287,0.0061234552,N-BEATS(L=90),1,val
2019-10-08,GLD,-5.349013,0.0047528404,-5.2417574,0.00529095,N-BEATS(L=90),1,val
2019-10-08,SPY,-5.2353263,0.005325087,-5.0637503,0.0063218065,N-BEATS(L=90),1,val
2019-10-08,TLT,-5.5666056,0.0038234368,-5.44001,0.00433944,N-BEATS(L=90),1,val
2019-10-09,GLD,-5.476738,0.0041829525,-5.291896,0.0050322106,N-BEATS(L=90),1,val
2019-10-09,SPY,-5.0512433,0.00640137,-5.2233844,0.0053890594,N-BEATS(L=90),1,val
2019-10-09,TLT,-5.119651,0.00597811,-5.1737094,0.0056635216,N-BEATS(L=90),1,val
2019-10-10,GLD,-5.0389743,0.006480392,-5.451943,0.0042879656,N-BEATS(L=90),1,val
2019-10-10,SPY,-5.0862837,0.0061809476,-5.139861,0.0058585033,N-BEATS(L=90),1,val
2019-10-10,TLT,-5.0234947,0.006581486,-5.3129945,0.0049271504,N-BEATS(L=90),1,val
2019-10-11,GLD,-6.060315,0.0023336653,-5.364003,0.004682125,N-BEATS(L=90),1,val
2019-10-11,SPY,-5.9421496,0.0026263779,-4.918915,0.0073070563,N-BEATS(L=90),1,val
2019-10-11,TLT,-6.1422434,0.0021500946,-5.5437555,0.003911808,N-BEATS(L=90),1,val
2019-10-14,GLD,-5.366286,0.00467145,-4.9151773,0.007334417,N-BEATS(L=90),1,val
2019-10-14,SPY,-5.2401204,0.0052996185,-5.410628,0.0044688336,N-BEATS(L=90),1,val
2019-10-14,TLT,-5.1566224,0.0057611256,-5.2922916,0.0050302194,N-BEATS(L=90),1,val
2019-10-15,GLD,-5.517907,0.0040142406,-4.9531126,0.0070613953,N-BEATS(L=90),1,val
2019-10-15,SPY,-5.830599,0.002936318,-5.4683623,0.0042181346,N-BEATS(L=90),1,val
2019-10-15,TLT,-5.69254,0.0033710191,-5.2717476,0.0051346296,N-BEATS(L=90),1,val
2019-10-16,GLD,-5.6600394,0.0034823795,-5.223045,0.0053908895,N-BEATS(L=90),1,val
2019-10-16,SPY,-5.527285,0.003976771,-5.303198,0.004975657,N-BEATS(L=90),1,val
2019-10-16,TLT,-5.211303,0.0054545603,-5.643854,0.0035392016,N-BEATS(L=90),1,val
2019-10-17,GLD,-6.2375784,0.001954583,-5.311418,0.0049349237,N-BEATS(L=90),1,val
2019-10-17,SPY,-5.2184525,0.0054157036,-5.4373207,0.0043511256,N-BEATS(L=90),1,val
2019-10-17,TLT,-5.5703754,0.0038090502,-5.7900114,0.0030579474,N-BEATS(L=90),1,val
2019-10-18,GLD,-5.48375,0.0041537248,-5.7269363,0.0032570404,N-BEATS(L=90),1,val
2019-10-18,SPY,-5.8944244,0.0027547614,-5.4884415,0.0041342825,N-BEATS(L=90),1,val
2019-10-18,TLT,-5.553732,0.0038729766,-5.88248,0.0027878624,N-BEATS(L=90),1,val
2019-10-21,GLD,-5.838655,0.0029127577,-5.092572,0.0061422004,N-BEATS(L=90),1,val
2019-10-21,SPY,-5.6900506,0.003379422,-4.927188,0.0072468533,N-BEATS(L=90),1,val
2019-10-21,TLT,-5.398968,0.0045212433,-5.3618016,0.0046924446,N-BEATS(L=90),1,val
2019-10-22,GLD,-5.9923134,0.0024978789,-5.3397746,0.004796952,N-BEATS(L=90),1,val
2019-10-22,SPY,-6.02219,0.0024243542,-5.050365,0.0064069945,N-BEATS(L=90),1,val
2019-10-22,TLT,-5.4883795,0.004134539,-5.122972,0.0059582884,N-BEATS(L=90),1,val
2019-10-23,GLD,-5.6914277,0.0033747714,-5.4139314,0.004454095,N-BEATS(L=90),1,val
2019-10-23,SPY,-5.620336,0.0036234232,-5.095431,0.0061246674,N-BEATS(L=90),1,val
2019-10-23,TLT,-5.1599793,0.0057418183,-5.5943856,0.0037186833,N-BEATS(L=90),1,val
2019-10-24,GLD,-5.142632,0.0058422927,-5.569987,0.0038105308,N-BEATS(L=90),1,val
2019-10-24,SPY,-5.4029994,0.004503054,-5.3144903,0.0049197855,N-BEATS(L=90),1,val
2019-10-24,TLT,-5.4239883,0.0044095246,-5.3736725,0.0046370705,N-BEATS(L=90),1,val
2019-10-25,GLD,-5.7096963,0.0033136788,-5.692525,0.0033710706,N-BEATS(L=90),1,val
2019-10-25,SPY,-6.18367,0.0020628432,-5.49302,0.0041153966,N-BEATS(L=90),1,val
2019-10-25,TLT,-5.924903,0.0026720671,-5.387395,0.0045738732,N-BEATS(L=90),1,val
2019-10-28,GLD,-5.4868135,0.0041410183,-5.691763,0.0033736404,N-BEATS(L=90),1,val
2019-10-28,SPY,-5.756458,0.0031622932,-5.6368823,0.0035639624,N-BEATS(L=90),1,val
2019-10-28,TLT,-5.927105,0.0026661896,-5.3784647,0.0046149017,N-BEATS(L=90),1,val
2019-10-29,GLD,-4.933032,0.0072046253,-5.839106,0.002911444,N-BEATS(L=90),1,val
2019-10-29,SPY,-5.1517124,0.005789482,-5.558013,0.0038564317,N-BEATS(L=90),1,val
2019-10-29,TLT,-5.3490424,0.0047526998,-5.1635284,0.005721476,N-BEATS(L=90),1,val
2019-10-30,GLD,-5.6679235,0.0034550324,-5.4453917,0.0043161493,N-BEATS(L=90),1,val
2019-10-30,SPY,-5.2292356,0.005357619,-5.7427015,0.0032060952,N-BEATS(L=90),1,val
2019-10-30,TLT,-5.241286,0.005293446,-5.248169,0.0052571357,N-BEATS(L=90),1,val
2019-10-31,GLD,-5.4858165,0.004145149,-5.0685325,0.0062916465,N-BEATS(L=90),1,val
2019-10-31,SPY,-6.0924234,0.0022599255,-5.518189,0.0040131095,N-BEATS(L=90),1,val
2019-10-31,TLT,-4.90505,0.007409074,-5.796166,0.003039185,N-BEATS(L=90),1,val
2019-11-01,GLD,-5.654915,0.0035002711,-5.3005195,0.0049890014,N-BEATS(L=90),1,val
2019-11-01,SPY,-6.125581,0.002186221,-5.4909697,0.0041238437,N-BEATS(L=90),1,val
2019-11-01,TLT,-5.849763,0.0028805821,-5.7154384,0.0032947059,N-BEATS(L=90),1,val
2019-11-04,GLD,-4.9990525,0.006744334,-5.104096,0.006071826,N-BEATS(L=90),1,val
2019-11-04,SPY,-5.974257,0.0025433912,-5.329732,0.0048453687,N-BEATS(L=90),1,val
2019-11-04,TLT,-5.6134176,0.0036485787,-5.5768695,0.0037843941,N-BEATS(L=90),1,val
2019-11-05,GLD,-5.599289,0.003700494,-5.357959,0.0047105113,N-BEATS(L=90),1,val
2019-11-05,SPY,-5.780926,0.0030858559,-5.4717317,0.004203946,N-BEATS(L=90),1,val
2019-11-05,TLT,-5.20579,0.0054847156,-5.2134256,0.005442996,N-BEATS(L=90),1,val
2019-11-06,GLD,-4.5681124,0.01037753,-4.8992815,0.007451935,N-BEATS(L=90),1,val
2019-11-06,SPY,-5.405755,0.0044906624,-5.684526,0.0033981437,N-BEATS(L=90),1,val
2019-11-06,TLT,-4.6943593,0.009146726,-5.063519,0.0063232686,N-BEATS(L=90),1,val
2019-11-07,GLD,-5.3882036,0.004570176,-5.2905006,0.005039237,N-BEATS(L=90),1,val
2019-11-07,SPY,-5.547973,0.0038953444,-5.7483854,0.0031879237,N-BEATS(L=90),1,val
2019-11-07,TLT,-5.114146,0.006011108,-5.5233064,0.003992625,N-BEATS(L=90),1,val
2019-11-08,GLD,-5.0356708,0.0065018353,-5.021258,0.0065962244,N-BEATS(L=90),1,val
2019-11-08,SPY,-6.1048274,0.0022320666,-5.3493485,0.004751245,N-BEATS(L=90),1,val
2019-11-08,TLT,-5.6498523,0.0035180363,-5.0721693,0.0062688063,N-BEATS(L=90),1,val
2019-11-11,GLD,-4.9616795,0.0070011597,-5.2576184,0.0052076923,N-BEATS(L=90),1,val
2019-11-11,SPY,-5.4775667,0.004179487,-5.5370326,0.0039381958,N-BEATS(L=90),1,val
2019-11-11,TLT,-5.140452,0.005855043,-5.1935973,0.0055519985,N-BEATS(L=90),1,val
2019-11-12,GLD,-5.8567247,0.0028605976,-5.243139,0.0052836468,N-BEATS(L=90),1,val
2019-11-12,SPY,-5.632683,0.003578961,-5.7167315,0.003290448,N-BEATS(L=90),1,val
2019-11-12,TLT,-5.56232,0.0038398567,-5.311373,0.004935145,N-BEATS(L=90),1,val
2019-11-13,GLD,-5.218924,0.0054131504,-5.283726,0.0050734906,N-BEATS(L=90),1,val
2019-11-13,SPY,-5.7437143,0.0032028498,-5.6730585,0.003437336,N-BEATS(L=90),1,val
2019-11-13,TLT,-5.543552,0.003912605,-5.1749406,0.005656553,N-BEATS(L=90),1,val
2019-11-14,GLD,-6.139811,0.002155331,-5.520355,0.0040044254,N-BEATS(L=90),1,val
2019-11-14,SPY,-5.730219,0.0032463665,-5.7985373,0.0030319865,N-BEATS(L=90),1,val
2019-11-14,TLT,-5.6475234,0.003526239,-5.26768,0.005155557,N-BEATS(L=90),1,val
2019-11-15,GLD,-5.9190283,0.0026878107,-5.4977903,0.004095812,N-BEATS(L=90),1,val
2019-11-15,SPY,-5.92846,0.0026625788,-5.7944884,0.0030442874,N-BEATS(L=90),1,val
2019-11-15,TLT,-5.6961026,0.0033590314,-5.420459,0.004425116,N-BEATS(L=90),1,val
2019-11-18,GLD,-5.6630077,0.003472058,-5.6939163,0.0033663833,N-BEATS(L=90),1,val
2019-11-18,SPY,-5.8161516,0.0029790476,-5.8027864,0.0030191306,N-BEATS(L=90),1,val
2019-11-18,TLT,-5.92612,0.0026688175,-4.83595,0.007939143,N-BEATS(L=90),1,val
2019-11-19,GLD,-5.4090185,0.0044760313,-5.5353546,0.0039448095,N-BEATS(L=90),1,val
2019-11-19,SPY,-5.07159,0.0062724394,-5.5763607,0.00378632,N-BEATS(L=90),1,val
2019-11-19,TLT,-5.857008,0.0028597875,-5.2700343,0.0051434343,N-BEATS(L=90),1,val
2019-11-20,GLD,-5.615006,0.003642788,-5.341402,0.0047891513,N-BEATS(L=90),1,val
2019-11-20,SPY,-5.6612616,0.0034781264,-5.9734206,0.0025455193,N-BEATS(L=90),1,val
2019-11-20,TLT,-5.3288527,0.004849631,-5.5754914,0.0037896128,N-BEATS(L=90),1,val
2019-11-21,GLD,-5.823536,0.0029571305,-5.4211645,0.004421994,N-BEATS(L=90),1,val
2019-11-21,SPY,-5.7589884,0.0031543009,-5.6482534,0.0035236657,N-BEATS(L=90),1,val
2019-11-21,TLT,-5.843755,0.002897941,-5.548959,0.0038915072,N-BEATS(L=90),1,val
2019-11-22,GLD,-5.7903905,0.0030567884,-5.248749,0.0052540884,N-BEATS(L=90),1,val
2019-11-22,SPY,-6.5029416,0.0014990232,-5.4107237,0.004468405,N-BEATS(L=90),1,val
2019-11-22,TLT,-6.340868,0.0017627715,-5.797264,0.0030358492,N-BEATS(L=90),1,val
2019-11-25,GLD,-5.2467628,0.005264533,-5.3155193,0.0049147257,N-BEATS(L=90),1,val
2019-11-25,SPY,-6.028623,0.0024088083,-5.6953454,0.0033615758,N-BEATS(L=90),1,val
2019-11-25,TLT,-6.3406515,0.0017631531,-5.513457,0.004032145,N-BEATS(L=90),1,val
2019-11-26,GLD,-6.2353425,0.001958958,-5.467475,0.0042218794,N-BEATS(L=90),1,val
2019-11-26,SPY,-6.316014,0.0018071327,-5.805831,0.0030099526,N-BEATS(L=90),1,val
2019-11-26,TLT,-6.0300136,0.0024054614,-5.3327403,0.004830814,N-BEATS(L=90),1,val
2019-11-27,GLD,-5.482168,0.0041602994,-5.4010625,0.0045117848,N-BEATS(L=90),1,val
2019-11-27,SPY,-6.1443534,0.0021455628,-5.4841886,0.0041519026,N-BEATS(L=90),1,val
2019-11-27,TLT,-5.414589,0.0044511673,-5.577747,0.0037810751,N-BEATS(L=90),1,val
2019-11-29,GLD,-5.6674466,0.0034566803,-5.543195,0.0039140023,N-BEATS(L=90),1,val
2019-11-29,SPY,-5.2432866,0.0052828654,-5.7991614,0.0030300946,N-BEATS(L=90),1,val
2019-11-29,TLT,-5.626611,0.0036007569,-5.4821057,0.0041605593,N-BEATS(L=90),1,val
2019-12-02,GLD,-5.7991037,0.0030302694,-5.406936,0.0044853617,N-BEATS(L=90),1,val
2019-12-02,SPY,-5.209683,0.0054634055,-5.641452,0.0035477139,N-BEATS(L=90),1,val
2019-12-02,TLT,-4.8724694,0.0076544397,-5.283177,0.0050762785,N-BEATS(L=90),1,val
2019-12-03,GLD,-5.8956804,0.0027513036,-5.5046177,0.0040679434,N-BEATS(L=90),1,val
2019-12-03,SPY,-5.573453,0.0037973458,-5.9233546,0.0026762073,N-BEATS(L=90),1,val
2019-12-03,TLT,-5.1050267,0.006066177,-5.3835187,0.004591637,N-BEATS(L=90),1,val
2019-12-04,GLD,-5.734331,0.0032330442,-5.849217,0.0028821551,N-BEATS(L=90),1,val
2019-12-04,SPY,-5.580985,0.003768851,-5.514859,0.0040264945,N-BEATS(L=90),1,val
2019-12-04,TLT,-5.587604,0.0037439875,-5.127472,0.005931537,N-BEATS(L=90),1,val
2019-12-05,GLD,-6.1576567,0.0021172087,-5.669112,0.0034509276,N-BEATS(L=90),1,val
2019-12-05,SPY,-6.095803,0.0022523012,-5.5367084,0.003939473,N-BEATS(L=90),1,val
2019-12-05,TLT,-5.071931,0.006270301,-5.4581003,0.0042616436,N-BEATS(L=90),1,val
2019-12-06,GLD,-6.4628263,0.0015603794,-5.369883,0.0046546757,N-BEATS(L=90),1,val
2019-12-06,SPY,-5.843627,0.0028983115,-5.1436515,0.0058363397,N-BEATS(L=90),1,val
2019-12-06,TLT,-6.0790205,0.002290419,-5.623104,0.0036134073,N-BEATS(L=90),1,val
2019-12-09,GLD,-5.897187,0.002747161,-5.8538637,0.0028687934,N-BEATS(L=90),1,val
2019-12-09,SPY,-5.5519133,0.0038800265,-5.4396224,0.004341122,N-BEATS(L=90),1,val
2019-12-09,TLT,-5.4768295,0.004182569,-5.366776,0.0046691606,N-BEATS(L=90),1,val
2019-12-10,GLD,-5.2834516,0.0050748843,-5.5463586,0.0039016388,N-BEATS(L=90),1,val
2019-12-10,SPY,-5.9034815,0.0027299242,-5.685462,0.0033949644,N-BEATS(L=90),1,val
2019-12-10,TLT,-5.4852285,0.004147587,-5.9000235,0.0027393806,N-BEATS(L=90),1,val
2019-12-11,GLD,-4.826388,0.008015421,-5.3893156,0.0045650965,N-BEATS(L=90),1,val
2019-12-11,SPY,-5.006766,0.006692513,-5.7618966,0.0031451408,N-BEATS(L=90),1,val
2019-12-11,TLT,-4.4888253,0.011233832,-5.7191544,0.0032824855,N-BEATS(L=90),1,val
2019-12-12,GLD,-5.1482873,0.0058093457,-5.778548,0.0030932042,N-BEATS(L=90),1,val
2019-12-12,SPY,-5.143272,0.0058385553,-5.870024,0.002822805,N-BEATS(L=90),1,val
2019-12-12,TLT,-4.4709196,0.011436794,-5.829754,0.0029388003,N-BEATS(L=90),1,val
2019-12-13,GLD,-5.838607,0.0029128978,-5.148051,0.00581072,N-BEATS(L=90),1,val
2019-12-13,SPY,-5.0497074,0.0064112092,-5.2868814,0.0050575077,N-BEATS(L=90),1,val
2019-12-13,TLT,-5.401468,0.0045099566,-5.4079957,0.0044806115,N-BEATS(L=90),1,val
2019-12-16,GLD,-6.0802917,0.0022875092,-5.546648,0.0039005098,N-BEATS(L=90),1,val
2019-12-16,SPY,-6.4628825,0.0015602916,-5.3441563,0.004775979,N-BEATS(L=90),1,val
2019-12-16,TLT,-5.2772455,0.005106477,-5.33855,0.004802829,N-BEATS(L=90),1,val
2019-12-17,GLD,-6.156195,0.0021203053,-5.4315505,0.0043763053,N-BEATS(L=90),1,val
2019-12-17,SPY,-6.5873456,0.0013776921,-5.6067986,0.0036728084,N-BEATS(L=90),1,val
2019-12-17,TLT,-5.354638,0.0047261794,-5.405079,0.0044937,N-BEATS(L=90),1,val
2019-12-18,GLD,-5.775518,0.0031025903,-5.810263,0.0029966414,N-BEATS(L=90),1,val
2019-12-18,SPY,-6.0255947,0.0024161143,-6.145272,0.0021435933,N-BEATS(L=90),1,val
2019-12-18,TLT,-5.242293,0.005288118,-5.340138,0.004795209,N-BEATS(L=90),1,val
2019-12-19,GLD,-5.92966,0.0026593865,-5.7491956,0.003185342,N-BEATS(L=90),1,val
2019-12-19,SPY,-5.173479,0.005664826,-5.5010486,0.0040824884,N-BEATS(L=90),1,val
2019-12-19,TLT,-5.7600346,0.0031510028,-5.1586595,0.0057494016,N-BEATS(L=90),1,val
2019-12-20,GLD,-6.798318,0.0011156502,-5.8659964,0.0028341978,N-BEATS(L=90),1,val
2019-12-20,SPY,-6.827777,0.0010832637,-5.7201552,0.0032792017,N-BEATS(L=90),1,val
2019-12-20,TLT,-5.3493733,0.004751127,-5.262757,0.005181002,N-BEATS(L=90),1,val
2019-12-23,GLD,-5.9352846,0.00264447,-5.8484592,0.0028843398,N-BEATS(L=90),1,val
2019-12-23,SPY,-6.6581683,0.0012834952,-5.938568,0.0026358012,N-BEATS(L=90),1,val
2019-12-23,TLT,-5.4310956,0.0043782964,-5.4478116,0.004305717,N-BEATS(L=90),1,val
2019-12-24,GLD,-6.0288563,0.0024082467,-5.9248576,0.0026721882,N-BEATS(L=90),1,val
2019-12-24,SPY,-6.543546,0.0014393751,-5.75527,0.0031660516,N-BEATS(L=90),1,val
2019-12-24,TLT,-5.662583,0.0034735336,-5.2879357,0.0050521786,N-BEATS(L=90),1,val
2019-12-26,GLD,-5.8914733,0.0027629032,-5.4417152,0.0043320465,N-BEATS(L=90),1,val
2019-12-26,SPY,-5.855216,0.0028649166,-5.6650314,0.003465039,N-BEATS(L=90),1,val
2019-12-26,TLT,-6.399331,0.0016626691,-5.360852,0.0046969038,N-BEATS(L=90),1,val
2019-12-27,GLD,-6.402308,0.0016577268,-5.5603337,0.0038474922,N-BEATS(L=90),1,val
2019-12-27,SPY,-5.452543,0.004285394,-5.484166,0.0041519958,N-BEATS(L=90),1,val
2019-12-27,TLT,-5.330857,0.0048399214,-5.4481254,0.004304366,N-BEATS(L=90),1,val
2019-12-30,GLD,-5.6475263,0.003526229,-5.588893,0.0037391651,N-BEATS(L=90),1,val
2019-12-30,SPY,-5.649556,0.0035190783,-5.497918,0.0040952885,N-BEATS(L=90),1,val
2019-12-30,TLT,-5.399666,0.0045180903,-5.5006814,0.004083988,N-BEATS(L=90),1,val
2019-12-31,GLD,-5.530519,0.0039639315,-5.615303,0.003641706,N-BEATS(L=90),1,val
2019-12-31,SPY,-5.408013,0.0044805347,-5.4642787,0.0042353948,N-BEATS(L=90),1,val
2019-12-31,TLT,-5.444122,0.0043216334,-5.3680177,0.0046633664,N-BEATS(L=90),1,val
2020-01-02,GLD,-5.418142,0.0044353805,-5.5829487,0.0037614577,N-BEATS(L=90),1,test
2020-01-02,SPY,-5.294099,0.005021137,-5.855569,0.0028639059,N-BEATS(L=90),1,test
2020-01-02,TLT,-5.2383485,0.0053090174,-5.5548167,0.0038687775,N-BEATS(L=90),1,test
2020-01-03,GLD,-5.1419845,0.0058460766,-5.48254,0.0041587525,N-BEATS(L=90),1,test
2020-01-03,SPY,-5.4681835,0.004218889,-5.376606,0.0046234876,N-BEATS(L=90),1,test
2020-01-03,TLT,-5.277388,0.0051057492,-5.0625844,0.006329181,N-BEATS(L=90),1,test
2020-01-06,GLD,-5.8254986,0.0029513324,-5.594719,0.0037174441,N-BEATS(L=90),1,test
2020-01-06,SPY,-5.8811064,0.0027916948,-5.5681634,0.0038174852,N-BEATS(L=90),1,test
2020-01-06,TLT,-5.6876235,0.0033876342,-5.316179,0.0049114856,N-BEATS(L=90),1,test
2020-01-07,GLD,-4.6393595,0.009663885,-5.6907835,0.003376946,N-BEATS(L=90),1,test
2020-01-07,SPY,-5.094278,0.006131733,-5.6389275,0.003556681,N-BEATS(L=90),1,test
2020-01-07,TLT,-4.7423115,0.00871847,-5.76695,0.003129287,N-BEATS(L=90),1,test
2020-01-08,GLD,-5.3607774,0.004697253,-5.4554434,0.004272982,N-BEATS(L=90),1,test
2020-01-08,SPY,-6.0108213,0.0024520734,-5.419685,0.0044285418,N-BEATS(L=90),1,test
2020-01-08,TLT,-5.17724,0.005643562,-5.254028,0.005226425,N-BEATS(L=90),1,test
2020-01-09,GLD,-5.928676,0.0026620037,-5.223264,0.005389707,N-BEATS(L=90),1,test
2020-01-09,SPY,-5.555914,0.003864535,-5.320186,0.004891843,N-BEATS(L=90),1,test
2020-01-09,TLT,-5.9722486,0.0025485046,-5.1372204,0.0058739944,N-BEATS(L=90),1,test
2020-01-10,GLD,-6.3031707,0.0018304917,-5.4724245,0.0042010345,N-BEATS(L=90),1,test
2020-01-10,SPY,-5.7233844,0.0032686298,-5.546149,0.0039024577,N-BEATS(L=90),1,test
2020-01-10,TLT,-5.6442657,0.0035377454,-5.4471188,0.004308701,N-BEATS(L=90),1,test
2020-01-13,GLD,-5.6968503,0.0033565208,-5.6721673,0.0034404008,N-BEATS(L=90),1,test
2020-01-13,SPY,-5.562197,0.0038403291,-5.3665266,0.004670325,N-BEATS(L=90),1,test
2020-01-13,TLT,-6.0151534,0.0024414738,-5.2252135,0.005379211,N-BEATS(L=90),1,test
2020-01-14,GLD,-5.4798713,0.0041698664,-5.4581056,0.0042616213,N-BEATS(L=90),1,test
2020-01-14,SPY,-5.6717367,0.0034418826,-6.290047,0.0018546724,N-BEATS(L=90),1,test
2020-01-14,TLT,-5.596996,0.0037089894,-5.611768,0.0036546031,N-BEATS(L=90),1,test
2020-01-15,GLD,-5.6746707,0.003431799,-5.575992,0.003787716,N-BEATS(L=90),1,test
2020-01-15,SPY,-6.140334,0.0021542038,-5.40393,0.004498865,N-BEATS(L=90),1,test
2020-01-15,TLT,-5.5192933,0.0040086797,-5.7028227,0.0033365341,N-BEATS(L=90),1,test
2020-01-16,GLD,-5.7243886,0.0032653492,-5.634802,0.0035713848,N-BEATS(L=90),1,test
2020-01-16,SPY,-5.878889,0.0027978919,-5.5018373,0.0040792697,N-BEATS(L=90),1,test
2020-01-16,TLT,-5.6614375,0.0034775143,-5.8288474,0.0029414652,N-BEATS(L=90),1,test
2020-01-17,GLD,-5.3367715,0.004811379,-5.3982077,0.0045246836,N-BEATS(L=90),1,test
2020-01-17,SPY,-5.8773975,0.0028020681,-5.550779,0.0038844305,N-BEATS(L=90),1,test
2020-01-17,TLT,-5.6958923,0.0033597378,-5.7729406,0.003110597,N-BEATS(L=90),1,test
2020-01-21,GLD,-6.204125,0.0020210766,-5.578883,0.0037767813,N-BEATS(L=90),1,test
2020-01-21,SPY,-5.685492,0.0033948624,-5.9068427,0.0027207637,N-BEATS(L=90),1,test
2020-01-21,TLT,-5.9646783,0.0025678705,-4.9347224,0.007192457,N-BEATS(L=90),1,test
2020-01-22,GLD,-5.343416,0.004779515,-5.2329664,0.005337668,N-BEATS(L=90),1,test
2020-01-22,SPY,-5.196857,0.0055339304,-5.930121,0.0026581604,N-BEATS(L=90),1,test
2020-01-22,TLT,-5.815505,0.0029809745,-5.3681984,0.004662524,N-BEATS(L=90),1,test
2020-01-23,GLD,-5.2037864,0.0054957164,-5.6185765,0.0036298044,N-BEATS(L=90),1,test
2020-01-23,SPY,-4.747914,0.008669763,-5.66129,0.0034780267,N-BEATS(L=90),1,test
2020-01-23,TLT,-5.200343,0.005514672,-5.6387625,0.0035572678,N-BEATS(L=90),1,test
2020-01-24,GLD,-5.5342536,0.003949155,-5.597548,0.003706942,N-BEATS(L=90),1,test
2020-01-24,SPY,-5.2411747,0.0052940343,-5.6846166,0.003397836,N-BEATS(L=90),1,test
2020-01-24,TLT,-5.628344,0.0035945228,-5.4875436,0.004137996,N-BEATS(L=90),1,test
2020-01-27,GLD,-5.535335,0.003944887,-5.982436,0.0025226732,N-BEATS(L=90),1,test
2020-01-27,SPY,-4.7628655,0.0085411,-5.7059317,0.0033261771,N-BEATS(L=90),1,test
2020-01-27,TLT,-5.2403674,0.00529831,-5.7282825,0.003252659,N-BEATS(L=90),1,test
2020-01-28,GLD,-5.7367616,0.003225196,-5.2153816,0.00543236,N-BEATS(L=90),1,test
2020-01-28,SPY,-5.664298,0.003467581,-5.5358377,0.0039429045,N-BEATS(L=90),1,test
2020-01-28,TLT,-5.5377054,0.003935547,-5.6501894,0.0035168505,N-BEATS(L=90),1,test
2020-01-29,GLD,-5.0970616,0.0061146873,-5.3725615,0.0046422253,N-BEATS(L=90),1,test
2020-01-29,SPY,-4.9523478,0.0070667984,-5.575613,0.003789152,N-BEATS(L=90),1,test
2020-01-29,TLT,-5.02236,0.0065889596,-5.767077,0.00312889,N-BEATS(L=90),1,test
2020-01-30,GLD,-5.6074467,0.003670429,-5.329985,0.004844142,N-BEATS(L=90),1,test
2020-01-30,SPY,-4.627466,0.009779507,-5.1410317,0.005851649,N-BEATS(L=90),1,test
2020-01-30,TLT,-5.7873197,0.0030661896,-5.4296026,0.004384838,N-BEATS(L=90),1,test
2020-01-31,GLD,-5.279495,0.005095004,-5.7508345,0.003180126,N-BEATS(L=90),1,test
2020-01-31,SPY,-5.078417,0.006229764,-5.502716,0.0040756864,N-BEATS(L=90),1,test
2020-01-31,TLT,-4.880628,0.0075922436,-5.3075185,0.0049542054,N-BEATS(L=90),1,test
2020-02-03,GLD,-5.206284,0.005482007,-5.728235,0.003252814,N-BEATS(L=90),1,test
2020-02-03,SPY,-5.391785,0.004553837,-5.15277,0.0057833623,N-BEATS(L=90),1,test
2020-02-03,TLT,-5.2955,0.0050141076,-5.6347394,0.0035716079,N-BEATS(L=90),1,test
2020-02-04,GLD,-5.815148,0.0029820392,-5.8894415,0.0027685226,N-BEATS(L=90),1,test
2020-02-04,SPY,-5.290988,0.0050367815,-5.547032,0.003899013,N-BEATS(L=90),1,test
2020-02-04,TLT,-5.581293,0.0037676904,-5.237989,0.0053109266,N-BEATS(L=90),1,test
2020-02-05,GLD,-5.815382,0.0029813412,-5.4112954,0.0044658515,N-BEATS(L=90),1,test
2020-02-05,SPY,-5.8278637,0.0029443603,-5.5119696,0.004038146,N-BEATS(L=90),1,test
2020-02-05,TLT,-5.5578437,0.0038570845,-5.3753686,0.004629212,N-BEATS(L=90),1,test
2020-02-06,GLD,-5.5173945,0.004016299,-5.569375,0.0038128626,N-BEATS(L=90),1,test
2020-02-06,SPY,-5.309552,0.00494414,-5.382379,0.0045968727,N-BEATS(L=90),1,test
2020-02-06,TLT,-5.48077,0.00416612,-5.5328865,0.0039545577,N-BEATS(L=90),1,test
2020-02-07,GLD,-5.9633236,0.0025713516,-5.8396444,0.002909877,N-BEATS(L=90),1,test
2020-02-07,SPY,-5.5315137,0.0039599906,-5.877775,0.0028010102,N-BEATS(L=90),1,test
2020-02-07,TLT,-5.9803586,0.0025279196,-5.1649113,0.00571357,N-BEATS(L=90),1,test
2020-02-10,GLD,-5.2427254,0.005285831,-5.6483774,0.003523229,N-BEATS(L=90),1,test
2020-02-10,SPY,-5.3738194,0.0046363897,-5.642745,0.0035431292,N-BEATS(L=90),1,test
2020-02-10,TLT,-5.748929,0.0031861912,-5.518932,0.004010129,N-BEATS(L=90),1,test
2020-02-11,GLD,-5.7844334,0.0030750523,-5.457992,0.004262105,N-BEATS(L=90),1,test
2020-02-11,SPY,-6.0675225,0.0023169061,-5.8429704,0.002900215,N-BEATS(L=90),1,test
2020-02-11,TLT,-5.891126,0.0027638625,-5.6032696,0.003685793,N-BEATS(L=90),1,test
2020-02-12,GLD,-5.8270383,0.0029467917,-5.1348643,0.00588785,N-BEATS(L=90),1,test
2020-02-12,SPY,-5.3194222,0.0048955814,-5.3794136,0.0046105245,N-BEATS(L=90),1,test
2020-02-12,TLT,-5.5024343,0.0040768352,-5.495643,0.0041046157,N-BEATS(L=90),1,test
2020-02-13,GLD,-6.160043,0.002112163,-5.338264,0.0048042038,N-BEATS(L=90),1,test
2020-02-13,SPY,-5.7426176,0.0032063643,-5.615275,0.0036418084,N-BEATS(L=90),1,test
2020-02-13,TLT,-5.828655,0.002942032,-5.53203,0.003957946,N-BEATS(L=90),1,test
2020-02-14,GLD,-5.063504,0.0063233622,-5.6050014,0.0036794152,N-BEATS(L=90),1,test
2020-02-14,SPY,-5.2679143,0.00515435,-5.768902,0.0031231854,N-BEATS(L=90),1,test
2020-02-14,TLT,-5.2166767,0.0054253293,-5.5384064,0.0039327894,N-BEATS(L=90),1,test
2020-02-18,GLD,-5.6945534,0.0033642394,-5.8118496,0.0029918912,N-BEATS(L=90),1,test
2020-02-18,SPY,-5.7483864,0.0031879207,-6.036456,0.0023900138,N-BEATS(L=90),1,test
2020-02-18,TLT,-5.962267,0.0025740701,-5.620902,0.0036213729,N-BEATS(L=90),1,test
2020-02-19,GLD,-5.592872,0.0037243157,-5.936143,0.0026422013,N-BEATS(L=90),1,test
2020-02-19,SPY,-4.5725584,0.010331494,-5.274553,0.0051202457,N-BEATS(L=90),1,test
2020-02-19,TLT,-5.577009,0.0037838654,-5.697794,0.003353355,N-BEATS(L=90),1,test
2020-02-20,GLD,-5.3756156,0.004628069,-5.516366,0.0040204315,N-BEATS(L=90),1,test
2020-02-20,SPY,-5.158997,0.005747461,-5.5552273,0.0038671894,N-BEATS(L=90),1,test
2020-02-20,TLT,-5.153543,0.005778894,-5.63329,0.003576789,N-BEATS(L=90),1,test
2020-02-21,GLD,-4.5426903,0.010644731,-5.7077184,0.0033202395,N-BEATS(L=90),1,test
2020-02-21,SPY,-3.6277726,0.026575314,-5.1972055,0.0055320016,N-BEATS(L=90),1,test
2020-02-21,TLT,-5.566705,0.003823056,-5.602621,0.003688184,N-BEATS(L=90),1,test
2020-02-24,GLD,-4.380554,0.012518419,-6.001064,0.0024761166,N-BEATS(L=90),1,test
2020-02-24,SPY,-3.9952168,0.018403456,-4.697974,0.009113721,N-BEATS(L=90),1,test
2020-02-24,TLT,-4.998065,0.0067509976,-5.4288096,0.0043883165,N-BEATS(L=90),1,test
2020-02-25,GLD,-4.5185285,0.010905059,-5.8033214,0.0030175159,N-BEATS(L=90),1,test
2020-02-25,SPY,-4.148212,0.015792629,-5.144451,0.005831674,N-BEATS(L=90),1,test
2020-02-25,TLT,-4.608417,0.009967584,-5.8416142,0.0029041509,N-BEATS(L=90),1,test
2020-02-26,GLD,-4.7389436,0.008747883,-5.1202035,0.005974807,N-BEATS(L=90),1,test
2020-02-26,SPY,-3.5679572,0.02821343,-4.951123,0.007075457,N-BEATS(L=90),1,test
2020-02-26,TLT,-4.6130905,0.009921109,-5.471491,0.0042049587,N-BEATS(L=90),1,test
2020-02-27,GLD,-3.9014912,0.02021175,-5.610632,0.0036587566,N-BEATS(L=90),1,test
2020-02-27,SPY,-3.6783412,0.02526485,-4.97769,0.0068899584,N-BEATS(L=90),1,test
2020-02-27,TLT,-4.886538,0.0075475066,-5.0327177,0.0065210643,N-BEATS(L=90),1,test
2020-02-28,GLD,-4.9271493,0.007247133,-5.806361,0.003008357,N-BEATS(L=90),1,test
2020-02-28,SPY,-3.638998,0.026278662,-5.0648003,0.006315172,N-BEATS(L=90),1,test
2020-02-28,TLT,-4.4891925,0.011229708,-4.9710665,0.0069357473,N-BEATS(L=90),1,test
2020-03-02,GLD,-4.0942283,0.016668605,-5.164861,0.005713856,N-BEATS(L=90),1,test
2020-03-02,SPY,-3.424515,0.032565072,-4.695842,0.009133176,N-BEATS(L=90),1,test
2020-03-02,TLT,-3.4514468,0.03169974,-5.294472,0.005019263,N-BEATS(L=90),1,test
2020-03-03,GLD,-5.168765,0.005691593,-5.087775,0.0061717355,N-BEATS(L=90),1,test
2020-03-03,SPY,-4.0247426,0.017868023,-4.582908,0.010225117,N-BEATS(L=90),1,test
2020-03-03,TLT,-4.37824,0.012547421,-4.9649553,0.006978262,N-BEATS(L=90),1,test
2020-03-04,GLD,-5.0461373,0.0064341384,-4.972809,0.006923673,N-BEATS(L=90),1,test
2020-03-04,SPY,-3.9646068,0.018975496,-4.845294,0.007865305,N-BEATS(L=90),1,test
2020-03-04,TLT,-4.9404016,0.007151726,-4.769943,0.008480862,N-BEATS(L=90),1,test
2020-03-05,GLD,-3.8629496,0.021005949,-5.2587576,0.0052017635,N-BEATS(L=90),1,test
2020-03-05,SPY,-3.9944754,0.018417107,-4.5846486,0.010207335,N-BEATS(L=90),1,test
2020-03-05,TLT,-3.8142924,0.022053313,-4.3439903,0.012984612,N-BEATS(L=90),1,test
2020-03-06,GLD,-4.3230004,0.013260038,-5.138244,0.005867984,N-BEATS(L=90),1,test
2020-03-06,SPY,-3.607005,0.027132992,-4.8613796,0.0077397986,N-BEATS(L=90),1,test
2020-03-06,TLT,-3.65953,0.025744611,-4.927405,0.0072452812,N-BEATS(L=90),1,test
2020-03-09,GLD,-5.0861464,0.0061817965,-4.844201,0.007873906,N-BEATS(L=90),1,test
2020-03-09,SPY,-3.2994368,0.036903944,-4.2664638,0.014031313,N-BEATS(L=90),1,test
2020-03-09,TLT,-3.2831056,0.03751158,-4.1912446,0.015127446,N-BEATS(L=90),1,test
2020-03-10,GLD,-4.6733003,0.00934139,-4.927963,0.0072412402,N-BEATS(L=90),1,test
2020-03-10,SPY,-3.7100232,0.024476957,-4.3153663,0.013361654,N-BEATS(L=90),1,test
2020-03-10,TLT,-3.3160708,0.036295164,-4.6352825,0.009703365,N-BEATS(L=90),1,test
2020-03-11,GLD,-4.137158,0.01596817,-4.5999427,0.010052412,N-BEATS(L=90),1,test
2020-03-11,SPY,-3.0272303,0.048449647,-4.1367583,0.015974551,N-BEATS(L=90),1,test
2020-03-11,TLT,-3.1980493,0.040841796,-4.6779985,0.009297604,N-BEATS(L=90),1,test
2020-03-12,GLD,-3.5423203,0.028946087,-5.2241993,0.0053846696,N-BEATS(L=90),1,test
2020-03-12,SPY,-2.8007112,0.06076683,-4.4081874,0.012177231,N-BEATS(L=90),1,test
2020-03-12,TLT,-3.6099832,0.027052302,-3.9700866,0.0188718,N-BEATS(L=90),1,test
2020-03-13,GLD,-3.5224378,0.029527366,-4.85698,0.007773927,N-BEATS(L=90),1,test
2020-03-13,SPY,-2.8853946,0.055832755,-4.4344306,0.011861818,N-BEATS(L=90),1,test
2020-03-13,TLT,-3.3870578,0.033808,-4.4391084,0.011806461,N-BEATS(L=90),1,test
2020-03-16,GLD,-3.603491,0.0272285,-4.658412,0.009481507,N-BEATS(L=90),1,test
2020-03-16,SPY,-2.9710433,0.05124981,-4.2732162,0.013936887,N-BEATS(L=90),1,test
2020-03-16,TLT,-3.2221982,0.039867323,-4.390468,0.012394926,N-BEATS(L=90),1,test
2020-03-17,GLD,-3.8385305,0.021525208,-4.923503,0.0072736074,N-BEATS(L=90),1,test
2020-03-17,SPY,-2.819259,0.05965013,-4.1630735,0.015559661,N-BEATS(L=90),1,test
2020-03-17,TLT,-2.7514021,0.06383829,-4.4240103,0.011986068,N-BEATS(L=90),1,test
2020-03-18,GLD,-4.3716626,0.012630224,-4.6595044,0.009471155,N-BEATS(L=90),1,test
2020-03-18,SPY,-3.110057,0.044598408,-4.0547643,0.017339567,N-BEATS(L=90),1,test
2020-03-18,TLT,-3.2589884,0.038427252,-3.800078,0.022369029,N-BEATS(L=90),1,test
2020-03-19,GLD,-4.6160774,0.00989152,-4.601804,0.010033721,N-BEATS(L=90),1,test
2020-03-19,SPY,-3.469112,0.031144677,-3.6712837,0.025443787,N-BEATS(L=90),1,test
2020-03-19,TLT,-3.7898598,0.022598771,-4.058865,0.017268607,N-BEATS(L=90),1,test
2020-03-20,GLD,-4.1000752,0.016571429,-4.591111,0.010141583,N-BEATS(L=90),1,test
2020-03-20,SPY,-3.4098613,0.033045784,-4.2188478,0.0147155905,N-BEATS(L=90),1,test
2020-03-20,TLT,-3.5098095,0.02990261,-4.443656,0.011752891,N-BEATS(L=90),1,test
2020-03-23,GLD,-4.0991282,0.016587129,-4.470448,0.011442188,N-BEATS(L=90),1,test
2020-03-23,SPY,-3.8961904,0.020319171,-3.696413,0.024812369,N-BEATS(L=90),1,test
2020-03-23,TLT,-3.8666513,0.020928334,-4.375033,0.012587728,N-BEATS(L=90),1,test
2020-03-24,GLD,-4.96884,0.006951206,-4.693997,0.009150041,N-BEATS(L=90),1,test
2020-03-24,SPY,-3.055713,0.047089137,-4.263801,0.014068724,N-BEATS(L=90),1,test
2020-03-24,TLT,-3.8430533,0.021428075,-4.3733807,0.012608543,N-BEATS(L=90),1,test
2020-03-25,GLD,-4.375844,0.012577523,-4.446391,0.01172079,N-BEATS(L=90),1,test
2020-03-25,SPY,-3.6805298,0.025209615,-4.266553,0.014030063,N-BEATS(L=90),1,test
2020-03-25,TLT,-4.234282,0.01449021,-4.364778,0.012717478,N-BEATS(L=90),1,test
2020-03-26,GLD,-5.0372562,0.006491535,-4.9120064,0.007357711,N-BEATS(L=90),1,test
2020-03-26,SPY,-3.6131575,0.026966564,-3.869755,0.020863479,N-BEATS(L=90),1,test
2020-03-26,TLT,-4.3233094,0.013255942,-3.7023141,0.024666378,N-BEATS(L=90),1,test
2020-03-27,GLD,-5.0063896,0.006695031,-4.4252543,0.011971166,N-BEATS(L=90),1,test
2020-03-27,SPY,-3.9236565,0.01976868,-4.248831,0.014280922,N-BEATS(L=90),1,test
2020-03-27,TLT,-4.139306,0.015933905,-3.9117389,0.020005684,N-BEATS(L=90),1,test
2020-03-30,GLD,-4.445386,0.011732577,-4.703929,0.009059613,N-BEATS(L=90),1,test
2020-03-30,SPY,-4.0094495,0.01814338,-4.2106056,0.01483738,N-BEATS(L=90),1,test
2020-03-30,TLT,-4.636907,0.009687614,-4.400614,0.012269806,N-BEATS(L=90),1,test
2020-03-31,GLD,-4.687596,0.009208799,-5.0096526,0.006673221,N-BEATS(L=90),1,test
2020-03-31,SPY,-3.2562182,0.03853385,-4.4135594,0.01211199,N-BEATS(L=90),1,test
2020-03-31,TLT,-4.668596,0.00938544,-4.294543,0.0136428075,N-BEATS(L=90),1,test
2020-04-01,GLD,-4.842186,0.007889789,-5.129897,0.005917169,N-BEATS(L=90),1,test
2020-04-01,SPY,-4.1398225,0.015925677,-4.695167,0.00913934,N-BEATS(L=90),1,test
2020-04-01,TLT,-4.855524,0.0077852523,-4.5437865,0.010633068,N-BEATS(L=90),1,test
2020-04-02,GLD,-5.049696,0.0064112823,-5.025896,0.0065657003,N-BEATS(L=90),1,test
2020-04-02,SPY,-3.8135645,0.022069372,-4.4715304,0.01142981,N-BEATS(L=90),1,test
2020-04-02,TLT,-4.6941485,0.009148654,-4.8398066,0.007908584,N-BEATS(L=90),1,test
2020-04-03,GLD,-4.598469,0.010067239,-5.167389,0.005699431,N-BEATS(L=90),1,test
2020-04-03,SPY,-3.0170608,0.04894487,-4.9548025,0.0070494725,N-BEATS(L=90),1,test
2020-04-03,TLT,-5.0816884,0.0062094163,-4.649595,0.009565477,N-BEATS(L=90),1,test
2020-04-06,GLD,-4.893142,0.0074978257,-4.8872256,0.0075423187,N-BEATS(L=90),1,test
2020-04-06,SPY,-4.1131005,0.01635698,-4.2711554,0.013965638,N-BEATS(L=90),1,test
2020-04-06,TLT,-4.5598273,0.0104638655,-4.9864235,0.0068300487,N-BEATS(L=90),1,test
2020-04-07,GLD,-5.6503115,0.0035164214,-4.829658,0.007989253,N-BEATS(L=90),1,test
2020-04-07,SPY,-3.713193,0.024399493,-4.4018607,0.012254517,N-BEATS(L=90),1,test
2020-04-07,TLT,-4.730807,0.008819353,-4.7425013,0.008716816,N-BEATS(L=90),1,test
2020-04-08,GLD,-4.8268957,0.008011352,-5.73809,0.0032209142,N-BEATS(L=90),1,test
2020-04-08,SPY,-4.2342043,0.014491336,-4.1828213,0.015255407,N-BEATS(L=90),1,test
2020-04-08,TLT,-4.887317,0.007541628,-5.0929074,0.0061401417,N-BEATS(L=90),1,test
2020-04-09,GLD,-4.264849,0.014053986,-5.4842424,0.004151679,N-BEATS(L=90),1,test
2020-04-09,SPY,-4.1759863,0.015360035,-4.241565,0.014385059,N-BEATS(L=90),1,test
2020-04-09,TLT,-4.943518,0.0071294717,-4.9898434,0.0068067308,N-BEATS(L=90),1,test
2020-04-13,GLD,-4.470276,0.011444158,-5.1770344,0.005644722,N-BEATS(L=90),1,test
2020-04-13,SPY,-3.7776294,0.02287686,-4.6069317,0.009982401,N-BEATS(L=90),1,test
2020-04-13,TLT,-5.2159863,0.0054290765,-4.902071,0.007431177,N-BEATS(L=90),1,test
2020-04-14,GLD,-4.8843555,0.007563997,-5.316899,0.0049079508,N-BEATS(L=90),1,test
2020-04-14,SPY,-3.8426995,0.021435658,-4.644724,0.009612183,N-BEATS(L=90),1,test
2020-04-14,TLT,-5.1257124,0.005941983,-4.745293,0.008692513,N-BEATS(L=90),1,test
2020-04-15,GLD,-4.5190334,0.010899554,-5.0969915,0.006115116,N-BEATS(L=90),1,test
2020-04-15,SPY,-4.5222387,0.010864673,-4.1938915,0.015087457,N-BEATS(L=90),1,test
2020-04-15,TLT,-5.4071617,0.00448435,-4.7385087,0.008751688,N-BEATS(L=90),1,test
2020-04-16,GLD,-4.904573,0.007412608,-5.298945,0.004996863,N-BEATS(L=90),1,test
2020-04-16,SPY,-4.4352775,0.011851777,-4.542125,0.010650747,N-BEATS(L=90),1,test
2020-04-16,TLT,-4.345111,0.012970069,-4.9744635,0.006912227,N-BEATS(L=90),1,test
2020-04-17,GLD,-5.024649,0.0065738927,-5.0719566,0.00627014,N-BEATS(L=90),1,test
2020-04-17,SPY,-4.315947,0.013353896,-4.5449414,0.010620795,N-BEATS(L=90),1,test
2020-04-17,TLT,-5.3171377,0.004906778,-5.1753836,0.0056540477,N-BEATS(L=90),1,test
2020-04-20,GLD,-4.7268124,0.008854652,-4.8350554,0.007946248,N-BEATS(L=90),1,test
2020-04-20,SPY,-4.339966,0.013036974,-4.2360964,0.014463943,N-BEATS(L=90),1,test
2020-04-20,TLT,-5.268293,0.0051523987,-5.0505934,0.0064055314,N-BEATS(L=90),1,test
2020-04-21,GLD,-5.705956,0.003326096,-5.0309577,0.0065325513,N-BEATS(L=90),1,test
2020-04-21,SPY,-4.582245,0.010231901,-4.6911144,0.009176454,N-BEATS(L=90),1,test
2020-04-21,TLT,-4.98683,0.006827271,-4.9757957,0.006903024,N-BEATS(L=90),1,test
2020-04-22,GLD,-5.000521,0.0067344364,-5.220471,0.0054047834,N-BEATS(L=90),1,test
2020-04-22,SPY,-4.3690863,0.012662806,-4.705182,0.009048266,N-BEATS(L=90),1,test
2020-04-22,TLT,-5.2842236,0.005070968,-5.030666,0.006534458,N-BEATS(L=90),1,test
2020-04-23,GLD,-4.566938,0.010389725,-4.9888005,0.0068138326,N-BEATS(L=90),1,test
2020-04-23,SPY,-4.4135156,0.012112521,-4.527133,0.010811629,N-BEATS(L=90),1,test
2020-04-23,TLT,-5.8891935,0.002769209,-5.127727,0.0059300237,N-BEATS(L=90),1,test
2020-04-24,GLD,-4.981305,0.0068650967,-5.2501326,0.0052468227,N-BEATS(L=90),1,test
2020-04-24,SPY,-4.8314056,0.007975303,-4.6203084,0.009849758,N-BEATS(L=90),1,test
2020-04-24,TLT,-5.069006,0.006288668,-4.812977,0.008123641,N-BEATS(L=90),1,test
2020-04-27,GLD,-4.823631,0.008037551,-5.56057,0.0038465841,N-BEATS(L=90),1,test
2020-04-27,SPY,-4.678086,0.009296793,-4.342066,0.013009625,N-BEATS(L=90),1,test
2020-04-27,TLT,-5.419077,0.004431235,-4.95541,0.0070451912,N-BEATS(L=90),1,test
2020-04-28,GLD,-5.0063324,0.0066954144,-5.3488817,0.004753464,N-BEATS(L=90),1,test
2020-04-28,SPY,-4.586018,0.010193367,-4.898032,0.0074612508,N-BEATS(L=90),1,test
2020-04-28,TLT,-4.6958776,0.009132849,-5.2880216,0.005051745,N-BEATS(L=90),1,test
2020-04-29,GLD,-4.550049,0.010566688,-5.2085433,0.0054696356,N-BEATS(L=90),1,test
2020-04-29,SPY,-4.4925933,0.011191583,-5.037832,0.0064878,N-BEATS(L=90),1,test
2020-04-29,TLT,-4.880774,0.0075911363,-5.216328,0.0054272204,N-BEATS(L=90),1,test
2020-04-30,GLD,-4.6567664,0.009497123,-4.9409523,0.007147788,N-BEATS(L=90),1,test
2020-04-30,SPY,-3.82084,0.021909392,-4.85593,0.0077820937,N-BEATS(L=90),1,test
2020-04-30,TLT,-4.982088,0.006859724,-5.0629253,0.0063270237,N-BEATS(L=90),1,test
2020-05-01,GLD,-5.385249,0.004583698,-4.7150435,0.008959476,N-BEATS(L=90),1,test
2020-05-01,SPY,-4.582234,0.010232014,-4.8503404,0.007825714,N-BEATS(L=90),1,test
2020-05-01,TLT,-5.327441,0.0048564808,-4.735012,0.008782343,N-BEATS(L=90),1,test
2020-05-04,GLD,-4.9522605,0.007067415,-4.946837,0.0071058497,N-BEATS(L=90),1,test
2020-05-04,SPY,-4.2947717,0.013639686,-4.550153,0.01056559,N-BEATS(L=90),1,test
2020-05-04,TLT,-5.5742407,0.0037943556,-4.784239,0.008360486,N-BEATS(L=90),1,test
2020-05-05,GLD,-4.878908,0.0076053133,-4.97771,0.006889824,N-BEATS(L=90),1,test
2020-05-05,SPY,-4.8128724,0.008124489,-4.634714,0.009708882,N-BEATS(L=90),1,test
2020-05-05,TLT,-4.9805794,0.006870081,-4.9962726,0.006763109,N-BEATS(L=90),1,test
2020-05-06,GLD,-4.73358,0.008794928,-4.94104,0.0071471613,N-BEATS(L=90),1,test
2020-05-06,SPY,-5.0368195,0.006494371,-4.862453,0.0077314954,N-BEATS(L=90),1,test
2020-05-06,TLT,-4.753738,0.0086194165,-4.6218624,0.009834463,N-BEATS(L=90),1,test
2020-05-07,GLD,-4.7789035,0.00840521,-5.241894,0.005290229,N-BEATS(L=90),1,test
2020-05-07,SPY,-4.972656,0.006924733,-4.347785,0.012935433,N-BEATS(L=90),1,test
2020-05-07,TLT,-4.9427004,0.007135304,-4.69828,0.009110936,N-BEATS(L=90),1,test
2020-05-08,GLD,-4.931478,0.00721583,-4.814924,0.00810784,N-BEATS(L=90),1,test
2020-05-08,SPY,-4.727086,0.0088522285,-4.6072226,0.009979498,N-BEATS(L=90),1,test
2020-05-08,TLT,-4.7760925,0.008428871,-4.812285,0.008129263,N-BEATS(L=90),1,test
2020-05-11,GLD,-5.234427,0.0053298776,-5.1395335,0.0058604227,N-BEATS(L=90),1,test
2020-05-11,SPY,-4.5101156,0.010997188,-4.591356,0.010139102,N-BEATS(L=90),1,test
2020-05-11,TLT,-5.074414,0.006254752,-4.54014,0.010671911,N-BEATS(L=90),1,test
2020-05-12,GLD,-5.509342,0.00404877,-4.940815,0.00714877,N-BEATS(L=90),1,test
2020-05-12,SPY,-4.012301,0.01809172,-4.5783815,0.010271507,N-BEATS(L=90),1,test
2020-05-12,TLT,-5.112266,0.0060224202,-4.7172446,0.0089397775,N-BEATS(L=90),1,test
2020-05-13,GLD,-5.1853576,0.0055979346,-4.934304,0.0071954657,N-BEATS(L=90),1,test
2020-05-13,SPY,-3.5862455,0.027702142,-4.7175283,0.0089372415,N-BEATS(L=90),1,test
2020-05-13,TLT,-5.3833485,0.0045924187,-4.841777,0.007893017,N-BEATS(L=90),1,test
2020-05-14,GLD,-4.9047985,0.007410936,-4.504586,0.011058165,N-BEATS(L=90),1,test
2020-05-14,SPY,-4.707511,0.009027218,-4.8498664,0.007829424,N-BEATS(L=90),1,test
2020-05-14,TLT,-4.967668,0.0069593578,-5.0535374,0.0063867015,N-BEATS(L=90),1,test
2020-05-15,GLD,-5.0284834,0.006548735,-5.0098276,0.0066720536,N-BEATS(L=90),1,test
2020-05-15,SPY,-4.7330866,0.00879927,-4.386783,0.012440685,N-BEATS(L=90),1,test
2020-05-15,TLT,-4.721682,0.008900195,-4.7624984,0.008544236,N-BEATS(L=90),1,test
2020-05-18,GLD,-5.2109494,0.005456491,-5.1881323,0.0055824234,N-BEATS(L=90),1,test
2020-05-18,SPY,-4.720116,0.008914143,-4.2408776,0.014394953,N-BEATS(L=90),1,test
2020-05-18,TLT,-5.8033457,0.0030174425,-4.5461516,0.010607949,N-BEATS(L=90),1,test
2020-05-19,GLD,-5.38545,0.004582778,-4.8798995,0.0075977775,N-BEATS(L=90),1,test
2020-05-19,SPY,-5.305898,0.0049622394,-4.2973757,0.013604214,N-BEATS(L=90),1,test
2020-05-19,TLT,-4.973348,0.0069199405,-5.141729,0.0058475714,N-BEATS(L=90),1,test
2020-05-20,GLD,-4.775103,0.008437214,-5.024383,0.006575642,N-BEATS(L=90),1,test
2020-05-20,SPY,-4.7524004,0.008630953,-4.1300373,0.01608228,N-BEATS(L=90),1,test
2020-05-20,TLT,-5.4151616,0.0044486187,-4.873685,0.007645142,N-BEATS(L=90),1,test
2020-05-21,GLD,-5.8416705,0.0029039874,-5.0244236,0.0065753753,N-BEATS(L=90),1,test
2020-05-21,SPY,-5.2048025,0.0054901345,-4.423513,0.011992031,N-BEATS(L=90),1,test
2020-05-21,TLT,-5.6984305,0.0033512209,-4.7200294,0.008914917,N-BEATS(L=90),1,test
2020-05-22,GLD,-5.275141,0.005117236,-5.2782555,0.0051013227,N-BEATS(L=90),1,test
2020-05-22,SPY,-4.213481,0.014794779,-4.613774,0.009914333,N-BEATS(L=90),1,test
2020-05-22,TLT,-5.7464266,0.0031941745,-5.3028054,0.00497761,N-BEATS(L=90),1,test
2020-05-26,GLD,-5.032071,0.006525282,-5.223244,0.005389815,N-BEATS(L=90),1,test
2020-05-26,SPY,-4.1660414,0.015513551,-4.2693543,0.013990814,N-BEATS(L=90),1,test
2020-05-26,TLT,-5.1772046,0.005643761,-5.047538,0.006425134,N-BEATS(L=90),1,test
2020-05-27,GLD,-5.013475,0.0066477624,-4.983592,0.006849415,N-BEATS(L=90),1,test
2020-05-27,SPY,-4.593951,0.010112821,-4.5347857,0.010729206,N-BEATS(L=90),1,test
2020-05-27,TLT,-5.64444,0.003537128,-5.4264874,0.0043985187,N-BEATS(L=90),1,test
2020-05-28,GLD,-5.4000015,0.004516574,-5.505496,0.0040643723,N-BEATS(L=90),1,test
2020-05-28,SPY,-4.400812,0.012267373,-4.4131,0.012117558,N-BEATS(L=90),1,test
2020-05-28,TLT,-4.997968,0.006751651,-5.3438096,0.004777635,N-BEATS(L=90),1,test
2020-05-29,GLD,-5.272263,0.0051319837,-5.47346,0.0041966857,N-BEATS(L=90),1,test
2020-05-29,SPY,-5.089608,0.006160433,-4.899682,0.0074489512,N-BEATS(L=90),1,test
2020-05-29,TLT,-5.7173963,0.0032882616,-5.6091437,0.0036642055,N-BEATS(L=90),1,test
2020-06-01,GLD,-4.793157,0.008286255,-5.4252405,0.004404007,N-BEATS(L=90),1,test
2020-06-01,SPY,-5.0727315,0.006265283,-4.959174,0.0070187217,N-BEATS(L=90),1,test
2020-06-01,TLT,-5.606705,0.0036731518,-5.3497214,0.0047494737,N-BEATS(L=90),1,test
2020-06-02,GLD,-4.739873,0.008739756,-5.600503,0.0036960042,N-BEATS(L=90),1,test
2020-06-02,SPY,-5.0583596,0.006355977,-4.9369345,0.0071765645,N-BEATS(L=90),1,test
2020-06-02,TLT,-5.179313,0.0056318734,-5.436801,0.0043533877,N-BEATS(L=90),1,test
2020-06-03,GLD,-4.720861,0.008907506,-5.256808,0.005211916,N-BEATS(L=90),1,test
2020-06-03,SPY,-4.7219586,0.008897734,-4.777346,0.00841831,N-BEATS(L=90),1,test
2020-06-03,TLT,-5.3598304,0.0047017033,-5.3977356,0.00452682,N-BEATS(L=90),1,test
2020-06-04,GLD,-4.963355,0.0069894386,-5.300104,0.004991074,N-BEATS(L=90),1,test
2020-06-04,SPY,-4.8135924,0.008118642,-4.6938267,0.009151598,N-BEATS(L=90),1,test
2020-06-04,TLT,-4.3953857,0.012334121,-5.4759817,0.004186117,N-BEATS(L=90),1,test
2020-06-05,GLD,-5.2434564,0.005281969,-5.0791,0.0062255086,N-BEATS(L=90),1,test
2020-06-05,SPY,-5.116482,0.005997085,-4.7023063,0.009074325,N-BEATS(L=90),1,test
2020-06-05,TLT,-5.321687,0.0048845056,-5.577913,0.0037804479,N-BEATS(L=90),1,test
2020-06-08,GLD,-5.5364056,0.003940666,-4.977383,0.0068920744,N-BEATS(L=90),1,test
2020-06-08,SPY,-4.759006,0.008574127,-4.6518536,0.009543896,N-BEATS(L=90),1,test
2020-06-08,TLT,-5.1952853,0.0055426345,-5.2821174,0.0050816596,N-BEATS(L=90),1,test
2020-06-09,GLD,-4.3937426,0.012354406,-4.956538,0.007037247,N-BEATS(L=90),1,test
2020-06-09,SPY,-4.838703,0.007917315,-4.8055105,0.008184521,N-BEATS(L=90),1,test
2020-06-09,TLT,-5.237083,0.0053157406,-5.4168086,0.004441298,N-BEATS(L=90),1,test
2020-06-10,GLD,-4.792381,0.008292691,-4.798311,0.008243657,N-BEATS(L=90),1,test
2020-06-10,SPY,-4.0540004,0.017352818,-5.0181055,0.0066170506,N-BEATS(L=90),1,test
2020-06-10,TLT,-5.0366335,0.006495579,-4.7833657,0.008367788,N-BEATS(L=90),1,test
2020-06-11,GLD,-5.326498,0.0048610633,-4.927025,0.007248035,N-BEATS(L=90),1,test
2020-06-11,SPY,-3.773156,0.022979427,-4.799283,0.008235649,N-BEATS(L=90),1,test
2020-06-11,TLT,-4.9650087,0.0069778897,-5.1775208,0.005641977,N-BEATS(L=90),1,test
2020-06-12,GLD,-4.8438005,0.00787706,-5.0122848,0.0066556796,N-BEATS(L=90),1,test
2020-06-12,SPY,-3.9329596,0.019585622,-4.628334,0.009771024,N-BEATS(L=90),1,test
2020-06-12,TLT,-4.9661155,0.0069701714,-5.5561457,0.0038636394,N-BEATS(L=90),1,test
2020-06-15,GLD,-5.185347,0.0055979933,-5.036028,0.006499514,N-BEATS(L=90),1,test
2020-06-15,SPY,-4.05224,0.017383395,-5.0003767,0.006735409,N-BEATS(L=90),1,test
2020-06-15,TLT,-4.50805,0.011019928,-5.074535,0.0062539945,N-BEATS(L=90),1,test
2020-06-16,GLD,-5.8018794,0.00302187,-4.6415777,0.0096424725,N-BEATS(L=90),1,test
2020-06-16,SPY,-5.053051,0.0063898084,-4.406923,0.0121926395,N-BEATS(L=90),1,test
2020-06-16,TLT,-5.080475,0.0062169563,-4.8389125,0.007915658,N-BEATS(L=90),1,test
2020-06-17,GLD,-5.56205,0.003840895,-4.527657,0.0108059645,N-BEATS(L=90),1,test
2020-06-17,SPY,-5.2462525,0.00526722,-4.4926467,0.011190985,N-BEATS(L=90),1,test
2020-06-17,TLT,-5.5990124,0.0037015176,-4.590014,0.010152716,N-BEATS(L=90),1,test
2020-06-18,GLD,-5.6382585,0.0035590613,-5.194394,0.0055475766,N-BEATS(L=90),1,test
2020-06-18,SPY,-4.26391,0.014067194,-5.073223,0.0062622037,N-BEATS(L=90),1,test
2020-06-18,TLT,-5.4150457,0.004449134,-4.765583,0.008517921,N-BEATS(L=90),1,test
2020-06-19,GLD,-5.175512,0.0056533227,-5.5490613,0.003891108,N-BEATS(L=90),1,test
2020-06-19,SPY,-4.7909822,0.008304296,-4.811186,0.008138203,N-BEATS(L=90),1,test
2020-06-19,TLT,-5.2876806,0.0050534676,-4.862573,0.0077305664,N-BEATS(L=90),1,test
2020-06-22,GLD,-5.866842,0.0028318027,-5.7529945,0.0031732642,N-BEATS(L=90),1,test
2020-06-22,SPY,-5.138379,0.005867192,-4.9881816,0.0068180514,N-BEATS(L=90),1,test
2020-06-22,TLT,-5.50791,0.0040545734,-5.19968,0.0055183307,N-BEATS(L=90),1,test
2020-06-23,GLD,-5.0300717,0.0065383418,-4.918644,0.0073090354,N-BEATS(L=90),1,test
2020-06-23,SPY,-4.164484,0.0155377295,-4.7273417,0.008849966,N-BEATS(L=90),1,test
2020-06-23,TLT,-5.5961337,0.0037121885,-4.8156514,0.008101943,N-BEATS(L=90),1,test
2020-06-24,GLD,-5.749009,0.003185936,-4.796446,0.008259049,N-BEATS(L=90),1,test
2020-06-24,SPY,-4.3833,0.012484095,-4.638717,0.009670095,N-BEATS(L=90),1,test
2020-06-24,TLT,-5.7794538,0.003090403,-5.357703,0.0047117155,N-BEATS(L=90),1,test
2020-06-25,GLD,-4.853507,0.007800971,-4.9407835,0.007148995,N-BEATS(L=90),1,test
2020-06-25,SPY,-4.567688,0.010381935,-4.8688936,0.0076818597,N-BEATS(L=90),1,test
2020-06-25,TLT,-5.7712326,0.0031159145,-4.8776145,0.0076151583,N-BEATS(L=90),1,test
2020-06-26,GLD,-5.94447,0.002620291,-5.2653956,0.0051673483,N-BEATS(L=90),1,test
2020-06-26,SPY,-4.4441614,0.011746952,-4.8636284,0.007722413,N-BEATS(L=90),1,test
2020-06-26,TLT,-5.5750666,0.0037912233,-5.0095644,0.0066738096,N-BEATS(L=90),1,test
2020-06-29,GLD,-5.0337906,0.0065140715,-5.256067,0.005215779,N-BEATS(L=90),1,test
2020-06-29,SPY,-4.446868,0.011715203,-4.999341,0.0067423885,N-BEATS(L=90),1,test
2020-06-29,TLT,-5.1088667,0.0060429275,-5.3077345,0.0049531353,N-BEATS(L=90),1,test
2020-06-30,GLD,-4.941985,0.0071404097,-5.3050714,0.0049663438,N-BEATS(L=90),1,test
2020-06-30,SPY,-5.093961,0.006133678,-5.299503,0.004994076,N-BEATS(L=90),1,test
2020-06-30,TLT,-5.1736584,0.0056638108,-5.2913723,0.0050348463,N-BEATS(L=90),1,test
2020-07-01,GLD,-5.453357,0.004281905,-5.4831486,0.004156223,N-BEATS(L=90),1,test
2020-07-01,SPY,-4.7601233,0.008564554,-5.033329,0.006517079,N-BEATS(L=90),1,test
2020-07-01,TLT,-5.193151,0.005554477,-5.308666,0.0049485224,N-BEATS(L=90),1,test
2020-07-02,GLD,-5.7108965,0.0033097041,-5.1143036,0.0060101617,N-BEATS(L=90),1,test
2020-07-02,SPY,-5.3942447,0.00454265,-4.835395,0.007943551,N-BEATS(L=90),1,test
2020-07-02,TLT,-5.2884264,0.0050497004,-5.3997397,0.0045177564,N-BEATS(L=90),1,test
2020-07-06,GLD,-5.6477904,0.0035252976,-5.646976,0.0035281698,N-BEATS(L=90),1,test
2020-07-06,SPY,-4.738786,0.00874926,-5.3694596,0.004656647,N-BEATS(L=90),1,test
2020-07-06,TLT,-5.0757947,0.0062461207,-5.202397,0.005503358,N-BEATS(L=90),1,test
2020-07-07,GLD,-5.4251466,0.0044044205,-5.262456,0.005182561,N-BEATS(L=90),1,test
2020-07-07,SPY,-4.8955956,0.0074794535,-4.813312,0.008120919,N-BEATS(L=90),1,test
2020-07-07,TLT,-5.380035,0.004607661,-4.95149,0.007072863,N-BEATS(L=90),1,test
2020-07-08,GLD,-4.9476633,0.00709998,-5.147182,0.0058157705,N-BEATS(L=90),1,test
2020-07-08,SPY,-4.2956624,0.013627542,-5.1958632,0.005539432,N-BEATS(L=90),1,test
2020-07-08,TLT,-4.869563,0.0076767183,-5.5467873,0.0038999666,N-BEATS(L=90),1,test
2020-07-09,GLD,-5.1193743,0.0059797633,-5.544208,0.0039100386,N-BEATS(L=90),1,test
2020-07-09,SPY,-4.6567383,0.00949739,-5.1226773,0.0059600445,N-BEATS(L=90),1,test
2020-07-09,TLT,-5.077408,0.006236053,-5.4757085,0.0041872608,N-BEATS(L=90),1,test
2020-07-10,GLD,-5.493268,0.0041143764,-5.1776166,0.005641436,N-BEATS(L=90),1,test
2020-07-10,SPY,-4.1355143,0.015994437,-5.0135446,0.0066473,N-BEATS(L=90),1,test
2020-07-10,TLT,-5.2486844,0.0052544265,-5.227419,0.005367361,N-BEATS(L=90),1,test
2020-07-13,GLD,-5.6016374,0.003691814,-5.13144,0.005908046,N-BEATS(L=90),1,test
2020-07-13,SPY,-4.31218,0.013404296,-5.2428284,0.005285287,N-BEATS(L=90),1,test
2020-07-13,TLT,-5.555978,0.003864288,-5.0310836,0.006531729,N-BEATS(L=90),1,test
2020-07-14,GLD,-5.673638,0.0034353451,-5.473815,0.004195197,N-BEATS(L=90),1,test
2020-07-14,SPY,-4.79995,0.008230157,-5.1619496,0.0057305163,N-BEATS(L=90),1,test
2020-07-14,TLT,-5.405277,0.004492811,-5.1036625,0.0060744584,N-BEATS(L=90),1,test
2020-07-15,GLD,-5.5107408,0.004043111,-5.3991776,0.004520297,N-BEATS(L=90),1,test
2020-07-15,SPY,-5.4193263,0.00443013,-5.0604095,0.0063429615,N-BEATS(L=90),1,test
2020-07-15,TLT,-5.837627,0.0029157538,-5.558421,0.003854858,N-BEATS(L=90),1,test
2020-07-16,GLD,-5.927084,0.0026662454,-5.4534264,0.0042816093,N-BEATS(L=90),1,test
2020-07-16,SPY,-5.0794396,0.0062233955,-4.8532043,0.0078033335,N-BEATS(L=90),1,test
2020-07-16,TLT,-5.6573124,0.0034918892,-5.4845138,0.0041505527,N-BEATS(L=90),1,test
2020-07-17,GLD,-5.729351,0.0032491852,-5.6599636,0.0034826437,N-BEATS(L=90),1,test
2020-07-17,SPY,-4.8083277,0.008161497,-4.910244,0.00737069,N-BEATS(L=90),1,test
2020-07-17,TLT,-5.7267566,0.003257626,-5.314226,0.0049210857,N-BEATS(L=90),1,test
2020-07-20,GLD,-5.6677904,0.003455492,-5.499756,0.0040877694,N-BEATS(L=90),1,test
2020-07-20,SPY,-5.134998,0.005887064,-4.9284143,0.0072379713,N-BEATS(L=90),1,test
2020-07-20,TLT,-5.913341,0.0027031405,-5.1463966,0.00582034,N-BEATS(L=90),1,test
2020-07-21,GLD,-5.1359234,0.005881618,-5.264476,0.0051721036,N-BEATS(L=90),1,test
2020-07-21,SPY,-5.5195093,0.004007814,-4.817261,0.008088911,N-BEATS(L=90),1,test
2020-07-21,TLT,-5.9021916,0.0027334476,-5.696855,0.003356505,N-BEATS(L=90),1,test
2020-07-22,GLD,-4.562474,0.01043621,-5.538284,0.0039332714,N-BEATS(L=90),1,test
2020-07-22,SPY,-4.5484943,0.010583127,-4.8322387,0.007968662,N-BEATS(L=90),1,test
2020-07-22,TLT,-5.299126,0.004995958,-5.3989377,0.0045213816,N-BEATS(L=90),1,test
2020-07-23,GLD,-5.661268,0.003478103,-5.239163,0.0053046956,N-BEATS(L=90),1,test
2020-07-23,SPY,-5.1091213,0.006041389,-5.059487,0.0063488167,N-BEATS(L=90),1,test
2020-07-23,TLT,-5.663839,0.0034691736,-5.7480583,0.0031889668,N-BEATS(L=90),1,test
2020-07-24,GLD,-5.323396,0.004876165,-5.480221,0.0041684094,N-BEATS(L=90),1,test
2020-07-24,SPY,-5.3146267,0.0049191145,-5.363406,0.0046849214,N-BEATS(L=90),1,test
2020-07-24,TLT,-5.649796,0.0035182345,-5.695556,0.0033608675,N-BEATS(L=90),1,test
2020-07-27,GLD,-4.6801734,0.009277405,-5.2234726,0.0053885845,N-BEATS(L=90),1,test
2020-07-27,SPY,-5.1818233,0.0056177545,-5.094562,0.006129991,N-BEATS(L=90),1,test
2020-07-27,TLT,-5.9334345,0.002649367,-5.3910527,0.0045571732,N-BEATS(L=90),1,test
2020-07-28,GLD,-4.276737,0.013887902,-5.1541996,0.0057751006,N-BEATS(L=90),1,test
2020-07-28,SPY,-5.2022214,0.0055043236,-5.203151,0.005499208,N-BEATS(L=90),1,test
2020-07-28,TLT,-5.1376166,0.0058716675,-5.3324046,0.004832436,N-BEATS(L=90),1,test
2020-07-29,GLD,-4.7770543,0.008420767,-5.46276,0.004241832,N-BEATS(L=90),1,test
2020-07-29,SPY,-4.6361647,0.009694809,-5.2292895,0.00535733,N-BEATS(L=90),1,test
2020-07-29,TLT,-6.166991,0.0020975375,-5.5035853,0.004072145,N-BEATS(L=90),1,test
2020-07-30,GLD,-5.261128,0.005189448,-4.8590198,0.007758085,N-BEATS(L=90),1,test
2020-07-30,SPY,-4.464764,0.01150741,-5.066435,0.006304858,N-BEATS(L=90),1,test
2020-07-30,TLT,-5.206268,0.0054820958,-5.390831,0.0045581837,N-BEATS(L=90),1,test
2020-07-31,GLD,-5.138394,0.0058671054,-5.2176256,0.0054201833,N-BEATS(L=90),1,test
2020-07-31,SPY,-5.5295687,0.0039677,-4.9218345,0.0072857533,N-BEATS(L=90),1,test
2020-07-31,TLT,-5.693556,0.003367597,-5.425409,0.0044032657,N-BEATS(L=90),1,test
2020-08-03,GLD,-4.6026034,0.010025701,-5.185437,0.005597489,N-BEATS(L=90),1,test
2020-08-03,SPY,-6.0945406,0.002255146,-5.1509676,0.005793796,N-BEATS(L=90),1,test
2020-08-03,TLT,-6.063897,0.002325321,-5.329861,0.0048447424,N-BEATS(L=90),1,test
2020-08-04,GLD,-4.6886873,0.009198753,-4.876154,0.007626289,N-BEATS(L=90),1,test
2020-08-04,SPY,-6.082168,0.002283221,-5.3333364,0.0048279352,N-BEATS(L=90),1,test
2020-08-04,TLT,-5.6224236,0.0036158669,-5.533605,0.003951717,N-BEATS(L=90),1,test
2020-08-05,GLD,-4.9565797,0.007036955,-5.4229383,0.0044141575,N-BEATS(L=90),1,test
2020-08-05,SPY,-5.3679395,0.004663731,-5.052639,0.0063924417,N-BEATS(L=90),1,test
2020-08-05,TLT,-5.0214477,0.0065949727,-5.440678,0.0043365415,N-BEATS(L=90),1,test
2020-08-06,GLD,-4.428392,0.011933665,-5.0686507,0.0062909024,N-BEATS(L=90),1,test
2020-08-06,SPY,-5.3157516,0.0049135843,-5.4573917,0.004264665,N-BEATS(L=90),1,test
2020-08-06,TLT,-5.0975113,0.0061119385,-5.557776,0.0038573458,N-BEATS(L=90),1,test
2020-08-07,GLD,-4.569493,0.010363215,-5.039306,0.0064782416,N-BEATS(L=90),1,test
2020-08-07,SPY,-5.138433,0.005866876,-5.241392,0.005292883,N-BEATS(L=90),1,test
2020-08-07,TLT,-5.87119,0.002819516,-5.5060534,0.0040621073,N-BEATS(L=90),1,test
2020-08-10,GLD,-4.3718786,0.012627496,-5.0633874,0.006324101,N-BEATS(L=90),1,test
2020-08-10,SPY,-4.717262,0.008939624,-5.4722643,0.0042017074,N-BEATS(L=90),1,test
2020-08-10,TLT,-4.986971,0.006826311,-5.430126,0.004382543,N-BEATS(L=90),1,test
2020-08-11,GLD,-4.5765543,0.010290292,-5.0552225,0.006375948,N-BEATS(L=90),1,test
2020-08-11,SPY,-5.347752,0.0047588362,-5.1502905,0.0057977205,N-BEATS(L=90),1,test
2020-08-11,TLT,-5.3827777,0.004595041,-5.397777,0.004526632,N-BEATS(L=90),1,test
2020-08-12,GLD,-4.4734054,0.0114084,-5.3151655,0.004916465,N-BEATS(L=90),1,test
2020-08-12,SPY,-5.2862067,0.0050609214,-5.2295327,0.0053560273,N-BEATS(L=90),1,test
2020-08-12,TLT,-4.7435894,0.008707336,-5.0682445,0.006293459,N-BEATS(L=90),1,test
2020-08-13,GLD,-4.8188314,0.008076219,-5.3905177,0.0045596124,N-BEATS(L=90),1,test
2020-08-13,SPY,-5.5999618,0.003698005,-5.2741265,0.005122429,N-BEATS(L=90),1,test
2020-08-13,TLT,-5.642458,0.0035441464,-5.7925863,0.0030500835,N-BEATS(L=90),1,test
2020-08-14,GLD,-5.0246425,0.0065739364,-5.0101495,0.0066699064,N-BEATS(L=90),1,test
2020-08-14,SPY,-5.7698054,0.0031203646,-5.192176,0.005559896,N-BEATS(L=90),1,test
2020-08-14,TLT,-5.472201,0.004201974,-5.357283,0.0047136955,N-BEATS(L=90),1,test
2020-08-17,GLD,-4.280917,0.013829972,-5.109975,0.0060362346,N-BEATS(L=90),1,test
2020-08-17,SPY,-5.262513,0.0051822644,-5.306627,0.004958625,N-BEATS(L=90),1,test
2020-08-17,TLT,-5.8112583,0.0029936607,-5.3308306,0.0048400485,N-BEATS(L=90),1,test
2020-08-18,GLD,-4.2447686,0.014339051,-4.669802,0.009374124,N-BEATS(L=90),1,test
2020-08-18,SPY,-5.243261,0.005283002,-5.2552576,0.0052200016,N-BEATS(L=90),1,test
2020-08-18,TLT,-4.8582435,0.00776411,-5.4247875,0.0044060024,N-BEATS(L=90),1,test
2020-08-19,GLD,-4.9108715,0.007366066,-4.641877,0.009639585,N-BEATS(L=90),1,test
2020-08-19,SPY,-5.252675,0.0052334997,-5.385333,0.0045833136,N-BEATS(L=90),1,test
2020-08-19,TLT,-5.807516,0.0030048846,-5.651987,0.003510534,N-BEATS(L=90),1,test
2020-08-20,GLD,-4.6992874,0.009101761,-4.72521,0.00886885,N-BEATS(L=90),1,test
2020-08-20,SPY,-5.651439,0.003512458,-5.186075,0.0055939187,N-BEATS(L=90),1,test
2020-08-20,TLT,-5.221528,0.0053990725,-5.0261226,0.0065642134,N-BEATS(L=90),1,test
2020-08-21,GLD,-5.154483,0.005773465,-4.8658485,0.007705287,N-BEATS(L=90),1,test
2020-08-21,SPY,-4.9320216,0.0072119087,-5.4768324,0.0041825576,N-BEATS(L=90),1,test
2020-08-21,TLT,-5.4069986,0.0044850814,-5.651469,0.0035123525,N-BEATS(L=90),1,test
2020-08-24,GLD,-5.1277976,0.0059296056,-4.8001385,0.0082286075,N-BEATS(L=90),1,test
2020-08-24,SPY,-5.55925,0.0038516645,-5.098661,0.006104916,N-BEATS(L=90),1,test
2020-08-24,TLT,-5.2420626,0.0052893357,-5.266433,0.005161992,N-BEATS(L=90),1,test
2020-08-25,GLD,-4.8576307,0.0077688685,-5.2823486,0.005080485,N-BEATS(L=90),1,test
2020-08-25,SPY,-5.18421,0.0056043635,-5.2105465,0.0054586898,N-BEATS(L=90),1,test
2020-08-25,TLT,-5.3965936,0.0045319926,-5.020065,0.0066040987,N-BEATS(L=90),1,test
2020-08-26,GLD,-3.9881651,0.01853369,-4.7434115,0.008708885,N-BEATS(L=90),1,test
2020-08-26,SPY,-4.9855766,0.006835835,-5.761474,0.0031464698,N-BEATS(L=90),1,test
2020-08-26,TLT,-4.769541,0.008484275,-5.267205,0.0051580057,N-BEATS(L=90),1,test
2020-08-27,GLD,-4.8870664,0.00754352,-5.073392,0.0062611466,N-BEATS(L=90),1,test
2020-08-27,SPY,-5.3411274,0.0047904667,-5.338325,0.0048039104,N-BEATS(L=90),1,test
2020-08-27,TLT,-5.176074,0.0056501455,-5.4756236,0.0041876165,N-BEATS(L=90),1,test
2020-08-28,GLD,-5.3436646,0.004778328,-4.5460324,0.010609214,N-BEATS(L=90),1,test
2020-08-28,SPY,-5.489833,0.004128534,-5.3223143,0.004881444,N-BEATS(L=90),1,test
2020-08-28,TLT,-4.961702,0.007001003,-5.4186025,0.004433338,N-BEATS(L=90),1,test
2020-08-31,GLD,-4.8554153,0.007786099,-4.6178365,0.009874136,N-BEATS(L=90),1,test
2020-08-31,SPY,-5.1906743,0.005568251,-5.4723177,0.004201483,N-BEATS(L=90),1,test
2020-08-31,TLT,-4.6380105,0.0096769305,-5.117958,0.005988238,N-BEATS(L=90),1,test
2020-09-01,GLD,-4.7925158,0.008291571,-4.828039,0.008002196,N-BEATS(L=90),1,test
2020-09-01,SPY,-4.6944222,0.00914615,-4.917803,0.007315186,N-BEATS(L=90),1,test
2020-09-01,TLT,-5.258924,0.005200898,-5.29211,0.0050311335,N-BEATS(L=90),1,test
2020-09-02,GLD,-4.808996,0.008156043,-4.957366,0.0070314244,N-BEATS(L=90),1,test
2020-09-02,SPY,-3.8717818,0.020821236,-5.2455044,0.0052711624,N-BEATS(L=90),1,test
2020-09-02,TLT,-4.8751664,0.007633824,-5.097205,0.00611381,N-BEATS(L=90),1,test
2020-09-03,GLD,-4.873314,0.0076479786,-4.6243014,0.009810506,N-BEATS(L=90),1,test
2020-09-03,SPY,-3.6469834,0.026069652,-5.621298,0.00361994,N-BEATS(L=90),1,test
2020-09-03,TLT,-4.91012,0.0073716035,-5.169744,0.005686024,N-BEATS(L=90),1,test
2020-09-04,GLD,-4.4983664,0.01112716,-4.6171103,0.009881309,N-BEATS(L=90),1,test
2020-09-04,SPY,-3.9437876,0.019374693,-5.319815,0.004893658,N-BEATS(L=90),1,test
2020-09-04,TLT,-5.102385,0.006082223,-5.47674,0.0041829445,N-BEATS(L=90),1,test
2020-09-08,GLD,-5.6491976,0.0035203404,-4.7371693,0.008763418,N-BEATS(L=90),1,test
2020-09-08,SPY,-4.468118,0.011468878,-4.881453,0.0075859833,N-BEATS(L=90),1,test
2020-09-08,TLT,-5.1214023,0.0059676487,-5.252248,0.0052357363,N-BEATS(L=90),1,test
2020-09-09,GLD,-4.956275,0.0070391,-4.5815496,0.010239017,N-BEATS(L=90),1,test
2020-09-09,SPY,-4.263441,0.01407379,-4.6625085,0.009442746,N-BEATS(L=90),1,test
2020-09-09,TLT,-4.7994766,0.008234056,-5.1650424,0.0057128207,N-BEATS(L=90),1,test
2020-09-10,GLD,-5.2073135,0.005476366,-5.2836337,0.00507396,N-BEATS(L=90),1,test
2020-09-10,SPY,-4.405443,0.012210693,-5.1576447,0.0057552387,N-BEATS(L=90),1,test
2020-09-10,TLT,-6.2105145,0.0020082039,-5.302493,0.004979165,N-BEATS(L=90),1,test
2020-09-11,GLD,-5.7052402,0.0033284777,-5.1406894,0.005853653,N-BEATS(L=90),1,test
2020-09-11,SPY,-4.359073,0.012790237,-5.2686076,0.0051507773,N-BEATS(L=90),1,test
2020-09-11,TLT,-5.6709356,0.003444641,-5.3897057,0.0045633162,N-BEATS(L=90),1,test
2020-09-14,GLD,-5.1492333,0.005803853,-5.0567274,0.00636636,N-BEATS(L=90),1,test
2020-09-14,SPY,-4.9376745,0.0071712555,-5.1821046,0.005616174,N-BEATS(L=90),1,test
2020-09-14,TLT,-5.8413057,0.002905047,-5.36892,0.004659161,N-BEATS(L=90),1,test
2020-09-15,GLD,-5.206717,0.005479634,-5.031723,0.006527554,N-BEATS(L=90),1,test
2020-09-15,SPY,-4.823777,0.008036375,-5.118416,0.0059854975,N-BEATS(L=90),1,test
2020-09-15,TLT,-4.9801617,0.0068729515,-5.2144756,0.005437284,N-BEATS(L=90),1,test
2020-09-16,GLD,-5.2700834,0.0051431814,-4.9355416,0.0071865674,N-BEATS(L=90),1,test
2020-09-16,SPY,-4.7123075,0.008984024,-4.8843203,0.007564264,N-BEATS(L=90),1,test
2020-09-16,TLT,-5.5438304,0.003911515,-5.7133813,0.0033014903,N-BEATS(L=90),1,test
2020-09-17,GLD,-5.1896076,0.005574194,-5.3602924,0.0046995315,N-BEATS(L=90),1,test
2020-09-17,SPY,-4.3130674,0.0133924065,-4.9385767,0.007164789,N-BEATS(L=90),1,test
2020-09-17,TLT,-5.7605567,0.0031493579,-5.4694395,0.004213593,N-BEATS(L=90),1,test
2020-09-18,GLD,-4.2702417,0.013978404,-5.278985,0.005097602,N-BEATS(L=90),1,test
2020-09-18,SPY,-4.463798,0.011518532,-5.0037003,0.006713061,N-BEATS(L=90),1,test
2020-09-18,TLT,-5.2822394,0.0050810394,-5.387761,0.0045721987,N-BEATS(L=90),1,test
2020-09-21,GLD,-5.0007977,0.0067325737,-5.448951,0.004300815,N-BEATS(L=90),1,test
2020-09-21,SPY,-4.5707154,0.010350552,-4.9782043,0.0068864175,N-BEATS(L=90),1,test
2020-09-21,TLT,-5.4498286,0.004297041,-5.628712,0.0035931997,N-BEATS(L=90),1,test
2020-09-22,GLD,-4.5958223,0.010093917,-5.0220675,0.0065908856,N-BEATS(L=90),1,test
2020-09-22,SPY,-4.432498,0.011884765,-4.918215,0.007312173,N-BEATS(L=90),1,test
2020-09-22,TLT,-5.410424,0.0044697435,-5.409758,0.0044727223,N-BEATS(L=90),1,test
2020-09-23,GLD,-4.6871676,0.009212743,-5.2354593,0.005324378,N-BEATS(L=90),1,test
2020-09-23,SPY,-4.222222,0.014666023,-4.9338937,0.0071984204,N-BEATS(L=90),1,test
2020-09-23,TLT,-6.185992,0.0020580594,-5.0699377,0.0062828115,N-BEATS(L=90),1,test
2020-09-24,GLD,-5.2231827,0.0053901467,-5.155835,0.005765663,N-BEATS(L=90),1,test
2020-09-24,SPY,-4.3715367,0.012631814,-4.6371493,0.009685268,N-BEATS(L=90),1,test
2020-09-24,TLT,-5.7954903,0.003041239,-5.5423717,0.003917225,N-BEATS(L=90),1,test
2020-09-25,GLD,-5.084112,0.0061943843,-5.2731986,0.0051271846,N-BEATS(L=90),1,test
2020-09-25,SPY,-5.1714354,0.0056764153,-4.961684,0.007001126,N-BEATS(L=90),1,test
2020-09-25,TLT,-6.156496,0.0021196676,-5.7632,0.0031410449,N-BEATS(L=90),1,test
2020-09-28,GLD,-5.464218,0.0042356513,-4.8475223,0.007847798,N-BEATS(L=90),1,test
2020-09-28,SPY,-5.119064,0.00598162,-4.7502933,0.008649158,N-BEATS(L=90),1,test
2020-09-28,TLT,-5.8389015,0.0029120396,-5.4220333,0.0044181542,N-BEATS(L=90),1,test
2020-09-29,GLD,-4.8952384,0.0074821254,-5.1852508,0.0055985325,N-BEATS(L=90),1,test
2020-09-29,SPY,-4.5193276,0.010896347,-4.8076577,0.008166967,N-BEATS(L=90),1,test
2020-09-29,TLT,-5.1822333,0.0056154514,-5.5340085,0.003950123,N-BEATS(L=90),1,test
2020-09-30,GLD,-5.1542454,0.005774836,-5.313668,0.004923834,N-BEATS(L=90),1,test
2020-09-30,SPY,-4.8617077,0.00773726,-4.630701,0.009747922,N-BEATS(L=90),1,test
2020-09-30,TLT,-5.0614104,0.006336616,-5.4789033,0.0041739047,N-BEATS(L=90),1,test
2020-10-01,GLD,-5.4170732,0.0044401227,-4.7082787,0.009020291,N-BEATS(L=90),1,test
2020-10-01,SPY,-4.4523125,0.011651591,-4.4032955,0.012236946,N-BEATS(L=90),1,test
2020-10-01,TLT,-5.1893177,0.00557581,-5.422895,0.004414349,N-BEATS(L=90),1,test
2020-10-02,GLD,-5.361632,0.0046932413,-5.072888,0.0062643033,N-BEATS(L=90),1,test
2020-10-02,SPY,-5.362761,0.004687945,-4.0757604,0.0169793,N-BEATS(L=90),1,test
2020-10-02,TLT,-5.700733,0.0033435132,-5.4299917,0.004383132,N-BEATS(L=90),1,test
2020-10-05,GLD,-4.7580614,0.008582231,-5.0304513,0.0065358602,N-BEATS(L=90),1,test
2020-10-05,SPY,-4.3084173,0.0134548275,-4.3104544,0.0134274475,N-BEATS(L=90),1,test
2020-10-05,TLT,-4.4848547,0.011278526,-5.6969185,0.003356292,N-BEATS(L=90),1,test
2020-10-06,GLD,-5.53903,0.0039303373,-5.1610365,0.0057357517,N-BEATS(L=90),1,test
2020-10-06,SPY,-5.192685,0.0055570654,-4.563582,0.010424651,N-BEATS(L=90),1,test
2020-10-06,TLT,-4.9893394,0.006810162,-5.4604573,0.004251611,N-BEATS(L=90),1,test
2020-10-07,GLD,-4.962647,0.0069943895,-4.9776855,0.0068899915,N-BEATS(L=90),1,test
2020-10-07,SPY,-5.5878615,0.0037430236,-4.762172,0.008547023,N-BEATS(L=90),1,test
2020-10-07,TLT,-5.974686,0.0025423,-5.7274117,0.0032554923,N-BEATS(L=90),1,test
2020-10-08,GLD,-5.6292877,0.0035911324,-5.2906485,0.005038492,N-BEATS(L=90),1,test
2020-10-08,SPY,-5.412547,0.004460265,-4.79115,0.008302903,N-BEATS(L=90),1,test
2020-10-08,TLT,-5.1028404,0.006079454,-5.5056467,0.0040637595,N-BEATS(L=90),1,test
2020-10-09,GLD,-5.9887414,0.0025068172,-5.1234345,0.005955533,N-BEATS(L=90),1,test
2020-10-09,SPY,-4.7540264,0.00861693,-4.985363,0.0068372954,N-BEATS(L=90),1,test
2020-10-09,TLT,-6.0218954,0.0024250688,-5.229784,0.0053546815,N-BEATS(L=90),1,test
2020-10-12,GLD,-5.260244,0.0051940377,-5.394349,0.004542176,N-BEATS(L=90),1,test
2020-10-12,SPY,-5.175715,0.0056521744,-5.1366444,0.005877379,N-BEATS(L=90),1,test
2020-10-12,TLT,-6.242975,0.0019440629,-5.2181034,0.005417594,N-BEATS(L=90),1,test
2020-10-13,GLD,-5.433545,0.004367585,-5.2967687,0.0050077494,N-BEATS(L=90),1,test
2020-10-13,SPY,-4.792675,0.008290251,-4.520494,0.010883646,N-BEATS(L=90),1,test
2020-10-13,TLT,-5.713717,0.0033003823,-5.778937,0.003092001,N-BEATS(L=90),1,test
2020-10-14,GLD,-5.3985653,0.0045230654,-5.1843066,0.005603821,N-BEATS(L=90),1,test
2020-10-14,SPY,-4.916403,0.0073254346,-4.5393724,0.0106801065,N-BEATS(L=90),1,test
2020-10-14,TLT,-5.3092694,0.0049455385,-5.193284,0.005553738,N-BEATS(L=90),1,test
2020-10-15,GLD,-5.6680293,0.0034546666,-5.4967046,0.0041002613,N-BEATS(L=90),1,test
2020-10-15,SPY,-4.9953456,0.0067693815,-5.0668736,0.0063020927,N-BEATS(L=90),1,test
2020-10-15,TLT,-5.252855,0.005232559,-5.6498027,0.003518211,N-BEATS(L=90),1,test
2020-10-16,GLD,-5.957772,0.002585667,-5.251967,0.005237207,N-BEATS(L=90),1,test
2020-10-16,SPY,-4.417372,0.012065897,-4.9426637,0.0071355663,N-BEATS(L=90),1,test
2020-10-16,TLT,-5.533781,0.003951022,-5.437262,0.0043513807,N-BEATS(L=90),1,test
2020-10-19,GLD,-5.153153,0.0057811486,-5.398794,0.0045220302,N-BEATS(L=90),1,test
2020-10-19,SPY,-4.744987,0.008695175,-5.0185575,0.00661406,N-BEATS(L=90),1,test
2020-10-19,TLT,-5.507821,0.0040549333,-5.1812053,0.0056212274,N-BEATS(L=90),1,test
2020-10-20,GLD,-5.472477,0.004200814,-5.2418585,0.0052904156,N-BEATS(L=90),1,test
2020-10-20,SPY,-5.015768,0.0066325357,-4.9486504,0.0070929755,N-BEATS(L=90),1,test
2020-10-20,TLT,-5.4178,0.004436897,-5.308037,0.004951638,N-BEATS(L=90),1,test
2020-10-21,GLD,-5.260992,0.005190153,-5.6593466,0.0034847932,N-BEATS(L=90),1,test
2020-10-21,SPY,-4.712567,0.008981694,-4.8939795,0.00749155,N-BEATS(L=90),1,test
2020-10-21,TLT,-5.183711,0.0056071593,-5.5038595,0.004071029,N-BEATS(L=90),1,test
2020-10-22,GLD,-5.2054462,0.0054866015,-4.9637895,0.006986403,N-BEATS(L=90),1,test
2020-10-22,SPY,-5.1390753,0.005863109,-4.8145223,0.008111096,N-BEATS(L=90),1,test
2020-10-22,TLT,-5.3968897,0.0045306506,-4.8503675,0.0078255,N-BEATS(L=90),1,test
2020-10-23,GLD,-5.634155,0.0035736964,-5.2909636,0.005036904,N-BEATS(L=90),1,test
2020-10-23,SPY,-4.233467,0.014502023,-5.0360384,0.0064994455,N-BEATS(L=90),1,test
2020-10-23,TLT,-5.437205,0.00435163,-5.2627997,0.0051807794,N-BEATS(L=90),1,test
2020-10-26,GLD,-5.6631327,0.0034716243,-5.2588096,0.005201493,N-BEATS(L=90),1,test
2020-10-26,SPY,-5.6753793,0.0034293681,-5.1771407,0.0056441217,N-BEATS(L=90),1,test
2020-10-26,TLT,-5.712656,0.0033038857,-5.026787,0.006559855,N-BEATS(L=90),1,test
2020-10-27,GLD,-5.1945515,0.0055467035,-5.5338187,0.003950873,N-BEATS(L=90),1,test
2020-10-27,SPY,-3.743471,0.023671798,-4.7137146,0.00897139,N-BEATS(L=90),1,test
2020-10-27,TLT,-5.3228793,0.0048786863,-5.5607576,0.0038458614,N-BEATS(L=90),1,test
2020-10-28,GLD,-5.2778134,0.005103578,-5.5357,0.003943448,N-BEATS(L=90),1,test
2020-10-28,SPY,-4.0818596,0.016876053,-4.994436,0.006775543,N-BEATS(L=90),1,test
2020-10-28,TLT,-4.77583,0.008431085,-5.708206,0.0033186201,N-BEATS(L=90),1,test
2020-10-29,GLD,-5.410629,0.0044688294,-5.56775,0.0038190638,N-BEATS(L=90),1,test
2020-10-29,SPY,-4.1988263,0.015013187,-4.834193,0.007953102,N-BEATS(L=90),1,test
2020-10-29,TLT,-5.2032876,0.005498458,-5.156389,0.005762469,N-BEATS(L=90),1,test
2020-10-30,GLD,-5.8960695,0.0027502333,-5.3563514,0.0047180895,N-BEATS(L=90),1,test
2020-10-30,SPY,-4.5118866,0.01097773,-4.174753,0.0153789865,N-BEATS(L=90),1,test
2020-10-30,TLT,-5.5723763,0.0038014366,-5.423872,0.004410038,N-BEATS(L=90),1,test
2020-11-02,GLD,-5.447208,0.004308317,-5.48001,0.004169288,N-BEATS(L=90),1,test
2020-11-02,SPY,-4.118468,0.016269423,-4.542839,0.010643147,N-BEATS(L=90),1,test
2020-11-02,TLT,-5.4839187,0.0041530235,-4.8520823,0.007812094,N-BEATS(L=90),1,test
2020-11-03,GLD,-5.107459,0.00605144,-5.6188817,0.0036286968,N-BEATS(L=90),1,test
2020-11-03,SPY,-4.1060805,0.016472211,-4.5520086,0.010546,N-BEATS(L=90),1,test
2020-11-03,TLT,-4.989394,0.0068097888,-5.399252,0.004519961,N-BEATS(L=90),1,test
2020-11-04,GLD,-5.0932612,0.00613797,-5.8229017,0.0029590065,N-BEATS(L=90),1,test
2020-11-04,SPY,-5.039297,0.0064783003,-4.9227514,0.007279075,N-BEATS(L=90),1,test
2020-11-04,TLT,-5.3034735,0.0049742856,-5.2695336,0.00514601,N-BEATS(L=90),1,test
2020-11-05,GLD,-5.272155,0.005132539,-5.354477,0.004726941,N-BEATS(L=90),1,test
2020-11-05,SPY,-4.8539944,0.0077971704,-5.0417414,0.006462485,N-BEATS(L=90),1,test
2020-11-05,TLT,-5.456422,0.0042688027,-5.5641813,0.003832717,N-BEATS(L=90),1,test
2020-11-06,GLD,-4.574159,0.010314969,-5.1930785,0.0055548795,N-BEATS(L=90),1,test
2020-11-06,SPY,-4.410202,0.012152723,-5.0762887,0.0062430357,N-BEATS(L=90),1,test
2020-11-06,TLT,-4.975146,0.0069075115,-5.33322,0.0048284973,N-BEATS(L=90),1,test
2020-11-09,GLD,-5.738885,0.003218355,-5.450529,0.004294032,N-BEATS(L=90),1,test
2020-11-09,SPY,-4.6767917,0.009308832,-4.68635,0.00922028,N-BEATS(L=90),1,test
2020-11-09,TLT,-5.377165,0.0046209046,-5.39126,0.0045562284,N-BEATS(L=90),1,test
2020-11-10,GLD,-5.707323,0.0033215522,-4.8809185,0.007590039,N-BEATS(L=90),1,test
2020-11-10,SPY,-5.3106008,0.0049389587,-4.5789514,0.010265656,N-BEATS(L=90),1,test
2020-11-10,TLT,-5.681121,0.0034097345,-5.842766,0.0029008084,N-BEATS(L=90),1,test
2020-11-11,GLD,-5.5942245,0.0037192828,-5.4095116,0.004473825,N-BEATS(L=90),1,test
2020-11-11,SPY,-4.5968356,0.010083694,-4.682971,0.0092514865,N-BEATS(L=90),1,test
2020-11-11,TLT,-5.283605,0.005074105,-5.5545845,0.003869676,N-BEATS(L=90),1,test
2020-11-12,GLD,-5.677586,0.0034218084,-5.3420334,0.0047861286,N-BEATS(L=90),1,test
2020-11-12,SPY,-5.0085096,0.0066808527,-4.812148,0.008130376,N-BEATS(L=90),1,test
2020-11-12,TLT,-5.9845524,0.0025173402,-4.9783792,0.006885213,N-BEATS(L=90),1,test
2020-11-13,GLD,-5.487989,0.004136154,-5.377861,0.0046176887,N-BEATS(L=90),1,test
2020-11-13,SPY,-5.182105,0.0056161718,-5.215484,0.005431803,N-BEATS(L=90),1,test
2020-11-13,TLT,-5.8114605,0.0029930556,-5.415642,0.004446483,N-BEATS(L=90),1,test
2020-11-16,GLD,-5.3572855,0.004713684,-5.052635,0.006392466,N-BEATS(L=90),1,test
2020-11-16,SPY,-4.9705496,0.0069393334,-4.9230566,0.0072768545,N-BEATS(L=90),1,test
2020-11-16,TLT,-5.9787035,0.002532107,-5.4680123,0.004219611,N-BEATS(L=90),1,test
2020-11-17,GLD,-5.2180004,0.0054181525,-5.302828,0.0049774987,N-BEATS(L=90),1,test
2020-11-17,SPY,-5.026923,0.0065589603,-4.894417,0.007488275,N-BEATS(L=90),1,test
2020-11-17,TLT,-5.223889,0.0053863414,-5.3584847,0.0047080345,N-BEATS(L=90),1,test
2020-11-18,GLD,-5.825799,0.0029504457,-5.051741,0.0063981838,N-BEATS(L=90),1,test
2020-11-18,SPY,-4.9558983,0.007041752,-4.8310237,0.00797835,N-BEATS(L=90),1,test
2020-11-18,TLT,-5.5585785,0.0038542515,-5.3661685,0.004671998,N-BEATS(L=90),1,test
2020-11-19,GLD,-5.866488,0.0028328048,-5.2625985,0.005181822,N-BEATS(L=90),1,test
2020-11-19,SPY,-5.7724977,0.0031119753,-5.0333505,0.006516939,N-BEATS(L=90),1,test
2020-11-19,TLT,-5.6992526,0.0033484672,-5.879761,0.0027954527,N-BEATS(L=90),1,test
2020-11-20,GLD,-4.6396675,0.009660909,-5.3109584,0.004937193,N-BEATS(L=90),1,test
2020-11-20,SPY,-4.8509464,0.007820972,-4.8626933,0.0077296374,N-BEATS(L=90),1,test
2020-11-20,TLT,-5.7701035,0.0031194347,-5.770936,0.0031168389,N-BEATS(L=90),1,test
2020-11-23,GLD,-5.713849,0.0032999464,-5.1630926,0.0057239705,N-BEATS(L=90),1,test
2020-11-23,SPY,-4.9379544,0.0071692485,-4.619048,0.009862179,N-BEATS(L=90),1,test
2020-11-23,TLT,-5.764237,0.0031377887,-5.367975,0.0046635643,N-BEATS(L=90),1,test
2020-11-24,GLD,-5.2898946,0.0050422917,-5.3072863,0.004955356,N-BEATS(L=90),1,test
2020-11-24,SPY,-5.751395,0.0031783432,-5.07536,0.0062488373,N-BEATS(L=90),1,test
2020-11-24,TLT,-5.244579,0.0052760434,-5.3016214,0.004983507,N-BEATS(L=90),1,test
2020-11-25,GLD,-5.822214,0.0029610419,-5.596262,0.0037117123,N-BEATS(L=90),1,test
2020-11-25,SPY,-5.776384,0.0030999049,-5.0441675,0.006446825,N-BEATS(L=90),1,test
2020-11-25,TLT,-6.2553754,0.0019201051,-5.7606144,0.0031491762,N-BEATS(L=90),1,test
2020-11-27,GLD,-5.1264954,0.0059373323,-5.3531327,0.0047333,N-BEATS(L=90),1,test
2020-11-27,SPY,-4.8769226,0.007620429,-5.126778,0.0059356536,N-BEATS(L=90),1,test
2020-11-27,TLT,-5.684076,0.0033996736,-5.621514,0.0036191582,N-BEATS(L=90),1,test
2020-11-30,GLD,-5.367664,0.0046650167,-5.3923364,0.0045513273,N-BEATS(L=90),1,test
2020-11-30,SPY,-5.248915,0.005253214,-5.2584014,0.005203617,N-BEATS(L=90),1,test
2020-11-30,TLT,-4.7961245,0.008261704,-5.6072574,0.003671124,N-BEATS(L=90),1,test
2020-12-01,GLD,-5.146274,0.005821053,-5.5469823,0.0038992062,N-BEATS(L=90),1,test
2020-12-01,SPY,-5.482549,0.004158715,-4.8981304,0.0074605183,N-BEATS(L=90),1,test
2020-12-01,TLT,-5.1046047,0.0060687372,-5.60904,0.0036645865,N-BEATS(L=90),1,test
2020-12-02,GLD,-4.9264183,0.007252433,-5.2394195,0.005303335,N-BEATS(L=90),1,test
2020-12-02,SPY,-5.261972,0.00518507,-4.945508,0.0071152993,N-BEATS(L=90),1,test
2020-12-02,TLT,-5.2780514,0.005102364,-5.660551,0.0034805983,N-BEATS(L=90),1,test
2020-12-03,GLD,-4.9766254,0.0068972986,-5.172101,0.005672638,N-BEATS(L=90),1,test
2020-12-03,SPY,-5.916324,0.0026950887,-5.1804643,0.005625394,N-BEATS(L=90),1,test
2020-12-03,TLT,-5.4699693,0.0042113615,-5.2740088,0.0051230323,N-BEATS(L=90),1,test
2020-12-04,GLD,-4.874996,0.0076351236,-5.08791,0.0061709024,N-BEATS(L=90),1,test
2020-12-04,SPY,-5.615146,0.0036422773,-5.13652,0.0058781104,N-BEATS(L=90),1,test
2020-12-04,TLT,-5.808386,0.0030022722,-5.846123,0.0028910856,N-BEATS(L=90),1,test
2020-12-07,GLD,-5.322624,0.004879931,-5.376878,0.0046222312,N-BEATS(L=90),1,test
2020-12-07,SPY,-5.450515,0.0042940937,-4.9447613,0.0071206144,N-BEATS(L=90),1,test
2020-12-07,TLT,-5.573925,0.0037955535,-5.390562,0.00455941,N-BEATS(L=90),1,test
2020-12-08,GLD,-4.578091,0.01027449,-5.3285604,0.004851049,N-BEATS(L=90),1,test
2020-12-08,SPY,-4.955128,0.007047177,-5.473505,0.0041964976,N-BEATS(L=90),1,test
2020-12-08,TLT,-5.147321,0.0058149607,-5.589436,0.0037371349,N-BEATS(L=90),1,test
2020-12-09,GLD,-4.9285007,0.0072373464,-5.6681414,0.0034542796,N-BEATS(L=90),1,test
2020-12-09,SPY,-5.081822,0.006208587,-5.847469,0.0028871978,N-BEATS(L=90),1,test
2020-12-09,TLT,-5.2359376,0.0053218324,-5.4189205,0.004431928,N-BEATS(L=90),1,test
2020-12-10,GLD,-5.323083,0.004877693,-5.270372,0.005141698,N-BEATS(L=90),1,test
2020-12-10,SPY,-5.06599,0.0063076634,-5.4495325,0.0042983135,N-BEATS(L=90),1,test
2020-12-10,TLT,-5.351803,0.004739599,-5.43812,0.00434765,N-BEATS(L=90),1,test
2020-12-11,GLD,-5.036996,0.006493225,-4.9707155,0.006938182,N-BEATS(L=90),1,test
2020-12-11,SPY,-4.8616858,0.0077374293,-5.399867,0.0045171813,N-BEATS(L=90),1,test
2020-12-11,TLT,-5.074267,0.006255671,-5.485036,0.004148386,N-BEATS(L=90),1,test
2020-12-14,GLD,-5.721481,0.0032748578,-5.4166355,0.004442067,N-BEATS(L=90),1,test
2020-12-14,SPY,-5.1139016,0.0060125785,-5.1246076,0.0059485515,N-BEATS(L=90),1,test
2020-12-14,TLT,-5.3313847,0.004837367,-5.1831985,0.0056100343,N-BEATS(L=90),1,test
2020-12-15,GLD,-4.8730273,0.0076501705,-5.4299903,0.0043831384,N-BEATS(L=90),1,test
2020-12-15,SPY,-5.4406657,0.0043365955,-5.33697,0.004810425,N-BEATS(L=90),1,test
2020-12-15,TLT,-5.1226006,0.005960502,-5.03053,0.006535346,N-BEATS(L=90),1,test
2020-12-16,GLD,-5.3101125,0.004941371,-5.090149,0.006157103,N-BEATS(L=90),1,test
2020-12-16,SPY,-5.9389815,0.0026347116,-4.994602,0.0067744153,N-BEATS(L=90),1,test
2020-12-16,TLT,-4.8989835,0.0074541564,-5.127898,0.005929009,N-BEATS(L=90),1,test
2020-12-17,GLD,-5.6704583,0.0034462854,-5.51956,0.0040076114,N-BEATS(L=90),1,test
2020-12-17,SPY,-4.9172597,0.0073191603,-5.4313817,0.004377044,N-BEATS(L=90),1,test
2020-12-17,TLT,-5.423112,0.004413391,-5.600541,0.0036958633,N-BEATS(L=90),1,test
2020-12-18,GLD,-5.402627,0.0045047314,-5.421137,0.0044221166,N-BEATS(L=90),1,test
2020-12-18,SPY,-3.4738164,0.030998502,-5.309022,0.0049467627,N-BEATS(L=90),1,test
2020-12-18,TLT,-5.5500565,0.0038872377,-5.561033,0.0038448034,N-BEATS(L=90),1,test
2020-12-21,GLD,-5.2360487,0.005321241,-5.3167567,0.004908648,N-BEATS(L=90),1,test
2020-12-21,SPY,-5.4931946,0.0041146786,-5.4505486,0.004293948,N-BEATS(L=90),1,test
2020-12-21,TLT,-5.72157,0.0032745658,-5.744399,0.0032006574,N-BEATS(L=90),1,test
2020-12-22,GLD,-5.4727473,0.0041996785,-5.39319,0.004547444,N-BEATS(L=90),1,test
2020-12-22,SPY,-5.4154286,0.004447431,-4.6190515,0.009862146,N-BEATS(L=90),1,test
2020-12-22,TLT,-5.1905284,0.0055690636,-5.454222,0.004278203,N-BEATS(L=90),1,test
2020-12-23,GLD,-6.219561,0.0019901185,-5.3315563,0.004836537,N-BEATS(L=90),1,test
2020-12-23,SPY,-5.949478,0.0026072008,-5.0714273,0.006273459,N-BEATS(L=90),1,test
2020-12-23,TLT,-6.1634927,0.0021048887,-5.4314566,0.004376716,N-BEATS(L=90),1,test
2020-12-24,GLD,-4.918977,0.0073066032,-5.2058825,0.005484208,N-BEATS(L=90),1,test
2020-12-24,SPY,-5.8781996,0.0027998216,-5.12576,0.0059416993,N-BEATS(L=90),1,test
2020-12-24,TLT,-5.362255,0.004690317,-5.894214,0.0027553407,N-BEATS(L=90),1,test
2020-12-28,GLD,-5.1840916,0.005605026,-5.339263,0.004799407,N-BEATS(L=90),1,test
2020-12-28,SPY,-5.388735,0.004567749,-5.345473,0.0047696955,N-BEATS(L=90),1,test
2020-12-28,TLT,-5.85176,0.0028748352,-5.082572,0.006203932,N-BEATS(L=90),1,test
2020-12-29,GLD,-5.966892,0.002562193,-5.2862415,0.0050607454,N-BEATS(L=90),1,test
2020-12-29,SPY,-5.861754,0.002846247,-5.7065415,0.0033241492,N-BEATS(L=90),1,test
2020-12-29,TLT,-5.9066978,0.002721158,-5.1208997,0.005970649,N-BEATS(L=90),1,test
2020-12-30,GLD,-5.479159,0.0041728383,-5.5784364,0.003778469,N-BEATS(L=90),1,test
2020-12-30,SPY,-5.206529,0.0054806634,-5.413187,0.004457412,N-BEATS(L=90),1,test
2020-12-30,TLT,-5.9463964,0.002615248,-5.556363,0.0038627994,N-BEATS(L=90),1,test
2020-12-31,GLD,-5.2087965,0.0054682507,-4.9349446,0.007190859,N-BEATS(L=90),1,test
2020-12-31,SPY,-4.066281,0.01714102,-5.408427,0.004478681,N-BEATS(L=90),1,test
2020-12-31,TLT,-5.0334325,0.006516405,-5.5917387,0.0037285395,N-BEATS(L=90),1,test
2021-01-04,GLD,-5.2240977,0.005385217,-5.9590645,0.0025823268,N-BEATS(L=90),1,test
2021-01-04,SPY,-5.0302434,0.006537219,-5.0288553,0.0065463,N-BEATS(L=90),1,test
2021-01-04,TLT,-5.22823,0.0053630094,-5.671883,0.0034413787,N-BEATS(L=90),1,test
2021-01-05,GLD,-4.4283476,0.011934194,-5.425715,0.0044019176,N-BEATS(L=90),1,test
2021-01-05,SPY,-4.3092365,0.01344381,-5.485506,0.004146436,N-BEATS(L=90),1,test
2021-01-05,TLT,-5.006744,0.0066926596,-5.7426476,0.003206268,N-BEATS(L=90),1,test
2021-01-06,GLD,-5.4739037,0.004194825,-5.294719,0.0050180233,N-BEATS(L=90),1,test
2021-01-06,SPY,-5.185071,0.0055995393,-4.8667564,0.0076982947,N-BEATS(L=90),1,test
2021-01-06,TLT,-5.4630675,0.0042405277,-5.172188,0.0056721456,N-BEATS(L=90),1,test
2021-01-07,GLD,-3.9836338,0.018617863,-5.135395,0.005884726,N-BEATS(L=90),1,test
2021-01-07,SPY,-4.814553,0.008110848,-5.5261865,0.0039811423,N-BEATS(L=90),1,test
2021-01-07,TLT,-5.10941,0.0060396465,-5.4145083,0.004451526,N-BEATS(L=90),1,test
2021-01-08,GLD,-5.1164737,0.0059971334,-5.485649,0.004145843,N-BEATS(L=90),1,test
2021-01-08,SPY,-5.268336,0.0051521775,-4.9078407,0.0073884246,N-BEATS(L=90),1,test
2021-01-08,TLT,-5.6950164,0.0033626822,-5.201069,0.005510671,N-BEATS(L=90),1,test
2021-01-11,GLD,-5.0036335,0.006713509,-5.099331,0.0061008274,N-BEATS(L=90),1,test
2021-01-11,SPY,-5.0294414,0.0065424643,-5.5391016,0.003930056,N-BEATS(L=90),1,test
2021-01-11,TLT,-5.1603584,0.005739642,-5.291257,0.0050354274,N-BEATS(L=90),1,test
2021-01-12,GLD,-5.179703,0.005629677,-5.130952,0.005910931,N-BEATS(L=90),1,test
2021-01-12,SPY,-5.237594,0.005313024,-5.5290594,0.003969721,N-BEATS(L=90),1,test
2021-01-12,TLT,-5.1727705,0.0056688413,-5.4277306,0.004393054,N-BEATS(L=90),1,test
2021-01-13,GLD,-5.0617986,0.0063341567,-5.2464166,0.0052663563,N-BEATS(L=90),1,test
2021-01-13,SPY,-5.4177723,0.00443702,-5.313731,0.004923522,N-BEATS(L=90),1,test
2021-01-13,TLT,-5.0227327,0.006586503,-5.5448356,0.0039075855,N-BEATS(L=90),1,test
2021-01-14,GLD,-5.1213284,0.0059680897,-5.2447944,0.0052749063,N-BEATS(L=90),1,test
2021-01-14,SPY,-4.946717,0.0071067037,-5.477362,0.0041803424,N-BEATS(L=90),1,test
2021-01-14,TLT,-5.5579953,0.0038564997,-5.625596,0.0036044142,N-BEATS(L=90),1,test
2021-01-15,GLD,-5.5764465,0.003785995,-4.8104973,0.008143809,N-BEATS(L=90),1,test
2021-01-15,SPY,-5.379231,0.004611367,-5.074282,0.0062555755,N-BEATS(L=90),1,test
2021-01-15,TLT,-5.88809,0.0027722663,-5.128126,0.0059276577,N-BEATS(L=90),1,test
2021-01-19,GLD,-5.182941,0.005611479,-5.280114,0.0050918492,N-BEATS(L=90),1,test
2021-01-19,SPY,-5.1026855,0.006080396,-4.8335056,0.007958572,N-BEATS(L=90),1,test
2021-01-19,TLT,-5.964014,0.0025695767,-5.5834084,0.0037597292,N-BEATS(L=90),1,test
2021-01-20,GLD,-5.52268,0.0039951275,-4.78762,0.008332264,N-BEATS(L=90),1,test
2021-01-20,SPY,-5.7752523,0.0031034146,-5.498578,0.0040925867,N-BEATS(L=90),1,test
2021-01-20,TLT,-5.7997465,0.0030283222,-5.35548,0.0047222013,N-BEATS(L=90),1,test
2021-01-21,GLD,-4.95639,0.007038291,-5.1916375,0.00556289,N-BEATS(L=90),1,test
2021-01-21,SPY,-5.4962053,0.004102309,-5.345054,0.0047716927,N-BEATS(L=90),1,test
2021-01-21,TLT,-5.8972125,0.0027470917,-5.2055216,0.005486188,N-BEATS(L=90),1,test
2021-01-22,GLD,-5.013752,0.006645921,-5.32049,0.0048903576,N-BEATS(L=90),1,test
2021-01-22,SPY,-4.453819,0.011634054,-5.0324025,0.0065231198,N-BEATS(L=90),1,test
2021-01-22,TLT,-5.762949,0.0031418328,-5.65665,0.0034942026,N-BEATS(L=90),1,test
2021-01-25,GLD,-5.7556233,0.003164933,-5.22778,0.005365424,N-BEATS(L=90),1,test
2021-01-25,SPY,-5.7009215,0.0033428834,-5.345871,0.004767797,N-BEATS(L=90),1,test
2021-01-25,TLT,-5.8345776,0.0029246586,-5.917745,0.002691262,N-BEATS(L=90),1,test
2021-01-26,GLD,-4.896005,0.0074763903,-5.093994,0.006133473,N-BEATS(L=90),1,test
2021-01-26,SPY,-4.394378,0.0123465555,-5.267558,0.005156186,N-BEATS(L=90),1,test
2021-01-26,TLT,-5.4525146,0.0042855144,-5.675355,0.0034294515,N-BEATS(L=90),1,test
2021-01-27,GLD,-4.671956,0.009353954,-5.1182146,0.005986702,N-BEATS(L=90),1,test
2021-01-27,SPY,-4.503008,0.011075632,-5.7191873,0.0032823775,N-BEATS(L=90),1,test
2021-01-27,TLT,-5.1687746,0.005691539,-5.5342693,0.003949093,N-BEATS(L=90),1,test
2021-01-28,GLD,-5.0369225,0.006493702,-5.072916,0.0062641273,N-BEATS(L=90),1,test
2021-01-28,SPY,-4.3445296,0.012977611,-4.9793525,0.0068785152,N-BEATS(L=90),1,test
2021-01-28,TLT,-5.2974596,0.0050042905,-5.383624,0.004591153,N-BEATS(L=90),1,test
2021-01-29,GLD,-5.5310636,0.003961773,-4.7272205,0.008851038,N-BEATS(L=90),1,test
2021-01-29,SPY,-4.3828607,0.012489579,-4.7104006,0.009001171,N-BEATS(L=90),1,test
2021-01-29,TLT,-5.572088,0.0038025333,-5.875646,0.00280698,N-BEATS(L=90),1,test
2021-02-01,GLD,-5.5308933,0.003962448,-4.9125104,0.007354004,N-BEATS(L=90),1,test
2021-02-01,SPY,-4.384638,0.012467403,-5.36284,0.0046875738,N-BEATS(L=90),1,test
2021-02-01,TLT,-6.0277424,0.0024109308,-5.587848,0.0037430737,N-BEATS(L=90),1,test
2021-02-02,GLD,-5.5007234,0.0040838164,-4.948542,0.0070937434,N-BEATS(L=90),1,test
2021-02-02,SPY,-5.135978,0.0058812955,-5.0081234,0.006683434,N-BEATS(L=90),1,test
2021-02-02,TLT,-5.625557,0.003604555,-5.4285107,0.004389629,N-BEATS(L=90),1,test
2021-02-03,GLD,-5.418249,0.004434905,-5.164027,0.0057186233,N-BEATS(L=90),1,test
2021-02-03,SPY,-5.136669,0.005877233,-4.5526023,0.010539741,N-BEATS(L=90),1,test
2021-02-03,TLT,-5.73436,0.00323295,-5.5909038,0.0037316538,N-BEATS(L=90),1,test
2021-02-04,GLD,-5.196191,0.005537618,-5.172302,0.0056714993,N-BEATS(L=90),1,test
2021-02-04,SPY,-5.477246,0.0041808286,-5.3157105,0.004913786,N-BEATS(L=90),1,test
2021-02-04,TLT,-5.141351,0.00584978,-5.9010324,0.002736618,N-BEATS(L=90),1,test
2021-02-05,GLD,-5.698306,0.003351638,-4.8625,0.0077311303,N-BEATS(L=90),1,test
2021-02-05,SPY,-5.6573224,0.003491854,-5.2620797,0.005184511,N-BEATS(L=90),1,test
2021-02-05,TLT,-5.188351,0.005581202,-5.2699037,0.005144106,N-BEATS(L=90),1,test
2021-02-08,GLD,-5.309597,0.0049439184,-5.3528895,0.004734451,N-BEATS(L=90),1,test
2021-02-08,SPY,-5.8270698,0.0029466988,-5.3070717,0.0049564196,N-BEATS(L=90),1,test
2021-02-08,TLT,-5.4172893,0.004439164,-5.731562,0.0032420089,N-BEATS(L=90),1,test
2021-02-09,GLD,-5.3606777,0.0046977215,-5.296687,0.005008158,N-BEATS(L=90),1,test
2021-02-09,SPY,-4.8233085,0.008040142,-4.9048114,0.0074108406,N-BEATS(L=90),1,test
2021-02-09,TLT,-6.118376,0.0022020296,-5.557435,0.003858661,N-BEATS(L=90),1,test
2021-02-10,GLD,-4.95131,0.0070741344,-5.3227496,0.004879319,N-BEATS(L=90),1,test
2021-02-10,SPY,-5.0427365,0.006456057,-5.0860243,0.006182551,N-BEATS(L=90),1,test
2021-02-10,TLT,-5.5441575,0.003910236,-5.25173,0.0052384483,N-BEATS(L=90),1,test
2021-02-11,GLD,-4.9360747,0.0071827373,-5.018963,0.0066113803,N-BEATS(L=90),1,test
2021-02-11,SPY,-5.6512394,0.00351316,-5.158221,0.0057519246,N-BEATS(L=90),1,test
2021-02-11,TLT,-5.432116,0.0043738307,-5.5487456,0.0038923365,N-BEATS(L=90),1,test
2021-02-12,GLD,-4.6264205,0.009789739,-5.045619,0.0064374744,N-BEATS(L=90),1,test
2021-02-12,SPY,-5.531152,0.003961424,-4.737667,0.008759056,N-BEATS(L=90),1,test
2021-02-12,TLT,-5.374203,0.00463461,-5.448495,0.004302776,N-BEATS(L=90),1,test
2021-02-16,GLD,-5.127901,0.005928992,-5.1838565,0.005606344,N-BEATS(L=90),1,test
2021-02-16,SPY,-5.269517,0.005146096,-4.7184215,0.008929263,N-BEATS(L=90),1,test
2021-02-16,TLT,-4.9965577,0.0067611807,-5.351032,0.0047432543,N-BEATS(L=90),1,test
2021-02-17,GLD,-5.0838385,0.00619608,-5.040262,0.006472051,N-BEATS(L=90),1,test
2021-02-17,SPY,-5.017711,0.0066196606,-5.4701347,0.004210665,N-BEATS(L=90),1,test
2021-02-17,TLT,-5.1658897,0.005707982,-5.4359055,0.004357288,N-BEATS(L=90),1,test
2021-02-18,GLD,-5.1872044,0.0055876058,-5.4024973,0.004505316,N-BEATS(L=90),1,test
2021-02-18,SPY,-5.531382,0.0039605116,-5.788123,0.003063727,N-BEATS(L=90),1,test
2021-02-18,TLT,-5.054309,0.0063817757,-5.9269404,0.0026666282,N-BEATS(L=90),1,test
2021-02-19,GLD,-5.182977,0.005611276,-5.186883,0.005589402,N-BEATS(L=90),1,test
2021-02-19,SPY,-5.2502885,0.0052460046,-5.2995224,0.0049939784,N-BEATS(L=90),1,test
2021-02-19,TLT,-4.6781034,0.009296629,-5.7618246,0.0031453674,N-BEATS(L=90),1,test
2021-02-22,GLD,-5.1220555,0.0059637516,-5.50795,0.0040544113,N-BEATS(L=90),1,test
2021-02-22,SPY,-4.1717143,0.015425793,-5.4548764,0.0042754053,N-BEATS(L=90),1,test
2021-02-22,TLT,-5.006899,0.0066916225,-5.445802,0.0043143774,N-BEATS(L=90),1,test
2021-02-23,GLD,-5.002344,0.006722171,-4.925885,0.0072563,N-BEATS(L=90),1,test
2021-02-23,SPY,-4.6879153,0.009205857,-5.232823,0.005338434,N-BEATS(L=90),1,test
2021-02-23,TLT,-4.8593736,0.0077553405,-4.7602596,0.008563385,N-BEATS(L=90),1,test
2021-02-24,GLD,-4.7753744,0.008434925,-5.154483,0.005773465,N-BEATS(L=90),1,test
2021-02-24,SPY,-4.159448,0.015616173,-5.3708553,0.0046501523,N-BEATS(L=90),1,test
2021-02-24,TLT,-4.1134133,0.016351866,-4.680437,0.009274959,N-BEATS(L=90),1,test
2021-02-25,GLD,-4.3202014,0.013297205,-5.349989,0.0047482033,N-BEATS(L=90),1,test
2021-02-25,SPY,-4.4258432,0.011964118,-5.314311,0.004920668,N-BEATS(L=90),1,test
2021-02-25,TLT,-4.2076664,0.014881054,-5.255516,0.0052186525,N-BEATS(L=90),1,test
2021-02-26,GLD,-4.87679,0.007621439,-5.0089817,0.0066776997,N-BEATS(L=90),1,test
2021-02-26,SPY,-4.0250635,0.01786229,-4.8013115,0.008218961,N-BEATS(L=90),1,test
2021-02-26,TLT,-5.052646,0.0063923956,-5.081122,0.006212935,N-BEATS(L=90),1,test
2021-03-01,GLD,-4.9295015,0.0072301063,-4.838821,0.0079163825,N-BEATS(L=90),1,test
2021-03-01,SPY,-5.2519836,0.0052371197,-5.2906985,0.0050382395,N-BEATS(L=90),1,test
2021-03-01,TLT,-5.8056073,0.0030106257,-4.860386,0.0077474937,N-BEATS(L=90),1,test
2021-03-02,GLD,-4.6369643,0.00968706,-5.3536367,0.0047309147,N-BEATS(L=90),1,test
2021-03-02,SPY,-4.921167,0.0072906185,-5.021628,0.006593784,N-BEATS(L=90),1,test
2021-03-02,TLT,-4.9601474,0.007011894,-5.3287,0.0048503713,N-BEATS(L=90),1,test
2021-03-03,GLD,-4.427579,0.01194337,-4.930938,0.0072197295,N-BEATS(L=90),1,test
2021-03-03,SPY,-3.8428724,0.021431953,-4.605761,0.009994093,N-BEATS(L=90),1,test
2021-03-03,TLT,-4.704564,0.00905386,-5.190324,0.0055702026,N-BEATS(L=90),1,test
2021-03-04,GLD,-5.246772,0.0052644857,-5.118174,0.005986945,N-BEATS(L=90),1,test
2021-03-04,SPY,-3.8150356,0.02203693,-5.2536144,0.005228586,N-BEATS(L=90),1,test
2021-03-04,TLT,-5.1108766,0.0060307942,-4.9875784,0.006822165,N-BEATS(L=90),1,test
2021-03-05,GLD,-5.150733,0.005795155,-4.71805,0.00893258,N-BEATS(L=90),1,test
2021-03-05,SPY,-4.5585885,0.010476837,-5.0841045,0.0061944313,N-BEATS(L=90),1,test
2021-03-05,TLT,-5.7710233,0.0031165667,-4.9379063,0.007169594,N-BEATS(L=90),1,test
2021-03-08,GLD,-5.617842,0.0036324707,-4.876443,0.0076240855,N-BEATS(L=90),1,test
2021-03-08,SPY,-4.813563,0.008118882,-4.6762276,0.009314084,N-BEATS(L=90),1,test
2021-03-08,TLT,-5.580882,0.0037692394,-5.1087008,0.0060439305,N-BEATS(L=90),1,test
2021-03-09,GLD,-5.441109,0.004334673,-4.6544423,0.00951922,N-BEATS(L=90),1,test
2021-03-09,SPY,-5.140136,0.0058568944,-4.535019,0.010726704,N-BEATS(L=90),1,test
2021-03-09,TLT,-5.450703,0.004293285,-5.4354243,0.004359385,N-BEATS(L=90),1,test
2021-03-10,GLD,-5.5835166,0.0037593222,-5.2425613,0.005286698,N-BEATS(L=90),1,test
2021-03-10,SPY,-5.0034328,0.006714857,-4.7630954,0.0085391365,N-BEATS(L=90),1,test
2021-03-10,TLT,-5.3756456,0.00462793,-5.4439464,0.004322392,N-BEATS(L=90),1,test
2021-03-11,GLD,-4.95936,0.007017417,-4.943084,0.0071325693,N-BEATS(L=90),1,test
2021-03-11,SPY,-5.42324,0.004412825,-5.046732,0.006430314,N-BEATS(L=90),1,test
2021-03-11,TLT,-5.5432916,0.0039136237,-5.2795744,0.0050945985,N-BEATS(L=90),1,test
2021-03-12,GLD,-5.324494,0.0048708157,-5.4286075,0.0043892036,N-BEATS(L=90),1,test
2021-03-12,SPY,-4.867918,0.0076893577,-4.7771673,0.008419815,N-BEATS(L=90),1,test
2021-03-12,TLT,-5.780423,0.0030874086,-5.434659,0.0043627224,N-BEATS(L=90),1,test
2021-03-15,GLD,-5.107993,0.0060482086,-5.6501846,0.0035168673,N-BEATS(L=90),1,test
2021-03-15,SPY,-5.391458,0.004555327,-5.137665,0.0058713844,N-BEATS(L=90),1,test
2021-03-15,TLT,-5.0634513,0.006323697,-5.629528,0.0035902695,N-BEATS(L=90),1,test
2021-03-16,GLD,-4.5481334,0.010586948,-5.1780567,0.0056389538,N-BEATS(L=90),1,test
2021-03-16,SPY,-4.8967175,0.0074710664,-4.6554165,0.009509952,N-BEATS(L=90),1,test
2021-03-16,TLT,-4.9325356,0.0072082025,-5.479067,0.004173222,N-BEATS(L=90),1,test
2021-03-17,GLD,-5.2707148,0.0051399353,-4.9527216,0.007064157,N-BEATS(L=90),1,test
2021-03-17,SPY,-4.6444626,0.009614696,-4.7027373,0.009070414,N-BEATS(L=90),1,test
2021-03-17,TLT,-5.0930862,0.006139044,-5.5552845,0.0038669682,N-BEATS(L=90),1,test
2021-03-18,GLD,-5.660995,0.0034790535,-4.9653583,0.0069754515,N-BEATS(L=90),1,test
2021-03-18,SPY,-4.828093,0.008001765,-5.2112317,0.0054549505,N-BEATS(L=90),1,test
2021-03-18,TLT,-5.414771,0.0044503566,-4.8684273,0.007685443,N-BEATS(L=90),1,test
2021-03-19,GLD,-5.7563868,0.003162518,-5.257993,0.005205741,N-BEATS(L=90),1,test
2021-03-19,SPY,-5.086867,0.006177344,-4.8546777,0.0077918447,N-BEATS(L=90),1,test
2021-03-19,TLT,-5.351022,0.004743302,-5.200375,0.0055144955,N-BEATS(L=90),1,test
2021-03-22,GLD,-5.7871084,0.0030668373,-5.539981,0.0039266017,N-BEATS(L=90),1,test
2021-03-22,SPY,-4.8553348,0.007786726,-4.8952065,0.0074823643,N-BEATS(L=90),1,test
2021-03-22,TLT,-5.1311355,0.005909846,-5.346602,0.004764313,N-BEATS(L=90),1,test
2021-03-23,GLD,-5.499117,0.0040903823,-5.758717,0.003155157,N-BEATS(L=90),1,test
2021-03-23,SPY,-4.8546095,0.007792376,-5.3061023,0.0049612266,N-BEATS(L=90),1,test
2021-03-23,TLT,-5.4410214,0.004335053,-5.0608444,0.0063402033,N-BEATS(L=90),1,test
2021-03-24,GLD,-4.7640185,0.0085312575,-4.9593344,0.0070175976,N-BEATS(L=90),1,test
2021-03-24,SPY,-4.548809,0.0105797965,-4.6736283,0.009338326,N-BEATS(L=90),1,test
2021-03-24,TLT,-5.1590104,0.0057473844,-4.81046,0.008144111,N-BEATS(L=90),1,test
2021-03-25,GLD,-5.4616117,0.0042467057,-5.695837,0.0033599236,N-BEATS(L=90),1,test
2021-03-25,SPY,-4.882722,0.0075763636,-4.548517,0.010582885,N-BEATS(L=90),1,test
2021-03-25,TLT,-5.2666907,0.0051606605,-5.177829,0.0056402395,N-BEATS(L=90),1,test
2021-03-26,GLD,-5.121876,0.005964824,-5.3718224,0.0046456577,N-BEATS(L=90),1,test
2021-03-26,SPY,-5.0034184,0.006714953,-5.2390733,0.005305171,N-BEATS(L=90),1,test
2021-03-26,TLT,-4.870515,0.0076694153,-5.379895,0.0046083047,N-BEATS(L=90),1,test
2021-03-29,GLD,-5.983486,0.0025200257,-5.4090376,0.0044759456,N-BEATS(L=90),1,test
2021-03-29,SPY,-5.441932,0.004331107,-5.170332,0.005682682,N-BEATS(L=90),1,test
2021-03-29,TLT,-5.0192804,0.0066092806,-5.3866243,0.004577399,N-BEATS(L=90),1,test
2021-03-30,GLD,-4.710384,0.009001321,-5.0475483,0.0064250664,N-BEATS(L=90),1,test
2021-03-30,SPY,-5.395602,0.0045364876,-4.918728,0.007308422,N-BEATS(L=90),1,test
2021-03-30,TLT,-4.9157996,0.0073298546,-5.143239,0.005838747,N-BEATS(L=90),1,test
2021-03-31,GLD,-5.728711,0.003251265,-5.0546293,0.006379731,N-BEATS(L=90),1,test
2021-03-31,SPY,-5.8929906,0.0027587141,-5.0743074,0.006255417,N-BEATS(L=90),1,test
2021-03-31,TLT,-5.2509384,0.0052425964,-5.082161,0.0062064826,N-BEATS(L=90),1,test
2021-04-01,GLD,-5.4550195,0.0042747934,-5.2988853,0.0049971608,N-BEATS(L=90),1,test
2021-04-01,SPY,-5.4411507,0.004334493,-4.9796615,0.00687639,N-BEATS(L=90),1,test
2021-04-01,TLT,-5.2823644,0.0050804047,-4.893668,0.007493883,N-BEATS(L=90),1,test
2021-04-05,GLD,-5.823712,0.0029566102,-5.4184437,0.004434042,N-BEATS(L=90),1,test
2021-04-05,SPY,-5.758987,0.0031543055,-5.156368,0.005762593,N-BEATS(L=90),1,test
2021-04-05,TLT,-5.539347,0.003929091,-4.9553914,0.007045322,N-BEATS(L=90),1,test
2021-04-06,GLD,-5.6525908,0.0035084155,-5.1090775,0.006041654,N-BEATS(L=90),1,test
2021-04-06,SPY,-6.0185623,0.0024331652,-5.3674808,0.004665871,N-BEATS(L=90),1,test
2021-04-06,TLT,-5.164094,0.0057182414,-5.0497713,0.0064107995,N-BEATS(L=90),1,test
2021-04-07,GLD,-6.038895,0.0023841916,-4.903303,0.0074220267,N-BEATS(L=90),1,test
2021-04-07,SPY,-5.9083457,0.0027166773,-4.700602,0.009089803,N-BEATS(L=90),1,test
2021-04-07,TLT,-6.059115,0.0023364678,-5.063733,0.006321915,N-BEATS(L=90),1,test
2021-04-08,GLD,-5.356572,0.004717048,-5.187698,0.005584849,N-BEATS(L=90),1,test
2021-04-08,SPY,-5.6447673,0.0035359713,-5.075207,0.006249791,N-BEATS(L=90),1,test
2021-04-08,TLT,-5.175926,0.0056509804,-5.169893,0.005685178,N-BEATS(L=90),1,test
2021-04-09,GLD,-5.53281,0.0039548595,-5.658657,0.0034871968,N-BEATS(L=90),1,test
2021-04-09,SPY,-5.9049683,0.0027258683,-5.7036085,0.0033339132,N-BEATS(L=90),1,test
2021-04-09,TLT,-6.113046,0.0022137968,-5.8723454,0.00281626,N-BEATS(L=90),1,test
2021-04-12,GLD,-5.6787834,0.0034177138,-5.455072,0.0042745695,N-BEATS(L=90),1,test
2021-04-12,SPY,-5.6229815,0.00361385,-5.5266056,0.0039794743,N-BEATS(L=90),1,test
2021-04-12,TLT,-5.4952064,0.004106409,-5.3826537,0.0045956103,N-BEATS(L=90),1,test
2021-04-13,GLD,-5.727727,0.0032544665,-5.5616727,0.003842344,N-BEATS(L=90),1,test
2021-04-13,SPY,-5.324221,0.004872144,-5.2940927,0.0050211684,N-BEATS(L=90),1,test
2021-04-13,TLT,-5.6737027,0.0034351223,-5.365077,0.0046771,N-BEATS(L=90),1,test
2021-04-14,GLD,-5.150159,0.0057984833,-5.4529815,0.0042835143,N-BEATS(L=90),1,test
2021-04-14,SPY,-5.898124,0.0027445883,-5.39622,0.004533685,N-BEATS(L=90),1,test
2021-04-14,TLT,-5.0138364,0.00664536,-5.1790624,0.0056332857,N-BEATS(L=90),1,test
2021-04-15,GLD,-5.606303,0.0036746287,-5.449797,0.0042971764,N-BEATS(L=90),1,test
2021-04-15,SPY,-5.5999126,0.0036981867,-5.476606,0.0041835047,N-BEATS(L=90),1,test
2021-04-15,TLT,-5.522283,0.0039967126,-5.273168,0.005127341,N-BEATS(L=90),1,test
2021-04-16,GLD,-5.7878428,0.003064586,-5.333747,0.004825954,N-BEATS(L=90),1,test
2021-04-16,SPY,-5.3450694,0.00477162,-5.545704,0.003904194,N-BEATS(L=90),1,test
2021-04-16,TLT,-5.564728,0.003830623,-5.4337664,0.0043666186,N-BEATS(L=90),1,test
2021-04-19,GLD,-5.522119,0.0039973683,-5.6779075,0.003420709,N-BEATS(L=90),1,test
2021-04-19,SPY,-4.9268537,0.007249276,-5.5668893,0.0038223523,N-BEATS(L=90),1,test
2021-04-19,TLT,-5.3257813,0.004864549,-5.469179,0.0042146905,N-BEATS(L=90),1,test
2021-04-20,GLD,-5.556709,0.0038614643,-5.4072433,0.0044839843,N-BEATS(L=90),1,test
2021-04-20,SPY,-5.3176513,0.004904259,-5.6774836,0.0034221592,N-BEATS(L=90),1,test
2021-04-20,TLT,-5.4914136,0.004122013,-5.3613977,0.00469434,N-BEATS(L=90),1,test
2021-04-21,GLD,-5.4271617,0.004395554,-5.244675,0.005275535,N-BEATS(L=90),1,test
2021-04-21,SPY,-4.8312626,0.0079764435,-5.5224185,0.0039961715,N-BEATS(L=90),1,test
2021-04-21,TLT,-5.1558447,0.005765608,-5.2757316,0.005114214,N-BEATS(L=90),1,test
2021-04-22,GLD,-5.037932,0.00648715,-5.5934963,0.0037219918,N-BEATS(L=90),1,test
2021-04-22,SPY,-4.9253573,0.0072601316,-5.4047036,0.0044953865,N-BEATS(L=90),1,test
2021-04-22,TLT,-5.351108,0.0047428925,-5.37385,0.004636248,N-BEATS(L=90),1,test
2021-04-23,GLD,-5.6856976,0.0033941648,-5.127068,0.005933933,N-BEATS(L=90),1,test
2021-04-23,SPY,-6.0429463,0.0023745524,-5.0887103,0.006165967,N-BEATS(L=90),1,test
2021-04-23,TLT,-5.7860165,0.003070188,-5.1777596,0.005640629,N-BEATS(L=90),1,test
2021-04-26,GLD,-5.7495265,0.0031842883,-5.261916,0.005185359,N-BEATS(L=90),1,test
2021-04-26,SPY,-5.7899146,0.0030582433,-5.1679792,0.0056960676,N-BEATS(L=90),1,test
2021-04-26,TLT,-5.2994556,0.004994312,-5.165315,0.0057112626,N-BEATS(L=90),1,test
2021-04-27,GLD,-5.402077,0.0045072087,-5.6435184,0.0035403897,N-BEATS(L=90),1,test
2021-04-27,SPY,-5.6500773,0.0035172447,-4.909045,0.007379531,N-BEATS(L=90),1,test
2021-04-27,TLT,-5.352333,0.004737086,-5.5785413,0.0037780725,N-BEATS(L=90),1,test
2021-04-28,GLD,-4.924148,0.0072689163,-5.5656195,0.003827209,N-BEATS(L=90),1,test
2021-04-28,SPY,-4.9308968,0.0072200256,-4.9588084,0.0070212893,N-BEATS(L=90),1,test
2021-04-28,TLT,-5.308636,0.004948671,-5.0013905,0.006728585,N-BEATS(L=90),1,test
2021-04-29,GLD,-5.7581577,0.003156922,-5.7647777,0.0031360926,N-BEATS(L=90),1,test
2021-04-29,SPY,-5.601017,0.003694105,-5.283781,0.0050732126,N-BEATS(L=90),1,test
2021-04-29,TLT,-5.575782,0.0037885124,-5.3108134,0.0049379086,N-BEATS(L=90),1,test
2021-04-30,GLD,-5.465381,0.0042307284,-5.267118,0.005158456,N-BEATS(L=90),1,test
2021-04-30,SPY,-5.7517443,0.003177234,-5.5156612,0.004023266,N-BEATS(L=90),1,test
2021-04-30,TLT,-4.972728,0.0069242343,-4.888541,0.0075324024,N-BEATS(L=90),1,test
2021-05-03,GLD,-4.4034443,0.0122351255,-5.5987134,0.0037026245,N-BEATS(L=90),1,test
2021-05-03,SPY,-4.7806187,0.008390807,-5.766166,0.003131741,N-BEATS(L=90),1,test
2021-05-03,TLT,-5.286129,0.005061315,-5.3524384,0.004736587,N-BEATS(L=90),1,test
2021-05-04,GLD,-6.3400974,0.0017641303,-5.8375597,0.0029159498,N-BEATS(L=90),1,test
2021-05-04,SPY,-5.6727624,0.003438354,-5.4048743,0.004494619,N-BEATS(L=90),1,test
2021-05-04,TLT,-5.602901,0.003687152,-5.104062,0.0060720313,N-BEATS(L=90),1,test
2021-05-05,GLD,-5.08898,0.006164303,-5.6152153,0.0036420254,N-BEATS(L=90),1,test
2021-05-05,SPY,-4.821342,0.008055969,-5.7003574,0.0033447696,N-BEATS(L=90),1,test
2021-05-05,TLT,-5.5148687,0.004026456,-5.365666,0.0046743467,N-BEATS(L=90),1,test
2021-05-06,GLD,-5.055076,0.006376881,-5.3448358,0.004772735,N-BEATS(L=90),1,test
2021-05-06,SPY,-5.260697,0.0051916856,-5.480249,0.004168292,N-BEATS(L=90),1,test
2021-05-06,TLT,-4.876435,0.007624147,-5.136322,0.0058792736,N-BEATS(L=90),1,test
2021-05-07,GLD,-5.5967035,0.0037100737,-5.3297834,0.004845119,N-BEATS(L=90),1,test
2021-05-07,SPY,-5.3332267,0.0048284647,-5.1876755,0.0055849743,N-BEATS(L=90),1,test
2021-05-07,TLT,-5.0928545,0.006140467,-4.998277,0.0067495652,N-BEATS(L=90),1,test
2021-05-10,GLD,-5.2288613,0.0053596245,-5.9462996,0.0026155012,N-BEATS(L=90),1,test
2021-05-10,SPY,-4.7363796,0.008770341,-5.706416,0.003324566,N-BEATS(L=90),1,test
2021-05-10,TLT,-5.638422,0.0035584792,-5.5663567,0.0038243886,N-BEATS(L=90),1,test
2021-05-11,GLD,-5.3043876,0.0049697408,-5.5570464,0.003860161,N-BEATS(L=90),1,test
2021-05-11,SPY,-4.426871,0.01195183,-5.062859,0.0063274433,N-BEATS(L=90),1,test
2021-05-11,TLT,-5.1729126,0.005668036,-5.6395693,0.0035543991,N-BEATS(L=90),1,test
2021-05-12,GLD,-5.7326727,0.0032384105,-5.712275,0.0033051446,N-BEATS(L=90),1,test
2021-05-12,SPY,-4.853959,0.0077974456,-5.3353057,0.004818437,N-BEATS(L=90),1,test
2021-05-12,TLT,-5.5706263,0.003808095,-5.497987,0.004095007,N-BEATS(L=90),1,test
2021-05-13,GLD,-5.8856544,0.002779027,-5.1250396,0.005945982,N-BEATS(L=90),1,test
2021-05-13,SPY,-5.23531,0.005325173,-5.1298165,0.005917646,N-BEATS(L=90),1,test
2021-05-13,TLT,-5.604187,0.0036824131,-5.4476647,0.0043063494,N-BEATS(L=90),1,test
2021-05-14,GLD,-5.3235087,0.0048756166,-5.4034224,0.00450115,N-BEATS(L=90),1,test
2021-05-14,SPY,-5.2666836,0.0051606973,-4.9890738,0.0068119713,N-BEATS(L=90),1,test
2021-05-14,TLT,-5.778167,0.0030943828,-5.4825783,0.0041585937,N-BEATS(L=90),1,test
2021-05-17,GLD,-5.811698,0.0029923448,-5.279578,0.0050945794,N-BEATS(L=90),1,test
2021-05-17,SPY,-5.407151,0.004484397,-4.9910784,0.0067983293,N-BEATS(L=90),1,test
2021-05-17,TLT,-5.9572005,0.0025871445,-5.2098947,0.0054622493,N-BEATS(L=90),1,test
2021-05-18,GLD,-4.540655,0.010666416,-5.6121626,0.0036531605,N-BEATS(L=90),1,test
2021-05-18,SPY,-4.8416204,0.0078942515,-4.93752,0.007172364,N-BEATS(L=90),1,test
2021-05-18,TLT,-4.7698145,0.008481953,-5.423874,0.0044100294,N-BEATS(L=90),1,test
2021-05-19,GLD,-5.311253,0.004935738,-5.528253,0.0039729234,N-BEATS(L=90),1,test
2021-05-19,SPY,-5.011564,0.0066604796,-5.5286155,0.003971484,N-BEATS(L=90),1,test
2021-05-19,TLT,-5.612176,0.0036531116,-5.3392043,0.0047996882,N-BEATS(L=90),1,test
2021-05-20,GLD,-5.0205245,0.0066010635,-5.1546454,0.0057725264,N-BEATS(L=90),1,test
2021-05-20,SPY,-5.171018,0.005678784,-5.4836817,0.004154008,N-BEATS(L=90),1,test
2021-05-20,TLT,-5.7157044,0.0032938295,-5.4851537,0.0041478975,N-BEATS(L=90),1,test
2021-05-21,GLD,-5.877593,0.0028015203,-5.7482424,0.0031883798,N-BEATS(L=90),1,test
2021-05-21,SPY,-5.3499837,0.0047482285,-5.261581,0.005187098,N-BEATS(L=90),1,test
2021-05-21,TLT,-5.6768336,0.0034243842,-5.010775,0.0066657346,N-BEATS(L=90),1,test
2021-05-24,GLD,-5.4543376,0.0042777094,-5.4544983,0.004277022,N-BEATS(L=90),1,test
2021-05-24,SPY,-5.4745555,0.0041920915,-5.1681485,0.0056951037,N-BEATS(L=90),1,test
2021-05-24,TLT,-5.99077,0.0025017373,-5.446116,0.004313024,N-BEATS(L=90),1,test
2021-05-25,GLD,-5.16746,0.0056990264,-5.739078,0.0032177335,N-BEATS(L=90),1,test
2021-05-25,SPY,-5.773048,0.0031102633,-5.499323,0.0040895394,N-BEATS(L=90),1,test
2021-05-25,TLT,-5.3068247,0.004957644,-5.586747,0.003747197,N-BEATS(L=90),1,test
2021-05-26,GLD,-5.554792,0.0038688735,-5.0650105,0.006313844,N-BEATS(L=90),1,test
2021-05-26,SPY,-5.9499397,0.0026059975,-5.555955,0.0038643766,N-BEATS(L=90),1,test
2021-05-26,TLT,-5.653494,0.0035052483,-5.7988343,0.003031086,N-BEATS(L=90),1,test
2021-05-27,GLD,-5.662819,0.0034727138,-5.0234795,0.0065815863,N-BEATS(L=90),1,test
2021-05-27,SPY,-6.1977086,0.0020340863,-5.6940346,0.0033659851,N-BEATS(L=90),1,test
2021-05-27,TLT,-5.3288836,0.004849481,-5.6092763,0.0036637199,N-BEATS(L=90),1,test
2021-05-28,GLD,-5.137381,0.0058730505,-5.5142117,0.0040291026,N-BEATS(L=90),1,test
2021-05-28,SPY,-5.5018125,0.004079371,-5.696079,0.0033591115,N-BEATS(L=90),1,test
2021-05-28,TLT,-5.32305,0.0048778537,-5.564231,0.003832527,N-BEATS(L=90),1,test
2021-06-01,GLD,-5.863686,0.0028407532,-5.3860564,0.0045799995,N-BEATS(L=90),1,test
2021-06-01,SPY,-5.7249203,0.0032636134,-5.3293786,0.004847081,N-BEATS(L=90),1,test
2021-06-01,TLT,-6.0335927,0.0023968674,-5.6907864,0.0033769365,N-BEATS(L=90),1,test
2021-06-02,GLD,-5.4527726,0.0042844093,-5.1230755,0.005957672,N-BEATS(L=90),1,test
2021-06-02,SPY,-5.0956573,0.00612328,-5.395088,0.00453882,N-BEATS(L=90),1,test
2021-06-02,TLT,-5.9831734,0.002520814,-5.4342413,0.004364545,N-BEATS(L=90),1,test
2021-06-03,GLD,-5.687318,0.0033886698,-5.3444524,0.0047745653,N-BEATS(L=90),1,test
2021-06-03,SPY,-5.0689445,0.006289055,-5.3474736,0.004760162,N-BEATS(L=90),1,test
2021-06-03,TLT,-5.7009706,0.0033427193,-5.560694,0.0038461054,N-BEATS(L=90),1,test
2021-06-04,GLD,-5.5372887,0.0039371876,-5.1193976,0.0059796236,N-BEATS(L=90),1,test
2021-06-04,SPY,-5.9528265,0.0025984854,-5.026602,0.006561069,N-BEATS(L=90),1,test
2021-06-04,TLT,-6.2643223,0.0019030027,-5.469183,0.0042146742,N-BEATS(L=90),1,test
2021-06-07,GLD,-5.3677464,0.004664632,-5.61676,0.0036364049,N-BEATS(L=90),1,test
2021-06-07,SPY,-5.3625393,0.0046889842,-5.07081,0.0062773344,N-BEATS(L=90),1,test
2021-06-07,TLT,-6.1817803,0.002066745,-5.588897,0.003739149,N-BEATS(L=90),1,test
2021-06-08,GLD,-5.56788,0.0038185667,-5.5582848,0.0038553837,N-BEATS(L=90),1,test
2021-06-08,SPY,-6.1528087,0.002127498,-5.5632586,0.003836255,N-BEATS(L=90),1,test
2021-06-08,TLT,-5.4079905,0.0044806353,-5.935329,0.0026443526,N-BEATS(L=90),1,test
2021-06-09,GLD,-5.503173,0.004073825,-5.2387233,0.005307028,N-BEATS(L=90),1,test
2021-06-09,SPY,-5.2867093,0.0050583784,-5.4301248,0.004382549,N-BEATS(L=90),1,test
2021-06-09,TLT,-5.177294,0.005643258,-5.5265512,0.0039796904,N-BEATS(L=90),1,test
2021-06-10,GLD,-5.55931,0.003851433,-5.138863,0.0058643534,N-BEATS(L=90),1,test
2021-06-10,SPY,-5.9209967,0.0026825252,-5.971703,0.002549895,N-BEATS(L=90),1,test
2021-06-10,TLT,-5.8830667,0.0027862277,-5.390075,0.00456163,N-BEATS(L=90),1,test
2021-06-11,GLD,-5.0289526,0.006545663,-5.693723,0.0033670336,N-BEATS(L=90),1,test
2021-06-11,SPY,-5.631432,0.0035834399,-5.578131,0.0037796223,N-BEATS(L=90),1,test
2021-06-11,TLT,-5.562468,0.003839289,-5.3080378,0.0049516335,N-BEATS(L=90),1,test
2021-06-14,GLD,-5.1387334,0.005865114,-5.452518,0.0042855004,N-BEATS(L=90),1,test
2021-06-14,SPY,-5.8473253,0.0028876122,-5.524529,0.003987747,N-BEATS(L=90),1,test
2021-06-14,TLT,-5.857451,0.002858521,-5.263857,0.0051753055,N-BEATS(L=90),1,test
2021-06-15,GLD,-4.6229367,0.009823903,-5.5605993,0.0038464705,N-BEATS(L=90),1,test
2021-06-15,SPY,-4.9042625,0.007414909,-5.491278,0.0041225716,N-BEATS(L=90),1,test
2021-06-15,TLT,-4.9580555,0.007026578,-5.2393537,0.0053036837,N-BEATS(L=90),1,test
2021-06-16,GLD,-4.8084354,0.008160617,-5.5063834,0.004060767,N-BEATS(L=90),1,test
2021-06-16,SPY,-5.0838137,0.0061962334,-5.1780725,0.0056388653,N-BEATS(L=90),1,test
2021-06-16,TLT,-4.173463,0.015398843,-5.53752,0.003936277,N-BEATS(L=90),1,test
2021-06-17,GLD,-5.0435157,0.006451029,-5.1580186,0.005753088,N-BEATS(L=90),1,test
2021-06-17,SPY,-5.4693217,0.0042140894,-5.362582,0.004688783,N-BEATS(L=90),1,test
2021-06-17,TLT,-4.962401,0.0069961105,-5.052393,0.0063940147,N-BEATS(L=90),1,test
2021-06-18,GLD,-5.313741,0.0049234726,-5.384994,0.0045848675,N-BEATS(L=90),1,test
2021-06-18,SPY,-5.0781026,0.006231722,-5.1737375,0.0056633623,N-BEATS(L=90),1,test
2021-06-18,TLT,-5.212319,0.005449023,-5.3192797,0.0048962794,N-BEATS(L=90),1,test
2021-06-21,GLD,-5.5603595,0.0038473932,-5.2447524,0.0052751275,N-BEATS(L=90),1,test
2021-06-21,SPY,-5.174009,0.0056618256,-5.3349285,0.0048202546,N-BEATS(L=90),1,test
2021-06-21,TLT,-5.4431562,0.0043258085,-5.3656206,0.004674558,N-BEATS(L=90),1,test
2021-06-22,GLD,-4.809239,0.0081540635,-5.4191256,0.0044310195,N-BEATS(L=90),1,test
2021-06-22,SPY,-6.023136,0.0024220617,-5.736036,0.0032275375,N-BEATS(L=90),1,test
2021-06-22,TLT,-5.561964,0.0038412246,-5.700035,0.003345848,N-BEATS(L=90),1,test
2021-06-23,GLD,-5.589394,0.0037372916,-5.3908954,0.0045578904,N-BEATS(L=90),1,test
2021-06-23,SPY,-6.4915433,0.0015162072,-5.6041675,0.003682485,N-BEATS(L=90),1,test
2021-06-23,TLT,-5.8835263,0.0027849474,-5.6088686,0.003665214,N-BEATS(L=90),1,test
2021-06-24,GLD,-5.480822,0.0041659037,-5.480824,0.0041658957,N-BEATS(L=90),1,test
2021-06-24,SPY,-6.0596952,0.0023351123,-5.731656,0.0032417043,N-BEATS(L=90),1,test
2021-06-24,TLT,-4.7696457,0.008483386,-5.954369,0.0025944803,N-BEATS(L=90),1,test
2021-06-25,GLD,-6.073144,0.0023039184,-5.0917487,0.006147261,N-BEATS(L=90),1,test
2021-06-25,SPY,-5.848837,0.0028832508,-5.533437,0.003952382,N-BEATS(L=90),1,test
2021-06-25,TLT,-5.438934,0.0043441122,-5.575519,0.003789508,N-BEATS(L=90),1,test
2021-06-28,GLD,-5.272477,0.0051308847,-5.0044518,0.006708018,N-BEATS(L=90),1,test
2021-06-28,SPY,-6.053824,0.0023488628,-5.983897,0.00251899,N-BEATS(L=90),1,test
2021-06-28,TLT,-6.183468,0.0020632604,-5.655007,0.003499949,N-BEATS(L=90),1,test
2021-06-29,GLD,-5.0144825,0.006641068,-5.5150495,0.0040257284,N-BEATS(L=90),1,test
2021-06-29,SPY,-6.0588465,0.0023370953,-6.1263494,0.0021845412,N-BEATS(L=90),1,test
2021-06-29,TLT,-5.475956,0.0041862247,-5.10085,0.006091566,N-BEATS(L=90),1,test
2021-06-30,GLD,-5.1803465,0.005626057,-5.792769,0.0030495264,N-BEATS(L=90),1,test
2021-06-30,SPY,-6.2561145,0.0019186864,-5.4612985,0.004248036,N-BEATS(L=90),1,test
2021-06-30,TLT,-5.5877037,0.0037436145,-5.156042,0.00576447,N-BEATS(L=90),1,test
2021-07-01,GLD,-5.188081,0.0055827107,-5.3778005,0.004617968,N-BEATS(L=90),1,test
2021-07-01,SPY,-5.2861037,0.0050614425,-5.490443,0.004126015,N-BEATS(L=90),1,test
2021-07-01,TLT,-5.8334002,0.0029281038,-5.5245366,0.003987716,N-BEATS(L=90),1,test
2021-07-02,GLD,-4.857551,0.0077694873,-5.515025,0.004025826,N-BEATS(L=90),1,test
2021-07-02,SPY,-5.046364,0.0064326813,-5.58076,0.0037696995,N-BEATS(L=90),1,test
2021-07-02,TLT,-5.4393654,0.004342238,-5.757677,0.0031584399,N-BEATS(L=90),1,test
2021-07-06,GLD,-5.4361086,0.004356403,-5.5739813,0.00379534,N-BEATS(L=90),1,test
2021-07-06,SPY,-5.26283,0.005180624,-5.6903577,0.0033783843,N-BEATS(L=90),1,test
2021-07-06,TLT,-5.1003613,0.0060945437,-5.358181,0.004709465,N-BEATS(L=90),1,test
2021-07-07,GLD,-4.970116,0.0069423416,-5.6183906,0.0036304793,N-BEATS(L=90),1,test
2021-07-07,SPY,-5.083215,0.0061999424,-5.608645,0.0036660335,N-BEATS(L=90),1,test
2021-07-07,TLT,-5.1266556,0.005936381,-5.373205,0.0046392377,N-BEATS(L=90),1,test
2021-07-08,GLD,-5.579172,0.00377569,-5.3716035,0.0046466743,N-BEATS(L=90),1,test
2021-07-08,SPY,-4.9344244,0.007194601,-5.391187,0.0045565604,N-BEATS(L=90),1,test
2021-07-08,TLT,-6.249523,0.0019313749,-5.258296,0.005204165,N-BEATS(L=90),1,test
2021-07-09,GLD,-5.069392,0.0062862397,-5.037608,0.0064892513,N-BEATS(L=90),1,test
2021-07-09,SPY,-5.789421,0.003059753,-5.392262,0.004551666,N-BEATS(L=90),1,test
2021-07-09,TLT,-5.52114,0.0040012836,-5.426186,0.0043998444,N-BEATS(L=90),1,test
2021-07-12,GLD,-5.545178,0.0039062481,-4.869037,0.007680757,N-BEATS(L=90),1,test
2021-07-12,SPY,-5.523564,0.003991597,-4.713609,0.008972336,N-BEATS(L=90),1,test
2021-07-12,TLT,-4.4367943,0.011833814,-5.421811,0.004419136,N-BEATS(L=90),1,test
2021-07-13,GLD,-5.772077,0.0031132842,-5.0728307,0.006264662,N-BEATS(L=90),1,test
2021-07-13,SPY,-5.384039,0.004589249,-5.258968,0.0052006696,N-BEATS(L=90),1,test
2021-07-13,TLT,-5.53946,0.003928647,-5.2307673,0.0053494195,N-BEATS(L=90),1,test
2021-07-14,GLD,-5.5417395,0.003919703,-5.3065023,0.004959242,N-BEATS(L=90),1,test
2021-07-14,SPY,-5.3868947,0.0045761615,-5.7716684,0.0031145567,N-BEATS(L=90),1,test
2021-07-14,TLT,-4.9390955,0.0071610725,-5.413275,0.0044570207,N-BEATS(L=90),1,test
2021-07-15,GLD,-5.2481008,0.0052574943,-5.772999,0.003110416,N-BEATS(L=90),1,test
2021-07-15,SPY,-5.2883587,0.005050042,-5.5262585,0.003980856,N-BEATS(L=90),1,test
2021-07-15,TLT,-5.736189,0.0032270434,-5.23047,0.005351009,N-BEATS(L=90),1,test
2021-07-16,GLD,-5.4627466,0.004241889,-5.3738017,0.004636471,N-BEATS(L=90),1,test
2021-07-16,SPY,-4.164162,0.015542732,-5.77903,0.0030917134,N-BEATS(L=90),1,test
2021-07-16,TLT,-5.1409163,0.0058523244,-5.3740354,0.004635388,N-BEATS(L=90),1,test
2021-07-19,GLD,-5.0102997,0.0066689043,-5.6350756,0.0035704074,N-BEATS(L=90),1,test
2021-07-19,SPY,-4.6263185,0.009790738,-5.6075335,0.0036701106,N-BEATS(L=90),1,test
2021-07-19,TLT,-4.703253,0.00906574,-5.4148035,0.004450212,N-BEATS(L=90),1,test
2021-07-20,GLD,-5.7320824,0.0032403227,-5.423799,0.0044103595,N-BEATS(L=90),1,test
2021-07-20,SPY,-5.2730803,0.005127791,-4.95852,0.007023315,N-BEATS(L=90),1,test
2021-07-20,TLT,-4.737381,0.008761562,-5.444895,0.004318294,N-BEATS(L=90),1,test
2021-07-21,GLD,-5.474581,0.004191986,-5.196786,0.0055343234,N-BEATS(L=90),1,test
2021-07-21,SPY,-5.7642283,0.0031378157,-5.44152,0.004332891,N-BEATS(L=90),1,test
2021-07-21,TLT,-5.125431,0.0059436546,-5.4881864,0.004135337,N-BEATS(L=90),1,test
2021-07-22,GLD,-5.5471725,0.0038984644,-5.4964433,0.0041013327,N-BEATS(L=90),1,test
2021-07-22,SPY,-5.403023,0.004502949,-5.1293974,0.005920127,N-BEATS(L=90),1,test
2021-07-22,TLT,-5.869915,0.0028231132,-5.4377775,0.0043491386,N-BEATS(L=90),1,test
2021-07-23,GLD,-5.8487673,0.0028834515,-5.097788,0.006110248,N-BEATS(L=90),1,test
2021-07-23,SPY,-6.501035,0.0015018836,-5.3163195,0.004910795,N-BEATS(L=90),1,test
2021-07-23,TLT,-5.5180035,0.0040138536,-5.221604,0.005398663,N-BEATS(L=90),1,test
2021-07-26,GLD,-5.528175,0.003973234,-5.2741494,0.005122312,N-BEATS(L=90),1,test
2021-07-26,SPY,-5.075312,0.0062491354,-5.6585093,0.0034877122,N-BEATS(L=90),1,test
2021-07-26,TLT,-5.791458,0.0030535264,-4.7780585,0.0084123155,N-BEATS(L=90),1,test
2021-07-27,GLD,-5.1429267,0.005840571,-5.4641614,0.0042358916,N-BEATS(L=90),1,test
2021-07-27,SPY,-5.3675227,0.004665675,-6.0093155,0.0024557686,N-BEATS(L=90),1,test
2021-07-27,TLT,-5.250931,0.0052426364,-5.2679896,0.0051539615,N-BEATS(L=90),1,test
2021-07-28,GLD,-5.786324,0.0030692439,-5.451575,0.004289544,N-BEATS(L=90),1,test
2021-07-28,SPY,-5.81941,0.002969357,-5.628991,0.0035921976,N-BEATS(L=90),1,test
2021-07-28,TLT,-5.7220407,0.003273025,-5.244714,0.0052753314,N-BEATS(L=90),1,test
2021-07-29,GLD,-5.1452117,0.0058272406,-5.5298314,0.003966658,N-BEATS(L=90),1,test
2021-07-29,SPY,-5.6296597,0.0035897968,-5.8452687,0.002893557,N-BEATS(L=90),1,test
2021-07-29,TLT,-5.9259963,0.002669147,-5.5692368,0.00381339,N-BEATS(L=90),1,test
2021-07-30,GLD,-5.3696637,0.004655697,-5.453691,0.0042804764,N-BEATS(L=90),1,test
2021-07-30,SPY,-5.391947,0.0045531006,-5.631656,0.003582637,N-BEATS(L=90),1,test
2021-07-30,TLT,-4.8009243,0.008222144,-5.800355,0.0030264803,N-BEATS(L=90),1,test
2021-08-02,GLD,-5.9625406,0.0025733658,-5.352595,0.004735846,N-BEATS(L=90),1,test
2021-08-02,SPY,-4.903662,0.007419362,-5.066144,0.006306692,N-BEATS(L=90),1,test
2021-08-02,TLT,-5.5369496,0.0039385227,-5.3302503,0.004842858,N-BEATS(L=90),1,test
2021-08-03,GLD,-4.8646255,0.007714717,-5.4865317,0.0041421857,N-BEATS(L=90),1,test
2021-08-03,SPY,-5.607276,0.003671056,-5.4285264,0.0043895594,N-BEATS(L=90),1,test
2021-08-03,TLT,-4.637507,0.009681805,-5.4886107,0.0041335826,N-BEATS(L=90),1,test
2021-08-04,GLD,-5.33005,0.004843828,-5.3252463,0.004867152,N-BEATS(L=90),1,test
2021-08-04,SPY,-6.076475,0.0022962564,-5.0403094,0.0064717457,N-BEATS(L=90),1,test
2021-08-04,TLT,-5.5561385,0.0038636671,-5.31143,0.004934865,N-BEATS(L=90),1,test
2021-08-05,GLD,-5.570657,0.0038079787,-5.684874,0.0033969611,N-BEATS(L=90),1,test
2021-08-05,SPY,-6.355077,0.0017379017,-5.4134083,0.0044564256,N-BEATS(L=90),1,test
2021-08-05,TLT,-5.387504,0.0045733736,-5.260957,0.0051903366,N-BEATS(L=90),1,test
2021-08-06,GLD,-4.914534,0.0073391367,-5.709174,0.0033154094,N-BEATS(L=90),1,test
2021-08-06,SPY,-6.0585313,0.002337832,-5.3856773,0.004581736,N-BEATS(L=90),1,test
2021-08-06,TLT,-5.276912,0.0051081795,-5.2640686,0.00517421,N-BEATS(L=90),1,test
2021-08-09,GLD,-5.100726,0.006092321,-5.510325,0.0040447926,N-BEATS(L=90),1,test
2021-08-09,SPY,-5.995469,0.0024900087,-5.6568685,0.0034934396,N-BEATS(L=90),1,test
2021-08-09,TLT,-5.840152,0.0029084012,-5.2104373,0.005459286,N-BEATS(L=90),1,test
2021-08-10,GLD,-5.188627,0.005579664,-5.637959,0.0035601272,N-BEATS(L=90),1,test
2021-08-10,SPY,-6.209976,0.0020092854,-5.969971,0.0025543151,N-BEATS(L=90),1,test
2021-08-10,TLT,-4.915502,0.007332036,-5.1956043,0.005540867,N-BEATS(L=90),1,test
2021-08-11,GLD,-5.331145,0.0048385276,-5.159988,0.005741769,N-BEATS(L=90),1,test
2021-08-11,SPY,-5.632813,0.003578495,-5.885713,0.002778864,N-BEATS(L=90),1,test
2021-08-11,TLT,-5.328338,0.004852127,-5.1174,0.00599158,N-BEATS(L=90),1,test
2021-08-12,GLD,-5.448957,0.004300788,-5.335047,0.0048196847,N-BEATS(L=90),1,test
2021-08-12,SPY,-6.6439037,0.001301935,-5.6226463,0.0036150618,N-BEATS(L=90),1,test
2021-08-12,TLT,-5.4677835,0.004220577,-5.2888284,0.0050476706,N-BEATS(L=90),1,test
2021-08-13,GLD,-5.858818,0.0028546157,-5.7758656,0.0031015119,N-BEATS(L=90),1,test
2021-08-13,SPY,-5.1472316,0.005815482,-5.647245,0.003527221,N-BEATS(L=90),1,test
2021-08-13,TLT,-5.1839004,0.005606098,-5.6626678,0.0034732388,N-BEATS(L=90),1,test
2021-08-16,GLD,-5.338198,0.00480452,-5.3551908,0.0047235684,N-BEATS(L=90),1,test
2021-08-16,SPY,-5.0274124,0.0065557524,-5.210276,0.005460166,N-BEATS(L=90),1,test
2021-08-16,TLT,-5.5746717,0.0037927204,-5.510948,0.004042273,N-BEATS(L=90),1,test
2021-08-17,GLD,-5.245583,0.0052707475,-5.466806,0.0042247046,N-BEATS(L=90),1,test
2021-08-17,SPY,-4.9026413,0.0074269404,-5.3825374,0.004596145,N-BEATS(L=90),1,test
2021-08-17,TLT,-5.511553,0.0040398296,-5.109628,0.0060383277,N-BEATS(L=90),1,test
2021-08-18,GLD,-5.477647,0.004179152,-5.3272886,0.004857222,N-BEATS(L=90),1,test
2021-08-18,SPY,-5.0689855,0.006288797,-5.4347816,0.004362188,N-BEATS(L=90),1,test
2021-08-18,TLT,-5.807064,0.0030062434,-5.350298,0.0047467365,N-BEATS(L=90),1,test
2021-08-19,GLD,-5.7179213,0.0032865356,-5.412032,0.0044625625,N-BEATS(L=90),1,test
2021-08-19,SPY,-5.3710785,0.004649115,-5.778427,0.0030935775,N-BEATS(L=90),1,test
2021-08-19,TLT,-5.7182093,0.0032855892,-5.384087,0.0045890277,N-BEATS(L=90),1,test
2021-08-20,GLD,-5.5278835,0.003974392,-5.2360287,0.0053213476,N-BEATS(L=90),1,test
2021-08-20,SPY,-4.960209,0.007011463,-5.197937,0.005527957,N-BEATS(L=90),1,test
2021-08-20,TLT,-5.9806757,0.0025271182,-5.0405025,0.006470496,N-BEATS(L=90),1,test
2021-08-23,GLD,-5.8807793,0.0027926082,-5.535335,0.003944887,N-BEATS(L=90),1,test
2021-08-23,SPY,-6.3379974,0.001767839,-5.380256,0.004606642,N-BEATS(L=90),1,test
2021-08-23,TLT,-5.759043,0.0031541279,-5.4311275,0.0043781563,N-BEATS(L=90),1,test
2021-08-24,GLD,-5.347313,0.0047609266,-5.3238378,0.0048740124,N-BEATS(L=90),1,test
2021-08-24,SPY,-6.0081935,0.0024585256,-5.38326,0.004592826,N-BEATS(L=90),1,test
2021-08-24,TLT,-4.964569,0.0069809584,-5.2669067,0.0051595457,N-BEATS(L=90),1,test
2021-08-25,GLD,-5.1905026,0.0055692066,-5.5603485,0.0038474353,N-BEATS(L=90),1,test
2021-08-25,SPY,-5.8973193,0.0027467983,-5.5186787,0.0040111444,N-BEATS(L=90),1,test
2021-08-25,TLT,-5.3717895,0.0046458105,-5.345321,0.0047704186,N-BEATS(L=90),1,test
2021-08-26,GLD,-4.596304,0.010089057,-5.585235,0.0037528672,N-BEATS(L=90),1,test
2021-08-26,SPY,-5.618156,0.0036313313,-5.6409407,0.0035495278,N-BEATS(L=90),1,test
2021-08-26,TLT,-5.504189,0.004069688,-5.583053,0.003761065,N-BEATS(L=90),1,test
2021-08-27,GLD,-5.837641,0.0029157135,-5.577519,0.003781937,N-BEATS(L=90),1,test
2021-08-27,SPY,-5.725898,0.0032604248,-6.059322,0.0023359845,N-BEATS(L=90),1,test
2021-08-27,TLT,-5.8510537,0.0028768661,-5.73284,0.0032378684,N-BEATS(L=90),1,test
2021-08-30,GLD,-5.384938,0.0045851255,-5.635335,0.0035694814,N-BEATS(L=90),1,test
2021-08-30,SPY,-6.06221,0.0023292473,-6.0776796,0.0022934922,N-BEATS(L=90),1,test
2021-08-30,TLT,-5.0102754,0.006669067,-5.608866,0.0036652226,N-BEATS(L=90),1,test
2021-08-31,GLD,-5.6867332,0.0033906514,-5.348027,0.0047575273,N-BEATS(L=90),1,test
2021-08-31,SPY,-6.117662,0.002203602,-5.531619,0.003959573,N-BEATS(L=90),1,test
2021-08-31,TLT,-5.529428,0.0039682584,-5.6849575,0.0033966776,N-BEATS(L=90),1,test
2021-09-01,GLD,-5.7266774,0.003257884,-4.95596,0.007041319,N-BEATS(L=90),1,test
2021-09-01,SPY,-5.7030473,0.003335785,-5.536318,0.0039410116,N-BEATS(L=90),1,test
2021-09-01,TLT,-5.6319685,0.003581518,-5.522904,0.003994232,N-BEATS(L=90),1,test
2021-09-02,GLD,-5.1964383,0.0055362475,-5.228959,0.0053591006,N-BEATS(L=90),1,test
2021-09-02,SPY,-5.850932,0.002877216,-5.3713717,0.0046477513,N-BEATS(L=90),1,test
2021-09-02,TLT,-5.917164,0.0026928266,-5.53304,0.0039539505,N-BEATS(L=90),1,test
2021-09-03,GLD,-5.1341395,0.0058921194,-5.313719,0.004923583,N-BEATS(L=90),1,test
2021-09-03,SPY,-5.8973856,0.0027466163,-5.6515718,0.0035119925,N-BEATS(L=90),1,test
2021-09-03,TLT,-5.5488157,0.0038920639,-5.268035,0.005153728,N-BEATS(L=90),1,test
2021-09-07,GLD,-5.266168,0.005163358,-5.596335,0.0037114415,N-BEATS(L=90),1,test
2021-09-07,SPY,-5.4232316,0.004412863,-5.8015494,0.0030228675,N-BEATS(L=90),1,test
2021-09-07,TLT,-5.6115546,0.0036553822,-5.8537664,0.0028690726,N-BEATS(L=90),1,test
2021-09-08,GLD,-5.0999084,0.0060973056,-5.4661126,0.0042276345,N-BEATS(L=90),1,test
2021-09-08,SPY,-5.1932344,0.0055540134,-5.5005,0.0040847277,N-BEATS(L=90),1,test
2021-09-08,TLT,-4.931589,0.0072150286,-5.177752,0.0056406725,N-BEATS(L=90),1,test
2021-09-09,GLD,-5.7600904,0.003150827,-5.2831793,0.0050762664,N-BEATS(L=90),1,test
2021-09-09,SPY,-5.1346216,0.0058892793,-5.824554,0.0029541214,N-BEATS(L=90),1,test
2021-09-09,TLT,-5.443299,0.0043251915,-5.333495,0.004827169,N-BEATS(L=90),1,test
2021-09-10,GLD,-5.718797,0.003283658,-5.6523404,0.003509294,N-BEATS(L=90),1,test
2021-09-10,SPY,-4.953336,0.0070598195,-5.875664,0.0028069292,N-BEATS(L=90),1,test
2021-09-10,TLT,-6.066922,0.0023182975,-5.1742377,0.00566053,N-BEATS(L=90),1,test
2021-09-13,GLD,-5.0053763,0.0067018187,-5.046268,0.006433298,N-BEATS(L=90),1,test
2021-09-13,SPY,-5.120473,0.0059731975,-5.4482136,0.0043039867,N-BEATS(L=90),1,test
2021-09-13,TLT,-4.905727,0.007404059,-5.4144406,0.004451827,N-BEATS(L=90),1,test
2021-09-14,GLD,-5.608087,0.0036680794,-5.4478817,0.0043054153,N-BEATS(L=90),1,test
2021-09-14,SPY,-5.0449686,0.0064416626,-5.898878,0.0027425198,N-BEATS(L=90),1,test
2021-09-14,TLT,-5.179844,0.005628885,-5.8376403,0.0029157149,N-BEATS(L=90),1,test
2021-09-15,GLD,-5.2880607,0.005051547,-5.1257195,0.0059419405,N-BEATS(L=90),1,test
2021-09-15,SPY,-4.9798965,0.0068747737,-5.374879,0.0046314797,N-BEATS(L=90),1,test
2021-09-15,TLT,-5.4295497,0.00438507,-5.3523088,0.004737201,N-BEATS(L=90),1,test
2021-09-16,GLD,-5.5326624,0.0039554443,-5.7350683,0.0032306616,N-BEATS(L=90),1,test
2021-09-16,SPY,-5.322978,0.004878205,-5.0979223,0.0061094267,N-BEATS(L=90),1,test
2021-09-16,TLT,-5.766318,0.0031312662,-5.455353,0.004273369,N-BEATS(L=90),1,test
2021-09-17,GLD,-5.3861637,0.004579508,-5.1839113,0.0056060366,N-BEATS(L=90),1,test
2021-09-17,SPY,-4.379974,0.012525686,-5.1560316,0.00576453,N-BEATS(L=90),1,test
2021-09-17,TLT,-5.295633,0.0050134407,-5.3511,0.004742931,N-BEATS(L=90),1,test
2021-09-20,GLD,-5.3438935,0.004777234,-5.475691,0.004187335,N-BEATS(L=90),1,test
2021-09-20,SPY,-5.0089064,0.0066782027,-5.415496,0.004447132,N-BEATS(L=90),1,test
2021-09-20,TLT,-5.6575737,0.0034909768,-5.6669416,0.0034584263,N-BEATS(L=90),1,test
2021-09-21,GLD,-4.7271357,0.008851789,-5.146147,0.0058217943,N-BEATS(L=90),1,test
2021-09-21,SPY,-4.6220217,0.009832897,-5.362959,0.0046870173,N-BEATS(L=90),1,test
2021-09-21,TLT,-5.3394146,0.004798679,-5.30974,0.0049432116,N-BEATS(L=90),1,test
2021-09-22,GLD,-5.7034364,0.003334487,-5.237588,0.005313057,N-BEATS(L=90),1,test
2021-09-22,SPY,-4.956076,0.0070404997,-5.4717875,0.0042037116,N-BEATS(L=90),1,test
2021-09-22,TLT,-5.2732244,0.0051270523,-5.2801104,0.005091869,N-BEATS(L=90),1,test
2021-09-23,GLD,-5.233934,0.0053325063,-5.2977896,0.0050026397,N-BEATS(L=90),1,test
2021-09-23,SPY,-5.4493203,0.0042992258,-5.1824102,0.005614458,N-BEATS(L=90),1,test
2021-09-23,TLT,-5.624801,0.0036072803,-5.39185,0.0045535415,N-BEATS(L=90),1,test
2021-09-24,GLD,-5.6327643,0.003578669,-5.3624935,0.004689199,N-BEATS(L=90),1,test
2021-09-24,SPY,-5.677043,0.0034236675,-5.3951893,0.0045383614,N-BEATS(L=90),1,test
2021-09-24,TLT,-5.3822794,0.004597331,-5.2237234,0.0053872326,N-BEATS(L=90),1,test
2021-09-27,GLD,-5.5281873,0.003973185,-5.576668,0.0037851576,N-BEATS(L=90),1,test
2021-09-27,SPY,-4.8597097,0.007752734,-5.8551364,0.0028651448,N-BEATS(L=90),1,test
2021-09-27,TLT,-4.9721847,0.0069279964,-5.932806,0.0026510328,N-BEATS(L=90),1,test
2021-09-28,GLD,-5.013973,0.0066444506,-5.365046,0.004677245,N-BEATS(L=90),1,test
2021-09-28,SPY,-5.2842093,0.0050710407,-5.3843565,0.0045877914,N-BEATS(L=90),1,test
2021-09-28,TLT,-4.794128,0.008278214,-5.37011,0.004653619,N-BEATS(L=90),1,test
2021-09-29,GLD,-4.646859,0.009591681,-5.468106,0.0042192168,N-BEATS(L=90),1,test
2021-09-29,SPY,-4.764461,0.008527483,-5.105951,0.0060605737,N-BEATS(L=90),1,test
2021-09-29,TLT,-5.4936543,0.0041127875,-5.3442216,0.004775667,N-BEATS(L=90),1,test
2021-09-30,GLD,-5.417156,0.0044397544,-5.5100675,0.0040458343,N-BEATS(L=90),1,test
2021-09-30,SPY,-4.295125,0.013634867,-5.6440587,0.0035384777,N-BEATS(L=90),1,test
2021-09-30,TLT,-5.2112923,0.0054546203,-5.125321,0.0059443093,N-BEATS(L=90),1,test
2021-10-01,GLD,-5.071266,0.0062744706,-4.9812036,0.0068657943,N-BEATS(L=90),1,test
2021-10-01,SPY,-4.5287223,0.01079446,-5.0470915,0.0064280024,N-BEATS(L=90),1,test
2021-10-01,TLT,-5.0347676,0.00650771,-5.0672436,0.006299761,N-BEATS(L=90),1,test
2021-10-04,GLD,-5.2369423,0.0053164884,-5.4356604,0.004358356,N-BEATS(L=90),1,test
2021-10-04,SPY,-4.701144,0.009084876,-4.843169,0.007882034,N-BEATS(L=90),1,test
2021-10-04,TLT,-5.471639,0.004204335,-4.7768164,0.0084227715,N-BEATS(L=90),1,test
2021-10-05,GLD,-5.998731,0.0024818995,-5.1538773,0.0057769623,N-BEATS(L=90),1,test
2021-10-05,SPY,-4.6643567,0.0094253095,-4.74723,0.0086756935,N-BEATS(L=90),1,test
2021-10-05,TLT,-5.7112813,0.0033084308,-4.9030333,0.00742403,N-BEATS(L=90),1,test
2021-10-06,GLD,-5.575127,0.0037909937,-5.0418925,0.006461508,N-BEATS(L=90),1,test
2021-10-06,SPY,-5.1885257,0.005580228,-4.525738,0.010826724,N-BEATS(L=90),1,test
2021-10-06,TLT,-5.667555,0.0034563062,-6.0826416,0.00228214,N-BEATS(L=90),1,test
2021-10-07,GLD,-5.1538405,0.0057771746,-5.2520986,0.0052365176,N-BEATS(L=90),1,test
2021-10-07,SPY,-5.5996113,0.0036993015,-4.7256317,0.0088651115,N-BEATS(L=90),1,test
2021-10-07,TLT,-5.590938,0.0037315257,-5.1545525,0.0057730633,N-BEATS(L=90),1,test
2021-10-08,GLD,-5.8609996,0.0028483951,-5.9927225,0.002496857,N-BEATS(L=90),1,test
2021-10-08,SPY,-4.778405,0.0084094,-5.4406886,0.004336496,N-BEATS(L=90),1,test
2021-10-08,TLT,-6.1110044,0.0022183217,-5.748811,0.0031865682,N-BEATS(L=90),1,test
2021-10-11,GLD,-5.3319993,0.004834395,-5.812384,0.0029902924,N-BEATS(L=90),1,test
2021-10-11,SPY,-5.394934,0.004539519,-5.777426,0.0030966767,N-BEATS(L=90),1,test
2021-10-11,TLT,-5.303278,0.0049752584,-5.9486904,0.0026092553,N-BEATS(L=90),1,test
2021-10-12,GLD,-4.940448,0.007151395,-5.543089,0.003914417,N-BEATS(L=90),1,test
2021-10-12,SPY,-4.9170346,0.007320808,-5.070764,0.0062776217,N-BEATS(L=90),1,test
2021-10-12,TLT,-5.680018,0.0034134972,-5.3474665,0.004760196,N-BEATS(L=90),1,test
2021-10-13,GLD,-6.200307,0.002028808,-5.3553033,0.0047230367,N-BEATS(L=90),1,test
2021-10-13,SPY,-5.41956,0.0044290954,-5.2965536,0.0050088265,N-BEATS(L=90),1,test
2021-10-13,TLT,-5.425886,0.004401164,-5.5900526,0.0037348315,N-BEATS(L=90),1,test
2021-10-14,GLD,-5.467601,0.0042213476,-5.3492713,0.0047516124,N-BEATS(L=90),1,test
2021-10-14,SPY,-5.78544,0.0030719584,-5.2470846,0.005262839,N-BEATS(L=90),1,test
2021-10-14,TLT,-5.7232127,0.0032691911,-5.415637,0.0044465046,N-BEATS(L=90),1,test
2021-10-15,GLD,-5.8932486,0.0027580026,-5.565493,0.0038276927,N-BEATS(L=90),1,test
2021-10-15,SPY,-5.278808,0.005098504,-5.057854,0.0063591907,N-BEATS(L=90),1,test
2021-10-15,TLT,-5.0307994,0.0065335855,-5.176557,0.0056474167,N-BEATS(L=90),1,test
2021-10-18,GLD,-5.545121,0.00390647,-5.4344726,0.004363536,N-BEATS(L=90),1,test
2021-10-18,SPY,-5.8044615,0.0030140774,-5.0815873,0.006210044,N-BEATS(L=90),1,test
2021-10-18,TLT,-5.7122226,0.003305318,-6.101702,0.0022390531,N-BEATS(L=90),1,test
2021-10-19,GLD,-5.4494557,0.0042986437,-5.7086253,0.0033172294,N-BEATS(L=90),1,test
2021-10-19,SPY,-6.197,0.002035528,-5.459901,0.0042539774,N-BEATS(L=90),1,test
2021-10-19,TLT,-5.236005,0.0053214747,-5.770834,0.003117157,N-BEATS(L=90),1,test
2021-10-20,GLD,-5.820759,0.0029653541,-5.601894,0.003690867,N-BEATS(L=90),1,test
2021-10-20,SPY,-5.795007,0.0030427084,-5.105464,0.006063525,N-BEATS(L=90),1,test
2021-10-20,TLT,-5.4877214,0.0041372604,-5.4387608,0.0043448643,N-BEATS(L=90),1,test
2021-10-21,GLD,-4.4562774,0.011605486,-5.4276667,0.004393335,N-BEATS(L=90),1,test
2021-10-21,SPY,-5.175673,0.0056524114,-5.7977586,0.0030343484,N-BEATS(L=90),1,test
2021-10-21,TLT,-5.2864842,0.005059517,-5.7046123,0.0033305686,N-BEATS(L=90),1,test
2021-10-22,GLD,-5.9263487,0.0026682066,-5.5784864,0.0037782798,N-BEATS(L=90),1,test
2021-10-22,SPY,-5.2625003,0.0051823314,-5.855459,0.00286422,N-BEATS(L=90),1,test
2021-10-22,TLT,-5.768958,0.0031230098,-5.603372,0.0036854153,N-BEATS(L=90),1,test
2021-10-25,GLD,-5.2287827,0.0053600464,-5.5595775,0.003850403,N-BEATS(L=90),1,test
2021-10-25,SPY,-5.470935,0.004207297,-5.335225,0.004818825,N-BEATS(L=90),1,test
2021-10-25,TLT,-5.062081,0.006332369,-5.3814936,0.004600945,N-BEATS(L=90),1,test
2021-10-26,GLD,-5.2087407,0.0054685557,-5.5165877,0.0040195403,N-BEATS(L=90),1,test
2021-10-26,SPY,-5.5707774,0.0038075193,-5.7502894,0.0031818596,N-BEATS(L=90),1,test
2021-10-26,TLT,-4.6865115,0.00921879,-5.41466,0.004450851,N-BEATS(L=90),1,test
2021-10-27,GLD,-5.049128,0.0064149243,-5.3530245,0.004733812,N-BEATS(L=90),1,test
2021-10-27,SPY,-6.0371423,0.0023883744,-5.4208245,0.0044234977,N-BEATS(L=90),1,test
2021-10-27,TLT,-4.9978576,0.006752398,-5.6654377,0.0034636315,N-BEATS(L=90),1,test
2021-10-28,GLD,-5.41736,0.0044388506,-5.2629347,0.0051800804,N-BEATS(L=90),1,test
2021-10-28,SPY,-5.4872684,0.004139135,-5.8073735,0.003005313,N-BEATS(L=90),1,test
2021-10-28,TLT,-5.0813084,0.0062117763,-5.4414487,0.0043332013,N-BEATS(L=90),1,test
2021-10-29,GLD,-5.54821,0.0038944215,-5.4195237,0.0044292556,N-BEATS(L=90),1,test
2021-10-29,SPY,-5.564492,0.0038315256,-5.8770075,0.0028031613,N-BEATS(L=90),1,test
2021-10-29,TLT,-5.4391713,0.004343081,-5.5496073,0.0038889842,N-BEATS(L=90),1,test
2021-11-01,GLD,-5.933838,0.0026482986,-5.261148,0.0051893443,N-BEATS(L=90),1,test
2021-11-01,SPY,-6.0340667,0.0023957314,-5.449199,0.0042997464,N-BEATS(L=90),1,test
2021-11-01,TLT,-5.403947,0.0044987896,-5.1710577,0.0056785597,N-BEATS(L=90),1,test
2021-11-02,GLD,-5.0321474,0.006524784,-5.3409953,0.0047910996,N-BEATS(L=90),1,test
2021-11-02,SPY,-5.3520007,0.004738661,-6.0547314,0.0023467324,N-BEATS(L=90),1,test
2021-11-02,TLT,-4.9671917,0.0069626737,-5.236278,0.005320021,N-BEATS(L=90),1,test
2021-11-03,GLD,-5.7433987,0.003203861,-5.439809,0.004340313,N-BEATS(L=90),1,test
2021-11-03,SPY,-6.0999236,0.002243039,-5.936141,0.0026422061,N-BEATS(L=90),1,test
2021-11-03,TLT,-5.28244,0.0050800196,-5.397633,0.004527284,N-BEATS(L=90),1,test
2021-11-04,GLD,-4.9584303,0.0070239445,-5.4293504,0.004385944,N-BEATS(L=90),1,test
2021-11-04,SPY,-5.1961684,0.0055377423,-5.4675,0.0042217723,N-BEATS(L=90),1,test
2021-11-04,TLT,-5.1043897,0.0060700425,-5.3832397,0.004592918,N-BEATS(L=90),1,test
2021-11-05,GLD,-5.931269,0.00265511,-5.3464947,0.004764824,N-BEATS(L=90),1,test
2021-11-05,SPY,-5.8484917,0.0028842462,-5.7178693,0.0032867065,N-BEATS(L=90),1,test
2021-11-05,TLT,-5.6135197,0.0036482064,-5.5497413,0.0038884631,N-BEATS(L=90),1,test
2021-11-08,GLD,-5.4060755,0.004489224,-5.172223,0.0056719454,N-BEATS(L=90),1,test
2021-11-08,SPY,-5.308572,0.00494899,-5.8165703,0.0029778006,N-BEATS(L=90),1,test
2021-11-08,TLT,-5.250823,0.0052432013,-5.1640005,0.005718776,N-BEATS(L=90),1,test
2021-11-09,GLD,-4.5863323,0.010190164,-5.426631,0.0043978873,N-BEATS(L=90),1,test
2021-11-09,SPY,-4.8677306,0.007690799,-5.4839816,0.0041527622,N-BEATS(L=90),1,test
2021-11-09,TLT,-4.2038326,0.014938215,-5.2186956,0.0054143867,N-BEATS(L=90),1,test
2021-11-10,GLD,-6.16823,0.0020949407,-5.3741736,0.0046347473,N-BEATS(L=90),1,test
2021-11-10,SPY,-6.618666,0.0013352107,-5.651359,0.0035127394,N-BEATS(L=90),1,test
2021-11-10,TLT,-5.834989,0.0029234553,-5.2427287,0.0052858135,N-BEATS(L=90),1,test
2021-11-11,GLD,-5.542208,0.003917866,-5.29503,0.0050164633,N-BEATS(L=90),1,test
2021-11-11,SPY,-5.315297,0.004915818,-5.680906,0.0034104679,N-BEATS(L=90),1,test
2021-11-11,TLT,-4.8417554,0.007893186,-5.0803623,0.0062176557,N-BEATS(L=90),1,test
2021-11-12,GLD,-5.6148586,0.0036433248,-5.752607,0.0031744945,N-BEATS(L=90),1,test
2021-11-12,SPY,-5.639133,0.0035559502,-5.422477,0.004416195,N-BEATS(L=90),1,test
2021-11-12,TLT,-5.130178,0.0059155077,-5.5512795,0.0038824861,N-BEATS(L=90),1,test
2021-11-15,GLD,-5.2181215,0.005417496,-5.234259,0.0053307726,N-BEATS(L=90),1,test
2021-11-15,SPY,-5.445694,0.0043148445,-5.3715105,0.0046471064,N-BEATS(L=90),1,test
2021-11-15,TLT,-4.9612913,0.007003878,-5.1552377,0.005769109,N-BEATS(L=90),1,test
2021-11-16,GLD,-5.888581,0.0027709063,-5.16286,0.0057253023,N-BEATS(L=90),1,test
2021-11-16,SPY,-6.067856,0.002316134,-5.201746,0.005506941,N-BEATS(L=90),1,test
2021-11-16,TLT,-5.258823,0.0052014235,-5.35402,0.004729101,N-BEATS(L=90),1,test
2021-11-17,GLD,-5.6918626,0.0033733041,-4.9645567,0.0069810445,N-BEATS(L=90),1,test
2021-11-17,SPY,-5.202111,0.0055049327,-5.59873,0.0037025628,N-BEATS(L=90),1,test
2021-11-17,TLT,-5.8131537,0.0029879918,-5.116985,0.005994069,N-BEATS(L=90),1,test
2021-11-18,GLD,-5.031175,0.006531131,-5.3815856,0.0046005216,N-BEATS(L=90),1,test
2021-11-18,SPY,-5.641599,0.0035471914,-5.833995,0.0029263631,N-BEATS(L=90),1,test
2021-11-18,TLT,-5.625795,0.0036036975,-5.3561845,0.004718877,N-BEATS(L=90),1,test
2021-11-19,GLD,-4.923154,0.0072761467,-5.132097,0.005904168,N-BEATS(L=90),1,test
2021-11-19,SPY,-4.803717,0.008199213,-4.718011,0.0089329295,N-BEATS(L=90),1,test
2021-11-19,TLT,-5.0393176,0.0064781676,-5.3072953,0.0049553113,N-BEATS(L=90),1,test
2021-11-22,GLD,-5.397288,0.004528847,-5.3115025,0.0049345074,N-BEATS(L=90),1,test
2021-11-22,SPY,-4.972576,0.0069252844,-5.3635764,0.0046841237,N-BEATS(L=90),1,test
2021-11-22,TLT,-5.320275,0.004891409,-5.437373,0.0043508974,N-BEATS(L=90),1,test
2021-11-23,GLD,-5.4495373,0.004298293,-5.560172,0.003848114,N-BEATS(L=90),1,test
2021-11-23,SPY,-5.324151,0.004872486,-4.5076184,0.011024685,N-BEATS(L=90),1,test
2021-11-23,TLT,-5.163053,0.005724197,-5.254202,0.005225515,N-BEATS(L=90),1,test
2021-11-24,GLD,-4.9539957,0.007055162,-5.412762,0.0044593057,N-BEATS(L=90),1,test
2021-11-24,SPY,-4.799479,0.008234036,-5.3221545,0.0048822234,N-BEATS(L=90),1,test
2021-11-24,TLT,-5.05906,0.0063515264,-5.662545,0.0034736644,N-BEATS(L=90),1,test
2021-11-26,GLD,-5.6161056,0.0036387846,-5.4406357,0.0043367255,N-BEATS(L=90),1,test
2021-11-26,SPY,-4.916587,0.007324086,-5.2706637,0.0051401975,N-BEATS(L=90),1,test
2021-11-26,TLT,-5.1918035,0.005561967,-5.6343493,0.0035730014,N-BEATS(L=90),1,test
2021-11-29,GLD,-4.3537784,0.012858138,-5.8037143,0.0030163305,N-BEATS(L=90),1,test
2021-11-29,SPY,-4.5843997,0.010209877,-5.3244643,0.0048709596,N-BEATS(L=90),1,test
2021-11-29,TLT,-4.8383565,0.00792006,-5.6806083,0.0034114828,N-BEATS(L=90),1,test
2021-11-30,GLD,-5.2189436,0.0054130442,-5.6022134,0.003689688,N-BEATS(L=90),1,test
2021-11-30,SPY,-4.120537,0.016235797,-5.0435514,0.006450798,N-BEATS(L=90),1,test
2021-11-30,TLT,-4.6432295,0.009626559,-5.7830343,0.0030793576,N-BEATS(L=90),1,test
2021-12-01,GLD,-5.2893047,0.005045267,-5.450174,0.0042955577,N-BEATS(L=90),1,test
2021-12-01,SPY,-4.59409,0.010111419,-4.754392,0.008613779,N-BEATS(L=90),1,test
2021-12-01,TLT,-4.5800495,0.010254389,-4.966657,0.0069663967,N-BEATS(L=90),1,test
2021-12-02,GLD,-4.9576592,0.0070293625,-4.8082237,0.008162346,N-BEATS(L=90),1,test
2021-12-02,SPY,-4.1430435,0.015874464,-5.4588532,0.004258436,N-BEATS(L=90),1,test
2021-12-02,TLT,-4.297439,0.013603351,-5.019861,0.0066054435,N-BEATS(L=90),1,test
2021-12-03,GLD,-5.60329,0.0036857175,-4.968075,0.006956528,N-BEATS(L=90),1,test
2021-12-03,SPY,-4.548533,0.010582718,-4.59073,0.010145447,N-BEATS(L=90),1,test
2021-12-03,TLT,-4.781343,0.008384731,-5.3099785,0.004942033,N-BEATS(L=90),1,test
2021-12-06,GLD,-5.7872906,0.0030662788,-5.029039,0.006545098,N-BEATS(L=90),1,test
2021-12-06,SPY,-4.21848,0.0147210015,-4.590826,0.010144475,N-BEATS(L=90),1,test
2021-12-06,TLT,-4.9334974,0.0072012735,-4.3123536,0.013401969,N-BEATS(L=90),1,test
2021-12-07,GLD,-5.994364,0.0024927624,-5.189335,0.005575714,N-BEATS(L=90),1,test
2021-12-07,SPY,-5.368646,0.0046604364,-5.00439,0.006708434,N-BEATS(L=90),1,test
2021-12-07,TLT,-5.282439,0.0050800242,-5.152216,0.005786568,N-BEATS(L=90),1,test
2021-12-08,GLD,-5.7778497,0.0030953642,-5.5946445,0.0037177205,N-BEATS(L=90),1,test
2021-12-08,SPY,-5.360273,0.0046996237,-4.4738984,0.011402776,N-BEATS(L=90),1,test
2021-12-08,TLT,-5.0471125,0.0064278673,-4.9936028,0.0067811897,N-BEATS(L=90),1,test
2021-12-09,GLD,-5.776969,0.0030980916,-5.9196157,0.002686232,N-BEATS(L=90),1,test
2021-12-09,SPY,-5.0648675,0.0063147475,-5.0700464,0.0062821284,N-BEATS(L=90),1,test
2021-12-09,TLT,-5.2732754,0.005126791,-4.847722,0.007846231,N-BEATS(L=90),1,test
2021-12-10,GLD,-6.0032215,0.0024707797,-5.568846,0.0038148793,N-BEATS(L=90),1,test
2021-12-10,SPY,-5.4390955,0.00434341,-5.382653,0.0045956126,N-BEATS(L=90),1,test
2021-12-10,TLT,-5.575835,0.00378831,-5.2236037,0.0053878776,N-BEATS(L=90),1,test
2021-12-13,GLD,-5.4807067,0.004166384,-5.046586,0.006431252,N-BEATS(L=90),1,test
2021-12-13,SPY,-4.7822857,0.00837683,-5.4658666,0.004228675,N-BEATS(L=90),1,test
2021-12-13,TLT,-4.8917766,0.007508072,-5.262062,0.0051846025,N-BEATS(L=90),1,test
2021-12-14,GLD,-4.5435715,0.010635355,-5.522338,0.0039964938,N-BEATS(L=90),1,test
2021-12-14,SPY,-4.420367,0.012029819,-5.1870074,0.0055887066,N-BEATS(L=90),1,test
2021-12-14,TLT,-4.8687615,0.0076828743,-5.095478,0.006124378,N-BEATS(L=90),1,test
2021-12-15,GLD,-5.798621,0.003031732,-5.2025886,0.005502303,N-BEATS(L=90),1,test
2021-12-15,SPY,-4.7012773,0.009083668,-5.348582,0.0047548898,N-BEATS(L=90),1,test
2021-12-15,TLT,-5.259551,0.0051976377,-5.071001,0.0062761344,N-BEATS(L=90),1,test
2021-12-16,GLD,-5.4021363,0.0045069424,-4.920538,0.0072952053,N-BEATS(L=90),1,test
2021-12-16,SPY,-4.606831,0.009983405,-5.2464633,0.00526611,N-BEATS(L=90),1,test
2021-12-16,TLT,-5.720825,0.0032770056,-5.2496758,0.00524922,N-BEATS(L=90),1,test
2021-12-17,GLD,-5.924427,0.002673339,-5.476063,0.0041857776,N-BEATS(L=90),1,test
2021-12-17,SPY,-5.0191054,0.0066104378,-4.4734235,0.011408193,N-BEATS(L=90),1,test
2021-12-17,TLT,-5.2834845,0.005074717,-5.206215,0.005482386,N-BEATS(L=90),1,test
2021-12-20,GLD,-5.619948,0.00362483,-5.404294,0.004497228,N-BEATS(L=90),1,test
2021-12-20,SPY,-4.738454,0.008752168,-5.0503855,0.006406863,N-BEATS(L=90),1,test
2021-12-20,TLT,-5.0691743,0.0062876097,-5.0770764,0.00623812,N-BEATS(L=90),1,test
2021-12-21,GLD,-5.2491255,0.0052521094,-5.5791607,0.0037757333,N-BEATS(L=90),1,test
2021-12-21,SPY,-5.401255,0.0045109154,-5.1850476,0.00559967,N-BEATS(L=90),1,test
2021-12-21,TLT,-5.532259,0.00395704,-5.1800117,0.0056279404,N-BEATS(L=90),1,test
2021-12-22,GLD,-5.3576107,0.0047121514,-4.9201827,0.0072977976,N-BEATS(L=90),1,test
2021-12-22,SPY,-5.351403,0.0047414927,-4.6322303,0.009733028,N-BEATS(L=90),1,test
2021-12-22,TLT,-5.119527,0.005978851,-5.315262,0.0049159913,N-BEATS(L=90),1,test
2021-12-23,GLD,-6.1138415,0.0022120369,-5.4770017,0.0041818493,N-BEATS(L=90),1,test
2021-12-23,SPY,-5.5221915,0.0039970786,-4.9692655,0.00694825,N-BEATS(L=90),1,test
2021-12-23,TLT,-5.887954,0.002772643,-5.5908666,0.0037317926,N-BEATS(L=90),1,test
2021-12-27,GLD,-5.6610537,0.0034788495,-5.703444,0.0033344617,N-BEATS(L=90),1,test
2021-12-27,SPY,-5.54176,0.0039196224,-5.215433,0.00543208,N-BEATS(L=90),1,test
2021-12-27,TLT,-5.053705,0.0063856295,-5.540616,0.0039241086,N-BEATS(L=90),1,test
2021-12-28,GLD,-5.5701966,0.0038097312,-5.6555142,0.0034981738,N-BEATS(L=90),1,test
2021-12-28,SPY,-5.5578704,0.0038569816,-5.095798,0.0061224187,N-BEATS(L=90),1,test
2021-12-28,TLT,-5.4697,0.0042124963,-5.219246,0.0054114084,N-BEATS(L=90),1,test
2021-12-29,GLD,-5.7128463,0.003303257,-5.1897917,0.0055731675,N-BEATS(L=90),1,test
2021-12-29,SPY,-5.4351153,0.004360732,-4.77083,0.008473343,N-BEATS(L=90),1,test
2021-12-29,TLT,-4.99546,0.0067686066,-5.217264,0.005422143,N-BEATS(L=90),1,test
2021-12-30,GLD,-5.5624156,0.0038394905,-5.5495086,0.0038893681,N-BEATS(L=90),1,test
2021-12-30,SPY,-5.7663927,0.0031310318,-5.57211,0.003802448,N-BEATS(L=90),1,test
2021-12-30,TLT,-4.8976707,0.0074639483,-5.241927,0.0052900524,N-BEATS(L=90),1,test
2021-12-31,GLD,-5.583048,0.0037610848,-5.666735,0.0034591404,N-BEATS(L=90),1,test
2021-12-31,SPY,-5.1755815,0.005652929,-4.8430004,0.007883365,N-BEATS(L=90),1,test
2021-12-31,TLT,-4.683693,0.00924481,-5.1556826,0.0057665426,N-BEATS(L=90),1,test
2022-01-03,GLD,-5.7061863,0.0033253303,-5.547929,0.0038955172,N-BEATS(L=90),1,test
2022-01-03,SPY,-5.092943,0.0061399224,-5.1410785,0.005851376,N-BEATS(L=90),1,test
2022-01-03,TLT,-4.984761,0.0068414113,-5.613488,0.0036483211,N-BEATS(L=90),1,test
2022-01-04,GLD,-5.078826,0.0062272158,-5.292469,0.0050293272,N-BEATS(L=90),1,test
2022-01-04,SPY,-4.7362614,0.008771378,-5.1059246,0.0060607325,N-BEATS(L=90),1,test
2022-01-04,TLT,-5.335943,0.004815366,-5.1453543,0.00582641,N-BEATS(L=90),1,test
2022-01-05,GLD,-5.5972605,0.003708008,-5.504708,0.004067577,N-BEATS(L=90),1,test
2022-01-05,SPY,-4.810783,0.008141483,-5.357961,0.0047105,N-BEATS(L=90),1,test
2022-01-05,TLT,-5.337095,0.004809824,-5.0051575,0.0067032855,N-BEATS(L=90),1,test
2022-01-06,GLD,-5.371405,0.0046475963,-5.560244,0.003847837,N-BEATS(L=90),1,test
2022-01-06,SPY,-5.046691,0.0064305775,-5.598701,0.0037026703,N-BEATS(L=90),1,test
2022-01-06,TLT,-4.9019494,0.007432081,-5.2166805,0.0054253084,N-BEATS(L=90),1,test
2022-01-07,GLD,-5.988094,0.002508441,-5.785883,0.003070598,N-BEATS(L=90),1,test
2022-01-07,SPY,-4.305064,0.013500019,-5.7045374,0.003330818,N-BEATS(L=90),1,test
2022-01-07,TLT,-5.138007,0.0058693746,-5.253406,0.0052296757,N-BEATS(L=90),1,test
2022-01-10,GLD,-5.4217014,0.0044196206,-5.3724294,0.0046428386,N-BEATS(L=90),1,test
2022-01-10,SPY,-4.5855184,0.010198462,-5.3042045,0.004970651,N-BEATS(L=90),1,test
2022-01-10,TLT,-5.649251,0.0035201525,-4.957677,0.0070292386,N-BEATS(L=90),1,test
2022-01-11,GLD,-6.063576,0.0023260675,-5.1495013,0.0058022975,N-BEATS(L=90),1,test
2022-01-11,SPY,-5.0592594,0.0063502607,-5.343262,0.004780251,N-BEATS(L=90),1,test
2022-01-11,TLT,-5.761555,0.0031462149,-4.9624777,0.0069955736,N-BEATS(L=90),1,test
2022-01-12,GLD,-5.5342574,0.00394914,-5.311737,0.00493335,N-BEATS(L=90),1,test
2022-01-12,SPY,-4.6052904,0.009998797,-4.6696725,0.009375339,N-BEATS(L=90),1,test
2022-01-12,TLT,-5.1752453,0.0056548296,-4.5897555,0.010155341,N-BEATS(L=90),1,test
2022-01-13,GLD,-5.5174356,0.004016134,-5.593802,0.0037208544,N-BEATS(L=90),1,test
2022-01-13,SPY,-5.0570307,0.0063644294,-4.9019065,0.0074324,N-BEATS(L=90),1,test
2022-01-13,TLT,-5.122602,0.0059604933,-5.0972943,0.0061132647,N-BEATS(L=90),1,test
2022-01-14,GLD,-5.592486,0.0037257546,-5.229296,0.0053572943,N-BEATS(L=90),1,test
2022-01-14,SPY,-5.1720653,0.005672841,-4.7620487,0.008548079,N-BEATS(L=90),1,test
2022-01-14,TLT,-5.249134,0.005252064,-5.1516705,0.005789725,N-BEATS(L=90),1,test
2022-01-18,GLD,-5.208254,0.005471219,-5.3181562,0.004901783,N-BEATS(L=90),1,test
2022-01-18,SPY,-4.6918774,0.009169456,-5.124773,0.005947567,N-BEATS(L=90),1,test
2022-01-18,TLT,-5.0201626,0.006603453,-5.2786713,0.0050992016,N-BEATS(L=90),1,test
2022-01-19,GLD,-5.6851544,0.0033960086,-5.7288814,0.0032507116,N-BEATS(L=90),1,test
2022-01-19,SPY,-3.9072857,0.02009497,-5.095681,0.0061231344,N-BEATS(L=90),1,test
2022-01-19,TLT,-5.589594,0.003736545,-5.049079,0.0064152395,N-BEATS(L=90),1,test
2022-01-20,GLD,-5.396171,0.004533908,-5.792841,0.0030493068,N-BEATS(L=90),1,test
2022-01-20,SPY,-4.4135675,0.012111891,-5.698967,0.0033494236,N-BEATS(L=90),1,test
2022-01-20,TLT,-4.964495,0.0069814743,-5.0920424,0.0061454554,N-BEATS(L=90),1,test
2022-01-21,GLD,-5.2511377,0.0052415514,-5.479629,0.0041708765,N-BEATS(L=90),1,test
2022-01-21,SPY,-3.4985316,0.030241758,-5.418128,0.004435442,N-BEATS(L=90),1,test
2022-01-21,TLT,-5.2562056,0.0052150553,-5.1344028,0.0058905687,N-BEATS(L=90),1,test
2022-01-24,GLD,-5.271374,0.005136547,-5.4492116,0.0042996933,N-BEATS(L=90),1,test
2022-01-24,SPY,-3.891808,0.020408414,-4.765492,0.008518697,N-BEATS(L=90),1,test
2022-01-24,TLT,-4.7525187,0.008629932,-5.4329586,0.004370147,N-BEATS(L=90),1,test
2022-01-25,GLD,-4.9227414,0.0072791483,-5.535453,0.003944422,N-BEATS(L=90),1,test
2022-01-25,SPY,-3.8044581,0.022271262,-4.906185,0.007400667,N-BEATS(L=90),1,test
2022-01-25,TLT,-4.970775,0.0069377683,-5.285513,0.005064434,N-BEATS(L=90),1,test
2022-01-26,GLD,-4.9290733,0.007233203,-5.5953326,0.0037151633,N-BEATS(L=90),1,test
2022-01-26,SPY,-4.076579,0.016965404,-4.5936174,0.010116197,N-BEATS(L=90),1,test
2022-01-26,TLT,-5.4628077,0.00424163,-5.2011733,0.0055100955,N-BEATS(L=90),1,test
2022-01-27,GLD,-5.483112,0.0041563753,-5.5728407,0.0037996713,N-BEATS(L=90),1,test
2022-01-27,SPY,-3.9674482,0.018921655,-4.1895103,0.015153703,N-BEATS(L=90),1,test
2022-01-27,TLT,-5.0254903,0.0065683653,-5.1160817,0.0059994846,N-BEATS(L=90),1,test
2022-01-28,GLD,-5.9363537,0.0026416443,-5.1614375,0.005733452,N-BEATS(L=90),1,test
2022-01-28,SPY,-4.4721107,0.011423179,-4.534599,0.010731212,N-BEATS(L=90),1,test
2022-01-28,TLT,-5.333391,0.0048276708,-5.4066744,0.004486536,N-BEATS(L=90),1,test
2022-01-31,GLD,-5.5416474,0.0039200634,-5.6587996,0.0034866997,N-BEATS(L=90),1,test
2022-01-31,SPY,-4.60207,0.010031051,-4.556031,0.010503663,N-BEATS(L=90),1,test
2022-01-31,TLT,-5.11501,0.006005919,-5.5217433,0.0039988705,N-BEATS(L=90),1,test
2022-02-01,GLD,-5.6328425,0.003578389,-5.23304,0.005337276,N-BEATS(L=90),1,test
2022-02-01,SPY,-4.898867,0.007455024,-4.695289,0.009138225,N-BEATS(L=90),1,test
2022-02-01,TLT,-4.8220973,0.008049887,-5.2464776,0.005266035,N-BEATS(L=90),1,test
2022-02-02,GLD,-4.89804,0.007461194,-5.4615955,0.0042467746,N-BEATS(L=90),1,test
2022-02-02,SPY,-4.6348553,0.009707512,-4.61758,0.009876669,N-BEATS(L=90),1,test
2022-02-02,TLT,-5.139167,0.005862572,-5.1943526,0.0055478066,N-BEATS(L=90),1,test
2022-02-03,GLD,-5.643598,0.003540108,-5.556171,0.0038635419,N-BEATS(L=90),1,test
2022-02-03,SPY,-4.2878237,0.013734784,-4.8853984,0.007556113,N-BEATS(L=90),1,test
2022-02-03,TLT,-5.151541,0.0057904734,-5.3783765,0.0046153087,N-BEATS(L=90),1,test
2022-02-04,GLD,-5.535943,0.003942489,-5.404258,0.004497391,N-BEATS(L=90),1,test
2022-02-04,SPY,-4.8953648,0.0074811797,-4.829409,0.007991241,N-BEATS(L=90),1,test
2022-02-04,TLT,-5.5797048,0.0037736795,-4.9028144,0.007425655,N-BEATS(L=90),1,test
2022-02-07,GLD,-5.8600254,0.0028511712,-5.4382215,0.004347208,N-BEATS(L=90),1,test
2022-02-07,SPY,-4.732198,0.00880709,-4.543448,0.010636669,N-BEATS(L=90),1,test
2022-02-07,TLT,-5.550789,0.0038843916,-4.7126207,0.008981209,N-BEATS(L=90),1,test
2022-02-08,GLD,-5.7964635,0.0030382806,-5.573265,0.0037980592,N-BEATS(L=90),1,test
2022-02-08,SPY,-5.7673225,0.0031281218,-4.859072,0.007757678,N-BEATS(L=90),1,test
2022-02-08,TLT,-5.137917,0.0058699036,-5.3971343,0.0045295428,N-BEATS(L=90),1,test
2022-02-09,GLD,-5.0645447,0.0063167866,-5.6097593,0.0036619506,N-BEATS(L=90),1,test
2022-02-09,SPY,-4.1235065,0.016187653,-4.9122767,0.007355722,N-BEATS(L=90),1,test
2022-02-09,TLT,-4.8311934,0.007976996,-4.929113,0.0072329165,N-BEATS(L=90),1,test
2022-02-10,GLD,-4.6988807,0.0091054635,-5.721559,0.0032746017,N-BEATS(L=90),1,test
2022-02-10,SPY,-4.149908,0.015765866,-5.1626577,0.00572646,N-BEATS(L=90),1,test
2022-02-10,TLT,-4.198091,0.01502423,-5.546281,0.0039019422,N-BEATS(L=90),1,test
2022-02-11,GLD,-5.492923,0.004115797,-5.5548186,0.00386877,N-BEATS(L=90),1,test
2022-02-11,SPY,-4.6036787,0.010014926,-5.3598948,0.004701401,N-BEATS(L=90),1,test
2022-02-11,TLT,-4.741001,0.008729902,-5.3416276,0.0047880714,N-BEATS(L=90),1,test
2022-02-14,GLD,-5.5505495,0.0038853216,-5.38119,0.004602343,N-BEATS(L=90),1,test
2022-02-14,SPY,-5.6126304,0.003651452,-4.5429873,0.010641569,N-BEATS(L=90),1,test
2022-02-14,TLT,-5.5889,0.0037391384,-4.9994636,0.0067415624,N-BEATS(L=90),1,test
2022-02-15,GLD,-5.90095,0.0027368437,-5.3482714,0.004756366,N-BEATS(L=90),1,test
2022-02-15,SPY,-4.712495,0.00898234,-4.712272,0.00898434,N-BEATS(L=90),1,test
2022-02-15,TLT,-4.8138585,0.008116482,-5.3030324,0.0049764803,N-BEATS(L=90),1,test
2022-02-16,GLD,-5.4905705,0.00412549,-5.7124977,0.0033044089,N-BEATS(L=90),1,test
2022-02-16,SPY,-4.287871,0.013734136,-5.0568767,0.00636541,N-BEATS(L=90),1,test
2022-02-16,TLT,-4.768075,0.00849672,-5.4615736,0.0042468677,N-BEATS(L=90),1,test
2022-02-17,GLD,-5.824903,0.0029530905,-5.621024,0.003620931,N-BEATS(L=90),1,test
2022-02-17,SPY,-4.585825,0.010195335,-4.5674257,0.010384658,N-BEATS(L=90),1,test
2022-02-17,TLT,-5.2358394,0.0053223553,-4.9276114,0.0072437855,N-BEATS(L=90),1,test
2022-02-18,GLD,-5.3101487,0.004941192,-5.70233,0.0033381782,N-BEATS(L=90),1,test
2022-02-18,SPY,-4.168857,0.015469931,-4.7572684,0.008589039,N-BEATS(L=90),1,test
2022-02-18,TLT,-5.3767085,0.0046230135,-4.897639,0.0074641868,N-BEATS(L=90),1,test
2022-02-22,GLD,-5.944013,0.0026214882,-5.758887,0.0031546212,N-BEATS(L=90),1,test
2022-02-22,SPY,-4.4166822,0.012074226,-5.274239,0.0051218527,N-BEATS(L=90),1,test
2022-02-22,TLT,-5.3403177,0.004794347,-5.015364,0.006635215,N-BEATS(L=90),1,test
2022-02-23,GLD,-3.816129,0.022012848,-5.3395014,0.004798263,N-BEATS(L=90),1,test
2022-02-23,SPY,-4.0955043,0.01664735,-4.8071885,0.008170799,N-BEATS(L=90),1,test
2022-02-23,TLT,-4.4157047,0.012086034,-5.280848,0.005088114,N-BEATS(L=90),1,test
2022-02-24,GLD,-5.5252585,0.0039848383,-5.5725784,0.003800668,N-BEATS(L=90),1,test
2022-02-24,SPY,-4.475044,0.011389724,-4.8927727,0.007500597,N-BEATS(L=90),1,test
2022-02-24,TLT,-5.1424937,0.0058431006,-4.994781,0.006773204,N-BEATS(L=90),1,test
2022-02-25,GLD,-4.629042,0.009764107,-5.306879,0.004957374,N-BEATS(L=90),1,test
2022-02-25,SPY,-4.5775237,0.010280322,-4.263266,0.014076253,N-BEATS(L=90),1,test
2022-02-25,TLT,-5.1301966,0.005915398,-4.9719553,0.0069295852,N-BEATS(L=90),1,test
2022-02-28,GLD,-5.1152062,0.006004739,-5.321991,0.004883022,N-BEATS(L=90),1,test
2022-02-28,SPY,-4.2152324,0.014768889,-4.6698356,0.009373811,N-BEATS(L=90),1,test
2022-02-28,TLT,-4.518143,0.010909261,-5.09999,0.0060968082,N-BEATS(L=90),1,test
2022-03-01,GLD,-4.902818,0.0074256267,-5.410155,0.004470948,N-BEATS(L=90),1,test
2022-03-01,SPY,-4.544798,0.010622319,-4.739534,0.00874272,N-BEATS(L=90),1,test
2022-03-01,TLT,-4.2846637,0.013778254,-5.386205,0.004579318,N-BEATS(L=90),1,test
2022-03-02,GLD,-5.046087,0.006434464,-5.4349575,0.0043614204,N-BEATS(L=90),1,test
2022-03-02,SPY,-4.6360126,0.009696284,-4.5164585,0.010927656,N-BEATS(L=90),1,test
2022-03-02,TLT,-4.773159,0.008453633,-5.208813,0.0054681594,N-BEATS(L=90),1,test
2022-03-03,GLD,-4.7530546,0.008625308,-5.2175164,0.005420775,N-BEATS(L=90),1,test
2022-03-03,SPY,-4.7111235,0.008994667,-4.553154,0.010533928,N-BEATS(L=90),1,test
2022-03-03,TLT,-4.8789916,0.0076046786,-4.9484606,0.007094322,N-BEATS(L=90),1,test
2022-03-04,GLD,-5.0388813,0.0064809946,-5.0344243,0.006509945,N-BEATS(L=90),1,test
2022-03-04,SPY,-4.4081283,0.012177951,-4.282708,0.013805225,N-BEATS(L=90),1,test
2022-03-04,TLT,-4.6604342,0.009462353,-4.4927588,0.011189732,N-BEATS(L=90),1,test
2022-03-07,GLD,-4.1631665,0.015558215,-5.1862726,0.0055928146,N-BEATS(L=90),1,test
2022-03-07,SPY,-3.9285955,0.01967128,-4.732077,0.0088081565,N-BEATS(L=90),1,test
2022-03-07,TLT,-5.298876,0.0049972087,-5.158208,0.0057519986,N-BEATS(L=90),1,test
2022-03-08,GLD,-4.671136,0.009361629,-5.2859654,0.0050621424,N-BEATS(L=90),1,test
2022-03-08,SPY,-4.547317,0.010595594,-4.826743,0.008012575,N-BEATS(L=90),1,test
2022-03-08,TLT,-5.2001066,0.0055159763,-5.0858054,0.0061839046,N-BEATS(L=90),1,test
2022-03-09,GLD,-4.7177587,0.008935183,-5.153632,0.0057783783,N-BEATS(L=90),1,test
2022-03-09,SPY,-4.70909,0.009012974,-4.577546,0.010280091,N-BEATS(L=90),1,test
2022-03-09,TLT,-4.9018855,0.007432556,-5.0478716,0.0064229895,N-BEATS(L=90),1,test
2022-03-10,GLD,-4.8636475,0.007722266,-5.4120183,0.0044626244,N-BEATS(L=90),1,test
2022-03-10,SPY,-4.6146817,0.0099053355,-4.37795,0.01255106,N-BEATS(L=90),1,test
2022-03-10,TLT,-5.1283765,0.005926174,-4.9212217,0.0072902185,N-BEATS(L=90),1,test
2022-03-11,GLD,-5.3914557,0.0045553376,-4.5004272,0.011104251,N-BEATS(L=90),1,test
2022-03-11,SPY,-4.3001685,0.013566272,-4.2374716,0.014444066,N-BEATS(L=90),1,test
2022-03-11,TLT,-5.4205084,0.0044248966,-4.6552377,0.009511652,N-BEATS(L=90),1,test
2022-03-14,GLD,-4.722711,0.008891041,-4.42363,0.0119906245,N-BEATS(L=90),1,test
2022-03-14,SPY,-4.557395,0.010489348,-4.6502466,0.009559244,N-BEATS(L=90),1,test
2022-03-14,TLT,-4.777428,0.00841762,-4.976286,0.006899641,N-BEATS(L=90),1,test
2022-03-15,GLD,-4.3812466,0.012509755,-5.179926,0.0056284233,N-BEATS(L=90),1,test
2022-03-15,SPY,-4.1429305,0.015876258,-4.086222,0.01680259,N-BEATS(L=90),1,test
2022-03-15,TLT,-4.2439923,0.014350187,-4.911175,0.0073638326,N-BEATS(L=90),1,test
2022-03-16,GLD,-5.239919,0.0053006853,-5.070952,0.0062764427,N-BEATS(L=90),1,test
2022-03-16,SPY,-4.956999,0.0070340065,-4.3900394,0.01240024,N-BEATS(L=90),1,test
2022-03-16,TLT,-4.490438,0.011215731,-4.824318,0.00803203,N-BEATS(L=90),1,test
2022-03-17,GLD,-4.9479294,0.0070980913,-5.0507665,0.0064044227,N-BEATS(L=90),1,test
2022-03-17,SPY,-4.8151774,0.008105784,-4.4218626,0.012011838,N-BEATS(L=90),1,test
2022-03-17,TLT,-5.75421,0.0031694095,-4.7669024,0.008506689,N-BEATS(L=90),1,test
2022-03-18,GLD,-5.085293,0.0061870753,-5.6739516,0.0034342676,N-BEATS(L=90),1,test
2022-03-18,SPY,-4.6870403,0.009213916,-4.5215654,0.010871991,N-BEATS(L=90),1,test
2022-03-18,TLT,-4.667027,0.009400175,-4.950672,0.0070786495,N-BEATS(L=90),1,test
2022-03-21,GLD,-5.2163253,0.005427236,-5.043388,0.006451853,N-BEATS(L=90),1,test
2022-03-21,SPY,-5.2304277,0.005351236,-4.6483116,0.00957776,N-BEATS(L=90),1,test
2022-03-21,TLT,-5.2363944,0.005319402,-5.029786,0.0065402095,N-BEATS(L=90),1,test
2022-03-22,GLD,-5.037133,0.006492334,-5.3817697,0.004599675,N-BEATS(L=90),1,test
2022-03-22,SPY,-5.081523,0.0062104436,-4.8476887,0.007846492,N-BEATS(L=90),1,test
2022-03-22,TLT,-4.5209985,0.010878157,-5.2096405,0.0054636374,N-BEATS(L=90),1,test
2022-03-23,GLD,-5.0844617,0.0061922194,-5.1970572,0.005532822,N-BEATS(L=90),1,test
2022-03-23,SPY,-5.034069,0.0065122577,-5.491084,0.0041233716,N-BEATS(L=90),1,test
2022-03-23,TLT,-4.8770022,0.0076198224,-4.6598244,0.009468125,N-BEATS(L=90),1,test
2022-03-24,GLD,-5.016616,0.006626915,-4.703558,0.009062974,N-BEATS(L=90),1,test
2022-03-24,SPY,-4.9876943,0.006821375,-5.2677,0.0051554535,N-BEATS(L=90),1,test
2022-03-24,TLT,-4.6612334,0.009454793,-4.5480714,0.010587604,N-BEATS(L=90),1,test
2022-03-25,GLD,-4.755843,0.008601289,-5.478357,0.0041761864,N-BEATS(L=90),1,test
2022-03-25,SPY,-4.898569,0.007457246,-5.313605,0.004924144,N-BEATS(L=90),1,test
2022-03-25,TLT,-4.8173556,0.008088147,-5.5379477,0.003934594,N-BEATS(L=90),1,test
2022-03-28,GLD,-4.9020042,0.0074316734,-4.881285,0.007587257,N-BEATS(L=90),1,test
2022-03-28,SPY,-4.9288964,0.0072344826,-5.174396,0.0056596342,N-BEATS(L=90),1,test
2022-03-28,TLT,-4.629551,0.00975914,-4.433345,0.011874705,N-BEATS(L=90),1,test
2022-03-29,GLD,-5.5325823,0.003955761,-5.275915,0.0051132753,N-BEATS(L=90),1,test
2022-03-29,SPY,-4.9699125,0.0069437553,-4.9104166,0.0073694177,N-BEATS(L=90),1,test
2022-03-29,TLT,-4.9085255,0.0073833675,-4.5497813,0.010569516,N-BEATS(L=90),1,test
2022-03-30,GLD,-5.2236,0.005387898,-5.1857677,0.0055956393,N-BEATS(L=90),1,test
2022-03-30,SPY,-4.8086605,0.008158781,-5.159197,0.005746313,N-BEATS(L=90),1,test
2022-03-30,TLT,-5.2244844,0.0053831344,-4.688903,0.00919677,N-BEATS(L=90),1,test
2022-03-31,GLD,-5.1463604,0.0058205505,-5.1099305,0.0060365023,N-BEATS(L=90),1,test
2022-03-31,SPY,-4.998581,0.0067475154,-4.7461023,0.008685483,N-BEATS(L=90),1,test
2022-03-31,TLT,-4.3108835,0.013421686,-4.8015623,0.0082169,N-BEATS(L=90),1,test
2022-04-01,GLD,-5.3379264,0.0048058257,-4.7789917,0.008404469,N-BEATS(L=90),1,test
2022-04-01,SPY,-5.2564745,0.005213653,-4.9282627,0.007239069,N-BEATS(L=90),1,test
2022-04-01,TLT,-5.0409875,0.0064673587,-5.0580077,0.006358214,N-BEATS(L=90),1,test
2022-04-04,GLD,-4.800354,0.008226834,-5.3088303,0.004947711,N-BEATS(L=90),1,test
2022-04-04,SPY,-4.5027313,0.011078696,-4.789291,0.008318353,N-BEATS(L=90),1,test
2022-04-04,TLT,-4.8106914,0.008142228,-4.708147,0.009021479,N-BEATS(L=90),1,test
2022-04-05,GLD,-5.0626807,0.0063285716,-5.2983203,0.0049999855,N-BEATS(L=90),1,test
2022-04-05,SPY,-4.7516546,0.008637392,-4.945254,0.007117108,N-BEATS(L=90),1,test
2022-04-05,TLT,-4.6785007,0.009292937,-5.023403,0.006582089,N-BEATS(L=90),1,test
2022-04-06,GLD,-5.5437737,0.0039117374,-5.306702,0.0049582515,N-BEATS(L=90),1,test
2022-04-06,SPY,-4.563486,0.0104256505,-4.6255083,0.009798673,N-BEATS(L=90),1,test
2022-04-06,TLT,-4.988332,0.006817027,-4.7777257,0.008415116,N-BEATS(L=90),1,test
2022-04-07,GLD,-5.550321,0.003886209,-5.4416203,0.0043324577,N-BEATS(L=90),1,test
2022-04-07,SPY,-4.9093847,0.0073770257,-4.4745145,0.011395753,N-BEATS(L=90),1,test
2022-04-07,TLT,-4.7414546,0.008725944,-4.9542313,0.0070535005,N-BEATS(L=90),1,test
2022-04-08,GLD,-4.806795,0.008174014,-5.333249,0.0048283567,N-BEATS(L=90),1,test
2022-04-08,SPY,-4.9959784,0.0067650992,-4.718761,0.008926231,N-BEATS(L=90),1,test
2022-04-08,TLT,-4.770279,0.008478015,-4.569191,0.010366343,N-BEATS(L=90),1,test
2022-04-11,GLD,-5.0516915,0.006398501,-5.4039664,0.0044987015,N-BEATS(L=90),1,test
2022-04-11,SPY,-4.3485093,0.012926067,-5.0864067,0.006180187,N-BEATS(L=90),1,test
2022-04-11,TLT,-5.023161,0.006583683,-5.00893,0.0066780434,N-BEATS(L=90),1,test
2022-04-12,GLD,-5.788554,0.0030624066,-5.34954,0.0047503347,N-BEATS(L=90),1,test
2022-04-12,SPY,-4.9975038,0.0067547876,-5.2253757,0.005378339,N-BEATS(L=90),1,test
2022-04-12,TLT,-4.82567,0.00802118,-4.6949267,0.009141537,N-BEATS(L=90),1,test
2022-04-13,GLD,-5.1438484,0.0058351904,-5.7333446,0.0032362354,N-BEATS(L=90),1,test
2022-04-13,SPY,-4.8468604,0.007852994,-4.87363,0.007645561,N-BEATS(L=90),1,test
2022-04-13,TLT,-4.5866566,0.01018686,-4.8669205,0.0076970323,N-BEATS(L=90),1,test
2022-04-14,GLD,-5.353199,0.004732986,-5.2926106,0.0050286152,N-BEATS(L=90),1,test
2022-04-14,SPY,-5.0386834,0.006482277,-4.8073688,0.008169327,N-BEATS(L=90),1,test
2022-04-14,TLT,-4.923832,0.0072712144,-5.0268664,0.0065593324,N-BEATS(L=90),1,test
2022-04-18,GLD,-4.8686094,0.007684043,-5.526095,0.003981507,N-BEATS(L=90),1,test
2022-04-18,SPY,-4.807193,0.008170765,-4.8711157,0.007664809,N-BEATS(L=90),1,test
2022-04-18,TLT,-5.0820503,0.006207169,-4.790263,0.0083102705,N-BEATS(L=90),1,test
2022-04-19,GLD,-5.598495,0.003703433,-5.2230554,0.005390833,N-BEATS(L=90),1,test
2022-04-19,SPY,-5.1649036,0.0057136132,-4.7054768,0.009045601,N-BEATS(L=90),1,test
2022-04-19,TLT,-4.6598363,0.0094680125,-4.6732693,0.0093416795,N-BEATS(L=90),1,test
2022-04-20,GLD,-5.130143,0.0059157135,-5.4382033,0.0043472867,N-BEATS(L=90),1,test
2022-04-20,SPY,-4.239671,0.0144123295,-4.924255,0.0072681396,N-BEATS(L=90),1,test
2022-04-20,TLT,-4.5813,0.010241576,-5.1881886,0.0055821096,N-BEATS(L=90),1,test
2022-04-21,GLD,-4.938224,0.0071673174,-5.4794016,0.0041718255,N-BEATS(L=90),1,test
2022-04-21,SPY,-4.301939,0.013542275,-4.855467,0.007785698,N-BEATS(L=90),1,test
2022-04-21,TLT,-4.6516027,0.009546289,-5.0428257,0.006455481,N-BEATS(L=90),1,test
2022-04-22,GLD,-5.4983983,0.0040933224,-5.1519175,0.005788295,N-BEATS(L=90),1,test
2022-04-22,SPY,-4.210209,0.014843267,-4.891017,0.0075137774,N-BEATS(L=90),1,test
2022-04-22,TLT,-5.1021695,0.006083534,-4.897281,0.0074668564,N-BEATS(L=90),1,test
2022-04-25,GLD,-5.2918224,0.0050325803,-5.007615,0.006686832,N-BEATS(L=90),1,test
2022-04-25,SPY,-4.7558947,0.008600847,-4.832989,0.007962683,N-BEATS(L=90),1,test
2022-04-25,TLT,-4.9150195,0.007335575,-4.686832,0.009215836,N-BEATS(L=90),1,test
2022-04-26,GLD,-5.4599442,0.004253793,-4.901151,0.0074380157,N-BEATS(L=90),1,test
2022-04-26,SPY,-4.316209,0.013350401,-4.885742,0.0075535155,N-BEATS(L=90),1,test
2022-04-26,TLT,-5.1499705,0.0057995757,-4.4755387,0.011384088,N-BEATS(L=90),1,test
2022-04-27,GLD,-5.5995164,0.0036996524,-5.2274294,0.0053673047,N-BEATS(L=90),1,test
2022-04-27,SPY,-3.995051,0.018406508,-4.86219,0.007733531,N-BEATS(L=90),1,test
2022-04-27,TLT,-5.239119,0.005304928,-5.295537,0.0050139213,N-BEATS(L=90),1,test
2022-04-28,GLD,-5.047476,0.006425532,-5.2726917,0.005129784,N-BEATS(L=90),1,test
2022-04-28,SPY,-4.029503,0.017783169,-4.87982,0.0075983824,N-BEATS(L=90),1,test
2022-04-28,TLT,-4.5160193,0.010932456,-4.9184647,0.0073103462,N-BEATS(L=90),1,test
2022-04-29,GLD,-4.9917903,0.006793491,-5.4787126,0.004174701,N-BEATS(L=90),1,test
2022-04-29,SPY,-3.994035,0.018425219,-4.9157557,0.007330176,N-BEATS(L=90),1,test
2022-04-29,TLT,-4.9322724,0.0072101,-5.098862,0.0061036875,N-BEATS(L=90),1,test
2022-05-02,GLD,-5.209657,0.005463546,-5.225296,0.0053787674,N-BEATS(L=90),1,test
2022-05-02,SPY,-4.6841817,0.009240293,-4.678061,0.0092970235,N-BEATS(L=90),1,test
2022-05-02,TLT,-5.061011,0.0063391486,-4.878215,0.007610588,N-BEATS(L=90),1,test
2022-05-03,GLD,-4.659825,0.0094681205,-5.466515,0.0042259335,N-BEATS(L=90),1,test
2022-05-03,SPY,-3.9049153,0.02014266,-4.582779,0.010226438,N-BEATS(L=90),1,test
2022-05-03,TLT,-4.7024164,0.009073325,-5.0825615,0.006203997,N-BEATS(L=90),1,test
2022-05-04,GLD,-4.806081,0.0081798555,-5.1264677,0.0059374967,N-BEATS(L=90),1,test
2022-05-04,SPY,-3.8621159,0.021023469,-4.315645,0.013357928,N-BEATS(L=90),1,test
2022-05-04,TLT,-4.262729,0.014083813,-4.635499,0.009701265,N-BEATS(L=90),1,test
2022-05-05,GLD,-4.9848948,0.0068404977,-5.257181,0.0052099703,N-BEATS(L=90),1,test
2022-05-05,SPY,-4.1586356,0.015628867,-4.4810104,0.0113219675,N-BEATS(L=90),1,test
2022-05-05,TLT,-4.565663,0.010402981,-5.076931,0.0062390273,N-BEATS(L=90),1,test
2022-05-06,GLD,-5.6823344,0.0034055992,-5.3360257,0.004814969,N-BEATS(L=90),1,test
2022-05-06,SPY,-4.2850356,0.013773131,-4.583002,0.010224156,N-BEATS(L=90),1,test
2022-05-06,TLT,-4.7745113,0.008442208,-4.978932,0.006881409,N-BEATS(L=90),1,test
2022-05-09,GLD,-4.909171,0.007378602,-5.389249,0.0045654015,N-BEATS(L=90),1,test
2022-05-09,SPY,-4.0149302,0.018044213,-4.8447857,0.007869304,N-BEATS(L=90),1,test
2022-05-09,TLT,-4.7157946,0.00895275,-4.7654886,0.008518725,N-BEATS(L=90),1,test
2022-05-10,GLD,-5.415678,0.004446322,-4.8503056,0.007825986,N-BEATS(L=90),1,test
2022-05-10,SPY,-3.9237123,0.019767577,-4.764624,0.008526092,N-BEATS(L=90),1,test
2022-05-10,TLT,-4.3655744,0.0127073545,-4.874601,0.007638142,N-BEATS(L=90),1,test
2022-05-11,GLD,-4.868463,0.007685168,-4.9517155,0.007071268,N-BEATS(L=90),1,test
2022-05-11,SPY,-3.979233,0.018699976,-4.776594,0.008424643,N-BEATS(L=90),1,test
2022-05-11,TLT,-4.936256,0.007181436,-5.063704,0.006322099,N-BEATS(L=90),1,test
2022-05-12,GLD,-5.0348215,0.0065073594,-5.214949,0.00543471,N-BEATS(L=90),1,test
2022-05-12,SPY,-4.519071,0.010899143,-4.412465,0.012125252,N-BEATS(L=90),1,test
2022-05-12,TLT,-5.222962,0.005391337,-4.8744354,0.007639406,N-BEATS(L=90),1,test
2022-05-13,GLD,-5.3210335,0.0048876996,-5.1869016,0.005589298,N-BEATS(L=90),1,test
2022-05-13,SPY,-4.4884944,0.0112375505,-4.5469217,0.010599784,N-BEATS(L=90),1,test
2022-05-13,TLT,-5.0591474,0.006350972,-5.083393,0.00619884,N-BEATS(L=90),1,test
2022-05-16,GLD,-5.4911118,0.0041232575,-4.904134,0.007415864,N-BEATS(L=90),1,test
2022-05-16,SPY,-4.5971737,0.010080285,-4.569083,0.010367461,N-BEATS(L=90),1,test
2022-05-16,TLT,-5.125674,0.0059422124,-4.8513455,0.007817851,N-BEATS(L=90),1,test
2022-05-17,GLD,-5.177404,0.005642636,-5.0488048,0.006416999,N-BEATS(L=90),1,test
2022-05-17,SPY,-4.19843,0.015019137,-4.3131666,0.0133910775,N-BEATS(L=90),1,test
2022-05-17,TLT,-4.741773,0.008723165,-4.9030886,0.0074236193,N-BEATS(L=90),1,test
2022-05-18,GLD,-5.022962,0.0065849926,-5.1567593,0.005760337,N-BEATS(L=90),1,test
2022-05-18,SPY,-4.3696947,0.012655104,-4.4771357,0.011365922,N-BEATS(L=90),1,test
2022-05-18,TLT,-4.8068542,0.008173531,-4.5710573,0.010347013,N-BEATS(L=90),1,test
2022-05-19,GLD,-5.213529,0.0054424326,-4.9769545,0.00689503,N-BEATS(L=90),1,test
2022-05-19,SPY,-3.5254016,0.029439982,-4.676729,0.009309413,N-BEATS(L=90),1,test
2022-05-19,TLT,-4.7060537,0.009040383,-4.88898,0.007529099,N-BEATS(L=90),1,test
2022-05-20,GLD,-5.4331017,0.004369522,-5.5721583,0.003802265,N-BEATS(L=90),1,test
2022-05-20,SPY,-4.464391,0.011511701,-4.940373,0.0071519306,N-BEATS(L=90),1,test
2022-05-20,TLT,-4.791746,0.008297956,-5.1823945,0.005614546,N-BEATS(L=90),1,test
2022-05-23,GLD,-5.6248627,0.0036070584,-5.3891764,0.004565732,N-BEATS(L=90),1,test
2022-05-23,SPY,-4.2226486,0.014659765,-4.424876,0.0119756935,N-BEATS(L=90),1,test
2022-05-23,TLT,-4.6751356,0.009324261,-4.846864,0.007852964,N-BEATS(L=90),1,test
2022-05-24,GLD,-5.155019,0.0057703718,-5.5716166,0.0038043251,N-BEATS(L=90),1,test
2022-05-24,SPY,-4.5177617,0.010913424,-4.508803,0.011011634,N-BEATS(L=90),1,test
2022-05-24,TLT,-5.1262164,0.0059389886,-4.73171,0.008811391,N-BEATS(L=90),1,test
2022-05-25,GLD,-5.4656982,0.004229387,-5.387649,0.004572711,N-BEATS(L=90),1,test
2022-05-25,SPY,-4.5054493,0.011048625,-4.5138044,0.010956697,N-BEATS(L=90),1,test
2022-05-25,TLT,-4.8787107,0.0076068146,-4.6210523,0.009842434,N-BEATS(L=90),1,test
2022-05-26,GLD,-5.8904557,0.002765716,-5.349291,0.0047515193,N-BEATS(L=90),1,test
2022-05-26,SPY,-4.942418,0.0071373186,-4.829793,0.007988174,N-BEATS(L=90),1,test
2022-05-26,TLT,-5.1589575,0.0057476885,-5.0617666,0.0063343593,N-BEATS(L=90),1,test
2022-05-27,GLD,-5.134978,0.005887182,-5.3132505,0.004925889,N-BEATS(L=90),1,test
2022-05-27,SPY,-4.513225,0.010963046,-4.5958233,0.010093907,N-BEATS(L=90),1,test
2022-05-27,TLT,-4.9388733,0.007162664,-5.1198144,0.0059771324,N-BEATS(L=90),1,test
2022-05-31,GLD,-5.3629227,0.004687187,-5.226766,0.005370866,N-BEATS(L=90),1,test
2022-05-31,SPY,-4.297252,0.0136058945,-4.2348614,0.014481817,N-BEATS(L=90),1,test
2022-05-31,TLT,-4.7065997,0.009035449,-5.0808725,0.006214484,N-BEATS(L=90),1,test
2022-06-01,GLD,-5.800839,0.0030250158,-5.2210765,0.005401511,N-BEATS(L=90),1,test
2022-06-01,SPY,-4.3262935,0.013216444,-4.4279366,0.0119391,N-BEATS(L=90),1,test
2022-06-01,TLT,-4.908779,0.0073814946,-5.0535445,0.006386656,N-BEATS(L=90),1,test
2022-06-02,GLD,-5.092653,0.0061417054,-5.332601,0.004831487,N-BEATS(L=90),1,test
2022-06-02,SPY,-4.9262023,0.0072539994,-4.353568,0.012860842,N-BEATS(L=90),1,test
2022-06-02,TLT,-5.24978,0.005248672,-5.2083035,0.0054709474,N-BEATS(L=90),1,test
2022-06-03,GLD,-5.619343,0.003627024,-5.6968985,0.0033563592,N-BEATS(L=90),1,test
2022-06-03,SPY,-4.6740365,0.009334515,-4.731771,0.008810854,N-BEATS(L=90),1,test
2022-06-03,TLT,-4.8349767,0.007946874,-5.081774,0.006208883,N-BEATS(L=90),1,test
2022-06-06,GLD,-5.759725,0.003151978,-5.4415,0.0043329783,N-BEATS(L=90),1,test
2022-06-06,SPY,-4.68304,0.009250848,-4.9439254,0.007126569,N-BEATS(L=90),1,test
2022-06-06,TLT,-4.986336,0.006830645,-5.0969296,0.006115495,N-BEATS(L=90),1,test
2022-06-07,GLD,-5.756436,0.0031623626,-5.3742914,0.004634201,N-BEATS(L=90),1,test
2022-06-07,SPY,-4.7831974,0.008369196,-4.646058,0.009599367,N-BEATS(L=90),1,test
2022-06-07,TLT,-5.1742744,0.0056603225,-5.362109,0.0046910015,N-BEATS(L=90),1,test
2022-06-08,GLD,-5.503231,0.004073588,-5.2919154,0.0050321124,N-BEATS(L=90),1,test
2022-06-08,SPY,-4.3276615,0.013198376,-4.580115,0.010253719,N-BEATS(L=90),1,test
2022-06-08,TLT,-5.232166,0.005341943,-4.576159,0.010294361,N-BEATS(L=90),1,test
2022-06-09,GLD,-4.3579164,0.012805041,-5.6745954,0.0034320576,N-BEATS(L=90),1,test
2022-06-09,SPY,-4.9217343,0.0072864825,-4.822396,0.008047484,N-BEATS(L=90),1,test
2022-06-09,TLT,-4.6386223,0.009671012,-5.09637,0.0061189164,N-BEATS(L=90),1,test
2022-06-10,GLD,-5.1949244,0.005544636,-5.257245,0.0052096373,N-BEATS(L=90),1,test
2022-06-10,SPY,-4.2835793,0.013793203,-5.033839,0.006513755,N-BEATS(L=90),1,test
2022-06-10,TLT,-4.2850423,0.013773039,-5.197871,0.0055283206,N-BEATS(L=90),1,test
2022-06-13,GLD,-5.381243,0.004602097,-5.2386007,0.0053076786,N-BEATS(L=90),1,test
2022-06-13,SPY,-4.3442874,0.012980755,-4.8047094,0.008191081,N-BEATS(L=90),1,test
2022-06-13,TLT,-4.4299755,0.011914781,-5.129801,0.005917739,N-BEATS(L=90),1,test
2022-06-14,GLD,-4.4768043,0.011369689,-5.7411914,0.0032109406,N-BEATS(L=90),1,test
2022-06-14,SPY,-3.8245099,0.021829132,-4.418892,0.012047575,N-BEATS(L=90),1,test
2022-06-14,TLT,-4.4336734,0.011870803,-4.876101,0.0076266923,N-BEATS(L=90),1,test
2022-06-15,GLD,-4.8999104,0.0074472497,-5.345741,0.0047684177,N-BEATS(L=90),1,test
2022-06-15,SPY,-4.4669023,0.011482832,-4.6925683,0.009163123,N-BEATS(L=90),1,test
2022-06-15,TLT,-4.2699347,0.013982696,-5.0381427,0.0064857835,N-BEATS(L=90),1,test
2022-06-16,GLD,-5.412945,0.0044584917,-5.2659883,0.0051642866,N-BEATS(L=90),1,test
2022-06-16,SPY,-4.274003,0.013925926,-4.69948,0.009100008,N-BEATS(L=90),1,test
2022-06-16,TLT,-4.4387116,0.011811146,-4.6368117,0.0096885385,N-BEATS(L=90),1,test
2022-06-17,GLD,-5.160534,0.005738635,-4.721734,0.0088997325,N-BEATS(L=90),1,test
2022-06-17,SPY,-4.9363756,0.007180576,-4.6808324,0.009271293,N-BEATS(L=90),1,test
2022-06-17,TLT,-4.862343,0.007732347,-4.661033,0.009456688,N-BEATS(L=90),1,test
2022-06-21,GLD,-5.3348165,0.004820795,-4.8589983,0.0077582514,N-BEATS(L=90),1,test
2022-06-21,SPY,-4.20974,0.014850226,-4.727917,0.008844874,N-BEATS(L=90),1,test
2022-06-21,TLT,-5.283087,0.0050767357,-4.740681,0.008732696,N-BEATS(L=90),1,test
2022-06-22,GLD,-4.7971363,0.008253348,-5.203055,0.0054997373,N-BEATS(L=90),1,test
2022-06-22,SPY,-4.51646,0.01092764,-4.469124,0.01145735,N-BEATS(L=90),1,test
2022-06-22,TLT,-4.57484,0.010307947,-4.61905,0.00986216,N-BEATS(L=90),1,test
2022-06-23,GLD,-5.6117516,0.0036546623,-5.2686377,0.0051506227,N-BEATS(L=90),1,test
2022-06-23,SPY,-4.8611465,0.0077416035,-4.568468,0.010373839,N-BEATS(L=90),1,test
2022-06-23,TLT,-4.6919637,0.009168664,-4.887704,0.007538712,N-BEATS(L=90),1,test
2022-06-24,GLD,-5.8632545,0.0028419793,-5.17478,0.005657462,N-BEATS(L=90),1,test
2022-06-24,SPY,-5.126003,0.0059402576,-4.7621474,0.008547235,N-BEATS(L=90),1,test
2022-06-24,TLT,-5.0565886,0.0063672434,-4.827856,0.008003662,N-BEATS(L=90),1,test
2022-06-27,GLD,-6.030555,0.0024041599,-5.538908,0.003930817,N-BEATS(L=90),1,test
2022-06-27,SPY,-4.0652795,0.017158194,-4.868088,0.0076880525,N-BEATS(L=90),1,test
2022-06-27,TLT,-4.9756966,0.0069037084,-4.842741,0.00788541,N-BEATS(L=90),1,test
2022-06-28,GLD,-5.3052216,0.0049655978,-5.4565487,0.0042682616,N-BEATS(L=90),1,test
2022-06-28,SPY,-4.9606094,0.007008655,-4.6393046,0.009664415,N-BEATS(L=90),1,test
2022-06-28,TLT,-4.9506574,0.0070787542,-4.642665,0.009631995,N-BEATS(L=90),1,test
2022-06-29,GLD,-5.10478,0.0060676723,-5.3674197,0.0046661557,N-BEATS(L=90),1,test
2022-06-29,SPY,-4.191918,0.015117263,-4.837582,0.007926196,N-BEATS(L=90),1,test
2022-06-29,TLT,-5.0739956,0.0062573683,-4.868217,0.007687059,N-BEATS(L=90),1,test
2022-06-30,GLD,-5.153438,0.0057795,-5.1312256,0.0059093134,N-BEATS(L=90),1,test
2022-06-30,SPY,-4.3709006,0.012639851,-4.68073,0.009272244,N-BEATS(L=90),1,test
2022-06-30,TLT,-4.241171,0.014390732,-4.825617,0.008021604,N-BEATS(L=90),1,test
2022-07-01,GLD,-4.768413,0.008493849,-5.0750833,0.006250566,N-BEATS(L=90),1,test
2022-07-01,SPY,-4.2844167,0.013781658,-5.0492573,0.0064140954,N-BEATS(L=90),1,test
2022-07-01,TLT,-4.6549516,0.009514374,-5.4540997,0.0042787273,N-BEATS(L=90),1,test
2022-07-05,GLD,-4.5488963,0.010578874,-5.7738395,0.0031078022,N-BEATS(L=90),1,test
2022-07-05,SPY,-4.471059,0.011435201,-4.8620043,0.0077349655,N-BEATS(L=90),1,test
2022-07-05,TLT,-4.6715384,0.009357863,-5.087157,0.0061755534,N-BEATS(L=90),1,test
2022-07-06,GLD,-5.474161,0.004193745,-5.2329454,0.00533778,N-BEATS(L=90),1,test
2022-07-06,SPY,-4.5789256,0.01026592,-4.695588,0.009135493,N-BEATS(L=90),1,test
2022-07-06,TLT,-4.928133,0.0072400076,-4.6581607,0.009483891,N-BEATS(L=90),1,test
2022-07-07,GLD,-5.0065417,0.0066940133,-4.9337053,0.0071997764,N-BEATS(L=90),1,test
2022-07-07,SPY,-4.734051,0.008790785,-4.6388736,0.009668582,N-BEATS(L=90),1,test
2022-07-07,TLT,-4.928243,0.0072392104,-4.867404,0.007693311,N-BEATS(L=90),1,test
2022-07-08,GLD,-5.4699507,0.0042114398,-4.847453,0.007848341,N-BEATS(L=90),1,test
2022-07-08,SPY,-5.183792,0.005606705,-4.685484,0.009228268,N-BEATS(L=90),1,test
2022-07-08,TLT,-5.1597724,0.0057430067,-4.798089,0.008245489,N-BEATS(L=90),1,test
2022-07-11,GLD,-5.612922,0.0036503866,-5.0000315,0.006737735,N-BEATS(L=90),1,test
2022-07-11,SPY,-4.387316,0.012434055,-4.7553573,0.00860547,N-BEATS(L=90),1,test
2022-07-11,TLT,-4.9042335,0.007415125,-4.7040606,0.009058421,N-BEATS(L=90),1,test
2022-07-12,GLD,-4.5990734,0.010061154,-5.2884693,0.0050494834,N-BEATS(L=90),1,test
2022-07-12,SPY,-4.414756,0.012097508,-4.849618,0.007831369,N-BEATS(L=90),1,test
2022-07-12,TLT,-4.314092,0.01337869,-5.0636806,0.0063222465,N-BEATS(L=90),1,test
2022-07-13,GLD,-4.953894,0.0070558786,-5.072519,0.006266616,N-BEATS(L=90),1,test
2022-07-13,SPY,-4.318275,0.013322846,-4.781681,0.008381897,N-BEATS(L=90),1,test
2022-07-13,TLT,-4.5927734,0.010124739,-5.249084,0.0052523273,N-BEATS(L=90),1,test
2022-07-14,GLD,-5.5195837,0.004007516,-5.274309,0.0051214937,N-BEATS(L=90),1,test
2022-07-14,SPY,-4.875758,0.007629308,-4.7142797,0.008966323,N-BEATS(L=90),1,test
2022-07-14,TLT,-4.927126,0.0072473027,-5.0355124,0.006502865,N-BEATS(L=90),1,test
2022-07-15,GLD,-5.308753,0.004948093,-5.091958,0.006145974,N-BEATS(L=90),1,test
2022-07-15,SPY,-4.465479,0.011499188,-4.8009853,0.008221642,N-BEATS(L=90),1,test
2022-07-15,TLT,-4.9895053,0.006809032,-4.645327,0.009606387,N-BEATS(L=90),1,test
2022-07-18,GLD,-6.041982,0.002376843,-5.681058,0.0034099491,N-BEATS(L=90),1,test
2022-07-18,SPY,-4.6746287,0.009328988,-4.8283553,0.007999667,N-BEATS(L=90),1,test
2022-07-18,TLT,-4.754199,0.008615443,-4.9540176,0.0070550074,N-BEATS(L=90),1,test
2022-07-19,GLD,-5.391519,0.0045550484,-5.352905,0.004734379,N-BEATS(L=90),1,test
2022-07-19,SPY,-4.7485194,0.008664514,-4.6451087,0.009608485,N-BEATS(L=90),1,test
2022-07-19,TLT,-4.834021,0.007954471,-5.049326,0.0064136554,N-BEATS(L=90),1,test
2022-07-20,GLD,-5.328807,0.004849853,-5.559324,0.00385138,N-BEATS(L=90),1,test
2022-07-20,SPY,-4.540894,0.010663869,-4.698495,0.009108976,N-BEATS(L=90),1,test
2022-07-20,TLT,-4.9270062,0.00724817,-4.7350492,0.008782016,N-BEATS(L=90),1,test
2022-07-21,GLD,-4.854617,0.0077923164,-5.7642193,0.0031378441,N-BEATS(L=90),1,test
2022-07-21,SPY,-4.4381413,0.011817884,-4.5391636,0.010682338,N-BEATS(L=90),1,test
2022-07-21,TLT,-4.8758774,0.0076283985,-4.775914,0.008430374,N-BEATS(L=90),1,test
2022-07-22,GLD,-5.6291924,0.0035914748,-5.5344605,0.003948338,N-BEATS(L=90),1,test
2022-07-22,SPY,-5.1444926,0.0058314325,-5.0429254,0.006454838,N-BEATS(L=90),1,test
2022-07-22,TLT,-5.2279553,0.0053644828,-4.7939763,0.00827947,N-BEATS(L=90),1,test
2022-07-25,GLD,-5.7935944,0.0030470104,-5.1269474,0.005934649,N-BEATS(L=90),1,test
2022-07-25,SPY,-5.1575775,0.0057556257,-4.6707015,0.009365697,N-BEATS(L=90),1,test
2022-07-25,TLT,-4.7962475,0.008260687,-4.9518986,0.0070699733,N-BEATS(L=90),1,test
2022-07-26,GLD,-4.604067,0.01001104,-5.5174723,0.0040159863,N-BEATS(L=90),1,test
2022-07-26,SPY,-4.449353,0.011686123,-4.392969,0.012363965,N-BEATS(L=90),1,test
2022-07-26,TLT,-4.7498517,0.008652979,-4.640436,0.009653486,N-BEATS(L=90),1,test
2022-07-27,GLD,-5.6275206,0.003597484,-4.8555665,0.007784922,N-BEATS(L=90),1,test
2022-07-27,SPY,-4.2852626,0.013770006,-4.800269,0.008227533,N-BEATS(L=90),1,test
2022-07-27,TLT,-4.6620774,0.0094468165,-4.7952385,0.008269027,N-BEATS(L=90),1,test
2022-07-28,GLD,-5.1113925,0.0060276836,-5.4438496,0.00432281,N-BEATS(L=90),1,test
2022-07-28,SPY,-4.770239,0.008478355,-4.786562,0.008341085,N-BEATS(L=90),1,test
2022-07-28,TLT,-4.444177,0.011746768,-5.207537,0.0054751416,N-BEATS(L=90),1,test
2022-07-29,GLD,-5.452936,0.0042837085,-5.200809,0.0055121034,N-BEATS(L=90),1,test
2022-07-29,SPY,-4.7958016,0.008264371,-4.928394,0.0072381194,N-BEATS(L=90),1,test
2022-07-29,TLT,-4.889169,0.0075276736,-4.7503395,0.008648759,N-BEATS(L=90),1,test
2022-08-01,GLD,-4.7681537,0.008496053,-5.3360443,0.004814879,N-BEATS(L=90),1,test
2022-08-01,SPY,-4.552746,0.010538229,-4.778323,0.00841009,N-BEATS(L=90),1,test
2022-08-01,TLT,-4.2197876,0.014701767,-4.8824735,0.0075782463,N-BEATS(L=90),1,test
2022-08-02,GLD,-5.109569,0.0060386844,-5.33424,0.004823575,N-BEATS(L=90),1,test
2022-08-02,SPY,-4.8993382,0.0074515124,-4.591247,0.010140205,N-BEATS(L=90),1,test
2022-08-02,TLT,-4.193323,0.015096035,-4.890772,0.007515619,N-BEATS(L=90),1,test
2022-08-03,GLD,-5.1656156,0.005709547,-5.155828,0.005765704,N-BEATS(L=90),1,test
2022-08-03,SPY,-5.3995104,0.004518793,-4.551677,0.010549496,N-BEATS(L=90),1,test
2022-08-03,TLT,-5.159078,0.005746995,-4.805464,0.008184904,N-BEATS(L=90),1,test
2022-08-04,GLD,-5.5236106,0.0039914106,-5.27457,0.0051201577,N-BEATS(L=90),1,test
2022-08-04,SPY,-5.2431874,0.0052833897,-4.781269,0.008385351,N-BEATS(L=90),1,test
2022-08-04,TLT,-5.008501,0.00668091,-4.742443,0.008717323,N-BEATS(L=90),1,test
2022-08-05,GLD,-5.873753,0.0028122987,-4.79263,0.008290622,N-BEATS(L=90),1,test
2022-08-05,SPY,-4.680849,0.009271138,-4.9483633,0.007095012,N-BEATS(L=90),1,test
2022-08-05,TLT,-5.415541,0.0044469307,-5.1529455,0.0057823476,N-BEATS(L=90),1,test
2022-08-08,GLD,-5.5191865,0.004009108,-5.4322476,0.004373255,N-BEATS(L=90),1,test
2022-08-08,SPY,-5.4859524,0.004144586,-4.8099117,0.008148579,N-BEATS(L=90),1,test
2022-08-08,TLT,-5.23423,0.0053309277,-4.7734666,0.008451033,N-BEATS(L=90),1,test
2022-08-09,GLD,-5.243571,0.0052813645,-5.1912313,0.0055651506,N-BEATS(L=90),1,test
2022-08-09,SPY,-5.2040434,0.005494304,-4.866246,0.0077022235,N-BEATS(L=90),1,test
2022-08-09,TLT,-4.3677926,0.012679198,-4.812971,0.0081236875,N-BEATS(L=90),1,test
2022-08-10,GLD,-5.3326917,0.004831049,-5.361248,0.004695043,N-BEATS(L=90),1,test
2022-08-10,SPY,-4.7631817,0.0085384,-4.9551573,0.007046972,N-BEATS(L=90),1,test
2022-08-10,TLT,-4.394145,0.012349434,-4.881194,0.007587948,N-BEATS(L=90),1,test
2022-08-11,GLD,-5.545692,0.0039042407,-5.1696415,0.005686607,N-BEATS(L=90),1,test
2022-08-11,SPY,-4.941083,0.0071468544,-5.111275,0.0060283905,N-BEATS(L=90),1,test
2022-08-11,TLT,-5.0242195,0.0065767174,-4.9679775,0.0069572045,N-BEATS(L=90),1,test
2022-08-12,GLD,-5.7167773,0.0032902975,-5.459693,0.004254862,N-BEATS(L=90),1,test
2022-08-12,SPY,-5.2965336,0.005008927,-4.9702816,0.0069411932,N-BEATS(L=90),1,test
2022-08-12,TLT,-5.058135,0.006357405,-4.9884377,0.0068163057,N-BEATS(L=90),1,test
2022-08-15,GLD,-6.0877204,0.002270579,-5.547005,0.003899117,N-BEATS(L=90),1,test
2022-08-15,SPY,-4.8981276,0.007460539,-4.9031067,0.0074234847,N-BEATS(L=90),1,test
2022-08-15,TLT,-4.575312,0.010303083,-4.8845987,0.0075621577,N-BEATS(L=90),1,test
2022-08-16,GLD,-5.4169874,0.0044405037,-5.3090706,0.004946522,N-BEATS(L=90),1,test
2022-08-16,SPY,-4.8106923,0.008142221,-4.962161,0.006997789,N-BEATS(L=90),1,test
2022-08-16,TLT,-5.4016027,0.004509348,-5.088877,0.006164938,N-BEATS(L=90),1,test
2022-08-17,GLD,-5.238506,0.005308182,-5.424093,0.0044090645,N-BEATS(L=90),1,test
2022-08-17,SPY,-5.313072,0.004926767,-5.232663,0.005339287,N-BEATS(L=90),1,test
2022-08-17,TLT,-5.04596,0.0064352797,-4.8785043,0.0076083858,N-BEATS(L=90),1,test
2022-08-18,GLD,-5.708416,0.003317924,-5.8515997,0.002875296,N-BEATS(L=90),1,test
2022-08-18,SPY,-5.23825,0.0053095417,-5.2935553,0.0050238674,N-BEATS(L=90),1,test
2022-08-18,TLT,-5.6253915,0.0036051515,-5.089268,0.006162528,N-BEATS(L=90),1,test
2022-08-19,GLD,-5.707274,0.0033217154,-5.7776437,0.003096002,N-BEATS(L=90),1,test
2022-08-19,SPY,-5.100762,0.006092103,-5.1654124,0.005710707,N-BEATS(L=90),1,test
2022-08-19,TLT,-5.2791076,0.0050969776,-5.206659,0.0054799523,N-BEATS(L=90),1,test
2022-08-22,GLD,-5.1439595,0.0058345417,-5.299678,0.004993202,N-BEATS(L=90),1,test
2022-08-22,SPY,-5.085611,0.006185108,-5.201912,0.005506027,N-BEATS(L=90),1,test
2022-08-22,TLT,-4.5195007,0.010894462,-5.3145385,0.0049195485,N-BEATS(L=90),1,test
2022-08-23,GLD,-5.4255652,0.004402577,-5.2283053,0.005362605,N-BEATS(L=90),1,test
2022-08-23,SPY,-5.130058,0.0059162183,-5.1451836,0.0058274046,N-BEATS(L=90),1,test
2022-08-23,TLT,-5.077829,0.0062334277,-5.3456125,0.004769029,N-BEATS(L=90),1,test
2022-08-24,GLD,-5.766059,0.003132077,-5.7343364,0.0032330272,N-BEATS(L=90),1,test
2022-08-24,SPY,-4.996963,0.006758441,-5.1858244,0.0055953218,N-BEATS(L=90),1,test
2022-08-24,TLT,-4.553128,0.010534205,-5.087517,0.0061733304,N-BEATS(L=90),1,test
2022-08-25,GLD,-4.920753,0.0072936364,-5.4717126,0.0042040264,N-BEATS(L=90),1,test
2022-08-25,SPY,-4.2971234,0.013607646,-4.981548,0.006863431,N-BEATS(L=90),1,test
2022-08-25,TLT,-4.6013393,0.010038382,-5.148093,0.0058104736,N-BEATS(L=90),1,test
2022-08-26,GLD,-5.518721,0.0040109744,-5.2510653,0.0052419314,N-BEATS(L=90),1,test
2022-08-26,SPY,-4.8154244,0.008103781,-5.139392,0.005861253,N-BEATS(L=90),1,test
2022-08-26,TLT,-5.2327294,0.0053389333,-5.110307,0.006034229,N-BEATS(L=90),1,test
2022-08-29,GLD,-5.5765553,0.0037855834,-5.5220942,0.0039974675,N-BEATS(L=90),1,test
2022-08-29,SPY,-4.4794555,0.011339586,-4.9779773,0.0068879807,N-BEATS(L=90),1,test
2022-08-29,TLT,-4.8375244,0.007926653,-5.0487432,0.006417393,N-BEATS(L=90),1,test
2022-08-30,GLD,-5.1633058,0.0057227504,-5.0529814,0.006390253,N-BEATS(L=90),1,test
2022-08-30,SPY,-4.812116,0.008130636,-5.290917,0.0050371396,N-BEATS(L=90),1,test
2022-08-30,TLT,-4.593493,0.010117456,-5.006563,0.0066938694,N-BEATS(L=90),1,test
2022-08-31,GLD,-5.3718567,0.004645498,-5.2796736,0.0050940933,N-BEATS(L=90),1,test
2022-08-31,SPY,-4.531572,0.010763744,-4.997306,0.0067561246,N-BEATS(L=90),1,test
2022-08-31,TLT,-4.7899704,0.008312703,-4.971898,0.006929982,N-BEATS(L=90),1,test
2022-09-01,GLD,-5.5063505,0.004060901,-5.366062,0.0046724947,N-BEATS(L=90),1,test
2022-09-01,SPY,-4.160745,0.0155959325,-5.033302,0.006517256,N-BEATS(L=90),1,test
2022-09-01,TLT,-5.066272,0.006305886,-5.0257673,0.006566546,N-BEATS(L=90),1,test
2022-09-02,GLD,-5.5562916,0.0038630757,-5.468406,0.004217949,N-BEATS(L=90),1,test
2022-09-02,SPY,-4.6469083,0.00959121,-5.1240044,0.005952141,N-BEATS(L=90),1,test
2022-09-02,TLT,-5.102123,0.006083818,-4.8727736,0.0076521114,N-BEATS(L=90),1,test
2022-09-06,GLD,-5.120289,0.005974297,-5.5162663,0.0040208325,N-BEATS(L=90),1,test
2022-09-06,SPY,-4.6472926,0.0095875235,-5.073573,0.0062600123,N-BEATS(L=90),1,test
2022-09-06,TLT,-5.023082,0.0065842043,-4.778501,0.008408594,N-BEATS(L=90),1,test
2022-09-07,GLD,-5.3787236,0.004613707,-5.466124,0.004227586,N-BEATS(L=90),1,test
2022-09-07,SPY,-4.698294,0.009110806,-5.038765,0.0064817485,N-BEATS(L=90),1,test
2022-09-07,TLT,-4.770607,0.008475234,-4.890764,0.0075156763,N-BEATS(L=90),1,test
2022-09-08,GLD,-5.612622,0.0036514835,-5.007714,0.006686172,N-BEATS(L=90),1,test
2022-09-08,SPY,-5.0318284,0.006526866,-5.2841315,0.0050714347,N-BEATS(L=90),1,test
2022-09-08,TLT,-4.873788,0.0076443544,-4.9226155,0.0072800647,N-BEATS(L=90),1,test
2022-09-09,GLD,-5.4212475,0.004421627,-5.3941307,0.004543168,N-BEATS(L=90),1,test
2022-09-09,SPY,-5.3911715,0.004556632,-5.283152,0.005076404,N-BEATS(L=90),1,test
2022-09-09,TLT,-4.521577,0.010871867,-5.107332,0.006052207,N-BEATS(L=90),1,test
2022-09-12,GLD,-5.544693,0.003908143,-5.1976223,0.0055296966,N-BEATS(L=90),1,test
2022-09-12,SPY,-4.236136,0.014463371,-5.2636566,0.005176342,N-BEATS(L=90),1,test
2022-09-12,TLT,-4.8879848,0.007536595,-5.0663533,0.006305372,N-BEATS(L=90),1,test
2022-09-13,GLD,-5.3513412,0.004741787,-5.3192973,0.004896193,N-BEATS(L=90),1,test
2022-09-13,SPY,-4.696985,0.009122743,-5.2219434,0.005396831,N-BEATS(L=90),1,test
2022-09-13,TLT,-5.1311364,0.0059098406,-4.750276,0.008649307,N-BEATS(L=90),1,test
2022-09-14,GLD,-4.5192614,0.01089707,-6.002825,0.0024717601,N-BEATS(L=90),1,test
2022-09-14,SPY,-4.412155,0.012129011,-5.24168,0.005291359,N-BEATS(L=90),1,test
2022-09-14,TLT,-5.5371027,0.0039379196,-5.2156305,0.005431008,N-BEATS(L=90),1,test
2022-09-15,GLD,-4.7188544,0.008925397,-5.647868,0.0035250236,N-BEATS(L=90),1,test
2022-09-15,SPY,-4.924445,0.007266757,-5.308318,0.0049502454,N-BEATS(L=90),1,test
2022-09-15,TLT,-4.77673,0.008423498,-5.1763964,0.0056483243,N-BEATS(L=90),1,test
2022-09-16,GLD,-5.673597,0.003435486,-5.258143,0.0052049616,N-BEATS(L=90),1,test
2022-09-16,SPY,-5.1486173,0.005807429,-4.943288,0.0071311137,N-BEATS(L=90),1,test
2022-09-16,TLT,-5.053253,0.0063885166,-5.165496,0.0057102307,N-BEATS(L=90),1,test
2022-09-19,GLD,-5.8372135,0.0029169593,-5.209577,0.005463984,N-BEATS(L=90),1,test
2022-09-19,SPY,-4.718183,0.008931392,-5.105028,0.006066168,N-BEATS(L=90),1,test
2022-09-19,TLT,-4.7088003,0.009015587,-4.9634733,0.006988612,N-BEATS(L=90),1,test
2022-09-20,GLD,-4.2196336,0.014704031,-5.33197,0.0048345355,N-BEATS(L=90),1,test
2022-09-20,SPY,-4.0854588,0.016815424,-5.115329,0.0060040033,N-BEATS(L=90),1,test
2022-09-20,TLT,-4.48235,0.011306812,-5.0702405,0.0062809093,N-BEATS(L=90),1,test
2022-09-21,GLD,-5.336025,0.0048149712,-5.3707256,0.0046507553,N-BEATS(L=90),1,test
2022-09-21,SPY,-4.7956,0.008266038,-5.1102676,0.006034468,N-BEATS(L=90),1,test
2022-09-21,TLT,-4.870811,0.0076671448,-5.200087,0.005516084,N-BEATS(L=90),1,test
2022-09-22,GLD,-5.2720566,0.005133043,-5.5166655,0.004019228,N-BEATS(L=90),1,test
2022-09-22,SPY,-4.3114944,0.01341349,-5.0857363,0.006184332,N-BEATS(L=90),1,test
2022-09-22,TLT,-4.393789,0.012353834,-4.867539,0.0076922732,N-BEATS(L=90),1,test
2022-09-23,GLD,-4.8082714,0.008161956,-4.9839716,0.006846816,N-BEATS(L=90),1,test
2022-09-23,SPY,-4.3139997,0.013379928,-4.8286986,0.007996921,N-BEATS(L=90),1,test
2022-09-23,TLT,-4.5115705,0.010981201,-4.7963758,0.008259628,N-BEATS(L=90),1,test
2022-09-26,GLD,-5.3135176,0.0049245735,-5.202487,0.005502862,N-BEATS(L=90),1,test
2022-09-26,SPY,-4.0948052,0.01665899,-4.8751855,0.007633678,N-BEATS(L=90),1,test
2022-09-26,TLT,-4.6426544,0.009632096,-4.821735,0.0080528045,N-BEATS(L=90),1,test
2022-09-27,GLD,-5.0147395,0.0066393614,-5.602742,0.0036877373,N-BEATS(L=90),1,test
2022-09-27,SPY,-4.1669,0.015500234,-4.8424153,0.007887979,N-BEATS(L=90),1,test
2022-09-27,TLT,-4.475621,0.011383149,-5.001461,0.00672811,N-BEATS(L=90),1,test
2022-09-28,GLD,-4.7888694,0.008321861,-5.47774,0.004178764,N-BEATS(L=90),1,test
2022-09-28,SPY,-4.3670893,0.012688119,-4.773429,0.008451352,N-BEATS(L=90),1,test
2022-09-28,TLT,-4.8071117,0.008171427,-5.1098623,0.006036914,N-BEATS(L=90),1,test
2022-09-29,GLD,-5.019996,0.006604552,-5.5082245,0.0040532975,N-BEATS(L=90),1,test
2022-09-29,SPY,-4.1731086,0.0154043,-5.000397,0.0067352713,N-BEATS(L=90),1,test
2022-09-29,TLT,-4.2515836,0.014241664,-5.0541034,0.0063830875,N-BEATS(L=90),1,test
2022-09-30,GLD,-4.7527676,0.008627784,-4.918106,0.007312968,N-BEATS(L=90),1,test
2022-09-30,SPY,-4.166987,0.015498889,-5.297908,0.0050020483,N-BEATS(L=90),1,test
2022-09-30,TLT,-4.564928,0.010410628,-4.9948764,0.006772558,N-BEATS(L=90),1,test
2022-10-03,GLD,-4.8929577,0.007499209,-5.161039,0.0057357377,N-BEATS(L=90),1,test
2022-10-03,SPY,-3.9295201,0.0196531,-4.698369,0.009110123,N-BEATS(L=90),1,test
2022-10-03,TLT,-4.7766724,0.008423984,-4.799738,0.008231904,N-BEATS(L=90),1,test
2022-10-04,GLD,-4.919311,0.0073041613,-5.0840635,0.0061946856,N-BEATS(L=90),1,test
2022-10-04,SPY,-4.211681,0.014821434,-4.345037,0.012971029,N-BEATS(L=90),1,test
2022-10-04,TLT,-4.7503624,0.00864856,-4.77662,0.008424426,N-BEATS(L=90),1,test
2022-10-05,GLD,-5.4477453,0.0043060025,-4.9479237,0.007098132,N-BEATS(L=90),1,test
2022-10-05,SPY,-4.543631,0.010634721,-4.4360623,0.011842478,N-BEATS(L=90),1,test
2022-10-05,TLT,-4.7947917,0.008272721,-4.645264,0.009606992,N-BEATS(L=90),1,test
2022-10-06,GLD,-5.232558,0.0053398497,-4.6828723,0.0092524,N-BEATS(L=90),1,test
2022-10-06,SPY,-3.846793,0.02134809,-4.622094,0.009832185,N-BEATS(L=90),1,test
2022-10-06,TLT,-4.831948,0.00797098,-4.928438,0.0072377985,N-BEATS(L=90),1,test
2022-10-07,GLD,-5.2448974,0.005274363,-5.2368364,0.005317051,N-BEATS(L=90),1,test
2022-10-07,SPY,-4.520725,0.010881134,-4.334896,0.0131032355,N-BEATS(L=90),1,test
2022-10-07,TLT,-4.594624,0.01010602,-4.599856,0.0100532845,N-BEATS(L=90),1,test
2022-10-10,GLD,-4.7709765,0.008472103,-5.4714894,0.0042049643,N-BEATS(L=90),1,test
2022-10-10,SPY,-4.2421,0.014377371,-4.7641077,0.008530497,N-BEATS(L=90),1,test
2022-10-10,TLT,-4.3055897,0.013492927,-4.9199185,0.0072997254,N-BEATS(L=90),1,test
2022-10-11,GLD,-5.4572945,0.0042650793,-5.496525,0.0041009984,N-BEATS(L=90),1,test
2022-10-11,SPY,-5.057321,0.0063625816,-4.914019,0.007342917,N-BEATS(L=90),1,test
2022-10-11,TLT,-4.982869,0.006854368,-4.962261,0.006997088,N-BEATS(L=90),1,test
2022-10-12,GLD,-4.4642534,0.011513288,-5.1944323,0.0055473647,N-BEATS(L=90),1,test
2022-10-12,SPY,-3.6915574,0.02493314,-4.5981536,0.010070412,N-BEATS(L=90),1,test
2022-10-12,TLT,-4.3432093,0.012994758,-4.924041,0.007269696,N-BEATS(L=90),1,test
2022-10-13,GLD,-5.2280374,0.0053640427,-5.03806,0.0064863185,N-BEATS(L=90),1,test
2022-10-13,SPY,-4.024139,0.017878812,-4.6017914,0.010033845,N-BEATS(L=90),1,test
2022-10-13,TLT,-4.666197,0.009407982,-4.877443,0.007616466,N-BEATS(L=90),1,test
2022-10-14,GLD,-4.96954,0.0069463416,-5.1103306,0.006034088,N-BEATS(L=90),1,test
2022-10-14,SPY,-3.896586,0.020311136,-4.667016,0.009400278,N-BEATS(L=90),1,test
2022-10-14,TLT,-4.633836,0.009717413,-4.8757,0.0076297517,N-BEATS(L=90),1,test
2022-10-17,GLD,-5.425672,0.0044021066,-5.407547,0.0044826227,N-BEATS(L=90),1,test
2022-10-17,SPY,-4.301739,0.01354498,-4.466601,0.011486293,N-BEATS(L=90),1,test
2022-10-17,TLT,-4.4855227,0.011270994,-4.8224063,0.008047399,N-BEATS(L=90),1,test
2022-10-18,GLD,-5.495608,0.0041047605,-5.001132,0.0067303237,N-BEATS(L=90),1,test
2022-10-18,SPY,-4.4183216,0.012054447,-4.43029,0.011911033,N-BEATS(L=90),1,test
2022-10-18,TLT,-4.9876204,0.0068218787,-4.6742816,0.009332227,N-BEATS(L=90),1,test
2022-10-19,GLD,-4.7220383,0.008897025,-5.169227,0.005688964,N-BEATS(L=90),1,test
2022-10-19,SPY,-4.212481,0.01480958,-4.7006807,0.009089088,N-BEATS(L=90),1,test
2022-10-19,TLT,-4.648427,0.009576654,-4.8705263,0.007669328,N-BEATS(L=90),1,test
2022-10-20,GLD,-4.916879,0.007321946,-5.199235,0.0055207866,N-BEATS(L=90),1,test
2022-10-20,SPY,-4.1940885,0.015084486,-4.4234724,0.011992517,N-BEATS(L=90),1,test
2022-10-20,TLT,-4.370471,0.012645283,-4.7274904,0.008848649,N-BEATS(L=90),1,test
2022-10-21,GLD,-5.3963585,0.004533058,-4.8504395,0.007824938,N-BEATS(L=90),1,test
2022-10-21,SPY,-4.415191,0.012092242,-4.0799584,0.016908169,N-BEATS(L=90),1,test
2022-10-21,TLT,-4.3694825,0.0126577895,-4.8671103,0.0076955715,N-BEATS(L=90),1,test
2022-10-24,GLD,-5.4270387,0.004396095,-4.8091207,0.008155027,N-BEATS(L=90),1,test
2022-10-24,SPY,-4.9635243,0.0069882553,-4.2868133,0.013748669,N-BEATS(L=90),1,test
2022-10-24,TLT,-5.3287125,0.0048503107,-4.8026385,0.008208062,N-BEATS(L=90),1,test
2022-10-25,GLD,-5.4604425,0.004251674,-5.091292,0.0061500696,N-BEATS(L=90),1,test
2022-10-25,SPY,-4.4706483,0.011439897,-4.36574,0.0127052525,N-BEATS(L=90),1,test
2022-10-25,TLT,-5.282693,0.0050787358,-4.6488404,0.009572696,N-BEATS(L=90),1,test
2022-10-26,GLD,-5.5274944,0.0039759385,-5.1575127,0.005755999,N-BEATS(L=90),1,test
2022-10-26,SPY,-4.6880407,0.009204703,-4.916933,0.007321551,N-BEATS(L=90),1,test
2022-10-26,TLT,-4.4369545,0.011831918,-5.0484138,0.0064195083,N-BEATS(L=90),1,test
2022-10-27,GLD,-5.3524103,0.00473672,-5.6062818,0.0036747074,N-BEATS(L=90),1,test
2022-10-27,SPY,-4.5644298,0.010415817,-4.6582465,0.009483077,N-BEATS(L=90),1,test
2022-10-27,TLT,-4.723571,0.008883401,-5.126426,0.005937743,N-BEATS(L=90),1,test
2022-10-28,GLD,-5.419068,0.004431275,-5.7498617,0.003183221,N-BEATS(L=90),1,test
2022-10-28,SPY,-5.1624184,0.005727831,-4.46768,0.011473904,N-BEATS(L=90),1,test
2022-10-28,TLT,-4.454897,0.011621518,-4.859671,0.007753033,N-BEATS(L=90),1,test
2022-10-31,GLD,-5.3176756,0.00490414,-5.5300264,0.0039658844,N-BEATS(L=90),1,test
2022-10-31,SPY,-4.674158,0.00933338,-4.5707273,0.0103504285,N-BEATS(L=90),1,test
2022-10-31,TLT,-4.837385,0.007927757,-5.126985,0.005934425,N-BEATS(L=90),1,test
2022-11-01,GLD,-4.3718495,0.012627863,-5.2330866,0.0053370264,N-BEATS(L=90),1,test
2022-11-01,SPY,-3.862663,0.02101197,-4.8250403,0.00802623,N-BEATS(L=90),1,test
2022-11-01,TLT,-4.451924,0.01165612,-4.867908,0.0076894346,N-BEATS(L=90),1,test
2022-11-02,GLD,-5.3756657,0.0046278373,-5.710126,0.0033122555,N-BEATS(L=90),1,test
2022-11-02,SPY,-4.5786457,0.010268793,-4.763407,0.008536474,N-BEATS(L=90),1,test
2022-11-02,TLT,-4.7670937,0.008505063,-4.9320993,0.0072113485,N-BEATS(L=90),1,test
2022-11-03,GLD,-5.052377,0.0063941153,-5.2404776,0.005297726,N-BEATS(L=90),1,test
2022-11-03,SPY,-4.091325,0.016717073,-4.4598284,0.011564348,N-BEATS(L=90),1,test
2022-11-03,TLT,-4.7065606,0.0090358015,-4.675373,0.009322046,N-BEATS(L=90),1,test
2022-11-04,GLD,-5.773414,0.0031091245,-4.930727,0.0072212513,N-BEATS(L=90),1,test
2022-11-04,SPY,-4.7466035,0.008681131,-4.614267,0.009909445,N-BEATS(L=90),1,test
2022-11-04,TLT,-4.978123,0.006886976,-4.71883,0.008925615,N-BEATS(L=90),1,test
2022-11-07,GLD,-4.5246406,0.010838609,-4.870625,0.0076685706,N-BEATS(L=90),1,test
2022-11-07,SPY,-4.294579,0.013642314,-4.847847,0.00784525,N-BEATS(L=90),1,test
2022-11-07,TLT,-4.7936225,0.0082824,-4.881119,0.0075885192,N-BEATS(L=90),1,test
2022-11-08,GLD,-4.8335,0.007958618,-5.532964,0.0039542504,N-BEATS(L=90),1,test
2022-11-08,SPY,-4.568224,0.010376372,-4.881728,0.0075838966,N-BEATS(L=90),1,test
2022-11-08,TLT,-4.7681303,0.008496251,-4.874205,0.0076411655,N-BEATS(L=90),1,test
2022-11-09,GLD,-5.1561675,0.005763747,-5.088018,0.0061702374,N-BEATS(L=90),1,test
2022-11-09,SPY,-4.3146515,0.013371209,-4.599017,0.01006172,N-BEATS(L=90),1,test
2022-11-09,TLT,-4.752309,0.008631743,-5.0150065,0.0066375886,N-BEATS(L=90),1,test
2022-11-10,GLD,-5.43647,0.0043548285,-5.246058,0.005268245,N-BEATS(L=90),1,test
2022-11-10,SPY,-4.692889,0.009160182,-4.687062,0.009213719,N-BEATS(L=90),1,test
2022-11-10,TLT,-5.1786947,0.0056353575,-4.7021675,0.009075584,N-BEATS(L=90),1,test
2022-11-11,GLD,-5.570455,0.0038087468,-5.183159,0.0056102565,N-BEATS(L=90),1,test
2022-11-11,SPY,-4.688025,0.009204848,-4.507836,0.011022288,N-BEATS(L=90),1,test
2022-11-11,TLT,-5.065344,0.0063117403,-4.8832655,0.0075722462,N-BEATS(L=90),1,test
2022-11-14,GLD,-4.949461,0.007087228,-5.304512,0.0049691224,N-BEATS(L=90),1,test
2022-11-14,SPY,-4.3237834,0.01324966,-4.706024,0.00904065,N-BEATS(L=90),1,test
2022-11-14,TLT,-5.1354866,0.0058841878,-4.992839,0.0067863716,N-BEATS(L=90),1,test
2022-11-15,GLD,-5.625801,0.0036036752,-5.2972445,0.005005367,N-BEATS(L=90),1,test
2022-11-15,SPY,-5.316456,0.0049101254,-4.627607,0.009778132,N-BEATS(L=90),1,test
2022-11-15,TLT,-4.7697535,0.008482471,-4.6682673,0.009388523,N-BEATS(L=90),1,test
2022-11-16,GLD,-5.80053,0.0030259506,-4.951894,0.007070007,N-BEATS(L=90),1,test
2022-11-16,SPY,-5.073182,0.0062624607,-4.565202,0.010407774,N-BEATS(L=90),1,test
2022-11-16,TLT,-5.1997614,0.005517881,-4.985895,0.006833658,N-BEATS(L=90),1,test
2022-11-17,GLD,-5.584735,0.003754745,-5.4248056,0.0044059223,N-BEATS(L=90),1,test
2022-11-17,SPY,-4.816058,0.008098648,-4.3827605,0.012490829,N-BEATS(L=90),1,test
2022-11-17,TLT,-4.9144464,0.00733978,-4.5469494,0.01059949,N-BEATS(L=90),1,test
2022-11-18,GLD,-5.323144,0.0048773955,-5.5119987,0.004038029,N-BEATS(L=90),1,test
2022-11-18,SPY,-5.1730514,0.0056672497,-4.459036,0.011573516,N-BEATS(L=90),1,test
2022-11-18,TLT,-5.1093526,0.006039992,-4.8408303,0.007900491,N-BEATS(L=90),1,test
2022-11-21,GLD,-5.590082,0.0037347209,-5.477645,0.0041791606,N-BEATS(L=90),1,test
2022-11-21,SPY,-4.9465938,0.0071075778,-4.6424184,0.00963437,N-BEATS(L=90),1,test
2022-11-21,TLT,-5.1734,0.0056652743,-5.283807,0.0050730817,N-BEATS(L=90),1,test
2022-11-22,GLD,-5.2942476,0.0050203903,-5.250846,0.005243081,N-BEATS(L=90),1,test
2022-11-22,SPY,-5.387075,0.004575337,-4.931157,0.007218146,N-BEATS(L=90),1,test
2022-11-22,TLT,-5.414714,0.0044506113,-5.002173,0.0067233215,N-BEATS(L=90),1,test
2022-11-23,GLD,-5.9758368,0.0025393763,-5.1784453,0.005636763,N-BEATS(L=90),1,test
2022-11-23,SPY,-6.083117,0.0022810556,-4.58396,0.010214367,N-BEATS(L=90),1,test
2022-11-23,TLT,-5.8215647,0.0029629655,-4.9041657,0.007415627,N-BEATS(L=90),1,test
2022-11-25,GLD,-5.736642,0.003225582,-5.56777,0.0038189872,N-BEATS(L=90),1,test
2022-11-25,SPY,-4.730326,0.008823592,-4.9643373,0.006982576,N-BEATS(L=90),1,test
2022-11-25,TLT,-4.9277215,0.007242988,-5.029008,0.006545301,N-BEATS(L=90),1,test
2022-11-28,GLD,-5.4117975,0.00446361,-5.8929696,0.002758772,N-BEATS(L=90),1,test
2022-11-28,SPY,-4.956389,0.0070382976,-4.9387283,0.0071637025,N-BEATS(L=90),1,test
2022-11-28,TLT,-4.937312,0.007173855,-5.2680607,0.0051535955,N-BEATS(L=90),1,test
2022-11-29,GLD,-4.65487,0.0095151495,-5.5721946,0.0038021272,N-BEATS(L=90),1,test
2022-11-29,SPY,-4.104043,0.016505808,-4.934971,0.0071906704,N-BEATS(L=90),1,test
2022-11-29,TLT,-5.0246844,0.0065736608,-5.277726,0.0051040235,N-BEATS(L=90),1,test
2022-11-30,GLD,-5.553922,0.0038722397,-5.086987,0.006176602,N-BEATS(L=90),1,test
2022-11-30,SPY,-4.7258058,0.008863569,-5.1572847,0.005757311,N-BEATS(L=90),1,test
2022-11-30,TLT,-4.628805,0.009766421,-5.34467,0.004773527,N-BEATS(L=90),1,test
2022-12-01,GLD,-5.109684,0.0060379906,-5.4545436,0.0042768284,N-BEATS(L=90),1,test
2022-12-01,SPY,-4.967091,0.0069633746,-5.227892,0.0053648227,N-BEATS(L=90),1,test
2022-12-01,TLT,-4.3489757,0.012920041,-5.148651,0.0058072326,N-BEATS(L=90),1,test
2022-12-02,GLD,-5.0721674,0.0062688184,-5.2356024,0.005323617,N-BEATS(L=90),1,test
2022-12-02,SPY,-4.6244516,0.009809032,-5.1300745,0.0059161196,N-BEATS(L=90),1,test
2022-12-02,TLT,-4.939217,0.007160202,-5.214414,0.005437618,N-BEATS(L=90),1,test
2022-12-05,GLD,-5.410317,0.004470223,-5.442201,0.004329942,N-BEATS(L=90),1,test
2022-12-05,SPY,-4.4166594,0.012074501,-5.1307,0.00591242,N-BEATS(L=90),1,test
2022-12-05,TLT,-4.8926873,0.007501237,-5.086696,0.0061783986,N-BEATS(L=90),1,test
2022-12-06,GLD,-5.3797526,0.0046089618,-5.0252886,0.0065696905,N-BEATS(L=90),1,test
2022-12-06,SPY,-5.0236225,0.006580645,-4.86852,0.007684732,N-BEATS(L=90),1,test
2022-12-06,TLT,-4.9236884,0.0072722584,-4.7584496,0.0085789,N-BEATS(L=90),1,test
2022-12-07,GLD,-5.487026,0.0041401377,-5.2798295,0.0050932993,N-BEATS(L=90),1,test
2022-12-07,SPY,-4.9463987,0.007108964,-5.196669,0.00553497,N-BEATS(L=90),1,test
2022-12-07,TLT,-5.155631,0.0057668397,-4.782231,0.008377289,N-BEATS(L=90),1,test
2022-12-08,GLD,-5.074879,0.006251842,-5.368671,0.004660321,N-BEATS(L=90),1,test
2022-12-08,SPY,-4.8857517,0.0075534433,-4.6086836,0.009964928,N-BEATS(L=90),1,test
2022-12-08,TLT,-4.785109,0.008353213,-4.788011,0.008329007,N-BEATS(L=90),1,test
2022-12-09,GLD,-5.498756,0.004091859,-5.220205,0.005406222,N-BEATS(L=90),1,test
2022-12-09,SPY,-5.060578,0.0063418937,-5.0303135,0.006536761,N-BEATS(L=90),1,test
2022-12-09,TLT,-4.5981517,0.010070432,-5.009757,0.0066725244,N-BEATS(L=90),1,test
2022-12-12,GLD,-4.9693584,0.006947604,-5.2962685,0.005010255,N-BEATS(L=90),1,test
2022-12-12,SPY,-4.170376,0.015446454,-4.965835,0.0069721257,N-BEATS(L=90),1,test
2022-12-12,TLT,-4.923742,0.00727187,-5.326795,0.00485962,N-BEATS(L=90),1,test
2022-12-13,GLD,-4.972819,0.006923604,-5.385973,0.0045803813,N-BEATS(L=90),1,test
2022-12-13,SPY,-4.1450367,0.015842855,-4.7981596,0.0082449075,N-BEATS(L=90),1,test
2022-12-13,TLT,-4.716664,0.008944971,-5.165686,0.0057091443,N-BEATS(L=90),1,test
2022-12-14,GLD,-5.399638,0.0045182155,-5.1029544,0.006078761,N-BEATS(L=90),1,test
2022-12-14,SPY,-4.506479,0.011037257,-5.0122113,0.006656168,N-BEATS(L=90),1,test
2022-12-14,TLT,-5.0774984,0.006235488,-4.9053097,0.007407149,N-BEATS(L=90),1,test
2022-12-15,GLD,-5.547298,0.0038979754,-4.7903132,0.008309854,N-BEATS(L=90),1,test
2022-12-15,SPY,-4.6327662,0.009727812,-4.9495444,0.0070866365,N-BEATS(L=90),1,test
2022-12-15,TLT,-4.6470137,0.009590199,-5.00403,0.006710846,N-BEATS(L=90),1,test
2022-12-16,GLD,-5.3977437,0.0045267832,-5.1180425,0.0059877327,N-BEATS(L=90),1,test
2022-12-16,SPY,-4.7547736,0.0086104935,-4.686876,0.009215432,N-BEATS(L=90),1,test
2022-12-16,TLT,-5.3206296,0.004889674,-5.0663915,0.0063051316,N-BEATS(L=90),1,test
2022-12-19,GLD,-5.27032,0.005141965,-4.609829,0.00995352,N-BEATS(L=90),1,test
2022-12-19,SPY,-4.845626,0.007862695,-4.7769427,0.008421707,N-BEATS(L=90),1,test
2022-12-19,TLT,-5.3309674,0.004839386,-5.28129,0.0050858655,N-BEATS(L=90),1,test
2022-12-20,GLD,-5.469545,0.004213149,-5.3465776,0.004764429,N-BEATS(L=90),1,test
2022-12-20,SPY,-4.9325395,0.007208175,-4.7790575,0.008403916,N-BEATS(L=90),1,test
2022-12-20,TLT,-4.692227,0.009166251,-5.070911,0.0062766997,N-BEATS(L=90),1,test
2022-12-21,GLD,-5.088161,0.006169355,-5.622429,0.003615848,N-BEATS(L=90),1,test
2022-12-21,SPY,-3.8670053,0.020920927,-4.6565943,0.009498757,N-BEATS(L=90),1,test
2022-12-21,TLT,-5.289722,0.005043162,-5.1096897,0.006037956,N-BEATS(L=90),1,test
2022-12-22,GLD,-5.3798757,0.004608395,-5.5174694,0.004015998,N-BEATS(L=90),1,test
2022-12-22,SPY,-4.867986,0.0076888334,-5.174446,0.0056593507,N-BEATS(L=90),1,test
2022-12-22,TLT,-5.33463,0.0048216935,-4.9945993,0.006774435,N-BEATS(L=90),1,test
2022-12-23,GLD,-4.4755125,0.011384386,-5.176434,0.0056481115,N-BEATS(L=90),1,test
2022-12-23,SPY,-5.102372,0.006082301,-4.6211944,0.009841035,N-BEATS(L=90),1,test
2022-12-23,TLT,-4.9430547,0.0071327765,-5.151746,0.005789289,N-BEATS(L=90),1,test
2022-12-27,GLD,-5.2586946,0.005202091,-5.4550776,0.004274545,N-BEATS(L=90),1,test
2022-12-27,SPY,-4.559078,0.010471707,-4.4371014,0.01183018,N-BEATS(L=90),1,test
2022-12-27,TLT,-4.899864,0.0074475943,-4.883278,0.0075721527,N-BEATS(L=90),1,test
2022-12-28,GLD,-5.719608,0.0032809973,-5.286548,0.005059194,N-BEATS(L=90),1,test
2022-12-28,SPY,-4.8881073,0.007535672,-4.729391,0.008831847,N-BEATS(L=90),1,test
2022-12-28,TLT,-4.9977136,0.0067533706,-5.3214273,0.004885775,N-BEATS(L=90),1,test
2022-12-29,GLD,-5.4315434,0.0043763365,-5.3686757,0.004660299,N-BEATS(L=90),1,test
2022-12-29,SPY,-4.9420877,0.0071396776,-4.9945145,0.00677501,N-BEATS(L=90),1,test
2022-12-29,TLT,-4.8133545,0.008120573,-5.174841,0.005657117,N-BEATS(L=90),1,test
2022-12-30,GLD,-4.767124,0.008504803,-5.314848,0.0049180267,N-BEATS(L=90),1,test
2022-12-30,SPY,-4.2109175,0.014832754,-4.78542,0.008350616,N-BEATS(L=90),1,test
2022-12-30,TLT,-4.665633,0.009413286,-5.004627,0.006706841,N-BEATS(L=90),1,test
2023-01-03,GLD,-5.2908106,0.005037675,-5.581561,0.0037666808,N-BEATS(L=90),1,test
2023-01-03,SPY,-4.526637,0.010816991,-5.2267575,0.005370912,N-BEATS(L=90),1,test
2023-01-03,TLT,-4.774546,0.008441915,-5.3531666,0.004733139,N-BEATS(L=90),1,test
2023-01-04,GLD,-5.3183107,0.004901026,-4.7610903,0.008556276,N-BEATS(L=90),1,test
2023-01-04,SPY,-5.457319,0.004264976,-4.7348537,0.0087837335,N-BEATS(L=90),1,test
2023-01-04,TLT,-5.1237197,0.0059538353,-4.964822,0.006979194,N-BEATS(L=90),1,test
2023-01-05,GLD,-4.7432475,0.008710314,-5.62774,0.003596695,N-BEATS(L=90),1,test
2023-01-05,SPY,-4.1471224,0.015809845,-4.762432,0.008544803,N-BEATS(L=90),1,test
2023-01-05,TLT,-4.569579,0.01036232,-4.8833976,0.0075712465,N-BEATS(L=90),1,test
2023-01-06,GLD,-5.4106965,0.0044685267,-5.2995234,0.0049939738,N-BEATS(L=90),1,test
2023-01-06,SPY,-4.590188,0.0101509495,-4.7346754,0.0087853,N-BEATS(L=90),1,test
2023-01-06,TLT,-4.837403,0.007927617,-4.92083,0.0072930767,N-BEATS(L=90),1,test
2023-01-09,GLD,-5.5997543,0.0036987723,-5.0641556,0.006319245,N-BEATS(L=90),1,test
2023-01-09,SPY,-5.126562,0.005936936,-4.7365007,0.008769278,N-BEATS(L=90),1,test
2023-01-09,TLT,-4.7839403,0.0083629815,-5.3153477,0.0049155694,N-BEATS(L=90),1,test
2023-01-10,GLD,-5.446063,0.0043132524,-5.294043,0.005021417,N-BEATS(L=90),1,test
2023-01-10,SPY,-5.1979594,0.005527833,-4.791153,0.008302879,N-BEATS(L=90),1,test
2023-01-10,TLT,-5.216532,0.005426113,-5.2213573,0.0053999946,N-BEATS(L=90),1,test
2023-01-11,GLD,-4.9592795,0.007017982,-5.0285115,0.006548551,N-BEATS(L=90),1,test
2023-01-11,SPY,-4.5241127,0.010844332,-5.119448,0.0059793214,N-BEATS(L=90),1,test
2023-01-11,TLT,-3.991853,0.018465467,-4.9940176,0.006778377,N-BEATS(L=90),1,test
2023-01-12,GLD,-5.411821,0.0044635055,-5.6522126,0.0035097424,N-BEATS(L=90),1,test
2023-01-12,SPY,-4.982421,0.0068574413,-5.238782,0.005306717,N-BEATS(L=90),1,test
2023-01-12,TLT,-4.6936793,0.009152947,-4.585082,0.010202913,N-BEATS(L=90),1,test
2023-01-13,GLD,-5.513483,0.004032039,-5.6786146,0.0034182908,N-BEATS(L=90),1,test
2023-01-13,SPY,-5.2007213,0.005512587,-4.9723563,0.006926807,N-BEATS(L=90),1,test
2023-01-13,TLT,-5.063064,0.006326146,-5.048485,0.0064190524,N-BEATS(L=90),1,test
2023-01-17,GLD,-5.0543675,0.0063814013,-5.180111,0.005627382,N-BEATS(L=90),1,test
2023-01-17,SPY,-4.5587916,0.010474709,-4.7806606,0.008390455,N-BEATS(L=90),1,test
2023-01-17,TLT,-4.531476,0.010764775,-4.7465477,0.008681615,N-BEATS(L=90),1,test
2023-01-18,GLD,-5.1927314,0.0055568083,-5.246073,0.0052681672,N-BEATS(L=90),1,test
2023-01-18,SPY,-4.984264,0.006844815,-4.6200485,0.009852318,N-BEATS(L=90),1,test
2023-01-18,TLT,-5.110518,0.006032957,-5.2543883,0.005224541,N-BEATS(L=90),1,test
2023-01-19,GLD,-5.545301,0.0039057676,-5.2700877,0.0051431595,N-BEATS(L=90),1,test
2023-01-19,SPY,-4.570574,0.010352018,-4.660807,0.009458825,N-BEATS(L=90),1,test
2023-01-19,TLT,-5.1096044,0.0060384716,-4.84041,0.007903811,N-BEATS(L=90),1,test
2023-01-20,GLD,-5.097675,0.0061109387,-5.544185,0.003910128,N-BEATS(L=90),1,test
2023-01-20,SPY,-4.5416713,0.010655583,-4.9220243,0.0072843707,N-BEATS(L=90),1,test
2023-01-20,TLT,-5.3642106,0.004681154,-4.9751825,0.006907258,N-BEATS(L=90),1,test
2023-01-23,GLD,-4.911872,0.0073587005,-5.4480934,0.0043045036,N-BEATS(L=90),1,test
2023-01-23,SPY,-5.1387186,0.0058652004,-5.0232587,0.0065830396,N-BEATS(L=90),1,test
2023-01-23,TLT,-4.414982,0.012094773,-4.9732513,0.00692061,N-BEATS(L=90),1,test
2023-01-24,GLD,-5.397927,0.0045259544,-5.27477,0.005119135,N-BEATS(L=90),1,test
2023-01-24,SPY,-4.5376697,0.010698308,-4.7800407,0.008395657,N-BEATS(L=90),1,test
2023-01-24,TLT,-4.7858357,0.008347144,-5.3067117,0.004958204,N-BEATS(L=90),1,test
2023-01-25,GLD,-5.000089,0.0067373463,-5.2599735,0.005195442,N-BEATS(L=90),1,test
2023-01-25,SPY,-4.800965,0.008221811,-4.710743,0.00899809,N-BEATS(L=90),1,test
2023-01-25,TLT,-4.8790283,0.0076043997,-5.1240053,0.0059521347,N-BEATS(L=90),1,test
2023-01-26,GLD,-5.155909,0.005765237,-5.605278,0.0036783977,N-BEATS(L=90),1,test
2023-01-26,SPY,-4.8773584,0.0076171085,-4.685398,0.009229059,N-BEATS(L=90),1,test
2023-01-26,TLT,-5.3485284,0.0047551435,-4.6303,0.009751833,N-BEATS(L=90),1,test
2023-01-27,GLD,-6.003267,0.0024706677,-5.6101923,0.0036603655,N-BEATS(L=90),1,test
2023-01-27,SPY,-4.853689,0.0077995504,-4.999792,0.006739348,N-BEATS(L=90),1,test
2023-01-27,TLT,-5.0549674,0.0063775745,-5.0610604,0.0063388343,N-BEATS(L=90),1,test
2023-01-30,GLD,-5.497694,0.0040962063,-5.2282143,0.0053630937,N-BEATS(L=90),1,test
2023-01-30,SPY,-5.1444745,0.005831538,-5.1921277,0.005560164,N-BEATS(L=90),1,test
2023-01-30,TLT,-4.678818,0.009289986,-5.0870156,0.006176425,N-BEATS(L=90),1,test
2023-01-31,GLD,-4.5836167,0.010217874,-5.542799,0.003915552,N-BEATS(L=90),1,test
2023-01-31,SPY,-4.035594,0.017675178,-4.9623394,0.006996541,N-BEATS(L=90),1,test
2023-01-31,TLT,-4.2827845,0.013804171,-5.19878,0.0055232984,N-BEATS(L=90),1,test
2023-02-01,GLD,-4.9028544,0.0074253576,-5.783051,0.003079306,N-BEATS(L=90),1,test
2023-02-01,SPY,-4.7350664,0.008781865,-4.9952335,0.00677014,N-BEATS(L=90),1,test
2023-02-01,TLT,-4.9007187,0.0074412334,-5.328317,0.004852229,N-BEATS(L=90),1,test
2023-02-02,GLD,-4.854695,0.0077917106,-5.550569,0.0038852456,N-BEATS(L=90),1,test
2023-02-02,SPY,-4.6074986,0.009976743,-5.1034975,0.0060754605,N-BEATS(L=90),1,test
2023-02-02,TLT,-4.9878273,0.0068204673,-5.1547995,0.0057716374,N-BEATS(L=90),1,test
2023-02-03,GLD,-5.363222,0.0046857838,-5.418181,0.004435207,N-BEATS(L=90),1,test
2023-02-03,SPY,-5.2020206,0.0055054286,-5.0460415,0.006434755,N-BEATS(L=90),1,test
2023-02-03,TLT,-5.4976435,0.0040964135,-5.0683393,0.006292862,N-BEATS(L=90),1,test
2023-02-06,GLD,-4.9281297,0.007240032,-5.2310205,0.005348065,N-BEATS(L=90),1,test
2023-02-06,SPY,-4.4247074,0.011977715,-5.251728,0.005238458,N-BEATS(L=90),1,test
2023-02-06,TLT,-4.81847,0.008079139,-4.7980957,0.008245434,N-BEATS(L=90),1,test
2023-02-07,GLD,-5.4472027,0.0043083397,-5.2356825,0.0053231902,N-BEATS(L=90),1,test
2023-02-07,SPY,-4.9694886,0.0069466997,-5.591987,0.0037276132,N-BEATS(L=90),1,test
2023-02-07,TLT,-4.90571,0.0074041826,-4.9740705,0.006914943,N-BEATS(L=90),1,test
2023-02-08,GLD,-5.079386,0.006223728,-5.130175,0.0059155244,N-BEATS(L=90),1,test
2023-02-08,SPY,-4.579034,0.010264809,-4.636752,0.009689116,N-BEATS(L=90),1,test
2023-02-08,TLT,-4.621396,0.0098390505,-5.032762,0.006520775,N-BEATS(L=90),1,test
2023-02-09,GLD,-5.478093,0.0041772877,-5.37563,0.0046280026,N-BEATS(L=90),1,test
2023-02-09,SPY,-5.3089457,0.00494714,-4.980123,0.006873217,N-BEATS(L=90),1,test
2023-02-09,TLT,-5.0113163,0.006662128,-5.0380917,0.006486114,N-BEATS(L=90),1,test
2023-02-10,GLD,-5.711098,0.0033090366,-5.348618,0.0047547175,N-BEATS(L=90),1,test
2023-02-10,SPY,-5.247399,0.0052611856,-5.235904,0.0053220103,N-BEATS(L=90),1,test
2023-02-10,TLT,-5.366541,0.004670258,-5.1192803,0.005980325,N-BEATS(L=90),1,test
2023-02-13,GLD,-4.7921004,0.008295016,-5.224979,0.0053804736,N-BEATS(L=90),1,test
2023-02-13,SPY,-4.507117,0.011030217,-5.0149627,0.0066378796,N-BEATS(L=90),1,test
2023-02-13,TLT,-4.470459,0.011442063,-4.731236,0.008815569,N-BEATS(L=90),1,test
2023-02-14,GLD,-5.7215004,0.0032747937,-5.296603,0.0050085783,N-BEATS(L=90),1,test
2023-02-14,SPY,-5.172289,0.0056715724,-5.0637083,0.006322072,N-BEATS(L=90),1,test
2023-02-14,TLT,-4.6600137,0.009466333,-4.8760505,0.007627078,N-BEATS(L=90),1,test
2023-02-15,GLD,-5.017062,0.0066239582,-4.9925203,0.0067885336,N-BEATS(L=90),1,test
2023-02-15,SPY,-4.806134,0.008179419,-4.8832617,0.0075722756,N-BEATS(L=90),1,test
2023-02-15,TLT,-5.2129793,0.005445426,-4.833873,0.007955651,N-BEATS(L=90),1,test
2023-02-16,GLD,-5.066426,0.006304915,-5.2237525,0.005387076,N-BEATS(L=90),1,test
2023-02-16,SPY,-5.1596503,0.005743708,-5.0246944,0.0065735946,N-BEATS(L=90),1,test
2023-02-16,TLT,-5.129886,0.005917234,-5.245448,0.005271459,N-BEATS(L=90),1,test
2023-02-17,GLD,-5.4466624,0.004310668,-5.3395467,0.0047980454,N-BEATS(L=90),1,test
2023-02-17,SPY,-4.9457355,0.007113681,-4.8297114,0.007988826,N-BEATS(L=90),1,test
2023-02-17,TLT,-5.2587767,0.0052016643,-4.960873,0.0070068073,N-BEATS(L=90),1,test
2023-02-21,GLD,-5.515902,0.0040222974,-5.218037,0.0054179532,N-BEATS(L=90),1,test
2023-02-21,SPY,-4.944751,0.007120689,-5.180085,0.005627527,N-BEATS(L=90),1,test
2023-02-21,TLT,-5.344251,0.004775526,-4.916403,0.0073254346,N-BEATS(L=90),1,test
2023-02-22,GLD,-5.4574337,0.0042644856,-5.3934126,0.004546432,N-BEATS(L=90),1,test
2023-02-22,SPY,-4.5615196,0.010446172,-5.2370996,0.0053156517,N-BEATS(L=90),1,test
2023-02-22,TLT,-5.0789347,0.0062265387,-5.217623,0.0054201963,N-BEATS(L=90),1,test
2023-02-23,GLD,-5.908896,0.002715183,-5.7606506,0.003149062,N-BEATS(L=90),1,test
2023-02-23,SPY,-5.0709,0.0062767686,-5.3569894,0.00471508,N-BEATS(L=90),1,test
2023-02-23,TLT,-4.80714,0.008171197,-5.20992,0.005462111,N-BEATS(L=90),1,test
2023-02-24,GLD,-5.875803,0.0028065396,-5.3442616,0.0047754757,N-BEATS(L=90),1,test
2023-02-24,SPY,-4.9169207,0.007321642,-4.742292,0.008718641,N-BEATS(L=90),1,test
2023-02-24,TLT,-5.201427,0.005508698,-5.4002037,0.004515661,N-BEATS(L=90),1,test
2023-02-27,GLD,-5.1369557,0.0058755493,-5.725774,0.003260829,N-BEATS(L=90),1,test
2023-02-27,SPY,-5.230014,0.0053534512,-4.869103,0.0076802517,N-BEATS(L=90),1,test
2023-02-27,TLT,-4.9267545,0.007249995,-4.922728,0.0072792456,N-BEATS(L=90),1,test
2023-02-28,GLD,-5.4819174,0.004161343,-5.61261,0.003651527,N-BEATS(L=90),1,test
2023-02-28,SPY,-5.1446753,0.0058303676,-4.797077,0.008253836,N-BEATS(L=90),1,test
2023-02-28,TLT,-4.9623213,0.006996668,-4.9761243,0.006900756,N-BEATS(L=90),1,test
2023-03-01,GLD,-5.9844623,0.0025175672,-5.0727086,0.0062654265,N-BEATS(L=90),1,test
2023-03-01,SPY,-4.8266006,0.008013717,-4.9583206,0.007024715,N-BEATS(L=90),1,test
2023-03-01,TLT,-5.3362994,0.004813651,-5.1510787,0.0057931524,N-BEATS(L=90),1,test
2023-03-02,GLD,-5.2015796,0.0055078575,-5.7689633,0.0031229933,N-BEATS(L=90),1,test
2023-03-02,SPY,-5.0268993,0.0065591168,-5.0785365,0.0062290183,N-BEATS(L=90),1,test
2023-03-02,TLT,-4.9351745,0.007189207,-5.1773214,0.0056431014,N-BEATS(L=90),1,test
2023-03-03,GLD,-6.0787706,0.0022909914,-5.5689416,0.0038145157,N-BEATS(L=90),1,test
2023-03-03,SPY,-5.12794,0.00592876,-5.209409,0.005464901,N-BEATS(L=90),1,test
2023-03-03,TLT,-5.047582,0.006424849,-4.9953933,0.0067690583,N-BEATS(L=90),1,test
2023-03-06,GLD,-5.348189,0.0047567585,-5.1493316,0.0058032824,N-BEATS(L=90),1,test
2023-03-06,SPY,-4.8338766,0.007955621,-5.0988264,0.006103906,N-BEATS(L=90),1,test
2023-03-06,TLT,-4.5809765,0.010244887,-5.1850395,0.0055997153,N-BEATS(L=90),1,test
2023-03-07,GLD,-5.410809,0.004468024,-5.663387,0.0034707421,N-BEATS(L=90),1,test
2023-03-07,SPY,-5.20681,0.0054791244,-5.039796,0.00647507,N-BEATS(L=90),1,test
2023-03-07,TLT,-4.592524,0.010127264,-5.143659,0.005836295,N-BEATS(L=90),1,test
2023-03-08,GLD,-5.643013,0.0035421797,-5.686109,0.0033927683,N-BEATS(L=90),1,test
2023-03-08,SPY,-4.217322,0.014738062,-5.064373,0.0063178707,N-BEATS(L=90),1,test
2023-03-08,TLT,-4.876849,0.0076209884,-5.349545,0.004750312,N-BEATS(L=90),1,test
2023-03-09,GLD,-5.5334663,0.0039522653,-5.566377,0.0038243101,N-BEATS(L=90),1,test
2023-03-09,SPY,-4.2776766,0.013874861,-5.0392637,0.0064785164,N-BEATS(L=90),1,test
2023-03-09,TLT,-5.011849,0.0066585806,-5.075182,0.006249949,N-BEATS(L=90),1,test
2023-03-10,GLD,-5.2167983,0.0054246695,-5.3562226,0.0047186967,N-BEATS(L=90),1,test
2023-03-10,SPY,-4.0795884,0.016914425,-4.991508,0.006795409,N-BEATS(L=90),1,test
2023-03-10,TLT,-3.7716727,0.023013536,-4.962816,0.0069932058,N-BEATS(L=90),1,test
2023-03-13,GLD,-5.2580433,0.0052054804,-5.325278,0.0048669986,N-BEATS(L=90),1,test
2023-03-13,SPY,-4.4714475,0.011430758,-4.9614263,0.0070029325,N-BEATS(L=90),1,test
2023-03-13,TLT,-4.5183954,0.01090651,-4.9286427,0.007236318,N-BEATS(L=90),1,test
2023-03-14,GLD,-4.5861583,0.010191938,-5.428272,0.0043906774,N-BEATS(L=90),1,test
2023-03-14,SPY,-4.7030787,0.009067318,-5.1135893,0.0060144565,N-BEATS(L=90),1,test
2023-03-14,TLT,-4.1894984,0.015153884,-4.9363785,0.0071805557,N-BEATS(L=90),1,test
2023-03-15,GLD,-5.0768905,0.00623928,-5.3056636,0.0049634036,N-BEATS(L=90),1,test
2023-03-15,SPY,-4.510937,0.010988157,-4.7658873,0.00851533,N-BEATS(L=90),1,test
2023-03-15,TLT,-4.1637845,0.015548603,-4.996124,0.0067641153,N-BEATS(L=90),1,test
2023-03-16,GLD,-4.3813896,0.012507965,-5.1607537,0.0057373736,N-BEATS(L=90),1,test
2023-03-16,SPY,-4.684213,0.009240002,-4.7630663,0.008539385,N-BEATS(L=90),1,test
2023-03-16,TLT,-4.7909937,0.008304201,-4.6890736,0.009195201,N-BEATS(L=90),1,test
2023-03-17,GLD,-4.986525,0.006829355,-5.546896,0.0038995426,N-BEATS(L=90),1,test
2023-03-17,SPY,-5.1600237,0.0057415636,-4.969841,0.006944252,N-BEATS(L=90),1,test
2023-03-17,TLT,-5.11768,0.005989903,-4.725485,0.008866414,N-BEATS(L=90),1,test
2023-03-20,GLD,-4.8534703,0.0078012575,-5.3088593,0.004947567,N-BEATS(L=90),1,test
2023-03-20,SPY,-5.0680594,0.0062946235,-4.800975,0.008221728,N-BEATS(L=90),1,test
2023-03-20,TLT,-5.1313734,0.0059084403,-5.17947,0.0056309896,N-BEATS(L=90),1,test
2023-03-21,GLD,-4.635592,0.009700363,-5.0958962,0.0061218175,N-BEATS(L=90),1,test
2023-03-21,SPY,-4.1764255,0.01535329,-4.7569485,0.008591788,N-BEATS(L=90),1,test
2023-03-21,TLT,-4.73801,0.008756054,-5.047468,0.0064255814,N-BEATS(L=90),1,test
2023-03-22,GLD,-4.827995,0.008002551,-5.0170355,0.006624135,N-BEATS(L=90),1,test
2023-03-22,SPY,-4.1526303,0.015723005,-5.1629214,0.00572495,N-BEATS(L=90),1,test
2023-03-22,TLT,-4.621873,0.00983436,-5.1013045,0.0060887984,N-BEATS(L=90),1,test
2023-03-23,GLD,-5.079838,0.006220918,-4.7231283,0.008887333,N-BEATS(L=90),1,test
2023-03-23,SPY,-4.623266,0.009820667,-4.7829,0.0083716875,N-BEATS(L=90),1,test
2023-03-23,TLT,-4.877425,0.0076166,-5.165829,0.0057083275,N-BEATS(L=90),1,test
2023-03-24,GLD,-5.3006983,0.0049881097,-4.9109707,0.0073653352,N-BEATS(L=90),1,test
2023-03-24,SPY,-5.219462,0.0054102396,-5.0342445,0.006511115,N-BEATS(L=90),1,test
2023-03-24,TLT,-4.749702,0.008654274,-4.69062,0.009180993,N-BEATS(L=90),1,test
2023-03-27,GLD,-5.438388,0.004346485,-4.836444,0.007935222,N-BEATS(L=90),1,test
2023-03-27,SPY,-5.297489,0.005004143,-4.9833226,0.0068512606,N-BEATS(L=90),1,test
2023-03-27,TLT,-5.4905376,0.0041256254,-4.5908427,0.010144306,N-BEATS(L=90),1,test
2023-03-28,GLD,-5.525744,0.0039829044,-4.636247,0.009694009,N-BEATS(L=90),1,test
2023-03-28,SPY,-5.367397,0.004666263,-4.6512346,0.009549804,N-BEATS(L=90),1,test
2023-03-28,TLT,-5.4185295,0.0044336617,-4.433054,0.011878159,N-BEATS(L=90),1,test
2023-03-29,GLD,-5.214247,0.0054385257,-5.1207547,0.005971514,N-BEATS(L=90),1,test
2023-03-29,SPY,-5.4027853,0.0045040185,-4.6708603,0.00936421,N-BEATS(L=90),1,test
2023-03-29,TLT,-5.325167,0.0048675374,-4.940842,0.0071485755,N-BEATS(L=90),1,test
2023-03-30,GLD,-5.2096205,0.005463747,-5.016775,0.00662586,N-BEATS(L=90),1,test
2023-03-30,SPY,-5.2444944,0.0052764886,-5.097433,0.0061124163,N-BEATS(L=90),1,test
2023-03-30,TLT,-4.844653,0.007870347,-5.092387,0.006143337,N-BEATS(L=90),1,test
2023-03-31,GLD,-5.086535,0.0061793947,-5.2221584,0.0053956704,N-BEATS(L=90),1,test
2023-03-31,SPY,-5.540319,0.0039252746,-5.3621254,0.0046909256,N-BEATS(L=90),1,test
2023-03-31,TLT,-4.791969,0.008296108,-4.9129295,0.007350922,N-BEATS(L=90),1,test
2023-04-03,GLD,-4.8197803,0.008068559,-4.927358,0.00724562,N-BEATS(L=90),1,test
2023-04-03,SPY,-5.001118,0.006730417,-5.0099263,0.0066713947,N-BEATS(L=90),1,test
2023-04-03,TLT,-4.5049553,0.011054085,-5.0047903,0.0067057475,N-BEATS(L=90),1,test
2023-04-04,GLD,-4.8733892,0.0076474026,-5.676177,0.0034266333,N-BEATS(L=90),1,test
2023-04-04,SPY,-5.3240347,0.0048730527,-5.069958,0.0062826825,N-BEATS(L=90),1,test
2023-04-04,TLT,-5.1755443,0.005653139,-4.9769845,0.0068948227,N-BEATS(L=90),1,test
2023-04-05,GLD,-5.3428807,0.004782075,-5.392821,0.004549123,N-BEATS(L=90),1,test
2023-04-05,SPY,-5.209305,0.005465472,-4.936298,0.0071811345,N-BEATS(L=90),1,test
2023-04-05,TLT,-5.7892523,0.0030602696,-5.1236935,0.0059539913,N-BEATS(L=90),1,test
2023-04-06,GLD,-5.4100857,0.0044712573,-4.8045673,0.008192245,N-BEATS(L=90),1,test
2023-04-06,SPY,-5.3920417,0.004552669,-5.502549,0.004076367,N-BEATS(L=90),1,test
2023-04-06,TLT,-5.0910106,0.0061518,-4.750864,0.008644223,N-BEATS(L=90),1,test
2023-04-10,GLD,-5.787229,0.0030664674,-5.557103,0.0038599418,N-BEATS(L=90),1,test
2023-04-10,SPY,-5.5700574,0.0038102618,-5.470988,0.004207074,N-BEATS(L=90),1,test
2023-04-10,TLT,-5.5651336,0.003829069,-4.8548856,0.0077902246,N-BEATS(L=90),1,test
2023-04-11,GLD,-5.068703,0.0062905727,-5.2822533,0.005080969,N-BEATS(L=90),1,test
2023-04-11,SPY,-5.1584272,0.005750737,-5.0250025,0.0065715704,N-BEATS(L=90),1,test
2023-04-11,TLT,-4.766227,0.008512439,-4.983407,0.006850682,N-BEATS(L=90),1,test
2023-04-12,GLD,-5.2416635,0.0052914475,-5.4351096,0.004360757,N-BEATS(L=90),1,test
2023-04-12,SPY,-4.866271,0.0077020326,-4.868612,0.007684025,N-BEATS(L=90),1,test
2023-04-12,TLT,-4.811141,0.008138568,-5.104995,0.0060663708,N-BEATS(L=90),1,test
2023-04-13,GLD,-4.492424,0.011193478,-5.2989197,0.0049969894,N-BEATS(L=90),1,test
2023-04-13,SPY,-4.7554326,0.008604822,-5.037817,0.0064878957,N-BEATS(L=90),1,test
2023-04-13,TLT,-5.3154774,0.004914932,-5.1499224,0.005799855,N-BEATS(L=90),1,test
2023-04-14,GLD,-4.977756,0.0068895053,-5.1313534,0.0059085586,N-BEATS(L=90),1,test
2023-04-14,SPY,-5.44556,0.004315423,-5.1717005,0.0056749107,N-BEATS(L=90),1,test
2023-04-14,TLT,-5.3336687,0.004826331,-5.09286,0.006140432,N-BEATS(L=90),1,test
2023-04-17,GLD,-5.021064,0.0065975045,-5.0924497,0.0061429534,N-BEATS(L=90),1,test
2023-04-17,SPY,-5.3861327,0.00457965,-5.179299,0.005631954,N-BEATS(L=90),1,test
2023-04-17,TLT,-5.333294,0.00482814,-5.2156506,0.005430899,N-BEATS(L=90),1,test
2023-04-18,GLD,-5.6185265,0.0036299862,-5.018467,0.0066146594,N-BEATS(L=90),1,test
2023-04-18,SPY,-5.5037346,0.0040715374,-4.940935,0.007147911,N-BEATS(L=90),1,test
2023-04-18,TLT,-5.288731,0.005048162,-4.9525876,0.0070651034,N-BEATS(L=90),1,test
2023-04-19,GLD,-5.3519683,0.0047388147,-5.279273,0.0050961343,N-BEATS(L=90),1,test
2023-04-19,SPY,-5.1499815,0.005799512,-4.8883953,0.007533502,N-BEATS(L=90),1,test
2023-04-19,TLT,-5.6721354,0.0034405107,-5.10576,0.0060617295,N-BEATS(L=90),1,test
2023-04-20,GLD,-4.698942,0.009104904,-5.0161266,0.006630158,N-BEATS(L=90),1,test
2023-04-20,SPY,-5.445929,0.0043138303,-5.2006817,0.005512805,N-BEATS(L=90),1,test
2023-04-20,TLT,-5.1170135,0.005993897,-5.2093153,0.0054654144,N-BEATS(L=90),1,test
2023-04-21,GLD,-5.205694,0.0054852413,-4.902795,0.0074258,N-BEATS(L=90),1,test
2023-04-21,SPY,-5.4895444,0.0041297255,-5.358921,0.004705981,N-BEATS(L=90),1,test
2023-04-21,TLT,-5.6640244,0.0034685303,-5.4535365,0.0042811376,N-BEATS(L=90),1,test
2023-04-24,GLD,-5.0112696,0.0066624396,-5.133672,0.0058948733,N-BEATS(L=90),1,test
2023-04-24,SPY,-5.1715875,0.005675552,-5.2938232,0.005022521,N-BEATS(L=90),1,test
2023-04-24,TLT,-5.4557533,0.0042716577,-4.7964926,0.008258663,N-BEATS(L=90),1,test
2023-04-25,GLD,-5.0602446,0.006344008,-5.0132565,0.0066492143,N-BEATS(L=90),1,test
2023-04-25,SPY,-5.102765,0.0060799117,-5.114874,0.0060067354,N-BEATS(L=90),1,test
2023-04-25,TLT,-4.738506,0.008751713,-5.1132774,0.0060163327,N-BEATS(L=90),1,test
2023-04-26,GLD,-5.207321,0.0054763244,-5.501862,0.0040791687,N-BEATS(L=90),1,test
2023-04-26,SPY,-5.0877075,0.006172153,-5.0854487,0.0061861104,N-BEATS(L=90),1,test
2023-04-26,TLT,-5.6139793,0.0036465297,-5.390975,0.0045575276,N-BEATS(L=90),1,test
2023-04-27,GLD,-5.375109,0.004630413,-4.930463,0.0072231595,N-BEATS(L=90),1,test
2023-04-27,SPY,-5.5559206,0.003864509,-5.1208887,0.005970714,N-BEATS(L=90),1,test
2023-04-27,TLT,-5.1490026,0.005805192,-5.2071877,0.0054770554,N-BEATS(L=90),1,test
2023-04-28,GLD,-5.2228026,0.0053921957,-4.8488975,0.007837013,N-BEATS(L=90),1,test
2023-04-28,SPY,-5.5240197,0.003989778,-5.1673894,0.0056994283,N-BEATS(L=90),1,test
2023-04-28,TLT,-4.4227448,0.012001246,-5.4116707,0.0044641756,N-BEATS(L=90),1,test
2023-05-01,GLD,-4.965126,0.006977071,-5.0991306,0.0061020493,N-BEATS(L=90),1,test
2023-05-01,SPY,-4.558391,0.010478905,-5.419075,0.0044312435,N-BEATS(L=90),1,test
2023-05-01,TLT,-4.9762244,0.006900065,-5.535493,0.0039442643,N-BEATS(L=90),1,test
2023-05-02,GLD,-4.9619455,0.006999297,-5.0398545,0.00647469,N-BEATS(L=90),1,test
2023-05-02,SPY,-4.688987,0.009195999,-5.3084707,0.00494949,N-BEATS(L=90),1,test
2023-05-02,TLT,-4.7507286,0.008645394,-5.060825,0.006340327,N-BEATS(L=90),1,test
2023-05-03,GLD,-4.8348207,0.007948113,-5.254973,0.0052214875,N-BEATS(L=90),1,test
2023-05-03,SPY,-5.2021995,0.0055044442,-5.3850703,0.004584518,N-BEATS(L=90),1,test
2023-05-03,TLT,-4.7458434,0.008687732,-4.9079876,0.0073873396,N-BEATS(L=90),1,test
2023-05-04,GLD,-5.088178,0.006169249,-5.03083,0.006533386,N-BEATS(L=90),1,test
2023-05-04,SPY,-5.0084553,0.006681216,-5.52777,0.003974843,N-BEATS(L=90),1,test
2023-05-04,TLT,-5.4548125,0.004275678,-5.2926283,0.0050285263,N-BEATS(L=90),1,test
2023-05-05,GLD,-5.422657,0.0044153994,-5.0282373,0.0065503465,N-BEATS(L=90),1,test
2023-05-05,SPY,-5.7006187,0.0033438958,-5.3413644,0.004789332,N-BEATS(L=90),1,test
2023-05-05,TLT,-5.597859,0.0037057896,-4.974675,0.006910763,N-BEATS(L=90),1,test
2023-05-08,GLD,-5.6066628,0.0036733076,-5.336554,0.0048124255,N-BEATS(L=90),1,test
2023-05-08,SPY,-6.0376077,0.002387263,-5.3715625,0.004646865,N-BEATS(L=90),1,test
2023-05-08,TLT,-5.671552,0.0034425177,-5.1029024,0.006079077,N-BEATS(L=90),1,test
2023-05-09,GLD,-4.9942493,0.0067768064,-5.277821,0.0051035387,N-BEATS(L=90),1,test
2023-05-09,SPY,-4.6444807,0.009614521,-5.424134,0.0044088834,N-BEATS(L=90),1,test
2023-05-09,TLT,-5.6870203,0.0033896782,-5.103941,0.0060727666,N-BEATS(L=90),1,test
2023-05-10,GLD,-5.128814,0.0059235804,-5.329794,0.0048450683,N-BEATS(L=90),1,test
2023-05-10,SPY,-5.4675565,0.004221535,-5.3890514,0.0045663025,N-BEATS(L=90),1,test
2023-05-10,TLT,-5.2385616,0.005307886,-5.5328946,0.0039545256,N-BEATS(L=90),1,test
2023-05-11,GLD,-5.3768816,0.0046222135,-5.1890125,0.0055775116,N-BEATS(L=90),1,test
2023-05-11,SPY,-4.9122405,0.0073559885,-5.5846095,0.0037552158,N-BEATS(L=90),1,test
2023-05-11,TLT,-5.3163905,0.004910446,-5.3232102,0.004877072,N-BEATS(L=90),1,test
2023-05-12,GLD,-5.746981,0.0031924036,-5.2634764,0.0051772753,N-BEATS(L=90),1,test
2023-05-12,SPY,-5.228057,0.005363938,-5.318713,0.004899054,N-BEATS(L=90),1,test
2023-05-12,TLT,-6.17936,0.0020717536,-5.4744115,0.0041926955,N-BEATS(L=90),1,test
2023-05-15,GLD,-4.9715095,0.0069326754,-5.6083717,0.0036670354,N-BEATS(L=90),1,test
2023-05-15,SPY,-5.598097,0.003704908,-5.239148,0.005304774,N-BEATS(L=90),1,test
2023-05-15,TLT,-5.3795605,0.0046098474,-5.3868647,0.0045762993,N-BEATS(L=90),1,test
2023-05-16,GLD,-5.5944004,0.0037186283,-5.3629646,0.0046869903,N-BEATS(L=90),1,test
2023-05-16,SPY,-4.851774,0.0078145005,-5.1010585,0.006090297,N-BEATS(L=90),1,test
2023-05-16,TLT,-5.3636665,0.004683702,-5.5453806,0.0039054565,N-BEATS(L=90),1,test
2023-05-17,GLD,-5.641816,0.0035464216,-5.0920963,0.0061451243,N-BEATS(L=90),1,test
2023-05-17,SPY,-5.2040114,0.0054944796,-5.6615057,0.0034772772,N-BEATS(L=90),1,test
2023-05-17,TLT,-5.9249997,0.0026718085,-5.468815,0.0042162263,N-BEATS(L=90),1,test
2023-05-18,GLD,-4.761215,0.0085552065,-5.686486,0.0033914906,N-BEATS(L=90),1,test
2023-05-18,SPY,-5.2586727,0.005202205,-5.55048,0.003885592,N-BEATS(L=90),1,test
2023-05-18,TLT,-5.0497775,0.0064107594,-5.0860643,0.0061823037,N-BEATS(L=90),1,test
2023-05-19,GLD,-5.630728,0.0035859647,-5.9300156,0.0026584405,N-BEATS(L=90),1,test
2023-05-19,SPY,-5.2732115,0.0051271184,-5.267312,0.005157455,N-BEATS(L=90),1,test
2023-05-19,TLT,-5.027552,0.0065548364,-5.597578,0.0037068306,N-BEATS(L=90),1,test
2023-05-22,GLD,-5.4209604,0.0044228965,-5.449718,0.0042975163,N-BEATS(L=90),1,test
2023-05-22,SPY,-4.919535,0.0073025245,-5.338671,0.0048022475,N-BEATS(L=90),1,test
2023-05-22,TLT,-5.165163,0.0057121315,-5.4879265,0.0041364124,N-BEATS(L=90),1,test
2023-05-23,GLD,-5.4707227,0.00420819,-5.2185464,0.005415195,N-BEATS(L=90),1,test
2023-05-23,SPY,-5.3734727,0.004637997,-5.487353,0.004138786,N-BEATS(L=90),1,test
2023-05-23,TLT,-5.646397,0.003530213,-5.6097016,0.0036621618,N-BEATS(L=90),1,test
2023-05-24,GLD,-5.7063212,0.0033248814,-4.8308287,0.007979906,N-BEATS(L=90),1,test
2023-05-24,SPY,-5.051587,0.006399169,-5.479313,0.004172195,N-BEATS(L=90),1,test
2023-05-24,TLT,-5.347605,0.004759535,-5.0444336,0.00644511,N-BEATS(L=90),1,test
2023-05-25,GLD,-5.3548894,0.004724992,-5.4799314,0.004169616,N-BEATS(L=90),1,test
2023-05-25,SPY,-5.082605,0.006203728,-5.1881056,0.0055825724,N-BEATS(L=90),1,test
2023-05-25,TLT,-5.178938,0.005633987,-5.252826,0.0052327085,N-BEATS(L=90),1,test
2023-05-26,GLD,-5.3692083,0.004657817,-5.2338424,0.0053329947,N-BEATS(L=90),1,test
2023-05-26,SPY,-5.1415005,0.005848907,-5.0309463,0.006532626,N-BEATS(L=90),1,test
2023-05-26,TLT,-5.2231407,0.005390373,-5.0941463,0.00613254,N-BEATS(L=90),1,test
2023-05-30,GLD,-5.255771,0.005217321,-5.5646853,0.0038307856,N-BEATS(L=90),1,test
2023-05-30,SPY,-5.290755,0.0050379564,-5.17043,0.005682124,N-BEATS(L=90),1,test
2023-05-30,TLT,-5.0060186,0.0066975155,-5.27729,0.0051062508,N-BEATS(L=90),1,test
2023-05-31,GLD,-5.348746,0.00475411,-5.189754,0.0055733775,N-BEATS(L=90),1,test
2023-05-31,SPY,-4.7416434,0.008724296,-5.621668,0.0036186008,N-BEATS(L=90),1,test
2023-05-31,TLT,-4.99253,0.006788469,-5.5743155,0.0037940715,N-BEATS(L=90),1,test
2023-06-01,GLD,-5.202969,0.0055002095,-5.610129,0.0036605976,N-BEATS(L=90),1,test
2023-06-01,SPY,-5.0858073,0.0061838925,-5.535517,0.0039441683,N-BEATS(L=90),1,test
2023-06-01,TLT,-5.334558,0.004822041,-5.5395374,0.0039283438,N-BEATS(L=90),1,test
2023-06-02,GLD,-5.2072196,0.0054768804,-5.3871474,0.0045750053,N-BEATS(L=90),1,test
2023-06-02,SPY,-5.2808123,0.0050882963,-5.4661546,0.004227457,N-BEATS(L=90),1,test
2023-06-02,TLT,-4.8176627,0.008085663,-5.3635583,0.0046842084,N-BEATS(L=90),1,test
2023-06-05,GLD,-5.428956,0.004387674,-5.22526,0.0053789625,N-BEATS(L=90),1,test
2023-06-05,SPY,-5.572099,0.0038024897,-5.004683,0.006706467,N-BEATS(L=90),1,test
2023-06-05,TLT,-5.0098205,0.006672101,-4.9777775,0.006889357,N-BEATS(L=90),1,test
2023-06-06,GLD,-4.6839356,0.009242567,-5.177368,0.005642838,N-BEATS(L=90),1,test
2023-06-06,SPY,-5.2768116,0.0051086936,-4.915195,0.0073342877,N-BEATS(L=90),1,test
2023-06-06,TLT,-4.78712,0.008336433,-4.8227305,0.0080447905,N-BEATS(L=90),1,test
2023-06-07,GLD,-5.579603,0.0037740627,-5.3726587,0.0046417736,N-BEATS(L=90),1,test
2023-06-07,SPY,-5.283343,0.005075436,-5.6241245,0.003609722,N-BEATS(L=90),1,test
2023-06-07,TLT,-5.1436353,0.005836434,-5.3196,0.0048947106,N-BEATS(L=90),1,test
2023-06-08,GLD,-5.5201526,0.004005237,-4.9322968,0.007209925,N-BEATS(L=90),1,test
2023-06-08,SPY,-5.273666,0.005124789,-5.1267056,0.005936084,N-BEATS(L=90),1,test
2023-06-08,TLT,-5.0902042,0.006156762,-4.786982,0.0083375815,N-BEATS(L=90),1,test
2023-06-09,GLD,-5.6561723,0.0034958725,-5.0112376,0.0066626524,N-BEATS(L=90),1,test
2023-06-09,SPY,-5.416617,0.0044421493,-5.094124,0.0061326777,N-BEATS(L=90),1,test
2023-06-09,TLT,-4.803283,0.008202772,-4.8488364,0.007837492,N-BEATS(L=90),1,test
2023-06-12,GLD,-4.960811,0.0070072417,-5.406713,0.0044863624,N-BEATS(L=90),1,test
2023-06-12,SPY,-5.5364604,0.00394045,-5.1504927,0.0057965484,N-BEATS(L=90),1,test
2023-06-12,TLT,-4.8670583,0.0076959715,-4.950766,0.0070779845,N-BEATS(L=90),1,test
2023-06-13,GLD,-5.0949054,0.0061278865,-5.0710754,0.0062756673,N-BEATS(L=90),1,test
2023-06-13,SPY,-4.726041,0.008861486,-5.0361834,0.0064985035,N-BEATS(L=90),1,test
2023-06-13,TLT,-5.250254,0.0052461848,-5.30962,0.0049438053,N-BEATS(L=90),1,test
2023-06-14,GLD,-5.3620605,0.0046912297,-5.504283,0.0040693055,N-BEATS(L=90),1,test
2023-06-14,SPY,-4.760747,0.008559214,-5.2118583,0.005451534,N-BEATS(L=90),1,test
2023-06-14,TLT,-4.953181,0.007060914,-5.4200025,0.004427136,N-BEATS(L=90),1,test
2023-06-15,GLD,-5.3844366,0.004587424,-5.5931273,0.0037233657,N-BEATS(L=90),1,test
2023-06-15,SPY,-5.2049427,0.0054893647,-5.128343,0.0059263716,N-BEATS(L=90),1,test
2023-06-15,TLT,-5.2145543,0.0054368563,-5.0046163,0.0067069144,N-BEATS(L=90),1,test
2023-06-16,GLD,-5.728348,0.0032524467,-5.7223873,0.0032718906,N-BEATS(L=90),1,test
2023-06-16,SPY,-5.2223697,0.0053945305,-5.2194796,0.005410144,N-BEATS(L=90),1,test
2023-06-16,TLT,-5.636935,0.0035637738,-5.1422696,0.00584441,N-BEATS(L=90),1,test
2023-06-20,GLD,-4.983619,0.006849229,-5.3357515,0.004816289,N-BEATS(L=90),1,test
2023-06-20,SPY,-5.533832,0.0039508203,-4.967932,0.00695752,N-BEATS(L=90),1,test
2023-06-20,TLT,-4.8565855,0.0077769933,-4.5822754,0.010231589,N-BEATS(L=90),1,test
2023-06-21,GLD,-5.3200197,0.004892657,-5.4960294,0.0041030305,N-BEATS(L=90),1,test
2023-06-21,SPY,-5.721588,0.0032745064,-5.0540113,0.0063836747,N-BEATS(L=90),1,test
2023-06-21,TLT,-5.0222764,0.006589509,-5.324926,0.004868712,N-BEATS(L=90),1,test
2023-06-22,GLD,-5.2018714,0.0055062505,-5.4963574,0.004101685,N-BEATS(L=90),1,test
2023-06-22,SPY,-5.4719667,0.0042029577,-5.058066,0.0063578445,N-BEATS(L=90),1,test
2023-06-22,TLT,-5.1308613,0.0059114667,-5.1227794,0.0059594363,N-BEATS(L=90),1,test
2023-06-23,GLD,-6.311965,0.0018144643,-5.433472,0.0043679033,N-BEATS(L=90),1,test
2023-06-23,SPY,-5.2358837,0.005322119,-5.2279167,0.00536469,N-BEATS(L=90),1,test
2023-06-23,TLT,-5.4637356,0.004237696,-4.918432,0.0073105833,N-BEATS(L=90),1,test
2023-06-26,GLD,-5.186649,0.005590711,-5.2241826,0.0053847595,N-BEATS(L=90),1,test
2023-06-26,SPY,-5.1369076,0.0058758324,-5.453357,0.004281905,N-BEATS(L=90),1,test
2023-06-26,TLT,-4.861352,0.0077400124,-4.821739,0.00805277,N-BEATS(L=90),1,test
2023-06-27,GLD,-5.5348525,0.003946791,-5.0654755,0.0063109095,N-BEATS(L=90),1,test
2023-06-27,SPY,-5.397473,0.0045280093,-5.4199953,0.0044271676,N-BEATS(L=90),1,test
2023-06-27,TLT,-4.989925,0.0068061757,-5.0461087,0.0064343223,N-BEATS(L=90),1,test
2023-06-28,GLD,-5.137034,0.0058750897,-5.0227013,0.00658671,N-BEATS(L=90),1,test
2023-06-28,SPY,-5.7409196,0.0032118133,-5.3505907,0.004745347,N-BEATS(L=90),1,test
2023-06-28,TLT,-5.1863503,0.0055923797,-4.912126,0.0073568304,N-BEATS(L=90),1,test
2023-06-29,GLD,-5.4349656,0.004361385,-5.5653763,0.0038281397,N-BEATS(L=90),1,test
2023-06-29,SPY,-5.4282765,0.0043906565,-4.865258,0.007709837,N-BEATS(L=90),1,test
2023-06-29,TLT,-5.076406,0.0062423036,-4.832662,0.007965288,N-BEATS(L=90),1,test
2023-06-30,GLD,-5.671158,0.0034438756,-5.5098014,0.004046911,N-BEATS(L=90),1,test
2023-06-30,SPY,-6.2323513,0.0019648266,-5.180329,0.005626156,N-BEATS(L=90),1,test
2023-06-30,TLT,-4.9819846,0.0068604336,-5.313044,0.004926906,N-BEATS(L=90),1,test
2023-07-03,GLD,-5.7678847,0.0031263637,-5.5582166,0.0038556466,N-BEATS(L=90),1,test
2023-07-03,SPY,-5.923613,0.0026755158,-5.1931643,0.0055544027,N-BEATS(L=90),1,test
2023-07-03,TLT,-4.9092207,0.007378236,-5.337339,0.00480865,N-BEATS(L=90),1,test
2023-07-05,GLD,-5.404999,0.00449406,-5.1753607,0.005654177,N-BEATS(L=90),1,test
2023-07-05,SPY,-5.3206544,0.004889553,-5.5879345,0.0037427505,N-BEATS(L=90),1,test
2023-07-05,TLT,-5.190608,0.00556862,-5.3072195,0.0049556866,N-BEATS(L=90),1,test
2023-07-06,GLD,-5.287383,0.005054971,-5.258275,0.0052042743,N-BEATS(L=90),1,test
2023-07-06,SPY,-4.9666595,0.00696638,-5.6430626,0.0035420042,N-BEATS(L=90),1,test
2023-07-06,TLT,-5.4494867,0.0042985105,-5.0535808,0.0063864244,N-BEATS(L=90),1,test
2023-07-07,GLD,-6.1242266,0.0021891836,-5.1923256,0.0055590635,N-BEATS(L=90),1,test
2023-07-07,SPY,-5.822701,0.0029596004,-5.7095866,0.0033140422,N-BEATS(L=90),1,test
2023-07-07,TLT,-5.444173,0.004321413,-4.4782596,0.011353156,N-BEATS(L=90),1,test
2023-07-10,GLD,-6.0814857,0.0022847794,-5.4527154,0.0042846543,N-BEATS(L=90),1,test
2023-07-10,SPY,-5.3187547,0.004898851,-5.3406444,0.0047927815,N-BEATS(L=90),1,test
2023-07-10,TLT,-5.3528485,0.004734645,-5.1418204,0.005847036,N-BEATS(L=90),1,test
2023-07-11,GLD,-6.0816326,0.002284444,-5.431791,0.0043752533,N-BEATS(L=90),1,test
2023-07-11,SPY,-5.5114903,0.004040082,-5.491513,0.0041216044,N-BEATS(L=90),1,test
2023-07-11,TLT,-4.784029,0.008362239,-5.162544,0.0057271128,N-BEATS(L=90),1,test
2023-07-12,GLD,-5.9673395,0.002561046,-5.5802855,0.0037714883,N-BEATS(L=90),1,test
2023-07-12,SPY,-5.5210414,0.0040016784,-5.2822547,0.0050809616,N-BEATS(L=90),1,test
2023-07-12,TLT,-5.2022533,0.0055041476,-5.125758,0.005941711,N-BEATS(L=90),1,test
2023-07-13,GLD,-5.4992237,0.004089945,-5.4344625,0.0043635797,N-BEATS(L=90),1,test
2023-07-13,SPY,-5.473909,0.004194803,-5.7772455,0.003097235,N-BEATS(L=90),1,test
2023-07-13,TLT,-5.496851,0.004099661,-5.1293535,0.0059203864,N-BEATS(L=90),1,test
2023-07-14,GLD,-5.703517,0.0033342184,-5.529012,0.0039699087,N-BEATS(L=90),1,test
2023-07-14,SPY,-5.5730166,0.0037990029,-5.4895673,0.004129631,N-BEATS(L=90),1,test
2023-07-14,TLT,-5.5404105,0.003924915,-4.974354,0.006912985,N-BEATS(L=90),1,test
2023-07-17,GLD,-4.9935484,0.006781558,-5.4114957,0.004464957,N-BEATS(L=90),1,test
2023-07-17,SPY,-5.1939526,0.0055500264,-5.2480264,0.0052578854,N-BEATS(L=90),1,test
2023-07-17,TLT,-5.6629252,0.0034723445,-5.120203,0.0059748096,N-BEATS(L=90),1,test
2023-07-18,GLD,-5.608684,0.0036658903,-5.623631,0.0036115039,N-BEATS(L=90),1,test
2023-07-18,SPY,-5.6284914,0.0035939931,-5.715198,0.0032954977,N-BEATS(L=90),1,test
2023-07-18,TLT,-5.0464344,0.0064322273,-5.535735,0.0039433087,N-BEATS(L=90),1,test
2023-07-19,GLD,-5.590978,0.0037313763,-5.6621866,0.0034749103,N-BEATS(L=90),1,test
2023-07-19,SPY,-5.295299,0.0050151143,-5.3352337,0.004818784,N-BEATS(L=90),1,test
2023-07-19,TLT,-5.0492206,0.006414331,-5.224325,0.005383992,N-BEATS(L=90),1,test
2023-07-20,GLD,-5.808628,0.003001545,-5.555067,0.0038678092,N-BEATS(L=90),1,test
2023-07-20,SPY,-6.243372,0.0019432917,-5.398784,0.004522076,N-BEATS(L=90),1,test
2023-07-20,TLT,-5.461293,0.0042480584,-5.4224796,0.0044161826,N-BEATS(L=90),1,test
2023-07-21,GLD,-5.5920715,0.0037272987,-5.439194,0.0043429816,N-BEATS(L=90),1,test
2023-07-21,SPY,-5.492722,0.004116623,-5.6273074,0.003598251,N-BEATS(L=90),1,test
2023-07-21,TLT,-5.4079056,0.0044810157,-5.3330045,0.004829538,N-BEATS(L=90),1,test
2023-07-24,GLD,-5.3432765,0.0047801826,-5.571822,0.0038035435,N-BEATS(L=90),1,test
2023-07-24,SPY,-5.53573,0.003943329,-5.6138296,0.0036470757,N-BEATS(L=90),1,test
2023-07-24,TLT,-5.420793,0.004423637,-5.192409,0.0055585997,N-BEATS(L=90),1,test
2023-07-25,GLD,-5.369285,0.00465746,-5.4399858,0.004339545,N-BEATS(L=90),1,test
2023-07-25,SPY,-5.216733,0.005425024,-5.302311,0.004980072,N-BEATS(L=90),1,test
2023-07-25,TLT,-5.366066,0.004672477,-5.577744,0.003781086,N-BEATS(L=90),1,test
2023-07-26,GLD,-5.8061585,0.0030089668,-5.4751377,0.0041896515,N-BEATS(L=90),1,test
2023-07-26,SPY,-4.7783456,0.008409901,-5.6178646,0.0036323895,N-BEATS(L=90),1,test
2023-07-26,TLT,-4.4834366,0.011294532,-5.161314,0.00573416,N-BEATS(L=90),1,test
2023-07-27,GLD,-5.5862246,0.003749156,-5.5815253,0.0037668154,N-BEATS(L=90),1,test
2023-07-27,SPY,-4.816409,0.008095806,-5.8924565,0.002760188,N-BEATS(L=90),1,test
2023-07-27,TLT,-5.437872,0.004348728,-5.12267,0.0059600873,N-BEATS(L=90),1,test
2023-07-28,GLD,-5.806973,0.0030065172,-5.382252,0.0045974557,N-BEATS(L=90),1,test
2023-07-28,SPY,-5.7374506,0.0032229745,-5.767513,0.0031275267,N-BEATS(L=90),1,test
2023-07-28,TLT,-5.435052,0.0043610088,-5.2482886,0.0052565066,N-BEATS(L=90),1,test
2023-07-31,GLD,-5.413302,0.0044568996,-5.2063174,0.005481824,N-BEATS(L=90),1,test
2023-07-31,SPY,-5.910088,0.002711948,-5.1933165,0.005553558,N-BEATS(L=90),1,test
2023-07-31,TLT,-5.141615,0.005848238,-5.0680323,0.0062947944,N-BEATS(L=90),1,test
2023-08-01,GLD,-5.4584594,0.004260114,-5.600355,0.0036965506,N-BEATS(L=90),1,test
2023-08-01,SPY,-5.3139124,0.00492263,-5.006751,0.006692612,N-BEATS(L=90),1,test
2023-08-01,TLT,-5.107206,0.0060529723,-5.1645885,0.0057154144,N-BEATS(L=90),1,test
2023-08-02,GLD,-5.9465594,0.0026148215,-5.564845,0.0038301738,N-BEATS(L=90),1,test
2023-08-02,SPY,-5.2457843,0.005269687,-5.6337476,0.003575152,N-BEATS(L=90),1,test
2023-08-02,TLT,-5.2273884,0.005367525,-5.395978,0.0045347833,N-BEATS(L=90),1,test
2023-08-03,GLD,-5.62628,0.0036019504,-5.8048716,0.0030128418,N-BEATS(L=90),1,test
2023-08-03,SPY,-4.720412,0.008911508,-5.659035,0.0034858785,N-BEATS(L=90),1,test
2023-08-03,TLT,-4.946618,0.007107405,-5.466031,0.0042279796,N-BEATS(L=90),1,test
2023-08-04,GLD,-5.7389636,0.0032181018,-5.6531696,0.0035063853,N-BEATS(L=90),1,test
2023-08-04,SPY,-5.629459,0.0035905177,-5.739938,0.0032149684,N-BEATS(L=90),1,test
2023-08-04,TLT,-5.558578,0.003854253,-5.669618,0.0034491823,N-BEATS(L=90),1,test
2023-08-07,GLD,-5.6726384,0.0034387803,-5.6172256,0.003634711,N-BEATS(L=90),1,test
2023-08-07,SPY,-4.7652826,0.008520479,-5.5053277,0.0040650563,N-BEATS(L=90),1,test
2023-08-07,TLT,-5.00598,0.0066977744,-5.444135,0.0043215756,N-BEATS(L=90),1,test
2023-08-08,GLD,-5.7181425,0.0032858085,-5.574014,0.0037952152,N-BEATS(L=90),1,test
2023-08-08,SPY,-5.3144,0.004920229,-5.679036,0.0034168502,N-BEATS(L=90),1,test
2023-08-08,TLT,-5.948995,0.0026084604,-5.3425484,0.004783665,N-BEATS(L=90),1,test
2023-08-09,GLD,-5.505619,0.004063872,-5.447004,0.0043091965,N-BEATS(L=90),1,test
2023-08-09,SPY,-4.54887,0.010579151,-5.414548,0.00445135,N-BEATS(L=90),1,test
2023-08-09,TLT,-4.712043,0.008986401,-4.873127,0.007649408,N-BEATS(L=90),1,test
2023-08-10,GLD,-5.672346,0.0034397857,-5.7006564,0.0033437698,N-BEATS(L=90),1,test
2023-08-10,SPY,-5.3438745,0.0047773253,-5.3018575,0.004982331,N-BEATS(L=90),1,test
2023-08-10,TLT,-5.3107834,0.0049380567,-5.4520297,0.0042875935,N-BEATS(L=90),1,test
2023-08-11,GLD,-5.5388894,0.00393089,-5.1277514,0.00592988,N-BEATS(L=90),1,test
2023-08-11,SPY,-5.6491976,0.0035203404,-5.1865816,0.0055910866,N-BEATS(L=90),1,test
2023-08-11,TLT,-4.8761573,0.0076262634,-5.147581,0.00581345,N-BEATS(L=90),1,test
2023-08-14,GLD,-5.4350004,0.004361233,-5.649419,0.0035195616,N-BEATS(L=90),1,test
2023-08-14,SPY,-5.291455,0.005034431,-4.94587,0.0071127242,N-BEATS(L=90),1,test
2023-08-14,TLT,-5.393539,0.004545857,-5.3132977,0.004925656,N-BEATS(L=90),1,test
2023-08-15,GLD,-5.480578,0.0041669207,-5.614742,0.0036437504,N-BEATS(L=90),1,test
2023-08-15,SPY,-5.06854,0.0062915985,-5.7382655,0.003220349,N-BEATS(L=90),1,test
2023-08-15,TLT,-4.8952208,0.007482257,-4.9189157,0.0073070494,N-BEATS(L=90),1,test
2023-08-16,GLD,-5.316098,0.0049118814,-5.418866,0.0044321693,N-BEATS(L=90),1,test
2023-08-16,SPY,-5.112372,0.0060217828,-5.198848,0.0055229245,N-BEATS(L=90),1,test
2023-08-16,TLT,-5.4141746,0.004453012,-5.166747,0.00570309,N-BEATS(L=90),1,test
2023-08-17,GLD,-5.673093,0.003437218,-5.420116,0.0044266335,N-BEATS(L=90),1,test
2023-08-17,SPY,-5.1320033,0.0059047197,-5.408229,0.004479567,N-BEATS(L=90),1,test
2023-08-17,TLT,-5.0636897,0.0063221892,-5.0695844,0.006285032,N-BEATS(L=90),1,test
2023-08-18,GLD,-5.5373855,0.003936806,-5.431367,0.0043771085,N-BEATS(L=90),1,test
2023-08-18,SPY,-4.918488,0.0073101753,-5.2345777,0.005329075,N-BEATS(L=90),1,test
2023-08-18,TLT,-5.536258,0.003941247,-4.9903426,0.0068033333,N-BEATS(L=90),1,test
2023-08-21,GLD,-5.610538,0.0036591003,-5.2460446,0.0052683153,N-BEATS(L=90),1,test
2023-08-21,SPY,-5.540367,0.0039250855,-5.1302967,0.0059148055,N-BEATS(L=90),1,test
2023-08-21,TLT,-5.3311415,0.004838544,-5.4661345,0.004227542,N-BEATS(L=90),1,test
2023-08-22,GLD,-5.4918895,0.004120052,-5.7302723,0.0032461933,N-BEATS(L=90),1,test
2023-08-22,SPY,-5.293574,0.0050237738,-4.7203,0.008912503,N-BEATS(L=90),1,test
2023-08-22,TLT,-5.1934657,0.005552729,-5.15489,0.0057711145,N-BEATS(L=90),1,test
2023-08-23,GLD,-5.4632387,0.004239802,-5.8484583,0.0028843426,N-BEATS(L=90),1,test
2023-08-23,SPY,-4.8715816,0.0076612392,-5.2943845,0.005019703,N-BEATS(L=90),1,test
2023-08-23,TLT,-5.3633404,0.0046852296,-5.6489105,0.0035213511,N-BEATS(L=90),1,test
2023-08-24,GLD,-4.9661503,0.0069699287,-5.122339,0.0059620626,N-BEATS(L=90),1,test
2023-08-24,SPY,-4.6049447,0.010002255,-5.6191144,0.0036278525,N-BEATS(L=90),1,test
2023-08-24,TLT,-5.039502,0.0064769723,-5.2767477,0.00510902,N-BEATS(L=90),1,test
2023-08-25,GLD,-5.39404,0.0045435796,-5.700338,0.003344835,N-BEATS(L=90),1,test
2023-08-25,SPY,-5.213533,0.005442412,-5.478898,0.0041739265,N-BEATS(L=90),1,test
2023-08-25,TLT,-5.2408504,0.005295751,-5.2144117,0.005437631,N-BEATS(L=90),1,test
2023-08-28,GLD,-5.399644,0.0045181895,-5.488994,0.0041319984,N-BEATS(L=90),1,test
2023-08-28,SPY,-5.0570283,0.0063644447,-5.0670094,0.0063012363,N-BEATS(L=90),1,test
2023-08-28,TLT,-4.871779,0.007659727,-5.4495764,0.004298125,N-BEATS(L=90),1,test
2023-08-29,GLD,-6.151792,0.0021296619,-5.732684,0.0032383734,N-BEATS(L=90),1,test
2023-08-29,SPY,-5.511713,0.0040391823,-5.290951,0.0050369687,N-BEATS(L=90),1,test
2023-08-29,TLT,-5.5698752,0.003810956,-5.3319387,0.004834688,N-BEATS(L=90),1,test
2023-08-30,GLD,-6.3262043,0.0017888107,-5.508827,0.0040508555,N-BEATS(L=90),1,test
2023-08-30,SPY,-5.5784593,0.0037783824,-5.0922966,0.0061438936,N-BEATS(L=90),1,test
2023-08-30,TLT,-5.4068117,0.0044859196,-4.929184,0.007232403,N-BEATS(L=90),1,test
2023-08-31,GLD,-5.141429,0.0058493256,-5.230778,0.005349361,N-BEATS(L=90),1,test
2023-08-31,SPY,-5.1809874,0.005622452,-5.061112,0.006338508,N-BEATS(L=90),1,test
2023-08-31,TLT,-5.0504284,0.0064065885,-5.5086975,0.004051381,N-BEATS(L=90),1,test
2023-09-01,GLD,-6.185255,0.002059576,-5.633818,0.0035748996,N-BEATS(L=90),1,test
2023-09-01,SPY,-6.146923,0.0021400566,-5.3576064,0.0047121714,N-BEATS(L=90),1,test
2023-09-01,TLT,-5.709025,0.0033159042,-5.3998976,0.0045170435,N-BEATS(L=90),1,test
2023-09-05,GLD,-5.320217,0.0048916913,-5.6714935,0.0034427196,N-BEATS(L=90),1,test
2023-09-05,SPY,-4.9900513,0.0068053156,-5.50871,0.0040513305,N-BEATS(L=90),1,test
2023-09-05,TLT,-5.436706,0.004353801,-5.185084,0.005599467,N-BEATS(L=90),1,test
2023-09-06,GLD,-6.45822,0.0015675835,-5.7656174,0.0031334602,N-BEATS(L=90),1,test
2023-09-06,SPY,-5.5904493,0.00373335,-5.3234253,0.004876023,N-BEATS(L=90),1,test
2023-09-06,TLT,-5.8304,0.002936902,-5.581331,0.0037675484,N-BEATS(L=90),1,test
2023-09-07,GLD,-5.4147577,0.0044504157,-5.4965134,0.0041010454,N-BEATS(L=90),1,test
2023-09-07,SPY,-5.521587,0.0039994963,-5.64723,0.0035272732,N-BEATS(L=90),1,test
2023-09-07,TLT,-5.2103176,0.005459939,-5.3230085,0.004878056,N-BEATS(L=90),1,test
2023-09-08,GLD,-5.973141,0.0025462306,-5.5818014,0.0037657756,N-BEATS(L=90),1,test
2023-09-08,SPY,-5.6208334,0.0036216215,-5.4425488,0.004328437,N-BEATS(L=90),1,test
2023-09-08,TLT,-5.731542,0.0032420738,-5.275042,0.0051177414,N-BEATS(L=90),1,test
2023-09-11,GLD,-6.109088,0.002222577,-5.5630193,0.0038371733,N-BEATS(L=90),1,test
2023-09-11,SPY,-5.3423862,0.00478444,-5.1001534,0.0060958113,N-BEATS(L=90),1,test
2023-09-11,TLT,-5.4187465,0.0044326996,-5.2792645,0.005096178,N-BEATS(L=90),1,test
2023-09-12,GLD,-6.053441,0.0023497625,-5.988622,0.002507116,N-BEATS(L=90),1,test
2023-09-12,SPY,-5.485509,0.004146424,-5.5022807,0.004077461,N-BEATS(L=90),1,test
2023-09-12,TLT,-5.3033834,0.004974734,-5.724566,0.00326477,N-BEATS(L=90),1,test
2023-09-13,GLD,-5.6905003,0.0033779028,-5.701988,0.0033393195,N-BEATS(L=90),1,test
2023-09-13,SPY,-5.302905,0.004977114,-5.268659,0.0051505123,N-BEATS(L=90),1,test
2023-09-13,TLT,-5.2089853,0.0054672183,-5.3045278,0.004969044,N-BEATS(L=90),1,test
2023-09-14,GLD,-5.823468,0.0029573308,-5.640167,0.0035522743,N-BEATS(L=90),1,test
2023-09-14,SPY,-5.303107,0.00497611,-5.480786,0.0041660545,N-BEATS(L=90),1,test
2023-09-14,TLT,-6.1621084,0.0021078044,-5.1970487,0.0055328696,N-BEATS(L=90),1,test
2023-09-15,GLD,-5.6384344,0.003558435,-5.326237,0.004862332,N-BEATS(L=90),1,test
2023-09-15,SPY,-5.585174,0.0037530963,-5.590041,0.003734874,N-BEATS(L=90),1,test
2023-09-15,TLT,-5.717734,0.0032871517,-5.322133,0.004882328,N-BEATS(L=90),1,test
2023-09-18,GLD,-6.129053,0.002178643,-5.523789,0.0039906986,N-BEATS(L=90),1,test
2023-09-18,SPY,-5.228076,0.0053638355,-5.863631,0.0028409103,N-BEATS(L=90),1,test
2023-09-18,TLT,-5.425581,0.0044025076,-5.6298504,0.0035891123,N-BEATS(L=90),1,test
2023-09-19,GLD,-5.246825,0.0052642045,-5.6791906,0.0034163224,N-BEATS(L=90),1,test
2023-09-19,SPY,-5.123161,0.0059571634,-5.635766,0.0035679431,N-BEATS(L=90),1,test
2023-09-19,TLT,-5.5144553,0.004028121,-5.4083276,0.004479125,N-BEATS(L=90),1,test
2023-09-20,GLD,-5.774314,0.0031063282,-5.46664,0.004225406,N-BEATS(L=90),1,test
2023-09-20,SPY,-5.371999,0.004644838,-5.4258456,0.004401343,N-BEATS(L=90),1,test
2023-09-20,TLT,-5.6796374,0.0034147964,-5.4568896,0.0042668064,N-BEATS(L=90),1,test
2023-09-21,GLD,-6.355225,0.0017376441,-5.3833175,0.004592561,N-BEATS(L=90),1,test
2023-09-21,SPY,-5.106416,0.0060577537,-5.332127,0.004833777,N-BEATS(L=90),1,test
2023-09-21,TLT,-5.12576,0.0059416993,-5.7069116,0.0033229194,N-BEATS(L=90),1,test
2023-09-22,GLD,-5.669907,0.0034481855,-5.729077,0.0032500762,N-BEATS(L=90),1,test
2023-09-22,SPY,-5.5706134,0.0038081438,-5.331248,0.0048380294,N-BEATS(L=90),1,test
2023-09-22,TLT,-5.0862365,0.0061812396,-5.778642,0.0030929123,N-BEATS(L=90),1,test
2023-09-25,GLD,-5.6805477,0.0034116893,-5.80389,0.0030157997,N-BEATS(L=90),1,test
2023-09-25,SPY,-5.0475826,0.006424846,-5.1142883,0.0060102534,N-BEATS(L=90),1,test
2023-09-25,TLT,-5.104488,0.0060694464,-5.6082478,0.00366749,N-BEATS(L=90),1,test
2023-09-26,GLD,-5.2833405,0.005075448,-5.977792,0.0025344167,N-BEATS(L=90),1,test
2023-09-26,SPY,-4.73045,0.008822499,-5.5160413,0.0040217373,N-BEATS(L=90),1,test
2023-09-26,TLT,-4.6808844,0.009270811,-5.433268,0.004368795,N-BEATS(L=90),1,test
2023-09-27,GLD,-4.959178,0.007018695,-5.609711,0.0036621268,N-BEATS(L=90),1,test
2023-09-27,SPY,-4.8640213,0.0077193794,-5.3783107,0.004615613,N-BEATS(L=90),1,test
2023-09-27,TLT,-4.5308337,0.010771692,-5.26426,0.0051732208,N-BEATS(L=90),1,test
2023-09-28,GLD,-4.964425,0.0069819638,-5.633091,0.0035775003,N-BEATS(L=90),1,test
2023-09-28,SPY,-4.867605,0.0076917633,-5.571008,0.0038066406,N-BEATS(L=90),1,test
2023-09-28,TLT,-4.6009636,0.010042154,-5.340961,0.004791264,N-BEATS(L=90),1,test
2023-09-29,GLD,-5.6888056,0.003383632,-5.5444026,0.0039092777,N-BEATS(L=90),1,test
2023-09-29,SPY,-4.992374,0.0067895274,-5.368077,0.0046630907,N-BEATS(L=90),1,test
2023-09-29,TLT,-4.881638,0.0075845798,-5.1797333,0.005629508,N-BEATS(L=90),1,test
2023-10-02,GLD,-5.193827,0.0055507226,-5.62411,0.0036097737,N-BEATS(L=90),1,test
2023-10-02,SPY,-4.5224843,0.010862006,-5.165613,0.0057095606,N-BEATS(L=90),1,test
2023-10-02,TLT,-4.480427,0.011328577,-5.2531676,0.0052309227,N-BEATS(L=90),1,test
2023-10-03,GLD,-5.572796,0.0037998417,-5.7938724,0.0030461636,N-BEATS(L=90),1,test
2023-10-03,SPY,-4.933866,0.007198619,-4.874963,0.0076353783,N-BEATS(L=90),1,test
2023-10-03,TLT,-4.9782124,0.006886362,-5.1332793,0.00589719,N-BEATS(L=90),1,test
2023-10-04,GLD,-5.837493,0.0029161444,-5.193952,0.005550029,N-BEATS(L=90),1,test
2023-10-04,SPY,-4.959923,0.0070134695,-4.861823,0.007736367,N-BEATS(L=90),1,test
2023-10-04,TLT,-5.5093155,0.004048878,-5.0048056,0.006705645,N-BEATS(L=90),1,test
2023-10-05,GLD,-4.9681067,0.006956306,-5.349229,0.004751814,N-BEATS(L=90),1,test
2023-10-05,SPY,-4.3013906,0.013549703,-5.091602,0.0061481637,N-BEATS(L=90),1,test
2023-10-05,TLT,-4.3530045,0.012868092,-5.1757264,0.0056521096,N-BEATS(L=90),1,test
2023-10-06,GLD,-5.450276,0.0042951196,-5.8958473,0.0027508445,N-BEATS(L=90),1,test
2023-10-06,SPY,-4.984374,0.006844061,-4.7793336,0.008401596,N-BEATS(L=90),1,test
2023-10-06,TLT,-4.413323,0.0121148545,-5.08853,0.0061670784,N-BEATS(L=90),1,test
2023-10-09,GLD,-5.708814,0.0033166031,-5.8731623,0.0028139607,N-BEATS(L=90),1,test
2023-10-09,SPY,-4.9235578,0.0072732083,-4.9989896,0.0067447587,N-BEATS(L=90),1,test
2023-10-09,TLT,-4.4073653,0.012187245,-5.0135627,0.0066471794,N-BEATS(L=90),1,test
2023-10-10,GLD,-5.6618915,0.0034759361,-5.7312765,0.003242935,N-BEATS(L=90),1,test
2023-10-10,SPY,-5.2134795,0.0054427027,-4.7397723,0.008740636,N-BEATS(L=90),1,test
2023-10-10,TLT,-5.2117357,0.005452202,-4.8396835,0.007909557,N-BEATS(L=90),1,test
2023-10-11,GLD,-5.8657055,0.0028350223,-5.637044,0.0035633864,N-BEATS(L=90),1,test
2023-10-11,SPY,-4.736461,0.008769626,-5.0857844,0.006184034,N-BEATS(L=90),1,test
2023-10-11,TLT,-4.4472146,0.011711142,-4.91661,0.0073239184,N-BEATS(L=90),1,test
2023-10-12,GLD,-5.0211105,0.006597196,-5.58064,0.0037701523,N-BEATS(L=90),1,test
2023-10-12,SPY,-4.676428,0.009312219,-5.2393875,0.005303504,N-BEATS(L=90),1,test
2023-10-12,TLT,-5.233806,0.005333188,-4.926688,0.0072504757,N-BEATS(L=90),1,test
2023-10-13,GLD,-5.7727003,0.0031113445,-5.543022,0.003914678,N-BEATS(L=90),1,test
2023-10-13,SPY,-5.3280272,0.0048536356,-4.9070654,0.0073941555,N-BEATS(L=90),1,test
2023-10-13,TLT,-5.5576816,0.00385771,-5.0864277,0.006180058,N-BEATS(L=90),1,test
2023-10-16,GLD,-5.3935747,0.0045456947,-5.609102,0.0036643592,N-BEATS(L=90),1,test
2023-10-16,SPY,-4.825636,0.0080214515,-5.2225227,0.005393705,N-BEATS(L=90),1,test
2023-10-16,TLT,-4.7085834,0.009017543,-5.2989206,0.0049969847,N-BEATS(L=90),1,test
2023-10-17,GLD,-4.7246704,0.008873638,-5.6083016,0.0036672924,N-BEATS(L=90),1,test
2023-10-17,SPY,-4.80879,0.008157723,-5.2936845,0.005023218,N-BEATS(L=90),1,test
2023-10-17,TLT,-4.927404,0.007245288,-4.816823,0.0080924565,N-BEATS(L=90),1,test
2023-10-18,GLD,-4.9159327,0.0073288796,-5.8651266,0.002836664,N-BEATS(L=90),1,test
2023-10-18,SPY,-4.6390257,0.009667112,-5.40706,0.0044848057,N-BEATS(L=90),1,test
2023-10-18,TLT,-4.3376946,0.013066617,-5.182724,0.0056126965,N-BEATS(L=90),1,test
2023-10-19,GLD,-4.8037415,0.008199014,-5.7174463,0.003288097,N-BEATS(L=90),1,test
2023-10-19,SPY,-5.15062,0.0057958104,-5.1995196,0.005519215,N-BEATS(L=90),1,test
2023-10-19,TLT,-5.0711484,0.0062752096,-4.7100964,0.00900391,N-BEATS(L=90),1,test
2023-10-20,GLD,-5.905914,0.002723292,-5.1643467,0.0057167965,N-BEATS(L=90),1,test
2023-10-20,SPY,-4.5012465,0.011095159,-5.2354,0.005324693,N-BEATS(L=90),1,test
2023-10-20,TLT,-4.035696,0.017673375,-4.4591703,0.0115719605,N-BEATS(L=90),1,test
2023-10-23,GLD,-5.1242185,0.0059508663,-5.184527,0.0056025865,N-BEATS(L=90),1,test
2023-10-23,SPY,-5.010076,0.006670396,-5.030526,0.006535371,N-BEATS(L=90),1,test
2023-10-23,TLT,-4.8113027,0.008137253,-4.6333027,0.009722595,N-BEATS(L=90),1,test
2023-10-24,GLD,-4.74843,0.008665291,-5.665407,0.0034637372,N-BEATS(L=90),1,test
2023-10-24,SPY,-5.2612104,0.0051890197,-5.1171637,0.005992997,N-BEATS(L=90),1,test
2023-10-24,TLT,-4.917059,0.0073206294,-4.893798,0.007492911,N-BEATS(L=90),1,test
2023-10-25,GLD,-5.1353207,0.0058851643,-5.4689198,0.004215784,N-BEATS(L=90),1,test
2023-10-25,SPY,-4.8492975,0.0078338785,-5.032126,0.006524924,N-BEATS(L=90),1,test
2023-10-25,TLT,-4.8845954,0.007562183,-5.020614,0.0066004717,N-BEATS(L=90),1,test
2023-10-26,GLD,-4.8807373,0.0075914147,-5.1524415,0.0057852627,N-BEATS(L=90),1,test
2023-10-26,SPY,-4.8806486,0.007592088,-4.900263,0.007444626,N-BEATS(L=90),1,test
2023-10-26,TLT,-4.5829296,0.010224897,-4.758204,0.008581007,N-BEATS(L=90),1,test
2023-10-27,GLD,-5.684996,0.0033965465,-5.143913,0.0058348146,N-BEATS(L=90),1,test
2023-10-27,SPY,-4.9655204,0.0069743204,-4.9310746,0.007218742,N-BEATS(L=90),1,test
2023-10-27,TLT,-4.5526495,0.010539244,-5.209893,0.0054622567,N-BEATS(L=90),1,test
2023-10-30,GLD,-4.6237516,0.0098159015,-5.2550397,0.005221139,N-BEATS(L=90),1,test
2023-10-30,SPY,-5.006998,0.006690959,-5.108475,0.0060452935,N-BEATS(L=90),1,test
2023-10-30,TLT,-4.777233,0.008419262,-4.664222,0.009426582,N-BEATS(L=90),1,test
2023-10-31,GLD,-4.726262,0.008859525,-5.110666,0.0060320655,N-BEATS(L=90),1,test
2023-10-31,SPY,-5.0603914,0.006343076,-4.566632,0.010392906,N-BEATS(L=90),1,test
2023-10-31,TLT,-5.320701,0.0048893243,-4.6796007,0.009282719,N-BEATS(L=90),1,test
2023-11-01,GLD,-5.8094363,0.0029991202,-5.2594333,0.00519825,N-BEATS(L=90),1,test
2023-11-01,SPY,-5.5544767,0.003870093,-5.1226187,0.005960394,N-BEATS(L=90),1,test
2023-11-01,TLT,-4.767508,0.008501539,-5.0286674,0.0065475297,N-BEATS(L=90),1,test
2023-11-02,GLD,-5.483715,0.004153869,-5.318881,0.0048982315,N-BEATS(L=90),1,test
2023-11-02,SPY,-5.328309,0.004852268,-4.974097,0.006914762,N-BEATS(L=90),1,test
2023-11-02,TLT,-4.7876625,0.008331911,-4.6982083,0.009111588,N-BEATS(L=90),1,test
2023-11-03,GLD,-6.1463733,0.0021412333,-5.4641013,0.0042361463,N-BEATS(L=90),1,test
2023-11-03,SPY,-5.5205674,0.0040035755,-5.446638,0.0043107728,N-BEATS(L=90),1,test
2023-11-03,TLT,-5.4216146,0.0044200043,-4.730435,0.008822633,N-BEATS(L=90),1,test
2023-11-06,GLD,-5.715307,0.003295138,-5.2500396,0.0052473107,N-BEATS(L=90),1,test
2023-11-06,SPY,-5.366209,0.0046718083,-5.154762,0.005771855,N-BEATS(L=90),1,test
2023-11-06,TLT,-5.0239706,0.0065783546,-4.805253,0.008186629,N-BEATS(L=90),1,test
2023-11-07,GLD,-5.5162807,0.0040207747,-5.094452,0.006130666,N-BEATS(L=90),1,test
2023-11-07,SPY,-5.2592797,0.005199048,-5.1326995,0.0059006102,N-BEATS(L=90),1,test
2023-11-07,TLT,-5.2157927,0.0054301275,-4.7823033,0.008376682,N-BEATS(L=90),1,test
2023-11-08,GLD,-5.2741265,0.005122429,-6.007904,0.0024592371,N-BEATS(L=90),1,test
2023-11-08,SPY,-5.301418,0.004984522,-5.471721,0.00420399,N-BEATS(L=90),1,test
2023-11-08,TLT,-4.174592,0.015381466,-4.9705944,0.0069390223,N-BEATS(L=90),1,test
2023-11-09,GLD,-5.527332,0.0039765853,-5.9364877,0.0026412904,N-BEATS(L=90),1,test
2023-11-09,SPY,-4.6653833,0.009415638,-5.264814,0.005170355,N-BEATS(L=90),1,test
2023-11-09,TLT,-5.2944217,0.0050195167,-4.8532043,0.0078033335,N-BEATS(L=90),1,test
2023-11-10,GLD,-5.2818136,0.0050832033,-5.8409214,0.0029061637,N-BEATS(L=90),1,test
2023-11-10,SPY,-5.4088655,0.0044767163,-5.446589,0.0043109846,N-BEATS(L=90),1,test
2023-11-10,TLT,-4.9098005,0.0073739593,-4.7527084,0.008628295,N-BEATS(L=90),1,test
2023-11-13,GLD,-5.4859843,0.0041444534,-5.7050548,0.003329095,N-BEATS(L=90),1,test
2023-11-13,SPY,-5.2407827,0.0052961097,-5.289926,0.005042133,N-BEATS(L=90),1,test
2023-11-13,TLT,-5.019922,0.0066050435,-5.094852,0.006128214,N-BEATS(L=90),1,test
2023-11-14,GLD,-5.772712,0.0031113075,-4.7204,0.008911614,N-BEATS(L=90),1,test
2023-11-14,SPY,-5.5190787,0.00400954,-5.0627503,0.006328131,N-BEATS(L=90),1,test
2023-11-14,TLT,-5.175125,0.0056555094,-5.120789,0.0059713093,N-BEATS(L=90),1,test
2023-11-15,GLD,-5.275443,0.0051156897,-5.673108,0.0034371656,N-BEATS(L=90),1,test
2023-11-15,SPY,-5.633221,0.0035770347,-5.148282,0.0058093765,N-BEATS(L=90),1,test
2023-11-15,TLT,-5.2701306,0.005142939,-4.960658,0.007008314,N-BEATS(L=90),1,test
2023-11-16,GLD,-6.0217094,0.0024255197,-5.4993196,0.0040895534,N-BEATS(L=90),1,test
2023-11-16,SPY,-5.726909,0.0032571289,-5.231591,0.0053450135,N-BEATS(L=90),1,test
2023-11-16,TLT,-5.0914674,0.0061489902,-4.5425744,0.010645964,N-BEATS(L=90),1,test
2023-11-17,GLD,-5.726051,0.0032599259,-5.510155,0.0040454795,N-BEATS(L=90),1,test
2023-11-17,SPY,-5.2872,0.005055897,-5.6005373,0.0036958773,N-BEATS(L=90),1,test
2023-11-17,TLT,-5.338145,0.0048047765,-5.299139,0.004995893,N-BEATS(L=90),1,test
2023-11-20,GLD,-5.538638,0.003931878,-5.6182337,0.003631049,N-BEATS(L=90),1,test
2023-11-20,SPY,-5.688494,0.0033846858,-5.0076447,0.006686634,N-BEATS(L=90),1,test
2023-11-20,TLT,-4.9456706,0.007114142,-5.403651,0.00450012,N-BEATS(L=90),1,test
2023-11-21,GLD,-5.3767047,0.0046230312,-5.232902,0.005338012,N-BEATS(L=90),1,test
2023-11-21,SPY,-5.554986,0.0038681226,-5.617011,0.003635491,N-BEATS(L=90),1,test
2023-11-21,TLT,-4.9456534,0.007114264,-5.200379,0.0055144746,N-BEATS(L=90),1,test
2023-11-22,GLD,-6.0998054,0.0022433044,-5.4646773,0.0042337067,N-BEATS(L=90),1,test
2023-11-22,SPY,-6.7641973,0.0011543736,-5.63305,0.003577647,N-BEATS(L=90),1,test
2023-11-22,TLT,-5.7910547,0.0030547585,-5.07968,0.0062218998,N-BEATS(L=90),1,test
2023-11-24,GLD,-5.7364836,0.0032260926,-5.781922,0.003082785,N-BEATS(L=90),1,test
2023-11-24,SPY,-6.1284566,0.0021799428,-5.5155764,0.004023608,N-BEATS(L=90),1,test
2023-11-24,TLT,-5.1968055,0.0055342154,-4.9551444,0.0070470627,N-BEATS(L=90),1,test
2023-11-27,GLD,-5.212769,0.005446571,-5.5723357,0.0038015905,N-BEATS(L=90),1,test
2023-11-27,SPY,-5.4856033,0.004146033,-5.9912386,0.002500565,N-BEATS(L=90),1,test
2023-11-27,TLT,-5.466572,0.0042256936,-5.6121044,0.003653373,N-BEATS(L=90),1,test
2023-11-28,GLD,-5.684655,0.0033977046,-5.114759,0.0060074255,N-BEATS(L=90),1,test
2023-11-28,SPY,-5.2279425,0.0053645517,-6.069686,0.002311899,N-BEATS(L=90),1,test
2023-11-28,TLT,-5.095604,0.006123607,-5.4040647,0.0044982596,N-BEATS(L=90),1,test
2023-11-29,GLD,-5.636141,0.003566606,-5.4967933,0.0040998976,N-BEATS(L=90),1,test
2023-11-29,SPY,-5.2659802,0.005164328,-5.8424377,0.0029017602,N-BEATS(L=90),1,test
2023-11-29,TLT,-4.796722,0.008256769,-5.4993353,0.0040894886,N-BEATS(L=90),1,test
2023-11-30,GLD,-4.713924,0.008969513,-5.9265423,0.0026676902,N-BEATS(L=90),1,test
2023-11-30,SPY,-5.246893,0.005263848,-5.6691074,0.003450944,N-BEATS(L=90),1,test
2023-11-30,TLT,-4.651203,0.009550105,-5.307589,0.0049538556,N-BEATS(L=90),1,test
2023-12-01,GLD,-4.5870647,0.010182704,-5.696981,0.0033560824,N-BEATS(L=90),1,test
2023-12-01,SPY,-4.9267716,0.007249871,-5.850037,0.0028797924,N-BEATS(L=90),1,test
2023-12-01,TLT,-5.186484,0.0055916333,-5.429771,0.0043841,N-BEATS(L=90),1,test
2023-12-04,GLD,-5.1460524,0.0058223438,-5.4714046,0.0042053214,N-BEATS(L=90),1,test
2023-12-04,SPY,-5.572911,0.0037994052,-5.6596212,0.003483836,N-BEATS(L=90),1,test
2023-12-04,TLT,-5.4004407,0.004514591,-5.505028,0.0040662754,N-BEATS(L=90),1,test
2023-12-05,GLD,-5.730905,0.0032441397,-5.028867,0.006546225,N-BEATS(L=90),1,test
2023-12-05,SPY,-5.439408,0.0043420536,-5.5993776,0.0037001658,N-BEATS(L=90),1,test
2023-12-05,TLT,-4.952212,0.0070677586,-5.3862557,0.004579087,N-BEATS(L=90),1,test
2023-12-06,GLD,-5.317402,0.0049054823,-5.84081,0.002906488,N-BEATS(L=90),1,test
2023-12-06,SPY,-5.6233087,0.0036126683,-5.6087885,0.0036655075,N-BEATS(L=90),1,test
2023-12-06,TLT,-4.8939967,0.0074914214,-5.2723637,0.0051314672,N-BEATS(L=90),1,test
2023-12-07,GLD,-4.949459,0.0070872414,-5.0652075,0.006312601,N-BEATS(L=90),1,test
2023-12-07,SPY,-5.5224724,0.0039959564,-5.43204,0.0043741623,N-BEATS(L=90),1,test
2023-12-07,TLT,-5.112453,0.0060212947,-5.0668845,0.0063020233,N-BEATS(L=90),1,test
2023-12-08,GLD,-5.442682,0.004327861,-4.9230494,0.0072769066,N-BEATS(L=90),1,test
2023-12-08,SPY,-5.89746,0.0027464118,-5.3680873,0.004663042,N-BEATS(L=90),1,test
2023-12-08,TLT,-5.0373464,0.00649095,-5.058978,0.0063520474,N-BEATS(L=90),1,test
2023-12-11,GLD,-5.988674,0.0025069858,-5.040981,0.006467402,N-BEATS(L=90),1,test
2023-12-11,SPY,-5.427526,0.004393953,-5.2744923,0.005120556,N-BEATS(L=90),1,test
2023-12-11,TLT,-5.270948,0.005138737,-5.126225,0.005938938,N-BEATS(L=90),1,test
2023-12-12,GLD,-4.58765,0.010176747,-5.147919,0.005811485,N-BEATS(L=90),1,test
2023-12-12,SPY,-5.101617,0.006086897,-5.753855,0.003170534,N-BEATS(L=90),1,test
2023-12-12,TLT,-4.649345,0.009567868,-5.3419986,0.0047862954,N-BEATS(L=90),1,test
2023-12-13,GLD,-5.0363255,0.00649758,-5.5727906,0.0037998615,N-BEATS(L=90),1,test
2023-12-13,SPY,-5.007466,0.0066878297,-5.566942,0.00382215,N-BEATS(L=90),1,test
2023-12-13,TLT,-4.8610754,0.0077421535,-5.1750865,0.005655728,N-BEATS(L=90),1,test
2023-12-14,GLD,-5.0690145,0.006288614,-5.2012973,0.0055094124,N-BEATS(L=90),1,test
2023-12-14,SPY,-5.3134394,0.0049249586,-5.3445826,0.0047739437,N-BEATS(L=90),1,test
2023-12-14,TLT,-5.3641715,0.004681337,-4.978428,0.006884878,N-BEATS(L=90),1,test
2023-12-15,GLD,-5.3904576,0.004559886,-4.893263,0.007496921,N-BEATS(L=90),1,test
2023-12-15,SPY,-5.4154863,0.0044471743,-5.589616,0.0037364631,N-BEATS(L=90),1,test
2023-12-15,TLT,-5.70202,0.0033392129,-5.0791593,0.0062251408,N-BEATS(L=90),1,test
2023-12-18,GLD,-5.266818,0.0051600034,-4.9614716,0.0070026154,N-BEATS(L=90),1,test
2023-12-18,SPY,-6.165993,0.002099632,-5.2922897,0.005030229,N-BEATS(L=90),1,test
2023-12-18,TLT,-5.4530826,0.0042830813,-5.0255594,0.0065679112,N-BEATS(L=90),1,test
2023-12-19,GLD,-5.9449196,0.0026191128,-5.219954,0.005407578,N-BEATS(L=90),1,test
2023-12-19,SPY,-4.657474,0.009490404,-5.68906,0.0033827706,N-BEATS(L=90),1,test
2023-12-19,TLT,-4.9062877,0.0073999083,-5.050276,0.006407566,N-BEATS(L=90),1,test
2023-12-20,GLD,-5.753857,0.003170528,-5.555193,0.003867322,N-BEATS(L=90),1,test
2023-12-20,SPY,-5.124519,0.005949079,-5.746666,0.00319341,N-BEATS(L=90),1,test
2023-12-20,TLT,-5.136306,0.005879369,-5.1831546,0.00561028,N-BEATS(L=90),1,test
2023-12-21,GLD,-5.2754474,0.005115668,-5.2704372,0.005141362,N-BEATS(L=90),1,test
2023-12-21,SPY,-5.2051525,0.005488213,-5.164345,0.005716807,N-BEATS(L=90),1,test
2023-12-21,TLT,-5.1360364,0.0058809533,-5.068802,0.006289952,N-BEATS(L=90),1,test
2023-12-22,GLD,-5.444622,0.0043194722,-5.4820447,0.0041608135,N-BEATS(L=90),1,test
2023-12-22,SPY,-5.728687,0.003251344,-5.7154975,0.003294511,N-BEATS(L=90),1,test
2023-12-22,TLT,-6.0211787,0.0024268073,-5.2906885,0.0050382903,N-BEATS(L=90),1,test
2023-12-26,GLD,-5.218768,0.005413994,-5.3653097,0.004676012,N-BEATS(L=90),1,test
2023-12-26,SPY,-6.106262,0.0022288663,-5.284452,0.00506981,N-BEATS(L=90),1,test
2023-12-26,TLT,-5.167082,0.0057011815,-5.4160123,0.004444836,N-BEATS(L=90),1,test
2023-12-27,GLD,-5.396838,0.0045308843,-5.2484245,0.0052557923,N-BEATS(L=90),1,test
2023-12-27,SPY,-6.267721,0.0018965455,-5.401082,0.0045116963,N-BEATS(L=90),1,test
2023-12-27,TLT,-4.980317,0.006871883,-5.1231303,0.0059573455,N-BEATS(L=90),1,test
2023-12-28,GLD,-5.7209196,0.0032766962,-5.400202,0.00451567,N-BEATS(L=90),1,test
2023-12-28,SPY,-5.233926,0.0053325496,-5.52485,0.003986467,N-BEATS(L=90),1,test
2023-12-28,TLT,-4.9489236,0.007091038,-5.3497396,0.004749388,N-BEATS(L=90),1,test
2023-12-29,GLD,-5.3868675,0.004576286,-5.343741,0.0047779633,N-BEATS(L=90),1,test
2023-12-29,SPY,-5.3560734,0.0047194012,-5.6962686,0.003358474,N-BEATS(L=90),1,test
2023-12-29,TLT,-5.3715205,0.00464706,-5.2559342,0.0052164705,N-BEATS(L=90),1,test
2024-01-02,GLD,-5.0753818,0.0062487004,-5.3432474,0.004780322,N-BEATS(L=90),1,test
2024-01-02,SPY,-5.5226893,0.0039950893,-5.664105,0.0034682506,N-BEATS(L=90),1,test
2024-01-02,TLT,-4.727398,0.008849468,-5.283776,0.005073239,N-BEATS(L=90),1,test
2024-01-03,GLD,-5.551426,0.003881918,-5.353721,0.004730515,N-BEATS(L=90),1,test
2024-01-03,SPY,-5.160791,0.0057371603,-5.0490623,0.0064153466,N-BEATS(L=90),1,test
2024-01-03,TLT,-5.537065,0.003938068,-5.392088,0.004552458,N-BEATS(L=90),1,test
2024-01-04,GLD,-4.824152,0.008033363,-5.8348527,0.002923854,N-BEATS(L=90),1,test
2024-01-04,SPY,-5.111647,0.006026149,-5.463519,0.0042386134,N-BEATS(L=90),1,test
2024-01-04,TLT,-4.543473,0.010636404,-5.4932847,0.0041143075,N-BEATS(L=90),1,test
2024-01-05,GLD,-5.16204,0.005729997,-5.4614882,0.00424723,N-BEATS(L=90),1,test
2024-01-05,SPY,-5.252232,0.0052358187,-5.559428,0.0038509776,N-BEATS(L=90),1,test
2024-01-05,TLT,-4.9847274,0.006841643,-5.2638316,0.0051754364,N-BEATS(L=90),1,test
2024-01-08,GLD,-5.7859845,0.0030702862,-5.3201814,0.0048918664,N-BEATS(L=90),1,test
2024-01-08,SPY,-5.3703375,0.0046525607,-5.5461764,0.0039023496,N-BEATS(L=90),1,test
2024-01-08,TLT,-5.4652295,0.0042313696,-5.2839065,0.005072576,N-BEATS(L=90),1,test
2024-01-09,GLD,-5.4924126,0.0041178972,-5.0888143,0.006165326,N-BEATS(L=90),1,test
2024-01-09,SPY,-5.449493,0.004298484,-5.2822747,0.00508086,N-BEATS(L=90),1,test
2024-01-09,TLT,-5.3390193,0.0048005763,-5.241185,0.005293979,N-BEATS(L=90),1,test
2024-01-10,GLD,-4.8946896,0.007486233,-5.8499293,0.0028801027,N-BEATS(L=90),1,test
2024-01-10,SPY,-4.759598,0.008569055,-5.418304,0.0044346615,N-BEATS(L=90),1,test
2024-01-10,TLT,-4.8989806,0.007454178,-5.244008,0.005279056,N-BEATS(L=90),1,test
2024-01-11,GLD,-5.049112,0.0064150286,-5.501181,0.0040819473,N-BEATS(L=90),1,test
2024-01-11,SPY,-5.3469253,0.004762773,-5.3677835,0.0046644583,N-BEATS(L=90),1,test
2024-01-11,TLT,-4.9457903,0.007113291,-5.2638035,0.005175582,N-BEATS(L=90),1,test
2024-01-12,GLD,-5.2990413,0.0049963817,-5.4228287,0.0044146413,N-BEATS(L=90),1,test
2024-01-12,SPY,-5.245938,0.0052688783,-5.097766,0.0061103823,N-BEATS(L=90),1,test
2024-01-12,TLT,-4.834454,0.007951028,-4.9334617,0.007201531,N-BEATS(L=90),1,test
2024-01-16,GLD,-5.1772614,0.005643441,-5.5900383,0.0037348848,N-BEATS(L=90),1,test
2024-01-16,SPY,-5.440619,0.004336798,-5.4103703,0.0044699847,N-BEATS(L=90),1,test
2024-01-16,TLT,-5.0730577,0.0062632402,-5.1597843,0.0057429383,N-BEATS(L=90),1,test
2024-01-17,GLD,-6.0082545,0.0024583754,-5.5566535,0.0038616778,N-BEATS(L=90),1,test
2024-01-17,SPY,-5.0989995,0.0061028493,-5.9408274,0.0026298529,N-BEATS(L=90),1,test
2024-01-17,TLT,-5.0027337,0.0067195524,-5.404818,0.004494872,N-BEATS(L=90),1,test
2024-01-18,GLD,-5.7933736,0.0030476833,-5.8781266,0.002800026,N-BEATS(L=90),1,test
2024-01-18,SPY,-5.0076523,0.006686583,-5.106235,0.0060588513,N-BEATS(L=90),1,test
2024-01-18,TLT,-5.0531826,0.0063889674,-4.8042836,0.0081945695,N-BEATS(L=90),1,test
2024-01-19,GLD,-5.67368,0.003435201,-5.410443,0.0044696606,N-BEATS(L=90),1,test
2024-01-19,SPY,-5.657454,0.0034913947,-5.2624993,0.005182336,N-BEATS(L=90),1,test
2024-01-19,TLT,-5.2927284,0.005028023,-4.740503,0.008734253,N-BEATS(L=90),1,test
2024-01-22,GLD,-5.8681006,0.0028282402,-5.957025,0.0025875985,N-BEATS(L=90),1,test
2024-01-22,SPY,-5.791148,0.003054473,-5.6318097,0.0035820869,N-BEATS(L=90),1,test
2024-01-22,TLT,-5.466721,0.004225063,-5.1751256,0.0056555066,N-BEATS(L=90),1,test
2024-01-23,GLD,-5.438722,0.004345032,-5.7498226,0.0031833453,N-BEATS(L=90),1,test
2024-01-23,SPY,-5.3538904,0.0047297147,-5.7479267,0.0031893866,N-BEATS(L=90),1,test
2024-01-23,TLT,-4.87003,0.0076731355,-5.201641,0.0055075185,N-BEATS(L=90),1,test
2024-01-24,GLD,-5.423637,0.004411075,-5.869818,0.0028233866,N-BEATS(L=90),1,test
2024-01-24,SPY,-5.4721727,0.004202092,-5.4740176,0.004194347,N-BEATS(L=90),1,test
2024-01-24,TLT,-5.3209896,0.0048879143,-5.2272987,0.005368006,N-BEATS(L=90),1,test
2024-01-25,GLD,-6.1290326,0.0021786876,-5.2765193,0.005110187,N-BEATS(L=90),1,test
2024-01-25,SPY,-5.59064,0.003732638,-5.596281,0.0037116415,N-BEATS(L=90),1,test
2024-01-25,TLT,-5.458731,0.0042589563,-4.98196,0.006860604,N-BEATS(L=90),1,test
2024-01-26,GLD,-5.2822795,0.005080836,-5.745031,0.0031986358,N-BEATS(L=90),1,test
2024-01-26,SPY,-5.476073,0.0041857357,-5.6859527,0.003393299,N-BEATS(L=90),1,test
2024-01-26,TLT,-4.967198,0.006962631,-5.2585626,0.005202778,N-BEATS(L=90),1,test
2024-01-29,GLD,-5.135086,0.005886545,-5.5523963,0.003878153,N-BEATS(L=90),1,test
2024-01-29,SPY,-6.1494374,0.0021346824,-5.62528,0.0036055539,N-BEATS(L=90),1,test
2024-01-29,TLT,-4.82679,0.008012201,-5.4596243,0.004255154,N-BEATS(L=90),1,test
2024-01-30,GLD,-4.8084493,0.0081605045,-5.4389973,0.0043438366,N-BEATS(L=90),1,test
2024-01-30,SPY,-5.242197,0.0052886247,-5.3760657,0.004625986,N-BEATS(L=90),1,test
2024-01-30,TLT,-5.1095877,0.006038572,-5.089789,0.00615932,N-BEATS(L=90),1,test
2024-01-31,GLD,-4.7665486,0.008509699,-5.751895,0.0031767553,N-BEATS(L=90),1,test
2024-01-31,SPY,-5.23709,0.0053157024,-5.3742867,0.0046342234,N-BEATS(L=90),1,test
2024-01-31,TLT,-4.6744404,0.009330745,-5.2145805,0.0054367133,N-BEATS(L=90),1,test
2024-02-01,GLD,-5.6871796,0.0033891383,-5.3630595,0.0046865456,N-BEATS(L=90),1,test
2024-02-01,SPY,-4.872345,0.0076553924,-5.493984,0.0041114306,N-BEATS(L=90),1,test
2024-02-01,TLT,-5.0032835,0.0067158593,-5.233744,0.0053335186,N-BEATS(L=90),1,test
2024-02-02,GLD,-5.6393313,0.0035552448,-5.1124396,0.006021375,N-BEATS(L=90),1,test
2024-02-02,SPY,-5.153035,0.0057818294,-5.1009965,0.006090674,N-BEATS(L=90),1,test
2024-02-02,TLT,-5.24554,0.005270974,-5.106868,0.006055019,N-BEATS(L=90),1,test
2024-02-05,GLD,-5.613147,0.0036495668,-5.160346,0.005739713,N-BEATS(L=90),1,test
2024-02-05,SPY,-5.7437515,0.0032027306,-5.3229704,0.004878242,N-BEATS(L=90),1,test
2024-02-05,TLT,-5.3857126,0.0045815744,-5.2430124,0.005284314,N-BEATS(L=90),1,test
2024-02-06,GLD,-5.4838715,0.0041532195,-5.2755513,0.005115136,N-BEATS(L=90),1,test
2024-02-06,SPY,-5.546235,0.0039021207,-5.444909,0.0043182326,N-BEATS(L=90),1,test
2024-02-06,TLT,-5.2419186,0.0052900976,-4.9217706,0.0072862185,N-BEATS(L=90),1,test
2024-02-07,GLD,-6.084155,0.0022786888,-5.598652,0.0037028522,N-BEATS(L=90),1,test
2024-02-07,SPY,-6.1945567,0.0020405075,-5.48045,0.0041674534,N-BEATS(L=90),1,test
2024-02-07,TLT,-5.336317,0.0048135663,-4.8470635,0.0078513995,N-BEATS(L=90),1,test
2024-02-08,GLD,-6.0436974,0.0023727696,-5.538596,0.003932043,N-BEATS(L=90),1,test
2024-02-08,SPY,-5.6926923,0.0033705065,-5.7659817,0.0031323188,N-BEATS(L=90),1,test
2024-02-08,TLT,-5.9641705,0.0025691749,-5.1458483,0.005823532,N-BEATS(L=90),1,test
2024-02-09,GLD,-5.809898,0.0029977362,-5.847049,0.0028884097,N-BEATS(L=90),1,test
2024-02-09,SPY,-5.384499,0.0045871376,-5.9282146,0.0026632329,N-BEATS(L=90),1,test
2024-02-09,TLT,-5.337634,0.0048072306,-5.2525353,0.005234231,N-BEATS(L=90),1,test
2024-02-12,GLD,-5.8355093,0.0029219347,-5.2567368,0.005212286,N-BEATS(L=90),1,test
2024-02-12,SPY,-4.6992326,0.00910226,-5.4227343,0.004415058,N-BEATS(L=90),1,test
2024-02-12,TLT,-5.4278684,0.004392449,-5.394034,0.0045436076,N-BEATS(L=90),1,test
2024-02-13,GLD,-5.475216,0.004189324,-5.754622,0.003168104,N-BEATS(L=90),1,test
2024-02-13,SPY,-5.0727477,0.0062651816,-5.717474,0.003288006,N-BEATS(L=90),1,test
2024-02-13,TLT,-5.260157,0.0051944884,-5.577905,0.0037804767,N-BEATS(L=90),1,test
2024-02-14,GLD,-5.654978,0.0035000509,-5.2374377,0.005313855,N-BEATS(L=90),1,test
2024-02-14,SPY,-5.679155,0.0034164446,-4.958145,0.007025948,N-BEATS(L=90),1,test
2024-02-14,TLT,-5.264542,0.0051717605,-5.4397287,0.0043406608,N-BEATS(L=90),1,test
2024-02-15,GLD,-5.1948686,0.005544945,-5.362381,0.0046897265,N-BEATS(L=90),1,test
2024-02-15,SPY,-5.270195,0.0051426077,-5.846543,0.0028898728,N-BEATS(L=90),1,test
2024-02-15,TLT,-5.6806145,0.0034114616,-5.0384216,0.0064839744,N-BEATS(L=90),1,test
2024-02-16,GLD,-6.3584905,0.0017319792,-5.9988055,0.0024817148,N-BEATS(L=90),1,test
2024-02-16,SPY,-5.200925,0.0055114646,-5.8841558,0.0027831949,N-BEATS(L=90),1,test
2024-02-16,TLT,-5.6381106,0.0035595873,-5.039872,0.006474576,N-BEATS(L=90),1,test
2024-02-20,GLD,-5.7178755,0.003286686,-5.2067847,0.0054792627,N-BEATS(L=90),1,test
2024-02-20,SPY,-5.307567,0.0049539646,-5.3115263,0.0049343896,N-BEATS(L=90),1,test
2024-02-20,TLT,-5.2550364,0.0052211564,-5.2711883,0.005137502,N-BEATS(L=90),1,test
2024-02-21,GLD,-6.1071634,0.0022268584,-5.338339,0.004803844,N-BEATS(L=90),1,test
2024-02-21,SPY,-5.0621386,0.0063320035,-5.220603,0.0054040696,N-BEATS(L=90),1,test
2024-02-21,TLT,-5.758387,0.0031561982,-5.249676,0.0052492176,N-BEATS(L=90),1,test
2024-02-22,GLD,-5.216568,0.005425919,-5.474721,0.004191398,N-BEATS(L=90),1,test
2024-02-22,SPY,-5.562693,0.003838425,-5.3744907,0.0046332777,N-BEATS(L=90),1,test
2024-02-22,TLT,-5.145294,0.00582676,-5.7538643,0.0031705054,N-BEATS(L=90),1,test
2024-02-23,GLD,-5.8734365,0.0028131893,-5.985936,0.0025138592,N-BEATS(L=90),1,test
2024-02-23,SPY,-5.8549385,0.002865712,-5.411257,0.0044660238,N-BEATS(L=90),1,test
2024-02-23,TLT,-5.161326,0.0057340916,-5.545943,0.0039032616,N-BEATS(L=90),1,test
2024-02-26,GLD,-5.988701,0.0025069187,-5.7727776,0.0031111042,N-BEATS(L=90),1,test
2024-02-26,SPY,-5.6969094,0.0033563224,-5.71067,0.0033104538,N-BEATS(L=90),1,test
2024-02-26,TLT,-5.466416,0.004226353,-5.636423,0.0035655994,N-BEATS(L=90),1,test
2024-02-27,GLD,-6.2978153,0.0018403209,-5.4014454,0.0045100576,N-BEATS(L=90),1,test
2024-02-27,SPY,-6.0334835,0.002397129,-5.346221,0.0047661285,N-BEATS(L=90),1,test
2024-02-27,TLT,-5.420395,0.0044253985,-5.500615,0.0040842583,N-BEATS(L=90),1,test
2024-02-28,GLD,-6.0597587,0.0023349642,-5.558136,0.0038559572,N-BEATS(L=90),1,test
2024-02-28,SPY,-5.096829,0.0061161104,-5.5343494,0.0039487765,N-BEATS(L=90),1,test
2024-02-28,TLT,-5.7757063,0.003102006,-5.4799585,0.0041695028,N-BEATS(L=90),1,test
2024-02-29,GLD,-4.430718,0.011905938,-5.450142,0.004295695,N-BEATS(L=90),1,test
2024-02-29,SPY,-5.392945,0.004548559,-5.2670593,0.0051587587,N-BEATS(L=90),1,test
2024-02-29,TLT,-4.707134,0.009030624,-5.2465687,0.0052655553,N-BEATS(L=90),1,test
2024-03-01,GLD,-5.0187654,0.0066126855,-5.772712,0.0031113075,N-BEATS(L=90),1,test
2024-03-01,SPY,-5.804452,0.0030141063,-5.5682335,0.0038172177,N-BEATS(L=90),1,test
2024-03-01,TLT,-5.9799495,0.002528954,-5.896515,0.0027490088,N-BEATS(L=90),1,test
2024-03-04,GLD,-5.2439995,0.005279101,-5.690431,0.0033781363,N-BEATS(L=90),1,test
2024-03-04,SPY,-4.941575,0.007143338,-5.531362,0.003960591,N-BEATS(L=90),1,test
2024-03-04,TLT,-5.27798,0.0051027285,-5.5278096,0.0039746854,N-BEATS(L=90),1,test
2024-03-05,GLD,-5.079423,0.0062234993,-5.387401,0.004573845,N-BEATS(L=90),1,test
2024-03-05,SPY,-5.3056517,0.0049634627,-5.663801,0.0034693044,N-BEATS(L=90),1,test
2024-03-05,TLT,-5.3869658,0.0045758365,-5.5554047,0.0038665035,N-BEATS(L=90),1,test
2024-03-06,GLD,-5.5048866,0.0040668496,-5.554001,0.0038719352,N-BEATS(L=90),1,test
2024-03-06,SPY,-4.8114285,0.008136229,-5.649522,0.003519199,N-BEATS(L=90),1,test
2024-03-06,TLT,-5.100506,0.0060936636,-5.3883753,0.0045693913,N-BEATS(L=90),1,test
2024-03-07,GLD,-4.633798,0.009717779,-5.206503,0.0054808073,N-BEATS(L=90),1,test
2024-03-07,SPY,-4.7530155,0.008625645,-5.3214045,0.004885887,N-BEATS(L=90),1,test
2024-03-07,TLT,-5.4764476,0.0041841674,-5.7052593,0.0033284142,N-BEATS(L=90),1,test
2024-03-08,GLD,-5.7432017,0.003204492,-5.5370116,0.003938278,N-BEATS(L=90),1,test
2024-03-08,SPY,-5.3855367,0.0045823804,-5.364385,0.0046803374,N-BEATS(L=90),1,test
2024-03-08,TLT,-5.4337482,0.0043666977,-5.1194606,0.0059792474,N-BEATS(L=90),1,test
2024-03-11,GLD,-5.335445,0.004817766,-4.771246,0.008469821,N-BEATS(L=90),1,test
2024-03-11,SPY,-4.8261805,0.008017085,-4.957061,0.0070335707,N-BEATS(L=90),1,test
2024-03-11,TLT,-5.591827,0.0037282105,-5.3998437,0.004517287,N-BEATS(L=90),1,test
2024-03-12,GLD,-5.34436,0.004775007,-4.9444294,0.007122978,N-BEATS(L=90),1,test
2024-03-12,SPY,-5.6311893,0.0035843097,-5.288887,0.005047375,N-BEATS(L=90),1,test
2024-03-12,TLT,-5.5386696,0.0039317543,-5.4152017,0.004448441,N-BEATS(L=90),1,test
2024-03-13,GLD,-5.5223117,0.0039965985,-5.5454907,0.0039050265,N-BEATS(L=90),1,test
2024-03-13,SPY,-4.9790373,0.0068806834,-5.2749925,0.005117995,N-BEATS(L=90),1,test
2024-03-13,TLT,-5.412692,0.0044596186,-5.632858,0.0035783346,N-BEATS(L=90),1,test
2024-03-14,GLD,-5.605699,0.0036768492,-5.5840836,0.0037571914,N-BEATS(L=90),1,test
2024-03-14,SPY,-5.309806,0.004942886,-5.1361327,0.005880387,N-BEATS(L=90),1,test
2024-03-14,TLT,-5.8313737,0.0029340438,-5.531978,0.0039581517,N-BEATS(L=90),1,test
2024-03-15,GLD,-6.2396493,0.0019505394,-5.3128834,0.0049276976,N-BEATS(L=90),1,test
2024-03-15,SPY,-5.5345,0.003948182,-5.1132607,0.006016433,N-BEATS(L=90),1,test
2024-03-15,TLT,-5.5977345,0.0037062508,-5.2511773,0.005241344,N-BEATS(L=90),1,test
2024-03-18,GLD,-5.7977867,0.003034263,-5.508047,0.004054017,N-BEATS(L=90),1,test
2024-03-18,SPY,-5.2670794,0.0051586553,-5.416566,0.004442376,N-BEATS(L=90),1,test
2024-03-18,TLT,-5.4293623,0.004385892,-5.663948,0.0034687947,N-BEATS(L=90),1,test
2024-03-19,GLD,-4.7996626,0.008232525,-5.130889,0.005911303,N-BEATS(L=90),1,test
2024-03-19,SPY,-5.292292,0.005030217,-4.9395967,0.0071574845,N-BEATS(L=90),1,test
2024-03-19,TLT,-4.481753,0.011313564,-5.349189,0.004752004,N-BEATS(L=90),1,test
2024-03-20,GLD,-4.602675,0.010024983,-5.272554,0.0051304908,N-BEATS(L=90),1,test
2024-03-20,SPY,-5.94595,0.0026164155,-5.129789,0.00591781,N-BEATS(L=90),1,test
2024-03-20,TLT,-5.262868,0.0051804264,-5.362275,0.004690223,N-BEATS(L=90),1,test
2024-03-21,GLD,-4.974397,0.006912685,-5.439695,0.0043408074,N-BEATS(L=90),1,test
2024-03-21,SPY,-6.2416143,0.0019467103,-5.1820054,0.0056167315,N-BEATS(L=90),1,test
2024-03-21,TLT,-5.8354,0.002922254,-5.249614,0.0052495454,N-BEATS(L=90),1,test
2024-03-22,GLD,-5.6887836,0.0033837063,-5.621538,0.0036190702,N-BEATS(L=90),1,test
2024-03-22,SPY,-6.308444,0.0018208643,-5.2733502,0.005126407,N-BEATS(L=90),1,test
2024-03-22,TLT,-5.765947,0.003132428,-5.57247,0.0038010795,N-BEATS(L=90),1,test
2024-03-25,GLD,-5.290702,0.0050382228,-5.6161723,0.0036385418,N-BEATS(L=90),1,test
2024-03-25,SPY,-5.740037,0.0032146494,-5.218753,0.005414077,N-BEATS(L=90),1,test
2024-03-25,TLT,-5.4941115,0.004110907,-5.180706,0.0056240344,N-BEATS(L=90),1,test
2024-03-26,GLD,-6.1985354,0.002032405,-4.907943,0.0073876707,N-BEATS(L=90),1,test
2024-03-26,SPY,-5.352324,0.004737129,-5.895389,0.0027521052,N-BEATS(L=90),1,test
2024-03-26,TLT,-5.728021,0.003253509,-5.585525,0.0037517794,N-BEATS(L=90),1,test
2024-03-27,GLD,-5.0181313,0.0066168807,-5.608654,0.0036660004,N-BEATS(L=90),1,test
2024-03-27,SPY,-6.0054617,0.002465251,-6.3212233,0.001797743,N-BEATS(L=90),1,test
2024-03-27,TLT,-5.267184,0.0051581166,-5.6829824,0.0034033929,N-BEATS(L=90),1,test
2024-03-28,GLD,-4.839813,0.0079085305,-5.3997903,0.004517528,N-BEATS(L=90),1,test
2024-03-28,SPY,-5.481138,0.004164587,-5.551655,0.0038810296,N-BEATS(L=90),1,test
2024-03-28,TLT,-5.509197,0.0040493566,-5.4815063,0.004163054,N-BEATS(L=90),1,test
2024-04-01,GLD,-4.9317174,0.0072141034,-4.9318566,0.007213099,N-BEATS(L=90),1,test
2024-04-01,SPY,-5.7024255,0.0033378596,-5.84528,0.002893524,N-BEATS(L=90),1,test
2024-04-01,TLT,-5.14773,0.005812585,-5.127862,0.0059292237,N-BEATS(L=90),1,test
2024-04-02,GLD,-5.1923976,0.0055586635,-4.7513094,0.008640374,N-BEATS(L=90),1,test
2024-04-02,SPY,-5.5263596,0.003980453,-5.390282,0.004560686,N-BEATS(L=90),1,test
2024-04-02,TLT,-5.158168,0.005752229,-5.3126783,0.004928708,N-BEATS(L=90),1,test
2024-04-03,GLD,-4.8317423,0.007972619,-4.8713202,0.007663241,N-BEATS(L=90),1,test
2024-04-03,SPY,-4.764605,0.008526255,-5.3429837,0.0047815824,N-BEATS(L=90),1,test
2024-04-03,TLT,-5.2030544,0.00549974,-5.151836,0.0057887672,N-BEATS(L=90),1,test
2024-04-04,GLD,-4.7425823,0.008716109,-5.0227313,0.0065865126,N-BEATS(L=90),1,test
2024-04-04,SPY,-4.909126,0.0073789363,-5.441608,0.004332511,N-BEATS(L=90),1,test
2024-04-04,TLT,-5.146928,0.005817249,-4.9510355,0.0070760776,N-BEATS(L=90),1,test
2024-04-05,GLD,-4.952306,0.007067095,-5.1299515,0.0059168474,N-BEATS(L=90),1,test
2024-04-05,SPY,-5.783819,0.0030769415,-5.4892387,0.004130988,N-BEATS(L=90),1,test
2024-04-05,TLT,-5.680822,0.003410754,-5.529384,0.0039684325,N-BEATS(L=90),1,test
2024-04-08,GLD,-4.8511505,0.007819376,-5.3713,0.004648084,N-BEATS(L=90),1,test
2024-04-08,SPY,-4.7525496,0.008629665,-5.7915306,0.0030533052,N-BEATS(L=90),1,test
2024-04-08,TLT,-5.75493,0.0031671282,-5.230407,0.0053513455,N-BEATS(L=90),1,test
2024-04-09,GLD,-4.5938315,0.010114032,-5.3558884,0.0047202744,N-BEATS(L=90),1,test
2024-04-09,SPY,-5.195062,0.005543872,-5.312447,0.0049298485,N-BEATS(L=90),1,test
2024-04-09,TLT,-4.9523983,0.0070664412,-5.6557164,0.0034974664,N-BEATS(L=90),1,test
2024-04-10,GLD,-4.636975,0.009686958,-5.1319556,0.0059050014,N-BEATS(L=90),1,test
2024-04-10,SPY,-4.630081,0.009753968,-5.25903,0.0052003474,N-BEATS(L=90),1,test
2024-04-10,TLT,-5.089523,0.006160959,-5.747182,0.0031917628,N-BEATS(L=90),1,test
2024-04-11,GLD,-3.6717885,0.025430948,-5.0623684,0.0063305483,N-BEATS(L=90),1,test
2024-04-11,SPY,-4.7959313,0.008263299,-5.1788583,0.005634436,N-BEATS(L=90),1,test
2024-04-11,TLT,-5.372499,0.004642515,-5.132548,0.0059015052,N-BEATS(L=90),1,test
2024-04-12,GLD,-4.073559,0.017016722,-5.0695353,0.0062853405,N-BEATS(L=90),1,test
2024-04-12,SPY,-4.6302967,0.009751866,-4.926123,0.007254574,N-BEATS(L=90),1,test
2024-04-12,TLT,-5.218135,0.005417424,-5.4633455,0.004239349,N-BEATS(L=90),1,test
2024-04-15,GLD,-4.61782,0.009874301,-4.9424934,0.0071367812,N-BEATS(L=90),1,test
2024-04-15,SPY,-5.1571546,0.0057580606,-4.815965,0.008099401,N-BEATS(L=90),1,test
2024-04-15,TLT,-5.1019974,0.0060845814,-5.2099624,0.005461879,N-BEATS(L=90),1,test
2024-04-16,GLD,-4.650418,0.009557608,-4.543483,0.010636298,N-BEATS(L=90),1,test
2024-04-16,SPY,-4.91676,0.0073228185,-4.737443,0.008761019,N-BEATS(L=90),1,test
2024-04-16,TLT,-5.000655,0.006733534,-5.2358527,0.005322284,N-BEATS(L=90),1,test
2024-04-17,GLD,-5.061644,0.0063351355,-4.9708595,0.006937183,N-BEATS(L=90),1,test
2024-04-17,SPY,-4.928343,0.0072384886,-4.9260163,0.007255349,N-BEATS(L=90),1,test
2024-04-17,TLT,-5.3844686,0.004587278,-5.4286675,0.00438894,N-BEATS(L=90),1,test
2024-04-18,GLD,-4.9437933,0.0071275104,-4.8894343,0.0075256783,N-BEATS(L=90),1,test
2024-04-18,SPY,-4.8647065,0.007714092,-5.078219,0.006230997,N-BEATS(L=90),1,test
2024-04-18,TLT,-5.6778545,0.00342089,-5.213814,0.005440884,N-BEATS(L=90),1,test
2024-04-19,GLD,-5.199824,0.0055175363,-4.803827,0.008198313,N-BEATS(L=90),1,test
2024-04-19,SPY,-4.649661,0.009564843,-5.291689,0.0050332523,N-BEATS(L=90),1,test
2024-04-19,TLT,-5.8109074,0.0029947115,-5.3627157,0.0046881572,N-BEATS(L=90),1,test
2024-04-22,GLD,-5.1580334,0.0057530026,-4.671502,0.009358202,N-BEATS(L=90),1,test
2024-04-22,SPY,-4.8417087,0.007893555,-5.108375,0.006045899,N-BEATS(L=90),1,test
2024-04-22,TLT,-4.8826914,0.007576595,-5.571018,0.0038066024,N-BEATS(L=90),1,test
2024-04-23,GLD,-5.032132,0.0065248837,-5.0398483,0.00647473,N-BEATS(L=90),1,test
2024-04-23,SPY,-5.156229,0.0057633924,-4.7465396,0.008681686,N-BEATS(L=90),1,test
2024-04-23,TLT,-4.7101507,0.00900342,-5.6689076,0.0034516337,N-BEATS(L=90),1,test
2024-04-24,GLD,-4.849119,0.0078352755,-5.4490604,0.0043003433,N-BEATS(L=90),1,test
2024-04-24,SPY,-4.835666,0.007941396,-4.6467037,0.009593172,N-BEATS(L=90),1,test
2024-04-24,TLT,-5.5447435,0.0039079455,-5.752879,0.0031736302,N-BEATS(L=90),1,test
2024-04-25,GLD,-5.295113,0.005016047,-4.8956933,0.0074787224,N-BEATS(L=90),1,test
2024-04-25,SPY,-5.2344675,0.0053296615,-5.05037,0.006406961,N-BEATS(L=90),1,test
2024-04-25,TLT,-5.4075966,0.0044824,-5.369222,0.004657753,N-BEATS(L=90),1,test
2024-04-26,GLD,-5.047456,0.006425661,-4.8981667,0.0074602477,N-BEATS(L=90),1,test
2024-04-26,SPY,-5.326283,0.004862109,-4.5726223,0.0103308335,N-BEATS(L=90),1,test
2024-04-26,TLT,-5.606554,0.0036737071,-4.9397764,0.0071561984,N-BEATS(L=90),1,test
2024-04-29,GLD,-5.058729,0.006353629,-5.19653,0.005535741,N-BEATS(L=90),1,test
2024-04-29,SPY,-4.9848595,0.0068407394,-4.7389903,0.008747474,N-BEATS(L=90),1,test
2024-04-29,TLT,-5.331258,0.004837981,-5.1616397,0.005732293,N-BEATS(L=90),1,test
2024-04-30,GLD,-4.612989,0.009922117,-5.138604,0.005865872,N-BEATS(L=90),1,test
2024-04-30,SPY,-4.456555,0.011602266,-5.3090754,0.004946498,N-BEATS(L=90),1,test
2024-04-30,TLT,-4.8632226,0.0077255475,-5.269349,0.00514696,N-BEATS(L=90),1,test
2024-05-01,GLD,-5.043952,0.0064482144,-5.1408453,0.0058527403,N-BEATS(L=90),1,test
2024-05-01,SPY,-4.727153,0.008851637,-5.141999,0.0058459933,N-BEATS(L=90),1,test
2024-05-01,TLT,-5.1294336,0.0059199124,-5.5847154,0.0037548183,N-BEATS(L=90),1,test
2024-05-02,GLD,-4.7790475,0.008404,-5.3702044,0.00465318,N-BEATS(L=90),1,test
2024-05-02,SPY,-5.198687,0.005523812,-4.834355,0.007951817,N-BEATS(L=90),1,test
2024-05-02,TLT,-5.0098243,0.0066720755,-5.6634464,0.0034705354,N-BEATS(L=90),1,test
2024-05-03,GLD,-5.3541174,0.0047286414,-5.315673,0.0049139713,N-BEATS(L=90),1,test
2024-05-03,SPY,-5.804572,0.003013744,-4.5891,0.0101620015,N-BEATS(L=90),1,test
2024-05-03,TLT,-5.5244727,0.0039879708,-5.4637294,0.004237722,N-BEATS(L=90),1,test
2024-05-06,GLD,-5.7005324,0.0033441845,-5.244608,0.0052758898,N-BEATS(L=90),1,test
2024-05-06,SPY,-5.859592,0.0028524073,-4.8980327,0.0074612475,N-BEATS(L=90),1,test
2024-05-06,TLT,-5.3442645,0.004775462,-5.3138533,0.004922921,N-BEATS(L=90),1,test
2024-05-07,GLD,-5.451248,0.0042909454,-5.5849566,0.0037539124,N-BEATS(L=90),1,test
2024-05-07,SPY,-5.915653,0.0026968976,-5.0918446,0.0061466717,N-BEATS(L=90),1,test
2024-05-07,TLT,-6.1198735,0.002198734,-4.9823666,0.006857814,N-BEATS(L=90),1,test
2024-05-08,GLD,-5.4893603,0.0041304855,-5.540542,0.0039243987,N-BEATS(L=90),1,test
2024-05-08,SPY,-5.681662,0.0034078895,-5.3195066,0.0048951684,N-BEATS(L=90),1,test
2024-05-08,TLT,-5.2424846,0.0052871043,-5.2956853,0.0050131776,N-BEATS(L=90),1,test
2024-05-09,GLD,-5.361638,0.004693212,-5.586569,0.0037478653,N-BEATS(L=90),1,test
2024-05-09,SPY,-5.52805,0.0039737304,-5.143227,0.005838817,N-BEATS(L=90),1,test
2024-05-09,TLT,-5.775189,0.0031036113,-5.4806857,0.004166472,N-BEATS(L=90),1,test
2024-05-10,GLD,-5.4343953,0.004363873,-5.174065,0.005661507,N-BEATS(L=90),1,test
2024-05-10,SPY,-5.6679144,0.0034550638,-5.4574075,0.0042645973,N-BEATS(L=90),1,test
2024-05-10,TLT,-6.2658267,0.001900142,-5.119756,0.0059774797,N-BEATS(L=90),1,test
2024-05-13,GLD,-5.530184,0.0039652605,-5.3139634,0.004922379,N-BEATS(L=90),1,test
2024-05-13,SPY,-5.632531,0.0035795036,-5.708985,0.0033160371,N-BEATS(L=90),1,test
2024-05-13,TLT,-5.620052,0.0036244532,-5.5013356,0.0040813168,N-BEATS(L=90),1,test
2024-05-14,GLD,-4.588379,0.01016933,-5.4193144,0.004430183,N-BEATS(L=90),1,test
2024-05-14,SPY,-5.374015,0.004635483,-5.6007442,0.0036951127,N-BEATS(L=90),1,test
2024-05-14,TLT,-5.3840694,0.0045891088,-5.4003215,0.004515129,N-BEATS(L=90),1,test
2024-05-15,GLD,-5.5780563,0.0037799051,-5.2352195,0.0053256555,N-BEATS(L=90),1,test
2024-05-15,SPY,-5.5935016,0.0037219722,-5.527095,0.003977528,N-BEATS(L=90),1,test
2024-05-15,TLT,-5.935117,0.002644914,-5.8284345,0.0029426801,N-BEATS(L=90),1,test
2024-05-16,GLD,-5.1930327,0.005555134,-5.315323,0.0049156914,N-BEATS(L=90),1,test
2024-05-16,SPY,-5.861717,0.0028463516,-5.1579757,0.0057533346,N-BEATS(L=90),1,test
2024-05-16,TLT,-5.7698765,0.003120143,-5.6356816,0.0035682442,N-BEATS(L=90),1,test
2024-05-17,GLD,-4.822989,0.008042712,-5.1247387,0.0059477715,N-BEATS(L=90),1,test
2024-05-17,SPY,-5.7653785,0.003134209,-5.267594,0.0051560015,N-BEATS(L=90),1,test
2024-05-17,TLT,-6.0369177,0.0023889109,-5.1898637,0.0055727665,N-BEATS(L=90),1,test
2024-05-20,GLD,-5.400125,0.004516016,-5.1576557,0.005755176,N-BEATS(L=90),1,test
2024-05-20,SPY,-6.1307497,0.0021749497,-5.4480877,0.0043045282,N-BEATS(L=90),1,test
2024-05-20,TLT,-6.012936,0.0024468934,-5.370516,0.0046517313,N-BEATS(L=90),1,test
2024-05-21,GLD,-4.9041004,0.0074161114,-5.3816986,0.0046000015,N-BEATS(L=90),1,test
2024-05-21,SPY,-5.3072157,0.0049557057,-5.1217265,0.0059657143,N-BEATS(L=90),1,test
2024-05-21,TLT,-5.893201,0.0027581342,-5.5598536,0.0038493401,N-BEATS(L=90),1,test
2024-05-22,GLD,-4.876329,0.0076249545,-5.077769,0.0062338025,N-BEATS(L=90),1,test
2024-05-22,SPY,-4.885296,0.007556888,-5.8213863,0.0029634938,N-BEATS(L=90),1,test
2024-05-22,TLT,-5.121478,0.0059671965,-5.736074,0.0032274143,N-BEATS(L=90),1,test
2024-05-23,GLD,-5.583342,0.0037599783,-5.174637,0.0056582713,N-BEATS(L=90),1,test
2024-05-23,SPY,-5.4890356,0.004131827,-5.678487,0.0034187278,N-BEATS(L=90),1,test
2024-05-23,TLT,-5.6768336,0.0034243842,-6.01449,0.0024430938,N-BEATS(L=90),1,test
2024-05-24,GLD,-5.420307,0.004425787,-5.316356,0.0049106143,N-BEATS(L=90),1,test
2024-05-24,SPY,-5.4005055,0.0045142984,-5.856701,0.0028606658,N-BEATS(L=90),1,test
2024-05-24,TLT,-5.159861,0.0057424973,-5.5826516,0.0037625753,N-BEATS(L=90),1,test
2024-05-28,GLD,-5.951901,0.0026008915,-5.5338197,0.003950869,N-BEATS(L=90),1,test
2024-05-28,SPY,-5.9683027,0.0025585804,-5.6742682,0.0034331803,N-BEATS(L=90),1,test
2024-05-28,TLT,-5.2711353,0.005137774,-5.3649654,0.004677622,N-BEATS(L=90),1,test
2024-05-29,GLD,-5.635615,0.0035684824,-5.0757155,0.006246615,N-BEATS(L=90),1,test
2024-05-29,SPY,-5.357518,0.004712587,-5.364096,0.0046816897,N-BEATS(L=90),1,test
2024-05-29,TLT,-5.5641837,0.0038327079,-5.447564,0.0043067825,N-BEATS(L=90),1,test
2024-05-30,GLD,-4.8067303,0.008174544,-4.930053,0.007226119,N-BEATS(L=90),1,test
2024-05-30,SPY,-4.4634557,0.011522477,-5.4799976,0.00416934,N-BEATS(L=90),1,test
2024-05-30,TLT,-5.7450867,0.0031984574,-5.719517,0.0032812946,N-BEATS(L=90),1,test
2024-05-31,GLD,-5.0455923,0.006437646,-4.925744,0.0072573246,N-BEATS(L=90),1,test
2024-05-31,SPY,-4.7209883,0.008906372,-5.789875,0.0030583644,N-BEATS(L=90),1,test
2024-05-31,TLT,-5.3032136,0.0049755787,-5.349763,0.0047492767,N-BEATS(L=90),1,test
2024-06-03,GLD,-5.100736,0.00609226,-5.456178,0.004269843,N-BEATS(L=90),1,test
2024-06-03,SPY,-5.270549,0.0051407884,-5.544993,0.003906971,N-BEATS(L=90),1,test
2024-06-03,TLT,-5.2338333,0.0053330427,-5.5962462,0.0037117708,N-BEATS(L=90),1,test
2024-06-04,GLD,-5.0807285,0.006215379,-5.4952254,0.0041063307,N-BEATS(L=90),1,test
2024-06-04,SPY,-5.0374894,0.0064900215,-5.7497015,0.003183731,N-BEATS(L=90),1,test
2024-06-04,TLT,-4.972392,0.0069265594,-5.605787,0.0036765267,N-BEATS(L=90),1,test
2024-06-05,GLD,-5.2558875,0.0052167145,-5.582594,0.0037627926,N-BEATS(L=90),1,test
2024-06-05,SPY,-5.624388,0.0036087702,-5.233424,0.0053352253,N-BEATS(L=90),1,test
2024-06-05,TLT,-5.5546246,0.003869521,-5.5487976,0.0038921344,N-BEATS(L=90),1,test
2024-06-06,GLD,-5.0142455,0.006642642,-5.130059,0.0059162127,N-BEATS(L=90),1,test
2024-06-06,SPY,-5.1606336,0.0057380632,-5.222974,0.0053912727,N-BEATS(L=90),1,test
2024-06-06,TLT,-6.011196,0.0024511544,-5.4420614,0.004330547,N-BEATS(L=90),1,test
2024-06-07,GLD,-5.5212646,0.0040007858,-5.221439,0.005399554,N-BEATS(L=90),1,test
2024-06-07,SPY,-5.6583257,0.0034883528,-5.380075,0.0046074763,N-BEATS(L=90),1,test
2024-06-07,TLT,-5.775996,0.0031011067,-5.4638424,0.0042372434,N-BEATS(L=90),1,test
2024-06-10,GLD,-5.592637,0.0037251913,-5.1229205,0.0059585953,N-BEATS(L=90),1,test
2024-06-10,SPY,-5.176773,0.005646197,-4.9481735,0.0070963586,N-BEATS(L=90),1,test
2024-06-10,TLT,-5.3094735,0.0049445294,-5.506956,0.004058442,N-BEATS(L=90),1,test
2024-06-11,GLD,-5.143449,0.0058375224,-4.9859715,0.0068331365,N-BEATS(L=90),1,test
2024-06-11,SPY,-5.3039093,0.0049721184,-4.916076,0.0073278276,N-BEATS(L=90),1,test
2024-06-11,TLT,-4.893594,0.007494441,-5.54161,0.003920211,N-BEATS(L=90),1,test
2024-06-12,GLD,-4.84736,0.007849071,-5.3165913,0.0049094604,N-BEATS(L=90),1,test
2024-06-12,SPY,-5.3354063,0.004817952,-4.284749,0.013777079,N-BEATS(L=90),1,test
2024-06-12,TLT,-5.0309563,0.0065325606,-5.6489205,0.0035213158,N-BEATS(L=90),1,test
2024-06-13,GLD,-5.716532,0.003291104,-5.30142,0.0049845097,N-BEATS(L=90),1,test
2024-06-13,SPY,-5.746577,0.0031936949,-5.3102536,0.0049406737,N-BEATS(L=90),1,test
2024-06-13,TLT,-5.4784236,0.0041759075,-5.344347,0.0047750683,N-BEATS(L=90),1,test
2024-06-14,GLD,-5.2319975,0.0053428425,-5.3323255,0.0048328186,N-BEATS(L=90),1,test
2024-06-14,SPY,-4.974567,0.0069115115,-5.7209454,0.003276612,N-BEATS(L=90),1,test
2024-06-14,TLT,-5.5844326,0.0037558803,-5.624883,0.0036069844,N-BEATS(L=90),1,test
2024-06-17,GLD,-5.3034697,0.0049743047,-5.5900965,0.0037346676,N-BEATS(L=90),1,test
2024-06-17,SPY,-6.2566104,0.0019177352,-5.3508286,0.004744218,N-BEATS(L=90),1,test
2024-06-17,TLT,-5.3768163,0.0046225153,-5.1077394,0.0060497434,N-BEATS(L=90),1,test
2024-06-18,GLD,-5.0245304,0.006574673,-4.78551,0.008349864,N-BEATS(L=90),1,test
2024-06-18,SPY,-5.1590204,0.0057473266,-5.345454,0.0047697844,N-BEATS(L=90),1,test
2024-06-18,TLT,-5.6861506,0.0033926277,-5.3675203,0.0046656863,N-BEATS(L=90),1,test
2024-06-20,GLD,-4.819892,0.008067659,-5.3076015,0.004953794,N-BEATS(L=90),1,test
2024-06-20,SPY,-5.6798267,0.0034141499,-5.5300045,0.003965971,N-BEATS(L=90),1,test
2024-06-20,TLT,-5.046476,0.0064319605,-5.2242727,0.0053842743,N-BEATS(L=90),1,test
2024-06-21,GLD,-6.0254903,0.0024163665,-5.513393,0.0040324023,N-BEATS(L=90),1,test
2024-06-21,SPY,-5.2366624,0.0053179767,-5.3570385,0.0047148485,N-BEATS(L=90),1,test
2024-06-21,TLT,-5.5002728,0.0040856567,-5.64886,0.003521529,N-BEATS(L=90),1,test
2024-06-24,GLD,-5.587579,0.003744082,-5.1187987,0.005983206,N-BEATS(L=90),1,test
2024-06-24,SPY,-5.6670003,0.0034582233,-5.568496,0.0038162149,N-BEATS(L=90),1,test
2024-06-24,TLT,-5.96485,0.0025674298,-5.4987864,0.004091734,N-BEATS(L=90),1,test
2024-06-25,GLD,-5.730552,0.0032452848,-5.422193,0.0044174483,N-BEATS(L=90),1,test
2024-06-25,SPY,-5.6232023,0.0036130524,-5.621384,0.0036196276,N-BEATS(L=90),1,test
2024-06-25,TLT,-5.9571176,0.0025873592,-5.5933666,0.0037224747,N-BEATS(L=90),1,test
2024-06-26,GLD,-5.6965866,0.003357406,-5.4828763,0.0041573546,N-BEATS(L=90),1,test
2024-06-26,SPY,-5.8696904,0.0028237475,-5.3363457,0.0048134285,N-BEATS(L=90),1,test
2024-06-26,TLT,-6.1231003,0.0021916507,-5.3252273,0.004867245,N-BEATS(L=90),1,test
2024-06-27,GLD,-5.9163337,0.0026950631,-5.262612,0.005181753,N-BEATS(L=90),1,test
2024-06-27,SPY,-4.7249246,0.008871383,-4.988108,0.006818552,N-BEATS(L=90),1,test
2024-06-27,TLT,-4.8662963,0.007701838,-5.539212,0.003929621,N-BEATS(L=90),1,test
2024-06-28,GLD,-5.32387,0.0048738546,-5.294812,0.0050175567,N-BEATS(L=90),1,test
2024-06-28,SPY,-5.4368224,0.004353294,-5.4230404,0.0044137067,N-BEATS(L=90),1,test
2024-06-28,TLT,-4.688363,0.009201736,-5.6317286,0.0035823772,N-BEATS(L=90),1,test
2024-07-01,GLD,-5.350064,0.004747848,-5.4727893,0.004199502,N-BEATS(L=90),1,test
2024-07-01,SPY,-5.6805997,0.003411512,-5.3438325,0.0047775256,N-BEATS(L=90),1,test
2024-07-01,TLT,-5.1695757,0.005686981,-5.6021223,0.0036900241,N-BEATS(L=90),1,test
2024-07-02,GLD,-5.4776444,0.0041791624,-5.2144246,0.0054375613,N-BEATS(L=90),1,test
2024-07-02,SPY,-5.9416833,0.002627603,-5.1699495,0.005684856,N-BEATS(L=90),1,test
2024-07-02,TLT,-5.4121118,0.004462207,-4.8847194,0.0075612455,N-BEATS(L=90),1,test
2024-07-03,GLD,-5.546218,0.0039021878,-5.4172597,0.004439295,N-BEATS(L=90),1,test
2024-07-03,SPY,-5.5588284,0.0038532885,-5.518054,0.004013651,N-BEATS(L=90),1,test
2024-07-03,TLT,-5.1075206,0.0060510673,-5.214194,0.0054388163,N-BEATS(L=90),1,test
2024-07-05,GLD,-4.9009643,0.007439406,-5.2835326,0.005074473,N-BEATS(L=90),1,test
2024-07-05,SPY,-5.9455657,0.0026174213,-5.3650227,0.0046773544,N-BEATS(L=90),1,test
2024-07-05,TLT,-5.385544,0.004582348,-5.2709403,0.0051387763,N-BEATS(L=90),1,test
2024-07-08,GLD,-5.0292625,0.0065436345,-5.123828,0.005953191,N-BEATS(L=90),1,test
2024-07-08,SPY,-6.1891065,0.0020516592,-5.639022,0.0035563454,N-BEATS(L=90),1,test
2024-07-08,TLT,-5.0905905,0.006154385,-4.858186,0.007764558,N-BEATS(L=90),1,test
2024-07-09,GLD,-5.4107065,0.004468482,-5.127081,0.0059338566,N-BEATS(L=90),1,test
2024-07-09,SPY,-5.519147,0.004009267,-6.039033,0.002383863,N-BEATS(L=90),1,test
2024-07-09,TLT,-5.8268642,0.0029473046,-5.295113,0.005016047,N-BEATS(L=90),1,test
2024-07-10,GLD,-4.790699,0.008306649,-4.93801,0.0071688485,N-BEATS(L=90),1,test
2024-07-10,SPY,-5.1000266,0.0060965843,-5.991551,0.002499784,N-BEATS(L=90),1,test
2024-07-10,TLT,-5.305498,0.004964225,-5.7067637,0.0033234106,N-BEATS(L=90),1,test
2024-07-11,GLD,-5.359469,0.0047034035,-5.645919,0.0035319016,N-BEATS(L=90),1,test
2024-07-11,SPY,-4.854045,0.0077967765,-5.7770314,0.003097898,N-BEATS(L=90),1,test
2024-07-11,TLT,-5.6200047,0.0036246243,-5.089819,0.0061591347,N-BEATS(L=90),1,test
2024-07-12,GLD,-4.827192,0.00800898,-5.390103,0.004561504,N-BEATS(L=90),1,test
2024-07-12,SPY,-5.0314784,0.0065291505,-5.595245,0.0037154893,N-BEATS(L=90),1,test
2024-07-12,TLT,-5.562403,0.0038395382,-5.0394464,0.0064773336,N-BEATS(L=90),1,test
2024-07-15,GLD,-5.2716146,0.0051353127,-4.85621,0.007779912,N-BEATS(L=90),1,test
2024-07-15,SPY,-5.760167,0.003150585,-5.7065234,0.0033242095,N-BEATS(L=90),1,test
2024-07-15,TLT,-5.4037423,0.00449971,-5.5347805,0.003947075,N-BEATS(L=90),1,test
2024-07-16,GLD,-4.8038106,0.008198447,-4.9512544,0.0070745293,N-BEATS(L=90),1,test
2024-07-16,SPY,-5.4078374,0.004481321,-5.4589963,0.004257827,N-BEATS(L=90),1,test
2024-07-16,TLT,-5.2920604,0.005031383,-5.6700125,0.0034478223,N-BEATS(L=90),1,test
2024-07-17,GLD,-4.999661,0.0067402315,-5.3159537,0.004912591,N-BEATS(L=90),1,test
2024-07-17,SPY,-4.6505976,0.00955589,-5.6128187,0.0036507645,N-BEATS(L=90),1,test
2024-07-17,TLT,-5.192263,0.005559411,-5.477273,0.004180715,N-BEATS(L=90),1,test
2024-07-18,GLD,-5.521158,0.004001211,-5.0454583,0.0064385086,N-BEATS(L=90),1,test
2024-07-18,SPY,-4.975148,0.006907495,-5.6456723,0.0035327724,N-BEATS(L=90),1,test
2024-07-18,TLT,-6.0084705,0.0024578446,-5.4229116,0.0044142753,N-BEATS(L=90),1,test
2024-07-19,GLD,-5.334862,0.004820574,-5.264964,0.0051695784,N-BEATS(L=90),1,test
2024-07-19,SPY,-5.2770133,0.005107663,-5.441822,0.0043315836,N-BEATS(L=90),1,test
2024-07-19,TLT,-4.851475,0.007816841,-5.2531896,0.0052308077,N-BEATS(L=90),1,test
2024-07-22,GLD,-5.8960276,0.0027503488,-5.422467,0.004416237,N-BEATS(L=90),1,test
2024-07-22,SPY,-5.4433503,0.004324969,-5.400639,0.0045136954,N-BEATS(L=90),1,test
2024-07-22,TLT,-5.6191072,0.0036278784,-5.6401668,0.003552276,N-BEATS(L=90),1,test
2024-07-23,GLD,-4.7350345,0.0087821465,-5.331069,0.0048388946,N-BEATS(L=90),1,test
2024-07-23,SPY,-4.8847036,0.007561364,-5.428297,0.0043905666,N-BEATS(L=90),1,test
2024-07-23,TLT,-4.8612347,0.0077409204,-5.4999104,0.004087138,N-BEATS(L=90),1,test
2024-07-24,GLD,-5.243557,0.0052814377,-5.5599456,0.0038489858,N-BEATS(L=90),1,test
2024-07-24,SPY,-4.37389,0.012602123,-5.118086,0.005987473,N-BEATS(L=90),1,test
2024-07-24,TLT,-5.006576,0.006693783,-5.2774253,0.0051055592,N-BEATS(L=90),1,test
2024-07-25,GLD,-5.5565996,0.003861886,-5.409599,0.0044734343,N-BEATS(L=90),1,test
2024-07-25,SPY,-4.9646907,0.0069801095,-4.800083,0.008229063,N-BEATS(L=90),1,test
2024-07-25,TLT,-5.7025933,0.0033372995,-5.824023,0.0029556912,N-BEATS(L=90),1,test
2024-07-26,GLD,-4.8828197,0.007575623,-5.2812085,0.0050862804,N-BEATS(L=90),1,test
2024-07-26,SPY,-5.215336,0.0054326085,-4.698806,0.009106145,N-BEATS(L=90),1,test
2024-07-26,TLT,-5.6990347,0.0033491969,-5.685549,0.0033946699,N-BEATS(L=90),1,test
2024-07-29,GLD,-4.8858337,0.007552824,-5.1747084,0.0056578666,N-BEATS(L=90),1,test
2024-07-29,SPY,-4.5653887,0.010405834,-5.020561,0.0066008214,N-BEATS(L=90),1,test
2024-07-29,TLT,-5.180978,0.005622506,-5.1279135,0.0059289183,N-BEATS(L=90),1,test
2024-07-30,GLD,-5.2818384,0.0050830776,-5.0575495,0.0063611283,N-BEATS(L=90),1,test
2024-07-30,SPY,-4.91757,0.0073168883,-5.3166375,0.004909233,N-BEATS(L=90),1,test
2024-07-30,TLT,-5.498256,0.004093904,-5.7422156,0.0032076533,N-BEATS(L=90),1,test
2024-07-31,GLD,-4.905023,0.007409272,-5.413639,0.0044553974,N-BEATS(L=90),1,test
2024-07-31,SPY,-4.089383,0.016749563,-4.5690103,0.010368217,N-BEATS(L=90),1,test
2024-07-31,TLT,-5.1599007,0.00574227,-5.3779726,0.004617173,N-BEATS(L=90),1,test
2024-08-01,GLD,-4.074579,0.016999373,-5.583121,0.0037608105,N-BEATS(L=90),1,test
2024-08-01,SPY,-4.5440526,0.010630239,-4.6693406,0.009378452,N-BEATS(L=90),1,test
2024-08-01,TLT,-4.966788,0.0069654863,-5.513579,0.0040316526,N-BEATS(L=90),1,test
2024-08-02,GLD,-4.911288,0.0073630004,-5.573265,0.0037980592,N-BEATS(L=90),1,test
2024-08-02,SPY,-4.0842395,0.01683594,-5.6111536,0.0036568483,N-BEATS(L=90),1,test
2024-08-02,TLT,-4.3068585,0.013475817,-5.1705117,0.0056816605,N-BEATS(L=90),1,test
2024-08-05,GLD,-5.1011844,0.00608953,-5.0172095,0.006622982,N-BEATS(L=90),1,test
2024-08-05,SPY,-4.1571665,0.015651844,-5.1945014,0.0055469815,N-BEATS(L=90),1,test
2024-08-05,TLT,-4.748523,0.008664481,-5.493291,0.0041142823,N-BEATS(L=90),1,test
2024-08-06,GLD,-5.3195014,0.004895194,-4.773966,0.008446815,N-BEATS(L=90),1,test
2024-08-06,SPY,-4.265605,0.014043368,-4.9123635,0.0073550837,N-BEATS(L=90),1,test
2024-08-06,TLT,-4.9626355,0.0069944696,-5.102055,0.0060842303,N-BEATS(L=90),1,test
2024-08-07,GLD,-5.4822974,0.004159762,-5.347916,0.004758056,N-BEATS(L=90),1,test
2024-08-07,SPY,-4.6156573,0.009895677,-4.636319,0.0096933115,N-BEATS(L=90),1,test
2024-08-07,TLT,-5.5332737,0.003953027,-4.912538,0.0073538003,N-BEATS(L=90),1,test
2024-08-08,GLD,-5.3946266,0.0045409156,-5.159921,0.005742152,N-BEATS(L=90),1,test
2024-08-08,SPY,-4.963676,0.006987196,-4.6933,0.009156422,N-BEATS(L=90),1,test
2024-08-08,TLT,-5.8486643,0.0028837484,-4.9814267,0.0068642623,N-BEATS(L=90),1,test
2024-08-09,GLD,-5.290192,0.005040792,-5.205057,0.0054887366,N-BEATS(L=90),1,test
2024-08-09,SPY,-5.0764356,0.0062421192,-4.90866,0.0073823747,N-BEATS(L=90),1,test
2024-08-09,TLT,-5.1507206,0.0057952274,-4.9850936,0.006839138,N-BEATS(L=90),1,test
2024-08-12,GLD,-5.5300894,0.003965635,-5.232146,0.00534205,N-BEATS(L=90),1,test
2024-08-12,SPY,-5.372134,0.004644209,-5.0518527,0.00639747,N-BEATS(L=90),1,test
2024-08-12,TLT,-5.8916945,0.0027622918,-5.0549097,0.006377943,N-BEATS(L=90),1,test
2024-08-13,GLD,-5.0233636,0.006582349,-5.6480546,0.0035243663,N-BEATS(L=90),1,test
2024-08-13,SPY,-5.079409,0.0062235855,-5.0922847,0.0061439667,N-BEATS(L=90),1,test
2024-08-13,TLT,-5.4796844,0.004170646,-5.0326395,0.006521574,N-BEATS(L=90),1,test
2024-08-14,GLD,-4.9123607,0.0073551047,-5.4349093,0.0043616304,N-BEATS(L=90),1,test
2024-08-14,SPY,-5.49588,0.0041036434,-5.058507,0.0063550407,N-BEATS(L=90),1,test
2024-08-14,TLT,-5.345504,0.004769548,-5.495405,0.0041055926,N-BEATS(L=90),1,test
2024-08-15,GLD,-4.892452,0.0075030043,-5.499412,0.004089175,N-BEATS(L=90),1,test
2024-08-15,SPY,-5.642971,0.0035423283,-5.277389,0.005105744,N-BEATS(L=90),1,test
2024-08-15,TLT,-5.558994,0.003852651,-5.418078,0.004435664,N-BEATS(L=90),1,test
2024-08-16,GLD,-5.3265247,0.004860934,-5.3547864,0.0047254786,N-BEATS(L=90),1,test
2024-08-16,SPY,-5.324984,0.0048684287,-5.471335,0.0042056143,N-BEATS(L=90),1,test
2024-08-16,TLT,-5.3983774,0.0045239152,-5.212575,0.005447628,N-BEATS(L=90),1,test
2024-08-19,GLD,-4.8162313,0.008097246,-5.1711354,0.005678118,N-BEATS(L=90),1,test
2024-08-19,SPY,-5.423647,0.0044110306,-4.9316273,0.0072147534,N-BEATS(L=90),1,test
2024-08-19,TLT,-5.3324933,0.0048320075,-5.245302,0.0052722283,N-BEATS(L=90),1,test
2024-08-20,GLD,-4.935094,0.007189786,-5.073386,0.0062611825,N-BEATS(L=90),1,test
2024-08-20,SPY,-4.678014,0.009297462,-5.185256,0.005598503,N-BEATS(L=90),1,test
2024-08-20,TLT,-4.9501743,0.007082174,-5.1570544,0.005758637,N-BEATS(L=90),1,test
2024-08-21,GLD,-5.1200175,0.0059759184,-5.1898828,0.0055726604,N-BEATS(L=90),1,test
2024-08-21,SPY,-4.878041,0.0076119127,-5.206952,0.005478346,N-BEATS(L=90),1,test
2024-08-21,TLT,-5.2030773,0.0054996144,-5.2429805,0.005284483,N-BEATS(L=90),1,test
2024-08-22,GLD,-5.0811625,0.006212683,-5.2617927,0.0051859994,N-BEATS(L=90),1,test
2024-08-22,SPY,-5.001119,0.0067304107,-5.156458,0.005762073,N-BEATS(L=90),1,test
2024-08-22,TLT,-5.308885,0.00494744,-5.184847,0.005600794,N-BEATS(L=90),1,test
2024-08-23,GLD,-5.5293536,0.0039685536,-5.0653896,0.006311451,N-BEATS(L=90),1,test
2024-08-23,SPY,-5.199317,0.0055203335,-5.1764636,0.0056479443,N-BEATS(L=90),1,test
2024-08-23,TLT,-5.881402,0.0027908697,-5.30123,0.004985458,N-BEATS(L=90),1,test
2024-08-26,GLD,-5.6353755,0.0035693366,-5.265154,0.0051685977,N-BEATS(L=90),1,test
2024-08-26,SPY,-5.490612,0.0041253185,-5.120828,0.005971076,N-BEATS(L=90),1,test
2024-08-26,TLT,-5.5820513,0.003764835,-5.195923,0.005539102,N-BEATS(L=90),1,test
2024-08-27,GLD,-5.5506206,0.0038850456,-5.218768,0.005413994,N-BEATS(L=90),1,test
2024-08-27,SPY,-4.86361,0.0077225566,-5.5693793,0.0038128463,N-BEATS(L=90),1,test
2024-08-27,TLT,-5.7331567,0.0032368435,-5.388773,0.0045675742,N-BEATS(L=90),1,test
2024-08-28,GLD,-5.4300714,0.004382783,-5.248356,0.005256153,N-BEATS(L=90),1,test
2024-08-28,SPY,-4.840032,0.0079068,-5.316098,0.0049118814,N-BEATS(L=90),1,test
2024-08-28,TLT,-5.63807,0.0035597316,-5.4290185,0.0043874,N-BEATS(L=90),1,test
2024-08-29,GLD,-5.080445,0.006217143,-5.5848465,0.003754326,N-BEATS(L=90),1,test
2024-08-29,SPY,-4.7911825,0.008302634,-5.1688356,0.0056911916,N-BEATS(L=90),1,test
2024-08-29,TLT,-4.827056,0.008010069,-5.164531,0.005715742,N-BEATS(L=90),1,test
2024-08-30,GLD,-5.0802712,0.006218222,-5.519048,0.0040096627,N-BEATS(L=90),1,test
2024-08-30,SPY,-4.5169783,0.010921977,-5.170306,0.0056828284,N-BEATS(L=90),1,test
2024-08-30,TLT,-5.410494,0.0044694324,-5.3617907,0.004692496,N-BEATS(L=90),1,test
2024-09-03,GLD,-5.326336,0.0048618517,-5.258471,0.0052032545,N-BEATS(L=90),1,test
2024-09-03,SPY,-5.0655212,0.006310621,-5.3279014,0.0048542465,N-BEATS(L=90),1,test
2024-09-03,TLT,-5.2800035,0.0050924127,-5.4444246,0.004320325,N-BEATS(L=90),1,test
2024-09-04,GLD,-5.37123,0.00464841,-4.975644,0.0069040707,N-BEATS(L=90),1,test
2024-09-04,SPY,-4.7695003,0.00848462,-5.116266,0.0059983805,N-BEATS(L=90),1,test
2024-09-04,TLT,-5.0751333,0.006250253,-5.2834625,0.0050748284,N-BEATS(L=90),1,test
2024-09-05,GLD,-4.705415,0.009046162,-5.0553126,0.0063753733,N-BEATS(L=90),1,test
2024-09-05,SPY,-4.477245,0.011364682,-4.8576565,0.0077686687,N-BEATS(L=90),1,test
2024-09-05,TLT,-4.4878564,0.011244723,-5.5042024,0.0040696333,N-BEATS(L=90),1,test
2024-09-06,GLD,-5.612311,0.0036526187,-5.311753,0.004933272,N-BEATS(L=90),1,test
2024-09-06,SPY,-5.0818987,0.0062081106,-5.0149736,0.006637807,N-BEATS(L=90),1,test
2024-09-06,TLT,-5.191089,0.0055659413,-5.667766,0.003455576,N-BEATS(L=90),1,test
2024-09-09,GLD,-5.318381,0.0049006823,-5.106654,0.0060563125,N-BEATS(L=90),1,test
2024-09-09,SPY,-4.8991246,0.0074531045,-4.925555,0.007258695,N-BEATS(L=90),1,test
2024-09-09,TLT,-5.157303,0.0057572066,-4.9521446,0.007068234,N-BEATS(L=90),1,test
2024-09-10,GLD,-5.252082,0.005236605,-5.4384384,0.004346265,N-BEATS(L=90),1,test
2024-09-10,SPY,-3.9733028,0.0188112,-4.7812986,0.008385102,N-BEATS(L=90),1,test
2024-09-10,TLT,-5.0832977,0.006199431,-4.969012,0.006950013,N-BEATS(L=90),1,test
2024-09-11,GLD,-5.489983,0.004127914,-5.5049086,0.0040667607,N-BEATS(L=90),1,test
2024-09-11,SPY,-4.941819,0.007141595,-5.0543113,0.0063817604,N-BEATS(L=90),1,test
2024-09-11,TLT,-5.129631,0.005918744,-4.9492855,0.0070884717,N-BEATS(L=90),1,test
2024-09-12,GLD,-5.7069173,0.0033229003,-4.9217453,0.007286403,N-BEATS(L=90),1,test
2024-09-12,SPY,-5.593677,0.0037213191,-5.0154862,0.0066344053,N-BEATS(L=90),1,test
2024-09-12,TLT,-5.4852867,0.0041473457,-5.047714,0.0064240005,N-BEATS(L=90),1,test
2024-09-13,GLD,-5.615874,0.003639628,-5.232377,0.0053408146,N-BEATS(L=90),1,test
2024-09-13,SPY,-5.5583515,0.0038551262,-4.9051423,0.007408389,N-BEATS(L=90),1,test
2024-09-13,TLT,-5.265274,0.0051679765,-5.2273335,0.005367819,N-BEATS(L=90),1,test
2024-09-16,GLD,-5.185478,0.0055972594,-5.466068,0.004227824,N-BEATS(L=90),1,test
2024-09-16,SPY,-4.974737,0.006910335,-4.4601693,0.011560406,N-BEATS(L=90),1,test
2024-09-16,TLT,-5.307003,0.00495676,-5.3104763,0.0049395734,N-BEATS(L=90),1,test
2024-09-17,GLD,-4.3377156,0.013066342,-5.19329,0.0055537038,N-BEATS(L=90),1,test
2024-09-17,SPY,-4.6569247,0.009495619,-4.9698925,0.0069438946,N-BEATS(L=90),1,test
2024-09-17,TLT,-4.9107947,0.0073666316,-5.274294,0.005121572,N-BEATS(L=90),1,test
2024-09-18,GLD,-5.144104,0.005833699,-5.4976964,0.0040961965,N-BEATS(L=90),1,test
2024-09-18,SPY,-5.1244473,0.0059495047,-4.670188,0.009370509,N-BEATS(L=90),1,test
2024-09-18,TLT,-5.740904,0.0032118638,-5.160614,0.0057381755,N-BEATS(L=90),1,test
2024-09-19,GLD,-5.1752205,0.0056549697,-4.895985,0.0074765403,N-BEATS(L=90),1,test
2024-09-19,SPY,-5.270444,0.0051413276,-4.961957,0.006999217,N-BEATS(L=90),1,test
2024-09-19,TLT,-5.593361,0.0037224959,-5.130706,0.005912386,N-BEATS(L=90),1,test
2024-09-20,GLD,-6.0239425,0.0024201095,-4.9619923,0.00699897,N-BEATS(L=90),1,test
2024-09-20,SPY,-5.8973308,0.002746767,-4.676709,0.0093096,N-BEATS(L=90),1,test
2024-09-20,TLT,-4.879361,0.007601869,-5.058341,0.0063560954,N-BEATS(L=90),1,test
2024-09-23,GLD,-5.192936,0.0055556716,-5.268976,0.0051488793,N-BEATS(L=90),1,test
2024-09-23,SPY,-5.3854966,0.004582564,-4.6077485,0.00997425,N-BEATS(L=90),1,test
2024-09-23,TLT,-5.075894,0.0062455013,-5.388273,0.0045698597,N-BEATS(L=90),1,test
2024-09-24,GLD,-5.361349,0.0046945685,-5.3597326,0.0047021634,N-BEATS(L=90),1,test
2024-09-24,SPY,-5.656551,0.0034945493,-5.5974164,0.0037074299,N-BEATS(L=90),1,test
2024-09-24,TLT,-5.9222856,0.00267907,-5.3002496,0.004990348,N-BEATS(L=90),1,test
2024-09-25,GLD,-5.09791,0.0061095026,-5.5484447,0.0038935079,N-BEATS(L=90),1,test
2024-09-25,SPY,-5.203258,0.0054986207,-5.198645,0.005524044,N-BEATS(L=90),1,test
2024-09-25,TLT,-5.1162333,0.005998575,-5.6450033,0.0035351366,N-BEATS(L=90),1,test
2024-09-26,GLD,-5.018725,0.0066129533,-5.3868723,0.0045762644,N-BEATS(L=90),1,test
2024-09-26,SPY,-5.4710755,0.0042067054,-5.0944467,0.006130698,N-BEATS(L=90),1,test
2024-09-26,TLT,-5.5354557,0.003944411,-5.4504046,0.0042945663,N-BEATS(L=90),1,test
2024-09-27,GLD,-5.5311265,0.003961524,-5.855027,0.0028654577,N-BEATS(L=90),1,test
2024-09-27,SPY,-4.975799,0.0069030006,-5.5896425,0.0037363633,N-BEATS(L=90),1,test
2024-09-27,TLT,-5.318519,0.0049000047,-5.202863,0.005500792,N-BEATS(L=90),1,test
2024-09-30,GLD,-5.217682,0.0054198783,-5.452197,0.004286876,N-BEATS(L=90),1,test
2024-09-30,SPY,-4.7632318,0.008537972,-5.4327316,0.004371139,N-BEATS(L=90),1,test
2024-09-30,TLT,-5.0462284,0.0064335526,-5.3749447,0.0046311747,N-BEATS(L=90),1,test
2024-10-01,GLD,-5.115802,0.006001164,-5.633382,0.0035764598,N-BEATS(L=90),1,test
2024-10-01,SPY,-5.179755,0.0056293844,-5.347361,0.0047606975,N-BEATS(L=90),1,test
2024-10-01,TLT,-5.409745,0.0044727796,-5.3741565,0.0046348264,N-BEATS(L=90),1,test
2024-10-02,GLD,-5.098149,0.0061080432,-5.2395477,0.0053026546,N-BEATS(L=90),1,test
2024-10-02,SPY,-5.231549,0.0053452402,-5.1607246,0.0057375403,N-BEATS(L=90),1,test
2024-10-02,TLT,-5.501287,0.004081515,-5.2717133,0.0051348056,N-BEATS(L=90),1,test
2024-10-03,GLD,-4.8785524,0.0076080193,-5.268273,0.005152502,N-BEATS(L=90),1,test
2024-10-03,SPY,-5.0388846,0.0064809727,-5.229508,0.0053561605,N-BEATS(L=90),1,test
2024-10-03,TLT,-5.502594,0.0040761842,-5.1069975,0.0060542338,N-BEATS(L=90),1,test
2024-10-04,GLD,-5.903124,0.0027309007,-5.494907,0.0041076387,N-BEATS(L=90),1,test
2024-10-04,SPY,-5.2199726,0.0054074773,-5.246721,0.0052647544,N-BEATS(L=90),1,test
2024-10-04,TLT,-5.608631,0.0036660843,-5.380972,0.004603346,N-BEATS(L=90),1,test
2024-10-07,GLD,-4.681614,0.00926405,-5.5223317,0.0039965184,N-BEATS(L=90),1,test
2024-10-07,SPY,-5.4434576,0.004324505,-5.03864,0.0064825583,N-BEATS(L=90),1,test
2024-10-07,TLT,-5.7068615,0.0033230856,-5.3608565,0.0046968814,N-BEATS(L=90),1,test
2024-10-08,GLD,-5.653305,0.0035059103,-5.7084155,0.0033179256,N-BEATS(L=90),1,test
2024-10-08,SPY,-5.3679485,0.004663689,-5.3274665,0.0048563583,N-BEATS(L=90),1,test
2024-10-08,TLT,-5.323744,0.00487447,-5.2308073,0.0053492053,N-BEATS(L=90),1,test
2024-10-09,GLD,-5.6582694,0.003488549,-5.064929,0.006314359,N-BEATS(L=90),1,test
2024-10-09,SPY,-5.579832,0.0037731992,-5.4267645,0.0043973005,N-BEATS(L=90),1,test
2024-10-09,TLT,-5.3072867,0.0049553537,-5.4484806,0.0043028374,N-BEATS(L=90),1,test
2024-10-10,GLD,-5.6896462,0.0033807887,-5.6502814,0.003516527,N-BEATS(L=90),1,test
2024-10-10,SPY,-5.560116,0.0038483306,-5.5128355,0.004034651,N-BEATS(L=90),1,test
2024-10-10,TLT,-5.3644204,0.004680172,-5.653972,0.0035035724,N-BEATS(L=90),1,test
2024-10-11,GLD,-5.3792887,0.0046111005,-5.0016837,0.006726612,N-BEATS(L=90),1,test
2024-10-11,SPY,-5.425353,0.004403511,-5.1569467,0.005759258,N-BEATS(L=90),1,test
2024-10-11,TLT,-5.6213408,0.0036197847,-5.4651337,0.004231775,N-BEATS(L=90),1,test
2024-10-14,GLD,-5.236414,0.005319298,-5.4622316,0.0042440738,N-BEATS(L=90),1,test
2024-10-14,SPY,-5.153485,0.00577923,-4.919924,0.0072996872,N-BEATS(L=90),1,test
2024-10-14,TLT,-5.609758,0.0036619557,-5.573532,0.0037970452,N-BEATS(L=90),1,test
2024-10-15,GLD,-5.338067,0.00480515,-5.5104413,0.0040443223,N-BEATS(L=90),1,test
2024-10-15,SPY,-5.5561986,0.003863435,-5.4760723,0.0041857376,N-BEATS(L=90),1,test
2024-10-15,TLT,-5.649257,0.0035201306,-5.244391,0.005277035,N-BEATS(L=90),1,test
2024-10-16,GLD,-5.6671805,0.0034576,-5.315336,0.004915626,N-BEATS(L=90),1,test
2024-10-16,SPY,-5.830084,0.0029378308,-4.992642,0.006787708,N-BEATS(L=90),1,test
2024-10-16,TLT,-5.3394628,0.004798448,-5.46903,0.0042153196,N-BEATS(L=90),1,test
2024-10-17,GLD,-5.9150996,0.002698391,-5.7989244,0.0030308128,N-BEATS(L=90),1,test
2024-10-17,SPY,-5.696655,0.0033571771,-5.465253,0.004231271,N-BEATS(L=90),1,test
2024-10-17,TLT,-5.8348303,0.0029239194,-5.4786987,0.0041747587,N-BEATS(L=90),1,test
2024-10-18,GLD,-5.179627,0.005630106,-5.6616106,0.0034769124,N-BEATS(L=90),1,test
2024-10-18,SPY,-5.268398,0.005151858,-5.4179463,0.004436248,N-BEATS(L=90),1,test
2024-10-18,TLT,-5.554726,0.003869128,-5.412629,0.004459899,N-BEATS(L=90),1,test
2024-10-21,GLD,-5.7010355,0.0033425025,-5.184299,0.0056038634,N-BEATS(L=90),1,test
2024-10-21,SPY,-5.431715,0.0043755854,-5.4635706,0.004238395,N-BEATS(L=90),1,test
2024-10-21,TLT,-5.377058,0.004621398,-5.182936,0.005611506,N-BEATS(L=90),1,test
2024-10-22,GLD,-5.0586205,0.0063543194,-5.63588,0.0035675364,N-BEATS(L=90),1,test
2024-10-22,SPY,-4.8037167,0.008199217,-5.582842,0.0037618596,N-BEATS(L=90),1,test
2024-10-22,TLT,-5.253346,0.0052299895,-5.854345,0.0028674137,N-BEATS(L=90),1,test
2024-10-23,GLD,-5.2486644,0.0052545317,-5.7903204,0.0030570026,N-BEATS(L=90),1,test
2024-10-23,SPY,-5.4743857,0.004192803,-5.4896784,0.004129172,N-BEATS(L=90),1,test
2024-10-23,TLT,-4.905215,0.007407852,-5.4699473,0.0042114537,N-BEATS(L=90),1,test
2024-10-24,GLD,-5.5785847,0.0037779086,-5.116256,0.0059984378,N-BEATS(L=90),1,test
2024-10-24,SPY,-4.92037,0.00729643,-5.4046345,0.0044956976,N-BEATS(L=90),1,test
2024-10-24,TLT,-5.2383375,0.0053090756,-5.4842567,0.0041516195,N-BEATS(L=90),1,test
2024-10-25,GLD,-6.360682,0.0017281877,-5.3588023,0.0047065397,N-BEATS(L=90),1,test
2024-10-25,SPY,-6.2682724,0.0018955005,-5.460063,0.004253288,N-BEATS(L=90),1,test
2024-10-25,TLT,-5.08534,0.0061867833,-5.0774198,0.0062359786,N-BEATS(L=90),1,test
2024-10-28,GLD,-5.4797716,0.004170282,-5.1604424,0.0057391603,N-BEATS(L=90),1,test
2024-10-28,SPY,-5.2876163,0.005053793,-5.3118577,0.0049327547,N-BEATS(L=90),1,test
2024-10-28,TLT,-5.1218915,0.00596473,-5.185617,0.0055964827,N-BEATS(L=90),1,test
2024-10-29,GLD,-5.3769007,0.004622125,-5.6013145,0.003693006,N-BEATS(L=90),1,test
2024-10-29,SPY,-5.358736,0.0047068517,-4.8373327,0.007928172,N-BEATS(L=90),1,test
2024-10-29,TLT,-4.851394,0.007817471,-5.3706765,0.004650984,N-BEATS(L=90),1,test
2024-10-30,GLD,-4.81619,0.0080975825,-5.8209524,0.0029647802,N-BEATS(L=90),1,test
2024-10-30,SPY,-5.3515544,0.004740776,-5.438734,0.00434498,N-BEATS(L=90),1,test
2024-10-30,TLT,-4.8266683,0.008013175,-5.2289743,0.005359019,N-BEATS(L=90),1,test
2024-10-31,GLD,-5.304351,0.0049699233,-5.6935577,0.0033675907,N-BEATS(L=90),1,test
2024-10-31,SPY,-5.1035204,0.006075321,-5.2941694,0.005020783,N-BEATS(L=90),1,test
2024-10-31,TLT,-4.6975384,0.009117694,-5.127961,0.0059286356,N-BEATS(L=90),1,test
2024-11-01,GLD,-5.666765,0.0034590364,-5.4391236,0.004343288,N-BEATS(L=90),1,test
2024-11-01,SPY,-5.199619,0.005518668,-4.797117,0.008253505,N-BEATS(L=90),1,test
2024-11-01,TLT,-4.931705,0.0072141928,-5.1708326,0.0056798374,N-BEATS(L=90),1,test
2024-11-04,GLD,-5.4461117,0.004313043,-5.27316,0.0051273825,N-BEATS(L=90),1,test
2024-11-04,SPY,-5.4882355,0.004135134,-5.178142,0.0056384727,N-BEATS(L=90),1,test
2024-11-04,TLT,-4.7392263,0.00874541,-4.96255,0.0069950665,N-BEATS(L=90),1,test
2024-11-05,GLD,-4.977277,0.0068928073,-5.0298038,0.006540094,N-BEATS(L=90),1,test
2024-11-05,SPY,-4.8778677,0.0076132305,-5.2863283,0.005060306,N-BEATS(L=90),1,test
2024-11-05,TLT,-4.7887726,0.008322666,-5.086907,0.0061770966,N-BEATS(L=90),1,test
2024-11-06,GLD,-5.3050356,0.0049665216,-5.306483,0.0049593393,N-BEATS(L=90),1,test
2024-11-06,SPY,-5.672537,0.0034391296,-5.5117083,0.0040392014,N-BEATS(L=90),1,test
2024-11-06,TLT,-5.0513973,0.006400384,-5.1599784,0.005741824,N-BEATS(L=90),1,test
2024-11-07,GLD,-5.655348,0.0034987559,-5.4618793,0.00424557,N-BEATS(L=90),1,test
2024-11-07,SPY,-5.648049,0.0035243866,-5.4508963,0.004292456,N-BEATS(L=90),1,test
2024-11-07,TLT,-5.3387265,0.004801982,-5.2381635,0.00531,N-BEATS(L=90),1,test
2024-11-08,GLD,-5.372714,0.004641517,-5.755327,0.0031658704,N-BEATS(L=90),1,test
2024-11-08,SPY,-5.631591,0.003582871,-5.439422,0.0043419916,N-BEATS(L=90),1,test
2024-11-08,TLT,-5.291694,0.0050332258,-5.010702,0.006666221,N-BEATS(L=90),1,test
2024-11-11,GLD,-5.140455,0.005855026,-5.310291,0.00494049,N-BEATS(L=90),1,test
2024-11-11,SPY,-5.198018,0.005527509,-5.7915006,0.003053397,N-BEATS(L=90),1,test
2024-11-11,TLT,-4.68947,0.009191558,-4.9914303,0.0067959377,N-BEATS(L=90),1,test
2024-11-12,GLD,-5.0636635,0.006322355,-5.174671,0.005658077,N-BEATS(L=90),1,test
2024-11-12,SPY,-5.287728,0.005053229,-5.471742,0.004203902,N-BEATS(L=90),1,test
2024-11-12,TLT,-4.839363,0.007912092,-4.9893837,0.00680986,N-BEATS(L=90),1,test
2024-11-13,GLD,-5.216453,0.0054265424,-5.132225,0.0059034107,N-BEATS(L=90),1,test
2024-11-13,SPY,-5.4000716,0.0045162574,-5.0031023,0.006717076,N-BEATS(L=90),1,test
2024-11-13,TLT,-5.1682878,0.0056943106,-4.9830313,0.006853257,N-BEATS(L=90),1,test
2024-11-14,GLD,-5.56156,0.0038427764,-5.3904963,0.00455971,N-BEATS(L=90),1,test
2024-11-14,SPY,-5.0546675,0.006379488,-5.445761,0.0043145544,N-BEATS(L=90),1,test
2024-11-14,TLT,-4.7239122,0.008880368,-4.9246774,0.00726507,N-BEATS(L=90),1,test
2024-11-15,GLD,-5.945741,0.002616962,-5.578782,0.003777163,N-BEATS(L=90),1,test
2024-11-15,SPY,-5.3907056,0.0045587556,-5.2713537,0.0051366524,N-BEATS(L=90),1,test
2024-11-15,TLT,-4.794835,0.008272363,-5.0378547,0.0064876517,N-BEATS(L=90),1,test
2024-11-18,GLD,-5.653951,0.003503646,-5.2428484,0.005285181,N-BEATS(L=90),1,test
2024-11-18,SPY,-5.1131496,0.0060171015,-5.2501607,0.005246675,N-BEATS(L=90),1,test
2024-11-18,TLT,-5.68255,0.003404865,-4.9135222,0.0073465663,N-BEATS(L=90),1,test
2024-11-19,GLD,-5.430743,0.0043798396,-5.7005496,0.003344127,N-BEATS(L=90),1,test
2024-11-19,SPY,-4.904871,0.007410399,-5.3382463,0.0048042885,N-BEATS(L=90),1,test
2024-11-19,TLT,-5.2334204,0.0053352457,-5.192181,0.005559867,N-BEATS(L=90),1,test
2024-11-20,GLD,-5.7999477,0.003027713,-5.855201,0.0028649603,N-BEATS(L=90),1,test
2024-11-20,SPY,-4.6920185,0.009168161,-5.5377088,0.0039355336,N-BEATS(L=90),1,test
2024-11-20,TLT,-5.0201235,0.0066037113,-5.2183795,0.005416099,N-BEATS(L=90),1,test
2024-11-21,GLD,-5.1327524,0.0059002982,-5.718776,0.003283727,N-BEATS(L=90),1,test
2024-11-21,SPY,-5.8099127,0.0029976917,-5.73673,0.0032252974,N-BEATS(L=90),1,test
2024-11-21,TLT,-5.467663,0.004221086,-5.2816176,0.0050842,N-BEATS(L=90),1,test
2024-11-22,GLD,-4.938538,0.0071650655,-5.635738,0.0035680435,N-BEATS(L=90),1,test
2024-11-22,SPY,-5.0568886,0.006365334,-5.3692017,0.0046578483,N-BEATS(L=90),1,test
2024-11-22,TLT,-5.321447,0.0048856796,-5.1693845,0.005688069,N-BEATS(L=90),1,test
2024-11-25,GLD,-5.434599,0.0043629846,-5.5552588,0.0038670676,N-BEATS(L=90),1,test
2024-11-25,SPY,-5.7043056,0.00333159,-5.618579,0.0036297957,N-BEATS(L=90),1,test
2024-11-25,TLT,-5.3764763,0.0046240874,-5.179716,0.005629604,N-BEATS(L=90),1,test
2024-11-26,GLD,-5.3881373,0.0045704786,-5.5116444,0.0040394594,N-BEATS(L=90),1,test
2024-11-26,SPY,-5.5570154,0.0038602806,-5.6379056,0.0035603174,N-BEATS(L=90),1,test
2024-11-26,TLT,-5.2226186,0.005393188,-5.2969885,0.0050066486,N-BEATS(L=90),1,test
2024-11-27,GLD,-5.811747,0.0029921979,-5.612606,0.003651541,N-BEATS(L=90),1,test
2024-11-27,SPY,-5.630641,0.0035862757,-5.4535456,0.004281099,N-BEATS(L=90),1,test
2024-11-27,TLT,-5.532869,0.0039546276,-5.351047,0.004743182,N-BEATS(L=90),1,test
2024-11-29,GLD,-5.723501,0.003268248,-5.370484,0.00465188,N-BEATS(L=90),1,test
2024-11-29,SPY,-6.1857142,0.0020586306,-5.141957,0.0058462387,N-BEATS(L=90),1,test
2024-11-29,TLT,-4.8636312,0.007722391,-5.0359845,0.0064997957,N-BEATS(L=90),1,test
2024-12-02,GLD,-5.345125,0.0047713537,-5.1774864,0.0056421706,N-BEATS(L=90),1,test
2024-12-02,SPY,-6.182622,0.0020650064,-5.4709954,0.004207042,N-BEATS(L=90),1,test
2024-12-02,TLT,-5.234575,0.00532909,-5.260627,0.0051920493,N-BEATS(L=90),1,test
2024-12-03,GLD,-5.906262,0.0027223441,-5.5900517,0.003734835,N-BEATS(L=90),1,test
2024-12-03,SPY,-5.8945694,0.002754362,-5.335406,0.0048179543,N-BEATS(L=90),1,test
2024-12-03,TLT,-4.8367205,0.007933028,-5.370637,0.004651168,N-BEATS(L=90),1,test
2024-12-04,GLD,-5.1906347,0.0055684713,-5.8007627,0.0030252466,N-BEATS(L=90),1,test
2024-12-04,SPY,-6.0652037,0.002322285,-5.661979,0.0034756311,N-BEATS(L=90),1,test
2024-12-04,TLT,-5.466625,0.0042254683,-5.0408206,0.006468438,N-BEATS(L=90),1,test
2024-12-05,GLD,-5.494534,0.0041091708,-5.747711,0.0031900739,N-BEATS(L=90),1,test
2024-12-05,SPY,-6.05175,0.002353739,-5.442807,0.0043273186,N-BEATS(L=90),1,test
2024-12-05,TLT,-5.1457577,0.0058240597,-5.333003,0.004829545,N-BEATS(L=90),1,test
2024-12-06,GLD,-5.3438306,0.004777535,-5.383861,0.004590065,N-BEATS(L=90),1,test
2024-12-06,SPY,-5.759918,0.0031513693,-5.476198,0.004185211,N-BEATS(L=90),1,test
2024-12-06,TLT,-5.821897,0.0029619809,-5.3231525,0.0048773536,N-BEATS(L=90),1,test
2024-12-09,GLD,-6.0777125,0.0022934168,-5.2087727,0.005468381,N-BEATS(L=90),1,test
2024-12-09,SPY,-5.6878843,0.0033867506,-5.6053863,0.0036779996,N-BEATS(L=90),1,test
2024-12-09,TLT,-5.8311505,0.0029346985,-4.9714575,0.006933036,N-BEATS(L=90),1,test
2024-12-10,GLD,-5.2803774,0.0050905095,-5.3487806,0.0047539445,N-BEATS(L=90),1,test
2024-12-10,SPY,-5.8267493,0.0029476432,-5.182556,0.0056136386,N-BEATS(L=90),1,test
2024-12-10,TLT,-4.9832616,0.0068516787,-5.0975685,0.006111589,N-BEATS(L=90),1,test
2024-12-11,GLD,-5.6048274,0.0036800557,-5.714485,0.003297848,N-BEATS(L=90),1,test
2024-12-11,SPY,-6.048309,0.002361853,-5.362165,0.00469074,N-BEATS(L=90),1,test
2024-12-11,TLT,-5.4310384,0.004378547,-5.3951716,0.0045384415,N-BEATS(L=90),1,test
2024-12-12,GLD,-5.7109323,0.0033095856,-4.994236,0.006776897,N-BEATS(L=90),1,test
2024-12-12,SPY,-5.3990192,0.004521013,-5.4345684,0.0043631177,N-BEATS(L=90),1,test
2024-12-12,TLT,-5.5126314,0.0040354743,-5.4656773,0.0042294757,N-BEATS(L=90),1,test
2024-12-13,GLD,-5.6989555,0.003349462,-5.75586,0.0031641847,N-BEATS(L=90),1,test
2024-12-13,SPY,-5.8482723,0.002884879,-5.1860104,0.0055942815,N-BEATS(L=90),1,test
2024-12-13,TLT,-5.4326553,0.0043714726,-5.4865866,0.0041419584,N-BEATS(L=90),1,test
2024-12-16,GLD,-5.570016,0.00381042,-5.5595965,0.0038503294,N-BEATS(L=90),1,test
2024-12-16,SPY,-5.9267774,0.0026670631,-5.2942095,0.0050205817,N-BEATS(L=90),1,test
2024-12-16,TLT,-5.509557,0.004047901,-5.3556604,0.0047213505,N-BEATS(L=90),1,test
2024-12-17,GLD,-4.7026815,0.009070921,-5.414307,0.004452422,N-BEATS(L=90),1,test
2024-12-17,SPY,-4.145493,0.015835626,-5.370139,0.004653484,N-BEATS(L=90),1,test
2024-12-17,TLT,-4.8417096,0.007893547,-5.461974,0.0042451667,N-BEATS(L=90),1,test
2024-12-18,GLD,-5.548113,0.0038948003,-5.62213,0.003616929,N-BEATS(L=90),1,test
2024-12-18,SPY,-5.0301886,0.0065375776,-5.62882,0.0035928125,N-BEATS(L=90),1,test
2024-12-18,TLT,-4.9860907,0.006832322,-5.436663,0.0043539875,N-BEATS(L=90),1,test
2024-12-19,GLD,-5.3146915,0.0049187955,-5.412957,0.0044584363,N-BEATS(L=90),1,test
2024-12-19,SPY,-4.212458,0.014809919,-5.424048,0.004409262,N-BEATS(L=90),1,test
2024-12-19,TLT,-5.3601217,0.004700334,-5.5218997,0.003998245,N-BEATS(L=90),1,test
2024-12-20,GLD,-5.9933267,0.0024953492,-5.5302076,0.0039651655,N-BEATS(L=90),1,test
2024-12-20,SPY,-4.8013215,0.008218879,-5.827369,0.0029458166,N-BEATS(L=90),1,test
2024-12-20,TLT,-5.445256,0.0043167337,-5.0668364,0.006302327,N-BEATS(L=90),1,test
2024-12-23,GLD,-6.008091,0.0024587775,-5.4080405,0.004480411,N-BEATS(L=90),1,test
2024-12-23,SPY,-5.4483156,0.0043035476,-5.420225,0.00442615,N-BEATS(L=90),1,test
2024-12-23,TLT,-5.4259906,0.0044007045,-5.598865,0.003702063,N-BEATS(L=90),1,test
2024-12-24,GLD,-5.6391106,0.0035560299,-5.8975105,0.002746273,N-BEATS(L=90),1,test
2024-12-24,SPY,-5.3349104,0.004820342,-5.6515536,0.003512056,N-BEATS(L=90),1,test
2024-12-24,TLT,-5.4385805,0.0043456475,-5.1155753,0.0060025235,N-BEATS(L=90),1,test
2024-12-26,GLD,-5.9582915,0.0025843235,-5.314384,0.004920309,N-BEATS(L=90),1,test
2024-12-26,SPY,-4.837627,0.00792584,-5.191798,0.0055619963,N-BEATS(L=90),1,test
2024-12-26,TLT,-5.267371,0.00515715,-5.638435,0.0035584334,N-BEATS(L=90),1,test
2024-12-27,GLD,-5.458989,0.004257858,-5.752626,0.003174434,N-BEATS(L=90),1,test
2024-12-27,SPY,-4.7322206,0.008806893,-5.414575,0.004451229,N-BEATS(L=90),1,test
2024-12-27,TLT,-5.8190527,0.0029704177,-5.283906,0.005072579,N-BEATS(L=90),1,test
2024-12-30,GLD,-5.7197385,0.0032805686,-5.565103,0.0038291859,N-BEATS(L=90),1,test
2024-12-30,SPY,-5.067693,0.006296929,-5.15081,0.0057947105,N-BEATS(L=90),1,test
2024-12-30,TLT,-5.1243124,0.0059503075,-5.6276746,0.00359693,N-BEATS(L=90),1,test
2024-12-31,GLD,-5.8520036,0.0028741348,-5.074346,0.0062551755,N-BEATS(L=90),1,test
2024-12-31,SPY,-4.439268,0.011804575,-4.4836254,0.011292399,N-BEATS(L=90),1,test
2024-12-31,TLT,-4.939689,0.007156823,-5.764529,0.0031368718,N-BEATS(L=90),1,test
