date,asset,y_true_logrv,y_true_rv,yhat_logrv,yhat_rv,model,horizon,split
2018-01-02,GLD,-3.7742822,0.02295356,-4.033858,0.017705891,N-BEATS(L=90),22,val
2018-01-02,SPY,-3.7636557,0.023198778,-4.300502,0.013561752,N-BEATS(L=90),22,val
2018-01-02,TLT,-3.8129847,0.022082172,-4.227632,0.014586891,N-BEATS(L=90),22,val
2018-01-03,GLD,-3.7810075,0.022799708,-3.8695326,0.02086812,N-BEATS(L=90),22,val
2018-01-03,SPY,-3.393585,0.033588048,-4.117328,0.016287975,N-BEATS(L=90),22,val
2018-01-03,TLT,-3.5923862,0.027532553,-4.0437145,0.017532228,N-BEATS(L=90),22,val
2018-01-04,GLD,-3.78894,0.022619568,-3.9229403,0.019782843,N-BEATS(L=90),22,val
2018-01-04,SPY,-3.2471929,0.038883206,-4.0671263,0.017126534,N-BEATS(L=90),22,val
2018-01-04,TLT,-3.5764115,0.02797591,-4.070927,0.017061563,N-BEATS(L=90),22,val
2018-01-05,GLD,-3.7532847,0.023440624,-3.6960795,0.024820646,N-BEATS(L=90),22,val
2018-01-05,SPY,-3.2029366,0.040642675,-4.0845613,0.01683052,N-BEATS(L=90),22,val
2018-01-05,TLT,-3.5498338,0.028729415,-4.09255,0.016696606,N-BEATS(L=90),22,val
2018-01-08,GLD,-3.733426,0.023910774,-4.000552,0.018305529,N-BEATS(L=90),22,val
2018-01-08,SPY,-3.145538,0.043043755,-4.263223,0.014076857,N-BEATS(L=90),22,val
2018-01-08,TLT,-3.5320187,0.029245818,-4.0720744,0.017042,N-BEATS(L=90),22,val
2018-01-09,GLD,-3.7279036,0.024043187,-4.1022367,0.016535647,N-BEATS(L=90),22,val
2018-01-09,SPY,-2.9576423,0.051941235,-4.0948286,0.0166586,N-BEATS(L=90),22,val
2018-01-09,TLT,-3.5068007,0.029992718,-4.075428,0.016984943,N-BEATS(L=90),22,val
2018-01-10,GLD,-3.7239735,0.024137866,-4.027488,0.01781903,N-BEATS(L=90),22,val
2018-01-10,SPY,-2.9256568,0.053629458,-3.9649591,0.018968811,N-BEATS(L=90),22,val
2018-01-10,TLT,-3.498386,0.030246165,-3.8602653,0.021062411,N-BEATS(L=90),22,val
2018-01-11,GLD,-3.7201834,0.024229525,-3.9999557,0.018316451,N-BEATS(L=90),22,val
2018-01-11,SPY,-2.9172332,0.054083116,-4.132845,0.016037188,N-BEATS(L=90),22,val
2018-01-11,TLT,-3.5136635,0.029787587,-4.086728,0.016794093,N-BEATS(L=90),22,val
2018-01-12,GLD,-3.6743119,0.025366856,-4.106237,0.016469635,N-BEATS(L=90),22,val
2018-01-12,SPY,-2.9069157,0.05464401,-4.056653,0.017306847,N-BEATS(L=90),22,val
2018-01-12,TLT,-3.5118732,0.029840963,-3.8233857,0.021853685,N-BEATS(L=90),22,val
2018-01-16,GLD,-3.6736298,0.025384163,-3.983029,0.018629128,N-BEATS(L=90),22,val
2018-01-16,SPY,-2.8998349,0.055032305,-4.1663465,0.0155088175,N-BEATS(L=90),22,val
2018-01-16,TLT,-3.508063,0.029954879,-4.0223937,0.017910043,N-BEATS(L=90),22,val
2018-01-17,GLD,-3.6803775,0.025213456,-4.008306,0.01816414,N-BEATS(L=90),22,val
2018-01-17,SPY,-2.8981764,0.05512365,-4.175199,0.015372132,N-BEATS(L=90),22,val
2018-01-17,TLT,-3.513444,0.029794129,-3.963266,0.019000957,N-BEATS(L=90),22,val
2018-01-18,GLD,-3.6671226,0.025549881,-3.977643,0.018729733,N-BEATS(L=90),22,val
2018-01-18,SPY,-2.8893433,0.055612724,-4.1447453,0.01584747,N-BEATS(L=90),22,val
2018-01-18,TLT,-3.5119088,0.029839903,-3.8049078,0.022261249,N-BEATS(L=90),22,val
2018-01-19,GLD,-3.6372313,0.026325129,-3.9655442,0.018957717,N-BEATS(L=90),22,val
2018-01-19,SPY,-2.869133,0.056748107,-3.974307,0.018792318,N-BEATS(L=90),22,val
2018-01-19,TLT,-3.4878726,0.030565828,-3.821566,0.021893486,N-BEATS(L=90),22,val
2018-01-22,GLD,-3.6389577,0.02627972,-3.890956,0.020425811,N-BEATS(L=90),22,val
2018-01-22,SPY,-2.859092,0.057320785,-3.9951065,0.018405488,N-BEATS(L=90),22,val
2018-01-22,TLT,-3.4878702,0.0305659,-3.9064035,0.020112706,N-BEATS(L=90),22,val
2018-01-23,GLD,-3.6477175,0.026050521,-3.9204953,0.01983127,N-BEATS(L=90),22,val
2018-01-23,SPY,-2.8548613,0.057563808,-4.0706997,0.017065443,N-BEATS(L=90),22,val
2018-01-23,TLT,-3.4981925,0.030252013,-3.9459121,0.019333573,N-BEATS(L=90),22,val
2018-01-24,GLD,-3.6637557,0.02563605,-3.9450905,0.019349465,N-BEATS(L=90),22,val
2018-01-24,SPY,-2.8575423,0.057409685,-3.9278288,0.01968637,N-BEATS(L=90),22,val
2018-01-24,TLT,-3.493199,0.030403452,-3.8216069,0.021892594,N-BEATS(L=90),22,val
2018-01-25,GLD,-3.7215345,0.02419681,-3.867031,0.020920388,N-BEATS(L=90),22,val
2018-01-25,SPY,-2.8501503,0.057835624,-4.067404,0.017121783,N-BEATS(L=90),22,val
2018-01-25,TLT,-3.4807942,0.030782953,-3.8867865,0.020511154,N-BEATS(L=90),22,val
2018-01-26,GLD,-3.717474,0.024295261,-3.809344,0.022162711,N-BEATS(L=90),22,val
2018-01-26,SPY,-2.841497,0.058338273,-3.9751842,0.018775843,N-BEATS(L=90),22,val
2018-01-26,TLT,-3.4858682,0.030627156,-3.5963156,0.02742458,N-BEATS(L=90),22,val
2018-01-29,GLD,-3.65825,0.025777582,-3.9341338,0.019562637,N-BEATS(L=90),22,val
2018-01-29,SPY,-2.8039913,0.060567833,-3.943047,0.019389044,N-BEATS(L=90),22,val
2018-01-29,TLT,-3.464302,0.03129484,-3.696452,0.024811404,N-BEATS(L=90),22,val
2018-01-30,GLD,-3.6575105,0.025796654,-4.002645,0.018267257,N-BEATS(L=90),22,val
2018-01-30,SPY,-2.799106,0.06086446,-4.114143,0.01633994,N-BEATS(L=90),22,val
2018-01-30,TLT,-3.4626193,0.031347547,-3.8015268,0.022336643,N-BEATS(L=90),22,val
2018-01-31,GLD,-3.7016184,0.024683546,-3.8350265,0.021600766,N-BEATS(L=90),22,val
2018-01-31,SPY,-2.792988,0.061237957,-3.9272962,0.019696858,N-BEATS(L=90),22,val
2018-01-31,TLT,-3.4613478,0.03138743,-3.8974605,0.020293381,N-BEATS(L=90),22,val
2018-02-01,GLD,-3.6995618,0.024734361,-3.7320652,0.023943337,N-BEATS(L=90),22,val
2018-02-01,SPY,-2.7933018,0.061218746,-3.7760913,0.022912072,N-BEATS(L=90),22,val
2018-02-01,TLT,-3.4765365,0.030914297,-3.5628593,0.028357625,N-BEATS(L=90),22,val
2018-02-02,GLD,-3.7017965,0.02467915,-3.9642599,0.01898208,N-BEATS(L=90),22,val
2018-02-02,SPY,-2.7949302,0.06111914,-3.949779,0.019258957,N-BEATS(L=90),22,val
2018-02-02,TLT,-3.4858751,0.030626943,-3.7401845,0.02374972,N-BEATS(L=90),22,val
2018-02-05,GLD,-3.7139935,0.024379967,-3.9794667,0.018695608,N-BEATS(L=90),22,val
2018-02-05,SPY,-2.8787649,0.05620414,-4.046757,0.017478963,N-BEATS(L=90),22,val
2018-02-05,TLT,-3.6564844,0.025823139,-3.6616871,0.025689134,N-BEATS(L=90),22,val
2018-02-06,GLD,-3.7186553,0.024266576,-3.956276,0.019134238,N-BEATS(L=90),22,val
2018-02-06,SPY,-2.941059,0.052809767,-3.6155467,0.026902214,N-BEATS(L=90),22,val
2018-02-06,TLT,-3.6744938,0.02536224,-3.5685635,0.02819633,N-BEATS(L=90),22,val
2018-02-07,GLD,-3.7506604,0.02350222,-3.8401172,0.021491082,N-BEATS(L=90),22,val
2018-02-07,SPY,-2.9656484,0.05152705,-3.4016097,0.033319592,N-BEATS(L=90),22,val
2018-02-07,TLT,-3.7214336,0.02419925,-3.2983046,0.036945753,N-BEATS(L=90),22,val
2018-02-08,GLD,-3.7505276,0.023505341,-3.585299,0.027728375,N-BEATS(L=90),22,val
2018-02-08,SPY,-2.9911528,0.0502295,-3.3029103,0.03677598,N-BEATS(L=90),22,val
2018-02-08,TLT,-3.7406554,0.023738539,-3.3695443,0.034405313,N-BEATS(L=90),22,val
2018-02-09,GLD,-3.7626135,0.023222966,-3.6784234,0.025262773,N-BEATS(L=90),22,val
2018-02-09,SPY,-3.185467,0.041358925,-3.5119843,0.029837647,N-BEATS(L=90),22,val
2018-02-09,TLT,-3.7789168,0.022847425,-3.3096519,0.03652889,N-BEATS(L=90),22,val
2018-02-12,GLD,-3.7707672,0.023034384,-3.8546789,0.021180404,N-BEATS(L=90),22,val
2018-02-12,SPY,-3.236149,0.039315004,-3.4174438,0.032796163,N-BEATS(L=90),22,val
2018-02-12,TLT,-3.8112586,0.022120321,-3.414272,0.03290035,N-BEATS(L=90),22,val
2018-02-13,GLD,-3.7679865,0.023098525,-3.7417114,0.023713486,N-BEATS(L=90),22,val
2018-02-13,SPY,-3.2510793,0.03873238,-3.5210977,0.029566962,N-BEATS(L=90),22,val
2018-02-13,TLT,-3.8136322,0.022067877,-3.4323208,0.032311864,N-BEATS(L=90),22,val
2018-02-14,GLD,-3.8423548,0.021443048,-4.0195737,0.01796062,N-BEATS(L=90),22,val
2018-02-14,SPY,-3.2165155,0.040094525,-3.5874267,0.027669441,N-BEATS(L=90),22,val
2018-02-14,TLT,-3.8181672,0.021968028,-3.4645214,0.031287976,N-BEATS(L=90),22,val
2018-02-15,GLD,-3.8434243,0.021420127,-3.9529974,0.019197073,N-BEATS(L=90),22,val
2018-02-15,SPY,-3.2479644,0.038853217,-3.5053258,0.030036986,N-BEATS(L=90),22,val
2018-02-15,TLT,-3.8368294,0.021561857,-3.4575207,0.031507783,N-BEATS(L=90),22,val
2018-02-16,GLD,-3.811915,0.022105807,-4.0455613,0.017499879,N-BEATS(L=90),22,val
2018-02-16,SPY,-3.246553,0.038908094,-3.4118237,0.032980997,N-BEATS(L=90),22,val
2018-02-16,TLT,-3.8033848,0.022295179,-3.6569197,0.025811898,N-BEATS(L=90),22,val
2018-02-20,GLD,-3.8290353,0.02173057,-3.6980615,0.0247715,N-BEATS(L=90),22,val
2018-02-20,SPY,-3.2302198,0.039548803,-3.6626751,0.025663767,N-BEATS(L=90),22,val
2018-02-20,TLT,-3.777127,0.022888355,-3.6007946,0.027302021,N-BEATS(L=90),22,val
2018-02-21,GLD,-3.870657,0.02084467,-3.949123,0.019271597,N-BEATS(L=90),22,val
2018-02-21,SPY,-3.2360837,0.03931757,-3.511363,0.029856192,N-BEATS(L=90),22,val
2018-02-21,TLT,-3.8187933,0.021954278,-3.6862867,0.025064902,N-BEATS(L=90),22,val
2018-02-22,GLD,-3.8654068,0.020954397,-3.9284794,0.019673565,N-BEATS(L=90),22,val
2018-02-22,SPY,-3.1935065,0.041027755,-3.3618062,0.034672577,N-BEATS(L=90),22,val
2018-02-22,TLT,-3.8150167,0.022037346,-3.6127276,0.02697816,N-BEATS(L=90),22,val
2018-02-23,GLD,-3.8629138,0.0210067,-3.8848963,0.02054996,N-BEATS(L=90),22,val
2018-02-23,SPY,-3.1252203,0.043927256,-3.6300611,0.026514564,N-BEATS(L=90),22,val
2018-02-23,TLT,-3.8022957,0.022319475,-3.506117,0.030013226,N-BEATS(L=90),22,val
2018-02-26,GLD,-3.8425438,0.021438995,-4.059696,0.01725426,N-BEATS(L=90),22,val
2018-02-26,SPY,-3.1032522,0.044902932,-3.7166011,0.024316477,N-BEATS(L=90),22,val
2018-02-26,TLT,-3.8064601,0.02222672,-3.8543718,0.021186909,N-BEATS(L=90),22,val
2018-02-27,GLD,-3.9021592,0.020198252,-4.0444427,0.017519467,N-BEATS(L=90),22,val
2018-02-27,SPY,-3.0737352,0.046248086,-3.6811302,0.025194485,N-BEATS(L=90),22,val
2018-02-27,TLT,-3.8551836,0.021169716,-3.8358698,0.021582559,N-BEATS(L=90),22,val
2018-02-28,GLD,-3.8787768,0.0206761,-3.7044773,0.024613079,N-BEATS(L=90),22,val
2018-02-28,SPY,-3.0060468,0.049486924,-3.8851163,0.020545438,N-BEATS(L=90),22,val
2018-02-28,TLT,-3.8213122,0.021899046,-3.5957477,0.027440159,N-BEATS(L=90),22,val
2018-03-01,GLD,-3.9814715,0.018658163,-3.7949145,0.022484828,N-BEATS(L=90),22,val
2018-03-01,SPY,-3.0381627,0.047922857,-3.5696278,0.028166337,N-BEATS(L=90),22,val
2018-03-01,TLT,-3.8706305,0.020845223,-3.4568796,0.03152799,N-BEATS(L=90),22,val
2018-03-02,GLD,-3.975127,0.018776918,-3.7259228,0.024090858,N-BEATS(L=90),22,val
2018-03-02,SPY,-3.0233338,0.048638795,-3.566602,0.02825169,N-BEATS(L=90),22,val
2018-03-02,TLT,-3.8737814,0.020779643,-3.7087467,0.024508221,N-BEATS(L=90),22,val
2018-03-05,GLD,-3.9716666,0.018842006,-3.8013053,0.02234159,N-BEATS(L=90),22,val
2018-03-05,SPY,-3.0334299,0.048150208,-3.660184,0.02572778,N-BEATS(L=90),22,val
2018-03-05,TLT,-3.908039,0.020079838,-3.7444947,0.023647577,N-BEATS(L=90),22,val
2018-03-06,GLD,-3.9899404,0.018500816,-3.702805,0.024654273,N-BEATS(L=90),22,val
2018-03-06,SPY,-2.9802473,0.050780278,-3.6088333,0.027083427,N-BEATS(L=90),22,val
2018-03-06,TLT,-3.8901038,0.020443223,-3.633683,0.026418706,N-BEATS(L=90),22,val
2018-03-07,GLD,-4.0028324,0.018263835,-3.582238,0.027813382,N-BEATS(L=90),22,val
2018-03-07,SPY,-2.9533315,0.052165627,-3.825158,0.021814985,N-BEATS(L=90),22,val
2018-03-07,TLT,-3.8788016,0.020675588,-3.926718,0.01970825,N-BEATS(L=90),22,val
2018-03-08,GLD,-3.9969926,0.018370805,-3.6548452,0.0258655,N-BEATS(L=90),22,val
2018-03-08,SPY,-2.9456663,0.052567024,-3.8472953,0.02133737,N-BEATS(L=90),22,val
2018-03-08,TLT,-3.8823977,0.020601371,-3.806016,0.022236595,N-BEATS(L=90),22,val
2018-03-09,GLD,-3.9042563,0.020155938,-3.7530904,0.02344518,N-BEATS(L=90),22,val
2018-03-09,SPY,-2.9447522,0.052615095,-3.801401,0.022339454,N-BEATS(L=90),22,val
2018-03-09,TLT,-3.8900664,0.020443989,-3.8906744,0.020431563,N-BEATS(L=90),22,val
2018-03-12,GLD,-3.9004087,0.020233639,-3.6566925,0.025817763,N-BEATS(L=90),22,val
2018-03-12,SPY,-2.943865,0.052661795,-3.7908823,0.022575673,N-BEATS(L=90),22,val
2018-03-12,TLT,-3.8846457,0.02055511,-3.7353303,0.023865286,N-BEATS(L=90),22,val
2018-03-13,GLD,-3.9193482,0.019854032,-3.7896755,0.022602936,N-BEATS(L=90),22,val
2018-03-13,SPY,-2.9465742,0.052519318,-3.8593817,0.02108103,N-BEATS(L=90),22,val
2018-03-13,TLT,-3.906865,0.020103429,-3.928743,0.019668382,N-BEATS(L=90),22,val
2018-03-14,GLD,-3.9165025,0.019910611,-3.6686647,0.025510512,N-BEATS(L=90),22,val
2018-03-14,SPY,-2.9484737,0.052419655,-3.7339451,0.023898367,N-BEATS(L=90),22,val
2018-03-14,TLT,-3.9192026,0.019856922,-3.901182,0.020218002,N-BEATS(L=90),22,val
2018-03-15,GLD,-3.9170477,0.019899758,-3.7624607,0.023226516,N-BEATS(L=90),22,val
2018-03-15,SPY,-2.9485495,0.05241568,-3.5744834,0.028029902,N-BEATS(L=90),22,val
2018-03-15,TLT,-3.912009,0.02000028,-3.5885663,0.027637927,N-BEATS(L=90),22,val
2018-03-16,GLD,-3.9155488,0.019929608,-3.632978,0.026437338,N-BEATS(L=90),22,val
2018-03-16,SPY,-2.947894,0.052450046,-3.4759996,0.030930901,N-BEATS(L=90),22,val
2018-03-16,TLT,-3.9055834,0.020129208,-3.8477602,0.021327453,N-BEATS(L=90),22,val
2018-03-19,GLD,-3.9144073,0.019952372,-3.6672943,0.025545496,N-BEATS(L=90),22,val
2018-03-19,SPY,-2.9768267,0.05095427,-3.572639,0.028081648,N-BEATS(L=90),22,val
2018-03-19,TLT,-3.9073591,0.020093495,-3.761524,0.023248283,N-BEATS(L=90),22,val
2018-03-20,GLD,-3.9215176,0.019811006,-3.4031405,0.033268623,N-BEATS(L=90),22,val
2018-03-20,SPY,-2.9687912,0.05136536,-3.3225884,0.036059372,N-BEATS(L=90),22,val
2018-03-20,TLT,-3.898802,0.020266175,-3.6286125,0.026553001,N-BEATS(L=90),22,val
2018-03-21,GLD,-4.0050964,0.018222531,-3.7228563,0.024164848,N-BEATS(L=90),22,val
2018-03-21,SPY,-2.9726486,0.051167607,-3.4699805,0.031117639,N-BEATS(L=90),22,val
2018-03-21,TLT,-3.9586143,0.019089548,-3.5732608,0.028064193,N-BEATS(L=90),22,val
2018-03-22,GLD,-4.014107,0.01805907,-3.622554,0.026714358,N-BEATS(L=90),22,val
2018-03-22,SPY,-2.9574704,0.051950164,-3.460043,0.03142841,N-BEATS(L=90),22,val
2018-03-22,TLT,-4.0022798,0.018273931,-3.7513053,0.023487067,N-BEATS(L=90),22,val
2018-03-23,GLD,-4.0133376,0.018072974,-3.6716251,0.025435101,N-BEATS(L=90),22,val
2018-03-23,SPY,-2.96543,0.051538303,-3.2733293,0.037880104,N-BEATS(L=90),22,val
2018-03-23,TLT,-3.9926803,0.018450195,-3.6830287,0.025146697,N-BEATS(L=90),22,val
2018-03-26,GLD,-4.0010843,0.01829579,-3.5875607,0.027665734,N-BEATS(L=90),22,val
2018-03-26,SPY,-2.9973803,0.049917668,-3.3598273,0.03474126,N-BEATS(L=90),22,val
2018-03-26,TLT,-4.0077167,0.018174848,-3.6121256,0.026994405,N-BEATS(L=90),22,val
2018-03-27,GLD,-4.007371,0.018181132,-3.8846102,0.02055584,N-BEATS(L=90),22,val
2018-03-27,SPY,-3.052422,0.04724436,-3.306003,0.03666242,N-BEATS(L=90),22,val
2018-03-27,TLT,-4.037151,0.017647682,-3.6586483,0.02576732,N-BEATS(L=90),22,val
2018-03-28,GLD,-3.9960234,0.018388618,-3.7825873,0.022763718,N-BEATS(L=90),22,val
2018-03-28,SPY,-3.0691304,0.046461537,-3.311174,0.036473334,N-BEATS(L=90),22,val
2018-03-28,TLT,-4.0406337,0.017586324,-3.719435,0.024247665,N-BEATS(L=90),22,val
2018-03-29,GLD,-3.9873874,0.018548109,-3.74083,0.023734396,N-BEATS(L=90),22,val
2018-03-29,SPY,-3.1007798,0.045014087,-3.210446,0.040338624,N-BEATS(L=90),22,val
2018-03-29,TLT,-4.0527606,0.017374344,-3.4409115,0.03203547,N-BEATS(L=90),22,val
2018-04-02,GLD,-3.9939096,0.018427528,-3.7424135,0.023696842,N-BEATS(L=90),22,val
2018-04-02,SPY,-3.1923037,0.041077133,-3.3424876,0.035348915,N-BEATS(L=90),22,val
2018-04-02,TLT,-4.107978,0.016440988,-3.8016667,0.022333516,N-BEATS(L=90),22,val
2018-04-03,GLD,-3.999879,0.018317858,-3.7286987,0.024024077,N-BEATS(L=90),22,val
2018-04-03,SPY,-3.1901698,0.04116488,-3.2266526,0.039690133,N-BEATS(L=90),22,val
2018-04-03,TLT,-4.100194,0.016569462,-3.4675531,0.031193264,N-BEATS(L=90),22,val
2018-04-04,GLD,-4.0153093,0.018037373,-3.7554646,0.023389582,N-BEATS(L=90),22,val
2018-04-04,SPY,-3.2091923,0.040389225,-3.2586117,0.03844173,N-BEATS(L=90),22,val
2018-04-04,TLT,-4.092861,0.016691409,-3.7287552,0.02402272,N-BEATS(L=90),22,val
2018-04-05,GLD,-4.023554,0.017889276,-3.8470957,0.02134163,N-BEATS(L=90),22,val
2018-04-05,SPY,-3.2130601,0.040233307,-3.0751374,0.046183284,N-BEATS(L=90),22,val
2018-04-05,TLT,-4.1002984,0.016567731,-3.712676,0.024412109,N-BEATS(L=90),22,val
2018-04-06,GLD,-3.9754696,0.018770484,-3.7180347,0.024281641,N-BEATS(L=90),22,val
2018-04-06,SPY,-3.30048,0.036865473,-3.022181,0.048694897,N-BEATS(L=90),22,val
2018-04-06,TLT,-4.114541,0.016333435,-3.7543888,0.023414757,N-BEATS(L=90),22,val
2018-04-09,GLD,-3.9707553,0.018859183,-3.831531,0.021676403,N-BEATS(L=90),22,val
2018-04-09,SPY,-3.3539064,0.034947567,-3.1542618,0.04266989,N-BEATS(L=90),22,val
2018-04-09,TLT,-4.139572,0.015929665,-3.6801238,0.025219852,N-BEATS(L=90),22,val
2018-04-10,GLD,-3.9710515,0.0188536,-4.0770435,0.016957525,N-BEATS(L=90),22,val
2018-04-10,SPY,-3.3728836,0.034290615,-3.2023287,0.040667392,N-BEATS(L=90),22,val
2018-04-10,TLT,-4.143056,0.015874267,-3.7507362,0.023500437,N-BEATS(L=90),22,val
2018-04-11,GLD,-4.1000695,0.016571524,-3.9392452,0.0194629,N-BEATS(L=90),22,val
2018-04-11,SPY,-3.382142,0.0339746,-3.2327282,0.03944972,N-BEATS(L=90),22,val
2018-04-11,TLT,-4.1429095,0.015876591,-3.7268443,0.024068668,N-BEATS(L=90),22,val
2018-04-12,GLD,-4.111277,0.016386833,-3.8348677,0.021604195,N-BEATS(L=90),22,val
2018-04-12,SPY,-3.3843071,0.03390112,-3.3076246,0.03660302,N-BEATS(L=90),22,val
2018-04-12,TLT,-4.1543465,0.015696045,-3.9578307,0.019104514,N-BEATS(L=90),22,val
2018-04-13,GLD,-4.110582,0.01639823,-3.8207412,0.021911554,N-BEATS(L=90),22,val
2018-04-13,SPY,-3.4041066,0.0332365,-3.2852502,0.037431218,N-BEATS(L=90),22,val
2018-04-13,TLT,-4.123347,0.016190238,-3.9319553,0.0196053,N-BEATS(L=90),22,val
2018-04-16,GLD,-4.10271,0.016527828,-3.8832145,0.02058455,N-BEATS(L=90),22,val
2018-04-16,SPY,-3.4128377,0.03294757,-3.2550225,0.038579952,N-BEATS(L=90),22,val
2018-04-16,TLT,-4.121352,0.016222563,-3.835631,0.021587715,N-BEATS(L=90),22,val
2018-04-17,GLD,-4.105289,0.016485253,-3.8952346,0.020338602,N-BEATS(L=90),22,val
2018-04-17,SPY,-3.4115517,0.03298997,-3.3019938,0.0368097,N-BEATS(L=90),22,val
2018-04-17,TLT,-4.12481,0.016166562,-3.9915304,0.018471424,N-BEATS(L=90),22,val
2018-04-18,GLD,-4.111708,0.016379772,-4.0234146,0.017891767,N-BEATS(L=90),22,val
2018-04-18,SPY,-3.4141872,0.03290314,-3.410303,0.033031188,N-BEATS(L=90),22,val
2018-04-18,TLT,-4.1328044,0.016037839,-3.940102,0.01944623,N-BEATS(L=90),22,val
2018-04-19,GLD,-4.1276264,0.016121099,-4.0528398,0.01737297,N-BEATS(L=90),22,val
2018-04-19,SPY,-3.4218988,0.032650378,-3.5127761,0.029814031,N-BEATS(L=90),22,val
2018-04-19,TLT,-4.15628,0.015665725,-3.7575185,0.02334159,N-BEATS(L=90),22,val
2018-04-20,GLD,-4.13195,0.01605155,-3.958183,0.019097783,N-BEATS(L=90),22,val
2018-04-20,SPY,-3.4408047,0.032038894,-3.6401887,0.026247391,N-BEATS(L=90),22,val
2018-04-20,TLT,-4.1651244,0.015527783,-3.9794645,0.018695647,N-BEATS(L=90),22,val
2018-04-23,GLD,-4.125174,0.016160682,-4.009142,0.018148962,N-BEATS(L=90),22,val
2018-04-23,SPY,-3.4550922,0.031584393,-3.5433154,0.028917296,N-BEATS(L=90),22,val
2018-04-23,TLT,-4.1722727,0.015417182,-3.980659,0.018673329,N-BEATS(L=90),22,val
2018-04-24,GLD,-4.120107,0.016242774,-3.8449643,0.021387165,N-BEATS(L=90),22,val
2018-04-24,SPY,-3.540466,0.028999807,-3.41148,0.032992337,N-BEATS(L=90),22,val
2018-04-24,TLT,-4.193626,0.015091465,-3.8184698,0.021961382,N-BEATS(L=90),22,val
2018-04-25,GLD,-4.125655,0.016152909,-3.944519,0.019360526,N-BEATS(L=90),22,val
2018-04-25,SPY,-3.5801256,0.027872197,-3.4375236,0.03214419,N-BEATS(L=90),22,val
2018-04-25,TLT,-4.220415,0.014692544,-3.9317331,0.019609656,N-BEATS(L=90),22,val
2018-04-26,GLD,-4.1035275,0.016514318,-3.9254973,0.019732323,N-BEATS(L=90),22,val
2018-04-26,SPY,-3.566246,0.02826175,-3.295197,0.03706074,N-BEATS(L=90),22,val
2018-04-26,TLT,-4.055658,0.017324079,-3.850872,0.021261187,N-BEATS(L=90),22,val
2018-04-27,GLD,-4.1014886,0.016548024,-4.017466,0.017998515,N-BEATS(L=90),22,val
2018-04-27,SPY,-3.5644546,0.028312424,-3.340106,0.035433203,N-BEATS(L=90),22,val
2018-04-27,TLT,-4.039856,0.017600007,-3.8142192,0.022054927,N-BEATS(L=90),22,val
2018-04-30,GLD,-4.134458,0.01601134,-3.963388,0.018998638,N-BEATS(L=90),22,val
2018-04-30,SPY,-3.575225,0.02800912,-3.27421,0.03784676,N-BEATS(L=90),22,val
2018-04-30,TLT,-4.0094533,0.018143311,-3.850646,0.021265993,N-BEATS(L=90),22,val
2018-05-01,GLD,-4.127985,0.016115319,-3.9177456,0.019885875,N-BEATS(L=90),22,val
2018-05-01,SPY,-3.6064475,0.02714812,-3.2731547,0.037886716,N-BEATS(L=90),22,val
2018-05-01,TLT,-3.9865515,0.01856362,-3.8179326,0.021973182,N-BEATS(L=90),22,val
2018-05-02,GLD,-4.1761737,0.015357156,-3.9270377,0.019701948,N-BEATS(L=90),22,val
2018-05-02,SPY,-3.636179,0.026352847,-3.197581,0.040860925,N-BEATS(L=90),22,val
2018-05-02,TLT,-3.9886572,0.018524572,-3.9348917,0.019547816,N-BEATS(L=90),22,val
2018-05-03,GLD,-4.130583,0.016073508,-4.1214633,0.016220761,N-BEATS(L=90),22,val
2018-05-03,SPY,-3.7339637,0.023897924,-3.3066664,0.036638107,N-BEATS(L=90),22,val
2018-05-03,TLT,-3.9967773,0.01837476,-3.9137778,0.019964935,N-BEATS(L=90),22,val
2018-05-04,GLD,-4.115986,0.016309854,-3.9247022,0.019748017,N-BEATS(L=90),22,val
2018-05-04,SPY,-3.8199663,0.02192854,-3.1979463,0.040846,N-BEATS(L=90),22,val
2018-05-04,TLT,-4.003603,0.018249767,-3.8865118,0.020516789,N-BEATS(L=90),22,val
2018-05-07,GLD,-4.112787,0.016362114,-3.9671533,0.018927237,N-BEATS(L=90),22,val
2018-05-07,SPY,-3.82287,0.021864958,-3.2827,0.037526794,N-BEATS(L=90),22,val
2018-05-07,TLT,-3.9039297,0.020162523,-3.9098854,0.020042798,N-BEATS(L=90),22,val
2018-05-08,GLD,-4.187388,0.015185899,-3.9961543,0.018386211,N-BEATS(L=90),22,val
2018-05-08,SPY,-3.8498912,0.021282053,-3.163103,0.042294294,N-BEATS(L=90),22,val
2018-05-08,TLT,-3.917668,0.019887416,-4.0046954,0.01822984,N-BEATS(L=90),22,val
2018-05-09,GLD,-4.2041297,0.014933777,-4.0456023,0.017499162,N-BEATS(L=90),22,val
2018-05-09,SPY,-3.8826442,0.020596294,-3.3841197,0.033907477,N-BEATS(L=90),22,val
2018-05-09,TLT,-3.9187074,0.019866759,-4.002999,0.018260796,N-BEATS(L=90),22,val
2018-05-10,GLD,-4.210971,0.014831961,-3.9667249,0.018935347,N-BEATS(L=90),22,val
2018-05-10,SPY,-3.8931978,0.02038007,-3.3297005,0.03580383,N-BEATS(L=90),22,val
2018-05-10,TLT,-3.9228725,0.019784182,-4.05043,0.017414888,N-BEATS(L=90),22,val
2018-05-11,GLD,-4.1748943,0.0153768165,-3.8519955,0.021237316,N-BEATS(L=90),22,val
2018-05-11,SPY,-3.8964067,0.02031478,-3.3767216,0.034159258,N-BEATS(L=90),22,val
2018-05-11,TLT,-3.891804,0.020408496,-3.9003448,0.020234933,N-BEATS(L=90),22,val
2018-05-14,GLD,-4.1747546,0.015378965,-4.0273523,0.017821454,N-BEATS(L=90),22,val
2018-05-14,SPY,-3.9076188,0.02008828,-3.3654532,0.034546353,N-BEATS(L=90),22,val
2018-05-14,TLT,-3.8771594,0.02070957,-4.0093455,0.018145267,N-BEATS(L=90),22,val
2018-05-15,GLD,-4.1108055,0.016394563,-4.00969,0.018139021,N-BEATS(L=90),22,val
2018-05-15,SPY,-3.8913395,0.020417977,-3.6129732,0.026971536,N-BEATS(L=90),22,val
2018-05-15,TLT,-3.888338,0.020479353,-4.045654,0.01749826,N-BEATS(L=90),22,val
2018-05-16,GLD,-4.1214385,0.016221164,-3.8855672,0.020536177,N-BEATS(L=90),22,val
2018-05-16,SPY,-3.8886538,0.02047289,-3.4983587,0.030246986,N-BEATS(L=90),22,val
2018-05-16,TLT,-3.889476,0.02045606,-3.9369056,0.019508488,N-BEATS(L=90),22,val
2018-05-17,GLD,-4.117121,0.016291346,-3.9042711,0.02015564,N-BEATS(L=90),22,val
2018-05-17,SPY,-3.8989987,0.02026219,-3.6404958,0.026239332,N-BEATS(L=90),22,val
2018-05-17,TLT,-3.895512,0.020332959,-3.9545374,0.019167533,N-BEATS(L=90),22,val
2018-05-18,GLD,-4.1232867,0.01619121,-3.9135194,0.019970095,N-BEATS(L=90),22,val
2018-05-18,SPY,-3.8988185,0.020265842,-3.6699858,0.025476832,N-BEATS(L=90),22,val
2018-05-18,TLT,-3.8964586,0.020313723,-3.9840324,0.018610444,N-BEATS(L=90),22,val
2018-05-21,GLD,-4.1225834,0.016202603,-3.9916487,0.018469239,N-BEATS(L=90),22,val
2018-05-21,SPY,-3.8900354,0.020444622,-3.7339919,0.023897251,N-BEATS(L=90),22,val
2018-05-21,TLT,-3.8932834,0.020378327,-3.9129148,0.019982172,N-BEATS(L=90),22,val
2018-05-22,GLD,-4.123544,0.016187042,-3.935154,0.01954269,N-BEATS(L=90),22,val
2018-05-22,SPY,-3.9031048,0.020179162,-3.5375082,0.02908571,N-BEATS(L=90),22,val
2018-05-22,TLT,-3.8960965,0.02032108,-4.0836506,0.016845856,N-BEATS(L=90),22,val
2018-05-23,GLD,-4.1310096,0.01606665,-3.98207,0.018647,N-BEATS(L=90),22,val
2018-05-23,SPY,-3.7994401,0.0223833,-3.6687083,0.025509398,N-BEATS(L=90),22,val
2018-05-23,TLT,-3.8951788,0.020339737,-3.9544916,0.01916841,N-BEATS(L=90),22,val
2018-05-24,GLD,-4.137058,0.015969768,-3.9586046,0.019089734,N-BEATS(L=90),22,val
2018-05-24,SPY,-3.8187277,0.021955717,-3.597963,0.027379435,N-BEATS(L=90),22,val
2018-05-24,TLT,-3.8971481,0.020299722,-3.9829862,0.018629923,N-BEATS(L=90),22,val
2018-05-25,GLD,-4.1276956,0.016119983,-4.075583,0.016982311,N-BEATS(L=90),22,val
2018-05-25,SPY,-3.7300708,0.023991136,-3.71242,0.02441836,N-BEATS(L=90),22,val
2018-05-25,TLT,-3.8907444,0.02043013,-3.9375424,0.019496068,N-BEATS(L=90),22,val
2018-05-29,GLD,-4.1610227,0.015591605,-4.0872154,0.01678591,N-BEATS(L=90),22,val
2018-05-29,SPY,-3.7405703,0.02374056,-3.696303,0.024815101,N-BEATS(L=90),22,val
2018-05-29,TLT,-4.0077567,0.01817412,-4.0411716,0.017576868,N-BEATS(L=90),22,val
2018-05-30,GLD,-4.1413302,0.015901685,-3.9925992,0.01845169,N-BEATS(L=90),22,val
2018-05-30,SPY,-3.729087,0.024014749,-3.676959,0.025299793,N-BEATS(L=90),22,val
2018-05-30,TLT,-4.0003166,0.018309841,-4.0274305,0.017820058,N-BEATS(L=90),22,val
2018-05-31,GLD,-4.151941,0.015733851,-4.035048,0.01768483,N-BEATS(L=90),22,val
2018-05-31,SPY,-3.7305527,0.02397958,-3.599678,0.027332522,N-BEATS(L=90),22,val
2018-05-31,TLT,-4.046758,0.017478947,-3.9759197,0.018762037,N-BEATS(L=90),22,val
2018-06-01,GLD,-4.147941,0.015796907,-4.0691876,0.017091267,N-BEATS(L=90),22,val
2018-06-01,SPY,-3.7184615,0.02427128,-3.6439092,0.026149917,N-BEATS(L=90),22,val
2018-06-01,TLT,-4.084895,0.016824903,-3.9801888,0.018682111,N-BEATS(L=90),22,val
2018-06-04,GLD,-4.1358666,0.015988803,-4.1243796,0.016173525,N-BEATS(L=90),22,val
2018-06-04,SPY,-3.6987646,0.02475409,-3.602582,0.027253265,N-BEATS(L=90),22,val
2018-06-04,TLT,-4.0872874,0.016784701,-4.0345163,0.017694237,N-BEATS(L=90),22,val
2018-06-05,GLD,-4.1868544,0.015194004,-4.1695433,0.01545932,N-BEATS(L=90),22,val
2018-06-05,SPY,-3.6776943,0.025281198,-3.7423344,0.023698717,N-BEATS(L=90),22,val
2018-06-05,TLT,-4.0909085,0.016724033,-4.072939,0.017027274,N-BEATS(L=90),22,val
2018-06-06,GLD,-4.2113886,0.014825767,-4.0135746,0.018068692,N-BEATS(L=90),22,val
2018-06-06,SPY,-3.6943002,0.024864849,-3.6941957,0.024867445,N-BEATS(L=90),22,val
2018-06-06,TLT,-4.1097116,0.016412506,-3.9740176,0.018797759,N-BEATS(L=90),22,val
2018-06-07,GLD,-4.2145886,0.0147784,-4.083559,0.016847398,N-BEATS(L=90),22,val
2018-06-07,SPY,-3.709411,0.024491947,-3.6690617,0.025500387,N-BEATS(L=90),22,val
2018-06-07,TLT,-4.2656755,0.0140423775,-4.018155,0.017986117,N-BEATS(L=90),22,val
2018-06-08,GLD,-4.1918135,0.015118842,-4.0532656,0.017365573,N-BEATS(L=90),22,val
2018-06-08,SPY,-3.703455,0.024638254,-3.758759,0.023312652,N-BEATS(L=90),22,val
2018-06-08,TLT,-4.2626395,0.014085076,-4.0049577,0.01822506,N-BEATS(L=90),22,val
2018-06-11,GLD,-4.195405,0.01506464,-4.0527453,0.01737461,N-BEATS(L=90),22,val
2018-06-11,SPY,-3.696479,0.02481073,-3.653695,0.025895266,N-BEATS(L=90),22,val
2018-06-11,TLT,-4.271312,0.013963448,-3.9742112,0.01879412,N-BEATS(L=90),22,val
2018-06-12,GLD,-4.2087297,0.014865239,-4.0081196,0.018167526,N-BEATS(L=90),22,val
2018-06-12,SPY,-3.6955352,0.02483416,-3.5656798,0.028277757,N-BEATS(L=90),22,val
2018-06-12,TLT,-4.276098,0.013896785,-4.019858,0.017955517,N-BEATS(L=90),22,val
2018-06-13,GLD,-4.2500596,0.014263384,-4.111202,0.016388068,N-BEATS(L=90),22,val
2018-06-13,SPY,-3.7004392,0.02471267,-3.7218251,0.024189778,N-BEATS(L=90),22,val
2018-06-13,TLT,-4.333518,0.013121305,-3.9160836,0.019918954,N-BEATS(L=90),22,val
2018-06-14,GLD,-4.22446,0.014633233,-4.0744686,0.017001247,N-BEATS(L=90),22,val
2018-06-14,SPY,-3.6921732,0.02491779,-3.6055276,0.027173104,N-BEATS(L=90),22,val
2018-06-14,TLT,-4.367754,0.012679688,-3.9366255,0.019513953,N-BEATS(L=90),22,val
2018-06-15,GLD,-4.3203907,0.013294688,-3.9745238,0.018788246,N-BEATS(L=90),22,val
2018-06-15,SPY,-3.7105231,0.02446472,-3.6948876,0.024850246,N-BEATS(L=90),22,val
2018-06-15,TLT,-4.396897,0.012315498,-4.031274,0.017751703,N-BEATS(L=90),22,val
2018-06-18,GLD,-4.1976275,0.015031195,-3.9459202,0.019333417,N-BEATS(L=90),22,val
2018-06-18,SPY,-3.7141733,0.024375584,-3.5437338,0.028905198,N-BEATS(L=90),22,val
2018-06-18,TLT,-4.3908343,0.012390387,-3.777455,0.022880847,N-BEATS(L=90),22,val
2018-06-19,GLD,-4.196572,0.015047072,-4.1452928,0.015838798,N-BEATS(L=90),22,val
2018-06-19,SPY,-3.727019,0.024064463,-3.6231563,0.026698275,N-BEATS(L=90),22,val
2018-06-19,TLT,-4.3918247,0.012378122,-3.8015046,0.022337139,N-BEATS(L=90),22,val
2018-06-20,GLD,-4.1913853,0.0151253175,-4.1867623,0.015195403,N-BEATS(L=90),22,val
2018-06-20,SPY,-3.7258973,0.024091473,-3.5897057,0.027606454,N-BEATS(L=90),22,val
2018-06-20,TLT,-4.362001,0.012752844,-3.8025978,0.022312732,N-BEATS(L=90),22,val
2018-06-21,GLD,-4.189481,0.015154151,-4.107739,0.016444914,N-BEATS(L=90),22,val
2018-06-21,SPY,-3.7229674,0.024162162,-3.5933032,0.027507318,N-BEATS(L=90),22,val
2018-06-21,TLT,-4.3526998,0.012872014,-4.025092,0.017861778,N-BEATS(L=90),22,val
2018-06-22,GLD,-4.170356,0.0154467635,-3.98398,0.01861142,N-BEATS(L=90),22,val
2018-06-22,SPY,-3.7076898,0.024534138,-3.6455212,0.0261078,N-BEATS(L=90),22,val
2018-06-22,TLT,-4.2913365,0.013686621,-4.0251293,0.017861115,N-BEATS(L=90),22,val
2018-06-25,GLD,-4.152388,0.015726814,-4.0215607,0.017924968,N-BEATS(L=90),22,val
2018-06-25,SPY,-3.7998493,0.022374144,-3.7376635,0.02380967,N-BEATS(L=90),22,val
2018-06-25,TLT,-4.2765427,0.013890604,-4.011821,0.018100409,N-BEATS(L=90),22,val
2018-06-26,GLD,-4.1539907,0.01570163,-4.0619845,0.017214822,N-BEATS(L=90),22,val
2018-06-26,SPY,-3.7728593,0.022986244,-3.7579963,0.02333044,N-BEATS(L=90),22,val
2018-06-26,TLT,-4.276584,0.013890027,-4.0801888,0.016904274,N-BEATS(L=90),22,val
2018-06-27,GLD,-4.1597643,0.015611237,-4.0547595,0.01733965,N-BEATS(L=90),22,val
2018-06-27,SPY,-3.8571951,0.021127176,-3.7463694,0.023603285,N-BEATS(L=90),22,val
2018-06-27,TLT,-4.285156,0.013771476,-3.9995892,0.018323164,N-BEATS(L=90),22,val
2018-06-28,GLD,-4.130397,0.016076498,-4.1392975,0.01593404,N-BEATS(L=90),22,val
2018-06-28,SPY,-3.9085732,0.020069117,-3.8215356,0.021894155,N-BEATS(L=90),22,val
2018-06-28,TLT,-4.2931213,0.013662214,-4.1572475,0.015650576,N-BEATS(L=90),22,val
2018-06-29,GLD,-4.14988,0.01576631,-3.9784296,0.018715007,N-BEATS(L=90),22,val
2018-06-29,SPY,-3.9286437,0.019670334,-3.7240498,0.024136024,N-BEATS(L=90),22,val
2018-06-29,TLT,-4.289519,0.013711521,-4.1538687,0.015703548,N-BEATS(L=90),22,val
2018-07-02,GLD,-4.143296,0.01587046,-3.94082,0.019432275,N-BEATS(L=90),22,val
2018-07-02,SPY,-3.9213772,0.019813789,-3.6994076,0.024738178,N-BEATS(L=90),22,val
2018-07-02,TLT,-4.2797723,0.013845814,-3.9983857,0.018345231,N-BEATS(L=90),22,val
2018-07-03,GLD,-4.1427526,0.015879082,-3.9642458,0.018982347,N-BEATS(L=90),22,val
2018-07-03,SPY,-3.9456244,0.019339139,-3.68102,0.02519726,N-BEATS(L=90),22,val
2018-07-03,TLT,-4.2763734,0.013892955,-4.092558,0.016696472,N-BEATS(L=90),22,val
2018-07-05,GLD,-4.154293,0.015696883,-4.08011,0.016905604,N-BEATS(L=90),22,val
2018-07-05,SPY,-3.9641926,0.018983357,-3.694983,0.024847876,N-BEATS(L=90),22,val
2018-07-05,TLT,-4.2691607,0.013993522,-4.1979475,0.015026387,N-BEATS(L=90),22,val
2018-07-06,GLD,-4.1433687,0.015869303,-4.1008263,0.016558988,N-BEATS(L=90),22,val
2018-07-06,SPY,-4.0152173,0.018039035,-3.6440616,0.026145935,N-BEATS(L=90),22,val
2018-07-06,TLT,-4.2692327,0.013992514,-4.0559087,0.017319735,N-BEATS(L=90),22,val
2018-07-09,GLD,-4.1337175,0.016023202,-4.1305285,0.016074382,N-BEATS(L=90),22,val
2018-07-09,SPY,-4.0136147,0.018067967,-3.5427732,0.028932977,N-BEATS(L=90),22,val
2018-07-09,TLT,-4.26195,0.01409479,-4.1088142,0.016427241,N-BEATS(L=90),22,val
2018-07-10,GLD,-4.134959,0.016003318,-4.232602,0.014514573,N-BEATS(L=90),22,val
2018-07-10,SPY,-4.0115027,0.018106166,-3.6690197,0.025501456,N-BEATS(L=90),22,val
2018-07-10,TLT,-4.2473154,0.014302579,-4.107604,0.016447134,N-BEATS(L=90),22,val
2018-07-11,GLD,-4.1298685,0.016084993,-4.2120333,0.0148162125,N-BEATS(L=90),22,val
2018-07-11,SPY,-4.0069346,0.018189065,-3.8249352,0.021819849,N-BEATS(L=90),22,val
2018-07-11,TLT,-4.2209506,0.014684679,-4.0419273,0.017563589,N-BEATS(L=90),22,val
2018-07-12,GLD,-4.106309,0.016468449,-4.1385255,0.015946347,N-BEATS(L=90),22,val
2018-07-12,SPY,-3.9906955,0.018486852,-3.5637033,0.028333701,N-BEATS(L=90),22,val
2018-07-12,TLT,-4.2084966,0.0148687055,-4.0971513,0.016619954,N-BEATS(L=90),22,val
2018-07-13,GLD,-4.085076,0.016821863,-4.1004677,0.016564926,N-BEATS(L=90),22,val
2018-07-13,SPY,-3.9853027,0.018586818,-3.6502497,0.02598464,N-BEATS(L=90),22,val
2018-07-13,TLT,-4.2075205,0.014883226,-4.0585766,0.01727359,N-BEATS(L=90),22,val
2018-07-16,GLD,-4.057238,0.017296726,-4.093206,0.016685655,N-BEATS(L=90),22,val
2018-07-16,SPY,-3.9455729,0.019340133,-3.563937,0.028327083,N-BEATS(L=90),22,val
2018-07-16,TLT,-4.217376,0.0147372605,-4.0871363,0.016787238,N-BEATS(L=90),22,val
2018-07-17,GLD,-4.0542717,0.01734811,-4.147669,0.015801208,N-BEATS(L=90),22,val
2018-07-17,SPY,-3.9520187,0.01921587,-3.8524652,0.021227343,N-BEATS(L=90),22,val
2018-07-17,TLT,-4.197174,0.015038013,-4.119546,0.016251892,N-BEATS(L=90),22,val
2018-07-18,GLD,-4.0379705,0.017633222,-4.180173,0.015295862,N-BEATS(L=90),22,val
2018-07-18,SPY,-3.9312356,0.019619416,-3.80476,0.02226454,N-BEATS(L=90),22,val
2018-07-18,TLT,-4.182548,0.015259576,-4.070113,0.017075457,N-BEATS(L=90),22,val
2018-07-19,GLD,-4.114627,0.016332032,-4.2233047,0.014650149,N-BEATS(L=90),22,val
2018-07-19,SPY,-3.9376898,0.019493196,-3.7477462,0.02357081,N-BEATS(L=90),22,val
2018-07-19,TLT,-4.195564,0.015062248,-4.0796614,0.016913192,N-BEATS(L=90),22,val
2018-07-20,GLD,-4.1001797,0.016569698,-4.150838,0.015751213,N-BEATS(L=90),22,val
2018-07-20,SPY,-3.9253821,0.019734595,-3.593147,0.027511613,N-BEATS(L=90),22,val
2018-07-20,TLT,-4.200229,0.014992141,-4.220324,0.014693882,N-BEATS(L=90),22,val
2018-07-23,GLD,-4.1056786,0.016478833,-4.0808764,0.016892655,N-BEATS(L=90),22,val
2018-07-23,SPY,-3.9268122,0.019706393,-3.7352445,0.023867335,N-BEATS(L=90),22,val
2018-07-23,TLT,-4.22322,0.014651393,-4.189279,0.015157208,N-BEATS(L=90),22,val
2018-07-24,GLD,-4.086801,0.016792867,-4.0909057,0.01672408,N-BEATS(L=90),22,val
2018-07-24,SPY,-3.9392786,0.01946225,-3.6580105,0.025783759,N-BEATS(L=90),22,val
2018-07-24,TLT,-4.241757,0.014382301,-4.103408,0.016516294,N-BEATS(L=90),22,val
2018-07-25,GLD,-4.0522842,0.017382624,-4.096533,0.016630236,N-BEATS(L=90),22,val
2018-07-25,SPY,-3.9667218,0.018935407,-3.5769677,0.027960354,N-BEATS(L=90),22,val
2018-07-25,TLT,-4.2799606,0.013843207,-4.1238866,0.0161815,N-BEATS(L=90),22,val
2018-07-26,GLD,-4.0587063,0.01727135,-4.061588,0.017221652,N-BEATS(L=90),22,val
2018-07-26,SPY,-3.9686596,0.018898748,-3.662823,0.025659973,N-BEATS(L=90),22,val
2018-07-26,TLT,-4.305304,0.013496781,-4.1860843,0.01520571,N-BEATS(L=90),22,val
2018-07-27,GLD,-4.019582,0.017960474,-4.1408114,0.015909936,N-BEATS(L=90),22,val
2018-07-27,SPY,-4.033522,0.017711837,-3.731505,0.023956755,N-BEATS(L=90),22,val
2018-07-27,TLT,-4.3008757,0.0135566825,-4.0773597,0.016952166,N-BEATS(L=90),22,val
2018-07-30,GLD,-4.0192657,0.017966153,-4.207942,0.014876953,N-BEATS(L=90),22,val
2018-07-30,SPY,-4.0501986,0.017418915,-3.5401785,0.029008148,N-BEATS(L=90),22,val
2018-07-30,TLT,-4.293513,0.013656867,-4.111758,0.01637895,N-BEATS(L=90),22,val
2018-07-31,GLD,-4.035659,0.017674033,-4.0940127,0.016672198,N-BEATS(L=90),22,val
2018-07-31,SPY,-4.049911,0.017423924,-3.6295347,0.026528524,N-BEATS(L=90),22,val
2018-07-31,TLT,-4.2882757,0.013728577,-4.229485,0.014559886,N-BEATS(L=90),22,val
2018-08-01,GLD,-4.022538,0.017907456,-4.216092,0.014756198,N-BEATS(L=90),22,val
2018-08-01,SPY,-4.06699,0.01712887,-3.5843267,0.027755348,N-BEATS(L=90),22,val
2018-08-01,TLT,-4.3019576,0.0135420235,-4.213898,0.014788607,N-BEATS(L=90),22,val
2018-08-02,GLD,-4.030682,0.01776221,-4.1884193,0.0151702445,N-BEATS(L=90),22,val
2018-08-02,SPY,-4.0952125,0.016652208,-3.787444,0.022653427,N-BEATS(L=90),22,val
2018-08-02,TLT,-4.3095427,0.013439694,-4.0697393,0.01708184,N-BEATS(L=90),22,val
2018-08-03,GLD,-4.0502825,0.017417453,-4.1948504,0.015072997,N-BEATS(L=90),22,val
2018-08-03,SPY,-4.073732,0.017013777,-3.741037,0.023729486,N-BEATS(L=90),22,val
2018-08-03,TLT,-4.3089213,0.013448047,-4.125846,0.016149828,N-BEATS(L=90),22,val
2018-08-06,GLD,-4.0052495,0.018219743,-3.9506133,0.019242898,N-BEATS(L=90),22,val
2018-08-06,SPY,-4.044051,0.017526327,-3.8329883,0.021644838,N-BEATS(L=90),22,val
2018-08-06,TLT,-4.298701,0.013586199,-4.040062,0.017596383,N-BEATS(L=90),22,val
2018-08-07,GLD,-3.994609,0.018414643,-4.1557646,0.015673803,N-BEATS(L=90),22,val
2018-08-07,SPY,-4.014564,0.018050821,-3.9346523,0.019552495,N-BEATS(L=90),22,val
2018-08-07,TLT,-4.302978,0.013528211,-4.128892,0.01610071,N-BEATS(L=90),22,val
2018-08-08,GLD,-3.9997787,0.018319692,-4.126777,0.016134795,N-BEATS(L=90),22,val
2018-08-08,SPY,-4.013901,0.01806279,-3.811851,0.02210722,N-BEATS(L=90),22,val
2018-08-08,TLT,-4.3130097,0.013393179,-4.1048346,0.016492747,N-BEATS(L=90),22,val
2018-08-09,GLD,-3.9696312,0.018880395,-4.188456,0.015169688,N-BEATS(L=90),22,val
2018-08-09,SPY,-3.9829206,0.018631145,-3.9012141,0.02021735,N-BEATS(L=90),22,val
2018-08-09,TLT,-4.32004,0.013299349,-4.204364,0.014930282,N-BEATS(L=90),22,val
2018-08-10,GLD,-3.9406402,0.019435767,-4.1266284,0.016137196,N-BEATS(L=90),22,val
2018-08-10,SPY,-3.9870772,0.018553864,-3.8240166,0.021839904,N-BEATS(L=90),22,val
2018-08-10,TLT,-4.367081,0.012688221,-4.091239,0.016718507,N-BEATS(L=90),22,val
2018-08-13,GLD,-3.924666,0.019748732,-4.156826,0.015657175,N-BEATS(L=90),22,val
2018-08-13,SPY,-4.0191464,0.017968295,-3.8772333,0.02070804,N-BEATS(L=90),22,val
2018-08-13,TLT,-4.3568506,0.012818695,-4.135558,0.015993737,N-BEATS(L=90),22,val
2018-08-14,GLD,-3.9179435,0.01988194,-4.095241,0.016651731,N-BEATS(L=90),22,val
2018-08-14,SPY,-4.0250225,0.017863022,-3.8957105,0.020328926,N-BEATS(L=90),22,val
2018-08-14,TLT,-4.3352656,0.0130983945,-4.0318904,0.017740762,N-BEATS(L=90),22,val
2018-08-15,GLD,-3.9329696,0.019585425,-4.1505675,0.015755473,N-BEATS(L=90),22,val
2018-08-15,SPY,-4.0644073,0.017173164,-3.85513,0.021170853,N-BEATS(L=90),22,val
2018-08-15,TLT,-4.324302,0.013242788,-4.1592937,0.015618586,N-BEATS(L=90),22,val
2018-08-16,GLD,-3.9444625,0.019361619,-4.113204,0.016355287,N-BEATS(L=90),22,val
2018-08-16,SPY,-4.062865,0.017199675,-3.842974,0.021429775,N-BEATS(L=90),22,val
2018-08-16,TLT,-4.325074,0.013232568,-4.1918087,0.015118915,N-BEATS(L=90),22,val
2018-08-17,GLD,-3.9571013,0.019118452,-4.136951,0.015971474,N-BEATS(L=90),22,val
2018-08-17,SPY,-4.09486,0.016658077,-3.8702877,0.02085237,N-BEATS(L=90),22,val
2018-08-17,TLT,-4.296289,0.013619006,-4.166617,0.015504625,N-BEATS(L=90),22,val
2018-08-20,GLD,-3.9577715,0.019105643,-4.2356005,0.014471118,N-BEATS(L=90),22,val
2018-08-20,SPY,-4.037754,0.01763704,-3.8156,0.022024497,N-BEATS(L=90),22,val
2018-08-20,TLT,-4.2649693,0.014052298,-4.1719146,0.015422704,N-BEATS(L=90),22,val
2018-08-21,GLD,-3.9522357,0.019211702,-4.0966377,0.01662849,N-BEATS(L=90),22,val
2018-08-21,SPY,-4.0530953,0.017368529,-3.9403484,0.01944144,N-BEATS(L=90),22,val
2018-08-21,TLT,-4.26908,0.01399465,-3.974692,0.018785084,N-BEATS(L=90),22,val
2018-08-22,GLD,-3.9480476,0.01929233,-4.1147094,0.016330685,N-BEATS(L=90),22,val
2018-08-22,SPY,-4.0548024,0.017338905,-3.7946572,0.022490613,N-BEATS(L=90),22,val
2018-08-22,TLT,-4.258937,0.014137324,-4.1098037,0.016410995,N-BEATS(L=90),22,val
2018-08-23,GLD,-3.9698474,0.018876312,-4.0849223,0.016824447,N-BEATS(L=90),22,val
2018-08-23,SPY,-4.069075,0.01709319,-4.043371,0.017538248,N-BEATS(L=90),22,val
2018-08-23,TLT,-4.261286,0.014104156,-4.162212,0.015573074,N-BEATS(L=90),22,val
2018-08-24,GLD,-3.966155,0.018946141,-4.0652475,0.017158741,N-BEATS(L=90),22,val
2018-08-24,SPY,-4.0083094,0.018164078,-4.08222,0.016869972,N-BEATS(L=90),22,val
2018-08-24,TLT,-4.23763,0.01444178,-4.1259174,0.016148673,N-BEATS(L=90),22,val
2018-08-27,GLD,-3.9623525,0.01901832,-4.053633,0.01735919,N-BEATS(L=90),22,val
2018-08-27,SPY,-3.9875338,0.018545395,-3.9456432,0.019338774,N-BEATS(L=90),22,val
2018-08-27,TLT,-4.226851,0.014598289,-4.0152326,0.018038759,N-BEATS(L=90),22,val
2018-08-28,GLD,-3.9750953,0.018777512,-4.1370053,0.015970606,N-BEATS(L=90),22,val
2018-08-28,SPY,-3.9839077,0.018612765,-3.9590113,0.01908197,N-BEATS(L=90),22,val
2018-08-28,TLT,-4.2208185,0.014686618,-4.125876,0.016149342,N-BEATS(L=90),22,val
2018-08-29,GLD,-3.9709625,0.018855276,-4.0675964,0.017118484,N-BEATS(L=90),22,val
2018-08-29,SPY,-3.9705563,0.018862937,-3.991077,0.018479802,N-BEATS(L=90),22,val
2018-08-29,TLT,-4.2168436,0.0147451125,-4.0439095,0.017528808,N-BEATS(L=90),22,val
2018-08-30,GLD,-3.9667878,0.018934155,-4.0301003,0.017772546,N-BEATS(L=90),22,val
2018-08-30,SPY,-3.9806583,0.018673344,-3.9536846,0.019183887,N-BEATS(L=90),22,val
2018-08-30,TLT,-4.206882,0.014892732,-4.1059012,0.016475163,N-BEATS(L=90),22,val
2018-08-31,GLD,-3.9604597,0.019054353,-4.037242,0.017646074,N-BEATS(L=90),22,val
2018-08-31,SPY,-3.9756844,0.018766453,-4.033969,0.017703924,N-BEATS(L=90),22,val
2018-08-31,TLT,-4.0305123,0.017765226,-4.1291513,0.016096534,N-BEATS(L=90),22,val
2018-09-04,GLD,-3.930464,0.01963456,-3.9873123,0.018549502,N-BEATS(L=90),22,val
2018-09-04,SPY,-3.910993,0.020020608,-4.088964,0.016756585,N-BEATS(L=90),22,val
2018-09-04,TLT,-4.0098915,0.018135363,-4.1481495,0.015793616,N-BEATS(L=90),22,val
2018-09-05,GLD,-3.921602,0.019809334,-4.159785,0.0156109175,N-BEATS(L=90),22,val
2018-09-05,SPY,-3.8360505,0.021578658,-4.0691843,0.017091325,N-BEATS(L=90),22,val
2018-09-05,TLT,-3.9533975,0.019189395,-4.2227945,0.014657626,N-BEATS(L=90),22,val
2018-09-06,GLD,-3.9439037,0.019372443,-4.1111526,0.016388873,N-BEATS(L=90),22,val
2018-09-06,SPY,-3.8260422,0.021795709,-4.1068015,0.016460339,N-BEATS(L=90),22,val
2018-09-06,TLT,-3.9644392,0.018978678,-4.171577,0.015427912,N-BEATS(L=90),22,val
2018-09-07,GLD,-3.9407575,0.019433487,-4.134275,0.016014272,N-BEATS(L=90),22,val
2018-09-07,SPY,-3.8215969,0.021892814,-4.095495,0.0166475,N-BEATS(L=90),22,val
2018-09-07,TLT,-3.9565444,0.019129103,-4.1221924,0.01620894,N-BEATS(L=90),22,val
2018-09-10,GLD,-3.9303865,0.019636082,-4.0904593,0.016731545,N-BEATS(L=90),22,val
2018-09-10,SPY,-3.6830235,0.025146829,-3.9587781,0.01908642,N-BEATS(L=90),22,val
2018-09-10,TLT,-3.9318526,0.019607315,-4.1929617,0.015101492,N-BEATS(L=90),22,val
2018-09-11,GLD,-3.8750684,0.020752918,-4.02402,0.017880935,N-BEATS(L=90),22,val
2018-09-11,SPY,-3.4712605,0.03107783,-3.9727743,0.018821146,N-BEATS(L=90),22,val
2018-09-11,TLT,-3.8805044,0.020640412,-4.0812216,0.016886825,N-BEATS(L=90),22,val
2018-09-12,GLD,-3.9038124,0.020164888,-4.0973306,0.016616974,N-BEATS(L=90),22,val
2018-09-12,SPY,-3.4083703,0.03309509,-3.9538426,0.019180855,N-BEATS(L=90),22,val
2018-09-12,TLT,-3.8599916,0.021068178,-4.1521206,0.015731022,N-BEATS(L=90),22,val
2018-09-13,GLD,-3.9203088,0.019834967,-4.0258474,0.017848292,N-BEATS(L=90),22,val
2018-09-13,SPY,-3.3915718,0.033655737,-3.896425,0.020314405,N-BEATS(L=90),22,val
2018-09-13,TLT,-3.8621502,0.021022748,-4.1744847,0.015383116,N-BEATS(L=90),22,val
2018-09-14,GLD,-3.933482,0.019575393,-3.9749022,0.018781139,N-BEATS(L=90),22,val
2018-09-14,SPY,-3.3640094,0.03459627,-3.9598584,0.019065814,N-BEATS(L=90),22,val
2018-09-14,TLT,-3.865773,0.020946724,-4.179046,0.015313107,N-BEATS(L=90),22,val
2018-09-17,GLD,-3.9250507,0.019741135,-3.953673,0.01918411,N-BEATS(L=90),22,val
2018-09-17,SPY,-3.33452,0.035631683,-3.8813732,0.020622488,N-BEATS(L=90),22,val
2018-09-17,TLT,-3.8674645,0.020911323,-4.1655617,0.015520995,N-BEATS(L=90),22,val
2018-09-18,GLD,-3.9115663,0.020009138,-3.9737873,0.01880209,N-BEATS(L=90),22,val
2018-09-18,SPY,-3.2938614,0.037110277,-3.900735,0.020227041,N-BEATS(L=90),22,val
2018-09-18,TLT,-3.856752,0.02113654,-4.143597,0.015865678,N-BEATS(L=90),22,val
2018-09-19,GLD,-3.9202366,0.019836402,-4.1043463,0.016500803,N-BEATS(L=90),22,val
2018-09-19,SPY,-3.263115,0.038269006,-4.0075626,0.018177647,N-BEATS(L=90),22,val
2018-09-19,TLT,-3.8719006,0.020818764,-4.168657,0.01547303,N-BEATS(L=90),22,val
2018-09-20,GLD,-3.9277434,0.01968805,-3.8718953,0.020818874,N-BEATS(L=90),22,val
2018-09-20,SPY,-3.2636335,0.03824917,-3.9424605,0.01940042,N-BEATS(L=90),22,val
2018-09-20,TLT,-3.882257,0.02060427,-4.2431617,0.014362112,N-BEATS(L=90),22,val
2018-09-21,GLD,-3.9343207,0.019558981,-4.1053815,0.01648373,N-BEATS(L=90),22,val
2018-09-21,SPY,-3.1928926,0.041052952,-4.0385833,0.01762242,N-BEATS(L=90),22,val
2018-09-21,TLT,-3.8517056,0.021243474,-4.100391,0.016566198,N-BEATS(L=90),22,val
2018-09-24,GLD,-3.9317746,0.019608844,-3.9293754,0.019655945,N-BEATS(L=90),22,val
2018-09-24,SPY,-3.132201,0.04362168,-3.9112406,0.020015655,N-BEATS(L=90),22,val
2018-09-24,TLT,-3.8553932,0.02116528,-4.086289,0.016801469,N-BEATS(L=90),22,val
2018-09-25,GLD,-3.9238176,0.019765493,-4.0252037,0.017859785,N-BEATS(L=90),22,val
2018-09-25,SPY,-3.0892158,0.045537654,-3.9548569,0.01916141,N-BEATS(L=90),22,val
2018-09-25,TLT,-3.8497262,0.021285564,-4.217808,0.014730902,N-BEATS(L=90),22,val
2018-09-26,GLD,-3.9023201,0.020195002,-4.0402765,0.017592607,N-BEATS(L=90),22,val
2018-09-26,SPY,-2.9833107,0.05062495,-3.8928685,0.020386782,N-BEATS(L=90),22,val
2018-09-26,TLT,-3.8622558,0.021020528,-4.141564,0.015897969,N-BEATS(L=90),22,val
2018-09-27,GLD,-3.8962026,0.020318925,-4.1035037,0.016514711,N-BEATS(L=90),22,val
2018-09-27,SPY,-2.8752809,0.056400295,-3.9596746,0.019069318,N-BEATS(L=90),22,val
2018-09-27,TLT,-3.8467906,0.021348143,-4.149751,0.01576834,N-BEATS(L=90),22,val
2018-09-28,GLD,-3.9175582,0.019889602,-4.0247393,0.017868083,N-BEATS(L=90),22,val
2018-09-28,SPY,-2.8632944,0.057080407,-4.0445957,0.017516784,N-BEATS(L=90),22,val
2018-09-28,TLT,-3.8443434,0.021400448,-4.148338,0.015790641,N-BEATS(L=90),22,val
2018-10-01,GLD,-3.9175436,0.019889891,-3.9055295,0.020130293,N-BEATS(L=90),22,val
2018-10-01,SPY,-2.8566067,0.05746342,-3.8297842,0.021714302,N-BEATS(L=90),22,val
2018-10-01,TLT,-3.8336818,0.02162983,-4.216628,0.014748291,N-BEATS(L=90),22,val
2018-10-02,GLD,-3.9081988,0.02007663,-3.9342794,0.019559788,N-BEATS(L=90),22,val
2018-10-02,SPY,-2.8493755,0.057880457,-3.7330363,0.023920096,N-BEATS(L=90),22,val
2018-10-02,TLT,-3.8320801,0.021664504,-4.1079173,0.016441982,N-BEATS(L=90),22,val
2018-10-03,GLD,-3.9148955,0.019942632,-3.8896015,0.020453496,N-BEATS(L=90),22,val
2018-10-03,SPY,-2.8266408,0.05921142,-4.013136,0.01807662,N-BEATS(L=90),22,val
2018-10-03,TLT,-3.922702,0.019787556,-4.1442766,0.0158549,N-BEATS(L=90),22,val
2018-10-04,GLD,-3.9445033,0.019360831,-3.9799194,0.018687144,N-BEATS(L=90),22,val
2018-10-04,SPY,-2.82946,0.059044734,-3.988264,0.018531855,N-BEATS(L=90),22,val
2018-10-04,TLT,-3.938723,0.019473065,-3.9585876,0.019090056,N-BEATS(L=90),22,val
2018-10-05,GLD,-3.9343014,0.01955936,-3.9601426,0.019060396,N-BEATS(L=90),22,val
2018-10-05,SPY,-2.8397803,0.058438502,-3.9549394,0.019159831,N-BEATS(L=90),22,val
2018-10-05,TLT,-3.992759,0.018448744,-4.172511,0.015413507,N-BEATS(L=90),22,val
2018-10-08,GLD,-3.9479868,0.019293504,-3.8322663,0.02166047,N-BEATS(L=90),22,val
2018-10-08,SPY,-2.8393984,0.058460828,-3.891278,0.020419233,N-BEATS(L=90),22,val
2018-10-08,TLT,-3.9649546,0.018968897,-4.102993,0.016523147,N-BEATS(L=90),22,val
2018-10-09,GLD,-3.950763,0.019240016,-3.8819163,0.02061129,N-BEATS(L=90),22,val
2018-10-09,SPY,-2.8396387,0.05844678,-3.784226,0.022726448,N-BEATS(L=90),22,val
2018-10-09,TLT,-3.971063,0.018853383,-4.018284,0.017983802,N-BEATS(L=90),22,val
2018-10-10,GLD,-3.9520915,0.019214474,-3.9856048,0.018581204,N-BEATS(L=90),22,val
2018-10-10,SPY,-2.8554878,0.05752775,-3.7613466,0.023252409,N-BEATS(L=90),22,val
2018-10-10,TLT,-3.9821243,0.018645987,-4.093071,0.016687907,N-BEATS(L=90),22,val
2018-10-11,GLD,-4.050234,0.0174183,-3.6734693,0.025388237,N-BEATS(L=90),22,val
2018-10-11,SPY,-2.8982017,0.055122256,-3.5986748,0.027359957,N-BEATS(L=90),22,val
2018-10-11,TLT,-4.0476274,0.017463759,-3.9592664,0.019077104,N-BEATS(L=90),22,val
2018-10-12,GLD,-4.0523767,0.017381014,-3.7416608,0.023714684,N-BEATS(L=90),22,val
2018-10-12,SPY,-2.9045382,0.054774083,-3.6224682,0.026716651,N-BEATS(L=90),22,val
2018-10-12,TLT,-4.0671506,0.017126119,-3.9920952,0.018460993,N-BEATS(L=90),22,val
2018-10-15,GLD,-3.9804695,0.01867687,-3.704678,0.024608139,N-BEATS(L=90),22,val
2018-10-15,SPY,-2.88286,0.05597445,-3.35877,0.034778014,N-BEATS(L=90),22,val
2018-10-15,TLT,-4.007376,0.018181035,-4.0156264,0.018031655,N-BEATS(L=90),22,val
2018-10-16,GLD,-3.9850097,0.018592265,-3.7707725,0.023034263,N-BEATS(L=90),22,val
2018-10-16,SPY,-2.863504,0.057068445,-3.4756494,0.030941736,N-BEATS(L=90),22,val
2018-10-16,TLT,-3.9863913,0.018566595,-3.9210114,0.019821037,N-BEATS(L=90),22,val
2018-10-17,GLD,-3.9951723,0.018404275,-3.7655358,0.023155201,N-BEATS(L=90),22,val
2018-10-17,SPY,-2.8662798,0.056910247,-3.2638218,0.038241964,N-BEATS(L=90),22,val
2018-10-17,TLT,-3.9710953,0.018852772,-4.0660095,0.017145671,N-BEATS(L=90),22,val
2018-10-18,GLD,-4.013908,0.01806267,-3.9534717,0.019187972,N-BEATS(L=90),22,val
2018-10-18,SPY,-2.8683696,0.056791443,-3.2718074,0.037937794,N-BEATS(L=90),22,val
2018-10-18,TLT,-4.000795,0.018301087,-4.1697493,0.015456135,N-BEATS(L=90),22,val
2018-10-19,GLD,-4.000374,0.018308792,-3.7052815,0.024593294,N-BEATS(L=90),22,val
2018-10-19,SPY,-2.8675041,0.056840617,-3.231122,0.03951314,N-BEATS(L=90),22,val
2018-10-19,TLT,-4.002375,0.01827219,-4.240961,0.0143937515,N-BEATS(L=90),22,val
2018-10-22,GLD,-3.9934053,0.018436823,-3.889382,0.020457987,N-BEATS(L=90),22,val
2018-10-22,SPY,-2.868839,0.056764793,-3.2929876,0.037142716,N-BEATS(L=90),22,val
2018-10-22,TLT,-3.9966547,0.018377012,-4.160666,0.0155971665,N-BEATS(L=90),22,val
2018-10-23,GLD,-4.009997,0.018133452,-4.048355,0.017451055,N-BEATS(L=90),22,val
2018-10-23,SPY,-2.901963,0.054915316,-3.3318715,0.035726182,N-BEATS(L=90),22,val
2018-10-23,TLT,-4.032909,0.017722702,-4.1520553,0.01573205,N-BEATS(L=90),22,val
2018-10-24,GLD,-4.022831,0.017902212,-4.107727,0.016445111,N-BEATS(L=90),22,val
2018-10-24,SPY,-2.9362345,0.05306517,-3.292541,0.037159305,N-BEATS(L=90),22,val
2018-10-24,TLT,-4.0404077,0.0175903,-4.220806,0.014686801,N-BEATS(L=90),22,val
2018-10-25,GLD,-3.9929569,0.018445093,-4.015638,0.01803145,N-BEATS(L=90),22,val
2018-10-25,SPY,-2.9629335,0.051667128,-3.363028,0.03463024,N-BEATS(L=90),22,val
2018-10-25,TLT,-4.040919,0.01758131,-4.2798305,0.013845009,N-BEATS(L=90),22,val
2018-10-26,GLD,-3.9650161,0.01896773,-3.9405725,0.019437084,N-BEATS(L=90),22,val
2018-10-26,SPY,-3.0432253,0.04768086,-3.3183677,0.036211893,N-BEATS(L=90),22,val
2018-10-26,TLT,-4.038738,0.0176197,-4.332073,0.013140277,N-BEATS(L=90),22,val
2018-10-29,GLD,-3.9680462,0.018910345,-4.0418043,0.01756575,N-BEATS(L=90),22,val
2018-10-29,SPY,-3.1883187,0.04124115,-3.2412698,0.039114196,N-BEATS(L=90),22,val
2018-10-29,TLT,-4.047085,0.017473238,-4.312018,0.0134064695,N-BEATS(L=90),22,val
2018-10-30,GLD,-3.956795,0.01912431,-3.9497323,0.019259857,N-BEATS(L=90),22,val
2018-10-30,SPY,-3.2030964,0.04063618,-3.1147294,0.04439052,N-BEATS(L=90),22,val
2018-10-30,TLT,-4.0516486,0.017393675,-4.276578,0.013890114,N-BEATS(L=90),22,val
2018-10-31,GLD,-3.9578469,0.019104203,-3.8775623,0.020701228,N-BEATS(L=90),22,val
2018-10-31,SPY,-3.2081468,0.04043147,-3.4355597,0.032207377,N-BEATS(L=90),22,val
2018-10-31,TLT,-4.063155,0.01719468,-4.1808915,0.0152848745,N-BEATS(L=90),22,val
2018-11-01,GLD,-3.986903,0.018557098,-4.0190263,0.017970454,N-BEATS(L=90),22,val
2018-11-01,SPY,-3.167983,0.0420884,-3.39546,0.03352513,N-BEATS(L=90),22,val
2018-11-01,TLT,-3.90384,0.02016433,-4.195561,0.015062291,N-BEATS(L=90),22,val
2018-11-02,GLD,-3.9765742,0.018749762,-4.003721,0.018247608,N-BEATS(L=90),22,val
2018-11-02,SPY,-3.1285548,0.043781023,-3.3878248,0.03378208,N-BEATS(L=90),22,val
2018-11-02,TLT,-3.8964837,0.020313215,-4.2662616,0.014034151,N-BEATS(L=90),22,val
2018-11-05,GLD,-3.9708054,0.018858239,-3.9300544,0.019642603,N-BEATS(L=90),22,val
2018-11-05,SPY,-3.058945,0.04693719,-3.3320694,0.03571911,N-BEATS(L=90),22,val
2018-11-05,TLT,-3.8709967,0.02083759,-4.2224793,0.014662246,N-BEATS(L=90),22,val
2018-11-06,GLD,-3.9833486,0.018623173,-3.997429,0.01836279,N-BEATS(L=90),22,val
2018-11-06,SPY,-2.995546,0.05000931,-3.531755,0.029253531,N-BEATS(L=90),22,val
2018-11-06,TLT,-3.8482113,0.021317834,-4.158158,0.015636336,N-BEATS(L=90),22,val
2018-11-07,GLD,-3.97751,0.018732226,-3.884703,0.020553933,N-BEATS(L=90),22,val
2018-11-07,SPY,-2.9771533,0.05093763,-3.4813354,0.030766299,N-BEATS(L=90),22,val
2018-11-07,TLT,-3.8527567,0.021221155,-4.1545877,0.015692258,N-BEATS(L=90),22,val
2018-11-08,GLD,-3.9946182,0.018414477,-3.9983342,0.018346176,N-BEATS(L=90),22,val
2018-11-08,SPY,-2.9684439,0.05138321,-3.4506044,0.031726453,N-BEATS(L=90),22,val
2018-11-08,TLT,-3.8521376,0.021234298,-4.1508355,0.01575125,N-BEATS(L=90),22,val
2018-11-09,GLD,-4.0081973,0.018166114,-4.0647984,0.01716645,N-BEATS(L=90),22,val
2018-11-09,SPY,-2.96458,0.051582128,-3.56508,0.028294723,N-BEATS(L=90),22,val
2018-11-09,TLT,-3.8568509,0.021134451,-4.2210846,0.014682711,N-BEATS(L=90),22,val
2018-11-12,GLD,-3.994968,0.018408036,-3.955557,0.019147998,N-BEATS(L=90),22,val
2018-11-12,SPY,-2.963968,0.051613703,-3.7135088,0.024391785,N-BEATS(L=90),22,val
2018-11-12,TLT,-3.851201,0.021254193,-4.116434,0.016302545,N-BEATS(L=90),22,val
2018-11-13,GLD,-3.9954712,0.018398775,-3.9824991,0.018639,N-BEATS(L=90),22,val
2018-11-13,SPY,-2.9308484,0.053351756,-3.6915054,0.024934437,N-BEATS(L=90),22,val
2018-11-13,TLT,-3.850402,0.02127118,-4.042496,0.0175536,N-BEATS(L=90),22,val
2018-11-14,GLD,-4.0903583,0.016733238,-3.8902507,0.02044022,N-BEATS(L=90),22,val
2018-11-14,SPY,-2.93706,0.053021375,-3.680671,0.025206057,N-BEATS(L=90),22,val
2018-11-14,TLT,-3.882953,0.020589935,-4.0908017,0.01672582,N-BEATS(L=90),22,val
2018-11-15,GLD,-3.9904077,0.018492173,-3.9682329,0.018906815,N-BEATS(L=90),22,val
2018-11-15,SPY,-2.8565285,0.05746791,-3.53433,0.029178303,N-BEATS(L=90),22,val
2018-11-15,TLT,-3.8275173,0.021763582,-4.0203,0.01794758,N-BEATS(L=90),22,val
2018-11-16,GLD,-3.9475315,0.019302292,-4.018788,0.01797474,N-BEATS(L=90),22,val
2018-11-16,SPY,-2.8151753,0.05989422,-3.5307603,0.029282644,N-BEATS(L=90),22,val
2018-11-16,TLT,-3.8300564,0.02170839,-3.9736109,0.018805407,N-BEATS(L=90),22,val
2018-11-19,GLD,-3.9469795,0.019312948,-3.8623142,0.0210193,N-BEATS(L=90),22,val
2018-11-19,SPY,-2.757054,0.06347849,-3.5272079,0.029386854,N-BEATS(L=90),22,val
2018-11-19,TLT,-3.8142204,0.022054901,-3.7248123,0.024117628,N-BEATS(L=90),22,val
2018-11-20,GLD,-3.9532053,0.019193083,-3.8932858,0.020378279,N-BEATS(L=90),22,val
2018-11-20,SPY,-2.740798,0.06451884,-3.565481,0.02828338,N-BEATS(L=90),22,val
2018-11-20,TLT,-3.8160028,0.022015626,-3.8978186,0.020286117,N-BEATS(L=90),22,val
2018-11-21,GLD,-3.9050019,0.020140916,-3.969822,0.018876795,N-BEATS(L=90),22,val
2018-11-21,SPY,-2.671545,0.069145314,-3.3189867,0.036189485,N-BEATS(L=90),22,val
2018-11-21,TLT,-3.7828574,0.022757571,-4.01289,0.018081067,N-BEATS(L=90),22,val
2018-11-23,GLD,-3.8847752,0.020552449,-3.916592,0.01990883,N-BEATS(L=90),22,val
2018-11-23,SPY,-2.6201727,0.07279029,-3.3905687,0.03368951,N-BEATS(L=90),22,val
2018-11-23,TLT,-3.7647567,0.02317325,-3.9200373,0.019840356,N-BEATS(L=90),22,val
2018-11-26,GLD,-3.8853872,0.020539874,-3.8331263,0.02164185,N-BEATS(L=90),22,val
2018-11-26,SPY,-2.6060302,0.073827036,-3.4252248,0.032541964,N-BEATS(L=90),22,val
2018-11-26,TLT,-3.759497,0.023295457,-3.8691616,0.020875864,N-BEATS(L=90),22,val
2018-11-27,GLD,-3.9161441,0.019917747,-4.033301,0.017715756,N-BEATS(L=90),22,val
2018-11-27,SPY,-2.603356,0.074024744,-3.562817,0.028358823,N-BEATS(L=90),22,val
2018-11-27,TLT,-3.7468324,0.02359236,-3.8907568,0.020429878,N-BEATS(L=90),22,val
2018-11-28,GLD,-3.9769447,0.018742817,-3.986981,0.01855565,N-BEATS(L=90),22,val
2018-11-28,SPY,-2.605413,0.073872626,-3.497644,0.030268613,N-BEATS(L=90),22,val
2018-11-28,TLT,-3.7427309,0.023689322,-3.917091,0.019898899,N-BEATS(L=90),22,val
2018-11-29,GLD,-3.9895742,0.018507592,-3.9160235,0.01992015,N-BEATS(L=90),22,val
2018-11-29,SPY,-2.6026025,0.074080534,-3.45705,0.031522613,N-BEATS(L=90),22,val
2018-11-29,TLT,-3.7155814,0.024341285,-3.9892418,0.018513745,N-BEATS(L=90),22,val
2018-11-30,GLD,-3.9698155,0.018876916,-3.9276714,0.019689467,N-BEATS(L=90),22,val
2018-11-30,SPY,-2.5932267,0.07477836,-3.5210714,0.029567739,N-BEATS(L=90),22,val
2018-11-30,TLT,-3.6997008,0.024730925,-3.8465507,0.021353263,N-BEATS(L=90),22,val
2018-12-03,GLD,-3.9631577,0.019003015,-4.0866995,0.016794574,N-BEATS(L=90),22,val
2018-12-03,SPY,-2.5865862,0.075276576,-3.594292,0.027480135,N-BEATS(L=90),22,val
2018-12-03,TLT,-3.698212,0.024767773,-4.011916,0.018098682,N-BEATS(L=90),22,val
2018-12-04,GLD,-3.956832,0.019123603,-4.0866666,0.016795125,N-BEATS(L=90),22,val
2018-12-04,SPY,-2.5963674,0.07454388,-3.5174153,0.02967604,N-BEATS(L=90),22,val
2018-12-04,TLT,-3.800263,0.02236489,-3.9284701,0.019673748,N-BEATS(L=90),22,val
2018-12-06,GLD,-3.9733717,0.018809903,-3.9452982,0.019345447,N-BEATS(L=90),22,val
2018-12-06,SPY,-2.6205728,0.07276117,-3.468789,0.031154733,N-BEATS(L=90),22,val
2018-12-06,TLT,-3.8245945,0.021827284,-3.899828,0.020245394,N-BEATS(L=90),22,val
2018-12-07,GLD,-3.976807,0.018745396,-4.0820994,0.016872007,N-BEATS(L=90),22,val
2018-12-07,SPY,-2.646551,0.070895314,-3.325035,0.035971258,N-BEATS(L=90),22,val
2018-12-07,TLT,-3.8301296,0.0217068,-3.9499674,0.019255329,N-BEATS(L=90),22,val
2018-12-10,GLD,-3.9835744,0.01861897,-3.9979916,0.018352462,N-BEATS(L=90),22,val
2018-12-10,SPY,-2.6762085,0.068823606,-3.2428405,0.039052807,N-BEATS(L=90),22,val
2018-12-10,TLT,-3.844467,0.021397805,-3.8858519,0.020530332,N-BEATS(L=90),22,val
2018-12-11,GLD,-3.9916668,0.018468905,-3.988207,0.018532911,N-BEATS(L=90),22,val
2018-12-11,SPY,-2.6883073,0.06799594,-3.260569,0.038366556,N-BEATS(L=90),22,val
2018-12-11,TLT,-3.8499775,0.021280216,-3.8396406,0.021501327,N-BEATS(L=90),22,val
2018-12-12,GLD,-3.9753497,0.018772736,-3.93577,0.019530654,N-BEATS(L=90),22,val
2018-12-12,SPY,-2.6931996,0.067664094,-3.151641,0.042781867,N-BEATS(L=90),22,val
2018-12-12,TLT,-3.850727,0.02126427,-3.8688583,0.020882197,N-BEATS(L=90),22,val
2018-12-13,GLD,-3.9755785,0.01876844,-4.124102,0.016178014,N-BEATS(L=90),22,val
2018-12-13,SPY,-2.6997435,0.06722275,-3.2590055,0.038426593,N-BEATS(L=90),22,val
2018-12-13,TLT,-3.8403182,0.021486763,-3.7821124,0.022774532,N-BEATS(L=90),22,val
2018-12-14,GLD,-3.985745,0.018578598,-4.161301,0.015587264,N-BEATS(L=90),22,val
2018-12-14,SPY,-2.7027676,0.06701977,-3.1825984,0.04147774,N-BEATS(L=90),22,val
2018-12-14,TLT,-3.8365295,0.021568324,-3.9639087,0.018988749,N-BEATS(L=90),22,val
2018-12-17,GLD,-3.9891942,0.018514628,-4.1863637,0.0152014615,N-BEATS(L=90),22,val
2018-12-17,SPY,-2.7240937,0.06560563,-3.280695,0.037602115,N-BEATS(L=90),22,val
2018-12-17,TLT,-3.8287034,0.021737782,-3.8851953,0.020543817,N-BEATS(L=90),22,val
2018-12-18,GLD,-3.9785497,0.018712759,-4.0681376,0.017109223,N-BEATS(L=90),22,val
2018-12-18,SPY,-2.7294834,0.06525299,-3.1960123,0.040925078,N-BEATS(L=90),22,val
2018-12-18,TLT,-3.8321614,0.021662742,-4.0528073,0.017373532,N-BEATS(L=90),22,val
2018-12-19,GLD,-4.06539,0.017156295,-4.1193476,0.016255116,N-BEATS(L=90),22,val
2018-12-19,SPY,-2.800934,0.06075329,-3.3327794,0.03569376,N-BEATS(L=90),22,val
2018-12-19,TLT,-3.8968723,0.020305322,-4.001062,0.018296199,N-BEATS(L=90),22,val
2018-12-20,GLD,-4.1240935,0.016178153,-4.167954,0.015483908,N-BEATS(L=90),22,val
2018-12-20,SPY,-2.8459065,0.058081593,-3.1530077,0.042723432,N-BEATS(L=90),22,val
2018-12-20,TLT,-3.9106805,0.020026868,-4.0239177,0.017882768,N-BEATS(L=90),22,val
2018-12-21,GLD,-4.1281114,0.016113283,-4.160512,0.015599569,N-BEATS(L=90),22,val
2018-12-21,SPY,-2.9238586,0.053725976,-3.0697556,0.046432503,N-BEATS(L=90),22,val
2018-12-21,TLT,-3.9260125,0.019722158,-4.0569005,0.017302565,N-BEATS(L=90),22,val
2018-12-24,GLD,-4.133074,0.016033519,-4.1289487,0.016099796,N-BEATS(L=90),22,val
2018-12-24,SPY,-2.9599109,0.051823538,-3.0037403,0.049601197,N-BEATS(L=90),22,val
2018-12-24,TLT,-3.9243627,0.019754723,-4.018071,0.017987626,N-BEATS(L=90),22,val
2018-12-26,GLD,-4.213773,0.014790462,-4.045956,0.01749297,N-BEATS(L=90),22,val
2018-12-26,SPY,-3.0905333,0.045477696,-3.038148,0.047923565,N-BEATS(L=90),22,val
2018-12-26,TLT,-3.97284,0.018819908,-4.1675596,0.015490016,N-BEATS(L=90),22,val
2018-12-27,GLD,-4.1585135,0.015630774,-3.91778,0.019885192,N-BEATS(L=90),22,val
2018-12-27,SPY,-3.211463,0.040297616,-2.97015,0.051295616,N-BEATS(L=90),22,val
2018-12-27,TLT,-3.9922628,0.018457899,-4.011845,0.018099967,N-BEATS(L=90),22,val
2018-12-28,GLD,-4.1489863,0.015780404,-4.048446,0.017449467,N-BEATS(L=90),22,val
2018-12-28,SPY,-3.255636,0.038556293,-2.874944,0.0564193,N-BEATS(L=90),22,val
2018-12-28,TLT,-3.9888365,0.018521251,-4.035012,0.017685471,N-BEATS(L=90),22,val
2018-12-31,GLD,-4.1357174,0.015991189,-4.0408783,0.017582024,N-BEATS(L=90),22,val
2018-12-31,SPY,-3.266186,0.03815166,-2.9037294,0.054818396,N-BEATS(L=90),22,val
2018-12-31,TLT,-4.004829,0.018227408,-4.0668063,0.017132016,N-BEATS(L=90),22,val
2019-01-02,GLD,-4.1733713,0.015400253,-3.8856506,0.020534463,N-BEATS(L=90),22,val
2019-01-02,SPY,-3.2953677,0.037054416,-3.008233,0.04937885,N-BEATS(L=90),22,val
2019-01-02,TLT,-4.015082,0.018041477,-4.1468296,0.015814476,N-BEATS(L=90),22,val
2019-01-03,GLD,-4.1786585,0.015319045,-4.0558825,0.01732019,N-BEATS(L=90),22,val
2019-01-03,SPY,-3.325815,0.035943214,-2.9104528,0.054451067,N-BEATS(L=90),22,val
2019-01-03,TLT,-4.0775223,0.01694941,-4.127412,0.016124558,N-BEATS(L=90),22,val
2019-01-04,GLD,-4.224454,0.014633323,-4.010267,0.018128559,N-BEATS(L=90),22,val
2019-01-04,SPY,-3.3771267,0.034145426,-3.0201826,0.048792306,N-BEATS(L=90),22,val
2019-01-04,TLT,-4.101577,0.016546564,-4.1185017,0.016268872,N-BEATS(L=90),22,val
2019-01-07,GLD,-4.2326307,0.014514158,-3.9071152,0.020098398,N-BEATS(L=90),22,val
2019-01-07,SPY,-3.4008956,0.033343393,-3.0230634,0.04865195,N-BEATS(L=90),22,val
2019-01-07,TLT,-4.108761,0.016428119,-4.113701,0.016347164,N-BEATS(L=90),22,val
2019-01-08,GLD,-4.250061,0.014263364,-4.037411,0.017643087,N-BEATS(L=90),22,val
2019-01-08,SPY,-3.4226556,0.03262568,-3.134045,0.04354132,N-BEATS(L=90),22,val
2019-01-08,TLT,-4.1149287,0.016327104,-4.1413116,0.01590198,N-BEATS(L=90),22,val
2019-01-09,GLD,-4.2482963,0.014288557,-3.9438171,0.01937412,N-BEATS(L=90),22,val
2019-01-09,SPY,-3.442796,0.031975158,-3.142661,0.04316777,N-BEATS(L=90),22,val
2019-01-09,TLT,-4.128823,0.016101822,-4.1765113,0.015351973,N-BEATS(L=90),22,val
2019-01-10,GLD,-4.255854,0.014180973,-4.087833,0.016775548,N-BEATS(L=90),22,val
2019-01-10,SPY,-3.4647896,0.031279586,-3.03501,0.04807418,N-BEATS(L=90),22,val
2019-01-10,TLT,-4.151332,0.015743434,-4.1178737,0.016279092,N-BEATS(L=90),22,val
2019-01-11,GLD,-4.166302,0.015509505,-4.0901775,0.016736262,N-BEATS(L=90),22,val
2019-01-11,SPY,-3.4685252,0.031162957,-3.093173,0.045357805,N-BEATS(L=90),22,val
2019-01-11,TLT,-4.15915,0.015620828,-4.1243176,0.016174527,N-BEATS(L=90),22,val
2019-01-14,GLD,-4.1481147,0.015794165,-4.05414,0.017350394,N-BEATS(L=90),22,val
2019-01-14,SPY,-3.4563723,0.03154399,-3.0893688,0.045530684,N-BEATS(L=90),22,val
2019-01-14,TLT,-4.1714745,0.015429493,-3.9781237,0.018720733,N-BEATS(L=90),22,val
2019-01-15,GLD,-4.137589,0.015961288,-4.0422835,0.017557334,N-BEATS(L=90),22,val
2019-01-15,SPY,-3.4663928,0.03122948,-3.1245935,0.043954797,N-BEATS(L=90),22,val
2019-01-15,TLT,-4.177603,0.0153352255,-3.9769642,0.018742451,N-BEATS(L=90),22,val
2019-01-16,GLD,-4.125795,0.016150651,-3.9785142,0.018713424,N-BEATS(L=90),22,val
2019-01-16,SPY,-3.463405,0.03132293,-3.1526315,0.04273951,N-BEATS(L=90),22,val
2019-01-16,TLT,-4.1926374,0.01510639,-4.077454,0.016950564,N-BEATS(L=90),22,val
2019-01-17,GLD,-4.103178,0.01652009,-4.035771,0.01767205,N-BEATS(L=90),22,val
2019-01-17,SPY,-3.4889574,0.030532688,-3.136422,0.043437943,N-BEATS(L=90),22,val
2019-01-17,TLT,-4.2061024,0.014904347,-4.04512,0.017507607,N-BEATS(L=90),22,val
2019-01-18,GLD,-4.0915966,0.01671253,-4.1161766,0.016306743,N-BEATS(L=90),22,val
2019-01-18,SPY,-3.5345707,0.029171277,-3.13711,0.043408066,N-BEATS(L=90),22,val
2019-01-18,TLT,-4.230334,0.014547533,-4.102376,0.016533345,N-BEATS(L=90),22,val
2019-01-22,GLD,-4.092374,0.016699545,-4.0409694,0.017580422,N-BEATS(L=90),22,val
2019-01-22,SPY,-3.580564,0.02785998,-3.2181184,0.040030308,N-BEATS(L=90),22,val
2019-01-22,TLT,-4.2429047,0.014365803,-3.9843566,0.018604409,N-BEATS(L=90),22,val
2019-01-23,GLD,-4.0976458,0.016611738,-4.0098066,0.018136902,N-BEATS(L=90),22,val
2019-01-23,SPY,-3.654199,0.025882224,-3.269747,0.038016044,N-BEATS(L=90),22,val
2019-01-23,TLT,-4.271634,0.013958954,-3.9014685,0.020212207,N-BEATS(L=90),22,val
2019-01-24,GLD,-4.093424,0.01668202,-4.060536,0.017239777,N-BEATS(L=90),22,val
2019-01-24,SPY,-3.6689346,0.025503628,-3.2052135,0.040550243,N-BEATS(L=90),22,val
2019-01-24,TLT,-4.2775416,0.013876734,-3.9198844,0.019843388,N-BEATS(L=90),22,val
2019-01-25,GLD,-4.0789356,0.01692547,-4.0454235,0.017502291,N-BEATS(L=90),22,val
2019-01-25,SPY,-3.6999805,0.024724009,-3.2511337,0.038730275,N-BEATS(L=90),22,val
2019-01-25,TLT,-4.2624054,0.014088374,-3.852542,0.021225713,N-BEATS(L=90),22,val
2019-01-28,GLD,-4.0772133,0.016954647,-4.0478187,0.01746042,N-BEATS(L=90),22,val
2019-01-28,SPY,-3.7179222,0.024284374,-3.3727167,0.034296338,N-BEATS(L=90),22,val
2019-01-28,TLT,-4.233779,0.014497502,-4.11636,0.01630375,N-BEATS(L=90),22,val
2019-01-29,GLD,-3.966608,0.01893756,-4.125613,0.016153585,N-BEATS(L=90),22,val
2019-01-29,SPY,-3.7198899,0.024236636,-3.3051677,0.03669306,N-BEATS(L=90),22,val
2019-01-29,TLT,-4.216149,0.01475536,-4.0156775,0.018030735,N-BEATS(L=90),22,val
2019-01-30,GLD,-4.0106616,0.018121403,-4.1355367,0.01599408,N-BEATS(L=90),22,val
2019-01-30,SPY,-3.6842768,0.025115332,-3.2843022,0.03746672,N-BEATS(L=90),22,val
2019-01-30,TLT,-4.213992,0.014787218,-4.0165,0.01801591,N-BEATS(L=90),22,val
2019-01-31,GLD,-4.0012207,0.018293295,-4.0497885,0.01742606,N-BEATS(L=90),22,val
2019-01-31,SPY,-3.7079237,0.0245284,-3.330742,0.03576656,N-BEATS(L=90),22,val
2019-01-31,TLT,-4.229935,0.014553334,-3.8425336,0.021439215,N-BEATS(L=90),22,val
2019-02-01,GLD,-4.0118513,0.018099856,-4.027229,0.017823653,N-BEATS(L=90),22,val
2019-02-01,SPY,-3.719201,0.024253337,-3.3483794,0.03514126,N-BEATS(L=90),22,val
2019-02-01,TLT,-4.231746,0.014527001,-3.9927642,0.018448647,N-BEATS(L=90),22,val
2019-02-04,GLD,-4.010543,0.018123554,-4.0548563,0.017337972,N-BEATS(L=90),22,val
2019-02-04,SPY,-3.7118587,0.024432069,-3.4344044,0.03224461,N-BEATS(L=90),22,val
2019-02-04,TLT,-4.2315526,0.014529814,-3.917157,0.019897584,N-BEATS(L=90),22,val
2019-02-05,GLD,-4.004407,0.0182351,-4.0857215,0.016811006,N-BEATS(L=90),22,val
2019-02-05,SPY,-3.705854,0.02457922,-3.37475,0.03422668,N-BEATS(L=90),22,val
2019-02-05,TLT,-4.2104626,0.014839502,-3.8320632,0.02166487,N-BEATS(L=90),22,val
2019-02-06,GLD,-3.999102,0.018332092,-4.125384,0.016157292,N-BEATS(L=90),22,val
2019-02-06,SPY,-3.697311,0.024790099,-3.3802257,0.034039773,N-BEATS(L=90),22,val
2019-02-06,TLT,-4.2272415,0.014592589,-3.8422236,0.021445861,N-BEATS(L=90),22,val
2019-02-07,GLD,-3.99939,0.018326817,-3.8905475,0.020434154,N-BEATS(L=90),22,val
2019-02-07,SPY,-3.74953,0.0235288,-3.4562984,0.03154632,N-BEATS(L=90),22,val
2019-02-07,TLT,-4.2165527,0.014749402,-3.8392951,0.021508757,N-BEATS(L=90),22,val
2019-02-08,GLD,-3.9974425,0.01836254,-4.0994725,0.01658142,N-BEATS(L=90),22,val
2019-02-08,SPY,-3.7611754,0.02325639,-3.5105655,0.029880011,N-BEATS(L=90),22,val
2019-02-08,TLT,-4.2211676,0.014681493,-3.8288574,0.021734435,N-BEATS(L=90),22,val
2019-02-11,GLD,-4.001512,0.018287966,-4.0940156,0.016672151,N-BEATS(L=90),22,val
2019-02-11,SPY,-3.7651947,0.023163103,-3.5702322,0.028149318,N-BEATS(L=90),22,val
2019-02-11,TLT,-4.213393,0.014796077,-3.8669093,0.020922936,N-BEATS(L=90),22,val
2019-02-12,GLD,-3.998223,0.018348213,-3.9468935,0.019314611,N-BEATS(L=90),22,val
2019-02-12,SPY,-3.7630985,0.023211708,-3.5502782,0.02871665,N-BEATS(L=90),22,val
2019-02-12,TLT,-4.21288,0.01480367,-3.871298,0.020831311,N-BEATS(L=90),22,val
2019-02-13,GLD,-4.0574684,0.017292742,-4.0053563,0.018217796,N-BEATS(L=90),22,val
2019-02-13,SPY,-3.7665482,0.023131773,-3.6195362,0.026795102,N-BEATS(L=90),22,val
2019-02-13,TLT,-4.2220044,0.014669212,-3.9598885,0.01906524,N-BEATS(L=90),22,val
2019-02-14,GLD,-4.073967,0.017009778,-4.0874305,0.0167823,N-BEATS(L=90),22,val
2019-02-14,SPY,-3.7672274,0.023116065,-3.7133899,0.024394687,N-BEATS(L=90),22,val
2019-02-14,TLT,-4.2089853,0.01486144,-3.7471585,0.023584666,N-BEATS(L=90),22,val
2019-02-15,GLD,-3.958334,0.019094901,-3.981061,0.018665824,N-BEATS(L=90),22,val
2019-02-15,SPY,-3.7171755,0.024302514,-3.5300307,0.029304015,N-BEATS(L=90),22,val
2019-02-15,TLT,-4.174198,0.015387525,-3.8745987,0.020762667,N-BEATS(L=90),22,val
2019-02-19,GLD,-3.9192865,0.019855257,-3.9768085,0.018745368,N-BEATS(L=90),22,val
2019-02-19,SPY,-3.6913476,0.024938373,-3.514103,0.0297745,N-BEATS(L=90),22,val
2019-02-19,TLT,-4.1895504,0.015153096,-3.9057252,0.020126352,N-BEATS(L=90),22,val
2019-02-20,GLD,-3.933348,0.019578017,-4.052488,0.017379085,N-BEATS(L=90),22,val
2019-02-20,SPY,-3.6590648,0.02575659,-3.494773,0.030355642,N-BEATS(L=90),22,val
2019-02-20,TLT,-4.1295543,0.016090048,-3.9262238,0.019717991,N-BEATS(L=90),22,val
2019-02-21,GLD,-3.9388683,0.019470237,-4.091042,0.0167218,N-BEATS(L=90),22,val
2019-02-21,SPY,-3.6426659,0.026182452,-3.6153502,0.0269075,N-BEATS(L=90),22,val
2019-02-21,TLT,-4.0289526,0.017792957,-3.9039586,0.020161942,N-BEATS(L=90),22,val
2019-02-22,GLD,-3.944771,0.019355647,-3.9991677,0.018330889,N-BEATS(L=90),22,val
2019-02-22,SPY,-3.6255178,0.0266353,-3.587235,0.027674746,N-BEATS(L=90),22,val
2019-02-22,TLT,-4.023699,0.017886683,-3.8516145,0.021245409,N-BEATS(L=90),22,val
2019-02-25,GLD,-3.9455087,0.019341374,-3.956715,0.019125838,N-BEATS(L=90),22,val
2019-02-25,SPY,-3.57981,0.027880998,-3.5895627,0.027610403,N-BEATS(L=90),22,val
2019-02-25,TLT,-3.9983196,0.018346442,-3.9680765,0.018909771,N-BEATS(L=90),22,val
2019-02-26,GLD,-3.9433274,0.01938361,-3.9957871,0.018392963,N-BEATS(L=90),22,val
2019-02-26,SPY,-3.569507,0.028169742,-3.6974862,0.024785755,N-BEATS(L=90),22,val
2019-02-26,TLT,-3.9906988,0.01848679,-3.8844259,0.02055963,N-BEATS(L=90),22,val
2019-02-27,GLD,-3.9545956,0.01916642,-3.9465022,0.019322168,N-BEATS(L=90),22,val
2019-02-27,SPY,-3.574741,0.028022686,-3.6252155,0.026643354,N-BEATS(L=90),22,val
2019-02-27,TLT,-3.9973993,0.018363334,-3.9872468,0.018550718,N-BEATS(L=90),22,val
2019-02-28,GLD,-3.944225,0.019366218,-3.8883991,0.020478103,N-BEATS(L=90),22,val
2019-02-28,SPY,-3.5714722,0.028114434,-3.5471375,0.028806983,N-BEATS(L=90),22,val
2019-02-28,TLT,-3.994309,0.018420171,-3.9875224,0.018545607,N-BEATS(L=90),22,val
2019-03-01,GLD,-4.05904,0.017265584,-3.9872198,0.01855122,N-BEATS(L=90),22,val
2019-03-01,SPY,-3.5837357,0.027771758,-3.5683148,0.028203342,N-BEATS(L=90),22,val
2019-03-01,TLT,-4.006684,0.018193629,-3.9043925,0.020153195,N-BEATS(L=90),22,val
2019-03-04,GLD,-4.078991,0.016924536,-3.9366713,0.019513061,N-BEATS(L=90),22,val
2019-03-04,SPY,-3.6664417,0.025567286,-3.6794689,0.025236376,N-BEATS(L=90),22,val
2019-03-04,TLT,-4.0177784,0.017992893,-3.9637818,0.018991157,N-BEATS(L=90),22,val
2019-03-05,GLD,-4.0532255,0.01736627,-3.8564875,0.02114213,N-BEATS(L=90),22,val
2019-03-05,SPY,-3.6651618,0.025600027,-3.759259,0.023301,N-BEATS(L=90),22,val
2019-03-05,TLT,-4.016752,0.018011374,-3.9536767,0.019184038,N-BEATS(L=90),22,val
2019-03-06,GLD,-4.048069,0.01745605,-4.0393395,0.017609099,N-BEATS(L=90),22,val
2019-03-06,SPY,-3.672897,0.02540277,-3.7597792,0.023288881,N-BEATS(L=90),22,val
2019-03-06,TLT,-4.02164,0.017923549,-4.0319376,0.017739924,N-BEATS(L=90),22,val
2019-03-07,GLD,-4.0491767,0.017436724,-4.0984383,0.016598579,N-BEATS(L=90),22,val
2019-03-07,SPY,-3.6944923,0.024860071,-3.6658463,0.025582511,N-BEATS(L=90),22,val
2019-03-07,TLT,-4.02979,0.017778065,-3.9380567,0.019486045,N-BEATS(L=90),22,val
2019-03-08,GLD,-4.058174,0.017280541,-3.97907,0.018703027,N-BEATS(L=90),22,val
2019-03-08,SPY,-3.7031217,0.024646468,-3.6147845,0.026922727,N-BEATS(L=90),22,val
2019-03-08,TLT,-4.0451574,0.017506948,-4.019307,0.017965408,N-BEATS(L=90),22,val
2019-03-11,GLD,-4.0619564,0.017215306,-4.007952,0.018170567,N-BEATS(L=90),22,val
2019-03-11,SPY,-3.7183166,0.024274798,-3.616938,0.026864808,N-BEATS(L=90),22,val
2019-03-11,TLT,-4.0450544,0.01750875,-4.006676,0.018193766,N-BEATS(L=90),22,val
2019-03-12,GLD,-4.039508,0.017606135,-4.111086,0.016389968,N-BEATS(L=90),22,val
2019-03-12,SPY,-3.7190304,0.024257477,-3.6562922,0.0258281,N-BEATS(L=90),22,val
2019-03-12,TLT,-4.0585413,0.017274199,-3.9972358,0.018366337,N-BEATS(L=90),22,val
2019-03-13,GLD,-4.0336585,0.017709421,-4.014717,0.01804806,N-BEATS(L=90),22,val
2019-03-13,SPY,-3.7145152,0.02436725,-3.691886,0.02492495,N-BEATS(L=90),22,val
2019-03-13,TLT,-4.05563,0.01732456,-3.9934921,0.018435223,N-BEATS(L=90),22,val
2019-03-14,GLD,-4.0220537,0.017916132,-3.9559128,0.019141188,N-BEATS(L=90),22,val
2019-03-14,SPY,-3.713811,0.024384419,-3.6195126,0.026795736,N-BEATS(L=90),22,val
2019-03-14,TLT,-4.069478,0.017086305,-3.907764,0.020085363,N-BEATS(L=90),22,val
2019-03-15,GLD,-4.024368,0.017874721,-4.0741396,0.01700684,N-BEATS(L=90),22,val
2019-03-15,SPY,-3.7212315,0.024204142,-3.5952117,0.02745487,N-BEATS(L=90),22,val
2019-03-15,TLT,-4.077281,0.0169535,-4.1587934,0.0156264,N-BEATS(L=90),22,val
2019-03-18,GLD,-4.031303,0.017751187,-4.102032,0.016539032,N-BEATS(L=90),22,val
2019-03-18,SPY,-3.7133934,0.024394602,-3.656463,0.025823692,N-BEATS(L=90),22,val
2019-03-18,TLT,-4.0724134,0.017036224,-4.0410657,0.017578728,N-BEATS(L=90),22,val
2019-03-19,GLD,-4.0295706,0.017781964,-4.0473804,0.017468072,N-BEATS(L=90),22,val
2019-03-19,SPY,-3.7410462,0.023729265,-3.581298,0.027839536,N-BEATS(L=90),22,val
2019-03-19,TLT,-4.093979,0.016672762,-4.0417776,0.017566219,N-BEATS(L=90),22,val
2019-03-20,GLD,-4.2065024,0.014898385,-4.173424,0.015399446,N-BEATS(L=90),22,val
2019-03-20,SPY,-3.7936237,0.02251387,-3.5621548,0.028377611,N-BEATS(L=90),22,val
2019-03-20,TLT,-4.123832,0.016182382,-4.0772386,0.016954219,N-BEATS(L=90),22,val
2019-03-21,GLD,-4.281646,0.0138198985,-3.972952,0.018817803,N-BEATS(L=90),22,val
2019-03-21,SPY,-3.8233793,0.021853825,-3.667847,0.025531381,N-BEATS(L=90),22,val
2019-03-21,TLT,-4.1255403,0.016154764,-3.9766135,0.018749025,N-BEATS(L=90),22,val
2019-03-22,GLD,-4.2720666,0.013952918,-3.964569,0.018976212,N-BEATS(L=90),22,val
2019-03-22,SPY,-3.8812428,0.020625178,-3.5642421,0.028318439,N-BEATS(L=90),22,val
2019-03-22,TLT,-4.1964674,0.015048644,-4.089728,0.016743788,N-BEATS(L=90),22,val
2019-03-25,GLD,-4.2664156,0.0140319895,-3.92019,0.019837324,N-BEATS(L=90),22,val
2019-03-25,SPY,-3.9016182,0.020209182,-3.5815315,0.027833039,N-BEATS(L=90),22,val
2019-03-25,TLT,-4.33565,0.013093361,-4.1173863,0.016287027,N-BEATS(L=90),22,val
2019-03-26,GLD,-4.2636557,0.014070771,-4.0424747,0.017553978,N-BEATS(L=90),22,val
2019-03-26,SPY,-3.9287179,0.019668875,-3.5682907,0.028204022,N-BEATS(L=90),22,val
2019-03-26,TLT,-4.361343,0.012761239,-3.9757087,0.018765997,N-BEATS(L=90),22,val
2019-03-27,GLD,-4.2833786,0.013795972,-3.9942636,0.018421005,N-BEATS(L=90),22,val
2019-03-27,SPY,-4.040504,0.017588606,-3.5380383,0.0290703,N-BEATS(L=90),22,val
2019-03-27,TLT,-4.40768,0.012183411,-4.0310326,0.017755987,N-BEATS(L=90),22,val
2019-03-28,GLD,-4.294292,0.01364623,-3.9429665,0.019390607,N-BEATS(L=90),22,val
2019-03-28,SPY,-4.033634,0.017709851,-3.7602122,0.0232788,N-BEATS(L=90),22,val
2019-03-28,TLT,-4.41804,0.012057845,-4.039433,0.017607452,N-BEATS(L=90),22,val
2019-03-29,GLD,-4.184591,0.015228436,-3.9342942,0.019559499,N-BEATS(L=90),22,val
2019-03-29,SPY,-4.031286,0.01775149,-3.659947,0.025733879,N-BEATS(L=90),22,val
2019-03-29,TLT,-4.369767,0.012654186,-3.99868,0.01833983,N-BEATS(L=90),22,val
2019-04-01,GLD,-4.18968,0.015151131,-4.04333,0.017538967,N-BEATS(L=90),22,val
2019-04-01,SPY,-3.9637673,0.018991433,-3.6530013,0.025913239,N-BEATS(L=90),22,val
2019-04-01,TLT,-4.3920794,0.01237497,-4.0351195,0.017683566,N-BEATS(L=90),22,val
2019-04-02,GLD,-4.167911,0.015484572,-3.9215066,0.019811224,N-BEATS(L=90),22,val
2019-04-02,SPY,-3.9119508,0.020001443,-3.5932047,0.027510026,N-BEATS(L=90),22,val
2019-04-02,TLT,-4.3884287,0.01242023,-4.0872397,0.016785502,N-BEATS(L=90),22,val
2019-04-03,GLD,-4.153684,0.015706444,-3.918743,0.019866053,N-BEATS(L=90),22,val
2019-04-03,SPY,-3.8690264,0.020878686,-3.4554348,0.031573575,N-BEATS(L=90),22,val
2019-04-03,TLT,-4.4009476,0.012265712,-3.9285417,0.01967234,N-BEATS(L=90),22,val
2019-04-04,GLD,-4.19783,0.01502815,-3.9546497,0.019165382,N-BEATS(L=90),22,val
2019-04-04,SPY,-3.7514496,0.023483679,-3.6955602,0.024833538,N-BEATS(L=90),22,val
2019-04-04,TLT,-4.3721876,0.012623595,-4.0476427,0.017463492,N-BEATS(L=90),22,val
2019-04-05,GLD,-4.1921287,0.015114078,-3.8232155,0.021857405,N-BEATS(L=90),22,val
2019-04-05,SPY,-3.7206495,0.024218233,-3.6666348,0.025562348,N-BEATS(L=90),22,val
2019-04-05,TLT,-4.3376117,0.013067701,-3.9994545,0.018325632,N-BEATS(L=90),22,val
2019-04-08,GLD,-4.169049,0.015466966,-3.975996,0.018760607,N-BEATS(L=90),22,val
2019-04-08,SPY,-3.6582024,0.025778811,-3.6434624,0.026161604,N-BEATS(L=90),22,val
2019-04-08,TLT,-4.266788,0.014026765,-4.0089626,0.018152216,N-BEATS(L=90),22,val
2019-04-09,GLD,-4.1624365,0.015569577,-3.7805455,0.022810245,N-BEATS(L=90),22,val
2019-04-09,SPY,-3.5092406,0.029919626,-3.617152,0.026859064,N-BEATS(L=90),22,val
2019-04-09,TLT,-4.23227,0.014519397,-4.0531454,0.017367661,N-BEATS(L=90),22,val
2019-04-10,GLD,-4.161689,0.015581222,-3.9086459,0.020067656,N-BEATS(L=90),22,val
2019-04-10,SPY,-3.4756434,0.03094192,-3.6000125,0.02732338,N-BEATS(L=90),22,val
2019-04-10,TLT,-4.2175813,0.014734239,-4.073165,0.017023426,N-BEATS(L=90),22,val
2019-04-11,GLD,-4.188327,0.015171648,-4.1125813,0.016365476,N-BEATS(L=90),22,val
2019-04-11,SPY,-3.4510145,0.031713445,-3.5347292,0.029166654,N-BEATS(L=90),22,val
2019-04-11,TLT,-4.2236724,0.014644764,-4.0756226,0.016981639,N-BEATS(L=90),22,val
2019-04-12,GLD,-4.190164,0.0151438,-3.928387,0.019675385,N-BEATS(L=90),22,val
2019-04-12,SPY,-3.434418,0.032244172,-3.5889204,0.027628142,N-BEATS(L=90),22,val
2019-04-12,TLT,-4.2171187,0.014741057,-4.0407376,0.017584497,N-BEATS(L=90),22,val
2019-04-15,GLD,-4.177777,0.015332557,-3.9422991,0.019403553,N-BEATS(L=90),22,val
2019-04-15,SPY,-3.4125485,0.0329571,-3.5475473,0.028795177,N-BEATS(L=90),22,val
2019-04-15,TLT,-4.214335,0.014782149,-4.117677,0.01628229,N-BEATS(L=90),22,val
2019-04-16,GLD,-4.160542,0.015599101,-3.9726455,0.01882357,N-BEATS(L=90),22,val
2019-04-16,SPY,-3.385408,0.033863824,-3.6857445,0.025078496,N-BEATS(L=90),22,val
2019-04-16,TLT,-4.205298,0.014916341,-4.2082443,0.014872457,N-BEATS(L=90),22,val
2019-04-17,GLD,-4.159272,0.015618921,-4.161513,0.015583964,N-BEATS(L=90),22,val
2019-04-17,SPY,-3.371722,0.03433047,-3.478851,0.030842826,N-BEATS(L=90),22,val
2019-04-17,TLT,-4.1910267,0.015130742,-4.12087,0.016230386,N-BEATS(L=90),22,val
2019-04-18,GLD,-4.1534796,0.01570966,-4.100452,0.016565187,N-BEATS(L=90),22,val
2019-04-18,SPY,-3.3746881,0.03422879,-3.3771687,0.03414399,N-BEATS(L=90),22,val
2019-04-18,TLT,-4.1860313,0.015206515,-4.1193132,0.016255675,N-BEATS(L=90),22,val
2019-04-22,GLD,-4.1506805,0.015753692,-4.0171866,0.018003544,N-BEATS(L=90),22,val
2019-04-22,SPY,-3.3705645,0.034370232,-3.490747,0.030478097,N-BEATS(L=90),22,val
2019-04-22,TLT,-4.179298,0.015309252,-4.1948166,0.015073507,N-BEATS(L=90),22,val
2019-04-23,GLD,-4.1374145,0.015964074,-4.1286287,0.016104948,N-BEATS(L=90),22,val
2019-04-23,SPY,-3.3632808,0.03462149,-3.6250658,0.026647344,N-BEATS(L=90),22,val
2019-04-23,TLT,-4.124059,0.016178709,-4.1270003,0.016131194,N-BEATS(L=90),22,val
2019-04-24,GLD,-4.1497498,0.015768362,-4.1012144,0.016552562,N-BEATS(L=90),22,val
2019-04-24,SPY,-3.3559072,0.034877714,-3.5398943,0.029016392,N-BEATS(L=90),22,val
2019-04-24,TLT,-4.12276,0.016199745,-4.1874804,0.015184495,N-BEATS(L=90),22,val
2019-04-25,GLD,-4.163618,0.015551191,-4.0869374,0.016790578,N-BEATS(L=90),22,val
2019-04-25,SPY,-3.3418262,0.035372302,-3.62327,0.026695238,N-BEATS(L=90),22,val
2019-04-25,TLT,-4.1097627,0.01641167,-4.206504,0.014898364,N-BEATS(L=90),22,val
2019-04-26,GLD,-4.1619363,0.015577367,-3.9192457,0.019856066,N-BEATS(L=90),22,val
2019-04-26,SPY,-3.3333056,0.03567498,-3.4161386,0.032838993,N-BEATS(L=90),22,val
2019-04-26,TLT,-4.0872154,0.01678591,-4.139247,0.015934847,N-BEATS(L=90),22,val
2019-04-29,GLD,-4.139673,0.015928056,-4.12663,0.016137172,N-BEATS(L=90),22,val
2019-04-29,SPY,-3.323098,0.036041006,-3.5266447,0.029403407,N-BEATS(L=90),22,val
2019-04-29,TLT,-4.0382376,0.017628513,-4.2001266,0.014993678,N-BEATS(L=90),22,val
2019-04-30,GLD,-4.1076994,0.016445566,-4.096443,0.016631726,N-BEATS(L=90),22,val
2019-04-30,SPY,-3.3285344,0.035845604,-3.6548185,0.02586619,N-BEATS(L=90),22,val
2019-04-30,TLT,-4.02875,0.017796563,-4.1788673,0.015315846,N-BEATS(L=90),22,val
2019-05-01,GLD,-4.1320324,0.016050225,-4.0704,0.017070554,N-BEATS(L=90),22,val
2019-05-01,SPY,-3.3068879,0.036629993,-3.6539621,0.025888352,N-BEATS(L=90),22,val
2019-05-01,TLT,-4.0258703,0.017847884,-4.104638,0.016495988,N-BEATS(L=90),22,val
2019-05-02,GLD,-4.113821,0.0163452,-4.082318,0.016868323,N-BEATS(L=90),22,val
2019-05-02,SPY,-3.3106878,0.036491066,-3.7113109,0.024445457,N-BEATS(L=90),22,val
2019-05-02,TLT,-3.9927535,0.018448845,-4.2194204,0.014707166,N-BEATS(L=90),22,val
2019-05-03,GLD,-4.084887,0.01682504,-4.099008,0.016589122,N-BEATS(L=90),22,val
2019-05-03,SPY,-3.3123088,0.036431964,-3.7458768,0.023614915,N-BEATS(L=90),22,val
2019-05-03,TLT,-3.9793746,0.018697329,-4.0300026,0.017774284,N-BEATS(L=90),22,val
2019-05-06,GLD,-4.0800385,0.016906815,-4.0841475,0.016837489,N-BEATS(L=90),22,val
2019-05-06,SPY,-3.3170457,0.036259796,-3.73948,0.023766458,N-BEATS(L=90),22,val
2019-05-06,TLT,-3.9252865,0.019736482,-4.1359515,0.015987445,N-BEATS(L=90),22,val
2019-05-07,GLD,-4.04945,0.017431961,-4.1099668,0.01640832,N-BEATS(L=90),22,val
2019-05-07,SPY,-3.34961,0.035098035,-3.8201945,0.021923536,N-BEATS(L=90),22,val
2019-05-07,TLT,-3.9282634,0.019677814,-4.185009,0.015222069,N-BEATS(L=90),22,val
2019-05-08,GLD,-4.055142,0.01733302,-4.172767,0.01540956,N-BEATS(L=90),22,val
2019-05-08,SPY,-3.356794,0.034846794,-3.8168743,0.021996448,N-BEATS(L=90),22,val
2019-05-08,TLT,-3.948034,0.019292593,-4.2150884,0.014771016,N-BEATS(L=90),22,val
2019-05-09,GLD,-4.0736523,0.017015131,-4.062683,0.0172028,N-BEATS(L=90),22,val
2019-05-09,SPY,-3.377146,0.034144767,-3.974051,0.018797131,N-BEATS(L=90),22,val
2019-05-09,TLT,-3.9834762,0.018620798,-4.104222,0.016502855,N-BEATS(L=90),22,val
2019-05-10,GLD,-4.0644445,0.017172525,-4.0917478,0.016710004,N-BEATS(L=90),22,val
2019-05-10,SPY,-3.486601,0.030604718,-3.817089,0.021991724,N-BEATS(L=90),22,val
2019-05-10,TLT,-4.0118637,0.018099632,-4.129015,0.016098728,N-BEATS(L=90),22,val
2019-05-13,GLD,-4.058172,0.017280575,-3.9683151,0.01890526,N-BEATS(L=90),22,val
2019-05-13,SPY,-3.5180495,0.029657226,-3.815946,0.022016874,N-BEATS(L=90),22,val
2019-05-13,TLT,-4.0246625,0.017869454,-4.1157146,0.01631428,N-BEATS(L=90),22,val
2019-05-14,GLD,-3.9969919,0.018370818,-3.977596,0.018730612,N-BEATS(L=90),22,val
2019-05-14,SPY,-3.5426922,0.028935323,-3.5540347,0.028608978,N-BEATS(L=90),22,val
2019-05-14,TLT,-4.0210066,0.017934904,-4.1640234,0.015544889,N-BEATS(L=90),22,val
2019-05-15,GLD,-3.9930942,0.01844256,-3.8652244,0.02095822,N-BEATS(L=90),22,val
2019-05-15,SPY,-3.577723,0.027939243,-3.6770303,0.02529799,N-BEATS(L=90),22,val
2019-05-15,TLT,-4.0182776,0.017983913,-4.071929,0.017044479,N-BEATS(L=90),22,val
2019-05-16,GLD,-3.9466512,0.01931929,-4.064361,0.017173959,N-BEATS(L=90),22,val
2019-05-16,SPY,-3.591636,0.027553217,-3.5234387,0.029497826,N-BEATS(L=90),22,val
2019-05-16,TLT,-3.9916813,0.018468635,-4.128981,0.016099274,N-BEATS(L=90),22,val
2019-05-17,GLD,-3.9374266,0.019498328,-4.077829,0.016944213,N-BEATS(L=90),22,val
2019-05-17,SPY,-3.6219602,0.02673023,-3.467072,0.031208275,N-BEATS(L=90),22,val
2019-05-17,TLT,-3.9669285,0.018931493,-4.101152,0.016553596,N-BEATS(L=90),22,val
2019-05-20,GLD,-3.8931305,0.020381441,-3.9813142,0.018661099,N-BEATS(L=90),22,val
2019-05-20,SPY,-3.6161747,0.026885325,-3.2744164,0.037838943,N-BEATS(L=90),22,val
2019-05-20,TLT,-3.9520516,0.01921524,-4.115947,0.01631049,N-BEATS(L=90),22,val
2019-05-21,GLD,-3.8624356,0.021016749,-3.9807947,0.018670795,N-BEATS(L=90),22,val
2019-05-21,SPY,-3.6104493,0.027039696,-3.4349637,0.03222658,N-BEATS(L=90),22,val
2019-05-21,TLT,-3.9431584,0.019386888,-4.047145,0.017472189,N-BEATS(L=90),22,val
2019-05-22,GLD,-3.832511,0.021655172,-4.1063423,0.0164679,N-BEATS(L=90),22,val
2019-05-22,SPY,-3.6171563,0.026858948,-3.4567611,0.031531725,N-BEATS(L=90),22,val
2019-05-22,TLT,-3.9454312,0.019342873,-4.1470222,0.015811428,N-BEATS(L=90),22,val
2019-05-23,GLD,-3.7141657,0.02437577,-4.132765,0.016038474,N-BEATS(L=90),22,val
2019-05-23,SPY,-3.6326435,0.026446182,-3.3625474,0.034646887,N-BEATS(L=90),22,val
2019-05-23,TLT,-3.9824214,0.01864045,-4.1601686,0.015604926,N-BEATS(L=90),22,val
2019-05-24,GLD,-3.6883507,0.025013223,-4.1827745,0.01525612,N-BEATS(L=90),22,val
2019-05-24,SPY,-3.6385164,0.02629132,-3.3976948,0.03345029,N-BEATS(L=90),22,val
2019-05-24,TLT,-3.9758956,0.01876249,-4.146775,0.015815342,N-BEATS(L=90),22,val
2019-05-28,GLD,-3.6845708,0.025107948,-3.9372022,0.019502703,N-BEATS(L=90),22,val
2019-05-28,SPY,-3.6772418,0.02529264,-3.5825791,0.027803896,N-BEATS(L=90),22,val
2019-05-28,TLT,-3.9601665,0.019059941,-4.040238,0.017593287,N-BEATS(L=90),22,val
2019-05-29,GLD,-3.6788797,0.025251247,-4.099936,0.016573736,N-BEATS(L=90),22,val
2019-05-29,SPY,-3.7015405,0.02468547,-3.2656548,0.038171932,N-BEATS(L=90),22,val
2019-05-29,TLT,-3.968923,0.018893769,-4.140588,0.015913494,N-BEATS(L=90),22,val
2019-05-30,GLD,-3.6713016,0.02544333,-4.0296817,0.01777999,N-BEATS(L=90),22,val
2019-05-30,SPY,-3.700009,0.0247233,-3.266703,0.038131945,N-BEATS(L=90),22,val
2019-05-30,TLT,-3.9689336,0.018893572,-4.1837454,0.015241316,N-BEATS(L=90),22,val
2019-05-31,GLD,-3.634147,0.026406452,-4.1042886,0.016501755,N-BEATS(L=90),22,val
2019-05-31,SPY,-3.7024612,0.02466275,-3.2909536,0.03721834,N-BEATS(L=90),22,val
2019-05-31,TLT,-3.9703412,0.018866995,-4.096019,0.016638786,N-BEATS(L=90),22,val
2019-06-03,GLD,-3.6484761,0.026030766,-4.0215955,0.017924344,N-BEATS(L=90),22,val
2019-06-03,SPY,-3.7632418,0.023208382,-3.4254084,0.032535993,N-BEATS(L=90),22,val
2019-06-03,TLT,-3.995546,0.018397396,-4.2470503,0.014306371,N-BEATS(L=90),22,val
2019-06-04,GLD,-3.6223168,0.026720697,-4.079007,0.01692426,N-BEATS(L=90),22,val
2019-06-04,SPY,-3.7761948,0.0229097,-3.3536339,0.034957092,N-BEATS(L=90),22,val
2019-06-04,TLT,-4.0195827,0.017960457,-4.239615,0.014413141,N-BEATS(L=90),22,val
2019-06-05,GLD,-3.6317444,0.02646997,-4.0585093,0.01727475,N-BEATS(L=90),22,val
2019-06-05,SPY,-3.7952435,0.022477431,-3.3847387,0.033886496,N-BEATS(L=90),22,val
2019-06-05,TLT,-4.0376477,0.017638916,-4.1719375,0.015422351,N-BEATS(L=90),22,val
2019-06-06,GLD,-3.6246617,0.026658114,-3.9618664,0.019027568,N-BEATS(L=90),22,val
2019-06-06,SPY,-3.8283997,0.021744385,-3.3586223,0.034783147,N-BEATS(L=90),22,val
2019-06-06,TLT,-4.0987515,0.016593378,-4.1925616,0.015107536,N-BEATS(L=90),22,val
2019-06-07,GLD,-3.609377,0.027068708,-3.9645538,0.018976502,N-BEATS(L=90),22,val
2019-06-07,SPY,-3.855722,0.021158323,-3.2022653,0.04066997,N-BEATS(L=90),22,val
2019-06-07,TLT,-4.0853744,0.016816843,-4.1242085,0.016176295,N-BEATS(L=90),22,val
2019-06-10,GLD,-3.5933945,0.027504805,-3.8922057,0.020400299,N-BEATS(L=90),22,val
2019-06-10,SPY,-3.86843,0.020891145,-3.3718758,0.03432519,N-BEATS(L=90),22,val
2019-06-10,TLT,-4.0168347,0.01800988,-4.0597496,0.01725334,N-BEATS(L=90),22,val
2019-06-11,GLD,-3.5791612,0.02789909,-3.9476552,0.019299904,N-BEATS(L=90),22,val
2019-06-11,SPY,-3.9116511,0.020007439,-3.240217,0.039155398,N-BEATS(L=90),22,val
2019-06-11,TLT,-4.0011,0.018295502,-4.128641,0.016104748,N-BEATS(L=90),22,val
2019-06-12,GLD,-3.5789535,0.027904885,-4.1122828,0.016370362,N-BEATS(L=90),22,val
2019-06-12,SPY,-3.9216073,0.019809231,-3.1897771,0.041181047,N-BEATS(L=90),22,val
2019-06-12,TLT,-4.000534,0.01830586,-4.090236,0.01673528,N-BEATS(L=90),22,val
2019-06-13,GLD,-3.5707674,0.028134255,-3.924932,0.01974348,N-BEATS(L=90),22,val
2019-06-13,SPY,-3.9249785,0.019742562,-3.4583151,0.03148276,N-BEATS(L=90),22,val
2019-06-13,TLT,-3.9938126,0.018429317,-4.155852,0.015672434,N-BEATS(L=90),22,val
2019-06-14,GLD,-3.5837164,0.027772294,-3.9127367,0.019985732,N-BEATS(L=90),22,val
2019-06-14,SPY,-3.9307177,0.019629579,-3.5139866,0.029777965,N-BEATS(L=90),22,val
2019-06-14,TLT,-3.994328,0.01841982,-4.160595,0.015598275,N-BEATS(L=90),22,val
2019-06-17,GLD,-3.5278425,0.029368209,-3.8932183,0.020379653,N-BEATS(L=90),22,val
2019-06-17,SPY,-3.9071727,0.020097243,-3.5904675,0.027585432,N-BEATS(L=90),22,val
2019-06-17,TLT,-3.9686852,0.018898265,-4.0945406,0.0166634,N-BEATS(L=90),22,val
2019-06-18,GLD,-3.5030622,0.030105053,-3.8226285,0.021870239,N-BEATS(L=90),22,val
2019-06-18,SPY,-3.9279628,0.019683732,-3.4985912,0.030239956,N-BEATS(L=90),22,val
2019-06-18,TLT,-3.9907434,0.018485967,-4.112602,0.016365133,N-BEATS(L=90),22,val
2019-06-19,GLD,-3.5112813,0.029858634,-3.7594893,0.023295635,N-BEATS(L=90),22,val
2019-06-19,SPY,-3.9476197,0.01930059,-3.704721,0.024607083,N-BEATS(L=90),22,val
2019-06-19,TLT,-4.0163856,0.018017972,-4.111979,0.016375335,N-BEATS(L=90),22,val
2019-06-20,GLD,-3.5093017,0.029917799,-4.0049124,0.018225886,N-BEATS(L=90),22,val
2019-06-20,SPY,-4.009207,0.018147785,-3.8006444,0.022356361,N-BEATS(L=90),22,val
2019-06-20,TLT,-4.0319443,0.017739804,-4.172497,0.015413727,N-BEATS(L=90),22,val
2019-06-21,GLD,-3.5174723,0.02967435,-3.9217982,0.019805448,N-BEATS(L=90),22,val
2019-06-21,SPY,-4.0227823,0.017903084,-3.5579808,0.028496306,N-BEATS(L=90),22,val
2019-06-21,TLT,-4.0441313,0.017524922,-4.13544,0.015995627,N-BEATS(L=90),22,val
2019-06-24,GLD,-3.5203884,0.029587941,-3.9118652,0.020003155,N-BEATS(L=90),22,val
2019-06-24,SPY,-4.0066833,0.018193638,-3.6078906,0.02710897,N-BEATS(L=90),22,val
2019-06-24,TLT,-4.014074,0.018059673,-4.0847483,0.016827375,N-BEATS(L=90),22,val
2019-06-25,GLD,-3.6043034,0.027206391,-3.6947396,0.024853926,N-BEATS(L=90),22,val
2019-06-25,SPY,-4.02078,0.017938966,-3.6365316,0.026343556,N-BEATS(L=90),22,val
2019-06-25,TLT,-4.009367,0.018144878,-4.0487747,0.017443735,N-BEATS(L=90),22,val
2019-06-26,GLD,-3.601064,0.027294666,-3.8660064,0.020941837,N-BEATS(L=90),22,val
2019-06-26,SPY,-4.0341754,0.01770027,-3.7288687,0.024019994,N-BEATS(L=90),22,val
2019-06-26,TLT,-4.0116615,0.01810329,-4.160265,0.015603423,N-BEATS(L=90),22,val
2019-06-27,GLD,-3.5973175,0.027397119,-3.9078782,0.02008307,N-BEATS(L=90),22,val
2019-06-27,SPY,-4.026347,0.017839376,-3.7632315,0.02320862,N-BEATS(L=90),22,val
2019-06-27,TLT,-4.034297,0.017698118,-3.99227,0.018457767,N-BEATS(L=90),22,val
2019-06-28,GLD,-3.5502071,0.02871869,-3.8987863,0.020266494,N-BEATS(L=90),22,val
2019-06-28,SPY,-3.8498592,0.021282732,-3.6861742,0.025067724,N-BEATS(L=90),22,val
2019-06-28,TLT,-3.9769285,0.01874312,-4.086345,0.016800525,N-BEATS(L=90),22,val
2019-07-01,GLD,-3.4892101,0.030524973,-3.9345672,0.01955416,N-BEATS(L=90),22,val
2019-07-01,SPY,-3.665023,0.02560358,-3.6637223,0.025636908,N-BEATS(L=90),22,val
2019-07-01,TLT,-3.9563706,0.019132428,-4.0081916,0.018166218,N-BEATS(L=90),22,val
2019-07-02,GLD,-3.5096738,0.029906668,-3.9369633,0.019507363,N-BEATS(L=90),22,val
2019-07-02,SPY,-3.636841,0.026335405,-3.9148211,0.019944115,N-BEATS(L=90),22,val
2019-07-02,TLT,-3.950674,0.019241728,-3.988257,0.01853199,N-BEATS(L=90),22,val
2019-07-03,GLD,-3.485155,0.030649005,-3.8070333,0.022213984,N-BEATS(L=90),22,val
2019-07-03,SPY,-3.5293207,0.02932483,-3.6278903,0.026572183,N-BEATS(L=90),22,val
2019-07-03,TLT,-3.9216483,0.019808419,-3.8686912,0.020885687,N-BEATS(L=90),22,val
2019-07-05,GLD,-3.5042703,0.030068707,-3.7229886,0.02416165,N-BEATS(L=90),22,val
2019-07-05,SPY,-3.5093951,0.029915003,-3.8562992,0.021146113,N-BEATS(L=90),22,val
2019-07-05,TLT,-3.912543,0.019989602,-4.0703063,0.017072158,N-BEATS(L=90),22,val
2019-07-08,GLD,-3.478951,0.030839745,-3.7949607,0.022483788,N-BEATS(L=90),22,val
2019-07-08,SPY,-3.4091656,0.03306878,-3.8362896,0.021573499,N-BEATS(L=90),22,val
2019-07-08,TLT,-3.7496517,0.023525938,-4.0587187,0.017271135,N-BEATS(L=90),22,val
2019-07-09,GLD,-3.4622858,0.031358004,-3.7479157,0.023566814,N-BEATS(L=90),22,val
2019-07-09,SPY,-3.3908322,0.033680636,-3.8667078,0.020927152,N-BEATS(L=90),22,val
2019-07-09,TLT,-3.6526017,0.025923595,-4.0003037,0.018310076,N-BEATS(L=90),22,val
2019-07-10,GLD,-3.472257,0.031046882,-3.747971,0.02356551,N-BEATS(L=90),22,val
2019-07-10,SPY,-3.368363,0.034445982,-3.7186096,0.024267687,N-BEATS(L=90),22,val
2019-07-10,TLT,-3.6202657,0.026775561,-4.0617313,0.01721918,N-BEATS(L=90),22,val
2019-07-11,GLD,-3.4585457,0.031475503,-3.6983109,0.024765324,N-BEATS(L=90),22,val
2019-07-11,SPY,-3.3284192,0.03584973,-3.7206407,0.024218448,N-BEATS(L=90),22,val
2019-07-11,TLT,-3.6092522,0.027072083,-3.9395652,0.019456673,N-BEATS(L=90),22,val
2019-07-12,GLD,-3.3175004,0.036243316,-3.8603954,0.02105967,N-BEATS(L=90),22,val
2019-07-12,SPY,-3.2694006,0.038029216,-3.6173723,0.026853146,N-BEATS(L=90),22,val
2019-07-12,TLT,-3.5793233,0.027894568,-3.990924,0.018482631,N-BEATS(L=90),22,val
2019-07-15,GLD,-3.2957573,0.037039984,-3.8118834,0.022106504,N-BEATS(L=90),22,val
2019-07-15,SPY,-3.24744,0.038873594,-3.8002481,0.022365222,N-BEATS(L=90),22,val
2019-07-15,TLT,-3.5697002,0.028164295,-3.9568915,0.019122463,N-BEATS(L=90),22,val
2019-07-16,GLD,-3.291197,0.03720928,-3.7938411,0.022508975,N-BEATS(L=90),22,val
2019-07-16,SPY,-3.2289407,0.039599422,-3.7236404,0.024145907,N-BEATS(L=90),22,val
2019-07-16,TLT,-3.4729679,0.031024817,-4.0251093,0.017861472,N-BEATS(L=90),22,val
2019-07-17,GLD,-3.2855594,0.037419647,-4.0532446,0.017365938,N-BEATS(L=90),22,val
2019-07-17,SPY,-3.1998427,0.040768616,-3.97357,0.018806173,N-BEATS(L=90),22,val
2019-07-17,TLT,-3.443837,0.03194189,-4.0037966,0.018246233,N-BEATS(L=90),22,val
2019-07-18,GLD,-3.3150105,0.036333665,-3.8637266,0.020989634,N-BEATS(L=90),22,val
2019-07-18,SPY,-3.2026374,0.040654838,-3.8557808,0.021157077,N-BEATS(L=90),22,val
2019-07-18,TLT,-3.443643,0.031948082,-4.006781,0.01819186,N-BEATS(L=90),22,val
2019-07-19,GLD,-3.3498914,0.035088163,-3.7761335,0.022911105,N-BEATS(L=90),22,val
2019-07-19,SPY,-3.2015827,0.040697742,-3.8672798,0.020915186,N-BEATS(L=90),22,val
2019-07-19,TLT,-3.4395351,0.032079596,-4.0653625,0.01715677,N-BEATS(L=90),22,val
2019-07-22,GLD,-3.3476584,0.035166603,-3.7271519,0.024061268,N-BEATS(L=90),22,val
2019-07-22,SPY,-3.2028074,0.040647928,-4.006041,0.018205326,N-BEATS(L=90),22,val
2019-07-22,TLT,-3.4190207,0.032744486,-3.9553952,0.019151099,N-BEATS(L=90),22,val
2019-07-23,GLD,-3.3593278,0.034758616,-3.5334702,0.0292034,N-BEATS(L=90),22,val
2019-07-23,SPY,-3.1865273,0.041315097,-3.806392,0.022228235,N-BEATS(L=90),22,val
2019-07-23,TLT,-3.4102817,0.033031896,-3.940031,0.019447612,N-BEATS(L=90),22,val
2019-07-24,GLD,-3.3370728,0.035540838,-3.8051057,0.022256846,N-BEATS(L=90),22,val
2019-07-24,SPY,-3.095891,0.04523469,-3.792717,0.022534294,N-BEATS(L=90),22,val
2019-07-24,TLT,-3.3757968,0.034190863,-3.9583552,0.019094495,N-BEATS(L=90),22,val
2019-07-25,GLD,-3.336544,0.03555964,-3.9806314,0.018673846,N-BEATS(L=90),22,val
2019-07-25,SPY,-3.0917404,0.045422833,-3.8856077,0.020535346,N-BEATS(L=90),22,val
2019-07-25,TLT,-3.3777094,0.034125533,-3.9285746,0.019671693,N-BEATS(L=90),22,val
2019-07-26,GLD,-3.3319273,0.03572419,-3.7718034,0.02301053,N-BEATS(L=90),22,val
2019-07-26,SPY,-3.0793266,0.045990214,-3.9161923,0.019916788,N-BEATS(L=90),22,val
2019-07-26,TLT,-3.3728175,0.03429288,-3.8872933,0.02050076,N-BEATS(L=90),22,val
2019-07-29,GLD,-3.3385732,0.035487555,-3.495165,0.030343737,N-BEATS(L=90),22,val
2019-07-29,SPY,-3.0684562,0.046492875,-3.8099198,0.022149954,N-BEATS(L=90),22,val
2019-07-29,TLT,-3.3679466,0.034460325,-4.095246,0.016651653,N-BEATS(L=90),22,val
2019-07-30,GLD,-3.3109038,0.036483187,-3.5454893,0.0288545,N-BEATS(L=90),22,val
2019-07-30,SPY,-3.0633976,0.04672866,-3.8184614,0.021961564,N-BEATS(L=90),22,val
2019-07-30,TLT,-3.3588877,0.034773916,-4.074531,0.017000185,N-BEATS(L=90),22,val
2019-07-31,GLD,-3.3129404,0.03640896,-3.6539278,0.02588924,N-BEATS(L=90),22,val
2019-07-31,SPY,-3.0905569,0.045476623,-3.8403869,0.021485288,N-BEATS(L=90),22,val
2019-07-31,TLT,-3.3702433,0.03438127,-4.092221,0.0167021,N-BEATS(L=90),22,val
2019-08-01,GLD,-3.350301,0.035073794,-3.8692355,0.020874321,N-BEATS(L=90),22,val
2019-08-01,SPY,-3.1427202,0.043165218,-3.822938,0.021863472,N-BEATS(L=90),22,val
2019-08-01,TLT,-3.3495004,0.035101887,-4.0765038,0.016966682,N-BEATS(L=90),22,val
2019-08-02,GLD,-3.3574977,0.034822285,-3.7593896,0.023297956,N-BEATS(L=90),22,val
2019-08-02,SPY,-3.153464,0.04270394,-3.6244657,0.026663339,N-BEATS(L=90),22,val
2019-08-02,TLT,-3.3505943,0.03506351,-4.089603,0.016745882,N-BEATS(L=90),22,val
2019-08-05,GLD,-3.321377,0.03610308,-3.6793656,0.02523898,N-BEATS(L=90),22,val
2019-08-05,SPY,-3.1659853,0.042172566,-3.7357507,0.023855256,N-BEATS(L=90),22,val
2019-08-05,TLT,-3.3332987,0.035675228,-4.017729,0.017993785,N-BEATS(L=90),22,val
2019-08-06,GLD,-3.305518,0.03668021,-3.704087,0.024622688,N-BEATS(L=90),22,val
2019-08-06,SPY,-3.1830034,0.041460942,-3.3997643,0.033381138,N-BEATS(L=90),22,val
2019-08-06,TLT,-3.338414,0.035493206,-3.8152046,0.022033205,N-BEATS(L=90),22,val
2019-08-07,GLD,-3.3203654,0.036139622,-3.238425,0.039225627,N-BEATS(L=90),22,val
2019-08-07,SPY,-3.2453523,0.03895484,-3.292761,0.03715113,N-BEATS(L=90),22,val
2019-08-07,TLT,-3.4025745,0.033287458,-3.962787,0.019010061,N-BEATS(L=90),22,val
2019-08-08,GLD,-3.3318484,0.035727005,-3.7712317,0.02302369,N-BEATS(L=90),22,val
2019-08-08,SPY,-3.2543108,0.03860742,-2.985877,0.050495196,N-BEATS(L=90),22,val
2019-08-08,TLT,-3.4228992,0.03261773,-3.8196042,0.021936482,N-BEATS(L=90),22,val
2019-08-09,GLD,-3.3372219,0.035535544,-3.479772,0.030814433,N-BEATS(L=90),22,val
2019-08-09,SPY,-3.2706244,0.037982702,-2.9702437,0.05129081,N-BEATS(L=90),22,val
2019-08-09,TLT,-3.446572,0.031854644,-3.861709,0.021032022,N-BEATS(L=90),22,val
2019-08-12,GLD,-3.3349698,0.035615664,-3.4396675,0.03207535,N-BEATS(L=90),22,val
2019-08-12,SPY,-3.3014352,0.03683027,-3.1992207,0.040793985,N-BEATS(L=90),22,val
2019-08-12,TLT,-3.4212883,0.03267032,-3.9032466,0.020176299,N-BEATS(L=90),22,val
2019-08-13,GLD,-3.4734294,0.0310105,-3.5491853,0.028748052,N-BEATS(L=90),22,val
2019-08-13,SPY,-3.3626647,0.034642823,-3.2039313,0.04060227,N-BEATS(L=90),22,val
2019-08-13,TLT,-3.4204962,0.032696206,-3.85903,0.021088446,N-BEATS(L=90),22,val
2019-08-14,GLD,-3.4975944,0.030270115,-3.5135303,0.029791556,N-BEATS(L=90),22,val
2019-08-14,SPY,-3.3856015,0.03385727,-3.2822196,0.037544828,N-BEATS(L=90),22,val
2019-08-14,TLT,-3.4098392,0.033046514,-3.725245,0.024107194,N-BEATS(L=90),22,val
2019-08-15,GLD,-3.5082376,0.029949652,-3.4323988,0.032309346,N-BEATS(L=90),22,val
2019-08-15,SPY,-3.4126637,0.032953307,-3.1724927,0.041899025,N-BEATS(L=90),22,val
2019-08-15,TLT,-3.4689622,0.03114934,-3.89635,0.020315932,N-BEATS(L=90),22,val
2019-08-16,GLD,-3.4487724,0.03178463,-3.638716,0.026286075,N-BEATS(L=90),22,val
2019-08-16,SPY,-3.438892,0.032100238,-3.1512756,0.0427975,N-BEATS(L=90),22,val
2019-08-16,TLT,-3.4873276,0.030582493,-3.897142,0.020299846,N-BEATS(L=90),22,val
2019-08-19,GLD,-3.4548695,0.031591427,-3.6225839,0.026713563,N-BEATS(L=90),22,val
2019-08-19,SPY,-3.4370818,0.032158393,-3.1688697,0.0420511,N-BEATS(L=90),22,val
2019-08-19,TLT,-3.493527,0.030393487,-3.778849,0.022848979,N-BEATS(L=90),22,val
2019-08-20,GLD,-3.4451723,0.031899266,-3.5968337,0.027410375,N-BEATS(L=90),22,val
2019-08-20,SPY,-3.427792,0.03245853,-3.2145941,0.040171634,N-BEATS(L=90),22,val
2019-08-20,TLT,-3.481797,0.0307521,-3.8553276,0.021166667,N-BEATS(L=90),22,val
2019-08-21,GLD,-3.4447052,0.031914167,-3.6776462,0.025282416,N-BEATS(L=90),22,val
2019-08-21,SPY,-3.4243217,0.032571368,-3.2829041,0.03751914,N-BEATS(L=90),22,val
2019-08-21,TLT,-3.4835083,0.030699518,-3.771493,0.023017673,N-BEATS(L=90),22,val
2019-08-22,GLD,-3.4247358,0.032557882,-3.7353625,0.023864519,N-BEATS(L=90),22,val
2019-08-22,SPY,-3.415501,0.032859936,-3.253111,0.038653772,N-BEATS(L=90),22,val
2019-08-22,TLT,-3.4873593,0.030581523,-3.6461012,0.02609266,N-BEATS(L=90),22,val
2019-08-23,GLD,-3.4113011,0.032998238,-3.7985663,0.022402868,N-BEATS(L=90),22,val
2019-08-23,SPY,-3.5648696,0.028300675,-3.2173061,0.040062837,N-BEATS(L=90),22,val
2019-08-23,TLT,-3.4874525,0.030578673,-3.7039561,0.02462591,N-BEATS(L=90),22,val
2019-08-26,GLD,-3.4132547,0.032933835,-3.6267729,0.026601894,N-BEATS(L=90),22,val
2019-08-26,SPY,-3.566026,0.028267968,-3.2173169,0.040062405,N-BEATS(L=90),22,val
2019-08-26,TLT,-3.4820929,0.030743003,-3.6047866,0.027193246,N-BEATS(L=90),22,val
2019-08-27,GLD,-3.3992984,0.03339669,-3.6022484,0.027262356,N-BEATS(L=90),22,val
2019-08-27,SPY,-3.5547163,0.028589483,-3.3826547,0.03395719,N-BEATS(L=90),22,val
2019-08-27,TLT,-3.484334,0.03067418,-3.6540747,0.025885439,N-BEATS(L=90),22,val
2019-08-28,GLD,-3.363843,0.034602027,-3.6760375,0.025323117,N-BEATS(L=90),22,val
2019-08-28,SPY,-3.5803652,0.02786552,-3.3409688,0.03540264,N-BEATS(L=90),22,val
2019-08-28,TLT,-3.4880695,0.03055981,-3.822012,0.021883728,N-BEATS(L=90),22,val
2019-08-29,GLD,-3.3588016,0.03477691,-3.9067774,0.020105189,N-BEATS(L=90),22,val
2019-08-29,SPY,-3.5515656,0.028679702,-3.352024,0.03501341,N-BEATS(L=90),22,val
2019-08-29,TLT,-3.4477026,0.03181865,-3.9357197,0.019531637,N-BEATS(L=90),22,val
2019-08-30,GLD,-3.3743496,0.03424038,-3.8179805,0.02197213,N-BEATS(L=90),22,val
2019-08-30,SPY,-3.5191054,0.029625926,-3.2794158,0.037650242,N-BEATS(L=90),22,val
2019-08-30,TLT,-3.4456224,0.03188491,-3.9809878,0.018667191,N-BEATS(L=90),22,val
2019-09-03,GLD,-3.3514178,0.03503465,-3.687824,0.0250264,N-BEATS(L=90),22,val
2019-09-03,SPY,-3.450745,0.03172199,-3.3784044,0.034101825,N-BEATS(L=90),22,val
2019-09-03,TLT,-3.4678736,0.031183269,-3.8203328,0.021920506,N-BEATS(L=90),22,val
2019-09-04,GLD,-3.3463106,0.035214033,-3.549435,0.028740877,N-BEATS(L=90),22,val
2019-09-04,SPY,-3.4444036,0.031923793,-3.492185,0.030434297,N-BEATS(L=90),22,val
2019-09-04,TLT,-3.4713714,0.031074386,-3.8033006,0.022297056,N-BEATS(L=90),22,val
2019-09-05,GLD,-3.3894029,0.033728812,-3.7113793,0.024443785,N-BEATS(L=90),22,val
2019-09-05,SPY,-3.4922209,0.030433208,-3.3933342,0.033596475,N-BEATS(L=90),22,val
2019-09-05,TLT,-3.502782,0.030113488,-3.8485274,0.021311095,N-BEATS(L=90),22,val
2019-09-06,GLD,-3.4033804,0.033260647,-3.7074938,0.024538945,N-BEATS(L=90),22,val
2019-09-06,SPY,-3.477318,0.030890146,-3.0329719,0.048172265,N-BEATS(L=90),22,val
2019-09-06,TLT,-3.4936192,0.030390684,-3.8989663,0.020262847,N-BEATS(L=90),22,val
2019-09-09,GLD,-3.4032502,0.033264976,-3.5878448,0.027657874,N-BEATS(L=90),22,val
2019-09-09,SPY,-3.4732182,0.03101705,-3.4618905,0.0313704,N-BEATS(L=90),22,val
2019-09-09,TLT,-3.4902992,0.030491747,-3.8091407,0.022167219,N-BEATS(L=90),22,val
2019-09-10,GLD,-3.407014,0.03314001,-3.6322544,0.026456475,N-BEATS(L=90),22,val
2019-09-10,SPY,-3.4652836,0.031264137,-3.4763086,0.030921344,N-BEATS(L=90),22,val
2019-09-10,TLT,-3.516233,0.029711148,-3.8581233,0.021107575,N-BEATS(L=90),22,val
2019-09-11,GLD,-3.394846,0.03354572,-3.5300407,0.029303722,N-BEATS(L=90),22,val
2019-09-11,SPY,-3.4579935,0.03149289,-3.3501198,0.03508015,N-BEATS(L=90),22,val
2019-09-11,TLT,-3.5001953,0.030191487,-3.8418427,0.021454033,N-BEATS(L=90),22,val
2019-09-12,GLD,-3.4209185,0.032682404,-3.7599409,0.023285117,N-BEATS(L=90),22,val
2019-09-12,SPY,-3.4662385,0.031234298,-3.5646634,0.028306512,N-BEATS(L=90),22,val
2019-09-12,TLT,-3.5638921,0.028328352,-3.7205038,0.024221761,N-BEATS(L=90),22,val
2019-09-13,GLD,-3.4319363,0.03232429,-3.4559622,0.031556927,N-BEATS(L=90),22,val
2019-09-13,SPY,-3.4571517,0.031519413,-3.6367872,0.026336825,N-BEATS(L=90),22,val
2019-09-13,TLT,-3.5824113,0.027808562,-3.6032548,0.027234934,N-BEATS(L=90),22,val
2019-09-16,GLD,-3.4361906,0.032187067,-3.602619,0.027252257,N-BEATS(L=90),22,val
2019-09-16,SPY,-3.460573,0.03141176,-3.6003718,0.027313564,N-BEATS(L=90),22,val
2019-09-16,TLT,-3.603004,0.027241766,-3.4702258,0.031110005,N-BEATS(L=90),22,val
2019-09-17,GLD,-3.4394233,0.03208318,-3.6342738,0.026403103,N-BEATS(L=90),22,val
2019-09-17,SPY,-3.455036,0.03158617,-3.673837,0.025378905,N-BEATS(L=90),22,val
2019-09-17,TLT,-3.6208463,0.026760021,-3.5930002,0.027515655,N-BEATS(L=90),22,val
2019-09-18,GLD,-3.5198958,0.02960252,-3.687269,0.025040295,N-BEATS(L=90),22,val
2019-09-18,SPY,-3.464398,0.03129184,-3.774561,0.022947164,N-BEATS(L=90),22,val
2019-09-18,TLT,-3.6322312,0.026457086,-3.5983236,0.027369566,N-BEATS(L=90),22,val
2019-09-19,GLD,-3.5151744,0.029742615,-3.5871744,0.027676422,N-BEATS(L=90),22,val
2019-09-19,SPY,-3.470462,0.031102655,-3.5990162,0.027350618,N-BEATS(L=90),22,val
2019-09-19,TLT,-3.63309,0.026434375,-3.604147,0.027210647,N-BEATS(L=90),22,val
2019-09-20,GLD,-3.5255473,0.029435694,-3.6613543,0.025697686,N-BEATS(L=90),22,val
2019-09-20,SPY,-3.4858663,0.030627215,-3.6662428,0.025572369,N-BEATS(L=90),22,val
2019-09-20,TLT,-3.6437695,0.026153572,-3.7901406,0.022592425,N-BEATS(L=90),22,val
2019-09-23,GLD,-3.5295255,0.029318824,-3.6833582,0.025138414,N-BEATS(L=90),22,val
2019-09-23,SPY,-3.4907203,0.030478911,-3.4889283,0.030533576,N-BEATS(L=90),22,val
2019-09-23,TLT,-3.668248,0.025521146,-3.6346478,0.026393227,N-BEATS(L=90),22,val
2019-09-24,GLD,-3.5554368,0.028568892,-3.9257858,0.01972663,N-BEATS(L=90),22,val
2019-09-24,SPY,-3.5330057,0.029216966,-3.6660395,0.025577571,N-BEATS(L=90),22,val
2019-09-24,TLT,-3.6626425,0.025664605,-3.7010024,0.024698757,N-BEATS(L=90),22,val
2019-09-25,GLD,-3.5997088,0.02733168,-3.7421064,0.023704119,N-BEATS(L=90),22,val
2019-09-25,SPY,-3.5626,0.028364982,-3.5417774,0.028961806,N-BEATS(L=90),22,val
2019-09-25,TLT,-3.7127573,0.024410123,-3.6207576,0.026762394,N-BEATS(L=90),22,val
2019-09-26,GLD,-3.6072798,0.027125534,-3.590593,0.027581967,N-BEATS(L=90),22,val
2019-09-26,SPY,-3.5796726,0.027884826,-3.7133298,0.024396153,N-BEATS(L=90),22,val
2019-09-26,TLT,-3.731487,0.023957184,-3.558455,0.028482797,N-BEATS(L=90),22,val
2019-09-27,GLD,-3.6289358,0.026544418,-3.6724212,0.02541486,N-BEATS(L=90),22,val
2019-09-27,SPY,-3.6252658,0.026642013,-3.6931934,0.024892382,N-BEATS(L=90),22,val
2019-09-27,TLT,-3.7376704,0.023809504,-3.509307,0.029917642,N-BEATS(L=90),22,val
2019-09-30,GLD,-3.669381,0.025492247,-3.7927842,0.022532778,N-BEATS(L=90),22,val
2019-09-30,SPY,-3.6105194,0.0270378,-3.5357087,0.029138101,N-BEATS(L=90),22,val
2019-09-30,TLT,-3.7276316,0.02404973,-3.4424727,0.031985495,N-BEATS(L=90),22,val
2019-10-01,GLD,-3.7413685,0.023721617,-3.5191472,0.02962469,N-BEATS(L=90),22,val
2019-10-01,SPY,-3.6475232,0.026055584,-3.4843144,0.03067478,N-BEATS(L=90),22,val
2019-10-01,TLT,-3.8066015,0.022223577,-3.620407,0.026771775,N-BEATS(L=90),22,val
2019-10-02,GLD,-3.7679343,0.02309973,-3.6834946,0.025134984,N-BEATS(L=90),22,val
2019-10-02,SPY,-3.7121944,0.024423867,-3.5892391,0.027619338,N-BEATS(L=90),22,val
2019-10-02,TLT,-3.7774532,0.022880891,-3.6707006,0.025458628,N-BEATS(L=90),22,val
2019-10-03,GLD,-3.8458912,0.02136735,-3.3362474,0.035570186,N-BEATS(L=90),22,val
2019-10-03,SPY,-3.8629887,0.021005128,-3.668281,0.0255203,N-BEATS(L=90),22,val
2019-10-03,TLT,-3.8259366,0.02179801,-3.6297932,0.02652167,N-BEATS(L=90),22,val
2019-10-04,GLD,-3.829936,0.021711005,-3.417202,0.032804094,N-BEATS(L=90),22,val
2019-10-04,SPY,-3.8868468,0.020509917,-3.480999,0.03077665,N-BEATS(L=90),22,val
2019-10-04,TLT,-3.8211987,0.021901531,-3.422041,0.03264574,N-BEATS(L=90),22,val
2019-10-07,GLD,-3.8752952,0.020748213,-3.4366717,0.032171585,N-BEATS(L=90),22,val
2019-10-07,SPY,-3.9183128,0.019874599,-3.547429,0.028798584,N-BEATS(L=90),22,val
2019-10-07,TLT,-3.8040144,0.022281146,-3.618576,0.02682084,N-BEATS(L=90),22,val
2019-10-08,GLD,-3.7933125,0.022520877,-3.2965448,0.037010826,N-BEATS(L=90),22,val
2019-10-08,SPY,-3.9414952,0.019419158,-3.260266,0.038378187,N-BEATS(L=90),22,val
2019-10-08,TLT,-3.75538,0.023391562,-3.5253153,0.029442523,N-BEATS(L=90),22,val
2019-10-09,GLD,-3.7949944,0.022483032,-3.476085,0.03092826,N-BEATS(L=90),22,val
2019-10-09,SPY,-3.959287,0.019076712,-3.5355206,0.029143583,N-BEATS(L=90),22,val
2019-10-09,TLT,-3.7360964,0.023847012,-3.7332122,0.023915889,N-BEATS(L=90),22,val
2019-10-10,GLD,-3.771068,0.023027455,-3.6009548,0.027297648,N-BEATS(L=90),22,val
2019-10-10,SPY,-4.011362,0.018108713,-3.402881,0.033277262,N-BEATS(L=90),22,val
2019-10-10,TLT,-3.75707,0.02335206,-3.6403017,0.026244424,N-BEATS(L=90),22,val
2019-10-11,GLD,-3.7644916,0.023179395,-3.633884,0.026413396,N-BEATS(L=90),22,val
2019-10-11,SPY,-4.044023,0.017526818,-3.4970272,0.030287288,N-BEATS(L=90),22,val
2019-10-11,TLT,-3.765423,0.023157813,-3.6701171,0.025473487,N-BEATS(L=90),22,val
2019-10-14,GLD,-3.7619507,0.023238365,-3.4737196,0.031001503,N-BEATS(L=90),22,val
2019-10-14,SPY,-4.034493,0.01769465,-3.6052117,0.027181689,N-BEATS(L=90),22,val
2019-10-14,TLT,-3.7560742,0.023375327,-3.4522402,0.031674597,N-BEATS(L=90),22,val
2019-10-15,GLD,-3.755073,0.02339874,-3.5484405,0.028769473,N-BEATS(L=90),22,val
2019-10-15,SPY,-4.063805,0.017183509,-3.542836,0.028931163,N-BEATS(L=90),22,val
2019-10-15,TLT,-3.7727113,0.022989647,-3.676009,0.025323842,N-BEATS(L=90),22,val
2019-10-16,GLD,-3.765658,0.023152376,-3.6247072,0.026656901,N-BEATS(L=90),22,val
2019-10-16,SPY,-4.06057,0.017239194,-3.5471032,0.028807972,N-BEATS(L=90),22,val
2019-10-16,TLT,-3.7716994,0.023012921,-3.7823408,0.022769332,N-BEATS(L=90),22,val
2019-10-17,GLD,-3.770252,0.023046255,-3.7263453,0.024080683,N-BEATS(L=90),22,val
2019-10-17,SPY,-4.0754695,0.01698424,-3.5941792,0.027483234,N-BEATS(L=90),22,val
2019-10-17,TLT,-3.7894478,0.022608083,-3.6856952,0.025079735,N-BEATS(L=90),22,val
2019-10-18,GLD,-3.7625594,0.023224223,-3.7889943,0.022618337,N-BEATS(L=90),22,val
2019-10-18,SPY,-4.1122446,0.016370988,-3.6410131,0.02622576,N-BEATS(L=90),22,val
2019-10-18,TLT,-3.796726,0.022444135,-3.7086623,0.024510289,N-BEATS(L=90),22,val
2019-10-21,GLD,-3.7599876,0.02328403,-3.5784175,0.027919846,N-BEATS(L=90),22,val
2019-10-21,SPY,-4.0562572,0.017313698,-3.6439087,0.02614993,N-BEATS(L=90),22,val
2019-10-21,TLT,-3.8035433,0.022291645,-3.6037042,0.027222697,N-BEATS(L=90),22,val
2019-10-22,GLD,-3.7555933,0.023386572,-3.6872213,0.025041489,N-BEATS(L=90),22,val
2019-10-22,SPY,-4.0551295,0.017333236,-3.7364504,0.02383857,N-BEATS(L=90),22,val
2019-10-22,TLT,-3.8004565,0.022360561,-3.5581524,0.028491415,N-BEATS(L=90),22,val
2019-10-23,GLD,-3.753308,0.023440076,-3.841741,0.021456212,N-BEATS(L=90),22,val
2019-10-23,SPY,-4.0483985,0.0174503,-3.786228,0.022680994,N-BEATS(L=90),22,val
2019-10-23,TLT,-3.8092294,0.022165254,-3.694734,0.024854062,N-BEATS(L=90),22,val
2019-10-24,GLD,-3.7551727,0.023396408,-3.7560892,0.023374977,N-BEATS(L=90),22,val
2019-10-24,SPY,-4.0665936,0.01713566,-3.7061667,0.024571532,N-BEATS(L=90),22,val
2019-10-24,TLT,-3.8405821,0.021481093,-3.7646163,0.023176504,N-BEATS(L=90),22,val
2019-10-25,GLD,-3.7610688,0.023258867,-3.6720717,0.025423745,N-BEATS(L=90),22,val
2019-10-25,SPY,-4.0918703,0.016707955,-3.668799,0.025507087,N-BEATS(L=90),22,val
2019-10-25,TLT,-3.8586035,0.021097442,-3.537949,0.029072892,N-BEATS(L=90),22,val
2019-10-28,GLD,-3.7677147,0.023104804,-3.597429,0.027394062,N-BEATS(L=90),22,val
2019-10-28,SPY,-4.093646,0.016678313,-3.7280238,0.024040299,N-BEATS(L=90),22,val
2019-10-28,TLT,-3.8601263,0.02106534,-3.5137053,0.029786345,N-BEATS(L=90),22,val
2019-10-29,GLD,-3.7675648,0.023108268,-3.7727923,0.022987785,N-BEATS(L=90),22,val
2019-10-29,SPY,-4.1034417,0.016515736,-3.8139446,0.022060987,N-BEATS(L=90),22,val
2019-10-29,TLT,-3.8460126,0.021364756,-3.6868324,0.025051229,N-BEATS(L=90),22,val
2019-10-30,GLD,-3.8064532,0.022226874,-3.4952035,0.030342573,N-BEATS(L=90),22,val
2019-10-30,SPY,-4.113831,0.016345035,-3.709587,0.024487631,N-BEATS(L=90),22,val
2019-10-30,TLT,-3.856666,0.021138355,-3.7690868,0.023073124,N-BEATS(L=90),22,val
2019-10-31,GLD,-3.809249,0.02216482,-3.3948543,0.033545442,N-BEATS(L=90),22,val
2019-10-31,SPY,-4.1116934,0.016380014,-3.6226072,0.02671294,N-BEATS(L=90),22,val
2019-10-31,TLT,-3.823578,0.021849485,-3.622828,0.026707042,N-BEATS(L=90),22,val
2019-11-01,GLD,-3.8191292,0.021946903,-3.5436354,0.028908044,N-BEATS(L=90),22,val
2019-11-01,SPY,-4.094633,0.016661858,-3.666524,0.025565183,N-BEATS(L=90),22,val
2019-11-01,TLT,-3.842899,0.021431379,-3.714068,0.024378153,N-BEATS(L=90),22,val
2019-11-04,GLD,-3.8210003,0.021905877,-3.778541,0.022856012,N-BEATS(L=90),22,val
2019-11-04,SPY,-4.077941,0.016942315,-3.7316518,0.023953239,N-BEATS(L=90),22,val
2019-11-04,TLT,-3.836711,0.021564411,-3.5614955,0.028396325,N-BEATS(L=90),22,val
2019-11-05,GLD,-3.8656607,0.020949077,-3.6142492,0.026937142,N-BEATS(L=90),22,val
2019-11-05,SPY,-4.0803785,0.016901067,-3.8379886,0.021536877,N-BEATS(L=90),22,val
2019-11-05,TLT,-3.8095043,0.022159161,-3.7699442,0.02305335,N-BEATS(L=90),22,val
2019-11-06,GLD,-3.8786554,0.02067861,-3.7189686,0.024258975,N-BEATS(L=90),22,val
2019-11-06,SPY,-4.082347,0.016867831,-3.9279687,0.019683614,N-BEATS(L=90),22,val
2019-11-06,TLT,-3.8354561,0.021591488,-3.7302437,0.02398699,N-BEATS(L=90),22,val
2019-11-07,GLD,-4.0120745,0.018095817,-3.6042895,0.027206767,N-BEATS(L=90),22,val
2019-11-07,SPY,-4.091411,0.016715629,-3.9067032,0.020106679,N-BEATS(L=90),22,val
2019-11-07,TLT,-3.9119935,0.02000059,-3.6929595,0.024898205,N-BEATS(L=90),22,val
2019-11-08,GLD,-4.004696,0.018229833,-3.634107,0.026407503,N-BEATS(L=90),22,val
2019-11-08,SPY,-4.1054225,0.016483054,-3.8831801,0.020585258,N-BEATS(L=90),22,val
2019-11-08,TLT,-3.936234,0.019521594,-3.6643784,0.025620092,N-BEATS(L=90),22,val
2019-11-11,GLD,-3.9726837,0.01882285,-3.642878,0.026176898,N-BEATS(L=90),22,val
2019-11-11,SPY,-4.0370574,0.01764933,-3.7784836,0.022857325,N-BEATS(L=90),22,val
2019-11-11,TLT,-3.8055623,0.022246685,-3.4617174,0.031375833,N-BEATS(L=90),22,val
2019-11-12,GLD,-3.994708,0.018412821,-3.690755,0.024953159,N-BEATS(L=90),22,val
2019-11-12,SPY,-4.0110664,0.018114068,-3.944992,0.01935137,N-BEATS(L=90),22,val
2019-11-12,TLT,-3.7164805,0.02431941,-3.609919,0.027054036,N-BEATS(L=90),22,val
2019-11-13,GLD,-3.994263,0.018421018,-3.6177263,0.026843641,N-BEATS(L=90),22,val
2019-11-13,SPY,-3.9697087,0.018878933,-3.7758546,0.022917498,N-BEATS(L=90),22,val
2019-11-13,TLT,-3.7117724,0.024434177,-3.5885344,0.02763881,N-BEATS(L=90),22,val
2019-11-14,GLD,-4.0310493,0.01775569,-3.7368479,0.023829097,N-BEATS(L=90),22,val
2019-11-14,SPY,-3.9808066,0.018670574,-3.7704759,0.023041096,N-BEATS(L=90),22,val
2019-11-14,TLT,-3.702835,0.024653532,-3.6055312,0.027173007,N-BEATS(L=90),22,val
2019-11-15,GLD,-4.0312867,0.017751474,-3.5962882,0.02742533,N-BEATS(L=90),22,val
2019-11-15,SPY,-3.9933567,0.01843772,-3.8229024,0.021864248,N-BEATS(L=90),22,val
2019-11-15,TLT,-3.6947546,0.024853552,-3.7376518,0.023809947,N-BEATS(L=90),22,val
2019-11-18,GLD,-4.0274906,0.01781899,-3.7433395,0.023674907,N-BEATS(L=90),22,val
2019-11-18,SPY,-3.9952013,0.01840374,-3.9105134,0.020030215,N-BEATS(L=90),22,val
2019-11-18,TLT,-3.681431,0.025186906,-3.730683,0.023976453,N-BEATS(L=90),22,val
2019-11-19,GLD,-4.0353994,0.017678617,-3.6655624,0.025589775,N-BEATS(L=90),22,val
2019-11-19,SPY,-3.962053,0.019024016,-3.9193578,0.019853842,N-BEATS(L=90),22,val
2019-11-19,TLT,-3.6792243,0.025242548,-3.586424,0.027697196,N-BEATS(L=90),22,val
2019-11-20,GLD,-4.066402,0.017138945,-3.8108337,0.022129722,N-BEATS(L=90),22,val
2019-11-20,SPY,-4.01778,0.017992867,-3.848336,0.021315176,N-BEATS(L=90),22,val
2019-11-20,TLT,-3.6680543,0.025526086,-3.6785455,0.025259688,N-BEATS(L=90),22,val
2019-11-21,GLD,-4.077202,0.016954841,-3.7078912,0.024529194,N-BEATS(L=90),22,val
2019-11-21,SPY,-4.0341854,0.017700093,-3.7360907,0.023847148,N-BEATS(L=90),22,val
2019-11-21,TLT,-3.6714032,0.025440747,-3.7497504,0.023523618,N-BEATS(L=90),22,val
2019-11-22,GLD,-4.0823503,0.016867775,-3.626127,0.02661908,N-BEATS(L=90),22,val
2019-11-22,SPY,-4.046919,0.017476138,-3.6331007,0.026434092,N-BEATS(L=90),22,val
2019-11-22,TLT,-3.668578,0.025512725,-3.6754093,0.025339032,N-BEATS(L=90),22,val
2019-11-25,GLD,-4.0853653,0.016816994,-3.8245962,0.021827249,N-BEATS(L=90),22,val
2019-11-25,SPY,-4.0372543,0.017645856,-3.9926455,0.018450838,N-BEATS(L=90),22,val
2019-11-25,TLT,-3.6688414,0.025506005,-3.5021353,0.030132972,N-BEATS(L=90),22,val
2019-11-26,GLD,-4.1315775,0.016057529,-3.8318686,0.021669086,N-BEATS(L=90),22,val
2019-11-26,SPY,-4.0174785,0.017998291,-3.8713634,0.020829951,N-BEATS(L=90),22,val
2019-11-26,TLT,-3.653466,0.0259012,-3.8293254,0.021724265,N-BEATS(L=90),22,val
2019-11-27,GLD,-4.115179,0.016323017,-3.6975422,0.024784368,N-BEATS(L=90),22,val
2019-11-27,SPY,-4.003599,0.018249836,-3.6970718,0.024796028,N-BEATS(L=90),22,val
2019-11-27,TLT,-3.6426816,0.02618204,-3.719106,0.024255645,N-BEATS(L=90),22,val
2019-11-29,GLD,-4.1181817,0.016274078,-3.9208975,0.019823296,N-BEATS(L=90),22,val
2019-11-29,SPY,-3.9808955,0.018668914,-3.7918446,0.02255396,N-BEATS(L=90),22,val
2019-11-29,TLT,-3.643511,0.026160331,-3.8704336,0.020849328,N-BEATS(L=90),22,val
2019-12-02,GLD,-4.1038084,0.01650968,-3.8300586,0.021708343,N-BEATS(L=90),22,val
2019-12-02,SPY,-3.9847796,0.018596543,-3.8034103,0.02229461,N-BEATS(L=90),22,val
2019-12-02,TLT,-3.632513,0.026449632,-3.867293,0.020914912,N-BEATS(L=90),22,val
2019-12-03,GLD,-4.0599413,0.017250031,-3.9047256,0.020146484,N-BEATS(L=90),22,val
2019-12-03,SPY,-4.002512,0.018269688,-3.7368817,0.02382829,N-BEATS(L=90),22,val
2019-12-03,TLT,-3.6563144,0.025827529,-3.7687778,0.023080254,N-BEATS(L=90),22,val
2019-12-04,GLD,-4.058028,0.017283063,-3.8540518,0.021193689,N-BEATS(L=90),22,val
2019-12-04,SPY,-4.0125375,0.018087441,-3.7599216,0.023285568,N-BEATS(L=90),22,val
2019-12-04,TLT,-3.6756647,0.025332563,-3.8689733,0.020879796,N-BEATS(L=90),22,val
2019-12-05,GLD,-3.935513,0.019535674,-3.852033,0.02123652,N-BEATS(L=90),22,val
2019-12-05,SPY,-3.9780047,0.01872296,-3.8585484,0.021098604,N-BEATS(L=90),22,val
2019-12-05,TLT,-3.6295557,0.026527967,-3.8473208,0.021336826,N-BEATS(L=90),22,val
2019-12-06,GLD,-3.9129937,0.019980596,-3.920145,0.019838218,N-BEATS(L=90),22,val
2019-12-06,SPY,-3.976666,0.018748041,-3.8099444,0.02214941,N-BEATS(L=90),22,val
2019-12-06,TLT,-3.6348891,0.026386859,-3.9102151,0.02003619,N-BEATS(L=90),22,val
2019-12-09,GLD,-3.9072018,0.020096658,-4.0218587,0.017919626,N-BEATS(L=90),22,val
2019-12-09,SPY,-3.9674559,0.018921511,-3.8891242,0.02046326,N-BEATS(L=90),22,val
2019-12-09,TLT,-3.6339931,0.026410513,-3.6700525,0.025475131,N-BEATS(L=90),22,val
2019-12-10,GLD,-3.9124238,0.019991985,-3.900047,0.020240959,N-BEATS(L=90),22,val
2019-12-10,SPY,-3.9735975,0.018805657,-3.8222935,0.021877566,N-BEATS(L=90),22,val
2019-12-10,TLT,-3.6375747,0.026316091,-3.8349125,0.021603229,N-BEATS(L=90),22,val
2019-12-11,GLD,-3.9308853,0.01962629,-3.9235399,0.019770984,N-BEATS(L=90),22,val
2019-12-11,SPY,-3.9633877,0.018998643,-3.848008,0.02132217,N-BEATS(L=90),22,val
2019-12-11,TLT,-3.6457574,0.026101632,-3.7623405,0.023229307,N-BEATS(L=90),22,val
2019-12-12,GLD,-3.9957414,0.018393805,-4.0355816,0.017675398,N-BEATS(L=90),22,val
2019-12-12,SPY,-4.0112405,0.018110914,-3.7999427,0.022372054,N-BEATS(L=90),22,val
2019-12-12,TLT,-3.7359445,0.023850633,-3.8067722,0.022219785,N-BEATS(L=90),22,val
2019-12-13,GLD,-4.0293136,0.017786535,-3.900192,0.020238025,N-BEATS(L=90),22,val
2019-12-13,SPY,-4.0582747,0.017278804,-3.8305888,0.021696836,N-BEATS(L=90),22,val
2019-12-13,TLT,-3.8485723,0.02131014,-3.7906218,0.022581557,N-BEATS(L=90),22,val
2019-12-16,GLD,-4.0258837,0.017847646,-3.7386901,0.023785237,N-BEATS(L=90),22,val
2019-12-16,SPY,-4.117359,0.01628747,-3.8773506,0.02070561,N-BEATS(L=90),22,val
2019-12-16,TLT,-3.8577354,0.021115765,-3.8259702,0.021797279,N-BEATS(L=90),22,val
2019-12-17,GLD,-3.998523,0.018342711,-3.8333476,0.021637063,N-BEATS(L=90),22,val
2019-12-17,SPY,-4.107252,0.016452923,-3.7459593,0.023612967,N-BEATS(L=90),22,val
2019-12-17,TLT,-3.8746002,0.020762637,-3.776209,0.022909373,N-BEATS(L=90),22,val
2019-12-18,GLD,-3.999134,0.018331505,-3.896365,0.020315627,N-BEATS(L=90),22,val
2019-12-18,SPY,-4.089779,0.016742935,-3.7477193,0.023571445,N-BEATS(L=90),22,val
2019-12-18,TLT,-3.8932014,0.020379998,-3.7065363,0.024562454,N-BEATS(L=90),22,val
2019-12-19,GLD,-3.9798446,0.018688545,-3.9030795,0.020179672,N-BEATS(L=90),22,val
2019-12-19,SPY,-4.047415,0.017467473,-3.7275176,0.024052469,N-BEATS(L=90),22,val
2019-12-19,TLT,-3.9167118,0.019906443,-3.663996,0.025629891,N-BEATS(L=90),22,val
2019-12-20,GLD,-3.9477813,0.01929747,-3.8309817,0.021688312,N-BEATS(L=90),22,val
2019-12-20,SPY,-3.9813852,0.018659774,-3.703813,0.024629433,N-BEATS(L=90),22,val
2019-12-20,TLT,-3.891513,0.020414433,-3.6939833,0.024872728,N-BEATS(L=90),22,val
2019-12-23,GLD,-3.9288745,0.019665794,-3.7255676,0.024099419,N-BEATS(L=90),22,val
2019-12-23,SPY,-3.9442382,0.019365964,-3.693447,0.02488607,N-BEATS(L=90),22,val
2019-12-23,TLT,-3.90323,0.020176636,-3.7176824,0.024290198,N-BEATS(L=90),22,val
2019-12-24,GLD,-3.9179173,0.019882461,-3.9493923,0.019266406,N-BEATS(L=90),22,val
2019-12-24,SPY,-3.8572109,0.021126842,-3.92707,0.019701315,N-BEATS(L=90),22,val
2019-12-24,TLT,-3.8924136,0.020396058,-3.670404,0.025466181,N-BEATS(L=90),22,val
2019-12-26,GLD,-3.9121299,0.019997863,-3.7357383,0.023855552,N-BEATS(L=90),22,val
2019-12-26,SPY,-3.8461845,0.021361085,-3.6487546,0.026023518,N-BEATS(L=90),22,val
2019-12-26,TLT,-3.8883162,0.020479802,-3.6440747,0.026145592,N-BEATS(L=90),22,val
2019-12-27,GLD,-3.8762462,0.02072849,-3.8216236,0.02189223,N-BEATS(L=90),22,val
2019-12-27,SPY,-3.8024275,0.022316532,-3.8364348,0.021570366,N-BEATS(L=90),22,val
2019-12-27,TLT,-3.8420637,0.021449292,-3.7967925,0.02244264,N-BEATS(L=90),22,val
2019-12-30,GLD,-3.86392,0.020985575,-3.7008827,0.024701713,N-BEATS(L=90),22,val
2019-12-30,SPY,-3.7303078,0.023985451,-3.8114958,0.022115074,N-BEATS(L=90),22,val
2019-12-30,TLT,-3.857541,0.021119868,-3.8277247,0.021759069,N-BEATS(L=90),22,val
2019-12-31,GLD,-3.8487957,0.02130538,-3.7283852,0.024031611,N-BEATS(L=90),22,val
2019-12-31,SPY,-3.7078526,0.024530143,-3.8994415,0.02025322,N-BEATS(L=90),22,val
2019-12-31,TLT,-3.8174593,0.021983583,-3.8487785,0.021305745,N-BEATS(L=90),22,val
2020-01-02,GLD,-3.8332448,0.021639286,-3.7017257,0.024680898,N-BEATS(L=90),22,test
2020-01-02,SPY,-3.7073026,0.02454364,-3.83598,0.02158018,N-BEATS(L=90),22,test
2020-01-02,TLT,-3.8108153,0.022130128,-3.7689652,0.023075929,N-BEATS(L=90),22,test
2020-01-03,GLD,-3.84489,0.021388752,-3.9243352,0.019755265,N-BEATS(L=90),22,test
2020-01-03,SPY,-3.707172,0.024546845,-3.9308681,0.019626627,N-BEATS(L=90),22,test
2020-01-03,TLT,-3.8253064,0.021811752,-3.8415177,0.021461006,N-BEATS(L=90),22,test
2020-01-06,GLD,-3.873322,0.020789193,-3.932185,0.0196008,N-BEATS(L=90),22,test
2020-01-06,SPY,-3.714806,0.024360165,-3.8516269,0.021245144,N-BEATS(L=90),22,test
2020-01-06,TLT,-3.837209,0.021553675,-3.7496958,0.0235249,N-BEATS(L=90),22,test
2020-01-07,GLD,-3.8648105,0.020966897,-3.8011422,0.022345234,N-BEATS(L=90),22,test
2020-01-07,SPY,-3.7009695,0.024699569,-4.004932,0.01822553,N-BEATS(L=90),22,test
2020-01-07,TLT,-3.8309195,0.021689663,-3.893005,0.020384002,N-BEATS(L=90),22,test
2020-01-08,GLD,-3.9747593,0.01878382,-3.832984,0.021644931,N-BEATS(L=90),22,test
2020-01-08,SPY,-3.7192626,0.024251845,-3.9843497,0.01860454,N-BEATS(L=90),22,test
2020-01-08,TLT,-3.910999,0.020020489,-3.8864155,0.020518765,N-BEATS(L=90),22,test
2020-01-09,GLD,-3.9665012,0.018939583,-3.920298,0.019835182,N-BEATS(L=90),22,test
2020-01-09,SPY,-3.70627,0.024568995,-3.8746471,0.020761663,N-BEATS(L=90),22,test
2020-01-09,TLT,-3.938826,0.019471059,-3.7427077,0.02368987,N-BEATS(L=90),22,test
2020-01-10,GLD,-3.9632092,0.019002035,-3.798427,0.022405986,N-BEATS(L=90),22,test
2020-01-10,SPY,-3.7142575,0.024373533,-3.9193077,0.019854836,N-BEATS(L=90),22,test
2020-01-10,TLT,-3.9373195,0.019500416,-3.7168565,0.024310268,N-BEATS(L=90),22,test
2020-01-13,GLD,-3.9558785,0.019141845,-3.7905924,0.02258222,N-BEATS(L=90),22,test
2020-01-13,SPY,-3.7032013,0.024644505,-4.102691,0.016528135,N-BEATS(L=90),22,test
2020-01-13,TLT,-3.931951,0.019605383,-3.7421641,0.023702752,N-BEATS(L=90),22,test
2020-01-14,GLD,-3.9652517,0.018963262,-3.8973327,0.020295976,N-BEATS(L=90),22,test
2020-01-14,SPY,-3.7068925,0.024553705,-4.063019,0.017197026,N-BEATS(L=90),22,test
2020-01-14,TLT,-3.928458,0.019673986,-3.7821136,0.022774504,N-BEATS(L=90),22,test
2020-01-15,GLD,-3.9347801,0.019549998,-3.8084793,0.022181885,N-BEATS(L=90),22,test
2020-01-15,SPY,-3.6948307,0.024851661,-4.014083,0.018059509,N-BEATS(L=90),22,test
2020-01-15,TLT,-3.9086053,0.02006847,-3.6310012,0.026489649,N-BEATS(L=90),22,test
2020-01-16,GLD,-3.9353812,0.01953825,-3.8970559,0.020301593,N-BEATS(L=90),22,test
2020-01-16,SPY,-3.6903799,0.024962518,-3.9737716,0.018802384,N-BEATS(L=90),22,test
2020-01-16,TLT,-3.9204693,0.019831786,-3.7578726,0.023333328,N-BEATS(L=90),22,test
2020-01-17,GLD,-3.931197,0.019620175,-3.7757936,0.022918897,N-BEATS(L=90),22,test
2020-01-17,SPY,-3.6167157,0.026870783,-4.05318,0.017367056,N-BEATS(L=90),22,test
2020-01-17,TLT,-3.9176493,0.01988779,-3.7417567,0.023712412,N-BEATS(L=90),22,test
2020-01-21,GLD,-3.9334495,0.019576028,-3.8274448,0.02176516,N-BEATS(L=90),22,test
2020-01-21,SPY,-3.599575,0.027335336,-3.9656243,0.018956197,N-BEATS(L=90),22,test
2020-01-21,TLT,-3.8904548,0.02043605,-3.7447555,0.02364141,N-BEATS(L=90),22,test
2020-01-22,GLD,-3.8080623,0.022191137,-3.7756693,0.022921743,N-BEATS(L=90),22,test
2020-01-22,SPY,-3.270882,0.037972923,-4.013875,0.018063264,N-BEATS(L=90),22,test
2020-01-22,TLT,-3.880942,0.020631379,-3.621288,0.0267482,N-BEATS(L=90),22,test
2020-01-23,GLD,-3.6878297,0.025026256,-3.929834,0.019646935,N-BEATS(L=90),22,test
2020-01-23,SPY,-3.1740682,0.041833065,-4.0768976,0.01696,N-BEATS(L=90),22,test
2020-01-23,TLT,-3.839601,0.021502178,-3.7441652,0.023655368,N-BEATS(L=90),22,test
2020-01-24,GLD,-3.6215925,0.02674006,-3.8435998,0.021416368,N-BEATS(L=90),22,test
2020-01-24,SPY,-3.12661,0.04386625,-4.004384,0.018235518,N-BEATS(L=90),22,test
2020-01-24,TLT,-3.770106,0.023049617,-3.8491323,0.02129821,N-BEATS(L=90),22,test
2020-01-27,GLD,-3.5807045,0.027856069,-3.7994025,0.022384143,N-BEATS(L=90),22,test
2020-01-27,SPY,-2.9586947,0.0518866,-4.0008216,0.018300597,N-BEATS(L=90),22,test
2020-01-27,TLT,-3.695489,0.024835307,-3.8305762,0.021697111,N-BEATS(L=90),22,test
2020-01-28,GLD,-3.3758404,0.034189373,-3.7386882,0.023785284,N-BEATS(L=90),22,test
2020-01-28,SPY,-2.8633852,0.05707522,-3.954246,0.01917312,N-BEATS(L=90),22,test
2020-01-28,TLT,-3.672599,0.025410341,-3.8071222,0.022212008,N-BEATS(L=90),22,test
2020-01-29,GLD,-3.3581412,0.034799885,-3.9493077,0.019268036,N-BEATS(L=90),22,test
2020-01-29,SPY,-2.7687793,0.062738545,-4.0366077,0.017657269,N-BEATS(L=90),22,test
2020-01-29,TLT,-3.5935342,0.027500963,-3.8074462,0.022204813,N-BEATS(L=90),22,test
2020-01-30,GLD,-3.2675838,0.03809837,-3.8869247,0.020508317,N-BEATS(L=90),22,test
2020-01-30,SPY,-2.6545203,0.07033257,-4.119896,0.016246205,N-BEATS(L=90),22,test
2020-01-30,TLT,-3.1833665,0.041445892,-3.710168,0.024473414,N-BEATS(L=90),22,test
2020-01-31,GLD,-3.261108,0.038345892,-3.9763722,0.01875355,N-BEATS(L=90),22,test
2020-01-31,SPY,-2.6324127,0.07190477,-3.9762208,0.01875639,N-BEATS(L=90),22,test
2020-01-31,TLT,-3.142033,0.04319489,-3.697013,0.024797488,N-BEATS(L=90),22,test
2020-02-03,GLD,-3.2558854,0.038546678,-3.863105,0.021002684,N-BEATS(L=90),22,test
2020-02-03,SPY,-2.6022718,0.07410503,-3.9452307,0.019346751,N-BEATS(L=90),22,test
2020-02-03,TLT,-3.1437767,0.043119643,-3.7723346,0.022998309,N-BEATS(L=90),22,test
2020-02-04,GLD,-3.1337292,0.043555066,-4.0150876,0.018041374,N-BEATS(L=90),22,test
2020-02-04,SPY,-2.5740867,0.07622341,-4.0226173,0.017906038,N-BEATS(L=90),22,test
2020-02-04,TLT,-3.032984,0.048171677,-3.2932568,0.03713272,N-BEATS(L=90),22,test
2020-02-05,GLD,-3.0915594,0.045431055,-3.845461,0.021376546,N-BEATS(L=90),22,test
2020-02-05,SPY,-2.516376,0.08075172,-3.9386258,0.019474959,N-BEATS(L=90),22,test
2020-02-05,TLT,-2.909748,0.054489456,-3.6879807,0.02502248,N-BEATS(L=90),22,test
2020-02-06,GLD,-3.0845053,0.04575266,-4.027946,0.017810876,N-BEATS(L=90),22,test
2020-02-06,SPY,-2.42209,0.08873596,-3.8289037,0.02173343,N-BEATS(L=90),22,test
2020-02-06,TLT,-2.7174878,0.06604045,-3.5457673,0.02884648,N-BEATS(L=90),22,test
2020-02-07,GLD,-3.0677974,0.046523515,-3.7897692,0.022600818,N-BEATS(L=90),22,test
2020-02-07,SPY,-2.3868685,0.091917075,-3.7284489,0.02403008,N-BEATS(L=90),22,test
2020-02-07,TLT,-2.5870488,0.07524177,-3.6175153,0.026849305,N-BEATS(L=90),22,test
2020-02-10,GLD,-3.013482,0.04912034,-4.0138683,0.018063385,N-BEATS(L=90),22,test
2020-02-10,SPY,-2.2650113,0.10382886,-3.6755157,0.025336338,N-BEATS(L=90),22,test
2020-02-10,TLT,-2.4583685,0.08557445,-3.6649075,0.025606541,N-BEATS(L=90),22,test
2020-02-11,GLD,-2.868761,0.05676922,-4.0112042,0.018111572,N-BEATS(L=90),22,test
2020-02-11,SPY,-2.1184769,0.12021459,-3.7239282,0.02413896,N-BEATS(L=90),22,test
2020-02-11,TLT,-2.4113734,0.08969203,-3.621039,0.026754865,N-BEATS(L=90),22,test
2020-02-12,GLD,-2.7501981,0.06391519,-3.9401417,0.01944546,N-BEATS(L=90),22,test
2020-02-12,SPY,-2.020967,0.13252725,-3.7837164,0.02273803,N-BEATS(L=90),22,test
2020-02-12,TLT,-2.3453639,0.095812336,-3.8328285,0.021648297,N-BEATS(L=90),22,test
2020-02-13,GLD,-2.6677127,0.06941081,-3.96842,0.018903276,N-BEATS(L=90),22,test
2020-02-13,SPY,-1.9518774,0.14200722,-3.9333243,0.01957848,N-BEATS(L=90),22,test
2020-02-13,TLT,-2.2662952,0.10369564,-3.9168866,0.019902965,N-BEATS(L=90),22,test
2020-02-14,GLD,-2.6222239,0.07264114,-4.044697,0.017515015,N-BEATS(L=90),22,test
2020-02-14,SPY,-1.8708467,0.15399322,-3.7328508,0.023924535,N-BEATS(L=90),22,test
2020-02-14,TLT,-2.1059072,0.121735185,-3.7453542,0.023627259,N-BEATS(L=90),22,test
2020-02-18,GLD,-2.6110234,0.07345933,-4.0915947,0.016712561,N-BEATS(L=90),22,test
2020-02-18,SPY,-1.8310922,0.16023846,-3.7936568,0.022513125,N-BEATS(L=90),22,test
2020-02-18,TLT,-2.0593183,0.12754089,-3.8693216,0.020872524,N-BEATS(L=90),22,test
2020-02-19,GLD,-2.60307,0.074045904,-4.0791326,0.016922139,N-BEATS(L=90),22,test
2020-02-19,SPY,-1.8127422,0.16320598,-3.7388582,0.02378124,N-BEATS(L=90),22,test
2020-02-19,TLT,-2.0440593,0.12950195,-3.7349787,0.02387368,N-BEATS(L=90),22,test
2020-02-20,GLD,-2.57984,0.075786136,-3.9857562,0.018578392,N-BEATS(L=90),22,test
2020-02-20,SPY,-1.7945809,0.16619709,-3.7687178,0.02308164,N-BEATS(L=90),22,test
2020-02-20,TLT,-2.0184927,0.13285556,-3.7283318,0.024032895,N-BEATS(L=90),22,test
2020-02-21,GLD,-2.558227,0.077441916,-4.012005,0.018097077,N-BEATS(L=90),22,test
2020-02-21,SPY,-1.787752,0.16733591,-3.6551087,0.025858687,N-BEATS(L=90),22,test
2020-02-21,TLT,-2.0071607,0.13436966,-3.856977,0.021131786,N-BEATS(L=90),22,test
2020-02-24,GLD,-2.563675,0.077021174,-3.9643376,0.018980606,N-BEATS(L=90),22,test
2020-02-24,SPY,-1.7614716,0.17179187,-3.7617793,0.023242349,N-BEATS(L=90),22,test
2020-02-24,TLT,-1.994999,0.13601378,-3.7526221,0.02345616,N-BEATS(L=90),22,test
2020-02-25,GLD,-2.56355,0.07703079,-3.858285,0.021104163,N-BEATS(L=90),22,test
2020-02-25,SPY,-1.7564677,0.17265365,-3.5688114,0.028189339,N-BEATS(L=90),22,test
2020-02-25,TLT,-1.9905757,0.13661675,-3.7837152,0.022738056,N-BEATS(L=90),22,test
2020-02-26,GLD,-2.570062,0.07653081,-3.8907697,0.020429615,N-BEATS(L=90),22,test
2020-02-26,SPY,-1.7485172,0.17403181,-3.6193352,0.026800489,N-BEATS(L=90),22,test
2020-02-26,TLT,-1.988534,0.13689597,-3.6936839,0.024880178,N-BEATS(L=90),22,test
2020-02-27,GLD,-2.5727756,0.076323405,-3.752181,0.023466509,N-BEATS(L=90),22,test
2020-02-27,SPY,-1.7552515,0.17286375,-3.886072,0.020525815,N-BEATS(L=90),22,test
2020-02-27,TLT,-1.9844034,0.1374626,-3.686467,0.025060385,N-BEATS(L=90),22,test
2020-02-28,GLD,-2.5965824,0.07452785,-3.674106,0.02537208,N-BEATS(L=90),22,test
2020-02-28,SPY,-1.7604511,0.17196728,-3.478199,0.030862944,N-BEATS(L=90),22,test
2020-02-28,TLT,-1.9834282,0.13759671,-3.630882,0.026492806,N-BEATS(L=90),22,test
2020-03-02,GLD,-2.593685,0.074744105,-3.5250597,0.02945005,N-BEATS(L=90),22,test
2020-03-02,SPY,-1.7471988,0.17426139,-3.2296588,0.039570995,N-BEATS(L=90),22,test
2020-03-02,TLT,-1.9844334,0.13745847,-3.5733392,0.028061992,N-BEATS(L=90),22,test
2020-03-03,GLD,-2.6133626,0.073287696,-3.4603755,0.031417962,N-BEATS(L=90),22,test
2020-03-03,SPY,-1.7606636,0.17193073,-3.1345334,0.043520056,N-BEATS(L=90),22,test
2020-03-03,TLT,-2.0100667,0.13397974,-3.3884022,0.033762578,N-BEATS(L=90),22,test
2020-03-04,GLD,-2.6125522,0.073347114,-3.530125,0.029301256,N-BEATS(L=90),22,test
2020-03-04,SPY,-1.7578335,0.17241801,-3.1820688,0.04149971,N-BEATS(L=90),22,test
2020-03-04,TLT,-2.0121248,0.13370427,-3.27366,0.03786758,N-BEATS(L=90),22,test
2020-03-05,GLD,-2.6070113,0.073754646,-3.3372517,0.035534486,N-BEATS(L=90),22,test
2020-03-05,SPY,-1.7247187,0.17822318,-3.1766286,0.041726094,N-BEATS(L=90),22,test
2020-03-05,TLT,-2.0124772,0.13365717,-3.1479287,0.042940978,N-BEATS(L=90),22,test
2020-03-06,GLD,-2.6437168,0.071096525,-3.480215,0.030800786,N-BEATS(L=90),22,test
2020-03-06,SPY,-1.7258477,0.17802207,-3.1383662,0.04335357,N-BEATS(L=90),22,test
2020-03-06,TLT,-2.0231378,0.13223986,-3.3951585,0.03353524,N-BEATS(L=90),22,test
2020-03-09,GLD,-2.6601534,0.06993749,-3.2443433,0.038994163,N-BEATS(L=90),22,test
2020-03-09,SPY,-1.728075,0.177626,-2.9855385,0.050512295,N-BEATS(L=90),22,test
2020-03-09,TLT,-2.0401504,0.13000916,-3.0214725,0.048729412,N-BEATS(L=90),22,test
2020-03-10,GLD,-2.657506,0.07012289,-3.2249136,0.039759215,N-BEATS(L=90),22,test
2020-03-10,SPY,-1.7466712,0.17435336,-2.9809127,0.050746497,N-BEATS(L=90),22,test
2020-03-10,TLT,-2.0817785,0.12470822,-3.122482,0.044047702,N-BEATS(L=90),22,test
2020-03-11,GLD,-2.6464188,0.07090468,-3.322948,0.03604641,N-BEATS(L=90),22,test
2020-03-11,SPY,-1.7526809,0.1733087,-2.8177428,0.059740636,N-BEATS(L=90),22,test
2020-03-11,TLT,-2.1242507,0.1195225,-2.8576863,0.05740142,N-BEATS(L=90),22,test
2020-03-12,GLD,-2.6589072,0.07002471,-3.1759498,0.041754425,N-BEATS(L=90),22,test
2020-03-12,SPY,-1.784006,0.16796394,-2.73349,0.06499207,N-BEATS(L=90),22,test
2020-03-12,TLT,-2.1851656,0.1124591,-3.037088,0.047974393,N-BEATS(L=90),22,test
2020-03-13,GLD,-2.7456117,0.064209014,-3.0948296,0.04528273,N-BEATS(L=90),22,test
2020-03-13,SPY,-1.8448646,0.15804672,-2.7840993,0.06178471,N-BEATS(L=90),22,test
2020-03-13,TLT,-2.2134898,0.10931849,-2.7893193,0.06146304,N-BEATS(L=90),22,test
2020-03-16,GLD,-2.846461,0.058049392,-2.9835012,0.05061531,N-BEATS(L=90),22,test
2020-03-16,SPY,-1.9088223,0.14825489,-2.706571,0.066765346,N-BEATS(L=90),22,test
2020-03-16,TLT,-2.2628257,0.10405604,-2.8720455,0.056583066,N-BEATS(L=90),22,test
2020-03-17,GLD,-2.9603562,0.05180046,-3.1952355,0.04095688,N-BEATS(L=90),22,test
2020-03-17,SPY,-1.9688388,0.13961889,-2.7107852,0.066484585,N-BEATS(L=90),22,test
2020-03-17,TLT,-2.3331783,0.096987,-2.7890682,0.061478473,N-BEATS(L=90),22,test
2020-03-18,GLD,-3.0454946,0.04757278,-2.9644532,0.05158867,N-BEATS(L=90),22,test
2020-03-18,SPY,-2.0640452,0.12693943,-2.6372106,0.0715606,N-BEATS(L=90),22,test
2020-03-18,TLT,-2.614841,0.073179424,-2.7080245,0.06666838,N-BEATS(L=90),22,test
2020-03-19,GLD,-3.0637448,0.04671244,-3.2197914,0.039963394,N-BEATS(L=90),22,test
2020-03-19,SPY,-2.123938,0.11955986,-2.5521574,0.077913396,N-BEATS(L=90),22,test
2020-03-19,TLT,-2.7727332,0.06249097,-2.6821415,0.06841648,N-BEATS(L=90),22,test
2020-03-20,GLD,-3.0840359,0.045774143,-3.206757,0.0404877,N-BEATS(L=90),22,test
2020-03-20,SPY,-2.1551595,0.11588471,-2.5218673,0.08030951,N-BEATS(L=90),22,test
2020-03-20,TLT,-2.8359923,0.058660287,-2.681717,0.06844554,N-BEATS(L=90),22,test
2020-03-23,GLD,-3.1419756,0.04319737,-3.2321968,0.039470695,N-BEATS(L=90),22,test
2020-03-23,SPY,-2.19111,0.1117926,-2.6481254,0.07078378,N-BEATS(L=90),22,test
2020-03-23,TLT,-2.9814234,0.050720587,-2.6542137,0.07035414,N-BEATS(L=90),22,test
2020-03-24,GLD,-3.1889088,0.04121682,-3.1342225,0.043533586,N-BEATS(L=90),22,test
2020-03-24,SPY,-2.201873,0.110595815,-2.7474394,0.064091764,N-BEATS(L=90),22,test
2020-03-24,TLT,-3.0729492,0.046284452,-2.6634126,0.06970993,N-BEATS(L=90),22,test
2020-03-25,GLD,-3.189259,0.04120239,-3.1058223,0.044787675,N-BEATS(L=90),22,test
2020-03-25,SPY,-2.2987175,0.100387506,-2.7828646,0.06186105,N-BEATS(L=90),22,test
2020-03-25,TLT,-3.1819499,0.041504648,-2.619695,0.072825074,N-BEATS(L=90),22,test
2020-03-26,GLD,-3.2176135,0.040050525,-3.1791666,0.04162033,N-BEATS(L=90),22,test
2020-03-26,SPY,-2.326731,0.09761433,-2.6548424,0.07030992,N-BEATS(L=90),22,test
2020-03-26,TLT,-3.240491,0.039144672,-2.6718361,0.06912518,N-BEATS(L=90),22,test
2020-03-27,GLD,-3.2167761,0.040084075,-3.1745954,0.04181102,N-BEATS(L=90),22,test
2020-03-27,SPY,-2.3605564,0.094367705,-2.7519212,0.06380516,N-BEATS(L=90),22,test
2020-03-27,TLT,-3.271558,0.037947256,-2.729251,0.06526817,N-BEATS(L=90),22,test
2020-03-30,GLD,-3.1963997,0.040909223,-3.4014199,0.033325918,N-BEATS(L=90),22,test
2020-03-30,SPY,-2.3756928,0.09295007,-2.9133573,0.05429315,N-BEATS(L=90),22,test
2020-03-30,TLT,-3.34482,0.035266563,-2.85211,0.057722405,N-BEATS(L=90),22,test
2020-03-31,GLD,-3.2107832,0.040325016,-3.497339,0.030277845,N-BEATS(L=90),22,test
2020-03-31,SPY,-2.3670387,0.09375796,-3.0109396,0.049245387,N-BEATS(L=90),22,test
2020-03-31,TLT,-3.363995,0.034596767,-2.8423777,0.058286913,N-BEATS(L=90),22,test
2020-04-01,GLD,-3.2307932,0.03952613,-3.4573886,0.031511944,N-BEATS(L=90),22,test
2020-04-01,SPY,-2.452436,0.086083636,-2.982551,0.050663423,N-BEATS(L=90),22,test
2020-04-01,TLT,-3.3916924,0.033651676,-2.8588269,0.057335984,N-BEATS(L=90),22,test
2020-04-02,GLD,-3.2347455,0.039370224,-3.452781,0.031657476,N-BEATS(L=90),22,test
2020-04-02,SPY,-2.4570172,0.08569017,-2.7852201,0.061715502,N-BEATS(L=90),22,test
2020-04-02,TLT,-3.4125247,0.032957885,-2.9582062,0.051911954,N-BEATS(L=90),22,test
2020-04-03,GLD,-3.2293756,0.039582208,-3.5015454,0.03015075,N-BEATS(L=90),22,test
2020-04-03,SPY,-2.486543,0.08319709,-2.945173,0.05259296,N-BEATS(L=90),22,test
2020-04-03,TLT,-3.4296148,0.03239942,-3.057019,0.047027677,N-BEATS(L=90),22,test
2020-04-06,GLD,-3.2370937,0.03927788,-3.618093,0.026833799,N-BEATS(L=90),22,test
2020-04-06,SPY,-2.6943035,0.06758944,-2.9724412,0.05117822,N-BEATS(L=90),22,test
2020-04-06,TLT,-3.412876,0.032946315,-3.1373546,0.04339745,N-BEATS(L=90),22,test
2020-04-07,GLD,-3.2324386,0.039461154,-3.5960605,0.027431576,N-BEATS(L=90),22,test
2020-04-07,SPY,-2.7189353,0.06594493,-3.032154,0.048211675,N-BEATS(L=90),22,test
2020-04-07,TLT,-3.4406152,0.032044966,-2.9980614,0.04988368,N-BEATS(L=90),22,test
2020-04-08,GLD,-3.21985,0.03996105,-3.6429672,0.026174562,N-BEATS(L=90),22,test
2020-04-08,SPY,-2.7822154,0.061901223,-3.0682812,0.046501014,N-BEATS(L=90),22,test
2020-04-08,TLT,-3.4439054,0.031939704,-3.2006247,0.040736746,N-BEATS(L=90),22,test
2020-04-09,GLD,-3.2311785,0.039510906,-3.9045792,0.020149432,N-BEATS(L=90),22,test
2020-04-09,SPY,-2.793974,0.061177615,-3.0015738,0.049708776,N-BEATS(L=90),22,test
2020-04-09,TLT,-3.452684,0.03166055,-3.2213073,0.03990286,N-BEATS(L=90),22,test
2020-04-13,GLD,-3.2928398,0.037148207,-3.786619,0.022672128,N-BEATS(L=90),22,test
2020-04-13,SPY,-2.7819128,0.061919954,-3.064399,0.04668189,N-BEATS(L=90),22,test
2020-04-13,TLT,-3.4599996,0.031429775,-3.188818,0.041220564,N-BEATS(L=90),22,test
2020-04-14,GLD,-3.330308,0.035782084,-3.7405767,0.023740407,N-BEATS(L=90),22,test
2020-04-14,SPY,-2.7510574,0.0638603,-2.937807,0.052981786,N-BEATS(L=90),22,test
2020-04-14,TLT,-3.4642618,0.0312961,-3.199898,0.040766362,N-BEATS(L=90),22,test
2020-04-15,GLD,-3.331204,0.03575004,-3.5984926,0.027364941,N-BEATS(L=90),22,test
2020-04-15,SPY,-2.7996922,0.060828786,-2.8772948,0.056286827,N-BEATS(L=90),22,test
2020-04-15,TLT,-3.4576056,0.031505108,-3.2378237,0.03924922,N-BEATS(L=90),22,test
2020-04-16,GLD,-3.3618214,0.034672048,-3.665057,0.025602713,N-BEATS(L=90),22,test
2020-04-16,SPY,-2.8052106,0.06049403,-2.995336,0.050019816,N-BEATS(L=90),22,test
2020-04-16,TLT,-3.4286852,0.03242955,-3.3885334,0.033758152,N-BEATS(L=90),22,test
2020-04-17,GLD,-3.3724027,0.03430711,-3.5515676,0.028679648,N-BEATS(L=90),22,test
2020-04-17,SPY,-2.8136158,0.059987698,-2.9796128,0.0508125,N-BEATS(L=90),22,test
2020-04-17,TLT,-3.5107095,0.029875709,-3.3730788,0.03428392,N-BEATS(L=90),22,test
2020-04-20,GLD,-3.3819299,0.03398181,-3.4623072,0.03135733,N-BEATS(L=90),22,test
2020-04-20,SPY,-2.8354416,0.0586926,-3.0256758,0.048525017,N-BEATS(L=90),22,test
2020-04-20,TLT,-3.4975467,0.030271558,-3.1934438,0.04103033,N-BEATS(L=90),22,test
2020-04-21,GLD,-3.385065,0.03387544,-3.2078342,0.04044411,N-BEATS(L=90),22,test
2020-04-21,SPY,-2.8494942,0.057873584,-2.9331074,0.05323137,N-BEATS(L=90),22,test
2020-04-21,TLT,-3.5012472,0.030159745,-3.068404,0.046495304,N-BEATS(L=90),22,test
2020-04-22,GLD,-3.3862123,0.033836596,-3.3467755,0.035197664,N-BEATS(L=90),22,test
2020-04-22,SPY,-2.860749,0.057225883,-2.9514406,0.052264363,N-BEATS(L=90),22,test
2020-04-22,TLT,-3.521084,0.029567365,-3.0510292,0.047310207,N-BEATS(L=90),22,test
2020-04-23,GLD,-3.3946533,0.033552185,-3.5101366,0.02989283,N-BEATS(L=90),22,test
2020-04-23,SPY,-2.85189,0.057735093,-2.9757473,0.051009297,N-BEATS(L=90),22,test
2020-04-23,TLT,-3.5300355,0.029303875,-3.2637362,0.03824524,N-BEATS(L=90),22,test
2020-04-24,GLD,-3.4245632,0.032563504,-3.4778342,0.030874206,N-BEATS(L=90),22,test
2020-04-24,SPY,-2.8379915,0.058543134,-2.894634,0.05531927,N-BEATS(L=90),22,test
2020-04-24,TLT,-3.516149,0.029713642,-3.1486526,0.042909905,N-BEATS(L=90),22,test
2020-04-27,GLD,-3.4259498,0.03251838,-3.525818,0.029427722,N-BEATS(L=90),22,test
2020-04-27,SPY,-2.8323824,0.058872428,-3.0740294,0.04623448,N-BEATS(L=90),22,test
2020-04-27,TLT,-3.5316992,0.029255163,-3.3411698,0.035395525,N-BEATS(L=90),22,test
2020-04-28,GLD,-3.4473,0.031831466,-3.3406148,0.035415176,N-BEATS(L=90),22,test
2020-04-28,SPY,-2.823226,0.059413966,-2.9627569,0.051676255,N-BEATS(L=90),22,test
2020-04-28,TLT,-3.5167649,0.029695349,-3.2766576,0.037754238,N-BEATS(L=90),22,test
2020-04-29,GLD,-3.456509,0.03153967,-3.3880973,0.033772875,N-BEATS(L=90),22,test
2020-04-29,SPY,-2.8326561,0.058856316,-3.044297,0.047629785,N-BEATS(L=90),22,test
2020-04-29,TLT,-3.5597215,0.028446747,-3.3191419,0.036183868,N-BEATS(L=90),22,test
2020-04-30,GLD,-3.4786,0.03085057,-3.3231003,0.03604092,N-BEATS(L=90),22,test
2020-04-30,SPY,-2.8452256,0.058121156,-3.0105648,0.049263846,N-BEATS(L=90),22,test
2020-04-30,TLT,-3.5877624,0.027660156,-3.3233955,0.036030285,N-BEATS(L=90),22,test
2020-05-01,GLD,-3.485909,0.030625908,-3.3131804,0.03640022,N-BEATS(L=90),22,test
2020-05-01,SPY,-2.9149373,0.054207433,-3.0088174,0.049350005,N-BEATS(L=90),22,test
2020-05-01,TLT,-3.597888,0.02738149,-3.221291,0.039903507,N-BEATS(L=90),22,test
2020-05-04,GLD,-3.4557414,0.031563893,-3.4242644,0.03257323,N-BEATS(L=90),22,test
2020-05-04,SPY,-2.9192994,0.053971488,-2.9078522,0.05459286,N-BEATS(L=90),22,test
2020-05-04,TLT,-3.5988755,0.027354464,-3.2714179,0.037952576,N-BEATS(L=90),22,test
2020-05-05,GLD,-3.456292,0.031546522,-3.3321948,0.035714634,N-BEATS(L=90),22,test
2020-05-05,SPY,-2.9403567,0.052846875,-3.0751734,0.04618162,N-BEATS(L=90),22,test
2020-05-05,TLT,-3.5143967,0.029765757,-3.3997087,0.033382993,N-BEATS(L=90),22,test
2020-05-06,GLD,-3.471566,0.03106834,-3.1954284,0.04094898,N-BEATS(L=90),22,test
2020-05-06,SPY,-2.9457643,0.05256187,-2.8967285,0.055203523,N-BEATS(L=90),22,test
2020-05-06,TLT,-3.5277445,0.029371087,-3.3159928,0.036297992,N-BEATS(L=90),22,test
2020-05-07,GLD,-3.5046616,0.030056944,-3.41016,0.03303591,N-BEATS(L=90),22,test
2020-05-07,SPY,-2.9401245,0.052859146,-3.0273094,0.04844581,N-BEATS(L=90),22,test
2020-05-07,TLT,-3.5536602,0.028619695,-3.3597796,0.034742914,N-BEATS(L=90),22,test
2020-05-08,GLD,-3.4612296,0.03139114,-3.1870503,0.041293494,N-BEATS(L=90),22,test
2020-05-08,SPY,-2.9374952,0.05299831,-2.9083962,0.054563165,N-BEATS(L=90),22,test
2020-05-08,TLT,-3.5676847,0.02822112,-3.2516832,0.038708996,N-BEATS(L=90),22,test
2020-05-11,GLD,-3.4528267,0.031656027,-3.389236,0.03373444,N-BEATS(L=90),22,test
2020-05-11,SPY,-2.8993359,0.055059776,-3.015449,0.04902382,N-BEATS(L=90),22,test
2020-05-11,TLT,-3.586135,0.027705207,-3.2288542,0.03960285,N-BEATS(L=90),22,test
2020-05-12,GLD,-3.4552162,0.031580478,-3.3736012,0.034266017,N-BEATS(L=90),22,test
2020-05-12,SPY,-2.8363316,0.058640387,-3.1403453,0.043267854,N-BEATS(L=90),22,test
2020-05-12,TLT,-3.5799403,0.027877362,-3.417079,0.03280813,N-BEATS(L=90),22,test
2020-05-13,GLD,-3.4328358,0.032295227,-3.2400124,0.03916341,N-BEATS(L=90),22,test
2020-05-13,SPY,-2.8282137,0.059118364,-3.040242,0.047823317,N-BEATS(L=90),22,test
2020-05-13,TLT,-3.57208,0.028097354,-3.3584304,0.034789823,N-BEATS(L=90),22,test
2020-05-14,GLD,-3.4328353,0.032295242,-3.387888,0.033779945,N-BEATS(L=90),22,test
2020-05-14,SPY,-2.8996367,0.05504321,-3.1203349,0.044142384,N-BEATS(L=90),22,test
2020-05-14,TLT,-3.5122516,0.029829673,-3.5237134,0.029489726,N-BEATS(L=90),22,test
2020-05-15,GLD,-3.4552834,0.031578355,-3.317706,0.036235858,N-BEATS(L=90),22,test
2020-05-15,SPY,-2.9063926,0.054672603,-2.9745631,0.05106974,N-BEATS(L=90),22,test
2020-05-15,TLT,-3.5177786,0.02966526,-3.2577028,0.038476683,N-BEATS(L=90),22,test
2020-05-18,GLD,-3.4695926,0.03112971,-3.4250128,0.032548863,N-BEATS(L=90),22,test
2020-05-18,SPY,-2.9147732,0.054216325,-2.9947114,0.05005107,N-BEATS(L=90),22,test
2020-05-18,TLT,-3.5564587,0.028539713,-3.3240488,0.036006752,N-BEATS(L=90),22,test
2020-05-19,GLD,-3.4784977,0.030853726,-3.4401326,0.032060433,N-BEATS(L=90),22,test
2020-05-19,SPY,-2.8950243,0.05529768,-3.0099344,0.04929491,N-BEATS(L=90),22,test
2020-05-19,TLT,-3.5499394,0.02872638,-3.1979074,0.040847592,N-BEATS(L=90),22,test
2020-05-20,GLD,-3.472775,0.0310308,-3.4950771,0.030346408,N-BEATS(L=90),22,test
2020-05-20,SPY,-2.8878264,0.055697143,-2.9865613,0.05046066,N-BEATS(L=90),22,test
2020-05-20,TLT,-3.5636668,0.028334735,-3.4565625,0.031537987,N-BEATS(L=90),22,test
2020-05-21,GLD,-3.5067005,0.02999572,-3.4515915,0.031695154,N-BEATS(L=90),22,test
2020-05-21,SPY,-2.8943267,0.05533627,-3.014134,0.049088333,N-BEATS(L=90),22,test
2020-05-21,TLT,-3.565758,0.028275546,-3.3781736,0.034109697,N-BEATS(L=90),22,test
2020-05-22,GLD,-3.487985,0.030562397,-3.357946,0.03480668,N-BEATS(L=90),22,test
2020-05-22,SPY,-2.8609657,0.05721348,-2.995019,0.050035678,N-BEATS(L=90),22,test
2020-05-22,TLT,-3.564166,0.028320594,-3.3242357,0.036000025,N-BEATS(L=90),22,test
2020-05-26,GLD,-3.4966435,0.03029891,-3.4480073,0.031808957,N-BEATS(L=90),22,test
2020-05-26,SPY,-2.8706877,0.056659948,-3.0026479,0.04965541,N-BEATS(L=90),22,test
2020-05-26,TLT,-3.5645728,0.028309077,-3.3050244,0.036698315,N-BEATS(L=90),22,test
2020-05-27,GLD,-3.4867873,0.030599019,-3.4978328,0.030262899,N-BEATS(L=90),22,test
2020-05-27,SPY,-2.8918247,0.055474892,-3.02039,0.04878219,N-BEATS(L=90),22,test
2020-05-27,TLT,-3.5785823,0.027915247,-3.3592584,0.034761027,N-BEATS(L=90),22,test
2020-05-28,GLD,-3.5071287,0.02998288,-3.3566535,0.034851696,N-BEATS(L=90),22,test
2020-05-28,SPY,-2.8860545,0.05579592,-2.9517462,0.05224839,N-BEATS(L=90),22,test
2020-05-28,TLT,-3.577389,0.027948577,-3.2160707,0.040112365,N-BEATS(L=90),22,test
2020-05-29,GLD,-3.4950216,0.030348094,-3.4763408,0.030920349,N-BEATS(L=90),22,test
2020-05-29,SPY,-2.8881857,0.055677135,-2.9603097,0.05180287,N-BEATS(L=90),22,test
2020-05-29,TLT,-3.5832274,0.027785877,-3.3096242,0.0365299,N-BEATS(L=90),22,test
2020-06-01,GLD,-3.4818163,0.030751506,-3.4219983,0.032647133,N-BEATS(L=90),22,test
2020-06-01,SPY,-2.888239,0.055674173,-2.98824,0.05037602,N-BEATS(L=90),22,test
2020-06-01,TLT,-3.569641,0.02816596,-3.28906,0.03728888,N-BEATS(L=90),22,test
2020-06-02,GLD,-3.5091605,0.029922023,-3.3470397,0.03518837,N-BEATS(L=90),22,test
2020-06-02,SPY,-2.8827686,0.05597956,-2.8848686,0.05586213,N-BEATS(L=90),22,test
2020-06-02,TLT,-3.5588176,0.02847247,-3.2405336,0.039143004,N-BEATS(L=90),22,test
2020-06-03,GLD,-3.5471036,0.028807957,-3.2950425,0.03706647,N-BEATS(L=90),22,test
2020-06-03,SPY,-2.885932,0.05580276,-2.8667934,0.05688103,N-BEATS(L=90),22,test
2020-06-03,TLT,-3.5626678,0.028363055,-3.2016742,0.040694017,N-BEATS(L=90),22,test
2020-06-04,GLD,-3.5891378,0.027622135,-3.2932866,0.037131615,N-BEATS(L=90),22,test
2020-06-04,SPY,-2.8863528,0.055779282,-2.9713752,0.051232804,N-BEATS(L=90),22,test
2020-06-04,TLT,-3.552268,0.028659565,-3.3233147,0.036033195,N-BEATS(L=90),22,test
2020-06-05,GLD,-3.6088216,0.027083743,-3.2163677,0.04010045,N-BEATS(L=90),22,test
2020-06-05,SPY,-2.8879576,0.055689838,-2.8896065,0.055598088,N-BEATS(L=90),22,test
2020-06-05,TLT,-3.6390684,0.026276814,-3.2604532,0.038371004,N-BEATS(L=90),22,test
2020-06-08,GLD,-3.5937083,0.027496178,-3.2439072,0.039011173,N-BEATS(L=90),22,test
2020-06-08,SPY,-2.8643804,0.05701845,-2.9169245,0.054099817,N-BEATS(L=90),22,test
2020-06-08,TLT,-3.614294,0.026935933,-3.317898,0.036228903,N-BEATS(L=90),22,test
2020-06-09,GLD,-3.580506,0.027861595,-3.220655,0.0399289,N-BEATS(L=90),22,test
2020-06-09,SPY,-2.861821,0.057164572,-3.0272002,0.0484511,N-BEATS(L=90),22,test
2020-06-09,TLT,-3.608697,0.02708712,-3.251943,0.038698938,N-BEATS(L=90),22,test
2020-06-10,GLD,-3.67658,0.025309386,-3.3126507,0.03641951,N-BEATS(L=90),22,test
2020-06-10,SPY,-2.8331096,0.05882963,-3.037444,0.047957305,N-BEATS(L=90),22,test
2020-06-10,TLT,-3.609139,0.02707515,-3.3915493,0.03365649,N-BEATS(L=90),22,test
2020-06-11,GLD,-3.7215855,0.024195574,-3.1974568,0.040866002,N-BEATS(L=90),22,test
2020-06-11,SPY,-2.8509698,0.057788253,-2.970126,0.051296853,N-BEATS(L=90),22,test
2020-06-11,TLT,-3.6280863,0.026566977,-3.4013207,0.033329222,N-BEATS(L=90),22,test
2020-06-12,GLD,-3.7317913,0.023949897,-3.1845798,0.041395634,N-BEATS(L=90),22,test
2020-06-12,SPY,-2.925128,0.053657822,-2.9147081,0.054219853,N-BEATS(L=90),22,test
2020-06-12,TLT,-3.6486993,0.026024958,-3.427427,0.03247038,N-BEATS(L=90),22,test
2020-06-15,GLD,-3.7733054,0.022975992,-3.2550752,0.038577918,N-BEATS(L=90),22,test
2020-06-15,SPY,-2.992703,0.050151695,-2.818158,0.059715845,N-BEATS(L=90),22,test
2020-06-15,TLT,-3.6792004,0.02524315,-3.3871055,0.03380639,N-BEATS(L=90),22,test
2020-06-16,GLD,-3.796797,0.02244254,-3.3441653,0.03528966,N-BEATS(L=90),22,test
2020-06-16,SPY,-3.0480258,0.04745251,-2.770445,0.06263412,N-BEATS(L=90),22,test
2020-06-16,TLT,-3.7732344,0.022977624,-3.3404477,0.035421096,N-BEATS(L=90),22,test
2020-06-17,GLD,-3.795384,0.022474276,-3.2262738,0.039705172,N-BEATS(L=90),22,test
2020-06-17,SPY,-3.0423338,0.04772338,-2.901792,0.054924704,N-BEATS(L=90),22,test
2020-06-17,TLT,-3.8005185,0.022359176,-3.3081965,0.03658209,N-BEATS(L=90),22,test
2020-06-18,GLD,-3.7981753,0.022411628,-3.4284277,0.032437902,N-BEATS(L=90),22,test
2020-06-18,SPY,-3.0408182,0.047795765,-2.9377518,0.05298472,N-BEATS(L=90),22,test
2020-06-18,TLT,-3.8069549,0.022215726,-3.403745,0.03324852,N-BEATS(L=90),22,test
2020-06-19,GLD,-3.7768114,0.02289558,-3.4142122,0.032902315,N-BEATS(L=90),22,test
2020-06-19,SPY,-3.0822875,0.045854244,-3.0380018,0.04793057,N-BEATS(L=90),22,test
2020-06-19,TLT,-3.8195977,0.021936623,-3.480322,0.030797496,N-BEATS(L=90),22,test
2020-06-22,GLD,-3.708323,0.024518607,-3.5101135,0.029893521,N-BEATS(L=90),22,test
2020-06-22,SPY,-3.0721557,0.04632119,-2.9754891,0.05102247,N-BEATS(L=90),22,test
2020-06-22,TLT,-3.8201985,0.021923447,-3.535622,0.029140629,N-BEATS(L=90),22,test
2020-06-23,GLD,-3.7049427,0.024601627,-3.5122447,0.02982988,N-BEATS(L=90),22,test
2020-06-23,SPY,-3.0716727,0.046343572,-3.1686742,0.04205932,N-BEATS(L=90),22,test
2020-06-23,TLT,-3.8248014,0.021822767,-3.350726,0.035058897,N-BEATS(L=90),22,test
2020-06-24,GLD,-3.7208674,0.024212956,-3.4626667,0.031346057,N-BEATS(L=90),22,test
2020-06-24,SPY,-3.1249871,0.0439375,-3.1788745,0.041632485,N-BEATS(L=90),22,test
2020-06-24,TLT,-3.826276,0.021790612,-3.5550365,0.02858033,N-BEATS(L=90),22,test
2020-06-25,GLD,-3.659981,0.025733002,-3.7118168,0.024433093,N-BEATS(L=90),22,test
2020-06-25,SPY,-3.1582623,0.04249953,-3.3109212,0.03648255,N-BEATS(L=90),22,test
2020-06-25,TLT,-3.8289487,0.02173245,-3.5588193,0.028472422,N-BEATS(L=90),22,test
2020-06-26,GLD,-3.569084,0.028181659,-3.7220492,0.024184357,N-BEATS(L=90),22,test
2020-06-26,SPY,-3.180186,0.04157792,-3.2247994,0.039763756,N-BEATS(L=90),22,test
2020-06-26,TLT,-3.803393,0.022294998,-3.5818076,0.027825356,N-BEATS(L=90),22,test
2020-06-29,GLD,-3.530308,0.029295892,-3.7145007,0.024367606,N-BEATS(L=90),22,test
2020-06-29,SPY,-3.1930776,0.041045357,-3.4327543,0.03229786,N-BEATS(L=90),22,test
2020-06-29,TLT,-3.8135276,0.022070186,-3.6293523,0.026533363,N-BEATS(L=90),22,test
2020-06-30,GLD,-3.5394223,0.029030094,-3.7677007,0.023105128,N-BEATS(L=90),22,test
2020-06-30,SPY,-3.1945117,0.040986538,-3.4995897,0.030209776,N-BEATS(L=90),22,test
2020-06-30,TLT,-3.8202069,0.021923264,-3.6858962,0.025074694,N-BEATS(L=90),22,test
2020-07-01,GLD,-3.5493464,0.02874342,-3.6931658,0.024893072,N-BEATS(L=90),22,test
2020-07-01,SPY,-3.2010665,0.040718753,-3.523161,0.02950602,N-BEATS(L=90),22,test
2020-07-01,TLT,-3.84226,0.021445083,-3.7177932,0.024287505,N-BEATS(L=90),22,test
2020-07-02,GLD,-3.5019326,0.03013908,-3.712596,0.024414064,N-BEATS(L=90),22,test
2020-07-02,SPY,-3.222089,0.039871678,-3.5997055,0.027331771,N-BEATS(L=90),22,test
2020-07-02,TLT,-3.870719,0.02084338,-3.6309597,0.026490748,N-BEATS(L=90),22,test
2020-07-06,GLD,-3.462946,0.03133731,-3.759709,0.02329052,N-BEATS(L=90),22,test
2020-07-06,SPY,-3.2269633,0.039677806,-3.6197689,0.026788868,N-BEATS(L=90),22,test
2020-07-06,TLT,-3.8852272,0.02054316,-3.5958772,0.027436607,N-BEATS(L=90),22,test
2020-07-07,GLD,-3.444409,0.031923626,-3.7251418,0.024109682,N-BEATS(L=90),22,test
2020-07-07,SPY,-3.2446773,0.03898114,-3.639314,0.026270362,N-BEATS(L=90),22,test
2020-07-07,TLT,-3.879948,0.020651901,-3.6129363,0.026972532,N-BEATS(L=90),22,test
2020-07-08,GLD,-3.3874295,0.03379544,-3.6891253,0.024993856,N-BEATS(L=90),22,test
2020-07-08,SPY,-3.255252,0.038571104,-3.560473,0.028425377,N-BEATS(L=90),22,test
2020-07-08,TLT,-3.8613923,0.021038689,-3.5910833,0.02756845,N-BEATS(L=90),22,test
2020-07-09,GLD,-3.3630846,0.03462828,-3.8115833,0.02211314,N-BEATS(L=90),22,test
2020-07-09,SPY,-3.3088727,0.03655736,-3.576967,0.027960373,N-BEATS(L=90),22,test
2020-07-09,TLT,-3.9225786,0.01979,-3.5141902,0.029771902,N-BEATS(L=90),22,test
2020-07-10,GLD,-3.313997,0.03637051,-3.7310522,0.023967605,N-BEATS(L=90),22,test
2020-07-10,SPY,-3.312735,0.036416434,-3.5912507,0.027563836,N-BEATS(L=90),22,test
2020-07-10,TLT,-3.912831,0.019983845,-3.5383346,0.029061686,N-BEATS(L=90),22,test
2020-07-13,GLD,-3.2814534,0.03757361,-3.7070577,0.02454965,N-BEATS(L=90),22,test
2020-07-13,SPY,-3.409423,0.033060268,-3.4705799,0.031098992,N-BEATS(L=90),22,test
2020-07-13,TLT,-3.921029,0.019820686,-3.5541565,0.028605493,N-BEATS(L=90),22,test
2020-07-14,GLD,-3.2418003,0.03909345,-3.649368,0.02600756,N-BEATS(L=90),22,test
2020-07-14,SPY,-3.4853907,0.030641785,-3.4668975,0.031213721,N-BEATS(L=90),22,test
2020-07-14,TLT,-3.848988,0.02130128,-3.4798186,0.030813001,N-BEATS(L=90),22,test
2020-07-15,GLD,-3.2246206,0.039770868,-3.599711,0.027331622,N-BEATS(L=90),22,test
2020-07-15,SPY,-3.515041,0.02974658,-3.5794842,0.027890079,N-BEATS(L=90),22,test
2020-07-15,TLT,-3.8574612,0.021121554,-3.4958177,0.030323943,N-BEATS(L=90),22,test
2020-07-16,GLD,-3.2161982,0.040107246,-3.6710055,0.025450867,N-BEATS(L=90),22,test
2020-07-16,SPY,-3.5206606,0.029579887,-3.537391,0.029089123,N-BEATS(L=90),22,test
2020-07-16,TLT,-3.8473043,0.021337178,-3.3836038,0.033924975,N-BEATS(L=90),22,test
2020-07-17,GLD,-3.162002,0.042340886,-3.6806946,0.025205461,N-BEATS(L=90),22,test
2020-07-17,SPY,-3.527493,0.029378476,-3.6190178,0.026808994,N-BEATS(L=90),22,test
2020-07-17,TLT,-3.8508656,0.021261325,-3.3525715,0.034994252,N-BEATS(L=90),22,test
2020-07-20,GLD,-3.1103628,0.044584777,-3.6048741,0.027190868,N-BEATS(L=90),22,test
2020-07-20,SPY,-3.5504305,0.028712275,-3.5919893,0.027543483,N-BEATS(L=90),22,test
2020-07-20,TLT,-3.798741,0.022398952,-3.456852,0.03152886,N-BEATS(L=90),22,test
2020-07-21,GLD,-3.0998302,0.045056853,-3.5880764,0.02765147,N-BEATS(L=90),22,test
2020-07-21,SPY,-3.5548582,0.028585428,-3.5131779,0.029802056,N-BEATS(L=90),22,test
2020-07-21,TLT,-3.7970276,0.022437366,-3.3301105,0.035789147,N-BEATS(L=90),22,test
2020-07-22,GLD,-3.088086,0.045589134,-3.5818,0.027825568,N-BEATS(L=90),22,test
2020-07-22,SPY,-3.5571427,0.028520199,-3.5340023,0.029187864,N-BEATS(L=90),22,test
2020-07-22,TLT,-3.7759478,0.022915361,-3.3286932,0.03583991,N-BEATS(L=90),22,test
2020-07-23,GLD,-3.1066077,0.044752512,-3.4386654,0.032107506,N-BEATS(L=90),22,test
2020-07-23,SPY,-3.5954502,0.027448324,-3.5632632,0.028346175,N-BEATS(L=90),22,test
2020-07-23,TLT,-3.7805812,0.02280943,-3.2644956,0.038216207,N-BEATS(L=90),22,test
2020-07-24,GLD,-3.1008828,0.045009453,-3.6351047,0.026381174,N-BEATS(L=90),22,test
2020-07-24,SPY,-3.6100376,0.02705083,-3.5495415,0.028737813,N-BEATS(L=90),22,test
2020-07-24,TLT,-3.7654905,0.02315625,-3.0700157,0.04642043,N-BEATS(L=90),22,test
2020-07-27,GLD,-3.0919354,0.045413975,-3.5974271,0.027394114,N-BEATS(L=90),22,test
2020-07-27,SPY,-3.6051342,0.027183795,-3.5238388,0.029486028,N-BEATS(L=90),22,test
2020-07-27,TLT,-3.757938,0.023331802,-3.2738526,0.037860285,N-BEATS(L=90),22,test
2020-07-28,GLD,-3.033125,0.04816489,-3.6392229,0.026272753,N-BEATS(L=90),22,test
2020-07-28,SPY,-3.594974,0.027461397,-3.5083141,0.02994736,N-BEATS(L=90),22,test
2020-07-28,TLT,-3.7015698,0.024684746,-3.2954464,0.037051503,N-BEATS(L=90),22,test
2020-07-29,GLD,-3.0633245,0.04673208,-3.6060011,0.02716024,N-BEATS(L=90),22,test
2020-07-29,SPY,-3.5998704,0.027327262,-3.583799,0.027770003,N-BEATS(L=90),22,test
2020-07-29,TLT,-3.7036686,0.024632992,-3.315738,0.036307245,N-BEATS(L=90),22,test
2020-07-30,GLD,-3.0744545,0.04621483,-3.5459735,0.02884053,N-BEATS(L=90),22,test
2020-07-30,SPY,-3.65424,0.025881162,-3.683367,0.025138192,N-BEATS(L=90),22,test
2020-07-30,TLT,-3.6681943,0.025522515,-3.4075918,0.033120867,N-BEATS(L=90),22,test
2020-07-31,GLD,-3.0666285,0.04657793,-3.5449893,0.02886893,N-BEATS(L=90),22,test
2020-07-31,SPY,-3.7363253,0.023841554,-3.6972685,0.024791151,N-BEATS(L=90),22,test
2020-07-31,TLT,-3.621622,0.026739268,-3.4305239,0.03236998,N-BEATS(L=90),22,test
2020-08-03,GLD,-3.0587792,0.04694497,-3.6738255,0.025379196,N-BEATS(L=90),22,test
2020-08-03,SPY,-3.6798973,0.025225565,-3.6186068,0.026820015,N-BEATS(L=90),22,test
2020-08-03,TLT,-3.610756,0.027031405,-3.5473552,0.028800711,N-BEATS(L=90),22,test
2020-08-04,GLD,-3.0665517,0.046581507,-3.6161892,0.026884934,N-BEATS(L=90),22,test
2020-08-04,SPY,-3.4224994,0.032630775,-3.5440123,0.02889715,N-BEATS(L=90),22,test
2020-08-04,TLT,-3.575828,0.027992237,-3.6134872,0.026957674,N-BEATS(L=90),22,test
2020-08-05,GLD,-3.0726082,0.046300236,-3.418651,0.03275659,N-BEATS(L=90),22,test
2020-08-05,SPY,-3.1771705,0.04170349,-3.4983144,0.030248327,N-BEATS(L=90),22,test
2020-08-05,TLT,-3.550166,0.028719874,-3.7567425,0.023359712,N-BEATS(L=90),22,test
2020-08-06,GLD,-3.0555732,0.047095716,-3.584358,0.02775448,N-BEATS(L=90),22,test
2020-08-06,SPY,-3.084624,0.045747228,-3.6553998,0.02585116,N-BEATS(L=90),22,test
2020-08-06,TLT,-3.554122,0.028606482,-3.585722,0.02771665,N-BEATS(L=90),22,test
2020-08-07,GLD,-3.0857775,0.045694493,-3.580549,0.0278604,N-BEATS(L=90),22,test
2020-08-07,SPY,-3.0596032,0.046906304,-3.5595288,0.028452227,N-BEATS(L=90),22,test
2020-08-07,TLT,-3.555188,0.028576003,-3.638664,0.02628744,N-BEATS(L=90),22,test
2020-08-10,GLD,-3.0998254,0.04505707,-3.585926,0.027710995,N-BEATS(L=90),22,test
2020-08-10,SPY,-3.0237312,0.048619468,-3.6110954,0.02702223,N-BEATS(L=90),22,test
2020-08-10,TLT,-3.5198224,0.029604694,-3.651758,0.025945477,N-BEATS(L=90),22,test
2020-08-11,GLD,-3.1327727,0.04359675,-3.3281727,0.03585857,N-BEATS(L=90),22,test
2020-08-11,SPY,-3.0093076,0.04932582,-3.5674303,0.0282283,N-BEATS(L=90),22,test
2020-08-11,TLT,-3.5447152,0.028876847,-3.871336,0.020830521,N-BEATS(L=90),22,test
2020-08-12,GLD,-3.1583579,0.042495467,-3.1361547,0.043449555,N-BEATS(L=90),22,test
2020-08-12,SPY,-2.9811509,0.050734412,-3.6612384,0.025700664,N-BEATS(L=90),22,test
2020-08-12,TLT,-3.5502918,0.02871626,-3.7392905,0.023770964,N-BEATS(L=90),22,test
2020-08-13,GLD,-3.185807,0.041344866,-3.261981,0.038312424,N-BEATS(L=90),22,test
2020-08-13,SPY,-2.9761615,0.05098818,-3.5270464,0.029391598,N-BEATS(L=90),22,test
2020-08-13,TLT,-3.5929117,0.027518088,-3.8221698,0.021880275,N-BEATS(L=90),22,test
2020-08-14,GLD,-3.1962101,0.04091698,-3.1937876,0.041016225,N-BEATS(L=90),22,test
2020-08-14,SPY,-2.9664652,0.051484976,-3.58792,0.027655795,N-BEATS(L=90),22,test
2020-08-14,TLT,-3.5705242,0.028141098,-3.6632957,0.025647845,N-BEATS(L=90),22,test
2020-08-17,GLD,-3.201242,0.04071161,-3.1131961,0.04445863,N-BEATS(L=90),22,test
2020-08-17,SPY,-2.9532533,0.052169707,-3.7484484,0.023554265,N-BEATS(L=90),22,test
2020-08-17,TLT,-3.5720143,0.028099196,-3.7022314,0.02466842,N-BEATS(L=90),22,test
2020-08-18,GLD,-3.2520666,0.03869416,-3.2391806,0.039196,N-BEATS(L=90),22,test
2020-08-18,SPY,-2.9259942,0.053611368,-3.7444046,0.023649707,N-BEATS(L=90),22,test
2020-08-18,TLT,-3.571409,0.028116211,-3.7052662,0.024593668,N-BEATS(L=90),22,test
2020-08-19,GLD,-3.2554886,0.038561974,-3.2482421,0.03884243,N-BEATS(L=90),22,test
2020-08-19,SPY,-2.908093,0.054579716,-3.6296237,0.026526166,N-BEATS(L=90),22,test
2020-08-19,TLT,-3.593697,0.027496485,-3.6039822,0.02721513,N-BEATS(L=90),22,test
2020-08-20,GLD,-3.2585008,0.038445994,-3.105483,0.04480287,N-BEATS(L=90),22,test
2020-08-20,SPY,-2.8948843,0.05530542,-3.5612662,0.028402839,N-BEATS(L=90),22,test
2020-08-20,TLT,-3.5874958,0.027667528,-3.6367667,0.026337365,N-BEATS(L=90),22,test
2020-08-21,GLD,-3.2520995,0.038692888,-3.1025593,0.044934053,N-BEATS(L=90),22,test
2020-08-21,SPY,-2.8742435,0.056458835,-3.6419642,0.02620083,N-BEATS(L=90),22,test
2020-08-21,TLT,-3.5935225,0.027501285,-3.7233217,0.024153603,N-BEATS(L=90),22,test
2020-08-24,GLD,-3.2351758,0.039353285,-3.0607543,0.046852343,N-BEATS(L=90),22,test
2020-08-24,SPY,-2.8492959,0.057885066,-3.6962256,0.024817018,N-BEATS(L=90),22,test
2020-08-24,TLT,-3.6041327,0.027211037,-3.7540584,0.023422496,N-BEATS(L=90),22,test
2020-08-25,GLD,-3.2371511,0.039275628,-3.169965,0.042005066,N-BEATS(L=90),22,test
2020-08-25,SPY,-2.8281527,0.05912197,-3.6767642,0.025304722,N-BEATS(L=90),22,test
2020-08-25,TLT,-3.616942,0.026864706,-3.8157048,0.022022188,N-BEATS(L=90),22,test
2020-08-26,GLD,-3.2443285,0.03899474,-3.21519,0.040147707,N-BEATS(L=90),22,test
2020-08-26,SPY,-2.8280363,0.05912885,-3.6239495,0.026677106,N-BEATS(L=90),22,test
2020-08-26,TLT,-3.6281838,0.026564386,-3.7024505,0.024663016,N-BEATS(L=90),22,test
2020-08-27,GLD,-3.364791,0.034569245,-3.1945393,0.0409854,N-BEATS(L=90),22,test
2020-08-27,SPY,-2.8296046,0.05903619,-3.6757264,0.025330998,N-BEATS(L=90),22,test
2020-08-27,TLT,-3.6753337,0.025340946,-3.7021253,0.024671037,N-BEATS(L=90),22,test
2020-08-28,GLD,-3.365177,0.0345559,-3.0895383,0.045522965,N-BEATS(L=90),22,test
2020-08-28,SPY,-2.816049,0.059841905,-3.5769103,0.02796196,N-BEATS(L=90),22,test
2020-08-28,TLT,-3.6756382,0.025333233,-3.7393553,0.023769422,N-BEATS(L=90),22,test
2020-08-31,GLD,-3.3607929,0.03470773,-3.2102346,0.040347144,N-BEATS(L=90),22,test
2020-08-31,SPY,-2.8101058,0.060198624,-3.6926591,0.024905685,N-BEATS(L=90),22,test
2020-08-31,TLT,-3.68259,0.025157731,-3.514353,0.029767055,N-BEATS(L=90),22,test
2020-09-01,GLD,-3.3780677,0.034113307,-3.3272567,0.035891432,N-BEATS(L=90),22,test
2020-09-01,SPY,-2.7958574,0.061062496,-3.6999671,0.024724338,N-BEATS(L=90),22,test
2020-09-01,TLT,-3.7346232,0.023882167,-3.7211945,0.024205038,N-BEATS(L=90),22,test
2020-09-02,GLD,-3.398557,0.033421464,-3.0344353,0.04810182,N-BEATS(L=90),22,test
2020-09-02,SPY,-2.804197,0.060555372,-3.5833905,0.027781347,N-BEATS(L=90),22,test
2020-09-02,TLT,-3.7487328,0.023547566,-3.7240798,0.024135299,N-BEATS(L=90),22,test
2020-09-03,GLD,-3.3953738,0.03352802,-3.2154083,0.04013894,N-BEATS(L=90),22,test
2020-09-03,SPY,-2.8398676,0.058433402,-3.6448498,0.026125334,N-BEATS(L=90),22,test
2020-09-03,TLT,-3.690147,0.024968334,-3.7291114,0.024014164,N-BEATS(L=90),22,test
2020-09-04,GLD,-3.4148955,0.03287984,-2.8952484,0.05528529,N-BEATS(L=90),22,test
2020-09-04,SPY,-2.9452279,0.052590076,-3.6292667,0.026535634,N-BEATS(L=90),22,test
2020-09-04,TLT,-3.696574,0.024808375,-3.824306,0.021833582,N-BEATS(L=90),22,test
2020-09-08,GLD,-3.4507914,0.031720523,-3.2352216,0.039351482,N-BEATS(L=90),22,test
2020-09-08,SPY,-3.0152383,0.04903415,-3.5369291,0.02910256,N-BEATS(L=90),22,test
2020-09-08,TLT,-3.7220132,0.02418523,-3.7588234,0.023311153,N-BEATS(L=90),22,test
2020-09-09,GLD,-3.4505413,0.031728458,-3.278363,0.037689906,N-BEATS(L=90),22,test
2020-09-09,SPY,-3.0390112,0.04788221,-3.4089975,0.033074338,N-BEATS(L=90),22,test
2020-09-09,TLT,-3.720863,0.02421306,-3.6045468,0.02719977,N-BEATS(L=90),22,test
2020-09-10,GLD,-3.472505,0.031039177,-3.3294334,0.03581339,N-BEATS(L=90),22,test
2020-09-10,SPY,-3.0667708,0.0465713,-3.3108454,0.036485318,N-BEATS(L=90),22,test
2020-09-10,TLT,-3.7766721,0.022898769,-3.5583923,0.028484583,N-BEATS(L=90),22,test
2020-09-11,GLD,-3.474071,0.03099061,-3.3861382,0.033839107,N-BEATS(L=90),22,test
2020-09-11,SPY,-3.0945354,0.045296054,-3.1937785,0.041016597,N-BEATS(L=90),22,test
2020-09-11,TLT,-3.776914,0.022893233,-3.570596,0.028139079,N-BEATS(L=90),22,test
2020-09-14,GLD,-3.469925,0.031119367,-3.4388838,0.032100495,N-BEATS(L=90),22,test
2020-09-14,SPY,-3.1182044,0.04423653,-3.2038949,0.04060375,N-BEATS(L=90),22,test
2020-09-14,TLT,-3.777843,0.022871973,-3.7535686,0.023433968,N-BEATS(L=90),22,test
2020-09-15,GLD,-3.476801,0.030906124,-3.407404,0.033127088,N-BEATS(L=90),22,test
2020-09-15,SPY,-3.1176336,0.044261787,-3.2256157,0.03973131,N-BEATS(L=90),22,test
2020-09-15,TLT,-3.762762,0.023219518,-3.7218893,0.024188226,N-BEATS(L=90),22,test
2020-09-16,GLD,-3.486362,0.030612037,-3.4811492,0.030772028,N-BEATS(L=90),22,test
2020-09-16,SPY,-3.1224444,0.044049364,-3.467873,0.031183284,N-BEATS(L=90),22,test
2020-09-16,TLT,-3.7815256,0.022787899,-3.8082237,0.022187555,N-BEATS(L=90),22,test
2020-09-17,GLD,-3.4970217,0.030287456,-3.6798236,0.025227424,N-BEATS(L=90),22,test
2020-09-17,SPY,-3.106001,0.044779677,-3.297034,0.036992725,N-BEATS(L=90),22,test
2020-09-17,TLT,-3.7812266,0.022794714,-3.7108798,0.024455998,N-BEATS(L=90),22,test
2020-09-18,GLD,-3.4957423,0.030326229,-3.5692694,0.02817643,N-BEATS(L=90),22,test
2020-09-18,SPY,-3.132564,0.043605845,-3.0804853,0.045936957,N-BEATS(L=90),22,test
2020-09-18,TLT,-3.7749877,0.022937372,-3.630717,0.026497178,N-BEATS(L=90),22,test
2020-09-21,GLD,-3.603127,0.027238414,-3.6114473,0.027012723,N-BEATS(L=90),22,test
2020-09-21,SPY,-3.156446,0.04257679,-3.0437481,0.047655933,N-BEATS(L=90),22,test
2020-09-21,TLT,-3.7808485,0.022803335,-3.69187,0.02492535,N-BEATS(L=90),22,test
2020-09-22,GLD,-3.6156764,0.026898725,-3.3940043,0.033573966,N-BEATS(L=90),22,test
2020-09-22,SPY,-3.1637988,0.04226488,-3.107993,0.044690564,N-BEATS(L=90),22,test
2020-09-22,TLT,-3.768525,0.023086093,-3.51858,0.029641498,N-BEATS(L=90),22,test
2020-09-23,GLD,-3.6679194,0.025529532,-3.5121858,0.029831637,N-BEATS(L=90),22,test
2020-09-23,SPY,-3.194645,0.040981073,-2.9955974,0.050006747,N-BEATS(L=90),22,test
2020-09-23,TLT,-3.7680109,0.023097962,-3.5467331,0.028818632,N-BEATS(L=90),22,test
2020-09-24,GLD,-3.7265399,0.024075998,-3.3763719,0.03417121,N-BEATS(L=90),22,test
2020-09-24,SPY,-3.196071,0.04092268,-2.852404,0.057705425,N-BEATS(L=90),22,test
2020-09-24,TLT,-3.7544196,0.023414036,-3.807711,0.022198936,N-BEATS(L=90),22,test
2020-09-25,GLD,-3.7414246,0.023720289,-3.2342696,0.039388962,N-BEATS(L=90),22,test
2020-09-25,SPY,-3.24227,0.039075095,-2.8973649,0.055168405,N-BEATS(L=90),22,test
2020-09-25,TLT,-3.752902,0.023449596,-3.6312137,0.026484022,N-BEATS(L=90),22,test
2020-09-28,GLD,-3.7482283,0.02355945,-3.3384452,0.0354921,N-BEATS(L=90),22,test
2020-09-28,SPY,-3.093741,0.04533205,-2.7159932,0.066139236,N-BEATS(L=90),22,test
2020-09-28,TLT,-3.7356462,0.023857748,-3.6285586,0.026554432,N-BEATS(L=90),22,test
2020-09-29,GLD,-3.7409792,0.023730855,-3.4822047,0.030739566,N-BEATS(L=90),22,test
2020-09-29,SPY,-3.0365508,0.048000168,-2.9813066,0.050726514,N-BEATS(L=90),22,test
2020-09-29,TLT,-3.6834724,0.025135543,-3.6647072,0.025611669,N-BEATS(L=90),22,test
2020-09-30,GLD,-3.7740207,0.022959564,-3.5003881,0.030185664,N-BEATS(L=90),22,test
2020-09-30,SPY,-3.0139227,0.0490987,-3.22124,0.039905544,N-BEATS(L=90),22,test
2020-09-30,TLT,-3.6845026,0.025109662,-3.648707,0.026024759,N-BEATS(L=90),22,test
2020-10-01,GLD,-3.7990963,0.022390997,-3.440143,0.032060098,N-BEATS(L=90),22,test
2020-10-01,SPY,-3.0015,0.04971245,-3.0831714,0.045813736,N-BEATS(L=90),22,test
2020-10-01,TLT,-3.7053118,0.024592549,-3.8059902,0.022237167,N-BEATS(L=90),22,test
2020-10-02,GLD,-3.8002477,0.022365233,-3.3464022,0.03521081,N-BEATS(L=90),22,test
2020-10-02,SPY,-2.9760716,0.05099276,-2.9089336,0.05453385,N-BEATS(L=90),22,test
2020-10-02,TLT,-3.7168884,0.024309492,-3.8474329,0.021334436,N-BEATS(L=90),22,test
2020-10-05,GLD,-3.785869,0.02268914,-3.4130316,0.032941185,N-BEATS(L=90),22,test
2020-10-05,SPY,-2.930285,0.053381823,-2.9226055,0.053793345,N-BEATS(L=90),22,test
2020-10-05,TLT,-3.687964,0.025022898,-3.727634,0.024049671,N-BEATS(L=90),22,test
2020-10-06,GLD,-3.8220959,0.021881891,-3.647194,0.026064165,N-BEATS(L=90),22,test
2020-10-06,SPY,-2.955301,0.052062985,-3.1594467,0.04244922,N-BEATS(L=90),22,test
2020-10-06,TLT,-3.777311,0.022884142,-3.6193633,0.026799735,N-BEATS(L=90),22,test
2020-10-07,GLD,-3.810846,0.022129448,-3.5793586,0.027893584,N-BEATS(L=90),22,test
2020-10-07,SPY,-2.949813,0.0523495,-3.1015759,0.04497827,N-BEATS(L=90),22,test
2020-10-07,TLT,-3.804943,0.022260465,-3.4266212,0.032496557,N-BEATS(L=90),22,test
2020-10-08,GLD,-3.7553575,0.023392087,-3.5718122,0.028104877,N-BEATS(L=90),22,test
2020-10-08,SPY,-2.9259994,0.053611085,-3.1664605,0.04215253,N-BEATS(L=90),22,test
2020-10-08,TLT,-3.7649624,0.023168482,-3.3571599,0.034834053,N-BEATS(L=90),22,test
2020-10-09,GLD,-3.7576826,0.023337761,-3.5418308,0.02896026,N-BEATS(L=90),22,test
2020-10-09,SPY,-2.9145184,0.054230146,-3.2547863,0.038589068,N-BEATS(L=90),22,test
2020-10-09,TLT,-3.7797155,0.022829184,-3.3324237,0.03570646,N-BEATS(L=90),22,test
2020-10-12,GLD,-3.7533422,0.023439277,-3.5563064,0.02854406,N-BEATS(L=90),22,test
2020-10-12,SPY,-2.9230678,0.053768482,-3.3682086,0.034451295,N-BEATS(L=90),22,test
2020-10-12,TLT,-3.7742338,0.02295467,-3.5377822,0.029077744,N-BEATS(L=90),22,test
2020-10-13,GLD,-3.7654505,0.023157177,-3.6324449,0.026451435,N-BEATS(L=90),22,test
2020-10-13,SPY,-2.9111505,0.054413095,-3.2762675,0.037768967,N-BEATS(L=90),22,test
2020-10-13,TLT,-3.7538116,0.023428276,-3.3988018,0.033413284,N-BEATS(L=90),22,test
2020-10-14,GLD,-3.7723672,0.022997558,-3.6767554,0.025304945,N-BEATS(L=90),22,test
2020-10-14,SPY,-2.9152362,0.054191228,-3.345912,0.035228074,N-BEATS(L=90),22,test
2020-10-14,TLT,-3.7579787,0.023330852,-3.7664309,0.023134487,N-BEATS(L=90),22,test
2020-10-15,GLD,-3.7755446,0.022924602,-3.677997,0.025273545,N-BEATS(L=90),22,test
2020-10-15,SPY,-2.9190166,0.05398675,-3.4300165,0.032386407,N-BEATS(L=90),22,test
2020-10-15,TLT,-3.772423,0.022996275,-3.902633,0.020188686,N-BEATS(L=90),22,test
2020-10-16,GLD,-3.7658548,0.023147816,-3.55753,0.028509157,N-BEATS(L=90),22,test
2020-10-16,SPY,-2.9186172,0.054008316,-3.1944096,0.040990718,N-BEATS(L=90),22,test
2020-10-16,TLT,-3.792652,0.02253576,-3.6618056,0.02568609,N-BEATS(L=90),22,test
2020-10-19,GLD,-3.745135,0.023632437,-3.540046,0.029011993,N-BEATS(L=90),22,test
2020-10-19,SPY,-2.936515,0.053050283,-3.3487744,0.03512738,N-BEATS(L=90),22,test
2020-10-19,TLT,-3.7796283,0.022831177,-3.650115,0.02598814,N-BEATS(L=90),22,test
2020-10-20,GLD,-3.7677674,0.023103585,-3.7037694,0.024630507,N-BEATS(L=90),22,test
2020-10-20,SPY,-2.9411592,0.05280448,-3.4618,0.031373236,N-BEATS(L=90),22,test
2020-10-20,TLT,-3.781153,0.022796392,-3.7647235,0.023174018,N-BEATS(L=90),22,test
2020-10-21,GLD,-3.7768629,0.022894401,-3.7715392,0.02301661,N-BEATS(L=90),22,test
2020-10-21,SPY,-2.947349,0.052478638,-3.4085062,0.033090595,N-BEATS(L=90),22,test
2020-10-21,TLT,-3.7893732,0.02260977,-3.759046,0.023305962,N-BEATS(L=90),22,test
2020-10-22,GLD,-3.717229,0.024301216,-3.7367113,0.023832353,N-BEATS(L=90),22,test
2020-10-22,SPY,-2.9509027,0.05229248,-3.370569,0.034370076,N-BEATS(L=90),22,test
2020-10-22,TLT,-3.811071,0.022124473,-3.7410252,0.023729762,N-BEATS(L=90),22,test
2020-10-23,GLD,-3.7337666,0.023902636,-3.6248066,0.02665425,N-BEATS(L=90),22,test
2020-10-23,SPY,-2.9478,0.052454986,-3.4661427,0.031237291,N-BEATS(L=90),22,test
2020-10-23,TLT,-3.822102,0.021881755,-3.762463,0.02322646,N-BEATS(L=90),22,test
2020-10-26,GLD,-3.7228138,0.024165872,-3.6059875,0.02716061,N-BEATS(L=90),22,test
2020-10-26,SPY,-2.9855723,0.050510585,-3.532805,0.029222831,N-BEATS(L=90),22,test
2020-10-26,TLT,-3.8128936,0.022084182,-3.711222,0.024447631,N-BEATS(L=90),22,test
2020-10-27,GLD,-3.7256339,0.02409782,-3.5657237,0.028276516,N-BEATS(L=90),22,test
2020-10-27,SPY,-2.985994,0.050489288,-3.632037,0.026462227,N-BEATS(L=90),22,test
2020-10-27,TLT,-3.8203602,0.021919904,-3.515232,0.0297409,N-BEATS(L=90),22,test
2020-10-28,GLD,-3.7217863,0.024190718,-3.6094797,0.027065927,N-BEATS(L=90),22,test
2020-10-28,SPY,-3.0957181,0.04524251,-3.592524,0.02752876,N-BEATS(L=90),22,test
2020-10-28,TLT,-3.8332665,0.021638816,-3.6202846,0.026775056,N-BEATS(L=90),22,test
2020-10-29,GLD,-3.72546,0.02410201,-3.5656948,0.028277332,N-BEATS(L=90),22,test
2020-10-29,SPY,-3.1628592,0.04230461,-3.320093,0.036149472,N-BEATS(L=90),22,test
2020-10-29,TLT,-3.836295,0.021573385,-3.7252493,0.02410709,N-BEATS(L=90),22,test
2020-10-30,GLD,-3.713625,0.024388954,-3.4534142,0.031637434,N-BEATS(L=90),22,test
2020-10-30,SPY,-3.2246659,0.03976907,-3.3606877,0.03471138,N-BEATS(L=90),22,test
2020-10-30,TLT,-3.8292577,0.021725737,-3.7261522,0.024085334,N-BEATS(L=90),22,test
2020-11-02,GLD,-3.6771345,0.025295354,-3.4913497,0.030459734,N-BEATS(L=90),22,test
2020-11-02,SPY,-3.2551768,0.038574003,-3.123319,0.04401086,N-BEATS(L=90),22,test
2020-11-02,TLT,-3.8171358,0.021990696,-3.6245596,0.026660835,N-BEATS(L=90),22,test
2020-11-03,GLD,-3.6549633,0.025862448,-3.4334404,0.032275707,N-BEATS(L=90),22,test
2020-11-03,SPY,-3.350158,0.035078812,-3.2215664,0.03989252,N-BEATS(L=90),22,test
2020-11-03,TLT,-3.8166316,0.022001788,-3.738953,0.023778984,N-BEATS(L=90),22,test
2020-11-04,GLD,-3.6390173,0.026278153,-3.408492,0.03309106,N-BEATS(L=90),22,test
2020-11-04,SPY,-3.4678433,0.031184213,-3.2180953,0.040031232,N-BEATS(L=90),22,test
2020-11-04,TLT,-3.8567903,0.02113573,-3.8987482,0.020267267,N-BEATS(L=90),22,test
2020-11-05,GLD,-3.6491559,0.026013078,-3.372017,0.034320347,N-BEATS(L=90),22,test
2020-11-05,SPY,-3.4800897,0.030804649,-3.278906,0.03766944,N-BEATS(L=90),22,test
2020-11-05,TLT,-3.8684964,0.020889755,-3.8533468,0.021208636,N-BEATS(L=90),22,test
2020-11-06,GLD,-3.593799,0.02749368,-3.3734758,0.034270313,N-BEATS(L=90),22,test
2020-11-06,SPY,-3.4859908,0.030623402,-3.2341526,0.039393574,N-BEATS(L=90),22,test
2020-11-06,TLT,-3.8509443,0.021259652,-3.7960174,0.022460043,N-BEATS(L=90),22,test
2020-11-09,GLD,-3.6308718,0.026493078,-3.436901,0.032164205,N-BEATS(L=90),22,test
2020-11-09,SPY,-3.5478559,0.028786296,-3.2809672,0.03759188,N-BEATS(L=90),22,test
2020-11-09,TLT,-3.8728704,0.020798583,-3.874607,0.020762494,N-BEATS(L=90),22,test
2020-11-10,GLD,-3.6213923,0.026745414,-3.2874622,0.037348513,N-BEATS(L=90),22,test
2020-11-10,SPY,-3.5769665,0.027960386,-3.0728123,0.04629079,N-BEATS(L=90),22,test
2020-11-10,TLT,-3.871588,0.020825272,-3.620468,0.026770148,N-BEATS(L=90),22,test
2020-11-11,GLD,-3.6000934,0.027321171,-3.3654826,0.034545343,N-BEATS(L=90),22,test
2020-11-11,SPY,-3.554778,0.028587718,-3.292115,0.03717514,N-BEATS(L=90),22,test
2020-11-11,TLT,-3.8408403,0.021475546,-3.6275494,0.026581245,N-BEATS(L=90),22,test
2020-11-12,GLD,-3.6021798,0.027264228,-3.5605006,0.02842459,N-BEATS(L=90),22,test
2020-11-12,SPY,-3.596568,0.027417656,-3.3715234,0.03433729,N-BEATS(L=90),22,test
2020-11-12,TLT,-3.8433905,0.021420851,-3.647492,0.026056398,N-BEATS(L=90),22,test
2020-11-13,GLD,-3.571641,0.028109688,-3.5672204,0.028234223,N-BEATS(L=90),22,test
2020-11-13,SPY,-3.614049,0.026942536,-3.3922963,0.03363136,N-BEATS(L=90),22,test
2020-11-13,TLT,-3.8125532,0.022091703,-3.7461133,0.02360933,N-BEATS(L=90),22,test
2020-11-16,GLD,-3.567037,0.028239401,-3.524162,0.029476497,N-BEATS(L=90),22,test
2020-11-16,SPY,-3.631287,0.026482077,-3.1865935,0.04131236,N-BEATS(L=90),22,test
2020-11-16,TLT,-3.7669497,0.023122488,-3.7354867,0.023861554,N-BEATS(L=90),22,test
2020-11-17,GLD,-3.5735638,0.02805569,-3.4973261,0.030278236,N-BEATS(L=90),22,test
2020-11-17,SPY,-3.6274407,0.026584135,-3.2866974,0.03737709,N-BEATS(L=90),22,test
2020-11-17,TLT,-3.7548769,0.023403332,-3.6458619,0.026098907,N-BEATS(L=90),22,test
2020-11-18,GLD,-3.5793548,0.02789369,-3.5543282,0.028600583,N-BEATS(L=90),22,test
2020-11-18,SPY,-3.2112458,0.04030637,-3.3131573,0.036401063,N-BEATS(L=90),22,test
2020-11-18,TLT,-3.7677317,0.023104412,-3.8752992,0.02074813,N-BEATS(L=90),22,test
2020-11-19,GLD,-3.5669086,0.02824303,-3.6094756,0.027066037,N-BEATS(L=90),22,test
2020-11-19,SPY,-3.2213984,0.039899226,-3.1866152,0.041311465,N-BEATS(L=90),22,test
2020-11-19,TLT,-3.7716174,0.023014808,-3.8073223,0.022207566,N-BEATS(L=90),22,test
2020-11-20,GLD,-3.5609193,0.028412694,-3.6563892,0.025825595,N-BEATS(L=90),22,test
2020-11-20,SPY,-3.2182376,0.040025536,-3.141299,0.04322661,N-BEATS(L=90),22,test
2020-11-20,TLT,-3.7532659,0.023441065,-3.887908,0.020488163,N-BEATS(L=90),22,test
2020-11-23,GLD,-3.619584,0.026793819,-3.7182868,0.024275523,N-BEATS(L=90),22,test
2020-11-23,SPY,-3.2355013,0.039340477,-3.2500799,0.03877111,N-BEATS(L=90),22,test
2020-11-23,TLT,-3.7581122,0.023327738,-3.7480483,0.02356369,N-BEATS(L=90),22,test
2020-11-24,GLD,-3.5908294,0.02757545,-3.769345,0.023067167,N-BEATS(L=90),22,test
2020-11-24,SPY,-3.2497756,0.03878291,-3.3471246,0.03518538,N-BEATS(L=90),22,test
2020-11-24,TLT,-3.7470686,0.023586785,-3.949742,0.019259669,N-BEATS(L=90),22,test
2020-11-25,GLD,-3.5869052,0.027683873,-3.6675851,0.025538066,N-BEATS(L=90),22,test
2020-11-25,SPY,-3.2462108,0.03892141,-3.4674702,0.031195851,N-BEATS(L=90),22,test
2020-11-25,TLT,-3.7649753,0.023168184,-3.9367096,0.019512312,N-BEATS(L=90),22,test
2020-11-27,GLD,-3.5883443,0.027644062,-3.6623402,0.025672365,N-BEATS(L=90),22,test
2020-11-27,SPY,-3.2467089,0.03890203,-3.4452696,0.031896163,N-BEATS(L=90),22,test
2020-11-27,TLT,-3.7615242,0.023248278,-3.9797301,0.018690683,N-BEATS(L=90),22,test
2020-11-30,GLD,-3.6001549,0.02731949,-3.7422385,0.023700988,N-BEATS(L=90),22,test
2020-11-30,SPY,-3.2560575,0.038540043,-3.5324113,0.029234337,N-BEATS(L=90),22,test
2020-11-30,TLT,-3.7659082,0.02314658,-3.7973425,0.0224303,N-BEATS(L=90),22,test
2020-12-01,GLD,-3.5947316,0.027468055,-3.6297498,0.02652282,N-BEATS(L=90),22,test
2020-12-01,SPY,-3.1736262,0.04185156,-3.4327185,0.032299016,N-BEATS(L=90),22,test
2020-12-01,TLT,-3.7905774,0.022582559,-3.9871688,0.018552165,N-BEATS(L=90),22,test
2020-12-02,GLD,-3.5979788,0.027379004,-3.735125,0.023870185,N-BEATS(L=90),22,test
2020-12-02,SPY,-3.1664162,0.0421544,-3.364336,0.034584973,N-BEATS(L=90),22,test
2020-12-02,TLT,-3.7985506,0.02240322,-3.8641691,0.020980347,N-BEATS(L=90),22,test
2020-12-03,GLD,-3.5413895,0.028973043,-3.7592053,0.02330225,N-BEATS(L=90),22,test
2020-12-03,SPY,-3.124899,0.043941375,-3.5262423,0.029415244,N-BEATS(L=90),22,test
2020-12-03,TLT,-3.7802048,0.022818018,-3.8539298,0.021196276,N-BEATS(L=90),22,test
2020-12-04,GLD,-3.559571,0.028451027,-3.7962027,0.022455882,N-BEATS(L=90),22,test
2020-12-04,SPY,-3.1186988,0.044214662,-3.4601715,0.031424373,N-BEATS(L=90),22,test
2020-12-04,TLT,-3.7799683,0.022823416,-3.7635913,0.023200272,N-BEATS(L=90),22,test
2020-12-07,GLD,-3.4072278,0.033132926,-3.651759,0.025945453,N-BEATS(L=90),22,test
2020-12-07,SPY,-3.1054437,0.044804633,-3.4890518,0.030529806,N-BEATS(L=90),22,test
2020-12-07,TLT,-3.7542782,0.023417348,-3.611416,0.027013566,N-BEATS(L=90),22,test
2020-12-08,GLD,-3.4017234,0.033315804,-3.6988602,0.024751723,N-BEATS(L=90),22,test
2020-12-08,SPY,-3.1034288,0.044895,-3.4491816,0.03177163,N-BEATS(L=90),22,test
2020-12-08,TLT,-3.7571115,0.023351092,-3.7797308,0.022828836,N-BEATS(L=90),22,test
2020-12-09,GLD,-3.4297452,0.032395195,-3.657432,0.025798677,N-BEATS(L=90),22,test
2020-12-09,SPY,-3.105133,0.044818554,-3.5127642,0.029814387,N-BEATS(L=90),22,test
2020-12-09,TLT,-3.7579103,0.023332449,-3.7970967,0.022435814,N-BEATS(L=90),22,test
2020-12-10,GLD,-3.4396992,0.032074332,-3.6513193,0.025956862,N-BEATS(L=90),22,test
2020-12-10,SPY,-3.1077082,0.04470329,-3.621006,0.026755746,N-BEATS(L=90),22,test
2020-12-10,TLT,-3.7544196,0.023414036,-3.6313841,0.026479509,N-BEATS(L=90),22,test
2020-12-11,GLD,-3.431825,0.03232789,-3.5779605,0.027932609,N-BEATS(L=90),22,test
2020-12-11,SPY,-3.1127627,0.044477906,-3.5005412,0.030181045,N-BEATS(L=90),22,test
2020-12-11,TLT,-3.735696,0.02385656,-3.826238,0.021791443,N-BEATS(L=90),22,test
2020-12-14,GLD,-3.4349656,0.032226518,-3.5687878,0.028190004,N-BEATS(L=90),22,test
2020-12-14,SPY,-3.1151345,0.04437254,-3.668495,0.025514843,N-BEATS(L=90),22,test
2020-12-14,TLT,-3.7574775,0.023342548,-3.6953418,0.024838962,N-BEATS(L=90),22,test
2020-12-15,GLD,-3.433231,0.032282464,-3.5177486,0.02966615,N-BEATS(L=90),22,test
2020-12-15,SPY,-3.1189291,0.04420448,-3.4445174,0.031920165,N-BEATS(L=90),22,test
2020-12-15,TLT,-3.77211,0.023003476,-3.7554526,0.023389861,N-BEATS(L=90),22,test
2020-12-16,GLD,-3.4463737,0.031860966,-3.4840217,0.030683763,N-BEATS(L=90),22,test
2020-12-16,SPY,-3.1143026,0.044409465,-3.4399385,0.032066654,N-BEATS(L=90),22,test
2020-12-16,TLT,-3.8002162,0.022365935,-3.786234,0.02268086,N-BEATS(L=90),22,test
2020-12-17,GLD,-3.450556,0.03172799,-3.5036314,0.030087925,N-BEATS(L=90),22,test
2020-12-17,SPY,-3.1136212,0.044439737,-3.3771691,0.034143977,N-BEATS(L=90),22,test
2020-12-17,TLT,-3.8488815,0.021303551,-3.8130927,0.022079786,N-BEATS(L=90),22,test
2020-12-18,GLD,-3.4321918,0.032316033,-3.4972267,0.030281246,N-BEATS(L=90),22,test
2020-12-18,SPY,-3.1230109,0.044024415,-3.5016754,0.030146834,N-BEATS(L=90),22,test
2020-12-18,TLT,-3.8622024,0.021021651,-3.624103,0.02667301,N-BEATS(L=90),22,test
2020-12-21,GLD,-3.4208894,0.032683354,-3.5412369,0.028977463,N-BEATS(L=90),22,test
2020-12-21,SPY,-3.400531,0.033355553,-3.542825,0.02893148,N-BEATS(L=90),22,test
2020-12-21,TLT,-3.868166,0.02089666,-3.7607374,0.023266576,N-BEATS(L=90),22,test
2020-12-22,GLD,-3.429529,0.0324022,-3.4115603,0.03298969,N-BEATS(L=90),22,test
2020-12-22,SPY,-3.4031243,0.033269163,-3.4058695,0.03317796,N-BEATS(L=90),22,test
2020-12-22,TLT,-3.870656,0.02084469,-3.6492934,0.0260095,N-BEATS(L=90),22,test
2020-12-23,GLD,-3.4116328,0.032987297,-3.2471426,0.03888516,N-BEATS(L=90),22,test
2020-12-23,SPY,-3.3465257,0.03520646,-3.5431056,0.028923362,N-BEATS(L=90),22,test
2020-12-23,TLT,-3.8854277,0.020539042,-3.6918948,0.02492473,N-BEATS(L=90),22,test
2020-12-24,GLD,-3.3746507,0.034230072,-3.5707936,0.028133517,N-BEATS(L=90),22,test
2020-12-24,SPY,-3.3018415,0.036815308,-3.56377,0.02833181,N-BEATS(L=90),22,test
2020-12-24,TLT,-3.8533366,0.021208853,-3.6302557,0.026509404,N-BEATS(L=90),22,test
2020-12-28,GLD,-3.379461,0.03406581,-3.721379,0.024200572,N-BEATS(L=90),22,test
2020-12-28,SPY,-3.2458577,0.038935155,-3.6361969,0.026352376,N-BEATS(L=90),22,test
2020-12-28,TLT,-3.8499646,0.02128049,-3.6550953,0.025859032,N-BEATS(L=90),22,test
2020-12-29,GLD,-3.3862808,0.033834282,-3.503757,0.030084144,N-BEATS(L=90),22,test
2020-12-29,SPY,-3.2031653,0.040633384,-3.7116225,0.024437841,N-BEATS(L=90),22,test
2020-12-29,TLT,-3.8431716,0.02142554,-3.718443,0.024271732,N-BEATS(L=90),22,test
2020-12-30,GLD,-3.382306,0.03396903,-3.5244823,0.02946706,N-BEATS(L=90),22,test
2020-12-30,SPY,-3.160427,0.042407624,-3.5157826,0.02972453,N-BEATS(L=90),22,test
2020-12-30,TLT,-3.8449087,0.021388354,-3.791943,0.02255174,N-BEATS(L=90),22,test
2020-12-31,GLD,-3.3826246,0.03395821,-3.6778576,0.025277069,N-BEATS(L=90),22,test
2020-12-31,SPY,-3.159163,0.042461265,-3.6189656,0.026810395,N-BEATS(L=90),22,test
2020-12-31,TLT,-3.838228,0.021531722,-3.8174815,0.021983095,N-BEATS(L=90),22,test
2021-01-04,GLD,-3.3870816,0.033807196,-3.7048852,0.02460304,N-BEATS(L=90),22,test
2021-01-04,SPY,-3.2367911,0.03928977,-3.57439,0.028032523,N-BEATS(L=90),22,test
2021-01-04,TLT,-3.8740017,0.020775067,-3.9223044,0.019795425,N-BEATS(L=90),22,test
2021-01-05,GLD,-3.386354,0.033831805,-3.591254,0.027563743,N-BEATS(L=90),22,test
2021-01-05,SPY,-3.2450392,0.038967036,-3.58304,0.027791085,N-BEATS(L=90),22,test
2021-01-05,TLT,-3.8677182,0.020906018,-3.7173324,0.024298701,N-BEATS(L=90),22,test
2021-01-06,GLD,-3.4472225,0.03183393,-3.6012862,0.027288603,N-BEATS(L=90),22,test
2021-01-06,SPY,-3.303867,0.036740813,-3.5765574,0.027971828,N-BEATS(L=90),22,test
2021-01-06,TLT,-3.8835735,0.02057716,-3.7542396,0.023418251,N-BEATS(L=90),22,test
2021-01-07,GLD,-3.443856,0.031941283,-3.5684586,0.028199287,N-BEATS(L=90),22,test
2021-01-07,SPY,-3.3123362,0.036430962,-3.4837735,0.03069138,N-BEATS(L=90),22,test
2021-01-07,TLT,-3.8815417,0.020619012,-3.7470875,0.023586342,N-BEATS(L=90),22,test
2021-01-08,GLD,-3.635304,0.026375916,-3.7475924,0.023574434,N-BEATS(L=90),22,test
2021-01-08,SPY,-3.3127666,0.03641529,-3.6869938,0.025047185,N-BEATS(L=90),22,test
2021-01-08,TLT,-3.9201953,0.01983722,-3.775024,0.022936542,N-BEATS(L=90),22,test
2021-01-11,GLD,-3.625287,0.026641449,-3.2589097,0.038430277,N-BEATS(L=90),22,test
2021-01-11,SPY,-3.307092,0.03662252,-3.579574,0.027887573,N-BEATS(L=90),22,test
2021-01-11,TLT,-3.915161,0.01993734,-3.7161756,0.024326827,N-BEATS(L=90),22,test
2021-01-12,GLD,-3.6207147,0.026763543,-3.515931,0.029720124,N-BEATS(L=90),22,test
2021-01-12,SPY,-3.3185787,0.036204252,-3.5594373,0.028454833,N-BEATS(L=90),22,test
2021-01-12,TLT,-3.9328449,0.019587869,-3.8591752,0.021085383,N-BEATS(L=90),22,test
2021-01-13,GLD,-3.5778308,0.027936231,-3.2850113,0.037440162,N-BEATS(L=90),22,test
2021-01-13,SPY,-3.3233836,0.036030713,-3.5639777,0.028325928,N-BEATS(L=90),22,test
2021-01-13,TLT,-3.946928,0.019313943,-3.750713,0.02350098,N-BEATS(L=90),22,test
2021-01-14,GLD,-3.5810242,0.027847163,-3.431433,0.032340564,N-BEATS(L=90),22,test
2021-01-14,SPY,-3.3207734,0.036124885,-3.7741134,0.022957435,N-BEATS(L=90),22,test
2021-01-14,TLT,-3.9438126,0.019374207,-3.726024,0.024088424,N-BEATS(L=90),22,test
2021-01-15,GLD,-3.5792394,0.027896909,-3.2803345,0.03761567,N-BEATS(L=90),22,test
2021-01-15,SPY,-3.3233414,0.036032233,-3.3667927,0.034500115,N-BEATS(L=90),22,test
2021-01-15,TLT,-3.9207635,0.019825952,-3.3798623,0.034052145,N-BEATS(L=90),22,test
2021-01-19,GLD,-3.5685055,0.028197963,-3.4040608,0.03323802,N-BEATS(L=90),22,test
2021-01-19,SPY,-3.3254945,0.035954732,-3.5740604,0.02804176,N-BEATS(L=90),22,test
2021-01-19,TLT,-3.8804064,0.020642435,-3.7484114,0.023555135,N-BEATS(L=90),22,test
2021-01-20,GLD,-3.568507,0.028197924,-3.4503841,0.031733442,N-BEATS(L=90),22,test
2021-01-20,SPY,-3.329163,0.035823073,-3.4618146,0.031372778,N-BEATS(L=90),22,test
2021-01-20,TLT,-3.7945516,0.02249299,-3.8180993,0.02196952,N-BEATS(L=90),22,test
2021-01-21,GLD,-3.556328,0.028543442,-3.4708114,0.031091794,N-BEATS(L=90),22,test
2021-01-21,SPY,-3.2472878,0.038879517,-3.5094845,0.02991233,N-BEATS(L=90),22,test
2021-01-21,TLT,-3.7605453,0.023271048,-4.0384145,0.017625395,N-BEATS(L=90),22,test
2021-01-22,GLD,-3.5590048,0.028467141,-3.3653398,0.034550276,N-BEATS(L=90),22,test
2021-01-22,SPY,-3.2253122,0.03974337,-3.3029556,0.036774315,N-BEATS(L=90),22,test
2021-01-22,TLT,-3.7141974,0.024374997,-3.9666736,0.018936317,N-BEATS(L=90),22,test
2021-01-25,GLD,-3.5426295,0.028937137,-3.265596,0.03817418,N-BEATS(L=90),22,test
2021-01-25,SPY,-3.192091,0.041085873,-3.4306946,0.032364454,N-BEATS(L=90),22,test
2021-01-25,TLT,-3.5341656,0.029183097,-4.0497065,0.01742749,N-BEATS(L=90),22,test
2021-01-26,GLD,-3.4518034,0.031688437,-3.376105,0.034180325,N-BEATS(L=90),22,test
2021-01-26,SPY,-3.1544554,0.042661626,-3.3393195,0.035461083,N-BEATS(L=90),22,test
2021-01-26,TLT,-3.4226038,0.032627366,-3.9125907,0.019988649,N-BEATS(L=90),22,test
2021-01-27,GLD,-3.4507143,0.031722967,-3.5576167,0.028506683,N-BEATS(L=90),22,test
2021-01-27,SPY,-3.1106558,0.044571716,-3.3223448,0.03606816,N-BEATS(L=90),22,test
2021-01-27,TLT,-3.4121475,0.03297032,-3.8878515,0.02048932,N-BEATS(L=90),22,test
2021-01-28,GLD,-3.4685278,0.031162875,-3.4266775,0.032494728,N-BEATS(L=90),22,test
2021-01-28,SPY,-3.13522,0.043490183,-3.5583441,0.028485956,N-BEATS(L=90),22,test
2021-01-28,TLT,-3.422995,0.032614604,-3.8606493,0.021054324,N-BEATS(L=90),22,test
2021-01-29,GLD,-3.4426079,0.031981174,-3.3002498,0.036873955,N-BEATS(L=90),22,test
2021-01-29,SPY,-3.166659,0.04214416,-3.4069593,0.03314182,N-BEATS(L=90),22,test
2021-01-29,TLT,-3.4117823,0.032982364,-3.7283986,0.024031289,N-BEATS(L=90),22,test
2021-02-01,GLD,-3.3841078,0.03390788,-3.3977754,0.033447593,N-BEATS(L=90),22,test
2021-02-01,SPY,-3.0878212,0.0456012,-3.5160367,0.029716978,N-BEATS(L=90),22,test
2021-02-01,TLT,-3.3816762,0.03399043,-3.8367648,0.02156325,N-BEATS(L=90),22,test
2021-02-02,GLD,-3.3789105,0.03408457,-3.5554147,0.028569525,N-BEATS(L=90),22,test
2021-02-02,SPY,-3.014135,0.049088284,-3.4458618,0.03187728,N-BEATS(L=90),22,test
2021-02-02,TLT,-3.3686235,0.03443701,-3.8389263,0.021516692,N-BEATS(L=90),22,test
2021-02-03,GLD,-3.3716867,0.034331683,-3.5009258,0.03016944,N-BEATS(L=90),22,test
2021-02-03,SPY,-2.9987748,0.049848106,-3.3403268,0.03542538,N-BEATS(L=90),22,test
2021-02-03,TLT,-3.3700082,0.034389354,-3.7150905,0.024353236,N-BEATS(L=90),22,test
2021-02-04,GLD,-3.3744404,0.03423727,-3.7015538,0.02468514,N-BEATS(L=90),22,test
2021-02-04,SPY,-2.992501,0.050161824,-3.2296143,0.03957276,N-BEATS(L=90),22,test
2021-02-04,TLT,-3.3684232,0.034443904,-3.718175,0.024278237,N-BEATS(L=90),22,test
2021-02-05,GLD,-3.3795319,0.0340634,-3.6046803,0.027196137,N-BEATS(L=90),22,test
2021-02-05,SPY,-2.9891691,0.05032924,-3.140196,0.043274313,N-BEATS(L=90),22,test
2021-02-05,TLT,-3.3751216,0.034213956,-3.760666,0.023268241,N-BEATS(L=90),22,test
2021-02-08,GLD,-3.3782842,0.034105923,-3.7683694,0.023089683,N-BEATS(L=90),22,test
2021-02-08,SPY,-2.9827175,0.050654992,-3.5143216,0.029767992,N-BEATS(L=90),22,test
2021-02-08,TLT,-3.3792958,0.034071438,-3.6282194,0.026563441,N-BEATS(L=90),22,test
2021-02-09,GLD,-3.3677354,0.034467604,-3.693367,0.024888063,N-BEATS(L=90),22,test
2021-02-09,SPY,-2.9806192,0.050761394,-3.370012,0.034389224,N-BEATS(L=90),22,test
2021-02-09,TLT,-3.38119,0.03400696,-3.7101078,0.024474885,N-BEATS(L=90),22,test
2021-02-10,GLD,-3.3670387,0.034491625,-3.7058992,0.024578106,N-BEATS(L=90),22,test
2021-02-10,SPY,-2.9816911,0.05070701,-3.5378394,0.02907608,N-BEATS(L=90),22,test
2021-02-10,TLT,-3.3791695,0.034075744,-3.8624215,0.021017045,N-BEATS(L=90),22,test
2021-02-11,GLD,-3.372729,0.034295913,-3.687504,0.025034409,N-BEATS(L=90),22,test
2021-02-11,SPY,-2.9857779,0.050500207,-3.5127907,0.029813599,N-BEATS(L=90),22,test
2021-02-11,TLT,-3.3686454,0.034436252,-3.7302206,0.023987545,N-BEATS(L=90),22,test
2021-02-12,GLD,-3.3476539,0.035166763,-3.7754617,0.022926504,N-BEATS(L=90),22,test
2021-02-12,SPY,-2.9773262,0.050928827,-3.388874,0.033746652,N-BEATS(L=90),22,test
2021-02-12,TLT,-3.3549922,0.034909643,-3.7446811,0.023643168,N-BEATS(L=90),22,test
2021-02-16,GLD,-3.376539,0.034165498,-3.6195788,0.026793959,N-BEATS(L=90),22,test
2021-02-16,SPY,-2.9627457,0.051676836,-3.4770522,0.030898359,N-BEATS(L=90),22,test
2021-02-16,TLT,-3.348386,0.035141025,-3.8067985,0.022219202,N-BEATS(L=90),22,test
2021-02-17,GLD,-3.3865108,0.033826496,-3.482666,0.030725388,N-BEATS(L=90),22,test
2021-02-17,SPY,-2.9557648,0.05203885,-3.6507394,0.025971917,N-BEATS(L=90),22,test
2021-02-17,TLT,-3.3589876,0.034770444,-3.7196984,0.024241278,N-BEATS(L=90),22,test
2021-02-18,GLD,-3.399073,0.033404224,-3.5610194,0.028409848,N-BEATS(L=90),22,test
2021-02-18,SPY,-2.956811,0.051984433,-3.5202532,0.029591942,N-BEATS(L=90),22,test
2021-02-18,TLT,-3.3631747,0.03462516,-3.508386,0.02994521,N-BEATS(L=90),22,test
2021-02-19,GLD,-3.4089453,0.033076067,-3.7250016,0.024113063,N-BEATS(L=90),22,test
2021-02-19,SPY,-2.948563,0.05241497,-3.467364,0.031199161,N-BEATS(L=90),22,test
2021-02-19,TLT,-3.3655999,0.03454129,-3.6395054,0.026265332,N-BEATS(L=90),22,test
2021-02-22,GLD,-3.4157348,0.03285226,-3.5166633,0.029698364,N-BEATS(L=90),22,test
2021-02-22,SPY,-2.942557,0.05273072,-3.5415456,0.028968519,N-BEATS(L=90),22,test
2021-02-22,TLT,-3.394779,0.033547968,-3.5212646,0.029562028,N-BEATS(L=90),22,test
2021-02-23,GLD,-3.398784,0.03341388,-3.638125,0.026301615,N-BEATS(L=90),22,test
2021-02-23,SPY,-2.9657483,0.0515219,-3.7568867,0.023356343,N-BEATS(L=90),22,test
2021-02-23,TLT,-3.4000244,0.033372454,-3.55907,0.028465282,N-BEATS(L=90),22,test
2021-02-24,GLD,-3.4110944,0.03300506,-3.5416932,0.028964244,N-BEATS(L=90),22,test
2021-02-24,SPY,-2.970926,0.051255822,-3.3445392,0.03527647,N-BEATS(L=90),22,test
2021-02-24,TLT,-3.4153008,0.03286652,-3.696895,0.024800416,N-BEATS(L=90),22,test
2021-02-25,GLD,-3.427693,0.032461748,-3.5812678,0.02784038,N-BEATS(L=90),22,test
2021-02-25,SPY,-3.0102644,0.049278647,-3.28325,0.03750616,N-BEATS(L=90),22,test
2021-02-25,TLT,-3.5225646,0.02952362,-3.5671744,0.028235523,N-BEATS(L=90),22,test
2021-02-26,GLD,-3.5159228,0.029720364,-3.3818383,0.033984922,N-BEATS(L=90),22,test
2021-02-26,SPY,-3.0365536,0.04800003,-3.2016842,0.040693607,N-BEATS(L=90),22,test
2021-02-26,TLT,-3.636605,0.02634162,-3.5412624,0.028976724,N-BEATS(L=90),22,test
2021-03-01,GLD,-3.5031047,0.030103775,-3.623291,0.02669468,N-BEATS(L=90),22,test
2021-03-01,SPY,-3.1059256,0.04478305,-3.348463,0.035138316,N-BEATS(L=90),22,test
2021-03-01,TLT,-3.6274204,0.026584674,-3.489419,0.030518599,N-BEATS(L=90),22,test
2021-03-02,GLD,-3.52666,0.029402958,-3.4854906,0.030638725,N-BEATS(L=90),22,test
2021-03-02,SPY,-3.1108906,0.044561252,-2.9326172,0.05325747,N-BEATS(L=90),22,test
2021-03-02,TLT,-3.6145551,0.026928904,-3.3485577,0.035134993,N-BEATS(L=90),22,test
2021-03-03,GLD,-3.572392,0.028088586,-3.511222,0.029860405,N-BEATS(L=90),22,test
2021-03-03,SPY,-3.1196196,0.044173967,-3.091865,0.04541717,N-BEATS(L=90),22,test
2021-03-03,TLT,-3.630924,0.026491696,-3.5711424,0.028123707,N-BEATS(L=90),22,test
2021-03-04,GLD,-3.6653874,0.025594255,-3.0188918,0.04885533,N-BEATS(L=90),22,test
2021-03-04,SPY,-3.2504919,0.03875514,-3.078977,0.046006292,N-BEATS(L=90),22,test
2021-03-04,TLT,-3.6807263,0.025204662,-3.4017024,0.033316504,N-BEATS(L=90),22,test
2021-03-05,GLD,-3.6772869,0.0252915,-3.304877,0.036703724,N-BEATS(L=90),22,test
2021-03-05,SPY,-3.4428723,0.031972717,-3.0537493,0.047181692,N-BEATS(L=90),22,test
2021-03-05,TLT,-3.6836247,0.025131714,-3.4962428,0.030311055,N-BEATS(L=90),22,test
2021-03-08,GLD,-3.6995847,0.024733795,-3.3230023,0.036044452,N-BEATS(L=90),22,test
2021-03-08,SPY,-3.4956386,0.030329373,-2.9127624,0.054325454,N-BEATS(L=90),22,test
2021-03-08,TLT,-3.6870039,0.025046933,-3.4834332,0.030701824,N-BEATS(L=90),22,test
2021-03-09,GLD,-3.6922376,0.024916187,-3.3340514,0.035648387,N-BEATS(L=90),22,test
2021-03-09,SPY,-3.5255485,0.029435659,-2.812858,0.060033165,N-BEATS(L=90),22,test
2021-03-09,TLT,-3.6730716,0.025398336,-3.6893919,0.024987193,N-BEATS(L=90),22,test
2021-03-10,GLD,-3.6947799,0.024852924,-3.400903,0.033343147,N-BEATS(L=90),22,test
2021-03-10,SPY,-3.5413015,0.028975591,-3.3389657,0.03547363,N-BEATS(L=90),22,test
2021-03-10,TLT,-3.6836715,0.025130538,-3.6489336,0.02601886,N-BEATS(L=90),22,test
2021-03-11,GLD,-3.6967685,0.024803549,-3.4283574,0.032440186,N-BEATS(L=90),22,test
2021-03-11,SPY,-3.5607493,0.028417524,-3.5165071,0.029703002,N-BEATS(L=90),22,test
2021-03-11,TLT,-3.687291,0.025039745,-3.5541716,0.028605063,N-BEATS(L=90),22,test
2021-03-12,GLD,-3.7292125,0.024011737,-3.5176878,0.029667955,N-BEATS(L=90),22,test
2021-03-12,SPY,-3.5581157,0.028492462,-3.365358,0.034549642,N-BEATS(L=90),22,test
2021-03-12,TLT,-3.690103,0.024969429,-3.5120423,0.029835919,N-BEATS(L=90),22,test
2021-03-15,GLD,-3.720702,0.024216963,-3.5750225,0.028014796,N-BEATS(L=90),22,test
2021-03-15,SPY,-3.5909467,0.027572216,-3.2273693,0.039661698,N-BEATS(L=90),22,test
2021-03-15,TLT,-3.663076,0.025653483,-3.735619,0.023858396,N-BEATS(L=90),22,test
2021-03-16,GLD,-3.7407753,0.023735693,-3.5643797,0.028314544,N-BEATS(L=90),22,test
2021-03-16,SPY,-3.5956213,0.027443625,-3.1289241,0.043764856,N-BEATS(L=90),22,test
2021-03-16,TLT,-3.6816633,0.025181057,-3.7022045,0.024669085,N-BEATS(L=90),22,test
2021-03-17,GLD,-3.841391,0.021463722,-3.8038938,0.022283833,N-BEATS(L=90),22,test
2021-03-17,SPY,-3.6180575,0.026834752,-3.2532578,0.038648095,N-BEATS(L=90),22,test
2021-03-17,TLT,-3.7119632,0.024429517,-3.7137203,0.024386628,N-BEATS(L=90),22,test
2021-03-18,GLD,-3.852852,0.02121913,-3.3391912,0.03546563,N-BEATS(L=90),22,test
2021-03-18,SPY,-3.6465518,0.026080905,-3.2155008,0.040135227,N-BEATS(L=90),22,test
2021-03-18,TLT,-3.7238529,0.024140777,-3.6216962,0.026737286,N-BEATS(L=90),22,test
2021-03-19,GLD,-3.8497446,0.021285173,-3.6011088,0.027293444,N-BEATS(L=90),22,test
2021-03-19,SPY,-3.676836,0.025302906,-3.411669,0.0329861,N-BEATS(L=90),22,test
2021-03-19,TLT,-3.7262735,0.024082411,-3.1997206,0.040773593,N-BEATS(L=90),22,test
2021-03-22,GLD,-3.8395638,0.021502977,-3.591257,0.027563658,N-BEATS(L=90),22,test
2021-03-22,SPY,-3.6573348,0.025801186,-3.384055,0.033909675,N-BEATS(L=90),22,test
2021-03-22,TLT,-3.717096,0.024304444,-3.5612934,0.028402066,N-BEATS(L=90),22,test
2021-03-23,GLD,-3.8054202,0.022249846,-3.6343696,0.026400572,N-BEATS(L=90),22,test
2021-03-23,SPY,-3.6633217,0.025647178,-3.3961768,0.033501107,N-BEATS(L=90),22,test
2021-03-23,TLT,-3.7277308,0.024047343,-3.6652136,0.025598703,N-BEATS(L=90),22,test
2021-03-24,GLD,-3.8107111,0.022132434,-3.500088,0.030194728,N-BEATS(L=90),22,test
2021-03-24,SPY,-3.7070496,0.024549847,-3.3330722,0.03568331,N-BEATS(L=90),22,test
2021-03-24,TLT,-3.7358959,0.023851793,-3.4963279,0.030308476,N-BEATS(L=90),22,test
2021-03-25,GLD,-3.8791268,0.020668866,-3.501071,0.03016506,N-BEATS(L=90),22,test
2021-03-25,SPY,-3.8003354,0.02236327,-3.03991,0.04783919,N-BEATS(L=90),22,test
2021-03-25,TLT,-3.7430563,0.023681615,-3.4573903,0.03151189,N-BEATS(L=90),22,test
2021-03-26,GLD,-3.8764648,0.020723958,-3.4611633,0.031393223,N-BEATS(L=90),22,test
2021-03-26,SPY,-3.8475125,0.021332735,-3.0767026,0.046111055,N-BEATS(L=90),22,test
2021-03-26,TLT,-3.7468083,0.023592928,-3.397716,0.03344958,N-BEATS(L=90),22,test
2021-03-29,GLD,-3.8567662,0.02113624,-3.58502,0.02773611,N-BEATS(L=90),22,test
2021-03-29,SPY,-3.839839,0.021497063,-3.2370906,0.039278004,N-BEATS(L=90),22,test
2021-03-29,TLT,-3.7786384,0.022853788,-3.3826394,0.03395771,N-BEATS(L=90),22,test
2021-03-30,GLD,-3.852736,0.021221595,-3.4860663,0.030621089,N-BEATS(L=90),22,test
2021-03-30,SPY,-3.8454008,0.021377832,-3.231382,0.039502874,N-BEATS(L=90),22,test
2021-03-30,TLT,-3.8075352,0.022202838,-3.2639844,0.038235746,N-BEATS(L=90),22,test
2021-03-31,GLD,-3.9282439,0.0196782,-3.499326,0.030217744,N-BEATS(L=90),22,test
2021-03-31,SPY,-3.8570056,0.02113118,-3.4253023,0.032539442,N-BEATS(L=90),22,test
2021-03-31,TLT,-3.8134341,0.02207225,-3.2355754,0.03933756,N-BEATS(L=90),22,test
2021-04-01,GLD,-3.7747636,0.022942513,-3.4772968,0.030890802,N-BEATS(L=90),22,test
2021-04-01,SPY,-3.7912152,0.02256816,-3.401069,0.033337615,N-BEATS(L=90),22,test
2021-04-01,TLT,-3.8153548,0.022029897,-3.2073708,0.04046286,N-BEATS(L=90),22,test
2021-04-05,GLD,-3.7893775,0.022609673,-3.5181477,0.029654313,N-BEATS(L=90),22,test
2021-04-05,SPY,-3.7981005,0.022413306,-3.3816102,0.033992678,N-BEATS(L=90),22,test
2021-04-05,TLT,-3.828101,0.021750882,-3.2487864,0.03882129,N-BEATS(L=90),22,test
2021-04-06,GLD,-3.7615502,0.023247674,-3.6447406,0.026128188,N-BEATS(L=90),22,test
2021-04-06,SPY,-3.7461987,0.023607315,-3.2727976,0.03790025,N-BEATS(L=90),22,test
2021-04-06,TLT,-3.827283,0.021768684,-3.360068,0.034732893,N-BEATS(L=90),22,test
2021-04-07,GLD,-3.735982,0.02384974,-3.709774,0.024483055,N-BEATS(L=90),22,test
2021-04-07,SPY,-3.7276754,0.024048673,-3.5349102,0.029161375,N-BEATS(L=90),22,test
2021-04-07,TLT,-3.801147,0.022345128,-3.417294,0.032801073,N-BEATS(L=90),22,test
2021-04-08,GLD,-3.728929,0.024018545,-3.6818151,0.025177233,N-BEATS(L=90),22,test
2021-04-08,SPY,-3.7140865,0.0243777,-3.4811726,0.03077131,N-BEATS(L=90),22,test
2021-04-08,TLT,-3.7698557,0.02305539,-3.4519925,0.031682447,N-BEATS(L=90),22,test
2021-04-09,GLD,-3.7233484,0.024152959,-3.6861749,0.025067706,N-BEATS(L=90),22,test
2021-04-09,SPY,-3.66263,0.025664924,-3.8249083,0.021820437,N-BEATS(L=90),22,test
2021-04-09,TLT,-3.7883193,0.022633608,-3.710238,0.024471698,N-BEATS(L=90),22,test
2021-04-12,GLD,-3.715645,0.024339736,-3.6125035,0.026984207,N-BEATS(L=90),22,test
2021-04-12,SPY,-3.569148,0.02817985,-3.678687,0.025256112,N-BEATS(L=90),22,test
2021-04-12,TLT,-3.7624283,0.023227269,-3.4434347,0.031954743,N-BEATS(L=90),22,test
2021-04-13,GLD,-3.7166533,0.024315206,-3.670506,0.025463583,N-BEATS(L=90),22,test
2021-04-13,SPY,-3.5399578,0.029014552,-3.5406148,0.028995493,N-BEATS(L=90),22,test
2021-04-13,TLT,-3.7646213,0.023176389,-3.5452957,0.028860087,N-BEATS(L=90),22,test
2021-04-14,GLD,-3.7190852,0.024256147,-3.555851,0.028557062,N-BEATS(L=90),22,test
2021-04-14,SPY,-3.5372214,0.029094055,-3.8704376,0.020849243,N-BEATS(L=90),22,test
2021-04-14,TLT,-3.7629855,0.02321433,-3.6204975,0.026769357,N-BEATS(L=90),22,test
2021-04-15,GLD,-3.7275274,0.024052234,-3.6620457,0.025679925,N-BEATS(L=90),22,test
2021-04-15,SPY,-3.5260646,0.029420469,-3.7429557,0.023683997,N-BEATS(L=90),22,test
2021-04-15,TLT,-3.7961502,0.022457061,-3.7193978,0.024248566,N-BEATS(L=90),22,test
2021-04-16,GLD,-3.7314744,0.023957487,-3.844951,0.021387452,N-BEATS(L=90),22,test
2021-04-16,SPY,-3.5223622,0.029529598,-3.8569624,0.021132093,N-BEATS(L=90),22,test
2021-04-16,TLT,-3.8054368,0.022249475,-3.7761354,0.022911062,N-BEATS(L=90),22,test
2021-04-19,GLD,-3.6479294,0.026045,-3.6733527,0.025391197,N-BEATS(L=90),22,test
2021-04-19,SPY,-3.500183,0.030191856,-3.6031852,0.02723683,N-BEATS(L=90),22,test
2021-04-19,TLT,-3.7507014,0.023501256,-3.6921923,0.024917316,N-BEATS(L=90),22,test
2021-04-20,GLD,-3.6417887,0.026205428,-3.8462677,0.021359308,N-BEATS(L=90),22,test
2021-04-20,SPY,-3.504696,0.030055912,-3.720004,0.024233868,N-BEATS(L=90),22,test
2021-04-20,TLT,-3.7601311,0.023280688,-3.5888476,0.027630152,N-BEATS(L=90),22,test
2021-04-21,GLD,-3.621343,0.026746735,-3.821737,0.021889744,N-BEATS(L=90),22,test
2021-04-21,SPY,-3.5001793,0.03019197,-3.6274323,0.026584357,N-BEATS(L=90),22,test
2021-04-21,TLT,-3.7658293,0.023148406,-3.525417,0.029439526,N-BEATS(L=90),22,test
2021-04-22,GLD,-3.6294262,0.026531402,-3.8463907,0.02135668,N-BEATS(L=90),22,test
2021-04-22,SPY,-3.5232346,0.029503847,-3.746917,0.023590364,N-BEATS(L=90),22,test
2021-04-22,TLT,-3.78632,0.022678908,-3.7249184,0.024115069,N-BEATS(L=90),22,test
2021-04-23,GLD,-3.6466126,0.02607932,-3.640888,0.026229043,N-BEATS(L=90),22,test
2021-04-23,SPY,-3.5438352,0.02890227,-3.5890865,0.027623553,N-BEATS(L=90),22,test
2021-04-23,TLT,-3.8023584,0.022318074,-3.7618835,0.023239927,N-BEATS(L=90),22,test
2021-04-26,GLD,-3.6314375,0.026478093,-3.8534532,0.02120638,N-BEATS(L=90),22,test
2021-04-26,SPY,-3.5414257,0.028971992,-3.5285563,0.029347252,N-BEATS(L=90),22,test
2021-04-26,TLT,-3.787375,0.022654993,-3.7026346,0.024658477,N-BEATS(L=90),22,test
2021-04-27,GLD,-3.6280057,0.026569117,-3.519494,0.029614415,N-BEATS(L=90),22,test
2021-04-27,SPY,-3.542954,0.028927749,-3.6933749,0.024887867,N-BEATS(L=90),22,test
2021-04-27,TLT,-3.7998593,0.02237392,-3.6745458,0.025360923,N-BEATS(L=90),22,test
2021-04-28,GLD,-3.6338873,0.026413308,-3.7363183,0.023841718,N-BEATS(L=90),22,test
2021-04-28,SPY,-3.5478978,0.028785087,-3.6276028,0.026579825,N-BEATS(L=90),22,test
2021-04-28,TLT,-3.7987843,0.022397986,-3.6447227,0.026128653,N-BEATS(L=90),22,test
2021-04-29,GLD,-3.6472104,0.026063737,-3.8516886,0.021243833,N-BEATS(L=90),22,test
2021-04-29,SPY,-3.5697846,0.028161919,-3.7730396,0.022982102,N-BEATS(L=90),22,test
2021-04-29,TLT,-3.7994783,0.022382446,-3.5389798,0.029042942,N-BEATS(L=90),22,test
2021-04-30,GLD,-3.648608,0.026027335,-3.8415363,0.021460606,N-BEATS(L=90),22,test
2021-04-30,SPY,-3.5716765,0.02810869,-3.6729913,0.025400376,N-BEATS(L=90),22,test
2021-04-30,TLT,-3.808144,0.022189323,-3.764334,0.023183048,N-BEATS(L=90),22,test
2021-05-03,GLD,-3.6482706,0.026036117,-3.8730671,0.020794492,N-BEATS(L=90),22,test
2021-05-03,SPY,-3.554631,0.028591923,-3.778559,0.022855604,N-BEATS(L=90),22,test
2021-05-03,TLT,-3.8522706,0.021231472,-3.816433,0.022006158,N-BEATS(L=90),22,test
2021-05-04,GLD,-3.762282,0.02323067,-3.8369858,0.021558484,N-BEATS(L=90),22,test
2021-05-04,SPY,-3.5738668,0.02804719,-3.8277938,0.021757564,N-BEATS(L=90),22,test
2021-05-04,TLT,-3.8685532,0.02088857,-3.7919827,0.022550847,N-BEATS(L=90),22,test
2021-05-05,GLD,-3.750933,0.023495816,-3.6930723,0.024895398,N-BEATS(L=90),22,test
2021-05-05,SPY,-3.5771,0.027956653,-3.6047986,0.027192922,N-BEATS(L=90),22,test
2021-05-05,TLT,-3.8801148,0.020648455,-3.8558264,0.021156114,N-BEATS(L=90),22,test
2021-05-06,GLD,-3.7658622,0.023147644,-3.8789854,0.020671789,N-BEATS(L=90),22,test
2021-05-06,SPY,-3.6053348,0.027178345,-3.6756077,0.025334006,N-BEATS(L=90),22,test
2021-05-06,TLT,-3.8943179,0.020357257,-3.8144517,0.022049801,N-BEATS(L=90),22,test
2021-05-07,GLD,-3.7908144,0.022577208,-3.7883742,0.022632368,N-BEATS(L=90),22,test
2021-05-07,SPY,-3.620751,0.026762573,-3.8080382,0.022191672,N-BEATS(L=90),22,test
2021-05-07,TLT,-3.942474,0.01940016,-3.8379617,0.021537457,N-BEATS(L=90),22,test
2021-05-10,GLD,-3.7880447,0.022639826,-3.6825137,0.025159651,N-BEATS(L=90),22,test
2021-05-10,SPY,-3.6191666,0.026805006,-3.6081836,0.027101029,N-BEATS(L=90),22,test
2021-05-10,TLT,-3.9503188,0.019248564,-3.877323,0.020706184,N-BEATS(L=90),22,test
2021-05-11,GLD,-3.8017833,0.022330914,-3.8038125,0.022285646,N-BEATS(L=90),22,test
2021-05-11,SPY,-3.6702044,0.025471263,-3.5013912,0.030155404,N-BEATS(L=90),22,test
2021-05-11,TLT,-3.956975,0.019120868,-3.5402224,0.029006874,N-BEATS(L=90),22,test
2021-05-12,GLD,-3.7839108,0.022733612,-3.6599538,0.0257337,N-BEATS(L=90),22,test
2021-05-12,SPY,-3.782015,0.022776749,-3.3726919,0.03429719,N-BEATS(L=90),22,test
2021-05-12,TLT,-3.9813366,0.018660681,-3.6251233,0.026645813,N-BEATS(L=90),22,test
2021-05-13,GLD,-3.761296,0.023253584,-3.6083636,0.02709615,N-BEATS(L=90),22,test
2021-05-13,SPY,-3.835321,0.021594407,-3.4993734,0.03021631,N-BEATS(L=90),22,test
2021-05-13,TLT,-3.9905097,0.018490287,-3.4969099,0.030290842,N-BEATS(L=90),22,test
2021-05-14,GLD,-3.68528,0.025090147,-3.6644945,0.025617117,N-BEATS(L=90),22,test
2021-05-14,SPY,-3.8075597,0.022202292,-3.2365015,0.039301153,N-BEATS(L=90),22,test
2021-05-14,TLT,-3.9407008,0.01943459,-3.8196185,0.021936169,N-BEATS(L=90),22,test
2021-05-17,GLD,-3.6523736,0.02592951,-3.511011,0.029866707,N-BEATS(L=90),22,test
2021-05-17,SPY,-3.7957711,0.022465575,-3.6108148,0.027029814,N-BEATS(L=90),22,test
2021-05-17,TLT,-3.7049325,0.024601879,-3.733947,0.023898322,N-BEATS(L=90),22,test
2021-05-18,GLD,-3.6286557,0.026551856,-3.7855623,0.022696098,N-BEATS(L=90),22,test
2021-05-18,SPY,-3.798106,0.022413183,-3.5062008,0.030010715,N-BEATS(L=90),22,test
2021-05-18,TLT,-3.6711922,0.025446115,-3.7302258,0.023987418,N-BEATS(L=90),22,test
2021-05-19,GLD,-3.6965628,0.024808653,-3.6817825,0.025178056,N-BEATS(L=90),22,test
2021-05-19,SPY,-3.8220448,0.021883007,-3.314439,0.036354434,N-BEATS(L=90),22,test
2021-05-19,TLT,-3.704932,0.024601892,-3.705558,0.024586493,N-BEATS(L=90),22,test
2021-05-20,GLD,-3.7043893,0.024615245,-3.6830332,0.025146583,N-BEATS(L=90),22,test
2021-05-20,SPY,-3.8350616,0.021600008,-3.4270878,0.032481395,N-BEATS(L=90),22,test
2021-05-20,TLT,-3.7005174,0.024710737,-3.7418585,0.023709998,N-BEATS(L=90),22,test
2021-05-21,GLD,-3.685829,0.02507638,-3.8274038,0.021766052,N-BEATS(L=90),22,test
2021-05-21,SPY,-3.8641655,0.020980421,-3.5504751,0.028710995,N-BEATS(L=90),22,test
2021-05-21,TLT,-3.6973295,0.024789639,-3.8262649,0.021790856,N-BEATS(L=90),22,test
2021-05-24,GLD,-3.6809871,0.025198089,-3.675094,0.025347026,N-BEATS(L=90),22,test
2021-05-24,SPY,-3.8877096,0.020492228,-3.4429095,0.03197153,N-BEATS(L=90),22,test
2021-05-24,TLT,-3.7005706,0.024709424,-3.7820423,0.022776129,N-BEATS(L=90),22,test
2021-05-25,GLD,-3.6817312,0.025179345,-3.723554,0.024147995,N-BEATS(L=90),22,test
2021-05-25,SPY,-3.902354,0.020194318,-3.4964206,0.030305665,N-BEATS(L=90),22,test
2021-05-25,TLT,-3.649463,0.026005091,-3.799428,0.022383573,N-BEATS(L=90),22,test
2021-05-26,GLD,-3.7036319,0.024633896,-3.8143792,0.0220514,N-BEATS(L=90),22,test
2021-05-26,SPY,-3.904025,0.0201606,-3.4725876,0.031036617,N-BEATS(L=90),22,test
2021-05-26,TLT,-3.6537004,0.02589513,-3.823782,0.021845028,N-BEATS(L=90),22,test
2021-05-27,GLD,-3.6943603,0.024863355,-3.7307599,0.023974612,N-BEATS(L=90),22,test
2021-05-27,SPY,-3.9055948,0.020128978,-3.4501417,0.03174114,N-BEATS(L=90),22,test
2021-05-27,TLT,-3.6597238,0.025739621,-3.8991249,0.020259634,N-BEATS(L=90),22,test
2021-05-28,GLD,-3.6690917,0.025499621,-3.695999,0.024822645,N-BEATS(L=90),22,test
2021-05-28,SPY,-3.9039629,0.020161854,-3.5090966,0.029923934,N-BEATS(L=90),22,test
2021-05-28,TLT,-3.664267,0.025622945,-3.8287456,0.021736866,N-BEATS(L=90),22,test
2021-06-01,GLD,-3.6712806,0.025443865,-3.7582698,0.023324061,N-BEATS(L=90),22,test
2021-06-01,SPY,-3.9201634,0.019837853,-3.628792,0.026548235,N-BEATS(L=90),22,test
2021-06-01,TLT,-3.6717706,0.025431402,-3.659812,0.02573735,N-BEATS(L=90),22,test
2021-06-02,GLD,-3.653753,0.025893766,-3.703018,0.024649024,N-BEATS(L=90),22,test
2021-06-02,SPY,-3.9015002,0.020211566,-3.5795283,0.02788885,N-BEATS(L=90),22,test
2021-06-02,TLT,-3.6695883,0.025486961,-3.5801358,0.027871912,N-BEATS(L=90),22,test
2021-06-03,GLD,-3.6233683,0.026692618,-3.8410666,0.021470688,N-BEATS(L=90),22,test
2021-06-03,SPY,-3.8967679,0.020307442,-3.7243295,0.024129275,N-BEATS(L=90),22,test
2021-06-03,TLT,-3.6600578,0.025731025,-3.7655163,0.023155654,N-BEATS(L=90),22,test
2021-06-04,GLD,-3.618136,0.026832648,-3.7631242,0.02321111,N-BEATS(L=90),22,test
2021-06-04,SPY,-3.9124246,0.01999197,-3.7552686,0.023394167,N-BEATS(L=90),22,test
2021-06-04,TLT,-3.6408205,0.026230812,-3.7714658,0.023018299,N-BEATS(L=90),22,test
2021-06-07,GLD,-3.5959313,0.027435122,-3.8265584,0.021784462,N-BEATS(L=90),22,test
2021-06-07,SPY,-3.8742769,0.020769352,-3.7539992,0.02342388,N-BEATS(L=90),22,test
2021-06-07,TLT,-3.6183558,0.02682675,-3.8753629,0.020746808,N-BEATS(L=90),22,test
2021-06-08,GLD,-3.6009405,0.027298037,-3.9204154,0.019832855,N-BEATS(L=90),22,test
2021-06-08,SPY,-3.8409026,0.02147421,-3.7567766,0.023358915,N-BEATS(L=90),22,test
2021-06-08,TLT,-3.618732,0.026816659,-3.7300928,0.02399061,N-BEATS(L=90),22,test
2021-06-09,GLD,-3.5844834,0.027751,-3.9103577,0.020033333,N-BEATS(L=90),22,test
2021-06-09,SPY,-3.8356864,0.021586515,-3.768454,0.023087727,N-BEATS(L=90),22,test
2021-06-09,TLT,-3.6215668,0.026740747,-3.8335276,0.021633169,N-BEATS(L=90),22,test
2021-06-10,GLD,-3.5853522,0.027726902,-3.8704417,0.020849159,N-BEATS(L=90),22,test
2021-06-10,SPY,-3.8461545,0.021361725,-3.8713613,0.020829996,N-BEATS(L=90),22,test
2021-06-10,TLT,-3.551119,0.028692512,-3.8239508,0.02184134,N-BEATS(L=90),22,test
2021-06-11,GLD,-3.5887072,0.027634032,-4.019779,0.01795693,N-BEATS(L=90),22,test
2021-06-11,SPY,-3.8311884,0.02168383,-3.8800778,0.020649217,N-BEATS(L=90),22,test
2021-06-11,TLT,-3.5464816,0.028825883,-3.8095064,0.022159114,N-BEATS(L=90),22,test
2021-06-14,GLD,-3.6070328,0.027132235,-3.8239264,0.02184187,N-BEATS(L=90),22,test
2021-06-14,SPY,-3.822648,0.021869812,-3.8142629,0.022053964,N-BEATS(L=90),22,test
2021-06-14,TLT,-3.5249634,0.029452886,-3.7114484,0.024442095,N-BEATS(L=90),22,test
2021-06-15,GLD,-3.6116443,0.027007403,-3.954233,0.01917337,N-BEATS(L=90),22,test
2021-06-15,SPY,-3.8050187,0.02225878,-3.978302,0.018717395,N-BEATS(L=90),22,test
2021-06-15,TLT,-3.5236723,0.029490935,-3.8769777,0.020713333,N-BEATS(L=90),22,test
2021-06-16,GLD,-3.668589,0.02551244,-3.965074,0.018966632,N-BEATS(L=90),22,test
2021-06-16,SPY,-3.6452045,0.026116068,-3.7714949,0.02301763,N-BEATS(L=90),22,test
2021-06-16,TLT,-3.5324433,0.029233404,-3.8680763,0.020898532,N-BEATS(L=90),22,test
2021-06-17,GLD,-3.685878,0.025075149,-3.7086828,0.024509788,N-BEATS(L=90),22,test
2021-06-17,SPY,-3.6047585,0.027194012,-3.7615063,0.023248695,N-BEATS(L=90),22,test
2021-06-17,TLT,-3.6324613,0.026451001,-3.8106792,0.022133142,N-BEATS(L=90),22,test
2021-06-18,GLD,-3.711255,0.02444682,-3.7649965,0.023167692,N-BEATS(L=90),22,test
2021-06-18,SPY,-3.5990202,0.027350506,-3.9143314,0.019953884,N-BEATS(L=90),22,test
2021-06-18,TLT,-3.6129656,0.02697174,-3.6936681,0.02488057,N-BEATS(L=90),22,test
2021-06-21,GLD,-3.7168648,0.024310065,-3.8283882,0.021744635,N-BEATS(L=90),22,test
2021-06-21,SPY,-3.6187818,0.026815323,-3.8635998,0.020992296,N-BEATS(L=90),22,test
2021-06-21,TLT,-3.6091075,0.027076002,-3.7425163,0.023694407,N-BEATS(L=90),22,test
2021-06-22,GLD,-3.7165303,0.024318198,-3.6631079,0.025652664,N-BEATS(L=90),22,test
2021-06-22,SPY,-3.6270406,0.026594771,-3.848194,0.021318205,N-BEATS(L=90),22,test
2021-06-22,TLT,-3.6164885,0.026876891,-3.790697,0.022579856,N-BEATS(L=90),22,test
2021-06-23,GLD,-3.7683067,0.02309113,-3.6215107,0.026742246,N-BEATS(L=90),22,test
2021-06-23,SPY,-3.6295998,0.026526798,-3.829049,0.021730268,N-BEATS(L=90),22,test
2021-06-23,TLT,-3.6155508,0.026902104,-3.8967512,0.020307781,N-BEATS(L=90),22,test
2021-06-24,GLD,-3.7666037,0.023130488,-3.559766,0.028445479,N-BEATS(L=90),22,test
2021-06-24,SPY,-3.6041439,0.027210731,-3.9082174,0.020076256,N-BEATS(L=90),22,test
2021-06-24,TLT,-3.6144686,0.026931234,-3.8069863,0.022215027,N-BEATS(L=90),22,test
2021-06-25,GLD,-3.7511833,0.023489935,-3.603005,0.02724174,N-BEATS(L=90),22,test
2021-06-25,SPY,-3.5932455,0.027508905,-4.0344853,0.017694784,N-BEATS(L=90),22,test
2021-06-25,TLT,-3.6461146,0.026092311,-3.793651,0.022513254,N-BEATS(L=90),22,test
2021-06-28,GLD,-3.7474706,0.023577306,-3.650903,0.02596767,N-BEATS(L=90),22,test
2021-06-28,SPY,-3.5929127,0.027518062,-3.9760854,0.018758928,N-BEATS(L=90),22,test
2021-06-28,TLT,-3.6521425,0.0259355,-3.7694426,0.023064917,N-BEATS(L=90),22,test
2021-06-29,GLD,-3.7406538,0.02373858,-3.6830328,0.025146596,N-BEATS(L=90),22,test
2021-06-29,SPY,-3.5880704,0.027651636,-4.0078354,0.018172689,N-BEATS(L=90),22,test
2021-06-29,TLT,-3.6500158,0.025990717,-3.811701,0.022110535,N-BEATS(L=90),22,test
2021-06-30,GLD,-3.7609608,0.02326138,-3.6965694,0.024808487,N-BEATS(L=90),22,test
2021-06-30,SPY,-3.5781841,0.027926363,-3.8718026,0.020820804,N-BEATS(L=90),22,test
2021-06-30,TLT,-3.6142583,0.026936898,-3.7810397,0.022798974,N-BEATS(L=90),22,test
2021-07-01,GLD,-3.7846425,0.022716984,-3.8001738,0.022366885,N-BEATS(L=90),22,test
2021-07-01,SPY,-3.5462916,0.02883136,-3.8581634,0.02110673,N-BEATS(L=90),22,test
2021-07-01,TLT,-3.6132276,0.026964676,-3.8744957,0.020764805,N-BEATS(L=90),22,test
2021-07-02,GLD,-3.7579024,0.023332631,-3.7362332,0.023843748,N-BEATS(L=90),22,test
2021-07-02,SPY,-3.5536485,0.028620029,-3.8343496,0.021615392,N-BEATS(L=90),22,test
2021-07-02,TLT,-3.5578465,0.028500132,-3.7241173,0.024134396,N-BEATS(L=90),22,test
2021-07-06,GLD,-3.7929976,0.02252797,-3.6273534,0.026586454,N-BEATS(L=90),22,test
2021-07-06,SPY,-3.5761893,0.027982127,-3.8575659,0.021119343,N-BEATS(L=90),22,test
2021-07-06,TLT,-3.5602698,0.028431153,-3.782564,0.02276425,N-BEATS(L=90),22,test
2021-07-07,GLD,-3.7974286,0.02242837,-3.5177877,0.029664991,N-BEATS(L=90),22,test
2021-07-07,SPY,-3.5916352,0.027553238,-3.8659058,0.020943943,N-BEATS(L=90),22,test
2021-07-07,TLT,-3.5704098,0.028144319,-3.8048635,0.022262236,N-BEATS(L=90),22,test
2021-07-08,GLD,-3.7918274,0.022554347,-3.630543,0.02650179,N-BEATS(L=90),22,test
2021-07-08,SPY,-3.6138377,0.026948228,-3.8707201,0.020843353,N-BEATS(L=90),22,test
2021-07-08,TLT,-3.5762174,0.02798134,-3.7835116,0.022742687,N-BEATS(L=90),22,test
2021-07-09,GLD,-3.769848,0.023055565,-3.5556822,0.028561885,N-BEATS(L=90),22,test
2021-07-09,SPY,-3.646235,0.026089171,-3.950595,0.01924325,N-BEATS(L=90),22,test
2021-07-09,TLT,-3.5732067,0.028065711,-3.8937576,0.020368665,N-BEATS(L=90),22,test
2021-07-12,GLD,-3.7777972,0.02287302,-3.4442816,0.03192769,N-BEATS(L=90),22,test
2021-07-12,SPY,-3.650162,0.02598692,-3.7916474,0.022558408,N-BEATS(L=90),22,test
2021-07-12,TLT,-3.5498016,0.02873034,-3.7858353,0.022689903,N-BEATS(L=90),22,test
2021-07-13,GLD,-3.7700658,0.023050547,-3.5737398,0.028050754,N-BEATS(L=90),22,test
2021-07-13,SPY,-3.6524827,0.02592668,-4.045599,0.01749922,N-BEATS(L=90),22,test
2021-07-13,TLT,-3.6258724,0.026625859,-3.6738193,0.025379352,N-BEATS(L=90),22,test
2021-07-14,GLD,-3.7618487,0.023240736,-3.5460389,0.028838648,N-BEATS(L=90),22,test
2021-07-14,SPY,-3.6670995,0.025550472,-3.8643475,0.020976607,N-BEATS(L=90),22,test
2021-07-14,TLT,-3.6241972,0.026670499,-3.6794343,0.025237247,N-BEATS(L=90),22,test
2021-07-15,GLD,-3.7685728,0.023084987,-3.4678364,0.03118443,N-BEATS(L=90),22,test
2021-07-15,SPY,-3.657332,0.02580126,-3.880672,0.020636953,N-BEATS(L=90),22,test
2021-07-15,TLT,-3.6383505,0.026295682,-3.5960023,0.027433172,N-BEATS(L=90),22,test
2021-07-16,GLD,-3.7728674,0.022986058,-3.6361976,0.026352357,N-BEATS(L=90),22,test
2021-07-16,SPY,-3.644376,0.026137713,-3.6976304,0.02478218,N-BEATS(L=90),22,test
2021-07-16,TLT,-3.6354873,0.02637108,-3.5475783,0.028794285,N-BEATS(L=90),22,test
2021-07-19,GLD,-3.7636905,0.023197971,-3.7458718,0.023615032,N-BEATS(L=90),22,test
2021-07-19,SPY,-3.8036988,0.02228818,-3.9825575,0.01863791,N-BEATS(L=90),22,test
2021-07-19,TLT,-3.6485474,0.02602891,-3.6216671,0.026738063,N-BEATS(L=90),22,test
2021-07-20,GLD,-3.7894366,0.022608336,-3.6627078,0.025662929,N-BEATS(L=90),22,test
2021-07-20,SPY,-3.863853,0.020986982,-3.7630866,0.023211984,N-BEATS(L=90),22,test
2021-07-20,TLT,-3.7056751,0.024583615,-3.8068035,0.02221909,N-BEATS(L=90),22,test
2021-07-21,GLD,-3.7891414,0.02261501,-3.6137443,0.026950747,N-BEATS(L=90),22,test
2021-07-21,SPY,-3.8691943,0.020875182,-3.8052905,0.022252733,N-BEATS(L=90),22,test
2021-07-21,TLT,-3.763469,0.02320311,-3.707358,0.024542281,N-BEATS(L=90),22,test
2021-07-22,GLD,-3.7908816,0.02257569,-3.6304483,0.026504299,N-BEATS(L=90),22,test
2021-07-22,SPY,-3.8260052,0.021796513,-3.8243399,0.021832844,N-BEATS(L=90),22,test
2021-07-22,TLT,-3.7910957,0.022570856,-3.6185381,0.026821857,N-BEATS(L=90),22,test
2021-07-23,GLD,-3.798194,0.022411212,-3.62331,0.02669417,N-BEATS(L=90),22,test
2021-07-23,SPY,-3.8443897,0.021399459,-3.7658641,0.023147602,N-BEATS(L=90),22,test
2021-07-23,TLT,-3.7891576,0.022614643,-3.3817365,0.033988383,N-BEATS(L=90),22,test
2021-07-26,GLD,-3.784107,0.022729151,-3.6237063,0.026683595,N-BEATS(L=90),22,test
2021-07-26,SPY,-3.84027,0.021487799,-3.7140634,0.024378262,N-BEATS(L=90),22,test
2021-07-26,TLT,-3.7582395,0.023324767,-3.5573869,0.028513236,N-BEATS(L=90),22,test
2021-07-27,GLD,-3.7695804,0.02306174,-3.6728475,0.025404029,N-BEATS(L=90),22,test
2021-07-27,SPY,-3.8756084,0.020741714,-3.8964105,0.0203147,N-BEATS(L=90),22,test
2021-07-27,TLT,-3.7470975,0.023586106,-3.6305757,0.026500925,N-BEATS(L=90),22,test
2021-07-28,GLD,-3.70969,0.02448511,-3.8333273,0.021637501,N-BEATS(L=90),22,test
2021-07-28,SPY,-3.8856833,0.020533793,-3.857052,0.021130199,N-BEATS(L=90),22,test
2021-07-28,TLT,-3.7570124,0.023353407,-3.6467824,0.026074892,N-BEATS(L=90),22,test
2021-07-29,GLD,-3.7104568,0.024466343,-3.819148,0.02194649,N-BEATS(L=90),22,test
2021-07-29,SPY,-3.8835375,0.020577902,-3.662631,0.025664898,N-BEATS(L=90),22,test
2021-07-29,TLT,-3.759251,0.023301184,-3.4810822,0.030774089,N-BEATS(L=90),22,test
2021-07-30,GLD,-3.7213783,0.024200588,-3.697326,0.024789726,N-BEATS(L=90),22,test
2021-07-30,SPY,-3.8924263,0.0203958,-3.4765904,0.030912632,N-BEATS(L=90),22,test
2021-07-30,TLT,-3.725985,0.024089359,-3.7379932,0.02380182,N-BEATS(L=90),22,test
2021-08-02,GLD,-3.7301447,0.023989363,-3.6917775,0.024927655,N-BEATS(L=90),22,test
2021-08-02,SPY,-3.9118807,0.020002846,-3.6962817,0.024815628,N-BEATS(L=90),22,test
2021-08-02,TLT,-3.77279,0.022987839,-3.73274,0.023927188,N-BEATS(L=90),22,test
2021-08-03,GLD,-3.7266886,0.024072416,-3.5829647,0.027793178,N-BEATS(L=90),22,test
2021-08-03,SPY,-3.970017,0.018873112,-3.6317303,0.026470343,N-BEATS(L=90),22,test
2021-08-03,TLT,-3.7753365,0.022929374,-3.4346197,0.032237668,N-BEATS(L=90),22,test
2021-08-04,GLD,-3.752238,0.023465171,-3.7603014,0.023276724,N-BEATS(L=90),22,test
2021-08-04,SPY,-3.9773676,0.018734891,-3.6685584,0.025513224,N-BEATS(L=90),22,test
2021-08-04,TLT,-3.8651981,0.02095877,-3.68368,0.025130324,N-BEATS(L=90),22,test
2021-08-05,GLD,-3.7421212,0.023703769,-3.777622,0.022877028,N-BEATS(L=90),22,test
2021-08-05,SPY,-3.9741428,0.018795406,-3.7517722,0.023476105,N-BEATS(L=90),22,test
2021-08-05,TLT,-3.8649476,0.020964023,-3.551398,0.02868451,N-BEATS(L=90),22,test
2021-08-06,GLD,-3.731416,0.023958886,-3.7134404,0.024393454,N-BEATS(L=90),22,test
2021-08-06,SPY,-3.951382,0.019228112,-3.8361938,0.021575566,N-BEATS(L=90),22,test
2021-08-06,TLT,-3.8736162,0.020783078,-3.4887402,0.03053932,N-BEATS(L=90),22,test
2021-08-09,GLD,-3.7461653,0.023608103,-3.6353865,0.02637374,N-BEATS(L=90),22,test
2021-08-09,SPY,-3.9181833,0.019877173,-3.8781104,0.020689884,N-BEATS(L=90),22,test
2021-08-09,TLT,-3.8444304,0.021398585,-3.5652156,0.028290886,N-BEATS(L=90),22,test
2021-08-10,GLD,-3.7711718,0.023025066,-3.6592488,0.02575185,N-BEATS(L=90),22,test
2021-08-10,SPY,-3.8833778,0.02058119,-3.896655,0.020309733,N-BEATS(L=90),22,test
2021-08-10,TLT,-3.833363,0.021636728,-3.5205927,0.029581897,N-BEATS(L=90),22,test
2021-08-11,GLD,-3.7907426,0.022578828,-3.5700924,0.028153252,N-BEATS(L=90),22,test
2021-08-11,SPY,-3.832039,0.021665392,-3.8779836,0.020692509,N-BEATS(L=90),22,test
2021-08-11,TLT,-3.8879094,0.020488134,-3.34478,0.035267975,N-BEATS(L=90),22,test
2021-08-12,GLD,-3.7700856,0.02305009,-3.5684257,0.028200215,N-BEATS(L=90),22,test
2021-08-12,SPY,-3.808249,0.022186995,-3.8597183,0.021073936,N-BEATS(L=90),22,test
2021-08-12,TLT,-3.8519766,0.021237716,-3.5923636,0.027533175,N-BEATS(L=90),22,test
2021-08-13,GLD,-3.7748532,0.022940457,-3.4982057,0.030251617,N-BEATS(L=90),22,test
2021-08-13,SPY,-3.7693746,0.023066483,-3.959984,0.019063419,N-BEATS(L=90),22,test
2021-08-13,TLT,-3.8368316,0.02156181,-3.4924538,0.03042612,N-BEATS(L=90),22,test
2021-08-16,GLD,-3.7586172,0.02331596,-3.7300863,0.023990765,N-BEATS(L=90),22,test
2021-08-16,SPY,-3.7568989,0.023356058,-3.9532514,0.0191922,N-BEATS(L=90),22,test
2021-08-16,TLT,-3.850127,0.021277035,-3.4194615,0.032730054,N-BEATS(L=90),22,test
2021-08-17,GLD,-3.7655053,0.023155909,-3.5661747,0.028263763,N-BEATS(L=90),22,test
2021-08-17,SPY,-3.7747965,0.022941759,-3.9792929,0.018698858,N-BEATS(L=90),22,test
2021-08-17,TLT,-3.855211,0.021169135,-3.385889,0.033847537,N-BEATS(L=90),22,test
2021-08-18,GLD,-3.7718952,0.023008417,-3.6287377,0.026549676,N-BEATS(L=90),22,test
2021-08-18,SPY,-3.6864393,0.025061078,-3.9079785,0.020081053,N-BEATS(L=90),22,test
2021-08-18,TLT,-3.8454719,0.021376312,-3.4482307,0.031801853,N-BEATS(L=90),22,test
2021-08-19,GLD,-3.7668614,0.023124527,-3.614741,0.026923895,N-BEATS(L=90),22,test
2021-08-19,SPY,-3.6824355,0.025161618,-3.7960546,0.022459207,N-BEATS(L=90),22,test
2021-08-19,TLT,-3.8420377,0.021449849,-3.6565971,0.025820225,N-BEATS(L=90),22,test
2021-08-20,GLD,-3.7073803,0.024541732,-3.6503434,0.025982205,N-BEATS(L=90),22,test
2021-08-20,SPY,-3.6264071,0.026611624,-3.8499722,0.021280328,N-BEATS(L=90),22,test
2021-08-20,TLT,-3.8289182,0.021733113,-3.4349082,0.03222837,N-BEATS(L=90),22,test
2021-08-23,GLD,-3.711278,0.024446262,-3.6326625,0.026445678,N-BEATS(L=90),22,test
2021-08-23,SPY,-3.6261191,0.026619291,-3.76464,0.023175951,N-BEATS(L=90),22,test
2021-08-23,TLT,-3.8082836,0.022186227,-3.6593764,0.025748566,N-BEATS(L=90),22,test
2021-08-24,GLD,-3.6943035,0.024864765,-3.6604862,0.025720004,N-BEATS(L=90),22,test
2021-08-24,SPY,-3.6153977,0.026906222,-3.9107718,0.02002504,N-BEATS(L=90),22,test
2021-08-24,TLT,-3.8051808,0.022255173,-3.5191026,0.02962601,N-BEATS(L=90),22,test
2021-08-25,GLD,-3.7023413,0.024665708,-3.7745552,0.022947295,N-BEATS(L=90),22,test
2021-08-25,SPY,-3.611492,0.027011517,-3.8854303,0.020538988,N-BEATS(L=90),22,test
2021-08-25,TLT,-3.8338478,0.021626243,-3.6571631,0.025805615,N-BEATS(L=90),22,test
2021-08-26,GLD,-3.715017,0.024355026,-3.6556058,0.025845835,N-BEATS(L=90),22,test
2021-08-26,SPY,-3.5767117,0.027967514,-3.7372997,0.023818333,N-BEATS(L=90),22,test
2021-08-26,TLT,-3.8063784,0.022228537,-3.549121,0.028749902,N-BEATS(L=90),22,test
2021-08-27,GLD,-3.7661297,0.023141453,-3.750604,0.023503548,N-BEATS(L=90),22,test
2021-08-27,SPY,-3.568766,0.028190617,-3.8063293,0.022229629,N-BEATS(L=90),22,test
2021-08-27,TLT,-3.7563777,0.023368234,-3.533293,0.029208573,N-BEATS(L=90),22,test
2021-08-30,GLD,-3.693682,0.024880225,-3.3655603,0.034542657,N-BEATS(L=90),22,test
2021-08-30,SPY,-3.531154,0.02927112,-3.763446,0.023203641,N-BEATS(L=90),22,test
2021-08-30,TLT,-3.74853,0.023552345,-3.580102,0.027872857,N-BEATS(L=90),22,test
2021-08-31,GLD,-3.6947427,0.024853848,-3.6049836,0.027187891,N-BEATS(L=90),22,test
2021-08-31,SPY,-3.4355755,0.03220687,-3.8653772,0.020955017,N-BEATS(L=90),22,test
2021-08-31,TLT,-3.7619805,0.023237672,-3.878933,0.020672873,N-BEATS(L=90),22,test
2021-09-01,GLD,-3.6726758,0.025408389,-3.7318735,0.023947926,N-BEATS(L=90),22,test
2021-09-01,SPY,-3.3844547,0.03389612,-3.7764242,0.022904448,N-BEATS(L=90),22,test
2021-09-01,TLT,-3.7379348,0.02380321,-3.669277,0.025494898,N-BEATS(L=90),22,test
2021-09-02,GLD,-3.6591887,0.025753397,-3.7727637,0.022988442,N-BEATS(L=90),22,test
2021-09-02,SPY,-3.354307,0.034933574,-3.7407222,0.023736954,N-BEATS(L=90),22,test
2021-09-02,TLT,-3.7336738,0.023904853,-3.7093272,0.024493996,N-BEATS(L=90),22,test
2021-09-03,GLD,-3.678001,0.025273448,-3.6620584,0.025679601,N-BEATS(L=90),22,test
2021-09-03,SPY,-3.3223445,0.036068168,-3.792497,0.022539252,N-BEATS(L=90),22,test
2021-09-03,TLT,-3.7304518,0.023981998,-3.5615754,0.028394056,N-BEATS(L=90),22,test
2021-09-07,GLD,-3.694186,0.02486769,-3.679232,0.025242357,N-BEATS(L=90),22,test
2021-09-07,SPY,-3.313357,0.03639379,-3.7289567,0.02401788,N-BEATS(L=90),22,test
2021-09-07,TLT,-3.7332435,0.023915142,-3.6074867,0.027119922,N-BEATS(L=90),22,test
2021-09-08,GLD,-3.6887856,0.025002347,-3.7859492,0.022687318,N-BEATS(L=90),22,test
2021-09-08,SPY,-3.3155472,0.03631417,-3.807823,0.02219645,N-BEATS(L=90),22,test
2021-09-08,TLT,-3.7327518,0.023926903,-3.5339746,0.02918867,N-BEATS(L=90),22,test
2021-09-09,GLD,-3.71259,0.02441421,-3.7434793,0.023671601,N-BEATS(L=90),22,test
2021-09-09,SPY,-3.300654,0.036859058,-3.8211296,0.021903045,N-BEATS(L=90),22,test
2021-09-09,TLT,-3.7757125,0.022920754,-3.6042442,0.027208,N-BEATS(L=90),22,test
2021-09-10,GLD,-3.7014382,0.024687994,-3.7278545,0.024044368,N-BEATS(L=90),22,test
2021-09-10,SPY,-3.3058615,0.03666761,-3.8741221,0.020772565,N-BEATS(L=90),22,test
2021-09-10,TLT,-3.7699914,0.023052262,-3.627329,0.0265871,N-BEATS(L=90),22,test
2021-09-13,GLD,-3.669379,0.025492296,-3.8331535,0.021641262,N-BEATS(L=90),22,test
2021-09-13,SPY,-3.3044677,0.036718752,-3.81962,0.021936137,N-BEATS(L=90),22,test
2021-09-13,TLT,-3.7641194,0.023188023,-3.635246,0.026377443,N-BEATS(L=90),22,test
2021-09-14,GLD,-3.7017977,0.02467912,-3.6381474,0.026301024,N-BEATS(L=90),22,test
2021-09-14,SPY,-3.31046,0.036499377,-3.9117603,0.020005254,N-BEATS(L=90),22,test
2021-09-14,TLT,-3.7982218,0.022410586,-3.6641562,0.025625786,N-BEATS(L=90),22,test
2021-09-15,GLD,-3.6982272,0.024767395,-3.7625804,0.023223737,N-BEATS(L=90),22,test
2021-09-15,SPY,-3.3226392,0.036057543,-3.881065,0.020628845,N-BEATS(L=90),22,test
2021-09-15,TLT,-3.8195746,0.021937132,-3.6748672,0.025352774,N-BEATS(L=90),22,test
2021-09-16,GLD,-3.7130442,0.024403123,-3.816117,0.022013111,N-BEATS(L=90),22,test
2021-09-16,SPY,-3.3308856,0.03576142,-3.7964926,0.022449374,N-BEATS(L=90),22,test
2021-09-16,TLT,-3.7957766,0.022465453,-3.556361,0.028542504,N-BEATS(L=90),22,test
2021-09-17,GLD,-3.7133675,0.024395235,-3.7276394,0.02404954,N-BEATS(L=90),22,test
2021-09-17,SPY,-3.336671,0.03555512,-3.5813203,0.02783892,N-BEATS(L=90),22,test
2021-09-17,TLT,-3.794668,0.022490373,-3.8824306,0.020600693,N-BEATS(L=90),22,test
2021-09-20,GLD,-3.715467,0.02434407,-3.7267811,0.02407019,N-BEATS(L=90),22,test
2021-09-20,SPY,-3.4010596,0.033337925,-3.7813437,0.022792045,N-BEATS(L=90),22,test
2021-09-20,TLT,-3.7915308,0.022561038,-3.8057938,0.022241537,N-BEATS(L=90),22,test
2021-09-21,GLD,-3.7274451,0.024054212,-3.8797185,0.020656638,N-BEATS(L=90),22,test
2021-09-21,SPY,-3.4172168,0.032803606,-3.5688372,0.028188614,N-BEATS(L=90),22,test
2021-09-21,TLT,-3.7867115,0.02267003,-3.88927,0.020460276,N-BEATS(L=90),22,test
2021-09-22,GLD,-3.6809914,0.02519798,-3.8404682,0.02148354,N-BEATS(L=90),22,test
2021-09-22,SPY,-3.448239,0.031801585,-3.6456487,0.02610447,N-BEATS(L=90),22,test
2021-09-22,TLT,-3.784216,0.022726675,-3.7257254,0.024095615,N-BEATS(L=90),22,test
2021-09-23,GLD,-3.684151,0.025118493,-3.429839,0.03239216,N-BEATS(L=90),22,test
2021-09-23,SPY,-3.459596,0.031442463,-3.265656,0.038171887,N-BEATS(L=90),22,test
2021-09-23,TLT,-3.800483,0.02235997,-3.831577,0.021675406,N-BEATS(L=90),22,test
2021-09-24,GLD,-3.6839175,0.025124356,-3.7185254,0.02426973,N-BEATS(L=90),22,test
2021-09-24,SPY,-3.4599915,0.031430032,-3.383374,0.03393277,N-BEATS(L=90),22,test
2021-09-24,TLT,-3.7741032,0.022957671,-3.8241715,0.02183652,N-BEATS(L=90),22,test
2021-09-27,GLD,-3.6705542,0.025462355,-3.7288563,0.024020292,N-BEATS(L=90),22,test
2021-09-27,SPY,-3.4585886,0.031474154,-3.3226564,0.036056925,N-BEATS(L=90),22,test
2021-09-27,TLT,-3.7169273,0.024308546,-3.9129965,0.019980539,N-BEATS(L=90),22,test
2021-09-28,GLD,-3.6513653,0.025955668,-3.8022256,0.02232104,N-BEATS(L=90),22,test
2021-09-28,SPY,-3.486829,0.030597743,-3.7289736,0.024017474,N-BEATS(L=90),22,test
2021-09-28,TLT,-3.718964,0.024259085,-3.7937593,0.022510817,N-BEATS(L=90),22,test
2021-09-29,GLD,-3.6698453,0.02548041,-3.708628,0.02451113,N-BEATS(L=90),22,test
2021-09-29,SPY,-3.491434,0.030457163,-3.4873981,0.030580334,N-BEATS(L=90),22,test
2021-09-29,TLT,-3.7450738,0.023633884,-3.839081,0.021513361,N-BEATS(L=90),22,test
2021-09-30,GLD,-3.732821,0.023925249,-3.8073316,0.022207359,N-BEATS(L=90),22,test
2021-09-30,SPY,-3.5237377,0.029489009,-3.3368087,0.03555023,N-BEATS(L=90),22,test
2021-09-30,TLT,-3.7433338,0.023675043,-3.767751,0.023103965,N-BEATS(L=90),22,test
2021-10-01,GLD,-3.7440374,0.023658391,-3.753616,0.023432856,N-BEATS(L=90),22,test
2021-10-01,SPY,-3.6398218,0.026257023,-3.2872863,0.037355084,N-BEATS(L=90),22,test
2021-10-01,TLT,-3.7518933,0.023473263,-3.7063992,0.024565822,N-BEATS(L=90),22,test
2021-10-04,GLD,-3.7411835,0.023726007,-3.801378,0.022339966,N-BEATS(L=90),22,test
2021-10-04,SPY,-3.7131672,0.02440012,-3.3393548,0.03545983,N-BEATS(L=90),22,test
2021-10-04,TLT,-3.7463627,0.023603443,-3.6554518,0.025849817,N-BEATS(L=90),22,test
2021-10-05,GLD,-3.757433,0.023343587,-3.7240603,0.02413577,N-BEATS(L=90),22,test
2021-10-05,SPY,-3.7829006,0.022756588,-3.2616284,0.03832594,N-BEATS(L=90),22,test
2021-10-05,TLT,-3.7391188,0.023775045,-3.7496438,0.023526125,N-BEATS(L=90),22,test
2021-10-06,GLD,-3.7193077,0.024250751,-3.6480358,0.026042232,N-BEATS(L=90),22,test
2021-10-06,SPY,-3.8424766,0.021440435,-3.4872096,0.030586101,N-BEATS(L=90),22,test
2021-10-06,TLT,-3.7167184,0.024313623,-3.6966858,0.024805602,N-BEATS(L=90),22,test
2021-10-07,GLD,-3.7255719,0.024099315,-3.8440619,0.021406475,N-BEATS(L=90),22,test
2021-10-07,SPY,-3.8679347,0.020901492,-3.61902,0.026808936,N-BEATS(L=90),22,test
2021-10-07,TLT,-3.7155666,0.024341645,-3.887902,0.020488285,N-BEATS(L=90),22,test
2021-10-08,GLD,-3.737087,0.0238234,-3.6847167,0.025104286,N-BEATS(L=90),22,test
2021-10-08,SPY,-3.855716,0.02115845,-3.6131344,0.026967188,N-BEATS(L=90),22,test
2021-10-08,TLT,-3.7042472,0.024618743,-3.758331,0.023322633,N-BEATS(L=90),22,test
2021-10-11,GLD,-3.6591563,0.025754232,-3.8146236,0.022046011,N-BEATS(L=90),22,test
2021-10-11,SPY,-3.8688076,0.020883257,-3.5861685,0.027704276,N-BEATS(L=90),22,test
2021-10-11,TLT,-3.5504808,0.028710831,-3.6917562,0.024928184,N-BEATS(L=90),22,test
2021-10-12,GLD,-3.6736746,0.025383025,-3.7849107,0.022710891,N-BEATS(L=90),22,test
2021-10-12,SPY,-3.8908696,0.020427573,-3.554329,0.028600562,N-BEATS(L=90),22,test
2021-10-12,TLT,-3.560409,0.028427193,-3.839133,0.021512244,N-BEATS(L=90),22,test
2021-10-13,GLD,-3.7022526,0.024667896,-3.6725657,0.025411189,N-BEATS(L=90),22,test
2021-10-13,SPY,-3.927437,0.019694082,-3.7028365,0.024653498,N-BEATS(L=90),22,test
2021-10-13,TLT,-3.530013,0.029304532,-3.903641,0.020168345,N-BEATS(L=90),22,test
2021-10-14,GLD,-3.694784,0.024852823,-3.5884104,0.027642237,N-BEATS(L=90),22,test
2021-10-14,SPY,-3.9365067,0.01951627,-3.5797787,0.027881868,N-BEATS(L=90),22,test
2021-10-14,TLT,-3.5209985,0.029569896,-3.6796007,0.025233047,N-BEATS(L=90),22,test
2021-10-15,GLD,-3.6855369,0.025083704,-3.7792692,0.022839377,N-BEATS(L=90),22,test
2021-10-15,SPY,-3.9245975,0.019750085,-3.733939,0.023898516,N-BEATS(L=90),22,test
2021-10-15,TLT,-3.4995267,0.030211678,-3.8135688,0.022069277,N-BEATS(L=90),22,test
2021-10-18,GLD,-3.68548,0.025085129,-3.8008814,0.022351064,N-BEATS(L=90),22,test
2021-10-18,SPY,-3.9517672,0.019220704,-3.7497535,0.023523545,N-BEATS(L=90),22,test
2021-10-18,TLT,-3.5081646,0.029951837,-3.8110347,0.022125274,N-BEATS(L=90),22,test
2021-10-19,GLD,-3.6885736,0.025007648,-3.8263688,0.021788592,N-BEATS(L=90),22,test
2021-10-19,SPY,-3.9238427,0.019764999,-3.6823976,0.025162572,N-BEATS(L=90),22,test
2021-10-19,TLT,-3.509279,0.029918477,-3.9964075,0.018381556,N-BEATS(L=90),22,test
2021-10-20,GLD,-3.6696079,0.025486462,-3.7290938,0.024014588,N-BEATS(L=90),22,test
2021-10-20,SPY,-3.9131565,0.019977342,-3.7257752,0.024094414,N-BEATS(L=90),22,test
2021-10-20,TLT,-3.5179172,0.02966115,-3.686803,0.025051963,N-BEATS(L=90),22,test
2021-10-21,GLD,-3.6367292,0.02633835,-3.6213138,0.026747512,N-BEATS(L=90),22,test
2021-10-21,SPY,-3.8453443,0.021379039,-3.8266308,0.021782883,N-BEATS(L=90),22,test
2021-10-21,TLT,-3.5039902,0.030077131,-3.8356128,0.021588106,N-BEATS(L=90),22,test
2021-10-22,GLD,-3.726645,0.024073467,-3.6226144,0.026712747,N-BEATS(L=90),22,test
2021-10-22,SPY,-3.8281302,0.021750245,-3.99098,0.018481595,N-BEATS(L=90),22,test
2021-10-22,TLT,-3.5049157,0.030049305,-3.6920214,0.024921576,N-BEATS(L=90),22,test
2021-10-25,GLD,-3.7169423,0.02430818,-3.5339353,0.02918982,N-BEATS(L=90),22,test
2021-10-25,SPY,-3.831434,0.021678505,-3.8727746,0.020800576,N-BEATS(L=90),22,test
2021-10-25,TLT,-3.4923322,0.03042982,-3.6113217,0.027016116,N-BEATS(L=90),22,test
2021-10-26,GLD,-3.6994438,0.024737282,-3.659391,0.025748191,N-BEATS(L=90),22,test
2021-10-26,SPY,-3.7807872,0.022804732,-3.759899,0.023286095,N-BEATS(L=90),22,test
2021-10-26,TLT,-3.4922009,0.030433819,-3.5500185,0.028724106,N-BEATS(L=90),22,test
2021-10-27,GLD,-3.713249,0.024398126,-3.4948947,0.030351942,N-BEATS(L=90),22,test
2021-10-27,SPY,-3.744501,0.023647424,-3.6594315,0.025747146,N-BEATS(L=90),22,test
2021-10-27,TLT,-3.5222652,0.029532462,-3.7214062,0.024199914,N-BEATS(L=90),22,test
2021-10-28,GLD,-3.6185124,0.026822548,-3.6434517,0.026161885,N-BEATS(L=90),22,test
2021-10-28,SPY,-3.663352,0.025646402,-3.5909061,0.027573334,N-BEATS(L=90),22,test
2021-10-28,TLT,-3.5125384,0.02982112,-3.624491,0.026662666,N-BEATS(L=90),22,test
2021-10-29,GLD,-3.6118863,0.027000869,-3.3715532,0.034336265,N-BEATS(L=90),22,test
2021-10-29,SPY,-3.5042264,0.030070025,-3.7138128,0.024384372,N-BEATS(L=90),22,test
2021-10-29,TLT,-3.4830189,0.030714547,-3.7967005,0.022444706,N-BEATS(L=90),22,test
2021-11-01,GLD,-3.6048796,0.027190719,-3.5208879,0.029573167,N-BEATS(L=90),22,test
2021-11-01,SPY,-3.4580112,0.031492334,-3.5162957,0.029709285,N-BEATS(L=90),22,test
2021-11-01,TLT,-3.4392567,0.03208853,-3.3531203,0.034975052,N-BEATS(L=90),22,test
2021-11-02,GLD,-3.5769985,0.027959494,-3.5878167,0.02765865,N-BEATS(L=90),22,test
2021-11-02,SPY,-3.3471186,0.03518559,-3.5206358,0.029580621,N-BEATS(L=90),22,test
2021-11-02,TLT,-3.3650198,0.034561332,-3.7294216,0.024006717,N-BEATS(L=90),22,test
2021-11-03,GLD,-3.595892,0.0274362,-3.7607162,0.02326707,N-BEATS(L=90),22,test
2021-11-03,SPY,-3.3122044,0.036435768,-3.521957,0.029541569,N-BEATS(L=90),22,test
2021-11-03,TLT,-3.3559666,0.034875643,-3.5257118,0.029430851,N-BEATS(L=90),22,test
2021-11-04,GLD,-3.5964653,0.027420472,-3.5005012,0.030182254,N-BEATS(L=90),22,test
2021-11-04,SPY,-3.2382326,0.039233174,-3.3961613,0.033501625,N-BEATS(L=90),22,test
2021-11-04,TLT,-3.3453703,0.035247162,-3.514713,0.029756341,N-BEATS(L=90),22,test
2021-11-05,GLD,-3.6259964,0.026622558,-3.628432,0.026557794,N-BEATS(L=90),22,test
2021-11-05,SPY,-3.2411475,0.03911898,-3.302534,0.03678982,N-BEATS(L=90),22,test
2021-11-05,TLT,-3.3498328,0.035090223,-3.2328973,0.039443057,N-BEATS(L=90),22,test
2021-11-08,GLD,-3.6242137,0.02667006,-3.7037191,0.024631746,N-BEATS(L=90),22,test
2021-11-08,SPY,-3.2366693,0.039294556,-3.1343994,0.043525886,N-BEATS(L=90),22,test
2021-11-08,TLT,-3.338587,0.035487063,-3.5461361,0.028835842,N-BEATS(L=90),22,test
2021-11-09,GLD,-3.6316888,0.026471442,-3.5979493,0.027379815,N-BEATS(L=90),22,test
2021-11-09,SPY,-3.2317123,0.03948982,-3.4547908,0.03159391,N-BEATS(L=90),22,test
2021-11-09,TLT,-3.3390667,0.035470046,-3.5405345,0.028997824,N-BEATS(L=90),22,test
2021-11-10,GLD,-3.7067945,0.024556112,-3.67607,0.025322298,N-BEATS(L=90),22,test
2021-11-10,SPY,-3.244798,0.03897644,-3.200802,0.040729523,N-BEATS(L=90),22,test
2021-11-10,TLT,-3.4298038,0.032393295,-3.4807186,0.030785281,N-BEATS(L=90),22,test
2021-11-11,GLD,-3.696154,0.024818793,-3.470932,0.031088043,N-BEATS(L=90),22,test
2021-11-11,SPY,-3.2227812,0.039844092,-3.4679914,0.031179596,N-BEATS(L=90),22,test
2021-11-11,TLT,-3.4075196,0.03312326,-3.4864004,0.030610861,N-BEATS(L=90),22,test
2021-11-12,GLD,-3.6225004,0.026715793,-3.6685517,0.025513394,N-BEATS(L=90),22,test
2021-11-12,SPY,-3.186186,0.041329198,-3.2322087,0.03947022,N-BEATS(L=90),22,test
2021-11-12,TLT,-3.4090147,0.03307377,-3.7396798,0.02376171,N-BEATS(L=90),22,test
2021-11-15,GLD,-3.6253686,0.026639277,-3.6783016,0.02526585,N-BEATS(L=90),22,test
2021-11-15,SPY,-3.1661413,0.04216599,-3.5096827,0.029906403,N-BEATS(L=90),22,test
2021-11-15,TLT,-3.4126747,0.032952946,-3.6632688,0.025648536,N-BEATS(L=90),22,test
2021-11-16,GLD,-3.6317763,0.026469124,-3.527589,0.029375654,N-BEATS(L=90),22,test
2021-11-16,SPY,-3.1438525,0.043116372,-3.2865212,0.037383676,N-BEATS(L=90),22,test
2021-11-16,TLT,-3.430636,0.03236635,-3.611263,0.027017701,N-BEATS(L=90),22,test
2021-11-17,GLD,-3.6321557,0.026459087,-3.6958916,0.024825308,N-BEATS(L=90),22,test
2021-11-17,SPY,-3.1336472,0.04355864,-3.230751,0.0395278,N-BEATS(L=90),22,test
2021-11-17,TLT,-3.4312577,0.032346234,-3.7589145,0.02330903,N-BEATS(L=90),22,test
2021-11-18,GLD,-3.6309001,0.026492327,-3.6570246,0.025809191,N-BEATS(L=90),22,test
2021-11-18,SPY,-3.1215937,0.04408685,-3.6444092,0.026136847,N-BEATS(L=90),22,test
2021-11-18,TLT,-3.4168415,0.032815922,-3.5899694,0.027599175,N-BEATS(L=90),22,test
2021-11-19,GLD,-3.6417537,0.026206346,-3.715301,0.02434811,N-BEATS(L=90),22,test
2021-11-19,SPY,-3.1195998,0.044174843,-3.4633641,0.031324208,N-BEATS(L=90),22,test
2021-11-19,TLT,-3.4156027,0.0328566,-3.6814735,0.025185836,N-BEATS(L=90),22,test
2021-11-22,GLD,-3.6646485,0.025613172,-3.6726537,0.025408953,N-BEATS(L=90),22,test
2021-11-22,SPY,-3.1311982,0.043665446,-3.6769629,0.025299696,N-BEATS(L=90),22,test
2021-11-22,TLT,-3.4184918,0.03276181,-3.6898992,0.02497452,N-BEATS(L=90),22,test
2021-11-23,GLD,-3.6766953,0.025306465,-3.7095277,0.024489086,N-BEATS(L=90),22,test
2021-11-23,SPY,-3.1396563,0.04329768,-3.643793,0.026152955,N-BEATS(L=90),22,test
2021-11-23,TLT,-3.426114,0.032513037,-3.5644271,0.0283132,N-BEATS(L=90),22,test
2021-11-24,GLD,-3.681696,0.025180234,-3.7359924,0.023849491,N-BEATS(L=90),22,test
2021-11-24,SPY,-3.1418958,0.04320082,-3.599633,0.027333753,N-BEATS(L=90),22,test
2021-11-24,TLT,-3.4223397,0.032635987,-3.6595838,0.025743226,N-BEATS(L=90),22,test
2021-11-26,GLD,-3.7103057,0.024470042,-3.5708377,0.028132277,N-BEATS(L=90),22,test
2021-11-26,SPY,-3.1562793,0.042583887,-3.7010834,0.024696754,N-BEATS(L=90),22,test
2021-11-26,TLT,-3.4330616,0.032287937,-3.6050806,0.027185254,N-BEATS(L=90),22,test
2021-11-29,GLD,-3.7122545,0.0244224,-3.657859,0.025787663,N-BEATS(L=90),22,test
2021-11-29,SPY,-3.165919,0.042175364,-3.4639595,0.031305563,N-BEATS(L=90),22,test
2021-11-29,TLT,-3.425976,0.032517526,-3.7043655,0.024615832,N-BEATS(L=90),22,test
2021-11-30,GLD,-3.8577487,0.021115482,-3.6594937,0.025745545,N-BEATS(L=90),22,test
2021-11-30,SPY,-3.1931958,0.041040502,-3.615872,0.026893467,N-BEATS(L=90),22,test
2021-11-30,TLT,-3.429305,0.032409456,-3.3998454,0.03337843,N-BEATS(L=90),22,test
2021-12-01,GLD,-3.8750396,0.020753516,-3.3895907,0.033722475,N-BEATS(L=90),22,test
2021-12-01,SPY,-3.2671733,0.03811401,-3.523394,0.029499141,N-BEATS(L=90),22,test
2021-12-01,TLT,-3.4327462,0.03229812,-3.4053695,0.033194553,N-BEATS(L=90),22,test
2021-12-02,GLD,-3.8920383,0.020403713,-3.5257683,0.029429188,N-BEATS(L=90),22,test
2021-12-02,SPY,-3.289897,0.037257686,-3.4344609,0.03224279,N-BEATS(L=90),22,test
2021-12-02,TLT,-3.4615254,0.031381853,-3.3821187,0.033975396,N-BEATS(L=90),22,test
2021-12-03,GLD,-3.9049757,0.020141445,-3.542523,0.028940221,N-BEATS(L=90),22,test
2021-12-03,SPY,-3.3572989,0.03482921,-3.5257864,0.029428655,N-BEATS(L=90),22,test
2021-12-03,TLT,-3.551303,0.028687239,-3.5176656,0.029668612,N-BEATS(L=90),22,test
2021-12-06,GLD,-3.9047725,0.020145537,-3.4790409,0.030836973,N-BEATS(L=90),22,test
2021-12-06,SPY,-3.3765037,0.0341667,-3.3673348,0.034481414,N-BEATS(L=90),22,test
2021-12-06,TLT,-3.5808153,0.02785298,-3.1934824,0.04102874,N-BEATS(L=90),22,test
2021-12-07,GLD,-3.889966,0.020446042,-3.6043444,0.027205275,N-BEATS(L=90),22,test
2021-12-07,SPY,-3.4578896,0.031496163,-3.4058688,0.033177983,N-BEATS(L=90),22,test
2021-12-07,TLT,-3.5786433,0.027913542,-3.2771735,0.03773476,N-BEATS(L=90),22,test
2021-12-08,GLD,-3.889872,0.020447962,-3.7045927,0.024610238,N-BEATS(L=90),22,test
2021-12-08,SPY,-3.382894,0.033949062,-3.3114235,0.03646423,N-BEATS(L=90),22,test
2021-12-08,TLT,-3.5731275,0.028067933,-3.4803607,0.030796299,N-BEATS(L=90),22,test
2021-12-09,GLD,-3.878111,0.020689873,-3.662913,0.025657661,N-BEATS(L=90),22,test
2021-12-09,SPY,-3.3485603,0.0351349,-3.3197563,0.036161643,N-BEATS(L=90),22,test
2021-12-09,TLT,-3.5918317,0.027547825,-3.4008043,0.03334644,N-BEATS(L=90),22,test
2021-12-10,GLD,-3.8830261,0.020588428,-3.65013,0.02598775,N-BEATS(L=90),22,test
2021-12-10,SPY,-3.3483782,0.0351413,-3.3768132,0.034156132,N-BEATS(L=90),22,test
2021-12-10,TLT,-3.6027455,0.027248807,-3.3138053,0.036377482,N-BEATS(L=90),22,test
2021-12-13,GLD,-3.8719544,0.020817643,-3.7617016,0.023244156,N-BEATS(L=90),22,test
2021-12-13,SPY,-3.316571,0.03627701,-3.335438,0.03559899,N-BEATS(L=90),22,test
2021-12-13,TLT,-3.591015,0.02757033,-3.3997562,0.033381406,N-BEATS(L=90),22,test
2021-12-14,GLD,-3.873375,0.020788092,-3.5738587,0.028047416,N-BEATS(L=90),22,test
2021-12-14,SPY,-3.3279707,0.035865813,-3.3873048,0.033799652,N-BEATS(L=90),22,test
2021-12-14,TLT,-3.6049173,0.027189694,-3.4657624,0.031249173,N-BEATS(L=90),22,test
2021-12-15,GLD,-4.0038114,0.018245963,-3.7246668,0.024121135,N-BEATS(L=90),22,test
2021-12-15,SPY,-3.3737457,0.034261066,-3.436425,0.032179523,N-BEATS(L=90),22,test
2021-12-15,TLT,-3.6266482,0.026605211,-3.4932687,0.030401336,N-BEATS(L=90),22,test
2021-12-16,GLD,-3.97359,0.0188058,-3.1192415,0.044190675,N-BEATS(L=90),22,test
2021-12-16,SPY,-3.373079,0.034283914,-3.350897,0.035052896,N-BEATS(L=90),22,test
2021-12-16,TLT,-3.6150646,0.026915185,-3.532174,0.029241273,N-BEATS(L=90),22,test
2021-12-17,GLD,-3.9861593,0.018570902,-3.5270429,0.029391702,N-BEATS(L=90),22,test
2021-12-17,SPY,-3.2580166,0.038464613,-3.213738,0.040206045,N-BEATS(L=90),22,test
2021-12-17,TLT,-3.612845,0.026974995,-3.436433,0.032179262,N-BEATS(L=90),22,test
2021-12-20,GLD,-3.9670866,0.0189285,-3.375076,0.034215517,N-BEATS(L=90),22,test
2021-12-20,SPY,-3.2243664,0.039780978,-3.2537074,0.038630724,N-BEATS(L=90),22,test
2021-12-20,TLT,-3.5972931,0.027397783,-3.6013558,0.027286703,N-BEATS(L=90),22,test
2021-12-21,GLD,-3.9474723,0.019303434,-3.4710329,0.031084908,N-BEATS(L=90),22,test
2021-12-21,SPY,-3.0118928,0.049198467,-3.249406,0.038797244,N-BEATS(L=90),22,test
2021-12-21,TLT,-3.6055794,0.027171697,-3.310987,0.03648015,N-BEATS(L=90),22,test
2021-12-22,GLD,-3.949086,0.019272309,-3.5420225,0.028954707,N-BEATS(L=90),22,test
2021-12-22,SPY,-2.9361045,0.053072065,-3.6158743,0.026893402,N-BEATS(L=90),22,test
2021-12-22,TLT,-3.5672534,0.028233293,-3.6648545,0.025607897,N-BEATS(L=90),22,test
2021-12-23,GLD,-3.909276,0.020055015,-3.4318726,0.032326348,N-BEATS(L=90),22,test
2021-12-23,SPY,-2.8584077,0.05736002,-3.3509617,0.03505063,N-BEATS(L=90),22,test
2021-12-23,TLT,-3.5595438,0.0284518,-3.4594274,0.031447764,N-BEATS(L=90),22,test
2021-12-27,GLD,-3.853543,0.021204475,-3.310033,0.036514964,N-BEATS(L=90),22,test
2021-12-27,SPY,-2.8187137,0.059682664,-3.7488217,0.023545472,N-BEATS(L=90),22,test
2021-12-27,TLT,-3.5532198,0.028632302,-3.6905296,0.02495878,N-BEATS(L=90),22,test
2021-12-28,GLD,-3.8478234,0.021326104,-3.6649938,0.025604332,N-BEATS(L=90),22,test
2021-12-28,SPY,-2.772789,0.062487483,-3.7079527,0.024527686,N-BEATS(L=90),22,test
2021-12-28,TLT,-3.551778,0.02867361,-3.7080524,0.024525242,N-BEATS(L=90),22,test
2021-12-29,GLD,-3.8561773,0.02114869,-3.6911097,0.024944307,N-BEATS(L=90),22,test
2021-12-29,SPY,-2.7581995,0.063405834,-3.608741,0.027085925,N-BEATS(L=90),22,test
2021-12-29,TLT,-3.5484076,0.028770419,-3.47092,0.031088414,N-BEATS(L=90),22,test
2021-12-30,GLD,-3.8512213,0.021253763,-3.5639777,0.028325928,N-BEATS(L=90),22,test
2021-12-30,SPY,-2.7481518,0.06404612,-3.609394,0.027068242,N-BEATS(L=90),22,test
2021-12-30,TLT,-3.5543277,0.028600596,-3.5644286,0.02831316,N-BEATS(L=90),22,test
2021-12-31,GLD,-3.8533697,0.02120815,-3.6636474,0.025638826,N-BEATS(L=90),22,test
2021-12-31,SPY,-2.7426033,0.06440247,-3.6334918,0.026423758,N-BEATS(L=90),22,test
2021-12-31,TLT,-3.548802,0.028759075,-3.6419835,0.026200324,N-BEATS(L=90),22,test
2022-01-03,GLD,-3.8092184,0.022165496,-3.7845335,0.02271946,N-BEATS(L=90),22,test
2022-01-03,SPY,-2.7351513,0.06488419,-3.8360963,0.02157767,N-BEATS(L=90),22,test
2022-01-03,TLT,-3.580687,0.027856553,-3.4329705,0.032290876,N-BEATS(L=90),22,test
2022-01-04,GLD,-3.80772,0.022198735,-3.6516533,0.025948193,N-BEATS(L=90),22,test
2022-01-04,SPY,-2.7175379,0.06603715,-3.8412676,0.021466374,N-BEATS(L=90),22,test
2022-01-04,TLT,-3.589315,0.027617244,-3.4099557,0.03304266,N-BEATS(L=90),22,test
2022-01-05,GLD,-3.8318691,0.021669075,-3.6997044,0.024730835,N-BEATS(L=90),22,test
2022-01-05,SPY,-2.7199478,0.06587819,-3.7131188,0.024401302,N-BEATS(L=90),22,test
2022-01-05,TLT,-3.5952148,0.027454784,-3.5269787,0.029393587,N-BEATS(L=90),22,test
2022-01-06,GLD,-3.83789,0.021539003,-3.6049454,0.027188929,N-BEATS(L=90),22,test
2022-01-06,SPY,-2.7186499,0.06596375,-3.797543,0.022425802,N-BEATS(L=90),22,test
2022-01-06,TLT,-3.6005807,0.02730786,-3.379685,0.034058183,N-BEATS(L=90),22,test
2022-01-07,GLD,-3.8514016,0.021249933,-3.7539425,0.02342521,N-BEATS(L=90),22,test
2022-01-07,SPY,-2.7222905,0.06572404,-3.7016616,0.02468248,N-BEATS(L=90),22,test
2022-01-07,TLT,-3.6147115,0.026924692,-3.4033258,0.03326246,N-BEATS(L=90),22,test
2022-01-10,GLD,-3.8155065,0.022026556,-3.4656332,0.03125321,N-BEATS(L=90),22,test
2022-01-10,SPY,-2.713139,0.06632827,-3.6218004,0.0267345,N-BEATS(L=90),22,test
2022-01-10,TLT,-3.594978,0.027461285,-3.2956357,0.037044488,N-BEATS(L=90),22,test
2022-01-11,GLD,-3.75412,0.02342105,-3.7408195,0.023734646,N-BEATS(L=90),22,test
2022-01-11,SPY,-2.6969745,0.06740915,-3.447785,0.031816036,N-BEATS(L=90),22,test
2022-01-11,TLT,-3.4704192,0.031103991,-3.4550967,0.031584248,N-BEATS(L=90),22,test
2022-01-12,GLD,-3.74372,0.023665901,-3.6869633,0.025047949,N-BEATS(L=90),22,test
2022-01-12,SPY,-2.6904185,0.06785254,-3.4553998,0.03157468,N-BEATS(L=90),22,test
2022-01-12,TLT,-3.437271,0.032152306,-3.4483724,0.03179735,N-BEATS(L=90),22,test
2022-01-13,GLD,-3.7441666,0.023655334,-3.6570191,0.025809333,N-BEATS(L=90),22,test
2022-01-13,SPY,-2.6999178,0.06721104,-3.5637233,0.028333135,N-BEATS(L=90),22,test
2022-01-13,TLT,-3.4460518,0.031871222,-3.6095521,0.027063966,N-BEATS(L=90),22,test
2022-01-14,GLD,-3.7519462,0.02347202,-3.6809082,0.025200078,N-BEATS(L=90),22,test
2022-01-14,SPY,-2.6954906,0.06750926,-3.4433112,0.031958688,N-BEATS(L=90),22,test
2022-01-14,TLT,-3.4313314,0.03234385,-3.67114,0.025447445,N-BEATS(L=90),22,test
2022-01-18,GLD,-3.749106,0.023538781,-3.9026713,0.02018791,N-BEATS(L=90),22,test
2022-01-18,SPY,-2.678615,0.06865817,-3.611099,0.027022133,N-BEATS(L=90),22,test
2022-01-18,TLT,-3.410452,0.033026274,-3.619083,0.026807249,N-BEATS(L=90),22,test
2022-01-19,GLD,-3.7686253,0.023083776,-3.7746933,0.022944128,N-BEATS(L=90),22,test
2022-01-19,SPY,-2.6765122,0.06880271,-3.704117,0.024621947,N-BEATS(L=90),22,test
2022-01-19,TLT,-3.417505,0.032794155,-3.6215532,0.02674111,N-BEATS(L=90),22,test
2022-01-20,GLD,-3.756681,0.023361148,-3.8451052,0.021384152,N-BEATS(L=90),22,test
2022-01-20,SPY,-2.6941953,0.067596756,-3.633495,0.02642367,N-BEATS(L=90),22,test
2022-01-20,TLT,-3.4140716,0.032906946,-3.628307,0.026561111,N-BEATS(L=90),22,test
2022-01-21,GLD,-3.769378,0.023066407,-3.7595055,0.023295257,N-BEATS(L=90),22,test
2022-01-21,SPY,-2.694295,0.06759002,-3.5677457,0.028219398,N-BEATS(L=90),22,test
2022-01-21,TLT,-3.4261074,0.032513257,-3.7586899,0.023314266,N-BEATS(L=90),22,test
2022-01-24,GLD,-3.459332,0.031450763,-3.918598,0.019868933,N-BEATS(L=90),22,test
2022-01-24,SPY,-2.769433,0.062697545,-3.4079328,0.033109576,N-BEATS(L=90),22,test
2022-01-24,TLT,-3.3728237,0.034292668,-3.5646582,0.02830666,N-BEATS(L=90),22,test
2022-01-25,GLD,-3.4646704,0.031283315,-3.6873913,0.025037233,N-BEATS(L=90),22,test
2022-01-25,SPY,-2.8073087,0.06036724,-3.3253448,0.03596012,N-BEATS(L=90),22,test
2022-01-25,TLT,-3.3902736,0.033699457,-3.7427785,0.023688193,N-BEATS(L=90),22,test
2022-01-26,GLD,-3.4434876,0.03195305,-3.7477088,0.023571692,N-BEATS(L=90),22,test
2022-01-26,SPY,-2.8639536,0.05704279,-3.253534,0.03863742,N-BEATS(L=90),22,test
2022-01-26,TLT,-3.396093,0.03350392,-3.6639302,0.025631579,N-BEATS(L=90),22,test
2022-01-27,GLD,-3.4515157,0.031697556,-3.802142,0.022322906,N-BEATS(L=90),22,test
2022-01-27,SPY,-2.8747811,0.05642849,-3.140385,0.04326614,N-BEATS(L=90),22,test
2022-01-27,TLT,-3.3530064,0.034979038,-3.6958716,0.024825806,N-BEATS(L=90),22,test
2022-01-28,GLD,-3.4330192,0.032289308,-3.6605887,0.025717366,N-BEATS(L=90),22,test
2022-01-28,SPY,-2.9148464,0.054212358,-3.0063334,0.049472746,N-BEATS(L=90),22,test
2022-01-28,TLT,-3.2963884,0.037016615,-3.6834447,0.025136238,N-BEATS(L=90),22,test
2022-01-31,GLD,-3.416777,0.03281804,-3.8312278,0.021682978,N-BEATS(L=90),22,test
2022-01-31,SPY,-2.9210901,0.053874925,-3.0651405,0.046647288,N-BEATS(L=90),22,test
2022-01-31,TLT,-3.2791173,0.037661485,-3.559528,0.028452247,N-BEATS(L=90),22,test
2022-02-01,GLD,-3.3900979,0.03370538,-3.9155154,0.019930273,N-BEATS(L=90),22,test
2022-02-01,SPY,-2.9244983,0.053691622,-3.1181054,0.044240907,N-BEATS(L=90),22,test
2022-02-01,TLT,-3.2715049,0.037949275,-3.5814807,0.027834453,N-BEATS(L=90),22,test
2022-02-02,GLD,-3.3774095,0.03413577,-3.8950312,0.02034274,N-BEATS(L=90),22,test
2022-02-02,SPY,-2.908669,0.054548286,-3.096435,0.045210086,N-BEATS(L=90),22,test
2022-02-02,TLT,-3.26299,0.03827379,-3.724993,0.02411327,N-BEATS(L=90),22,test
2022-02-03,GLD,-3.3032184,0.036764655,-3.821448,0.02189607,N-BEATS(L=90),22,test
2022-02-03,SPY,-2.861752,0.05716851,-3.150554,0.042828396,N-BEATS(L=90),22,test
2022-02-03,TLT,-3.266208,0.038150825,-3.631727,0.02647043,N-BEATS(L=90),22,test
2022-02-04,GLD,-3.276179,0.037772305,-3.9056137,0.020128598,N-BEATS(L=90),22,test
2022-02-04,SPY,-2.8735757,0.05649655,-3.116032,0.04433274,N-BEATS(L=90),22,test
2022-02-04,TLT,-3.2672753,0.038110122,-3.644971,0.02612217,N-BEATS(L=90),22,test
2022-02-07,GLD,-3.2541401,0.03861401,-3.8741379,0.02077224,N-BEATS(L=90),22,test
2022-02-07,SPY,-2.8696334,0.056719713,-3.307989,0.036589686,N-BEATS(L=90),22,test
2022-02-07,TLT,-3.2533553,0.03864433,-3.5538292,0.028614858,N-BEATS(L=90),22,test
2022-02-08,GLD,-3.2371604,0.039275263,-3.7054708,0.024588639,N-BEATS(L=90),22,test
2022-02-08,SPY,-2.8664496,0.056900587,-3.3122113,0.036435515,N-BEATS(L=90),22,test
2022-02-08,TLT,-3.2466934,0.038902633,-3.494465,0.030364987,N-BEATS(L=90),22,test
2022-02-09,GLD,-3.2334404,0.03942164,-3.8548386,0.02117702,N-BEATS(L=90),22,test
2022-02-09,SPY,-2.8402376,0.058411784,-3.274807,0.03782417,N-BEATS(L=90),22,test
2022-02-09,TLT,-3.2516325,0.038710963,-3.6746335,0.025358697,N-BEATS(L=90),22,test
2022-02-10,GLD,-3.2210007,0.039915096,-3.952177,0.019212829,N-BEATS(L=90),22,test
2022-02-10,SPY,-2.863026,0.057095733,-3.3187375,0.036198504,N-BEATS(L=90),22,test
2022-02-10,TLT,-3.2492278,0.038804162,-3.6520786,0.025937159,N-BEATS(L=90),22,test
2022-02-11,GLD,-3.198425,0.04082645,-3.8569372,0.021132626,N-BEATS(L=90),22,test
2022-02-11,SPY,-2.8624904,0.057126313,-3.1227088,0.04403772,N-BEATS(L=90),22,test
2022-02-11,TLT,-3.255846,0.038548194,-3.6488314,0.026021522,N-BEATS(L=90),22,test
2022-02-14,GLD,-3.1950893,0.040962867,-3.7170358,0.02430591,N-BEATS(L=90),22,test
2022-02-14,SPY,-2.8703382,0.056679755,-3.0197332,0.04881424,N-BEATS(L=90),22,test
2022-02-14,TLT,-3.2394352,0.03918602,-3.3910227,0.03367422,N-BEATS(L=90),22,test
2022-02-15,GLD,-3.1846833,0.04139135,-3.7927165,0.022534303,N-BEATS(L=90),22,test
2022-02-15,SPY,-2.8622532,0.05713987,-3.081138,0.04590699,N-BEATS(L=90),22,test
2022-02-15,TLT,-3.2407184,0.039135773,-3.4854877,0.030638812,N-BEATS(L=90),22,test
2022-02-16,GLD,-3.1757774,0.041761626,-3.6041698,0.027210023,N-BEATS(L=90),22,test
2022-02-16,SPY,-2.8616083,0.05717673,-3.1770926,0.04170674,N-BEATS(L=90),22,test
2022-02-16,TLT,-3.233431,0.039422005,-3.5285728,0.02934677,N-BEATS(L=90),22,test
2022-02-17,GLD,-3.172225,0.041910242,-3.6723561,0.025416514,N-BEATS(L=90),22,test
2022-02-17,SPY,-2.8866968,0.055760093,-3.1527212,0.042735677,N-BEATS(L=90),22,test
2022-02-17,TLT,-3.247758,0.03886124,-3.3715513,0.034336332,N-BEATS(L=90),22,test
2022-02-18,GLD,-3.1627982,0.042307194,-3.8956223,0.02033072,N-BEATS(L=90),22,test
2022-02-18,SPY,-2.8973222,0.05517076,-3.008682,0.049356688,N-BEATS(L=90),22,test
2022-02-18,TLT,-3.2188125,0.040002536,-3.510211,0.029890606,N-BEATS(L=90),22,test
2022-02-22,GLD,-3.1589224,0.042471483,-3.8180306,0.021971028,N-BEATS(L=90),22,test
2022-02-22,SPY,-2.9307618,0.053356376,-3.1891975,0.041204922,N-BEATS(L=90),22,test
2022-02-22,TLT,-3.2074778,0.04045853,-3.2690947,0.03804085,N-BEATS(L=90),22,test
2022-02-23,GLD,-3.1487584,0.042905364,-3.7970998,0.022435745,N-BEATS(L=90),22,test
2022-02-23,SPY,-2.9485052,0.052418005,-3.209044,0.040395215,N-BEATS(L=90),22,test
2022-02-23,TLT,-3.187594,0.041271053,-3.3374274,0.035528243,N-BEATS(L=90),22,test
2022-02-24,GLD,-3.27494,0.03781914,-3.7812283,0.022794675,N-BEATS(L=90),22,test
2022-02-24,SPY,-2.9905345,0.050260562,-3.1997573,0.040772095,N-BEATS(L=90),22,test
2022-02-24,TLT,-3.2118487,0.040282074,-3.5227654,0.029517693,N-BEATS(L=90),22,test
2022-02-25,GLD,-3.2613697,0.038335852,-3.7680583,0.023096867,N-BEATS(L=90),22,test
2022-02-25,SPY,-3.0060916,0.049484707,-3.0587435,0.04694665,N-BEATS(L=90),22,test
2022-02-25,TLT,-3.1933675,0.041033458,-3.4166207,0.032823168,N-BEATS(L=90),22,test
2022-02-28,GLD,-3.2892444,0.03728201,-3.6686692,0.025510397,N-BEATS(L=90),22,test
2022-02-28,SPY,-3.017966,0.04890058,-3.1835845,0.04143686,N-BEATS(L=90),22,test
2022-02-28,TLT,-3.1876037,0.041270647,-3.428988,0.032419734,N-BEATS(L=90),22,test
2022-03-01,GLD,-3.2917788,0.03718764,-3.53915,0.029037999,N-BEATS(L=90),22,test
2022-03-01,SPY,-3.050704,0.047325596,-3.1383674,0.04335352,N-BEATS(L=90),22,test
2022-03-01,TLT,-3.2147574,0.040165074,-3.3324807,0.035704423,N-BEATS(L=90),22,test
2022-03-02,GLD,-3.2995255,0.036900673,-3.61178,0.027003739,N-BEATS(L=90),22,test
2022-03-02,SPY,-3.0659597,0.04660909,-3.0088243,0.049349662,N-BEATS(L=90),22,test
2022-03-02,TLT,-3.2177725,0.04004416,-3.3205447,0.036133144,N-BEATS(L=90),22,test
2022-03-03,GLD,-3.3062932,0.036651783,-3.351617,0.035027664,N-BEATS(L=90),22,test
2022-03-03,SPY,-3.0815842,0.045886505,-3.0322447,0.048207305,N-BEATS(L=90),22,test
2022-03-03,TLT,-3.2271001,0.03967238,-3.0709176,0.04637858,N-BEATS(L=90),22,test
2022-03-04,GLD,-3.308799,0.036560055,-3.23393,0.03940234,N-BEATS(L=90),22,test
2022-03-04,SPY,-3.0717475,0.046340104,-3.121694,0.044082426,N-BEATS(L=90),22,test
2022-03-04,TLT,-3.2244184,0.03977891,-3.202837,0.040646724,N-BEATS(L=90),22,test
2022-03-07,GLD,-3.3095298,0.03653335,-3.4267867,0.032491177,N-BEATS(L=90),22,test
2022-03-07,SPY,-3.0892086,0.04553798,-3.0427346,0.047704257,N-BEATS(L=90),22,test
2022-03-07,TLT,-3.2254233,0.039738957,-2.732224,0.06507441,N-BEATS(L=90),22,test
2022-03-08,GLD,-3.4026313,0.03328557,-3.5958772,0.027436607,N-BEATS(L=90),22,test
2022-03-08,SPY,-3.161252,0.042372655,-3.0386386,0.04790006,N-BEATS(L=90),22,test
2022-03-08,TLT,-3.218662,0.040008552,-3.3377266,0.03551761,N-BEATS(L=90),22,test
2022-03-09,GLD,-3.4364877,0.032177504,-3.4662786,0.031233046,N-BEATS(L=90),22,test
2022-03-09,SPY,-3.1776264,0.041684482,-2.94744,0.052473873,N-BEATS(L=90),22,test
2022-03-09,TLT,-3.204582,0.04057586,-2.9165425,0.054120485,N-BEATS(L=90),22,test
2022-03-10,GLD,-3.4428165,0.031974502,-3.4830456,0.030713728,N-BEATS(L=90),22,test
2022-03-10,SPY,-3.1879377,0.041256867,-2.9530172,0.052182022,N-BEATS(L=90),22,test
2022-03-10,TLT,-3.1995556,0.04078032,-3.290299,0.037242714,N-BEATS(L=90),22,test
2022-03-11,GLD,-3.4520428,0.031680852,-3.2508981,0.038739398,N-BEATS(L=90),22,test
2022-03-11,SPY,-3.1680782,0.0420844,-3.0420642,0.04773625,N-BEATS(L=90),22,test
2022-03-11,TLT,-3.197089,0.040881038,-3.5258913,0.029425569,N-BEATS(L=90),22,test
2022-03-14,GLD,-3.4577408,0.03150085,-3.100507,0.045026366,N-BEATS(L=90),22,test
2022-03-14,SPY,-3.2087662,0.040406436,-3.026559,0.048482172,N-BEATS(L=90),22,test
2022-03-14,TLT,-3.1838741,0.04142486,-3.4114168,0.032994423,N-BEATS(L=90),22,test
2022-03-15,GLD,-3.4809463,0.030778272,-3.3862393,0.033835683,N-BEATS(L=90),22,test
2022-03-15,SPY,-3.223799,0.039803557,-2.9395757,0.052888166,N-BEATS(L=90),22,test
2022-03-15,TLT,-3.174374,0.041820273,-3.446611,0.031853408,N-BEATS(L=90),22,test
2022-03-16,GLD,-3.557261,0.028516825,-3.4194744,0.032729633,N-BEATS(L=90),22,test
2022-03-16,SPY,-3.29491,0.037071384,-2.8155527,0.059871618,N-BEATS(L=90),22,test
2022-03-16,TLT,-3.2201657,0.039948437,-3.2902246,0.037245486,N-BEATS(L=90),22,test
2022-03-17,GLD,-3.5385864,0.02905437,-3.5001895,0.03019166,N-BEATS(L=90),22,test
2022-03-17,SPY,-3.2886608,0.037303776,-2.8817565,0.056036245,N-BEATS(L=90),22,test
2022-03-17,TLT,-3.248282,0.038840882,-3.2700138,0.038005903,N-BEATS(L=90),22,test
2022-03-18,GLD,-3.5607905,0.028416352,-3.4743583,0.030981708,N-BEATS(L=90),22,test
2022-03-18,SPY,-3.3006823,0.03685801,-2.9756668,0.05101341,N-BEATS(L=90),22,test
2022-03-18,TLT,-3.2225733,0.039852373,-3.1573973,0.042536307,N-BEATS(L=90),22,test
2022-03-21,GLD,-3.5628283,0.028358504,-3.4497588,0.031753294,N-BEATS(L=90),22,test
2022-03-21,SPY,-3.2574067,0.03848808,-2.9879117,0.05039256,N-BEATS(L=90),22,test
2022-03-21,TLT,-3.2173972,0.040059187,-3.4979901,0.030258138,N-BEATS(L=90),22,test
2022-03-22,GLD,-3.549385,0.028742308,-3.3734343,0.034271736,N-BEATS(L=90),22,test
2022-03-22,SPY,-3.2077231,0.040448606,-3.0458605,0.047555372,N-BEATS(L=90),22,test
2022-03-22,TLT,-3.1981926,0.040835943,-3.4170282,0.032809794,N-BEATS(L=90),22,test
2022-03-23,GLD,-3.5649962,0.02829709,-3.4685745,0.031161418,N-BEATS(L=90),22,test
2022-03-23,SPY,-3.1550524,0.042636167,-3.0020528,0.04968497,N-BEATS(L=90),22,test
2022-03-23,TLT,-3.2231915,0.039827745,-3.4741364,0.030988585,N-BEATS(L=90),22,test
2022-03-24,GLD,-3.5731912,0.028066147,-3.4420211,0.031999946,N-BEATS(L=90),22,test
2022-03-24,SPY,-3.146445,0.043004736,-3.2294836,0.03957793,N-BEATS(L=90),22,test
2022-03-24,TLT,-3.2245333,0.03977434,-3.439522,0.032080013,N-BEATS(L=90),22,test
2022-03-25,GLD,-3.589856,0.027602307,-3.5615046,0.028396068,N-BEATS(L=90),22,test
2022-03-25,SPY,-3.112049,0.044509657,-3.2585902,0.038442556,N-BEATS(L=90),22,test
2022-03-25,TLT,-3.2424738,0.03906713,-3.2844117,0.03746262,N-BEATS(L=90),22,test
2022-03-28,GLD,-3.6310787,0.026487596,-3.3426225,0.035344146,N-BEATS(L=90),22,test
2022-03-28,SPY,-3.0452452,0.047584645,-3.3505998,0.03506332,N-BEATS(L=90),22,test
2022-03-28,TLT,-3.2548373,0.0385871,-3.2581394,0.03845989,N-BEATS(L=90),22,test
2022-03-29,GLD,-3.641115,0.02622309,-3.3936467,0.033585973,N-BEATS(L=90),22,test
2022-03-29,SPY,-2.9901235,0.050281227,-3.3018067,0.03681659,N-BEATS(L=90),22,test
2022-03-29,TLT,-3.2467504,0.038900416,-3.3152087,0.036326468,N-BEATS(L=90),22,test
2022-03-30,GLD,-3.6194134,0.026798392,-3.467438,0.031196855,N-BEATS(L=90),22,test
2022-03-30,SPY,-2.9356022,0.053098734,-3.3354945,0.035596978,N-BEATS(L=90),22,test
2022-03-30,TLT,-3.2475865,0.038867902,-3.1384752,0.043348845,N-BEATS(L=90),22,test
2022-03-31,GLD,-3.6188421,0.026813705,-3.660385,0.02572261,N-BEATS(L=90),22,test
2022-03-31,SPY,-2.9322762,0.05327563,-3.2683134,0.03807058,N-BEATS(L=90),22,test
2022-03-31,TLT,-3.2438912,0.039011795,-3.4025505,0.033288263,N-BEATS(L=90),22,test
2022-04-01,GLD,-3.5814908,0.027834173,-3.6637511,0.025636168,N-BEATS(L=90),22,test
2022-04-01,SPY,-2.8725383,0.05655519,-3.1698964,0.042007953,N-BEATS(L=90),22,test
2022-04-01,TLT,-3.2771063,0.0377373,-3.2430453,0.03904481,N-BEATS(L=90),22,test
2022-04-04,GLD,-3.5539849,0.028610403,-3.7066226,0.024560334,N-BEATS(L=90),22,test
2022-04-04,SPY,-2.8115678,0.060110677,-3.438255,0.032120686,N-BEATS(L=90),22,test
2022-04-04,TLT,-3.2249656,0.03975715,-3.1143904,0.04440557,N-BEATS(L=90),22,test
2022-04-05,GLD,-3.5669098,0.028242996,-3.643533,0.026159758,N-BEATS(L=90),22,test
2022-04-05,SPY,-2.795028,0.061113164,-3.2530382,0.038656585,N-BEATS(L=90),22,test
2022-04-05,TLT,-3.211876,0.04028098,-3.1865764,0.04131307,N-BEATS(L=90),22,test
2022-04-06,GLD,-3.5850706,0.02773471,-3.3612413,0.03469217,N-BEATS(L=90),22,test
2022-04-06,SPY,-2.7798524,0.062047664,-3.276245,0.037769813,N-BEATS(L=90),22,test
2022-04-06,TLT,-3.216547,0.04009326,-3.125726,0.043905046,N-BEATS(L=90),22,test
2022-04-07,GLD,-3.5602539,0.028431606,-3.508854,0.029931199,N-BEATS(L=90),22,test
2022-04-07,SPY,-2.7524478,0.06377157,-3.2211645,0.039908558,N-BEATS(L=90),22,test
2022-04-07,TLT,-3.2061791,0.040511105,-3.0655012,0.046630464,N-BEATS(L=90),22,test
2022-04-08,GLD,-3.5573754,0.028513562,-3.600028,0.027322957,N-BEATS(L=90),22,test
2022-04-08,SPY,-2.7127178,0.06635622,-3.26762,0.038096987,N-BEATS(L=90),22,test
2022-04-08,TLT,-3.180834,0.041550986,-2.7556186,0.06356969,N-BEATS(L=90),22,test
2022-04-11,GLD,-3.562166,0.028377293,-3.676728,0.02530564,N-BEATS(L=90),22,test
2022-04-11,SPY,-2.6793447,0.068608105,-3.2869205,0.03736875,N-BEATS(L=90),22,test
2022-04-11,TLT,-3.186749,0.04130594,-3.0438988,0.047648754,N-BEATS(L=90),22,test
2022-04-12,GLD,-3.5612946,0.028402032,-3.5779154,0.027933868,N-BEATS(L=90),22,test
2022-04-12,SPY,-2.684501,0.06825525,-3.3685424,0.0344398,N-BEATS(L=90),22,test
2022-04-12,TLT,-3.1909509,0.04113274,-3.1021826,0.044950984,N-BEATS(L=90),22,test
2022-04-13,GLD,-3.5523798,0.028656362,-3.5933483,0.027506078,N-BEATS(L=90),22,test
2022-04-13,SPY,-2.6759188,0.06884354,-3.1585565,0.04248703,N-BEATS(L=90),22,test
2022-04-13,TLT,-3.1980958,0.040839896,-3.2641492,0.038229447,N-BEATS(L=90),22,test
2022-04-14,GLD,-3.5628695,0.028357334,-3.5715137,0.028113268,N-BEATS(L=90),22,test
2022-04-14,SPY,-2.6717224,0.06913305,-3.1703439,0.041989155,N-BEATS(L=90),22,test
2022-04-14,TLT,-3.2190523,0.03999294,-3.2382128,0.03923395,N-BEATS(L=90),22,test
2022-04-18,GLD,-3.5570352,0.028523264,-3.7491047,0.02353881,N-BEATS(L=90),22,test
2022-04-18,SPY,-2.6528792,0.070448086,-3.2658644,0.038163934,N-BEATS(L=90),22,test
2022-04-18,TLT,-3.2118447,0.04028224,-2.8363352,0.05864018,N-BEATS(L=90),22,test
2022-04-19,GLD,-3.5667672,0.028247023,-3.3475676,0.0351698,N-BEATS(L=90),22,test
2022-04-19,SPY,-2.643558,0.07110781,-3.313593,0.03638521,N-BEATS(L=90),22,test
2022-04-19,TLT,-3.2032065,0.040631708,-3.2811835,0.03758375,N-BEATS(L=90),22,test
2022-04-20,GLD,-3.5568986,0.028527161,-3.5256777,0.029431855,N-BEATS(L=90),22,test
2022-04-20,SPY,-2.5672166,0.07674887,-3.1699088,0.04200743,N-BEATS(L=90),22,test
2022-04-20,TLT,-3.2056093,0.040534195,-3.4407558,0.03204046,N-BEATS(L=90),22,test
2022-04-21,GLD,-3.566766,0.028247057,-3.5508008,0.028701646,N-BEATS(L=90),22,test
2022-04-21,SPY,-2.5736406,0.076257415,-3.3098152,0.036522925,N-BEATS(L=90),22,test
2022-04-21,TLT,-3.216697,0.04008725,-3.2327688,0.039448123,N-BEATS(L=90),22,test
2022-04-22,GLD,-3.591401,0.02755969,-3.4999495,0.03019891,N-BEATS(L=90),22,test
2022-04-22,SPY,-2.570938,0.07646378,-3.2983994,0.036942247,N-BEATS(L=90),22,test
2022-04-22,TLT,-3.2180023,0.040034957,-3.2838168,0.03748491,N-BEATS(L=90),22,test
2022-04-25,GLD,-3.5806284,0.027858187,-3.3719661,0.03432209,N-BEATS(L=90),22,test
2022-04-25,SPY,-2.5796702,0.075798996,-3.1413631,0.04322384,N-BEATS(L=90),22,test
2022-04-25,TLT,-3.2185447,0.040013246,-3.1636696,0.04227034,N-BEATS(L=90),22,test
2022-04-26,GLD,-3.5854445,0.027724342,-3.4518445,0.031687137,N-BEATS(L=90),22,test
2022-04-26,SPY,-2.575502,0.07611561,-3.0733624,0.046265334,N-BEATS(L=90),22,test
2022-04-26,TLT,-3.2172806,0.040063858,-3.2787793,0.03767422,N-BEATS(L=90),22,test
2022-04-27,GLD,-3.5922859,0.027535316,-3.698187,0.024768388,N-BEATS(L=90),22,test
2022-04-27,SPY,-2.5866098,0.0752748,-3.0601835,0.04687909,N-BEATS(L=90),22,test
2022-04-27,TLT,-3.2174673,0.04005638,-3.3439853,0.03529601,N-BEATS(L=90),22,test
2022-04-28,GLD,-3.5786438,0.02791353,-3.7529073,0.023449473,N-BEATS(L=90),22,test
2022-04-28,SPY,-2.6062825,0.07380842,-2.9359689,0.053079266,N-BEATS(L=90),22,test
2022-04-28,TLT,-3.2103012,0.04034446,-3.184595,0.041395,N-BEATS(L=90),22,test
2022-04-29,GLD,-3.5911965,0.027565328,-3.6059446,0.027161775,N-BEATS(L=90),22,test
2022-04-29,SPY,-2.6184642,0.07291476,-2.8998854,0.055029526,N-BEATS(L=90),22,test
2022-04-29,TLT,-3.2220747,0.039872248,-3.24201,0.03908525,N-BEATS(L=90),22,test
2022-05-02,GLD,-3.6161568,0.026885806,-3.6107376,0.027031902,N-BEATS(L=90),22,test
2022-05-02,SPY,-2.6342096,0.071775675,-2.791844,0.061308064,N-BEATS(L=90),22,test
2022-05-02,TLT,-3.221289,0.039903592,-3.1576142,0.04252708,N-BEATS(L=90),22,test
2022-05-03,GLD,-3.6107423,0.027031774,-3.5094087,0.029914597,N-BEATS(L=90),22,test
2022-05-03,SPY,-2.6373994,0.07154709,-2.8937564,0.05536784,N-BEATS(L=90),22,test
2022-05-03,TLT,-3.2252727,0.039744943,-3.2056968,0.040530648,N-BEATS(L=90),22,test
2022-05-04,GLD,-3.6660283,0.025577856,-3.5125458,0.029820899,N-BEATS(L=90),22,test
2022-05-04,SPY,-2.6695287,0.06928487,-2.8689036,0.056761123,N-BEATS(L=90),22,test
2022-05-04,TLT,-3.2313783,0.03950301,-3.238752,0.039212808,N-BEATS(L=90),22,test
2022-05-05,GLD,-3.7115858,0.024438739,-3.4555383,0.031570308,N-BEATS(L=90),22,test
2022-05-05,SPY,-2.708102,0.06666321,-2.7911487,0.061350703,N-BEATS(L=90),22,test
2022-05-05,TLT,-3.2825112,0.037533883,-3.354841,0.034914922,N-BEATS(L=90),22,test
2022-05-06,GLD,-3.7433763,0.02367404,-3.5334496,0.029203998,N-BEATS(L=90),22,test
2022-05-06,SPY,-2.7280982,0.06534345,-2.679085,0.06862592,N-BEATS(L=90),22,test
2022-05-06,TLT,-3.3103082,0.03650492,-3.2453709,0.038954116,N-BEATS(L=90),22,test
2022-05-09,GLD,-3.738939,0.023779318,-3.5262725,0.029414352,N-BEATS(L=90),22,test
2022-05-09,SPY,-2.7299166,0.06522473,-2.7819211,0.061919436,N-BEATS(L=90),22,test
2022-05-09,TLT,-3.326605,0.035914827,-3.0997834,0.045058962,N-BEATS(L=90),22,test
2022-05-10,GLD,-3.6504128,0.025980402,-3.5172572,0.02968073,N-BEATS(L=90),22,test
2022-05-10,SPY,-2.7630153,0.06310122,-2.74149,0.06447422,N-BEATS(L=90),22,test
2022-05-10,TLT,-3.3214464,0.036100578,-3.0643432,0.046684492,N-BEATS(L=90),22,test
2022-05-11,GLD,-3.6423495,0.026190737,-3.6220503,0.02672782,N-BEATS(L=90),22,test
2022-05-11,SPY,-2.788849,0.061491944,-2.772537,0.06250323,N-BEATS(L=90),22,test
2022-05-11,TLT,-3.3107352,0.036489338,-3.237955,0.039244063,N-BEATS(L=90),22,test
2022-05-12,GLD,-3.6707544,0.025457257,-3.5466106,0.028822165,N-BEATS(L=90),22,test
2022-05-12,SPY,-2.813401,0.060000584,-2.846016,0.058075238,N-BEATS(L=90),22,test
2022-05-12,TLT,-3.2778945,0.037707567,-3.038623,0.0479008,N-BEATS(L=90),22,test
2022-05-13,GLD,-3.6078227,0.027110811,-3.4842396,0.030677076,N-BEATS(L=90),22,test
2022-05-13,SPY,-2.7660348,0.06291096,-2.7617483,0.063181214,N-BEATS(L=90),22,test
2022-05-13,TLT,-3.240033,0.039162606,-3.2717733,0.03793909,N-BEATS(L=90),22,test
2022-05-16,GLD,-3.5867937,0.027686963,-3.643181,0.026168965,N-BEATS(L=90),22,test
2022-05-16,SPY,-2.7653313,0.06295524,-2.8449047,0.05813981,N-BEATS(L=90),22,test
2022-05-16,TLT,-3.1918416,0.041096117,-3.3100114,0.036515757,N-BEATS(L=90),22,test
2022-05-17,GLD,-3.5849206,0.02773887,-3.5515597,0.028679874,N-BEATS(L=90),22,test
2022-05-17,SPY,-2.7538183,0.06368423,-2.820613,0.059569422,N-BEATS(L=90),22,test
2022-05-17,TLT,-3.161909,0.042344823,-3.2568102,0.038511045,N-BEATS(L=90),22,test
2022-05-18,GLD,-3.584211,0.027758557,-3.643233,0.026167605,N-BEATS(L=90),22,test
2022-05-18,SPY,-2.7757452,0.062303033,-2.9002311,0.055010505,N-BEATS(L=90),22,test
2022-05-18,TLT,-3.1664762,0.04215187,-3.1774018,0.041693844,N-BEATS(L=90),22,test
2022-05-19,GLD,-3.5974417,0.027393715,-3.5946672,0.027469823,N-BEATS(L=90),22,test
2022-05-19,SPY,-2.7680278,0.06278571,-2.8866892,0.05576052,N-BEATS(L=90),22,test
2022-05-19,TLT,-3.1781588,0.041662294,-3.3399158,0.035439942,N-BEATS(L=90),22,test
2022-05-20,GLD,-3.5724273,0.028087595,-3.6045027,0.027200969,N-BEATS(L=90),22,test
2022-05-20,SPY,-2.873124,0.056522083,-2.9330463,0.053234622,N-BEATS(L=90),22,test
2022-05-20,TLT,-3.1711435,0.041955594,-3.3156722,0.036309633,N-BEATS(L=90),22,test
2022-05-23,GLD,-3.576076,0.027985297,-3.5874774,0.027668037,N-BEATS(L=90),22,test
2022-05-23,SPY,-2.8846152,0.05587629,-2.7116861,0.06642471,N-BEATS(L=90),22,test
2022-05-23,TLT,-3.1668422,0.042136446,-3.291354,0.037203442,N-BEATS(L=90),22,test
2022-05-24,GLD,-3.579236,0.027897002,-3.5477808,0.028788457,N-BEATS(L=90),22,test
2022-05-24,SPY,-2.9142416,0.05424516,-2.7666998,0.06286915,N-BEATS(L=90),22,test
2022-05-24,TLT,-3.1800828,0.04158221,-3.176208,0.041743647,N-BEATS(L=90),22,test
2022-05-25,GLD,-3.5972352,0.027399372,-3.6735888,0.025385205,N-BEATS(L=90),22,test
2022-05-25,SPY,-2.8853078,0.0558376,-2.930738,0.053357646,N-BEATS(L=90),22,test
2022-05-25,TLT,-3.176513,0.041730918,-3.3268626,0.03590558,N-BEATS(L=90),22,test
2022-05-26,GLD,-3.5927467,0.02752263,-3.4308631,0.032358997,N-BEATS(L=90),22,test
2022-05-26,SPY,-2.8971457,0.055180494,-3.0556192,0.047093548,N-BEATS(L=90),22,test
2022-05-26,TLT,-3.1787446,0.041637897,-3.1776252,0.04168453,N-BEATS(L=90),22,test
2022-05-27,GLD,-3.5738556,0.028047504,-3.5430925,0.028923742,N-BEATS(L=90),22,test
2022-05-27,SPY,-2.8688023,0.056766875,-2.9280844,0.053499427,N-BEATS(L=90),22,test
2022-05-27,TLT,-3.1769829,0.04171131,-3.3684437,0.0344432,N-BEATS(L=90),22,test
2022-05-31,GLD,-3.5746546,0.028025104,-3.4908776,0.030474115,N-BEATS(L=90),22,test
2022-05-31,SPY,-2.862699,0.0571144,-3.275554,0.037795927,N-BEATS(L=90),22,test
2022-05-31,TLT,-3.134104,0.043538745,-3.3210003,0.036116686,N-BEATS(L=90),22,test
2022-06-01,GLD,-3.543691,0.028906438,-3.6335547,0.026422095,N-BEATS(L=90),22,test
2022-06-01,SPY,-2.8619616,0.057156533,-3.2733617,0.037878875,N-BEATS(L=90),22,test
2022-06-01,TLT,-3.131766,0.043640655,-3.356194,0.03486771,N-BEATS(L=90),22,test
2022-06-02,GLD,-3.485697,0.030632399,-3.5647194,0.028304925,N-BEATS(L=90),22,test
2022-06-02,SPY,-2.868728,0.0567711,-3.2546725,0.038593456,N-BEATS(L=90),22,test
2022-06-02,TLT,-3.123155,0.044018067,-3.2711706,0.037961964,N-BEATS(L=90),22,test
2022-06-03,GLD,-3.4965417,0.030301996,-3.7742822,0.02295356,N-BEATS(L=90),22,test
2022-06-03,SPY,-2.8606079,0.05723396,-3.1688876,0.042050347,N-BEATS(L=90),22,test
2022-06-03,TLT,-3.1167784,0.044299655,-3.3957167,0.033516526,N-BEATS(L=90),22,test
2022-06-06,GLD,-3.4795952,0.030819885,-3.5737007,0.028051851,N-BEATS(L=90),22,test
2022-06-06,SPY,-2.8621144,0.057147797,-3.2788925,0.037669953,N-BEATS(L=90),22,test
2022-06-06,TLT,-3.119524,0.04417819,-3.4073358,0.033129346,N-BEATS(L=90),22,test
2022-06-07,GLD,-3.4755054,0.030946191,-3.6280587,0.02656771,N-BEATS(L=90),22,test
2022-06-07,SPY,-2.870473,0.05667212,-3.363179,0.034625012,N-BEATS(L=90),22,test
2022-06-07,TLT,-3.12304,0.044023138,-3.3126469,0.03641965,N-BEATS(L=90),22,test
2022-06-08,GLD,-3.4737725,0.030999862,-3.6241088,0.026672857,N-BEATS(L=90),22,test
2022-06-08,SPY,-2.8574789,0.057413325,-3.1744223,0.041818257,N-BEATS(L=90),22,test
2022-06-08,TLT,-3.117155,0.044282973,-3.4370937,0.03215801,N-BEATS(L=90),22,test
2022-06-09,GLD,-3.4315705,0.032336116,-3.6700401,0.025475448,N-BEATS(L=90),22,test
2022-06-09,SPY,-2.8617208,0.057170298,-3.2301803,0.039550368,N-BEATS(L=90),22,test
2022-06-09,TLT,-3.0801938,0.045950353,-3.3602366,0.03472704,N-BEATS(L=90),22,test
2022-06-10,GLD,-3.4893892,0.030519508,-3.7024164,0.024663856,N-BEATS(L=90),22,test
2022-06-10,SPY,-2.8430426,0.05824817,-3.3139045,0.036373872,N-BEATS(L=90),22,test
2022-06-10,TLT,-3.0780714,0.04604798,-3.3709345,0.034357514,N-BEATS(L=90),22,test
2022-06-13,GLD,-3.4973338,0.030278005,-3.5288754,0.029337892,N-BEATS(L=90),22,test
2022-06-13,SPY,-2.862891,0.057103436,-3.3284497,0.035848636,N-BEATS(L=90),22,test
2022-06-13,TLT,-3.1115108,0.044533625,-3.3243127,0.035997253,N-BEATS(L=90),22,test
2022-06-14,GLD,-3.4955347,0.030332526,-3.5491557,0.028748902,N-BEATS(L=90),22,test
2022-06-14,SPY,-2.8684835,0.056784973,-3.1779206,0.04167222,N-BEATS(L=90),22,test
2022-06-14,TLT,-3.1362128,0.04344703,-3.296211,0.037023183,N-BEATS(L=90),22,test
2022-06-15,GLD,-3.5676785,0.028221294,-3.587682,0.027662378,N-BEATS(L=90),22,test
2022-06-15,SPY,-2.9328473,0.05324522,-3.1791086,0.04162274,N-BEATS(L=90),22,test
2022-06-15,TLT,-3.1541972,0.042672645,-3.368802,0.034430858,N-BEATS(L=90),22,test
2022-06-16,GLD,-3.58996,0.027599432,-3.4129083,0.032945246,N-BEATS(L=90),22,test
2022-06-16,SPY,-2.9429631,0.05270931,-3.2124944,0.040256076,N-BEATS(L=90),22,test
2022-06-16,TLT,-3.1918945,0.04109394,-3.2886248,0.037305117,N-BEATS(L=90),22,test
2022-06-17,GLD,-3.5875747,0.027665345,-3.3769722,0.0341507,N-BEATS(L=90),22,test
2022-06-17,SPY,-2.9576116,0.051942833,-3.2368684,0.039286733,N-BEATS(L=90),22,test
2022-06-17,TLT,-3.2183309,0.040021803,-3.2661698,0.038152277,N-BEATS(L=90),22,test
2022-06-21,GLD,-3.569743,0.028163092,-3.520244,0.029592218,N-BEATS(L=90),22,test
2022-06-21,SPY,-2.9415455,0.05278409,-3.033973,0.048124064,N-BEATS(L=90),22,test
2022-06-21,TLT,-3.2188296,0.040001847,-3.1880338,0.041252904,N-BEATS(L=90),22,test
2022-06-22,GLD,-3.576305,0.027978892,-3.5635228,0.028338816,N-BEATS(L=90),22,test
2022-06-22,SPY,-2.976192,0.05098662,-3.1650975,0.042210028,N-BEATS(L=90),22,test
2022-06-22,TLT,-3.2178917,0.040039383,-3.1714854,0.04194125,N-BEATS(L=90),22,test
2022-06-23,GLD,-3.61537,0.026906967,-3.420852,0.032684576,N-BEATS(L=90),22,test
2022-06-23,SPY,-2.9930694,0.05013332,-3.1727352,0.041888867,N-BEATS(L=90),22,test
2022-06-23,TLT,-3.2298908,0.03956182,-3.255721,0.03855301,N-BEATS(L=90),22,test
2022-06-24,GLD,-3.5587142,0.028475417,-3.5416806,0.028964609,N-BEATS(L=90),22,test
2022-06-24,SPY,-2.978052,0.05089188,-3.2000203,0.040761378,N-BEATS(L=90),22,test
2022-06-24,TLT,-3.2328353,0.0394455,-3.1941872,0.040999837,N-BEATS(L=90),22,test
2022-06-27,GLD,-3.5557232,0.028560713,-3.57949,0.02788992,N-BEATS(L=90),22,test
2022-06-27,SPY,-2.949113,0.052386157,-3.2475743,0.038868375,N-BEATS(L=90),22,test
2022-06-27,TLT,-3.2174256,0.04005805,-3.125553,0.04391265,N-BEATS(L=90),22,test
2022-06-28,GLD,-3.5373375,0.029090676,-3.5847602,0.02774332,N-BEATS(L=90),22,test
2022-06-28,SPY,-2.9913936,0.050217405,-3.449387,0.0317651,N-BEATS(L=90),22,test
2022-06-28,TLT,-3.1900442,0.041170053,-3.2694612,0.038026914,N-BEATS(L=90),22,test
2022-06-29,GLD,-3.5410779,0.028982071,-3.606005,0.027160136,N-BEATS(L=90),22,test
2022-06-29,SPY,-2.9876053,0.050408002,-3.3177204,0.03623534,N-BEATS(L=90),22,test
2022-06-29,TLT,-3.1881137,0.041249607,-3.430686,0.03236473,N-BEATS(L=90),22,test
2022-06-30,GLD,-3.5204568,0.029585918,-3.7240984,0.02413485,N-BEATS(L=90),22,test
2022-06-30,SPY,-3.0112734,0.04922895,-3.3460593,0.035222884,N-BEATS(L=90),22,test
2022-06-30,TLT,-3.138636,0.04334187,-3.3040872,0.036732726,N-BEATS(L=90),22,test
2022-07-01,GLD,-3.5187101,0.029637638,-3.7530837,0.023445336,N-BEATS(L=90),22,test
2022-07-01,SPY,-3.033256,0.048158575,-3.3090255,0.036551774,N-BEATS(L=90),22,test
2022-07-01,TLT,-3.133131,0.043581128,-3.3482072,0.03514731,N-BEATS(L=90),22,test
2022-07-05,GLD,-3.5417435,0.028962785,-3.560638,0.028420689,N-BEATS(L=90),22,test
2022-07-05,SPY,-3.0712056,0.046365224,-3.2963297,0.037018787,N-BEATS(L=90),22,test
2022-07-05,TLT,-3.1485007,0.042916425,-3.3823118,0.033968832,N-BEATS(L=90),22,test
2022-07-06,GLD,-3.6025002,0.027255492,-3.664518,0.025616512,N-BEATS(L=90),22,test
2022-07-06,SPY,-3.0957181,0.04524251,-3.2520585,0.03869447,N-BEATS(L=90),22,test
2022-07-06,TLT,-3.1602943,0.042413257,-3.315628,0.036311235,N-BEATS(L=90),22,test
2022-07-07,GLD,-3.6090574,0.027077356,-3.448693,0.031787153,N-BEATS(L=90),22,test
2022-07-07,SPY,-3.1004884,0.045027204,-3.1761944,0.041744214,N-BEATS(L=90),22,test
2022-07-07,TLT,-3.1694505,0.042026684,-3.2324548,0.039460514,N-BEATS(L=90),22,test
2022-07-08,GLD,-3.629049,0.026541412,-3.6255653,0.026634037,N-BEATS(L=90),22,test
2022-07-08,SPY,-3.115534,0.04435481,-3.1710587,0.041959155,N-BEATS(L=90),22,test
2022-07-08,TLT,-3.1762877,0.041740324,-3.3339908,0.035650548,N-BEATS(L=90),22,test
2022-07-11,GLD,-3.6218915,0.026732065,-3.451349,0.03170284,N-BEATS(L=90),22,test
2022-07-11,SPY,-3.1158514,0.04434074,-3.2138515,0.04020148,N-BEATS(L=90),22,test
2022-07-11,TLT,-3.1408992,0.043243896,-3.4058297,0.03317928,N-BEATS(L=90),22,test
2022-07-12,GLD,-3.6149337,0.02691871,-3.452701,0.031660005,N-BEATS(L=90),22,test
2022-07-12,SPY,-3.1370728,0.04340968,-3.178839,0.041633964,N-BEATS(L=90),22,test
2022-07-12,TLT,-3.115481,0.04435717,-3.4838498,0.030689038,N-BEATS(L=90),22,test
2022-07-13,GLD,-3.6780903,0.025271188,-3.6673326,0.025544515,N-BEATS(L=90),22,test
2022-07-13,SPY,-3.1630135,0.042298086,-3.2284439,0.039619103,N-BEATS(L=90),22,test
2022-07-13,TLT,-3.151222,0.042799793,-3.3023372,0.036797065,N-BEATS(L=90),22,test
2022-07-14,GLD,-3.7095623,0.024488239,-3.596233,0.027426848,N-BEATS(L=90),22,test
2022-07-14,SPY,-3.2075307,0.04045639,-3.2133062,0.04022341,N-BEATS(L=90),22,test
2022-07-14,TLT,-3.1684644,0.042068146,-3.3115351,0.03646016,N-BEATS(L=90),22,test
2022-07-15,GLD,-3.7187383,0.024264563,-3.563063,0.028351853,N-BEATS(L=90),22,test
2022-07-15,SPY,-3.2083094,0.0404249,-3.0540035,0.047169704,N-BEATS(L=90),22,test
2022-07-15,TLT,-3.1535375,0.042700805,-3.2397614,0.03917324,N-BEATS(L=90),22,test
2022-07-18,GLD,-3.7228017,0.024166167,-3.5512345,0.028689202,N-BEATS(L=90),22,test
2022-07-18,SPY,-3.2289016,0.039600972,-3.2493074,0.038801074,N-BEATS(L=90),22,test
2022-07-18,TLT,-3.1607263,0.04239494,-3.1755118,0.04177272,N-BEATS(L=90),22,test
2022-07-19,GLD,-3.7038774,0.024627848,-3.5620737,0.028379912,N-BEATS(L=90),22,test
2022-07-19,SPY,-3.249322,0.038800508,-3.0503912,0.0473404,N-BEATS(L=90),22,test
2022-07-19,TLT,-3.169939,0.042006157,-3.1589456,0.0424705,N-BEATS(L=90),22,test
2022-07-20,GLD,-3.7119718,0.024429306,-3.5164921,0.029703448,N-BEATS(L=90),22,test
2022-07-20,SPY,-3.26514,0.038191587,-3.1622682,0.04232962,N-BEATS(L=90),22,test
2022-07-20,TLT,-3.1843925,0.041403394,-3.3845756,0.033892024,N-BEATS(L=90),22,test
2022-07-21,GLD,-3.7225447,0.024172379,-3.617007,0.026862957,N-BEATS(L=90),22,test
2022-07-21,SPY,-3.2921145,0.03717516,-3.0808527,0.04592008,N-BEATS(L=90),22,test
2022-07-21,TLT,-3.192199,0.041081432,-3.2669902,0.038120992,N-BEATS(L=90),22,test
2022-07-22,GLD,-3.7459116,0.023614092,-3.6175287,0.026848948,N-BEATS(L=90),22,test
2022-07-22,SPY,-3.3302188,0.035785276,-3.2646513,0.038210258,N-BEATS(L=90),22,test
2022-07-22,TLT,-3.1745896,0.041811258,-3.4977827,0.030264415,N-BEATS(L=90),22,test
2022-07-25,GLD,-3.7401311,0.023750989,-3.4707048,0.031095108,N-BEATS(L=90),22,test
2022-07-25,SPY,-3.3298302,0.035799183,-3.0144577,0.04907244,N-BEATS(L=90),22,test
2022-07-25,TLT,-3.1717155,0.041931603,-3.3365772,0.03555846,N-BEATS(L=90),22,test
2022-07-26,GLD,-3.7396655,0.02376205,-3.5706117,0.028138636,N-BEATS(L=90),22,test
2022-07-26,SPY,-3.3249578,0.035974037,-3.1917343,0.041100528,N-BEATS(L=90),22,test
2022-07-26,TLT,-3.1597095,0.04243807,-3.3146298,0.0363475,N-BEATS(L=90),22,test
2022-07-27,GLD,-3.783143,0.02275107,-3.5588918,0.02847036,N-BEATS(L=90),22,test
2022-07-27,SPY,-3.3065238,0.036643334,-3.1763394,0.041738164,N-BEATS(L=90),22,test
2022-07-27,TLT,-3.1525717,0.042742066,-3.4840899,0.03068167,N-BEATS(L=90),22,test
2022-07-28,GLD,-3.7801132,0.022820108,-3.4670484,0.03120901,N-BEATS(L=90),22,test
2022-07-28,SPY,-3.3549476,0.0349112,-3.3007703,0.036854766,N-BEATS(L=90),22,test
2022-07-28,TLT,-3.1694777,0.042025544,-3.374464,0.034236465,N-BEATS(L=90),22,test
2022-07-29,GLD,-3.8016977,0.022332825,-3.4881587,0.030557085,N-BEATS(L=90),22,test
2022-07-29,SPY,-3.3322103,0.03571408,-3.0151927,0.049036384,N-BEATS(L=90),22,test
2022-07-29,TLT,-3.19122,0.04112167,-3.4668126,0.031216372,N-BEATS(L=90),22,test
2022-08-01,GLD,-3.7874665,0.02265292,-3.5733669,0.028061215,N-BEATS(L=90),22,test
2022-08-01,SPY,-3.3330705,0.03568337,-3.0793865,0.04598746,N-BEATS(L=90),22,test
2022-08-01,TLT,-3.1778874,0.0416736,-3.3705647,0.03437022,N-BEATS(L=90),22,test
2022-08-02,GLD,-3.8393753,0.021507034,-3.7099102,0.024479723,N-BEATS(L=90),22,test
2022-08-02,SPY,-3.3311877,0.035750616,-3.0588565,0.046941344,N-BEATS(L=90),22,test
2022-08-02,TLT,-3.2221215,0.039870385,-3.4088764,0.033078346,N-BEATS(L=90),22,test
2022-08-03,GLD,-3.8614473,0.021037528,-3.5301545,0.02930039,N-BEATS(L=90),22,test
2022-08-03,SPY,-3.262672,0.038285963,-3.177953,0.041670866,N-BEATS(L=90),22,test
2022-08-03,TLT,-3.2850983,0.037436903,-3.2603414,0.038375296,N-BEATS(L=90),22,test
2022-08-04,GLD,-3.881826,0.020613153,-3.4163764,0.03283119,N-BEATS(L=90),22,test
2022-08-04,SPY,-3.2388356,0.039209526,-3.1956174,0.04094124,N-BEATS(L=90),22,test
2022-08-04,TLT,-3.2836788,0.037490085,-3.247599,0.03886742,N-BEATS(L=90),22,test
2022-08-05,GLD,-3.859097,0.021087032,-3.5279965,0.029363686,N-BEATS(L=90),22,test
2022-08-05,SPY,-3.2184405,0.040017415,-3.3043487,0.036723122,N-BEATS(L=90),22,test
2022-08-05,TLT,-3.2841353,0.03747297,-3.2883954,0.037313674,N-BEATS(L=90),22,test
2022-08-08,GLD,-3.8442767,0.021401877,-3.759229,0.0233017,N-BEATS(L=90),22,test
2022-08-08,SPY,-3.2193615,0.039980575,-3.3635092,0.03461358,N-BEATS(L=90),22,test
2022-08-08,TLT,-3.2659357,0.03816121,-3.3189044,0.03619246,N-BEATS(L=90),22,test
2022-08-09,GLD,-3.8472762,0.021337777,-3.7498007,0.023522435,N-BEATS(L=90),22,test
2022-08-09,SPY,-3.211472,0.04029725,-3.39704,0.033472206,N-BEATS(L=90),22,test
2022-08-09,TLT,-3.2557342,0.038552504,-3.3705664,0.034370165,N-BEATS(L=90),22,test
2022-08-10,GLD,-3.8565223,0.021141395,-3.6393657,0.026269002,N-BEATS(L=90),22,test
2022-08-10,SPY,-3.2143824,0.04018014,-3.4456918,0.031882696,N-BEATS(L=90),22,test
2022-08-10,TLT,-3.2702622,0.03799646,-3.233541,0.039417673,N-BEATS(L=90),22,test
2022-08-11,GLD,-3.8656273,0.020949777,-3.8999023,0.020243889,N-BEATS(L=90),22,test
2022-08-11,SPY,-3.1738615,0.04184171,-3.5407925,0.028990345,N-BEATS(L=90),22,test
2022-08-11,TLT,-3.3045583,0.036715426,-3.440754,0.03204052,N-BEATS(L=90),22,test
2022-08-12,GLD,-3.857445,0.021121897,-3.6877306,0.02502874,N-BEATS(L=90),22,test
2022-08-12,SPY,-3.164764,0.04222411,-3.435048,0.03222386,N-BEATS(L=90),22,test
2022-08-12,TLT,-3.3076565,0.03660185,-3.2807126,0.037601452,N-BEATS(L=90),22,test
2022-08-15,GLD,-3.7491236,0.023538366,-3.7324572,0.023933955,N-BEATS(L=90),22,test
2022-08-15,SPY,-3.131663,0.04364515,-3.3903055,0.03369838,N-BEATS(L=90),22,test
2022-08-15,TLT,-3.3170407,0.03625998,-3.3301108,0.03578914,N-BEATS(L=90),22,test
2022-08-16,GLD,-3.686038,0.025071137,-3.794383,0.02249678,N-BEATS(L=90),22,test
2022-08-16,SPY,-3.1324127,0.043612447,-3.5959332,0.027435068,N-BEATS(L=90),22,test
2022-08-16,TLT,-3.3306086,0.03577133,-3.3775713,0.034130245,N-BEATS(L=90),22,test
2022-08-17,GLD,-3.6923745,0.024912776,-3.6684532,0.025515907,N-BEATS(L=90),22,test
2022-08-17,SPY,-3.1410487,0.043237433,-3.6169848,0.026863553,N-BEATS(L=90),22,test
2022-08-17,TLT,-3.3226697,0.03605644,-3.3691137,0.034420133,N-BEATS(L=90),22,test
2022-08-18,GLD,-3.708476,0.024514854,-3.7037408,0.024631213,N-BEATS(L=90),22,test
2022-08-18,SPY,-3.1264217,0.043874513,-3.4891467,0.03052691,N-BEATS(L=90),22,test
2022-08-18,TLT,-3.3075671,0.03660512,-3.3743124,0.034241654,N-BEATS(L=90),22,test
2022-08-19,GLD,-3.561603,0.028393272,-3.8063834,0.022228425,N-BEATS(L=90),22,test
2022-08-19,SPY,-3.0643208,0.04668554,-3.4387717,0.032104094,N-BEATS(L=90),22,test
2022-08-19,TLT,-3.2664497,0.0381416,-3.364131,0.034592066,N-BEATS(L=90),22,test
2022-08-22,GLD,-3.5541236,0.028606433,-3.7152328,0.024349771,N-BEATS(L=90),22,test
2022-08-22,SPY,-3.057211,0.04701865,-3.5860076,0.027708733,N-BEATS(L=90),22,test
2022-08-22,TLT,-3.2552998,0.038569257,-3.3817503,0.033987913,N-BEATS(L=90),22,test
2022-08-23,GLD,-3.5588467,0.028471641,-3.8296762,0.021716647,N-BEATS(L=90),22,test
2022-08-23,SPY,-3.0261555,0.048501745,-3.588115,0.027650403,N-BEATS(L=90),22,test
2022-08-23,TLT,-3.2440243,0.039006606,-3.518785,0.02963542,N-BEATS(L=90),22,test
2022-08-24,GLD,-3.5305295,0.029289404,-3.682118,0.025169611,N-BEATS(L=90),22,test
2022-08-24,SPY,-2.9964447,0.04996439,-3.5508099,0.028701385,N-BEATS(L=90),22,test
2022-08-24,TLT,-3.2178624,0.04004056,-3.380867,0.034017947,N-BEATS(L=90),22,test
2022-08-25,GLD,-3.5221825,0.029534906,-3.6214447,0.026744012,N-BEATS(L=90),22,test
2022-08-25,SPY,-2.952041,0.052232996,-3.6847968,0.025102274,N-BEATS(L=90),22,test
2022-08-25,TLT,-3.2235682,0.039812744,-3.439148,0.032092016,N-BEATS(L=90),22,test
2022-08-26,GLD,-3.527435,0.029380178,-3.79255,0.022538055,N-BEATS(L=90),22,test
2022-08-26,SPY,-2.9420455,0.052757706,-3.6304617,0.026503945,N-BEATS(L=90),22,test
2022-08-26,TLT,-3.214563,0.04017289,-3.3495858,0.03509889,N-BEATS(L=90),22,test
2022-08-29,GLD,-3.4975505,0.030271443,-3.6570609,0.025808256,N-BEATS(L=90),22,test
2022-08-29,SPY,-2.9252095,0.05365345,-3.662009,0.025680868,N-BEATS(L=90),22,test
2022-08-29,TLT,-3.202845,0.040646397,-3.3441572,0.035289943,N-BEATS(L=90),22,test
2022-08-30,GLD,-3.4818192,0.030751418,-3.627304,0.026587766,N-BEATS(L=90),22,test
2022-08-30,SPY,-2.9066763,0.054657094,-3.6817284,0.025179418,N-BEATS(L=90),22,test
2022-08-30,TLT,-3.1621773,0.04233347,-3.40276,0.033281285,N-BEATS(L=90),22,test
2022-08-31,GLD,-3.4602487,0.031421944,-3.5413988,0.028972773,N-BEATS(L=90),22,test
2022-08-31,SPY,-2.8783534,0.056227274,-3.6597989,0.02573769,N-BEATS(L=90),22,test
2022-08-31,TLT,-3.160501,0.04240449,-3.335044,0.035613023,N-BEATS(L=90),22,test
2022-09-01,GLD,-3.442999,0.03196867,-3.5396025,0.029024862,N-BEATS(L=90),22,test
2022-09-01,SPY,-2.8373218,0.058582354,-3.6891494,0.024993252,N-BEATS(L=90),22,test
2022-09-01,TLT,-3.1599834,0.042426445,-3.2831535,0.03750978,N-BEATS(L=90),22,test
2022-09-02,GLD,-3.4252832,0.032540064,-3.6432118,0.02616816,N-BEATS(L=90),22,test
2022-09-02,SPY,-2.8407657,0.058380947,-3.626618,0.026606016,N-BEATS(L=90),22,test
2022-09-02,TLT,-3.1503453,0.042837333,-3.4253783,0.03253697,N-BEATS(L=90),22,test
2022-09-06,GLD,-3.4235775,0.032595612,-3.64541,0.026110701,N-BEATS(L=90),22,test
2022-09-06,SPY,-2.8376791,0.058561422,-3.6493304,0.026008539,N-BEATS(L=90),22,test
2022-09-06,TLT,-3.1418552,0.04320257,-3.3070734,0.0366232,N-BEATS(L=90),22,test
2022-09-07,GLD,-3.426967,0.03248532,-3.5943682,0.027478037,N-BEATS(L=90),22,test
2022-09-07,SPY,-2.7872646,0.061589457,-3.643355,0.026164418,N-BEATS(L=90),22,test
2022-09-07,TLT,-3.1364772,0.043435544,-3.5430412,0.028925225,N-BEATS(L=90),22,test
2022-09-08,GLD,-3.4238813,0.032585714,-3.4594326,0.0314476,N-BEATS(L=90),22,test
2022-09-08,SPY,-2.7826211,0.061876107,-3.4961898,0.03031266,N-BEATS(L=90),22,test
2022-09-08,TLT,-3.1285102,0.043782976,-3.4128873,0.03294594,N-BEATS(L=90),22,test
2022-09-09,GLD,-3.3970919,0.033470467,-3.653133,0.025909828,N-BEATS(L=90),22,test
2022-09-09,SPY,-2.761636,0.06318831,-3.4791238,0.030834416,N-BEATS(L=90),22,test
2022-09-09,TLT,-3.0972626,0.045172688,-3.3241162,0.036004324,N-BEATS(L=90),22,test
2022-09-12,GLD,-3.3976994,0.033450138,-3.5715733,0.028111592,N-BEATS(L=90),22,test
2022-09-12,SPY,-2.7591727,0.06334415,-3.4593909,0.031448912,N-BEATS(L=90),22,test
2022-09-12,TLT,-3.115024,0.04437744,-3.3836222,0.033924352,N-BEATS(L=90),22,test
2022-09-13,GLD,-3.347859,0.035159554,-3.7535827,0.023433639,N-BEATS(L=90),22,test
2022-09-13,SPY,-2.7102478,0.066520326,-3.5898862,0.027601471,N-BEATS(L=90),22,test
2022-09-13,TLT,-3.0873525,0.04562258,-3.4547834,0.031594146,N-BEATS(L=90),22,test
2022-09-14,GLD,-3.345322,0.03524887,-3.6743772,0.025365198,N-BEATS(L=90),22,test
2022-09-14,SPY,-2.6842217,0.06827431,-3.5803728,0.027865307,N-BEATS(L=90),22,test
2022-09-14,TLT,-3.0746434,0.046206106,-3.454403,0.03160617,N-BEATS(L=90),22,test
2022-09-15,GLD,-3.374527,0.034234308,-3.6754239,0.025338663,N-BEATS(L=90),22,test
2022-09-15,SPY,-2.6565318,0.070191234,-3.6521473,0.025935378,N-BEATS(L=90),22,test
2022-09-15,TLT,-3.0564942,0.04705236,-3.5339432,0.029189589,N-BEATS(L=90),22,test
2022-09-16,GLD,-3.4009306,0.033342227,-3.6810029,0.025197692,N-BEATS(L=90),22,test
2022-09-16,SPY,-2.6434443,0.0711159,-3.5055757,0.030029481,N-BEATS(L=90),22,test
2022-09-16,TLT,-3.0439866,0.047644574,-3.5397081,0.029021796,N-BEATS(L=90),22,test
2022-09-19,GLD,-3.3986661,0.033417813,-3.644008,0.026147338,N-BEATS(L=90),22,test
2022-09-19,SPY,-2.6325326,0.07189615,-3.593108,0.02751269,N-BEATS(L=90),22,test
2022-09-19,TLT,-3.0427272,0.04770461,-3.4236116,0.032594502,N-BEATS(L=90),22,test
2022-09-20,GLD,-3.367995,0.034458656,-3.7023876,0.024664568,N-BEATS(L=90),22,test
2022-09-20,SPY,-2.6192126,0.07286021,-3.5406847,0.028993469,N-BEATS(L=90),22,test
2022-09-20,TLT,-3.0404406,0.04781382,-3.4449618,0.031905983,N-BEATS(L=90),22,test
2022-09-21,GLD,-3.4416282,0.03201252,-3.8117914,0.022108538,N-BEATS(L=90),22,test
2022-09-21,SPY,-2.6244407,0.07248028,-3.5257127,0.029430823,N-BEATS(L=90),22,test
2022-09-21,TLT,-3.0334778,0.0481479,-3.4368134,0.03216703,N-BEATS(L=90),22,test
2022-09-22,GLD,-3.4429157,0.03197133,-3.722348,0.024177134,N-BEATS(L=90),22,test
2022-09-22,SPY,-2.6170814,0.07301565,-3.415025,0.032875586,N-BEATS(L=90),22,test
2022-09-22,TLT,-3.0120652,0.04918999,-3.382056,0.033977523,N-BEATS(L=90),22,test
2022-09-23,GLD,-3.4463627,0.031861313,-3.6576402,0.025793308,N-BEATS(L=90),22,test
2022-09-23,SPY,-2.629529,0.07211242,-3.443845,0.031941634,N-BEATS(L=90),22,test
2022-09-23,TLT,-3.0394788,0.04785983,-3.2916527,0.03719233,N-BEATS(L=90),22,test
2022-09-26,GLD,-3.4708617,0.03109023,-3.6441004,0.026144918,N-BEATS(L=90),22,test
2022-09-26,SPY,-2.6341803,0.07177778,-3.5315282,0.029260166,N-BEATS(L=90),22,test
2022-09-26,TLT,-3.0606112,0.046859045,-3.235866,0.03932613,N-BEATS(L=90),22,test
2022-09-27,GLD,-3.4752483,0.030954147,-3.4252598,0.032540824,N-BEATS(L=90),22,test
2022-09-27,SPY,-2.65325,0.07042197,-3.540338,0.029003521,N-BEATS(L=90),22,test
2022-09-27,TLT,-3.0499732,0.047360193,-3.2725232,0.03791065,N-BEATS(L=90),22,test
2022-09-28,GLD,-3.4866726,0.030602528,-3.7275674,0.024051271,N-BEATS(L=90),22,test
2022-09-28,SPY,-2.6667147,0.06948011,-3.2668848,0.03812501,N-BEATS(L=90),22,test
2022-09-28,TLT,-3.0613961,0.04682228,-3.3467982,0.035196867,N-BEATS(L=90),22,test
2022-09-29,GLD,-3.5138905,0.029780826,-3.7908306,0.02257684,N-BEATS(L=90),22,test
2022-09-29,SPY,-2.6801703,0.06855148,-3.434499,0.032241557,N-BEATS(L=90),22,test
2022-09-29,TLT,-3.0460596,0.047545906,-3.2722483,0.037921075,N-BEATS(L=90),22,test
2022-09-30,GLD,-3.5250466,0.029450435,-3.6548781,0.02586465,N-BEATS(L=90),22,test
2022-09-30,SPY,-2.6964102,0.0674472,-3.3112187,0.0364717,N-BEATS(L=90),22,test
2022-09-30,TLT,-3.0780191,0.046050385,-3.208206,0.04042908,N-BEATS(L=90),22,test
2022-10-03,GLD,-3.4782877,0.030860208,-3.6400843,0.026250131,N-BEATS(L=90),22,test
2022-10-03,SPY,-2.6747618,0.06892324,-3.2376442,0.039256267,N-BEATS(L=90),22,test
2022-10-03,TLT,-3.0715806,0.046347838,-3.1723995,0.04190293,N-BEATS(L=90),22,test
2022-10-04,GLD,-3.496912,0.030290777,-3.582293,0.027811851,N-BEATS(L=90),22,test
2022-10-04,SPY,-2.7052262,0.0668552,-3.0432487,0.04767974,N-BEATS(L=90),22,test
2022-10-04,TLT,-3.0712614,0.046362635,-3.1283495,0.043790013,N-BEATS(L=90),22,test
2022-10-05,GLD,-3.503752,0.030084295,-3.4569488,0.03152581,N-BEATS(L=90),22,test
2022-10-05,SPY,-2.6985826,0.067300834,-3.118796,0.04421036,N-BEATS(L=90),22,test
2022-10-05,TLT,-3.069671,0.046436433,-3.2280092,0.03963633,N-BEATS(L=90),22,test
2022-10-06,GLD,-3.5086792,0.02993643,-3.3852034,0.033870753,N-BEATS(L=90),22,test
2022-10-06,SPY,-2.7027657,0.0670199,-2.958047,0.051920224,N-BEATS(L=90),22,test
2022-10-06,TLT,-3.074566,0.046209686,-3.165466,0.04219447,N-BEATS(L=90),22,test
2022-10-07,GLD,-3.4613576,0.03138712,-3.7563035,0.023369966,N-BEATS(L=90),22,test
2022-10-07,SPY,-2.7337186,0.064977214,-2.861836,0.057163715,N-BEATS(L=90),22,test
2022-10-07,TLT,-3.0733821,0.046264417,-3.1847003,0.04139065,N-BEATS(L=90),22,test
2022-10-10,GLD,-3.443647,0.031947963,-3.6209638,0.026756875,N-BEATS(L=90),22,test
2022-10-10,SPY,-2.7349908,0.0648946,-2.9441483,0.05264688,N-BEATS(L=90),22,test
2022-10-10,TLT,-3.0804267,0.04593965,-3.1875126,0.041274406,N-BEATS(L=90),22,test
2022-10-11,GLD,-3.4629004,0.031338736,-3.713883,0.024382664,N-BEATS(L=90),22,test
2022-10-11,SPY,-2.7383168,0.06467912,-2.952052,0.052232407,N-BEATS(L=90),22,test
2022-10-11,TLT,-3.1065798,0.04475376,-3.0710187,0.04637389,N-BEATS(L=90),22,test
2022-10-12,GLD,-3.4625068,0.031351075,-3.4563358,0.03154514,N-BEATS(L=90),22,test
2022-10-12,SPY,-2.733153,0.06501397,-2.9550157,0.052077845,N-BEATS(L=90),22,test
2022-10-12,TLT,-3.1103952,0.04458333,-3.0674517,0.0465396,N-BEATS(L=90),22,test
2022-10-13,GLD,-3.5264826,0.029408175,-3.5710952,0.028125033,N-BEATS(L=90),22,test
2022-10-13,SPY,-2.8010802,0.06074441,-2.8543048,0.05759585,N-BEATS(L=90),22,test
2022-10-13,TLT,-3.1439528,0.043112047,-3.1398554,0.043289058,N-BEATS(L=90),22,test
2022-10-14,GLD,-3.5142295,0.029770732,-3.657046,0.025808636,N-BEATS(L=90),22,test
2022-10-14,SPY,-2.820998,0.05954649,-2.9359946,0.0530779,N-BEATS(L=90),22,test
2022-10-14,TLT,-3.1586633,0.04248249,-3.17489,0.0417987,N-BEATS(L=90),22,test
2022-10-17,GLD,-3.5345309,0.02917244,-3.6285903,0.02655359,N-BEATS(L=90),22,test
2022-10-17,SPY,-2.8790107,0.056190327,-2.944699,0.052617893,N-BEATS(L=90),22,test
2022-10-17,TLT,-3.1649292,0.04221713,-3.2216856,0.039887764,N-BEATS(L=90),22,test
2022-10-18,GLD,-3.540573,0.02899671,-3.6847396,0.02510371,N-BEATS(L=90),22,test
2022-10-18,SPY,-2.9023921,0.054891754,-2.9845674,0.050561372,N-BEATS(L=90),22,test
2022-10-18,TLT,-3.192788,0.041057248,-3.1708663,0.041967228,N-BEATS(L=90),22,test
2022-10-19,GLD,-3.5422115,0.028949235,-3.5642288,0.028318817,N-BEATS(L=90),22,test
2022-10-19,SPY,-2.9157996,0.054160707,-2.9810252,0.050740786,N-BEATS(L=90),22,test
2022-10-19,TLT,-3.190617,0.041146472,-3.2017899,0.040689312,N-BEATS(L=90),22,test
2022-10-20,GLD,-3.576387,0.027976597,-3.692052,0.024920816,N-BEATS(L=90),22,test
2022-10-20,SPY,-2.948773,0.05240397,-2.8925602,0.055434108,N-BEATS(L=90),22,test
2022-10-20,TLT,-3.2072003,0.04046976,-3.3438761,0.035299867,N-BEATS(L=90),22,test
2022-10-21,GLD,-3.6023889,0.027258528,-3.3120804,0.036440287,N-BEATS(L=90),22,test
2022-10-21,SPY,-2.9820895,0.050686814,-2.7937007,0.061194334,N-BEATS(L=90),22,test
2022-10-21,TLT,-3.2478251,0.038858626,-3.18015,0.041579418,N-BEATS(L=90),22,test
2022-10-24,GLD,-3.5992656,0.027343797,-3.6146295,0.0269269,N-BEATS(L=90),22,test
2022-10-24,SPY,-3.0070875,0.04943545,-2.8662424,0.056912377,N-BEATS(L=90),22,test
2022-10-24,TLT,-3.2966251,0.037007853,-3.3267984,0.035907883,N-BEATS(L=90),22,test
2022-10-25,GLD,-3.607952,0.027107302,-3.5623286,0.028372679,N-BEATS(L=90),22,test
2022-10-25,SPY,-3.0160952,0.048992153,-2.90066,0.054986916,N-BEATS(L=90),22,test
2022-10-25,TLT,-3.3020377,0.036808085,-3.2211535,0.039908998,N-BEATS(L=90),22,test
2022-10-26,GLD,-3.6132002,0.026965415,-3.6690865,0.025499754,N-BEATS(L=90),22,test
2022-10-26,SPY,-3.0272627,0.048448075,-2.9413826,0.052792683,N-BEATS(L=90),22,test
2022-10-26,TLT,-3.2922919,0.037168566,-3.3182442,0.036216363,N-BEATS(L=90),22,test
2022-10-27,GLD,-3.610378,0.027041623,-3.6487813,0.026022824,N-BEATS(L=90),22,test
2022-10-27,SPY,-3.0348153,0.048083544,-2.8448038,0.058145672,N-BEATS(L=90),22,test
2022-10-27,TLT,-3.3254058,0.03595792,-3.3055549,0.036678854,N-BEATS(L=90),22,test
2022-10-28,GLD,-3.5658553,0.028272795,-3.7070901,0.024548853,N-BEATS(L=90),22,test
2022-10-28,SPY,-3.0005596,0.049759217,-2.9044359,0.054779686,N-BEATS(L=90),22,test
2022-10-28,TLT,-3.339406,0.035458013,-3.3839555,0.033913046,N-BEATS(L=90),22,test
2022-10-31,GLD,-3.5687673,0.028190583,-3.5479438,0.028783763,N-BEATS(L=90),22,test
2022-10-31,SPY,-2.9914043,0.05021687,-2.9756398,0.051014785,N-BEATS(L=90),22,test
2022-10-31,TLT,-3.3554394,0.034894034,-3.2378426,0.03924848,N-BEATS(L=90),22,test
2022-11-01,GLD,-3.5610218,0.028409781,-3.741954,0.02370773,N-BEATS(L=90),22,test
2022-11-01,SPY,-2.9991217,0.049830817,-3.2372391,0.03927217,N-BEATS(L=90),22,test
2022-11-01,TLT,-3.3144288,0.03635481,-3.2477322,0.03886224,N-BEATS(L=90),22,test
2022-11-02,GLD,-3.641624,0.026209746,-3.7337773,0.023902379,N-BEATS(L=90),22,test
2022-11-02,SPY,-3.0739832,0.04623662,-2.9932966,0.05012193,N-BEATS(L=90),22,test
2022-11-02,TLT,-3.3475027,0.03517208,-3.325242,0.035963815,N-BEATS(L=90),22,test
2022-11-03,GLD,-3.6426687,0.026182378,-3.4257994,0.03252327,N-BEATS(L=90),22,test
2022-11-03,SPY,-3.064635,0.046670873,-2.9565058,0.0520003,N-BEATS(L=90),22,test
2022-11-03,TLT,-3.3540394,0.034942918,-3.1436532,0.043124966,N-BEATS(L=90),22,test
2022-11-04,GLD,-3.6572046,0.025804546,-3.5398314,0.02901822,N-BEATS(L=90),22,test
2022-11-04,SPY,-3.1220145,0.044068303,-3.0590496,0.046932276,N-BEATS(L=90),22,test
2022-11-04,TLT,-3.3659575,0.034528937,-3.2717595,0.03793961,N-BEATS(L=90),22,test
2022-11-07,GLD,-3.6516237,0.02594896,-3.672894,0.025402848,N-BEATS(L=90),22,test
2022-11-07,SPY,-3.1284473,0.043785732,-3.0374217,0.04795838,N-BEATS(L=90),22,test
2022-11-07,TLT,-3.3719373,0.03432308,-3.2189927,0.039995324,N-BEATS(L=90),22,test
2022-11-08,GLD,-3.7135093,0.024391774,-3.6220067,0.026728988,N-BEATS(L=90),22,test
2022-11-08,SPY,-3.163292,0.042286307,-3.05655,0.047049735,N-BEATS(L=90),22,test
2022-11-08,TLT,-3.3714375,0.034340236,-3.4002383,0.03336532,N-BEATS(L=90),22,test
2022-11-09,GLD,-3.754287,0.023417141,-3.5357633,0.02913651,N-BEATS(L=90),22,test
2022-11-09,SPY,-3.182517,0.041481115,-2.922862,0.053779546,N-BEATS(L=90),22,test
2022-11-09,TLT,-3.3591964,0.034763183,-3.3014724,0.036828898,N-BEATS(L=90),22,test
2022-11-10,GLD,-3.7407508,0.023736276,-3.4968739,0.030291932,N-BEATS(L=90),22,test
2022-11-10,SPY,-3.1654344,0.04219581,-3.0602503,0.04687596,N-BEATS(L=90),22,test
2022-11-10,TLT,-3.3682253,0.03445072,-3.2165968,0.040091265,N-BEATS(L=90),22,test
2022-11-11,GLD,-3.715679,0.02433891,-3.2785559,0.037682638,N-BEATS(L=90),22,test
2022-11-11,SPY,-3.1205854,0.044131324,-3.0231233,0.048649035,N-BEATS(L=90),22,test
2022-11-11,TLT,-3.3482985,0.035144098,-3.329461,0.0358124,N-BEATS(L=90),22,test
2022-11-14,GLD,-3.7107172,0.024459975,-3.6248171,0.026653972,N-BEATS(L=90),22,test
2022-11-14,SPY,-3.1111524,0.044549588,-2.958787,0.051881813,N-BEATS(L=90),22,test
2022-11-14,TLT,-3.3486862,0.03513048,-3.397311,0.03346313,N-BEATS(L=90),22,test
2022-11-15,GLD,-3.7408884,0.02373301,-3.3194118,0.036174104,N-BEATS(L=90),22,test
2022-11-15,SPY,-3.1319668,0.043631896,-2.9543905,0.05211041,N-BEATS(L=90),22,test
2022-11-15,TLT,-3.325976,0.035937432,-3.3356912,0.035589978,N-BEATS(L=90),22,test
2022-11-16,GLD,-3.73427,0.023890603,-3.533802,0.029193709,N-BEATS(L=90),22,test
2022-11-16,SPY,-3.1189964,0.04420151,-3.2544997,0.03860013,N-BEATS(L=90),22,test
2022-11-16,TLT,-3.3449306,0.03526266,-3.375271,0.034208845,N-BEATS(L=90),22,test
2022-11-17,GLD,-3.7193542,0.024249624,-3.528706,0.029342858,N-BEATS(L=90),22,test
2022-11-17,SPY,-3.113245,0.04445646,-3.200884,0.04072618,N-BEATS(L=90),22,test
2022-11-17,TLT,-3.3477643,0.03516288,-3.4515882,0.031695258,N-BEATS(L=90),22,test
2022-11-18,GLD,-3.716258,0.02432482,-3.650371,0.025981486,N-BEATS(L=90),22,test
2022-11-18,SPY,-3.1167052,0.0443029,-3.1215415,0.044089153,N-BEATS(L=90),22,test
2022-11-18,TLT,-3.335719,0.035588983,-3.4563212,0.031545598,N-BEATS(L=90),22,test
2022-11-21,GLD,-3.704341,0.024616435,-3.7591379,0.023303824,N-BEATS(L=90),22,test
2022-11-21,SPY,-3.0227885,0.048665326,-3.2183313,0.040021785,N-BEATS(L=90),22,test
2022-11-21,TLT,-3.3400996,0.03543343,-3.3982127,0.03343297,N-BEATS(L=90),22,test
2022-11-22,GLD,-3.6983624,0.024764048,-3.5762641,0.027980033,N-BEATS(L=90),22,test
2022-11-22,SPY,-3.020976,0.048753608,-3.3053508,0.036686342,N-BEATS(L=90),22,test
2022-11-22,TLT,-3.343635,0.035308376,-3.5051944,0.030040933,N-BEATS(L=90),22,test
2022-11-23,GLD,-3.6197588,0.026789136,-3.7812126,0.022795035,N-BEATS(L=90),22,test
2022-11-23,SPY,-3.017609,0.048918046,-3.309458,0.03653597,N-BEATS(L=90),22,test
2022-11-23,TLT,-3.3313272,0.035745632,-3.4193702,0.032733046,N-BEATS(L=90),22,test
2022-11-25,GLD,-3.6055996,0.027171146,-3.779578,0.022832325,N-BEATS(L=90),22,test
2022-11-25,SPY,-2.9962468,0.04997428,-3.2962408,0.03702208,N-BEATS(L=90),22,test
2022-11-25,TLT,-3.3133838,0.03639282,-3.5147119,0.029756377,N-BEATS(L=90),22,test
2022-11-28,GLD,-3.6053555,0.02717778,-3.670105,0.025473796,N-BEATS(L=90),22,test
2022-11-28,SPY,-3.0004828,0.04976304,-3.420628,0.032691896,N-BEATS(L=90),22,test
2022-11-28,TLT,-3.3159776,0.036298547,-3.5014021,0.030155072,N-BEATS(L=90),22,test
2022-11-29,GLD,-3.6058779,0.027163588,-3.659011,0.025757978,N-BEATS(L=90),22,test
2022-11-29,SPY,-3.0001929,0.049777467,-3.459123,0.031457342,N-BEATS(L=90),22,test
2022-11-29,TLT,-3.3105128,0.036497455,-3.5193095,0.02961988,N-BEATS(L=90),22,test
2022-11-30,GLD,-3.61837,0.026826367,-3.740399,0.02374463,N-BEATS(L=90),22,test
2022-11-30,SPY,-3.0108864,0.049248006,-3.3100302,0.036515072,N-BEATS(L=90),22,test
2022-11-30,TLT,-3.2937567,0.03711416,-3.5035915,0.030089123,N-BEATS(L=90),22,test
2022-12-01,GLD,-3.611207,0.027019214,-3.541662,0.028965147,N-BEATS(L=90),22,test
2022-12-01,SPY,-3.0030231,0.04963678,-3.250138,0.038768854,N-BEATS(L=90),22,test
2022-12-01,TLT,-3.3025885,0.03678782,-3.5308528,0.029279936,N-BEATS(L=90),22,test
2022-12-02,GLD,-3.6197987,0.026788069,-3.5782318,0.027925031,N-BEATS(L=90),22,test
2022-12-02,SPY,-3.0092099,0.04933064,-3.2214594,0.03989679,N-BEATS(L=90),22,test
2022-12-02,TLT,-3.3536885,0.034955185,-3.5429316,0.028928397,N-BEATS(L=90),22,test
2022-12-05,GLD,-3.594945,0.027462196,-3.623558,0.026687551,N-BEATS(L=90),22,test
2022-12-05,SPY,-2.9785807,0.050864976,-3.261785,0.038319934,N-BEATS(L=90),22,test
2022-12-05,TLT,-3.3312397,0.03574876,-3.206109,0.040513944,N-BEATS(L=90),22,test
2022-12-06,GLD,-3.594955,0.02746192,-3.623967,0.026676642,N-BEATS(L=90),22,test
2022-12-06,SPY,-2.9869118,0.050442975,-3.1070485,0.04473279,N-BEATS(L=90),22,test
2022-12-06,TLT,-3.3286724,0.035840657,-3.3307939,0.0357647,N-BEATS(L=90),22,test
2022-12-07,GLD,-3.5999937,0.027323894,-3.6101685,0.02704729,N-BEATS(L=90),22,test
2022-12-07,SPY,-2.9884975,0.05036305,-3.2152042,0.040147133,N-BEATS(L=90),22,test
2022-12-07,TLT,-3.3220782,0.036077775,-3.2610278,0.03834896,N-BEATS(L=90),22,test
2022-12-08,GLD,-3.5990145,0.027350662,-3.604365,0.027204711,N-BEATS(L=90),22,test
2022-12-08,SPY,-2.992452,0.050164286,-3.1766136,0.04172672,N-BEATS(L=90),22,test
2022-12-08,TLT,-3.3235452,0.03602489,-3.2409554,0.039126497,N-BEATS(L=90),22,test
2022-12-09,GLD,-3.592265,0.027535893,-3.5665133,0.028254196,N-BEATS(L=90),22,test
2022-12-09,SPY,-2.9805644,0.050764177,-3.2258065,0.03972373,N-BEATS(L=90),22,test
2022-12-09,TLT,-3.2286618,0.03961047,-3.2014794,0.040701944,N-BEATS(L=90),22,test
2022-12-12,GLD,-3.5901725,0.02759357,-3.635334,0.026375122,N-BEATS(L=90),22,test
2022-12-12,SPY,-2.979246,0.05083115,-3.1079063,0.04469443,N-BEATS(L=90),22,test
2022-12-12,TLT,-3.2343142,0.039387207,-3.334126,0.035645727,N-BEATS(L=90),22,test
2022-12-13,GLD,-3.6116488,0.02700728,-3.542946,0.028927976,N-BEATS(L=90),22,test
2022-12-13,SPY,-3.0212524,0.048740137,-2.988199,0.050378088,N-BEATS(L=90),22,test
2022-12-13,TLT,-3.238476,0.039223626,-3.4097617,0.033049077,N-BEATS(L=90),22,test
2022-12-14,GLD,-3.6166186,0.026873391,-3.639999,0.026252372,N-BEATS(L=90),22,test
2022-12-14,SPY,-3.051908,0.047268648,-3.1192377,0.044190843,N-BEATS(L=90),22,test
2022-12-14,TLT,-3.226953,0.039678212,-3.3484488,0.03513882,N-BEATS(L=90),22,test
2022-12-15,GLD,-3.609426,0.027067378,-3.686595,0.025057178,N-BEATS(L=90),22,test
2022-12-15,SPY,-3.0689728,0.04646886,-3.1145756,0.044397343,N-BEATS(L=90),22,test
2022-12-15,TLT,-3.227743,0.039646886,-3.2279792,0.039637517,N-BEATS(L=90),22,test
2022-12-16,GLD,-3.6093845,0.027068501,-3.5381372,0.029067423,N-BEATS(L=90),22,test
2022-12-16,SPY,-3.066079,0.046603534,-3.106711,0.044747893,N-BEATS(L=90),22,test
2022-12-16,TLT,-3.245719,0.038940556,-3.4044611,0.033224717,N-BEATS(L=90),22,test
2022-12-19,GLD,-3.598015,0.027378011,-3.6108105,0.02702993,N-BEATS(L=90),22,test
2022-12-19,SPY,-3.0570896,0.047024358,-3.118909,0.044205375,N-BEATS(L=90),22,test
2022-12-19,TLT,-3.2463775,0.038914923,-3.23174,0.03948873,N-BEATS(L=90),22,test
2022-12-20,GLD,-3.5798638,0.027879495,-3.551802,0.028672926,N-BEATS(L=90),22,test
2022-12-20,SPY,-3.0633287,0.046731878,-3.0300238,0.04831449,N-BEATS(L=90),22,test
2022-12-20,TLT,-3.2073731,0.040462762,-3.3331914,0.035679057,N-BEATS(L=90),22,test
2022-12-21,GLD,-3.5781085,0.027928473,-3.6441274,0.026144214,N-BEATS(L=90),22,test
2022-12-21,SPY,-3.049221,0.04739583,-3.0784998,0.046028256,N-BEATS(L=90),22,test
2022-12-21,TLT,-3.2117734,0.040285107,-3.3494828,0.035102505,N-BEATS(L=90),22,test
2022-12-22,GLD,-3.573431,0.028059416,-3.834145,0.021619814,N-BEATS(L=90),22,test
2022-12-22,SPY,-3.1392326,0.043316025,-2.9910479,0.05023477,N-BEATS(L=90),22,test
2022-12-22,TLT,-3.2018917,0.04068517,-3.3993187,0.033396017,N-BEATS(L=90),22,test
2022-12-23,GLD,-3.5658674,0.02827245,-3.7992616,0.022387298,N-BEATS(L=90),22,test
2022-12-23,SPY,-3.1395254,0.043303344,-3.135632,0.043472268,N-BEATS(L=90),22,test
2022-12-23,TLT,-3.202084,0.040677343,-3.2730355,0.03789123,N-BEATS(L=90),22,test
2022-12-27,GLD,-3.6497836,0.025996754,-3.6404855,0.0262396,N-BEATS(L=90),22,test
2022-12-27,SPY,-3.133209,0.04357773,-3.00498,0.04953974,N-BEATS(L=90),22,test
2022-12-27,TLT,-3.2051768,0.04055173,-3.3836849,0.033922225,N-BEATS(L=90),22,test
2022-12-28,GLD,-3.6574495,0.025798228,-3.461596,0.03137964,N-BEATS(L=90),22,test
2022-12-28,SPY,-3.153535,0.042700917,-3.1684892,0.042067103,N-BEATS(L=90),22,test
2022-12-28,TLT,-3.1958876,0.04093018,-3.4223142,0.03263682,N-BEATS(L=90),22,test
2022-12-29,GLD,-3.5916302,0.027553376,-3.7488027,0.02354592,N-BEATS(L=90),22,test
2022-12-29,SPY,-3.0879354,0.045595992,-3.08987,0.04550787,N-BEATS(L=90),22,test
2022-12-29,TLT,-3.154397,0.042664118,-3.4775047,0.03088438,N-BEATS(L=90),22,test
2022-12-30,GLD,-3.568476,0.028198797,-3.734267,0.023890676,N-BEATS(L=90),22,test
2022-12-30,SPY,-3.0816865,0.04588181,-3.1733103,0.041864783,N-BEATS(L=90),22,test
2022-12-30,TLT,-3.1573095,0.04254004,-3.4200351,0.032711286,N-BEATS(L=90),22,test
2023-01-03,GLD,-3.5758371,0.027991982,-3.7615752,0.023247093,N-BEATS(L=90),22,test
2023-01-03,SPY,-3.1111526,0.044549577,-3.1737664,0.041845694,N-BEATS(L=90),22,test
2023-01-03,TLT,-3.1690764,0.04204241,-3.5185912,0.029641164,N-BEATS(L=90),22,test
2023-01-04,GLD,-3.5780253,0.027930798,-3.5776544,0.027941162,N-BEATS(L=90),22,test
2023-01-04,SPY,-3.1334858,0.043565672,-3.2333179,0.039426472,N-BEATS(L=90),22,test
2023-01-04,TLT,-3.1847315,0.041389357,-3.4539652,0.031620007,N-BEATS(L=90),22,test
2023-01-05,GLD,-3.560148,0.028434616,-3.6888602,0.025000483,N-BEATS(L=90),22,test
2023-01-05,SPY,-3.1015267,0.044980478,-3.2695913,0.038021963,N-BEATS(L=90),22,test
2023-01-05,TLT,-3.1761014,0.041748095,-3.4236245,0.03259408,N-BEATS(L=90),22,test
2023-01-06,GLD,-3.5969062,0.027408388,-3.6294188,0.0265316,N-BEATS(L=90),22,test
2023-01-06,SPY,-3.1540341,0.042679604,-3.4501555,0.0317407,N-BEATS(L=90),22,test
2023-01-06,TLT,-3.1914105,0.04111384,-3.5546656,0.028590934,N-BEATS(L=90),22,test
2023-01-09,GLD,-3.5845685,0.027748639,-3.6139212,0.02694598,N-BEATS(L=90),22,test
2023-01-09,SPY,-3.1533966,0.04270682,-3.3934388,0.033592958,N-BEATS(L=90),22,test
2023-01-09,TLT,-3.181465,0.04152478,-3.5046084,0.030058542,N-BEATS(L=90),22,test
2023-01-10,GLD,-3.5821273,0.02781646,-3.658007,0.025783852,N-BEATS(L=90),22,test
2023-01-10,SPY,-3.1563585,0.042580515,-3.402966,0.03327443,N-BEATS(L=90),22,test
2023-01-10,TLT,-3.1889307,0.04121592,-3.4869983,0.030592564,N-BEATS(L=90),22,test
2023-01-11,GLD,-3.5870981,0.027678534,-3.7349205,0.023875069,N-BEATS(L=90),22,test
2023-01-11,SPY,-3.1571527,0.042546716,-3.3620145,0.034665354,N-BEATS(L=90),22,test
2023-01-11,TLT,-3.1911821,0.04112323,-3.2952907,0.03705727,N-BEATS(L=90),22,test
2023-01-12,GLD,-3.5744956,0.028029561,-3.7870626,0.022662072,N-BEATS(L=90),22,test
2023-01-12,SPY,-3.1560307,0.042594478,-3.5362034,0.029123688,N-BEATS(L=90),22,test
2023-01-12,TLT,-3.257496,0.038484637,-3.483355,0.030704224,N-BEATS(L=90),22,test
2023-01-13,GLD,-3.5803843,0.027864989,-3.7674875,0.023110054,N-BEATS(L=90),22,test
2023-01-13,SPY,-3.1601422,0.04241971,-3.4090943,0.033071138,N-BEATS(L=90),22,test
2023-01-13,TLT,-3.25553,0.03856037,-3.4179666,0.03277902,N-BEATS(L=90),22,test
2023-01-17,GLD,-3.5629077,0.028356254,-3.738145,0.023798205,N-BEATS(L=90),22,test
2023-01-17,SPY,-3.1500978,0.042847935,-3.2905684,0.037232682,N-BEATS(L=90),22,test
2023-01-17,TLT,-3.2590284,0.038425714,-3.3635044,0.034613747,N-BEATS(L=90),22,test
2023-01-18,GLD,-3.5635114,0.02833914,-3.8185117,0.02196046,N-BEATS(L=90),22,test
2023-01-18,SPY,-3.1714435,0.04194301,-3.3518655,0.035018966,N-BEATS(L=90),22,test
2023-01-18,TLT,-3.287191,0.037358645,-3.335837,0.035584792,N-BEATS(L=90),22,test
2023-01-19,GLD,-3.571226,0.02812136,-3.833643,0.021630673,N-BEATS(L=90),22,test
2023-01-19,SPY,-3.1703777,0.041987736,-3.5356636,0.029139414,N-BEATS(L=90),22,test
2023-01-19,TLT,-3.2905478,0.037233446,-3.4155684,0.032857727,N-BEATS(L=90),22,test
2023-01-20,GLD,-3.5706422,0.028137777,-3.8071501,0.022211388,N-BEATS(L=90),22,test
2023-01-20,SPY,-3.1866527,0.04130992,-3.3829873,0.0339459,N-BEATS(L=90),22,test
2023-01-20,TLT,-3.2954981,0.037049584,-3.3670275,0.034492012,N-BEATS(L=90),22,test
2023-01-23,GLD,-3.5828896,0.027795266,-3.7365284,0.023836711,N-BEATS(L=90),22,test
2023-01-23,SPY,-3.187949,0.0412564,-3.5405965,0.028996026,N-BEATS(L=90),22,test
2023-01-23,TLT,-3.2893953,0.037276383,-3.401022,0.03333918,N-BEATS(L=90),22,test
2023-01-24,GLD,-3.614119,0.026940648,-3.8017535,0.022331579,N-BEATS(L=90),22,test
2023-01-24,SPY,-3.1864831,0.041316923,-3.415981,0.032844167,N-BEATS(L=90),22,test
2023-01-24,TLT,-3.3188589,0.036194112,-3.3588758,0.034774333,N-BEATS(L=90),22,test
2023-01-25,GLD,-3.6228807,0.026705634,-3.7261245,0.024086,N-BEATS(L=90),22,test
2023-01-25,SPY,-3.2046306,0.040573888,-3.469565,0.031130573,N-BEATS(L=90),22,test
2023-01-25,TLT,-3.3340998,0.035646662,-3.5244472,0.029468093,N-BEATS(L=90),22,test
2023-01-26,GLD,-3.63056,0.02650134,-3.6645107,0.025616702,N-BEATS(L=90),22,test
2023-01-26,SPY,-3.2165992,0.040091168,-3.368621,0.03443709,N-BEATS(L=90),22,test
2023-01-26,TLT,-3.3361757,0.03557274,-3.383277,0.033936065,N-BEATS(L=90),22,test
2023-01-27,GLD,-3.642025,0.026199237,-3.7424028,0.023697095,N-BEATS(L=90),22,test
2023-01-27,SPY,-3.22413,0.03979039,-3.6539552,0.02588853,N-BEATS(L=90),22,test
2023-01-27,TLT,-3.325874,0.03594109,-3.5351095,0.029155564,N-BEATS(L=90),22,test
2023-01-30,GLD,-3.6418545,0.026203703,-3.6892445,0.024990875,N-BEATS(L=90),22,test
2023-01-30,SPY,-3.2230616,0.03983292,-3.5023825,0.030125523,N-BEATS(L=90),22,test
2023-01-30,TLT,-3.332695,0.03569677,-3.5921137,0.027540056,N-BEATS(L=90),22,test
2023-01-31,GLD,-3.6320782,0.026461136,-3.7564402,0.023366774,N-BEATS(L=90),22,test
2023-01-31,SPY,-3.2202287,0.039945923,-3.379319,0.034070652,N-BEATS(L=90),22,test
2023-01-31,TLT,-3.346467,0.035208527,-3.4809096,0.030779403,N-BEATS(L=90),22,test
2023-02-01,GLD,-3.7084284,0.024516024,-3.608584,0.02709018,N-BEATS(L=90),22,test
2023-02-01,SPY,-3.3156626,0.03630998,-3.5719912,0.028099846,N-BEATS(L=90),22,test
2023-02-01,TLT,-3.410622,0.03302066,-3.4396157,0.03207701,N-BEATS(L=90),22,test
2023-02-02,GLD,-3.7362318,0.023843782,-3.6257932,0.026627967,N-BEATS(L=90),22,test
2023-02-02,SPY,-3.320935,0.036119044,-3.5321813,0.029241065,N-BEATS(L=90),22,test
2023-02-02,TLT,-3.3883855,0.033763144,-3.52118,0.029564532,N-BEATS(L=90),22,test
2023-02-03,GLD,-3.773417,0.02297343,-3.629903,0.026518755,N-BEATS(L=90),22,test
2023-02-03,SPY,-3.3483136,0.035143573,-3.5851436,0.027732685,N-BEATS(L=90),22,test
2023-02-03,TLT,-3.3643894,0.034583125,-3.604114,0.027211541,N-BEATS(L=90),22,test
2023-02-06,GLD,-3.7824116,0.022767719,-3.5485828,0.028765377,N-BEATS(L=90),22,test
2023-02-06,SPY,-3.2778554,0.037709042,-3.5385962,0.029054087,N-BEATS(L=90),22,test
2023-02-06,TLT,-3.3474152,0.035175156,-3.5326536,0.029227257,N-BEATS(L=90),22,test
2023-02-07,GLD,-3.8192282,0.021944731,-3.5684297,0.028200101,N-BEATS(L=90),22,test
2023-02-07,SPY,-3.2609005,0.038353845,-3.537924,0.02907362,N-BEATS(L=90),22,test
2023-02-07,TLT,-3.355948,0.034876294,-3.4988222,0.03023297,N-BEATS(L=90),22,test
2023-02-08,GLD,-3.8080723,0.022190915,-3.5708232,0.028132686,N-BEATS(L=90),22,test
2023-02-08,SPY,-3.1859648,0.041338343,-3.526022,0.029421724,N-BEATS(L=90),22,test
2023-02-08,TLT,-3.1911714,0.04112367,-3.3909364,0.033677127,N-BEATS(L=90),22,test
2023-02-09,GLD,-3.8200307,0.021927128,-3.49633,0.03030841,N-BEATS(L=90),22,test
2023-02-09,SPY,-3.1786175,0.041643187,-3.5036314,0.030087925,N-BEATS(L=90),22,test
2023-02-09,TLT,-3.1846664,0.04139205,-3.5217826,0.029546717,N-BEATS(L=90),22,test
2023-02-10,GLD,-3.7373776,0.023816478,-3.4559357,0.03155776,N-BEATS(L=90),22,test
2023-02-10,SPY,-3.1622403,0.0423308,-3.3333783,0.03567239,N-BEATS(L=90),22,test
2023-02-10,TLT,-3.1333303,0.043572444,-3.4373653,0.032149278,N-BEATS(L=90),22,test
2023-02-13,GLD,-3.7133036,0.024396794,-3.5600612,0.028437084,N-BEATS(L=90),22,test
2023-02-13,SPY,-3.1369252,0.043416087,-3.4929018,0.030412493,N-BEATS(L=90),22,test
2023-02-13,TLT,-3.0785222,0.046027225,-3.471417,0.03107297,N-BEATS(L=90),22,test
2023-02-14,GLD,-3.644621,0.026131315,-3.6500003,0.02599112,N-BEATS(L=90),22,test
2023-02-14,SPY,-3.1466448,0.042996146,-3.543321,0.028917138,N-BEATS(L=90),22,test
2023-02-14,TLT,-3.093364,0.045349143,-3.3833601,0.03393324,N-BEATS(L=90),22,test
2023-02-15,GLD,-3.6189907,0.026809722,-3.6882713,0.025015209,N-BEATS(L=90),22,test
2023-02-15,SPY,-3.1464288,0.043005433,-3.3782783,0.034106128,N-BEATS(L=90),22,test
2023-02-15,TLT,-3.1066015,0.04475279,-3.371636,0.034333427,N-BEATS(L=90),22,test
2023-02-16,GLD,-3.607314,0.027124602,-3.6951466,0.024843812,N-BEATS(L=90),22,test
2023-02-16,SPY,-3.1538591,0.042687073,-3.437388,0.03214855,N-BEATS(L=90),22,test
2023-02-16,TLT,-3.105291,0.04481148,-3.5550678,0.028579438,N-BEATS(L=90),22,test
2023-02-17,GLD,-3.5716825,0.028108522,-3.4409692,0.032033622,N-BEATS(L=90),22,test
2023-02-17,SPY,-3.1011126,0.044999108,-3.4506917,0.031723686,N-BEATS(L=90),22,test
2023-02-17,TLT,-3.095025,0.045273878,-3.5700197,0.028155299,N-BEATS(L=90),22,test
2023-02-21,GLD,-3.5437114,0.028905846,-3.7037277,0.024631536,N-BEATS(L=90),22,test
2023-02-21,SPY,-3.05478,0.047133088,-3.5136433,0.02978819,N-BEATS(L=90),22,test
2023-02-21,TLT,-3.0783155,0.04603674,-3.5005188,0.03018172,N-BEATS(L=90),22,test
2023-02-22,GLD,-3.530413,0.029292818,-3.639558,0.026263949,N-BEATS(L=90),22,test
2023-02-22,SPY,-3.0445895,0.047615852,-3.5345178,0.029172821,N-BEATS(L=90),22,test
2023-02-22,TLT,-3.070078,0.046417538,-3.5016155,0.030148638,N-BEATS(L=90),22,test
2023-02-23,GLD,-3.5265267,0.029406877,-3.575586,0.027999012,N-BEATS(L=90),22,test
2023-02-23,SPY,-3.0625167,0.046769843,-3.5192199,0.029622536,N-BEATS(L=90),22,test
2023-02-23,TLT,-3.0617638,0.04680507,-3.5650647,0.028295156,N-BEATS(L=90),22,test
2023-02-24,GLD,-3.51991,0.029602095,-3.6571348,0.025806349,N-BEATS(L=90),22,test
2023-02-24,SPY,-3.0658092,0.046616104,-3.4915307,0.030454222,N-BEATS(L=90),22,test
2023-02-24,TLT,-3.0732489,0.046270583,-3.4897296,0.03050912,N-BEATS(L=90),22,test
2023-02-27,GLD,-3.5153735,0.029736696,-3.698645,0.024757046,N-BEATS(L=90),22,test
2023-02-27,SPY,-3.0731876,0.046273418,-3.4376793,0.032139186,N-BEATS(L=90),22,test
2023-02-27,TLT,-3.0757513,0.04615494,-3.571395,0.028116606,N-BEATS(L=90),22,test
2023-02-28,GLD,-3.5181773,0.029653436,-3.6880608,0.025020476,N-BEATS(L=90),22,test
2023-02-28,SPY,-3.0751467,0.046182852,-3.4574237,0.03151084,N-BEATS(L=90),22,test
2023-02-28,TLT,-3.0825737,0.045841124,-3.571897,0.028102491,N-BEATS(L=90),22,test
2023-03-01,GLD,-3.5110993,0.029864065,-3.6390316,0.026277779,N-BEATS(L=90),22,test
2023-03-01,SPY,-3.076591,0.0461162,-3.546279,0.028831724,N-BEATS(L=90),22,test
2023-03-01,TLT,-3.0794926,0.045982584,-3.5859652,0.02770991,N-BEATS(L=90),22,test
2023-03-02,GLD,-3.4935567,0.030392582,-3.667185,0.025548285,N-BEATS(L=90),22,test
2023-03-02,SPY,-3.0882008,0.045583896,-3.5042012,0.030070785,N-BEATS(L=90),22,test
2023-03-02,TLT,-3.0688114,0.046476364,-3.4489756,0.031778175,N-BEATS(L=90),22,test
2023-03-03,GLD,-3.475084,0.030959232,-3.6745017,0.02536204,N-BEATS(L=90),22,test
2023-03-03,SPY,-3.0876532,0.045608867,-3.4713557,0.031074874,N-BEATS(L=90),22,test
2023-03-03,TLT,-3.0527513,0.047228806,-3.58232,0.027811103,N-BEATS(L=90),22,test
2023-03-06,GLD,-3.4480574,0.031807367,-3.6753962,0.025339363,N-BEATS(L=90),22,test
2023-03-06,SPY,-3.090402,0.04548367,-3.535083,0.029156335,N-BEATS(L=90),22,test
2023-03-06,TLT,-3.0548449,0.047130033,-3.6132708,0.026963511,N-BEATS(L=90),22,test
2023-03-07,GLD,-3.4479382,0.031811155,-3.7020795,0.024672167,N-BEATS(L=90),22,test
2023-03-07,SPY,-3.098545,0.045114793,-3.4765406,0.030914173,N-BEATS(L=90),22,test
2023-03-07,TLT,-3.0768394,0.046104744,-3.6257932,0.026627967,N-BEATS(L=90),22,test
2023-03-08,GLD,-3.447924,0.031811614,-3.680446,0.025211731,N-BEATS(L=90),22,test
2023-03-08,SPY,-3.1008337,0.045011662,-3.5286121,0.029345615,N-BEATS(L=90),22,test
2023-03-08,TLT,-3.092299,0.045397468,-3.57532,0.028006462,N-BEATS(L=90),22,test
2023-03-09,GLD,-3.4494796,0.03176216,-3.6874,0.025037011,N-BEATS(L=90),22,test
2023-03-09,SPY,-3.1535378,0.042700794,-3.5323887,0.029235,N-BEATS(L=90),22,test
2023-03-09,TLT,-3.1029449,0.044916734,-3.262431,0.038295195,N-BEATS(L=90),22,test
2023-03-10,GLD,-3.4377477,0.032136984,-3.8077712,0.022197599,N-BEATS(L=90),22,test
2023-03-10,SPY,-3.1992903,0.040791143,-3.4146779,0.032887,N-BEATS(L=90),22,test
2023-03-10,TLT,-3.0960228,0.045228727,-3.4993036,0.03021842,N-BEATS(L=90),22,test
2023-03-13,GLD,-3.4384394,0.032114767,-3.747278,0.02358185,N-BEATS(L=90),22,test
2023-03-13,SPY,-3.2725499,0.037909638,-3.4894578,0.030517412,N-BEATS(L=90),22,test
2023-03-13,TLT,-3.2244534,0.039777517,-3.3739889,0.034252737,N-BEATS(L=90),22,test
2023-03-14,GLD,-3.3929658,0.033608854,-3.7167785,0.024312163,N-BEATS(L=90),22,test
2023-03-14,SPY,-3.2926471,0.037155364,-3.3507566,0.035057817,N-BEATS(L=90),22,test
2023-03-14,TLT,-3.2553442,0.038567547,-3.3453846,0.035246655,N-BEATS(L=90),22,test
2023-03-15,GLD,-3.418581,0.032758888,-3.6925972,0.02490723,N-BEATS(L=90),22,test
2023-03-15,SPY,-3.316227,0.036289494,-3.385914,0.033846688,N-BEATS(L=90),22,test
2023-03-15,TLT,-3.3300147,0.035792578,-3.179616,0.041601628,N-BEATS(L=90),22,test
2023-03-16,GLD,-3.416443,0.032828998,-3.824736,0.021824194,N-BEATS(L=90),22,test
2023-03-16,SPY,-3.355617,0.034887835,-3.2778893,0.037707765,N-BEATS(L=90),22,test
2023-03-16,TLT,-3.4234896,0.03259848,-3.0299287,0.048319083,N-BEATS(L=90),22,test
2023-03-17,GLD,-3.487765,0.030569116,-3.603749,0.027221477,N-BEATS(L=90),22,test
2023-03-17,SPY,-3.3847098,0.033887476,-3.1355793,0.04347456,N-BEATS(L=90),22,test
2023-03-17,TLT,-3.444376,0.031924676,-3.0789757,0.04600636,N-BEATS(L=90),22,test
2023-03-20,GLD,-3.5008752,0.030170966,-3.2721636,0.037924282,N-BEATS(L=90),22,test
2023-03-20,SPY,-3.3844187,0.03389734,-3.0749202,0.046193317,N-BEATS(L=90),22,test
2023-03-20,TLT,-3.456312,0.031545892,-3.0444226,0.047623802,N-BEATS(L=90),22,test
2023-03-21,GLD,-3.4889135,0.030534029,-3.5469465,0.028812483,N-BEATS(L=90),22,test
2023-03-21,SPY,-3.3936472,0.03358596,-3.293449,0.037125584,N-BEATS(L=90),22,test
2023-03-21,TLT,-3.4558012,0.031562004,-3.069224,0.046457186,N-BEATS(L=90),22,test
2023-03-22,GLD,-3.5244765,0.029467229,-3.2547483,0.03859053,N-BEATS(L=90),22,test
2023-03-22,SPY,-3.5013914,0.030155396,-3.3064313,0.036646724,N-BEATS(L=90),22,test
2023-03-22,TLT,-3.489345,0.030520855,-3.1421115,0.0431915,N-BEATS(L=90),22,test
2023-03-23,GLD,-3.535923,0.029131856,-3.3049228,0.036702044,N-BEATS(L=90),22,test
2023-03-23,SPY,-3.6362693,0.026350467,-3.2203283,0.03994194,N-BEATS(L=90),22,test
2023-03-23,TLT,-3.5333433,0.029207105,-3.218256,0.040024802,N-BEATS(L=90),22,test
2023-03-24,GLD,-3.5350127,0.029158385,-3.1681495,0.042081397,N-BEATS(L=90),22,test
2023-03-24,SPY,-3.6810477,0.025196563,-3.1720185,0.0419189,N-BEATS(L=90),22,test
2023-03-24,TLT,-3.52257,0.029523466,-3.0052009,0.049528804,N-BEATS(L=90),22,test
2023-03-27,GLD,-3.5320172,0.02924586,-3.4361393,0.032188714,N-BEATS(L=90),22,test
2023-03-27,SPY,-3.6741455,0.025371077,-3.0600898,0.046883482,N-BEATS(L=90),22,test
2023-03-27,TLT,-3.5592163,0.028461123,-3.1308792,0.04367938,N-BEATS(L=90),22,test
2023-03-28,GLD,-3.5305295,0.029289404,-3.2708352,0.0379747,N-BEATS(L=90),22,test
2023-03-28,SPY,-3.6820586,0.025171105,-3.2285159,0.03961625,N-BEATS(L=90),22,test
2023-03-28,TLT,-3.5490253,0.028752651,-3.0927098,0.045378823,N-BEATS(L=90),22,test
2023-03-29,GLD,-3.5228875,0.029514091,-3.4524565,0.03166775,N-BEATS(L=90),22,test
2023-03-29,SPY,-3.686701,0.02505452,-3.2297716,0.039566536,N-BEATS(L=90),22,test
2023-03-29,TLT,-3.4789522,0.03083971,-3.1849282,0.041381218,N-BEATS(L=90),22,test
2023-03-30,GLD,-3.5120416,0.02983594,-3.365578,0.034542046,N-BEATS(L=90),22,test
2023-03-30,SPY,-3.6200428,0.026781531,-3.3359122,0.035582114,N-BEATS(L=90),22,test
2023-03-30,TLT,-3.4665337,0.03122508,-3.3361065,0.0355752,N-BEATS(L=90),22,test
2023-03-31,GLD,-3.5014062,0.030154949,-3.5933068,0.02750722,N-BEATS(L=90),22,test
2023-03-31,SPY,-3.5819852,0.027820414,-3.245636,0.03894379,N-BEATS(L=90),22,test
2023-03-31,TLT,-3.4600122,0.03142938,-3.3112664,0.03646996,N-BEATS(L=90),22,test
2023-04-03,GLD,-3.4878519,0.030566463,-3.4137006,0.032919154,N-BEATS(L=90),22,test
2023-04-03,SPY,-3.5724568,0.028086765,-3.2061527,0.040512178,N-BEATS(L=90),22,test
2023-04-03,TLT,-3.4566567,0.03153502,-3.2277477,0.039646696,N-BEATS(L=90),22,test
2023-04-04,GLD,-3.502537,0.03012087,-3.3851225,0.03387349,N-BEATS(L=90),22,test
2023-04-04,SPY,-3.5728753,0.028075015,-3.2949052,0.03707156,N-BEATS(L=90),22,test
2023-04-04,TLT,-3.511838,0.029842015,-3.1946578,0.040980548,N-BEATS(L=90),22,test
2023-04-05,GLD,-3.5244985,0.029466582,-3.2570212,0.03850292,N-BEATS(L=90),22,test
2023-04-05,SPY,-3.58091,0.027850343,-3.412869,0.032946542,N-BEATS(L=90),22,test
2023-04-05,TLT,-3.5221765,0.029535081,-3.2284062,0.039620597,N-BEATS(L=90),22,test
2023-04-06,GLD,-3.5299263,0.029307075,-3.3023193,0.036797725,N-BEATS(L=90),22,test
2023-04-06,SPY,-3.5967402,0.027412936,-3.4813464,0.03076596,N-BEATS(L=90),22,test
2023-04-06,TLT,-3.5207539,0.02957713,-3.350527,0.035065867,N-BEATS(L=90),22,test
2023-04-10,GLD,-3.5150533,0.029746218,-3.3978724,0.03344435,N-BEATS(L=90),22,test
2023-04-10,SPY,-3.551167,0.028691137,-3.5199437,0.0296011,N-BEATS(L=90),22,test
2023-04-10,TLT,-3.5360487,0.029128196,-3.2494054,0.03879727,N-BEATS(L=90),22,test
2023-04-11,GLD,-3.5007455,0.03017488,-3.3010094,0.036845956,N-BEATS(L=90),22,test
2023-04-11,SPY,-3.5491645,0.028748648,-3.30808,0.036586355,N-BEATS(L=90),22,test
2023-04-11,TLT,-3.5281487,0.02935922,-3.4035192,0.03325603,N-BEATS(L=90),22,test
2023-04-12,GLD,-3.5108447,0.02987167,-3.4934473,0.030395908,N-BEATS(L=90),22,test
2023-04-12,SPY,-3.5365956,0.029112268,-3.6676552,0.025536276,N-BEATS(L=90),22,test
2023-04-12,TLT,-3.5570118,0.028523931,-3.4749458,0.030963512,N-BEATS(L=90),22,test
2023-04-13,GLD,-3.520924,0.029572096,-3.5399725,0.029014124,N-BEATS(L=90),22,test
2023-04-13,SPY,-3.5549512,0.02858277,-3.6682138,0.025522016,N-BEATS(L=90),22,test
2023-04-13,TLT,-3.5966063,0.02741661,-3.3739374,0.0342545,N-BEATS(L=90),22,test
2023-04-14,GLD,-3.5671544,0.028236087,-3.288227,0.037319954,N-BEATS(L=90),22,test
2023-04-14,SPY,-3.5932994,0.027507422,-3.7149684,0.02435621,N-BEATS(L=90),22,test
2023-04-14,TLT,-3.598543,0.027363565,-3.4555106,0.03157118,N-BEATS(L=90),22,test
2023-04-17,GLD,-3.5887072,0.027634032,-3.3506,0.03506331,N-BEATS(L=90),22,test
2023-04-17,SPY,-3.5660112,0.028268386,-3.618174,0.026831625,N-BEATS(L=90),22,test
2023-04-17,TLT,-3.5994496,0.027338766,-3.472554,0.03103766,N-BEATS(L=90),22,test
2023-04-18,GLD,-3.609394,0.027068242,-3.600155,0.027319485,N-BEATS(L=90),22,test
2023-04-18,SPY,-3.5602775,0.028430935,-3.7187948,0.024263192,N-BEATS(L=90),22,test
2023-04-18,TLT,-3.6103873,0.027041372,-3.5593245,0.028458042,N-BEATS(L=90),22,test
2023-04-19,GLD,-3.57003,0.02815501,-3.4222093,0.032640245,N-BEATS(L=90),22,test
2023-04-19,SPY,-3.5538332,0.028614743,-3.6043,0.027206482,N-BEATS(L=90),22,test
2023-04-19,TLT,-3.5998235,0.027328547,-3.508867,0.029930806,N-BEATS(L=90),22,test
2023-04-20,GLD,-3.5761204,0.027984055,-3.499796,0.030203547,N-BEATS(L=90),22,test
2023-04-20,SPY,-3.5583398,0.028486077,-3.7268262,0.024069106,N-BEATS(L=90),22,test
2023-04-20,TLT,-3.579406,0.02789226,-3.6168988,0.026865864,N-BEATS(L=90),22,test
2023-04-21,GLD,-3.6182895,0.026828527,-3.5639331,0.028327191,N-BEATS(L=90),22,test
2023-04-21,SPY,-3.5373926,0.029089075,-3.721837,0.024189489,N-BEATS(L=90),22,test
2023-04-21,TLT,-3.5815303,0.027833072,-3.5484138,0.02877024,N-BEATS(L=90),22,test
2023-04-24,GLD,-3.6269636,0.02659682,-3.5170221,0.02968771,N-BEATS(L=90),22,test
2023-04-24,SPY,-3.5347664,0.029165568,-3.7174175,0.024296634,N-BEATS(L=90),22,test
2023-04-24,TLT,-3.5812516,0.02784083,-3.5736055,0.028054519,N-BEATS(L=90),22,test
2023-04-25,GLD,-3.6510973,0.025962625,-3.5484695,0.028768634,N-BEATS(L=90),22,test
2023-04-25,SPY,-3.5296566,0.02931498,-3.6464677,0.0260831,N-BEATS(L=90),22,test
2023-04-25,TLT,-3.5784175,0.027919846,-3.6559043,0.025838122,N-BEATS(L=90),22,test
2023-04-26,GLD,-3.6645706,0.025615169,-3.5212283,0.029563101,N-BEATS(L=90),22,test
2023-04-26,SPY,-3.5287726,0.029340908,-3.720801,0.024214562,N-BEATS(L=90),22,test
2023-04-26,TLT,-3.6080465,0.027104743,-3.6250665,0.026647326,N-BEATS(L=90),22,test
2023-04-27,GLD,-3.6709318,0.025452742,-3.6133406,0.026961628,N-BEATS(L=90),22,test
2023-04-27,SPY,-3.5310345,0.029274616,-3.734342,0.023888882,N-BEATS(L=90),22,test
2023-04-27,TLT,-3.5974348,0.027393904,-3.6293552,0.026533287,N-BEATS(L=90),22,test
2023-04-28,GLD,-3.666491,0.025566023,-3.4974155,0.030275527,N-BEATS(L=90),22,test
2023-04-28,SPY,-3.5249765,0.029452499,-3.726773,0.024070386,N-BEATS(L=90),22,test
2023-04-28,TLT,-3.590056,0.027596787,-3.6036375,0.027224515,N-BEATS(L=90),22,test
2023-05-01,GLD,-3.6714683,0.025439091,-3.6279414,0.026570827,N-BEATS(L=90),22,test
2023-05-01,SPY,-3.4914308,0.030457264,-3.6748137,0.025354126,N-BEATS(L=90),22,test
2023-05-01,TLT,-3.6588886,0.025761127,-3.6031346,0.027238207,N-BEATS(L=90),22,test
2023-05-02,GLD,-3.6859121,0.025074294,-3.6958637,0.024826001,N-BEATS(L=90),22,test
2023-05-02,SPY,-3.5315747,0.029258804,-3.6594203,0.025747435,N-BEATS(L=90),22,test
2023-05-02,TLT,-3.6775863,0.025283929,-3.5666,0.028251745,N-BEATS(L=90),22,test
2023-05-03,GLD,-3.7012503,0.024692634,-3.5806923,0.027856408,N-BEATS(L=90),22,test
2023-05-03,SPY,-3.5670757,0.02823831,-3.6545594,0.025872895,N-BEATS(L=90),22,test
2023-05-03,TLT,-3.6849651,0.02509805,-3.5461087,0.028836632,N-BEATS(L=90),22,test
2023-05-04,GLD,-3.73863,0.023786668,-3.6574342,0.02579862,N-BEATS(L=90),22,test
2023-05-04,SPY,-3.577108,0.027956434,-3.6041915,0.027209433,N-BEATS(L=90),22,test
2023-05-04,TLT,-3.7101643,0.024473501,-3.3952522,0.033532094,N-BEATS(L=90),22,test
2023-05-05,GLD,-3.6984334,0.02476229,-3.7581656,0.023326492,N-BEATS(L=90),22,test
2023-05-05,SPY,-3.5891116,0.02762286,-3.5999618,0.027324768,N-BEATS(L=90),22,test
2023-05-05,TLT,-3.6691406,0.025498375,-3.5112472,0.02985965,N-BEATS(L=90),22,test
2023-05-08,GLD,-3.7027347,0.024656007,-3.7799556,0.022823704,N-BEATS(L=90),22,test
2023-05-08,SPY,-3.5796487,0.027885491,-3.675731,0.025330883,N-BEATS(L=90),22,test
2023-05-08,TLT,-3.6537447,0.025893982,-3.5585828,0.028479157,N-BEATS(L=90),22,test
2023-05-09,GLD,-3.7006428,0.02470764,-3.8531058,0.02121375,N-BEATS(L=90),22,test
2023-05-09,SPY,-3.5665975,0.028251817,-3.675728,0.025330955,N-BEATS(L=90),22,test
2023-05-09,TLT,-3.6346834,0.02639229,-3.468923,0.031150559,N-BEATS(L=90),22,test
2023-05-10,GLD,-3.7290392,0.0240159,-3.7952294,0.022477748,N-BEATS(L=90),22,test
2023-05-10,SPY,-3.6143532,0.02693434,-3.6415064,0.026212826,N-BEATS(L=90),22,test
2023-05-10,TLT,-3.5961554,0.027428973,-3.4604642,0.031415176,N-BEATS(L=90),22,test
2023-05-11,GLD,-3.7170367,0.024305886,-3.6097567,0.02705843,N-BEATS(L=90),22,test
2023-05-11,SPY,-3.6159368,0.026891723,-3.6379678,0.026305748,N-BEATS(L=90),22,test
2023-05-11,TLT,-3.5759318,0.027989333,-3.5331473,0.029212829,N-BEATS(L=90),22,test
2023-05-12,GLD,-3.703522,0.024636604,-3.560425,0.02842674,N-BEATS(L=90),22,test
2023-05-12,SPY,-3.5993347,0.027341906,-3.67745,0.025287377,N-BEATS(L=90),22,test
2023-05-12,TLT,-3.57376,0.028050186,-3.6694863,0.025489561,N-BEATS(L=90),22,test
2023-05-15,GLD,-3.6938818,0.024875255,-3.7658794,0.023147248,N-BEATS(L=90),22,test
2023-05-15,SPY,-3.5704315,0.028143708,-3.736821,0.02382974,N-BEATS(L=90),22,test
2023-05-15,TLT,-3.5456126,0.028850945,-3.6984944,0.024760777,N-BEATS(L=90),22,test
2023-05-16,GLD,-3.716204,0.024326136,-3.8706007,0.020845843,N-BEATS(L=90),22,test
2023-05-16,SPY,-3.5601804,0.028433694,-3.5646143,0.028307902,N-BEATS(L=90),22,test
2023-05-16,TLT,-3.5406463,0.02899458,-3.4929447,0.030411188,N-BEATS(L=90),22,test
2023-05-17,GLD,-3.7189574,0.024259247,-3.6545067,0.025874259,N-BEATS(L=90),22,test
2023-05-17,SPY,-3.5803509,0.027865918,-3.6571937,0.025804829,N-BEATS(L=90),22,test
2023-05-17,TLT,-3.5461702,0.028834859,-3.643601,0.02615798,N-BEATS(L=90),22,test
2023-05-18,GLD,-3.6906056,0.024956882,-3.6007001,0.027304599,N-BEATS(L=90),22,test
2023-05-18,SPY,-3.5898285,0.027603064,-3.6388974,0.026281305,N-BEATS(L=90),22,test
2023-05-18,TLT,-3.5150788,0.02974546,-3.595853,0.027437266,N-BEATS(L=90),22,test
2023-05-19,GLD,-3.7317958,0.023949789,-3.7597265,0.023290109,N-BEATS(L=90),22,test
2023-05-19,SPY,-3.6006682,0.02730547,-3.587662,0.027662931,N-BEATS(L=90),22,test
2023-05-19,TLT,-3.5137672,0.029784497,-3.55441,0.028598243,N-BEATS(L=90),22,test
2023-05-22,GLD,-3.7168033,0.024311561,-3.5533993,0.028627161,N-BEATS(L=90),22,test
2023-05-22,SPY,-3.6064842,0.027147124,-3.753389,0.023438182,N-BEATS(L=90),22,test
2023-05-22,TLT,-3.5183084,0.029649548,-3.4600377,0.031428576,N-BEATS(L=90),22,test
2023-05-23,GLD,-3.7307596,0.023974618,-3.5697381,0.028163226,N-BEATS(L=90),22,test
2023-05-23,SPY,-3.6237414,0.02668266,-3.5308967,0.02927865,N-BEATS(L=90),22,test
2023-05-23,TLT,-3.526723,0.029401109,-3.5132897,0.029798724,N-BEATS(L=90),22,test
2023-05-24,GLD,-3.7191117,0.024255505,-3.4296553,0.032398105,N-BEATS(L=90),22,test
2023-05-24,SPY,-3.614684,0.02692543,-3.7263176,0.02408135,N-BEATS(L=90),22,test
2023-05-24,TLT,-3.5000062,0.030197196,-3.4284534,0.032437067,N-BEATS(L=90),22,test
2023-05-25,GLD,-3.715283,0.024348551,-3.666645,0.025562085,N-BEATS(L=90),22,test
2023-05-25,SPY,-3.6289883,0.026543025,-3.6226387,0.026712097,N-BEATS(L=90),22,test
2023-05-25,TLT,-3.4871926,0.030586619,-3.4460528,0.031871192,N-BEATS(L=90),22,test
2023-05-26,GLD,-3.7051055,0.02459762,-3.6408305,0.02623055,N-BEATS(L=90),22,test
2023-05-26,SPY,-3.6493912,0.026006958,-3.7780418,0.022867426,N-BEATS(L=90),22,test
2023-05-26,TLT,-3.4874423,0.030578986,-3.541748,0.028962655,N-BEATS(L=90),22,test
2023-05-30,GLD,-3.70732,0.02454321,-3.4307806,0.032361668,N-BEATS(L=90),22,test
2023-05-30,SPY,-3.6605532,0.025718281,-3.6460226,0.026094712,N-BEATS(L=90),22,test
2023-05-30,TLT,-3.482171,0.030740598,-3.5851603,0.027732223,N-BEATS(L=90),22,test
2023-05-31,GLD,-3.720235,0.024228271,-3.4513752,0.031702008,N-BEATS(L=90),22,test
2023-05-31,SPY,-3.6770918,0.025296435,-3.6171558,0.026858961,N-BEATS(L=90),22,test
2023-05-31,TLT,-3.4810035,0.03077651,-3.4252765,0.03254028,N-BEATS(L=90),22,test
2023-06-01,GLD,-3.7312822,0.023962092,-3.4841995,0.030678306,N-BEATS(L=90),22,test
2023-06-01,SPY,-3.7341006,0.023894653,-3.4882774,0.030553456,N-BEATS(L=90),22,test
2023-06-01,TLT,-3.4766126,0.030911947,-3.3953032,0.033530384,N-BEATS(L=90),22,test
2023-06-02,GLD,-3.7401164,0.023751339,-3.5459926,0.028839981,N-BEATS(L=90),22,test
2023-06-02,SPY,-3.7468123,0.023592832,-3.4349241,0.032227855,N-BEATS(L=90),22,test
2023-06-02,TLT,-3.4725697,0.031037172,-3.4097784,0.033048525,N-BEATS(L=90),22,test
2023-06-05,GLD,-3.7440703,0.023657614,-3.3886545,0.033754062,N-BEATS(L=90),22,test
2023-06-05,SPY,-3.7268784,0.024067849,-3.475931,0.030933024,N-BEATS(L=90),22,test
2023-06-05,TLT,-3.497526,0.030272186,-3.5734692,0.028058346,N-BEATS(L=90),22,test
2023-06-06,GLD,-3.7571576,0.023350017,-3.4342,0.032251198,N-BEATS(L=90),22,test
2023-06-06,SPY,-3.7318225,0.023949148,-3.5411243,0.028980725,N-BEATS(L=90),22,test
2023-06-06,TLT,-3.5118284,0.0298423,-3.5578759,0.028499296,N-BEATS(L=90),22,test
2023-06-07,GLD,-3.8367167,0.021564288,-3.4964828,0.03030378,N-BEATS(L=90),22,test
2023-06-07,SPY,-3.7336566,0.023905262,-3.4336827,0.03226789,N-BEATS(L=90),22,test
2023-06-07,TLT,-3.538985,0.02904279,-3.4528084,0.031656608,N-BEATS(L=90),22,test
2023-06-08,GLD,-3.8465157,0.021354012,-3.2026348,0.040654946,N-BEATS(L=90),22,test
2023-06-08,SPY,-3.7419832,0.023707042,-3.4719656,0.03105593,N-BEATS(L=90),22,test
2023-06-08,TLT,-3.5181656,0.029653782,-3.3403735,0.035423722,N-BEATS(L=90),22,test
2023-06-09,GLD,-3.8570235,0.021130802,-3.4539788,0.03161958,N-BEATS(L=90),22,test
2023-06-09,SPY,-3.7511861,0.023489866,-3.5103607,0.029886132,N-BEATS(L=90),22,test
2023-06-09,TLT,-3.5225115,0.02952519,-3.221655,0.039888993,N-BEATS(L=90),22,test
2023-06-12,GLD,-3.8520024,0.021237168,-3.6110606,0.02702317,N-BEATS(L=90),22,test
2023-06-12,SPY,-3.753126,0.023444347,-3.3303554,0.035780385,N-BEATS(L=90),22,test
2023-06-12,TLT,-3.5523365,0.028657604,-3.2618217,0.038318526,N-BEATS(L=90),22,test
2023-06-13,GLD,-3.8959916,0.020323213,-3.5778515,0.027935652,N-BEATS(L=90),22,test
2023-06-13,SPY,-3.7541227,0.023420988,-3.5896082,0.027609145,N-BEATS(L=90),22,test
2023-06-13,TLT,-3.579755,0.027882528,-3.330516,0.035774637,N-BEATS(L=90),22,test
2023-06-14,GLD,-3.8858793,0.02052977,-3.5379221,0.029073676,N-BEATS(L=90),22,test
2023-06-14,SPY,-3.7996323,0.022379,-3.5461226,0.028836234,N-BEATS(L=90),22,test
2023-06-14,TLT,-3.5898015,0.027603809,-3.3786702,0.03409276,N-BEATS(L=90),22,test
2023-06-15,GLD,-3.8961494,0.020320006,-3.5271788,0.029387709,N-BEATS(L=90),22,test
2023-06-15,SPY,-3.863827,0.020987527,-3.5944781,0.027475018,N-BEATS(L=90),22,test
2023-06-15,TLT,-3.5953994,0.027449718,-3.4898915,0.03050418,N-BEATS(L=90),22,test
2023-06-16,GLD,-3.904848,0.020144014,-3.666925,0.025554933,N-BEATS(L=90),22,test
2023-06-16,SPY,-3.8695142,0.020868504,-3.6612964,0.025699176,N-BEATS(L=90),22,test
2023-06-16,TLT,-3.5877707,0.027659925,-3.4319165,0.032324933,N-BEATS(L=90),22,test
2023-06-20,GLD,-3.9067852,0.02010503,-3.6467226,0.026076453,N-BEATS(L=90),22,test
2023-06-20,SPY,-3.8994694,0.020252654,-3.6256862,0.026630817,N-BEATS(L=90),22,test
2023-06-20,TLT,-3.5842893,0.027756387,-3.5153039,0.029738765,N-BEATS(L=90),22,test
2023-06-21,GLD,-3.9493942,0.019266369,-3.6417537,0.026206346,N-BEATS(L=90),22,test
2023-06-21,SPY,-3.8978417,0.020285647,-3.7194595,0.024247069,N-BEATS(L=90),22,test
2023-06-21,TLT,-3.611223,0.027018784,-3.4976423,0.030268664,N-BEATS(L=90),22,test
2023-06-22,GLD,-3.950862,0.019238112,-3.536556,0.029113421,N-BEATS(L=90),22,test
2023-06-22,SPY,-3.8920102,0.020404289,-3.7854087,0.022699583,N-BEATS(L=90),22,test
2023-06-22,TLT,-3.6278331,0.026573705,-3.5729415,0.028073154,N-BEATS(L=90),22,test
2023-06-23,GLD,-3.9626544,0.019012582,-3.6520076,0.025939003,N-BEATS(L=90),22,test
2023-06-23,SPY,-3.8780756,0.020690603,-3.686904,0.025049437,N-BEATS(L=90),22,test
2023-06-23,TLT,-3.6372054,0.026325813,-3.5828795,0.027795544,N-BEATS(L=90),22,test
2023-06-26,GLD,-3.954748,0.019163499,-3.70272,0.024656372,N-BEATS(L=90),22,test
2023-06-26,SPY,-3.8308547,0.021691069,-3.7589095,0.023309145,N-BEATS(L=90),22,test
2023-06-26,TLT,-3.5637918,0.028331196,-3.555405,0.028569805,N-BEATS(L=90),22,test
2023-06-27,GLD,-3.9787316,0.018709354,-3.7220414,0.024184547,N-BEATS(L=90),22,test
2023-06-27,SPY,-3.7989345,0.022394622,-3.6342099,0.026404789,N-BEATS(L=90),22,test
2023-06-27,TLT,-3.590005,0.027598195,-3.6511781,0.025960525,N-BEATS(L=90),22,test
2023-06-28,GLD,-3.988159,0.018533805,-3.568577,0.028195947,N-BEATS(L=90),22,test
2023-06-28,SPY,-3.809122,0.022167632,-3.7291434,0.024013398,N-BEATS(L=90),22,test
2023-06-28,TLT,-3.6082592,0.02709898,-3.591472,0.027557738,N-BEATS(L=90),22,test
2023-06-29,GLD,-4.009956,0.018134195,-3.6732872,0.025392862,N-BEATS(L=90),22,test
2023-06-29,SPY,-3.812144,0.022100743,-3.7312272,0.02396341,N-BEATS(L=90),22,test
2023-06-29,TLT,-3.60627,0.027152937,-3.588323,0.02764465,N-BEATS(L=90),22,test
2023-06-30,GLD,-4.011285,0.018110111,-3.7389317,0.023779495,N-BEATS(L=90),22,test
2023-06-30,SPY,-3.807098,0.022212548,-3.718038,0.02428156,N-BEATS(L=90),22,test
2023-06-30,TLT,-3.6078513,0.027110036,-3.707995,0.024526652,N-BEATS(L=90),22,test
2023-07-03,GLD,-4.019002,0.017970892,-3.7488887,0.023543894,N-BEATS(L=90),22,test
2023-07-03,SPY,-3.7834377,0.022744369,-3.7354968,0.023861315,N-BEATS(L=90),22,test
2023-07-03,TLT,-3.6204274,0.026771232,-3.5451834,0.028863328,N-BEATS(L=90),22,test
2023-07-05,GLD,-4.014072,0.018059706,-3.6273763,0.026585845,N-BEATS(L=90),22,test
2023-07-05,SPY,-3.7180645,0.024280917,-3.8172107,0.02198905,N-BEATS(L=90),22,test
2023-07-05,TLT,-3.6231718,0.026697861,-3.5261006,0.02941941,N-BEATS(L=90),22,test
2023-07-06,GLD,-4.02939,0.017785178,-3.6820216,0.025172034,N-BEATS(L=90),22,test
2023-07-06,SPY,-3.7274954,0.024053004,-3.8040915,0.02227943,N-BEATS(L=90),22,test
2023-07-06,TLT,-3.6346343,0.026393587,-3.6151052,0.026914096,N-BEATS(L=90),22,test
2023-07-07,GLD,-4.051574,0.01739497,-3.7072003,0.02454615,N-BEATS(L=90),22,test
2023-07-07,SPY,-3.707116,0.024548221,-3.6713893,0.025441099,N-BEATS(L=90),22,test
2023-07-07,TLT,-3.6160476,0.026888741,-3.3851748,0.03387172,N-BEATS(L=90),22,test
2023-07-10,GLD,-4.04175,0.017566705,-3.7205813,0.024219885,N-BEATS(L=90),22,test
2023-07-10,SPY,-3.6944587,0.024860907,-3.7222538,0.02417941,N-BEATS(L=90),22,test
2023-07-10,TLT,-3.6243248,0.026667098,-3.468172,0.031173963,N-BEATS(L=90),22,test
2023-07-11,GLD,-4.023776,0.017885301,-3.695509,0.02483481,N-BEATS(L=90),22,test
2023-07-11,SPY,-3.6279588,0.026570365,-3.8529463,0.021217132,N-BEATS(L=90),22,test
2023-07-11,TLT,-3.5849028,0.027739365,-3.6810024,0.025197705,N-BEATS(L=90),22,test
2023-07-12,GLD,-4.0135446,0.018069234,-3.8570027,0.02113124,N-BEATS(L=90),22,test
2023-07-12,SPY,-3.623376,0.026692413,-3.760898,0.023262838,N-BEATS(L=90),22,test
2023-07-12,TLT,-3.615408,0.026905946,-3.5670545,0.02823891,N-BEATS(L=90),22,test
2023-07-13,GLD,-4.000108,0.018313665,-3.8233244,0.021855025,N-BEATS(L=90),22,test
2023-07-13,SPY,-3.6259234,0.0266245,-3.765328,0.023160016,N-BEATS(L=90),22,test
2023-07-13,TLT,-3.596524,0.027418865,-3.6119497,0.026999155,N-BEATS(L=90),22,test
2023-07-14,GLD,-3.9967015,0.018376153,-3.936644,0.01951359,N-BEATS(L=90),22,test
2023-07-14,SPY,-3.6204872,0.02676963,-3.7253194,0.0241054,N-BEATS(L=90),22,test
2023-07-14,TLT,-3.593965,0.027489118,-3.5884416,0.027641373,N-BEATS(L=90),22,test
2023-07-17,GLD,-3.9875374,0.018545328,-3.7964451,0.022450438,N-BEATS(L=90),22,test
2023-07-17,SPY,-3.603239,0.027235363,-3.6621487,0.02567728,N-BEATS(L=90),22,test
2023-07-17,TLT,-3.5678108,0.028217562,-3.5421832,0.028950056,N-BEATS(L=90),22,test
2023-07-18,GLD,-4.0203767,0.017946204,-3.7641132,0.023188166,N-BEATS(L=90),22,test
2023-07-18,SPY,-3.5995727,0.027335402,-3.8044276,0.022271942,N-BEATS(L=90),22,test
2023-07-18,TLT,-3.5629537,0.028354948,-3.5904567,0.027585728,N-BEATS(L=90),22,test
2023-07-19,GLD,-4.022905,0.01790089,-3.8683639,0.020892525,N-BEATS(L=90),22,test
2023-07-19,SPY,-3.5850973,0.027733969,-3.6942081,0.024867138,N-BEATS(L=90),22,test
2023-07-19,TLT,-3.5638273,0.02833019,-3.6470885,0.026066912,N-BEATS(L=90),22,test
2023-07-20,GLD,-4.020453,0.017944835,-3.8808055,0.020634199,N-BEATS(L=90),22,test
2023-07-20,SPY,-3.5670393,0.02823934,-3.7670205,0.02312085,N-BEATS(L=90),22,test
2023-07-20,TLT,-3.580042,0.027874531,-3.4870121,0.03059214,N-BEATS(L=90),22,test
2023-07-21,GLD,-4.013698,0.01806646,-3.762574,0.023223886,N-BEATS(L=90),22,test
2023-07-21,SPY,-3.5598,0.028444516,-3.7468445,0.023592073,N-BEATS(L=90),22,test
2023-07-21,TLT,-3.576601,0.027970608,-3.4673705,0.03119896,N-BEATS(L=90),22,test
2023-07-24,GLD,-4.008999,0.018151559,-3.7183318,0.024274427,N-BEATS(L=90),22,test
2023-07-24,SPY,-3.554702,0.028589891,-3.8432136,0.021424642,N-BEATS(L=90),22,test
2023-07-24,TLT,-3.5697753,0.02816218,-3.6320002,0.0264632,N-BEATS(L=90),22,test
2023-07-25,GLD,-4.016451,0.018016795,-3.886965,0.02050749,N-BEATS(L=90),22,test
2023-07-25,SPY,-3.5289829,0.029334737,-3.7271464,0.0240614,N-BEATS(L=90),22,test
2023-07-25,TLT,-3.5682755,0.028204452,-3.4242787,0.032572765,N-BEATS(L=90),22,test
2023-07-26,GLD,-3.9766607,0.01874814,-3.7560573,0.023375724,N-BEATS(L=90),22,test
2023-07-26,SPY,-3.4895499,0.030514605,-3.7978973,0.02241786,N-BEATS(L=90),22,test
2023-07-26,TLT,-3.555787,0.028558888,-3.4523735,0.031670377,N-BEATS(L=90),22,test
2023-07-27,GLD,-3.9604394,0.019054739,-3.7725713,0.022992864,N-BEATS(L=90),22,test
2023-07-27,SPY,-3.5121253,0.029833443,-3.8250968,0.021816323,N-BEATS(L=90),22,test
2023-07-27,TLT,-3.6208532,0.026759835,-3.4174101,0.032797266,N-BEATS(L=90),22,test
2023-07-28,GLD,-3.9517598,0.019220848,-3.869803,0.02086248,N-BEATS(L=90),22,test
2023-07-28,SPY,-3.5263915,0.029410854,-3.6643963,0.025619633,N-BEATS(L=90),22,test
2023-07-28,TLT,-3.5938346,0.027492704,-3.4508364,0.031719096,N-BEATS(L=90),22,test
2023-07-31,GLD,-3.9578927,0.01910333,-3.8471618,0.02134022,N-BEATS(L=90),22,test
2023-07-31,SPY,-3.5229769,0.029511452,-3.598957,0.027352234,N-BEATS(L=90),22,test
2023-07-31,TLT,-3.596817,0.027410831,-3.6538036,0.025892457,N-BEATS(L=90),22,test
2023-08-01,GLD,-3.9812617,0.018662078,-3.95075,0.019240264,N-BEATS(L=90),22,test
2023-08-01,SPY,-3.519019,0.02962849,-3.8095984,0.022157075,N-BEATS(L=90),22,test
2023-08-01,TLT,-3.6062746,0.027152814,-3.5876198,0.027664099,N-BEATS(L=90),22,test
2023-08-02,GLD,-3.9587126,0.019087672,-3.794892,0.022485333,N-BEATS(L=90),22,test
2023-08-02,SPY,-3.5148332,0.029752765,-3.831197,0.021683645,N-BEATS(L=90),22,test
2023-08-02,TLT,-3.6032956,0.027233824,-3.662949,0.025656737,N-BEATS(L=90),22,test
2023-08-03,GLD,-3.9622872,0.019019563,-3.7553825,0.0233915,N-BEATS(L=90),22,test
2023-08-03,SPY,-3.528106,0.029360473,-3.809201,0.022165881,N-BEATS(L=90),22,test
2023-08-03,TLT,-3.615452,0.02690476,-3.666808,0.025557924,N-BEATS(L=90),22,test
2023-08-04,GLD,-3.9473705,0.019305399,-3.919393,0.019853141,N-BEATS(L=90),22,test
2023-08-04,SPY,-3.5476847,0.028791225,-3.8271587,0.021771386,N-BEATS(L=90),22,test
2023-08-04,TLT,-3.637741,0.026311712,-3.7428498,0.023686504,N-BEATS(L=90),22,test
2023-08-07,GLD,-3.9580815,0.019099722,-3.8913834,0.020417081,N-BEATS(L=90),22,test
2023-08-07,SPY,-3.547054,0.028809385,-3.7986243,0.02240157,N-BEATS(L=90),22,test
2023-08-07,TLT,-3.6422608,0.02619306,-3.5263515,0.029412031,N-BEATS(L=90),22,test
2023-08-08,GLD,-3.9472604,0.019307524,-3.9387174,0.019473176,N-BEATS(L=90),22,test
2023-08-08,SPY,-3.5823712,0.027809678,-3.8084145,0.022183323,N-BEATS(L=90),22,test
2023-08-08,TLT,-3.6533504,0.025904195,-3.6196935,0.026790885,N-BEATS(L=90),22,test
2023-08-09,GLD,-3.9530795,0.019195499,-3.8547509,0.021178879,N-BEATS(L=90),22,test
2023-08-09,SPY,-3.5895946,0.027609522,-3.7436872,0.02366668,N-BEATS(L=90),22,test
2023-08-09,TLT,-3.650596,0.025975645,-3.7179375,0.024284003,N-BEATS(L=90),22,test
2023-08-10,GLD,-3.9690387,0.018891584,-3.8471045,0.02134144,N-BEATS(L=90),22,test
2023-08-10,SPY,-3.651691,0.025947215,-3.8839045,0.020570353,N-BEATS(L=90),22,test
2023-08-10,TLT,-3.6980612,0.024771506,-3.7217512,0.024191566,N-BEATS(L=90),22,test
2023-08-11,GLD,-3.977959,0.018723818,-3.8504674,0.02126979,N-BEATS(L=90),22,test
2023-08-11,SPY,-3.6558897,0.025838498,-3.453747,0.031626906,N-BEATS(L=90),22,test
2023-08-11,TLT,-3.697765,0.024778843,-3.6367116,0.026338814,N-BEATS(L=90),22,test
2023-08-14,GLD,-3.9837568,0.018615574,-3.8833466,0.020581832,N-BEATS(L=90),22,test
2023-08-14,SPY,-3.6467037,0.026076945,-3.7742946,0.022953276,N-BEATS(L=90),22,test
2023-08-14,TLT,-3.7213328,0.024201691,-3.7103686,0.024468502,N-BEATS(L=90),22,test
2023-08-15,GLD,-3.9988055,0.01833753,-3.8519416,0.02123846,N-BEATS(L=90),22,test
2023-08-15,SPY,-3.647133,0.02606575,-3.7523916,0.02346157,N-BEATS(L=90),22,test
2023-08-15,TLT,-3.7353761,0.023864193,-3.6024034,0.027258132,N-BEATS(L=90),22,test
2023-08-16,GLD,-4.0058446,0.018208904,-3.6926906,0.024904903,N-BEATS(L=90),22,test
2023-08-16,SPY,-3.6662593,0.025571948,-3.7130125,0.024403896,N-BEATS(L=90),22,test
2023-08-16,TLT,-3.7767034,0.022898054,-3.6059487,0.027161665,N-BEATS(L=90),22,test
2023-08-17,GLD,-4.035959,0.017668732,-3.854648,0.021181056,N-BEATS(L=90),22,test
2023-08-17,SPY,-3.6720202,0.025425054,-3.5567634,0.028531019,N-BEATS(L=90),22,test
2023-08-17,TLT,-3.77713,0.02288829,-3.7372613,0.023819247,N-BEATS(L=90),22,test
2023-08-18,GLD,-4.011124,0.018113023,-3.8871155,0.020504406,N-BEATS(L=90),22,test
2023-08-18,SPY,-3.671539,0.02543729,-3.8015008,0.022337222,N-BEATS(L=90),22,test
2023-08-18,TLT,-3.8003218,0.022363573,-3.6398263,0.026256904,N-BEATS(L=90),22,test
2023-08-21,GLD,-4.0201187,0.017950835,-3.9583116,0.019095328,N-BEATS(L=90),22,test
2023-08-21,SPY,-3.6967885,0.024803052,-3.7827384,0.022760278,N-BEATS(L=90),22,test
2023-08-21,TLT,-3.8042085,0.022276822,-3.585099,0.027733922,N-BEATS(L=90),22,test
2023-08-22,GLD,-4.0364738,0.017659634,-3.8379068,0.021538638,N-BEATS(L=90),22,test
2023-08-22,SPY,-3.6797776,0.025228584,-3.6395953,0.02626297,N-BEATS(L=90),22,test
2023-08-22,TLT,-3.792368,0.02254216,-3.568494,0.028198287,N-BEATS(L=90),22,test
2023-08-23,GLD,-4.044693,0.017515082,-3.900164,0.020238595,N-BEATS(L=90),22,test
2023-08-23,SPY,-3.6882837,0.025014898,-3.8058724,0.022239786,N-BEATS(L=90),22,test
2023-08-23,TLT,-3.7851634,0.022705153,-3.7533388,0.023439355,N-BEATS(L=90),22,test
2023-08-24,GLD,-4.0551286,0.017333252,-3.9314747,0.019614726,N-BEATS(L=90),22,test
2023-08-24,SPY,-3.702397,0.024664333,-3.5492806,0.02874531,N-BEATS(L=90),22,test
2023-08-24,TLT,-3.7709293,0.02303065,-3.740751,0.02373627,N-BEATS(L=90),22,test
2023-08-25,GLD,-4.094625,0.016661994,-3.9828787,0.018631926,N-BEATS(L=90),22,test
2023-08-25,SPY,-3.7209923,0.024209931,-3.767458,0.023110736,N-BEATS(L=90),22,test
2023-08-25,TLT,-3.7310858,0.023966799,-3.7333076,0.023913609,N-BEATS(L=90),22,test
2023-08-28,GLD,-4.045571,0.017499711,-3.7164319,0.024320593,N-BEATS(L=90),22,test
2023-08-28,SPY,-3.696059,0.024821155,-3.7870967,0.022661299,N-BEATS(L=90),22,test
2023-08-28,TLT,-3.6598265,0.025736976,-3.4915993,0.03045213,N-BEATS(L=90),22,test
2023-08-29,GLD,-4.0013266,0.018291358,-3.9789405,0.018705448,N-BEATS(L=90),22,test
2023-08-29,SPY,-3.6811423,0.02519418,-3.776847,0.022894768,N-BEATS(L=90),22,test
2023-08-29,TLT,-3.6289647,0.026543653,-3.657464,0.025797853,N-BEATS(L=90),22,test
2023-08-30,GLD,-3.9911003,0.01847937,-3.797764,0.022420848,N-BEATS(L=90),22,test
2023-08-30,SPY,-3.6582158,0.025778467,-3.8039868,0.022281762,N-BEATS(L=90),22,test
2023-08-30,TLT,-3.5993426,0.027341692,-3.53586,0.029133689,N-BEATS(L=90),22,test
2023-08-31,GLD,-3.9522243,0.019211922,-3.7864673,0.022675566,N-BEATS(L=90),22,test
2023-08-31,SPY,-3.5857065,0.02771708,-3.624077,0.026673704,N-BEATS(L=90),22,test
2023-08-31,TLT,-3.531748,0.029253734,-3.452106,0.03167885,N-BEATS(L=90),22,test
2023-09-01,GLD,-3.9797583,0.018690158,-3.9272149,0.01969846,N-BEATS(L=90),22,test
2023-09-01,SPY,-3.5727243,0.028079253,-3.6844082,0.025112031,N-BEATS(L=90),22,test
2023-09-01,TLT,-3.5280356,0.029362537,-3.607567,0.027117742,N-BEATS(L=90),22,test
2023-09-05,GLD,-3.9736946,0.018803833,-3.9032438,0.020176357,N-BEATS(L=90),22,test
2023-09-05,SPY,-3.5452063,0.028862668,-3.6832461,0.02514123,N-BEATS(L=90),22,test
2023-09-05,TLT,-3.5249147,0.029454319,-3.648239,0.026036942,N-BEATS(L=90),22,test
2023-09-06,GLD,-3.9402478,0.019443396,-3.9554121,0.019150773,N-BEATS(L=90),22,test
2023-09-06,SPY,-3.4689343,0.03115021,-3.6894083,0.024986783,N-BEATS(L=90),22,test
2023-09-06,TLT,-3.446833,0.031846337,-3.583723,0.027772108,N-BEATS(L=90),22,test
2023-09-07,GLD,-3.9195337,0.019850349,-3.9098163,0.020044183,N-BEATS(L=90),22,test
2023-09-07,SPY,-3.4522607,0.03167395,-3.7366898,0.023832863,N-BEATS(L=90),22,test
2023-09-07,TLT,-3.3829832,0.033946037,-3.3986554,0.033418175,N-BEATS(L=90),22,test
2023-09-08,GLD,-3.930835,0.019627277,-3.994691,0.018413138,N-BEATS(L=90),22,test
2023-09-08,SPY,-3.4341989,0.03225124,-3.6976173,0.024782505,N-BEATS(L=90),22,test
2023-09-08,TLT,-3.3339555,0.035651803,-3.7309036,0.023971165,N-BEATS(L=90),22,test
2023-09-11,GLD,-3.9236205,0.019769391,-3.8707454,0.020842828,N-BEATS(L=90),22,test
2023-09-11,SPY,-3.4263263,0.03250614,-3.6787663,0.025254114,N-BEATS(L=90),22,test
2023-09-11,TLT,-3.3264532,0.03592028,-3.5912254,0.027564533,N-BEATS(L=90),22,test
2023-09-12,GLD,-3.9196732,0.01984758,-3.870805,0.020841585,N-BEATS(L=90),22,test
2023-09-12,SPY,-3.4013982,0.03332664,-3.5788045,0.027909044,N-BEATS(L=90),22,test
2023-09-12,TLT,-3.2828746,0.037520245,-3.6245866,0.026660116,N-BEATS(L=90),22,test
2023-09-13,GLD,-3.8736258,0.020782879,-3.9609227,0.019045532,N-BEATS(L=90),22,test
2023-09-13,SPY,-3.37104,0.034353886,-3.8311238,0.021685231,N-BEATS(L=90),22,test
2023-09-13,TLT,-3.281564,0.037569452,-3.7098055,0.024482286,N-BEATS(L=90),22,test
2023-09-14,GLD,-3.8756323,0.020741219,-4.0343237,0.017697645,N-BEATS(L=90),22,test
2023-09-14,SPY,-3.3715549,0.03433621,-3.7011688,0.024694648,N-BEATS(L=90),22,test
2023-09-14,TLT,-3.286909,0.037369177,-3.7650123,0.023167329,N-BEATS(L=90),22,test
2023-09-15,GLD,-3.8619695,0.021026548,-3.9950752,0.018406061,N-BEATS(L=90),22,test
2023-09-15,SPY,-3.355044,0.034907836,-3.864695,0.020969316,N-BEATS(L=90),22,test
2023-09-15,TLT,-3.2601156,0.03838396,-3.856279,0.021146541,N-BEATS(L=90),22,test
2023-09-18,GLD,-3.7923229,0.022543175,-3.7948983,0.022485193,N-BEATS(L=90),22,test
2023-09-18,SPY,-3.3339677,0.03565137,-3.7471938,0.023583833,N-BEATS(L=90),22,test
2023-09-18,TLT,-3.246164,0.038923226,-3.8085995,0.02217922,N-BEATS(L=90),22,test
2023-09-19,GLD,-3.7463284,0.023604253,-3.9070354,0.020100003,N-BEATS(L=90),22,test
2023-09-19,SPY,-3.309149,0.036547262,-3.6020126,0.027268786,N-BEATS(L=90),22,test
2023-09-19,TLT,-3.1985533,0.040821217,-3.8313646,0.02168001,N-BEATS(L=90),22,test
2023-09-20,GLD,-3.712071,0.024426885,-4.037233,0.017646234,N-BEATS(L=90),22,test
2023-09-20,SPY,-3.3098593,0.03652131,-3.594047,0.027486864,N-BEATS(L=90),22,test
2023-09-20,TLT,-3.1916542,0.04110382,-3.8954644,0.020333929,N-BEATS(L=90),22,test
2023-09-21,GLD,-3.7139456,0.024381135,-3.9481401,0.019290546,N-BEATS(L=90),22,test
2023-09-21,SPY,-3.2731788,0.037885804,-3.755736,0.023383232,N-BEATS(L=90),22,test
2023-09-21,TLT,-3.1097572,0.044611786,-3.902456,0.020192258,N-BEATS(L=90),22,test
2023-09-22,GLD,-3.6874151,0.025036635,-3.987505,0.01854593,N-BEATS(L=90),22,test
2023-09-22,SPY,-3.27047,0.037988573,-3.7208,0.02421459,N-BEATS(L=90),22,test
2023-09-22,TLT,-3.102051,0.0449569,-3.8719678,0.020817365,N-BEATS(L=90),22,test
2023-09-25,GLD,-3.6393874,0.026268432,-4.1196446,0.016250288,N-BEATS(L=90),22,test
2023-09-25,SPY,-3.2661836,0.038151752,-3.724852,0.024116667,N-BEATS(L=90),22,test
2023-09-25,TLT,-3.0982597,0.04512767,-3.7998617,0.022373866,N-BEATS(L=90),22,test
2023-09-26,GLD,-3.6229963,0.026702547,-3.937827,0.01949052,N-BEATS(L=90),22,test
2023-09-26,SPY,-3.2593293,0.038414154,-3.775281,0.022930648,N-BEATS(L=90),22,test
2023-09-26,TLT,-3.0932884,0.04535257,-3.7227979,0.02416626,N-BEATS(L=90),22,test
2023-09-27,GLD,-3.6011333,0.027292773,-4.0790787,0.01692305,N-BEATS(L=90),22,test
2023-09-27,SPY,-3.26622,0.03815036,-3.771256,0.023023129,N-BEATS(L=90),22,test
2023-09-27,TLT,-3.0887873,0.045557167,-3.678907,0.025250562,N-BEATS(L=90),22,test
2023-09-28,GLD,-3.6271198,0.026592666,-4.0265036,0.017836586,N-BEATS(L=90),22,test
2023-09-28,SPY,-3.2699952,0.038006607,-3.700973,0.024699481,N-BEATS(L=90),22,test
2023-09-28,TLT,-3.089982,0.04550277,-3.591813,0.027548337,N-BEATS(L=90),22,test
2023-09-29,GLD,-3.594546,0.027473152,-4.0001273,0.018313307,N-BEATS(L=90),22,test
2023-09-29,SPY,-3.2750025,0.037816774,-3.4069817,0.03314108,N-BEATS(L=90),22,test
2023-09-29,TLT,-3.09727,0.045172356,-3.6761413,0.02532049,N-BEATS(L=90),22,test
2023-10-02,GLD,-3.551997,0.028667334,-3.802785,0.022308558,N-BEATS(L=90),22,test
2023-10-02,SPY,-3.2770567,0.037739173,-3.5547936,0.028587274,N-BEATS(L=90),22,test
2023-10-02,TLT,-3.1055768,0.044798672,-3.3271937,0.03589369,N-BEATS(L=90),22,test
2023-10-03,GLD,-3.5654492,0.028284276,-3.8830793,0.020587333,N-BEATS(L=90),22,test
2023-10-03,SPY,-3.3145924,0.036348864,-3.3221247,0.0360761,N-BEATS(L=90),22,test
2023-10-03,TLT,-3.1197424,0.044168547,-3.3249192,0.035975426,N-BEATS(L=90),22,test
2023-10-04,GLD,-3.5636923,0.028334012,-4.0113997,0.01810803,N-BEATS(L=90),22,test
2023-10-04,SPY,-3.325409,0.03595781,-3.4100084,0.033040922,N-BEATS(L=90),22,test
2023-10-04,TLT,-3.1141357,0.04441688,-3.2034342,0.040622458,N-BEATS(L=90),22,test
2023-10-05,GLD,-3.5661392,0.028264767,-3.8762078,0.020729285,N-BEATS(L=90),22,test
2023-10-05,SPY,-3.3383996,0.035493713,-3.3600793,0.034732506,N-BEATS(L=90),22,test
2023-10-05,TLT,-3.11334,0.044452243,-3.3435292,0.035312112,N-BEATS(L=90),22,test
2023-10-06,GLD,-3.590199,0.02759284,-4.0467057,0.017479863,N-BEATS(L=90),22,test
2023-10-06,SPY,-3.4071164,0.033136614,-3.4418247,0.03200623,N-BEATS(L=90),22,test
2023-10-06,TLT,-3.1452887,0.04305449,-3.4725072,0.031039111,N-BEATS(L=90),22,test
2023-10-09,GLD,-3.5916994,0.02755147,-3.9912372,0.018476842,N-BEATS(L=90),22,test
2023-10-09,SPY,-3.41622,0.032836325,-3.5078444,0.029961428,N-BEATS(L=90),22,test
2023-10-09,TLT,-3.177969,0.041670203,-3.361576,0.034680557,N-BEATS(L=90),22,test
2023-10-10,GLD,-3.581761,0.027826656,-4.0124464,0.018089088,N-BEATS(L=90),22,test
2023-10-10,SPY,-3.4294016,0.032406326,-3.588573,0.027637742,N-BEATS(L=90),22,test
2023-10-10,TLT,-3.153234,0.042713765,-3.0608287,0.046848856,N-BEATS(L=90),22,test
2023-10-11,GLD,-3.5793574,0.027893618,-3.9361477,0.01952328,N-BEATS(L=90),22,test
2023-10-11,SPY,-3.4020576,0.03330467,-3.439376,0.032084696,N-BEATS(L=90),22,test
2023-10-11,TLT,-3.1544771,0.042660702,-3.2974772,0.036976334,N-BEATS(L=90),22,test
2023-10-12,GLD,-3.5680463,0.028210914,-3.7757943,0.02291888,N-BEATS(L=90),22,test
2023-10-12,SPY,-3.4283714,0.032439727,-3.4861898,0.030617308,N-BEATS(L=90),22,test
2023-10-12,TLT,-3.177752,0.041679244,-3.449549,0.03175996,N-BEATS(L=90),22,test
2023-10-13,GLD,-3.584879,0.027740026,-4.019872,0.01795526,N-BEATS(L=90),22,test
2023-10-13,SPY,-3.4570541,0.031522486,-3.4231508,0.032609526,N-BEATS(L=90),22,test
2023-10-13,TLT,-3.1734006,0.041861,-3.2453446,0.038955137,N-BEATS(L=90),22,test
2023-10-16,GLD,-3.584879,0.027740026,-3.9430218,0.019389536,N-BEATS(L=90),22,test
2023-10-16,SPY,-3.4608328,0.031403597,-3.4159627,0.03284477,N-BEATS(L=90),22,test
2023-10-16,TLT,-3.1685443,0.042064786,-3.4911547,0.030465674,N-BEATS(L=90),22,test
2023-10-17,GLD,-3.5813136,0.027839104,-4.037361,0.017643971,N-BEATS(L=90),22,test
2023-10-17,SPY,-3.487676,0.03057184,-3.5416467,0.02896559,N-BEATS(L=90),22,test
2023-10-17,TLT,-3.1842937,0.04140748,-3.1918144,0.041097235,N-BEATS(L=90),22,test
2023-10-18,GLD,-3.6306765,0.026498253,-3.9266956,0.019708691,N-BEATS(L=90),22,test
2023-10-18,SPY,-3.5185347,0.02964284,-3.6325488,0.026448686,N-BEATS(L=90),22,test
2023-10-18,TLT,-3.188594,0.041229796,-3.3772585,0.034140922,N-BEATS(L=90),22,test
2023-10-19,GLD,-3.6623387,0.025672402,-3.694252,0.024866046,N-BEATS(L=90),22,test
2023-10-19,SPY,-3.5587404,0.02847467,-3.424046,0.032580346,N-BEATS(L=90),22,test
2023-10-19,TLT,-3.2340264,0.039398544,-3.2232733,0.03982449,N-BEATS(L=90),22,test
2023-10-20,GLD,-3.7032373,0.024643619,-3.778353,0.022860313,N-BEATS(L=90),22,test
2023-10-20,SPY,-3.5725803,0.028083296,-3.348279,0.035144787,N-BEATS(L=90),22,test
2023-10-20,TLT,-3.2304213,0.039540835,-3.133132,0.043581087,N-BEATS(L=90),22,test
2023-10-23,GLD,-3.6918771,0.02492517,-3.75952,0.023294918,N-BEATS(L=90),22,test
2023-10-23,SPY,-3.6463182,0.026087,-3.6622357,0.025675045,N-BEATS(L=90),22,test
2023-10-23,TLT,-3.3220258,0.036079668,-3.120674,0.04412742,N-BEATS(L=90),22,test
2023-10-24,GLD,-3.7169456,0.0243081,-3.8174355,0.021984106,N-BEATS(L=90),22,test
2023-10-24,SPY,-3.6790802,0.025246184,-3.5149248,0.029750042,N-BEATS(L=90),22,test
2023-10-24,TLT,-3.3443666,0.035282556,-3.141628,0.04321239,N-BEATS(L=90),22,test
2023-10-25,GLD,-3.7749107,0.02293914,-3.8426616,0.02143647,N-BEATS(L=90),22,test
2023-10-25,SPY,-3.6967847,0.024803147,-3.4081995,0.033100743,N-BEATS(L=90),22,test
2023-10-25,TLT,-3.3536763,0.03495561,-3.194335,0.040993776,N-BEATS(L=90),22,test
2023-10-26,GLD,-3.7796557,0.022830551,-3.639073,0.026276695,N-BEATS(L=90),22,test
2023-10-26,SPY,-3.7340467,0.02389594,-3.4748025,0.030967949,N-BEATS(L=90),22,test
2023-10-26,TLT,-3.370035,0.034388434,-3.2604592,0.038370773,N-BEATS(L=90),22,test
2023-10-27,GLD,-3.825941,0.021797912,-3.5057173,0.030025229,N-BEATS(L=90),22,test
2023-10-27,SPY,-3.7599797,0.023284212,-3.4692485,0.031140422,N-BEATS(L=90),22,test
2023-10-27,TLT,-3.3992198,0.03339932,-3.2586226,0.038441308,N-BEATS(L=90),22,test
2023-10-30,GLD,-3.8246965,0.021825058,-3.7126215,0.02441344,N-BEATS(L=90),22,test
2023-10-30,SPY,-3.7806642,0.022807537,-3.3975303,0.033455793,N-BEATS(L=90),22,test
2023-10-30,TLT,-3.4188287,0.032750774,-3.2547054,0.038592186,N-BEATS(L=90),22,test
2023-10-31,GLD,-3.8416712,0.021457711,-3.6001542,0.027319511,N-BEATS(L=90),22,test
2023-10-31,SPY,-3.797338,0.022430401,-3.5440896,0.028894918,N-BEATS(L=90),22,test
2023-10-31,TLT,-3.4094448,0.03305955,-3.0029101,0.04964239,N-BEATS(L=90),22,test
2023-11-01,GLD,-3.8150322,0.022037003,-3.685002,0.025097122,N-BEATS(L=90),22,test
2023-11-01,SPY,-3.7852361,0.0227035,-3.6125739,0.02698231,N-BEATS(L=90),22,test
2023-11-01,TLT,-3.4060886,0.033170693,-3.2086306,0.040411916,N-BEATS(L=90),22,test
2023-11-02,GLD,-3.7900262,0.02259501,-3.6034694,0.027229091,N-BEATS(L=90),22,test
2023-11-02,SPY,-3.7857623,0.022691559,-3.619769,0.02678886,N-BEATS(L=90),22,test
2023-11-02,TLT,-3.430245,0.03237901,-3.207467,0.040458962,N-BEATS(L=90),22,test
2023-11-03,GLD,-3.7966614,0.022445584,-3.7096455,0.024486203,N-BEATS(L=90),22,test
2023-11-03,SPY,-3.7903385,0.022587955,-3.6956608,0.02483104,N-BEATS(L=90),22,test
2023-11-03,TLT,-3.4396167,0.032076977,-3.2328172,0.039446216,N-BEATS(L=90),22,test
2023-11-06,GLD,-3.7776937,0.022875387,-3.7023654,0.024665115,N-BEATS(L=90),22,test
2023-11-06,SPY,-3.7932646,0.022521956,-3.5909042,0.027573386,N-BEATS(L=90),22,test
2023-11-06,TLT,-3.4221473,0.032642268,-3.1929307,0.041051384,N-BEATS(L=90),22,test
2023-11-07,GLD,-3.7414227,0.023720333,-3.8366938,0.021564782,N-BEATS(L=90),22,test
2023-11-07,SPY,-3.7990727,0.022391524,-3.7411478,0.023726854,N-BEATS(L=90),22,test
2023-11-07,TLT,-3.4254518,0.03253458,-3.303515,0.03675375,N-BEATS(L=90),22,test
2023-11-08,GLD,-3.7391496,0.023774313,-3.901702,0.02020749,N-BEATS(L=90),22,test
2023-11-08,SPY,-3.8188941,0.021952063,-3.6401393,0.026248686,N-BEATS(L=90),22,test
2023-11-08,TLT,-3.4195137,0.032728348,-3.5176451,0.02966922,N-BEATS(L=90),22,test
2023-11-09,GLD,-3.7571204,0.023350885,-3.9407117,0.019434378,N-BEATS(L=90),22,test
2023-11-09,SPY,-3.8246744,0.02182554,-3.6957088,0.02482985,N-BEATS(L=90),22,test
2023-11-09,TLT,-3.52873,0.02934216,-3.303776,0.03674416,N-BEATS(L=90),22,test
2023-11-10,GLD,-3.6825068,0.025159825,-3.7679162,0.023100149,N-BEATS(L=90),22,test
2023-11-10,SPY,-3.8820045,0.020609472,-3.5959604,0.027434323,N-BEATS(L=90),22,test
2023-11-10,TLT,-3.491611,0.030451775,-3.3747084,0.034228098,N-BEATS(L=90),22,test
2023-11-13,GLD,-3.6697338,0.025483254,-3.8654072,0.020954387,N-BEATS(L=90),22,test
2023-11-13,SPY,-3.853758,0.021199916,-3.6949496,0.024848705,N-BEATS(L=90),22,test
2023-11-13,TLT,-3.4886189,0.030543027,-3.51511,0.02974453,N-BEATS(L=90),22,test
2023-11-14,GLD,-3.6527998,0.02591846,-3.7272155,0.024059737,N-BEATS(L=90),22,test
2023-11-14,SPY,-3.8579962,0.021110257,-3.6218956,0.026731957,N-BEATS(L=90),22,test
2023-11-14,TLT,-3.5003934,0.030185506,-3.437075,0.032158617,N-BEATS(L=90),22,test
2023-11-15,GLD,-3.6445966,0.02613195,-3.7578773,0.023333216,N-BEATS(L=90),22,test
2023-11-15,SPY,-3.853861,0.021197733,-3.6577919,0.025789397,N-BEATS(L=90),22,test
2023-11-15,TLT,-3.511959,0.029838402,-3.5670745,0.028238343,N-BEATS(L=90),22,test
2023-11-16,GLD,-3.6442633,0.026140662,-3.7485898,0.023550935,N-BEATS(L=90),22,test
2023-11-16,SPY,-3.8632815,0.020998979,-3.7631214,0.023211177,N-BEATS(L=90),22,test
2023-11-16,TLT,-3.5165317,0.029702272,-3.3943603,0.033562016,N-BEATS(L=90),22,test
2023-11-17,GLD,-3.6435492,0.026159335,-3.7766101,0.022900188,N-BEATS(L=90),22,test
2023-11-17,SPY,-3.780441,0.022812627,-3.6715412,0.025437236,N-BEATS(L=90),22,test
2023-11-17,TLT,-3.5070171,0.029986227,-3.4778512,0.030873682,N-BEATS(L=90),22,test
2023-11-20,GLD,-3.6439695,0.026148342,-3.7855268,0.022696905,N-BEATS(L=90),22,test
2023-11-20,SPY,-3.7710853,0.023027059,-3.6733263,0.02539187,N-BEATS(L=90),22,test
2023-11-20,TLT,-3.5006733,0.030177059,-3.580311,0.027867028,N-BEATS(L=90),22,test
2023-11-21,GLD,-3.6361978,0.02635235,-3.472796,0.03103015,N-BEATS(L=90),22,test
2023-11-21,SPY,-3.753788,0.02342883,-3.8142166,0.022054985,N-BEATS(L=90),22,test
2023-11-21,TLT,-3.5095503,0.029910361,-3.6888077,0.025001794,N-BEATS(L=90),22,test
2023-11-22,GLD,-3.6381562,0.026300794,-3.6590126,0.025757935,N-BEATS(L=90),22,test
2023-11-22,SPY,-3.7578042,0.023334924,-3.8073144,0.02220774,N-BEATS(L=90),22,test
2023-11-22,TLT,-3.5351923,0.029153151,-3.489231,0.030524332,N-BEATS(L=90),22,test
2023-11-24,GLD,-3.6209078,0.026758375,-3.5864048,0.02769773,N-BEATS(L=90),22,test
2023-11-24,SPY,-3.754477,0.023412691,-3.6034555,0.027229467,N-BEATS(L=90),22,test
2023-11-24,TLT,-3.5217428,0.029547894,-3.5743551,0.028033499,N-BEATS(L=90),22,test
2023-11-27,GLD,-3.6138895,0.026946833,-3.6593528,0.025749173,N-BEATS(L=90),22,test
2023-11-27,SPY,-3.755532,0.023388004,-3.8636177,0.02099192,N-BEATS(L=90),22,test
2023-11-27,TLT,-3.5123281,0.029827392,-3.6848154,0.025101809,N-BEATS(L=90),22,test
2023-11-28,GLD,-3.6270962,0.026593294,-3.704802,0.024605088,N-BEATS(L=90),22,test
2023-11-28,SPY,-3.745356,0.023627214,-3.9548657,0.019161241,N-BEATS(L=90),22,test
2023-11-28,TLT,-3.4944286,0.030366093,-3.6358871,0.026360538,N-BEATS(L=90),22,test
2023-11-29,GLD,-3.6204953,0.026769415,-3.7672584,0.02311535,N-BEATS(L=90),22,test
2023-11-29,SPY,-3.7512171,0.02348914,-3.8689585,0.020880105,N-BEATS(L=90),22,test
2023-11-29,TLT,-3.5031273,0.030103093,-3.7216313,0.024194468,N-BEATS(L=90),22,test
2023-11-30,GLD,-3.6024563,0.027256688,-3.6305141,0.026502555,N-BEATS(L=90),22,test
2023-11-30,SPY,-3.7610178,0.023260055,-3.7564993,0.023365393,N-BEATS(L=90),22,test
2023-11-30,TLT,-3.4975643,0.030271024,-3.6906571,0.024955597,N-BEATS(L=90),22,test
2023-12-01,GLD,-3.6485178,0.02602968,-3.6519287,0.02594105,N-BEATS(L=90),22,test
2023-12-01,SPY,-3.7562287,0.023371717,-3.7718134,0.023010299,N-BEATS(L=90),22,test
2023-12-01,TLT,-3.5406742,0.028993772,-3.5789678,0.027904486,N-BEATS(L=90),22,test
2023-12-04,GLD,-3.6782794,0.02526641,-3.5670795,0.028238202,N-BEATS(L=90),22,test
2023-12-04,SPY,-3.7713253,0.023021532,-3.8171444,0.021990508,N-BEATS(L=90),22,test
2023-12-04,TLT,-3.4942086,0.030372776,-3.650637,0.02597458,N-BEATS(L=90),22,test
2023-12-05,GLD,-3.6791155,0.025245294,-3.3481889,0.035147954,N-BEATS(L=90),22,test
2023-12-05,SPY,-3.759229,0.0233017,-3.793917,0.022507269,N-BEATS(L=90),22,test
2023-12-05,TLT,-3.4800866,0.030804744,-3.5349011,0.02916164,N-BEATS(L=90),22,test
2023-12-06,GLD,-3.6799777,0.025223538,-3.3891132,0.033738583,N-BEATS(L=90),22,test
2023-12-06,SPY,-3.7566638,0.023361549,-3.7932932,0.022521311,N-BEATS(L=90),22,test
2023-12-06,TLT,-3.497265,0.030280083,-3.549915,0.028727079,N-BEATS(L=90),22,test
2023-12-07,GLD,-3.685594,0.02508227,-3.4359298,0.03219546,N-BEATS(L=90),22,test
2023-12-07,SPY,-3.7517176,0.023477387,-3.645327,0.026112868,N-BEATS(L=90),22,test
2023-12-07,TLT,-3.5156355,0.029728904,-3.586496,0.027695201,N-BEATS(L=90),22,test
2023-12-08,GLD,-3.680994,0.025197916,-3.451739,0.031690475,N-BEATS(L=90),22,test
2023-12-08,SPY,-3.7021346,0.024670808,-3.72136,0.024201034,N-BEATS(L=90),22,test
2023-12-08,TLT,-3.5048294,0.0300519,-3.5925756,0.027527342,N-BEATS(L=90),22,test
2023-12-11,GLD,-3.6636415,0.025638979,-3.5821145,0.027816819,N-BEATS(L=90),22,test
2023-12-11,SPY,-3.6898484,0.024975788,-3.7420387,0.023705725,N-BEATS(L=90),22,test
2023-12-11,TLT,-3.500164,0.030192431,-3.6692867,0.025494648,N-BEATS(L=90),22,test
2023-12-12,GLD,-3.6496322,0.02600069,-3.6468847,0.026072226,N-BEATS(L=90),22,test
2023-12-12,SPY,-3.6831174,0.025144467,-3.6659365,0.025580205,N-BEATS(L=90),22,test
2023-12-12,TLT,-3.4803696,0.030796027,-3.5614119,0.028398702,N-BEATS(L=90),22,test
2023-12-13,GLD,-3.7057047,0.024582887,-3.6618547,0.02568483,N-BEATS(L=90),22,test
2023-12-13,SPY,-3.6977565,0.024779055,-3.6473,0.026061399,N-BEATS(L=90),22,test
2023-12-13,TLT,-3.508741,0.029934581,-3.6903727,0.024962697,N-BEATS(L=90),22,test
2023-12-14,GLD,-3.7365685,0.023835756,-3.6795874,0.025233384,N-BEATS(L=90),22,test
2023-12-14,SPY,-3.703887,0.024627613,-3.6923242,0.02491403,N-BEATS(L=90),22,test
2023-12-14,TLT,-3.5170615,0.029686542,-3.6073966,0.027122365,N-BEATS(L=90),22,test
2023-12-15,GLD,-3.763933,0.023192346,-3.4698396,0.031122023,N-BEATS(L=90),22,test
2023-12-15,SPY,-3.6873024,0.025039459,-3.797882,0.022418201,N-BEATS(L=90),22,test
2023-12-15,TLT,-3.5064497,0.030003246,-3.519699,0.029608343,N-BEATS(L=90),22,test
2023-12-18,GLD,-3.7723622,0.022997674,-3.575042,0.028014248,N-BEATS(L=90),22,test
2023-12-18,SPY,-3.6933901,0.024887487,-3.8843548,0.02056109,N-BEATS(L=90),22,test
2023-12-18,TLT,-3.498662,0.030237814,-3.4386792,0.032107063,N-BEATS(L=90),22,test
2023-12-19,GLD,-3.790289,0.022589074,-3.563717,0.028333317,N-BEATS(L=90),22,test
2023-12-19,SPY,-3.689433,0.024986163,-3.774886,0.022939708,N-BEATS(L=90),22,test
2023-12-19,TLT,-3.498932,0.030229654,-3.5899885,0.02759865,N-BEATS(L=90),22,test
2023-12-20,GLD,-3.7786477,0.022853576,-3.6801622,0.025218884,N-BEATS(L=90),22,test
2023-12-20,SPY,-3.746822,0.0235926,-3.7035584,0.024635706,N-BEATS(L=90),22,test
2023-12-20,TLT,-3.4966838,0.03029769,-3.6391985,0.026273392,N-BEATS(L=90),22,test
2023-12-21,GLD,-3.769724,0.02305843,-3.6681108,0.025524644,N-BEATS(L=90),22,test
2023-12-21,SPY,-3.7630117,0.023213722,-3.6466193,0.026079144,N-BEATS(L=90),22,test
2023-12-21,TLT,-3.5025325,0.030121006,-3.5969076,0.027408348,N-BEATS(L=90),22,test
2023-12-22,GLD,-3.7902875,0.022589106,-3.494411,0.03036663,N-BEATS(L=90),22,test
2023-12-22,SPY,-3.7782621,0.022862388,-3.5469,0.028813824,N-BEATS(L=90),22,test
2023-12-22,TLT,-3.5116796,0.02984674,-3.5745914,0.028026875,N-BEATS(L=90),22,test
2023-12-26,GLD,-3.783323,0.022746976,-3.6920395,0.024921123,N-BEATS(L=90),22,test
2023-12-26,SPY,-3.7716584,0.023013866,-3.603709,0.027222566,N-BEATS(L=90),22,test
2023-12-26,TLT,-3.4883294,0.03055187,-3.5640726,0.02832324,N-BEATS(L=90),22,test
2023-12-27,GLD,-3.7781892,0.022864057,-3.7492018,0.023536526,N-BEATS(L=90),22,test
2023-12-27,SPY,-3.7720466,0.023004934,-3.572455,0.028086819,N-BEATS(L=90),22,test
2023-12-27,TLT,-3.4716349,0.0310662,-3.5856502,0.027718639,N-BEATS(L=90),22,test
2023-12-28,GLD,-3.7359645,0.023850156,-3.719791,0.024239035,N-BEATS(L=90),22,test
2023-12-28,SPY,-3.7495344,0.023528699,-3.877051,0.020711811,N-BEATS(L=90),22,test
2023-12-28,TLT,-3.4772398,0.030892562,-3.5715308,0.028112786,N-BEATS(L=90),22,test
2023-12-29,GLD,-3.6844923,0.025109919,-3.7540445,0.02342282,N-BEATS(L=90),22,test
2023-12-29,SPY,-3.7496963,0.02352489,-3.7417405,0.023712795,N-BEATS(L=90),22,test
2023-12-29,TLT,-3.4583323,0.03148222,-3.4808927,0.030779922,N-BEATS(L=90),22,test
2024-01-02,GLD,-3.6920478,0.024920916,-3.9070647,0.020099413,N-BEATS(L=90),22,test
2024-01-02,SPY,-3.7179036,0.024284825,-3.7175841,0.024292585,N-BEATS(L=90),22,test
2024-01-02,TLT,-3.446612,0.031853378,-3.4776824,0.030878894,N-BEATS(L=90),22,test
2024-01-03,GLD,-3.7137725,0.024385355,-3.8881938,0.020482307,N-BEATS(L=90),22,test
2024-01-03,SPY,-3.7033086,0.024641862,-3.8125362,0.022092078,N-BEATS(L=90),22,test
2024-01-03,TLT,-3.4721537,0.031050088,-3.4851348,0.030649625,N-BEATS(L=90),22,test
2024-01-04,GLD,-3.7152462,0.024349445,-3.929899,0.019645657,N-BEATS(L=90),22,test
2024-01-04,SPY,-3.7223222,0.024177756,-3.7434351,0.023672644,N-BEATS(L=90),22,test
2024-01-04,TLT,-3.4693184,0.031138247,-3.4063668,0.03316146,N-BEATS(L=90),22,test
2024-01-05,GLD,-3.756803,0.023358297,-3.9016893,0.020207746,N-BEATS(L=90),22,test
2024-01-05,SPY,-3.7406929,0.02373765,-3.8779333,0.02069355,N-BEATS(L=90),22,test
2024-01-05,TLT,-3.5152767,0.029739574,-3.4012165,0.033332694,N-BEATS(L=90),22,test
2024-01-08,GLD,-3.782797,0.022758944,-3.9461346,0.019329274,N-BEATS(L=90),22,test
2024-01-08,SPY,-3.7617617,0.023242759,-3.8626964,0.021011269,N-BEATS(L=90),22,test
2024-01-08,TLT,-3.5288215,0.029339474,-3.3687131,0.03443392,N-BEATS(L=90),22,test
2024-01-09,GLD,-3.7864754,0.022675382,-3.678287,0.025266219,N-BEATS(L=90),22,test
2024-01-09,SPY,-3.7713735,0.023020422,-3.7238705,0.02414035,N-BEATS(L=90),22,test
2024-01-09,TLT,-3.535431,0.029146194,-3.4104042,0.033027846,N-BEATS(L=90),22,test
2024-01-10,GLD,-3.7942872,0.022498937,-3.8632085,0.02100051,N-BEATS(L=90),22,test
2024-01-10,SPY,-3.7689593,0.023076067,-3.797177,0.022434013,N-BEATS(L=90),22,test
2024-01-10,TLT,-3.5353932,0.029147293,-3.2856083,0.037417818,N-BEATS(L=90),22,test
2024-01-11,GLD,-3.8435612,0.021417195,-3.8715315,0.02082645,N-BEATS(L=90),22,test
2024-01-11,SPY,-3.7601895,0.023279328,-3.8099048,0.022150287,N-BEATS(L=90),22,test
2024-01-11,TLT,-3.5572093,0.0285183,-3.2643,0.038223676,N-BEATS(L=90),22,test
2024-01-12,GLD,-3.8699741,0.020858908,-3.8652406,0.02095788,N-BEATS(L=90),22,test
2024-01-12,SPY,-3.745132,0.02363251,-3.762885,0.023216661,N-BEATS(L=90),22,test
2024-01-12,TLT,-3.571943,0.028101198,-3.410416,0.033027463,N-BEATS(L=90),22,test
2024-01-16,GLD,-3.8848019,0.020551901,-3.8701448,0.020855349,N-BEATS(L=90),22,test
2024-01-16,SPY,-3.7597473,0.023289626,-3.7347913,0.023878155,N-BEATS(L=90),22,test
2024-01-16,TLT,-3.595586,0.027444594,-3.3480358,0.035153333,N-BEATS(L=90),22,test
2024-01-17,GLD,-3.8861082,0.020525072,-3.7569032,0.023355957,N-BEATS(L=90),22,test
2024-01-17,SPY,-3.7527552,0.02345304,-3.797136,0.022434931,N-BEATS(L=90),22,test
2024-01-17,TLT,-3.6142452,0.02693725,-3.4089265,0.03307669,N-BEATS(L=90),22,test
2024-01-18,GLD,-3.8897338,0.02045079,-3.8570347,0.021130566,N-BEATS(L=90),22,test
2024-01-18,SPY,-3.759038,0.02330615,-3.7531414,0.023443984,N-BEATS(L=90),22,test
2024-01-18,TLT,-3.6371439,0.026327431,-3.4339747,0.032258466,N-BEATS(L=90),22,test
2024-01-19,GLD,-3.8879273,0.020487767,-3.746204,0.02360719,N-BEATS(L=90),22,test
2024-01-19,SPY,-3.777957,0.022869367,-3.8221765,0.021880127,N-BEATS(L=90),22,test
2024-01-19,TLT,-3.6470213,0.026068663,-3.355949,0.03487626,N-BEATS(L=90),22,test
2024-01-22,GLD,-3.8961442,0.020320112,-3.8399365,0.021494966,N-BEATS(L=90),22,test
2024-01-22,SPY,-3.7519674,0.023471521,-3.672442,0.025414333,N-BEATS(L=90),22,test
2024-01-22,TLT,-3.6584215,0.025773164,-3.412778,0.03294954,N-BEATS(L=90),22,test
2024-01-23,GLD,-3.8708315,0.020841032,-3.9371674,0.019503381,N-BEATS(L=90),22,test
2024-01-23,SPY,-3.747087,0.023586353,-3.6718812,0.02542859,N-BEATS(L=90),22,test
2024-01-23,TLT,-3.6464472,0.026083635,-3.4942963,0.030370113,N-BEATS(L=90),22,test
2024-01-24,GLD,-3.8836162,0.020576281,-3.92683,0.01970604,N-BEATS(L=90),22,test
2024-01-24,SPY,-3.7599764,0.02328429,-3.7989385,0.02239453,N-BEATS(L=90),22,test
2024-01-24,TLT,-3.6659274,0.025580436,-3.5604017,0.028427403,N-BEATS(L=90),22,test
2024-01-25,GLD,-3.8994203,0.020253649,-3.82091,0.021907857,N-BEATS(L=90),22,test
2024-01-25,SPY,-3.7659068,0.023146613,-3.8297775,0.021714447,N-BEATS(L=90),22,test
2024-01-25,TLT,-3.670556,0.025462307,-3.4096973,0.033051204,N-BEATS(L=90),22,test
2024-01-26,GLD,-3.9010804,0.020220054,-4.0096984,0.018138865,N-BEATS(L=90),22,test
2024-01-26,SPY,-3.7736058,0.022969091,-3.7719462,0.023007244,N-BEATS(L=90),22,test
2024-01-26,TLT,-3.6694427,0.025490673,-3.5913856,0.027560117,N-BEATS(L=90),22,test
2024-01-29,GLD,-3.9266245,0.019710092,-3.9711971,0.018850852,N-BEATS(L=90),22,test
2024-01-29,SPY,-3.7551055,0.023397982,-3.778568,0.022855395,N-BEATS(L=90),22,test
2024-01-29,TLT,-3.7002733,0.02471677,-3.5970976,0.02740314,N-BEATS(L=90),22,test
2024-01-30,GLD,-3.804883,0.022261802,-3.7856946,0.022693094,N-BEATS(L=90),22,test
2024-01-30,SPY,-3.7405846,0.02374022,-3.8429122,0.0214311,N-BEATS(L=90),22,test
2024-01-30,TLT,-3.686266,0.025065424,-3.4082992,0.033097446,N-BEATS(L=90),22,test
2024-01-31,GLD,-3.8285022,0.021742158,-3.7563517,0.023368841,N-BEATS(L=90),22,test
2024-01-31,SPY,-3.7576253,0.023339096,-3.7011821,0.024694318,N-BEATS(L=90),22,test
2024-01-31,TLT,-3.710787,0.024458265,-3.5533056,0.028629843,N-BEATS(L=90),22,test
2024-02-01,GLD,-3.8779888,0.020692399,-3.5976415,0.027388243,N-BEATS(L=90),22,test
2024-02-01,SPY,-3.737149,0.023821922,-3.7920291,0.022549799,N-BEATS(L=90),22,test
2024-02-01,TLT,-3.764587,0.023177184,-3.5596266,0.028449446,N-BEATS(L=90),22,test
2024-02-02,GLD,-3.8471441,0.021340596,-3.6483376,0.026034372,N-BEATS(L=90),22,test
2024-02-02,SPY,-3.7680118,0.023097942,-3.6698797,0.025479537,N-BEATS(L=90),22,test
2024-02-02,TLT,-3.7876005,0.022649884,-3.5337749,0.029194502,N-BEATS(L=90),22,test
2024-02-05,GLD,-3.842881,0.021431768,-3.45369,0.03162871,N-BEATS(L=90),22,test
2024-02-05,SPY,-3.7382078,0.023796713,-3.7232175,0.024156122,N-BEATS(L=90),22,test
2024-02-05,TLT,-3.7785702,0.022855347,-3.6194289,0.026797976,N-BEATS(L=90),22,test
2024-02-06,GLD,-3.7615666,0.023247292,-3.7293139,0.024009304,N-BEATS(L=90),22,test
2024-02-06,SPY,-3.6845558,0.025108326,-3.7027564,0.024655472,N-BEATS(L=90),22,test
2024-02-06,TLT,-3.7819157,0.022779012,-3.5467567,0.028817952,N-BEATS(L=90),22,test
2024-02-07,GLD,-3.768067,0.02309667,-3.770944,0.023030309,N-BEATS(L=90),22,test
2024-02-07,SPY,-3.679999,0.025222998,-3.6779127,0.025275677,N-BEATS(L=90),22,test
2024-02-07,TLT,-3.790583,0.022582434,-3.4839096,0.030687202,N-BEATS(L=90),22,test
2024-02-08,GLD,-3.7514575,0.023483494,-3.6795957,0.025233174,N-BEATS(L=90),22,test
2024-02-08,SPY,-3.6348581,0.026387678,-3.8450792,0.021384709,N-BEATS(L=90),22,test
2024-02-08,TLT,-3.7997563,0.022376224,-3.5495558,0.028737403,N-BEATS(L=90),22,test
2024-02-09,GLD,-3.736127,0.023846284,-3.5825264,0.02780536,N-BEATS(L=90),22,test
2024-02-09,SPY,-3.6337914,0.02641584,-3.9440527,0.019369556,N-BEATS(L=90),22,test
2024-02-09,TLT,-3.790988,0.022573289,-3.5210154,0.029569395,N-BEATS(L=90),22,test
2024-02-12,GLD,-3.7300215,0.02399232,-3.720849,0.024213402,N-BEATS(L=90),22,test
2024-02-12,SPY,-3.6152916,0.026909078,-3.7435014,0.023671076,N-BEATS(L=90),22,test
2024-02-12,TLT,-3.7941587,0.022501828,-3.6079245,0.027108053,N-BEATS(L=90),22,test
2024-02-13,GLD,-3.725713,0.024095913,-3.7067232,0.024557862,N-BEATS(L=90),22,test
2024-02-13,SPY,-3.657351,0.025800768,-3.8378015,0.021540908,N-BEATS(L=90),22,test
2024-02-13,TLT,-3.8048232,0.022263134,-3.6265917,0.026606714,N-BEATS(L=90),22,test
2024-02-14,GLD,-3.7376928,0.023808971,-3.8221369,0.021880994,N-BEATS(L=90),22,test
2024-02-14,SPY,-3.6754494,0.025338016,-3.7486017,0.023550654,N-BEATS(L=90),22,test
2024-02-14,TLT,-3.8183677,0.021963622,-3.6323495,0.026453959,N-BEATS(L=90),22,test
2024-02-15,GLD,-3.7403846,0.023744969,-3.7832012,0.022749748,N-BEATS(L=90),22,test
2024-02-15,SPY,-3.6639476,0.025631132,-3.9290798,0.019661758,N-BEATS(L=90),22,test
2024-02-15,TLT,-3.8262138,0.021791968,-3.620826,0.026760563,N-BEATS(L=90),22,test
2024-02-16,GLD,-3.7085812,0.024512276,-3.8914676,0.020415364,N-BEATS(L=90),22,test
2024-02-16,SPY,-3.6648185,0.025608819,-3.8761601,0.020730274,N-BEATS(L=90),22,test
2024-02-16,TLT,-3.7166371,0.024315601,-3.702445,0.02466315,N-BEATS(L=90),22,test
2024-02-20,GLD,-3.6333935,0.026426354,-3.7282643,0.024034515,N-BEATS(L=90),22,test
2024-02-20,SPY,-3.6830883,0.0251452,-3.9232922,0.019775882,N-BEATS(L=90),22,test
2024-02-20,TLT,-3.7047985,0.024605175,-3.6494124,0.026006406,N-BEATS(L=90),22,test
2024-02-21,GLD,-3.607592,0.027117064,-3.8353212,0.021594401,N-BEATS(L=90),22,test
2024-02-21,SPY,-3.6997743,0.024729108,-3.9258192,0.01972597,N-BEATS(L=90),22,test
2024-02-21,TLT,-3.7205038,0.024221761,-3.6992524,0.024742017,N-BEATS(L=90),22,test
2024-02-22,GLD,-3.6031983,0.027236473,-3.8834271,0.020580173,N-BEATS(L=90),22,test
2024-02-22,SPY,-3.7307875,0.02397395,-3.8252306,0.021813406,N-BEATS(L=90),22,test
2024-02-22,TLT,-3.7206311,0.024218678,-3.7581327,0.02332726,N-BEATS(L=90),22,test
2024-02-23,GLD,-3.60594,0.027161898,-3.821701,0.021890532,N-BEATS(L=90),22,test
2024-02-23,SPY,-3.7346296,0.023882015,-3.7974126,0.022428729,N-BEATS(L=90),22,test
2024-02-23,TLT,-3.7353823,0.023864046,-3.6993716,0.024739068,N-BEATS(L=90),22,test
2024-02-26,GLD,-3.6085107,0.027092164,-3.9331837,0.019581232,N-BEATS(L=90),22,test
2024-02-26,SPY,-3.7223096,0.024178062,-3.8884883,0.020476276,N-BEATS(L=90),22,test
2024-02-26,TLT,-3.7553499,0.023392266,-3.6998148,0.024728106,N-BEATS(L=90),22,test
2024-02-27,GLD,-3.5835974,0.027775599,-3.9046245,0.02014852,N-BEATS(L=90),22,test
2024-02-27,SPY,-3.7267663,0.024070546,-3.6927583,0.024903215,N-BEATS(L=90),22,test
2024-02-27,TLT,-3.747423,0.023578431,-3.607127,0.02712968,N-BEATS(L=90),22,test
2024-02-28,GLD,-3.546656,0.02882086,-3.8330789,0.021642877,N-BEATS(L=90),22,test
2024-02-28,SPY,-3.7168567,0.024310261,-3.531977,0.02924704,N-BEATS(L=90),22,test
2024-02-28,TLT,-3.7502975,0.023510749,-3.5820823,0.027817713,N-BEATS(L=90),22,test
2024-02-29,GLD,-3.519369,0.029618122,-3.8465743,0.021352759,N-BEATS(L=90),22,test
2024-02-29,SPY,-3.7395873,0.023763908,-3.7656171,0.02315332,N-BEATS(L=90),22,test
2024-02-29,TLT,-3.7289042,0.02401914,-3.7362213,0.023844032,N-BEATS(L=90),22,test
2024-03-01,GLD,-3.586916,0.027683577,-3.8338332,0.021626558,N-BEATS(L=90),22,test
2024-03-01,SPY,-3.743896,0.023661736,-3.822772,0.0218671,N-BEATS(L=90),22,test
2024-03-01,TLT,-3.7727764,0.022988152,-3.6964242,0.02481209,N-BEATS(L=90),22,test
2024-03-04,GLD,-3.5741398,0.028039534,-3.8735762,0.02078391,N-BEATS(L=90),22,test
2024-03-04,SPY,-3.6900887,0.024969786,-3.7350888,0.023871051,N-BEATS(L=90),22,test
2024-03-04,TLT,-3.7507036,0.023501204,-3.6634552,0.025643755,N-BEATS(L=90),22,test
2024-03-05,GLD,-3.5444486,0.028884545,-3.8516977,0.021243641,N-BEATS(L=90),22,test
2024-03-05,SPY,-3.6873527,0.0250382,-3.625178,0.026644351,N-BEATS(L=90),22,test
2024-03-05,TLT,-3.7436895,0.023666622,-3.7631238,0.023211122,N-BEATS(L=90),22,test
2024-03-06,GLD,-3.537774,0.02907798,-3.7257764,0.024094386,N-BEATS(L=90),22,test
2024-03-06,SPY,-3.699599,0.024733443,-3.594785,0.027466588,N-BEATS(L=90),22,test
2024-03-06,TLT,-3.7520657,0.023469217,-3.6171298,0.026859658,N-BEATS(L=90),22,test
2024-03-07,GLD,-3.5120702,0.029835086,-3.7200892,0.024231806,N-BEATS(L=90),22,test
2024-03-07,SPY,-3.6928825,0.024900123,-3.7343554,0.023888564,N-BEATS(L=90),22,test
2024-03-07,TLT,-3.777294,0.022884535,-3.7248573,0.02411654,N-BEATS(L=90),22,test
2024-03-08,GLD,-3.5076754,0.029966494,-3.5895605,0.027610462,N-BEATS(L=90),22,test
2024-03-08,SPY,-3.7293987,0.024007266,-3.682415,0.025162134,N-BEATS(L=90),22,test
2024-03-08,TLT,-3.7472548,0.023582395,-3.7037232,0.024631647,N-BEATS(L=90),22,test
2024-03-11,GLD,-3.463184,0.031329844,-3.5049896,0.030047085,N-BEATS(L=90),22,test
2024-03-11,SPY,-3.668892,0.025504716,-3.3114107,0.0364647,N-BEATS(L=90),22,test
2024-03-11,TLT,-3.7305539,0.02397955,-3.6099863,0.027052218,N-BEATS(L=90),22,test
2024-03-12,GLD,-3.2172904,0.040063467,-3.551645,0.028677424,N-BEATS(L=90),22,test
2024-03-12,SPY,-3.6658204,0.025583176,-3.519588,0.029611632,N-BEATS(L=90),22,test
2024-03-12,TLT,-3.723943,0.024138601,-3.6567435,0.025816446,N-BEATS(L=90),22,test
2024-03-13,GLD,-3.1404142,0.043264873,-3.6983504,0.024764344,N-BEATS(L=90),22,test
2024-03-13,SPY,-3.6066306,0.02714315,-3.5496175,0.028735628,N-BEATS(L=90),22,test
2024-03-13,TLT,-3.7121637,0.024424618,-3.6405976,0.02623666,N-BEATS(L=90),22,test
2024-03-14,GLD,-3.1190975,0.044197038,-3.709421,0.024491701,N-BEATS(L=90),22,test
2024-03-14,SPY,-3.6163538,0.026880512,-3.7167876,0.024311943,N-BEATS(L=90),22,test
2024-03-14,TLT,-3.6980054,0.024772888,-3.7662196,0.023139374,N-BEATS(L=90),22,test
2024-03-15,GLD,-3.0995626,0.04506891,-3.6920917,0.024919823,N-BEATS(L=90),22,test
2024-03-15,SPY,-3.596551,0.027418125,-3.3830054,0.03394528,N-BEATS(L=90),22,test
2024-03-15,TLT,-3.66894,0.025503488,-3.700461,0.024712134,N-BEATS(L=90),22,test
2024-03-18,GLD,-3.0906987,0.04547017,-3.64921,0.02601167,N-BEATS(L=90),22,test
2024-03-18,SPY,-3.5726502,0.028081333,-3.5733306,0.028062232,N-BEATS(L=90),22,test
2024-03-18,TLT,-3.6633546,0.025646335,-3.800465,0.02236037,N-BEATS(L=90),22,test
2024-03-19,GLD,-3.0807397,0.04592527,-3.7260194,0.024088532,N-BEATS(L=90),22,test
2024-03-19,SPY,-3.5522156,0.028661069,-3.7706234,0.023037696,N-BEATS(L=90),22,test
2024-03-19,TLT,-3.6691146,0.025499037,-3.6958215,0.02482705,N-BEATS(L=90),22,test
2024-03-20,GLD,-3.0896688,0.04551703,-3.7727783,0.022988107,N-BEATS(L=90),22,test
2024-03-20,SPY,-3.5134723,0.029793283,-3.5876815,0.02766239,N-BEATS(L=90),22,test
2024-03-20,TLT,-3.770212,0.023047179,-3.7477067,0.023571743,N-BEATS(L=90),22,test
2024-03-21,GLD,-3.1062062,0.044770487,-3.6314802,0.026476964,N-BEATS(L=90),22,test
2024-03-21,SPY,-3.483168,0.03070997,-3.823079,0.021860387,N-BEATS(L=90),22,test
2024-03-21,TLT,-3.7422352,0.023701068,-3.6379871,0.02630524,N-BEATS(L=90),22,test
2024-03-22,GLD,-3.1075077,0.044712253,-3.5719218,0.028101794,N-BEATS(L=90),22,test
2024-03-22,SPY,-3.4678051,0.031185403,-3.7165759,0.024317091,N-BEATS(L=90),22,test
2024-03-22,TLT,-3.6815238,0.02518457,-3.6466675,0.026077889,N-BEATS(L=90),22,test
2024-03-25,GLD,-3.0951705,0.045267295,-3.6002216,0.027317667,N-BEATS(L=90),22,test
2024-03-25,SPY,-3.4379928,0.03212911,-3.8063586,0.022228977,N-BEATS(L=90),22,test
2024-03-25,TLT,-3.6772382,0.025292732,-3.748118,0.02356205,N-BEATS(L=90),22,test
2024-03-26,GLD,-3.095225,0.04526482,-3.473974,0.030993618,N-BEATS(L=90),22,test
2024-03-26,SPY,-3.4293156,0.032409117,-3.8768077,0.020716853,N-BEATS(L=90),22,test
2024-03-26,TLT,-3.6747491,0.025355766,-3.7869015,0.022665724,N-BEATS(L=90),22,test
2024-03-27,GLD,-3.0862384,0.045673437,-3.5639174,0.028327636,N-BEATS(L=90),22,test
2024-03-27,SPY,-3.4287446,0.032427628,-3.964645,0.018974774,N-BEATS(L=90),22,test
2024-03-27,TLT,-3.6724906,0.025413098,-3.893806,0.02036768,N-BEATS(L=90),22,test
2024-03-28,GLD,-3.0870574,0.045636047,-3.7298439,0.023996582,N-BEATS(L=90),22,test
2024-03-28,SPY,-3.409749,0.033049494,-3.4808235,0.030782051,N-BEATS(L=90),22,test
2024-03-28,TLT,-3.6749742,0.02535006,-3.6764996,0.02531142,N-BEATS(L=90),22,test
2024-04-01,GLD,-3.0785112,0.04602773,-3.4603338,0.031419273,N-BEATS(L=90),22,test
2024-04-01,SPY,-3.3587584,0.034778412,-3.6779778,0.025274033,N-BEATS(L=90),22,test
2024-04-01,TLT,-3.6423805,0.026189925,-3.7046638,0.024608491,N-BEATS(L=90),22,test
2024-04-02,GLD,-3.080987,0.04591392,-3.4763322,0.030920614,N-BEATS(L=90),22,test
2024-04-02,SPY,-3.3317196,0.035731606,-3.6133983,0.026960073,N-BEATS(L=90),22,test
2024-04-02,TLT,-3.6414633,0.026213957,-3.7010956,0.024696454,N-BEATS(L=90),22,test
2024-04-03,GLD,-3.0716517,0.046344545,-3.651839,0.025943374,N-BEATS(L=90),22,test
2024-04-03,SPY,-3.3260078,0.03593628,-3.782341,0.022769326,N-BEATS(L=90),22,test
2024-04-03,TLT,-3.6332161,0.02643104,-3.7893183,0.02261101,N-BEATS(L=90),22,test
2024-04-04,GLD,-3.0813367,0.045897864,-3.6395032,0.026265388,N-BEATS(L=90),22,test
2024-04-04,SPY,-3.351265,0.035040002,-3.6587834,0.025763838,N-BEATS(L=90),22,test
2024-04-04,TLT,-3.6435888,0.0261583,-3.712335,0.024420433,N-BEATS(L=90),22,test
2024-04-05,GLD,-3.096955,0.045186583,-3.4872704,0.030584242,N-BEATS(L=90),22,test
2024-04-05,SPY,-3.3704896,0.034372803,-3.6656983,0.025586298,N-BEATS(L=90),22,test
2024-04-05,TLT,-3.6517181,0.025946511,-3.7829874,0.022754613,N-BEATS(L=90),22,test
2024-04-08,GLD,-3.1047368,0.044836316,-3.35146,0.03503317,N-BEATS(L=90),22,test
2024-04-08,SPY,-3.3714192,0.034340866,-3.5025012,0.030121947,N-BEATS(L=90),22,test
2024-04-08,TLT,-3.6567934,0.025815161,-3.6869462,0.025048379,N-BEATS(L=90),22,test
2024-04-09,GLD,-3.1158228,0.044342007,-3.4593554,0.03145003,N-BEATS(L=90),22,test
2024-04-09,SPY,-3.398806,0.03341314,-3.364669,0.034573454,N-BEATS(L=90),22,test
2024-04-09,TLT,-3.643524,0.026159996,-3.7664514,0.023134012,N-BEATS(L=90),22,test
2024-04-10,GLD,-3.1366627,0.043427486,-3.3635676,0.034611557,N-BEATS(L=90),22,test
2024-04-10,SPY,-3.405544,0.03318876,-3.4144993,0.03289287,N-BEATS(L=90),22,test
2024-04-10,TLT,-3.6738725,0.025378004,-3.7775662,0.022878306,N-BEATS(L=90),22,test
2024-04-11,GLD,-3.1568959,0.042557642,-3.4081652,0.03310188,N-BEATS(L=90),22,test
2024-04-11,SPY,-3.4448147,0.031910677,-3.3496044,0.035098236,N-BEATS(L=90),22,test
2024-04-11,TLT,-3.7012749,0.024692027,-3.8546789,0.021180404,N-BEATS(L=90),22,test
2024-04-12,GLD,-3.37106,0.034353208,-3.467653,0.031190148,N-BEATS(L=90),22,test
2024-04-12,SPY,-3.472821,0.031029373,-3.1288342,0.04376879,N-BEATS(L=90),22,test
2024-04-12,TLT,-3.708225,0.02452101,-3.6397388,0.026259203,N-BEATS(L=90),22,test
2024-04-15,GLD,-3.456892,0.031527597,-3.2561555,0.038536265,N-BEATS(L=90),22,test
2024-04-15,SPY,-3.512588,0.029819641,-3.3239744,0.03600943,N-BEATS(L=90),22,test
2024-04-15,TLT,-3.7151654,0.024351414,-3.6979668,0.024773845,N-BEATS(L=90),22,test
2024-04-16,GLD,-3.5006073,0.030179052,-3.3650057,0.034561817,N-BEATS(L=90),22,test
2024-04-16,SPY,-3.5235612,0.029494211,-3.090304,0.04548813,N-BEATS(L=90),22,test
2024-04-16,TLT,-3.7411468,0.023726877,-3.6766043,0.025308771,N-BEATS(L=90),22,test
2024-04-17,GLD,-3.5349684,0.02915968,-3.4236166,0.032594338,N-BEATS(L=90),22,test
2024-04-17,SPY,-3.5504353,0.028712139,-3.0313506,0.048250426,N-BEATS(L=90),22,test
2024-04-17,TLT,-3.773814,0.022964312,-3.7935464,0.02251561,N-BEATS(L=90),22,test
2024-04-18,GLD,-3.520736,0.02957766,-3.2068284,0.040484812,N-BEATS(L=90),22,test
2024-04-18,SPY,-3.5769467,0.02796094,-3.3505285,0.03506582,N-BEATS(L=90),22,test
2024-04-18,TLT,-3.7885702,0.022627933,-3.7098413,0.02448141,N-BEATS(L=90),22,test
2024-04-19,GLD,-3.5384238,0.029059095,-3.2989197,0.036923036,N-BEATS(L=90),22,test
2024-04-19,SPY,-3.6132662,0.026963633,-3.0905437,0.04547722,N-BEATS(L=90),22,test
2024-04-19,TLT,-3.7941825,0.022501292,-3.8292112,0.021726746,N-BEATS(L=90),22,test
2024-04-22,GLD,-3.5240915,0.029478578,-3.3152397,0.036325343,N-BEATS(L=90),22,test
2024-04-22,SPY,-3.661552,0.025692608,-3.1471844,0.042972952,N-BEATS(L=90),22,test
2024-04-22,TLT,-3.7955284,0.02247103,-3.7845492,0.022719102,N-BEATS(L=90),22,test
2024-04-23,GLD,-3.5098858,0.02990033,-3.480164,0.030802358,N-BEATS(L=90),22,test
2024-04-23,SPY,-3.6655076,0.02559118,-2.892635,0.055429958,N-BEATS(L=90),22,test
2024-04-23,TLT,-3.817592,0.02198067,-3.7788095,0.022849876,N-BEATS(L=90),22,test
2024-04-24,GLD,-3.526048,0.029420959,-3.4564345,0.031542026,N-BEATS(L=90),22,test
2024-04-24,SPY,-3.6779878,0.02527378,-3.1397786,0.04329238,N-BEATS(L=90),22,test
2024-04-24,TLT,-3.8950462,0.020342434,-3.664652,0.02561308,N-BEATS(L=90),22,test
2024-04-25,GLD,-3.5507982,0.02870172,-3.4636176,0.03131627,N-BEATS(L=90),22,test
2024-04-25,SPY,-3.7125704,0.024414686,-3.130937,0.04367685,N-BEATS(L=90),22,test
2024-04-25,TLT,-3.8740995,0.020773036,-3.725685,0.024096591,N-BEATS(L=90),22,test
2024-04-26,GLD,-3.5620902,0.028379446,-3.3454738,0.035243515,N-BEATS(L=90),22,test
2024-04-26,SPY,-3.7312508,0.023962846,-3.0462043,0.047539026,N-BEATS(L=90),22,test
2024-04-26,TLT,-3.866847,0.020924238,-3.7023408,0.02466572,N-BEATS(L=90),22,test
2024-04-29,GLD,-3.5801394,0.027871812,-3.6050224,0.027186835,N-BEATS(L=90),22,test
2024-04-29,SPY,-3.732499,0.023932956,-3.2326338,0.039453447,N-BEATS(L=90),22,test
2024-04-29,TLT,-3.865486,0.020952739,-3.6841927,0.025117446,N-BEATS(L=90),22,test
2024-04-30,GLD,-3.563396,0.02834241,-3.6179228,0.026838368,N-BEATS(L=90),22,test
2024-04-30,SPY,-3.6625772,0.025666282,-3.2807899,0.037598547,N-BEATS(L=90),22,test
2024-04-30,TLT,-3.8807218,0.020635925,-3.7694104,0.02306566,N-BEATS(L=90),22,test
2024-05-01,GLD,-3.6002,0.02731826,-3.601035,0.027295453,N-BEATS(L=90),22,test
2024-05-01,SPY,-3.706408,0.024565604,-3.3823009,0.033969205,N-BEATS(L=90),22,test
2024-05-01,TLT,-3.923512,0.019771535,-3.8122754,0.02209784,N-BEATS(L=90),22,test
2024-05-02,GLD,-3.6031997,0.027236434,-3.5259845,0.029422825,N-BEATS(L=90),22,test
2024-05-02,SPY,-3.7513933,0.023485001,-3.3087006,0.036563653,N-BEATS(L=90),22,test
2024-05-02,TLT,-3.932031,0.019603819,-3.6491776,0.026012514,N-BEATS(L=90),22,test
2024-05-03,GLD,-3.6252446,0.02664258,-3.5374422,0.029087633,N-BEATS(L=90),22,test
2024-05-03,SPY,-3.7409794,0.02373085,-3.4221745,0.03264138,N-BEATS(L=90),22,test
2024-05-03,TLT,-3.9275486,0.019691885,-3.725802,0.024093771,N-BEATS(L=90),22,test
2024-05-06,GLD,-3.621837,0.026733525,-3.4083846,0.03309462,N-BEATS(L=90),22,test
2024-05-06,SPY,-3.737493,0.023813728,-3.5229778,0.029511424,N-BEATS(L=90),22,test
2024-05-06,TLT,-3.9287503,0.019668236,-3.7008529,0.02470245,N-BEATS(L=90),22,test
2024-05-07,GLD,-3.5993063,0.027342683,-3.6146019,0.026927644,N-BEATS(L=90),22,test
2024-05-07,SPY,-3.716101,0.024328642,-3.7213604,0.02420102,N-BEATS(L=90),22,test
2024-05-07,TLT,-3.950946,0.019236494,-3.7947369,0.022488823,N-BEATS(L=90),22,test
2024-05-08,GLD,-3.6009178,0.027298655,-3.5807772,0.027854042,N-BEATS(L=90),22,test
2024-05-08,SPY,-3.7119825,0.024429046,-3.6416683,0.026208583,N-BEATS(L=90),22,test
2024-05-08,TLT,-3.9445255,0.0193604,-3.5888734,0.02762944,N-BEATS(L=90),22,test
2024-05-09,GLD,-3.6030588,0.027240273,-3.4669619,0.031211711,N-BEATS(L=90),22,test
2024-05-09,SPY,-3.695285,0.024840372,-3.634999,0.02638396,N-BEATS(L=90),22,test
2024-05-09,TLT,-3.949223,0.019269668,-3.7532995,0.023440277,N-BEATS(L=90),22,test
2024-05-10,GLD,-3.595004,0.027460571,-3.511994,0.029837362,N-BEATS(L=90),22,test
2024-05-10,SPY,-3.6880996,0.025019504,-3.8385754,0.021524243,N-BEATS(L=90),22,test
2024-05-10,TLT,-3.890189,0.020441484,-3.6408904,0.026228981,N-BEATS(L=90),22,test
2024-05-13,GLD,-3.5675492,0.028224941,-3.5316978,0.029255206,N-BEATS(L=90),22,test
2024-05-13,SPY,-3.6791737,0.025243824,-3.678641,0.025257275,N-BEATS(L=90),22,test
2024-05-13,TLT,-3.845503,0.021375645,-3.8316247,0.021674372,N-BEATS(L=90),22,test
2024-05-14,GLD,-3.570629,0.028138153,-3.2664201,0.03814273,N-BEATS(L=90),22,test
2024-05-14,SPY,-3.6812284,0.02519201,-3.6711402,0.025447438,N-BEATS(L=90),22,test
2024-05-14,TLT,-3.8408182,0.021476023,-3.7412543,0.023724327,N-BEATS(L=90),22,test
2024-05-15,GLD,-3.6202967,0.02677473,-3.3675165,0.034475148,N-BEATS(L=90),22,test
2024-05-15,SPY,-3.66094,0.025708336,-3.785842,0.02268975,N-BEATS(L=90),22,test
2024-05-15,TLT,-3.8484135,0.021313524,-3.6813083,0.025189998,N-BEATS(L=90),22,test
2024-05-16,GLD,-3.6130567,0.026969286,-3.397694,0.033450313,N-BEATS(L=90),22,test
2024-05-16,SPY,-3.6686976,0.025509672,-3.7577875,0.023335313,N-BEATS(L=90),22,test
2024-05-16,TLT,-3.8328395,0.021648059,-3.7746024,0.022946212,N-BEATS(L=90),22,test
2024-05-17,GLD,-3.604627,0.02719759,-3.2223082,0.039862942,N-BEATS(L=90),22,test
2024-05-17,SPY,-3.6499004,0.025993716,-3.7795024,0.022834051,N-BEATS(L=90),22,test
2024-05-17,TLT,-3.8309495,0.02168901,-3.857133,0.02112849,N-BEATS(L=90),22,test
2024-05-20,GLD,-3.604355,0.027204983,-3.3304632,0.03577653,N-BEATS(L=90),22,test
2024-05-20,SPY,-3.6485457,0.026028953,-3.8178384,0.02197525,N-BEATS(L=90),22,test
2024-05-20,TLT,-3.7944114,0.022496143,-3.8154902,0.022026913,N-BEATS(L=90),22,test
2024-05-21,GLD,-3.6142867,0.026936132,-3.4381926,0.03212269,N-BEATS(L=90),22,test
2024-05-21,SPY,-3.6314607,0.026477482,-3.6942725,0.024865536,N-BEATS(L=90),22,test
2024-05-21,TLT,-3.783945,0.022732832,-3.7611134,0.023257831,N-BEATS(L=90),22,test
2024-05-22,GLD,-3.6433563,0.02616438,-3.461168,0.031393073,N-BEATS(L=90),22,test
2024-05-22,SPY,-3.6405287,0.02623847,-3.7908742,0.022575857,N-BEATS(L=90),22,test
2024-05-22,TLT,-3.7849286,0.022710485,-3.8607454,0.0210523,N-BEATS(L=90),22,test
2024-05-23,GLD,-3.6793966,0.0252382,-3.2006097,0.04073736,N-BEATS(L=90),22,test
2024-05-23,SPY,-3.6735916,0.025385132,-3.646644,0.026078498,N-BEATS(L=90),22,test
2024-05-23,TLT,-3.813774,0.022064747,-3.8234522,0.02185223,N-BEATS(L=90),22,test
2024-05-24,GLD,-3.6816506,0.025181375,-3.5799518,0.027877042,N-BEATS(L=90),22,test
2024-05-24,SPY,-3.6807015,0.025205288,-3.6052766,0.027179927,N-BEATS(L=90),22,test
2024-05-24,TLT,-3.8209352,0.021907302,-3.9908442,0.018484103,N-BEATS(L=90),22,test
2024-05-28,GLD,-3.6914642,0.024935465,-3.414142,0.03290463,N-BEATS(L=90),22,test
2024-05-28,SPY,-3.6367867,0.026336836,-3.595038,0.027459642,N-BEATS(L=90),22,test
2024-05-28,TLT,-3.7942183,0.022500487,-3.8917944,0.020408692,N-BEATS(L=90),22,test
2024-05-29,GLD,-3.6779854,0.025273839,-3.4189548,0.032746643,N-BEATS(L=90),22,test
2024-05-29,SPY,-3.6279237,0.026571296,-3.5462828,0.028831614,N-BEATS(L=90),22,test
2024-05-29,TLT,-3.7397432,0.023760203,-3.8503385,0.021272535,N-BEATS(L=90),22,test
2024-05-30,GLD,-3.6703663,0.02546714,-3.5233185,0.029501371,N-BEATS(L=90),22,test
2024-05-30,SPY,-3.6354659,0.026371647,-3.557458,0.028511211,N-BEATS(L=90),22,test
2024-05-30,TLT,-3.7243488,0.024128808,-3.69512,0.02484447,N-BEATS(L=90),22,test
2024-05-31,GLD,-3.709943,0.024478918,-3.438506,0.03211263,N-BEATS(L=90),22,test
2024-05-31,SPY,-3.7352874,0.02386631,-3.5873747,0.02767088,N-BEATS(L=90),22,test
2024-05-31,TLT,-3.7161028,0.024328595,-3.5972338,0.027399411,N-BEATS(L=90),22,test
2024-06-03,GLD,-3.7323115,0.023937441,-3.5664291,0.028256575,N-BEATS(L=90),22,test
2024-06-03,SPY,-3.7953522,0.022474987,-3.6547384,0.025868263,N-BEATS(L=90),22,test
2024-06-03,TLT,-3.706184,0.02457111,-3.8434916,0.021418687,N-BEATS(L=90),22,test
2024-06-04,GLD,-3.7166526,0.024315223,-3.659412,0.025747651,N-BEATS(L=90),22,test
2024-06-04,SPY,-3.815116,0.02203516,-3.5506344,0.028706422,N-BEATS(L=90),22,test
2024-06-04,TLT,-3.7123866,0.024419175,-3.815388,0.022029167,N-BEATS(L=90),22,test
2024-06-05,GLD,-3.713123,0.024401197,-3.430828,0.032360133,N-BEATS(L=90),22,test
2024-06-05,SPY,-3.8557637,0.02115744,-3.566871,0.028244093,N-BEATS(L=90),22,test
2024-06-05,TLT,-3.7209287,0.024211474,-3.7136512,0.024388315,N-BEATS(L=90),22,test
2024-06-06,GLD,-3.719246,0.024252249,-3.4412692,0.032024015,N-BEATS(L=90),22,test
2024-06-06,SPY,-3.8523674,0.021229418,-3.3527236,0.03498893,N-BEATS(L=90),22,test
2024-06-06,TLT,-3.7263198,0.024081297,-3.5774157,0.02794783,N-BEATS(L=90),22,test
2024-06-07,GLD,-3.6985343,0.024759792,-3.4890385,0.030530214,N-BEATS(L=90),22,test
2024-06-07,SPY,-3.8476822,0.021329114,-3.528021,0.029362965,N-BEATS(L=90),22,test
2024-06-07,TLT,-3.7105052,0.024465159,-3.688656,0.025005585,N-BEATS(L=90),22,test
2024-06-10,GLD,-3.6935709,0.024882989,-3.5262127,0.029416112,N-BEATS(L=90),22,test
2024-06-10,SPY,-3.7969115,0.022439972,-3.3765557,0.034164928,N-BEATS(L=90),22,test
2024-06-10,TLT,-3.7075725,0.024537016,-3.7966015,0.022446927,N-BEATS(L=90),22,test
2024-06-11,GLD,-3.6545422,0.025873339,-3.5347486,0.02916609,N-BEATS(L=90),22,test
2024-06-11,SPY,-3.7863495,0.022678237,-3.3332052,0.035678566,N-BEATS(L=90),22,test
2024-06-11,TLT,-3.715699,0.024338424,-3.7280877,0.024038762,N-BEATS(L=90),22,test
2024-06-12,GLD,-3.6603305,0.025724009,-3.5336933,0.029196883,N-BEATS(L=90),22,test
2024-06-12,SPY,-3.8009448,0.022349646,-3.68599,0.025072338,N-BEATS(L=90),22,test
2024-06-12,TLT,-3.746976,0.023588974,-3.6093965,0.02706818,N-BEATS(L=90),22,test
2024-06-13,GLD,-3.656112,0.025832757,-3.4376798,0.03213917,N-BEATS(L=90),22,test
2024-06-13,SPY,-3.804088,0.022279505,-3.60222,0.02726313,N-BEATS(L=90),22,test
2024-06-13,TLT,-3.7628233,0.023218095,-3.675897,0.02532668,N-BEATS(L=90),22,test
2024-06-14,GLD,-3.630838,0.026493976,-3.5716727,0.028108798,N-BEATS(L=90),22,test
2024-06-14,SPY,-3.7284083,0.024031054,-3.5392377,0.02903545,N-BEATS(L=90),22,test
2024-06-14,TLT,-3.7504842,0.02350636,-3.711544,0.024439758,N-BEATS(L=90),22,test
2024-06-17,GLD,-3.6398485,0.026256323,-3.4215477,0.032661848,N-BEATS(L=90),22,test
2024-06-17,SPY,-3.7284563,0.024029903,-3.639434,0.026267204,N-BEATS(L=90),22,test
2024-06-17,TLT,-3.7578368,0.023334162,-3.7001467,0.0247199,N-BEATS(L=90),22,test
2024-06-18,GLD,-3.6409419,0.026227629,-3.445131,0.03190058,N-BEATS(L=90),22,test
2024-06-18,SPY,-3.7094183,0.024491766,-3.5439215,0.028899776,N-BEATS(L=90),22,test
2024-06-18,TLT,-3.7226176,0.024170615,-3.748122,0.023561954,N-BEATS(L=90),22,test
2024-06-20,GLD,-3.6675591,0.02553873,-3.5554368,0.028568892,N-BEATS(L=90),22,test
2024-06-20,SPY,-3.721505,0.024197524,-3.7011707,0.0246946,N-BEATS(L=90),22,test
2024-06-20,TLT,-3.7212062,0.024204755,-3.685736,0.025078712,N-BEATS(L=90),22,test
2024-06-21,GLD,-3.6584141,0.025773354,-3.5211596,0.02956513,N-BEATS(L=90),22,test
2024-06-21,SPY,-3.684072,0.025120474,-3.770373,0.023043465,N-BEATS(L=90),22,test
2024-06-21,TLT,-3.705619,0.024584992,-3.8270981,0.021772705,N-BEATS(L=90),22,test
2024-06-24,GLD,-3.642083,0.026197718,-3.4579413,0.03149453,N-BEATS(L=90),22,test
2024-06-24,SPY,-3.5900638,0.027596569,-3.6864758,0.025060166,N-BEATS(L=90),22,test
2024-06-24,TLT,-3.6828866,0.025150271,-3.9355767,0.019534431,N-BEATS(L=90),22,test
2024-06-25,GLD,-3.6414306,0.026214814,-3.544757,0.028875642,N-BEATS(L=90),22,test
2024-06-25,SPY,-3.566492,0.028254796,-3.5303187,0.029295577,N-BEATS(L=90),22,test
2024-06-25,TLT,-3.6793063,0.025240479,-3.7218575,0.024188993,N-BEATS(L=90),22,test
2024-06-26,GLD,-3.60845,0.027093811,-3.541252,0.028977029,N-BEATS(L=90),22,test
2024-06-26,SPY,-3.5562885,0.028544571,-3.5916152,0.02755379,N-BEATS(L=90),22,test
2024-06-26,TLT,-3.675769,0.025329918,-3.6581838,0.02577929,N-BEATS(L=90),22,test
2024-06-27,GLD,-3.578206,0.02792575,-3.2876778,0.037340462,N-BEATS(L=90),22,test
2024-06-27,SPY,-3.4982383,0.030250628,-3.666908,0.025555365,N-BEATS(L=90),22,test
2024-06-27,TLT,-3.6553016,0.0258537,-3.8758454,0.020736799,N-BEATS(L=90),22,test
2024-06-28,GLD,-3.5664368,0.028256359,-3.5280354,0.029362544,N-BEATS(L=90),22,test
2024-06-28,SPY,-3.5121806,0.029831793,-3.726749,0.024070965,N-BEATS(L=90),22,test
2024-06-28,TLT,-3.6881955,0.025017105,-4.005394,0.018217111,N-BEATS(L=90),22,test
2024-07-01,GLD,-3.5473046,0.028802168,-3.5264158,0.029410139,N-BEATS(L=90),22,test
2024-07-01,SPY,-3.3833308,0.033934236,-3.5773222,0.027950443,N-BEATS(L=90),22,test
2024-07-01,TLT,-3.7313037,0.023961578,-3.7985485,0.022403268,N-BEATS(L=90),22,test
2024-07-02,GLD,-3.4080434,0.033105914,-3.5691578,0.028179575,N-BEATS(L=90),22,test
2024-07-02,SPY,-3.3411489,0.03539627,-3.4936724,0.030389067,N-BEATS(L=90),22,test
2024-07-02,TLT,-3.7174115,0.02429678,-3.7103438,0.02446911,N-BEATS(L=90),22,test
2024-07-03,GLD,-3.3915536,0.033656348,-3.4336944,0.03226751,N-BEATS(L=90),22,test
2024-07-03,SPY,-3.2414267,0.03910806,-3.5214262,0.02955725,N-BEATS(L=90),22,test
2024-07-03,TLT,-3.596374,0.027422978,-3.780128,0.02281977,N-BEATS(L=90),22,test
2024-07-05,GLD,-3.3819985,0.03397948,-3.5064676,0.03000271,N-BEATS(L=90),22,test
2024-07-05,SPY,-3.1713421,0.04194726,-3.580629,0.027858166,N-BEATS(L=90),22,test
2024-07-05,TLT,-3.5714366,0.028115433,-3.7079117,0.024528692,N-BEATS(L=90),22,test
2024-07-08,GLD,-3.3957765,0.03351452,-3.318766,0.03619747,N-BEATS(L=90),22,test
2024-07-08,SPY,-3.1199787,0.044158112,-3.8060396,0.02223607,N-BEATS(L=90),22,test
2024-07-08,TLT,-3.5540783,0.02860773,-3.718269,0.024275951,N-BEATS(L=90),22,test
2024-07-09,GLD,-3.4072657,0.03313167,-3.6016176,0.02727956,N-BEATS(L=90),22,test
2024-07-09,SPY,-3.096508,0.04520679,-3.7586546,0.023315087,N-BEATS(L=90),22,test
2024-07-09,TLT,-3.5678601,0.028216168,-3.734746,0.023879236,N-BEATS(L=90),22,test
2024-07-10,GLD,-3.4069684,0.03314152,-3.5439334,0.028899431,N-BEATS(L=90),22,test
2024-07-10,SPY,-3.0885599,0.04556753,-3.8036344,0.022289615,N-BEATS(L=90),22,test
2024-07-10,TLT,-3.5680928,0.028209602,-3.7494333,0.023531077,N-BEATS(L=90),22,test
2024-07-11,GLD,-3.4272165,0.032477215,-3.5783994,0.02792035,N-BEATS(L=90),22,test
2024-07-11,SPY,-3.0881276,0.04558723,-3.637139,0.026327558,N-BEATS(L=90),22,test
2024-07-11,TLT,-3.5625064,0.028367633,-3.5952165,0.027454738,N-BEATS(L=90),22,test
2024-07-12,GLD,-3.4302576,0.0323786,-3.5008702,0.030171117,N-BEATS(L=90),22,test
2024-07-12,SPY,-3.097654,0.045155007,-3.692255,0.024915753,N-BEATS(L=90),22,test
2024-07-12,TLT,-3.5659401,0.028270395,-3.6892092,0.024991756,N-BEATS(L=90),22,test
2024-07-15,GLD,-3.4402854,0.032055534,-3.4637756,0.03131132,N-BEATS(L=90),22,test
2024-07-15,SPY,-3.0986106,0.045111835,-3.6583943,0.025773864,N-BEATS(L=90),22,test
2024-07-15,TLT,-3.5642836,0.028317265,-3.7550771,0.023398645,N-BEATS(L=90),22,test
2024-07-16,GLD,-3.426973,0.03248512,-3.3495488,0.035100188,N-BEATS(L=90),22,test
2024-07-16,SPY,-3.0969148,0.045188405,-3.8186047,0.021958418,N-BEATS(L=90),22,test
2024-07-16,TLT,-3.5627265,0.028361391,-3.7275226,0.02405235,N-BEATS(L=90),22,test
2024-07-17,GLD,-3.4321737,0.032316618,-3.5947313,0.027468063,N-BEATS(L=90),22,test
2024-07-17,SPY,-3.098763,0.04510496,-3.6849027,0.025099618,N-BEATS(L=90),22,test
2024-07-17,TLT,-3.5692787,0.02817617,-3.6132555,0.026963923,N-BEATS(L=90),22,test
2024-07-18,GLD,-3.442722,0.031977523,-3.6006763,0.02730525,N-BEATS(L=90),22,test
2024-07-18,SPY,-3.1156626,0.04434911,-3.7759595,0.022915093,N-BEATS(L=90),22,test
2024-07-18,TLT,-3.5758982,0.027990274,-3.750421,0.023507847,N-BEATS(L=90),22,test
2024-07-19,GLD,-3.4190598,0.032743208,-3.6445081,0.026134262,N-BEATS(L=90),22,test
2024-07-19,SPY,-3.1228979,0.044029392,-3.6378644,0.02630847,N-BEATS(L=90),22,test
2024-07-19,TLT,-3.5649729,0.028297752,-3.7160537,0.02432979,N-BEATS(L=90),22,test
2024-07-22,GLD,-3.4059625,0.033174876,-3.6758754,0.025327224,N-BEATS(L=90),22,test
2024-07-22,SPY,-3.1075685,0.044709533,-3.4397898,0.032071427,N-BEATS(L=90),22,test
2024-07-22,TLT,-3.5718548,0.028103678,-3.7176805,0.024290245,N-BEATS(L=90),22,test
2024-07-23,GLD,-3.3933356,0.033596426,-3.5110874,0.029864421,N-BEATS(L=90),22,test
2024-07-23,SPY,-3.0978494,0.04514619,-3.544032,0.028896578,N-BEATS(L=90),22,test
2024-07-23,TLT,-3.5611546,0.028406007,-3.520583,0.029582186,N-BEATS(L=90),22,test
2024-07-24,GLD,-3.410701,0.033018045,-3.5720448,0.028098337,N-BEATS(L=90),22,test
2024-07-24,SPY,-3.1007714,0.045014463,-3.725851,0.024092587,N-BEATS(L=90),22,test
2024-07-24,TLT,-3.583615,0.027775107,-3.6545022,0.025874376,N-BEATS(L=90),22,test
2024-07-25,GLD,-3.4163022,0.032833625,-3.6545162,0.025874011,N-BEATS(L=90),22,test
2024-07-25,SPY,-3.133487,0.04356562,-3.5431259,0.028922778,N-BEATS(L=90),22,test
2024-07-25,TLT,-3.608202,0.02710053,-3.3277647,0.0358732,N-BEATS(L=90),22,test
2024-07-26,GLD,-3.4173114,0.032800503,-3.5967696,0.027412133,N-BEATS(L=90),22,test
2024-07-26,SPY,-3.1419096,0.043200225,-3.3833146,0.033934787,N-BEATS(L=90),22,test
2024-07-26,TLT,-3.6061392,0.02715649,-3.466825,0.031215984,N-BEATS(L=90),22,test
2024-07-29,GLD,-3.437365,0.032149285,-3.6649115,0.025606437,N-BEATS(L=90),22,test
2024-07-29,SPY,-3.1339033,0.04354749,-3.2873318,0.03735338,N-BEATS(L=90),22,test
2024-07-29,TLT,-3.606641,0.027142866,-3.6061475,0.027156264,N-BEATS(L=90),22,test
2024-07-30,GLD,-3.4560122,0.031555347,-3.6451283,0.02611806,N-BEATS(L=90),22,test
2024-07-30,SPY,-3.1461172,0.043018837,-3.3465488,0.035205647,N-BEATS(L=90),22,test
2024-07-30,TLT,-3.6196637,0.026791684,-3.501176,0.03016189,N-BEATS(L=90),22,test
2024-07-31,GLD,-3.449618,0.03175776,-3.5826209,0.027802736,N-BEATS(L=90),22,test
2024-07-31,SPY,-3.1419747,0.043197412,-3.0645318,0.04667569,N-BEATS(L=90),22,test
2024-07-31,TLT,-3.5876896,0.027662165,-3.5982068,0.027372764,N-BEATS(L=90),22,test
2024-08-01,GLD,-3.4577303,0.031501178,-3.6352692,0.026376834,N-BEATS(L=90),22,test
2024-08-01,SPY,-3.187166,0.04128872,-3.306604,0.0366404,N-BEATS(L=90),22,test
2024-08-01,TLT,-3.5962558,0.02742622,-3.567537,0.028225286,N-BEATS(L=90),22,test
2024-08-02,GLD,-3.6133037,0.026962625,-3.742815,0.02368733,N-BEATS(L=90),22,test
2024-08-02,SPY,-3.209103,0.040392824,-2.884856,0.055862833,N-BEATS(L=90),22,test
2024-08-02,TLT,-3.6114986,0.027011337,-3.5646112,0.02830799,N-BEATS(L=90),22,test
2024-08-05,GLD,-3.6362476,0.026351037,-3.5888305,0.027630627,N-BEATS(L=90),22,test
2024-08-05,SPY,-3.2785068,0.037684485,-3.1479144,0.042941593,N-BEATS(L=90),22,test
2024-08-05,TLT,-3.7201746,0.024229739,-3.6895647,0.024982875,N-BEATS(L=90),22,test
2024-08-06,GLD,-3.6050198,0.027186906,-3.5910342,0.027569804,N-BEATS(L=90),22,test
2024-08-06,SPY,-3.3210459,0.03611504,-3.190022,0.041170966,N-BEATS(L=90),22,test
2024-08-06,TLT,-3.678233,0.025267586,-3.4753938,0.030949645,N-BEATS(L=90),22,test
2024-08-07,GLD,-3.612257,0.026990859,-3.6955397,0.024834046,N-BEATS(L=90),22,test
2024-08-07,SPY,-3.3859043,0.03384702,-2.8333035,0.05881823,N-BEATS(L=90),22,test
2024-08-07,TLT,-3.692486,0.024909997,-3.4531467,0.031645898,N-BEATS(L=90),22,test
2024-08-08,GLD,-3.6076708,0.02711493,-3.4687488,0.031155989,N-BEATS(L=90),22,test
2024-08-08,SPY,-3.4047496,0.033215135,-2.8777227,0.056262743,N-BEATS(L=90),22,test
2024-08-08,TLT,-3.678565,0.025259195,-3.3390326,0.035471253,N-BEATS(L=90),22,test
2024-08-09,GLD,-3.603066,0.027240077,-3.4527879,0.031657256,N-BEATS(L=90),22,test
2024-08-09,SPY,-3.2826912,0.037527125,-2.9710877,0.051247537,N-BEATS(L=90),22,test
2024-08-09,TLT,-3.6555035,0.02584848,-3.32219,0.03607374,N-BEATS(L=90),22,test
2024-08-12,GLD,-3.608738,0.02708601,-3.6955767,0.02483313,N-BEATS(L=90),22,test
2024-08-12,SPY,-3.2784352,0.037687182,-3.0671902,0.046551775,N-BEATS(L=90),22,test
2024-08-12,TLT,-3.6544218,0.025876455,-3.4646432,0.031284165,N-BEATS(L=90),22,test
2024-08-13,GLD,-3.6119409,0.026999393,-3.51631,0.02970886,N-BEATS(L=90),22,test
2024-08-13,SPY,-3.2811606,0.03758461,-3.2921557,0.037173625,N-BEATS(L=90),22,test
2024-08-13,TLT,-3.6473262,0.026060715,-3.4443736,0.031924754,N-BEATS(L=90),22,test
2024-08-14,GLD,-3.6330109,0.026436469,-3.4237864,0.032588806,N-BEATS(L=90),22,test
2024-08-14,SPY,-3.289682,0.037265703,-3.186958,0.0412973,N-BEATS(L=90),22,test
2024-08-14,TLT,-3.640516,0.026238801,-3.532308,0.029237356,N-BEATS(L=90),22,test
2024-08-15,GLD,-3.6495712,0.026002277,-3.6081574,0.027101738,N-BEATS(L=90),22,test
2024-08-15,SPY,-3.2786741,0.03767818,-3.1008015,0.04501311,N-BEATS(L=90),22,test
2024-08-15,TLT,-3.6391952,0.02627348,-3.5529714,0.028639415,N-BEATS(L=90),22,test
2024-08-16,GLD,-3.5713892,0.028116766,-3.3929696,0.033608723,N-BEATS(L=90),22,test
2024-08-16,SPY,-3.252058,0.03869449,-3.358878,0.03477426,N-BEATS(L=90),22,test
2024-08-16,TLT,-3.611425,0.027013328,-3.3888597,0.033747137,N-BEATS(L=90),22,test
2024-08-19,GLD,-3.5648522,0.028301166,-3.3927574,0.033615857,N-BEATS(L=90),22,test
2024-08-19,SPY,-3.2481678,0.038845316,-3.3102632,0.036506567,N-BEATS(L=90),22,test
2024-08-19,TLT,-3.6184282,0.026824806,-3.6910157,0.02494665,N-BEATS(L=90),22,test
2024-08-20,GLD,-3.5862713,0.027701428,-3.6207323,0.02676307,N-BEATS(L=90),22,test
2024-08-20,SPY,-3.2458615,0.038935006,-3.3438194,0.035301868,N-BEATS(L=90),22,test
2024-08-20,TLT,-3.6250672,0.026647305,-3.6094446,0.027066875,N-BEATS(L=90),22,test
2024-08-21,GLD,-3.6170661,0.026861368,-3.53915,0.029037999,N-BEATS(L=90),22,test
2024-08-21,SPY,-3.272586,0.037908264,-3.4357142,0.0322024,N-BEATS(L=90),22,test
2024-08-21,TLT,-3.6197224,0.026790114,-3.655868,0.025839059,N-BEATS(L=90),22,test
2024-08-22,GLD,-3.6204355,0.026771016,-3.4383547,0.032117482,N-BEATS(L=90),22,test
2024-08-22,SPY,-3.2856073,0.03741785,-3.248642,0.0388269,N-BEATS(L=90),22,test
2024-08-22,TLT,-3.6136563,0.026953118,-3.690012,0.024971703,N-BEATS(L=90),22,test
2024-08-23,GLD,-3.6321232,0.026459944,-3.6091423,0.02707506,N-BEATS(L=90),22,test
2024-08-23,SPY,-3.2975652,0.036973078,-3.075679,0.046158273,N-BEATS(L=90),22,test
2024-08-23,TLT,-3.625707,0.026630266,-3.4911106,0.030467018,N-BEATS(L=90),22,test
2024-08-26,GLD,-3.616947,0.026864571,-3.5100167,0.029896416,N-BEATS(L=90),22,test
2024-08-26,SPY,-3.2976527,0.036969844,-3.1770015,0.041710537,N-BEATS(L=90),22,test
2024-08-26,TLT,-3.6062138,0.027154464,-3.4634693,0.03132091,N-BEATS(L=90),22,test
2024-08-27,GLD,-3.5959244,0.02743531,-3.7120533,0.024427315,N-BEATS(L=90),22,test
2024-08-27,SPY,-3.2974045,0.03697902,-3.3188128,0.036195777,N-BEATS(L=90),22,test
2024-08-27,TLT,-3.6052759,0.027179945,-3.6334386,0.026425162,N-BEATS(L=90),22,test
2024-08-28,GLD,-3.595526,0.027446244,-3.719918,0.024235955,N-BEATS(L=90),22,test
2024-08-28,SPY,-3.3018067,0.03681659,-3.4267578,0.032492116,N-BEATS(L=90),22,test
2024-08-28,TLT,-3.5961995,0.027427763,-3.5137196,0.029785918,N-BEATS(L=90),22,test
2024-08-29,GLD,-3.588823,0.02763083,-3.6600504,0.025731215,N-BEATS(L=90),22,test
2024-08-29,SPY,-3.2979925,0.036957286,-3.3625324,0.03464741,N-BEATS(L=90),22,test
2024-08-29,TLT,-3.577467,0.027946398,-3.4464753,0.03185773,N-BEATS(L=90),22,test
2024-08-30,GLD,-3.5905545,0.027583033,-3.658901,0.025760809,N-BEATS(L=90),22,test
2024-08-30,SPY,-3.311816,0.03644992,-3.4823897,0.03073388,N-BEATS(L=90),22,test
2024-08-30,TLT,-3.6065662,0.027144898,-3.464471,0.03128955,N-BEATS(L=90),22,test
2024-09-03,GLD,-3.5914476,0.027558409,-3.5158997,0.029721051,N-BEATS(L=90),22,test
2024-09-03,SPY,-3.347178,0.035183504,-3.2212965,0.039903287,N-BEATS(L=90),22,test
2024-09-03,TLT,-3.608822,0.02708373,-3.4229634,0.03261564,N-BEATS(L=90),22,test
2024-09-04,GLD,-3.5693963,0.028172858,-3.7544847,0.023412513,N-BEATS(L=90),22,test
2024-09-04,SPY,-3.3462985,0.03521446,-3.227979,0.03963753,N-BEATS(L=90),22,test
2024-09-04,TLT,-3.6152139,0.02691117,-3.5014377,0.030154001,N-BEATS(L=90),22,test
2024-09-05,GLD,-3.5783904,0.027920604,-3.590638,0.02758073,N-BEATS(L=90),22,test
2024-09-05,SPY,-3.363839,0.03460217,-3.0314827,0.048244055,N-BEATS(L=90),22,test
2024-09-05,TLT,-3.6332264,0.02643077,-3.5856826,0.02771774,N-BEATS(L=90),22,test
2024-09-06,GLD,-3.575838,0.027991956,-3.5301533,0.029300425,N-BEATS(L=90),22,test
2024-09-06,SPY,-3.4122334,0.03296749,-3.2163444,0.040101387,N-BEATS(L=90),22,test
2024-09-06,TLT,-3.7235034,0.024149217,-3.742632,0.023691667,N-BEATS(L=90),22,test
2024-09-09,GLD,-3.5765085,0.027973196,-3.2785773,0.03768183,N-BEATS(L=90),22,test
2024-09-09,SPY,-3.420018,0.03271185,-3.0836864,0.045790147,N-BEATS(L=90),22,test
2024-09-09,TLT,-3.7297313,0.023999283,-3.4199088,0.03271542,N-BEATS(L=90),22,test
2024-09-10,GLD,-3.5841362,0.027760636,-3.7068253,0.024555357,N-BEATS(L=90),22,test
2024-09-10,SPY,-3.439704,0.03207418,-3.2689543,0.038046192,N-BEATS(L=90),22,test
2024-09-10,TLT,-3.7372446,0.023819646,-3.352703,0.034989648,N-BEATS(L=90),22,test
2024-09-11,GLD,-3.5946212,0.027471088,-3.6484547,0.026031325,N-BEATS(L=90),22,test
2024-09-11,SPY,-3.6396258,0.02626217,-3.3621335,0.03466123,N-BEATS(L=90),22,test
2024-09-11,TLT,-3.752027,0.023470122,-3.5745428,0.028028239,N-BEATS(L=90),22,test
2024-09-12,GLD,-3.5918314,0.027547833,-3.6040008,0.027214624,N-BEATS(L=90),22,test
2024-09-12,SPY,-3.6630845,0.025653264,-3.1426358,0.04316886,N-BEATS(L=90),22,test
2024-09-12,TLT,-3.7723386,0.022998216,-3.3475122,0.035171743,N-BEATS(L=90),22,test
2024-09-13,GLD,-3.5805912,0.027859222,-3.7563941,0.02336785,N-BEATS(L=90),22,test
2024-09-13,SPY,-3.6484463,0.026031543,-3.4019048,0.03330976,N-BEATS(L=90),22,test
2024-09-13,TLT,-3.7759347,0.022915661,-3.739426,0.023767745,N-BEATS(L=90),22,test
2024-09-16,GLD,-3.5742903,0.028035317,-3.6822042,0.02516744,N-BEATS(L=90),22,test
2024-09-16,SPY,-3.6483989,0.026032778,-3.3309412,0.035759434,N-BEATS(L=90),22,test
2024-09-16,TLT,-3.7897556,0.022601126,-3.5945687,0.02747253,N-BEATS(L=90),22,test
2024-09-17,GLD,-3.5867696,0.027687628,-3.6311429,0.026485898,N-BEATS(L=90),22,test
2024-09-17,SPY,-3.678129,0.025270212,-3.235891,0.039325148,N-BEATS(L=90),22,test
2024-09-17,TLT,-3.7912695,0.022566933,-3.7560933,0.023374882,N-BEATS(L=90),22,test
2024-09-18,GLD,-3.7066667,0.02455925,-3.71934,0.024249965,N-BEATS(L=90),22,test
2024-09-18,SPY,-3.744066,0.023657715,-3.431356,0.032343056,N-BEATS(L=90),22,test
2024-09-18,TLT,-3.8382998,0.021530177,-3.6843266,0.02511408,N-BEATS(L=90),22,test
2024-09-19,GLD,-3.7086053,0.024511686,-3.5914998,0.027556969,N-BEATS(L=90),22,test
2024-09-19,SPY,-3.75204,0.02346982,-3.3762188,0.03417644,N-BEATS(L=90),22,test
2024-09-19,TLT,-3.833305,0.021637985,-3.6843853,0.025112607,N-BEATS(L=90),22,test
2024-09-20,GLD,-3.726227,0.02408353,-3.5309293,0.029277695,N-BEATS(L=90),22,test
2024-09-20,SPY,-3.7586992,0.023314048,-3.2742631,0.037844744,N-BEATS(L=90),22,test
2024-09-20,TLT,-3.8253586,0.021810612,-3.7538543,0.023427276,N-BEATS(L=90),22,test
2024-09-23,GLD,-3.697321,0.024789851,-3.662063,0.025679484,N-BEATS(L=90),22,test
2024-09-23,SPY,-3.7066083,0.024560684,-3.4099941,0.033041395,N-BEATS(L=90),22,test
2024-09-23,TLT,-3.858418,0.021101356,-3.938962,0.019468414,N-BEATS(L=90),22,test
2024-09-24,GLD,-3.6999764,0.02472411,-3.6209612,0.026756946,N-BEATS(L=90),22,test
2024-09-24,SPY,-3.7094512,0.02449096,-3.5574932,0.028510204,N-BEATS(L=90),22,test
2024-09-24,TLT,-3.8409073,0.021474108,-3.8614838,0.02103676,N-BEATS(L=90),22,test
2024-09-25,GLD,-3.7063696,0.024566548,-3.7685626,0.023085224,N-BEATS(L=90),22,test
2024-09-25,SPY,-3.6763709,0.02531468,-3.5474062,0.028799243,N-BEATS(L=90),22,test
2024-09-25,TLT,-3.8186316,0.021957826,-3.7525666,0.023457464,N-BEATS(L=90),22,test
2024-09-26,GLD,-3.7356606,0.023857407,-3.5737815,0.028049584,N-BEATS(L=90),22,test
2024-09-26,SPY,-3.6976023,0.024782877,-3.7267535,0.024070855,N-BEATS(L=90),22,test
2024-09-26,TLT,-3.816259,0.02200999,-3.6879332,0.025023667,N-BEATS(L=90),22,test
2024-09-27,GLD,-3.7593517,0.02329884,-3.6036558,0.027224014,N-BEATS(L=90),22,test
2024-09-27,SPY,-3.6912565,0.024940643,-3.825852,0.021799857,N-BEATS(L=90),22,test
2024-09-27,TLT,-3.796012,0.022460166,-3.7806358,0.022808185,N-BEATS(L=90),22,test
2024-09-30,GLD,-3.754156,0.023420205,-3.3902128,0.033701506,N-BEATS(L=90),22,test
2024-09-30,SPY,-3.7121832,0.024424141,-3.562241,0.028375162,N-BEATS(L=90),22,test
2024-09-30,TLT,-3.7605267,0.02327148,-3.7131598,0.024400301,N-BEATS(L=90),22,test
2024-10-01,GLD,-3.7222042,0.02418061,-3.6115944,0.02700875,N-BEATS(L=90),22,test
2024-10-01,SPY,-3.756339,0.023369137,-3.5061274,0.030012919,N-BEATS(L=90),22,test
2024-10-01,TLT,-3.7398894,0.023756731,-3.7714887,0.023017772,N-BEATS(L=90),22,test
2024-10-02,GLD,-3.731974,0.023945523,-3.567069,0.028238498,N-BEATS(L=90),22,test
2024-10-02,SPY,-3.7515829,0.02348055,-3.509557,0.029910162,N-BEATS(L=90),22,test
2024-10-02,TLT,-3.6868763,0.02505013,-3.75954,0.02329445,N-BEATS(L=90),22,test
2024-10-03,GLD,-3.7545767,0.02341036,-3.4967713,0.030295039,N-BEATS(L=90),22,test
2024-10-03,SPY,-3.7498772,0.023520634,-3.538742,0.029049847,N-BEATS(L=90),22,test
2024-10-03,TLT,-3.6594472,0.025746742,-3.7317896,0.023949936,N-BEATS(L=90),22,test
2024-10-04,GLD,-3.7917619,0.022555826,-3.6333692,0.026426997,N-BEATS(L=90),22,test
2024-10-04,SPY,-3.7729075,0.022985136,-3.5338159,0.029193306,N-BEATS(L=90),22,test
2024-10-04,TLT,-3.6162155,0.026884228,-3.7194762,0.024246665,N-BEATS(L=90),22,test
2024-10-07,GLD,-3.7538717,0.023426868,-3.4942505,0.030371502,N-BEATS(L=90),22,test
2024-10-07,SPY,-3.7464395,0.02360163,-3.61903,0.026808668,N-BEATS(L=90),22,test
2024-10-07,TLT,-3.579014,0.027903195,-3.6786838,0.025256196,N-BEATS(L=90),22,test
2024-10-08,GLD,-3.8129442,0.022083066,-3.6324258,0.02645194,N-BEATS(L=90),22,test
2024-10-08,SPY,-3.7526476,0.023455562,-3.6017807,0.027275112,N-BEATS(L=90),22,test
2024-10-08,TLT,-3.5601585,0.028434318,-3.9429185,0.019391537,N-BEATS(L=90),22,test
2024-10-09,GLD,-3.8129954,0.022081934,-3.7364655,0.02383821,N-BEATS(L=90),22,test
2024-10-09,SPY,-3.7611985,0.023255851,-3.5140939,0.02977477,N-BEATS(L=90),22,test
2024-10-09,TLT,-3.5605927,0.028421976,-3.843287,0.021423068,N-BEATS(L=90),22,test
2024-10-10,GLD,-3.803475,0.02229317,-3.6571555,0.025805812,N-BEATS(L=90),22,test
2024-10-10,SPY,-3.7624946,0.02322573,-3.5884318,0.027641643,N-BEATS(L=90),22,test
2024-10-10,TLT,-3.5601113,0.02843566,-3.7307816,0.02397409,N-BEATS(L=90),22,test
2024-10-11,GLD,-3.7809975,0.022799937,-3.760849,0.023263982,N-BEATS(L=90),22,test
2024-10-11,SPY,-3.7481108,0.023562219,-3.633626,0.026420211,N-BEATS(L=90),22,test
2024-10-11,TLT,-3.522838,0.029515548,-3.7803693,0.022814265,N-BEATS(L=90),22,test
2024-10-14,GLD,-3.7633178,0.023206618,-3.8034997,0.022292618,N-BEATS(L=90),22,test
2024-10-14,SPY,-3.7426076,0.023692243,-3.4306912,0.032364562,N-BEATS(L=90),22,test
2024-10-14,TLT,-3.4952068,0.030342473,-3.749136,0.023538075,N-BEATS(L=90),22,test
2024-10-15,GLD,-3.7622492,0.023231428,-3.7207274,0.024216345,N-BEATS(L=90),22,test
2024-10-15,SPY,-3.754326,0.023416225,-3.4685612,0.031161835,N-BEATS(L=90),22,test
2024-10-15,TLT,-3.484985,0.030654214,-3.731561,0.023955414,N-BEATS(L=90),22,test
2024-10-16,GLD,-3.7700195,0.023051614,-3.6590805,0.025756184,N-BEATS(L=90),22,test
2024-10-16,SPY,-3.7313612,0.023960201,-3.4351661,0.03222006,N-BEATS(L=90),22,test
2024-10-16,TLT,-3.4508119,0.031719875,-3.7631133,0.023211366,N-BEATS(L=90),22,test
2024-10-17,GLD,-3.7748477,0.022940584,-3.6051505,0.027183354,N-BEATS(L=90),22,test
2024-10-17,SPY,-3.7208884,0.024212448,-3.375919,0.034186684,N-BEATS(L=90),22,test
2024-10-17,TLT,-3.4287415,0.03242773,-3.7488534,0.023544725,N-BEATS(L=90),22,test
2024-10-18,GLD,-3.7701252,0.023049178,-3.7934008,0.02251889,N-BEATS(L=90),22,test
2024-10-18,SPY,-3.7000616,0.024722004,-3.5613558,0.028400293,N-BEATS(L=90),22,test
2024-10-18,TLT,-3.4272962,0.03247463,-3.5258348,0.02942723,N-BEATS(L=90),22,test
2024-10-21,GLD,-3.7820446,0.022776075,-3.6633232,0.025647141,N-BEATS(L=90),22,test
2024-10-21,SPY,-3.677373,0.025289325,-3.482374,0.030734362,N-BEATS(L=90),22,test
2024-10-21,TLT,-3.420939,0.032681733,-3.7737265,0.02296632,N-BEATS(L=90),22,test
2024-10-22,GLD,-3.7839813,0.022732008,-3.606973,0.027133858,N-BEATS(L=90),22,test
2024-10-22,SPY,-3.62904,0.026541652,-3.4142988,0.03289947,N-BEATS(L=90),22,test
2024-10-22,TLT,-3.4106293,0.033020414,-3.8344076,0.02161414,N-BEATS(L=90),22,test
2024-10-23,GLD,-3.7893941,0.022609295,-3.7859282,0.022687793,N-BEATS(L=90),22,test
2024-10-23,SPY,-3.6721866,0.025420824,-3.5786347,0.027913783,N-BEATS(L=90),22,test
2024-10-23,TLT,-3.4150212,0.03287571,-3.8140328,0.02205904,N-BEATS(L=90),22,test
2024-10-24,GLD,-3.7667074,0.023128089,-3.6434596,0.02616168,N-BEATS(L=90),22,test
2024-10-24,SPY,-3.6547465,0.025868053,-3.3972943,0.03346369,N-BEATS(L=90),22,test
2024-10-24,TLT,-3.429575,0.03240071,-3.7931292,0.022525007,N-BEATS(L=90),22,test
2024-10-25,GLD,-3.762275,0.02323083,-3.6618812,0.02568415,N-BEATS(L=90),22,test
2024-10-25,SPY,-3.6872678,0.025040325,-3.5001075,0.030194137,N-BEATS(L=90),22,test
2024-10-25,TLT,-3.4328263,0.032295536,-3.7716258,0.023014616,N-BEATS(L=90),22,test
2024-10-28,GLD,-3.7459576,0.023613006,-3.7062137,0.024570378,N-BEATS(L=90),22,test
2024-10-28,SPY,-3.6783302,0.025265127,-3.4314618,0.032339633,N-BEATS(L=90),22,test
2024-10-28,TLT,-3.437251,0.03215295,-3.7791753,0.02284152,N-BEATS(L=90),22,test
2024-10-29,GLD,-3.7535822,0.02343365,-3.789922,0.022597365,N-BEATS(L=90),22,test
2024-10-29,SPY,-3.688362,0.025012942,-3.5183976,0.029646905,N-BEATS(L=90),22,test
2024-10-29,TLT,-3.4469888,0.03184137,-3.6651103,0.025601346,N-BEATS(L=90),22,test
2024-10-30,GLD,-3.7634048,0.023204597,-3.8906279,0.020432513,N-BEATS(L=90),22,test
2024-10-30,SPY,-3.7028892,0.024652198,-3.5265865,0.029405119,N-BEATS(L=90),22,test
2024-10-30,TLT,-3.447718,0.031818166,-3.5291698,0.029329255,N-BEATS(L=90),22,test
2024-10-31,GLD,-3.8048217,0.022263166,-3.8121145,0.022101397,N-BEATS(L=90),22,test
2024-10-31,SPY,-3.7181008,0.024280038,-3.5352185,0.029152388,N-BEATS(L=90),22,test
2024-10-31,TLT,-3.465725,0.031250343,-3.7170596,0.02430533,N-BEATS(L=90),22,test
2024-11-01,GLD,-3.8225741,0.021871429,-3.7798035,0.022827176,N-BEATS(L=90),22,test
2024-11-01,SPY,-3.743611,0.02366848,-3.6498997,0.025993735,N-BEATS(L=90),22,test
2024-11-01,TLT,-3.4761753,0.030925466,-3.5861933,0.027703589,N-BEATS(L=90),22,test
2024-11-04,GLD,-3.8030555,0.022302521,-3.8330336,0.021643858,N-BEATS(L=90),22,test
2024-11-04,SPY,-3.7664964,0.02313297,-3.532062,0.02924455,N-BEATS(L=90),22,test
2024-11-04,TLT,-3.4943774,0.03036765,-3.2623625,0.038297813,N-BEATS(L=90),22,test
2024-11-05,GLD,-3.8047845,0.022263994,-3.8537588,0.0211999,N-BEATS(L=90),22,test
2024-11-05,SPY,-3.777415,0.022881763,-3.6754138,0.025338916,N-BEATS(L=90),22,test
2024-11-05,TLT,-3.5180035,0.029658591,-3.5199513,0.029600875,N-BEATS(L=90),22,test
2024-11-06,GLD,-3.8303268,0.021702522,-3.745334,0.023627738,N-BEATS(L=90),22,test
2024-11-06,SPY,-3.8255246,0.021806993,-3.6909215,0.024949,N-BEATS(L=90),22,test
2024-11-06,TLT,-3.5536287,0.028620595,-3.5136564,0.0297878,N-BEATS(L=90),22,test
2024-11-07,GLD,-3.8513649,0.021250712,-3.6858842,0.025074992,N-BEATS(L=90),22,test
2024-11-07,SPY,-3.8259006,0.021798795,-3.6146283,0.026926931,N-BEATS(L=90),22,test
2024-11-07,TLT,-3.5737772,0.028049704,-3.0964422,0.04520976,N-BEATS(L=90),22,test
2024-11-08,GLD,-3.836452,0.021569995,-3.6932857,0.024890086,N-BEATS(L=90),22,test
2024-11-08,SPY,-3.8298438,0.021713007,-3.6531062,0.02591052,N-BEATS(L=90),22,test
2024-11-08,TLT,-3.5588233,0.028472306,-3.3764584,0.03416825,N-BEATS(L=90),22,test
2024-11-11,GLD,-3.845125,0.021383729,-3.7876027,0.022649836,N-BEATS(L=90),22,test
2024-11-11,SPY,-3.8376017,0.021545213,-3.6188564,0.026813323,N-BEATS(L=90),22,test
2024-11-11,TLT,-3.562638,0.0283639,-3.3006346,0.03685977,N-BEATS(L=90),22,test
2024-11-12,GLD,-3.871307,0.020831127,-3.5979238,0.027380513,N-BEATS(L=90),22,test
2024-11-12,SPY,-3.8486161,0.021309206,-3.6673682,0.025543608,N-BEATS(L=90),22,test
2024-11-12,TLT,-3.6069288,0.027135056,-3.3818338,0.033985075,N-BEATS(L=90),22,test
2024-11-13,GLD,-3.9055862,0.02012915,-3.842264,0.021444997,N-BEATS(L=90),22,test
2024-11-13,SPY,-3.8679378,0.020901429,-3.712211,0.024423465,N-BEATS(L=90),22,test
2024-11-13,TLT,-3.6373703,0.026321469,-3.373794,0.03425941,N-BEATS(L=90),22,test
2024-11-14,GLD,-3.9243555,0.019754864,-3.7525043,0.023458922,N-BEATS(L=90),22,test
2024-11-14,SPY,-3.8833766,0.020581214,-3.674864,0.025352852,N-BEATS(L=90),22,test
2024-11-14,TLT,-3.6490822,0.026014995,-3.2477078,0.038863186,N-BEATS(L=90),22,test
2024-11-15,GLD,-3.8445725,0.021395545,-3.8578265,0.02111384,N-BEATS(L=90),22,test
2024-11-15,SPY,-3.6820025,0.025172515,-3.6723144,0.025417576,N-BEATS(L=90),22,test
2024-11-15,TLT,-3.6614633,0.025694886,-3.477845,0.030873874,N-BEATS(L=90),22,test
2024-11-18,GLD,-3.8355656,0.021589125,-3.7466338,0.023597045,N-BEATS(L=90),22,test
2024-11-18,SPY,-3.6649697,0.025604948,-3.669777,0.025482154,N-BEATS(L=90),22,test
2024-11-18,TLT,-3.6782134,0.02526808,-3.497263,0.030280149,N-BEATS(L=90),22,test
2024-11-19,GLD,-3.82294,0.021863425,-3.9040914,0.020159263,N-BEATS(L=90),22,test
2024-11-19,SPY,-3.541804,0.028961033,-3.6684346,0.025516381,N-BEATS(L=90),22,test
2024-11-19,TLT,-3.6700575,0.025475005,-3.3683255,0.03444727,N-BEATS(L=90),22,test
2024-11-20,GLD,-3.8366795,0.02156509,-3.7913578,0.022564944,N-BEATS(L=90),22,test
2024-11-20,SPY,-3.5343275,0.029178374,-3.5953155,0.027452022,N-BEATS(L=90),22,test
2024-11-20,TLT,-3.6776893,0.025281325,-3.5774338,0.027947323,N-BEATS(L=90),22,test
2024-11-21,GLD,-3.840047,0.021492593,-3.9660087,0.018948914,N-BEATS(L=90),22,test
2024-11-21,SPY,-3.574377,0.028032884,-3.7460966,0.023609724,N-BEATS(L=90),22,test
2024-11-21,TLT,-3.6970234,0.02479723,-3.6817262,0.025179472,N-BEATS(L=90),22,test
2024-11-22,GLD,-3.864637,0.020970536,-3.8997705,0.020246558,N-BEATS(L=90),22,test
2024-11-22,SPY,-3.5653918,0.028285902,-3.6208653,0.02675951,N-BEATS(L=90),22,test
2024-11-22,TLT,-3.6961565,0.024818733,-3.5983858,0.027367864,N-BEATS(L=90),22,test
2024-11-25,GLD,-3.9181807,0.019877225,-3.8410447,0.02147116,N-BEATS(L=90),22,test
2024-11-25,SPY,-3.5516458,0.028677404,-3.60744,0.027121188,N-BEATS(L=90),22,test
2024-11-25,TLT,-3.6939483,0.0248736,-3.6165583,0.026875013,N-BEATS(L=90),22,test
2024-11-26,GLD,-3.919329,0.019854413,-3.803089,0.022301778,N-BEATS(L=90),22,test
2024-11-26,SPY,-3.5127878,0.029813683,-3.3153958,0.03631967,N-BEATS(L=90),22,test
2024-11-26,TLT,-3.7042022,0.024619851,-3.5325997,0.02922883,N-BEATS(L=90),22,test
2024-11-27,GLD,-3.932342,0.01959772,-3.900708,0.020227587,N-BEATS(L=90),22,test
2024-11-27,SPY,-3.499056,0.030225901,-3.5473554,0.028800705,N-BEATS(L=90),22,test
2024-11-27,TLT,-3.699016,0.024747863,-3.6222634,0.026722124,N-BEATS(L=90),22,test
2024-11-29,GLD,-3.9332445,0.019580042,-3.816031,0.022015005,N-BEATS(L=90),22,test
2024-11-29,SPY,-3.4342232,0.032250453,-3.444684,0.031914845,N-BEATS(L=90),22,test
2024-11-29,TLT,-3.6707807,0.025456589,-3.5954385,0.027448645,N-BEATS(L=90),22,test
2024-12-02,GLD,-3.933531,0.019574432,-3.7748234,0.02294114,N-BEATS(L=90),22,test
2024-12-02,SPY,-3.4205503,0.032694437,-3.5493748,0.028742604,N-BEATS(L=90),22,test
2024-12-02,TLT,-3.7001638,0.024719477,-3.6265922,0.026606701,N-BEATS(L=90),22,test
2024-12-03,GLD,-3.9360962,0.019524286,-3.942542,0.019398838,N-BEATS(L=90),22,test
2024-12-03,SPY,-3.398991,0.033406958,-3.4460282,0.031871974,N-BEATS(L=90),22,test
2024-12-03,TLT,-3.7074232,0.024540678,-3.6515129,0.025951838,N-BEATS(L=90),22,test
2024-12-04,GLD,-3.9121318,0.019997824,-3.8490558,0.021299839,N-BEATS(L=90),22,test
2024-12-04,SPY,-3.3647587,0.034570355,-3.3201597,0.036147058,N-BEATS(L=90),22,test
2024-12-04,TLT,-3.7264028,0.024079299,-3.6577342,0.025790885,N-BEATS(L=90),22,test
2024-12-05,GLD,-3.912013,0.020000199,-3.7614326,0.023250407,N-BEATS(L=90),22,test
2024-12-05,SPY,-3.3500063,0.035084132,-3.4977393,0.030265728,N-BEATS(L=90),22,test
2024-12-05,TLT,-3.7128425,0.024408046,-3.5378263,0.029076463,N-BEATS(L=90),22,test
2024-12-06,GLD,-3.910928,0.020021912,-3.8602698,0.021062316,N-BEATS(L=90),22,test
2024-12-06,SPY,-3.3331406,0.035680868,-3.3821967,0.033972748,N-BEATS(L=90),22,test
2024-12-06,TLT,-3.7154317,0.024344929,-3.4141386,0.03290474,N-BEATS(L=90),22,test
2024-12-09,GLD,-3.9145508,0.019949509,-3.8846612,0.020554792,N-BEATS(L=90),22,test
2024-12-09,SPY,-3.3273585,0.035887778,-3.5076516,0.029967207,N-BEATS(L=90),22,test
2024-12-09,TLT,-3.7012239,0.024693288,-3.593779,0.027494231,N-BEATS(L=90),22,test
2024-12-10,GLD,-3.913135,0.01997777,-3.8856926,0.020533603,N-BEATS(L=90),22,test
2024-12-10,SPY,-3.3088622,0.036557745,-3.6383975,0.026294447,N-BEATS(L=90),22,test
2024-12-10,TLT,-3.695972,0.024823314,-3.4303808,0.03237461,N-BEATS(L=90),22,test
2024-12-11,GLD,-3.9127219,0.019986028,-3.8477795,0.021327041,N-BEATS(L=90),22,test
2024-12-11,SPY,-3.3026214,0.03678661,-3.6312666,0.026482621,N-BEATS(L=90),22,test
2024-12-11,TLT,-3.716468,0.024319712,-3.5552938,0.028572978,N-BEATS(L=90),22,test
2024-12-12,GLD,-3.9172282,0.019896166,-4.0185823,0.017978434,N-BEATS(L=90),22,test
2024-12-12,SPY,-3.3011312,0.036841467,-3.7648654,0.02317073,N-BEATS(L=90),22,test
2024-12-12,TLT,-3.6713865,0.025441172,-3.6911702,0.024942797,N-BEATS(L=90),22,test
2024-12-13,GLD,-3.9048185,0.02014461,-3.8708084,0.020841515,N-BEATS(L=90),22,test
2024-12-13,SPY,-3.3015585,0.03682573,-3.7377036,0.023808716,N-BEATS(L=90),22,test
2024-12-13,TLT,-3.6764257,0.02531329,-3.7422588,0.023700507,N-BEATS(L=90),22,test
2024-12-16,GLD,-3.9064333,0.020112107,-3.8095129,0.022158971,N-BEATS(L=90),22,test
2024-12-16,SPY,-3.2970343,0.036992714,-3.7872756,0.022657245,N-BEATS(L=90),22,test
2024-12-16,TLT,-3.6768622,0.025302242,-3.826465,0.021786498,N-BEATS(L=90),22,test
2024-12-17,GLD,-3.9168882,0.019902932,-3.8679976,0.020900177,N-BEATS(L=90),22,test
2024-12-17,SPY,-3.2967324,0.037003882,-3.8118331,0.022107616,N-BEATS(L=90),22,test
2024-12-17,TLT,-3.6726203,0.025409801,-3.8350408,0.021600457,N-BEATS(L=90),22,test
2024-12-18,GLD,-4.0049167,0.018225808,-3.8126807,0.022088885,N-BEATS(L=90),22,test
2024-12-18,SPY,-3.394349,0.033562392,-3.824308,0.02183354,N-BEATS(L=90),22,test
2024-12-18,TLT,-3.7130113,0.024403926,-3.9255674,0.019730939,N-BEATS(L=90),22,test
2024-12-19,GLD,-4.00419,0.018239057,-3.8077612,0.02219782,N-BEATS(L=90),22,test
2024-12-19,SPY,-3.4055245,0.03318941,-3.7660334,0.023143683,N-BEATS(L=90),22,test
2024-12-19,TLT,-3.737848,0.023805276,-3.837856,0.021539733,N-BEATS(L=90),22,test
2024-12-20,GLD,-3.9835856,0.01861876,-3.7484908,0.023553265,N-BEATS(L=90),22,test
2024-12-20,SPY,-3.5091033,0.029923735,-3.7228165,0.02416581,N-BEATS(L=90),22,test
2024-12-20,TLT,-3.738593,0.023787547,-3.8007326,0.022354389,N-BEATS(L=90),22,test
2024-12-23,GLD,-3.9797497,0.018690318,-3.6323538,0.026453845,N-BEATS(L=90),22,test
2024-12-23,SPY,-3.504962,0.030047916,-3.503706,0.03008568,N-BEATS(L=90),22,test
2024-12-23,TLT,-3.7438211,0.023663508,-3.8341157,0.021620449,N-BEATS(L=90),22,test
2024-12-24,GLD,-3.964081,0.018985474,-3.8969865,0.020303003,N-BEATS(L=90),22,test
2024-12-24,SPY,-3.4989624,0.030228732,-3.496644,0.030298896,N-BEATS(L=90),22,test
2024-12-24,TLT,-3.713522,0.024391467,-3.751766,0.02347625,N-BEATS(L=90),22,test
2024-12-26,GLD,-3.9521482,0.019213384,-3.8997207,0.020247566,N-BEATS(L=90),22,test
2024-12-26,SPY,-3.486548,0.030606344,-3.4401078,0.032061227,N-BEATS(L=90),22,test
2024-12-26,TLT,-3.7139306,0.0243815,-3.670496,0.025463836,N-BEATS(L=90),22,test
2024-12-27,GLD,-3.9186254,0.019868389,-3.7584722,0.023319341,N-BEATS(L=90),22,test
2024-12-27,SPY,-3.480519,0.030791424,-3.3766832,0.03416057,N-BEATS(L=90),22,test
2024-12-27,TLT,-3.6721213,0.025422484,-3.7319968,0.023944976,N-BEATS(L=90),22,test
2024-12-30,GLD,-3.9092903,0.020054728,-3.8336842,0.02162978,N-BEATS(L=90),22,test
2024-12-30,SPY,-3.4651754,0.03126752,-3.4839768,0.030685138,N-BEATS(L=90),22,test
2024-12-30,TLT,-3.60662,0.027143436,-3.8785412,0.020680971,N-BEATS(L=90),22,test
2024-12-31,GLD,-3.9129913,0.019980643,-3.8408127,0.02147614,N-BEATS(L=90),22,test
2024-12-31,SPY,-3.4762306,0.030923756,-3.557009,0.028524013,N-BEATS(L=90),22,test
2024-12-31,TLT,-3.615691,0.026898334,-3.802527,0.022314314,N-BEATS(L=90),22,test
