date,asset,y_true_logrv,y_true_rv,yhat_logrv,yhat_rv,model,horizon,split
2018-01-02,GLD,-4.670638,0.009366292,-4.8103476,0.008145029,N-BEATS(L=90),5,val
2018-01-02,SPY,-4.9246745,0.0072650905,-4.885026,0.0075589274,N-BEATS(L=90),5,val
2018-01-02,TLT,-4.6733966,0.00934049,-4.728595,0.008838883,N-BEATS(L=90),5,val
2018-01-03,GLD,-4.797107,0.008253588,-4.5700107,0.010357849,N-BEATS(L=90),5,val
2018-01-03,SPY,-4.864547,0.007715324,-4.511376,0.010983338,N-BEATS(L=90),5,val
2018-01-03,TLT,-4.606798,0.009983733,-4.778894,0.008405291,N-BEATS(L=90),5,val
2018-01-04,GLD,-5.0376196,0.006489177,-4.3561425,0.012827775,N-BEATS(L=90),5,val
2018-01-04,SPY,-4.9610333,0.007005685,-4.539628,0.010677378,N-BEATS(L=90),5,val
2018-01-04,TLT,-4.5079336,0.011021211,-4.401299,0.012261402,N-BEATS(L=90),5,val
2018-01-05,GLD,-4.8186593,0.008077609,-4.4533095,0.011639981,N-BEATS(L=90),5,val
2018-01-05,SPY,-4.937221,0.007174508,-4.464588,0.011509434,N-BEATS(L=90),5,val
2018-01-05,TLT,-4.507927,0.011021284,-4.451779,0.011657811,N-BEATS(L=90),5,val
2018-01-08,GLD,-4.7761455,0.008428425,-4.451258,0.011663882,N-BEATS(L=90),5,val
2018-01-08,SPY,-4.532918,0.010749265,-4.501798,0.011089039,N-BEATS(L=90),5,val
2018-01-08,TLT,-4.5250344,0.010834342,-4.5202622,0.010886168,N-BEATS(L=90),5,val
2018-01-09,GLD,-4.583251,0.010221612,-4.7614913,0.008552845,N-BEATS(L=90),5,val
2018-01-09,SPY,-4.3850126,0.0124627305,-4.5462255,0.010607165,N-BEATS(L=90),5,val
2018-01-09,TLT,-4.452728,0.011646753,-4.7445827,0.008698692,N-BEATS(L=90),5,val
2018-01-10,GLD,-4.565119,0.010408643,-4.9171047,0.0073202946,N-BEATS(L=90),5,val
2018-01-10,SPY,-4.392758,0.012366576,-4.797912,0.008246948,N-BEATS(L=90),5,val
2018-01-10,TLT,-4.499092,0.011119087,-4.7757163,0.008432042,N-BEATS(L=90),5,val
2018-01-11,GLD,-4.5771093,0.010284583,-4.782579,0.008374374,N-BEATS(L=90),5,val
2018-01-11,SPY,-4.386335,0.012446263,-5.0374207,0.006490467,N-BEATS(L=90),5,val
2018-01-11,TLT,-4.6332293,0.009723309,-4.5794954,0.010260072,N-BEATS(L=90),5,val
2018-01-12,GLD,-4.719732,0.00891757,-4.997452,0.0067551387,N-BEATS(L=90),5,val
2018-01-12,SPY,-4.4009514,0.0122656645,-5.178856,0.005634449,N-BEATS(L=90),5,val
2018-01-12,TLT,-4.6629,0.009439049,-4.650702,0.009554892,N-BEATS(L=90),5,val
2018-01-16,GLD,-4.6770806,0.009306142,-4.7411633,0.0087284865,N-BEATS(L=90),5,val
2018-01-16,SPY,-4.6679106,0.009391872,-5.2060685,0.0054831887,N-BEATS(L=90),5,val
2018-01-16,TLT,-4.5915804,0.010136826,-4.6092963,0.009958823,N-BEATS(L=90),5,val
2018-01-17,GLD,-4.788664,0.008323572,-4.7364197,0.008769989,N-BEATS(L=90),5,val
2018-01-17,SPY,-4.674555,0.009329678,-5.0207143,0.006599811,N-BEATS(L=90),5,val
2018-01-17,TLT,-4.7172847,0.008939419,-4.8030787,0.00820445,N-BEATS(L=90),5,val
2018-01-18,GLD,-4.30375,0.013517772,-4.6048746,0.010002956,N-BEATS(L=90),5,val
2018-01-18,SPY,-4.6380434,0.009676612,-4.6831465,0.009249863,N-BEATS(L=90),5,val
2018-01-18,TLT,-4.587872,0.010174487,-4.652331,0.009539341,N-BEATS(L=90),5,val
2018-01-19,GLD,-4.2879567,0.013732957,-4.711,0.008995778,N-BEATS(L=90),5,val
2018-01-19,SPY,-4.589342,0.01015954,-4.72173,0.008899767,N-BEATS(L=90),5,val
2018-01-19,TLT,-4.536259,0.010713409,-4.6476846,0.009583767,N-BEATS(L=90),5,val
2018-01-22,GLD,-4.2675056,0.014016702,-4.6765227,0.009311336,N-BEATS(L=90),5,val
2018-01-22,SPY,-4.568557,0.010372919,-4.9670053,0.006963972,N-BEATS(L=90),5,val
2018-01-22,TLT,-4.5438704,0.010632176,-4.662755,0.009440418,N-BEATS(L=90),5,val
2018-01-23,GLD,-4.2793837,0.0138511965,-4.7495513,0.008655578,N-BEATS(L=90),5,val
2018-01-23,SPY,-4.3304033,0.013162238,-4.822121,0.008049695,N-BEATS(L=90),5,val
2018-01-23,TLT,-4.623634,0.009817057,-4.7663054,0.00851177,N-BEATS(L=90),5,val
2018-01-24,GLD,-4.1920414,0.015115397,-4.911164,0.007363913,N-BEATS(L=90),5,val
2018-01-24,SPY,-4.3533077,0.012864191,-4.7477155,0.008671483,N-BEATS(L=90),5,val
2018-01-24,TLT,-4.5226197,0.010860534,-4.524251,0.010842833,N-BEATS(L=90),5,val
2018-01-25,GLD,-4.5271797,0.010811124,-4.608564,0.00996612,N-BEATS(L=90),5,val
2018-01-25,SPY,-4.306755,0.013477212,-4.521711,0.01087041,N-BEATS(L=90),5,val
2018-01-25,TLT,-4.5243945,0.0108412765,-4.5927267,0.010125212,N-BEATS(L=90),5,val
2018-01-26,GLD,-4.47824,0.011353377,-4.613718,0.009914886,N-BEATS(L=90),5,val
2018-01-26,SPY,-4.2419796,0.014379099,-4.5826044,0.010228223,N-BEATS(L=90),5,val
2018-01-26,TLT,-4.4908476,0.011211137,-4.516399,0.010928307,N-BEATS(L=90),5,val
2018-01-29,GLD,-4.4447937,0.011739528,-4.7151685,0.008958356,N-BEATS(L=90),5,val
2018-01-29,SPY,-3.5726433,0.028081529,-4.474212,0.011399199,N-BEATS(L=90),5,val
2018-01-29,TLT,-3.9140553,0.019959394,-4.6023803,0.0100279385,N-BEATS(L=90),5,val
2018-01-30,GLD,-4.41162,0.012135501,-4.715155,0.008958477,N-BEATS(L=90),5,val
2018-01-30,SPY,-3.399309,0.03339634,-4.6200542,0.009852261,N-BEATS(L=90),5,val
2018-01-30,TLT,-3.8814392,0.020621127,-4.6548104,0.009515717,N-BEATS(L=90),5,val
2018-01-31,GLD,-4.471966,0.011424835,-4.7545853,0.008612116,N-BEATS(L=90),5,val
2018-01-31,SPY,-3.3509634,0.03505057,-4.3622055,0.012750236,N-BEATS(L=90),5,val
2018-01-31,TLT,-3.8460724,0.021363478,-4.631987,0.009735394,N-BEATS(L=90),5,val
2018-02-01,GLD,-4.4306827,0.011906359,-4.817405,0.008087746,N-BEATS(L=90),5,val
2018-02-01,SPY,-3.285083,0.037437476,-4.4465346,0.011719108,N-BEATS(L=90),5,val
2018-02-01,TLT,-3.834279,0.021616917,-4.659098,0.009475004,N-BEATS(L=90),5,val
2018-02-02,GLD,-4.4407477,0.011787121,-4.802437,0.0082097165,N-BEATS(L=90),5,val
2018-02-02,SPY,-3.0568182,0.047037117,-4.4033422,0.012236374,N-BEATS(L=90),5,val
2018-02-02,TLT,-3.8012662,0.022342464,-4.401625,0.012257404,N-BEATS(L=90),5,val
2018-02-05,GLD,-4.470418,0.011442532,-4.7407413,0.008732171,N-BEATS(L=90),5,val
2018-02-05,SPY,-3.157909,0.04251455,-4.2399263,0.014408654,N-BEATS(L=90),5,val
2018-02-05,TLT,-4.134261,0.016014494,-4.280704,0.01383292,N-BEATS(L=90),5,val
2018-02-06,GLD,-4.5243893,0.010841333,-4.3740916,0.012599582,N-BEATS(L=90),5,val
2018-02-06,SPY,-3.2639205,0.03823819,-4.331369,0.013149534,N-BEATS(L=90),5,val
2018-02-06,TLT,-4.1972322,0.015037138,-4.1985936,0.0150166815,N-BEATS(L=90),5,val
2018-02-07,GLD,-4.3724794,0.012619912,-4.596655,0.010085517,N-BEATS(L=90),5,val
2018-02-07,SPY,-3.2908058,0.037223842,-3.9820879,0.018646667,N-BEATS(L=90),5,val
2018-02-07,TLT,-4.293345,0.01365916,-4.103349,0.016517263,N-BEATS(L=90),5,val
2018-02-08,GLD,-4.423999,0.011986205,-4.5045166,0.011058935,N-BEATS(L=90),5,val
2018-02-08,SPY,-3.326039,0.03593516,-3.9179068,0.01988267,N-BEATS(L=90),5,val
2018-02-08,TLT,-4.372173,0.012623781,-4.2029047,0.014952082,N-BEATS(L=90),5,val
2018-02-09,GLD,-4.363572,0.012732823,-4.601671,0.010035051,N-BEATS(L=90),5,val
2018-02-09,SPY,-3.804423,0.022272043,-3.7969182,0.02243982,N-BEATS(L=90),5,val
2018-02-09,TLT,-4.4985285,0.011125356,-4.0754743,0.016984157,N-BEATS(L=90),5,val
2018-02-12,GLD,-4.3154616,0.01336038,-4.68415,0.0092405835,N-BEATS(L=90),5,val
2018-02-12,SPY,-3.9515593,0.019224701,-3.6438437,0.026151633,N-BEATS(L=90),5,val
2018-02-12,TLT,-4.6090693,0.009961084,-4.0205526,0.017943047,N-BEATS(L=90),5,val
2018-02-13,GLD,-4.230135,0.014550427,-4.8706064,0.0076687136,N-BEATS(L=90),5,val
2018-02-13,SPY,-3.8528283,0.021219637,-3.7307663,0.023974458,N-BEATS(L=90),5,val
2018-02-13,TLT,-4.431562,0.011895894,-4.1699347,0.015453269,N-BEATS(L=90),5,val
2018-02-14,GLD,-4.486965,0.011254748,-4.697468,0.009118337,N-BEATS(L=90),5,val
2018-02-14,SPY,-3.8529644,0.021216748,-3.9052622,0.020135673,N-BEATS(L=90),5,val
2018-02-14,TLT,-4.463007,0.011527648,-4.2919793,0.013677826,N-BEATS(L=90),5,val
2018-02-15,GLD,-4.5103645,0.010994452,-4.48282,0.011301498,N-BEATS(L=90),5,val
2018-02-15,SPY,-3.946638,0.019319544,-4.167405,0.015492409,N-BEATS(L=90),5,val
2018-02-15,TLT,-4.5113306,0.010983835,-4.4104,0.012150318,N-BEATS(L=90),5,val
2018-02-16,GLD,-4.653587,0.009527368,-4.5509195,0.010557492,N-BEATS(L=90),5,val
2018-02-16,SPY,-3.9870012,0.018555274,-4.0688562,0.017096933,N-BEATS(L=90),5,val
2018-02-16,TLT,-4.5284095,0.010797837,-4.334705,0.013105742,N-BEATS(L=90),5,val
2018-02-20,GLD,-4.5334697,0.010743336,-4.5548406,0.010516177,N-BEATS(L=90),5,val
2018-02-20,SPY,-3.984794,0.018596277,-4.052104,0.017385757,N-BEATS(L=90),5,val
2018-02-20,TLT,-4.368015,0.012676381,-4.60515,0.0100002,N-BEATS(L=90),5,val
2018-02-21,GLD,-4.6815033,0.009265075,-4.568056,0.010378114,N-BEATS(L=90),5,val
2018-02-21,SPY,-4.079371,0.016918104,-4.2165117,0.014750007,N-BEATS(L=90),5,val
2018-02-21,TLT,-4.520173,0.0108871395,-4.470374,0.011443034,N-BEATS(L=90),5,val
2018-02-22,GLD,-4.338892,0.013050981,-4.7377133,0.008758651,N-BEATS(L=90),5,val
2018-02-22,SPY,-3.8101563,0.022144716,-4.278249,0.013866925,N-BEATS(L=90),5,val
2018-02-22,TLT,-4.3760285,0.012575202,-4.200269,0.01499154,N-BEATS(L=90),5,val
2018-02-23,GLD,-4.31492,0.013367619,-4.8303823,0.0079834685,N-BEATS(L=90),5,val
2018-02-23,SPY,-3.740109,0.023751514,-4.195881,0.0150574725,N-BEATS(L=90),5,val
2018-02-23,TLT,-4.3582525,0.012800737,-4.4484086,0.011697167,N-BEATS(L=90),5,val
2018-02-26,GLD,-4.3097634,0.013436728,-4.8915434,0.007509823,N-BEATS(L=90),5,val
2018-02-26,SPY,-3.6931345,0.024893848,-4.069061,0.017093435,N-BEATS(L=90),5,val
2018-02-26,TLT,-4.314756,0.013369813,-4.717045,0.008941564,N-BEATS(L=90),5,val
2018-02-27,GLD,-4.425692,0.011965927,-4.8378296,0.0079242345,N-BEATS(L=90),5,val
2018-02-27,SPY,-3.722453,0.024174592,-4.014717,0.01804806,N-BEATS(L=90),5,val
2018-02-27,TLT,-4.491057,0.01120879,-4.621852,0.009834566,N-BEATS(L=90),5,val
2018-02-28,GLD,-4.4101644,0.01215318,-4.654639,0.00951735,N-BEATS(L=90),5,val
2018-02-28,SPY,-3.76294,0.023215389,-4.4031763,0.012238405,N-BEATS(L=90),5,val
2018-02-28,TLT,-4.490898,0.011210571,-4.571682,0.010340553,N-BEATS(L=90),5,val
2018-03-01,GLD,-4.8000984,0.008228937,-4.5744295,0.01031218,N-BEATS(L=90),5,val
2018-03-01,SPY,-4.092124,0.016703717,-4.2043467,0.014930538,N-BEATS(L=90),5,val
2018-03-01,TLT,-4.6814837,0.009265256,-4.5957975,0.010094167,N-BEATS(L=90),5,val
2018-03-02,GLD,-4.778746,0.008406533,-4.498081,0.011130333,N-BEATS(L=90),5,val
2018-03-02,SPY,-4.2593327,0.01413173,-3.831393,0.021679396,N-BEATS(L=90),5,val
2018-03-02,TLT,-4.6817136,0.009263127,-4.3682275,0.012673685,N-BEATS(L=90),5,val
2018-03-05,GLD,-4.758407,0.008579264,-4.550823,0.010558509,N-BEATS(L=90),5,val
2018-03-05,SPY,-4.460738,0.011553831,-4.048974,0.01744026,N-BEATS(L=90),5,val
2018-03-05,TLT,-4.8877115,0.007538655,-4.295977,0.013623253,N-BEATS(L=90),5,val
2018-03-06,GLD,-4.7015147,0.009081511,-4.4114313,0.012137793,N-BEATS(L=90),5,val
2018-03-06,SPY,-4.3201575,0.013297789,-4.1759496,0.015360598,N-BEATS(L=90),5,val
2018-03-06,TLT,-4.748242,0.00866692,-4.516979,0.010921967,N-BEATS(L=90),5,val
2018-03-07,GLD,-4.789383,0.008317588,-4.459188,0.011571756,N-BEATS(L=90),5,val
2018-03-07,SPY,-4.29086,0.013693142,-4.3284607,0.013187832,N-BEATS(L=90),5,val
2018-03-07,TLT,-4.697248,0.009120342,-4.2892537,0.013715157,N-BEATS(L=90),5,val
2018-03-08,GLD,-4.8044276,0.0081933895,-4.482398,0.011306268,N-BEATS(L=90),5,val
2018-03-08,SPY,-4.2731776,0.013937425,-4.2874446,0.013739992,N-BEATS(L=90),5,val
2018-03-08,TLT,-4.723423,0.008884714,-4.672226,0.00935143,N-BEATS(L=90),5,val
2018-03-09,GLD,-4.8425,0.007887309,-4.7474756,0.008673563,N-BEATS(L=90),5,val
2018-03-09,SPY,-4.3297095,0.013171373,-4.291971,0.013677937,N-BEATS(L=90),5,val
2018-03-09,TLT,-4.7844863,0.008358416,-4.619548,0.009857252,N-BEATS(L=90),5,val
2018-03-12,GLD,-4.807563,0.008167742,-4.562657,0.0104343,N-BEATS(L=90),5,val
2018-03-12,SPY,-3.996012,0.018388828,-4.45924,0.011571155,N-BEATS(L=90),5,val
2018-03-12,TLT,-4.694954,0.009141289,-4.58177,0.0102367615,N-BEATS(L=90),5,val
2018-03-13,GLD,-4.9518447,0.007070354,-4.4501247,0.011677111,N-BEATS(L=90),5,val
2018-03-13,SPY,-4.094114,0.016670512,-4.615853,0.009893742,N-BEATS(L=90),5,val
2018-03-13,TLT,-4.854327,0.0077945758,-4.7862344,0.008343818,N-BEATS(L=90),5,val
2018-03-14,GLD,-4.5508094,0.010558655,-4.5102596,0.010995605,N-BEATS(L=90),5,val
2018-03-14,SPY,-4.056994,0.017300949,-4.5685177,0.010373325,N-BEATS(L=90),5,val
2018-03-14,TLT,-4.6109843,0.009942028,-4.74309,0.0087116845,N-BEATS(L=90),5,val
2018-03-15,GLD,-4.5134497,0.0109605845,-4.4751735,0.011388246,N-BEATS(L=90),5,val
2018-03-15,SPY,-3.927218,0.019698398,-4.5533476,0.010531889,N-BEATS(L=90),5,val
2018-03-15,TLT,-4.4596143,0.011566824,-4.661627,0.0094510745,N-BEATS(L=90),5,val
2018-03-16,GLD,-4.545508,0.01061478,-4.59216,0.010130949,N-BEATS(L=90),5,val
2018-03-16,SPY,-3.8045206,0.022269871,-4.5944843,0.010107432,N-BEATS(L=90),5,val
2018-03-16,TLT,-4.44955,0.011683822,-4.6226387,0.0098268315,N-BEATS(L=90),5,val
2018-03-19,GLD,-4.576262,0.010293301,-4.7697916,0.008482148,N-BEATS(L=90),5,val
2018-03-19,SPY,-3.775241,0.022931566,-4.667481,0.009395909,N-BEATS(L=90),5,val
2018-03-19,TLT,-4.4516597,0.0116592,-4.709908,0.009005606,N-BEATS(L=90),5,val
2018-03-20,GLD,-4.5887547,0.01016551,-4.629982,0.009754934,N-BEATS(L=90),5,val
2018-03-20,SPY,-3.5696695,0.028165162,-4.6860137,0.00922338,N-BEATS(L=90),5,val
2018-03-20,TLT,-4.3896365,0.012405237,-4.640582,0.009652077,N-BEATS(L=90),5,val
2018-03-21,GLD,-4.846333,0.007857136,-4.693368,0.009155798,N-BEATS(L=90),5,val
2018-03-21,SPY,-3.5370631,0.029098662,-4.4189086,0.012047374,N-BEATS(L=90),5,val
2018-03-21,TLT,-4.541654,0.010655766,-4.86275,0.007729199,N-BEATS(L=90),5,val
2018-03-22,GLD,-4.9401684,0.0071533937,-4.304663,0.013505434,N-BEATS(L=90),5,val
2018-03-22,SPY,-3.4952428,0.03034138,-4.586527,0.010188182,N-BEATS(L=90),5,val
2018-03-22,TLT,-4.6866026,0.0092179505,-4.7416115,0.008724575,N-BEATS(L=90),5,val
2018-03-23,GLD,-4.7240305,0.008879318,-4.6205044,0.009847828,N-BEATS(L=90),5,val
2018-03-23,SPY,-3.3671925,0.03448632,-4.417395,0.012065621,N-BEATS(L=90),5,val
2018-03-23,TLT,-4.530496,0.010775329,-4.459578,0.011567243,N-BEATS(L=90),5,val
2018-03-26,GLD,-4.7207055,0.008908891,-4.5666823,0.010392381,N-BEATS(L=90),5,val
2018-03-26,SPY,-3.404538,0.03322217,-4.484746,0.0112797525,N-BEATS(L=90),5,val
2018-03-26,TLT,-4.571273,0.010344784,-4.876459,0.0076239617,N-BEATS(L=90),5,val
2018-03-27,GLD,-4.657936,0.009486021,-4.5702972,0.010354881,N-BEATS(L=90),5,val
2018-03-27,SPY,-3.4537463,0.03162693,-4.1831226,0.01525081,N-BEATS(L=90),5,val
2018-03-27,TLT,-4.617862,0.009873882,-4.6608486,0.009458432,N-BEATS(L=90),5,val
2018-03-28,GLD,-4.742808,0.008714144,-4.56824,0.010376204,N-BEATS(L=90),5,val
2018-03-28,SPY,-3.494552,0.03036235,-4.3697853,0.012653957,N-BEATS(L=90),5,val
2018-03-28,TLT,-4.669516,0.009376806,-4.5908504,0.010144228,N-BEATS(L=90),5,val
2018-03-29,GLD,-4.732654,0.008803076,-4.4481597,0.011700079,N-BEATS(L=90),5,val
2018-03-29,SPY,-3.44194,0.03200254,-3.985378,0.018585417,N-BEATS(L=90),5,val
2018-03-29,TLT,-4.6286874,0.009767571,-4.6823726,0.009257025,N-BEATS(L=90),5,val
2018-04-02,GLD,-4.9154315,0.007332553,-4.674524,0.009329966,N-BEATS(L=90),5,val
2018-04-02,SPY,-3.5584662,0.028482478,-3.9489214,0.01927548,N-BEATS(L=90),5,val
2018-04-02,TLT,-4.7585106,0.008578377,-4.352288,0.012877318,N-BEATS(L=90),5,val
2018-04-03,GLD,-4.8855743,0.0075547835,-4.546035,0.010609188,N-BEATS(L=90),5,val
2018-04-03,SPY,-3.6005905,0.027307594,-3.688584,0.025007386,N-BEATS(L=90),5,val
2018-04-03,TLT,-4.7441134,0.0087027745,-4.554313,0.010521724,N-BEATS(L=90),5,val
2018-04-04,GLD,-4.496169,0.011151636,-4.5971403,0.010080622,N-BEATS(L=90),5,val
2018-04-04,SPY,-3.7073596,0.02454224,-3.610301,0.027043706,N-BEATS(L=90),5,val
2018-04-04,TLT,-4.76964,0.008483434,-4.426565,0.011955484,N-BEATS(L=90),5,val
2018-04-05,GLD,-4.4818077,0.011312944,-4.9027376,0.007426225,N-BEATS(L=90),5,val
2018-04-05,SPY,-3.7191257,0.024255164,-3.6942024,0.02486728,N-BEATS(L=90),5,val
2018-04-05,TLT,-4.7414417,0.008726057,-4.5346384,0.010730787,N-BEATS(L=90),5,val
2018-04-06,GLD,-4.4574337,0.011592074,-4.6438537,0.009620552,N-BEATS(L=90),5,val
2018-04-06,SPY,-3.9696264,0.018880485,-3.7720304,0.023005307,N-BEATS(L=90),5,val
2018-04-06,TLT,-4.849555,0.007831862,-4.6330147,0.009725396,N-BEATS(L=90),5,val
2018-04-09,GLD,-4.466176,0.011491174,-4.2544155,0.014201389,N-BEATS(L=90),5,val
2018-04-09,SPY,-4.224605,0.014631111,-4.0294113,0.017784797,N-BEATS(L=90),5,val
2018-04-09,TLT,-4.951763,0.0070709307,-4.503785,0.011067027,N-BEATS(L=90),5,val
2018-04-10,GLD,-4.4910226,0.011209176,-4.5845356,0.010208489,N-BEATS(L=90),5,val
2018-04-10,SPY,-4.3158407,0.013355317,-3.9913557,0.018474652,N-BEATS(L=90),5,val
2018-04-10,TLT,-4.9083548,0.007384628,-4.525678,0.010827369,N-BEATS(L=90),5,val
2018-04-11,GLD,-4.9213166,0.007289527,-4.32101,0.013286456,N-BEATS(L=90),5,val
2018-04-11,SPY,-4.382365,0.012495768,-4.08495,0.016823981,N-BEATS(L=90),5,val
2018-04-11,TLT,-4.885429,0.0075558824,-4.255678,0.014183468,N-BEATS(L=90),5,val
2018-04-12,GLD,-4.900385,0.007443717,-4.4008822,0.012266513,N-BEATS(L=90),5,val
2018-04-12,SPY,-4.3663635,0.012697331,-3.9753716,0.018772325,N-BEATS(L=90),5,val
2018-04-12,TLT,-4.8221083,0.008049798,-4.5366397,0.010709333,N-BEATS(L=90),5,val
2018-04-13,GLD,-4.9692125,0.0069486178,-4.481716,0.0113139795,N-BEATS(L=90),5,val
2018-04-13,SPY,-4.376368,0.0125709325,-4.0751257,0.016990079,N-BEATS(L=90),5,val
2018-04-13,TLT,-4.802987,0.008205201,-4.6199117,0.009853667,N-BEATS(L=90),5,val
2018-04-16,GLD,-4.9814773,0.0068639154,-4.452177,0.01165317,N-BEATS(L=90),5,val
2018-04-16,SPY,-4.3409543,0.013024094,-4.0957217,0.016643729,N-BEATS(L=90),5,val
2018-04-16,TLT,-4.791011,0.008304059,-4.653008,0.009532884,N-BEATS(L=90),5,val
2018-04-17,GLD,-4.9491105,0.007089712,-4.7525682,0.008629504,N-BEATS(L=90),5,val
2018-04-17,SPY,-3.9941032,0.018423961,-4.1546435,0.015691383,N-BEATS(L=90),5,val
2018-04-17,TLT,-4.800089,0.008229015,-4.565774,0.010401825,N-BEATS(L=90),5,val
2018-04-18,GLD,-5.037534,0.006489731,-4.618595,0.009866647,N-BEATS(L=90),5,val
2018-04-18,SPY,-3.910604,0.020028401,-4.2116027,0.014822593,N-BEATS(L=90),5,val
2018-04-18,TLT,-4.771257,0.008469728,-4.5804806,0.01024997,N-BEATS(L=90),5,val
2018-04-19,GLD,-5.031934,0.006526178,-5.009869,0.0066717765,N-BEATS(L=90),5,val
2018-04-19,SPY,-3.886091,0.020525424,-4.3785625,0.0125433775,N-BEATS(L=90),5,val
2018-04-19,TLT,-4.840064,0.007906548,-4.685905,0.009224383,N-BEATS(L=90),5,val
2018-04-20,GLD,-5.0459304,0.00643547,-4.7087536,0.009016008,N-BEATS(L=90),5,val
2018-04-20,SPY,-3.9286654,0.019669907,-4.325953,0.013220944,N-BEATS(L=90),5,val
2018-04-20,TLT,-4.907622,0.007390042,-4.7885847,0.00832423,N-BEATS(L=90),5,val
2018-04-23,GLD,-4.799361,0.008235006,-4.713917,0.008969577,N-BEATS(L=90),5,val
2018-04-23,SPY,-3.928178,0.019679494,-4.3208437,0.013288667,N-BEATS(L=90),5,val
2018-04-23,TLT,-4.873984,0.0076428563,-4.815422,0.008103801,N-BEATS(L=90),5,val
2018-04-24,GLD,-4.79017,0.008311043,-4.7573714,0.008588155,N-BEATS(L=90),5,val
2018-04-24,SPY,-4.1509447,0.01574953,-4.3793554,0.012533435,N-BEATS(L=90),5,val
2018-04-24,TLT,-4.923536,0.007273368,-4.757494,0.008587102,N-BEATS(L=90),5,val
2018-04-25,GLD,-4.6480374,0.009580386,-4.7973185,0.008251845,N-BEATS(L=90),5,val
2018-04-25,SPY,-4.209942,0.014847231,-4.0388227,0.017618204,N-BEATS(L=90),5,val
2018-04-25,TLT,-4.99339,0.006782632,-4.6113014,0.009938875,N-BEATS(L=90),5,val
2018-04-26,GLD,-4.7156415,0.00895412,-4.6299744,0.009755009,N-BEATS(L=90),5,val
2018-04-26,SPY,-4.0451694,0.01750674,-3.9615798,0.019033022,N-BEATS(L=90),5,val
2018-04-26,TLT,-4.939529,0.0071579693,-4.678154,0.009296159,N-BEATS(L=90),5,val
2018-04-27,GLD,-4.6877375,0.009207495,-4.634283,0.009713069,N-BEATS(L=90),5,val
2018-04-27,SPY,-3.9126205,0.019988053,-3.898552,0.020271244,N-BEATS(L=90),5,val
2018-04-27,TLT,-4.8232145,0.008040898,-4.6532946,0.009530152,N-BEATS(L=90),5,val
2018-04-30,GLD,-4.8790765,0.007604033,-4.70686,0.009033096,N-BEATS(L=90),5,val
2018-04-30,SPY,-3.9351542,0.019542685,-3.996106,0.018387102,N-BEATS(L=90),5,val
2018-04-30,TLT,-4.9213343,0.0072893985,-4.5195155,0.0108943,N-BEATS(L=90),5,val
2018-05-01,GLD,-4.681787,0.009262447,-4.7776184,0.008416018,N-BEATS(L=90),5,val
2018-05-01,SPY,-3.968947,0.018893318,-3.7731621,0.022979286,N-BEATS(L=90),5,val
2018-05-01,TLT,-4.8579326,0.007766524,-4.546569,0.010603524,N-BEATS(L=90),5,val
2018-05-02,GLD,-4.7844996,0.008358304,-4.5203233,0.010885504,N-BEATS(L=90),5,val
2018-05-02,SPY,-3.9856164,0.018580986,-3.9236424,0.019768957,N-BEATS(L=90),5,val
2018-05-02,TLT,-4.885907,0.0075522694,-4.5288877,0.010792674,N-BEATS(L=90),5,val
2018-05-03,GLD,-4.7359242,0.0087743355,-4.78863,0.008323853,N-BEATS(L=90),5,val
2018-05-03,SPY,-4.195273,0.01506663,-4.015768,0.018029101,N-BEATS(L=90),5,val
2018-05-03,TLT,-4.9208813,0.0072927014,-4.7134438,0.008973821,N-BEATS(L=90),5,val
2018-05-04,GLD,-4.758248,0.008580631,-4.760412,0.00856208,N-BEATS(L=90),5,val
2018-05-04,SPY,-4.492377,0.011194007,-3.9729834,0.01881721,N-BEATS(L=90),5,val
2018-05-04,TLT,-4.999651,0.006740299,-4.681592,0.009264254,N-BEATS(L=90),5,val
2018-05-07,GLD,-4.7392097,0.008745556,-4.5609407,0.010452221,N-BEATS(L=90),5,val
2018-05-07,SPY,-4.518695,0.010903245,-3.7432923,0.023676025,N-BEATS(L=90),5,val
2018-05-07,TLT,-4.9719424,0.0069296747,-4.423594,0.0119910585,N-BEATS(L=90),5,val
2018-05-08,GLD,-4.942362,0.0071377205,-4.8395224,0.007910832,N-BEATS(L=90),5,val
2018-05-08,SPY,-4.594902,0.010103211,-3.9563408,0.019132998,N-BEATS(L=90),5,val
2018-05-08,TLT,-4.889039,0.007528654,-4.6807466,0.009272089,N-BEATS(L=90),5,val
2018-05-09,GLD,-4.9562917,0.007038982,-4.6518207,0.00954421,N-BEATS(L=90),5,val
2018-05-09,SPY,-4.727614,0.008847557,-4.205491,0.014913461,N-BEATS(L=90),5,val
2018-05-09,TLT,-4.8654785,0.007708139,-4.4614143,0.011546021,N-BEATS(L=90),5,val
2018-05-10,GLD,-5.039505,0.0064769536,-4.753549,0.0086210435,N-BEATS(L=90),5,val
2018-05-10,SPY,-4.6531143,0.0095318705,-4.1568413,0.015656935,N-BEATS(L=90),5,val
2018-05-10,TLT,-4.8291097,0.007993635,-4.738109,0.008755186,N-BEATS(L=90),5,val
2018-05-11,GLD,-4.9846115,0.006842436,-4.7939525,0.008279667,N-BEATS(L=90),5,val
2018-05-11,SPY,-4.689454,0.009191703,-4.397275,0.012310842,N-BEATS(L=90),5,val
2018-05-11,TLT,-4.8422766,0.007889073,-4.739853,0.0087399315,N-BEATS(L=90),5,val
2018-05-14,GLD,-4.985131,0.0068388837,-4.620717,0.009845734,N-BEATS(L=90),5,val
2018-05-14,SPY,-4.7295094,0.0088308025,-4.4099636,0.01215562,N-BEATS(L=90),5,val
2018-05-14,TLT,-4.8295007,0.00799051,-4.663629,0.009432171,N-BEATS(L=90),5,val
2018-05-15,GLD,-5.1018434,0.0060855183,-4.6585298,0.009480391,N-BEATS(L=90),5,val
2018-05-15,SPY,-4.7176566,0.008936095,-4.297341,0.0136046875,N-BEATS(L=90),5,val
2018-05-15,TLT,-4.9900374,0.0068054097,-4.883901,0.007567435,N-BEATS(L=90),5,val
2018-05-16,GLD,-5.1284857,0.005925527,-4.755214,0.008606701,N-BEATS(L=90),5,val
2018-05-16,SPY,-4.706483,0.009036504,-4.1438212,0.015862122,N-BEATS(L=90),5,val
2018-05-16,TLT,-5.021659,0.0065935794,-4.7957797,0.008264553,N-BEATS(L=90),5,val
2018-05-17,GLD,-5.0350285,0.0065060128,-4.6423097,0.009635418,N-BEATS(L=90),5,val
2018-05-17,SPY,-4.646357,0.009596498,-4.26075,0.014111717,N-BEATS(L=90),5,val
2018-05-17,TLT,-5.1429424,0.0058404794,-4.885327,0.0075566536,N-BEATS(L=90),5,val
2018-05-18,GLD,-5.1338677,0.005893721,-4.811069,0.008139154,N-BEATS(L=90),5,val
2018-05-18,SPY,-4.6288233,0.009766244,-4.07396,0.017009899,N-BEATS(L=90),5,val
2018-05-18,TLT,-5.2006164,0.005513165,-4.84637,0.007856845,N-BEATS(L=90),5,val
2018-05-21,GLD,-4.9002495,0.0074447254,-4.8444333,0.007872078,N-BEATS(L=90),5,val
2018-05-21,SPY,-4.3893695,0.012408551,-4.267905,0.014011103,N-BEATS(L=90),5,val
2018-05-21,TLT,-4.5257187,0.01082693,-4.6361866,0.009694597,N-BEATS(L=90),5,val
2018-05-22,GLD,-4.880992,0.0075894822,-4.794445,0.00827559,N-BEATS(L=90),5,val
2018-05-22,SPY,-4.3639317,0.012728246,-4.3519573,0.012881574,N-BEATS(L=90),5,val
2018-05-22,TLT,-4.500603,0.011102297,-4.500213,0.011106629,N-BEATS(L=90),5,val
2018-05-23,GLD,-4.8361034,0.007937924,-4.898712,0.0074561792,N-BEATS(L=90),5,val
2018-05-23,SPY,-4.327597,0.013199225,-4.3210425,0.013286025,N-BEATS(L=90),5,val
2018-05-23,TLT,-4.402759,0.012243512,-4.6715817,0.009357457,N-BEATS(L=90),5,val
2018-05-24,GLD,-4.8209534,0.0080591,-4.7870626,0.00833691,N-BEATS(L=90),5,val
2018-05-24,SPY,-4.422573,0.012003307,-4.649651,0.009564939,N-BEATS(L=90),5,val
2018-05-24,TLT,-4.3405695,0.013029106,-4.72825,0.008841931,N-BEATS(L=90),5,val
2018-05-25,GLD,-4.8075795,0.008167605,-4.709488,0.00900939,N-BEATS(L=90),5,val
2018-05-25,SPY,-4.443934,0.011749625,-4.473545,0.011406806,N-BEATS(L=90),5,val
2018-05-25,TLT,-4.3302636,0.013164077,-4.9149237,0.007336278,N-BEATS(L=90),5,val
2018-05-29,GLD,-4.81436,0.008112411,-4.7667737,0.008507784,N-BEATS(L=90),5,val
2018-05-29,SPY,-4.7238526,0.008880897,-4.5643167,0.010416994,N-BEATS(L=90),5,val
2018-05-29,TLT,-4.6648746,0.00942043,-4.9125504,0.007353709,N-BEATS(L=90),5,val
2018-05-30,GLD,-4.736164,0.008772232,-4.867503,0.0076925484,N-BEATS(L=90),5,val
2018-05-30,SPY,-4.724364,0.008876359,-4.6381507,0.0096755745,N-BEATS(L=90),5,val
2018-05-30,TLT,-4.669373,0.009378147,-4.7232685,0.008886087,N-BEATS(L=90),5,val
2018-05-31,GLD,-4.78942,0.008317279,-4.756221,0.008598042,N-BEATS(L=90),5,val
2018-05-31,SPY,-4.7458067,0.00868805,-4.403717,0.0122317895,N-BEATS(L=90),5,val
2018-05-31,TLT,-4.472134,0.011422912,-4.71817,0.008931506,N-BEATS(L=90),5,val
2018-06-01,GLD,-4.888859,0.007530011,-4.8651776,0.0077104582,N-BEATS(L=90),5,val
2018-06-01,SPY,-4.7634664,0.008535969,-4.4535513,0.011637166,N-BEATS(L=90),5,val
2018-06-01,TLT,-4.551999,0.0105461,-4.9345093,0.0071939905,N-BEATS(L=90),5,val
2018-06-04,GLD,-4.8859086,0.0075522587,-4.887819,0.007537846,N-BEATS(L=90),5,val
2018-06-04,SPY,-4.7490935,0.008659542,-4.355362,0.012837792,N-BEATS(L=90),5,val
2018-06-04,TLT,-4.5640807,0.0104194535,-4.6701064,0.009371272,N-BEATS(L=90),5,val
2018-06-05,GLD,-5.080893,0.006214357,-4.878627,0.007607453,N-BEATS(L=90),5,val
2018-06-05,SPY,-4.7747293,0.008440369,-4.381046,0.012512267,N-BEATS(L=90),5,val
2018-06-05,TLT,-4.5715017,0.010342416,-4.8307805,0.00798029,N-BEATS(L=90),5,val
2018-06-06,GLD,-5.0149493,0.0066379686,-4.9174123,0.0073180436,N-BEATS(L=90),5,val
2018-06-06,SPY,-4.885045,0.007558783,-4.1284623,0.016107628,N-BEATS(L=90),5,val
2018-06-06,TLT,-4.4782968,0.011352733,-4.7778406,0.008414148,N-BEATS(L=90),5,val
2018-06-07,GLD,-5.001338,0.006728938,-5.194624,0.0055463016,N-BEATS(L=90),5,val
2018-06-07,SPY,-5.011772,0.006659092,-4.3988237,0.01229179,N-BEATS(L=90),5,val
2018-06-07,TLT,-4.780806,0.008389234,-4.878975,0.0076048058,N-BEATS(L=90),5,val
2018-06-08,GLD,-4.6627793,0.009440188,-4.851372,0.0078176465,N-BEATS(L=90),5,val
2018-06-08,SPY,-4.8126035,0.008126674,-4.397683,0.012305818,N-BEATS(L=90),5,val
2018-06-08,TLT,-4.7131596,0.008976371,-4.6353984,0.009702241,N-BEATS(L=90),5,val
2018-06-11,GLD,-4.6597667,0.009468672,-5.13401,0.0058928835,N-BEATS(L=90),5,val
2018-06-11,SPY,-4.7610807,0.008556358,-4.3942633,0.012347974,N-BEATS(L=90),5,val
2018-06-11,TLT,-4.6972656,0.009120181,-4.7621565,0.008547158,N-BEATS(L=90),5,val
2018-06-12,GLD,-4.6726685,0.0093472935,-5.0421085,0.0064601125,N-BEATS(L=90),5,val
2018-06-12,SPY,-4.6802006,0.009277153,-4.5288577,0.010792998,N-BEATS(L=90),5,val
2018-06-12,TLT,-4.6810846,0.009268955,-4.7249002,0.008871599,N-BEATS(L=90),5,val
2018-06-13,GLD,-4.765771,0.00851632,-4.7551603,0.008607165,N-BEATS(L=90),5,val
2018-06-13,SPY,-4.7013483,0.009083022,-4.8055115,0.008184514,N-BEATS(L=90),5,val
2018-06-13,TLT,-4.874286,0.007640546,-4.874639,0.007637851,N-BEATS(L=90),5,val
2018-06-14,GLD,-4.7640204,0.008531241,-4.6188316,0.009864314,N-BEATS(L=90),5,val
2018-06-14,SPY,-4.6445475,0.009613879,-4.4025965,0.012245503,N-BEATS(L=90),5,val
2018-06-14,TLT,-4.9493666,0.007087897,-4.6947775,0.009142902,N-BEATS(L=90),5,val
2018-06-15,GLD,-5.202639,0.0055020247,-4.758238,0.008580716,N-BEATS(L=90),5,val
2018-06-15,SPY,-4.782377,0.0083760675,-4.285478,0.013767038,N-BEATS(L=90),5,val
2018-06-15,TLT,-5.065118,0.006313167,-4.565556,0.010404092,N-BEATS(L=90),5,val
2018-06-18,GLD,-5.2051105,0.0054884437,-4.7657127,0.0085168155,N-BEATS(L=90),5,val
2018-06-18,SPY,-4.3592534,0.012787932,-4.372593,0.012618479,N-BEATS(L=90),5,val
2018-06-18,TLT,-5.079449,0.006223336,-4.5449967,0.0106202075,N-BEATS(L=90),5,val
2018-06-19,GLD,-5.1756086,0.0056527755,-4.9169807,0.007321202,N-BEATS(L=90),5,val
2018-06-19,SPY,-4.3590736,0.01279023,-4.5639744,0.010420561,N-BEATS(L=90),5,val
2018-06-19,TLT,-5.163142,0.0057236864,-4.752744,0.008627986,N-BEATS(L=90),5,val
2018-06-20,GLD,-5.168143,0.0056951363,-4.845941,0.007860217,N-BEATS(L=90),5,val
2018-06-20,SPY,-4.126934,0.016132263,-4.5795884,0.010259118,N-BEATS(L=90),5,val
2018-06-20,TLT,-5.128115,0.0059277224,-4.743411,0.008708889,N-BEATS(L=90),5,val
2018-06-21,GLD,-5.1160264,0.0059998166,-4.773943,0.008447008,N-BEATS(L=90),5,val
2018-06-21,SPY,-4.0565248,0.017309068,-4.717998,0.008933044,N-BEATS(L=90),5,val
2018-06-21,TLT,-5.171077,0.005678451,-4.77862,0.008407596,N-BEATS(L=90),5,val
2018-06-22,GLD,-4.9675574,0.006960128,-4.799757,0.008231747,N-BEATS(L=90),5,val
2018-06-22,SPY,-4.005914,0.018207636,-4.6077795,0.00997394,N-BEATS(L=90),5,val
2018-06-22,TLT,-4.9981856,0.006750183,-4.9076576,0.007389778,N-BEATS(L=90),5,val
2018-06-25,GLD,-4.92804,0.007240681,-4.855091,0.0077886237,N-BEATS(L=90),5,val
2018-06-25,SPY,-4.1505823,0.01575524,-4.6220803,0.009832321,N-BEATS(L=90),5,val
2018-06-25,TLT,-5.0423574,0.0064585046,-4.7360854,0.008772922,N-BEATS(L=90),5,val
2018-06-26,GLD,-4.8651214,0.0077108922,-4.7728276,0.008456435,N-BEATS(L=90),5,val
2018-06-26,SPY,-4.144788,0.015846798,-4.50696,0.011031947,N-BEATS(L=90),5,val
2018-06-26,TLT,-5.0539513,0.0063840584,-4.714206,0.008966981,N-BEATS(L=90),5,val
2018-06-27,GLD,-4.8401923,0.007905534,-4.886752,0.0075458908,N-BEATS(L=90),5,val
2018-06-27,SPY,-4.324666,0.013237971,-4.7025776,0.009071863,N-BEATS(L=90),5,val
2018-06-27,TLT,-5.093867,0.006134254,-4.9979653,0.0067516705,N-BEATS(L=90),5,val
2018-06-28,GLD,-4.917253,0.007319209,-4.8833303,0.0075717554,N-BEATS(L=90),5,val
2018-06-28,SPY,-4.387997,0.012425591,-4.649034,0.009570843,N-BEATS(L=90),5,val
2018-06-28,TLT,-5.0871334,0.006175698,-4.6981273,0.009112326,N-BEATS(L=90),5,val
2018-06-29,GLD,-5.0168896,0.0066251014,-4.685528,0.009227863,N-BEATS(L=90),5,val
2018-06-29,SPY,-4.512585,0.010970064,-4.7030854,0.009067258,N-BEATS(L=90),5,val
2018-06-29,TLT,-5.360655,0.004697829,-4.6615057,0.009452219,N-BEATS(L=90),5,val
2018-07-02,GLD,-5.0630126,0.0063264715,-4.8965616,0.0074722315,N-BEATS(L=90),5,val
2018-07-02,SPY,-4.603586,0.010015853,-4.3910775,0.012387374,N-BEATS(L=90),5,val
2018-07-02,TLT,-5.3586674,0.004707175,-4.72806,0.008843613,N-BEATS(L=90),5,val
2018-07-03,GLD,-5.119646,0.005978138,-4.8192873,0.008072538,N-BEATS(L=90),5,val
2018-07-03,SPY,-4.6533637,0.009529494,-4.196763,0.015044196,N-BEATS(L=90),5,val
2018-07-03,TLT,-5.2685723,0.0051509594,-4.7480526,0.00866856,N-BEATS(L=90),5,val
2018-07-05,GLD,-5.235649,0.005323368,-4.6164885,0.009887455,N-BEATS(L=90),5,val
2018-07-05,SPY,-4.7307167,0.008820147,-4.331806,0.013143786,N-BEATS(L=90),5,val
2018-07-05,TLT,-5.3664207,0.0046708193,-4.728938,0.008835848,N-BEATS(L=90),5,val
2018-07-06,GLD,-5.2286825,0.0053605833,-4.892457,0.007502965,N-BEATS(L=90),5,val
2018-07-06,SPY,-4.963519,0.006988292,-4.179702,0.015303071,N-BEATS(L=90),5,val
2018-07-06,TLT,-5.400164,0.0045158397,-4.9202747,0.0072971256,N-BEATS(L=90),5,val
2018-07-09,GLD,-5.246979,0.0052633937,-4.8792396,0.007602793,N-BEATS(L=90),5,val
2018-07-09,SPY,-4.955855,0.0070420573,-4.442907,0.011761699,N-BEATS(L=90),5,val
2018-07-09,TLT,-5.179868,0.0056287483,-4.9061775,0.0074007236,N-BEATS(L=90),5,val
2018-07-10,GLD,-5.0508595,0.006403827,-5.00221,0.0067230714,N-BEATS(L=90),5,val
2018-07-10,SPY,-4.817614,0.008086056,-4.4121633,0.012128912,N-BEATS(L=90),5,val
2018-07-10,TLT,-5.1450834,0.005827988,-4.679252,0.009285956,N-BEATS(L=90),5,val
2018-07-11,GLD,-5.0984397,0.0061062668,-4.9753094,0.006906382,N-BEATS(L=90),5,val
2018-07-11,SPY,-4.8816714,0.007584327,-4.3199887,0.013300033,N-BEATS(L=90),5,val
2018-07-11,TLT,-5.1466784,0.0058187,-4.993498,0.006781901,N-BEATS(L=90),5,val
2018-07-12,GLD,-4.6654115,0.009415373,-4.9160643,0.0073279147,N-BEATS(L=90),5,val
2018-07-12,SPY,-4.9339824,0.007197782,-4.175405,0.015368965,N-BEATS(L=90),5,val
2018-07-12,TLT,-5.0422463,0.006459222,-4.979605,0.006876777,N-BEATS(L=90),5,val
2018-07-13,GLD,-4.642474,0.009633833,-5.0755095,0.006247902,N-BEATS(L=90),5,val
2018-07-13,SPY,-4.967712,0.0069590528,-4.155172,0.015683096,N-BEATS(L=90),5,val
2018-07-13,TLT,-4.993317,0.006783127,-5.104269,0.006070775,N-BEATS(L=90),5,val
2018-07-16,GLD,-4.6159925,0.00989236,-4.934328,0.007195294,N-BEATS(L=90),5,val
2018-07-16,SPY,-4.9303656,0.007223862,-4.24721,0.014304087,N-BEATS(L=90),5,val
2018-07-16,TLT,-4.963435,0.0069888784,-5.1484017,0.0058086812,N-BEATS(L=90),5,val
2018-07-17,GLD,-4.6673923,0.009396742,-5.039418,0.0064775157,N-BEATS(L=90),5,val
2018-07-17,SPY,-4.901003,0.007439119,-4.4611325,0.011549276,N-BEATS(L=90),5,val
2018-07-17,TLT,-4.902704,0.0074264766,-4.7708044,0.008473561,N-BEATS(L=90),5,val
2018-07-18,GLD,-4.646177,0.009598227,-5.01034,0.0066686342,N-BEATS(L=90),5,val
2018-07-18,SPY,-4.7587066,0.008576696,-4.5767283,0.010288502,N-BEATS(L=90),5,val
2018-07-18,TLT,-4.7456346,0.008689546,-5.0409956,0.006467306,N-BEATS(L=90),5,val
2018-07-19,GLD,-4.936782,0.00717766,-4.9330406,0.007204564,N-BEATS(L=90),5,val
2018-07-19,SPY,-4.7837615,0.008364476,-4.538741,0.010686852,N-BEATS(L=90),5,val
2018-07-19,TLT,-4.728394,0.008840658,-4.970742,0.0069379965,N-BEATS(L=90),5,val
2018-07-20,GLD,-4.9313574,0.007216701,-4.9807425,0.006868961,N-BEATS(L=90),5,val
2018-07-20,SPY,-4.544685,0.01062352,-4.630083,0.009753949,N-BEATS(L=90),5,val
2018-07-20,TLT,-4.766131,0.008513255,-5.060577,0.0063418997,N-BEATS(L=90),5,val
2018-07-23,GLD,-4.9787602,0.0068825902,-4.9863772,0.0068303645,N-BEATS(L=90),5,val
2018-07-23,SPY,-4.4887886,0.011234244,-4.5589247,0.010473315,N-BEATS(L=90),5,val
2018-07-23,TLT,-4.842929,0.007883929,-5.119923,0.0059764823,N-BEATS(L=90),5,val
2018-07-24,GLD,-4.822077,0.0080500515,-4.9466376,0.007107266,N-BEATS(L=90),5,val
2018-07-24,SPY,-4.5200324,0.010888671,-4.516996,0.010921785,N-BEATS(L=90),5,val
2018-07-24,TLT,-4.920611,0.007294673,-4.9947805,0.0067732073,N-BEATS(L=90),5,val
2018-07-25,GLD,-4.873949,0.0076431227,-4.882859,0.0075753233,N-BEATS(L=90),5,val
2018-07-25,SPY,-4.5287404,0.010794264,-4.6067224,0.00998449,N-BEATS(L=90),5,val
2018-07-25,TLT,-4.9907546,0.006800531,-4.944641,0.00712147,N-BEATS(L=90),5,val
2018-07-26,GLD,-4.8865256,0.0075476,-5.038137,0.0064858203,N-BEATS(L=90),5,val
2018-07-26,SPY,-4.436179,0.011841095,-4.54091,0.0106637,N-BEATS(L=90),5,val
2018-07-26,TLT,-5.0574756,0.0063615986,-4.8967047,0.0074711624,N-BEATS(L=90),5,val
2018-07-27,GLD,-4.820086,0.008066094,-4.8148327,0.008108579,N-BEATS(L=90),5,val
2018-07-27,SPY,-4.621661,0.009836443,-4.61307,0.009921313,N-BEATS(L=90),5,val
2018-07-27,TLT,-5.0529532,0.006390433,-4.8495736,0.007831716,N-BEATS(L=90),5,val
2018-07-30,GLD,-4.8191876,0.008073343,-5.0064683,0.0066945045,N-BEATS(L=90),5,val
2018-07-30,SPY,-4.662011,0.009447443,-4.458403,0.011580842,N-BEATS(L=90),5,val
2018-07-30,TLT,-5.018005,0.0066177165,-4.859638,0.0077532884,N-BEATS(L=90),5,val
2018-07-31,GLD,-4.9831953,0.0068521327,-5.0055537,0.00670063,N-BEATS(L=90),5,val
2018-07-31,SPY,-4.7356415,0.008776817,-4.368143,0.0126747545,N-BEATS(L=90),5,val
2018-07-31,TLT,-4.9797797,0.006875577,-4.9762588,0.006899828,N-BEATS(L=90),5,val
2018-08-01,GLD,-4.93157,0.007215166,-4.9086924,0.0073821354,N-BEATS(L=90),5,val
2018-08-01,SPY,-4.8616514,0.0077376952,-4.2889028,0.013719971,N-BEATS(L=90),5,val
2018-08-01,TLT,-5.163655,0.005720753,-4.765006,0.0085228365,N-BEATS(L=90),5,val
2018-08-02,GLD,-5.0127263,0.006652741,-4.9731727,0.0069211544,N-BEATS(L=90),5,val
2018-08-02,SPY,-5.122083,0.0059635867,-4.4773817,0.011363126,N-BEATS(L=90),5,val
2018-08-02,TLT,-5.129871,0.005917324,-4.800726,0.008223775,N-BEATS(L=90),5,val
2018-08-03,GLD,-5.0351267,0.006505374,-4.886957,0.007544344,N-BEATS(L=90),5,val
2018-08-03,SPY,-4.9758,0.006902994,-4.4775453,0.011361268,N-BEATS(L=90),5,val
2018-08-03,TLT,-4.9602375,0.0070112622,-5.027275,0.0065566525,N-BEATS(L=90),5,val
2018-08-06,GLD,-4.9211407,0.00729081,-4.666642,0.009403793,N-BEATS(L=90),5,val
2018-08-06,SPY,-4.867371,0.0076935645,-4.650263,0.009559089,N-BEATS(L=90),5,val
2018-08-06,TLT,-4.98187,0.0068612187,-4.810312,0.008145319,N-BEATS(L=90),5,val
2018-08-07,GLD,-4.8616147,0.0077379793,-4.8500514,0.007827975,N-BEATS(L=90),5,val
2018-08-07,SPY,-4.791432,0.008300563,-4.460895,0.011552019,N-BEATS(L=90),5,val
2018-08-07,TLT,-4.9922113,0.0067906315,-4.775745,0.008431801,N-BEATS(L=90),5,val
2018-08-08,GLD,-4.7825303,0.008374781,-4.899257,0.0074521163,N-BEATS(L=90),5,val
2018-08-08,SPY,-4.619474,0.009857981,-4.6349134,0.009706947,N-BEATS(L=90),5,val
2018-08-08,TLT,-4.949683,0.0070856535,-4.742938,0.00871301,N-BEATS(L=90),5,val
2018-08-09,GLD,-4.681397,0.009266061,-4.95527,0.007046179,N-BEATS(L=90),5,val
2018-08-09,SPY,-4.572273,0.010334445,-4.4168115,0.012072665,N-BEATS(L=90),5,val
2018-08-09,TLT,-4.8991733,0.007452742,-4.785731,0.008348021,N-BEATS(L=90),5,val
2018-08-10,GLD,-4.6606913,0.009459921,-4.971125,0.0069353404,N-BEATS(L=90),5,val
2018-08-10,SPY,-4.5502896,0.010564144,-4.59582,0.01009394,N-BEATS(L=90),5,val
2018-08-10,TLT,-4.9411345,0.0071464865,-4.8179474,0.008083362,N-BEATS(L=90),5,val
2018-08-13,GLD,-4.6913075,0.009174682,-4.874116,0.0076418472,N-BEATS(L=90),5,val
2018-08-13,SPY,-4.657689,0.009488364,-4.3637824,0.012730146,N-BEATS(L=90),5,val
2018-08-13,TLT,-4.977238,0.0068930737,-4.736075,0.008773013,N-BEATS(L=90),5,val
2018-08-14,GLD,-4.690028,0.009186427,-4.9292455,0.0072319577,N-BEATS(L=90),5,val
2018-08-14,SPY,-4.6446223,0.00961316,-4.6693425,0.009378433,N-BEATS(L=90),5,val
2018-08-14,TLT,-4.9591513,0.0070188823,-4.9040017,0.0074168434,N-BEATS(L=90),5,val
2018-08-15,GLD,-4.78184,0.008380566,-4.990363,0.0068031936,N-BEATS(L=90),5,val
2018-08-15,SPY,-4.809264,0.008153858,-4.6742496,0.009332526,N-BEATS(L=90),5,val
2018-08-15,TLT,-4.9899583,0.0068059484,-4.9539676,0.007055361,N-BEATS(L=90),5,val
2018-08-16,GLD,-4.7882295,0.008327188,-5.017851,0.006618736,N-BEATS(L=90),5,val
2018-08-16,SPY,-4.821563,0.00805419,-4.5878887,0.010174316,N-BEATS(L=90),5,val
2018-08-16,TLT,-5.117925,0.005988435,-4.8858633,0.007552601,N-BEATS(L=90),5,val
2018-08-17,GLD,-4.696225,0.009129675,-4.8107214,0.008141984,N-BEATS(L=90),5,val
2018-08-17,SPY,-4.980687,0.006869341,-4.7146335,0.008963151,N-BEATS(L=90),5,val
2018-08-17,TLT,-5.140359,0.005855588,-4.8841467,0.0075655766,N-BEATS(L=90),5,val
2018-08-20,GLD,-4.6978345,0.009114995,-4.964784,0.006979457,N-BEATS(L=90),5,val
2018-08-20,SPY,-4.9811697,0.0068660267,-4.551356,0.010552887,N-BEATS(L=90),5,val
2018-08-20,TLT,-5.1527443,0.0057835113,-4.964895,0.006978685,N-BEATS(L=90),5,val
2018-08-21,GLD,-4.6046467,0.010005237,-5.023337,0.006582525,N-BEATS(L=90),5,val
2018-08-21,SPY,-5.100756,0.006092138,-4.6146636,0.009905515,N-BEATS(L=90),5,val
2018-08-21,TLT,-5.1828427,0.00561203,-5.0432167,0.0064529576,N-BEATS(L=90),5,val
2018-08-22,GLD,-4.6122155,0.009929794,-5.054568,0.0063801236,N-BEATS(L=90),5,val
2018-08-22,SPY,-5.0475087,0.0064253206,-4.653863,0.0095247375,N-BEATS(L=90),5,val
2018-08-22,TLT,-5.1445293,0.0058312183,-4.9396935,0.007156792,N-BEATS(L=90),5,val
2018-08-23,GLD,-4.629899,0.009755745,-5.0683765,0.0062926277,N-BEATS(L=90),5,val
2018-08-23,SPY,-5.0227876,0.006586142,-4.794664,0.008273779,N-BEATS(L=90),5,val
2018-08-23,TLT,-5.1324363,0.0059021637,-4.9963045,0.006762893,N-BEATS(L=90),5,val
2018-08-24,GLD,-4.7362514,0.008771466,-4.8262906,0.008016202,N-BEATS(L=90),5,val
2018-08-24,SPY,-4.938279,0.007166921,-4.545158,0.010618496,N-BEATS(L=90),5,val
2018-08-24,TLT,-5.0889745,0.0061643384,-4.9991264,0.0067438358,N-BEATS(L=90),5,val
2018-08-27,GLD,-4.754625,0.008611775,-4.9609833,0.0070060357,N-BEATS(L=90),5,val
2018-08-27,SPY,-4.857715,0.007768213,-4.7964954,0.008258639,N-BEATS(L=90),5,val
2018-08-27,TLT,-5.076844,0.006239569,-4.857347,0.007771073,N-BEATS(L=90),5,val
2018-08-28,GLD,-4.99506,0.006771315,-4.8033423,0.008202286,N-BEATS(L=90),5,val
2018-08-28,SPY,-4.7658587,0.008515573,-4.453032,0.011643211,N-BEATS(L=90),5,val
2018-08-28,TLT,-5.0902267,0.0061566243,-4.958995,0.0070199803,N-BEATS(L=90),5,val
2018-08-29,GLD,-4.753329,0.008622943,-4.7835007,0.008366658,N-BEATS(L=90),5,val
2018-08-29,SPY,-4.641413,0.0096440585,-4.7149014,0.008960749,N-BEATS(L=90),5,val
2018-08-29,TLT,-5.040484,0.006470616,-4.816323,0.008096505,N-BEATS(L=90),5,val
2018-08-30,GLD,-4.757894,0.008583668,-4.8509674,0.007820808,N-BEATS(L=90),5,val
2018-08-30,SPY,-4.608827,0.0099634975,-4.712079,0.008986075,N-BEATS(L=90),5,val
2018-08-30,TLT,-5.0411615,0.006466233,-5.0618935,0.006333556,N-BEATS(L=90),5,val
2018-08-31,GLD,-4.8054614,0.008184924,-4.9369845,0.0071762055,N-BEATS(L=90),5,val
2018-08-31,SPY,-4.642866,0.009630057,-4.724012,0.008879484,N-BEATS(L=90),5,val
2018-08-31,TLT,-5.2289944,0.0053589116,-5.0896287,0.0061603067,N-BEATS(L=90),5,val
2018-09-04,GLD,-4.685065,0.009232136,-4.6706533,0.009366148,N-BEATS(L=90),5,val
2018-09-04,SPY,-4.578932,0.010265856,-4.76807,0.008496761,N-BEATS(L=90),5,val
2018-09-04,TLT,-5.186553,0.0055912468,-5.0981154,0.006108247,N-BEATS(L=90),5,val
2018-09-05,GLD,-4.5279465,0.010802837,-4.838098,0.007922107,N-BEATS(L=90),5,val
2018-09-05,SPY,-4.593172,0.010120704,-4.6981664,0.00911197,N-BEATS(L=90),5,val
2018-09-05,TLT,-5.2189837,0.0054128277,-5.034059,0.006512323,N-BEATS(L=90),5,val
2018-09-06,GLD,-4.5520473,0.010545593,-4.900356,0.0074439337,N-BEATS(L=90),5,val
2018-09-06,SPY,-4.7498236,0.008653222,-4.7387958,0.008749176,N-BEATS(L=90),5,val
2018-09-06,TLT,-5.2633576,0.00517789,-5.0779896,0.006232426,N-BEATS(L=90),5,val
2018-09-07,GLD,-4.5306635,0.010773526,-4.7900577,0.008311979,N-BEATS(L=90),5,val
2018-09-07,SPY,-4.8429403,0.007883838,-4.8139186,0.008115994,N-BEATS(L=90),5,val
2018-09-07,TLT,-5.1348453,0.0058879624,-4.9634323,0.0069888984,N-BEATS(L=90),5,val
2018-09-10,GLD,-4.521927,0.010868062,-4.6772194,0.009304851,N-BEATS(L=90),5,val
2018-09-10,SPY,-4.814194,0.008113758,-4.801501,0.0082174055,N-BEATS(L=90),5,val
2018-09-10,TLT,-4.991258,0.0067971074,-4.9920473,0.0067917453,N-BEATS(L=90),5,val
2018-09-11,GLD,-4.584298,0.010210914,-4.78581,0.0083473595,N-BEATS(L=90),5,val
2018-09-11,SPY,-4.899474,0.0074505,-4.829334,0.007991844,N-BEATS(L=90),5,val
2018-09-11,TLT,-4.915384,0.007332903,-5.020417,0.006601772,N-BEATS(L=90),5,val
2018-09-12,GLD,-4.7341914,0.008789553,-4.611662,0.009935293,N-BEATS(L=90),5,val
2018-09-12,SPY,-5.0061297,0.0066967714,-5.030162,0.006537752,N-BEATS(L=90),5,val
2018-09-12,TLT,-4.7453,0.0086924555,-4.9649563,0.0069782557,N-BEATS(L=90),5,val
2018-09-13,GLD,-4.867398,0.007693359,-4.842819,0.007884794,N-BEATS(L=90),5,val
2018-09-13,SPY,-4.7278986,0.008845039,-4.9436274,0.007128693,N-BEATS(L=90),5,val
2018-09-13,TLT,-4.7126184,0.008981231,-5.104305,0.006070558,N-BEATS(L=90),5,val
2018-09-14,GLD,-4.8759127,0.0076281293,-4.624455,0.0098089995,N-BEATS(L=90),5,val
2018-09-14,SPY,-4.7490706,0.008659739,-4.857092,0.0077730557,N-BEATS(L=90),5,val
2018-09-14,TLT,-4.758793,0.008575955,-4.845644,0.007862552,N-BEATS(L=90),5,val
2018-09-17,GLD,-4.8703527,0.007670659,-4.678333,0.009294497,N-BEATS(L=90),5,val
2018-09-17,SPY,-4.767997,0.008497385,-4.747914,0.008669763,N-BEATS(L=90),5,val
2018-09-17,TLT,-4.777731,0.008415071,-5.0603213,0.0063435207,N-BEATS(L=90),5,val
2018-09-18,GLD,-4.9439545,0.0071263616,-4.957795,0.0070284074,N-BEATS(L=90),5,val
2018-09-18,SPY,-4.850532,0.007824213,-4.8244014,0.00803136,N-BEATS(L=90),5,val
2018-09-18,TLT,-4.8631916,0.007725787,-5.026306,0.0065630088,N-BEATS(L=90),5,val
2018-09-19,GLD,-4.7372055,0.0087631,-4.7529435,0.008626266,N-BEATS(L=90),5,val
2018-09-19,SPY,-4.6070237,0.009981482,-4.799278,0.008235693,N-BEATS(L=90),5,val
2018-09-19,TLT,-4.882946,0.007574666,-5.172133,0.0056724567,N-BEATS(L=90),5,val
2018-09-20,GLD,-4.7182817,0.00893051,-4.921997,0.0072845686,N-BEATS(L=90),5,val
2018-09-20,SPY,-4.7166867,0.008944766,-4.9073606,0.0073919734,N-BEATS(L=90),5,val
2018-09-20,TLT,-4.960907,0.00700657,-5.1269126,0.0059348554,N-BEATS(L=90),5,val
2018-09-21,GLD,-4.694673,0.009143856,-4.8631887,0.007725809,N-BEATS(L=90),5,val
2018-09-21,SPY,-4.705108,0.009048935,-4.7113385,0.0089927325,N-BEATS(L=90),5,val
2018-09-21,TLT,-4.938506,0.0071652946,-5.0391045,0.0064795483,N-BEATS(L=90),5,val
2018-09-24,GLD,-4.7048345,0.009051412,-4.7012873,0.0090835765,N-BEATS(L=90),5,val
2018-09-24,SPY,-4.6232047,0.0098212715,-4.8985267,0.0074575623,N-BEATS(L=90),5,val
2018-09-24,TLT,-4.9364066,0.007180354,-5.2075367,0.005475144,N-BEATS(L=90),5,val
2018-09-25,GLD,-4.61854,0.009867193,-4.8098817,0.008148824,N-BEATS(L=90),5,val
2018-09-25,SPY,-4.6057005,0.009994699,-4.895972,0.00747664,N-BEATS(L=90),5,val
2018-09-25,TLT,-4.880111,0.007596169,-4.902973,0.007424476,N-BEATS(L=90),5,val
2018-09-26,GLD,-4.7102175,0.00900282,-4.983589,0.0068494347,N-BEATS(L=90),5,val
2018-09-26,SPY,-4.758359,0.008579678,-4.7195597,0.008919105,N-BEATS(L=90),5,val
2018-09-26,TLT,-4.419259,0.012043152,-5.0800123,0.006219832,N-BEATS(L=90),5,val
2018-09-27,GLD,-4.615362,0.009898597,-4.9309826,0.0072194063,N-BEATS(L=90),5,val
2018-09-27,SPY,-4.5256515,0.010827659,-4.695777,0.009133768,N-BEATS(L=90),5,val
2018-09-27,TLT,-4.386967,0.012438395,-4.8988028,0.0074555036,N-BEATS(L=90),5,val
2018-09-28,GLD,-4.682531,0.009255559,-4.8840723,0.0075661396,N-BEATS(L=90),5,val
2018-09-28,SPY,-4.279741,0.01384625,-4.758038,0.008582431,N-BEATS(L=90),5,val
2018-09-28,TLT,-4.2830863,0.013800005,-4.914666,0.007338167,N-BEATS(L=90),5,val
2018-10-01,GLD,-4.6354413,0.009701825,-4.7333775,0.0087967105,N-BEATS(L=90),5,val
2018-10-01,SPY,-4.228872,0.014568818,-4.716868,0.008943145,N-BEATS(L=90),5,val
2018-10-01,TLT,-4.2985497,0.0135882525,-4.995008,0.006771667,N-BEATS(L=90),5,val
2018-10-02,GLD,-4.6423297,0.009635224,-4.780938,0.008388126,N-BEATS(L=90),5,val
2018-10-02,SPY,-4.188992,0.01516156,-4.4393415,0.011803708,N-BEATS(L=90),5,val
2018-10-02,TLT,-4.29504,0.013636025,-4.965869,0.0069718896,N-BEATS(L=90),5,val
2018-10-03,GLD,-4.6606345,0.009460458,-4.6594877,0.009471313,N-BEATS(L=90),5,val
2018-10-03,SPY,-3.9470718,0.019311165,-4.6274714,0.009779456,N-BEATS(L=90),5,val
2018-10-03,TLT,-4.6175146,0.009877315,-4.9754333,0.006905526,N-BEATS(L=90),5,val
2018-10-04,GLD,-4.472452,0.0114192795,-4.7162976,0.008948247,N-BEATS(L=90),5,val
2018-10-04,SPY,-3.6538222,0.025891976,-4.5865946,0.010187492,N-BEATS(L=90),5,val
2018-10-04,TLT,-4.4801917,0.011331241,-4.7793646,0.008401335,N-BEATS(L=90),5,val
2018-10-05,GLD,-4.4704833,0.011441785,-4.710772,0.008997829,N-BEATS(L=90),5,val
2018-10-05,SPY,-3.6098135,0.027056893,-4.7387123,0.008749906,N-BEATS(L=90),5,val
2018-10-05,TLT,-4.581089,0.010243734,-4.888285,0.0075343316,N-BEATS(L=90),5,val
2018-10-08,GLD,-4.4765177,0.011372949,-4.6939235,0.009150713,N-BEATS(L=90),5,val
2018-10-08,SPY,-3.6095004,0.027065365,-4.6431804,0.009627031,N-BEATS(L=90),5,val
2018-10-08,TLT,-4.564029,0.01041999,-4.9785748,0.0068838666,N-BEATS(L=90),5,val
2018-10-09,GLD,-4.507368,0.011027445,-4.743245,0.008710334,N-BEATS(L=90),5,val
2018-10-09,SPY,-3.5782611,0.027924212,-4.71597,0.008951179,N-BEATS(L=90),5,val
2018-10-09,TLT,-4.568959,0.010368746,-4.851198,0.007819003,N-BEATS(L=90),5,val
2018-10-10,GLD,-4.504715,0.011056742,-4.4055734,0.012209104,N-BEATS(L=90),5,val
2018-10-10,SPY,-3.6300154,0.026515776,-4.5714436,0.010343018,N-BEATS(L=90),5,val
2018-10-10,TLT,-4.610008,0.009951741,-4.9092984,0.0073776627,N-BEATS(L=90),5,val
2018-10-11,GLD,-4.756096,0.008599116,-4.526489,0.010818596,N-BEATS(L=90),5,val
2018-10-11,SPY,-3.8347504,0.02160673,-4.6809063,0.009270608,N-BEATS(L=90),5,val
2018-10-11,TLT,-4.7523665,0.008631245,-4.668647,0.009384961,N-BEATS(L=90),5,val
2018-10-12,GLD,-4.827406,0.008007266,-4.432147,0.011888936,N-BEATS(L=90),5,val
2018-10-12,SPY,-3.894728,0.02034891,-4.3738747,0.012602316,N-BEATS(L=90),5,val
2018-10-12,TLT,-4.8197045,0.008069171,-4.923932,0.0072704866,N-BEATS(L=90),5,val
2018-10-15,GLD,-4.9190273,0.007306234,-4.455446,0.011615141,N-BEATS(L=90),5,val
2018-10-15,SPY,-3.901479,0.020211997,-4.33255,0.013134012,N-BEATS(L=90),5,val
2018-10-15,TLT,-4.8342657,0.007952525,-4.512937,0.010966204,N-BEATS(L=90),5,val
2018-10-16,GLD,-4.881462,0.0075859143,-4.7088466,0.00901517,N-BEATS(L=90),5,val
2018-10-16,SPY,-3.7407303,0.023736762,-4.350123,0.012905226,N-BEATS(L=90),5,val
2018-10-16,TLT,-4.680193,0.009277224,-4.724473,0.00887539,N-BEATS(L=90),5,val
2018-10-17,GLD,-4.9166703,0.007323475,-4.6460996,0.0095989695,N-BEATS(L=90),5,val
2018-10-17,SPY,-3.6283445,0.026560117,-4.2432346,0.014361064,N-BEATS(L=90),5,val
2018-10-17,TLT,-4.7074585,0.0090276925,-4.7457113,0.008688879,N-BEATS(L=90),5,val
2018-10-18,GLD,-5.049822,0.0064104754,-4.7307763,0.008819622,N-BEATS(L=90),5,val
2018-10-18,SPY,-3.5925958,0.027526783,-3.9510422,0.019234646,N-BEATS(L=90),5,val
2018-10-18,TLT,-4.812856,0.008124621,-4.6551623,0.009512369,N-BEATS(L=90),5,val
2018-10-19,GLD,-4.6515174,0.009547104,-4.526621,0.010817167,N-BEATS(L=90),5,val
2018-10-19,SPY,-3.3635514,0.03461212,-4.13409,0.016017236,N-BEATS(L=90),5,val
2018-10-19,TLT,-4.8143153,0.008112775,-4.8668876,0.007697285,N-BEATS(L=90),5,val
2018-10-22,GLD,-4.5808067,0.010246627,-4.8683214,0.0076862564,N-BEATS(L=90),5,val
2018-10-22,SPY,-3.1605392,0.042402875,-3.988472,0.018528003,N-BEATS(L=90),5,val
2018-10-22,TLT,-4.7148747,0.008960988,-4.6222706,0.00983045,N-BEATS(L=90),5,val
2018-10-23,GLD,-4.6221943,0.009831199,-4.9536266,0.0070577664,N-BEATS(L=90),5,val
2018-10-23,SPY,-3.2020645,0.040678136,-4.1736736,0.0153955985,N-BEATS(L=90),5,val
2018-10-23,TLT,-4.877229,0.007618093,-4.8814487,0.007586016,N-BEATS(L=90),5,val
2018-10-24,GLD,-4.641299,0.009645163,-4.7681665,0.008495943,N-BEATS(L=90),5,val
2018-10-24,SPY,-3.2525969,0.038673647,-3.8996348,0.020249303,N-BEATS(L=90),5,val
2018-10-24,TLT,-4.7733407,0.008452097,-4.7314415,0.0088137565,N-BEATS(L=90),5,val
2018-10-25,GLD,-4.5586176,0.010476531,-4.926246,0.0072536813,N-BEATS(L=90),5,val
2018-10-25,SPY,-3.2941554,0.03709937,-3.9706125,0.018861877,N-BEATS(L=90),5,val
2018-10-25,TLT,-4.755875,0.0086010145,-4.9198117,0.0073005054,N-BEATS(L=90),5,val
2018-10-26,GLD,-4.7769704,0.008421474,-4.797789,0.008247962,N-BEATS(L=90),5,val
2018-10-26,SPY,-3.4455879,0.03188601,-4.000657,0.018303609,N-BEATS(L=90),5,val
2018-10-26,TLT,-4.632281,0.009732535,-4.943553,0.0071292236,N-BEATS(L=90),5,val
2018-10-29,GLD,-4.860873,0.007743719,-4.5505285,0.010561621,N-BEATS(L=90),5,val
2018-10-29,SPY,-3.88463,0.020555433,-3.906938,0.020101957,N-BEATS(L=90),5,val
2018-10-29,TLT,-4.7283072,0.008841425,-4.965956,0.0069712815,N-BEATS(L=90),5,val
2018-10-30,GLD,-4.765013,0.008522776,-4.5809317,0.010245346,N-BEATS(L=90),5,val
2018-10-30,SPY,-3.9807858,0.018670961,-3.5493236,0.028744077,N-BEATS(L=90),5,val
2018-10-30,TLT,-4.7637796,0.008533295,-4.770301,0.008477829,N-BEATS(L=90),5,val
2018-10-31,GLD,-4.77813,0.008411714,-4.6691556,0.009380187,N-BEATS(L=90),5,val
2018-10-31,SPY,-4.0114393,0.018107314,-3.691675,0.02493021,N-BEATS(L=90),5,val
2018-10-31,TLT,-4.7383904,0.008752723,-4.8297286,0.0079886895,N-BEATS(L=90),5,val
2018-11-01,GLD,-4.861043,0.0077424045,-4.4596286,0.0115666585,N-BEATS(L=90),5,val
2018-11-01,SPY,-4.062994,0.017197452,-3.8444176,0.021398861,N-BEATS(L=90),5,val
2018-11-01,TLT,-4.769141,0.008487666,-4.869412,0.007677879,N-BEATS(L=90),5,val
2018-11-02,GLD,-4.8524194,0.0078094606,-4.612898,0.009923021,N-BEATS(L=90),5,val
2018-11-02,SPY,-4.3214593,0.0132804895,-3.879534,0.02066045,N-BEATS(L=90),5,val
2018-11-02,TLT,-4.916171,0.0073271324,-5.0127096,0.006652852,N-BEATS(L=90),5,val
2018-11-05,GLD,-4.869364,0.007678249,-4.663802,0.009430538,N-BEATS(L=90),5,val
2018-11-05,SPY,-4.205119,0.014919009,-3.8878005,0.020490365,N-BEATS(L=90),5,val
2018-11-05,TLT,-4.9116015,0.0073606903,-4.937165,0.007174912,N-BEATS(L=90),5,val
2018-11-06,GLD,-4.9473085,0.0071024993,-4.5181203,0.010909511,N-BEATS(L=90),5,val
2018-11-06,SPY,-4.0279627,0.01781058,-3.8545706,0.021182697,N-BEATS(L=90),5,val
2018-11-06,TLT,-4.878554,0.007608008,-4.7823305,0.008376455,N-BEATS(L=90),5,val
2018-11-07,GLD,-4.576365,0.01029224,-4.4880767,0.011242245,N-BEATS(L=90),5,val
2018-11-07,SPY,-3.855354,0.021166109,-4.0665836,0.01713583,N-BEATS(L=90),5,val
2018-11-07,TLT,-4.721091,0.008905459,-4.935392,0.0071876436,N-BEATS(L=90),5,val
2018-11-08,GLD,-4.619892,0.009853859,-4.4703655,0.011443133,N-BEATS(L=90),5,val
2018-11-08,SPY,-3.6924582,0.024910692,-4.0511336,0.017402636,N-BEATS(L=90),5,val
2018-11-08,TLT,-4.621539,0.009837643,-4.862709,0.007729516,N-BEATS(L=90),5,val
2018-11-09,GLD,-4.648096,0.009579823,-4.6725802,0.009348118,N-BEATS(L=90),5,val
2018-11-09,SPY,-3.6829786,0.025147956,-4.302291,0.01353751,N-BEATS(L=90),5,val
2018-11-09,TLT,-4.5723166,0.010333992,-4.9764004,0.006898851,N-BEATS(L=90),5,val
2018-11-12,GLD,-4.621393,0.009839078,-4.760803,0.008558732,N-BEATS(L=90),5,val
2018-11-12,SPY,-3.6664648,0.025566693,-4.3337274,0.013118559,N-BEATS(L=90),5,val
2018-11-12,TLT,-4.583424,0.010219842,-4.9668326,0.0069651743,N-BEATS(L=90),5,val
2018-11-13,GLD,-4.619223,0.009860453,-4.7180243,0.00893281,N-BEATS(L=90),5,val
2018-11-13,SPY,-3.6733367,0.025391603,-4.4765625,0.011372439,N-BEATS(L=90),5,val
2018-11-13,TLT,-4.5775447,0.010280106,-4.9318132,0.007213412,N-BEATS(L=90),5,val
2018-11-14,GLD,-5.0103254,0.0066687325,-4.8356385,0.007941616,N-BEATS(L=90),5,val
2018-11-14,SPY,-3.8028295,0.022307564,-4.614565,0.009906493,N-BEATS(L=90),5,val
2018-11-14,TLT,-4.780607,0.008390903,-5.029519,0.0065419558,N-BEATS(L=90),5,val
2018-11-15,GLD,-5.0546904,0.0063793417,-4.7941833,0.008277757,N-BEATS(L=90),5,val
2018-11-15,SPY,-4.0199847,0.01795324,-4.4507394,0.011669936,N-BEATS(L=90),5,val
2018-11-15,TLT,-4.900081,0.007445979,-5.04296,0.006454613,N-BEATS(L=90),5,val
2018-11-16,GLD,-5.124328,0.005950214,-4.8547006,0.0077916663,N-BEATS(L=90),5,val
2018-11-16,SPY,-4.085782,0.016809989,-4.2733927,0.013934428,N-BEATS(L=90),5,val
2018-11-16,TLT,-5.1231155,0.0059574335,-4.8448286,0.007868966,N-BEATS(L=90),5,val
2018-11-19,GLD,-4.9035826,0.0074199527,-4.6671963,0.009398583,N-BEATS(L=90),5,val
2018-11-19,SPY,-4.253752,0.014210812,-4.5925894,0.010126603,N-BEATS(L=90),5,val
2018-11-19,TLT,-5.061042,0.006338952,-4.6293693,0.009760913,N-BEATS(L=90),5,val
2018-11-20,GLD,-4.532211,0.010756868,-4.57904,0.010264745,N-BEATS(L=90),5,val
2018-11-20,SPY,-4.1661716,0.015511531,-4.4194803,0.0120404875,N-BEATS(L=90),5,val
2018-11-20,TLT,-5.0342064,0.0065113637,-5.0059094,0.006698247,N-BEATS(L=90),5,val
2018-11-21,GLD,-4.502974,0.011076007,-4.585919,0.010194378,N-BEATS(L=90),5,val
2018-11-21,SPY,-4.096479,0.016631132,-4.067593,0.017118542,N-BEATS(L=90),5,val
2018-11-21,TLT,-4.9732103,0.006920894,-4.807485,0.008168376,N-BEATS(L=90),5,val
2018-11-23,GLD,-4.460444,0.011557231,-4.731376,0.008814333,N-BEATS(L=90),5,val
2018-11-23,SPY,-4.0722666,0.017038725,-4.1707926,0.015440018,N-BEATS(L=90),5,val
2018-11-23,TLT,-4.988231,0.006817713,-4.682383,0.009256928,N-BEATS(L=90),5,val
2018-11-26,GLD,-4.4459047,0.011726492,-4.718752,0.008926312,N-BEATS(L=90),5,val
2018-11-26,SPY,-4.032354,0.01773254,-3.9512463,0.01923072,N-BEATS(L=90),5,val
2018-11-26,TLT,-4.880334,0.007594478,-4.5748305,0.010308046,N-BEATS(L=90),5,val
2018-11-27,GLD,-4.540086,0.010672491,-4.7239647,0.008879903,N-BEATS(L=90),5,val
2018-11-27,SPY,-3.8226318,0.021870166,-4.3254495,0.013227603,N-BEATS(L=90),5,val
2018-11-27,TLT,-4.3355365,0.013094847,-4.495485,0.011159269,N-BEATS(L=90),5,val
2018-11-28,GLD,-4.838575,0.007918331,-4.6361704,0.009694754,N-BEATS(L=90),5,val
2018-11-28,SPY,-3.6616116,0.025691077,-4.148591,0.015786644,N-BEATS(L=90),5,val
2018-11-28,TLT,-4.2664194,0.0140319355,-4.7399607,0.00873899,N-BEATS(L=90),5,val
2018-11-29,GLD,-4.877557,0.007615598,-4.729535,0.008830575,N-BEATS(L=90),5,val
2018-11-29,SPY,-3.4929702,0.030410413,-4.1815863,0.015274259,N-BEATS(L=90),5,val
2018-11-29,TLT,-4.2412467,0.014389641,-4.8399677,0.00790731,N-BEATS(L=90),5,val
2018-11-30,GLD,-4.915853,0.007329463,-4.5584025,0.010478785,N-BEATS(L=90),5,val
2018-11-30,SPY,-3.3634522,0.034615554,-4.362184,0.012750509,N-BEATS(L=90),5,val
2018-11-30,TLT,-4.2003117,0.014990904,-4.5437384,0.01063358,N-BEATS(L=90),5,val
2018-12-03,GLD,-4.8890224,0.0075287796,-4.5480275,0.0105880685,N-BEATS(L=90),5,val
2018-12-03,SPY,-3.3274045,0.035886128,-4.428819,0.011928567,N-BEATS(L=90),5,val
2018-12-03,TLT,-4.185918,0.015208241,-4.9695406,0.0069463383,N-BEATS(L=90),5,val
2018-12-04,GLD,-4.9070797,0.00739405,-4.6832027,0.009249344,N-BEATS(L=90),5,val
2018-12-04,SPY,-3.3777092,0.03412554,-4.4572334,0.011594396,N-BEATS(L=90),5,val
2018-12-04,TLT,-4.5295153,0.010785903,-4.7521105,0.008633455,N-BEATS(L=90),5,val
2018-12-06,GLD,-5.070343,0.0062802657,-4.626803,0.009785996,N-BEATS(L=90),5,val
2018-12-06,SPY,-3.4954,0.030336613,-4.4881835,0.011241045,N-BEATS(L=90),5,val
2018-12-06,TLT,-4.670651,0.0093661705,-4.6408806,0.009649197,N-BEATS(L=90),5,val
2018-12-07,GLD,-5.0368056,0.006494461,-4.543115,0.01064021,N-BEATS(L=90),5,val
2018-12-07,SPY,-3.6441772,0.026142912,-4.30812,0.013458831,N-BEATS(L=90),5,val
2018-12-07,TLT,-4.771403,0.008468492,-4.353285,0.012864485,N-BEATS(L=90),5,val
2018-12-10,GLD,-5.037284,0.0064913556,-4.805903,0.00818131,N-BEATS(L=90),5,val
2018-12-10,SPY,-3.6595979,0.025742862,-3.9679134,0.018912856,N-BEATS(L=90),5,val
2018-12-10,TLT,-4.896018,0.0074762944,-4.5420465,0.010651586,N-BEATS(L=90),5,val
2018-12-11,GLD,-5.1295795,0.0059190486,-4.6194077,0.009858634,N-BEATS(L=90),5,val
2018-12-11,SPY,-3.6581414,0.025780383,-3.5942693,0.027480757,N-BEATS(L=90),5,val
2018-12-11,TLT,-4.9234104,0.0072742803,-4.443474,0.011755032,N-BEATS(L=90),5,val
2018-12-12,GLD,-4.6053405,0.009998297,-4.7547503,0.008610695,N-BEATS(L=90),5,val
2018-12-12,SPY,-3.3293278,0.035817172,-3.5707567,0.028134556,N-BEATS(L=90),5,val
2018-12-12,TLT,-4.515941,0.010933311,-4.515573,0.010937336,N-BEATS(L=90),5,val
2018-12-13,GLD,-4.4575543,0.011590675,-4.8131285,0.008122409,N-BEATS(L=90),5,val
2018-12-13,SPY,-3.2318485,0.039484445,-3.6078827,0.027109183,N-BEATS(L=90),5,val
2018-12-13,TLT,-4.468706,0.011462137,-4.262601,0.01408562,N-BEATS(L=90),5,val
2018-12-14,GLD,-4.470379,0.01144298,-4.8667407,0.007698416,N-BEATS(L=90),5,val
2018-12-14,SPY,-3.1025267,0.04493552,-3.6472373,0.026063034,N-BEATS(L=90),5,val
2018-12-14,TLT,-4.4400754,0.0117950495,-4.5274534,0.010808165,N-BEATS(L=90),5,val
2018-12-17,GLD,-4.485315,0.0112733375,-4.867562,0.007692097,N-BEATS(L=90),5,val
2018-12-17,SPY,-3.117149,0.044283234,-3.5137122,0.029786138,N-BEATS(L=90),5,val
2018-12-17,TLT,-4.4444723,0.0117433015,-4.73688,0.0087659545,N-BEATS(L=90),5,val
2018-12-18,GLD,-4.339482,0.013043285,-4.816287,0.008096795,N-BEATS(L=90),5,val
2018-12-18,SPY,-3.0022883,0.04967327,-3.595267,0.02745335,N-BEATS(L=90),5,val
2018-12-18,TLT,-4.3566985,0.012820645,-4.494656,0.011168521,N-BEATS(L=90),5,val
2018-12-19,GLD,-4.509287,0.011006306,-4.9978523,0.0067524333,N-BEATS(L=90),5,val
2018-12-19,SPY,-3.0334854,0.048147533,-3.838165,0.021533078,N-BEATS(L=90),5,val
2018-12-19,TLT,-4.519083,0.010899013,-4.769054,0.008488407,N-BEATS(L=90),5,val
2018-12-20,GLD,-4.6881204,0.00920397,-4.7975206,0.008250177,N-BEATS(L=90),5,val
2018-12-20,SPY,-3.072147,0.0463216,-3.5737717,0.028049858,N-BEATS(L=90),5,val
2018-12-20,TLT,-4.571738,0.010339975,-4.460505,0.011556526,N-BEATS(L=90),5,val
2018-12-21,GLD,-4.7244115,0.008875936,-4.902241,0.007429912,N-BEATS(L=90),5,val
2018-12-21,SPY,-3.2028568,0.04064592,-3.5460773,0.028837541,N-BEATS(L=90),5,val
2018-12-21,TLT,-4.555867,0.010505386,-4.698413,0.009109723,N-BEATS(L=90),5,val
2018-12-24,GLD,-4.612073,0.00993121,-4.6031337,0.0100203855,N-BEATS(L=90),5,val
2018-12-24,SPY,-3.2395828,0.039180238,-3.8185012,0.02196069,N-BEATS(L=90),5,val
2018-12-24,TLT,-4.5186386,0.010903858,-4.634304,0.009712865,N-BEATS(L=90),5,val
2018-12-26,GLD,-4.8643265,0.007717024,-4.734732,0.008784802,N-BEATS(L=90),5,val
2018-12-26,SPY,-3.462224,0.03135994,-3.7555342,0.023387954,N-BEATS(L=90),5,val
2018-12-26,TLT,-4.5037413,0.011067512,-4.689886,0.009187733,N-BEATS(L=90),5,val
2018-12-27,GLD,-4.8016596,0.008216101,-5.0511928,0.006401693,N-BEATS(L=90),5,val
2018-12-27,SPY,-3.7230659,0.024159783,-3.4792795,0.030829616,N-BEATS(L=90),5,val
2018-12-27,TLT,-4.5094447,0.011004569,-4.8292217,0.00799274,N-BEATS(L=90),5,val
2018-12-28,GLD,-4.737551,0.008760071,-4.723406,0.008884867,N-BEATS(L=90),5,val
2018-12-28,SPY,-3.7707763,0.023034176,-3.3250542,0.03597057,N-BEATS(L=90),5,val
2018-12-28,TLT,-4.4800224,0.011333159,-4.416646,0.012074662,N-BEATS(L=90),5,val
2018-12-31,GLD,-4.6989517,0.009104816,-4.9998283,0.0067391037,N-BEATS(L=90),5,val
2018-12-31,SPY,-3.7478828,0.023567589,-3.409382,0.033061624,N-BEATS(L=90),5,val
2018-12-31,TLT,-4.535012,0.010726781,-4.5159664,0.010933034,N-BEATS(L=90),5,val
2019-01-02,GLD,-4.8188777,0.008075845,-4.6952534,0.009138552,N-BEATS(L=90),5,val
2019-01-02,SPY,-3.8034043,0.022294743,-3.6261861,0.026617507,N-BEATS(L=90),5,val
2019-01-02,TLT,-4.547874,0.010589695,-4.632739,0.009728077,N-BEATS(L=90),5,val
2019-01-03,GLD,-4.8064833,0.008176564,-4.5507994,0.010558761,N-BEATS(L=90),5,val
2019-01-03,SPY,-3.8388753,0.021517789,-3.8088207,0.022174314,N-BEATS(L=90),5,val
2019-01-03,TLT,-4.682043,0.009260075,-4.6736035,0.009338557,N-BEATS(L=90),5,val
2019-01-04,GLD,-5.0151024,0.0066369525,-4.6935015,0.009154576,N-BEATS(L=90),5,val
2019-01-04,SPY,-3.988714,0.01852352,-3.8478904,0.021324676,N-BEATS(L=90),5,val
2019-01-04,TLT,-4.7765946,0.008424639,-4.403525,0.01223414,N-BEATS(L=90),5,val
2019-01-07,GLD,-5.106799,0.0060554347,-4.5467105,0.0106020225,N-BEATS(L=90),5,val
2019-01-07,SPY,-4.1577435,0.015642816,-3.828438,0.02174355,N-BEATS(L=90),5,val
2019-01-07,TLT,-4.778565,0.008408057,-4.75009,0.008650916,N-BEATS(L=90),5,val
2019-01-08,GLD,-5.046411,0.0064323777,-4.8138833,0.008116281,N-BEATS(L=90),5,val
2019-01-08,SPY,-4.2943645,0.013645241,-3.7398317,0.023758102,N-BEATS(L=90),5,val
2019-01-08,TLT,-4.7956777,0.008265396,-4.752442,0.008630594,N-BEATS(L=90),5,val
2019-01-09,GLD,-5.090495,0.0061549717,-4.8146653,0.008109936,N-BEATS(L=90),5,val
2019-01-09,SPY,-4.419322,0.012042394,-3.7215714,0.024195915,N-BEATS(L=90),5,val
2019-01-09,TLT,-4.762691,0.00854259,-4.943719,0.0071280403,N-BEATS(L=90),5,val
2019-01-10,GLD,-5.1166553,0.0059960443,-5.004706,0.006706313,N-BEATS(L=90),5,val
2019-01-10,SPY,-4.4059353,0.012204686,-3.8379233,0.021538284,N-BEATS(L=90),5,val
2019-01-10,TLT,-4.8150344,0.008106943,-4.9068284,0.0073959082,N-BEATS(L=90),5,val
2019-01-11,GLD,-5.0855117,0.006185721,-4.6547594,0.009516203,N-BEATS(L=90),5,val
2019-01-11,SPY,-4.188485,0.015169247,-3.693072,0.024895404,N-BEATS(L=90),5,val
2019-01-11,TLT,-4.7795234,0.008400002,-4.802673,0.008207779,N-BEATS(L=90),5,val
2019-01-14,GLD,-5.014502,0.006640938,-4.687029,0.009214021,N-BEATS(L=90),5,val
2019-01-14,SPY,-4.0573077,0.01729552,-3.6510859,0.02596292,N-BEATS(L=90),5,val
2019-01-14,TLT,-4.7882304,0.00832718,-5.0024476,0.006721475,N-BEATS(L=90),5,val
2019-01-15,GLD,-5.040245,0.006472162,-4.821718,0.008052939,N-BEATS(L=90),5,val
2019-01-15,SPY,-3.9178052,0.01988469,-3.753457,0.023436584,N-BEATS(L=90),5,val
2019-01-15,TLT,-4.718783,0.008926036,-5.0019436,0.006724864,N-BEATS(L=90),5,val
2019-01-16,GLD,-5.017688,0.0066198152,-4.5535107,0.010530172,N-BEATS(L=90),5,val
2019-01-16,SPY,-3.895313,0.020337008,-3.8422456,0.02144539,N-BEATS(L=90),5,val
2019-01-16,TLT,-4.7780023,0.008412789,-4.8113494,0.008136872,N-BEATS(L=90),5,val
2019-01-17,GLD,-4.9998317,0.0067390813,-4.836533,0.007934514,N-BEATS(L=90),5,val
2019-01-17,SPY,-3.8947825,0.020347798,-3.7480776,0.023563,N-BEATS(L=90),5,val
2019-01-17,TLT,-4.837029,0.0079305805,-4.772867,0.0084561,N-BEATS(L=90),5,val
2019-01-18,GLD,-5.0464725,0.006431982,-4.8025045,0.008209161,N-BEATS(L=90),5,val
2019-01-18,SPY,-3.9894958,0.018509045,-3.864152,0.020980708,N-BEATS(L=90),5,val
2019-01-18,TLT,-4.8984556,0.007458092,-4.7930126,0.008287453,N-BEATS(L=90),5,val
2019-01-22,GLD,-5.0796056,0.0062223626,-4.925073,0.007262195,N-BEATS(L=90),5,val
2019-01-22,SPY,-4.094484,0.016664345,-3.8386867,0.021521848,N-BEATS(L=90),5,val
2019-01-22,TLT,-4.9589605,0.0070202216,-4.884623,0.0075619738,N-BEATS(L=90),5,val
2019-01-23,GLD,-4.7755623,0.008433341,-4.6471195,0.009589184,N-BEATS(L=90),5,val
2019-01-23,SPY,-4.144787,0.015846813,-3.911132,0.020017827,N-BEATS(L=90),5,val
2019-01-23,TLT,-4.9808083,0.0068685086,-4.7268815,0.008854039,N-BEATS(L=90),5,val
2019-01-24,GLD,-4.7694106,0.00848538,-4.8267393,0.008012605,N-BEATS(L=90),5,val
2019-01-24,SPY,-4.129712,0.01608751,-3.6320539,0.02646178,N-BEATS(L=90),5,val
2019-01-24,TLT,-4.9631076,0.0069911685,-4.6805453,0.009273956,N-BEATS(L=90),5,val
2019-01-25,GLD,-4.749929,0.00865231,-4.826445,0.008014963,N-BEATS(L=90),5,val
2019-01-25,SPY,-4.2083154,0.0148714,-3.7765002,0.022902705,N-BEATS(L=90),5,val
2019-01-25,TLT,-4.916628,0.0073237857,-4.506498,0.011037046,N-BEATS(L=90),5,val
2019-01-28,GLD,-4.7247868,0.008872606,-4.901007,0.0074390867,N-BEATS(L=90),5,val
2019-01-28,SPY,-4.205423,0.014914478,-4.0109534,0.018116115,N-BEATS(L=90),5,val
2019-01-28,TLT,-4.9119697,0.0073579815,-4.8752055,0.0076335254,N-BEATS(L=90),5,val
2019-01-29,GLD,-4.7459025,0.008687218,-4.862292,0.0077327415,N-BEATS(L=90),5,val
2019-01-29,SPY,-4.2410583,0.014392352,-4.0365853,0.017657666,N-BEATS(L=90),5,val
2019-01-29,TLT,-4.898812,0.007455436,-4.902786,0.0074258675,N-BEATS(L=90),5,val
2019-01-30,GLD,-5.098026,0.006108795,-4.9747334,0.0069103613,N-BEATS(L=90),5,val
2019-01-30,SPY,-4.490777,0.011211929,-4.191973,0.015116427,N-BEATS(L=90),5,val
2019-01-30,TLT,-4.911458,0.007361747,-4.94353,0.0071293865,N-BEATS(L=90),5,val
2019-01-31,GLD,-5.0840073,0.006195034,-4.9773183,0.0068925214,N-BEATS(L=90),5,val
2019-01-31,SPY,-4.383573,0.012480685,-4.1407585,0.015910778,N-BEATS(L=90),5,val
2019-01-31,TLT,-4.901487,0.0074355192,-4.826662,0.008013224,N-BEATS(L=90),5,val
2019-02-01,GLD,-5.196877,0.0055338196,-5.1660247,0.005707212,N-BEATS(L=90),5,val
2019-02-01,SPY,-4.3568554,0.012818634,-4.3116503,0.013411399,N-BEATS(L=90),5,val
2019-02-01,TLT,-4.9577804,0.0070285113,-4.7617674,0.008550484,N-BEATS(L=90),5,val
2019-02-04,GLD,-5.171551,0.005675758,-5.1256824,0.005942161,N-BEATS(L=90),5,val
2019-02-04,SPY,-4.4144583,0.012101108,-4.322469,0.013267083,N-BEATS(L=90),5,val
2019-02-04,TLT,-4.9943547,0.006776092,-4.9685016,0.00695356,N-BEATS(L=90),5,val
2019-02-05,GLD,-5.1552286,0.005769161,-5.005771,0.0066991732,N-BEATS(L=90),5,val
2019-02-05,SPY,-4.404064,0.012227544,-4.218518,0.014720447,N-BEATS(L=90),5,val
2019-02-05,TLT,-4.989946,0.0068060327,-4.8119936,0.008131633,N-BEATS(L=90),5,val
2019-02-06,GLD,-4.7802334,0.00839404,-4.7717257,0.0084657585,N-BEATS(L=90),5,val
2019-02-06,SPY,-4.4079995,0.012179519,-4.174315,0.015385727,N-BEATS(L=90),5,val
2019-02-06,TLT,-5.0485854,0.0064184065,-4.7669563,0.008506231,N-BEATS(L=90),5,val
2019-02-07,GLD,-4.745931,0.008686969,-4.994314,0.006776367,N-BEATS(L=90),5,val
2019-02-07,SPY,-4.481979,0.011311008,-4.0490136,0.017439568,N-BEATS(L=90),5,val
2019-02-07,TLT,-5.077497,0.006235497,-4.8967304,0.00747097,N-BEATS(L=90),5,val
2019-02-08,GLD,-4.6430993,0.009627812,-4.746331,0.008683494,N-BEATS(L=90),5,val
2019-02-08,SPY,-4.620206,0.009850767,-4.163728,0.015549477,N-BEATS(L=90),5,val
2019-02-08,TLT,-5.103495,0.006075475,-4.774714,0.008440497,N-BEATS(L=90),5,val
2019-02-11,GLD,-4.6331153,0.009724418,-4.757521,0.008586869,N-BEATS(L=90),5,val
2019-02-11,SPY,-4.5868382,0.01018501,-3.9151382,0.019937793,N-BEATS(L=90),5,val
2019-02-11,TLT,-5.0399914,0.0064738044,-4.8866377,0.0075467546,N-BEATS(L=90),5,val
2019-02-12,GLD,-4.567775,0.010381035,-4.712896,0.008978738,N-BEATS(L=90),5,val
2019-02-12,SPY,-4.591425,0.010138402,-3.952416,0.01920824,N-BEATS(L=90),5,val
2019-02-12,TLT,-5.063235,0.006325066,-4.722377,0.008894014,N-BEATS(L=90),5,val
2019-02-13,GLD,-4.7356772,0.008776503,-4.7091465,0.009012466,N-BEATS(L=90),5,val
2019-02-13,SPY,-4.5577903,0.010485203,-4.3337483,0.013118284,N-BEATS(L=90),5,val
2019-02-13,TLT,-5.0865917,0.006179044,-4.7221384,0.008896135,N-BEATS(L=90),5,val
2019-02-14,GLD,-4.7589693,0.008574442,-4.56566,0.010403011,N-BEATS(L=90),5,val
2019-02-14,SPY,-4.7149334,0.008960463,-4.5428133,0.010643422,N-BEATS(L=90),5,val
2019-02-14,TLT,-5.0936027,0.0061358744,-4.674036,0.009334519,N-BEATS(L=90),5,val
2019-02-15,GLD,-4.835586,0.007942032,-4.7448597,0.008696282,N-BEATS(L=90),5,val
2019-02-15,SPY,-4.657793,0.0094873775,-4.573042,0.010326499,N-BEATS(L=90),5,val
2019-02-15,TLT,-5.071414,0.006273543,-4.6845574,0.009236822,N-BEATS(L=90),5,val
2019-02-19,GLD,-4.8501244,0.007827404,-4.5910573,0.01014213,N-BEATS(L=90),5,val
2019-02-19,SPY,-4.698919,0.009105116,-4.623212,0.009821201,N-BEATS(L=90),5,val
2019-02-19,TLT,-5.128144,0.005927553,-4.6970325,0.009122307,N-BEATS(L=90),5,val
2019-02-20,GLD,-4.8692117,0.007679417,-4.817688,0.0080854595,N-BEATS(L=90),5,val
2019-02-20,SPY,-4.64111,0.009646984,-4.610805,0.00994381,N-BEATS(L=90),5,val
2019-02-20,TLT,-5.0729475,0.00626393,-4.7395096,0.008742933,N-BEATS(L=90),5,val
2019-02-21,GLD,-4.9565496,0.0070371665,-4.723168,0.008886981,N-BEATS(L=90),5,val
2019-02-21,SPY,-4.7083607,0.009019552,-4.257173,0.0141622815,N-BEATS(L=90),5,val
2019-02-21,TLT,-4.9116917,0.007360027,-4.712637,0.008981064,N-BEATS(L=90),5,val
2019-02-22,GLD,-4.520408,0.01088458,-4.777756,0.008414859,N-BEATS(L=90),5,val
2019-02-22,SPY,-4.663793,0.009430624,-4.3522167,0.012878234,N-BEATS(L=90),5,val
2019-02-22,TLT,-4.8553777,0.0077863922,-4.677465,0.009302567,N-BEATS(L=90),5,val
2019-02-25,GLD,-4.499405,0.01111561,-4.95704,0.007033718,N-BEATS(L=90),5,val
2019-02-25,SPY,-4.229434,0.01456063,-4.495178,0.011162691,N-BEATS(L=90),5,val
2019-02-25,TLT,-4.7765145,0.008425314,-4.956077,0.0070404927,N-BEATS(L=90),5,val
2019-02-26,GLD,-4.48035,0.011329447,-4.9857454,0.006834681,N-BEATS(L=90),5,val
2019-02-26,SPY,-4.234165,0.014491903,-4.3796124,0.012530214,N-BEATS(L=90),5,val
2019-02-26,TLT,-4.797178,0.008253006,-4.8013873,0.008218338,N-BEATS(L=90),5,val
2019-02-27,GLD,-4.530979,0.010770125,-4.518521,0.010905142,N-BEATS(L=90),5,val
2019-02-27,SPY,-4.2633533,0.014075025,-4.5166454,0.010925613,N-BEATS(L=90),5,val
2019-02-27,TLT,-4.811496,0.008135681,-4.9079285,0.0073877764,N-BEATS(L=90),5,val
2019-02-28,GLD,-4.5151515,0.010941947,-4.7726054,0.0084583135,N-BEATS(L=90),5,val
2019-02-28,SPY,-4.189506,0.0151537685,-4.552901,0.010536595,N-BEATS(L=90),5,val
2019-02-28,TLT,-4.9033833,0.007421432,-4.9053583,0.007406789,N-BEATS(L=90),5,val
2019-03-01,GLD,-4.9582305,0.007025348,-4.883814,0.0075680953,N-BEATS(L=90),5,val
2019-03-01,SPY,-4.202237,0.014962067,-4.6128116,0.009923877,N-BEATS(L=90),5,val
2019-03-01,TLT,-4.8768992,0.007620607,-4.793153,0.008286291,N-BEATS(L=90),5,val
2019-03-04,GLD,-5.0044503,0.006708028,-4.8531923,0.0078034266,N-BEATS(L=90),5,val
2019-03-04,SPY,-4.5599003,0.010463102,-4.3665504,0.012694957,N-BEATS(L=90),5,val
2019-03-04,TLT,-4.96721,0.0069625475,-4.7319818,0.0088089965,N-BEATS(L=90),5,val
2019-03-05,GLD,-5.068263,0.006293342,-4.7078986,0.00902372,N-BEATS(L=90),5,val
2019-03-05,SPY,-4.567943,0.010379287,-4.2375374,0.014443116,N-BEATS(L=90),5,val
2019-03-05,TLT,-4.852053,0.007812321,-4.687024,0.009214065,N-BEATS(L=90),5,val
2019-03-06,GLD,-5.0608053,0.0063404515,-4.9171486,0.0073199733,N-BEATS(L=90),5,val
2019-03-06,SPY,-4.5268703,0.010814469,-4.2555237,0.01418566,N-BEATS(L=90),5,val
2019-03-06,TLT,-4.914074,0.007342514,-4.7740445,0.00844615,N-BEATS(L=90),5,val
2019-03-07,GLD,-5.0863247,0.0061806943,-4.6653156,0.009416276,N-BEATS(L=90),5,val
2019-03-07,SPY,-4.6803493,0.009275773,-4.354648,0.01284696,N-BEATS(L=90),5,val
2019-03-07,TLT,-4.915826,0.0073296623,-4.527793,0.010804496,N-BEATS(L=90),5,val
2019-03-08,GLD,-5.0966363,0.006117289,-4.808419,0.008160749,N-BEATS(L=90),5,val
2019-03-08,SPY,-4.6914062,0.009173776,-4.411943,0.012131584,N-BEATS(L=90),5,val
2019-03-08,TLT,-5.0015435,0.006727555,-4.6343718,0.009712207,N-BEATS(L=90),5,val
2019-03-11,GLD,-5.1529813,0.005782141,-4.930285,0.0072244443,N-BEATS(L=90),5,val
2019-03-11,SPY,-4.7916403,0.008298834,-4.60907,0.00996108,N-BEATS(L=90),5,val
2019-03-11,TLT,-5.022087,0.0065907566,-4.6318574,0.009736657,N-BEATS(L=90),5,val
2019-03-12,GLD,-5.2254243,0.0053780777,-4.791206,0.00830244,N-BEATS(L=90),5,val
2019-03-12,SPY,-4.563519,0.010425308,-4.6008935,0.010042858,N-BEATS(L=90),5,val
2019-03-12,TLT,-5.0365577,0.0064960713,-4.6377115,0.009679824,N-BEATS(L=90),5,val
2019-03-13,GLD,-4.51348,0.01096025,-4.9920588,0.0067916675,N-BEATS(L=90),5,val
2019-03-13,SPY,-4.413253,0.012115704,-4.672341,0.009350356,N-BEATS(L=90),5,val
2019-03-13,TLT,-4.87632,0.0076250234,-4.384062,0.012474586,N-BEATS(L=90),5,val
2019-03-14,GLD,-4.388158,0.0124235945,-4.7133613,0.008974561,N-BEATS(L=90),5,val
2019-03-14,SPY,-4.2865443,0.013752367,-4.5739374,0.010317257,N-BEATS(L=90),5,val
2019-03-14,TLT,-4.926373,0.007252761,-4.7114553,0.008991682,N-BEATS(L=90),5,val
2019-03-15,GLD,-4.3879566,0.012426094,-4.6769238,0.009307602,N-BEATS(L=90),5,val
2019-03-15,SPY,-4.1943874,0.015079977,-4.7065372,0.009036013,N-BEATS(L=90),5,val
2019-03-15,TLT,-4.7183228,0.008930144,-4.7894263,0.0083172275,N-BEATS(L=90),5,val
2019-03-18,GLD,-4.3793836,0.012533082,-4.7980847,0.008245524,N-BEATS(L=90),5,val
2019-03-18,SPY,-4.1266823,0.016136326,-4.518174,0.010908923,N-BEATS(L=90),5,val
2019-03-18,TLT,-4.4384217,0.01181457,-4.659074,0.009475234,N-BEATS(L=90),5,val
2019-03-19,GLD,-4.3738394,0.01260276,-4.9074397,0.007391388,N-BEATS(L=90),5,val
2019-03-19,SPY,-4.136386,0.015980503,-4.5033627,0.011071703,N-BEATS(L=90),5,val
2019-03-19,TLT,-4.448787,0.011692739,-4.756077,0.008599279,N-BEATS(L=90),5,val
2019-03-20,GLD,-4.765621,0.008517596,-4.6367283,0.009689347,N-BEATS(L=90),5,val
2019-03-20,SPY,-4.0962014,0.016635748,-4.446473,0.0117198285,N-BEATS(L=90),5,val
2019-03-20,TLT,-4.439895,0.011797176,-4.869438,0.0076776776,N-BEATS(L=90),5,val
2019-03-21,GLD,-5.0299363,0.006539227,-4.720898,0.008907175,N-BEATS(L=90),5,val
2019-03-21,SPY,-4.1380754,0.015953528,-4.5130525,0.010964939,N-BEATS(L=90),5,val
2019-03-21,TLT,-4.4115844,0.012135935,-4.7621474,0.008547235,N-BEATS(L=90),5,val
2019-03-22,GLD,-5.02685,0.006559439,-4.6701355,0.009370999,N-BEATS(L=90),5,val
2019-03-22,SPY,-4.2225914,0.014660603,-4.415139,0.012092871,N-BEATS(L=90),5,val
2019-03-22,TLT,-4.524285,0.010842466,-4.6639752,0.009428905,N-BEATS(L=90),5,val
2019-03-25,GLD,-4.999097,0.006744035,-4.7883277,0.00832637,N-BEATS(L=90),5,val
2019-03-25,SPY,-4.294202,0.01364746,-4.4598317,0.011564309,N-BEATS(L=90),5,val
2019-03-25,TLT,-4.73661,0.008768321,-4.6790223,0.00928809,N-BEATS(L=90),5,val
2019-03-26,GLD,-5.0397134,0.006475604,-4.823641,0.008037471,N-BEATS(L=90),5,val
2019-03-26,SPY,-4.3998833,0.012278773,-4.461267,0.011547723,N-BEATS(L=90),5,val
2019-03-26,TLT,-4.771493,0.008467729,-4.636283,0.009693663,N-BEATS(L=90),5,val
2019-03-27,GLD,-5.117278,0.005992311,-4.8977585,0.0074632936,N-BEATS(L=90),5,val
2019-03-27,SPY,-4.667113,0.009399368,-4.3156195,0.013358272,N-BEATS(L=90),5,val
2019-03-27,TLT,-4.8763433,0.0076248455,-4.766786,0.008507679,N-BEATS(L=90),5,val
2019-03-28,GLD,-4.911236,0.007363383,-4.833965,0.007954919,N-BEATS(L=90),5,val
2019-03-28,SPY,-4.7705173,0.008475994,-4.1382017,0.01595151,N-BEATS(L=90),5,val
2019-03-28,TLT,-4.9441967,0.0071246354,-4.6174545,0.009877908,N-BEATS(L=90),5,val
2019-03-29,GLD,-4.9192467,0.0073046316,-5.064293,0.006318377,N-BEATS(L=90),5,val
2019-03-29,SPY,-4.8763633,0.0076246927,-4.2907014,0.013695316,N-BEATS(L=90),5,val
2019-03-29,TLT,-4.949439,0.0070873834,-4.965466,0.0069746994,N-BEATS(L=90),5,val
2019-04-01,GLD,-4.964761,0.00697962,-4.953592,0.0070580123,N-BEATS(L=90),5,val
2019-04-01,SPY,-4.884143,0.0075656055,-4.182092,0.015266534,N-BEATS(L=90),5,val
2019-04-01,TLT,-5.1774783,0.005642216,-4.8374724,0.007927065,N-BEATS(L=90),5,val
2019-04-02,GLD,-4.953024,0.0070620216,-4.6301064,0.009753721,N-BEATS(L=90),5,val
2019-04-02,SPY,-4.8602405,0.0077486206,-4.2169223,0.014743952,N-BEATS(L=90),5,val
2019-04-02,TLT,-5.1511073,0.0057929866,-4.7905345,0.008308016,N-BEATS(L=90),5,val
2019-04-03,GLD,-4.9047747,0.007411113,-4.840412,0.007903796,N-BEATS(L=90),5,val
2019-04-03,SPY,-5.0038004,0.0067123887,-4.218622,0.01471891,N-BEATS(L=90),5,val
2019-04-03,TLT,-5.1861205,0.0055936654,-4.655397,0.009510137,N-BEATS(L=90),5,val
2019-04-04,GLD,-4.97221,0.0069278213,-4.5905795,0.010146976,N-BEATS(L=90),5,val
2019-04-04,SPY,-5.0534954,0.0063869692,-4.195553,0.015062413,N-BEATS(L=90),5,val
2019-04-04,TLT,-5.1297884,0.0059178127,-5.021127,0.0065970863,N-BEATS(L=90),5,val
2019-04-05,GLD,-4.9607096,0.0070079532,-4.69232,0.009165399,N-BEATS(L=90),5,val
2019-04-05,SPY,-4.817379,0.008087958,-4.122866,0.016198022,N-BEATS(L=90),5,val
2019-04-05,TLT,-5.162553,0.0057270606,-4.594458,0.010107697,N-BEATS(L=90),5,val
2019-04-08,GLD,-4.9027324,0.007426264,-4.6028457,0.010023273,N-BEATS(L=90),5,val
2019-04-08,SPY,-4.8392396,0.007913069,-4.0809336,0.016891688,N-BEATS(L=90),5,val
2019-04-08,TLT,-5.213762,0.0054411665,-4.6814456,0.00926561,N-BEATS(L=90),5,val
2019-04-09,GLD,-4.87487,0.0076360884,-4.8301516,0.007985311,N-BEATS(L=90),5,val
2019-04-09,SPY,-4.83977,0.007908874,-4.239567,0.014413835,N-BEATS(L=90),5,val
2019-04-09,TLT,-5.2751036,0.0051174266,-4.8794665,0.007601068,N-BEATS(L=90),5,val
2019-04-10,GLD,-4.9304934,0.007222939,-4.89339,0.0074959667,N-BEATS(L=90),5,val
2019-04-10,SPY,-4.751007,0.008642986,-4.0611353,0.017229447,N-BEATS(L=90),5,val
2019-04-10,TLT,-5.2577205,0.005207161,-4.75469,0.0086112125,N-BEATS(L=90),5,val
2019-04-11,GLD,-5.1279984,0.0059284153,-5.0919285,0.0061461558,N-BEATS(L=90),5,val
2019-04-11,SPY,-4.6962914,0.00912907,-4.0910544,0.016721593,N-BEATS(L=90),5,val
2019-04-11,TLT,-5.3672104,0.0046671326,-4.7031727,0.009066466,N-BEATS(L=90),5,val
2019-04-12,GLD,-5.2334127,0.0053352863,-4.827137,0.00800942,N-BEATS(L=90),5,val
2019-04-12,SPY,-4.861404,0.0077396105,-4.360695,0.012769511,N-BEATS(L=90),5,val
2019-04-12,TLT,-5.413147,0.00445759,-5.0003343,0.006735695,N-BEATS(L=90),5,val
2019-04-15,GLD,-5.3115373,0.0049343356,-4.8292503,0.007992511,N-BEATS(L=90),5,val
2019-04-15,SPY,-4.768606,0.008492208,-4.2464495,0.014314969,N-BEATS(L=90),5,val
2019-04-15,TLT,-5.3705516,0.0046515646,-4.806417,0.008177106,N-BEATS(L=90),5,val
2019-04-16,GLD,-5.214103,0.005439309,-4.640988,0.009648162,N-BEATS(L=90),5,val
2019-04-16,SPY,-4.805684,0.008183101,-4.5920076,0.010132495,N-BEATS(L=90),5,val
2019-04-16,TLT,-5.4411483,0.0043345033,-4.993142,0.006784314,N-BEATS(L=90),5,val
2019-04-17,GLD,-5.0776377,0.0062346198,-4.922124,0.0072836448,N-BEATS(L=90),5,val
2019-04-17,SPY,-4.757783,0.008584621,-4.541309,0.010659445,N-BEATS(L=90),5,val
2019-04-17,TLT,-5.390582,0.0045593185,-4.89324,0.0074970927,N-BEATS(L=90),5,val
2019-04-18,GLD,-5.055652,0.006373209,-4.5603337,0.010458568,N-BEATS(L=90),5,val
2019-04-18,SPY,-4.7220016,0.008897352,-4.679407,0.009284517,N-BEATS(L=90),5,val
2019-04-18,TLT,-5.3716793,0.004646322,-5.0537615,0.00638527,N-BEATS(L=90),5,val
2019-04-22,GLD,-5.05199,0.006396591,-4.9053597,0.007406778,N-BEATS(L=90),5,val
2019-04-22,SPY,-4.7215586,0.008901294,-4.63986,0.009659048,N-BEATS(L=90),5,val
2019-04-22,TLT,-5.283743,0.005073406,-4.7395372,0.008742691,N-BEATS(L=90),5,val
2019-04-23,GLD,-5.089075,0.006163718,-4.6996984,0.00909802,N-BEATS(L=90),5,val
2019-04-23,SPY,-4.6547265,0.009516516,-4.561348,0.010447966,N-BEATS(L=90),5,val
2019-04-23,TLT,-5.1796584,0.0056299292,-4.882311,0.0075794784,N-BEATS(L=90),5,val
2019-04-24,GLD,-4.7151976,0.008958096,-4.7400513,0.008738198,N-BEATS(L=90),5,val
2019-04-24,SPY,-4.5824394,0.010229911,-4.4481773,0.011699872,N-BEATS(L=90),5,val
2019-04-24,TLT,-4.9396334,0.007157222,-5.0245852,0.0065743127,N-BEATS(L=90),5,val
2019-04-25,GLD,-4.7284904,0.008839806,-4.818964,0.008075149,N-BEATS(L=90),5,val
2019-04-25,SPY,-4.4422603,0.011769307,-4.53277,0.010750853,N-BEATS(L=90),5,val
2019-04-25,TLT,-4.872497,0.0076542282,-4.952593,0.0070650666,N-BEATS(L=90),5,val
2019-04-26,GLD,-4.6940236,0.009149796,-4.566907,0.010390047,N-BEATS(L=90),5,val
2019-04-26,SPY,-4.35794,0.012804735,-4.5628815,0.0104319565,N-BEATS(L=90),5,val
2019-04-26,TLT,-4.8352733,0.007944517,-4.9158964,0.007329145,N-BEATS(L=90),5,val
2019-04-29,GLD,-4.645389,0.009605791,-4.7455807,0.0086900145,N-BEATS(L=90),5,val
2019-04-29,SPY,-4.2226496,0.014659751,-4.492473,0.011192928,N-BEATS(L=90),5,val
2019-04-29,TLT,-4.859331,0.0077556698,-4.931194,0.0072178813,N-BEATS(L=90),5,val
2019-04-30,GLD,-4.6369324,0.00968737,-4.946628,0.0071073337,N-BEATS(L=90),5,val
2019-04-30,SPY,-4.0399747,0.017597917,-4.619545,0.00985728,N-BEATS(L=90),5,val
2019-04-30,TLT,-4.8226895,0.00804512,-5.0321627,0.0065246844,N-BEATS(L=90),5,val
2019-05-01,GLD,-4.9528685,0.0070631197,-4.9364295,0.0071801897,N-BEATS(L=90),5,val
2019-05-01,SPY,-4.0089016,0.018153325,-4.7752995,0.008435557,N-BEATS(L=90),5,val
2019-05-01,TLT,-4.8534055,0.0078017637,-4.950365,0.0070808236,N-BEATS(L=90),5,val
2019-05-02,GLD,-4.874224,0.0076410198,-5.035749,0.0065013273,N-BEATS(L=90),5,val
2019-05-02,SPY,-3.9631627,0.01900292,-4.545837,0.010611288,N-BEATS(L=90),5,val
2019-05-02,TLT,-4.746055,0.008685892,-5.0371633,0.006492139,N-BEATS(L=90),5,val
2019-05-03,GLD,-4.927236,0.0072465045,-4.989608,0.006808334,N-BEATS(L=90),5,val
2019-05-03,SPY,-3.7481205,0.023561988,-4.56398,0.010420501,N-BEATS(L=90),5,val
2019-05-03,TLT,-4.6572433,0.009492595,-5.0197487,0.0066061867,N-BEATS(L=90),5,val
2019-05-06,GLD,-4.9417768,0.007141898,-5.043131,0.0064535113,N-BEATS(L=90),5,val
2019-05-06,SPY,-3.7379823,0.023802081,-4.577693,0.010278582,N-BEATS(L=90),5,val
2019-05-06,TLT,-4.6155815,0.009896426,-5.0608172,0.0063403756,N-BEATS(L=90),5,val
2019-05-07,GLD,-4.9289865,0.0072338306,-5.038093,0.006486105,N-BEATS(L=90),5,val
2019-05-07,SPY,-3.8054233,0.022249777,-4.634767,0.009708368,N-BEATS(L=90),5,val
2019-05-07,TLT,-4.657104,0.009493917,-5.1481724,0.0058100135,N-BEATS(L=90),5,val
2019-05-08,GLD,-4.951635,0.007071838,-5.088477,0.006167405,N-BEATS(L=90),5,val
2019-05-08,SPY,-3.7822092,0.022772329,-4.5682025,0.010376595,N-BEATS(L=90),5,val
2019-05-08,TLT,-4.7209272,0.008906916,-5.026078,0.0065645045,N-BEATS(L=90),5,val
2019-05-09,GLD,-4.9417477,0.0071421056,-4.8569784,0.007773938,N-BEATS(L=90),5,val
2019-05-09,SPY,-3.8164651,0.02200545,-4.7494063,0.008656833,N-BEATS(L=90),5,val
2019-05-09,TLT,-4.9382453,0.007167164,-5.1457305,0.005824218,N-BEATS(L=90),5,val
2019-05-10,GLD,-4.867041,0.007696104,-4.897936,0.0074619697,N-BEATS(L=90),5,val
2019-05-10,SPY,-4.03286,0.017723572,-4.625759,0.009796215,N-BEATS(L=90),5,val
2019-05-10,TLT,-5.090645,0.00615405,-4.980235,0.0068724467,N-BEATS(L=90),5,val
2019-05-13,GLD,-4.919344,0.007303921,-4.9083495,0.0073846667,N-BEATS(L=90),5,val
2019-05-13,SPY,-4.062778,0.017201168,-4.2691455,0.013993735,N-BEATS(L=90),5,val
2019-05-13,TLT,-5.076537,0.006241485,-4.813176,0.008122022,N-BEATS(L=90),5,val
2019-05-14,GLD,-4.93444,0.007194488,-4.7487197,0.008662779,N-BEATS(L=90),5,val
2019-05-14,SPY,-4.148612,0.015786313,-4.4081926,0.012177167,N-BEATS(L=90),5,val
2019-05-14,TLT,-5.081762,0.00620896,-4.7591763,0.008572668,N-BEATS(L=90),5,val
2019-05-15,GLD,-4.9794016,0.006878177,-4.5722117,0.010335076,N-BEATS(L=90),5,val
2019-05-15,SPY,-4.254793,0.014196027,-4.520903,0.010879194,N-BEATS(L=90),5,val
2019-05-15,TLT,-5.1030464,0.006078202,-4.750967,0.008643333,N-BEATS(L=90),5,val
2019-05-16,GLD,-5.0143876,0.006641698,-4.735434,0.008778637,N-BEATS(L=90),5,val
2019-05-16,SPY,-4.298674,0.013586561,-4.308603,0.013452332,N-BEATS(L=90),5,val
2019-05-16,TLT,-4.82152,0.008054536,-4.8091445,0.008154833,N-BEATS(L=90),5,val
2019-05-17,GLD,-5.1315756,0.005907246,-4.8412433,0.00789723,N-BEATS(L=90),5,val
2019-05-17,SPY,-4.4490085,0.011690153,-4.2601857,0.01411968,N-BEATS(L=90),5,val
2019-05-17,TLT,-4.871344,0.0076630586,-4.7426667,0.008715373,N-BEATS(L=90),5,val
2019-05-20,GLD,-5.10556,0.006062944,-4.744502,0.008699393,N-BEATS(L=90),5,val
2019-05-20,SPY,-4.4148765,0.012096048,-4.4294543,0.011920993,N-BEATS(L=90),5,val
2019-05-20,TLT,-4.850757,0.007822453,-4.773011,0.008454883,N-BEATS(L=90),5,val
2019-05-21,GLD,-5.109391,0.0060397587,-4.8175993,0.008086177,N-BEATS(L=90),5,val
2019-05-21,SPY,-4.3105626,0.013425994,-4.3448553,0.012973385,N-BEATS(L=90),5,val
2019-05-21,TLT,-4.76861,0.008492176,-4.7196803,0.008918029,N-BEATS(L=90),5,val
2019-05-22,GLD,-4.988669,0.0068147294,-5.065803,0.0063088425,N-BEATS(L=90),5,val
2019-05-22,SPY,-4.266472,0.0140312,-4.6127853,0.009924138,N-BEATS(L=90),5,val
2019-05-22,TLT,-4.594629,0.010105971,-4.7041483,0.009057625,N-BEATS(L=90),5,val
2019-05-23,GLD,-4.917016,0.0073209438,-5.077642,0.006234593,N-BEATS(L=90),5,val
2019-05-23,SPY,-4.3201766,0.013297535,-4.233182,0.014506159,N-BEATS(L=90),5,val
2019-05-23,TLT,-4.6767406,0.009309307,-4.6108594,0.009943269,N-BEATS(L=90),5,val
2019-05-24,GLD,-4.662226,0.009445411,-4.7435675,0.008707527,N-BEATS(L=90),5,val
2019-05-24,SPY,-4.188819,0.015164184,-4.293496,0.013657095,N-BEATS(L=90),5,val
2019-05-24,TLT,-4.56975,0.010360551,-4.674526,0.009329945,N-BEATS(L=90),5,val
2019-05-28,GLD,-4.5881243,0.01017192,-4.7909007,0.008304974,N-BEATS(L=90),5,val
2019-05-28,SPY,-4.213414,0.014795766,-4.20693,0.014892015,N-BEATS(L=90),5,val
2019-05-28,TLT,-4.4755125,0.011384386,-4.7448516,0.008696352,N-BEATS(L=90),5,val
2019-05-29,GLD,-4.497024,0.011142106,-4.7100096,0.009004692,N-BEATS(L=90),5,val
2019-05-29,SPY,-4.2142606,0.014783249,-4.2745805,0.013917887,N-BEATS(L=90),5,val
2019-05-29,TLT,-4.4703913,0.011442837,-4.8348894,0.007947567,N-BEATS(L=90),5,val
2019-05-30,GLD,-4.495969,0.011153869,-4.604962,0.010002083,N-BEATS(L=90),5,val
2019-05-30,SPY,-4.1871376,0.015189702,-4.054976,0.017335897,N-BEATS(L=90),5,val
2019-05-30,TLT,-4.440826,0.0117862,-4.9633245,0.006989652,N-BEATS(L=90),5,val
2019-05-31,GLD,-4.4846315,0.011281043,-4.946603,0.0071075135,N-BEATS(L=90),5,val
2019-05-31,SPY,-4.1338964,0.016020337,-4.234395,0.014488573,N-BEATS(L=90),5,val
2019-05-31,TLT,-4.4542933,0.011628536,-4.854617,0.0077923164,N-BEATS(L=90),5,val
2019-06-03,GLD,-4.643008,0.009628689,-4.659314,0.009472957,N-BEATS(L=90),5,val
2019-06-03,SPY,-4.2534094,0.0142156845,-4.157614,0.015644839,N-BEATS(L=90),5,val
2019-06-03,TLT,-4.5373597,0.010701625,-4.917887,0.007314569,N-BEATS(L=90),5,val
2019-06-04,GLD,-4.712173,0.008985232,-4.9265547,0.007251444,N-BEATS(L=90),5,val
2019-06-04,SPY,-4.270287,0.013977771,-4.25335,0.014216532,N-BEATS(L=90),5,val
2019-06-04,TLT,-4.7055006,0.009045385,-4.8246694,0.0080292085,N-BEATS(L=90),5,val
2019-06-05,GLD,-4.825778,0.008020312,-4.753805,0.008618836,N-BEATS(L=90),5,val
2019-06-05,SPY,-4.356214,0.012826858,-4.1163087,0.016304588,N-BEATS(L=90),5,val
2019-06-05,TLT,-4.7971497,0.008253238,-4.949605,0.0070862076,N-BEATS(L=90),5,val
2019-06-06,GLD,-4.829999,0.00798653,-4.842577,0.007886704,N-BEATS(L=90),5,val
2019-06-06,SPY,-4.4689465,0.011459382,-4.21974,0.014702468,N-BEATS(L=90),5,val
2019-06-06,TLT,-5.2465343,0.005265736,-4.8277526,0.00800449,N-BEATS(L=90),5,val
2019-06-07,GLD,-4.6809196,0.009270485,-4.8588557,0.007759358,N-BEATS(L=90),5,val
2019-06-07,SPY,-4.6030064,0.010021661,-4.218311,0.014723494,N-BEATS(L=90),5,val
2019-06-07,TLT,-5.306814,0.004957696,-4.7609406,0.008557557,N-BEATS(L=90),5,val
2019-06-10,GLD,-4.65949,0.009471291,-4.8258114,0.008020044,N-BEATS(L=90),5,val
2019-06-10,SPY,-4.687128,0.009213108,-4.3317013,0.013145165,N-BEATS(L=90),5,val
2019-06-10,TLT,-5.1980705,0.005527219,-5.086484,0.00617971,N-BEATS(L=90),5,val
2019-06-11,GLD,-4.456119,0.011607324,-4.8589463,0.0077586547,N-BEATS(L=90),5,val
2019-06-11,SPY,-4.7322645,0.008806506,-4.2675166,0.014016548,N-BEATS(L=90),5,val
2019-06-11,TLT,-4.9964366,0.006762,-4.9860244,0.006832775,N-BEATS(L=90),5,val
2019-06-12,GLD,-4.421049,0.012021613,-4.9386845,0.007164017,N-BEATS(L=90),5,val
2019-06-12,SPY,-4.6469617,0.0095906975,-4.1603255,0.015602478,N-BEATS(L=90),5,val
2019-06-12,TLT,-4.793048,0.008287161,-4.8105326,0.008143522,N-BEATS(L=90),5,val
2019-06-13,GLD,-4.339468,0.013043465,-4.7496314,0.008654885,N-BEATS(L=90),5,val
2019-06-13,SPY,-4.43998,0.011796174,-4.149988,0.015764603,N-BEATS(L=90),5,val
2019-06-13,TLT,-4.6642013,0.009426774,-4.9022894,0.0074295546,N-BEATS(L=90),5,val
2019-06-14,GLD,-4.3828993,0.012489096,-4.5713406,0.010344083,N-BEATS(L=90),5,val
2019-06-14,SPY,-4.4259844,0.01196243,-4.4575715,0.011590476,N-BEATS(L=90),5,val
2019-06-14,TLT,-4.6428456,0.0096302545,-4.934481,0.0071941926,N-BEATS(L=90),5,val
2019-06-17,GLD,-4.3221507,0.01327131,-4.374585,0.012593365,N-BEATS(L=90),5,val
2019-06-17,SPY,-4.428684,0.011930177,-4.4418707,0.011773893,N-BEATS(L=90),5,val
2019-06-17,TLT,-4.6709647,0.009363232,-4.9392605,0.007159891,N-BEATS(L=90),5,val
2019-06-18,GLD,-4.117786,0.01628052,-4.5393205,0.010680662,N-BEATS(L=90),5,val
2019-06-18,SPY,-4.494337,0.011172084,-4.499991,0.011109097,N-BEATS(L=90),5,val
2019-06-18,TLT,-4.7746477,0.008441057,-4.8799143,0.0075976653,N-BEATS(L=90),5,val
2019-06-19,GLD,-4.089697,0.016744308,-4.4481444,0.011700258,N-BEATS(L=90),5,val
2019-06-19,SPY,-4.5423465,0.010648391,-4.6222615,0.009830539,N-BEATS(L=90),5,val
2019-06-19,TLT,-4.928759,0.0072354763,-5.052033,0.006396317,N-BEATS(L=90),5,val
2019-06-20,GLD,-4.1435065,0.015867116,-4.629035,0.009764177,N-BEATS(L=90),5,val
2019-06-20,SPY,-4.834514,0.00795055,-4.575631,0.010299796,N-BEATS(L=90),5,val
2019-06-20,TLT,-4.9018497,0.0074328217,-4.7659116,0.008515122,N-BEATS(L=90),5,val
2019-06-21,GLD,-4.1835246,0.015244681,-4.810296,0.008145448,N-BEATS(L=90),5,val
2019-06-21,SPY,-4.873375,0.007647512,-4.4020295,0.012252448,N-BEATS(L=90),5,val
2019-06-21,TLT,-4.920349,0.007296583,-5.130412,0.005914123,N-BEATS(L=90),5,val
2019-06-24,GLD,-4.200022,0.014995243,-4.6068,0.009983715,N-BEATS(L=90),5,val
2019-06-24,SPY,-4.6764536,0.00931198,-4.5262136,0.0108215725,N-BEATS(L=90),5,val
2019-06-24,TLT,-4.6867185,0.009216882,-4.991611,0.0067947092,N-BEATS(L=90),5,val
2019-06-25,GLD,-4.380529,0.012518736,-4.7725277,0.008458971,N-BEATS(L=90),5,val
2019-06-25,SPY,-4.682473,0.009256094,-4.5756607,0.010299492,N-BEATS(L=90),5,val
2019-06-25,TLT,-4.629974,0.0097550135,-4.9296236,0.007229224,N-BEATS(L=90),5,val
2019-06-26,GLD,-4.432824,0.011880889,-4.4358525,0.011844964,N-BEATS(L=90),5,val
2019-06-26,SPY,-4.7335973,0.008794777,-4.674545,0.009329771,N-BEATS(L=90),5,val
2019-06-26,TLT,-4.63731,0.009683711,-5.0103817,0.0066683576,N-BEATS(L=90),5,val
2019-06-27,GLD,-4.292055,0.013676789,-4.5899243,0.010153627,N-BEATS(L=90),5,val
2019-06-27,SPY,-4.5853124,0.010200563,-4.5228853,0.010857651,N-BEATS(L=90),5,val
2019-06-27,TLT,-4.6639934,0.009428735,-4.753328,0.008622952,N-BEATS(L=90),5,val
2019-06-28,GLD,-4.2917185,0.013681394,-4.412153,0.0121290395,N-BEATS(L=90),5,val
2019-06-28,SPY,-4.5378747,0.010696115,-4.542016,0.010651911,N-BEATS(L=90),5,val
2019-06-28,TLT,-4.6858687,0.0092247175,-4.7537103,0.008619655,N-BEATS(L=90),5,val
2019-07-01,GLD,-4.290331,0.013700391,-4.2673187,0.014019323,N-BEATS(L=90),5,val
2019-07-01,SPY,-4.645212,0.009607491,-4.403753,0.012231352,N-BEATS(L=90),5,val
2019-07-01,TLT,-4.883713,0.0075688604,-4.6931257,0.009158016,N-BEATS(L=90),5,val
2019-07-02,GLD,-4.361874,0.012754462,-4.5531697,0.010533762,N-BEATS(L=90),5,val
2019-07-02,SPY,-4.6251936,0.0098017575,-4.5364547,0.010711314,N-BEATS(L=90),5,val
2019-07-02,TLT,-4.8436613,0.007878156,-4.682023,0.009260261,N-BEATS(L=90),5,val
2019-07-03,GLD,-4.3350997,0.013100568,-4.3903747,0.012396084,N-BEATS(L=90),5,val
2019-07-03,SPY,-4.605688,0.009994823,-4.3912373,0.012385395,N-BEATS(L=90),5,val
2019-07-03,TLT,-4.603092,0.010020802,-4.442319,0.011768617,N-BEATS(L=90),5,val
2019-07-05,GLD,-4.4190507,0.012045662,-4.449203,0.0116878785,N-BEATS(L=90),5,val
2019-07-05,SPY,-4.7776766,0.0084155295,-4.404547,0.012221639,N-BEATS(L=90),5,val
2019-07-05,TLT,-4.636287,0.009693622,-4.6792126,0.009286324,N-BEATS(L=90),5,val
2019-07-08,GLD,-4.4286156,0.011930996,-4.5266147,0.010817234,N-BEATS(L=90),5,val
2019-07-08,SPY,-4.9350357,0.007190204,-4.688719,0.0091984635,N-BEATS(L=90),5,val
2019-07-08,TLT,-4.646377,0.009596306,-4.7358637,0.008774867,N-BEATS(L=90),5,val
2019-07-09,GLD,-4.4205413,0.01202772,-4.528969,0.010791799,N-BEATS(L=90),5,val
2019-07-09,SPY,-4.9693723,0.0069475076,-4.744183,0.008702168,N-BEATS(L=90),5,val
2019-07-09,TLT,-4.6467113,0.009593098,-4.9384575,0.007165643,N-BEATS(L=90),5,val
2019-07-10,GLD,-4.495493,0.011159179,-4.3213687,0.013281693,N-BEATS(L=90),5,val
2019-07-10,SPY,-5.087917,0.0061708614,-4.6994915,0.0090999035,N-BEATS(L=90),5,val
2019-07-10,TLT,-4.7101455,0.009003468,-5.2508607,0.005243004,N-BEATS(L=90),5,val
2019-07-11,GLD,-4.2695074,0.013988672,-4.4969616,0.0111428015,N-BEATS(L=90),5,val
2019-07-11,SPY,-4.928869,0.007234683,-4.4547873,0.011622792,N-BEATS(L=90),5,val
2019-07-11,TLT,-4.833507,0.007958561,-5.1481085,0.0058103846,N-BEATS(L=90),5,val
2019-07-12,GLD,-4.1222773,0.016207563,-4.542339,0.010648472,N-BEATS(L=90),5,val
2019-07-12,SPY,-4.8228254,0.008044027,-4.732166,0.008807375,N-BEATS(L=90),5,val
2019-07-12,TLT,-4.925163,0.007261544,-4.9672685,0.0069621396,N-BEATS(L=90),5,val
2019-07-15,GLD,-4.132489,0.016042896,-4.695651,0.009134918,N-BEATS(L=90),5,val
2019-07-15,SPY,-4.7688074,0.0084905,-4.679869,0.009280228,N-BEATS(L=90),5,val
2019-07-15,TLT,-4.8756423,0.0076301917,-4.80924,0.008154055,N-BEATS(L=90),5,val
2019-07-16,GLD,-4.1017933,0.016542982,-4.881223,0.007587727,N-BEATS(L=90),5,val
2019-07-16,SPY,-4.7247877,0.0088725975,-4.794241,0.008277279,N-BEATS(L=90),5,val
2019-07-16,TLT,-4.828898,0.007995328,-4.7839656,0.00836277,N-BEATS(L=90),5,val
2019-07-17,GLD,-4.1174297,0.016286321,-4.588169,0.010171465,N-BEATS(L=90),5,val
2019-07-17,SPY,-4.727483,0.008848717,-4.721317,0.008903447,N-BEATS(L=90),5,val
2019-07-17,TLT,-4.8558135,0.0077829994,-4.7885933,0.008324158,N-BEATS(L=90),5,val
2019-07-18,GLD,-4.286664,0.013750721,-4.538453,0.01068993,N-BEATS(L=90),5,val
2019-07-18,SPY,-4.787537,0.008332956,-4.7377386,0.00875843,N-BEATS(L=90),5,val
2019-07-18,TLT,-4.889065,0.00752846,-4.7514324,0.008639311,N-BEATS(L=90),5,val
2019-07-19,GLD,-4.6105547,0.0099463,-4.559365,0.0104687065,N-BEATS(L=90),5,val
2019-07-19,SPY,-4.8675265,0.0076923687,-4.579394,0.010261114,N-BEATS(L=90),5,val
2019-07-19,TLT,-4.871048,0.007665328,-4.845586,0.007863009,N-BEATS(L=90),5,val
2019-07-22,GLD,-4.4594593,0.011568617,-4.465069,0.011503904,N-BEATS(L=90),5,val
2019-07-22,SPY,-4.911647,0.007360357,-4.7427692,0.00871448,N-BEATS(L=90),5,val
2019-07-22,TLT,-4.9001584,0.0074454034,-4.844362,0.00787264,N-BEATS(L=90),5,val
2019-07-23,GLD,-4.569976,0.01035821,-4.518523,0.010905116,N-BEATS(L=90),5,val
2019-07-23,SPY,-4.9310517,0.007218907,-4.6655254,0.0094143,N-BEATS(L=90),5,val
2019-07-23,TLT,-4.915404,0.007332756,-4.5499644,0.01056758,N-BEATS(L=90),5,val
2019-07-24,GLD,-4.3208222,0.013288952,-4.45679,0.011599539,N-BEATS(L=90),5,val
2019-07-24,SPY,-4.281831,0.013817342,-4.700295,0.0090925945,N-BEATS(L=90),5,val
2019-07-24,TLT,-4.6182313,0.009870239,-4.5820923,0.010233463,N-BEATS(L=90),5,val
2019-07-25,GLD,-4.088249,0.016768565,-4.3769608,0.012563484,N-BEATS(L=90),5,val
2019-07-25,SPY,-3.8981571,0.02027925,-4.7312517,0.00881543,N-BEATS(L=90),5,val
2019-07-25,TLT,-4.4942036,0.011173576,-4.7416615,0.008724138,N-BEATS(L=90),5,val
2019-07-26,GLD,-4.037956,0.017633474,-4.425509,0.011968118,N-BEATS(L=90),5,val
2019-07-26,SPY,-3.8449516,0.021387435,-4.8283043,0.008000076,N-BEATS(L=90),5,val
2019-07-26,TLT,-4.4508114,0.011669095,-4.6620927,0.009446673,N-BEATS(L=90),5,val
2019-07-29,GLD,-3.9999168,0.018317163,-4.559858,0.010463546,N-BEATS(L=90),5,val
2019-07-29,SPY,-3.6896846,0.024979878,-4.7143707,0.008965506,N-BEATS(L=90),5,val
2019-07-29,TLT,-4.375135,0.012586444,-4.80326,0.008202963,N-BEATS(L=90),5,val
2019-07-30,GLD,-3.9924307,0.018454801,-4.7345457,0.00878644,N-BEATS(L=90),5,val
2019-07-30,SPY,-3.646183,0.026090527,-4.7196026,0.008918722,N-BEATS(L=90),5,val
2019-07-30,TLT,-4.3246145,0.013238653,-4.846315,0.007857279,N-BEATS(L=90),5,val
2019-07-31,GLD,-4.033844,0.017706137,-4.612111,0.009930831,N-BEATS(L=90),5,val
2019-07-31,SPY,-3.594399,0.027477194,-4.682322,0.009257493,N-BEATS(L=90),5,val
2019-07-31,TLT,-4.07756,0.01694877,-4.777541,0.0084166685,N-BEATS(L=90),5,val
2019-08-01,GLD,-4.1689982,0.015467747,-4.564445,0.010415658,N-BEATS(L=90),5,val
2019-08-01,SPY,-3.733933,0.023898657,-4.6731863,0.009342454,N-BEATS(L=90),5,val
2019-08-01,TLT,-3.9601812,0.01905966,-4.7608027,0.008558736,N-BEATS(L=90),5,val
2019-08-02,GLD,-4.1840057,0.015237348,-4.441912,0.011773404,N-BEATS(L=90),5,val
2019-08-02,SPY,-3.7185028,0.02427028,-4.512854,0.010967114,N-BEATS(L=90),5,val
2019-08-02,TLT,-3.901201,0.020217616,-4.367178,0.012686993,N-BEATS(L=90),5,val
2019-08-05,GLD,-4.2042346,0.014932211,-4.263686,0.01407034,N-BEATS(L=90),5,val
2019-08-05,SPY,-3.7759094,0.02291624,-4.405285,0.012212627,N-BEATS(L=90),5,val
2019-08-05,TLT,-3.8632998,0.020998593,-4.56026,0.010459341,N-BEATS(L=90),5,val
2019-08-06,GLD,-3.7486782,0.023548853,-4.3700857,0.012650156,N-BEATS(L=90),5,val
2019-08-06,SPY,-3.691177,0.02494263,-4.1948147,0.015073536,N-BEATS(L=90),5,val
2019-08-06,TLT,-3.828748,0.021736814,-4.4909925,0.011209512,N-BEATS(L=90),5,val
2019-08-07,GLD,-3.7409205,0.023732247,-4.489535,0.011225864,N-BEATS(L=90),5,val
2019-08-07,SPY,-3.8321218,0.0216636,-4.360156,0.012776393,N-BEATS(L=90),5,val
2019-08-07,TLT,-4.005419,0.018216658,-4.6916237,0.009171782,N-BEATS(L=90),5,val
2019-08-08,GLD,-3.7565627,0.02336391,-4.2069645,0.014891503,N-BEATS(L=90),5,val
2019-08-08,SPY,-3.8187869,0.02195442,-3.860341,0.021060815,N-BEATS(L=90),5,val
2019-08-08,TLT,-3.9343467,0.019558473,-4.5421,0.010651017,N-BEATS(L=90),5,val
2019-08-09,GLD,-3.74303,0.023682235,-4.3261747,0.013218014,N-BEATS(L=90),5,val
2019-08-09,SPY,-3.787,0.02266349,-3.9540973,0.01917597,N-BEATS(L=90),5,val
2019-08-09,TLT,-3.9318922,0.019606538,-4.4423227,0.011768571,N-BEATS(L=90),5,val
2019-08-12,GLD,-3.775951,0.02291529,-4.3078465,0.013462509,N-BEATS(L=90),5,val
2019-08-12,SPY,-3.8876834,0.020492764,-3.9562001,0.01913569,N-BEATS(L=90),5,val
2019-08-12,TLT,-3.9771903,0.018738216,-4.5675893,0.01038296,N-BEATS(L=90),5,val
2019-08-13,GLD,-4.3104815,0.013427082,-4.2203836,0.014693007,N-BEATS(L=90),5,val
2019-08-13,SPY,-4.0997486,0.016576841,-3.9026427,0.020188488,N-BEATS(L=90),5,val
2019-08-13,TLT,-4.049697,0.017427655,-4.491009,0.011209325,N-BEATS(L=90),5,val
2019-08-14,GLD,-4.5053186,0.011050069,-4.260743,0.014111811,N-BEATS(L=90),5,val
2019-08-14,SPY,-4.226672,0.014600899,-3.9697917,0.018877367,N-BEATS(L=90),5,val
2019-08-14,TLT,-3.9974263,0.018362839,-4.402825,0.0122427065,N-BEATS(L=90),5,val
2019-08-15,GLD,-4.6188507,0.009864126,-4.2910357,0.013690739,N-BEATS(L=90),5,val
2019-08-15,SPY,-4.21655,0.014749444,-3.977079,0.018740302,N-BEATS(L=90),5,val
2019-08-15,TLT,-4.277727,0.01387416,-4.301646,0.0135462405,N-BEATS(L=90),5,val
2019-08-16,GLD,-4.481093,0.011321033,-4.381348,0.012508485,N-BEATS(L=90),5,val
2019-08-16,SPY,-3.8395433,0.021503419,-4.129577,0.016089682,N-BEATS(L=90),5,val
2019-08-16,TLT,-4.2358575,0.0144674,-4.403834,0.01223036,N-BEATS(L=90),5,val
2019-08-19,GLD,-4.4609475,0.011551413,-4.377333,0.012558807,N-BEATS(L=90),5,val
2019-08-19,SPY,-3.821012,0.021905622,-3.867701,0.020906378,N-BEATS(L=90),5,val
2019-08-19,TLT,-4.257224,0.014161559,-4.5724297,0.010332824,N-BEATS(L=90),5,val
2019-08-20,GLD,-4.422961,0.011998649,-4.3983297,0.012297863,N-BEATS(L=90),5,val
2019-08-20,SPY,-3.7828,0.022758879,-4.0542583,0.017348342,N-BEATS(L=90),5,val
2019-08-20,TLT,-4.244647,0.014340795,-4.3167477,0.013343209,N-BEATS(L=90),5,val
2019-08-21,GLD,-4.3811984,0.012510357,-4.198444,0.01501893,N-BEATS(L=90),5,val
2019-08-21,SPY,-3.7406642,0.02373833,-3.8684535,0.020890651,N-BEATS(L=90),5,val
2019-08-21,TLT,-4.337664,0.013067015,-4.4053802,0.0122114625,N-BEATS(L=90),5,val
2019-08-22,GLD,-4.188381,0.015170824,-4.604269,0.010009016,N-BEATS(L=90),5,val
2019-08-22,SPY,-3.7725043,0.022994405,-4.051161,0.017402163,N-BEATS(L=90),5,val
2019-08-22,TLT,-4.3343325,0.013110623,-4.208101,0.0148745915,N-BEATS(L=90),5,val
2019-08-23,GLD,-4.169403,0.015461487,-4.5645065,0.010415018,N-BEATS(L=90),5,val
2019-08-23,SPY,-4.227427,0.0145898815,-4.005617,0.018213045,N-BEATS(L=90),5,val
2019-08-23,TLT,-4.555347,0.010510853,-4.3349867,0.013102048,N-BEATS(L=90),5,val
2019-08-26,GLD,-4.153329,0.015712027,-4.2507753,0.014253179,N-BEATS(L=90),5,val
2019-08-26,SPY,-4.2312336,0.01453445,-3.8472457,0.021338427,N-BEATS(L=90),5,val
2019-08-26,TLT,-4.277866,0.013872235,-4.4966016,0.011146814,N-BEATS(L=90),5,val
2019-08-27,GLD,-4.152427,0.0157262,-4.304285,0.013510541,N-BEATS(L=90),5,val
2019-08-27,SPY,-4.3519173,0.01288209,-4.1090665,0.016423099,N-BEATS(L=90),5,val
2019-08-27,TLT,-4.2852545,0.0137701165,-4.397883,0.012303359,N-BEATS(L=90),5,val
2019-08-28,GLD,-3.9382162,0.019482937,-4.4653287,0.011500915,N-BEATS(L=90),5,val
2019-08-28,SPY,-4.1654973,0.015521994,-4.3530474,0.012867541,N-BEATS(L=90),5,val
2019-08-28,TLT,-4.159937,0.015608543,-4.622196,0.009831181,N-BEATS(L=90),5,val
2019-08-29,GLD,-3.9717035,0.01884131,-4.513567,0.010959299,N-BEATS(L=90),5,val
2019-08-29,SPY,-4.2197504,0.014702314,-4.307825,0.013462798,N-BEATS(L=90),5,val
2019-08-29,TLT,-4.197921,0.015026788,-4.671872,0.009354739,N-BEATS(L=90),5,val
2019-08-30,GLD,-4.0660214,0.017145468,-4.3679557,0.01267713,N-BEATS(L=90),5,val
2019-08-30,SPY,-4.247831,0.014295208,-4.261468,0.014101587,N-BEATS(L=90),5,val
2019-08-30,TLT,-4.2265368,0.014602876,-4.516477,0.010927452,N-BEATS(L=90),5,val
2019-09-03,GLD,-4.0806355,0.016896723,-4.260095,0.014120959,N-BEATS(L=90),5,val
2019-09-03,SPY,-4.262507,0.014086943,-4.3530107,0.012868013,N-BEATS(L=90),5,val
2019-09-03,TLT,-4.27114,0.013965852,-4.494553,0.011169671,N-BEATS(L=90),5,val
2019-09-04,GLD,-4.086165,0.016803553,-4.3210907,0.013285385,N-BEATS(L=90),5,val
2019-09-04,SPY,-4.238731,0.014425888,-4.3222423,0.013270095,N-BEATS(L=90),5,val
2019-09-04,TLT,-4.2737727,0.013929133,-4.362177,0.0127506,N-BEATS(L=90),5,val
2019-09-05,GLD,-4.2894983,0.013711803,-4.6838355,0.009243492,N-BEATS(L=90),5,val
2019-09-05,SPY,-4.5899196,0.010153675,-4.468172,0.01146826,N-BEATS(L=90),5,val
2019-09-05,TLT,-4.1767545,0.01534824,-4.3881364,0.012423861,N-BEATS(L=90),5,val
2019-09-06,GLD,-4.337621,0.013067576,-4.53986,0.010674903,N-BEATS(L=90),5,val
2019-09-06,SPY,-4.5891795,0.010161192,-4.0993056,0.016584188,N-BEATS(L=90),5,val
2019-09-06,TLT,-4.0872216,0.016785806,-4.3486643,0.012924064,N-BEATS(L=90),5,val
2019-09-09,GLD,-4.3298774,0.013169162,-4.1285133,0.016106807,N-BEATS(L=90),5,val
2019-09-09,SPY,-4.6145253,0.009906885,-4.0966783,0.016627816,N-BEATS(L=90),5,val
2019-09-09,TLT,-4.0301,0.017772555,-4.498819,0.011122125,N-BEATS(L=90),5,val
2019-09-10,GLD,-4.3504534,0.0129009625,-4.222407,0.01466331,N-BEATS(L=90),5,val
2019-09-10,SPY,-4.733362,0.008796845,-4.1748013,0.015378246,N-BEATS(L=90),5,val
2019-09-10,TLT,-4.074717,0.016997023,-4.757676,0.008585538,N-BEATS(L=90),5,val
2019-09-11,GLD,-4.0421596,0.017559512,-4.3165636,0.013345666,N-BEATS(L=90),5,val
2019-09-11,SPY,-4.5983524,0.01006841,-4.252788,0.01422452,N-BEATS(L=90),5,val
2019-09-11,TLT,-4.0476213,0.017463867,-4.6536016,0.009527226,N-BEATS(L=90),5,val
2019-09-12,GLD,-4.137803,0.015957871,-4.395707,0.012330159,N-BEATS(L=90),5,val
2019-09-12,SPY,-4.617076,0.009881648,-4.102498,0.016531328,N-BEATS(L=90),5,val
2019-09-12,TLT,-4.2401056,0.01440607,-4.3859196,0.012451433,N-BEATS(L=90),5,val
2019-09-13,GLD,-4.175419,0.015368753,-4.17495,0.015375959,N-BEATS(L=90),5,val
2019-09-13,SPY,-4.480871,0.011323544,-4.168108,0.015481523,N-BEATS(L=90),5,val
2019-09-13,TLT,-4.310241,0.0134303095,-4.3697443,0.012654476,N-BEATS(L=90),5,val
2019-09-16,GLD,-4.2011776,0.014977928,-4.2242646,0.014636094,N-BEATS(L=90),5,val
2019-09-16,SPY,-4.482656,0.011303351,-4.549671,0.01057068,N-BEATS(L=90),5,val
2019-09-16,TLT,-4.290647,0.0136960605,-4.3977356,0.012305172,N-BEATS(L=90),5,val
2019-09-17,GLD,-4.12677,0.01613491,-4.398138,0.012300221,N-BEATS(L=90),5,val
2019-09-17,SPY,-4.2308764,0.014539641,-4.4390297,0.01180739,N-BEATS(L=90),5,val
2019-09-17,TLT,-4.378232,0.012547523,-4.514494,0.010949145,N-BEATS(L=90),5,val
2019-09-18,GLD,-4.2419114,0.01438008,-4.4254894,0.011968352,N-BEATS(L=90),5,val
2019-09-18,SPY,-4.18245,0.0152610745,-4.79555,0.008266452,N-BEATS(L=90),5,val
2019-09-18,TLT,-4.236417,0.014459309,-4.5503497,0.01056351,N-BEATS(L=90),5,val
2019-09-19,GLD,-4.2108183,0.014834224,-4.302723,0.013531663,N-BEATS(L=90),5,val
2019-09-19,SPY,-4.157592,0.01564519,-4.5906615,0.010146144,N-BEATS(L=90),5,val
2019-09-19,TLT,-4.2066016,0.014896908,-4.7148094,0.008961574,N-BEATS(L=90),5,val
2019-09-20,GLD,-4.163817,0.015548099,-4.274591,0.01391774,N-BEATS(L=90),5,val
2019-09-20,SPY,-4.087211,0.016785983,-4.7002196,0.00909328,N-BEATS(L=90),5,val
2019-09-20,TLT,-4.256421,0.014172936,-4.8201756,0.00806537,N-BEATS(L=90),5,val
2019-09-23,GLD,-4.0002494,0.018311072,-4.3645725,0.012720091,N-BEATS(L=90),5,val
2019-09-23,SPY,-4.0919676,0.01670633,-4.4872537,0.011251502,N-BEATS(L=90),5,val
2019-09-23,TLT,-4.3633757,0.012735325,-4.547978,0.010588594,N-BEATS(L=90),5,val
2019-09-24,GLD,-3.9382339,0.019482594,-4.4381046,0.011818318,N-BEATS(L=90),5,val
2019-09-24,SPY,-4.105788,0.016477026,-4.3881183,0.012424086,N-BEATS(L=90),5,val
2019-09-24,TLT,-4.148857,0.015782444,-4.3866024,0.012442933,N-BEATS(L=90),5,val
2019-09-25,GLD,-4.019583,0.01796045,-4.3224883,0.013266831,N-BEATS(L=90),5,val
2019-09-25,SPY,-4.07345,0.017018571,-4.41999,0.012034352,N-BEATS(L=90),5,val
2019-09-25,TLT,-4.2788243,0.013858946,-4.5581927,0.010480984,N-BEATS(L=90),5,val
2019-09-26,GLD,-3.925122,0.019739728,-4.222313,0.014664687,N-BEATS(L=90),5,val
2019-09-26,SPY,-3.8894682,0.020456223,-4.223567,0.014646308,N-BEATS(L=90),5,val
2019-09-26,TLT,-4.2116175,0.014822374,-4.1469846,0.015812024,N-BEATS(L=90),5,val
2019-09-27,GLD,-3.948305,0.019287368,-4.465527,0.011498634,N-BEATS(L=90),5,val
2019-09-27,SPY,-3.954097,0.019175977,-4.4764485,0.011373735,N-BEATS(L=90),5,val
2019-09-27,TLT,-4.2240005,0.014639961,-4.225273,0.014621341,N-BEATS(L=90),5,val
2019-09-30,GLD,-4.023724,0.01788623,-4.4109454,0.012143692,N-BEATS(L=90),5,val
2019-09-30,SPY,-3.9238808,0.019764245,-4.2298765,0.014554188,N-BEATS(L=90),5,val
2019-09-30,TLT,-4.218852,0.014715527,-4.223507,0.014647188,N-BEATS(L=90),5,val
2019-10-01,GLD,-4.1433735,0.015869226,-4.0497966,0.017425919,N-BEATS(L=90),5,val
2019-10-01,SPY,-3.9818926,0.018650308,-4.139539,0.015930198,N-BEATS(L=90),5,val
2019-10-01,TLT,-4.4478703,0.011703466,-4.1947436,0.015074607,N-BEATS(L=90),5,val
2019-10-02,GLD,-4.192815,0.015103711,-4.1930976,0.015099441,N-BEATS(L=90),5,val
2019-10-02,SPY,-4.075035,0.016991619,-4.2174997,0.014735441,N-BEATS(L=90),5,val
2019-10-02,TLT,-4.488255,0.011240241,-4.4087653,0.012170196,N-BEATS(L=90),5,val
2019-10-03,GLD,-4.38176,0.0125033315,-4.0605397,0.017239712,N-BEATS(L=90),5,val
2019-10-03,SPY,-4.3410244,0.013023181,-4.2180796,0.0147269,N-BEATS(L=90),5,val
2019-10-03,TLT,-4.578868,0.010266513,-4.3383656,0.013057853,N-BEATS(L=90),5,val
2019-10-04,GLD,-4.346826,0.0129478425,-4.0652533,0.017158642,N-BEATS(L=90),5,val
2019-10-04,SPY,-4.309116,0.013445431,-4.256472,0.014172212,N-BEATS(L=90),5,val
2019-10-04,TLT,-4.437188,0.011829154,-4.1991,0.015009078,N-BEATS(L=90),5,val
2019-10-07,GLD,-4.5202155,0.010886678,-4.23084,0.014540168,N-BEATS(L=90),5,val
2019-10-07,SPY,-4.3941793,0.01234901,-4.3221498,0.0132713225,N-BEATS(L=90),5,val
2019-10-07,TLT,-4.469233,0.011456099,-4.232828,0.014511293,N-BEATS(L=90),5,val
2019-10-08,GLD,-4.5604763,0.010457077,-4.13867,0.015944043,N-BEATS(L=90),5,val
2019-10-08,SPY,-4.428007,0.011938257,-4.3915887,0.012381044,N-BEATS(L=90),5,val
2019-10-08,TLT,-4.4683056,0.0114667285,-4.35198,0.01288128,N-BEATS(L=90),5,val
2019-10-09,GLD,-4.590997,0.010142739,-4.2719383,0.013954708,N-BEATS(L=90),5,val
2019-10-09,SPY,-4.5025277,0.011080951,-4.3775387,0.012556225,N-BEATS(L=90),5,val
2019-10-09,TLT,-4.480839,0.011323911,-4.3315463,0.013147202,N-BEATS(L=90),5,val
2019-10-10,GLD,-4.6178036,0.009874461,-4.197155,0.0150383,N-BEATS(L=90),5,val
2019-10-10,SPY,-4.6171904,0.009880518,-4.4093633,0.01216292,N-BEATS(L=90),5,val
2019-10-10,TLT,-4.5047398,0.011056467,-4.3110247,0.013419792,N-BEATS(L=90),5,val
2019-10-11,GLD,-4.866198,0.0077025946,-4.30779,0.013463274,N-BEATS(L=90),5,val
2019-10-11,SPY,-4.6648417,0.0094207395,-4.456353,0.011604606,N-BEATS(L=90),5,val
2019-10-11,TLT,-4.6391044,0.009666352,-4.541081,0.010661875,N-BEATS(L=90),5,val
2019-10-14,GLD,-4.775449,0.0084342975,-4.4152827,0.012091136,N-BEATS(L=90),5,val
2019-10-14,SPY,-4.660965,0.009457332,-4.5147166,0.010946707,N-BEATS(L=90),5,val
2019-10-14,TLT,-4.586448,0.010188984,-4.537664,0.01069837,N-BEATS(L=90),5,val
2019-10-15,GLD,-4.8792686,0.007602572,-4.1127586,0.016362574,N-BEATS(L=90),5,val
2019-10-15,SPY,-4.7640643,0.008530866,-4.4669785,0.011481956,N-BEATS(L=90),5,val
2019-10-15,TLT,-4.6519604,0.009542876,-4.606947,0.009982248,N-BEATS(L=90),5,val
2019-10-16,GLD,-4.9729433,0.0069227424,-4.3534265,0.012862664,N-BEATS(L=90),5,val
2019-10-16,SPY,-4.7832847,0.008368466,-4.2326617,0.014513708,N-BEATS(L=90),5,val
2019-10-16,TLT,-4.6214466,0.009838553,-4.63823,0.009674808,N-BEATS(L=90),5,val
2019-10-17,GLD,-4.980702,0.0068692393,-4.1830616,0.015251742,N-BEATS(L=90),5,val
2019-10-17,SPY,-4.8028355,0.008206445,-4.5476456,0.010592113,N-BEATS(L=90),5,val
2019-10-17,TLT,-4.6051035,0.010000667,-4.648672,0.009574307,N-BEATS(L=90),5,val
2019-10-18,GLD,-4.7326264,0.008803319,-4.4885006,0.011237481,N-BEATS(L=90),5,val
2019-10-18,SPY,-4.875011,0.0076350104,-4.3720713,0.012625064,N-BEATS(L=90),5,val
2019-10-18,TLT,-4.581021,0.010244433,-4.590739,0.010145361,N-BEATS(L=90),5,val
2019-10-21,GLD,-4.77483,0.008439519,-4.4394712,0.011802177,N-BEATS(L=90),5,val
2019-10-21,SPY,-4.9044523,0.0074135023,-4.4538565,0.011633616,N-BEATS(L=90),5,val
2019-10-21,TLT,-4.6199446,0.009853343,-4.709765,0.009006894,N-BEATS(L=90),5,val
2019-10-22,GLD,-4.717434,0.008938085,-4.3154445,0.01336061,N-BEATS(L=90),5,val
2019-10-22,SPY,-4.9175444,0.007317077,-4.376987,0.012563155,N-BEATS(L=90),5,val
2019-10-22,TLT,-4.6938057,0.009151791,-4.527092,0.010812072,N-BEATS(L=90),5,val
2019-10-23,GLD,-4.491377,0.011205205,-4.714364,0.008965566,N-BEATS(L=90),5,val
2019-10-23,SPY,-4.7094197,0.009010004,-4.666771,0.009402582,N-BEATS(L=90),5,val
2019-10-23,TLT,-4.6620398,0.009447173,-4.6562643,0.009501892,N-BEATS(L=90),5,val
2019-10-24,GLD,-4.4891987,0.011229639,-4.554357,0.010521263,N-BEATS(L=90),5,val
2019-10-24,SPY,-4.6216636,0.009836419,-4.608053,0.009971212,N-BEATS(L=90),5,val
2019-10-24,TLT,-4.6905575,0.009181567,-4.4432645,0.011757494,N-BEATS(L=90),5,val
2019-10-25,GLD,-4.5613723,0.010447712,-4.566876,0.010390369,N-BEATS(L=90),5,val
2019-10-25,SPY,-4.7069335,0.009032433,-4.7021127,0.009076082,N-BEATS(L=90),5,val
2019-10-25,TLT,-4.5150456,0.010943105,-4.402062,0.01225205,N-BEATS(L=90),5,val
2019-10-28,GLD,-4.555582,0.010508382,-4.4589186,0.011574874,N-BEATS(L=90),5,val
2019-10-28,SPY,-4.7037306,0.00906141,-4.3845224,0.012468841,N-BEATS(L=90),5,val
2019-10-28,TLT,-4.5102344,0.010995883,-4.3369565,0.013076265,N-BEATS(L=90),5,val
2019-10-29,GLD,-4.4413676,0.011779817,-4.4254827,0.011968432,N-BEATS(L=90),5,val
2019-10-29,SPY,-4.7257104,0.008864415,-4.4730973,0.011411915,N-BEATS(L=90),5,val
2019-10-29,TLT,-4.485217,0.011274439,-4.401382,0.012260385,N-BEATS(L=90),5,val
2019-10-30,GLD,-4.602422,0.010027518,-4.424662,0.011978257,N-BEATS(L=90),5,val
2019-10-30,SPY,-4.907901,0.007387981,-4.4727063,0.0114163775,N-BEATS(L=90),5,val
2019-10-30,TLT,-4.456576,0.011602022,-4.4381933,0.011817269,N-BEATS(L=90),5,val
2019-10-31,GLD,-4.2679152,0.014010962,-4.009756,0.018137818,N-BEATS(L=90),5,val
2019-10-31,SPY,-4.9929543,0.0067855883,-4.3654795,0.012708561,N-BEATS(L=90),5,val
2019-10-31,TLT,-4.2835884,0.013793078,-4.4496417,0.0116827525,N-BEATS(L=90),5,val
2019-11-01,GLD,-4.2585683,0.014142536,-4.293355,0.013659023,N-BEATS(L=90),5,val
2019-11-01,SPY,-4.894092,0.007490707,-4.5817623,0.01023684,N-BEATS(L=90),5,val
2019-11-01,TLT,-4.335499,0.013095341,-4.6966567,0.009125737,N-BEATS(L=90),5,val
2019-11-04,GLD,-4.1886435,0.015166845,-4.4967484,0.011145176,N-BEATS(L=90),5,val
2019-11-04,SPY,-4.8922906,0.0075042136,-4.582604,0.010228228,N-BEATS(L=90),5,val
2019-11-04,TLT,-4.3237453,0.013250166,-4.3906074,0.0123932,N-BEATS(L=90),5,val
2019-11-05,GLD,-4.1810284,0.015282783,-4.361576,0.012758263,N-BEATS(L=90),5,val
2019-11-05,SPY,-4.803082,0.008204422,-4.5187216,0.010902953,N-BEATS(L=90),5,val
2019-11-05,TLT,-4.267332,0.014019135,-4.3252435,0.013230328,N-BEATS(L=90),5,val
2019-11-06,GLD,-4.192967,0.015101413,-4.4492836,0.011686937,N-BEATS(L=90),5,val
2019-11-06,SPY,-4.7792478,0.008402317,-4.7354813,0.008778223,N-BEATS(L=90),5,val
2019-11-06,TLT,-4.3079586,0.013461001,-4.5646276,0.010413756,N-BEATS(L=90),5,val
2019-11-07,GLD,-4.4035664,0.012233633,-4.4468937,0.011714901,N-BEATS(L=90),5,val
2019-11-07,SPY,-4.8548565,0.0077904514,-4.624276,0.009810754,N-BEATS(L=90),5,val
2019-11-07,TLT,-4.5447497,0.010622831,-4.2783923,0.013864934,N-BEATS(L=90),5,val
2019-11-08,GLD,-4.4610014,0.011550791,-4.24533,0.0143310055,N-BEATS(L=90),5,val
2019-11-08,SPY,-4.8945765,0.007487079,-4.80225,0.008211251,N-BEATS(L=90),5,val
2019-11-08,TLT,-4.6626205,0.009441688,-4.459836,0.011564259,N-BEATS(L=90),5,val
2019-11-11,GLD,-4.613381,0.009918229,-4.466391,0.011488703,N-BEATS(L=90),5,val
2019-11-11,SPY,-4.876126,0.0076265032,-4.969043,0.0069497973,N-BEATS(L=90),5,val
2019-11-11,TLT,-4.668792,0.0093836,-4.2608557,0.014110223,N-BEATS(L=90),5,val
2019-11-12,GLD,-4.8489676,0.007836464,-4.472611,0.011417466,N-BEATS(L=90),5,val
2019-11-12,SPY,-4.956061,0.007040607,-4.695584,0.009135532,N-BEATS(L=90),5,val
2019-11-12,TLT,-4.853196,0.007803397,-4.2898808,0.013706559,N-BEATS(L=90),5,val
2019-11-13,GLD,-4.760734,0.008559324,-4.3280787,0.01319287,N-BEATS(L=90),5,val
2019-11-13,SPY,-4.7417006,0.008723797,-4.8484454,0.007840557,N-BEATS(L=90),5,val
2019-11-13,TLT,-4.9102454,0.007370679,-4.20086,0.014982685,N-BEATS(L=90),5,val
2019-11-14,GLD,-4.8842187,0.007565032,-4.4930854,0.011186077,N-BEATS(L=90),5,val
2019-11-14,SPY,-4.7297616,0.008828576,-5.033576,0.0065154694,N-BEATS(L=90),5,val
2019-11-14,TLT,-4.8398733,0.007908056,-4.116472,0.01630193,N-BEATS(L=90),5,val
2019-11-15,GLD,-4.84963,0.007831275,-4.6689134,0.009382459,N-BEATS(L=90),5,val
2019-11-15,SPY,-4.733556,0.008795141,-4.904513,0.0074130534,N-BEATS(L=90),5,val
2019-11-15,TLT,-4.873233,0.0076485984,-4.3530083,0.012868044,N-BEATS(L=90),5,val
2019-11-18,GLD,-4.8326406,0.0079654595,-4.3431077,0.012996078,N-BEATS(L=90),5,val
2019-11-18,SPY,-4.7658777,0.008515411,-4.87523,0.0076333396,N-BEATS(L=90),5,val
2019-11-18,TLT,-4.948501,0.007094034,-4.219087,0.014712068,N-BEATS(L=90),5,val
2019-11-19,GLD,-4.722344,0.008894307,-4.2367253,0.014454849,N-BEATS(L=90),5,val
2019-11-19,SPY,-4.7875247,0.008333059,-4.744143,0.008702517,N-BEATS(L=90),5,val
2019-11-19,TLT,-4.990061,0.006805251,-4.39171,0.012379545,N-BEATS(L=90),5,val
2019-11-20,GLD,-4.836892,0.007931666,-4.209832,0.01484886,N-BEATS(L=90),5,val
2019-11-20,SPY,-5.1540446,0.0057759956,-4.694203,0.009148156,N-BEATS(L=90),5,val
2019-11-20,TLT,-5.016578,0.006627165,-4.457674,0.011589289,N-BEATS(L=90),5,val
2019-11-21,GLD,-4.805786,0.008182266,-4.2410226,0.014392867,N-BEATS(L=90),5,val
2019-11-21,SPY,-5.281248,0.005086079,-4.68118,0.0092680715,N-BEATS(L=90),5,val
2019-11-21,TLT,-5.0606565,0.0063413945,-4.426165,0.011960268,N-BEATS(L=90),5,val
2019-11-22,GLD,-4.782412,0.008375771,-4.4225025,0.012004154,N-BEATS(L=90),5,val
2019-11-22,SPY,-5.0176272,0.006620216,-4.557045,0.0104930205,N-BEATS(L=90),5,val
2019-11-22,TLT,-5.006867,0.0066918363,-4.3510528,0.012893232,N-BEATS(L=90),5,val
2019-11-25,GLD,-4.783564,0.008366128,-4.4680395,0.0114697805,N-BEATS(L=90),5,val
2019-11-25,SPY,-4.773403,0.008451569,-4.8968234,0.0074702753,N-BEATS(L=90),5,val
2019-11-25,TLT,-4.603853,0.010013178,-4.4696517,0.011451304,N-BEATS(L=90),5,val
2019-11-26,GLD,-4.953282,0.0070602,-4.5741563,0.010314998,N-BEATS(L=90),5,val
2019-11-26,SPY,-4.7164516,0.008946869,-4.48753,0.01124839,N-BEATS(L=90),5,val
2019-11-26,TLT,-4.4590087,0.011573831,-4.4108377,0.0121450005,N-BEATS(L=90),5,val
2019-11-27,GLD,-4.890976,0.0075140856,-4.472601,0.011417581,N-BEATS(L=90),5,val
2019-11-27,SPY,-4.652408,0.009538604,-4.8236065,0.008037747,N-BEATS(L=90),5,val
2019-11-27,TLT,-4.4291916,0.011924125,-4.4981422,0.011129654,N-BEATS(L=90),5,val
2019-11-29,GLD,-5.019814,0.006605755,-4.7696424,0.008483414,N-BEATS(L=90),5,val
2019-11-29,SPY,-4.649835,0.009563179,-4.697021,0.009122413,N-BEATS(L=90),5,val
2019-11-29,TLT,-4.364919,0.012715682,-4.37873,0.012541278,N-BEATS(L=90),5,val
2019-12-02,GLD,-5.142782,0.005841415,-4.560439,0.010457466,N-BEATS(L=90),5,val
2019-12-02,SPY,-4.769798,0.008482095,-4.612046,0.00993148,N-BEATS(L=90),5,val
2019-12-02,TLT,-4.3893795,0.012408426,-4.5428576,0.0106429495,N-BEATS(L=90),5,val
2019-12-03,GLD,-5.167343,0.005699692,-4.6125994,0.009925984,N-BEATS(L=90),5,val
2019-12-03,SPY,-4.8849,0.007559879,-4.466809,0.011483905,N-BEATS(L=90),5,val
2019-12-03,TLT,-4.5446258,0.010624148,-4.6650286,0.009418979,N-BEATS(L=90),5,val
2019-12-04,GLD,-4.945076,0.0071183736,-4.657431,0.009490812,N-BEATS(L=90),5,val
2019-12-04,SPY,-4.949903,0.007084096,-4.4068017,0.012194117,N-BEATS(L=90),5,val
2019-12-04,TLT,-4.6399713,0.009657975,-4.472493,0.011418811,N-BEATS(L=90),5,val
2019-12-05,GLD,-4.583326,0.010220846,-4.568757,0.010370842,N-BEATS(L=90),5,val
2019-12-05,SPY,-4.711953,0.008987207,-4.497757,0.011133943,N-BEATS(L=90),5,val
2019-12-05,TLT,-4.2451344,0.014333808,-4.4503045,0.011675011,N-BEATS(L=90),5,val
2019-12-06,GLD,-4.459838,0.011564238,-4.5160155,0.010932498,N-BEATS(L=90),5,val
2019-12-06,SPY,-4.55849,0.010477871,-4.644389,0.009615402,N-BEATS(L=90),5,val
2019-12-06,TLT,-4.0609875,0.017231995,-4.7264094,0.00885822,N-BEATS(L=90),5,val
2019-12-09,GLD,-4.437714,0.011822933,-4.5293045,0.010788176,N-BEATS(L=90),5,val
2019-12-09,SPY,-4.428122,0.011936885,-4.502166,0.011084963,N-BEATS(L=90),5,val
2019-12-09,TLT,-4.036197,0.01766452,-4.537499,0.010700135,N-BEATS(L=90),5,val
2019-12-10,GLD,-4.446061,0.011724658,-4.412009,0.012130786,N-BEATS(L=90),5,val
2019-12-10,SPY,-4.474492,0.011396009,-4.529636,0.010784602,N-BEATS(L=90),5,val
2019-12-10,TLT,-4.0226307,0.017905798,-4.7213116,0.008903493,N-BEATS(L=90),5,val
2019-12-11,GLD,-4.530061,0.010780021,-4.295185,0.013634048,N-BEATS(L=90),5,val
2019-12-11,SPY,-4.4963474,0.011149647,-4.5728884,0.010328085,N-BEATS(L=90),5,val
2019-12-11,TLT,-4.0146875,0.018048594,-4.4275293,0.011943962,N-BEATS(L=90),5,val
2019-12-12,GLD,-4.8475223,0.007847798,-4.517239,0.010919129,N-BEATS(L=90),5,val
2019-12-12,SPY,-4.684302,0.009239183,-4.683016,0.009251072,N-BEATS(L=90),5,val
2019-12-12,TLT,-4.194143,0.015083666,-4.661554,0.009451765,N-BEATS(L=90),5,val
2019-12-13,GLD,-5.1313434,0.0059086177,-4.499715,0.011112165,N-BEATS(L=90),5,val
2019-12-13,SPY,-4.696147,0.009130389,-4.5662527,0.010396847,N-BEATS(L=90),5,val
2019-12-13,TLT,-4.573,0.010326933,-4.5146155,0.010947813,N-BEATS(L=90),5,val
2019-12-16,GLD,-5.2475543,0.005260368,-4.5815926,0.010238578,N-BEATS(L=90),5,val
2019-12-16,SPY,-5.0221357,0.006590436,-4.728379,0.008840793,N-BEATS(L=90),5,val
2019-12-16,TLT,-4.5626364,0.010434513,-4.4897156,0.011223836,N-BEATS(L=90),5,val
2019-12-17,GLD,-5.2167144,0.005425125,-4.9548326,0.0070492607,N-BEATS(L=90),5,val
2019-12-17,SPY,-5.0312805,0.0065304427,-4.8585525,0.0077617113,N-BEATS(L=90),5,val
2019-12-17,TLT,-4.5954037,0.0100981435,-4.5080814,0.011019582,N-BEATS(L=90),5,val
2019-12-18,GLD,-5.195039,0.0055440012,-4.9786515,0.006883338,N-BEATS(L=90),5,val
2019-12-18,SPY,-5.0292473,0.006543734,-4.7363033,0.00877101,N-BEATS(L=90),5,val
2019-12-18,TLT,-4.648488,0.009576069,-4.580004,0.010254853,N-BEATS(L=90),5,val
2019-12-19,GLD,-5.228549,0.005361299,-4.8736124,0.007645696,N-BEATS(L=90),5,val
2019-12-19,SPY,-5.0023108,0.0067223953,-4.6112285,0.009939601,N-BEATS(L=90),5,val
2019-12-19,TLT,-4.8091435,0.008154841,-4.4192653,0.0120430775,N-BEATS(L=90),5,val
2019-12-20,GLD,-5.3100696,0.004941583,-4.89707,0.007468434,N-BEATS(L=90),5,val
2019-12-20,SPY,-5.1833177,0.0056093656,-4.603038,0.010021347,N-BEATS(L=90),5,val
2019-12-20,TLT,-4.716758,0.0089441305,-4.59748,0.0100772,N-BEATS(L=90),5,val
2019-12-23,GLD,-5.121458,0.0059673158,-4.851708,0.007815018,N-BEATS(L=90),5,val
2019-12-23,SPY,-5.0309434,0.006532645,-4.290799,0.013693977,N-BEATS(L=90),5,val
2019-12-23,TLT,-4.7304444,0.008822549,-4.5201216,0.0108877,N-BEATS(L=90),5,val
2019-12-24,GLD,-5.011943,0.0066579552,-5.090384,0.0061556557,N-BEATS(L=90),5,val
2019-12-24,SPY,-4.8514724,0.0078168595,-4.6250386,0.0098032765,N-BEATS(L=90),5,val
2019-12-24,TLT,-4.733621,0.008794568,-4.406573,0.012196908,N-BEATS(L=90),5,val
2019-12-26,GLD,-4.875801,0.00762898,-4.6572065,0.009492944,N-BEATS(L=90),5,val
2019-12-26,SPY,-4.690901,0.009178415,-4.444165,0.011746908,N-BEATS(L=90),5,val
2019-12-26,TLT,-4.6389637,0.009667711,-4.409401,0.012162462,N-BEATS(L=90),5,val
2019-12-27,GLD,-4.687936,0.009205668,-4.6788845,0.00928937,N-BEATS(L=90),5,val
2019-12-27,SPY,-4.6369886,0.009686824,-4.2439823,0.01435033,N-BEATS(L=90),5,val
2019-12-27,TLT,-4.527657,0.0108059645,-4.4930716,0.011186232,N-BEATS(L=90),5,val
2019-12-30,GLD,-4.65394,0.009524002,-4.8203664,0.008063832,N-BEATS(L=90),5,val
2019-12-30,SPY,-4.69675,0.009124883,-4.5383797,0.010690715,N-BEATS(L=90),5,val
2019-12-30,TLT,-4.5816326,0.010238168,-4.5273824,0.010808933,N-BEATS(L=90),5,val
2019-12-31,GLD,-4.3349886,0.013102024,-4.616511,0.009887233,N-BEATS(L=90),5,val
2019-12-31,SPY,-4.5644827,0.010415265,-4.4925747,0.011191791,N-BEATS(L=90),5,val
2019-12-31,TLT,-4.3688617,0.01266565,-4.4118586,0.012132608,N-BEATS(L=90),5,val
2020-01-02,GLD,-4.3168225,0.013342211,-4.600909,0.0100427,N-BEATS(L=90),5,test
2020-01-02,SPY,-4.633904,0.009716751,-4.3070397,0.013473376,N-BEATS(L=90),5,test
2020-01-02,TLT,-4.3294015,0.013175431,-4.4625845,0.011532519,N-BEATS(L=90),5,test
2020-01-03,GLD,-4.3534865,0.012861891,-4.8309064,0.007979286,N-BEATS(L=90),5,test
2020-01-03,SPY,-4.691526,0.009172679,-4.6063886,0.009987824,N-BEATS(L=90),5,test
2020-01-03,TLT,-4.39614,0.012324821,-4.510665,0.01099115,N-BEATS(L=90),5,test
2020-01-06,GLD,-4.456593,0.011601823,-4.5653443,0.010406296,N-BEATS(L=90),5,test
2020-01-06,SPY,-4.7357035,0.008776273,-4.499788,0.011111354,N-BEATS(L=90),5,test
2020-01-06,TLT,-4.4428687,0.011762148,-4.525109,0.010833535,N-BEATS(L=90),5,test
2020-01-07,GLD,-4.447188,0.011711454,-4.5191326,0.010898473,N-BEATS(L=90),5,test
2020-01-07,SPY,-4.692481,0.009163922,-4.7030325,0.0090677375,N-BEATS(L=90),5,test
2020-01-07,TLT,-4.4632096,0.0115253115,-4.6578536,0.009486803,N-BEATS(L=90),5,test
2020-01-08,GLD,-4.851048,0.007820178,-4.7268195,0.0088545885,N-BEATS(L=90),5,test
2020-01-08,SPY,-4.8755903,0.0076305885,-4.583569,0.010218361,N-BEATS(L=90),5,test
2020-01-08,TLT,-4.779398,0.008401055,-4.746357,0.008683271,N-BEATS(L=90),5,test
2020-01-09,GLD,-4.943136,0.007132195,-4.640003,0.009657667,N-BEATS(L=90),5,test
2020-01-09,SPY,-4.8875136,0.007540147,-4.6763134,0.009313285,N-BEATS(L=90),5,test
2020-01-09,TLT,-4.9059334,0.0074025304,-4.6078644,0.009973094,N-BEATS(L=90),5,test
2020-01-10,GLD,-4.9091644,0.0073786513,-4.69399,0.009150102,N-BEATS(L=90),5,test
2020-01-10,SPY,-4.954276,0.0070531843,-4.833338,0.007959909,N-BEATS(L=90),5,test
2020-01-10,TLT,-4.8572965,0.007771466,-4.2159004,0.0147590265,N-BEATS(L=90),5,test
2020-01-13,GLD,-4.7540827,0.008616445,-4.797086,0.008253765,N-BEATS(L=90),5,test
2020-01-13,SPY,-4.983586,0.0068494575,-4.732876,0.008801124,N-BEATS(L=90),5,test
2020-01-13,TLT,-4.867566,0.007692064,-4.575696,0.0102991285,N-BEATS(L=90),5,test
2020-01-14,GLD,-4.804949,0.00818912,-4.668625,0.009385167,N-BEATS(L=90),5,test
2020-01-14,SPY,-5.0191727,0.006609993,-4.6345086,0.009710878,N-BEATS(L=90),5,test
2020-01-14,TLT,-4.862244,0.0077331103,-4.46148,0.011545262,N-BEATS(L=90),5,test
2020-01-15,GLD,-4.7658405,0.008515728,-4.4278526,0.011940102,N-BEATS(L=90),5,test
2020-01-15,SPY,-4.840413,0.007903788,-4.8890615,0.007528485,N-BEATS(L=90),5,test
2020-01-15,TLT,-4.90472,0.007411519,-4.456886,0.011598427,N-BEATS(L=90),5,test
2020-01-16,GLD,-4.652637,0.009536421,-4.4892154,0.011229451,N-BEATS(L=90),5,test
2020-01-16,SPY,-4.462603,0.011532305,-4.845943,0.007860202,N-BEATS(L=90),5,test
2020-01-16,TLT,-4.7887297,0.008323024,-4.571711,0.010340252,N-BEATS(L=90),5,test
2020-01-17,GLD,-4.626224,0.009791662,-4.4148703,0.012096124,N-BEATS(L=90),5,test
2020-01-17,SPY,-4.391907,0.012377101,-4.7199903,0.008915265,N-BEATS(L=90),5,test
2020-01-17,TLT,-4.7827926,0.008372585,-4.311288,0.01341626,N-BEATS(L=90),5,test
2020-01-21,GLD,-4.6674457,0.00939624,-4.614447,0.00990766,N-BEATS(L=90),5,test
2020-01-21,SPY,-4.21484,0.014774687,-5.09458,0.0061298795,N-BEATS(L=90),5,test
2020-01-21,TLT,-4.6754656,0.009321184,-4.212042,0.014816085,N-BEATS(L=90),5,test
2020-01-22,GLD,-4.632892,0.009726588,-4.672496,0.009348907,N-BEATS(L=90),5,test
2020-01-22,SPY,-4.213698,0.014791569,-4.7503963,0.008648268,N-BEATS(L=90),5,test
2020-01-22,TLT,-4.6267333,0.009786677,-4.745511,0.00869062,N-BEATS(L=90),5,test
2020-01-23,GLD,-4.561384,0.010447588,-4.756493,0.008595701,N-BEATS(L=90),5,test
2020-01-23,SPY,-4.171398,0.01543067,-5.136095,0.005880608,N-BEATS(L=90),5,test
2020-01-23,TLT,-4.472808,0.011415218,-4.59188,0.010133791,N-BEATS(L=90),5,test
2020-01-24,GLD,-4.6445765,0.0096136,-4.7580695,0.008582161,N-BEATS(L=90),5,test
2020-01-24,SPY,-4.130153,0.016080415,-4.7774425,0.008417499,N-BEATS(L=90),5,test
2020-01-24,TLT,-4.5607204,0.010454524,-4.870272,0.007671277,N-BEATS(L=90),5,test
2020-01-27,GLD,-4.591438,0.010138271,-4.606046,0.0099912435,N-BEATS(L=90),5,test
2020-01-27,SPY,-4.1097255,0.016412279,-4.7573056,0.008588719,N-BEATS(L=90),5,test
2020-01-27,TLT,-4.3892183,0.0124104265,-4.9605074,0.0070093703,N-BEATS(L=90),5,test
2020-01-28,GLD,-4.5254955,0.010829347,-4.7502966,0.008649129,N-BEATS(L=90),5,test
2020-01-28,SPY,-4.2174616,0.014736003,-4.6076865,0.009974868,N-BEATS(L=90),5,test
2020-01-28,TLT,-4.3988247,0.012291778,-4.936432,0.0071801725,N-BEATS(L=90),5,test
2020-01-29,GLD,-4.5319724,0.010759433,-4.4339213,0.01186786,N-BEATS(L=90),5,test
2020-01-29,SPY,-4.1876407,0.015182062,-4.5429397,0.010642077,N-BEATS(L=90),5,test
2020-01-29,TLT,-4.403122,0.012239071,-4.663329,0.009435,N-BEATS(L=90),5,test
2020-01-30,GLD,-4.6732836,0.009341545,-4.637081,0.009685928,N-BEATS(L=90),5,test
2020-01-30,SPY,-4.2862883,0.013755889,-4.5498157,0.010569152,N-BEATS(L=90),5,test
2020-01-30,TLT,-4.5087967,0.011011703,-4.524348,0.010841783,N-BEATS(L=90),5,test
2020-01-31,GLD,-4.658278,0.009482778,-4.7083364,0.009019771,N-BEATS(L=90),5,test
2020-01-31,SPY,-4.5222845,0.010864176,-4.5634036,0.010426511,N-BEATS(L=90),5,test
2020-01-31,TLT,-4.4770255,0.011367175,-4.3535533,0.012861032,N-BEATS(L=90),5,test
2020-02-03,GLD,-4.7794113,0.008400943,-4.8436904,0.007877927,N-BEATS(L=90),5,test
2020-02-03,SPY,-4.6313334,0.009741761,-4.6900635,0.009186103,N-BEATS(L=90),5,test
2020-02-03,TLT,-4.7296524,0.00882954,-4.7182207,0.008931056,N-BEATS(L=90),5,test
2020-02-04,GLD,-4.7946053,0.008274265,-4.7649145,0.008523617,N-BEATS(L=90),5,test
2020-02-04,SPY,-4.627352,0.009780621,-4.6538644,0.0095247235,N-BEATS(L=90),5,test
2020-02-04,TLT,-4.8364153,0.0079354495,-4.7410793,0.008729219,N-BEATS(L=90),5,test
2020-02-05,GLD,-4.7905073,0.008308241,-4.679611,0.0092826225,N-BEATS(L=90),5,test
2020-02-05,SPY,-4.744634,0.008698244,-4.576017,0.010295824,N-BEATS(L=90),5,test
2020-02-05,TLT,-4.8913894,0.0075109797,-4.4379764,0.011819833,N-BEATS(L=90),5,test
2020-02-06,GLD,-4.791993,0.008295906,-4.4055157,0.012209808,N-BEATS(L=90),5,test
2020-02-06,SPY,-4.652562,0.009537135,-4.718727,0.008926534,N-BEATS(L=90),5,test
2020-02-06,TLT,-4.876171,0.0076261577,-4.358966,0.012791609,N-BEATS(L=90),5,test
2020-02-07,GLD,-4.8848925,0.0075599365,-4.4610553,0.0115501685,N-BEATS(L=90),5,test
2020-02-07,SPY,-4.7371974,0.008763172,-4.6846333,0.009236122,N-BEATS(L=90),5,test
2020-02-07,TLT,-4.9572005,0.0070325877,-4.26967,0.013986398,N-BEATS(L=90),5,test
2020-02-10,GLD,-4.6549387,0.009514497,-4.4909754,0.011209705,N-BEATS(L=90),5,test
2020-02-10,SPY,-4.670914,0.009363705,-4.7985144,0.008241982,N-BEATS(L=90),5,test
2020-02-10,TLT,-4.7659545,0.008514757,-4.410102,0.01215394,N-BEATS(L=90),5,test
2020-02-11,GLD,-4.7563734,0.0085967295,-4.578169,0.010273691,N-BEATS(L=90),5,test
2020-02-11,SPY,-4.7401195,0.008737602,-4.6816344,0.00926386,N-BEATS(L=90),5,test
2020-02-11,TLT,-4.790882,0.008305128,-4.518041,0.010910375,N-BEATS(L=90),5,test
2020-02-12,GLD,-4.7273645,0.008849763,-4.6281676,0.00977265,N-BEATS(L=90),5,test
2020-02-12,SPY,-4.317658,0.013331069,-4.6857805,0.0092255315,N-BEATS(L=90),5,test
2020-02-12,TLT,-4.7446713,0.0086979205,-4.6456475,0.009603309,N-BEATS(L=90),5,test
2020-02-13,GLD,-4.65203,0.009542212,-4.6229224,0.009824044,N-BEATS(L=90),5,test
2020-02-13,SPY,-4.292779,0.013666892,-4.7469425,0.008678188,N-BEATS(L=90),5,test
2020-02-13,TLT,-4.6445355,0.009613994,-4.6153364,0.009898853,N-BEATS(L=90),5,test
2020-02-14,GLD,-4.2588396,0.0141386995,-4.893835,0.0074926326,N-BEATS(L=90),5,test
2020-02-14,SPY,-3.516234,0.02971112,-4.6448383,0.009611083,N-BEATS(L=90),5,test
2020-02-14,TLT,-4.6132903,0.009919127,-4.5443006,0.010627603,N-BEATS(L=90),5,test
2020-02-18,GLD,-4.0288906,0.01779406,-4.9701734,0.0069419444,N-BEATS(L=90),5,test
2020-02-18,SPY,-3.3648589,0.034566894,-4.6039076,0.010012634,N-BEATS(L=90),5,test
2020-02-18,TLT,-4.5373335,0.010701905,-4.592405,0.010128472,N-BEATS(L=90),5,test
2020-02-19,GLD,-3.8826163,0.020596867,-4.669558,0.009376412,N-BEATS(L=90),5,test
2020-02-19,SPY,-3.2736037,0.03786971,-4.246289,0.01431727,N-BEATS(L=90),5,test
2020-02-19,TLT,-4.2407737,0.01439645,-4.6755037,0.009320829,N-BEATS(L=90),5,test
2020-02-20,GLD,-3.8137405,0.022065489,-4.7417226,0.008723606,N-BEATS(L=90),5,test
2020-02-20,SPY,-3.0773747,0.04608007,-4.493589,0.011180446,N-BEATS(L=90),5,test
2020-02-20,TLT,-4.070461,0.01706952,-4.8202777,0.008064548,N-BEATS(L=90),5,test
2020-02-21,GLD,-3.5212257,0.029563177,-4.708802,0.009015569,N-BEATS(L=90),5,test
2020-02-21,SPY,-2.9519737,0.052236505,-4.152997,0.015717242,N-BEATS(L=90),5,test
2020-02-21,TLT,-4.0315676,0.01774649,-4.756089,0.008599173,N-BEATS(L=90),5,test
2020-02-24,GLD,-3.5572715,0.028516527,-4.6396346,0.009661227,N-BEATS(L=90),5,test
2020-02-24,SPY,-2.9548552,0.0520862,-4.45658,0.011601972,N-BEATS(L=90),5,test
2020-02-24,TLT,-3.880033,0.020650143,-4.73447,0.008787106,N-BEATS(L=90),5,test
2020-02-25,GLD,-3.4878438,0.030566711,-4.7179193,0.008933747,N-BEATS(L=90),5,test
2020-02-25,SPY,-2.8369029,0.0586069,-4.308234,0.013457292,N-BEATS(L=90),5,test
2020-02-25,TLT,-3.2907658,0.037225332,-4.697447,0.009118529,N-BEATS(L=90),5,test
2020-02-26,GLD,-3.5364342,0.029116968,-4.6802664,0.009276543,N-BEATS(L=90),5,test
2020-02-26,SPY,-2.8268354,0.059199903,-4.3175235,0.0133328615,N-BEATS(L=90),5,test
2020-02-26,TLT,-3.2702346,0.037997514,-4.4226,0.012002987,N-BEATS(L=90),5,test
2020-02-27,GLD,-3.5575924,0.028507376,-4.513819,0.010956535,N-BEATS(L=90),5,test
2020-02-27,SPY,-2.8932507,0.055395845,-4.4791465,0.011343091,N-BEATS(L=90),5,test
2020-02-27,TLT,-3.2868826,0.037370164,-4.612232,0.009929628,N-BEATS(L=90),5,test
2020-02-28,GLD,-3.5378468,0.029075867,-4.432812,0.011881031,N-BEATS(L=90),5,test
2020-02-28,SPY,-2.9445302,0.052626774,-4.037931,0.01763392,N-BEATS(L=90),5,test
2020-02-28,TLT,-3.1528375,0.042730704,-4.218116,0.014726366,N-BEATS(L=90),5,test
2020-03-02,GLD,-3.469771,0.03112416,-4.455595,0.011613408,N-BEATS(L=90),5,test
2020-03-02,SPY,-2.9363594,0.053058542,-3.5775466,0.027944172,N-BEATS(L=90),5,test
2020-03-02,TLT,-3.023998,0.0486065,-4.500522,0.011103198,N-BEATS(L=90),5,test
2020-03-03,GLD,-3.6118598,0.027001582,-4.4037395,0.012231515,N-BEATS(L=90),5,test
2020-03-03,SPY,-2.885502,0.055826753,-3.5633135,0.028344749,N-BEATS(L=90),5,test
2020-03-03,TLT,-2.9453866,0.052581724,-4.2716856,0.013958235,N-BEATS(L=90),5,test
2020-03-04,GLD,-3.5755808,0.027999159,-4.0561776,0.017315079,N-BEATS(L=90),5,test
2020-03-04,SPY,-2.8425076,0.058279343,-3.6792257,0.025242513,N-BEATS(L=90),5,test
2020-03-04,TLT,-2.770228,0.06264772,-3.7930415,0.022526983,N-BEATS(L=90),5,test
2020-03-05,GLD,-3.4551105,0.031583812,-4.437822,0.011821659,N-BEATS(L=90),5,test
2020-03-05,SPY,-2.6121824,0.07337424,-3.643363,0.026164206,N-BEATS(L=90),5,test
2020-03-05,TLT,-2.597732,0.074442215,-4.158665,0.015628405,N-BEATS(L=90),5,test
2020-03-06,GLD,-3.2877305,0.037338495,-4.310497,0.013426878,N-BEATS(L=90),5,test
2020-03-06,SPY,-2.3700829,0.09347298,-3.5925934,0.027526848,N-BEATS(L=90),5,test
2020-03-06,TLT,-2.57606,0.07607314,-4.1281843,0.016112106,N-BEATS(L=90),5,test
2020-03-09,GLD,-3.0852478,0.045718707,-4.210152,0.014844109,N-BEATS(L=90),5,test
2020-03-09,SPY,-2.2495816,0.105443336,-3.519187,0.02962351,N-BEATS(L=90),5,test
2020-03-09,TLT,-2.5362034,0.0791664,-3.9143927,0.019952662,N-BEATS(L=90),5,test
2020-03-10,GLD,-2.940252,0.052852403,-4.040368,0.017590996,N-BEATS(L=90),5,test
2020-03-10,SPY,-2.1957178,0.11127865,-3.3252106,0.035964943,N-BEATS(L=90),5,test
2020-03-10,TLT,-2.5218685,0.08030941,-3.4616275,0.031378653,N-BEATS(L=90),5,test
2020-03-11,GLD,-2.8770986,0.056297872,-4.0966854,0.016627697,N-BEATS(L=90),5,test
2020-03-11,SPY,-2.088582,0.12386265,-3.1411073,0.043234896,N-BEATS(L=90),5,test
2020-03-11,TLT,-2.3438635,0.0959562,-3.283509,0.03749645,N-BEATS(L=90),5,test
2020-03-12,GLD,-2.8923895,0.05544357,-4.1869607,0.0151923895,N-BEATS(L=90),5,test
2020-03-12,SPY,-2.1003993,0.12240755,-3.2583501,0.038451787,N-BEATS(L=90),5,test
2020-03-12,TLT,-2.3543665,0.094953634,-3.2301836,0.039550237,N-BEATS(L=90),5,test
2020-03-13,GLD,-3.0300953,0.048311032,-4.088588,0.016762882,N-BEATS(L=90),5,test
2020-03-13,SPY,-2.2006664,0.110729344,-3.057613,0.046999756,N-BEATS(L=90),5,test
2020-03-13,TLT,-2.366782,0.09378204,-3.274107,0.037850656,N-BEATS(L=90),5,test
2020-03-16,GLD,-3.1778834,0.04167377,-3.6084228,0.027094549,N-BEATS(L=90),5,test
2020-03-16,SPY,-2.2909362,0.101171695,-2.8032722,0.0606114,N-BEATS(L=90),5,test
2020-03-16,TLT,-2.3811312,0.09244595,-3.1169252,0.04429315,N-BEATS(L=90),5,test
2020-03-17,GLD,-3.3341942,0.0356433,-3.8837216,0.020574113,N-BEATS(L=90),5,test
2020-03-17,SPY,-2.4127812,0.08956584,-2.805377,0.060483962,N-BEATS(L=90),5,test
2020-03-17,TLT,-2.453486,0.0859933,-2.9857154,0.050503362,N-BEATS(L=90),5,test
2020-03-18,GLD,-3.5319538,0.029247716,-3.5803952,0.027864683,N-BEATS(L=90),5,test
2020-03-18,SPY,-2.5042222,0.08173915,-2.9266443,0.05357652,N-BEATS(L=90),5,test
2020-03-18,TLT,-2.78919,0.06147098,-3.0771143,0.04609207,N-BEATS(L=90),5,test
2020-03-19,GLD,-3.5327308,0.029225,-3.32726,0.035891313,N-BEATS(L=90),5,test
2020-03-19,SPY,-2.617409,0.07299174,-2.5418303,0.07872218,N-BEATS(L=90),5,test
2020-03-19,TLT,-2.993339,0.050119802,-2.9777274,0.050908398,N-BEATS(L=90),5,test
2020-03-20,GLD,-3.5664513,0.028255947,-3.5803862,0.027864935,N-BEATS(L=90),5,test
2020-03-20,SPY,-2.6407301,0.07130919,-2.6201832,0.07278953,N-BEATS(L=90),5,test
2020-03-20,TLT,-3.0649014,0.046658445,-2.7566009,0.063507274,N-BEATS(L=90),5,test
2020-03-23,GLD,-3.7361584,0.023845533,-3.544264,0.028889876,N-BEATS(L=90),5,test
2020-03-23,SPY,-2.7149224,0.06621009,-2.5895796,0.07505158,N-BEATS(L=90),5,test
2020-03-23,TLT,-3.2390482,0.03920119,-2.7376876,0.06471983,N-BEATS(L=90),5,test
2020-03-24,GLD,-3.8745503,0.020763673,-3.6545155,0.02587403,N-BEATS(L=90),5,test
2020-03-24,SPY,-2.7245598,0.06557506,-2.6311274,0.07199725,N-BEATS(L=90),5,test
2020-03-24,TLT,-3.365815,0.034533862,-2.6361923,0.07163351,N-BEATS(L=90),5,test
2020-03-25,GLD,-3.8339348,0.02162436,-3.4983466,0.030247355,N-BEATS(L=90),5,test
2020-03-25,SPY,-2.8179367,0.05972906,-2.9539058,0.052135676,N-BEATS(L=90),5,test
2020-03-25,TLT,-3.5521822,0.028662026,-2.6700773,0.06924687,N-BEATS(L=90),5,test
2020-03-26,GLD,-3.9487555,0.019278679,-3.7190964,0.024255875,N-BEATS(L=90),5,test
2020-03-26,SPY,-2.8745475,0.056441676,-2.9129353,0.054316062,N-BEATS(L=90),5,test
2020-03-26,TLT,-3.6525102,0.025925968,-2.9505944,0.052308604,N-BEATS(L=90),5,test
2020-03-27,GLD,-3.9501505,0.019251805,-3.6908169,0.02495161,N-BEATS(L=90),5,test
2020-03-27,SPY,-2.9137342,0.054272685,-3.3288214,0.035835315,N-BEATS(L=90),5,test
2020-03-27,TLT,-3.726126,0.024085965,-3.2518556,0.038702324,N-BEATS(L=90),5,test
2020-03-30,GLD,-3.8791785,0.020667797,-4.1023355,0.016534016,N-BEATS(L=90),5,test
2020-03-30,SPY,-2.654151,0.07035855,-3.5703437,0.028146178,N-BEATS(L=90),5,test
2020-03-30,TLT,-3.958079,0.019099768,-3.5002818,0.030188875,N-BEATS(L=90),5,test
2020-03-31,GLD,-3.984938,0.018593598,-4.1333723,0.016028734,N-BEATS(L=90),5,test
2020-03-31,SPY,-2.6604152,0.069919184,-3.7158506,0.024334732,N-BEATS(L=90),5,test
2020-03-31,TLT,-3.9370859,0.019504972,-3.580002,0.027875641,N-BEATS(L=90),5,test
2020-04-01,GLD,-4.102497,0.016531343,-4.164514,0.015537263,N-BEATS(L=90),5,test
2020-04-01,SPY,-2.7608342,0.06323899,-3.798554,0.022403145,N-BEATS(L=90),5,test
2020-04-01,TLT,-3.9508169,0.01923898,-3.7250812,0.024111142,N-BEATS(L=90),5,test
2020-04-02,GLD,-4.0989733,0.0165897,-4.153305,0.0157124,N-BEATS(L=90),5,test
2020-04-02,SPY,-2.7663188,0.0628931,-3.6866312,0.025056269,N-BEATS(L=90),5,test
2020-04-02,TLT,-3.9558866,0.01914169,-4.0170374,0.018006232,N-BEATS(L=90),5,test
2020-04-03,GLD,-3.873973,0.020775666,-4.1535845,0.01570801,N-BEATS(L=90),5,test
2020-04-03,SPY,-2.799115,0.06086391,-3.7940834,0.022503523,N-BEATS(L=90),5,test
2020-04-03,TLT,-4.00288,0.018262964,-3.9643743,0.018979909,N-BEATS(L=90),5,test
2020-04-06,GLD,-3.8407876,0.021476679,-4.373558,0.012606307,N-BEATS(L=90),5,test
2020-04-06,SPY,-3.151128,0.042803816,-3.6780152,0.025273087,N-BEATS(L=90),5,test
2020-04-06,TLT,-4.0166836,0.018012604,-4.1250877,0.016162077,N-BEATS(L=90),5,test
2020-04-07,GLD,-3.8397083,0.021499872,-4.3842554,0.012472171,N-BEATS(L=90),5,test
2020-04-07,SPY,-3.1013143,0.044990033,-3.5784352,0.027919352,N-BEATS(L=90),5,test
2020-04-07,TLT,-4.146488,0.015819876,-4.161818,0.015579209,N-BEATS(L=90),5,test
2020-04-08,GLD,-3.7360969,0.023847,-4.3304653,0.013161422,N-BEATS(L=90),5,test
2020-04-08,SPY,-3.2357807,0.039329488,-3.5177956,0.029664757,N-BEATS(L=90),5,test
2020-04-08,TLT,-4.2774553,0.013877932,-4.0775003,0.016949782,N-BEATS(L=90),5,test
2020-04-09,GLD,-3.7442832,0.023652578,-4.561862,0.010442597,N-BEATS(L=90),5,test
2020-04-09,SPY,-3.258778,0.038435332,-3.6557598,0.025841855,N-BEATS(L=90),5,test
2020-04-09,TLT,-4.0493345,0.017433973,-4.124307,0.016174696,N-BEATS(L=90),5,test
2020-04-13,GLD,-3.9056315,0.020128239,-4.4057126,0.012207405,N-BEATS(L=90),5,test
2020-04-13,SPY,-3.2786653,0.037678514,-3.480041,0.030806147,N-BEATS(L=90),5,test
2020-04-13,TLT,-4.0954027,0.01664904,-4.360167,0.012776254,N-BEATS(L=90),5,test
2020-04-14,GLD,-3.9751136,0.018777167,-4.267226,0.014020619,N-BEATS(L=90),5,test
2020-04-14,SPY,-3.4217887,0.032653976,-3.6113813,0.027014507,N-BEATS(L=90),5,test
2020-04-14,TLT,-4.100712,0.016560882,-4.107566,0.016447762,N-BEATS(L=90),5,test
2020-04-15,GLD,-4.0452595,0.017505161,-4.233449,0.014502286,N-BEATS(L=90),5,test
2020-04-15,SPY,-3.6240768,0.02667371,-3.5141864,0.029772015,N-BEATS(L=90),5,test
2020-04-15,TLT,-4.0805163,0.016898738,-4.2893615,0.013713679,N-BEATS(L=90),5,test
2020-04-16,GLD,-4.182272,0.015263789,-4.2577634,0.014153924,N-BEATS(L=90),5,test
2020-04-16,SPY,-3.595197,0.027455276,-3.3352735,0.035604846,N-BEATS(L=90),5,test
2020-04-16,TLT,-4.070797,0.017063783,-4.207761,0.0148796495,N-BEATS(L=90),5,test
2020-04-17,GLD,-4.079789,0.016911032,-4.070998,0.01706035,N-BEATS(L=90),5,test
2020-04-17,SPY,-3.5910692,0.027568838,-3.3834343,0.033930726,N-BEATS(L=90),5,test
2020-04-17,TLT,-4.4716144,0.011428851,-4.164049,0.015544488,N-BEATS(L=90),5,test
2020-04-20,GLD,-4.0729938,0.017026339,-4.046608,0.017481573,N-BEATS(L=90),5,test
2020-04-20,SPY,-3.6728823,0.025403144,-3.3125072,0.036424737,N-BEATS(L=90),5,test
2020-04-20,TLT,-4.4156456,0.012086748,-4.0138826,0.018063126,N-BEATS(L=90),5,test
2020-04-21,GLD,-4.097385,0.01661607,-4.1339912,0.016018815,N-BEATS(L=90),5,test
2020-04-21,SPY,-3.7421935,0.023702057,-3.4045525,0.033221684,N-BEATS(L=90),5,test
2020-04-21,TLT,-4.439878,0.011797378,-4.2131176,0.014800156,N-BEATS(L=90),5,test
2020-04-22,GLD,-4.0396957,0.017602827,-4.089819,0.016742265,N-BEATS(L=90),5,test
2020-04-22,SPY,-3.7428944,0.023685448,-3.7256267,0.024097994,N-BEATS(L=90),5,test
2020-04-22,TLT,-4.322583,0.013265572,-4.180684,0.015288046,N-BEATS(L=90),5,test
2020-04-23,GLD,-3.9427457,0.01939489,-4.321725,0.013276963,N-BEATS(L=90),5,test
2020-04-23,SPY,-3.7751946,0.022932626,-4.0867786,0.016793244,N-BEATS(L=90),5,test
2020-04-23,TLT,-4.23926,0.014418255,-4.10313,0.016520886,N-BEATS(L=90),5,test
2020-04-24,GLD,-3.9669158,0.018931732,-4.544115,0.010629575,N-BEATS(L=90),5,test
2020-04-24,SPY,-3.5297465,0.029312344,-3.8391995,0.021510813,N-BEATS(L=90),5,test
2020-04-24,TLT,-4.1525083,0.015724925,-4.266946,0.014024551,N-BEATS(L=90),5,test
2020-04-27,GLD,-4.0047493,0.018228859,-4.4218745,0.012011695,N-BEATS(L=90),5,test
2020-04-27,SPY,-3.50639,0.030005034,-3.842699,0.021435667,N-BEATS(L=90),5,test
2020-04-27,TLT,-4.185873,0.015208922,-4.438175,0.011817483,N-BEATS(L=90),5,test
2020-04-28,GLD,-4.0273,0.017822387,-4.597955,0.01007241,N-BEATS(L=90),5,test
2020-04-28,SPY,-3.453921,0.031621404,-3.974947,0.018780297,N-BEATS(L=90),5,test
2020-04-28,TLT,-4.197327,0.015035711,-4.5635424,0.010425064,N-BEATS(L=90),5,test
2020-04-29,GLD,-4.0072255,0.018183775,-4.384617,0.012467664,N-BEATS(L=90),5,test
2020-04-29,SPY,-3.47324,0.031016378,-3.9287708,0.019667834,N-BEATS(L=90),5,test
2020-04-29,TLT,-4.2846074,0.01377903,-4.4390664,0.0118069565,N-BEATS(L=90),5,test
2020-04-30,GLD,-4.061992,0.017214691,-4.303753,0.013517733,N-BEATS(L=90),5,test
2020-04-30,SPY,-3.5183966,0.029646933,-3.8626137,0.021013007,N-BEATS(L=90),5,test
2020-04-30,TLT,-4.242531,0.014371175,-4.397028,0.012313883,N-BEATS(L=90),5,test
2020-05-01,GLD,-4.096112,0.01663724,-4.0245404,0.017871635,N-BEATS(L=90),5,test
2020-05-01,SPY,-3.85662,0.021139327,-3.7564375,0.023366835,N-BEATS(L=90),5,test
2020-05-01,TLT,-4.2332797,0.014504741,-4.238644,0.01442714,N-BEATS(L=90),5,test
2020-05-04,GLD,-4.0429397,0.017545817,-4.3013053,0.01355086,N-BEATS(L=90),5,test
2020-05-04,SPY,-3.8869865,0.02050705,-3.767221,0.023116214,N-BEATS(L=90),5,test
2020-05-04,TLT,-4.1315703,0.016057642,-4.3661685,0.012699807,N-BEATS(L=90),5,test
2020-05-05,GLD,-4.0792093,0.016920839,-3.9222484,0.019796535,N-BEATS(L=90),5,test
2020-05-05,SPY,-3.9710822,0.01885302,-3.6680694,0.025525704,N-BEATS(L=90),5,test
2020-05-05,TLT,-4.0857873,0.0168099,-4.2050886,0.014919464,N-BEATS(L=90),5,test
2020-05-06,GLD,-4.157398,0.015648218,-3.88759,0.02049468,N-BEATS(L=90),5,test
2020-05-06,SPY,-3.6955323,0.02483423,-3.7195246,0.024245491,N-BEATS(L=90),5,test
2020-05-06,TLT,-4.105509,0.01648163,-4.226729,0.01460007,N-BEATS(L=90),5,test
2020-05-07,GLD,-4.2614727,0.01410152,-3.9513497,0.01922873,N-BEATS(L=90),5,test
2020-05-07,SPY,-3.306808,0.03663292,-3.6726937,0.025407936,N-BEATS(L=90),5,test
2020-05-07,TLT,-4.2144995,0.014779718,-4.1776323,0.015334772,N-BEATS(L=90),5,test
2020-05-08,GLD,-4.3026648,0.01353245,-4.00488,0.018226476,N-BEATS(L=90),5,test
2020-05-08,SPY,-3.2944655,0.03708786,-3.630692,0.02649784,N-BEATS(L=90),5,test
2020-05-08,TLT,-4.220208,0.014695585,-4.071865,0.017045567,N-BEATS(L=90),5,test
2020-05-11,GLD,-4.328386,0.013188819,-3.998986,0.018334221,N-BEATS(L=90),5,test
2020-05-11,SPY,-3.2948053,0.037075263,-3.6488495,0.026021048,N-BEATS(L=90),5,test
2020-05-11,TLT,-4.201647,0.014970902,-3.9177234,0.019886317,N-BEATS(L=90),5,test
2020-05-12,GLD,-4.324476,0.013240489,-4.0641913,0.017176874,N-BEATS(L=90),5,test
2020-05-12,SPY,-3.3101246,0.036511622,-3.5949483,0.027462102,N-BEATS(L=90),5,test
2020-05-12,TLT,-4.2735405,0.013932368,-3.9016821,0.020207891,N-BEATS(L=90),5,test
2020-05-13,GLD,-4.311499,0.0134134265,-4.03664,0.017656697,N-BEATS(L=90),5,test
2020-05-13,SPY,-3.438898,0.032100037,-3.6313562,0.026480246,N-BEATS(L=90),5,test
2020-05-13,TLT,-4.24448,0.014343188,-4.2079754,0.014876457,N-BEATS(L=90),5,test
2020-05-14,GLD,-4.2114654,0.014824629,-3.9048548,0.02014388,N-BEATS(L=90),5,test
2020-05-14,SPY,-3.996977,0.018371088,-3.7078319,0.024530651,N-BEATS(L=90),5,test
2020-05-14,TLT,-4.24765,0.014297792,-4.0389533,0.017615901,N-BEATS(L=90),5,test
2020-05-15,GLD,-4.3302984,0.013163619,-4.2489204,0.014279641,N-BEATS(L=90),5,test
2020-05-15,SPY,-4.0795007,0.01691591,-3.5972471,0.027399044,N-BEATS(L=90),5,test
2020-05-15,TLT,-4.3480854,0.012931548,-4.033799,0.01770693,N-BEATS(L=90),5,test
2020-05-18,GLD,-4.3809686,0.012513232,-4.2653055,0.014047574,N-BEATS(L=90),5,test
2020-05-18,SPY,-3.8786538,0.020678645,-3.6304007,0.026505563,N-BEATS(L=90),5,test
2020-05-18,TLT,-4.61418,0.009910306,-4.340618,0.013028473,N-BEATS(L=90),5,test
2020-05-19,GLD,-4.3416624,0.013014874,-4.055572,0.017325567,N-BEATS(L=90),5,test
2020-05-19,SPY,-3.7186997,0.0242655,-3.7159066,0.02433337,N-BEATS(L=90),5,test
2020-05-19,TLT,-4.5100203,0.010998237,-4.2990007,0.013582124,N-BEATS(L=90),5,test
2020-05-20,GLD,-4.277505,0.013877244,-4.3257732,0.013223321,N-BEATS(L=90),5,test
2020-05-20,SPY,-3.6567652,0.025815886,-3.6404161,0.026241422,N-BEATS(L=90),5,test
2020-05-20,TLT,-4.682989,0.009251319,-4.2674913,0.014016903,N-BEATS(L=90),5,test
2020-05-21,GLD,-4.430579,0.011907591,-4.3097644,0.013436715,N-BEATS(L=90),5,test
2020-05-21,SPY,-3.6027741,0.027248027,-3.677771,0.025279257,N-BEATS(L=90),5,test
2020-05-21,TLT,-4.5512743,0.010553747,-4.3717446,0.012629188,N-BEATS(L=90),5,test
2020-05-22,GLD,-4.371123,0.012637043,-4.3550467,0.012841839,N-BEATS(L=90),5,test
2020-05-22,SPY,-3.5975425,0.027390953,-3.7529998,0.023447303,N-BEATS(L=90),5,test
2020-05-22,TLT,-4.5531545,0.010533923,-4.4761157,0.011377521,N-BEATS(L=90),5,test
2020-05-26,GLD,-4.2531986,0.014218681,-4.40087,0.012266665,N-BEATS(L=90),5,test
2020-05-26,SPY,-3.7343824,0.02388792,-3.817177,0.021989789,N-BEATS(L=90),5,test
2020-05-26,TLT,-4.5385485,0.01068891,-4.4040275,0.0122279925,N-BEATS(L=90),5,test
2020-05-27,GLD,-4.175893,0.01536147,-4.279246,0.013853106,N-BEATS(L=90),5,test
2020-05-27,SPY,-3.9505165,0.01924476,-4.021686,0.01792272,N-BEATS(L=90),5,test
2020-05-27,TLT,-4.5391355,0.010682638,-4.4163284,0.012078498,N-BEATS(L=90),5,test
2020-05-28,GLD,-4.106464,0.016465897,-4.2738624,0.013927884,N-BEATS(L=90),5,test
2020-05-28,SPY,-3.9827163,0.018634953,-3.9924934,0.018453645,N-BEATS(L=90),5,test
2020-05-28,TLT,-4.498771,0.011122656,-4.454965,0.0116207255,N-BEATS(L=90),5,test
2020-05-29,GLD,-4.0565667,0.017308341,-4.398076,0.012300983,N-BEATS(L=90),5,test
2020-05-29,SPY,-4.1222773,0.016207563,-3.9939628,0.018426549,N-BEATS(L=90),5,test
2020-05-29,TLT,-4.1881523,0.015174297,-4.379252,0.012534732,N-BEATS(L=90),5,test
2020-06-01,GLD,-4.053967,0.017353397,-4.57191,0.010338196,N-BEATS(L=90),5,test
2020-06-01,SPY,-4.1260715,0.016146185,-3.8980875,0.020280661,N-BEATS(L=90),5,test
2020-06-01,TLT,-4.1605973,0.0155982375,-4.2767262,0.013888054,N-BEATS(L=90),5,test
2020-06-02,GLD,-4.1510262,0.015748246,-4.483156,0.011297699,N-BEATS(L=90),5,test
2020-06-02,SPY,-4.0643334,0.017174434,-3.8721056,0.020814497,N-BEATS(L=90),5,test
2020-06-02,TLT,-4.126389,0.016141059,-4.485637,0.011269704,N-BEATS(L=90),5,test
2020-06-03,GLD,-4.0169897,0.01800709,-4.4692197,0.011456252,N-BEATS(L=90),5,test
2020-06-03,SPY,-4.0279155,0.01781142,-3.9324574,0.01959546,N-BEATS(L=90),5,test
2020-06-03,TLT,-4.133075,0.016033497,-4.3364363,0.01308307,N-BEATS(L=90),5,test
2020-06-04,GLD,-4.033568,0.017711027,-4.3749585,0.012588665,N-BEATS(L=90),5,test
2020-06-04,SPY,-3.7627149,0.023220614,-3.8451223,0.021383785,N-BEATS(L=90),5,test
2020-06-04,TLT,-4.095459,0.016648103,-4.328374,0.013188977,N-BEATS(L=90),5,test
2020-06-05,GLD,-4.0754805,0.016984053,-4.2492685,0.014274672,N-BEATS(L=90),5,test
2020-06-05,SPY,-3.4532087,0.03164394,-3.6707282,0.025457924,N-BEATS(L=90),5,test
2020-06-05,TLT,-4.3290334,0.013180282,-4.274311,0.013921636,N-BEATS(L=90),5,test
2020-06-08,GLD,-4.019538,0.017961262,-4.2811584,0.013826636,N-BEATS(L=90),5,test
2020-06-08,SPY,-3.3042068,0.03672833,-3.798607,0.022401953,N-BEATS(L=90),5,test
2020-06-08,TLT,-4.2625003,0.014087036,-4.2785964,0.013862105,N-BEATS(L=90),5,test
2020-06-09,GLD,-3.9956179,0.018396076,-3.938693,0.01947365,N-BEATS(L=90),5,test
2020-06-09,SPY,-3.2259135,0.03971948,-3.5636292,0.028335802,N-BEATS(L=90),5,test
2020-06-09,TLT,-4.0742607,0.017004782,-4.3310094,0.013154263,N-BEATS(L=90),5,test
2020-06-10,GLD,-4.271471,0.01396123,-4.226496,0.014603469,N-BEATS(L=90),5,test
2020-06-10,SPY,-3.2328882,0.03944341,-3.757133,0.02335059,N-BEATS(L=90),5,test
2020-06-10,TLT,-4.0566044,0.01730769,-4.105404,0.016483359,N-BEATS(L=90),5,test
2020-06-11,GLD,-4.433731,0.011870119,-3.9133868,0.019972742,N-BEATS(L=90),5,test
2020-06-11,SPY,-3.3295085,0.0358107,-3.594145,0.027484171,N-BEATS(L=90),5,test
2020-06-11,TLT,-4.1065764,0.016464043,-4.2001886,0.014992748,N-BEATS(L=90),5,test
2020-06-12,GLD,-4.4742317,0.011398977,-3.8416326,0.02145854,N-BEATS(L=90),5,test
2020-06-12,SPY,-3.4783478,0.030858355,-3.5320232,0.029245686,N-BEATS(L=90),5,test
2020-06-12,TLT,-4.162938,0.015561769,-4.0929017,0.016690731,N-BEATS(L=90),5,test
2020-06-15,GLD,-4.6059275,0.00999243,-3.9897666,0.018504033,N-BEATS(L=90),5,test
2020-06-15,SPY,-3.6788974,0.025250802,-3.4683504,0.031168403,N-BEATS(L=90),5,test
2020-06-15,TLT,-4.212939,0.014802802,-4.022075,0.017915748,N-BEATS(L=90),5,test
2020-06-16,GLD,-4.738912,0.008748158,-3.9671166,0.018927932,N-BEATS(L=90),5,test
2020-06-16,SPY,-3.9512138,0.019231344,-3.4732661,0.031015564,N-BEATS(L=90),5,test
2020-06-16,TLT,-4.539114,0.010682868,-4.0210767,0.017933646,N-BEATS(L=90),5,test
2020-06-17,GLD,-4.556841,0.010495162,-4.149582,0.015771009,N-BEATS(L=90),5,test
2020-06-17,SPY,-3.7345548,0.023883803,-3.6024907,0.027255753,N-BEATS(L=90),5,test
2020-06-17,TLT,-4.6620154,0.009447402,-3.9683197,0.018905174,N-BEATS(L=90),5,test
2020-06-18,GLD,-4.578181,0.010273569,-4.1839857,0.015237654,N-BEATS(L=90),5,test
2020-06-18,SPY,-3.6332555,0.026430001,-3.487997,0.030562025,N-BEATS(L=90),5,test
2020-06-18,TLT,-4.6858253,0.009225118,-4.279035,0.013856025,N-BEATS(L=90),5,test
2020-06-19,GLD,-4.390142,0.012398968,-4.1639338,0.015546282,N-BEATS(L=90),5,test
2020-06-19,SPY,-3.7023032,0.02466665,-3.5503197,0.028715458,N-BEATS(L=90),5,test
2020-06-19,TLT,-4.7488985,0.00866123,-4.1652555,0.015525747,N-BEATS(L=90),5,test
2020-06-22,GLD,-4.479245,0.011341971,-4.052987,0.01737041,N-BEATS(L=90),5,test
2020-06-22,SPY,-3.6485703,0.026028315,-3.6472378,0.026063021,N-BEATS(L=90),5,test
2020-06-22,TLT,-4.829465,0.007990796,-3.857145,0.021128234,N-BEATS(L=90),5,test
2020-06-23,GLD,-4.3607135,0.0127692735,-3.9404254,0.019439943,N-BEATS(L=90),5,test
2020-06-23,SPY,-3.5779192,0.027933761,-3.5211744,0.029564694,N-BEATS(L=90),5,test
2020-06-23,TLT,-4.6927624,0.009161344,-4.1789885,0.01531399,N-BEATS(L=90),5,test
2020-06-24,GLD,-4.3360767,0.013087775,-4.0226355,0.017905712,N-BEATS(L=90),5,test
2020-06-24,SPY,-3.729271,0.024010334,-3.6798172,0.025227586,N-BEATS(L=90),5,test
2020-06-24,TLT,-4.5941496,0.010110815,-4.2746563,0.013916831,N-BEATS(L=90),5,test
2020-06-25,GLD,-4.312739,0.013396807,-4.1915274,0.015123169,N-BEATS(L=90),5,test
2020-06-25,SPY,-3.8064926,0.022225998,-3.6734173,0.025389558,N-BEATS(L=90),5,test
2020-06-25,TLT,-4.499512,0.011114417,-4.153526,0.01570893,N-BEATS(L=90),5,test
2020-06-26,GLD,-4.4756317,0.011383029,-4.3015966,0.013546912,N-BEATS(L=90),5,test
2020-06-26,SPY,-3.9035378,0.020170428,-3.8800032,0.02065076,N-BEATS(L=90),5,test
2020-06-26,TLT,-4.439366,0.011803421,-4.3009586,0.013555558,N-BEATS(L=90),5,test
2020-06-29,GLD,-4.4546175,0.011624766,-4.2790384,0.013855979,N-BEATS(L=90),5,test
2020-06-29,SPY,-3.9853969,0.018585067,-3.8813708,0.020622537,N-BEATS(L=90),5,test
2020-06-29,TLT,-4.3579397,0.012804742,-4.412552,0.012124199,N-BEATS(L=90),5,test
2020-06-30,GLD,-4.548055,0.010587776,-4.5257735,0.010826337,N-BEATS(L=90),5,test
2020-06-30,SPY,-4.1195893,0.016251188,-4.0660205,0.017145483,N-BEATS(L=90),5,test
2020-06-30,TLT,-4.4068737,0.012193238,-4.1332355,0.016030928,N-BEATS(L=90),5,test
2020-07-01,GLD,-4.55063,0.010560548,-4.4410715,0.011783306,N-BEATS(L=90),5,test
2020-07-01,SPY,-3.8970144,0.020302437,-3.7637727,0.023196062,N-BEATS(L=90),5,test
2020-07-01,TLT,-4.3238554,0.013248706,-4.323246,0.013256782,N-BEATS(L=90),5,test
2020-07-02,GLD,-4.47805,0.011355532,-4.11076,0.016395306,N-BEATS(L=90),5,test
2020-07-02,SPY,-3.876983,0.020713225,-3.8733206,0.020789223,N-BEATS(L=90),5,test
2020-07-02,TLT,-4.301472,0.013548599,-4.372157,0.01262398,N-BEATS(L=90),5,test
2020-07-06,GLD,-4.4554067,0.011615595,-4.4415064,0.011778182,N-BEATS(L=90),5,test
2020-07-06,SPY,-3.6584454,0.02577255,-4.143456,0.015867917,N-BEATS(L=90),5,test
2020-07-06,TLT,-4.295759,0.0136262225,-4.4709277,0.011436701,N-BEATS(L=90),5,test
2020-07-07,GLD,-4.450973,0.011667209,-4.571443,0.010343024,N-BEATS(L=90),5,test
2020-07-07,SPY,-3.586284,0.027701078,-4.221345,0.014678889,N-BEATS(L=90),5,test
2020-07-07,TLT,-4.365216,0.012711911,-4.558396,0.010478855,N-BEATS(L=90),5,test
2020-07-08,GLD,-4.4796877,0.011336953,-4.484643,0.011280914,N-BEATS(L=90),5,test
2020-07-08,SPY,-3.5786579,0.027913136,-4.2750793,0.013910946,N-BEATS(L=90),5,test
2020-07-08,TLT,-4.3684607,0.01267073,-4.5607634,0.010454075,N-BEATS(L=90),5,test
2020-07-09,GLD,-4.6336484,0.009719235,-4.4876256,0.011247318,N-BEATS(L=90),5,test
2020-07-09,SPY,-3.6985245,0.024760034,-4.242968,0.014364893,N-BEATS(L=90),5,test
2020-07-09,TLT,-4.5569835,0.010493666,-4.7028313,0.009069562,N-BEATS(L=90),5,test
2020-07-10,GLD,-4.814333,0.008112632,-4.309089,0.013445791,N-BEATS(L=90),5,test
2020-07-10,SPY,-3.7423697,0.023697881,-4.1135144,0.016350212,N-BEATS(L=90),5,test
2020-07-10,TLT,-4.6957994,0.009133563,-4.4713616,0.01143174,N-BEATS(L=90),5,test
2020-07-13,GLD,-4.8652387,0.007709988,-4.34896,0.012920244,N-BEATS(L=90),5,test
2020-07-13,SPY,-3.9478014,0.019297082,-4.153805,0.01570455,N-BEATS(L=90),5,test
2020-07-13,TLT,-4.8097177,0.00815016,-4.3357177,0.013092474,N-BEATS(L=90),5,test
2020-07-14,GLD,-4.8796515,0.0075996616,-4.49962,0.011113219,N-BEATS(L=90),5,test
2020-07-14,SPY,-4.1944885,0.015078452,-3.961829,0.01902828,N-BEATS(L=90),5,test
2020-07-14,TLT,-4.87069,0.0076680733,-4.432914,0.011879824,N-BEATS(L=90),5,test
2020-07-15,GLD,-4.713337,0.008974779,-4.5495996,0.010571436,N-BEATS(L=90),5,test
2020-07-15,SPY,-4.323404,0.01325469,-4.120954,0.016229024,N-BEATS(L=90),5,test
2020-07-15,TLT,-4.9925036,0.006788647,-4.420785,0.01202479,N-BEATS(L=90),5,test
2020-07-16,GLD,-4.3307786,0.0131573,-4.6750426,0.009325128,N-BEATS(L=90),5,test
2020-07-16,SPY,-4.1121435,0.016372642,-4.047929,0.017458497,N-BEATS(L=90),5,test
2020-07-16,TLT,-4.8398223,0.00790846,-4.4986615,0.011123876,N-BEATS(L=90),5,test
2020-07-17,GLD,-4.316575,0.0133455135,-4.49113,0.011207973,N-BEATS(L=90),5,test
2020-07-17,SPY,-4.116325,0.016304325,-4.151454,0.015741512,N-BEATS(L=90),5,test
2020-07-17,TLT,-4.8410883,0.007898454,-4.5127187,0.0109685995,N-BEATS(L=90),5,test
2020-07-20,GLD,-4.280775,0.013831937,-4.526724,0.010816053,N-BEATS(L=90),5,test
2020-07-20,SPY,-4.2032313,0.014947199,-4.3290935,0.013179489,N-BEATS(L=90),5,test
2020-07-20,TLT,-4.827132,0.008009458,-4.4081883,0.01217722,N-BEATS(L=90),5,test
2020-07-21,GLD,-4.1170373,0.016292714,-4.660131,0.009465222,N-BEATS(L=90),5,test
2020-07-21,SPY,-4.210214,0.014843189,-4.230842,0.0145401405,N-BEATS(L=90),5,test
2020-07-21,TLT,-4.8293805,0.00799147,-4.4768043,0.011369689,N-BEATS(L=90),5,test
2020-07-22,GLD,-3.883204,0.020584766,-4.647214,0.009588278,N-BEATS(L=90),5,test
2020-07-22,SPY,-4.1789093,0.015315203,-4.1385245,0.015946362,N-BEATS(L=90),5,test
2020-07-22,TLT,-4.6530495,0.009532489,-4.337339,0.013071266,N-BEATS(L=90),5,test
2020-07-23,GLD,-3.9301896,0.019639948,-4.5461764,0.010607686,N-BEATS(L=90),5,test
2020-07-23,SPY,-4.2188625,0.0147153735,-4.1541176,0.015699638,N-BEATS(L=90),5,test
2020-07-23,TLT,-4.781309,0.008385015,-4.635567,0.009700604,N-BEATS(L=90),5,test
2020-07-24,GLD,-3.9113226,0.020014012,-4.544164,0.010629053,N-BEATS(L=90),5,test
2020-07-24,SPY,-4.03551,0.01767666,-4.06882,0.017097551,N-BEATS(L=90),5,test
2020-07-24,TLT,-4.6672344,0.009398225,-4.458253,0.011582581,N-BEATS(L=90),5,test
2020-07-27,GLD,-3.8982074,0.020278228,-4.5849915,0.010203837,N-BEATS(L=90),5,test
2020-07-27,SPY,-4.0492263,0.01743586,-4.1369705,0.015971163,N-BEATS(L=90),5,test
2020-07-27,TLT,-4.673141,0.009342877,-4.4589095,0.011574979,N-BEATS(L=90),5,test
2020-07-28,GLD,-3.8809452,0.020631315,-4.4647956,0.011507047,N-BEATS(L=90),5,test
2020-07-28,SPY,-4.0947804,0.016659403,-4.1689205,0.015468949,N-BEATS(L=90),5,test
2020-07-28,TLT,-4.6824613,0.009256204,-4.5156116,0.010936913,N-BEATS(L=90),5,test
2020-07-29,GLD,-4.027683,0.017815564,-4.3458457,0.012960543,N-BEATS(L=90),5,test
2020-07-29,SPY,-4.142146,0.015888715,-4.3128853,0.013394846,N-BEATS(L=90),5,test
2020-07-29,TLT,-4.826167,0.008017192,-4.4851313,0.011275407,N-BEATS(L=90),5,test
2020-07-30,GLD,-4.062569,0.017204762,-4.169049,0.015466966,N-BEATS(L=90),5,test
2020-07-30,SPY,-4.3106875,0.013424316,-4.274212,0.013923017,N-BEATS(L=90),5,test
2020-07-30,TLT,-4.588601,0.010167071,-4.4972186,0.011139938,N-BEATS(L=90),5,test
2020-07-31,GLD,-3.8978682,0.02028511,-4.353085,0.012867056,N-BEATS(L=90),5,test
2020-07-31,SPY,-4.7698727,0.00848146,-4.3363137,0.013084673,N-BEATS(L=90),5,test
2020-07-31,TLT,-4.554471,0.010520063,-4.6657934,0.009411777,N-BEATS(L=90),5,test
2020-08-03,GLD,-3.8162389,0.022010429,-4.386152,0.012448542,N-BEATS(L=90),5,test
2020-08-03,SPY,-4.654458,0.00951907,-4.1969814,0.015040911,N-BEATS(L=90),5,test
2020-08-03,TLT,-4.5700307,0.010357642,-4.58995,0.010153365,N-BEATS(L=90),5,test
2020-08-04,GLD,-3.7588344,0.023310896,-4.361004,0.012765566,N-BEATS(L=90),5,test
2020-08-04,SPY,-4.3534393,0.012862498,-4.4263883,0.0119576,N-BEATS(L=90),5,test
2020-08-04,TLT,-4.4075565,0.012184915,-4.7074323,0.009027929,N-BEATS(L=90),5,test
2020-08-05,GLD,-3.7396336,0.02376281,-4.269116,0.01399415,N-BEATS(L=90),5,test
2020-08-05,SPY,-4.3033476,0.013523213,-4.244831,0.014338155,N-BEATS(L=90),5,test
2020-08-05,TLT,-4.381189,0.012510477,-4.568952,0.010368819,N-BEATS(L=90),5,test
2020-08-06,GLD,-3.6728945,0.025402835,-4.3966722,0.012318264,N-BEATS(L=90),5,test
2020-08-06,SPY,-4.292897,0.013665277,-4.2547855,0.014196135,N-BEATS(L=90),5,test
2020-08-06,TLT,-4.2873154,0.013741767,-4.5200624,0.010888344,N-BEATS(L=90),5,test
2020-08-07,GLD,-3.7365916,0.023835205,-4.263387,0.014074548,N-BEATS(L=90),5,test
2020-08-07,SPY,-4.321742,0.013276734,-4.3938293,0.012353334,N-BEATS(L=90),5,test
2020-08-07,TLT,-4.357696,0.012807862,-4.639739,0.009660218,N-BEATS(L=90),5,test
2020-08-10,GLD,-3.7965293,0.022448549,-4.271297,0.013963661,N-BEATS(L=90),5,test
2020-08-10,SPY,-4.3971715,0.012312115,-4.4354596,0.0118496185,N-BEATS(L=90),5,test
2020-08-10,TLT,-4.328952,0.013181357,-4.4234695,0.011992551,N-BEATS(L=90),5,test
2020-08-11,GLD,-3.7659197,0.023146315,-4.228555,0.014573431,N-BEATS(L=90),5,test
2020-08-11,SPY,-4.612589,0.009926087,-4.569086,0.010367431,N-BEATS(L=90),5,test
2020-08-11,TLT,-4.4510174,0.011666692,-4.545076,0.010619367,N-BEATS(L=90),5,test
2020-08-12,GLD,-3.6805727,0.025208533,-4.35918,0.01278887,N-BEATS(L=90),5,test
2020-08-12,SPY,-4.5865664,0.010187779,-4.395941,0.012327278,N-BEATS(L=90),5,test
2020-08-12,TLT,-4.324567,0.013239283,-4.4002366,0.012274436,N-BEATS(L=90),5,test
2020-08-13,GLD,-3.7441645,0.023655385,-4.1072435,0.016453065,N-BEATS(L=90),5,test
2020-08-13,SPY,-4.5780807,0.010274597,-4.3179154,0.013327637,N-BEATS(L=90),5,test
2020-08-13,TLT,-4.564425,0.010415867,-4.457464,0.01159172,N-BEATS(L=90),5,test
2020-08-14,GLD,-3.728666,0.024024863,-3.9894981,0.018509,N-BEATS(L=90),5,test
2020-08-14,SPY,-4.5844574,0.0102092875,-4.409477,0.012161534,N-BEATS(L=90),5,test
2020-08-14,TLT,-4.4932814,0.011183885,-4.399173,0.0122875,N-BEATS(L=90),5,test
2020-08-17,GLD,-3.737302,0.023818277,-3.9396465,0.019455092,N-BEATS(L=90),5,test
2020-08-17,SPY,-4.4142275,0.012103901,-4.4203997,0.012029423,N-BEATS(L=90),5,test
2020-08-17,TLT,-4.4835453,0.011293304,-4.505123,0.011052229,N-BEATS(L=90),5,test
2020-08-18,GLD,-3.8982124,0.020278128,-4.118778,0.016264373,N-BEATS(L=90),5,test
2020-08-18,SPY,-4.457033,0.011596718,-4.492018,0.011198021,N-BEATS(L=90),5,test
2020-08-18,TLT,-4.414059,0.012105938,-4.462983,0.011527923,N-BEATS(L=90),5,test
2020-08-19,GLD,-4.116102,0.016307956,-3.9739218,0.01879956,N-BEATS(L=90),5,test
2020-08-19,SPY,-4.444191,0.011746606,-4.3614044,0.012760454,N-BEATS(L=90),5,test
2020-08-19,TLT,-4.5722237,0.010334953,-4.344332,0.012980173,N-BEATS(L=90),5,test
2020-08-20,GLD,-3.7481017,0.023562431,-3.778255,0.022862552,N-BEATS(L=90),5,test
2020-08-20,SPY,-4.3786087,0.012542797,-4.4529586,0.011644066,N-BEATS(L=90),5,test
2020-08-20,TLT,-4.340548,0.013029385,-4.3255377,0.013226436,N-BEATS(L=90),5,test
2020-08-21,GLD,-3.7720242,0.02300545,-4.003783,0.018246477,N-BEATS(L=90),5,test
2020-08-21,SPY,-4.3459725,0.012958899,-4.425681,0.011966058,N-BEATS(L=90),5,test
2020-08-21,TLT,-4.3324437,0.013135409,-4.4434247,0.01175561,N-BEATS(L=90),5,test
2020-08-24,GLD,-3.782044,0.022776091,-4.0507665,0.017409027,N-BEATS(L=90),5,test
2020-08-24,SPY,-4.462708,0.011531095,-4.427583,0.011943319,N-BEATS(L=90),5,test
2020-08-24,TLT,-4.255017,0.014192852,-4.5213623,0.0108742,N-BEATS(L=90),5,test
2020-08-25,GLD,-3.7580845,0.023328383,-4.2826166,0.013806488,N-BEATS(L=90),5,test
2020-08-25,SPY,-4.405325,0.012212138,-4.356563,0.012822381,N-BEATS(L=90),5,test
2020-08-25,TLT,-4.113938,0.01634329,-4.4520683,0.011654437,N-BEATS(L=90),5,test
2020-08-26,GLD,-3.7504306,0.023507621,-4.0735917,0.017016161,N-BEATS(L=90),5,test
2020-08-26,SPY,-4.25516,0.014190822,-4.4767165,0.011370688,N-BEATS(L=90),5,test
2020-08-26,TLT,-4.1018972,0.016541263,-4.606351,0.0099882,N-BEATS(L=90),5,test
2020-08-27,GLD,-4.0982227,0.016602155,-4.0928917,0.016690899,N-BEATS(L=90),5,test
2020-08-27,SPY,-3.7192433,0.024252312,-4.371973,0.012626303,N-BEATS(L=90),5,test
2020-08-27,TLT,-4.127596,0.01612159,-4.4707856,0.011438326,N-BEATS(L=90),5,test
2020-08-28,GLD,-4.095352,0.016649881,-3.9916885,0.018468505,N-BEATS(L=90),5,test
2020-08-28,SPY,-3.344369,0.035282474,-4.3563247,0.012825439,N-BEATS(L=90),5,test
2020-08-28,TLT,-4.0862308,0.016802447,-4.417556,0.012063682,N-BEATS(L=90),5,test
2020-08-31,GLD,-3.940044,0.01944736,-4.11906,0.016259791,N-BEATS(L=90),5,test
2020-08-31,SPY,-3.217881,0.040039815,-4.2229586,0.014655222,N-BEATS(L=90),5,test
2020-08-31,TLT,-4.107986,0.016440853,-4.5264993,0.010818482,N-BEATS(L=90),5,test
2020-09-01,GLD,-4.0082555,0.018165058,-4.0068307,0.018190958,N-BEATS(L=90),5,test
2020-09-01,SPY,-3.1874716,0.0412761,-4.389588,0.012405841,N-BEATS(L=90),5,test
2020-09-01,TLT,-4.2288227,0.014569533,-4.527655,0.010805985,N-BEATS(L=90),5,test
2020-09-02,GLD,-4.038232,0.017628616,-3.884167,0.020564953,N-BEATS(L=90),5,test
2020-09-02,SPY,-3.1549716,0.042639613,-4.4647627,0.011507426,N-BEATS(L=90),5,test
2020-09-02,TLT,-4.1410174,0.01590666,-4.502999,0.011075732,N-BEATS(L=90),5,test
2020-09-03,GLD,-4.100758,0.016560117,-3.9290526,0.019662293,N-BEATS(L=90),5,test
2020-09-03,SPY,-3.2400317,0.039162654,-4.3228273,0.013262333,N-BEATS(L=90),5,test
2020-09-03,TLT,-4.2616577,0.014098911,-4.7086363,0.009017066,N-BEATS(L=90),5,test
2020-09-04,GLD,-4.1956663,0.015060704,-3.92801,0.019682802,N-BEATS(L=90),5,test
2020-09-04,SPY,-3.4451165,0.031901043,-4.290903,0.013692554,N-BEATS(L=90),5,test
2020-09-04,TLT,-4.3818526,0.012502175,-4.495135,0.011163175,N-BEATS(L=90),5,test
2020-09-08,GLD,-4.4488764,0.011691697,-3.928119,0.019680658,N-BEATS(L=90),5,test
2020-09-08,SPY,-3.6367176,0.026338657,-4.240183,0.014404957,N-BEATS(L=90),5,test
2020-09-08,TLT,-4.482717,0.011302662,-4.398972,0.012289967,N-BEATS(L=90),5,test
2020-09-09,GLD,-4.388211,0.012422937,-3.9925976,0.018451722,N-BEATS(L=90),5,test
2020-09-09,SPY,-3.687463,0.025035435,-4.256806,0.014167483,N-BEATS(L=90),5,test
2020-09-09,TLT,-4.439172,0.011805712,-4.344477,0.012978292,N-BEATS(L=90),5,test
2020-09-10,GLD,-4.4692693,0.011455684,-4.2422533,0.014375164,N-BEATS(L=90),5,test
2020-09-10,SPY,-3.7911248,0.0225702,-4.5749025,0.010307304,N-BEATS(L=90),5,test
2020-09-10,TLT,-4.6755195,0.009320682,-4.306863,0.013475759,N-BEATS(L=90),5,test
2020-09-11,GLD,-4.465167,0.011502774,-4.1924095,0.015109833,N-BEATS(L=90),5,test
2020-09-11,SPY,-3.7622766,0.023230791,-4.303404,0.013522452,N-BEATS(L=90),5,test
2020-09-11,TLT,-4.6427436,0.009631237,-4.3205056,0.01329316,N-BEATS(L=90),5,test
2020-09-14,GLD,-4.0288873,0.01779412,-4.10086,0.016558427,N-BEATS(L=90),5,test
2020-09-14,SPY,-3.791771,0.022555621,-4.2608023,0.014110977,N-BEATS(L=90),5,test
2020-09-14,TLT,-4.572688,0.010330154,-4.238973,0.014422394,N-BEATS(L=90),5,test
2020-09-15,GLD,-4.010832,0.018118318,-4.25463,0.014198342,N-BEATS(L=90),5,test
2020-09-15,SPY,-3.7398179,0.02375843,-3.8887527,0.020470863,N-BEATS(L=90),5,test
2020-09-15,TLT,-4.527792,0.010804506,-4.3190117,0.013313035,N-BEATS(L=90),5,test
2020-09-16,GLD,-3.9118552,0.020003356,-4.169154,0.015465336,N-BEATS(L=90),5,test
2020-09-16,SPY,-3.6761413,0.02532049,-4.1479254,0.015797155,N-BEATS(L=90),5,test
2020-09-16,TLT,-4.660756,0.009459307,-4.573161,0.010325269,N-BEATS(L=90),5,test
2020-09-17,GLD,-3.8437133,0.021413937,-4.3938565,0.012352997,N-BEATS(L=90),5,test
2020-09-17,SPY,-3.5809968,0.027847927,-4.028408,0.017802648,N-BEATS(L=90),5,test
2020-09-17,TLT,-4.7267528,0.008855179,-4.3984528,0.012296351,N-BEATS(L=90),5,test
2020-09-18,GLD,-3.8459184,0.02136677,-4.472438,0.0114194425,N-BEATS(L=90),5,test
2020-09-18,SPY,-3.5939245,0.027490232,-4.0818453,0.016876295,N-BEATS(L=90),5,test
2020-09-18,TLT,-4.731039,0.008817305,-4.286829,0.013748453,N-BEATS(L=90),5,test
2020-09-21,GLD,-4.0566754,0.01730646,-4.485268,0.011273865,N-BEATS(L=90),5,test
2020-09-21,SPY,-3.6652405,0.025598014,-4.114986,0.01632617,N-BEATS(L=90),5,test
2020-09-21,TLT,-4.8913355,0.0075113843,-4.5030184,0.011075516,N-BEATS(L=90),5,test
2020-09-22,GLD,-4.1046214,0.016496263,-4.2925715,0.013669727,N-BEATS(L=90),5,test
2020-09-22,SPY,-3.722887,0.024164105,-3.9809122,0.018668601,N-BEATS(L=90),5,test
2020-09-22,TLT,-4.988714,0.0068144207,-4.656273,0.009501811,N-BEATS(L=90),5,test
2020-09-23,GLD,-4.1969976,0.015040667,-4.2774715,0.013877707,N-BEATS(L=90),5,test
2020-09-23,SPY,-3.7425501,0.023693604,-3.8866434,0.020514088,N-BEATS(L=90),5,test
2020-09-23,TLT,-4.877611,0.007615184,-4.3426538,0.013001978,N-BEATS(L=90),5,test
2020-09-24,GLD,-4.3262324,0.013217251,-4.2834854,0.0137944985,N-BEATS(L=90),5,test
2020-09-24,SPY,-3.904382,0.020153405,-3.6327283,0.026443938,N-BEATS(L=90),5,test
2020-09-24,TLT,-4.636597,0.009690617,-4.282013,0.013814826,N-BEATS(L=90),5,test
2020-09-25,GLD,-4.3537025,0.012859113,-3.9066768,0.020107212,N-BEATS(L=90),5,test
2020-09-25,SPY,-3.9345784,0.01955394,-3.643639,0.026156982,N-BEATS(L=90),5,test
2020-09-25,TLT,-4.532045,0.010758653,-4.5236664,0.010849173,N-BEATS(L=90),5,test
2020-09-28,GLD,-4.405739,0.012207084,-4.016757,0.018011281,N-BEATS(L=90),5,test
2020-09-28,SPY,-3.948158,0.019290201,-3.3930135,0.03360725,N-BEATS(L=90),5,test
2020-09-28,TLT,-4.5039663,0.011065022,-4.6494083,0.009567261,N-BEATS(L=90),5,test
2020-09-29,GLD,-4.246917,0.014308281,-4.0306234,0.017763251,N-BEATS(L=90),5,test
2020-09-29,SPY,-3.7833815,0.022745648,-3.6234992,0.026689123,N-BEATS(L=90),5,test
2020-09-29,TLT,-4.165025,0.015529323,-4.4788885,0.011346017,N-BEATS(L=90),5,test
2020-09-30,GLD,-4.3572364,0.012813751,-3.985975,0.018574325,N-BEATS(L=90),5,test
2020-09-30,SPY,-3.876427,0.020724744,-3.6613438,0.025697956,N-BEATS(L=90),5,test
2020-09-30,TLT,-4.135157,0.016000152,-4.528841,0.010793178,N-BEATS(L=90),5,test
2020-10-01,GLD,-4.31193,0.013407646,-4.168276,0.015478926,N-BEATS(L=90),5,test
2020-10-01,SPY,-3.9328768,0.019587243,-3.482141,0.030741522,N-BEATS(L=90),5,test
2020-10-01,TLT,-4.2057066,0.014910247,-4.4716053,0.011428954,N-BEATS(L=90),5,test
2020-10-02,GLD,-4.3312645,0.013150908,-4.1223817,0.016205871,N-BEATS(L=90),5,test
2020-10-02,SPY,-4.1126456,0.016364424,-3.634259,0.026403492,N-BEATS(L=90),5,test
2020-10-02,TLT,-4.1926756,0.015105814,-4.6337547,0.009718201,N-BEATS(L=90),5,test
2020-10-05,GLD,-4.378983,0.012538103,-4.108685,0.016429365,N-BEATS(L=90),5,test
2020-10-05,SPY,-4.0234866,0.01789048,-3.77964,0.02283091,N-BEATS(L=90),5,test
2020-10-05,TLT,-4.204422,0.014929413,-4.8079505,0.008164576,N-BEATS(L=90),5,test
2020-10-06,GLD,-4.5551233,0.010513203,-4.214594,0.014778323,N-BEATS(L=90),5,test
2020-10-06,SPY,-4.3369713,0.013076072,-3.882334,0.020602683,N-BEATS(L=90),5,test
2020-10-06,TLT,-4.607869,0.009973046,-4.549479,0.010572711,N-BEATS(L=90),5,test
2020-10-07,GLD,-4.538974,0.010684365,-4.215074,0.014771228,N-BEATS(L=90),5,test
2020-10-07,SPY,-4.2369924,0.01445099,-3.931259,0.019618958,N-BEATS(L=90),5,test
2020-10-07,TLT,-4.828502,0.007998493,-4.4673595,0.011477582,N-BEATS(L=90),5,test
2020-10-08,GLD,-4.6823735,0.009257016,-4.4702935,0.011443957,N-BEATS(L=90),5,test
2020-10-08,SPY,-4.1500683,0.01576334,-3.9266114,0.019710349,N-BEATS(L=90),5,test
2020-10-08,TLT,-4.7045727,0.009053783,-4.3899684,0.012401121,N-BEATS(L=90),5,test
2020-10-09,GLD,-4.6880155,0.009204935,-4.261174,0.01410573,N-BEATS(L=90),5,test
2020-10-09,SPY,-4.1004376,0.016565423,-4.1655293,0.015521498,N-BEATS(L=90),5,test
2020-10-09,TLT,-4.766715,0.008508284,-4.188341,0.015171431,N-BEATS(L=90),5,test
2020-10-12,GLD,-4.685652,0.009226719,-4.382391,0.012495447,N-BEATS(L=90),5,test
2020-10-12,SPY,-3.9849007,0.018594291,-3.9831016,0.018627774,N-BEATS(L=90),5,test
2020-10-12,TLT,-4.7036614,0.009062036,-4.335911,0.0130899465,N-BEATS(L=90),5,test
2020-10-13,GLD,-4.6491704,0.009569538,-4.388391,0.012420698,N-BEATS(L=90),5,test
2020-10-13,SPY,-3.9254432,0.01973339,-3.965939,0.018950233,N-BEATS(L=90),5,test
2020-10-13,TLT,-4.631957,0.009735688,-4.5470076,0.010598874,N-BEATS(L=90),5,test
2020-10-14,GLD,-4.6570344,0.009494578,-4.3920145,0.012375773,N-BEATS(L=90),5,test
2020-10-14,SPY,-3.9582603,0.019096307,-3.8886514,0.020472938,N-BEATS(L=90),5,test
2020-10-14,TLT,-4.587597,0.010177286,-4.6420016,0.009638386,N-BEATS(L=90),5,test
2020-10-15,GLD,-4.6223283,0.0098298825,-4.5874023,0.010179266,N-BEATS(L=90),5,test
2020-10-15,SPY,-3.9225357,0.019790849,-4.1301465,0.016080523,N-BEATS(L=90),5,test
2020-10-15,TLT,-4.5549803,0.010514707,-4.4852552,0.01127401,N-BEATS(L=90),5,test
2020-10-16,GLD,-4.536183,0.010714226,-4.5784783,0.010270513,N-BEATS(L=90),5,test
2020-10-16,SPY,-3.9373682,0.019499468,-4.403273,0.012237221,N-BEATS(L=90),5,test
2020-10-16,TLT,-4.5869746,0.010183621,-4.4605894,0.011555551,N-BEATS(L=90),5,test
2020-10-19,GLD,-4.510355,0.010994556,-4.507281,0.011028407,N-BEATS(L=90),5,test
2020-10-19,SPY,-3.8587718,0.021093892,-4.0494895,0.01743127,N-BEATS(L=90),5,test
2020-10-19,TLT,-4.57119,0.010345642,-4.4866743,0.011258022,N-BEATS(L=90),5,test
2020-10-20,GLD,-4.607622,0.009975511,-4.529869,0.010782087,N-BEATS(L=90),5,test
2020-10-20,SPY,-3.9362156,0.019521954,-4.1105175,0.016399285,N-BEATS(L=90),5,test
2020-10-20,TLT,-4.597699,0.01007499,-4.478363,0.01135198,N-BEATS(L=90),5,test
2020-10-21,GLD,-4.5457015,0.010612725,-4.4483333,0.011698049,N-BEATS(L=90),5,test
2020-10-21,SPY,-3.5079653,0.029957807,-4.067818,0.01711469,N-BEATS(L=90),5,test
2020-10-21,TLT,-4.577827,0.010277204,-4.307343,0.01346929,N-BEATS(L=90),5,test
2020-10-22,GLD,-4.5496736,0.010570655,-4.3276057,0.013199112,N-BEATS(L=90),5,test
2020-10-22,SPY,-3.4054956,0.033190366,-4.129634,0.016088767,N-BEATS(L=90),5,test
2020-10-22,TLT,-4.418479,0.012052551,-4.3108068,0.013422716,N-BEATS(L=90),5,test
2020-10-23,GLD,-4.5972023,0.010079998,-4.3228455,0.013262093,N-BEATS(L=90),5,test
2020-10-23,SPY,-3.325542,0.035953026,-4.081971,0.016874172,N-BEATS(L=90),5,test
2020-10-23,TLT,-4.386139,0.012448702,-4.473935,0.011402357,N-BEATS(L=90),5,test
2020-10-26,GLD,-4.6235085,0.0098182885,-4.4585953,0.011578617,N-BEATS(L=90),5,test
2020-10-26,SPY,-3.3615425,0.034681723,-4.1351376,0.016000465,N-BEATS(L=90),5,test
2020-10-26,TLT,-4.4008255,0.01226721,-4.609134,0.009960438,N-BEATS(L=90),5,test
2020-10-27,GLD,-4.5908365,0.010144369,-4.5123076,0.010973109,N-BEATS(L=90),5,test
2020-10-27,SPY,-3.2661152,0.038154364,-4.037903,0.017634416,N-BEATS(L=90),5,test
2020-10-27,TLT,-4.3802176,0.012522634,-4.389959,0.012401239,N-BEATS(L=90),5,test
2020-10-28,GLD,-4.5631733,0.010428912,-4.5718956,0.010338344,N-BEATS(L=90),5,test
2020-10-28,SPY,-3.3767729,0.034157507,-4.281066,0.013827914,N-BEATS(L=90),5,test
2020-10-28,TLT,-4.3129797,0.013393581,-4.4129925,0.012118858,N-BEATS(L=90),5,test
2020-10-29,GLD,-4.5123854,0.010972256,-4.5713468,0.010344019,N-BEATS(L=90),5,test
2020-10-29,SPY,-3.4934518,0.03039577,-4.0257454,0.017850114,N-BEATS(L=90),5,test
2020-10-29,TLT,-4.462399,0.011534658,-4.199355,0.01500525,N-BEATS(L=90),5,test
2020-10-30,GLD,-4.486596,0.011258903,-4.5359426,0.0107168015,N-BEATS(L=90),5,test
2020-10-30,SPY,-3.591555,0.027555445,-4.1417346,0.015895255,N-BEATS(L=90),5,test
2020-10-30,TLT,-4.509703,0.011001726,-4.5637197,0.010423215,N-BEATS(L=90),5,test
2020-11-02,GLD,-4.1983786,0.015019911,-4.6797476,0.009281357,N-BEATS(L=90),5,test
2020-11-02,SPY,-3.5739713,0.028044261,-4.1315093,0.016058624,N-BEATS(L=90),5,test
2020-11-02,TLT,-4.3883033,0.012421788,-4.467444,0.011476614,N-BEATS(L=90),5,test
2020-11-03,GLD,-4.2168994,0.01474429,-4.666685,0.009403389,N-BEATS(L=90),5,test
2020-11-03,SPY,-3.7023053,0.024666596,-4.1389527,0.015939536,N-BEATS(L=90),5,test
2020-11-03,TLT,-4.375175,0.01258594,-4.5679226,0.0103795,N-BEATS(L=90),5,test
2020-11-04,GLD,-4.279511,0.0138494335,-4.5102973,0.010995191,N-BEATS(L=90),5,test
2020-11-04,SPY,-3.9626234,0.01901317,-3.9080334,0.020079952,N-BEATS(L=90),5,test
2020-11-04,TLT,-4.4989915,0.011120206,-4.5628357,0.010432433,N-BEATS(L=90),5,test
2020-11-05,GLD,-4.345877,0.012960135,-4.623744,0.009815976,N-BEATS(L=90),5,test
2020-11-05,SPY,-3.886186,0.020523475,-3.8677337,0.020905694,N-BEATS(L=90),5,test
2020-11-05,TLT,-4.494952,0.011165215,-4.662693,0.009441003,N-BEATS(L=90),5,test
2020-11-06,GLD,-4.3914557,0.012382691,-4.3707724,0.012641473,N-BEATS(L=90),5,test
2020-11-06,SPY,-3.9057488,0.020125877,-3.9468408,0.019315628,N-BEATS(L=90),5,test
2020-11-06,TLT,-4.545052,0.01061962,-4.525342,0.01083101,N-BEATS(L=90),5,test
2020-11-09,GLD,-4.828,0.008002509,-4.450078,0.011677656,N-BEATS(L=90),5,test
2020-11-09,SPY,-4.0747085,0.01699717,-4.0030055,0.018260675,N-BEATS(L=90),5,test
2020-11-09,TLT,-4.755581,0.008603546,-4.4162173,0.01207984,N-BEATS(L=90),5,test
2020-11-10,GLD,-4.7430396,0.008712124,-4.198098,0.015024123,N-BEATS(L=90),5,test
2020-11-10,SPY,-4.1462183,0.015824147,-3.9038343,0.020164445,N-BEATS(L=90),5,test
2020-11-10,TLT,-4.868311,0.007686337,-4.42817,0.011936311,N-BEATS(L=90),5,test
2020-11-11,GLD,-4.6349134,0.009706947,-4.451506,0.01166099,N-BEATS(L=90),5,test
2020-11-11,SPY,-4.1103435,0.01640214,-4.2767916,0.0138871465,N-BEATS(L=90),5,test
2020-11-11,TLT,-4.7393312,0.008744492,-4.602856,0.010023167,N-BEATS(L=90),5,test
2020-11-12,GLD,-4.6628933,0.009439113,-4.568873,0.010369641,N-BEATS(L=90),5,test
2020-11-12,SPY,-4.2179546,0.014728739,-4.090241,0.0167352,N-BEATS(L=90),5,test
2020-11-12,TLT,-4.8161592,0.008097829,-4.646797,0.009592275,N-BEATS(L=90),5,test
2020-11-13,GLD,-4.6840067,0.00924191,-4.1953974,0.0150647545,N-BEATS(L=90),5,test
2020-11-13,SPY,-4.3057895,0.013490231,-4.1704803,0.015444841,N-BEATS(L=90),5,test
2020-11-13,TLT,-4.780303,0.008393455,-4.434364,0.0118626105,N-BEATS(L=90),5,test
2020-11-16,GLD,-4.365075,0.0127137005,-4.403932,0.0122291595,N-BEATS(L=90),5,test
2020-11-16,SPY,-4.2303767,0.014546909,-4.182899,0.015254222,N-BEATS(L=90),5,test
2020-11-16,TLT,-4.7748504,0.008439347,-4.5548773,0.01051579,N-BEATS(L=90),5,test
2020-11-17,GLD,-4.4014087,0.012260057,-4.1470156,0.015811535,N-BEATS(L=90),5,test
2020-11-17,SPY,-4.2227707,0.014657975,-3.9378679,0.019489724,N-BEATS(L=90),5,test
2020-11-17,TLT,-4.7513046,0.008640415,-4.556782,0.010495783,N-BEATS(L=90),5,test
2020-11-18,GLD,-4.414661,0.012098656,-4.0672293,0.01712477,N-BEATS(L=90),5,test
2020-11-18,SPY,-4.3059216,0.013488449,-3.8799806,0.020651227,N-BEATS(L=90),5,test
2020-11-18,TLT,-4.759244,0.008572088,-4.6613975,0.009453243,N-BEATS(L=90),5,test
2020-11-19,GLD,-4.4144473,0.01210124,-4.281181,0.013826326,N-BEATS(L=90),5,test
2020-11-19,SPY,-4.429978,0.011914753,-4.020438,0.0179451,N-BEATS(L=90),5,test
2020-11-19,TLT,-4.841676,0.007893811,-4.5362496,0.010713511,N-BEATS(L=90),5,test
2020-11-20,GLD,-4.329185,0.013178283,-4.562906,0.010431702,N-BEATS(L=90),5,test
2020-11-20,SPY,-4.2833285,0.013796663,-4.0611343,0.017229464,N-BEATS(L=90),5,test
2020-11-20,TLT,-4.838911,0.007915669,-4.478262,0.011353129,N-BEATS(L=90),5,test
2020-11-23,GLD,-4.594796,0.01010428,-4.306249,0.013484032,N-BEATS(L=90),5,test
2020-11-23,SPY,-4.3803444,0.012521046,-4.0919952,0.016705869,N-BEATS(L=90),5,test
2020-11-23,TLT,-4.5091057,0.011008301,-4.623932,0.009814132,N-BEATS(L=90),5,test
2020-11-24,GLD,-4.4932327,0.011184429,-4.567097,0.010388071,N-BEATS(L=90),5,test
2020-11-24,SPY,-4.5029926,0.011075801,-4.022268,0.017912297,N-BEATS(L=90),5,test
2020-11-24,TLT,-4.4085865,0.012172372,-4.5939126,0.010113212,N-BEATS(L=90),5,test
2020-11-25,GLD,-4.3949456,0.012339551,-4.4909825,0.011209625,N-BEATS(L=90),5,test
2020-11-25,SPY,-4.438879,0.011809169,-3.8937318,0.020369189,N-BEATS(L=90),5,test
2020-11-25,TLT,-4.4147067,0.012098102,-4.784855,0.008355336,N-BEATS(L=90),5,test
2020-11-27,GLD,-4.281437,0.013822786,-4.322695,0.013264092,N-BEATS(L=90),5,test
2020-11-27,SPY,-4.4473615,0.011709422,-4.070412,0.017070351,N-BEATS(L=90),5,test
2020-11-27,TLT,-4.36888,0.012665421,-4.5915613,0.010137019,N-BEATS(L=90),5,test
2020-11-30,GLD,-4.224504,0.014632591,-4.3230953,0.013258779,N-BEATS(L=90),5,test
2020-11-30,SPY,-4.6452017,0.009607592,-4.1351027,0.016001021,N-BEATS(L=90),5,test
2020-11-30,TLT,-4.3768735,0.012564581,-4.815072,0.008106638,N-BEATS(L=90),5,test
2020-12-01,GLD,-4.2197366,0.014702517,-4.501879,0.01108814,N-BEATS(L=90),5,test
2020-12-01,SPY,-4.697439,0.009118598,-4.2187715,0.014716714,N-BEATS(L=90),5,test
2020-12-01,TLT,-4.585468,0.010198978,-4.6212044,0.009840936,N-BEATS(L=90),5,test
2020-12-02,GLD,-4.0765452,0.016965978,-4.4369802,0.011831613,N-BEATS(L=90),5,test
2020-12-02,SPY,-4.533048,0.010747865,-4.1492624,0.015776047,N-BEATS(L=90),5,test
2020-12-02,TLT,-4.6001787,0.01005004,-4.6260614,0.009793255,N-BEATS(L=90),5,test
2020-12-03,GLD,-4.076925,0.016959539,-4.496371,0.011149387,N-BEATS(L=90),5,test
2020-12-03,SPY,-4.4849606,0.011277332,-4.178402,0.015322975,N-BEATS(L=90),5,test
2020-12-03,TLT,-4.5889797,0.010163222,-4.5693693,0.010364494,N-BEATS(L=90),5,test
2020-12-04,GLD,-4.1200743,0.016243309,-4.383447,0.012482256,N-BEATS(L=90),5,test
2020-12-04,SPY,-4.371103,0.012637297,-4.250565,0.014256177,N-BEATS(L=90),5,test
2020-12-04,TLT,-4.5666003,0.010393233,-4.5817494,0.010236972,N-BEATS(L=90),5,test
2020-12-07,GLD,-4.151622,0.015738871,-4.7178626,0.008934254,N-BEATS(L=90),5,test
2020-12-07,SPY,-4.2430825,0.014363249,-4.428357,0.01193408,N-BEATS(L=90),5,test
2020-12-07,TLT,-4.443625,0.011753256,-4.3590217,0.012790895,N-BEATS(L=90),5,test
2020-12-08,GLD,-4.1787653,0.015317408,-4.529316,0.010788053,N-BEATS(L=90),5,test
2020-12-08,SPY,-4.201899,0.014967127,-4.098413,0.016598998,N-BEATS(L=90),5,test
2020-12-08,TLT,-4.412087,0.012129838,-4.3701334,0.012649553,N-BEATS(L=90),5,test
2020-12-09,GLD,-4.290645,0.013696087,-4.68496,0.009233105,N-BEATS(L=90),5,test
2020-12-09,SPY,-4.2760005,0.013898137,-4.459801,0.011564662,N-BEATS(L=90),5,test
2020-12-09,TLT,-4.4062967,0.012200275,-4.3025427,0.013534103,N-BEATS(L=90),5,test
2020-12-10,GLD,-4.371355,0.012634109,-4.2911654,0.013688964,N-BEATS(L=90),5,test
2020-12-10,SPY,-4.365338,0.01271036,-4.4508905,0.011668172,N-BEATS(L=90),5,test
2020-12-10,TLT,-4.3222594,0.013269868,-4.411524,0.01213667,N-BEATS(L=90),5,test
2020-12-11,GLD,-4.4101443,0.012153424,-4.3346167,0.0131068975,N-BEATS(L=90),5,test
2020-12-11,SPY,-4.324401,0.013241481,-4.5480456,0.010587877,N-BEATS(L=90),5,test
2020-12-11,TLT,-4.33081,0.013156885,-4.5876,0.010177252,N-BEATS(L=90),5,test
2020-12-14,GLD,-4.490264,0.011217683,-4.4189296,0.012047121,N-BEATS(L=90),5,test
2020-12-14,SPY,-3.4170775,0.032808177,-4.385227,0.012460057,N-BEATS(L=90),5,test
2020-12-14,TLT,-4.4055114,0.012209861,-4.27913,0.01385471,N-BEATS(L=90),5,test
2020-12-15,GLD,-4.424841,0.011976116,-4.570201,0.010355879,N-BEATS(L=90),5,test
2020-12-15,SPY,-3.4260867,0.03251393,-4.444794,0.011739522,N-BEATS(L=90),5,test
2020-12-15,TLT,-4.449947,0.011679187,-4.5853014,0.010200675,N-BEATS(L=90),5,test
2020-12-16,GLD,-4.592631,0.010126183,-4.494918,0.0111655975,N-BEATS(L=90),5,test
2020-12-16,SPY,-3.4256263,0.032528903,-4.421872,0.012011724,N-BEATS(L=90),5,test
2020-12-16,TLT,-4.46677,0.011484348,-4.7397676,0.0087406775,N-BEATS(L=90),5,test
2020-12-17,GLD,-4.70389,0.009059967,-4.496871,0.011143811,N-BEATS(L=90),5,test
2020-12-17,SPY,-3.4256945,0.032526683,-4.4379053,0.011820673,N-BEATS(L=90),5,test
2020-12-17,TLT,-4.7120366,0.008986457,-4.654168,0.009521831,N-BEATS(L=90),5,test
2020-12-18,GLD,-4.4992604,0.011117215,-4.709487,0.0090093985,N-BEATS(L=90),5,test
2020-12-18,SPY,-3.4477878,0.031815942,-4.5132046,0.010963271,N-BEATS(L=90),5,test
2020-12-18,TLT,-4.6966662,0.009125649,-4.7145643,0.00896377,N-BEATS(L=90),5,test
2020-12-21,GLD,-4.45617,0.011606731,-4.460269,0.011559254,N-BEATS(L=90),5,test
2020-12-21,SPY,-4.7679586,0.008497709,-4.5020537,0.011086205,N-BEATS(L=90),5,test
2020-12-21,TLT,-4.7395577,0.008742512,-4.6389723,0.009667628,N-BEATS(L=90),5,test
2020-12-22,GLD,-4.5442142,0.0106285205,-4.417849,0.012060145,N-BEATS(L=90),5,test
2020-12-22,SPY,-4.8331685,0.0079612555,-4.271747,0.013957377,N-BEATS(L=90),5,test
2020-12-22,TLT,-4.761749,0.008550643,-4.4658155,0.011495317,N-BEATS(L=90),5,test
2020-12-23,GLD,-4.54521,0.0106179435,-4.3056264,0.0134924315,N-BEATS(L=90),5,test
2020-12-23,SPY,-4.7581635,0.008581355,-4.6395473,0.00966207,N-BEATS(L=90),5,test
2020-12-23,TLT,-4.962473,0.0069956067,-4.5415506,0.010656869,N-BEATS(L=90),5,test
2020-12-24,GLD,-4.4416637,0.011776329,-4.3872085,0.012435394,N-BEATS(L=90),5,test
2020-12-24,SPY,-3.963792,0.018990962,-4.4458876,0.011726693,N-BEATS(L=90),5,test
2020-12-24,TLT,-4.674965,0.009325853,-4.281843,0.013817171,N-BEATS(L=90),5,test
2020-12-28,GLD,-4.538359,0.010690934,-4.3944035,0.0123462435,N-BEATS(L=90),5,test
2020-12-28,SPY,-3.917613,0.01988851,-4.512121,0.010975155,N-BEATS(L=90),5,test
2020-12-28,TLT,-4.637523,0.009681648,-4.5651145,0.010408687,N-BEATS(L=90),5,test
2020-12-29,GLD,-4.1990285,0.015010152,-4.544788,0.010622426,N-BEATS(L=90),5,test
2020-12-29,SPY,-3.7478888,0.02356745,-4.4377756,0.011822207,N-BEATS(L=90),5,test
2020-12-29,TLT,-4.472984,0.01141321,-4.47107,0.011435076,N-BEATS(L=90),5,test
2020-12-30,GLD,-4.175127,0.015373238,-4.3982935,0.012298309,N-BEATS(L=90),5,test
2020-12-30,SPY,-3.727382,0.024055732,-4.2816606,0.0138196945,N-BEATS(L=90),5,test
2020-12-30,TLT,-4.4339476,0.011867549,-4.5301766,0.010778772,N-BEATS(L=90),5,test
2020-12-31,GLD,-3.738857,0.02378127,-4.287277,0.013742291,N-BEATS(L=90),5,test
2020-12-31,SPY,-3.6974106,0.024787629,-4.397643,0.01230631,N-BEATS(L=90),5,test
2020-12-31,TLT,-4.3384566,0.013056664,-4.7018776,0.009078216,N-BEATS(L=90),5,test
2021-01-04,GLD,-3.7335246,0.023908421,-4.4099913,0.012155284,N-BEATS(L=90),5,test
2021-01-04,SPY,-3.982867,0.018632144,-4.1123743,0.016368864,N-BEATS(L=90),5,test
2021-01-04,TLT,-4.4393663,0.011803416,-4.8038154,0.0081984075,N-BEATS(L=90),5,test
2021-01-05,GLD,-3.7196612,0.02424218,-4.4432535,0.0117576225,N-BEATS(L=90),5,test
2021-01-05,SPY,-3.982768,0.018633988,-4.078878,0.016926447,N-BEATS(L=90),5,test
2021-01-05,TLT,-4.42458,0.01197924,-4.585974,0.010193814,N-BEATS(L=90),5,test
2021-01-06,GLD,-3.8240478,0.02183922,-4.4594393,0.011568848,N-BEATS(L=90),5,test
2021-01-06,SPY,-4.27198,0.013954129,-4.618231,0.009870243,N-BEATS(L=90),5,test
2021-01-06,TLT,-4.4707437,0.011438807,-4.4690714,0.011457951,N-BEATS(L=90),5,test
2021-01-07,GLD,-3.800975,0.022348968,-4.229975,0.014552752,N-BEATS(L=90),5,test
2021-01-07,SPY,-4.3028755,0.013529599,-4.1483617,0.015790265,N-BEATS(L=90),5,test
2021-01-07,TLT,-4.3820386,0.01249985,-4.535685,0.010719561,N-BEATS(L=90),5,test
2021-01-08,GLD,-4.2882867,0.013728426,-4.3439765,0.012984792,N-BEATS(L=90),5,test
2021-01-08,SPY,-4.3464603,0.012952579,-4.3829236,0.012488793,N-BEATS(L=90),5,test
2021-01-08,TLT,-4.4564476,0.01160351,-4.5641274,0.010418966,N-BEATS(L=90),5,test
2021-01-11,GLD,-4.349244,0.012916572,-4.351503,0.012887429,N-BEATS(L=90),5,test
2021-01-11,SPY,-4.3624496,0.012747124,-4.405814,0.012206164,N-BEATS(L=90),5,test
2021-01-11,TLT,-4.4700828,0.011446369,-4.373167,0.012611237,N-BEATS(L=90),5,test
2021-01-12,GLD,-4.3917027,0.012379633,-4.1803017,0.015293893,N-BEATS(L=90),5,test
2021-01-12,SPY,-4.3807273,0.012516253,-4.446932,0.011714454,N-BEATS(L=90),5,test
2021-01-12,TLT,-4.5823083,0.010231252,-4.7415752,0.008724892,N-BEATS(L=90),5,test
2021-01-13,GLD,-4.445859,0.0117270285,-3.9267886,0.019706858,N-BEATS(L=90),5,test
2021-01-13,SPY,-4.443913,0.011749871,-4.2507954,0.014252893,N-BEATS(L=90),5,test
2021-01-13,TLT,-4.706146,0.009039551,-4.6294074,0.009760542,N-BEATS(L=90),5,test
2021-01-14,GLD,-4.412746,0.012121847,-4.2276597,0.014586488,N-BEATS(L=90),5,test
2021-01-14,SPY,-4.454373,0.01162761,-4.4553776,0.011615933,N-BEATS(L=90),5,test
2021-01-14,TLT,-4.9947624,0.0067733303,-4.3914604,0.012382632,N-BEATS(L=90),5,test
2021-01-15,GLD,-4.3844666,0.012469537,-4.317146,0.013337898,N-BEATS(L=90),5,test
2021-01-15,SPY,-4.210834,0.014833991,-4.35445,0.012849502,N-BEATS(L=90),5,test
2021-01-15,TLT,-5.0524774,0.006393475,-4.2700024,0.01398175,N-BEATS(L=90),5,test
2021-01-19,GLD,-4.398545,0.012295219,-4.014675,0.018048817,N-BEATS(L=90),5,test
2021-01-19,SPY,-4.234303,0.014489906,-4.3966236,0.012318863,N-BEATS(L=90),5,test
2021-01-19,TLT,-5.041969,0.006461015,-4.4214535,0.012016754,N-BEATS(L=90),5,test
2021-01-20,GLD,-4.3237076,0.013250665,-4.330284,0.013163807,N-BEATS(L=90),5,test
2021-01-20,SPY,-4.0151916,0.018039498,-4.4203205,0.012030376,N-BEATS(L=90),5,test
2021-01-20,TLT,-4.9178433,0.0073148897,-4.582885,0.010225356,N-BEATS(L=90),5,test
2021-01-21,GLD,-4.1528273,0.01571991,-4.321498,0.013279976,N-BEATS(L=90),5,test
2021-01-21,SPY,-3.8661187,0.020939484,-4.518268,0.010907899,N-BEATS(L=90),5,test
2021-01-21,TLT,-4.7376056,0.008759595,-4.478408,0.011351472,N-BEATS(L=90),5,test
2021-01-22,GLD,-4.167965,0.015483739,-4.6478896,0.0095818015,N-BEATS(L=90),5,test
2021-01-22,SPY,-3.7176504,0.024290975,-4.269228,0.0139925815,N-BEATS(L=90),5,test
2021-01-22,TLT,-4.6349025,0.009707053,-4.9347034,0.0071925945,N-BEATS(L=90),5,test
2021-01-25,GLD,-4.2311788,0.014535246,-4.2583127,0.014146151,N-BEATS(L=90),5,test
2021-01-25,SPY,-3.7004607,0.02471214,-4.235826,0.014467855,N-BEATS(L=90),5,test
2021-01-25,TLT,-4.61113,0.009940577,-4.9057536,0.0074038613,N-BEATS(L=90),5,test
2021-01-26,GLD,-4.217904,0.014729484,-4.1686487,0.015473154,N-BEATS(L=90),5,test
2021-01-26,SPY,-3.5944288,0.027476374,-4.2643504,0.014060998,N-BEATS(L=90),5,test
2021-01-26,TLT,-4.625196,0.009801734,-4.9783244,0.0068855905,N-BEATS(L=90),5,test
2021-01-27,GLD,-4.317598,0.01333187,-4.2979026,0.013597048,N-BEATS(L=90),5,test
2021-01-27,SPY,-3.6792893,0.025240906,-4.1926603,0.015106045,N-BEATS(L=90),5,test
2021-01-27,TLT,-4.6539702,0.009523715,-4.8912983,0.0075116637,N-BEATS(L=90),5,test
2021-01-28,GLD,-4.557921,0.010483833,-4.293162,0.01366166,N-BEATS(L=90),5,test
2021-01-28,SPY,-3.7537282,0.023430232,-4.207453,0.0148842335,N-BEATS(L=90),5,test
2021-01-28,TLT,-4.7924476,0.008292137,-4.876878,0.0076207705,N-BEATS(L=90),5,test
2021-01-29,GLD,-4.6131954,0.009920069,-4.3224626,0.0132671725,N-BEATS(L=90),5,test
2021-01-29,SPY,-3.9144833,0.019950854,-4.0698185,0.017080488,N-BEATS(L=90),5,test
2021-01-29,TLT,-4.729808,0.008828167,-4.7467475,0.008679881,N-BEATS(L=90),5,test
2021-02-01,GLD,-4.6363974,0.009692553,-4.269654,0.013986625,N-BEATS(L=90),5,test
2021-02-01,SPY,-4.1386156,0.01594491,-4.063678,0.017185697,N-BEATS(L=90),5,test
2021-02-01,TLT,-4.6327834,0.009727646,-4.7306147,0.008821048,N-BEATS(L=90),5,test
2021-02-02,GLD,-4.5919127,0.010133457,-4.2832675,0.013797505,N-BEATS(L=90),5,test
2021-02-02,SPY,-4.569071,0.010367589,-4.158735,0.015627317,N-BEATS(L=90),5,test
2021-02-02,TLT,-4.564285,0.010417327,-4.5874276,0.010179009,N-BEATS(L=90),5,test
2021-02-03,GLD,-4.566329,0.010396054,-4.3132033,0.013390587,N-BEATS(L=90),5,test
2021-02-03,SPY,-4.4457936,0.011727795,-3.9902425,0.018495228,N-BEATS(L=90),5,test
2021-02-03,TLT,-4.6032896,0.010018824,-4.716927,0.008942616,N-BEATS(L=90),5,test
2021-02-04,GLD,-4.44249,0.011766602,-4.2747927,0.013914933,N-BEATS(L=90),5,test
2021-02-04,SPY,-4.420493,0.012028299,-4.0233035,0.017893756,N-BEATS(L=90),5,test
2021-02-04,TLT,-4.5797534,0.010257426,-4.741366,0.008726718,N-BEATS(L=90),5,test
2021-02-05,GLD,-4.3721113,0.012624558,-4.0856614,0.016812015,N-BEATS(L=90),5,test
2021-02-05,SPY,-4.438569,0.011812829,-4.1377745,0.015958328,N-BEATS(L=90),5,test
2021-02-05,TLT,-4.657155,0.009493433,-4.5055995,0.011046966,N-BEATS(L=90),5,test
2021-02-08,GLD,-4.159202,0.0156200165,-4.329995,0.013167611,N-BEATS(L=90),5,test
2021-02-08,SPY,-4.4261837,0.011960045,-4.0096283,0.018140137,N-BEATS(L=90),5,test
2021-02-08,TLT,-4.713906,0.008969675,-4.5045314,0.011058771,N-BEATS(L=90),5,test
2021-02-09,GLD,-4.137721,0.01595918,-4.224005,0.014639891,N-BEATS(L=90),5,test
2021-02-09,SPY,-4.367544,0.012682348,-4.1722317,0.015417814,N-BEATS(L=90),5,test
2021-02-09,TLT,-4.5738587,0.010318068,-4.4013367,0.01226094,N-BEATS(L=90),5,test
2021-02-10,GLD,-4.106662,0.016462639,-4.2661858,0.014035215,N-BEATS(L=90),5,test
2021-02-10,SPY,-4.4368696,0.011832922,-4.0670395,0.01712802,N-BEATS(L=90),5,test
2021-02-10,TLT,-4.45811,0.011584238,-4.425226,0.011971503,N-BEATS(L=90),5,test
2021-02-11,GLD,-4.142651,0.015880695,-4.428786,0.011928965,N-BEATS(L=90),5,test
2021-02-11,SPY,-4.539555,0.010678156,-4.1648602,0.015531885,N-BEATS(L=90),5,test
2021-02-11,TLT,-4.3713207,0.012634543,-4.408498,0.0121734515,N-BEATS(L=90),5,test
2021-02-12,GLD,-4.1841903,0.0152345365,-4.49068,0.011213014,N-BEATS(L=90),5,test
2021-02-12,SPY,-4.4770694,0.011366676,-4.1522474,0.015729027,N-BEATS(L=90),5,test
2021-02-12,TLT,-4.1954374,0.015064152,-4.6605043,0.00946169,N-BEATS(L=90),5,test
2021-02-16,GLD,-4.334536,0.013107954,-4.336238,0.013085665,N-BEATS(L=90),5,test
2021-02-16,SPY,-3.9767022,0.018747361,-4.3645635,0.012720207,N-BEATS(L=90),5,test
2021-02-16,TLT,-4.1465716,0.015818555,-4.528796,0.010793662,N-BEATS(L=90),5,test
2021-02-17,GLD,-4.3061557,0.013485292,-4.2784677,0.01386389,N-BEATS(L=90),5,test
2021-02-17,SPY,-3.900007,0.020241769,-4.590321,0.010149599,N-BEATS(L=90),5,test
2021-02-17,TLT,-4.118535,0.01626833,-4.599699,0.010054861,N-BEATS(L=90),5,test
2021-02-18,GLD,-4.223345,0.014649563,-3.9557977,0.019143391,N-BEATS(L=90),5,test
2021-02-18,SPY,-3.701211,0.024693605,-4.690769,0.009179623,N-BEATS(L=90),5,test
2021-02-18,TLT,-3.8009906,0.022348622,-4.6440773,0.009618401,N-BEATS(L=90),5,test
2021-02-19,GLD,-3.96442,0.018979039,-4.212278,0.014812589,N-BEATS(L=90),5,test
2021-02-19,SPY,-3.6063063,0.027151953,-4.333783,0.013117827,N-BEATS(L=90),5,test
2021-02-19,TLT,-3.6465766,0.026080258,-4.7510242,0.008642838,N-BEATS(L=90),5,test
2021-02-22,GLD,-3.9287965,0.019667327,-4.1928263,0.015103538,N-BEATS(L=90),5,test
2021-02-22,SPY,-3.439696,0.032074433,-4.439869,0.011797485,N-BEATS(L=90),5,test
2021-02-22,TLT,-3.6812458,0.025191572,-4.504963,0.011054,N-BEATS(L=90),5,test
2021-02-23,GLD,-3.9076524,0.020087603,-4.2982836,0.013591869,N-BEATS(L=90),5,test
2021-02-23,SPY,-3.5541766,0.02860492,-4.525676,0.010827395,N-BEATS(L=90),5,test
2021-02-23,TLT,-3.710207,0.024472456,-4.311057,0.013419356,N-BEATS(L=90),5,test
2021-02-24,GLD,-3.8507335,0.021264134,-4.2019663,0.01496612,N-BEATS(L=90),5,test
2021-02-24,SPY,-3.5738657,0.028047223,-4.067434,0.017121268,N-BEATS(L=90),5,test
2021-02-24,TLT,-3.7194576,0.024247115,-4.3322806,0.013137551,N-BEATS(L=90),5,test
2021-02-25,GLD,-3.7773345,0.022883607,-4.2911716,0.013688879,N-BEATS(L=90),5,test
2021-02-25,SPY,-3.4528236,0.031656124,-3.9444747,0.019361384,N-BEATS(L=90),5,test
2021-02-25,TLT,-3.9088936,0.020062687,-4.411697,0.01213457,N-BEATS(L=90),5,test
2021-02-26,GLD,-3.944881,0.01935352,-4.454404,0.011627249,N-BEATS(L=90),5,test
2021-02-26,SPY,-3.3058307,0.036668736,-4.158307,0.015634002,N-BEATS(L=90),5,test
2021-02-26,TLT,-4.2168026,0.014745717,-4.4675903,0.0114749335,N-BEATS(L=90),5,test
2021-03-01,GLD,-3.9787083,0.018709792,-4.1643353,0.015540042,N-BEATS(L=90),5,test
2021-03-01,SPY,-3.3904295,0.033694204,-4.0919147,0.016707214,N-BEATS(L=90),5,test
2021-03-01,TLT,-4.2941127,0.013648677,-4.2482834,0.014288741,N-BEATS(L=90),5,test
2021-03-02,GLD,-4.037896,0.017634533,-4.22194,0.014670156,N-BEATS(L=90),5,test
2021-03-02,SPY,-3.3737595,0.034260593,-3.740745,0.023736412,N-BEATS(L=90),5,test
2021-03-02,TLT,-4.280495,0.013835809,-4.2402115,0.014404546,N-BEATS(L=90),5,test
2021-03-03,GLD,-4.175994,0.015359918,-4.3650875,0.012713542,N-BEATS(L=90),5,test
2021-03-03,SPY,-3.3818543,0.033984378,-3.7572126,0.023348732,N-BEATS(L=90),5,test
2021-03-03,TLT,-4.368,0.012676568,-4.5403256,0.010669932,N-BEATS(L=90),5,test
2021-03-04,GLD,-4.5694036,0.0103641385,-3.8717496,0.020821907,N-BEATS(L=90),5,test
2021-03-04,SPY,-3.6039581,0.027215786,-3.906179,0.020117223,N-BEATS(L=90),5,test
2021-03-04,TLT,-4.6044674,0.01000703,-4.480033,0.01133304,N-BEATS(L=90),5,test
2021-03-05,GLD,-4.4780636,0.0113553805,-3.8655643,0.020951096,N-BEATS(L=90),5,test
2021-03-05,SPY,-4.100196,0.01656943,-3.663546,0.025641425,N-BEATS(L=90),5,test
2021-03-05,TLT,-4.722483,0.008893068,-4.406295,0.012200299,N-BEATS(L=90),5,test
2021-03-08,GLD,-4.5178337,0.010912638,-4.0478663,0.017459588,N-BEATS(L=90),5,test
2021-03-08,SPY,-4.2021375,0.014963559,-3.772082,0.023004116,N-BEATS(L=90),5,test
2021-03-08,TLT,-4.7236285,0.008882889,-4.2826195,0.013806449,N-BEATS(L=90),5,test
2021-03-09,GLD,-4.4281836,0.011936151,-4.035718,0.017672988,N-BEATS(L=90),5,test
2021-03-09,SPY,-4.314781,0.013369475,-3.8713093,0.020831078,N-BEATS(L=90),5,test
2021-03-09,TLT,-4.5822644,0.010231701,-4.3789697,0.01253827,N-BEATS(L=90),5,test
2021-03-10,GLD,-4.176336,0.015354667,-4.3036876,0.013518617,N-BEATS(L=90),5,test
2021-03-10,SPY,-4.257956,0.014151198,-3.8967152,0.020308511,N-BEATS(L=90),5,test
2021-03-10,TLT,-4.443355,0.0117564285,-4.5339065,0.010738644,N-BEATS(L=90),5,test
2021-03-11,GLD,-4.1509356,0.015749674,-4.052914,0.017371677,N-BEATS(L=90),5,test
2021-03-11,SPY,-4.151829,0.015735613,-4.054471,0.017344654,N-BEATS(L=90),5,test
2021-03-11,TLT,-4.387711,0.012429146,-4.506221,0.011040104,N-BEATS(L=90),5,test
2021-03-12,GLD,-4.232035,0.014522804,-4.186667,0.015196852,N-BEATS(L=90),5,test
2021-03-12,SPY,-4.0690966,0.017092824,-4.1647925,0.015532937,N-BEATS(L=90),5,test
2021-03-12,TLT,-4.3733883,0.012608447,-4.3221407,0.013271443,N-BEATS(L=90),5,test
2021-03-15,GLD,-4.265675,0.014042384,-4.122469,0.016204458,N-BEATS(L=90),5,test
2021-03-15,SPY,-4.1063304,0.016468095,-4.2086654,0.014866196,N-BEATS(L=90),5,test
2021-03-15,TLT,-4.334183,0.0131125795,-4.365733,0.012705337,N-BEATS(L=90),5,test
2021-03-16,GLD,-4.339817,0.013038914,-4.208492,0.014868776,N-BEATS(L=90),5,test
2021-03-16,SPY,-4.03773,0.01763746,-4.0494943,0.017431188,N-BEATS(L=90),5,test
2021-03-16,TLT,-4.3491273,0.012918081,-4.332973,0.0131284585,N-BEATS(L=90),5,test
2021-03-17,GLD,-4.7512765,0.008640658,-4.2741337,0.013924106,N-BEATS(L=90),5,test
2021-03-17,SPY,-4.0299087,0.017775953,-3.9143286,0.019953942,N-BEATS(L=90),5,test
2021-03-17,TLT,-4.4599133,0.011563366,-4.2240973,0.014638544,N-BEATS(L=90),5,test
2021-03-18,GLD,-4.5097594,0.011001106,-4.354852,0.012844338,N-BEATS(L=90),5,test
2021-03-18,SPY,-3.9999828,0.018315954,-4.023871,0.017883604,N-BEATS(L=90),5,test
2021-03-18,TLT,-4.477632,0.011360282,-4.3182716,0.013322891,N-BEATS(L=90),5,test
2021-03-19,GLD,-4.485839,0.011267431,-4.236799,0.014453788,N-BEATS(L=90),5,test
2021-03-19,SPY,-4.0099587,0.018134143,-3.9704444,0.018865047,N-BEATS(L=90),5,test
2021-03-19,TLT,-4.451859,0.011656877,-4.0451097,0.017507782,N-BEATS(L=90),5,test
2021-03-22,GLD,-4.394066,0.012350412,-4.3103848,0.013428382,N-BEATS(L=90),5,test
2021-03-22,SPY,-3.9995298,0.018324252,-4.12931,0.016093977,N-BEATS(L=90),5,test
2021-03-22,TLT,-4.333416,0.013122644,-4.390885,0.012389761,N-BEATS(L=90),5,test
2021-03-23,GLD,-4.4041815,0.012226109,-4.5967073,0.010084988,N-BEATS(L=90),5,test
2021-03-23,SPY,-4.066129,0.01714362,-4.0827103,0.016861703,N-BEATS(L=90),5,test
2021-03-23,TLT,-4.308617,0.01345214,-4.346323,0.012954358,N-BEATS(L=90),5,test
2021-03-24,GLD,-4.2253046,0.014620881,-4.5630746,0.010429942,N-BEATS(L=90),5,test
2021-03-24,SPY,-4.1395564,0.015929917,-3.9902158,0.018495724,N-BEATS(L=90),5,test
2021-03-24,TLT,-4.220361,0.014693336,-4.467343,0.011477773,N-BEATS(L=90),5,test
2021-03-25,GLD,-4.3972692,0.012310912,-4.4287276,0.011929659,N-BEATS(L=90),5,test
2021-03-25,SPY,-4.404306,0.012224589,-3.9774086,0.018734124,N-BEATS(L=90),5,test
2021-03-25,TLT,-4.233377,0.01450333,-4.454003,0.011631913,N-BEATS(L=90),5,test
2021-03-26,GLD,-4.39648,0.012320631,-4.392133,0.012374303,N-BEATS(L=90),5,test
2021-03-26,SPY,-4.5537696,0.010527445,-3.9395149,0.019457651,N-BEATS(L=90),5,test
2021-03-26,TLT,-4.235335,0.014474962,-4.4996724,0.011112636,N-BEATS(L=90),5,test
2021-03-29,GLD,-4.493757,0.01117857,-4.306407,0.013481904,N-BEATS(L=90),5,test
2021-03-29,SPY,-4.7444572,0.008699782,-3.906227,0.020116255,N-BEATS(L=90),5,test
2021-03-29,TLT,-4.3513327,0.012889624,-4.520568,0.010882841,N-BEATS(L=90),5,test
2021-03-30,GLD,-4.4704666,0.011441976,-4.204741,0.014924651,N-BEATS(L=90),5,test
2021-03-30,SPY,-4.8373957,0.007927674,-4.1337786,0.016022224,N-BEATS(L=90),5,test
2021-03-30,TLT,-4.385533,0.012456249,-4.4893703,0.011227711,N-BEATS(L=90),5,test
2021-03-31,GLD,-4.898848,0.007455166,-4.1985393,0.015017497,N-BEATS(L=90),5,test
2021-03-31,SPY,-4.9552703,0.0070461757,-4.1173663,0.016287353,N-BEATS(L=90),5,test
2021-03-31,TLT,-4.571853,0.010338782,-4.150475,0.01575693,N-BEATS(L=90),5,test
2021-04-01,GLD,-4.803478,0.008201175,-4.3141346,0.013378122,N-BEATS(L=90),5,test
2021-04-01,SPY,-4.908277,0.0073852018,-4.126251,0.016143283,N-BEATS(L=90),5,test
2021-04-01,TLT,-4.5514646,0.0105517395,-3.9230366,0.019780938,N-BEATS(L=90),5,test
2021-04-05,GLD,-4.823444,0.0080390535,-3.768353,0.02309006,N-BEATS(L=90),5,test
2021-04-05,SPY,-5.0250235,0.006571432,-3.823321,0.021855097,N-BEATS(L=90),5,test
2021-04-05,TLT,-4.6554694,0.009509448,-4.1853647,0.015216655,N-BEATS(L=90),5,test
2021-04-06,GLD,-4.801206,0.008219827,-4.0736065,0.01701591,N-BEATS(L=90),5,test
2021-04-06,SPY,-4.990249,0.006803969,-4.2459087,0.014322712,N-BEATS(L=90),5,test
2021-04-06,TLT,-4.6476526,0.009584073,-4.166556,0.015505571,N-BEATS(L=90),5,test
2021-04-07,GLD,-4.8140798,0.008114686,-4.262146,0.014092028,N-BEATS(L=90),5,test
2021-04-07,SPY,-4.8274436,0.008006964,-4.188864,0.015163497,N-BEATS(L=90),5,test
2021-04-07,TLT,-4.776724,0.008423551,-4.430991,0.011902686,N-BEATS(L=90),5,test
2021-04-08,GLD,-4.6372466,0.009684326,-4.6590223,0.009475722,N-BEATS(L=90),5,test
2021-04-08,SPY,-4.8262563,0.008016476,-4.5373764,0.010701446,N-BEATS(L=90),5,test
2021-04-08,TLT,-4.5590725,0.010471767,-4.508737,0.011012359,N-BEATS(L=90),5,test
2021-04-09,GLD,-4.686203,0.009221634,-4.670603,0.009366621,N-BEATS(L=90),5,test
2021-04-09,SPY,-4.8172083,0.008089338,-4.236623,0.014456331,N-BEATS(L=90),5,test
2021-04-09,TLT,-4.637717,0.009679774,-4.4885197,0.0112372665,N-BEATS(L=90),5,test
2021-04-12,GLD,-4.7243667,0.008876334,-4.52407,0.010844798,N-BEATS(L=90),5,test
2021-04-12,SPY,-4.711919,0.008987515,-4.615446,0.009897768,N-BEATS(L=90),5,test
2021-04-12,TLT,-4.5881104,0.010172061,-4.513403,0.010961097,N-BEATS(L=90),5,test
2021-04-13,GLD,-4.6978083,0.009115233,-4.4224067,0.012005305,N-BEATS(L=90),5,test
2021-04-13,SPY,-4.512896,0.010966654,-4.498299,0.011127908,N-BEATS(L=90),5,test
2021-04-13,TLT,-4.55628,0.0105010485,-4.3111677,0.013417873,N-BEATS(L=90),5,test
2021-04-14,GLD,-4.672468,0.0093491655,-4.5852094,0.010201613,N-BEATS(L=90),5,test
2021-04-14,SPY,-4.5115924,0.01098096,-4.796076,0.008262105,N-BEATS(L=90),5,test
2021-04-14,TLT,-4.5332804,0.01074537,-4.4170833,0.012069385,N-BEATS(L=90),5,test
2021-04-15,GLD,-4.7618046,0.008550166,-4.5053115,0.011050148,N-BEATS(L=90),5,test
2021-04-15,SPY,-4.3206067,0.013291817,-4.752234,0.008632389,N-BEATS(L=90),5,test
2021-04-15,TLT,-4.582949,0.010224697,-4.5414257,0.0106582,N-BEATS(L=90),5,test
2021-04-16,GLD,-4.5968127,0.010083925,-4.6077538,0.0099741975,N-BEATS(L=90),5,test
2021-04-16,SPY,-4.2207985,0.014686912,-4.6972914,0.0091199465,N-BEATS(L=90),5,test
2021-04-16,TLT,-4.552694,0.010538776,-4.37446,0.012594939,N-BEATS(L=90),5,test
2021-04-19,GLD,-4.586454,0.010188925,-4.51692,0.010922613,N-BEATS(L=90),5,test
2021-04-19,SPY,-4.262171,0.014091679,-4.4394007,0.0118030105,N-BEATS(L=90),5,test
2021-04-19,TLT,-4.5768943,0.010286795,-4.473334,0.011409216,N-BEATS(L=90),5,test
2021-04-20,GLD,-4.6153994,0.0098982295,-4.5251646,0.010832931,N-BEATS(L=90),5,test
2021-04-20,SPY,-4.3848305,0.012465001,-4.457272,0.011593948,N-BEATS(L=90),5,test
2021-04-20,TLT,-4.5708857,0.01034879,-4.333894,0.013116376,N-BEATS(L=90),5,test
2021-04-21,GLD,-4.5885544,0.010167547,-4.5840497,0.010213451,N-BEATS(L=90),5,test
2021-04-21,SPY,-4.423907,0.011987309,-4.1298666,0.016085025,N-BEATS(L=90),5,test
2021-04-21,TLT,-4.546072,0.010608794,-4.5138144,0.010956587,N-BEATS(L=90),5,test
2021-04-22,GLD,-4.4481473,0.011700224,-4.4148893,0.012095893,N-BEATS(L=90),5,test
2021-04-22,SPY,-4.465595,0.011497855,-4.016322,0.018019116,N-BEATS(L=90),5,test
2021-04-22,TLT,-4.586553,0.010187915,-4.273702,0.013930116,N-BEATS(L=90),5,test
2021-04-23,GLD,-4.581832,0.010236127,-4.4945455,0.011169757,N-BEATS(L=90),5,test
2021-04-23,SPY,-4.6407166,0.00965078,-4.2848783,0.013775298,N-BEATS(L=90),5,test
2021-04-23,TLT,-4.6274004,0.009780151,-4.363249,0.01273694,N-BEATS(L=90),5,test
2021-04-26,GLD,-4.552284,0.010543099,-4.5244617,0.010840548,N-BEATS(L=90),5,test
2021-04-26,SPY,-4.617348,0.009878959,-4.205314,0.0149161,N-BEATS(L=90),5,test
2021-04-26,TLT,-4.4582,0.011583194,-4.3157625,0.013356362,N-BEATS(L=90),5,test
2021-04-27,GLD,-4.1455956,0.015834004,-4.637464,0.00968222,N-BEATS(L=90),5,test
2021-04-27,SPY,-4.374416,0.012595497,-4.341796,0.013013137,N-BEATS(L=90),5,test
2021-04-27,TLT,-4.4556956,0.011612239,-4.262913,0.014081221,N-BEATS(L=90),5,test
2021-04-28,GLD,-4.1811366,0.015281129,-4.5958443,0.0100936955,N-BEATS(L=90),5,test
2021-04-28,SPY,-4.376148,0.012573697,-4.591604,0.010136584,N-BEATS(L=90),5,test
2021-04-28,TLT,-4.4896173,0.011224939,-4.3257117,0.013224135,N-BEATS(L=90),5,test
2021-04-29,GLD,-4.2139635,0.014787641,-4.5293055,0.010788166,N-BEATS(L=90),5,test
2021-04-29,SPY,-4.3373103,0.013071639,-4.542196,0.010649996,N-BEATS(L=90),5,test
2021-04-29,TLT,-4.5235915,0.010849985,-4.3774724,0.012557058,N-BEATS(L=90),5,test
2021-04-30,GLD,-4.1482806,0.015791545,-4.6915383,0.009172564,N-BEATS(L=90),5,test
2021-04-30,SPY,-4.2998123,0.013571106,-4.589947,0.010153394,N-BEATS(L=90),5,test
2021-04-30,TLT,-4.365512,0.012708148,-4.4237933,0.011988669,N-BEATS(L=90),5,test
2021-05-03,GLD,-4.15664,0.015660087,-4.6187315,0.009865303,N-BEATS(L=90),5,test
2021-05-03,SPY,-4.265154,0.014049705,-4.5528955,0.010536651,N-BEATS(L=90),5,test
2021-05-03,TLT,-4.398264,0.012298672,-4.527699,0.010805511,N-BEATS(L=90),5,test
2021-05-04,GLD,-4.4965444,0.011147452,-4.6312327,0.0097427415,N-BEATS(L=90),5,test
2021-05-04,SPY,-4.2489223,0.014279614,-4.8906837,0.007516282,N-BEATS(L=90),5,test
2021-05-04,TLT,-4.4430313,0.011760236,-4.438014,0.011819388,N-BEATS(L=90),5,test
2021-05-05,GLD,-4.4164596,0.012076914,-4.5780787,0.010274618,N-BEATS(L=90),5,test
2021-05-05,SPY,-4.0007925,0.01830113,-4.7146006,0.008963446,N-BEATS(L=90),5,test
2021-05-05,TLT,-4.380159,0.012523369,-4.652301,0.0095396275,N-BEATS(L=90),5,test
2021-05-06,GLD,-4.5209723,0.010878442,-4.6533394,0.009529726,N-BEATS(L=90),5,test
2021-05-06,SPY,-4.0069485,0.018188814,-4.5385976,0.010688386,N-BEATS(L=90),5,test
2021-05-06,TLT,-4.385643,0.012454877,-4.6232886,0.009820447,N-BEATS(L=90),5,test
2021-05-07,GLD,-4.684089,0.009241148,-4.7513404,0.008640107,N-BEATS(L=90),5,test
2021-05-07,SPY,-4.0048313,0.018227363,-4.7701464,0.008479139,N-BEATS(L=90),5,test
2021-05-07,TLT,-4.5549917,0.010514587,-4.8736625,0.007645313,N-BEATS(L=90),5,test
2021-05-10,GLD,-4.6286855,0.00976759,-4.516034,0.010932294,N-BEATS(L=90),5,test
2021-05-10,SPY,-3.9998615,0.018318176,-4.183954,0.015238141,N-BEATS(L=90),5,test
2021-05-10,TLT,-4.7018027,0.009078896,-4.6265216,0.009788749,N-BEATS(L=90),5,test
2021-05-11,GLD,-4.7447996,0.008696805,-4.5870852,0.010182494,N-BEATS(L=90),5,test
2021-05-11,SPY,-4.092604,0.016695699,-4.3951316,0.012337257,N-BEATS(L=90),5,test
2021-05-11,TLT,-4.739392,0.008743962,-4.530551,0.010774738,N-BEATS(L=90),5,test
2021-05-12,GLD,-4.3556666,0.012833881,-4.5187287,0.010902875,N-BEATS(L=90),5,test
2021-05-12,SPY,-4.2630677,0.0140790455,-4.4880095,0.011243002,N-BEATS(L=90),5,test
2021-05-12,TLT,-4.5297813,0.010783033,-4.5534687,0.010530613,N-BEATS(L=90),5,test
2021-05-13,GLD,-4.3152294,0.013363483,-4.539486,0.010678895,N-BEATS(L=90),5,test
2021-05-13,SPY,-4.306353,0.01348263,-4.4423523,0.011768224,N-BEATS(L=90),5,test
2021-05-13,TLT,-4.534779,0.0107292775,-4.3566904,0.012820749,N-BEATS(L=90),5,test
2021-05-14,GLD,-4.223755,0.014643556,-4.5770254,0.0102854455,N-BEATS(L=90),5,test
2021-05-14,SPY,-4.2957635,0.013626164,-4.4915657,0.01120309,N-BEATS(L=90),5,test
2021-05-14,TLT,-4.5466943,0.010602195,-4.6956224,0.009135179,N-BEATS(L=90),5,test
2021-05-17,GLD,-4.262334,0.014089381,-4.466734,0.0114847645,N-BEATS(L=90),5,test
2021-05-17,SPY,-4.3068924,0.01347536,-4.399597,0.012282287,N-BEATS(L=90),5,test
2021-05-17,TLT,-4.5372157,0.010703166,-4.598476,0.010067167,N-BEATS(L=90),5,test
2021-05-18,GLD,-4.239334,0.014417189,-4.3768973,0.012564281,N-BEATS(L=90),5,test
2021-05-18,SPY,-4.3139253,0.013380922,-4.561274,0.010448738,N-BEATS(L=90),5,test
2021-05-18,TLT,-4.5391164,0.010682842,-4.61062,0.00994565,N-BEATS(L=90),5,test
2021-05-19,GLD,-4.48739,0.011249968,-4.537579,0.010699278,N-BEATS(L=90),5,test
2021-05-19,SPY,-4.488015,0.011242937,-4.4454026,0.011732382,N-BEATS(L=90),5,test
2021-05-19,TLT,-4.807219,0.00817055,-4.6176147,0.009876326,N-BEATS(L=90),5,test
2021-05-20,GLD,-4.525949,0.010824437,-4.4692297,0.0114561375,N-BEATS(L=90),5,test
2021-05-20,SPY,-4.664377,0.009425116,-4.583724,0.010216778,N-BEATS(L=90),5,test
2021-05-20,TLT,-4.8152103,0.008105517,-4.4619737,0.011539565,N-BEATS(L=90),5,test
2021-05-21,GLD,-4.6825967,0.00925495,-4.707815,0.009024473,N-BEATS(L=90),5,test
2021-05-21,SPY,-4.8546042,0.0077924165,-4.4252243,0.011971526,N-BEATS(L=90),5,test
2021-05-21,TLT,-4.7270503,0.008852545,-4.516302,0.010929365,N-BEATS(L=90),5,test
2021-05-24,GLD,-4.547176,0.010597089,-4.4932294,0.011184466,N-BEATS(L=90),5,test
2021-05-24,SPY,-4.9057517,0.0074038752,-4.5002513,0.011106205,N-BEATS(L=90),5,test
2021-05-24,TLT,-4.6554418,0.0095097115,-4.499403,0.01111563,N-BEATS(L=90),5,test
2021-05-25,GLD,-4.5949287,0.010102941,-4.549637,0.010571043,N-BEATS(L=90),5,test
2021-05-25,SPY,-4.973251,0.0069206133,-4.4392767,0.011804474,N-BEATS(L=90),5,test
2021-05-25,TLT,-4.6582904,0.00948266,-4.731427,0.008813883,N-BEATS(L=90),5,test
2021-05-26,GLD,-4.6693897,0.009377991,-4.550921,0.010557476,N-BEATS(L=90),5,test
2021-05-26,SPY,-4.744262,0.008701479,-4.4637556,0.011519021,N-BEATS(L=90),5,test
2021-05-26,TLT,-4.7715297,0.008467418,-4.677444,0.009302761,N-BEATS(L=90),5,test
2021-05-27,GLD,-4.6896067,0.0091903005,-4.3802915,0.012521708,N-BEATS(L=90),5,test
2021-05-27,SPY,-4.5644875,0.010415216,-4.3366895,0.013079758,N-BEATS(L=90),5,test
2021-05-27,TLT,-4.779352,0.0084014395,-4.506887,0.011032752,N-BEATS(L=90),5,test
2021-05-28,GLD,-4.6696367,0.009375675,-4.33964,0.013041221,N-BEATS(L=90),5,test
2021-05-28,SPY,-4.552579,0.010539987,-4.2553487,0.0141881425,N-BEATS(L=90),5,test
2021-05-28,TLT,-4.9449096,0.0071195583,-4.5171685,0.0109199,N-BEATS(L=90),5,test
2021-06-01,GLD,-4.7478833,0.008670027,-4.292571,0.013669734,N-BEATS(L=90),5,test
2021-06-01,SPY,-4.529082,0.010790579,-4.1884046,0.015170469,N-BEATS(L=90),5,test
2021-06-01,TLT,-5.18809,0.0055826604,-4.5560293,0.010503683,N-BEATS(L=90),5,test
2021-06-02,GLD,-4.706345,0.00903775,-4.266796,0.014026651,N-BEATS(L=90),5,test
2021-06-02,SPY,-4.5561004,0.010502936,-4.3258715,0.013222023,N-BEATS(L=90),5,test
2021-06-02,TLT,-4.9989295,0.006745164,-4.5107174,0.010990573,N-BEATS(L=90),5,test
2021-06-03,GLD,-4.717237,0.0089398455,-4.4447346,0.011740222,N-BEATS(L=90),5,test
2021-06-03,SPY,-4.613213,0.009919894,-4.226252,0.014607034,N-BEATS(L=90),5,test
2021-06-03,TLT,-4.776492,0.008425503,-4.6779957,0.009297631,N-BEATS(L=90),5,test
2021-06-04,GLD,-4.6967034,0.00912531,-4.424268,0.011982982,N-BEATS(L=90),5,test
2021-06-04,SPY,-4.812564,0.008126996,-4.3751493,0.012586264,N-BEATS(L=90),5,test
2021-06-04,TLT,-4.801111,0.008220607,-4.467522,0.011475716,N-BEATS(L=90),5,test
2021-06-07,GLD,-4.554725,0.01051739,-4.3620234,0.012752559,N-BEATS(L=90),5,test
2021-06-07,SPY,-4.7684717,0.008493351,-4.16268,0.015565784,N-BEATS(L=90),5,test
2021-06-07,TLT,-4.724952,0.008871138,-4.4168243,0.01207251,N-BEATS(L=90),5,test
2021-06-08,GLD,-4.5006223,0.011102086,-4.6077876,0.00997386,N-BEATS(L=90),5,test
2021-06-08,SPY,-4.873338,0.007647793,-4.4008155,0.012267332,N-BEATS(L=90),5,test
2021-06-08,TLT,-4.70077,0.009088277,-4.598846,0.010063442,N-BEATS(L=90),5,test
2021-06-09,GLD,-4.245802,0.014324242,-4.8013673,0.008218503,N-BEATS(L=90),5,test
2021-06-09,SPY,-4.562341,0.010437594,-4.496406,0.011148993,N-BEATS(L=90),5,test
2021-06-09,TLT,-4.5489817,0.010577971,-4.511961,0.010976913,N-BEATS(L=90),5,test
2021-06-10,GLD,-4.1367636,0.015974468,-4.797772,0.008248104,N-BEATS(L=90),5,test
2021-06-10,SPY,-4.5067725,0.011034015,-4.5532527,0.010532889,N-BEATS(L=90),5,test
2021-06-10,TLT,-4.0280337,0.017809313,-4.4374375,0.011826204,N-BEATS(L=90),5,test
2021-06-11,GLD,-4.0868626,0.016791834,-4.712533,0.008981997,N-BEATS(L=90),5,test
2021-06-11,SPY,-4.4651737,0.011502697,-4.5685077,0.010373428,N-BEATS(L=90),5,test
2021-06-11,TLT,-3.9669945,0.018930241,-4.284566,0.013779602,N-BEATS(L=90),5,test
2021-06-14,GLD,-4.120993,0.016228389,-4.752591,0.008629306,N-BEATS(L=90),5,test
2021-06-14,SPY,-4.3754926,0.0125819435,-4.4275746,0.011943421,N-BEATS(L=90),5,test
2021-06-14,TLT,-3.9465563,0.019321123,-4.822052,0.008050251,N-BEATS(L=90),5,test
2021-06-15,GLD,-4.159656,0.015612927,-4.6729274,0.009344873,N-BEATS(L=90),5,test
2021-06-15,SPY,-4.305688,0.013491602,-4.5394177,0.010679623,N-BEATS(L=90),5,test
2021-06-15,TLT,-3.932633,0.01959202,-4.662296,0.009444754,N-BEATS(L=90),5,test
2021-06-16,GLD,-4.2253675,0.01461996,-4.55888,0.010473785,N-BEATS(L=90),5,test
2021-06-16,SPY,-4.4629235,0.011528609,-4.522561,0.010861171,N-BEATS(L=90),5,test
2021-06-16,TLT,-3.9798908,0.01868768,-4.632551,0.009729904,N-BEATS(L=90),5,test
2021-06-17,GLD,-4.3666964,0.012693105,-4.604565,0.010006052,N-BEATS(L=90),5,test
2021-06-17,SPY,-4.621357,0.009839435,-4.662851,0.009439513,N-BEATS(L=90),5,test
2021-06-17,TLT,-4.5145893,0.0109481,-4.74799,0.008669102,N-BEATS(L=90),5,test
2021-06-18,GLD,-4.4482985,0.011698456,-4.6703935,0.009368583,N-BEATS(L=90),5,test
2021-06-18,SPY,-4.689328,0.00919286,-4.598064,0.010071316,N-BEATS(L=90),5,test
2021-06-18,TLT,-4.4267416,0.011953375,-4.8125143,0.008127399,N-BEATS(L=90),5,test
2021-06-21,GLD,-4.5227466,0.010859157,-4.389738,0.012403978,N-BEATS(L=90),5,test
2021-06-21,SPY,-4.9133797,0.007347614,-4.7601447,0.00856437,N-BEATS(L=90),5,test
2021-06-21,TLT,-4.466117,0.011491854,-4.783538,0.008366347,N-BEATS(L=90),5,test
2021-06-22,GLD,-4.4761276,0.011377386,-4.425016,0.011974021,N-BEATS(L=90),5,test
2021-06-22,SPY,-5.251603,0.005239113,-5.1229486,0.0059584277,N-BEATS(L=90),5,test
2021-06-22,TLT,-4.5240803,0.010844684,-4.90059,0.0074421912,N-BEATS(L=90),5,test
2021-06-23,GLD,-4.571061,0.010346974,-4.5300913,0.010779692,N-BEATS(L=90),5,test
2021-06-23,SPY,-5.2590237,0.0052003795,-4.9581757,0.0070257336,N-BEATS(L=90),5,test
2021-06-23,TLT,-4.5124426,0.010971628,-4.6574206,0.009490911,N-BEATS(L=90),5,test
2021-06-24,GLD,-4.494619,0.011168936,-4.3634257,0.012734687,N-BEATS(L=90),5,test
2021-06-24,SPY,-5.234096,0.005331642,-5.0400558,0.0064733876,N-BEATS(L=90),5,test
2021-06-24,TLT,-4.4870996,0.011253235,-4.5726542,0.010330504,N-BEATS(L=90),5,test
2021-06-25,GLD,-4.4421144,0.011771024,-4.480814,0.0113241915,N-BEATS(L=90),5,test
2021-06-25,SPY,-4.9660273,0.006970786,-4.9725432,0.0069255126,N-BEATS(L=90),5,test
2021-06-25,TLT,-4.8342767,0.007952439,-4.642353,0.009635,N-BEATS(L=90),5,test
2021-06-28,GLD,-4.274822,0.013914522,-4.441884,0.011773735,N-BEATS(L=90),5,test
2021-06-28,SPY,-4.706485,0.009036487,-4.770263,0.008478149,N-BEATS(L=90),5,test
2021-06-28,TLT,-4.8344054,0.007951414,-4.507557,0.011025364,N-BEATS(L=90),5,test
2021-06-29,GLD,-4.294167,0.013647935,-4.7810545,0.00838715,N-BEATS(L=90),5,test
2021-06-29,SPY,-4.590489,0.010147896,-4.790737,0.008306332,N-BEATS(L=90),5,test
2021-06-29,TLT,-4.625001,0.009803645,-4.505885,0.01104381,N-BEATS(L=90),5,test
2021-06-30,GLD,-4.283301,0.013797045,-4.5933385,0.01011902,N-BEATS(L=90),5,test
2021-06-30,SPY,-4.451586,0.011660062,-4.693039,0.009158811,N-BEATS(L=90),5,test
2021-06-30,TLT,-4.540413,0.010669,-4.4750957,0.011389132,N-BEATS(L=90),5,test
2021-07-01,GLD,-4.33122,0.013151491,-4.7441955,0.00870206,N-BEATS(L=90),5,test
2021-07-01,SPY,-4.3001842,0.013566059,-4.5313034,0.010766634,N-BEATS(L=90),5,test
2021-07-01,TLT,-4.587761,0.0101756165,-4.48467,0.011280607,N-BEATS(L=90),5,test
2021-07-02,GLD,-4.307646,0.013465212,-4.6223326,0.009829841,N-BEATS(L=90),5,test
2021-07-02,SPY,-4.3464227,0.012953067,-4.550877,0.01055794,N-BEATS(L=90),5,test
2021-07-02,TLT,-4.553082,0.010534687,-4.2783523,0.01386549,N-BEATS(L=90),5,test
2021-07-06,GLD,-4.4506717,0.011670725,-4.2703414,0.013977011,N-BEATS(L=90),5,test
2021-07-06,SPY,-4.4286623,0.011930439,-4.5707083,0.010350626,N-BEATS(L=90),5,test
2021-07-06,TLT,-4.184034,0.01523692,-4.4552646,0.011617246,N-BEATS(L=90),5,test
2021-07-07,GLD,-4.4859767,0.011265879,-4.46847,0.011464843,N-BEATS(L=90),5,test
2021-07-07,SPY,-4.4493814,0.011685794,-4.691521,0.009172723,N-BEATS(L=90),5,test
2021-07-07,TLT,-4.2331204,0.014507052,-4.3621707,0.01275068,N-BEATS(L=90),5,test
2021-07-08,GLD,-4.63564,0.009699896,-4.170136,0.015450159,N-BEATS(L=90),5,test
2021-07-08,SPY,-4.517943,0.010911446,-4.409878,0.012156664,N-BEATS(L=90),5,test
2021-07-08,TLT,-4.196394,0.015049749,-4.2172456,0.0147391865,N-BEATS(L=90),5,test
2021-07-09,GLD,-4.5691333,0.010366941,-4.414714,0.012098015,N-BEATS(L=90),5,test
2021-07-09,SPY,-4.64253,0.009633295,-4.5483923,0.010584207,N-BEATS(L=90),5,test
2021-07-09,TLT,-4.1818533,0.015270181,-4.3990283,0.012289275,N-BEATS(L=90),5,test
2021-07-12,GLD,-4.680871,0.009270935,-4.5019255,0.011087627,N-BEATS(L=90),5,test
2021-07-12,SPY,-4.01582,0.018028164,-4.66952,0.00937677,N-BEATS(L=90),5,test
2021-07-12,TLT,-4.144197,0.015856164,-4.6177154,0.009875332,N-BEATS(L=90),5,test
2021-07-13,GLD,-4.534569,0.010731534,-4.43802,0.011819315,N-BEATS(L=90),5,test
2021-07-13,SPY,-3.9058852,0.020123133,-4.518924,0.010900744,N-BEATS(L=90),5,test
2021-07-13,TLT,-4.274945,0.0139128165,-4.542587,0.010645832,N-BEATS(L=90),5,test
2021-07-14,GLD,-4.531077,0.010769073,-4.56376,0.010422798,N-BEATS(L=90),5,test
2021-07-14,SPY,-3.899465,0.020252742,-4.5781746,0.010273633,N-BEATS(L=90),5,test
2021-07-14,TLT,-4.1373253,0.015965497,-4.339888,0.013037987,N-BEATS(L=90),5,test
2021-07-15,GLD,-4.521644,0.010871136,-4.5914993,0.010137647,N-BEATS(L=90),5,test
2021-07-15,SPY,-3.9131765,0.019976942,-4.6051407,0.010000295,N-BEATS(L=90),5,test
2021-07-15,TLT,-4.1696424,0.015457786,-4.5879216,0.010173982,N-BEATS(L=90),5,test
2021-07-16,GLD,-4.5772715,0.010282915,-4.447562,0.011707071,N-BEATS(L=90),5,test
2021-07-16,SPY,-3.9197679,0.019845702,-4.5211034,0.010877016,N-BEATS(L=90),5,test
2021-07-16,TLT,-4.1747828,0.015378532,-4.559746,0.010464719,N-BEATS(L=90),5,test
2021-07-19,GLD,-4.6252737,0.009800972,-4.391203,0.012385821,N-BEATS(L=90),5,test
2021-07-19,SPY,-4.3875585,0.012431043,-4.492353,0.011194273,N-BEATS(L=90),5,test
2021-07-19,TLT,-4.214681,0.014777033,-4.5155034,0.010938098,N-BEATS(L=90),5,test
2021-07-20,GLD,-4.8026457,0.008208003,-4.505789,0.011044875,N-BEATS(L=90),5,test
2021-07-20,SPY,-4.6166816,0.009885546,-4.4790497,0.011344189,N-BEATS(L=90),5,test
2021-07-20,TLT,-4.4176774,0.012062215,-4.6465273,0.009594864,N-BEATS(L=90),5,test
2021-07-21,GLD,-4.652414,0.00953855,-4.289916,0.013706076,N-BEATS(L=90),5,test
2021-07-21,SPY,-4.6403904,0.009653928,-4.507179,0.011029533,N-BEATS(L=90),5,test
2021-07-21,TLT,-4.6244507,0.009809041,-4.578885,0.010266336,N-BEATS(L=90),5,test
2021-07-22,GLD,-4.6993513,0.009101179,-4.312021,0.01340643,N-BEATS(L=90),5,test
2021-07-22,SPY,-4.645941,0.009600493,-4.7065864,0.00903557,N-BEATS(L=90),5,test
2021-07-22,TLT,-4.772187,0.008461852,-4.381075,0.0125119025,N-BEATS(L=90),5,test
2021-07-23,GLD,-4.597282,0.010079195,-4.3818784,0.0125018535,N-BEATS(L=90),5,test
2021-07-23,SPY,-4.687728,0.009207583,-4.728294,0.0088415425,N-BEATS(L=90),5,test
2021-07-23,TLT,-4.778127,0.008411738,-4.1234126,0.016189173,N-BEATS(L=90),5,test
2021-07-26,GLD,-4.5355005,0.010721539,-4.4411135,0.011782811,N-BEATS(L=90),5,test
2021-07-26,SPY,-4.589156,0.01016143,-4.6771984,0.009305046,N-BEATS(L=90),5,test
2021-07-26,TLT,-4.5047216,0.011056667,-4.3761506,0.012573667,N-BEATS(L=90),5,test
2021-07-27,GLD,-4.5770416,0.010285279,-4.6222043,0.009831102,N-BEATS(L=90),5,test
2021-07-27,SPY,-4.5171447,0.0109201595,-4.5685835,0.010372642,N-BEATS(L=90),5,test
2021-07-27,TLT,-4.480033,0.01133304,-4.6011224,0.01004056,N-BEATS(L=90),5,test
2021-07-28,GLD,-4.4694257,0.011453892,-4.5599427,0.0104626585,N-BEATS(L=90),5,test
2021-07-28,SPY,-4.5531793,0.010533662,-4.466514,0.011487289,N-BEATS(L=90),5,test
2021-07-28,TLT,-4.272051,0.013953138,-4.604458,0.010007126,N-BEATS(L=90),5,test
2021-07-29,GLD,-4.418582,0.012051309,-4.502629,0.011079832,N-BEATS(L=90),5,test
2021-07-29,SPY,-4.5694113,0.010364059,-4.565131,0.010408513,N-BEATS(L=90),5,test
2021-07-29,TLT,-4.261341,0.014103375,-4.6059556,0.009992149,N-BEATS(L=90),5,test
2021-07-30,GLD,-4.490496,0.011215078,-4.564878,0.01041115,N-BEATS(L=90),5,test
2021-07-30,SPY,-4.617586,0.009876608,-4.439846,0.011797755,N-BEATS(L=90),5,test
2021-07-30,TLT,-4.227822,0.014584123,-4.6863527,0.009220254,N-BEATS(L=90),5,test
2021-08-02,GLD,-4.3765674,0.012568427,-4.4811826,0.011320018,N-BEATS(L=90),5,test
2021-08-02,SPY,-4.702678,0.009070951,-4.205578,0.014912167,N-BEATS(L=90),5,test
2021-08-02,TLT,-4.3363786,0.013083825,-4.7145524,0.008963877,N-BEATS(L=90),5,test
2021-08-03,GLD,-4.288314,0.013728053,-4.4004025,0.012272399,N-BEATS(L=90),5,test
2021-08-03,SPY,-5.1529484,0.005782331,-4.3957295,0.012329882,N-BEATS(L=90),5,test
2021-08-03,TLT,-4.3574157,0.012811454,-4.452126,0.011653764,N-BEATS(L=90),5,test
2021-08-04,GLD,-4.369933,0.012652087,-4.5536237,0.010528982,N-BEATS(L=90),5,test
2021-08-04,SPY,-5.3188133,0.0048985635,-4.273161,0.013937658,N-BEATS(L=90),5,test
2021-08-04,TLT,-4.496991,0.011142472,-4.4834566,0.011294305,N-BEATS(L=90),5,test
2021-08-05,GLD,-4.3700933,0.01265006,-4.572257,0.010334608,N-BEATS(L=90),5,test
2021-08-05,SPY,-5.1823053,0.0056150467,-4.419296,0.01204271,N-BEATS(L=90),5,test
2021-08-05,TLT,-4.4634466,0.011522581,-4.1574454,0.01564748,N-BEATS(L=90),5,test
2021-08-06,GLD,-4.357761,0.012807032,-4.5589385,0.01047317,N-BEATS(L=90),5,test
2021-08-06,SPY,-5.2037764,0.0054957713,-4.582938,0.01022481,N-BEATS(L=90),5,test
2021-08-06,TLT,-4.475269,0.01138716,-4.5274954,0.010807712,N-BEATS(L=90),5,test
2021-08-09,GLD,-4.521118,0.010876855,-4.62533,0.009800421,N-BEATS(L=90),5,test
2021-08-09,SPY,-4.8727474,0.007652312,-4.715389,0.008956383,N-BEATS(L=90),5,test
2021-08-09,TLT,-4.4551096,0.011619046,-4.3876657,0.01242971,N-BEATS(L=90),5,test
2021-08-10,GLD,-4.584249,0.010211416,-4.5691414,0.010366857,N-BEATS(L=90),5,test
2021-08-10,SPY,-4.6290536,0.009763995,-4.6280093,0.009774197,N-BEATS(L=90),5,test
2021-08-10,TLT,-4.43363,0.011871318,-4.505705,0.011045801,N-BEATS(L=90),5,test
2021-08-11,GLD,-4.6005855,0.010045952,-4.5687943,0.010370457,N-BEATS(L=90),5,test
2021-08-11,SPY,-4.4143867,0.012101973,-4.785635,0.008348821,N-BEATS(L=90),5,test
2021-08-11,TLT,-4.5880194,0.010172987,-4.4549246,0.011621196,N-BEATS(L=90),5,test
2021-08-12,GLD,-4.6309476,0.00974552,-4.2765493,0.013890511,N-BEATS(L=90),5,test
2021-08-12,SPY,-4.3305283,0.013160594,-4.7683563,0.008494331,N-BEATS(L=90),5,test
2021-08-12,TLT,-4.663527,0.009433133,-4.568653,0.010371921,N-BEATS(L=90),5,test
2021-08-13,GLD,-4.6731963,0.00934236,-4.348801,0.012922295,N-BEATS(L=90),5,test
2021-08-13,SPY,-4.2760983,0.013896778,-4.6303253,0.009751586,N-BEATS(L=90),5,test
2021-08-13,TLT,-4.7046037,0.009053501,-4.4156365,0.012086858,N-BEATS(L=90),5,test
2021-08-16,GLD,-4.631203,0.009743029,-4.5274267,0.010808454,N-BEATS(L=90),5,test
2021-08-16,SPY,-4.237879,0.014438186,-4.803984,0.0081970235,N-BEATS(L=90),5,test
2021-08-16,TLT,-4.886898,0.00754479,-4.4636106,0.011520691,N-BEATS(L=90),5,test
2021-08-17,GLD,-4.718985,0.008924231,-4.407091,0.012190588,N-BEATS(L=90),5,test
2021-08-17,SPY,-4.3439655,0.012984934,-4.5046763,0.011057168,N-BEATS(L=90),5,test
2021-08-17,TLT,-4.927466,0.007244839,-4.433144,0.011877088,N-BEATS(L=90),5,test
2021-08-18,GLD,-4.752171,0.008632933,-4.3931737,0.012361435,N-BEATS(L=90),5,test
2021-08-18,SPY,-4.5161242,0.010931308,-4.585153,0.010202188,N-BEATS(L=90),5,test
2021-08-18,TLT,-4.687011,0.009214188,-4.663443,0.009433924,N-BEATS(L=90),5,test
2021-08-19,GLD,-4.6686425,0.009385001,-4.3305616,0.013160154,N-BEATS(L=90),5,test
2021-08-19,SPY,-4.6719966,0.009353575,-4.561214,0.010449366,N-BEATS(L=90),5,test
2021-08-19,TLT,-4.6180997,0.009871537,-4.5009413,0.011098545,N-BEATS(L=90),5,test
2021-08-20,GLD,-4.313878,0.013381555,-4.409847,0.012157041,N-BEATS(L=90),5,test
2021-08-20,SPY,-4.722641,0.008891664,-4.3611474,0.012763734,N-BEATS(L=90),5,test
2021-08-20,TLT,-4.58935,0.010159458,-4.364954,0.01271524,N-BEATS(L=90),5,test
2021-08-23,GLD,-4.3346725,0.013106166,-4.4384704,0.011813995,N-BEATS(L=90),5,test
2021-08-23,SPY,-5.0567164,0.00636643,-4.718811,0.008925784,N-BEATS(L=90),5,test
2021-08-23,TLT,-4.5802774,0.010252052,-4.5554667,0.010509594,N-BEATS(L=90),5,test
2021-08-24,GLD,-4.2975874,0.013601334,-4.4553833,0.011615867,N-BEATS(L=90),5,test
2021-08-24,SPY,-5.0291176,0.006544583,-4.899534,0.0074500525,N-BEATS(L=90),5,test
2021-08-24,TLT,-4.438248,0.011816621,-4.56642,0.010395107,N-BEATS(L=90),5,test
2021-08-25,GLD,-4.328727,0.013184324,-4.708364,0.009019521,N-BEATS(L=90),5,test
2021-08-25,SPY,-5.0431876,0.0064531453,-4.920575,0.0072949342,N-BEATS(L=90),5,test
2021-08-25,TLT,-4.572999,0.010326942,-4.3538647,0.012857028,N-BEATS(L=90),5,test
2021-08-26,GLD,-4.391152,0.012386453,-4.4397817,0.011798514,N-BEATS(L=90),5,test
2021-08-26,SPY,-5.001923,0.0067250016,-4.7344546,0.00878724,N-BEATS(L=90),5,test
2021-08-26,TLT,-4.6158357,0.009893912,-4.5913363,0.0101393005,N-BEATS(L=90),5,test
2021-08-27,GLD,-4.70266,0.009071115,-4.6056814,0.009994889,N-BEATS(L=90),5,test
2021-08-27,SPY,-5.059363,0.0063496036,-4.855687,0.007783983,N-BEATS(L=90),5,test
2021-08-27,TLT,-4.665811,0.009411612,-4.5665064,0.01039421,N-BEATS(L=90),5,test
2021-08-30,GLD,-4.5643764,0.010416374,-4.3674455,0.0126836,N-BEATS(L=90),5,test
2021-08-30,SPY,-5.0991845,0.0061017205,-4.9093246,0.007377469,N-BEATS(L=90),5,test
2021-08-30,TLT,-4.628453,0.009769863,-4.5347686,0.01072939,N-BEATS(L=90),5,test
2021-08-31,GLD,-4.5390525,0.010683524,-4.4461017,0.011724182,N-BEATS(L=90),5,test
2021-08-31,SPY,-4.939115,0.0071609328,-4.639492,0.009662605,N-BEATS(L=90),5,test
2021-08-31,TLT,-4.8256984,0.0080209505,-4.458549,0.011579152,N-BEATS(L=90),5,test
2021-09-01,GLD,-4.4375834,0.011824478,-4.469415,0.011454012,N-BEATS(L=90),5,test
2021-09-01,SPY,-4.7341013,0.008790345,-4.569673,0.010361346,N-BEATS(L=90),5,test
2021-09-01,TLT,-4.6019545,0.010032209,-4.440558,0.011789359,N-BEATS(L=90),5,test
2021-09-02,GLD,-4.440043,0.011795431,-4.4964585,0.011148408,N-BEATS(L=90),5,test
2021-09-02,SPY,-4.6010556,0.01004123,-4.624148,0.009812012,N-BEATS(L=90),5,test
2021-09-02,TLT,-4.5735645,0.010321104,-4.536258,0.010713419,N-BEATS(L=90),5,test
2021-09-03,GLD,-4.517083,0.010920832,-4.5708966,0.010348677,N-BEATS(L=90),5,test
2021-09-03,SPY,-4.428474,0.011932686,-4.7682886,0.008494906,N-BEATS(L=90),5,test
2021-09-03,TLT,-4.5824523,0.010229779,-4.192325,0.015111109,N-BEATS(L=90),5,test
2021-09-07,GLD,-4.476062,0.011378135,-4.773288,0.008452544,N-BEATS(L=90),5,test
2021-09-07,SPY,-4.338317,0.013058488,-4.8381157,0.007921968,N-BEATS(L=90),5,test
2021-09-07,TLT,-4.4217377,0.0120133385,-4.550734,0.010559451,N-BEATS(L=90),5,test
2021-09-08,GLD,-4.529856,0.010782226,-4.5761743,0.010294204,N-BEATS(L=90),5,test
2021-09-08,SPY,-4.2775884,0.013876086,-4.6978264,0.009115068,N-BEATS(L=90),5,test
2021-09-08,TLT,-4.361977,0.012753149,-4.5459604,0.010609978,N-BEATS(L=90),5,test
2021-09-09,GLD,-4.582696,0.010227286,-4.552247,0.010543486,N-BEATS(L=90),5,test
2021-09-09,SPY,-4.236681,0.014455491,-5.076524,0.0062415684,N-BEATS(L=90),5,test
2021-09-09,TLT,-4.4747,0.01139364,-4.477379,0.011363159,N-BEATS(L=90),5,test
2021-09-10,GLD,-4.556084,0.010503107,-4.288159,0.01373018,N-BEATS(L=90),5,test
2021-09-10,SPY,-4.2634335,0.014073897,-4.496217,0.011151104,N-BEATS(L=90),5,test
2021-09-10,TLT,-4.510221,0.01099603,-4.432716,0.011882175,N-BEATS(L=90),5,test
2021-09-13,GLD,-4.511911,0.010977463,-4.516462,0.0109276185,N-BEATS(L=90),5,test
2021-09-13,SPY,-4.0473924,0.017467866,-4.559508,0.010467209,N-BEATS(L=90),5,test
2021-09-13,TLT,-4.4345374,0.011860551,-4.7048454,0.009051314,N-BEATS(L=90),5,test
2021-09-14,GLD,-4.613172,0.009920301,-4.3401093,0.013035103,N-BEATS(L=90),5,test
2021-09-14,SPY,-4.032986,0.017721333,-4.7319465,0.008809308,N-BEATS(L=90),5,test
2021-09-14,TLT,-4.61507,0.009901492,-4.456382,0.011604274,N-BEATS(L=90),5,test
2021-09-15,GLD,-4.359925,0.0127793485,-4.43128,0.011899247,N-BEATS(L=90),5,test
2021-09-15,SPY,-3.9520366,0.019215528,-4.5743017,0.010313499,N-BEATS(L=90),5,test
2021-09-15,TLT,-4.661293,0.00945423,-4.6617765,0.00944966,N-BEATS(L=90),5,test
2021-09-16,GLD,-4.4060764,0.012202963,-4.7130857,0.008977035,N-BEATS(L=90),5,test
2021-09-16,SPY,-3.9489236,0.019275438,-4.592993,0.010122518,N-BEATS(L=90),5,test
2021-09-16,TLT,-4.623293,0.009820405,-4.469061,0.011458071,N-BEATS(L=90),5,test
2021-09-17,GLD,-4.3648763,0.012716228,-4.5479693,0.010588684,N-BEATS(L=90),5,test
2021-09-17,SPY,-3.9561257,0.019137112,-4.529794,0.010782895,N-BEATS(L=90),5,test
2021-09-17,TLT,-4.6069336,0.009982381,-4.42885,0.011928197,N-BEATS(L=90),5,test
2021-09-20,GLD,-4.3907833,0.01239102,-4.474079,0.011400715,N-BEATS(L=90),5,test
2021-09-20,SPY,-4.2085433,0.014868011,-4.7108965,0.008996708,N-BEATS(L=90),5,test
2021-09-20,TLT,-4.6274137,0.00978002,-4.4939094,0.011176864,N-BEATS(L=90),5,test
2021-09-21,GLD,-4.414237,0.012103786,-4.5889425,0.010163601,N-BEATS(L=90),5,test
2021-09-21,SPY,-4.1746454,0.015380644,-4.398775,0.012292388,N-BEATS(L=90),5,test
2021-09-21,TLT,-4.4684076,0.011465559,-4.5500765,0.010566397,N-BEATS(L=90),5,test
2021-09-22,GLD,-4.547185,0.010596993,-4.719407,0.0089204665,N-BEATS(L=90),5,test
2021-09-22,SPY,-4.3529863,0.012868326,-4.844768,0.007869443,N-BEATS(L=90),5,test
2021-09-22,TLT,-4.319792,0.013302653,-4.4998035,0.011111179,N-BEATS(L=90),5,test
2021-09-23,GLD,-4.27595,0.013898839,-4.467903,0.011471344,N-BEATS(L=90),5,test
2021-09-23,SPY,-4.287562,0.01373838,-4.805795,0.008182192,N-BEATS(L=90),5,test
2021-09-23,TLT,-4.346998,0.012945614,-4.4475336,0.0117074065,N-BEATS(L=90),5,test
2021-09-24,GLD,-4.2990565,0.013581366,-4.592491,0.0101275975,N-BEATS(L=90),5,test
2021-09-24,SPY,-3.970052,0.018872451,-4.6791615,0.009286798,N-BEATS(L=90),5,test
2021-09-24,TLT,-4.299393,0.013576795,-4.5160546,0.01093207,N-BEATS(L=90),5,test
2021-09-27,GLD,-4.231789,0.014526378,-4.558578,0.010476947,N-BEATS(L=90),5,test
2021-09-27,SPY,-3.8410907,0.021470172,-4.6346736,0.009709275,N-BEATS(L=90),5,test
2021-09-27,TLT,-4.2449245,0.014336815,-4.636337,0.00969314,N-BEATS(L=90),5,test
2021-09-28,GLD,-4.203062,0.01494973,-4.615163,0.009900571,N-BEATS(L=90),5,test
2021-09-28,SPY,-3.817335,0.021986319,-4.345171,0.012969291,N-BEATS(L=90),5,test
2021-09-28,TLT,-4.324724,0.013237201,-4.2641644,0.0140636135,N-BEATS(L=90),5,test
2021-09-29,GLD,-4.2962127,0.013620045,-4.4348717,0.011856588,N-BEATS(L=90),5,test
2021-09-29,SPY,-3.7559705,0.023377752,-4.2289615,0.014567511,N-BEATS(L=90),5,test
2021-09-29,TLT,-4.523939,0.010846214,-4.411206,0.012140531,N-BEATS(L=90),5,test
2021-09-30,GLD,-4.56726,0.010386381,-4.3782644,0.012547116,N-BEATS(L=90),5,test
2021-09-30,SPY,-3.795535,0.022470878,-4.2100215,0.014846049,N-BEATS(L=90),5,test
2021-09-30,TLT,-4.5455174,0.010614679,-4.1960797,0.015054479,N-BEATS(L=90),5,test
2021-10-01,GLD,-4.5076284,0.011024575,-4.378113,0.0125490185,N-BEATS(L=90),5,test
2021-10-01,SPY,-4.0041113,0.018240493,-4.2517285,0.014239599,N-BEATS(L=90),5,test
2021-10-01,TLT,-4.621211,0.009840871,-4.405914,0.012204948,N-BEATS(L=90),5,test
2021-10-04,GLD,-4.656266,0.009501874,-4.4695525,0.011452439,N-BEATS(L=90),5,test
2021-10-04,SPY,-4.0781655,0.01693851,-3.8439379,0.021409128,N-BEATS(L=90),5,test
2021-10-04,TLT,-4.865495,0.0077080103,-4.3278947,0.013195299,N-BEATS(L=90),5,test
2021-10-05,GLD,-4.684129,0.009240777,-4.5870523,0.01018283,N-BEATS(L=90),5,test
2021-10-05,SPY,-4.1997375,0.014999513,-3.7124982,0.02441645,N-BEATS(L=90),5,test
2021-10-05,TLT,-4.809228,0.008154153,-4.335129,0.013100187,N-BEATS(L=90),5,test
2021-10-06,GLD,-4.4725494,0.011418168,-4.528267,0.010799376,N-BEATS(L=90),5,test
2021-10-06,SPY,-4.2849193,0.013774734,-3.857421,0.021122405,N-BEATS(L=90),5,test
2021-10-06,TLT,-4.803945,0.008197344,-4.3996434,0.012281719,N-BEATS(L=90),5,test
2021-10-07,GLD,-4.5135136,0.010959884,-4.6485863,0.009575129,N-BEATS(L=90),5,test
2021-10-07,SPY,-4.3162427,0.013349949,-4.090476,0.016731268,N-BEATS(L=90),5,test
2021-10-07,TLT,-4.751547,0.008638322,-4.433381,0.011874273,N-BEATS(L=90),5,test
2021-10-08,GLD,-4.58286,0.010225609,-4.644011,0.009619038,N-BEATS(L=90),5,test
2021-10-08,SPY,-4.3283043,0.013189895,-4.2907667,0.013694421,N-BEATS(L=90),5,test
2021-10-08,TLT,-4.773719,0.008448902,-4.6248617,0.009805011,N-BEATS(L=90),5,test
2021-10-11,GLD,-4.5852895,0.010200797,-4.6579294,0.009486084,N-BEATS(L=90),5,test
2021-10-11,SPY,-4.476881,0.011368817,-4.2133584,0.014796592,N-BEATS(L=90),5,test
2021-10-11,TLT,-4.5613904,0.010447523,-4.6051226,0.010000477,N-BEATS(L=90),5,test
2021-10-12,GLD,-4.6258655,0.009795174,-4.565381,0.010405913,N-BEATS(L=90),5,test
2021-10-12,SPY,-4.523569,0.010850229,-4.2138815,0.014788854,N-BEATS(L=90),5,test
2021-10-12,TLT,-4.6291213,0.009763334,-4.82832,0.00799995,N-BEATS(L=90),5,test
2021-10-13,GLD,-4.8339605,0.007954953,-4.6213217,0.0098397825,N-BEATS(L=90),5,test
2021-10-13,SPY,-4.795972,0.008262964,-4.234577,0.014485934,N-BEATS(L=90),5,test
2021-10-13,TLT,-4.548556,0.010582476,-4.7365355,0.008768973,N-BEATS(L=90),5,test
2021-10-14,GLD,-4.7983065,0.008243696,-4.4918976,0.011199372,N-BEATS(L=90),5,test
2021-10-14,SPY,-4.878243,0.007610374,-4.2696576,0.013986571,N-BEATS(L=90),5,test
2021-10-14,TLT,-4.5587187,0.010475473,-4.5780034,0.010275392,N-BEATS(L=90),5,test
2021-10-15,GLD,-4.2980475,0.013595077,-4.7675934,0.0085008135,N-BEATS(L=90),5,test
2021-10-15,SPY,-4.714058,0.008968311,-4.084395,0.016833322,N-BEATS(L=90),5,test
2021-10-15,TLT,-4.495014,0.011164522,-4.5047035,0.011056867,N-BEATS(L=90),5,test
2021-10-18,GLD,-4.2993674,0.013577145,-4.6208296,0.009844625,N-BEATS(L=90),5,test
2021-10-18,SPY,-4.708729,0.009016232,-4.3437037,0.012988334,N-BEATS(L=90),5,test
2021-10-18,TLT,-4.6484284,0.00957664,-4.8079724,0.0081643965,N-BEATS(L=90),5,test
2021-10-19,GLD,-4.264106,0.014064438,-4.7392187,0.008745477,N-BEATS(L=90),5,test
2021-10-19,SPY,-4.6583557,0.009482041,-4.50157,0.011091567,N-BEATS(L=90),5,test
2021-10-19,TLT,-4.510332,0.010994808,-4.598804,0.010063865,N-BEATS(L=90),5,test
2021-10-20,GLD,-4.236026,0.014464964,-4.481094,0.011321022,N-BEATS(L=90),5,test
2021-10-20,SPY,-4.6038575,0.010013135,-4.461009,0.011550702,N-BEATS(L=90),5,test
2021-10-20,TLT,-4.3181186,0.013324929,-4.572411,0.0103330165,N-BEATS(L=90),5,test
2021-10-21,GLD,-4.164128,0.015543265,-4.542536,0.010646376,N-BEATS(L=90),5,test
2021-10-21,SPY,-4.621901,0.009834084,-4.585543,0.010198209,N-BEATS(L=90),5,test
2021-10-21,TLT,-4.24374,0.014353807,-4.6515756,0.009546549,N-BEATS(L=90),5,test
2021-10-22,GLD,-4.4872026,0.011252075,-4.57227,0.010334475,N-BEATS(L=90),5,test
2021-10-22,SPY,-4.705055,0.009049415,-4.692073,0.009167663,N-BEATS(L=90),5,test
2021-10-22,TLT,-4.213176,0.014799294,-4.55982,0.010463941,N-BEATS(L=90),5,test
2021-10-25,GLD,-4.4563923,0.011604153,-4.307067,0.013473009,N-BEATS(L=90),5,test
2021-10-25,SPY,-4.785541,0.008349605,-4.737889,0.008757114,N-BEATS(L=90),5,test
2021-10-25,TLT,-4.192801,0.015103919,-4.5217395,0.010870099,N-BEATS(L=90),5,test
2021-10-26,GLD,-4.544328,0.01062731,-4.2935905,0.013655805,N-BEATS(L=90),5,test
2021-10-26,SPY,-4.879658,0.007599611,-4.784809,0.008355719,N-BEATS(L=90),5,test
2021-10-26,TLT,-4.238341,0.014431516,-4.5521827,0.010544165,N-BEATS(L=90),5,test
2021-10-27,GLD,-4.4911747,0.011207471,-4.561304,0.010448424,N-BEATS(L=90),5,test
2021-10-27,SPY,-4.815116,0.008106282,-4.8145533,0.0081108445,N-BEATS(L=90),5,test
2021-10-27,TLT,-4.3347025,0.013105772,-4.428262,0.011935213,N-BEATS(L=90),5,test
2021-10-28,GLD,-4.632288,0.009732466,-4.474564,0.011395188,N-BEATS(L=90),5,test
2021-10-28,SPY,-4.8202643,0.008064655,-4.6886024,0.009199534,N-BEATS(L=90),5,test
2021-10-28,TLT,-4.3959036,0.012327736,-4.3543844,0.012850348,N-BEATS(L=90),5,test
2021-10-29,GLD,-4.4961915,0.0111513855,-4.2487626,0.014281895,N-BEATS(L=90),5,test
2021-10-29,SPY,-4.7257423,0.008864131,-4.9199114,0.0072997776,N-BEATS(L=90),5,test
2021-10-29,TLT,-4.401664,0.01225693,-4.4490614,0.0116895335,N-BEATS(L=90),5,test
2021-11-01,GLD,-4.529942,0.010781301,-4.241101,0.014391741,N-BEATS(L=90),5,test
2021-11-01,SPY,-4.767958,0.008497713,-4.7216053,0.008900879,N-BEATS(L=90),5,test
2021-11-01,TLT,-4.420495,0.012028276,-4.063271,0.01719269,N-BEATS(L=90),5,test
2021-11-02,GLD,-4.4763937,0.011374359,-4.490747,0.011212265,N-BEATS(L=90),5,test
2021-11-02,SPY,-4.652523,0.009537508,-4.736939,0.008765437,N-BEATS(L=90),5,test
2021-11-02,TLT,-4.3960404,0.012326049,-4.393924,0.012352161,N-BEATS(L=90),5,test
2021-11-03,GLD,-4.2825546,0.013807344,-4.4174743,0.012064666,N-BEATS(L=90),5,test
2021-11-03,SPY,-4.4830794,0.011298566,-4.653428,0.00952888,N-BEATS(L=90),5,test
2021-11-03,TLT,-4.013383,0.018072154,-4.3306694,0.013158736,N-BEATS(L=90),5,test
2021-11-04,GLD,-4.298208,0.013592892,-4.55809,0.010482058,N-BEATS(L=90),5,test
2021-11-04,SPY,-4.4959674,0.011153885,-4.686019,0.009223332,N-BEATS(L=90),5,test
2021-11-04,TLT,-4.04053,0.017588144,-4.7054195,0.009046118,N-BEATS(L=90),5,test
2021-11-05,GLD,-4.3998423,0.012279277,-4.4966545,0.011146224,N-BEATS(L=90),5,test
2021-11-05,SPY,-4.522804,0.010858536,-4.8699727,0.0076735746,N-BEATS(L=90),5,test
2021-11-05,TLT,-4.000989,0.018297534,-4.3250823,0.013232461,N-BEATS(L=90),5,test
2021-11-08,GLD,-4.3796167,0.01253016,-4.5185947,0.010904336,N-BEATS(L=90),5,test
2021-11-08,SPY,-4.504788,0.011055934,-4.8817835,0.007583477,N-BEATS(L=90),5,test
2021-11-08,TLT,-3.9696112,0.018880773,-4.31958,0.013305469,N-BEATS(L=90),5,test
2021-11-09,GLD,-4.351156,0.012891898,-4.4563937,0.011604136,N-BEATS(L=90),5,test
2021-11-09,SPY,-4.5294147,0.010786989,-4.5732913,0.010323925,N-BEATS(L=90),5,test
2021-11-09,TLT,-3.9402463,0.019443424,-4.24721,0.014304087,N-BEATS(L=90),5,test
2021-11-10,GLD,-4.783226,0.008368957,-4.616994,0.009882459,N-BEATS(L=90),5,test
2021-11-10,SPY,-4.839571,0.007910447,-4.657083,0.009494116,N-BEATS(L=90),5,test
2021-11-10,TLT,-4.305886,0.013488932,-4.1979523,0.015026315,N-BEATS(L=90),5,test
2021-11-11,GLD,-4.7356586,0.008776667,-4.469978,0.011447569,N-BEATS(L=90),5,test
2021-11-11,SPY,-4.6517944,0.00954446,-4.420829,0.012024262,N-BEATS(L=90),5,test
2021-11-11,TLT,-4.304838,0.01350307,-4.2459884,0.014321571,N-BEATS(L=90),5,test
2021-11-12,GLD,-4.5839477,0.010214494,-4.4834037,0.011294903,N-BEATS(L=90),5,test
2021-11-12,SPY,-4.719789,0.00891706,-4.7024927,0.009072633,N-BEATS(L=90),5,test
2021-11-12,TLT,-4.462517,0.011533299,-4.1318254,0.016053548,N-BEATS(L=90),5,test
2021-11-15,GLD,-4.4228334,0.012000183,-4.3476477,0.01293721,N-BEATS(L=90),5,test
2021-11-15,SPY,-4.458476,0.011579997,-4.4418435,0.011774213,N-BEATS(L=90),5,test
2021-11-15,TLT,-4.436968,0.0118317595,-4.333714,0.013118734,N-BEATS(L=90),5,test
2021-11-16,GLD,-4.454505,0.011626074,-4.3510637,0.012893091,N-BEATS(L=90),5,test
2021-11-16,SPY,-4.3595386,0.0127842855,-4.6653185,0.009416249,N-BEATS(L=90),5,test
2021-11-16,TLT,-4.535889,0.010717373,-4.4735823,0.011406382,N-BEATS(L=90),5,test
2021-11-17,GLD,-4.416079,0.01208151,-4.4146543,0.012098736,N-BEATS(L=90),5,test
2021-11-17,SPY,-4.3062615,0.013483864,-4.4620414,0.011538784,N-BEATS(L=90),5,test
2021-11-17,TLT,-4.511625,0.010980604,-4.1679745,0.015483591,N-BEATS(L=90),5,test
2021-11-18,GLD,-4.2993126,0.01357789,-4.35256,0.012873813,N-BEATS(L=90),5,test
2021-11-18,SPY,-4.212513,0.0148091065,-4.2674575,0.014017377,N-BEATS(L=90),5,test
2021-11-18,TLT,-4.395856,0.012328324,-4.3503475,0.012902328,N-BEATS(L=90),5,test
2021-11-19,GLD,-4.386223,0.012447657,-4.4571953,0.0115948375,N-BEATS(L=90),5,test
2021-11-19,SPY,-4.1267047,0.016135965,-4.054553,0.01734323,N-BEATS(L=90),5,test
2021-11-19,TLT,-4.340043,0.013035967,-4.310456,0.013427428,N-BEATS(L=90),5,test
2021-11-22,GLD,-4.113507,0.016350336,-4.5199146,0.010889953,N-BEATS(L=90),5,test
2021-11-22,SPY,-4.060243,0.017244825,-4.201778,0.014968939,N-BEATS(L=90),5,test
2021-11-22,TLT,-4.282412,0.013809313,-4.473411,0.011408335,N-BEATS(L=90),5,test
2021-11-23,GLD,-4.09733,0.016616981,-4.6515265,0.0095470175,N-BEATS(L=90),5,test
2021-11-23,SPY,-3.7875926,0.022650063,-4.220989,0.014684112,N-BEATS(L=90),5,test
2021-11-23,TLT,-4.128489,0.016107198,-4.413489,0.012112845,N-BEATS(L=90),5,test
2021-11-24,GLD,-4.084849,0.016825682,-4.4543977,0.011627321,N-BEATS(L=90),5,test
2021-11-24,SPY,-3.7164032,0.024321288,-4.102554,0.016530406,N-BEATS(L=90),5,test
2021-11-24,TLT,-4.005447,0.018216146,-4.4443793,0.011744393,N-BEATS(L=90),5,test
2021-11-26,GLD,-4.085491,0.016814878,-4.560257,0.010459371,N-BEATS(L=90),5,test
2021-11-26,SPY,-3.5808566,0.027851831,-4.396872,0.012315803,N-BEATS(L=90),5,test
2021-11-26,TLT,-3.8244824,0.02182973,-4.3648124,0.012717041,N-BEATS(L=90),5,test
2021-11-29,GLD,-4.0848837,0.016825097,-4.489871,0.0112220915,N-BEATS(L=90),5,test
2021-11-29,SPY,-3.5445929,0.028880378,-4.2169633,0.014743348,N-BEATS(L=90),5,test
2021-11-29,TLT,-3.7847936,0.02271355,-4.533177,0.010746481,N-BEATS(L=90),5,test
2021-11-30,GLD,-4.485055,0.0112762675,-4.2786875,0.013860843,N-BEATS(L=90),5,test
2021-11-30,SPY,-3.4813473,0.030765932,-4.243899,0.014351528,N-BEATS(L=90),5,test
2021-11-30,TLT,-3.7954402,0.022473011,-4.396565,0.012319585,N-BEATS(L=90),5,test
2021-12-01,GLD,-4.5852375,0.010201327,-4.2978806,0.013597346,N-BEATS(L=90),5,test
2021-12-01,SPY,-3.628897,0.02654545,-4.245957,0.014322022,N-BEATS(L=90),5,test
2021-12-01,TLT,-3.866449,0.020932566,-4.0867004,0.016794557,N-BEATS(L=90),5,test
2021-12-02,GLD,-4.667988,0.009391147,-4.2664676,0.01403126,N-BEATS(L=90),5,test
2021-12-02,SPY,-3.6892743,0.02499013,-4.174357,0.015385082,N-BEATS(L=90),5,test
2021-12-02,TLT,-3.9451766,0.0193478,-4.2403975,0.014401867,N-BEATS(L=90),5,test
2021-12-03,GLD,-4.968213,0.006955566,-4.3761616,0.012573529,N-BEATS(L=90),5,test
2021-12-03,SPY,-3.8967779,0.02030724,-4.6363025,0.009693474,N-BEATS(L=90),5,test
2021-12-03,TLT,-4.2211123,0.014682305,-4.3195047,0.013306472,N-BEATS(L=90),5,test
2021-12-06,GLD,-5.052189,0.0063953195,-4.383262,0.012484565,N-BEATS(L=90),5,test
2021-12-06,SPY,-4.02476,0.017867716,-3.7218328,0.024189593,N-BEATS(L=90),5,test
2021-12-06,TLT,-4.3713646,0.012633989,-3.8702445,0.02085327,N-BEATS(L=90),5,test
2021-12-07,GLD,-4.9633083,0.006989765,-4.2972455,0.013605985,N-BEATS(L=90),5,test
2021-12-07,SPY,-4.331923,0.0131422505,-4.23591,0.014466641,N-BEATS(L=90),5,test
2021-12-07,TLT,-4.3574243,0.012811344,-4.289772,0.01370805,N-BEATS(L=90),5,test
2021-12-08,GLD,-4.3836174,0.012480131,-4.4681034,0.0114690475,N-BEATS(L=90),5,test
2021-12-08,SPY,-4.0630565,0.017196378,-4.31409,0.013378722,N-BEATS(L=90),5,test
2021-12-08,TLT,-4.2652645,0.014048151,-4.196961,0.015041219,N-BEATS(L=90),5,test
2021-12-09,GLD,-4.3848705,0.012464502,-4.425518,0.01196801,N-BEATS(L=90),5,test
2021-12-09,SPY,-3.9700904,0.018871726,-4.4369316,0.011832189,N-BEATS(L=90),5,test
2021-12-09,TLT,-4.30288,0.01352954,-4.329071,0.013179786,N-BEATS(L=90),5,test
2021-12-10,GLD,-4.351526,0.012887134,-4.510935,0.010988183,N-BEATS(L=90),5,test
2021-12-10,SPY,-3.8924913,0.020394472,-4.5997257,0.010054593,N-BEATS(L=90),5,test
2021-12-10,TLT,-4.3472543,0.0129423,-4.2846017,0.013779108,N-BEATS(L=90),5,test
2021-12-13,GLD,-4.3483987,0.012927497,-4.4269123,0.011951335,N-BEATS(L=90),5,test
2021-12-13,SPY,-3.863497,0.020994453,-4.3782372,0.012547458,N-BEATS(L=90),5,test
2021-12-13,TLT,-4.3143287,0.013375526,-4.249478,0.014271684,N-BEATS(L=90),5,test
2021-12-14,GLD,-4.3611846,0.012763259,-4.326724,0.013210755,N-BEATS(L=90),5,test
2021-12-14,SPY,-3.8562565,0.021147016,-4.281619,0.013820268,N-BEATS(L=90),5,test
2021-12-14,TLT,-4.3637486,0.012730577,-4.3218393,0.013275444,N-BEATS(L=90),5,test
2021-12-15,GLD,-4.733425,0.0087962905,-4.4295845,0.011919441,N-BEATS(L=90),5,test
2021-12-15,SPY,-4.0191956,0.017967412,-4.2598453,0.0141244875,N-BEATS(L=90),5,test
2021-12-15,TLT,-4.5194592,0.010894913,-4.4402385,0.011793125,N-BEATS(L=90),5,test
2021-12-16,GLD,-4.655701,0.009507244,-4.2238045,0.01464283,N-BEATS(L=90),5,test
2021-12-16,SPY,-4.1220646,0.01621101,-4.0087147,0.018156717,N-BEATS(L=90),5,test
2021-12-16,TLT,-4.48397,0.011288507,-4.3201904,0.013297351,N-BEATS(L=90),5,test
2021-12-17,GLD,-4.7492228,0.008658422,-4.289982,0.013705174,N-BEATS(L=90),5,test
2021-12-17,SPY,-4.313769,0.013383016,-4.101145,0.016553715,N-BEATS(L=90),5,test
2021-12-17,TLT,-4.496088,0.011152539,-4.3405104,0.013029876,N-BEATS(L=90),5,test
2021-12-20,GLD,-4.717218,0.008940016,-4.3535976,0.012860462,N-BEATS(L=90),5,test
2021-12-20,SPY,-4.3998756,0.012278867,-3.9637427,0.018991899,N-BEATS(L=90),5,test
2021-12-20,TLT,-4.439072,0.0118068885,-4.258408,0.0141448025,N-BEATS(L=90),5,test
2021-12-21,GLD,-4.708691,0.009016572,-4.5314155,0.010765427,N-BEATS(L=90),5,test
2021-12-21,SPY,-4.663176,0.009436444,-3.968438,0.018902939,N-BEATS(L=90),5,test
2021-12-21,TLT,-4.524052,0.010844989,-4.210813,0.0148343025,N-BEATS(L=90),5,test
2021-12-22,GLD,-4.8234515,0.008038992,-4.3836236,0.012480054,N-BEATS(L=90),5,test
2021-12-22,SPY,-4.670714,0.009365581,-3.8891957,0.020461798,N-BEATS(L=90),5,test
2021-12-22,TLT,-4.409928,0.012156055,-4.283049,0.013800519,N-BEATS(L=90),5,test
2021-12-23,GLD,-4.8848042,0.007560604,-4.478712,0.011348019,N-BEATS(L=90),5,test
2021-12-23,SPY,-4.748773,0.008662317,-4.125094,0.016161976,N-BEATS(L=90),5,test
2021-12-23,TLT,-4.346567,0.012951196,-4.3425717,0.013003045,N-BEATS(L=90),5,test
2021-12-27,GLD,-4.809791,0.008149562,-4.621343,0.009839571,N-BEATS(L=90),5,test
2021-12-27,SPY,-4.6522446,0.009540164,-3.8642213,0.020979252,N-BEATS(L=90),5,test
2021-12-27,TLT,-4.156081,0.015668841,-4.548446,0.010583636,N-BEATS(L=90),5,test
2021-12-28,GLD,-4.817717,0.008085224,-4.4441257,0.011747373,N-BEATS(L=90),5,test
2021-12-28,SPY,-4.5425153,0.010646594,-4.186109,0.015205333,N-BEATS(L=90),5,test
2021-12-28,TLT,-4.143952,0.01586005,-4.49245,0.011193184,N-BEATS(L=90),5,test
2021-12-29,GLD,-4.6598825,0.009467575,-4.448585,0.011695104,N-BEATS(L=90),5,test
2021-12-29,SPY,-4.32419,0.013244272,-4.1549726,0.015686221,N-BEATS(L=90),5,test
2021-12-29,TLT,-4.133249,0.016030714,-4.3711824,0.01263629,N-BEATS(L=90),5,test
2021-12-30,GLD,-4.644298,0.009616277,-4.587913,0.01017407,N-BEATS(L=90),5,test
2021-12-30,SPY,-4.2048907,0.014922417,-4.189231,0.015157938,N-BEATS(L=90),5,test
2021-12-30,TLT,-4.1794453,0.015306996,-4.5630198,0.010430514,N-BEATS(L=90),5,test
2021-12-31,GLD,-4.6085253,0.009966506,-4.4405375,0.0117896,N-BEATS(L=90),5,test
2021-12-31,SPY,-4.138641,0.015944507,-4.5948157,0.0101040825,N-BEATS(L=90),5,test
2021-12-31,TLT,-4.1804595,0.015291479,-4.3314476,0.0131485,N-BEATS(L=90),5,test
2022-01-03,GLD,-4.6497073,0.009564401,-4.4067836,0.012194337,N-BEATS(L=90),5,test
2022-01-03,SPY,-3.9064019,0.02011274,-4.6801114,0.00927798,N-BEATS(L=90),5,test
2022-01-03,TLT,-4.303525,0.0135208145,-4.1562934,0.015665516,N-BEATS(L=90),5,test
2022-01-04,GLD,-4.6054053,0.009997649,-4.582288,0.010231462,N-BEATS(L=90),5,test
2022-01-04,SPY,-3.8305044,0.021698669,-4.820985,0.008058847,N-BEATS(L=90),5,test
2022-01-04,TLT,-4.407803,0.012181912,-4.0235763,0.017888876,N-BEATS(L=90),5,test
2022-01-05,GLD,-4.8085127,0.008159987,-4.646659,0.009593601,N-BEATS(L=90),5,test
2022-01-05,SPY,-3.8709786,0.020837968,-4.7594633,0.008570207,N-BEATS(L=90),5,test
2022-01-05,TLT,-4.454711,0.011623679,-4.167671,0.015488287,N-BEATS(L=90),5,test
2022-01-06,GLD,-4.7948365,0.008272351,-4.5032144,0.011073345,N-BEATS(L=90),5,test
2022-01-06,SPY,-3.8336139,0.021631302,-4.6538787,0.009524588,N-BEATS(L=90),5,test
2022-01-06,TLT,-4.423013,0.011998025,-4.1198425,0.016247073,N-BEATS(L=90),5,test
2022-01-07,GLD,-4.836498,0.007934795,-4.8055296,0.008184366,N-BEATS(L=90),5,test
2022-01-07,SPY,-3.8345191,0.021611728,-4.7934766,0.008283609,N-BEATS(L=90),5,test
2022-01-07,TLT,-4.4966307,0.0111464895,-4.27666,0.013888975,N-BEATS(L=90),5,test
2022-01-10,GLD,-4.779595,0.008399401,-4.1142306,0.016338507,N-BEATS(L=90),5,test
2022-01-10,SPY,-4.0283084,0.017804423,-4.6523714,0.009538954,N-BEATS(L=90),5,test
2022-01-10,TLT,-4.5250516,0.010834156,-4.137779,0.015958251,N-BEATS(L=90),5,test
2022-01-11,GLD,-4.7108326,0.008997283,-4.5047083,0.011056815,N-BEATS(L=90),5,test
2022-01-11,SPY,-4.0607753,0.017235652,-4.411658,0.012135044,N-BEATS(L=90),5,test
2022-01-11,TLT,-4.40715,0.012189873,-4.0508785,0.017407075,N-BEATS(L=90),5,test
2022-01-12,GLD,-4.67438,0.00933131,-4.3823967,0.012495375,N-BEATS(L=90),5,test
2022-01-12,SPY,-3.661219,0.025701167,-3.9462028,0.019327955,N-BEATS(L=90),5,test
2022-01-12,TLT,-4.3936615,0.012355407,-4.0462093,0.017488543,N-BEATS(L=90),5,test
2022-01-13,GLD,-4.646676,0.009593437,-4.334105,0.013113605,N-BEATS(L=90),5,test
2022-01-13,SPY,-3.6270478,0.026594581,-4.1136117,0.01634862,N-BEATS(L=90),5,test
2022-01-13,TLT,-4.341565,0.01301614,-4.2678537,0.014011824,N-BEATS(L=90),5,test
2022-01-14,GLD,-4.588557,0.010167522,-4.6096134,0.009955666,N-BEATS(L=90),5,test
2022-01-14,SPY,-3.2247446,0.03976594,-4.2396636,0.014412439,N-BEATS(L=90),5,test
2022-01-14,TLT,-4.366776,0.012692094,-4.4941435,0.011174248,N-BEATS(L=90),5,test
2022-01-18,GLD,-4.5314717,0.010764821,-4.6059318,0.009992387,N-BEATS(L=90),5,test
2022-01-18,SPY,-3.1159656,0.044335674,-4.185542,0.015213956,N-BEATS(L=90),5,test
2022-01-18,TLT,-4.2390323,0.014421541,-4.4226446,0.012002449,N-BEATS(L=90),5,test
2022-01-19,GLD,-4.4407587,0.011786993,-4.638419,0.009672977,N-BEATS(L=90),5,test
2022-01-19,SPY,-3.0208356,0.048760455,-4.0462933,0.017487075,N-BEATS(L=90),5,test
2022-01-19,TLT,-4.228266,0.0145776495,-4.3397613,0.013039641,N-BEATS(L=90),5,test
2022-01-20,GLD,-4.3120565,0.013405952,-4.490877,0.011210806,N-BEATS(L=90),5,test
2022-01-20,SPY,-3.0458415,0.047556277,-4.347309,0.0129415905,N-BEATS(L=90),5,test
2022-01-20,TLT,-4.2188735,0.0147152115,-4.209246,0.014857564,N-BEATS(L=90),5,test
2022-01-21,GLD,-4.3212686,0.013283023,-4.562327,0.010437743,N-BEATS(L=90),5,test
2022-01-21,SPY,-3.0011756,0.049728572,-4.19389,0.015087479,N-BEATS(L=90),5,test
2022-01-21,TLT,-4.2319684,0.014523773,-4.3283763,0.013188945,N-BEATS(L=90),5,test
2022-01-24,GLD,-4.38301,0.012487715,-4.415466,0.012088922,N-BEATS(L=90),5,test
2022-01-24,SPY,-3.191852,0.04109569,-4.2564683,0.014172266,N-BEATS(L=90),5,test
2022-01-24,TLT,-4.2412763,0.014389216,-4.1714315,0.015430155,N-BEATS(L=90),5,test
2022-01-25,GLD,-4.4196444,0.012038513,-4.337773,0.013065595,N-BEATS(L=90),5,test
2022-01-25,SPY,-3.295388,0.037053667,-3.8887296,0.020471336,N-BEATS(L=90),5,test
2022-01-25,TLT,-4.3438573,0.01298634,-4.3057637,0.013490578,N-BEATS(L=90),5,test
2022-01-26,GLD,-4.581992,0.010234487,-4.56038,0.010458085,N-BEATS(L=90),5,test
2022-01-26,SPY,-3.488798,0.030537559,-3.9648168,0.018971512,N-BEATS(L=90),5,test
2022-01-26,TLT,-4.296732,0.013612974,-4.3444853,0.012978187,N-BEATS(L=90),5,test
2022-01-27,GLD,-4.566251,0.010396867,-4.2341843,0.014491627,N-BEATS(L=90),5,test
2022-01-27,SPY,-3.6051378,0.027183698,-3.9988987,0.018335821,N-BEATS(L=90),5,test
2022-01-27,TLT,-4.254386,0.014201809,-4.461742,0.01154224,N-BEATS(L=90),5,test
2022-01-28,GLD,-4.588686,0.010166208,-4.677944,0.009298109,N-BEATS(L=90),5,test
2022-01-28,SPY,-3.7353158,0.023865633,-3.9544516,0.019169178,N-BEATS(L=90),5,test
2022-01-28,TLT,-4.2788057,0.013859204,-4.3418484,0.013012454,N-BEATS(L=90),5,test
2022-01-31,GLD,-4.5488777,0.01057907,-4.4696083,0.0114518,N-BEATS(L=90),5,test
2022-01-31,SPY,-3.8054285,0.022249661,-3.368207,0.034451354,N-BEATS(L=90),5,test
2022-01-31,TLT,-4.30298,0.013528186,-4.3075123,0.01346701,N-BEATS(L=90),5,test
2022-02-01,GLD,-4.582306,0.010231277,-4.632674,0.009728707,N-BEATS(L=90),5,test
2022-02-01,SPY,-3.829276,0.021725338,-3.716188,0.024326526,N-BEATS(L=90),5,test
2022-02-01,TLT,-4.3638673,0.0127290655,-4.356996,0.012816831,N-BEATS(L=90),5,test
2022-02-02,GLD,-4.599674,0.010055111,-4.581555,0.010238963,N-BEATS(L=90),5,test
2022-02-02,SPY,-3.8803031,0.020644566,-3.646433,0.026084002,N-BEATS(L=90),5,test
2022-02-02,TLT,-4.4675517,0.011475377,-4.3259764,0.013220635,N-BEATS(L=90),5,test
2022-02-03,GLD,-4.6844473,0.009237839,-4.4496064,0.011683164,N-BEATS(L=90),5,test
2022-02-03,SPY,-3.7143135,0.024372166,-3.8547397,0.021179115,N-BEATS(L=90),5,test
2022-02-03,TLT,-4.367218,0.012686485,-4.270657,0.013972599,N-BEATS(L=90),5,test
2022-02-04,GLD,-4.3837423,0.012478572,-4.545248,0.010617539,N-BEATS(L=90),5,test
2022-02-04,SPY,-3.6662624,0.02557187,-3.9503407,0.019248143,N-BEATS(L=90),5,test
2022-02-04,TLT,-3.974316,0.018792152,-4.294352,0.013645411,N-BEATS(L=90),5,test
2022-02-07,GLD,-4.3792777,0.012534409,-4.6042743,0.010008963,N-BEATS(L=90),5,test
2022-02-07,SPY,-3.6334658,0.026424445,-3.8925612,0.02039305,N-BEATS(L=90),5,test
2022-02-07,TLT,-3.893477,0.020374382,-4.1061854,0.016470483,N-BEATS(L=90),5,test
2022-02-08,GLD,-4.3575845,0.0128092915,-4.5106378,0.010991448,N-BEATS(L=90),5,test
2022-02-08,SPY,-3.6817155,0.025179742,-4.0753355,0.016986515,N-BEATS(L=90),5,test
2022-02-08,TLT,-3.8948123,0.020347193,-4.382754,0.012490913,N-BEATS(L=90),5,test
2022-02-09,GLD,-4.362918,0.012741156,-4.593115,0.010121283,N-BEATS(L=90),5,test
2022-02-09,SPY,-3.6287153,0.026550272,-4.15415,0.01569913,N-BEATS(L=90),5,test
2022-02-09,TLT,-3.8582356,0.021105206,-4.6284437,0.009769952,N-BEATS(L=90),5,test
2022-02-10,GLD,-4.4388843,0.011809107,-4.8745,0.007638914,N-BEATS(L=90),5,test
2022-02-10,SPY,-3.6837037,0.02512973,-3.7889674,0.022618948,N-BEATS(L=90),5,test
2022-02-10,TLT,-3.848716,0.021307077,-4.5399914,0.010673499,N-BEATS(L=90),5,test
2022-02-11,GLD,-4.8185177,0.008078754,-4.698423,0.009109632,N-BEATS(L=90),5,test
2022-02-11,SPY,-3.8137407,0.022065483,-3.8348355,0.021604892,N-BEATS(L=90),5,test
2022-02-11,TLT,-4.1340127,0.016018473,-4.472382,0.01142008,N-BEATS(L=90),5,test
2022-02-14,GLD,-4.764297,0.008528882,-4.717046,0.008941554,N-BEATS(L=90),5,test
2022-02-14,SPY,-3.6881557,0.025018102,-3.6138213,0.026948672,N-BEATS(L=90),5,test
2022-02-14,TLT,-4.254235,0.014203955,-4.339079,0.013048542,N-BEATS(L=90),5,test
2022-02-15,GLD,-4.8242807,0.008032329,-4.7314773,0.008813442,N-BEATS(L=90),5,test
2022-02-15,SPY,-3.5921767,0.027538324,-3.8807635,0.020635063,N-BEATS(L=90),5,test
2022-02-15,TLT,-4.2324023,0.014517473,-4.420281,0.012030852,N-BEATS(L=90),5,test
2022-02-16,GLD,-3.7604973,0.023272164,-4.851014,0.007820442,N-BEATS(L=90),5,test
2022-02-16,SPY,-3.4769986,0.030900016,-3.88547,0.020538175,N-BEATS(L=90),5,test
2022-02-16,TLT,-4.071176,0.017057316,-4.548181,0.010586443,N-BEATS(L=90),5,test
2022-02-17,GLD,-3.7615516,0.02324764,-4.6820893,0.009259647,N-BEATS(L=90),5,test
2022-02-17,SPY,-3.508835,0.029931763,-3.9877546,0.0185413,N-BEATS(L=90),5,test
2022-02-17,TLT,-4.141259,0.015902814,-4.2884464,0.0137262335,N-BEATS(L=90),5,test
2022-02-18,GLD,-3.6872263,0.025041362,-4.4369326,0.011832178,N-BEATS(L=90),5,test
2022-02-18,SPY,-3.507865,0.029960815,-3.732462,0.023933839,N-BEATS(L=90),5,test
2022-02-18,TLT,-4.128254,0.016110985,-4.1601515,0.015605194,N-BEATS(L=90),5,test
2022-02-22,GLD,-3.678029,0.025272736,-4.634407,0.009711864,N-BEATS(L=90),5,test
2022-02-22,SPY,-3.5198145,0.029604927,-3.623902,0.026678372,N-BEATS(L=90),5,test
2022-02-22,TLT,-3.9686022,0.018899834,-4.1969914,0.01504076,N-BEATS(L=90),5,test
2022-02-23,GLD,-3.6416035,0.026210282,-4.440826,0.0117862,N-BEATS(L=90),5,test
2022-02-23,SPY,-3.5389762,0.029043047,-3.6779752,0.025274098,N-BEATS(L=90),5,test
2022-02-23,TLT,-3.776954,0.022892317,-4.32913,0.013179006,N-BEATS(L=90),5,test
2022-02-24,GLD,-4.1595488,0.015614603,-4.622779,0.009825454,N-BEATS(L=90),5,test
2022-02-24,SPY,-3.6613457,0.025697907,-3.803326,0.022296492,N-BEATS(L=90),5,test
2022-02-24,TLT,-3.8537433,0.021200228,-4.219865,0.014700632,N-BEATS(L=90),5,test
2022-02-25,GLD,-4.051991,0.017387722,-4.5515766,0.010550557,N-BEATS(L=90),5,test
2022-02-25,SPY,-3.699748,0.024729757,-3.681264,0.025191115,N-BEATS(L=90),5,test
2022-02-25,TLT,-3.8280606,0.02175176,-4.2133,0.014797453,N-BEATS(L=90),5,test
2022-02-28,GLD,-4.149032,0.015779682,-4.715523,0.008955183,N-BEATS(L=90),5,test
2022-02-28,SPY,-3.6660652,0.025576912,-3.5957904,0.027438987,N-BEATS(L=90),5,test
2022-02-28,TLT,-3.773507,0.022971358,-4.0681744,0.017108595,N-BEATS(L=90),5,test
2022-03-01,GLD,-3.8476071,0.021330716,-4.424738,0.011977349,N-BEATS(L=90),5,test
2022-03-01,SPY,-3.5512664,0.028688285,-3.7397354,0.02376039,N-BEATS(L=90),5,test
2022-03-01,TLT,-3.871644,0.020824106,-4.257227,0.014161519,N-BEATS(L=90),5,test
2022-03-02,GLD,-3.8131106,0.022079391,-4.2950077,0.013636467,N-BEATS(L=90),5,test
2022-03-02,SPY,-3.5516112,0.028678397,-3.5786047,0.027914621,N-BEATS(L=90),5,test
2022-03-02,TLT,-4.1007733,0.016559863,-4.1047716,0.016493786,N-BEATS(L=90),5,test
2022-03-03,GLD,-3.7751667,0.022933267,-4.3210816,0.013285506,N-BEATS(L=90),5,test
2022-03-03,SPY,-3.5594442,0.028454635,-3.7166302,0.024315769,N-BEATS(L=90),5,test
2022-03-03,TLT,-4.1312594,0.016062636,-3.94067,0.019435188,N-BEATS(L=90),5,test
2022-03-04,GLD,-3.789402,0.022609118,-4.238677,0.014426665,N-BEATS(L=90),5,test
2022-03-04,SPY,-3.5489268,0.028755482,-3.6279678,0.026570125,N-BEATS(L=90),5,test
2022-03-04,TLT,-4.177332,0.015339379,-4.033467,0.017712817,N-BEATS(L=90),5,test
2022-03-07,GLD,-3.8106341,0.022134138,-4.178732,0.01531792,N-BEATS(L=90),5,test
2022-03-07,SPY,-3.5277686,0.029370379,-3.7283103,0.02403341,N-BEATS(L=90),5,test
2022-03-07,TLT,-4.3537526,0.012858469,-3.9379268,0.019488577,N-BEATS(L=90),5,test
2022-03-08,GLD,-4.0129085,0.018080732,-4.446278,0.011722115,N-BEATS(L=90),5,test
2022-03-08,SPY,-3.7213633,0.024200952,-3.4957864,0.030324891,N-BEATS(L=90),5,test
2022-03-08,TLT,-4.2312946,0.014533563,-3.8810897,0.020628335,N-BEATS(L=90),5,test
2022-03-09,GLD,-3.917343,0.019893885,-4.201346,0.014975407,N-BEATS(L=90),5,test
2022-03-09,SPY,-3.614342,0.026934642,-3.5078285,0.029961906,N-BEATS(L=90),5,test
2022-03-09,TLT,-3.9288967,0.019665359,-3.8427663,0.021434227,N-BEATS(L=90),5,test
2022-03-10,GLD,-3.987396,0.01854795,-4.0802693,0.016902912,N-BEATS(L=90),5,test
2022-03-10,SPY,-3.636722,0.026338538,-3.1932695,0.04103748,N-BEATS(L=90),5,test
2022-03-10,TLT,-3.8451116,0.021384016,-3.9805708,0.018674977,N-BEATS(L=90),5,test
2022-03-11,GLD,-4.0010247,0.01829688,-4.1140904,0.016340796,N-BEATS(L=90),5,test
2022-03-11,SPY,-3.6606464,0.025715884,-3.368699,0.034434404,N-BEATS(L=90),5,test
2022-03-11,TLT,-3.8733091,0.020789461,-4.033785,0.017707184,N-BEATS(L=90),5,test
2022-03-14,GLD,-3.975507,0.018769782,-3.9632566,0.019001134,N-BEATS(L=90),5,test
2022-03-14,SPY,-3.7418628,0.023709895,-3.462046,0.031365525,N-BEATS(L=90),5,test
2022-03-14,TLT,-3.799467,0.022382697,-4.0023613,0.01827244,N-BEATS(L=90),5,test
2022-03-15,GLD,-4.051369,0.017398536,-4.366076,0.012700981,N-BEATS(L=90),5,test
2022-03-15,SPY,-3.8200624,0.021926433,-3.4789674,0.030839238,N-BEATS(L=90),5,test
2022-03-15,TLT,-3.843857,0.021410858,-3.9529214,0.019198533,N-BEATS(L=90),5,test
2022-03-16,GLD,-4.2885637,0.013724623,-4.4286785,0.011930245,N-BEATS(L=90),5,test
2022-03-16,SPY,-4.113602,0.016348777,-3.758013,0.023330051,N-BEATS(L=90),5,test
2022-03-16,TLT,-3.9498816,0.019256983,-4.1240363,0.01617908,N-BEATS(L=90),5,test
2022-03-17,GLD,-4.2620797,0.014092962,-4.3347654,0.013104947,N-BEATS(L=90),5,test
2022-03-17,SPY,-4.127002,0.016131172,-3.856648,0.021138739,N-BEATS(L=90),5,test
2022-03-17,TLT,-4.050723,0.017409781,-4.0844073,0.016833114,N-BEATS(L=90),5,test
2022-03-18,GLD,-4.2786307,0.013861629,-4.4638305,0.011518159,N-BEATS(L=90),5,test
2022-03-18,SPY,-4.165269,0.015525539,-3.9771895,0.018738229,N-BEATS(L=90),5,test
2022-03-18,TLT,-3.9344585,0.019556286,-3.9328234,0.019588288,N-BEATS(L=90),5,test
2022-03-21,GLD,-4.193418,0.0150946025,-4.383797,0.012477888,N-BEATS(L=90),5,test
2022-03-21,SPY,-4.2300367,0.014551856,-3.948808,0.019277668,N-BEATS(L=90),5,test
2022-03-21,TLT,-3.9653938,0.018960569,-3.8898413,0.02044859,N-BEATS(L=90),5,test
2022-03-22,GLD,-4.139833,0.015925512,-4.186811,0.015194664,N-BEATS(L=90),5,test
2022-03-22,SPY,-4.1769876,0.015344662,-3.9064095,0.020112585,N-BEATS(L=90),5,test
2022-03-22,TLT,-3.8800101,0.020650616,-3.8196456,0.021935573,N-BEATS(L=90),5,test
2022-03-23,GLD,-4.195017,0.015070489,-4.255553,0.014185247,N-BEATS(L=90),5,test
2022-03-23,SPY,-4.156913,0.015655816,-4.0361185,0.01766591,N-BEATS(L=90),5,test
2022-03-23,TLT,-3.9610667,0.01904279,-3.9142504,0.019955503,N-BEATS(L=90),5,test
2022-03-24,GLD,-4.2159543,0.014758231,-4.0268517,0.017830377,N-BEATS(L=90),5,test
2022-03-24,SPY,-4.109915,0.016409174,-3.977225,0.018737562,N-BEATS(L=90),5,test
2022-03-24,TLT,-4.0028677,0.018263191,-3.8681326,0.020897357,N-BEATS(L=90),5,test
2022-03-25,GLD,-4.239544,0.014414164,-4.099727,0.016577197,N-BEATS(L=90),5,test
2022-03-25,SPY,-4.111779,0.016378608,-3.9629498,0.019006966,N-BEATS(L=90),5,test
2022-03-25,TLT,-3.8825433,0.02059837,-4.106744,0.016461289,N-BEATS(L=90),5,test
2022-03-28,GLD,-4.380008,0.012525256,-3.9721704,0.018832516,N-BEATS(L=90),5,test
2022-03-28,SPY,-4.1677895,0.0154864555,-3.9437828,0.019374784,N-BEATS(L=90),5,test
2022-03-28,TLT,-3.911147,0.020017525,-4.092809,0.016692275,N-BEATS(L=90),5,test
2022-03-29,GLD,-4.3418217,0.013012801,-4.060218,0.017245261,N-BEATS(L=90),5,test
2022-03-29,SPY,-4.0390983,0.017613348,-3.9532647,0.019191943,N-BEATS(L=90),5,test
2022-03-29,TLT,-3.9486358,0.019280987,-4.0450544,0.01750875,N-BEATS(L=90),5,test
2022-03-30,GLD,-4.2745075,0.013918902,-4.002116,0.01827692,N-BEATS(L=90),5,test
2022-03-30,SPY,-3.9982796,0.018347178,-4.0737185,0.017014002,N-BEATS(L=90),5,test
2022-03-30,TLT,-3.907542,0.020089822,-4.120516,0.016236138,N-BEATS(L=90),5,test
2022-03-31,GLD,-4.3112545,0.0134167075,-4.224213,0.014636847,N-BEATS(L=90),5,test
2022-03-31,SPY,-3.9393206,0.019461432,-4.0540695,0.017351618,N-BEATS(L=90),5,test
2022-03-31,TLT,-3.8863263,0.020520594,-4.103566,0.01651368,N-BEATS(L=90),5,test
2022-04-01,GLD,-4.3663335,0.012697712,-4.3004656,0.013562243,N-BEATS(L=90),5,test
2022-04-01,SPY,-3.9277182,0.019688547,-3.9075186,0.020090291,N-BEATS(L=90),5,test
2022-04-01,TLT,-4.0281544,0.017807165,-4.12569,0.016152347,N-BEATS(L=90),5,test
2022-04-04,GLD,-4.2463713,0.014316089,-4.2755404,0.013904533,N-BEATS(L=90),5,test
2022-04-04,SPY,-3.9043038,0.020154981,-3.7042074,0.024619723,N-BEATS(L=90),5,test
2022-04-04,TLT,-3.9828837,0.018631833,-3.9308305,0.019627366,N-BEATS(L=90),5,test
2022-04-05,GLD,-4.3162727,0.013349548,-4.2546635,0.014197868,N-BEATS(L=90),5,test
2022-04-05,SPY,-3.8524995,0.021226615,-3.6890433,0.024995904,N-BEATS(L=90),5,test
2022-04-05,TLT,-4.017084,0.01800539,-3.8945394,0.020352747,N-BEATS(L=90),5,test
2022-04-06,GLD,-4.4107122,0.012146524,-4.331759,0.0131444065,N-BEATS(L=90),5,test
2022-04-06,SPY,-3.8857367,0.020532697,-3.6499338,0.02599285,N-BEATS(L=90),5,test
2022-04-06,TLT,-4.0522523,0.017383179,-3.9726481,0.01882352,N-BEATS(L=90),5,test
2022-04-07,GLD,-4.3509016,0.012895181,-4.334114,0.013113487,N-BEATS(L=90),5,test
2022-04-07,SPY,-3.94487,0.019353732,-3.774189,0.0229557,N-BEATS(L=90),5,test
2022-04-07,TLT,-3.965433,0.018959828,-4.095746,0.016643325,N-BEATS(L=90),5,test
2022-04-08,GLD,-4.3294234,0.013175142,-4.4284673,0.011932765,N-BEATS(L=90),5,test
2022-04-08,SPY,-3.9617033,0.019030672,-4.0910773,0.01672121,N-BEATS(L=90),5,test
2022-04-08,TLT,-3.9988968,0.018335855,-4.189706,0.015150741,N-BEATS(L=90),5,test
2022-04-11,GLD,-4.352321,0.012876889,-4.6050324,0.010001377,N-BEATS(L=90),5,test
2022-04-11,SPY,-3.9335272,0.019574506,-4.143271,0.015870854,N-BEATS(L=90),5,test
2022-04-11,TLT,-4.051127,0.017402751,-4.229329,0.014562157,N-BEATS(L=90),5,test
2022-04-12,GLD,-4.4419994,0.0117723765,-4.4662857,0.011489914,N-BEATS(L=90),5,test
2022-04-12,SPY,-4.149585,0.015770964,-4.4579763,0.011585785,N-BEATS(L=90),5,test
2022-04-12,TLT,-3.9799984,0.01868567,-4.0676937,0.017116819,N-BEATS(L=90),5,test
2022-04-13,GLD,-4.357194,0.012814295,-4.4860363,0.011265207,N-BEATS(L=90),5,test
2022-04-13,SPY,-3.898688,0.020268485,-4.1002555,0.016568441,N-BEATS(L=90),5,test
2022-04-13,TLT,-3.9250605,0.019740943,-3.9798138,0.018689118,N-BEATS(L=90),5,test
2022-04-14,GLD,-4.3070526,0.013473202,-4.5569344,0.010494181,N-BEATS(L=90),5,test
2022-04-14,SPY,-3.7689307,0.023076726,-4.154045,0.015700776,N-BEATS(L=90),5,test
2022-04-14,TLT,-3.9415474,0.019418145,-4.2489166,0.014279696,N-BEATS(L=90),5,test
2022-04-18,GLD,-4.3228507,0.013262023,-4.3593516,0.012786675,N-BEATS(L=90),5,test
2022-04-18,SPY,-3.6245332,0.026661541,-4.0461903,0.017488876,N-BEATS(L=90),5,test
2022-04-18,TLT,-3.963035,0.019005343,-4.031421,0.017749088,N-BEATS(L=90),5,test
2022-04-19,GLD,-4.4292655,0.011923244,-4.466634,0.011485915,N-BEATS(L=90),5,test
2022-04-19,SPY,-3.619485,0.026796475,-3.9461713,0.019328564,N-BEATS(L=90),5,test
2022-04-19,TLT,-3.9423163,0.01940322,-3.822402,0.021875193,N-BEATS(L=90),5,test
2022-04-20,GLD,-4.414096,0.012105494,-4.2117295,0.014820714,N-BEATS(L=90),5,test
2022-04-20,SPY,-3.5271778,0.029387737,-4.057285,0.017295917,N-BEATS(L=90),5,test
2022-04-20,TLT,-4.0228505,0.017901862,-3.8726194,0.020803805,N-BEATS(L=90),5,test
2022-04-21,GLD,-4.49266,0.011190836,-4.2488565,0.014280554,N-BEATS(L=90),5,test
2022-04-21,SPY,-3.4565232,0.031539228,-4.196532,0.015047675,N-BEATS(L=90),5,test
2022-04-21,TLT,-4.1597266,0.0156118255,-4.091422,0.016715446,N-BEATS(L=90),5,test
2022-04-22,GLD,-4.53463,0.010730878,-4.232715,0.014512933,N-BEATS(L=90),5,test
2022-04-22,SPY,-3.3938448,0.03357932,-3.8856494,0.02053449,N-BEATS(L=90),5,test
2022-04-22,TLT,-4.104641,0.016495941,-3.9668796,0.018932417,N-BEATS(L=90),5,test
2022-04-25,GLD,-4.4209495,0.012022812,-4.1172643,0.016289016,N-BEATS(L=90),5,test
2022-04-25,SPY,-3.3436127,0.035309166,-3.97934,0.018697975,N-BEATS(L=90),5,test
2022-04-25,TLT,-4.0778537,0.016943794,-3.7987497,0.02239876,N-BEATS(L=90),5,test
2022-04-26,GLD,-4.4055424,0.0122094825,-4.466777,0.011484272,N-BEATS(L=90),5,test
2022-04-26,SPY,-3.3390582,0.035470348,-3.9113026,0.020014415,N-BEATS(L=90),5,test
2022-04-26,TLT,-4.102166,0.016536815,-3.9360223,0.01952573,N-BEATS(L=90),5,test
2022-04-27,GLD,-4.20953,0.01485335,-4.3234844,0.013253622,N-BEATS(L=90),5,test
2022-04-27,SPY,-3.2559552,0.038543984,-3.793894,0.022507785,N-BEATS(L=90),5,test
2022-04-27,TLT,-4.0202365,0.01794872,-3.993797,0.018429603,N-BEATS(L=90),5,test
2022-04-28,GLD,-4.101475,0.016548252,-4.239736,0.0144113945,N-BEATS(L=90),5,test
2022-04-28,SPY,-3.22238,0.03986008,-3.6795382,0.025234625,N-BEATS(L=90),5,test
2022-04-28,TLT,-3.8081422,0.022189364,-4.0233974,0.017892074,N-BEATS(L=90),5,test
2022-04-29,GLD,-4.091523,0.016713757,-4.3532796,0.012864552,N-BEATS(L=90),5,test
2022-04-29,SPY,-3.2455611,0.038946703,-3.5400443,0.029012041,N-BEATS(L=90),5,test
2022-04-29,TLT,-3.8197474,0.02193334,-4.0553584,0.017329268,N-BEATS(L=90),5,test
2022-05-02,GLD,-4.157542,0.015645964,-4.38137,0.01250821,N-BEATS(L=90),5,test
2022-05-02,SPY,-3.2975476,0.03697373,-3.5178862,0.029662069,N-BEATS(L=90),5,test
2022-05-02,TLT,-3.8000946,0.022368656,-4.013142,0.018076507,N-BEATS(L=90),5,test
2022-05-03,GLD,-4.109676,0.016413093,-4.277196,0.0138815325,N-BEATS(L=90),5,test
2022-05-03,SPY,-3.21661,0.040090736,-3.5323846,0.029235117,N-BEATS(L=90),5,test
2022-05-03,TLT,-3.7616713,0.023244858,-3.8662403,0.02093694,N-BEATS(L=90),5,test
2022-05-04,GLD,-4.259813,0.014124946,-4.4434395,0.011755437,N-BEATS(L=90),5,test
2022-05-04,SPY,-3.2212887,0.039903603,-3.6324306,0.026451813,N-BEATS(L=90),5,test
2022-05-04,TLT,-3.6933188,0.02488926,-3.9948182,0.018410793,N-BEATS(L=90),5,test
2022-05-05,GLD,-4.2798786,0.013844343,-4.3269415,0.013207883,N-BEATS(L=90),5,test
2022-05-05,SPY,-3.251145,0.038729843,-3.4016318,0.033318855,N-BEATS(L=90),5,test
2022-05-05,TLT,-3.8285306,0.021741541,-4.086229,0.016802479,N-BEATS(L=90),5,test
2022-05-06,GLD,-4.291615,0.01368281,-4.320532,0.013292812,N-BEATS(L=90),5,test
2022-05-06,SPY,-3.2948215,0.037074663,-3.5338163,0.029193291,N-BEATS(L=90),5,test
2022-05-06,TLT,-3.9201653,0.019837815,-4.004556,0.01823238,N-BEATS(L=90),5,test
2022-05-09,GLD,-4.2598214,0.014124825,-3.9584866,0.019091988,N-BEATS(L=90),5,test
2022-05-09,SPY,-3.3184392,0.0362093,-3.4622788,0.03135822,N-BEATS(L=90),5,test
2022-05-09,TLT,-3.961101,0.019042136,-3.8358357,0.021583294,N-BEATS(L=90),5,test
2022-05-10,GLD,-4.3637466,0.012730601,-4.080137,0.016905153,N-BEATS(L=90),5,test
2022-05-10,SPY,-3.412106,0.032971688,-3.3960457,0.0335055,N-BEATS(L=90),5,test
2022-05-10,TLT,-4.0271053,0.017825855,-3.8043633,0.022273375,N-BEATS(L=90),5,test
2022-05-11,GLD,-4.327832,0.013196123,-4.106231,0.016469728,N-BEATS(L=90),5,test
2022-05-11,SPY,-3.49451,0.030363625,-3.3799903,0.034047782,N-BEATS(L=90),5,test
2022-05-11,TLT,-4.183573,0.0152439475,-3.9616928,0.01903087,N-BEATS(L=90),5,test
2022-05-12,GLD,-4.3750734,0.012587218,-4.417977,0.012058604,N-BEATS(L=90),5,test
2022-05-12,SPY,-3.6095836,0.027063113,-3.357719,0.03481458,N-BEATS(L=90),5,test
2022-05-12,TLT,-4.151825,0.015735673,-3.7643452,0.023182789,N-BEATS(L=90),5,test
2022-05-13,GLD,-4.416938,0.01207114,-4.4689207,0.0114596775,N-BEATS(L=90),5,test
2022-05-13,SPY,-3.2577438,0.038475107,-3.2315054,0.039497994,N-BEATS(L=90),5,test
2022-05-13,TLT,-4.0554085,0.0173284,-3.803325,0.022296514,N-BEATS(L=90),5,test
2022-05-16,GLD,-4.433675,0.011870787,-4.2788987,0.013857915,N-BEATS(L=90),5,test
2022-05-16,SPY,-3.255642,0.03855606,-3.3340087,0.035649907,N-BEATS(L=90),5,test
2022-05-16,TLT,-4.0100384,0.0181327,-3.914472,0.019951077,N-BEATS(L=90),5,test
2022-05-17,GLD,-4.448038,0.011701502,-4.5248084,0.01083679,N-BEATS(L=90),5,test
2022-05-17,SPY,-3.2189174,0.039998338,-3.5475936,0.028793845,N-BEATS(L=90),5,test
2022-05-17,TLT,-3.9371085,0.01950453,-4.0661254,0.017143685,N-BEATS(L=90),5,test
2022-05-18,GLD,-4.442743,0.011763629,-4.319601,0.01330519,N-BEATS(L=90),5,test
2022-05-18,SPY,-3.2533517,0.038644467,-3.6369486,0.026332574,N-BEATS(L=90),5,test
2022-05-18,TLT,-3.993864,0.018428368,-4.0645714,0.017170347,N-BEATS(L=90),5,test
2022-05-19,GLD,-4.544466,0.010625845,-4.544368,0.010626889,N-BEATS(L=90),5,test
2022-05-19,SPY,-3.2662663,0.038148597,-3.4515529,0.03169638,N-BEATS(L=90),5,test
2022-05-19,TLT,-4.0072074,0.018184105,-4.058231,0.017279562,N-BEATS(L=90),5,test
2022-05-20,GLD,-4.652668,0.009536126,-4.51836,0.010906895,N-BEATS(L=90),5,test
2022-05-20,SPY,-3.6773775,0.02528921,-3.5837116,0.027772427,N-BEATS(L=90),5,test
2022-05-20,TLT,-4.086857,0.01679193,-3.9984767,0.01834356,N-BEATS(L=90),5,test
2022-05-23,GLD,-4.5736647,0.010320071,-4.3396306,0.0130413445,N-BEATS(L=90),5,test
2022-05-23,SPY,-3.6871119,0.025044229,-3.556027,0.028552039,N-BEATS(L=90),5,test
2022-05-23,TLT,-4.118992,0.0162609,-3.9317904,0.019608535,N-BEATS(L=90),5,test
2022-05-24,GLD,-4.5332813,0.01074536,-4.38265,0.012492212,N-BEATS(L=90),5,test
2022-05-24,SPY,-3.711441,0.024442276,-3.620315,0.026774239,N-BEATS(L=90),5,test
2022-05-24,TLT,-4.129121,0.016097024,-3.780387,0.022813862,N-BEATS(L=90),5,test
2022-05-25,GLD,-4.650591,0.009555954,-4.536553,0.010710263,N-BEATS(L=90),5,test
2022-05-25,SPY,-3.6669693,0.025553798,-3.6353626,0.026374368,N-BEATS(L=90),5,test
2022-05-25,TLT,-4.0933533,0.016683197,-4.0025573,0.01826886,N-BEATS(L=90),5,test
2022-05-26,GLD,-4.552319,0.010542727,-4.351588,0.012886336,N-BEATS(L=90),5,test
2022-05-26,SPY,-3.7231944,0.024156678,-3.636025,0.026356906,N-BEATS(L=90),5,test
2022-05-26,TLT,-4.1510124,0.015748464,-4.1166205,0.016299505,N-BEATS(L=90),5,test
2022-05-27,GLD,-4.528144,0.010800705,-4.6110277,0.009941596,N-BEATS(L=90),5,test
2022-05-27,SPY,-3.6931078,0.024894513,-3.632952,0.026438024,N-BEATS(L=90),5,test
2022-05-27,TLT,-4.0937095,0.016677255,-4.0051756,0.01822109,N-BEATS(L=90),5,test
2022-05-31,GLD,-4.6472344,0.009588081,-4.4703765,0.011443007,N-BEATS(L=90),5,test
2022-05-31,SPY,-3.721841,0.024189392,-3.733457,0.023910034,N-BEATS(L=90),5,test
2022-05-31,TLT,-4.102132,0.016537383,-4.187306,0.015187145,N-BEATS(L=90),5,test
2022-06-01,GLD,-4.716979,0.008942151,-4.35773,0.012807429,N-BEATS(L=90),5,test
2022-06-01,SPY,-3.831336,0.02168063,-3.7739773,0.02296056,N-BEATS(L=90),5,test
2022-06-01,TLT,-4.2021894,0.01496278,-4.2530355,0.014221,N-BEATS(L=90),5,test
2022-06-02,GLD,-4.6724763,0.00934909,-4.2710323,0.013967357,N-BEATS(L=90),5,test
2022-06-02,SPY,-3.8318439,0.021669623,-3.6552494,0.02585505,N-BEATS(L=90),5,test
2022-06-02,TLT,-4.263787,0.014068926,-4.1289215,0.016100233,N-BEATS(L=90),5,test
2022-06-03,GLD,-4.225576,0.014616914,-4.4981327,0.011129759,N-BEATS(L=90),5,test
2022-06-03,SPY,-3.8313413,0.021680517,-3.8754444,0.020745117,N-BEATS(L=90),5,test
2022-06-03,TLT,-4.1199427,0.016245445,-4.1283846,0.01610888,N-BEATS(L=90),5,test
2022-06-06,GLD,-4.186023,0.015206638,-4.508641,0.011013419,N-BEATS(L=90),5,test
2022-06-06,SPY,-3.7321694,0.023940843,-3.8827682,0.02059374,N-BEATS(L=90),5,test
2022-06-06,TLT,-3.9240947,0.019760018,-4.298614,0.013587378,N-BEATS(L=90),5,test
2022-06-07,GLD,-4.162283,0.015571968,-4.571091,0.010346663,N-BEATS(L=90),5,test
2022-06-07,SPY,-3.6646094,0.025614174,-3.9290993,0.019661373,N-BEATS(L=90),5,test
2022-06-07,TLT,-3.8148952,0.022040024,-4.21729,0.014738533,N-BEATS(L=90),5,test
2022-06-08,GLD,-3.9622712,0.019019866,-4.4916906,0.01120169,N-BEATS(L=90),5,test
2022-06-08,SPY,-3.42354,0.032596834,-3.9351404,0.019542957,N-BEATS(L=90),5,test
2022-06-08,TLT,-3.7137775,0.024385232,-4.096917,0.016623845,N-BEATS(L=90),5,test
2022-06-09,GLD,-3.911245,0.020015564,-4.4478636,0.011703544,N-BEATS(L=90),5,test
2022-06-09,SPY,-3.4438727,0.031940747,-3.855126,0.021170938,N-BEATS(L=90),5,test
2022-06-09,TLT,-3.590032,0.027597444,-4.059316,0.01726082,N-BEATS(L=90),5,test
2022-06-10,GLD,-4.134129,0.016016608,-4.3982964,0.012298274,N-BEATS(L=90),5,test
2022-06-10,SPY,-3.3792152,0.034074184,-3.7754786,0.022926116,N-BEATS(L=90),5,test
2022-06-10,TLT,-3.5607257,0.028418195,-4.129031,0.016098468,N-BEATS(L=90),5,test
2022-06-13,GLD,-4.129881,0.016084794,-4.7277093,0.008846713,N-BEATS(L=90),5,test
2022-06-13,SPY,-3.4428215,0.03197434,-3.8291469,0.021728145,N-BEATS(L=90),5,test
2022-06-13,TLT,-3.648413,0.02603241,-3.9143949,0.01995262,N-BEATS(L=90),5,test
2022-06-14,GLD,-4.125914,0.016148726,-4.5551805,0.010512602,N-BEATS(L=90),5,test
2022-06-14,SPY,-3.4180021,0.032777857,-3.8715587,0.020825883,N-BEATS(L=90),5,test
2022-06-14,TLT,-3.7424517,0.023695936,-3.9582691,0.019096138,N-BEATS(L=90),5,test
2022-06-15,GLD,-4.259524,0.014129028,-4.2790403,0.013855953,N-BEATS(L=90),5,test
2022-06-15,SPY,-3.6200151,0.02678227,-3.8642561,0.020978522,N-BEATS(L=90),5,test
2022-06-15,TLT,-3.7743113,0.022952892,-3.7813904,0.02279098,N-BEATS(L=90),5,test
2022-06-16,GLD,-4.377965,0.012550874,-4.1002655,0.016568275,N-BEATS(L=90),5,test
2022-06-16,SPY,-3.6728456,0.025404077,-3.8005502,0.022358466,N-BEATS(L=90),5,test
2022-06-16,TLT,-3.893154,0.020380965,-3.6686895,0.025509879,N-BEATS(L=90),5,test
2022-06-17,GLD,-4.416901,0.0120715825,-4.016614,0.018013857,N-BEATS(L=90),5,test
2022-06-17,SPY,-3.8139083,0.022061786,-3.6519573,0.025940306,N-BEATS(L=90),5,test
2022-06-17,TLT,-4.0292163,0.017788265,-3.7559924,0.02337724,N-BEATS(L=90),5,test
2022-06-21,GLD,-4.5199986,0.010889039,-4.3216124,0.013278456,N-BEATS(L=90),5,test
2022-06-21,SPY,-3.6115308,0.027010469,-3.6059856,0.027160661,N-BEATS(L=90),5,test
2022-06-21,TLT,-4.0487576,0.017444035,-3.7020943,0.024671802,N-BEATS(L=90),5,test
2022-06-22,GLD,-4.514058,0.010953917,-4.287538,0.013738708,N-BEATS(L=90),5,test
2022-06-22,SPY,-3.7454348,0.023625355,-3.6087968,0.027084414,N-BEATS(L=90),5,test
2022-06-22,TLT,-4.010289,0.018128151,-3.8422825,0.021444598,N-BEATS(L=90),5,test
2022-06-23,GLD,-4.6651974,0.0094173895,-4.418889,0.012047609,N-BEATS(L=90),5,test
2022-06-23,SPY,-3.6561537,0.025831679,-3.6155524,0.02690206,N-BEATS(L=90),5,test
2022-06-23,TLT,-4.1244793,0.016171914,-3.8673325,0.020914083,N-BEATS(L=90),5,test
2022-06-24,GLD,-4.5633063,0.010427525,-4.1381707,0.015952006,N-BEATS(L=90),5,test
2022-06-24,SPY,-3.5864408,0.027696732,-3.6120446,0.026996594,N-BEATS(L=90),5,test
2022-06-24,TLT,-3.931706,0.01961019,-3.9902415,0.018495247,N-BEATS(L=90),5,test
2022-06-27,GLD,-4.331682,0.013145416,-4.394861,0.012340593,N-BEATS(L=90),5,test
2022-06-27,SPY,-3.4946148,0.03036044,-3.7660992,0.02314216,N-BEATS(L=90),5,test
2022-06-27,TLT,-3.87061,0.02084565,-3.8673873,0.020912938,N-BEATS(L=90),5,test
2022-06-28,GLD,-4.0922666,0.016701337,-4.4468713,0.0117151635,N-BEATS(L=90),5,test
2022-06-28,SPY,-3.5923367,0.027533919,-3.8932185,0.020379648,N-BEATS(L=90),5,test
2022-06-28,TLT,-3.8266778,0.02178186,-4.051718,0.017392464,N-BEATS(L=90),5,test
2022-06-29,GLD,-4.1051025,0.016488329,-4.4765906,0.011372119,N-BEATS(L=90),5,test
2022-06-29,SPY,-3.556539,0.02853742,-3.9765964,0.018749347,N-BEATS(L=90),5,test
2022-06-29,TLT,-3.8242502,0.0218348,-3.947358,0.019305643,N-BEATS(L=90),5,test
2022-06-30,GLD,-4.0906143,0.016728954,-4.281692,0.01381926,N-BEATS(L=90),5,test
2022-06-30,SPY,-3.659269,0.025751328,-4.0847187,0.016827872,N-BEATS(L=90),5,test
2022-06-30,TLT,-3.8105426,0.022136165,-4.048928,0.017441066,N-BEATS(L=90),5,test
2022-07-01,GLD,-4.119418,0.016253969,-4.4328885,0.011880124,N-BEATS(L=90),5,test
2022-07-01,SPY,-3.7668087,0.023125745,-3.953387,0.019189596,N-BEATS(L=90),5,test
2022-07-01,TLT,-4.030044,0.017773546,-4.075609,0.016981866,N-BEATS(L=90),5,test
2022-07-05,GLD,-4.245345,0.014330787,-4.3876667,0.012429697,N-BEATS(L=90),5,test
2022-07-05,SPY,-3.8009799,0.022348862,-3.9371524,0.019503675,N-BEATS(L=90),5,test
2022-07-05,TLT,-4.0897183,0.016743949,-3.9785364,0.018713009,N-BEATS(L=90),5,test
2022-07-06,GLD,-4.272062,0.0139529845,-4.280502,0.013835717,N-BEATS(L=90),5,test
2022-07-06,SPY,-3.785616,0.02269488,-3.9061372,0.020118063,N-BEATS(L=90),5,test
2022-07-06,TLT,-3.9486048,0.019281585,-3.881657,0.020616638,N-BEATS(L=90),5,test
2022-07-07,GLD,-4.1955366,0.015062657,-4.065858,0.017148271,N-BEATS(L=90),5,test
2022-07-07,SPY,-3.7201009,0.024231523,-3.9918299,0.018465893,N-BEATS(L=90),5,test
2022-07-07,TLT,-3.885404,0.020539528,-3.9813108,0.018661162,N-BEATS(L=90),5,test
2022-07-08,GLD,-4.2632833,0.014076011,-4.1760874,0.0153584825,N-BEATS(L=90),5,test
2022-07-08,SPY,-3.736611,0.023834744,-3.891757,0.020409456,N-BEATS(L=90),5,test
2022-07-08,TLT,-3.885265,0.020542381,-4.094156,0.016669814,N-BEATS(L=90),5,test
2022-07-11,GLD,-4.2465396,0.014313679,-4.1419916,0.01589117,N-BEATS(L=90),5,test
2022-07-11,SPY,-3.6549444,0.025862934,-3.9930732,0.018442947,N-BEATS(L=90),5,test
2022-07-11,TLT,-3.869657,0.020865524,-4.2553296,0.0141884135,N-BEATS(L=90),5,test
2022-07-12,GLD,-4.265632,0.0140429875,-4.353129,0.012866491,N-BEATS(L=90),5,test
2022-07-12,SPY,-3.7081952,0.02452174,-4.108414,0.016433815,N-BEATS(L=90),5,test
2022-07-12,TLT,-3.8480332,0.02132163,-4.165426,0.015523104,N-BEATS(L=90),5,test
2022-07-13,GLD,-4.527836,0.010804032,-4.353852,0.012857194,N-BEATS(L=90),5,test
2022-07-13,SPY,-3.7712793,0.02302259,-4.164644,0.015535248,N-BEATS(L=90),5,test
2022-07-13,TLT,-3.9949083,0.018409133,-4.214548,0.014778999,N-BEATS(L=90),5,test
2022-07-14,GLD,-4.6552863,0.00951119,-4.4454236,0.011732135,N-BEATS(L=90),5,test
2022-07-14,SPY,-3.835384,0.021593047,-4.041598,0.017569376,N-BEATS(L=90),5,test
2022-07-14,TLT,-4.0746775,0.016997697,-3.9946363,0.018414142,N-BEATS(L=90),5,test
2022-07-15,GLD,-4.4546633,0.011624234,-4.3542557,0.012852002,N-BEATS(L=90),5,test
2022-07-15,SPY,-3.754877,0.023403326,-3.887599,0.020494495,N-BEATS(L=90),5,test
2022-07-15,TLT,-4.0649614,0.017163651,-3.9486747,0.019280238,N-BEATS(L=90),5,test
2022-07-18,GLD,-4.4994817,0.011114756,-4.313637,0.013384784,N-BEATS(L=90),5,test
2022-07-18,SPY,-3.8536985,0.021201178,-3.8852537,0.020542618,N-BEATS(L=90),5,test
2022-07-18,TLT,-4.0957365,0.016643483,-4.002409,0.01827157,N-BEATS(L=90),5,test
2022-07-19,GLD,-4.4849825,0.011277085,-4.5326037,0.0107526425,N-BEATS(L=90),5,test
2022-07-19,SPY,-3.9175696,0.019889375,-3.9441526,0.019367622,N-BEATS(L=90),5,test
2022-07-19,TLT,-4.1066613,0.016462646,-3.9108586,0.020023301,N-BEATS(L=90),5,test
2022-07-20,GLD,-4.242254,0.014375157,-4.718228,0.008930991,N-BEATS(L=90),5,test
2022-07-20,SPY,-3.8453274,0.021379402,-3.8053932,0.022250446,N-BEATS(L=90),5,test
2022-07-20,TLT,-4.0857053,0.016811278,-3.9067357,0.020106027,N-BEATS(L=90),5,test
2022-07-21,GLD,-4.26853,0.014002353,-4.6458282,0.009601573,N-BEATS(L=90),5,test
2022-07-21,SPY,-3.7685192,0.023086226,-3.7393694,0.023769088,N-BEATS(L=90),5,test
2022-07-21,TLT,-4.0246496,0.017869685,-3.981873,0.018650673,N-BEATS(L=90),5,test
2022-07-22,GLD,-4.334943,0.013102624,-4.5496607,0.010570791,N-BEATS(L=90),5,test
2022-07-22,SPY,-3.836528,0.021568356,-3.768262,0.023092166,N-BEATS(L=90),5,test
2022-07-22,TLT,-3.9131246,0.019977981,-3.8801146,0.020648459,N-BEATS(L=90),5,test
2022-07-25,GLD,-4.3193126,0.01330903,-4.2141466,0.014784934,N-BEATS(L=90),5,test
2022-07-25,SPY,-3.8009634,0.022349231,-3.7730086,0.022982813,N-BEATS(L=90),5,test
2022-07-25,TLT,-3.879354,0.02066417,-3.962072,0.019023659,N-BEATS(L=90),5,test
2022-07-26,GLD,-4.1673756,0.015492867,-4.3002067,0.013565755,N-BEATS(L=90),5,test
2022-07-26,SPY,-3.7284744,0.024029467,-3.7221718,0.024181394,N-BEATS(L=90),5,test
2022-07-26,TLT,-3.7306478,0.023977298,-4.0014954,0.018288272,N-BEATS(L=90),5,test
2022-07-27,GLD,-4.3217363,0.013276811,-4.275555,0.0139043275,N-BEATS(L=90),5,test
2022-07-27,SPY,-3.8040898,0.022279467,-3.899994,0.020242035,N-BEATS(L=90),5,test
2022-07-27,TLT,-3.6126547,0.026980128,-4.101949,0.016540403,N-BEATS(L=90),5,test
2022-07-28,GLD,-4.2688746,0.013997527,-3.939046,0.019466778,N-BEATS(L=90),5,test
2022-07-28,SPY,-4.0124984,0.018088147,-3.744895,0.02363811,N-BEATS(L=90),5,test
2022-07-28,TLT,-3.65284,0.025917422,-4.0274115,0.0178204,N-BEATS(L=90),5,test
2022-07-29,GLD,-4.323853,0.013248738,-4.3874173,0.012432798,N-BEATS(L=90),5,test
2022-07-29,SPY,-4.084656,0.016828932,-3.7343671,0.023888284,N-BEATS(L=90),5,test
2022-07-29,TLT,-3.7276564,0.024049133,-4.105799,0.016476845,N-BEATS(L=90),5,test
2022-08-01,GLD,-4.354516,0.012848657,-4.2486105,0.014284068,N-BEATS(L=90),5,test
2022-08-01,SPY,-4.054421,0.017345522,-3.7825367,0.022764869,N-BEATS(L=90),5,test
2022-08-01,TLT,-3.7606115,0.023269506,-4.006385,0.01819907,N-BEATS(L=90),5,test
2022-08-02,GLD,-4.5621824,0.010439252,-4.3000627,0.013567708,N-BEATS(L=90),5,test
2022-08-02,SPY,-4.2414193,0.014387158,-3.8906767,0.020431515,N-BEATS(L=90),5,test
2022-08-02,TLT,-3.9734645,0.01880816,-4.001822,0.018282298,N-BEATS(L=90),5,test
2022-08-03,GLD,-4.603149,0.010020233,-4.054725,0.017340245,N-BEATS(L=90),5,test
2022-08-03,SPY,-4.306707,0.01347786,-3.9518092,0.019219898,N-BEATS(L=90),5,test
2022-08-03,TLT,-4.078679,0.016929815,-4.0235195,0.01788989,N-BEATS(L=90),5,test
2022-08-04,GLD,-4.6515284,0.009547,-4.151662,0.01573824,N-BEATS(L=90),5,test
2022-08-04,SPY,-4.179801,0.015301553,-3.876289,0.020727605,N-BEATS(L=90),5,test
2022-08-04,TLT,-3.9044566,0.020151902,-3.7932186,0.022522992,N-BEATS(L=90),5,test
2022-08-05,GLD,-4.6553183,0.009510886,-4.304382,0.0135092335,N-BEATS(L=90),5,test
2022-08-05,SPY,-4.1326323,0.0160406,-4.047876,0.01745942,N-BEATS(L=90),5,test
2022-08-05,TLT,-3.9061604,0.020117598,-3.8455462,0.021374723,N-BEATS(L=90),5,test
2022-08-08,GLD,-4.639449,0.009663019,-4.106159,0.016470915,N-BEATS(L=90),5,test
2022-08-08,SPY,-4.2675867,0.014015566,-3.8800185,0.020650445,N-BEATS(L=90),5,test
2022-08-08,TLT,-3.8812883,0.020624239,-3.9707248,0.018859759,N-BEATS(L=90),5,test
2022-08-09,GLD,-4.7016196,0.009080558,-4.4590273,0.0115736155,N-BEATS(L=90),5,test
2022-08-09,SPY,-4.178137,0.015327038,-3.9124777,0.019990908,N-BEATS(L=90),5,test
2022-08-09,TLT,-3.7973669,0.022429755,-4.0464993,0.017483473,N-BEATS(L=90),5,test
2022-08-10,GLD,-4.7538223,0.008618689,-4.354388,0.012850299,N-BEATS(L=90),5,test
2022-08-10,SPY,-4.106647,0.016462881,-3.9340675,0.019563934,N-BEATS(L=90),5,test
2022-08-10,TLT,-3.9610138,0.019043798,-4.020894,0.01793692,N-BEATS(L=90),5,test
2022-08-11,GLD,-4.7222753,0.008894918,-4.5015025,0.011092317,N-BEATS(L=90),5,test
2022-08-11,SPY,-4.2055273,0.01491292,-4.0366464,0.017656587,N-BEATS(L=90),5,test
2022-08-11,TLT,-4.1438937,0.015860973,-3.9554348,0.01915034,N-BEATS(L=90),5,test
2022-08-12,GLD,-4.749778,0.008653617,-4.574417,0.010312309,N-BEATS(L=90),5,test
2022-08-12,SPY,-4.2598257,0.014124764,-4.049729,0.0174271,N-BEATS(L=90),5,test
2022-08-12,TLT,-4.2079635,0.014876634,-4.1043324,0.01650103,N-BEATS(L=90),5,test
2022-08-15,GLD,-4.7483926,0.008665613,-4.622898,0.009824283,N-BEATS(L=90),5,test
2022-08-15,SPY,-4.230564,0.014544183,-4.034361,0.017696986,N-BEATS(L=90),5,test
2022-08-15,TLT,-4.2416935,0.014383214,-4.141055,0.01590606,N-BEATS(L=90),5,test
2022-08-16,GLD,-4.58566,0.010197017,-4.610991,0.009941961,N-BEATS(L=90),5,test
2022-08-16,SPY,-4.2734933,0.013933026,-4.0807266,0.016895184,N-BEATS(L=90),5,test
2022-08-16,TLT,-4.212278,0.014812589,-4.166764,0.015502348,N-BEATS(L=90),5,test
2022-08-17,GLD,-4.5872755,0.010180557,-4.565598,0.0104036555,N-BEATS(L=90),5,test
2022-08-17,SPY,-4.3613863,0.012760685,-4.235629,0.014470704,N-BEATS(L=90),5,test
2022-08-17,TLT,-4.171758,0.015425116,-4.083823,0.016842948,N-BEATS(L=90),5,test
2022-08-18,GLD,-4.6848035,0.0092345495,-4.532685,0.010751771,N-BEATS(L=90),5,test
2022-08-18,SPY,-4.299639,0.013573455,-4.1555266,0.015677532,N-BEATS(L=90),5,test
2022-08-18,TLT,-4.043533,0.017535413,-4.2894297,0.013712744,N-BEATS(L=90),5,test
2022-08-19,GLD,-4.483833,0.011290058,-4.623419,0.009819169,N-BEATS(L=90),5,test
2022-08-19,SPY,-3.991498,0.018472023,-4.177535,0.015336264,N-BEATS(L=90),5,test
2022-08-19,TLT,-3.91798,0.019881215,-4.244284,0.014346,N-BEATS(L=90),5,test
2022-08-22,GLD,-4.4643903,0.011511712,-4.4727726,0.011415621,N-BEATS(L=90),5,test
2022-08-22,SPY,-3.9513104,0.019229487,-4.327979,0.013194185,N-BEATS(L=90),5,test
2022-08-22,TLT,-3.914796,0.019944614,-4.191272,0.015127034,N-BEATS(L=90),5,test
2022-08-23,GLD,-4.5449104,0.010621124,-4.494076,0.011175004,N-BEATS(L=90),5,test
2022-08-23,SPY,-3.8420293,0.021450028,-4.267863,0.014011697,N-BEATS(L=90),5,test
2022-08-23,TLT,-3.990452,0.018491354,-4.1930256,0.015100528,N-BEATS(L=90),5,test
2022-08-24,GLD,-4.4889183,0.011232788,-4.3278317,0.013196129,N-BEATS(L=90),5,test
2022-08-24,SPY,-3.80932,0.022163246,-3.9825773,0.018637542,N-BEATS(L=90),5,test
2022-08-24,TLT,-3.905272,0.020135477,-4.1854734,0.015215001,N-BEATS(L=90),5,test
2022-08-25,GLD,-4.4443235,0.011745049,-4.391388,0.01238353,N-BEATS(L=90),5,test
2022-08-25,SPY,-3.7425466,0.023693688,-4.1086764,0.016429506,N-BEATS(L=90),5,test
2022-08-25,TLT,-3.9597707,0.019067487,-4.0797243,0.016912127,N-BEATS(L=90),5,test
2022-08-26,GLD,-4.599008,0.010061812,-4.436447,0.011837922,N-BEATS(L=90),5,test
2022-08-26,SPY,-3.6933343,0.024888875,-4.131618,0.016056877,N-BEATS(L=90),5,test
2022-08-26,TLT,-4.0516086,0.017394371,-4.03136,0.01775017,N-BEATS(L=90),5,test
2022-08-29,GLD,-4.604793,0.010003772,-4.3702517,0.012648057,N-BEATS(L=90),5,test
2022-08-29,SPY,-3.6725287,0.025412127,-4.113116,0.01635673,N-BEATS(L=90),5,test
2022-08-29,TLT,-4.0377417,0.017637258,-3.9668505,0.018932968,N-BEATS(L=90),5,test
2022-08-30,GLD,-4.5080576,0.011019845,-4.4782615,0.011353134,N-BEATS(L=90),5,test
2022-08-30,SPY,-3.7017553,0.024680167,-4.1471148,0.015809966,N-BEATS(L=90),5,test
2022-08-30,TLT,-4.070076,0.01707609,-4.0573664,0.017294506,N-BEATS(L=90),5,test
2022-08-31,GLD,-4.557636,0.010486823,-4.500383,0.011104744,N-BEATS(L=90),5,test
2022-08-31,SPY,-3.688072,0.025020195,-4.0977197,0.016610509,N-BEATS(L=90),5,test
2022-08-31,TLT,-4.125381,0.016157338,-4.0415764,0.017569754,N-BEATS(L=90),5,test
2022-09-01,GLD,-4.5966134,0.010085935,-4.511993,0.010976563,N-BEATS(L=90),5,test
2022-09-01,SPY,-3.7503006,0.023510676,-4.325113,0.013232057,N-BEATS(L=90),5,test
2022-09-01,TLT,-4.1462364,0.01582386,-3.829699,0.02171615,N-BEATS(L=90),5,test
2022-09-02,GLD,-4.581795,0.010236503,-4.6287355,0.009767101,N-BEATS(L=90),5,test
2022-09-02,SPY,-4.0077825,0.018173652,-4.1834393,0.015245982,N-BEATS(L=90),5,test
2022-09-02,TLT,-4.0099883,0.018133607,-3.9418557,0.019412158,N-BEATS(L=90),5,test
2022-09-06,GLD,-4.580127,0.010253596,-4.6584387,0.009481254,N-BEATS(L=90),5,test
2022-09-06,SPY,-3.85594,0.021153707,-4.273968,0.01392641,N-BEATS(L=90),5,test
2022-09-06,TLT,-3.9807708,0.01867124,-4.063097,0.017195681,N-BEATS(L=90),5,test
2022-09-07,GLD,-4.6472497,0.009587935,-4.4504533,0.011673274,N-BEATS(L=90),5,test
2022-09-07,SPY,-3.8657527,0.020947149,-4.1612167,0.015588579,N-BEATS(L=90),5,test
2022-09-07,TLT,-3.9930036,0.01844423,-4.022383,0.01791023,N-BEATS(L=90),5,test
2022-09-08,GLD,-4.2858553,0.013761846,-4.4527555,0.011646432,N-BEATS(L=90),5,test
2022-09-08,SPY,-3.7975702,0.022425193,-4.219855,0.014700779,N-BEATS(L=90),5,test
2022-09-08,TLT,-4.083502,0.016848363,-4.1399655,0.0159234,N-BEATS(L=90),5,test
2022-09-09,GLD,-4.135718,0.015991181,-4.6399336,0.009658339,N-BEATS(L=90),5,test
2022-09-09,SPY,-3.7875247,0.022651602,-4.203312,0.014945995,N-BEATS(L=90),5,test
2022-09-09,TLT,-4.061923,0.017215881,-4.2022634,0.014961675,N-BEATS(L=90),5,test
2022-09-12,GLD,-4.1511025,0.015747044,-4.368382,0.012671727,N-BEATS(L=90),5,test
2022-09-12,SPY,-3.7750492,0.022935962,-4.370435,0.012645735,N-BEATS(L=90),5,test
2022-09-12,TLT,-4.2132144,0.014798723,-4.165113,0.015527961,N-BEATS(L=90),5,test
2022-09-13,GLD,-4.1649323,0.015530767,-4.46867,0.0114625525,N-BEATS(L=90),5,test
2022-09-13,SPY,-3.916242,0.0199158,-4.4017873,0.012255416,N-BEATS(L=90),5,test
2022-09-13,TLT,-4.1602325,0.015603929,-4.17629,0.01535537,N-BEATS(L=90),5,test
2022-09-14,GLD,-3.8701644,0.02085494,-4.480256,0.011330511,N-BEATS(L=90),5,test
2022-09-14,SPY,-3.7124898,0.024416653,-4.231054,0.0145370625,N-BEATS(L=90),5,test
2022-09-14,TLT,-3.998604,0.018341225,-4.1039762,0.016506908,N-BEATS(L=90),5,test
2022-09-15,GLD,-3.9942153,0.018421898,-4.5113254,0.010983893,N-BEATS(L=90),5,test
2022-09-15,SPY,-3.783359,0.022746157,-4.276909,0.013885518,N-BEATS(L=90),5,test
2022-09-15,TLT,-3.938093,0.01948534,-4.160263,0.015603453,N-BEATS(L=90),5,test
2022-09-16,GLD,-4.079669,0.016913064,-4.437768,0.011822296,N-BEATS(L=90),5,test
2022-09-16,SPY,-3.673515,0.025387075,-4.2530413,0.0142209185,N-BEATS(L=90),5,test
2022-09-16,TLT,-3.8406875,0.02147883,-4.258122,0.014148849,N-BEATS(L=90),5,test
2022-09-19,GLD,-3.9920094,0.018462578,-4.392403,0.0123709645,N-BEATS(L=90),5,test
2022-09-19,SPY,-3.5718656,0.028103376,-4.220417,0.014692516,N-BEATS(L=90),5,test
2022-09-19,TLT,-3.7609406,0.02326185,-4.221702,0.0146736475,N-BEATS(L=90),5,test
2022-09-20,GLD,-3.9694345,0.01888411,-4.4984155,0.011126613,N-BEATS(L=90),5,test
2022-09-20,SPY,-3.4601407,0.03142534,-4.032532,0.01772938,N-BEATS(L=90),5,test
2022-09-20,TLT,-3.7504287,0.023507666,-4.0973887,0.016616007,N-BEATS(L=90),5,test
2022-09-21,GLD,-4.298979,0.013582422,-4.396767,0.012317095,N-BEATS(L=90),5,test
2022-09-21,SPY,-3.482136,0.030741677,-4.0607834,0.017235512,N-BEATS(L=90),5,test
2022-09-21,TLT,-3.748864,0.02354448,-4.04888,0.017441897,N-BEATS(L=90),5,test
2022-09-22,GLD,-4.187518,0.015183923,-4.429685,0.011918242,N-BEATS(L=90),5,test
2022-09-22,SPY,-3.4353685,0.032213535,-3.9617386,0.019030001,N-BEATS(L=90),5,test
2022-09-22,TLT,-3.7417111,0.023713492,-4.118495,0.016268982,N-BEATS(L=90),5,test
2022-09-23,GLD,-4.1513968,0.015742414,-4.301713,0.013545336,N-BEATS(L=90),5,test
2022-09-23,SPY,-3.4084628,0.033092033,-4.179903,0.015299991,N-BEATS(L=90),5,test
2022-09-23,TLT,-3.6989503,0.024749493,-4.317488,0.013333332,N-BEATS(L=90),5,test
2022-09-26,GLD,-4.135861,0.015988894,-4.094099,0.01667076,N-BEATS(L=90),5,test
2022-09-26,SPY,-3.3812757,0.03400405,-4.1961007,0.015054163,N-BEATS(L=90),5,test
2022-09-26,TLT,-3.709014,0.024501672,-4.163546,0.01555231,N-BEATS(L=90),5,test
2022-09-27,GLD,-4.0769153,0.0169597,-4.284251,0.013783939,N-BEATS(L=90),5,test
2022-09-27,SPY,-3.3363423,0.03556681,-4.2076383,0.014881473,N-BEATS(L=90),5,test
2022-09-27,TLT,-3.7275205,0.0240524,-4.163566,0.015551999,N-BEATS(L=90),5,test
2022-09-28,GLD,-4.0610557,0.01723082,-4.2996716,0.013573015,N-BEATS(L=90),5,test
2022-09-28,SPY,-3.3445446,0.035276275,-4.122438,0.016204959,N-BEATS(L=90),5,test
2022-09-28,TLT,-3.777258,0.02288536,-4.1897535,0.015150018,N-BEATS(L=90),5,test
2022-09-29,GLD,-4.1547046,0.015690425,-4.285609,0.013765239,N-BEATS(L=90),5,test
2022-09-29,SPY,-3.3641672,0.03459081,-3.9183486,0.01987389,N-BEATS(L=90),5,test
2022-09-29,TLT,-3.7756703,0.02292172,-4.0873146,0.016784245,N-BEATS(L=90),5,test
2022-09-30,GLD,-4.186366,0.015201425,-4.372943,0.012614064,N-BEATS(L=90),5,test
2022-09-30,SPY,-3.2803223,0.03761613,-4.0967875,0.016626002,N-BEATS(L=90),5,test
2022-09-30,TLT,-3.9296854,0.019649854,-3.9262145,0.019718176,N-BEATS(L=90),5,test
2022-10-03,GLD,-4.29903,0.0135817295,-4.512255,0.0109736845,N-BEATS(L=90),5,test
2022-10-03,SPY,-3.3253345,0.035960488,-3.7703521,0.023043947,N-BEATS(L=90),5,test
2022-10-03,TLT,-3.9378443,0.019490184,-3.6843195,0.025114259,N-BEATS(L=90),5,test
2022-10-04,GLD,-4.258592,0.0141421985,-4.2771406,0.0138823,N-BEATS(L=90),5,test
2022-10-04,SPY,-3.4000692,0.03337096,-3.532271,0.029238442,N-BEATS(L=90),5,test
2022-10-04,TLT,-3.809571,0.022157682,-3.6658473,0.025582487,N-BEATS(L=90),5,test
2022-10-05,GLD,-4.355262,0.012839078,-4.1524196,0.01572632,N-BEATS(L=90),5,test
2022-10-05,SPY,-3.4877877,0.030568423,-3.6221523,0.026725093,N-BEATS(L=90),5,test
2022-10-05,TLT,-3.8387325,0.021520862,-3.9669333,0.018931402,N-BEATS(L=90),5,test
2022-10-06,GLD,-4.092407,0.016698986,-4.3393364,0.013045182,N-BEATS(L=90),5,test
2022-10-06,SPY,-3.270518,0.037986744,-3.5519805,0.028667808,N-BEATS(L=90),5,test
2022-10-06,TLT,-3.7406065,0.0237397,-3.8947074,0.020349327,N-BEATS(L=90),5,test
2022-10-07,GLD,-4.0919433,0.016706737,-4.4297585,0.011917367,N-BEATS(L=90),5,test
2022-10-07,SPY,-3.3200471,0.036151126,-3.5023346,0.030126967,N-BEATS(L=90),5,test
2022-10-07,TLT,-3.718927,0.024259986,-4.0199227,0.017954351,N-BEATS(L=90),5,test
2022-10-10,GLD,-4.056618,0.017307451,-4.3440723,0.012983547,N-BEATS(L=90),5,test
2022-10-10,SPY,-3.2185488,0.040013082,-3.5680957,0.028209522,N-BEATS(L=90),5,test
2022-10-10,TLT,-3.7255147,0.024100693,-3.818358,0.021963837,N-BEATS(L=90),5,test
2022-10-11,GLD,-4.152758,0.015720997,-4.631637,0.009738803,N-BEATS(L=90),5,test
2022-10-11,SPY,-3.2258604,0.039721593,-3.5379612,0.029072538,N-BEATS(L=90),5,test
2022-10-11,TLT,-3.7752762,0.022930756,-3.995925,0.018390428,N-BEATS(L=90),5,test
2022-10-12,GLD,-4.15548,0.015678266,-4.2087293,0.014865246,N-BEATS(L=90),5,test
2022-10-12,SPY,-3.193698,0.0410199,-3.5658474,0.028273016,N-BEATS(L=90),5,test
2022-10-12,TLT,-3.775699,0.022921065,-4.0239434,0.017882308,N-BEATS(L=90),5,test
2022-10-13,GLD,-4.2779427,0.013871171,-4.4196987,0.012037858,N-BEATS(L=90),5,test
2022-10-13,SPY,-3.3303328,0.035781197,-3.7357621,0.023854984,N-BEATS(L=90),5,test
2022-10-13,TLT,-3.8551087,0.021171302,-3.8832684,0.020583441,N-BEATS(L=90),5,test
2022-10-14,GLD,-4.2172375,0.014739306,-4.2914796,0.013684663,N-BEATS(L=90),5,test
2022-10-14,SPY,-3.3676648,0.034470037,-3.6356483,0.026366837,N-BEATS(L=90),5,test
2022-10-14,TLT,-3.7812092,0.022795111,-3.768703,0.023081983,N-BEATS(L=90),5,test
2022-10-17,GLD,-4.2854443,0.013767504,-4.5084767,0.011015226,N-BEATS(L=90),5,test
2022-10-17,SPY,-3.4945564,0.030362213,-3.6563556,0.025826463,N-BEATS(L=90),5,test
2022-10-17,TLT,-3.7216003,0.024195217,-3.9527698,0.019201444,N-BEATS(L=90),5,test
2022-10-18,GLD,-4.2855835,0.0137655875,-4.199102,0.01500905,N-BEATS(L=90),5,test
2022-10-18,SPY,-3.573493,0.028057678,-3.5280604,0.02936181,N-BEATS(L=90),5,test
2022-10-18,TLT,-3.8188882,0.021952193,-3.8781908,0.02068822,N-BEATS(L=90),5,test
2022-10-19,GLD,-4.282355,0.013810104,-4.188879,0.015163274,N-BEATS(L=90),5,test
2022-10-19,SPY,-3.5827487,0.027799184,-3.509396,0.029914975,N-BEATS(L=90),5,test
2022-10-19,TLT,-3.840889,0.021474503,-3.769184,0.02307088,N-BEATS(L=90),5,test
2022-10-20,GLD,-4.484207,0.011285832,-4.1659317,0.015515253,N-BEATS(L=90),5,test
2022-10-20,SPY,-3.6784313,0.025262574,-3.679719,0.025230065,N-BEATS(L=90),5,test
2022-10-20,TLT,-3.791103,0.022570696,-3.975368,0.018772392,N-BEATS(L=90),5,test
2022-10-21,GLD,-4.624563,0.009807938,-4.300547,0.013561137,N-BEATS(L=90),5,test
2022-10-21,SPY,-3.7816637,0.022784755,-3.7044945,0.024612656,N-BEATS(L=90),5,test
2022-10-21,TLT,-3.8776708,0.020698981,-3.9940705,0.018424563,N-BEATS(L=90),5,test
2022-10-24,GLD,-4.6293287,0.009761309,-4.0751305,0.016989999,N-BEATS(L=90),5,test
2022-10-24,SPY,-3.9049103,0.02014276,-3.6731308,0.025396835,N-BEATS(L=90),5,test
2022-10-24,TLT,-3.90793,0.02008203,-4.0624256,0.01720723,N-BEATS(L=90),5,test
2022-10-25,GLD,-4.6051297,0.010000405,-4.3424206,0.013005011,N-BEATS(L=90),5,test
2022-10-25,SPY,-3.859835,0.021071479,-3.7946806,0.022490088,N-BEATS(L=90),5,test
2022-10-25,TLT,-3.861409,0.021038337,-3.8891728,0.020462265,N-BEATS(L=90),5,test
2022-10-26,GLD,-4.1645393,0.015536871,-4.6575217,0.009489952,N-BEATS(L=90),5,test
2022-10-26,SPY,-3.5946357,0.027470687,-3.8525271,0.021226028,N-BEATS(L=90),5,test
2022-10-26,TLT,-3.7503629,0.023509214,-4.019307,0.017965408,N-BEATS(L=90),5,test
2022-10-27,GLD,-4.1530547,0.015716335,-4.4839168,0.0112891095,N-BEATS(L=90),5,test
2022-10-27,SPY,-3.5810914,0.027845291,-3.7335854,0.023906967,N-BEATS(L=90),5,test
2022-10-27,TLT,-3.815655,0.022023285,-4.113616,0.016348552,N-BEATS(L=90),5,test
2022-10-28,GLD,-4.1170397,0.016292674,-4.534635,0.010730823,N-BEATS(L=90),5,test
2022-10-28,SPY,-3.481459,0.0307625,-3.76235,0.023229087,N-BEATS(L=90),5,test
2022-10-28,TLT,-3.8128476,0.0220852,-4.035298,0.017680412,N-BEATS(L=90),5,test
2022-10-31,GLD,-4.1361794,0.015983801,-4.462167,0.011537338,N-BEATS(L=90),5,test
2022-10-31,SPY,-3.459466,0.03144655,-3.796368,0.022452174,N-BEATS(L=90),5,test
2022-10-31,TLT,-3.9118648,0.020003166,-3.933428,0.019576449,N-BEATS(L=90),5,test
2022-11-01,GLD,-3.980353,0.018679041,-4.588489,0.010168211,N-BEATS(L=90),5,test
2022-11-01,SPY,-3.4117594,0.03298312,-3.954834,0.01916185,N-BEATS(L=90),5,test
2022-11-01,TLT,-3.904732,0.020146353,-3.9106398,0.020027684,N-BEATS(L=90),5,test
2022-11-02,GLD,-4.141489,0.015899159,-4.424436,0.011980966,N-BEATS(L=90),5,test
2022-11-02,SPY,-3.5950243,0.027460014,-4.036251,0.017663568,N-BEATS(L=90),5,test
2022-11-02,TLT,-3.9900625,0.018498559,-3.8891864,0.020461988,N-BEATS(L=90),5,test
2022-11-03,GLD,-4.11867,0.016266134,-4.4507875,0.011669373,N-BEATS(L=90),5,test
2022-11-03,SPY,-3.548615,0.02876445,-3.8245265,0.021828769,N-BEATS(L=90),5,test
2022-11-03,TLT,-3.9869006,0.018557142,-3.8651059,0.020960703,N-BEATS(L=90),5,test
2022-11-04,GLD,-4.16191,0.015577775,-4.4818883,0.011312032,N-BEATS(L=90),5,test
2022-11-04,SPY,-3.6834357,0.025136465,-3.7218719,0.024188647,N-BEATS(L=90),5,test
2022-11-04,TLT,-4.065151,0.017160393,-4.049804,0.017425787,N-BEATS(L=90),5,test
2022-11-07,GLD,-4.152036,0.01573235,-4.300162,0.013566364,N-BEATS(L=90),5,test
2022-11-07,SPY,-3.6760774,0.02532211,-3.719953,0.024235105,N-BEATS(L=90),5,test
2022-11-07,TLT,-4.0782113,0.016937735,-3.9306347,0.019631209,N-BEATS(L=90),5,test
2022-11-08,GLD,-4.3105545,0.013426103,-4.517934,0.010911546,N-BEATS(L=90),5,test
2022-11-08,SPY,-3.6843798,0.025112744,-3.838063,0.021535276,N-BEATS(L=90),5,test
2022-11-08,TLT,-4.141234,0.015903216,-4.025855,0.017848156,N-BEATS(L=90),5,test
2022-11-09,GLD,-4.474345,0.011397683,-4.4904294,0.0112158265,N-BEATS(L=90),5,test
2022-11-09,SPY,-3.7554483,0.023389962,-3.788407,0.022631623,N-BEATS(L=90),5,test
2022-11-09,TLT,-4.141697,0.015895855,-3.9741108,0.018796006,N-BEATS(L=90),5,test
2022-11-10,GLD,-4.5767784,0.010287987,-4.3158164,0.013355642,N-BEATS(L=90),5,test
2022-11-10,SPY,-3.902711,0.020187112,-3.6124575,0.026985448,N-BEATS(L=90),5,test
2022-11-10,TLT,-4.237502,0.014443626,-3.944182,0.019367054,N-BEATS(L=90),5,test
2022-11-11,GLD,-4.600312,0.010048698,-4.2299614,0.014552953,N-BEATS(L=90),5,test
2022-11-11,SPY,-3.9257104,0.019728117,-3.5392404,0.029035375,N-BEATS(L=90),5,test
2022-11-11,TLT,-4.187124,0.015189911,-3.9843264,0.018604973,N-BEATS(L=90),5,test
2022-11-14,GLD,-4.55634,0.010500418,-4.266464,0.014031307,N-BEATS(L=90),5,test
2022-11-14,SPY,-3.9983268,0.018346312,-3.640948,0.026227467,N-BEATS(L=90),5,test
2022-11-14,TLT,-4.194451,0.0150790205,-3.8352802,0.021595286,N-BEATS(L=90),5,test
2022-11-15,GLD,-4.755871,0.008601052,-4.0665393,0.01713659,N-BEATS(L=90),5,test
2022-11-15,SPY,-4.2305217,0.014544801,-3.6970909,0.024795555,N-BEATS(L=90),5,test
2022-11-15,TLT,-4.200042,0.01499495,-4.014796,0.01804664,N-BEATS(L=90),5,test
2022-11-16,GLD,-4.679444,0.009284176,-4.059866,0.017251331,N-BEATS(L=90),5,test
2022-11-16,SPY,-4.2380843,0.014435219,-3.6557586,0.025841886,N-BEATS(L=90),5,test
2022-11-16,TLT,-4.3319654,0.013141693,-3.977981,0.018723402,N-BEATS(L=90),5,test
2022-11-17,GLD,-4.695404,0.009137175,-4.2559466,0.014179662,N-BEATS(L=90),5,test
2022-11-17,SPY,-4.3271933,0.013204557,-3.781752,0.02278274,N-BEATS(L=90),5,test
2022-11-17,TLT,-4.3989954,0.01228968,-3.98813,0.01853434,N-BEATS(L=90),5,test
2022-11-18,GLD,-4.7180295,0.008932763,-4.3756647,0.012579777,N-BEATS(L=90),5,test
2022-11-18,SPY,-4.293196,0.013661192,-3.9021378,0.020198686,N-BEATS(L=90),5,test
2022-11-18,TLT,-4.40369,0.012232122,-4.022661,0.017905252,N-BEATS(L=90),5,test
2022-11-21,GLD,-4.7428555,0.008713728,-4.523018,0.010856211,N-BEATS(L=90),5,test
2022-11-21,SPY,-4.2485776,0.014284538,-3.7954497,0.022472797,N-BEATS(L=90),5,test
2022-11-21,TLT,-4.3559732,0.012829947,-4.0412884,0.017574815,N-BEATS(L=90),5,test
2022-11-22,GLD,-4.3941107,0.012349859,-4.4145017,0.012100583,N-BEATS(L=90),5,test
2022-11-22,SPY,-3.8805685,0.020639088,-3.8701687,0.020854851,N-BEATS(L=90),5,test
2022-11-22,TLT,-4.3232946,0.013256137,-4.2354956,0.014472636,N-BEATS(L=90),5,test
2022-11-23,GLD,-4.4287553,0.0119293295,-4.583728,0.010216739,N-BEATS(L=90),5,test
2022-11-23,SPY,-3.817125,0.021990933,-4.017772,0.017993005,N-BEATS(L=90),5,test
2022-11-23,TLT,-4.144431,0.015852451,-4.091928,0.016706992,N-BEATS(L=90),5,test
2022-11-25,GLD,-4.333085,0.013126987,-4.709946,0.0090052625,N-BEATS(L=90),5,test
2022-11-25,SPY,-3.7742627,0.02295401,-4.060156,0.01724633,N-BEATS(L=90),5,test
2022-11-25,TLT,-3.9003499,0.02023483,-4.1429453,0.015876023,N-BEATS(L=90),5,test
2022-11-28,GLD,-4.255577,0.014184902,-4.7158003,0.008952699,N-BEATS(L=90),5,test
2022-11-28,SPY,-3.7571352,0.02335054,-4.135927,0.015987834,N-BEATS(L=90),5,test
2022-11-28,TLT,-3.901808,0.020205347,-4.34443,0.012978905,N-BEATS(L=90),5,test
2022-11-29,GLD,-4.25543,0.014186986,-4.6280956,0.009773353,N-BEATS(L=90),5,test
2022-11-29,SPY,-3.6758478,0.025327925,-4.338106,0.01306124,N-BEATS(L=90),5,test
2022-11-29,TLT,-3.8959584,0.020323886,-4.2393775,0.014416563,N-BEATS(L=90),5,test
2022-11-30,GLD,-4.466449,0.01148804,-4.5875983,0.010177271,N-BEATS(L=90),5,test
2022-11-30,SPY,-3.8967984,0.020306822,-4.135858,0.01598894,N-BEATS(L=90),5,test
2022-11-30,TLT,-3.8843846,0.020560477,-4.329038,0.013180219,N-BEATS(L=90),5,test
2022-12-01,GLD,-4.4583817,0.01158109,-4.541976,0.010652337,N-BEATS(L=90),5,test
2022-12-01,SPY,-3.9319894,0.01960463,-4.1631737,0.015558103,N-BEATS(L=90),5,test
2022-12-01,TLT,-3.9638615,0.018989645,-4.356413,0.012824307,N-BEATS(L=90),5,test
2022-12-02,GLD,-4.448679,0.011694005,-4.417466,0.012064763,N-BEATS(L=90),5,test
2022-12-02,SPY,-3.9209683,0.019821892,-4.117644,0.016282834,N-BEATS(L=90),5,test
2022-12-02,TLT,-4.1208134,0.016231308,-4.2414913,0.014386121,N-BEATS(L=90),5,test
2022-12-05,GLD,-4.5388017,0.010686205,-4.4864984,0.011260004,N-BEATS(L=90),5,test
2022-12-05,SPY,-3.9978476,0.018355105,-4.2216573,0.014674305,N-BEATS(L=90),5,test
2022-12-05,TLT,-4.033695,0.01770877,-4.30033,0.01356408,N-BEATS(L=90),5,test
2022-12-06,GLD,-4.4281497,0.011936556,-4.48032,0.011329787,N-BEATS(L=90),5,test
2022-12-06,SPY,-3.876201,0.020729428,-4.0091214,0.018149333,N-BEATS(L=90),5,test
2022-12-06,TLT,-4.0391273,0.017612835,-4.2213354,0.014679029,N-BEATS(L=90),5,test
2022-12-07,GLD,-4.3422885,0.013006728,-4.222371,0.014663834,N-BEATS(L=90),5,test
2022-12-07,SPY,-3.6790562,0.025246792,-3.9353056,0.019539727,N-BEATS(L=90),5,test
2022-12-07,TLT,-3.9972115,0.018366784,-4.160627,0.0155977765,N-BEATS(L=90),5,test
2022-12-08,GLD,-4.332706,0.013131965,-4.3460236,0.012958238,N-BEATS(L=90),5,test
2022-12-08,SPY,-3.6260502,0.026621124,-3.876983,0.020713225,N-BEATS(L=90),5,test
2022-12-08,TLT,-3.988943,0.018519277,-3.8090634,0.022168932,N-BEATS(L=90),5,test
2022-12-09,GLD,-4.40727,0.012188408,-4.430959,0.011903066,N-BEATS(L=90),5,test
2022-12-09,SPY,-3.6002183,0.027317759,-3.9396243,0.019455522,N-BEATS(L=90),5,test
2022-12-09,TLT,-3.9575884,0.019109141,-4.0099344,0.018134585,N-BEATS(L=90),5,test
2022-12-12,GLD,-4.39481,0.012341223,-4.3927817,0.012366282,N-BEATS(L=90),5,test
2022-12-12,SPY,-3.5779922,0.027931724,-3.9179397,0.019882016,N-BEATS(L=90),5,test
2022-12-12,TLT,-4.0768747,0.016960388,-4.048519,0.017448194,N-BEATS(L=90),5,test
2022-12-13,GLD,-4.4721594,0.011422623,-4.1690817,0.015466456,N-BEATS(L=90),5,test
2022-12-13,SPY,-3.7064567,0.02456441,-3.8229363,0.021863509,N-BEATS(L=90),5,test
2022-12-13,TLT,-4.130899,0.016068427,-4.137822,0.015957566,N-BEATS(L=90),5,test
2022-12-14,GLD,-4.6037188,0.010014525,-4.373199,0.012610834,N-BEATS(L=90),5,test
2022-12-14,SPY,-3.9065878,0.020109,-3.7510543,0.023492964,N-BEATS(L=90),5,test
2022-12-14,TLT,-4.1231976,0.016192654,-4.1557035,0.015674759,N-BEATS(L=90),5,test
2022-12-15,GLD,-4.5226784,0.010859897,-4.357522,0.0128100915,N-BEATS(L=90),5,test
2022-12-15,SPY,-3.617966,0.02683721,-3.8498683,0.021282539,N-BEATS(L=90),5,test
2022-12-15,TLT,-4.149523,0.015771942,-4.2377324,0.014440299,N-BEATS(L=90),5,test
2022-12-16,GLD,-4.4976935,0.011134649,-4.3671656,0.01268715,N-BEATS(L=90),5,test
2022-12-16,SPY,-3.6432476,0.026167225,-3.898034,0.020281745,N-BEATS(L=90),5,test
2022-12-16,TLT,-4.3111906,0.013417565,-4.2725043,0.013946812,N-BEATS(L=90),5,test
2022-12-19,GLD,-4.182037,0.015267378,-4.532611,0.010752565,N-BEATS(L=90),5,test
2022-12-19,SPY,-3.671136,0.025447547,-3.8644505,0.020974446,N-BEATS(L=90),5,test
2022-12-19,TLT,-4.2413993,0.0143874455,-4.121693,0.016217034,N-BEATS(L=90),5,test
2022-12-20,GLD,-4.1807046,0.015287732,-4.439166,0.011805779,N-BEATS(L=90),5,test
2022-12-20,SPY,-3.6355028,0.02637067,-3.607663,0.027115144,N-BEATS(L=90),5,test
2022-12-20,TLT,-4.1694283,0.015461096,-4.019915,0.01795449,N-BEATS(L=90),5,test
2022-12-21,GLD,-4.195877,0.01505753,-4.565317,0.010406578,N-BEATS(L=90),5,test
2022-12-21,SPY,-3.6320431,0.026462063,-3.6268108,0.026600884,N-BEATS(L=90),5,test
2022-12-21,TLT,-4.2570157,0.01416451,-4.056391,0.017311387,N-BEATS(L=90),5,test
2022-12-22,GLD,-4.239418,0.014415979,-4.4244413,0.011980902,N-BEATS(L=90),5,test
2022-12-22,SPY,-4.033807,0.017706795,-3.9183545,0.01987377,N-BEATS(L=90),5,test
2022-12-22,TLT,-4.165059,0.015528797,-4.10358,0.016513452,N-BEATS(L=90),5,test
2022-12-23,GLD,-4.1295056,0.01609083,-4.213334,0.014796952,N-BEATS(L=90),5,test
2022-12-23,SPY,-3.8267055,0.021781256,-3.7962427,0.022454983,N-BEATS(L=90),5,test
2022-12-23,TLT,-4.0451384,0.017507283,-4.1254945,0.016155504,N-BEATS(L=90),5,test
2022-12-27,GLD,-4.3870473,0.0124373995,-4.471289,0.011432568,N-BEATS(L=90),5,test
2022-12-27,SPY,-3.7487795,0.023546467,-3.759818,0.023287976,N-BEATS(L=90),5,test
2022-12-27,TLT,-4.012937,0.018080214,-4.170583,0.015443258,N-BEATS(L=90),5,test
2022-12-28,GLD,-4.396977,0.012314511,-4.4282293,0.011935605,N-BEATS(L=90),5,test
2022-12-28,SPY,-3.838925,0.021516722,-3.8070164,0.022214359,N-BEATS(L=90),5,test
2022-12-28,TLT,-4.0445337,0.01751787,-4.0347357,0.017690355,N-BEATS(L=90),5,test
2022-12-29,GLD,-4.218379,0.01472249,-4.5332665,0.010745518,N-BEATS(L=90),5,test
2022-12-29,SPY,-3.6645725,0.02561512,-3.9346511,0.01955252,N-BEATS(L=90),5,test
2022-12-29,TLT,-3.9528377,0.01920014,-4.273878,0.013927666,N-BEATS(L=90),5,test
2022-12-30,GLD,-4.216501,0.014750161,-4.334614,0.013106935,N-BEATS(L=90),5,test
2022-12-30,SPY,-3.6263912,0.026612049,-3.9089828,0.020060897,N-BEATS(L=90),5,test
2022-12-30,TLT,-3.9570553,0.019119332,-4.3176284,0.013331464,N-BEATS(L=90),5,test
2023-01-03,GLD,-4.373566,0.0126062045,-4.459178,0.011571872,N-BEATS(L=90),5,test
2023-01-03,SPY,-3.7775464,0.022878759,-3.8910577,0.020423733,N-BEATS(L=90),5,test
2023-01-03,TLT,-3.9832683,0.018624669,-4.319808,0.013302437,N-BEATS(L=90),5,test
2023-01-04,GLD,-4.3953466,0.012334604,-4.272314,0.013949466,N-BEATS(L=90),5,test
2023-01-04,SPY,-3.8678033,0.02090424,-3.7935119,0.022516388,N-BEATS(L=90),5,test
2023-01-04,TLT,-4.047509,0.017465824,-4.250998,0.014250005,N-BEATS(L=90),5,test
2023-01-05,GLD,-4.3186235,0.013318202,-4.16094,0.015592891,N-BEATS(L=90),5,test
2023-01-05,SPY,-3.7653182,0.023160243,-3.9070494,0.02009972,N-BEATS(L=90),5,test
2023-01-05,TLT,-3.7005503,0.024709925,-4.238209,0.014433422,N-BEATS(L=90),5,test
2023-01-06,GLD,-4.5080953,0.011019429,-4.236261,0.014461564,N-BEATS(L=90),5,test
2023-01-06,SPY,-4.002979,0.01826116,-4.0833807,0.016850403,N-BEATS(L=90),5,test
2023-01-06,TLT,-3.7202606,0.024227653,-4.205557,0.01491248,N-BEATS(L=90),5,test
2023-01-09,GLD,-4.523612,0.010849764,-4.3498645,0.012908562,N-BEATS(L=90),5,test
2023-01-09,SPY,-4.125846,0.016149828,-4.085297,0.016818142,N-BEATS(L=90),5,test
2023-01-09,TLT,-3.7400932,0.023751888,-4.138283,0.015950218,N-BEATS(L=90),5,test
2023-01-10,GLD,-4.420221,0.012031575,-4.537,0.010705473,N-BEATS(L=90),5,test
2023-01-10,SPY,-4.0002584,0.018310906,-4.0467916,0.017478364,N-BEATS(L=90),5,test
2023-01-10,TLT,-3.7009497,0.024700059,-4.0508976,0.017406743,N-BEATS(L=90),5,test
2023-01-11,GLD,-4.3795285,0.012531266,-4.2944937,0.013643478,N-BEATS(L=90),5,test
2023-01-11,SPY,-3.9765315,0.018750563,-4.071598,0.01705012,N-BEATS(L=90),5,test
2023-01-11,TLT,-3.6952827,0.02484043,-4.123078,0.016194593,N-BEATS(L=90),5,test
2023-01-12,GLD,-4.5015182,0.011092143,-4.3380446,0.013062044,N-BEATS(L=90),5,test
2023-01-12,SPY,-3.9915965,0.018470204,-3.8946047,0.020351417,N-BEATS(L=90),5,test
2023-01-12,TLT,-4.035394,0.01767871,-4.0677476,0.017115897,N-BEATS(L=90),5,test
2023-01-13,GLD,-4.435307,0.011851426,-4.5143437,0.01095079,N-BEATS(L=90),5,test
2023-01-13,SPY,-3.902532,0.020190721,-4.2128386,0.014804284,N-BEATS(L=90),5,test
2023-01-13,TLT,-4.14568,0.015832666,-4.0401244,0.017595284,N-BEATS(L=90),5,test
2023-01-17,GLD,-4.315883,0.01335475,-4.354295,0.0128515,N-BEATS(L=90),5,test
2023-01-17,SPY,-3.8976355,0.02028983,-3.9117417,0.020005627,N-BEATS(L=90),5,test
2023-01-17,TLT,-3.9689758,0.018892774,-4.1205087,0.016236253,N-BEATS(L=90),5,test
2023-01-18,GLD,-4.3761053,0.012574236,-4.6416717,0.009641566,N-BEATS(L=90),5,test
2023-01-18,SPY,-3.8919182,0.020406166,-3.9879353,0.01853795,N-BEATS(L=90),5,test
2023-01-18,TLT,-4.038291,0.017627573,-4.2134643,0.014795026,N-BEATS(L=90),5,test
2023-01-19,GLD,-4.332194,0.013138692,-4.398997,0.012289662,N-BEATS(L=90),5,test
2023-01-19,SPY,-3.8676076,0.020908331,-4.047544,0.017465217,N-BEATS(L=90),5,test
2023-01-19,TLT,-4.0049443,0.018225305,-4.1091146,0.016422307,N-BEATS(L=90),5,test
2023-01-20,GLD,-4.2826457,0.013806087,-4.562491,0.010436031,N-BEATS(L=90),5,test
2023-01-20,SPY,-3.9272342,0.01969808,-4.104319,0.016501252,N-BEATS(L=90),5,test
2023-01-20,TLT,-4.0262427,0.017841239,-4.08987,0.01674141,N-BEATS(L=90),5,test
2023-01-23,GLD,-4.372145,0.012624131,-4.592055,0.010132018,N-BEATS(L=90),5,test
2023-01-23,SPY,-4.0002337,0.01831136,-3.9171093,0.019898534,N-BEATS(L=90),5,test
2023-01-23,TLT,-3.9976099,0.018359467,-3.9531438,0.019194264,N-BEATS(L=90),5,test
2023-01-24,GLD,-4.5057564,0.011045232,-4.70896,0.009014147,N-BEATS(L=90),5,test
2023-01-24,SPY,-4.000821,0.018300606,-3.8723722,0.020808948,N-BEATS(L=90),5,test
2023-01-24,TLT,-4.0955834,0.016646031,-4.0474963,0.01746605,N-BEATS(L=90),5,test
2023-01-25,GLD,-4.2440166,0.014349838,-4.5834274,0.010219809,N-BEATS(L=90),5,test
2023-01-25,SPY,-3.7686164,0.02308398,-3.8945706,0.020352112,N-BEATS(L=90),5,test
2023-01-25,TLT,-3.914566,0.019949203,-4.13983,0.015925556,N-BEATS(L=90),5,test
2023-01-26,GLD,-4.220899,0.014685435,-4.485174,0.011274924,N-BEATS(L=90),5,test
2023-01-26,SPY,-3.7597597,0.023289338,-3.865399,0.020954562,N-BEATS(L=90),5,test
2023-01-26,TLT,-3.91766,0.019887578,-4.118044,0.016276322,N-BEATS(L=90),5,test
2023-01-27,GLD,-4.1609473,0.01559278,-4.4821897,0.011308624,N-BEATS(L=90),5,test
2023-01-27,SPY,-3.7228832,0.024164196,-4.000658,0.01830359,N-BEATS(L=90),5,test
2023-01-27,TLT,-3.8883152,0.02047982,-4.0965214,0.016630426,N-BEATS(L=90),5,test
2023-01-30,GLD,-4.129366,0.016093079,-4.591584,0.010136787,N-BEATS(L=90),5,test
2023-01-30,SPY,-3.7497282,0.02352414,-4.101053,0.01655523,N-BEATS(L=90),5,test
2023-01-30,TLT,-3.9176416,0.019887943,-4.328715,0.01318448,N-BEATS(L=90),5,test
2023-01-31,GLD,-4.0649014,0.017164683,-4.414288,0.012103168,N-BEATS(L=90),5,test
2023-01-31,SPY,-3.6594856,0.025745753,-4.058727,0.017270995,N-BEATS(L=90),5,test
2023-01-31,TLT,-3.9449608,0.019351974,-4.323802,0.013249413,N-BEATS(L=90),5,test
2023-02-01,GLD,-4.2371073,0.014449329,-4.5225716,0.010861058,N-BEATS(L=90),5,test
2023-02-01,SPY,-3.9136648,0.01996719,-4.209209,0.014858117,N-BEATS(L=90),5,test
2023-02-01,TLT,-4.170014,0.015452045,-4.3211546,0.013284536,N-BEATS(L=90),5,test
2023-02-02,GLD,-4.2780137,0.013870185,-4.557096,0.010492485,N-BEATS(L=90),5,test
2023-02-02,SPY,-3.8794408,0.020662377,-4.10272,0.016527662,N-BEATS(L=90),5,test
2023-02-02,TLT,-4.090002,0.016739199,-4.145499,0.01583553,N-BEATS(L=90),5,test
2023-02-03,GLD,-4.4053764,0.012211509,-4.3853335,0.012458732,N-BEATS(L=90),5,test
2023-02-03,SPY,-3.9761207,0.018758267,-4.2638745,0.014067691,N-BEATS(L=90),5,test
2023-02-03,TLT,-4.0938263,0.016675306,-4.174715,0.015379573,N-BEATS(L=90),5,test
2023-02-06,GLD,-4.443715,0.011752197,-4.5330787,0.010747537,N-BEATS(L=90),5,test
2023-02-06,SPY,-3.9798715,0.01868804,-4.3183613,0.013321696,N-BEATS(L=90),5,test
2023-02-06,TLT,-4.0848613,0.016825473,-4.3524556,0.012875157,N-BEATS(L=90),5,test
2023-02-07,GLD,-4.3876476,0.012429935,-4.5870104,0.010183257,N-BEATS(L=90),5,test
2023-02-07,SPY,-4.0120983,0.018095385,-4.584565,0.010208188,N-BEATS(L=90),5,test
2023-02-07,TLT,-3.9805849,0.018674714,-4.4543376,0.01162802,N-BEATS(L=90),5,test
2023-02-08,GLD,-4.413677,0.012110563,-4.490477,0.011215292,N-BEATS(L=90),5,test
2023-02-08,SPY,-4.0372915,0.017645199,-4.3118353,0.013408918,N-BEATS(L=90),5,test
2023-02-08,TLT,-3.9330406,0.019584034,-4.2630258,0.014079636,N-BEATS(L=90),5,test
2023-02-09,GLD,-4.3964477,0.012321031,-4.360555,0.012771295,N-BEATS(L=90),5,test
2023-02-09,SPY,-4.1032214,0.016519373,-4.2749944,0.013912127,N-BEATS(L=90),5,test
2023-02-09,TLT,-4.029283,0.017787078,-4.132826,0.016037496,N-BEATS(L=90),5,test
2023-02-10,GLD,-4.3279114,0.013195078,-4.3384085,0.013057292,N-BEATS(L=90),5,test
2023-02-10,SPY,-4.087857,0.016775148,-4.1540203,0.015701165,N-BEATS(L=90),5,test
2023-02-10,TLT,-4.0443153,0.017521696,-4.1365,0.01597868,N-BEATS(L=90),5,test
2023-02-13,GLD,-4.306461,0.013481177,-4.2472687,0.014303247,N-BEATS(L=90),5,test
2023-02-13,SPY,-4.048699,0.017445058,-4.247924,0.014293879,N-BEATS(L=90),5,test
2023-02-13,TLT,-4.035844,0.017670762,-4.0591416,0.017263832,N-BEATS(L=90),5,test
2023-02-14,GLD,-4.4774084,0.011362823,-4.385673,0.012454503,N-BEATS(L=90),5,test
2023-02-14,SPY,-4.181446,0.0152764,-4.1868196,0.015194533,N-BEATS(L=90),5,test
2023-02-14,TLT,-4.24835,0.0142877875,-4.175573,0.015366386,N-BEATS(L=90),5,test
2023-02-15,GLD,-4.449317,0.011686547,-4.0623946,0.017207764,N-BEATS(L=90),5,test
2023-02-15,SPY,-4.038946,0.017616028,-4.1192966,0.016255945,N-BEATS(L=90),5,test
2023-02-15,TLT,-4.3915596,0.012381404,-4.3113036,0.013416049,N-BEATS(L=90),5,test
2023-02-16,GLD,-4.6048164,0.010003538,-4.5126705,0.0109691275,N-BEATS(L=90),5,test
2023-02-16,SPY,-4.0853515,0.016817227,-4.4929,0.011188152,N-BEATS(L=90),5,test
2023-02-16,TLT,-4.2831526,0.013799091,-4.125018,0.016163202,N-BEATS(L=90),5,test
2023-02-17,GLD,-4.7965665,0.008258052,-4.224129,0.014638076,N-BEATS(L=90),5,test
2023-02-17,SPY,-4.050171,0.017419398,-4.2764087,0.013892465,N-BEATS(L=90),5,test
2023-02-17,TLT,-4.2955627,0.0136289,-4.2075734,0.014882438,N-BEATS(L=90),5,test
2023-02-21,GLD,-4.69154,0.009172551,-4.2416987,0.014383138,N-BEATS(L=90),5,test
2023-02-21,SPY,-4.087706,0.016777676,-4.2513833,0.014244515,N-BEATS(L=90),5,test
2023-02-21,TLT,-4.2312293,0.014534513,-4.1158504,0.016312063,N-BEATS(L=90),5,test
2023-02-22,GLD,-4.684823,0.009234369,-4.285189,0.013771016,N-BEATS(L=90),5,test
2023-02-22,SPY,-4.1183066,0.016272046,-4.221287,0.014679743,N-BEATS(L=90),5,test
2023-02-22,TLT,-4.1728826,0.015407782,-4.1090426,0.01642349,N-BEATS(L=90),5,test
2023-02-23,GLD,-4.759617,0.008568892,-4.555657,0.010507596,N-BEATS(L=90),5,test
2023-02-23,SPY,-4.211222,0.014828235,-4.286678,0.013750531,N-BEATS(L=90),5,test
2023-02-23,TLT,-4.2068644,0.014892994,-4.277636,0.013875424,N-BEATS(L=90),5,test
2023-02-24,GLD,-4.6235533,0.009817849,-4.5051165,0.011052303,N-BEATS(L=90),5,test
2023-02-24,SPY,-4.203048,0.014949936,-3.9223144,0.019795228,N-BEATS(L=90),5,test
2023-02-24,TLT,-4.242079,0.014377673,-4.097522,0.016613796,N-BEATS(L=90),5,test
2023-02-27,GLD,-4.6373744,0.009683088,-4.555669,0.01050747,N-BEATS(L=90),5,test
2023-02-27,SPY,-4.246142,0.014319373,-4.0915713,0.01671295,N-BEATS(L=90),5,test
2023-02-27,TLT,-4.21631,0.014752982,-3.9634657,0.018997163,N-BEATS(L=90),5,test
2023-02-28,GLD,-4.7052083,0.009048029,-4.6463203,0.00959685,N-BEATS(L=90),5,test
2023-02-28,SPY,-4.1681094,0.015481502,-4.3055034,0.013494091,N-BEATS(L=90),5,test
2023-02-28,TLT,-4.1084595,0.016433071,-4.2423425,0.014373882,N-BEATS(L=90),5,test
2023-03-01,GLD,-4.689301,0.009193109,-4.6025825,0.010025911,N-BEATS(L=90),5,test
2023-03-01,SPY,-4.1764655,0.015352676,-4.195736,0.0150596555,N-BEATS(L=90),5,test
2023-03-01,TLT,-4.017918,0.01799038,-4.133613,0.016024875,N-BEATS(L=90),5,test
2023-03-02,GLD,-4.6538544,0.0095248185,-4.346023,0.012958244,N-BEATS(L=90),5,test
2023-03-02,SPY,-3.9263573,0.01971536,-4.196442,0.0150490245,N-BEATS(L=90),5,test
2023-03-02,TLT,-3.9667044,0.018935736,-4.0784254,0.01693411,N-BEATS(L=90),5,test
2023-03-03,GLD,-4.7423487,0.008718146,-4.398623,0.012294258,N-BEATS(L=90),5,test
2023-03-03,SPY,-3.763654,0.023198817,-4.1177487,0.016281126,N-BEATS(L=90),5,test
2023-03-03,TLT,-3.9770572,0.018740708,-4.269184,0.013993195,N-BEATS(L=90),5,test
2023-03-06,GLD,-4.6042485,0.010009221,-4.352363,0.012876349,N-BEATS(L=90),5,test
2023-03-06,SPY,-3.5722878,0.028091513,-4.2795286,0.013849189,N-BEATS(L=90),5,test
2023-03-06,TLT,-3.5413172,0.028975135,-4.2628474,0.014082148,N-BEATS(L=90),5,test
2023-03-07,GLD,-4.582422,0.010230091,-4.4296503,0.0119186565,N-BEATS(L=90),5,test
2023-03-07,SPY,-3.5313263,0.029266074,-4.118812,0.016263824,N-BEATS(L=90),5,test
2023-03-07,TLT,-3.5330517,0.02921562,-4.2046523,0.014925974,N-BEATS(L=90),5,test
2023-03-08,GLD,-4.2880282,0.013731975,-4.469904,0.011448416,N-BEATS(L=90),5,test
2023-03-08,SPY,-3.5017486,0.030144628,-4.060342,0.017243125,N-BEATS(L=90),5,test
2023-03-08,TLT,-3.4636571,0.03131503,-4.1394043,0.01593234,N-BEATS(L=90),5,test
2023-03-09,GLD,-4.2225556,0.014661128,-4.6267447,0.009786565,N-BEATS(L=90),5,test
2023-03-09,SPY,-3.557865,0.028499609,-4.310978,0.013420419,N-BEATS(L=90),5,test
2023-03-09,TLT,-3.3778129,0.034122,-4.2581162,0.01414893,N-BEATS(L=90),5,test
2023-03-10,GLD,-3.9706028,0.018862061,-4.555004,0.010514457,N-BEATS(L=90),5,test
2023-03-10,SPY,-3.6285899,0.026553603,-4.130257,0.016078744,N-BEATS(L=90),5,test
2023-03-10,TLT,-3.3673491,0.034480922,-4.2809167,0.013829978,N-BEATS(L=90),5,test
2023-03-13,GLD,-3.9469788,0.019312961,-4.700828,0.009087749,N-BEATS(L=90),5,test
2023-03-13,SPY,-3.850957,0.021259382,-4.1430974,0.01587361,N-BEATS(L=90),5,test
2023-03-13,TLT,-3.6356628,0.026366454,-4.225204,0.014622351,N-BEATS(L=90),5,test
2023-03-14,GLD,-3.9036522,0.020168118,-4.6678143,0.009392777,N-BEATS(L=90),5,test
2023-03-14,SPY,-3.9634254,0.018997928,-3.995764,0.018393388,N-BEATS(L=90),5,test
2023-03-14,TLT,-3.700086,0.024721397,-4.1290555,0.016098076,N-BEATS(L=90),5,test
2023-03-15,GLD,-3.9158192,0.019924222,-4.6218553,0.009834534,N-BEATS(L=90),5,test
2023-03-15,SPY,-3.786227,0.022681016,-3.930015,0.019643376,N-BEATS(L=90),5,test
2023-03-15,TLT,-3.8441286,0.021405045,-4.0458374,0.017495047,N-BEATS(L=90),5,test
2023-03-16,GLD,-3.88515,0.020544747,-4.5120983,0.0109754065,N-BEATS(L=90),5,test
2023-03-16,SPY,-3.6763172,0.025316037,-4.1765695,0.015351079,N-BEATS(L=90),5,test
2023-03-16,TLT,-4.034444,0.017695518,-4.1974483,0.0150338905,N-BEATS(L=90),5,test
2023-03-17,GLD,-4.048687,0.017445266,-4.588854,0.010164502,N-BEATS(L=90),5,test
2023-03-17,SPY,-3.6677563,0.025533695,-4.0465045,0.017483382,N-BEATS(L=90),5,test
2023-03-17,TLT,-4.0522366,0.017383453,-4.11796,0.016277688,N-BEATS(L=90),5,test
2023-03-20,GLD,-4.0857773,0.016810069,-4.3856363,0.0124549605,N-BEATS(L=90),5,test
2023-03-20,SPY,-3.670598,0.02546124,-3.9413571,0.019421838,N-BEATS(L=90),5,test
2023-03-20,TLT,-3.991518,0.018471653,-3.9576793,0.019107405,N-BEATS(L=90),5,test
2023-03-21,GLD,-4.166165,0.015511636,-4.2151732,0.014769763,N-BEATS(L=90),5,test
2023-03-21,SPY,-3.6819723,0.025173277,-4.040769,0.017583944,N-BEATS(L=90),5,test
2023-03-21,TLT,-4.018445,0.017980903,-3.837844,0.021539994,N-BEATS(L=90),5,test
2023-03-22,GLD,-4.362794,0.012742735,-3.798903,0.022395326,N-BEATS(L=90),5,test
2023-03-22,SPY,-3.8879323,0.020487664,-4.1620126,0.015576178,N-BEATS(L=90),5,test
2023-03-22,TLT,-4.11544,0.01631876,-3.953525,0.019186947,N-BEATS(L=90),5,test
2023-03-23,GLD,-4.4820757,0.011309913,-4.0329924,0.017721223,N-BEATS(L=90),5,test
2023-03-23,SPY,-4.276882,0.013885888,-3.862292,0.021019766,N-BEATS(L=90),5,test
2023-03-23,TLT,-4.275685,0.0139025245,-3.8029585,0.022304686,N-BEATS(L=90),5,test
2023-03-24,GLD,-4.517913,0.010911774,-3.8433986,0.021420678,N-BEATS(L=90),5,test
2023-03-24,SPY,-4.4967537,0.011145119,-3.9378412,0.019490246,N-BEATS(L=90),5,test
2023-03-24,TLT,-4.2656207,0.014043148,-3.7865689,0.022673262,N-BEATS(L=90),5,test
2023-03-27,GLD,-4.464953,0.011505237,-4.050872,0.017407192,N-BEATS(L=90),5,test
2023-03-27,SPY,-4.5559235,0.010504795,-3.8771632,0.02070949,N-BEATS(L=90),5,test
2023-03-27,TLT,-4.2812552,0.013825297,-3.8668885,0.02092337,N-BEATS(L=90),5,test
2023-03-28,GLD,-4.3152366,0.013363387,-4.022697,0.017904611,N-BEATS(L=90),5,test
2023-03-28,SPY,-4.471656,0.011428377,-3.8316455,0.021673921,N-BEATS(L=90),5,test
2023-03-28,TLT,-4.062051,0.01721368,-3.8373356,0.021550946,N-BEATS(L=90),5,test
2023-03-29,GLD,-4.208223,0.014872775,-4.283079,0.013800104,N-BEATS(L=90),5,test
2023-03-29,SPY,-4.4641604,0.011514358,-4.0811367,0.016888257,N-BEATS(L=90),5,test
2023-03-29,TLT,-4.0417137,0.01756734,-4.0876474,0.016778661,N-BEATS(L=90),5,test
2023-03-30,GLD,-4.2236233,0.014645483,-4.283035,0.013800716,N-BEATS(L=90),5,test
2023-03-30,SPY,-4.429259,0.011923323,-3.9710455,0.018853711,N-BEATS(L=90),5,test
2023-03-30,TLT,-4.065483,0.0171547,-3.9937868,0.018429792,N-BEATS(L=90),5,test
2023-03-31,GLD,-4.247154,0.014304885,-4.5385656,0.010688727,N-BEATS(L=90),5,test
2023-03-31,SPY,-4.454929,0.011621146,-3.9685078,0.018901618,N-BEATS(L=90),5,test
2023-03-31,TLT,-4.1082,0.016437333,-4.1091194,0.016422229,N-BEATS(L=90),5,test
2023-04-03,GLD,-4.322945,0.0132607715,-4.4377074,0.0118230125,N-BEATS(L=90),5,test
2023-04-03,SPY,-4.4582334,0.011582808,-3.9702694,0.018868348,N-BEATS(L=90),5,test
2023-04-03,TLT,-4.220064,0.014697702,-3.9283178,0.019676745,N-BEATS(L=90),5,test
2023-04-04,GLD,-4.40138,0.012260408,-4.4076376,0.012183928,N-BEATS(L=90),5,test
2023-04-04,SPY,-4.506016,0.011042368,-3.945126,0.019348778,N-BEATS(L=90),5,test
2023-04-04,TLT,-4.350885,0.012895396,-3.977766,0.01872743,N-BEATS(L=90),5,test
2023-04-05,GLD,-4.5147004,0.010946884,-4.180629,0.015288891,N-BEATS(L=90),5,test
2023-04-05,SPY,-4.3780155,0.012550239,-4.1660457,0.015513484,N-BEATS(L=90),5,test
2023-04-05,TLT,-4.2571745,0.014162262,-4.0521,0.017385824,N-BEATS(L=90),5,test
2023-04-06,GLD,-4.2058315,0.0149083845,-4.1498737,0.015766406,N-BEATS(L=90),5,test
2023-04-06,SPY,-4.254414,0.014201409,-4.127239,0.01612734,N-BEATS(L=90),5,test
2023-04-06,TLT,-4.2215977,0.0146751795,-4.1235723,0.016186588,N-BEATS(L=90),5,test
2023-04-10,GLD,-4.1475587,0.01580295,-4.084928,0.01682435,N-BEATS(L=90),5,test
2023-04-10,SPY,-4.2596574,0.014127142,-4.1396017,0.015929194,N-BEATS(L=90),5,test
2023-04-10,TLT,-4.256576,0.014170739,-4.311501,0.0134134,N-BEATS(L=90),5,test
2023-04-11,GLD,-4.08352,0.016848058,-4.372456,0.012620206,N-BEATS(L=90),5,test
2023-04-11,SPY,-4.243741,0.014353793,-4.194101,0.015084299,N-BEATS(L=90),5,test
2023-04-11,TLT,-4.2354913,0.014472699,-4.243337,0.0143595915,N-BEATS(L=90),5,test
2023-04-12,GLD,-4.1323185,0.016045634,-4.3370013,0.01307568,N-BEATS(L=90),5,test
2023-04-12,SPY,-4.2854614,0.013767268,-4.0373554,0.017644072,N-BEATS(L=90),5,test
2023-04-12,TLT,-4.362474,0.012746814,-4.3489256,0.012920687,N-BEATS(L=90),5,test
2023-04-13,GLD,-4.143201,0.015871966,-4.213666,0.014792042,N-BEATS(L=90),5,test
2023-04-13,SPY,-4.3582773,0.01280042,-4.088653,0.016761795,N-BEATS(L=90),5,test
2023-04-13,TLT,-4.56631,0.010396252,-4.170736,0.015440894,N-BEATS(L=90),5,test
2023-04-14,GLD,-4.2353344,0.014474969,-4.3028517,0.013529921,N-BEATS(L=90),5,test
2023-04-14,SPY,-4.564763,0.010412346,-4.1420026,0.015890997,N-BEATS(L=90),5,test
2023-04-14,TLT,-4.514625,0.010947709,-3.9792156,0.018700302,N-BEATS(L=90),5,test
2023-04-17,GLD,-4.278624,0.013861722,-4.2794647,0.013850073,N-BEATS(L=90),5,test
2023-04-17,SPY,-4.572048,0.010336766,-4.135429,0.015995802,N-BEATS(L=90),5,test
2023-04-17,TLT,-4.5639677,0.010420631,-4.059305,0.017261008,N-BEATS(L=90),5,test
2023-04-18,GLD,-4.2763886,0.013892743,-4.1295652,0.016089873,N-BEATS(L=90),5,test
2023-04-18,SPY,-4.5220428,0.010866803,-4.356576,0.012822216,N-BEATS(L=90),5,test
2023-04-18,TLT,-4.587846,0.010174753,-4.2016373,0.014971045,N-BEATS(L=90),5,test
2023-04-19,GLD,-4.2107644,0.014835024,-4.1762204,0.015356439,N-BEATS(L=90),5,test
2023-04-19,SPY,-4.442409,0.011767556,-4.3018007,0.013544148,N-BEATS(L=90),5,test
2023-04-19,TLT,-4.387224,0.012435199,-4.085842,0.016808977,N-BEATS(L=90),5,test
2023-04-20,GLD,-4.1939344,0.01508681,-4.052321,0.017381985,N-BEATS(L=90),5,test
2023-04-20,SPY,-4.426555,0.011955604,-4.3041544,0.013512307,N-BEATS(L=90),5,test
2023-04-20,TLT,-4.3825254,0.012493767,-4.36718,0.012686969,N-BEATS(L=90),5,test
2023-04-21,GLD,-4.3513,0.012890047,-4.0962343,0.0166352,N-BEATS(L=90),5,test
2023-04-21,SPY,-4.4395776,0.011800922,-4.2927346,0.013667499,N-BEATS(L=90),5,test
2023-04-21,TLT,-4.3897085,0.012404344,-4.125091,0.016162023,N-BEATS(L=90),5,test
2023-04-24,GLD,-4.354355,0.012850728,-4.0428114,0.01754807,N-BEATS(L=90),5,test
2023-04-24,SPY,-4.443674,0.011752679,-4.348922,0.012920736,N-BEATS(L=90),5,test
2023-04-24,TLT,-4.0799923,0.016907595,-4.14431,0.015854372,N-BEATS(L=90),5,test
2023-04-25,GLD,-4.3415275,0.013016631,-4.0689697,0.017094992,N-BEATS(L=90),5,test
2023-04-25,SPY,-4.2207623,0.014687445,-4.460863,0.011552388,N-BEATS(L=90),5,test
2023-04-25,TLT,-4.0311027,0.017754741,-4.3024917,0.013534793,N-BEATS(L=90),5,test
2023-04-26,GLD,-4.3163686,0.013348268,-3.9812627,0.01866206,N-BEATS(L=90),5,test
2023-04-26,SPY,-4.121066,0.016227206,-4.315236,0.013363394,N-BEATS(L=90),5,test
2023-04-26,TLT,-4.034045,0.017702574,-4.429843,0.011916361,N-BEATS(L=90),5,test
2023-04-27,GLD,-4.230977,0.014538179,-4.0539193,0.017354224,N-BEATS(L=90),5,test
2023-04-27,SPY,-4.136094,0.015985167,-4.2425723,0.014370578,N-BEATS(L=90),5,test
2023-04-27,TLT,-3.9435453,0.019379387,-4.202534,0.014957624,N-BEATS(L=90),5,test
2023-04-28,GLD,-4.1931314,0.015098929,-4.069615,0.017083967,N-BEATS(L=90),5,test
2023-04-28,SPY,-4.0811076,0.016888749,-4.5101957,0.010996307,N-BEATS(L=90),5,test
2023-04-28,TLT,-3.9645064,0.018977402,-4.3606963,0.012769493,N-BEATS(L=90),5,test
2023-05-01,GLD,-4.2145967,0.01477828,-4.0155478,0.018033074,N-BEATS(L=90),5,test
2023-05-01,SPY,-4.089481,0.016747925,-4.557116,0.010492275,N-BEATS(L=90),5,test
2023-05-01,TLT,-4.189053,0.015160634,-4.234821,0.014482405,N-BEATS(L=90),5,test
2023-05-02,GLD,-4.3024354,0.0135355545,-4.457902,0.0115866475,N-BEATS(L=90),5,test
2023-05-02,SPY,-4.3214216,0.01328099,-4.3495,0.012913265,N-BEATS(L=90),5,test
2023-05-02,TLT,-4.2736077,0.013931432,-4.239352,0.0144169275,N-BEATS(L=90),5,test
2023-05-03,GLD,-4.310871,0.013421852,-4.370066,0.012650403,N-BEATS(L=90),5,test
2023-05-03,SPY,-4.299589,0.013574135,-4.4400496,0.011795353,N-BEATS(L=90),5,test
2023-05-03,TLT,-4.4707985,0.011438179,-4.129813,0.016085884,N-BEATS(L=90),5,test
2023-05-04,GLD,-4.3956094,0.012331364,-4.581426,0.010240282,N-BEATS(L=90),5,test
2023-05-04,SPY,-4.334649,0.013106473,-4.4775105,0.011361663,N-BEATS(L=90),5,test
2023-05-04,TLT,-4.6951594,0.00913941,-4.094266,0.016667977,N-BEATS(L=90),5,test
2023-05-05,GLD,-4.453758,0.011634764,-4.531135,0.010768446,N-BEATS(L=90),5,test
2023-05-05,SPY,-4.307812,0.013462972,-4.5046616,0.011057332,N-BEATS(L=90),5,test
2023-05-05,TLT,-4.6614194,0.009453035,-4.116316,0.016304472,N-BEATS(L=90),5,test
2023-05-08,GLD,-4.4893627,0.011227797,-4.258917,0.014137607,N-BEATS(L=90),5,test
2023-05-08,SPY,-4.2615004,0.01410113,-4.497531,0.011136459,N-BEATS(L=90),5,test
2023-05-08,TLT,-4.7172475,0.008939751,-4.269221,0.013992681,N-BEATS(L=90),5,test
2023-05-09,GLD,-4.368197,0.012674072,-4.2785,0.013863441,N-BEATS(L=90),5,test
2023-05-09,SPY,-4.241712,0.014382945,-4.6784453,0.009293451,N-BEATS(L=90),5,test
2023-05-09,TLT,-4.6616488,0.009450868,-4.308888,0.013448496,N-BEATS(L=90),5,test
2023-05-10,GLD,-4.479654,0.011337337,-4.4601164,0.0115610175,N-BEATS(L=90),5,test
2023-05-10,SPY,-4.3239455,0.013247512,-4.4161906,0.012080163,N-BEATS(L=90),5,test
2023-05-10,TLT,-4.6063414,0.009988295,-4.40384,0.0122302845,N-BEATS(L=90),5,test
2023-05-11,GLD,-4.5759244,0.010296777,-4.2896137,0.01371022,N-BEATS(L=90),5,test
2023-05-11,SPY,-4.289895,0.013706364,-4.248334,0.014288018,N-BEATS(L=90),5,test
2023-05-11,TLT,-4.724737,0.008873045,-4.308512,0.013453551,N-BEATS(L=90),5,test
2023-05-12,GLD,-4.3769317,0.01256385,-4.400065,0.012276542,N-BEATS(L=90),5,test
2023-05-12,SPY,-4.3676224,0.012681357,-4.5040092,0.011064547,N-BEATS(L=90),5,test
2023-05-12,TLT,-4.627061,0.009783472,-4.3761644,0.012573493,N-BEATS(L=90),5,test
2023-05-15,GLD,-4.368552,0.01266957,-4.7029862,0.009068157,N-BEATS(L=90),5,test
2023-05-15,SPY,-4.375407,0.012583017,-4.256067,0.014177958,N-BEATS(L=90),5,test
2023-05-15,TLT,-4.457382,0.011592671,-4.334795,0.01310456,N-BEATS(L=90),5,test
2023-05-16,GLD,-4.466286,0.011489908,-4.793707,0.008281701,N-BEATS(L=90),5,test
2023-05-16,SPY,-4.2637916,0.014068858,-4.421657,0.012014307,N-BEATS(L=90),5,test
2023-05-16,TLT,-4.4167476,0.012073437,-4.442752,0.011763522,N-BEATS(L=90),5,test
2023-05-17,GLD,-4.4518003,0.01165756,-4.6524844,0.009537877,N-BEATS(L=90),5,test
2023-05-17,SPY,-4.3752646,0.012584811,-4.5895643,0.010157282,N-BEATS(L=90),5,test
2023-05-17,TLT,-4.450351,0.011674466,-4.5402417,0.010670827,N-BEATS(L=90),5,test
2023-05-18,GLD,-4.4574327,0.011592085,-4.505034,0.011053215,N-BEATS(L=90),5,test
2023-05-18,SPY,-4.342399,0.013005289,-4.463246,0.011524894,N-BEATS(L=90),5,test
2023-05-18,TLT,-4.3964477,0.012321031,-4.440801,0.011786492,N-BEATS(L=90),5,test
2023-05-19,GLD,-4.6952696,0.009138403,-4.643913,0.009619983,N-BEATS(L=90),5,test
2023-05-19,SPY,-4.3097215,0.013437292,-4.389915,0.012401784,N-BEATS(L=90),5,test
2023-05-19,TLT,-4.4282537,0.011935315,-4.511556,0.010981359,N-BEATS(L=90),5,test
2023-05-22,GLD,-4.6449814,0.009609709,-4.5414786,0.010657636,N-BEATS(L=90),5,test
2023-05-22,SPY,-4.288251,0.013728918,-4.3931155,0.012362154,N-BEATS(L=90),5,test
2023-05-22,TLT,-4.4796276,0.011337634,-4.438385,0.011815004,N-BEATS(L=90),5,test
2023-05-23,GLD,-4.6051455,0.0100002475,-4.4519515,0.011655798,N-BEATS(L=90),5,test
2023-05-23,SPY,-4.368492,0.012670332,-4.246525,0.014313891,N-BEATS(L=90),5,test
2023-05-23,TLT,-4.4341908,0.011864663,-4.349564,0.01291244,N-BEATS(L=90),5,test
2023-05-24,GLD,-4.5812626,0.010241956,-4.351834,0.012883166,N-BEATS(L=90),5,test
2023-05-24,SPY,-4.2221117,0.014667638,-4.5323005,0.010755904,N-BEATS(L=90),5,test
2023-05-24,TLT,-4.327105,0.013205722,-4.212805,0.014804786,N-BEATS(L=90),5,test
2023-05-25,GLD,-4.497231,0.0111398,-4.410731,0.012146298,N-BEATS(L=90),5,test
2023-05-25,SPY,-4.228447,0.014575008,-4.386682,0.0124419425,N-BEATS(L=90),5,test
2023-05-25,TLT,-4.325391,0.013228379,-4.357068,0.0128159085,N-BEATS(L=90),5,test
2023-05-26,GLD,-4.4672422,0.011478928,-4.483196,0.011297252,N-BEATS(L=90),5,test
2023-05-26,SPY,-4.2590084,0.0141363125,-4.52474,0.01083753,N-BEATS(L=90),5,test
2023-05-26,TLT,-4.237483,0.014443901,-4.4504323,0.011673519,N-BEATS(L=90),5,test
2023-05-30,GLD,-4.4766016,0.011371994,-4.52553,0.010828975,N-BEATS(L=90),5,test
2023-05-30,SPY,-4.311042,0.013419561,-4.424479,0.011980452,N-BEATS(L=90),5,test
2023-05-30,TLT,-4.2017384,0.014969531,-4.320423,0.013294257,N-BEATS(L=90),5,test
2023-05-31,GLD,-4.2907944,0.013694042,-4.317424,0.0133341905,N-BEATS(L=90),5,test
2023-05-31,SPY,-4.309053,0.013446278,-4.5761037,0.01029493,N-BEATS(L=90),5,test
2023-05-31,TLT,-4.1495786,0.015771061,-4.330921,0.013155423,N-BEATS(L=90),5,test
2023-06-01,GLD,-4.313591,0.013385396,-4.4826183,0.011303778,N-BEATS(L=90),5,test
2023-06-01,SPY,-4.472264,0.011421431,-4.407182,0.012189478,N-BEATS(L=90),5,test
2023-06-01,TLT,-4.1743436,0.015385288,-4.486719,0.011257518,N-BEATS(L=90),5,test
2023-06-02,GLD,-4.3549085,0.012843615,-4.326439,0.013214522,N-BEATS(L=90),5,test
2023-06-02,SPY,-4.520417,0.0108844815,-4.430137,0.011912855,N-BEATS(L=90),5,test
2023-06-02,TLT,-4.144311,0.015854357,-4.290016,0.013704703,N-BEATS(L=90),5,test
2023-06-05,GLD,-4.411916,0.012131914,-4.2708383,0.013970068,N-BEATS(L=90),5,test
2023-06-05,SPY,-4.5471063,0.010597827,-4.1347933,0.016005974,N-BEATS(L=90),5,test
2023-06-05,TLT,-4.140531,0.015914397,-4.2049093,0.014922139,N-BEATS(L=90),5,test
2023-06-06,GLD,-4.319587,0.013305374,-4.462687,0.011531337,N-BEATS(L=90),5,test
2023-06-06,SPY,-4.5423737,0.010648102,-4.3687143,0.012667516,N-BEATS(L=90),5,test
2023-06-06,TLT,-4.1123004,0.016370073,-4.194605,0.015076699,N-BEATS(L=90),5,test
2023-06-07,GLD,-4.4772334,0.011364811,-4.3596306,0.012783109,N-BEATS(L=90),5,test
2023-06-07,SPY,-4.352336,0.012876699,-4.28772,0.013736205,N-BEATS(L=90),5,test
2023-06-07,TLT,-4.1974754,0.015033482,-4.261557,0.01410033,N-BEATS(L=90),5,test
2023-06-08,GLD,-4.4480457,0.0117014125,-4.262375,0.014088804,N-BEATS(L=90),5,test
2023-06-08,SPY,-4.2263837,0.014605111,-4.3926606,0.012367779,N-BEATS(L=90),5,test
2023-06-08,TLT,-4.1637034,0.015549863,-4.0837364,0.01684441,N-BEATS(L=90),5,test
2023-06-09,GLD,-4.430104,0.011913253,-4.5182023,0.010908617,N-BEATS(L=90),5,test
2023-06-09,SPY,-4.2173944,0.014736994,-4.124718,0.01616805,N-BEATS(L=90),5,test
2023-06-09,TLT,-4.1812673,0.015279133,-4.0458317,0.017495148,N-BEATS(L=90),5,test
2023-06-12,GLD,-4.435925,0.011844105,-4.4648843,0.011506028,N-BEATS(L=90),5,test
2023-06-12,SPY,-4.1962786,0.015051486,-4.4276614,0.011942386,N-BEATS(L=90),5,test
2023-06-12,TLT,-4.3144345,0.01337411,-4.154758,0.015689587,N-BEATS(L=90),5,test
2023-06-13,GLD,-4.44379,0.011751317,-4.5209074,0.010879148,N-BEATS(L=90),5,test
2023-06-13,SPY,-4.196098,0.015054206,-4.397717,0.012305401,N-BEATS(L=90),5,test
2023-06-13,TLT,-4.3109426,0.013420893,-4.259089,0.0141351735,N-BEATS(L=90),5,test
2023-06-14,GLD,-4.495681,0.011157082,-4.4839554,0.011288674,N-BEATS(L=90),5,test
2023-06-14,SPY,-4.373852,0.012602605,-4.2961545,0.013620838,N-BEATS(L=90),5,test
2023-06-14,TLT,-4.268648,0.014000697,-4.0996275,0.01657885,N-BEATS(L=90),5,test
2023-06-15,GLD,-4.4633646,0.011523526,-4.5836506,0.010217528,N-BEATS(L=90),5,test
2023-06-15,SPY,-4.589274,0.010160233,-4.249454,0.014272024,N-BEATS(L=90),5,test
2023-06-15,TLT,-4.308207,0.013457657,-4.026766,0.017831909,N-BEATS(L=90),5,test
2023-06-16,GLD,-4.5351176,0.010725645,-4.51491,0.010944588,N-BEATS(L=90),5,test
2023-06-16,SPY,-4.5981097,0.010070855,-4.076566,0.016965622,N-BEATS(L=90),5,test
2023-06-16,TLT,-4.3413076,0.013019492,-4.108805,0.01642739,N-BEATS(L=90),5,test
2023-06-20,GLD,-4.452469,0.01164977,-4.4567146,0.011600412,N-BEATS(L=90),5,test
2023-06-20,SPY,-4.572058,0.010336663,-4.2941885,0.013647642,N-BEATS(L=90),5,test
2023-06-20,TLT,-4.218465,0.014721227,-4.18781,0.0151794925,N-BEATS(L=90),5,test
2023-06-21,GLD,-4.583725,0.010216768,-4.4251614,0.011972279,N-BEATS(L=90),5,test
2023-06-21,SPY,-4.549666,0.010570735,-4.281615,0.013820327,N-BEATS(L=90),5,test
2023-06-21,TLT,-4.252245,0.014232247,-4.169339,0.015462475,N-BEATS(L=90),5,test
2023-06-22,GLD,-4.535459,0.010721984,-4.272255,0.01395029,N-BEATS(L=90),5,test
2023-06-22,SPY,-4.551489,0.010551482,-4.4128933,0.012120061,N-BEATS(L=90),5,test
2023-06-22,TLT,-4.2831655,0.013798913,-4.173233,0.015402383,N-BEATS(L=90),5,test
2023-06-23,GLD,-4.5871787,0.010181543,-4.3392286,0.013046588,N-BEATS(L=90),5,test
2023-06-23,SPY,-4.5442967,0.010627644,-4.372762,0.012616344,N-BEATS(L=90),5,test
2023-06-23,TLT,-4.272717,0.013943846,-4.2599354,0.014123215,N-BEATS(L=90),5,test
2023-06-26,GLD,-4.547472,0.010593952,-4.3154316,0.013360782,N-BEATS(L=90),5,test
2023-06-26,SPY,-4.666353,0.009406511,-4.347227,0.012942651,N-BEATS(L=90),5,test
2023-06-26,TLT,-4.202964,0.014951198,-4.2045817,0.014927028,N-BEATS(L=90),5,test
2023-06-27,GLD,-4.6537013,0.009526277,-4.4458647,0.0117269615,N-BEATS(L=90),5,test
2023-06-27,SPY,-4.851373,0.007817635,-4.464072,0.011515374,N-BEATS(L=90),5,test
2023-06-27,TLT,-4.2153497,0.014767157,-4.14324,0.015871346,N-BEATS(L=90),5,test
2023-06-28,GLD,-4.6288767,0.009765723,-4.3518753,0.012882631,N-BEATS(L=90),5,test
2023-06-28,SPY,-4.8242655,0.008032451,-4.262904,0.014081349,N-BEATS(L=90),5,test
2023-06-28,TLT,-4.251757,0.014239192,-4.273294,0.013935803,N-BEATS(L=90),5,test
2023-06-29,GLD,-4.6782303,0.00929545,-4.3508873,0.012895365,N-BEATS(L=90),5,test
2023-06-29,SPY,-4.591679,0.010135825,-4.3294992,0.013174143,N-BEATS(L=90),5,test
2023-06-29,TLT,-4.2843566,0.013782486,-4.4547606,0.011623102,N-BEATS(L=90),5,test
2023-06-30,GLD,-4.7681994,0.008495663,-4.5269856,0.010813222,N-BEATS(L=90),5,test
2023-06-30,SPY,-4.6456866,0.009602934,-4.479415,0.011340045,N-BEATS(L=90),5,test
2023-06-30,TLT,-4.340842,0.0130255595,-4.483518,0.011293611,N-BEATS(L=90),5,test
2023-07-03,GLD,-4.816454,0.008095443,-4.509406,0.011004995,N-BEATS(L=90),5,test
2023-07-03,SPY,-4.5469255,0.010599743,-4.3946257,0.0123435,N-BEATS(L=90),5,test
2023-07-03,TLT,-4.4193316,0.012042279,-4.4192114,0.012043727,N-BEATS(L=90),5,test
2023-07-05,GLD,-4.852476,0.0078090173,-4.5250416,0.010834264,N-BEATS(L=90),5,test
2023-07-05,SPY,-4.5077224,0.011023539,-4.574366,0.010312835,N-BEATS(L=90),5,test
2023-07-05,TLT,-4.3685923,0.012669063,-4.327471,0.013200893,N-BEATS(L=90),5,test
2023-07-06,GLD,-4.9790444,0.0068806345,-4.643531,0.009623658,N-BEATS(L=90),5,test
2023-07-06,SPY,-4.5413074,0.010659461,-4.5538316,0.010526793,N-BEATS(L=90),5,test
2023-07-06,TLT,-4.370821,0.012640858,-4.0330377,0.01772042,N-BEATS(L=90),5,test
2023-07-07,GLD,-5.082192,0.0062062903,-4.6385984,0.009671243,N-BEATS(L=90),5,test
2023-07-07,SPY,-4.700206,0.009093406,-4.2937293,0.013653911,N-BEATS(L=90),5,test
2023-07-07,TLT,-4.376074,0.012574632,-4.1984973,0.015018128,N-BEATS(L=90),5,test
2023-07-10,GLD,-5.006177,0.006696455,-4.393711,0.012354794,N-BEATS(L=90),5,test
2023-07-10,SPY,-4.6670275,0.00940017,-4.4910264,0.011209133,N-BEATS(L=90),5,test
2023-07-10,TLT,-4.3865213,0.012443942,-4.381861,0.012502068,N-BEATS(L=90),5,test
2023-07-11,GLD,-4.6828437,0.009252665,-4.535722,0.010719168,N-BEATS(L=90),5,test
2023-07-11,SPY,-4.629937,0.009755372,-4.5859756,0.0101938,N-BEATS(L=90),5,test
2023-07-11,TLT,-4.421143,0.012020485,-4.351644,0.012885611,N-BEATS(L=90),5,test
2023-07-12,GLD,-4.637003,0.009686686,-4.6184835,0.009867749,N-BEATS(L=90),5,test
2023-07-12,SPY,-4.648157,0.009579239,-4.6291685,0.009762874,N-BEATS(L=90),5,test
2023-07-12,TLT,-4.531225,0.010767476,-4.3502836,0.012903152,N-BEATS(L=90),5,test
2023-07-13,GLD,-4.599225,0.010059629,-4.7033615,0.0090647545,N-BEATS(L=90),5,test
2023-07-13,SPY,-4.6006913,0.0100448895,-4.605194,0.009999761,N-BEATS(L=90),5,test
2023-07-13,TLT,-4.4865026,0.011259955,-4.391235,0.012385425,N-BEATS(L=90),5,test
2023-07-14,GLD,-4.6388936,0.009668388,-4.714399,0.008965254,N-BEATS(L=90),5,test
2023-07-14,SPY,-4.674343,0.009331653,-4.6155777,0.009896465,N-BEATS(L=90),5,test
2023-07-14,TLT,-4.4816413,0.011314827,-4.1672864,0.015494249,N-BEATS(L=90),5,test
2023-07-17,GLD,-4.624263,0.0098108845,-4.631131,0.0097437315,N-BEATS(L=90),5,test
2023-07-17,SPY,-4.6601114,0.009465408,-4.5495534,0.010571925,N-BEATS(L=90),5,test
2023-07-17,TLT,-4.4637103,0.011519543,-4.239968,0.014408056,N-BEATS(L=90),5,test
2023-07-18,GLD,-4.7617445,0.008550679,-4.569687,0.010361203,N-BEATS(L=90),5,test
2023-07-18,SPY,-4.753424,0.008622121,-4.605326,0.00999844,N-BEATS(L=90),5,test
2023-07-18,TLT,-4.43618,0.011841084,-4.5139356,0.01095526,N-BEATS(L=90),5,test
2023-07-19,GLD,-4.7082686,0.009020382,-4.749141,0.008659128,N-BEATS(L=90),5,test
2023-07-19,SPY,-4.6531224,0.009531793,-4.524822,0.01083664,N-BEATS(L=90),5,test
2023-07-19,TLT,-4.5112267,0.010984977,-4.3740983,0.012599498,N-BEATS(L=90),5,test
2023-07-20,GLD,-4.739123,0.008746315,-4.5727105,0.010329923,N-BEATS(L=90),5,test
2023-07-20,SPY,-4.449849,0.011680329,-4.7093663,0.009010485,N-BEATS(L=90),5,test
2023-07-20,TLT,-4.2411723,0.014390712,-4.5367007,0.010708679,N-BEATS(L=90),5,test
2023-07-21,GLD,-4.7071786,0.009030219,-4.6889873,0.009195995,N-BEATS(L=90),5,test
2023-07-21,SPY,-4.2631273,0.014078206,-4.7728906,0.008455902,N-BEATS(L=90),5,test
2023-07-21,TLT,-4.239087,0.014420751,-4.3748884,0.012589547,N-BEATS(L=90),5,test
2023-07-24,GLD,-4.737861,0.008757357,-4.584745,0.010206353,N-BEATS(L=90),5,test
2023-07-24,SPY,-4.2799544,0.013843293,-4.728537,0.008839393,N-BEATS(L=90),5,test
2023-07-24,TLT,-4.241645,0.014383913,-4.447784,0.011704476,N-BEATS(L=90),5,test
2023-07-25,GLD,-4.7577195,0.008585165,-4.6877565,0.0092073195,N-BEATS(L=90),5,test
2023-07-25,SPY,-4.301807,0.013544064,-4.799202,0.008236317,N-BEATS(L=90),5,test
2023-07-25,TLT,-4.2074757,0.014883893,-4.5208526,0.010879744,N-BEATS(L=90),5,test
2023-07-26,GLD,-4.782354,0.008376259,-4.6920466,0.009167903,N-BEATS(L=90),5,test
2023-07-26,SPY,-4.316181,0.013350771,-4.736022,0.008773478,N-BEATS(L=90),5,test
2023-07-26,TLT,-4.1751266,0.015373246,-4.209873,0.014848251,N-BEATS(L=90),5,test
2023-07-27,GLD,-4.798405,0.008242883,-4.5467734,0.010601356,N-BEATS(L=90),5,test
2023-07-27,SPY,-4.454059,0.011631258,-4.7029886,0.009068135,N-BEATS(L=90),5,test
2023-07-27,TLT,-4.4456506,0.011729472,-4.500935,0.011098614,N-BEATS(L=90),5,test
2023-07-28,GLD,-4.8064322,0.0081769815,-4.5206027,0.010882462,N-BEATS(L=90),5,test
2023-07-28,SPY,-4.4052486,0.012213069,-4.6039615,0.010012095,N-BEATS(L=90),5,test
2023-07-28,TLT,-4.342261,0.013007088,-4.4418645,0.011773965,N-BEATS(L=90),5,test
2023-07-31,GLD,-4.796679,0.008257124,-4.587433,0.010178955,N-BEATS(L=90),5,test
2023-07-31,SPY,-4.3969235,0.012315169,-4.5872374,0.0101809455,N-BEATS(L=90),5,test
2023-07-31,TLT,-4.354718,0.012846059,-4.312053,0.013405996,N-BEATS(L=90),5,test
2023-08-01,GLD,-4.859407,0.0077550816,-4.613738,0.009914687,N-BEATS(L=90),5,test
2023-08-01,SPY,-4.2180204,0.01472777,-4.54689,0.010600122,N-BEATS(L=90),5,test
2023-08-01,TLT,-4.323425,0.0132544115,-4.4491405,0.011688609,N-BEATS(L=90),5,test
2023-08-02,GLD,-4.9246016,0.007265621,-4.7807307,0.008389866,N-BEATS(L=90),5,test
2023-08-02,SPY,-4.218075,0.014726969,-4.6240377,0.009813094,N-BEATS(L=90),5,test
2023-08-02,TLT,-4.416483,0.012076632,-4.5998397,0.010053447,N-BEATS(L=90),5,test
2023-08-03,GLD,-4.840436,0.007903608,-4.8242927,0.008032233,N-BEATS(L=90),5,test
2023-08-03,SPY,-4.0541463,0.017350286,-4.8157606,0.008101058,N-BEATS(L=90),5,test
2023-08-03,TLT,-4.264152,0.014063788,-4.4355,0.011849138,N-BEATS(L=90),5,test
2023-08-04,GLD,-4.849661,0.007831032,-4.806342,0.008177718,N-BEATS(L=90),5,test
2023-08-04,SPY,-4.15827,0.015634583,-4.545061,0.010619524,N-BEATS(L=90),5,test
2023-08-04,TLT,-4.334999,0.013101886,-4.4676,0.011474824,N-BEATS(L=90),5,test
2023-08-07,GLD,-4.80975,0.008149896,-4.705037,0.009049579,N-BEATS(L=90),5,test
2023-08-07,SPY,-4.1592917,0.015618616,-4.456943,0.011597763,N-BEATS(L=90),5,test
2023-08-07,TLT,-4.22252,0.014661652,-4.395397,0.012333981,N-BEATS(L=90),5,test
2023-08-08,GLD,-4.758324,0.008579976,-4.7942734,0.008277011,N-BEATS(L=90),5,test
2023-08-08,SPY,-4.2669454,0.014024558,-4.5247555,0.010837364,N-BEATS(L=90),5,test
2023-08-08,TLT,-4.2822247,0.013811901,-4.409485,0.012161441,N-BEATS(L=90),5,test
2023-08-09,GLD,-4.715602,0.008954475,-4.663628,0.009432179,N-BEATS(L=90),5,test
2023-08-09,SPY,-4.229312,0.014562407,-4.5334477,0.010743571,N-BEATS(L=90),5,test
2023-08-09,TLT,-4.1675425,0.015490281,-4.409801,0.012157598,N-BEATS(L=90),5,test
2023-08-10,GLD,-4.6702576,0.009369856,-4.5975323,0.010076672,N-BEATS(L=90),5,test
2023-08-10,SPY,-4.449933,0.011679349,-4.4719477,0.011425042,N-BEATS(L=90),5,test
2023-08-10,TLT,-4.313999,0.013379933,-4.4631805,0.011525647,N-BEATS(L=90),5,test
2023-08-11,GLD,-4.670358,0.009368913,-4.5437527,0.010633428,N-BEATS(L=90),5,test
2023-08-11,SPY,-4.407631,0.012184009,-4.444042,0.011748353,N-BEATS(L=90),5,test
2023-08-11,TLT,-4.2722607,0.013950211,-4.3093815,0.013441861,N-BEATS(L=90),5,test
2023-08-14,GLD,-4.670093,0.009371397,-4.7192416,0.008921943,N-BEATS(L=90),5,test
2023-08-14,SPY,-4.2855716,0.013765751,-4.562916,0.010431598,N-BEATS(L=90),5,test
2023-08-14,TLT,-4.3958745,0.012328095,-4.0685244,0.017102607,N-BEATS(L=90),5,test
2023-08-15,GLD,-4.703228,0.009065965,-4.673708,0.009337582,N-BEATS(L=90),5,test
2023-08-15,SPY,-4.3125095,0.013399879,-4.5939207,0.01011313,N-BEATS(L=90),5,test
2023-08-15,TLT,-4.386919,0.012438995,-4.094204,0.01666901,N-BEATS(L=90),5,test
2023-08-16,GLD,-4.7055964,0.009044518,-4.680466,0.0092746895,N-BEATS(L=90),5,test
2023-08-16,SPY,-4.354144,0.012853436,-4.401437,0.012259712,N-BEATS(L=90),5,test
2023-08-16,TLT,-4.475617,0.011383197,-4.288235,0.013729134,N-BEATS(L=90),5,test
2023-08-17,GLD,-4.744679,0.008697853,-4.4362836,0.011839858,N-BEATS(L=90),5,test
2023-08-17,SPY,-4.290483,0.013698308,-4.3374457,0.01306987,N-BEATS(L=90),5,test
2023-08-17,TLT,-4.467495,0.011476028,-4.340532,0.013029597,N-BEATS(L=90),5,test
2023-08-18,GLD,-4.546643,0.010602741,-4.667863,0.00939232,N-BEATS(L=90),5,test
2023-08-18,SPY,-4.1414104,0.01590041,-4.4846087,0.011281301,N-BEATS(L=90),5,test
2023-08-18,TLT,-4.4600296,0.011562021,-4.3576508,0.012808442,N-BEATS(L=90),5,test
2023-08-21,GLD,-4.524265,0.010842683,-4.5448427,0.010621843,N-BEATS(L=90),5,test
2023-08-21,SPY,-4.190885,0.015132885,-4.3701987,0.012648727,N-BEATS(L=90),5,test
2023-08-21,TLT,-4.4152956,0.012090979,-4.146046,0.01582687,N-BEATS(L=90),5,test
2023-08-22,GLD,-4.495246,0.0111619355,-4.6663365,0.009406667,N-BEATS(L=90),5,test
2023-08-22,SPY,-4.1388836,0.015940638,-4.27316,0.013937671,N-BEATS(L=90),5,test
2023-08-22,TLT,-4.3072605,0.013470401,-4.349653,0.012911295,N-BEATS(L=90),5,test
2023-08-23,GLD,-4.547839,0.010590063,-4.736995,0.008764943,N-BEATS(L=90),5,test
2023-08-23,SPY,-4.1567574,0.01565825,-4.426593,0.011955153,N-BEATS(L=90),5,test
2023-08-23,TLT,-4.3543515,0.012850771,-4.427792,0.011940825,N-BEATS(L=90),5,test
2023-08-24,GLD,-4.618479,0.009867796,-4.682848,0.0092526255,N-BEATS(L=90),5,test
2023-08-24,SPY,-4.2566943,0.014169063,-4.4388013,0.011810087,N-BEATS(L=90),5,test
2023-08-24,TLT,-4.3599167,0.012779452,-4.4599667,0.011562749,N-BEATS(L=90),5,test
2023-08-25,GLD,-4.698286,0.009110879,-4.5739765,0.0103168525,N-BEATS(L=90),5,test
2023-08-25,SPY,-4.465109,0.011503443,-4.4800067,0.011333337,N-BEATS(L=90),5,test
2023-08-25,TLT,-4.3627005,0.012743927,-4.557011,0.010493375,N-BEATS(L=90),5,test
2023-08-28,GLD,-4.808359,0.00816124,-4.710915,0.008996542,N-BEATS(L=90),5,test
2023-08-28,SPY,-4.5699916,0.010358047,-4.2381997,0.014433553,N-BEATS(L=90),5,test
2023-08-28,TLT,-4.4181557,0.012056448,-4.553025,0.0105352895,N-BEATS(L=90),5,test
2023-08-29,GLD,-4.782648,0.008373795,-4.506635,0.01103553,N-BEATS(L=90),5,test
2023-08-29,SPY,-4.54364,0.010634624,-4.3652434,0.01271156,N-BEATS(L=90),5,test
2023-08-29,TLT,-4.577727,0.010278234,-4.420575,0.012027313,N-BEATS(L=90),5,test
2023-08-30,GLD,-4.7976904,0.008248776,-4.5384707,0.010689741,N-BEATS(L=90),5,test
2023-08-30,SPY,-4.554261,0.0105222715,-4.3789835,0.012538097,N-BEATS(L=90),5,test
2023-08-30,TLT,-4.6064515,0.009987195,-4.4209456,0.012022858,N-BEATS(L=90),5,test
2023-08-31,GLD,-4.688501,0.009200469,-4.578296,0.010272384,N-BEATS(L=90),5,test
2023-08-31,SPY,-4.5465546,0.010603676,-4.292688,0.013668138,N-BEATS(L=90),5,test
2023-08-31,TLT,-4.560106,0.010460952,-4.3946366,0.012343365,N-BEATS(L=90),5,test
2023-09-01,GLD,-4.8869557,0.0075443545,-4.702447,0.009073049,N-BEATS(L=90),5,test
2023-09-01,SPY,-4.6364155,0.009692378,-4.4967866,0.011144752,N-BEATS(L=90),5,test
2023-09-01,TLT,-4.723676,0.008882465,-4.736187,0.0087720305,N-BEATS(L=90),5,test
2023-09-05,GLD,-4.8808613,0.0075904736,-4.5787077,0.010268157,N-BEATS(L=90),5,test
2023-09-05,SPY,-4.5473766,0.010594962,-4.4556956,0.011612239,N-BEATS(L=90),5,test
2023-09-05,TLT,-4.67164,0.009356912,-4.660804,0.009458857,N-BEATS(L=90),5,test
2023-09-06,GLD,-5.073314,0.0062616332,-4.7823567,0.008376235,N-BEATS(L=90),5,test
2023-09-06,SPY,-4.69753,0.009117772,-4.481542,0.011315949,N-BEATS(L=90),5,test
2023-09-06,TLT,-4.6396084,0.009661481,-4.6610346,0.009456674,N-BEATS(L=90),5,test
2023-09-07,GLD,-4.970481,0.00693981,-4.619957,0.00985322,N-BEATS(L=90),5,test
2023-09-07,SPY,-4.636281,0.009693681,-4.667504,0.009395693,N-BEATS(L=90),5,test
2023-09-07,TLT,-4.536991,0.01070557,-4.531001,0.010769889,N-BEATS(L=90),5,test
2023-09-08,GLD,-5.1009393,0.006091023,-4.6920037,0.009168297,N-BEATS(L=90),5,test
2023-09-08,SPY,-4.5916877,0.010135738,-4.5415983,0.010656361,N-BEATS(L=90),5,test
2023-09-08,TLT,-4.662084,0.009446754,-4.542243,0.010649493,N-BEATS(L=90),5,test
2023-09-11,GLD,-5.023913,0.006578734,-4.8244224,0.008031191,N-BEATS(L=90),5,test
2023-09-11,SPY,-4.586991,0.010183456,-4.499634,0.011113065,N-BEATS(L=90),5,test
2023-09-11,TLT,-4.6604376,0.009462321,-4.5403996,0.010669143,N-BEATS(L=90),5,test
2023-09-12,GLD,-5.026152,0.0065640197,-4.5795546,0.010259465,N-BEATS(L=90),5,test
2023-09-12,SPY,-4.559416,0.010468173,-4.5159903,0.010932773,N-BEATS(L=90),5,test
2023-09-12,TLT,-4.6619296,0.0094482135,-4.501359,0.01109391,N-BEATS(L=90),5,test
2023-09-13,GLD,-4.8184366,0.008079409,-4.8187757,0.00807667,N-BEATS(L=90),5,test
2023-09-13,SPY,-4.4822183,0.0113083,-4.633544,0.00972025,N-BEATS(L=90),5,test
2023-09-13,TLT,-4.712098,0.008985904,-4.4700885,0.011446303,N-BEATS(L=90),5,test
2023-09-14,GLD,-4.8321104,0.007969684,-4.555255,0.01051182,N-BEATS(L=90),5,test
2023-09-14,SPY,-4.4948783,0.01116604,-4.634525,0.00971072,N-BEATS(L=90),5,test
2023-09-14,TLT,-4.840037,0.007906763,-4.487499,0.011248739,N-BEATS(L=90),5,test
2023-09-15,GLD,-4.879352,0.0076019377,-4.59003,0.010152552,N-BEATS(L=90),5,test
2023-09-15,SPY,-4.449171,0.011688252,-4.633365,0.009721988,N-BEATS(L=90),5,test
2023-09-15,TLT,-4.639428,0.009663222,-4.5241866,0.010843531,N-BEATS(L=90),5,test
2023-09-18,GLD,-4.8860803,0.0075509623,-4.693951,0.00915046,N-BEATS(L=90),5,test
2023-09-18,SPY,-4.44765,0.011706044,-4.6396823,0.009660766,N-BEATS(L=90),5,test
2023-09-18,TLT,-4.5107694,0.010990001,-4.6437464,0.009621584,N-BEATS(L=90),5,test
2023-09-19,GLD,-4.829016,0.007994383,-4.499541,0.011114099,N-BEATS(L=90),5,test
2023-09-19,SPY,-4.4039755,0.012228629,-4.482819,0.011301508,N-BEATS(L=90),5,test
2023-09-19,TLT,-4.443273,0.011757392,-4.737293,0.008762335,N-BEATS(L=90),5,test
2023-09-20,GLD,-4.844523,0.007871372,-4.764685,0.008525572,N-BEATS(L=90),5,test
2023-09-20,SPY,-4.2792993,0.013852365,-4.418356,0.012054034,N-BEATS(L=90),5,test
2023-09-20,TLT,-4.239086,0.0144207645,-4.7182693,0.008930621,N-BEATS(L=90),5,test
2023-09-21,GLD,-4.597375,0.010078257,-4.621003,0.009842917,N-BEATS(L=90),5,test
2023-09-21,SPY,-4.188928,0.0151625285,-4.655178,0.00951222,N-BEATS(L=90),5,test
2023-09-21,TLT,-4.03573,0.017672777,-4.7097683,0.009006864,N-BEATS(L=90),5,test
2023-09-22,GLD,-4.4115205,0.012136711,-4.910654,0.0073676677,N-BEATS(L=90),5,test
2023-09-22,SPY,-4.1423087,0.015886134,-4.460101,0.011561194,N-BEATS(L=90),5,test
2023-09-22,TLT,-3.9404826,0.019438831,-4.5347714,0.010729359,N-BEATS(L=90),5,test
2023-09-25,GLD,-4.4130197,0.0121185295,-4.8952518,0.0074820253,N-BEATS(L=90),5,test
2023-09-25,SPY,-4.08333,0.016851256,-4.3895097,0.012406811,N-BEATS(L=90),5,test
2023-09-25,TLT,-3.9155526,0.019929532,-4.3859615,0.01245091,N-BEATS(L=90),5,test
2023-09-26,GLD,-4.351672,0.012885248,-5.0048366,0.0067054373,N-BEATS(L=90),5,test
2023-09-26,SPY,-3.9637744,0.018991297,-4.3110747,0.01341912,N-BEATS(L=90),5,test
2023-09-26,TLT,-3.8118966,0.022106213,-4.5540466,0.010524529,N-BEATS(L=90),5,test
2023-09-27,GLD,-4.386985,0.012438176,-4.8255696,0.008021983,N-BEATS(L=90),5,test
2023-09-27,SPY,-4.0012083,0.018293522,-4.395807,0.012328929,N-BEATS(L=90),5,test
2023-09-27,TLT,-3.852955,0.021216946,-4.4134,0.012113919,N-BEATS(L=90),5,test
2023-09-28,GLD,-4.5398755,0.0106747355,-4.917484,0.00731752,N-BEATS(L=90),5,test
2023-09-28,SPY,-4.0169935,0.018007021,-4.380131,0.012523721,N-BEATS(L=90),5,test
2023-09-28,TLT,-3.9780424,0.018722255,-4.365584,0.012707233,N-BEATS(L=90),5,test
2023-09-29,GLD,-4.541447,0.010657972,-4.7426653,0.0087153865,N-BEATS(L=90),5,test
2023-09-29,SPY,-3.8545957,0.021182166,-4.2730293,0.0139394915,N-BEATS(L=90),5,test
2023-09-29,TLT,-3.893296,0.02037807,-4.4425898,0.01176543,N-BEATS(L=90),5,test
2023-10-02,GLD,-4.511551,0.010981415,-4.6700554,0.00937175,N-BEATS(L=90),5,test
2023-10-02,SPY,-3.8537679,0.021199709,-4.378422,0.012545142,N-BEATS(L=90),5,test
2023-10-02,TLT,-3.7959619,0.022461291,-3.9189267,0.019862402,N-BEATS(L=90),5,test
2023-10-03,GLD,-4.601281,0.010038966,-4.8882523,0.0075345794,N-BEATS(L=90),5,test
2023-10-03,SPY,-3.931986,0.019604698,-4.030239,0.01777008,N-BEATS(L=90),5,test
2023-10-03,TLT,-3.7763402,0.02290637,-3.9687257,0.0188975,N-BEATS(L=90),5,test
2023-10-04,GLD,-4.6131124,0.009920892,-4.691405,0.00917379,N-BEATS(L=90),5,test
2023-10-04,SPY,-3.9617302,0.01903016,-3.9124777,0.019990908,N-BEATS(L=90),5,test
2023-10-04,TLT,-3.7934935,0.022516802,-3.8878226,0.020489912,N-BEATS(L=90),5,test
2023-10-05,GLD,-4.615488,0.009897352,-4.832695,0.007965026,N-BEATS(L=90),5,test
2023-10-05,SPY,-3.9248557,0.019744985,-4.014524,0.018051546,N-BEATS(L=90),5,test
2023-10-05,TLT,-3.6866734,0.025055213,-4.2108016,0.014834472,N-BEATS(L=90),5,test
2023-10-06,GLD,-4.6409698,0.009648337,-4.882079,0.0075812354,N-BEATS(L=90),5,test
2023-10-06,SPY,-4.0676904,0.017116876,-3.9382277,0.019482715,N-BEATS(L=90),5,test
2023-10-06,TLT,-3.8099215,0.022149917,-4.0583863,0.017276876,N-BEATS(L=90),5,test
2023-10-09,GLD,-4.690429,0.009182744,-4.666555,0.009404614,N-BEATS(L=90),5,test
2023-10-09,SPY,-4.1090927,0.016422668,-3.9229991,0.019781677,N-BEATS(L=90),5,test
2023-10-09,TLT,-3.9664686,0.018940201,-4.3550415,0.012841906,N-BEATS(L=90),5,test
2023-10-10,GLD,-4.636181,0.009694652,-4.4878063,0.011245285,N-BEATS(L=90),5,test
2023-10-10,SPY,-4.0883145,0.01676747,-4.0940294,0.01667192,N-BEATS(L=90),5,test
2023-10-10,TLT,-4.070204,0.017073909,-4.1690874,0.015466368,N-BEATS(L=90),5,test
2023-10-11,GLD,-4.368155,0.012674604,-4.4452295,0.011734412,N-BEATS(L=90),5,test
2023-10-11,SPY,-4.0266137,0.01783462,-4.1231008,0.016194222,N-BEATS(L=90),5,test
2023-10-11,TLT,-4.0326037,0.01772811,-4.1522975,0.015728239,N-BEATS(L=90),5,test
2023-10-12,GLD,-4.243039,0.014363872,-4.6123433,0.009928525,N-BEATS(L=90),5,test
2023-10-12,SPY,-4.001257,0.018292632,-4.3522425,0.012877902,N-BEATS(L=90),5,test
2023-10-12,TLT,-3.9818385,0.018651318,-4.328737,0.013184192,N-BEATS(L=90),5,test
2023-10-13,GLD,-4.1886687,0.015166462,-4.748096,0.008668184,N-BEATS(L=90),5,test
2023-10-13,SPY,-4.087699,0.016777797,-4.150773,0.015752235,N-BEATS(L=90),5,test
2023-10-13,TLT,-3.966363,0.018942202,-4.295541,0.013629199,N-BEATS(L=90),5,test
2023-10-16,GLD,-4.1936145,0.015091638,-4.7318554,0.008810109,N-BEATS(L=90),5,test
2023-10-16,SPY,-3.9363043,0.019520221,-4.264526,0.014058531,N-BEATS(L=90),5,test
2023-10-16,TLT,-3.6644666,0.025617832,-4.341947,0.01301117,N-BEATS(L=90),5,test
2023-10-17,GLD,-4.16224,0.015572635,-4.945884,0.0071126227,N-BEATS(L=90),5,test
2023-10-17,SPY,-3.9630537,0.01900499,-4.3675013,0.012682892,N-BEATS(L=90),5,test
2023-10-17,TLT,-3.6761062,0.02532138,-4.1473904,0.01580561,N-BEATS(L=90),5,test
2023-10-18,GLD,-4.1698318,0.01545486,-4.7914467,0.00830044,N-BEATS(L=90),5,test
2023-10-18,SPY,-4.021152,0.017932294,-4.4125543,0.012124171,N-BEATS(L=90),5,test
2023-10-18,TLT,-3.6752512,0.025343038,-4.1245,0.016171582,N-BEATS(L=90),5,test
2023-10-19,GLD,-4.2114525,0.01482482,-4.6181154,0.009871382,N-BEATS(L=90),5,test
2023-10-19,SPY,-4.0737057,0.017014222,-4.5181036,0.010909693,N-BEATS(L=90),5,test
2023-10-19,TLT,-3.772526,0.022993907,-4.126446,0.016140142,N-BEATS(L=90),5,test
2023-10-20,GLD,-4.2337704,0.014497626,-4.3934503,0.012358017,N-BEATS(L=90),5,test
2023-10-20,SPY,-4.0338044,0.017706838,-4.3579555,0.012804541,N-BEATS(L=90),5,test
2023-10-20,TLT,-3.7144084,0.024369854,-3.8473258,0.02133672,N-BEATS(L=90),5,test
2023-10-23,GLD,-4.224064,0.014639032,-4.416534,0.012076016,N-BEATS(L=90),5,test
2023-10-23,SPY,-4.1693754,0.015461914,-4.2809367,0.013829702,N-BEATS(L=90),5,test
2023-10-23,TLT,-3.9213376,0.019814573,-4.1465034,0.015819633,N-BEATS(L=90),5,test
2023-10-24,GLD,-4.0989327,0.016590372,-4.5423236,0.010648634,N-BEATS(L=90),5,test
2023-10-24,SPY,-4.1688013,0.0154707935,-4.1018996,0.016541224,N-BEATS(L=90),5,test
2023-10-24,TLT,-3.9154267,0.019932041,-3.9538898,0.01917995,N-BEATS(L=90),5,test
2023-10-25,GLD,-4.0927873,0.016692642,-4.4584036,0.011580836,N-BEATS(L=90),5,test
2023-10-25,SPY,-4.1417446,0.015895097,-3.9927256,0.01844936,N-BEATS(L=90),5,test
2023-10-25,TLT,-3.9542572,0.019172903,-3.9708068,0.018858211,N-BEATS(L=90),5,test
2023-10-26,GLD,-4.1410527,0.015906097,-4.2819405,0.013815827,N-BEATS(L=90),5,test
2023-10-26,SPY,-4.2431817,0.014361824,-3.9635231,0.018996071,N-BEATS(L=90),5,test
2023-10-26,TLT,-3.934143,0.019562457,-3.9859426,0.018574927,N-BEATS(L=90),5,test
2023-10-27,GLD,-4.227981,0.0145818,-4.3703775,0.012646466,N-BEATS(L=90),5,test
2023-10-27,SPY,-4.3335233,0.013121236,-4.2036886,0.014940366,N-BEATS(L=90),5,test
2023-10-27,TLT,-3.9822838,0.018643012,-4.050755,0.017409226,N-BEATS(L=90),5,test
2023-10-30,GLD,-4.244601,0.014341458,-4.327502,0.013200484,N-BEATS(L=90),5,test
2023-10-30,SPY,-4.4385285,0.011813309,-4.163932,0.015546312,N-BEATS(L=90),5,test
2023-10-30,TLT,-4.135122,0.016000716,-3.9691193,0.018890062,N-BEATS(L=90),5,test
2023-10-31,GLD,-4.513246,0.010962816,-4.672556,0.009348345,N-BEATS(L=90),5,test
2023-10-31,SPY,-4.5283327,0.010798666,-4.2406287,0.014398537,N-BEATS(L=90),5,test
2023-10-31,TLT,-4.1921763,0.015113357,-4.0063086,0.018200457,N-BEATS(L=90),5,test
2023-11-01,GLD,-4.878752,0.0076064994,-4.290765,0.013694447,N-BEATS(L=90),5,test
2023-11-01,SPY,-4.588421,0.0101689035,-4.337244,0.013072506,N-BEATS(L=90),5,test
2023-11-01,TLT,-4.1801066,0.015296876,-4.008461,0.018161325,N-BEATS(L=90),5,test
2023-11-02,GLD,-4.7483225,0.008666221,-4.257229,0.014161492,N-BEATS(L=90),5,test
2023-11-02,SPY,-4.5428486,0.010643045,-4.256509,0.014171692,N-BEATS(L=90),5,test
2023-11-02,TLT,-3.9141428,0.019957649,-3.9839585,0.018611819,N-BEATS(L=90),5,test
2023-11-03,GLD,-4.758012,0.008582656,-4.409861,0.0121568665,N-BEATS(L=90),5,test
2023-11-03,SPY,-4.3157854,0.013356055,-4.427858,0.01194004,N-BEATS(L=90),5,test
2023-11-03,TLT,-3.9729905,0.018817076,-3.8548138,0.021177545,N-BEATS(L=90),5,test
2023-11-06,GLD,-4.631259,0.009742486,-4.694179,0.009148374,N-BEATS(L=90),5,test
2023-11-06,SPY,-4.3046637,0.013505427,-4.4853873,0.011272521,N-BEATS(L=90),5,test
2023-11-06,TLT,-3.9260669,0.019721085,-3.8780267,0.020691615,N-BEATS(L=90),5,test
2023-11-07,GLD,-4.599035,0.0100615425,-4.7333846,0.008796647,N-BEATS(L=90),5,test
2023-11-07,SPY,-4.287889,0.013733887,-4.559138,0.010471083,N-BEATS(L=90),5,test
2023-11-07,TLT,-3.9256148,0.019730002,-4.126473,0.016139705,N-BEATS(L=90),5,test
2023-11-08,GLD,-4.632144,0.009733868,-4.7356324,0.008776897,N-BEATS(L=90),5,test
2023-11-08,SPY,-4.317803,0.013329137,-4.471231,0.0114332335,N-BEATS(L=90),5,test
2023-11-08,TLT,-3.9224157,0.019793222,-4.121419,0.01622148,N-BEATS(L=90),5,test
2023-11-09,GLD,-4.6325083,0.009730322,-4.774073,0.008445908,N-BEATS(L=90),5,test
2023-11-09,SPY,-4.3529205,0.012869173,-4.4706454,0.01143993,N-BEATS(L=90),5,test
2023-11-09,TLT,-4.306764,0.013477089,-4.292375,0.013672413,N-BEATS(L=90),5,test
2023-11-10,GLD,-4.6879077,0.009205928,-4.6412916,0.009645232,N-BEATS(L=90),5,test
2023-11-10,SPY,-4.6715345,0.0093578985,-4.4186654,0.012050304,N-BEATS(L=90),5,test
2023-11-10,TLT,-4.2731915,0.013937232,-4.045043,0.017508952,N-BEATS(L=90),5,test
2023-11-13,GLD,-4.7868237,0.008338902,-4.5625315,0.010435608,N-BEATS(L=90),5,test
2023-11-13,SPY,-4.6409645,0.009648387,-4.1175003,0.016285172,N-BEATS(L=90),5,test
2023-11-13,TLT,-4.3610115,0.012765469,-4.241438,0.0143868895,N-BEATS(L=90),5,test
2023-11-14,GLD,-4.7993236,0.008235316,-4.59797,0.010072262,N-BEATS(L=90),5,test
2023-11-14,SPY,-4.7391186,0.008746352,-4.3769407,0.012563736,N-BEATS(L=90),5,test
2023-11-14,TLT,-4.340028,0.013036165,-4.0799327,0.016908605,N-BEATS(L=90),5,test
2023-11-15,GLD,-4.7197976,0.008916983,-4.5142126,0.010952226,N-BEATS(L=90),5,test
2023-11-15,SPY,-4.746454,0.008682431,-4.1615515,0.0155833615,N-BEATS(L=90),5,test
2023-11-15,TLT,-4.288022,0.01373206,-4.081898,0.016875403,N-BEATS(L=90),5,test
2023-11-16,GLD,-4.8743134,0.0076403385,-4.5521703,0.010544295,N-BEATS(L=90),5,test
2023-11-16,SPY,-4.828923,0.007995126,-4.565491,0.0104047675,N-BEATS(L=90),5,test
2023-11-16,TLT,-4.3356056,0.013093942,-4.3014317,0.013549147,N-BEATS(L=90),5,test
2023-11-17,GLD,-4.836988,0.0079309065,-4.341825,0.013012758,N-BEATS(L=90),5,test
2023-11-17,SPY,-4.8769712,0.0076200585,-4.257126,0.01416295,N-BEATS(L=90),5,test
2023-11-17,TLT,-4.357003,0.012816739,-4.2745476,0.013918344,N-BEATS(L=90),5,test
2023-11-20,GLD,-4.704778,0.009051922,-4.5169935,0.010921811,N-BEATS(L=90),5,test
2023-11-20,SPY,-4.9548254,0.007049311,-4.5525126,0.010540686,N-BEATS(L=90),5,test
2023-11-20,TLT,-4.3731794,0.012611081,-4.3049016,0.013502214,N-BEATS(L=90),5,test
2023-11-21,GLD,-4.7292595,0.00883301,-4.700258,0.009092933,N-BEATS(L=90),5,test
2023-11-21,SPY,-4.8052964,0.008186274,-4.4479175,0.011702914,N-BEATS(L=90),5,test
2023-11-21,TLT,-4.4162025,0.012080018,-4.318854,0.013315136,N-BEATS(L=90),5,test
2023-11-22,GLD,-4.788026,0.008328884,-4.5199785,0.010889257,N-BEATS(L=90),5,test
2023-11-22,SPY,-4.7247877,0.0088725975,-4.6824465,0.009256341,N-BEATS(L=90),5,test
2023-11-22,TLT,-4.3593845,0.012786254,-4.3229537,0.013260658,N-BEATS(L=90),5,test
2023-11-24,GLD,-4.420113,0.012032871,-4.5473323,0.0105954325,N-BEATS(L=90),5,test
2023-11-24,SPY,-4.580306,0.010251759,-4.693051,0.009158702,N-BEATS(L=90),5,test
2023-11-24,TLT,-4.156389,0.015664015,-4.2857113,0.013763828,N-BEATS(L=90),5,test
2023-11-27,GLD,-4.171473,0.015429515,-4.5121727,0.01097459,N-BEATS(L=90),5,test
2023-11-27,SPY,-4.3928404,0.012365556,-4.7705927,0.008475356,N-BEATS(L=90),5,test
2023-11-27,TLT,-4.1550894,0.015684389,-4.265724,0.014041695,N-BEATS(L=90),5,test
2023-11-28,GLD,-4.1626577,0.015566132,-4.5616055,0.010445276,N-BEATS(L=90),5,test
2023-11-28,SPY,-4.4019284,0.012253687,-4.781342,0.008384739,N-BEATS(L=90),5,test
2023-11-28,TLT,-4.149983,0.015764685,-4.5337605,0.010740211,N-BEATS(L=90),5,test
2023-11-29,GLD,-4.164767,0.015533337,-4.7904887,0.008308396,N-BEATS(L=90),5,test
2023-11-29,SPY,-4.4361205,0.01184179,-4.7690496,0.008488444,N-BEATS(L=90),5,test
2023-11-29,TLT,-4.1255336,0.016154872,-4.5140786,0.010953693,N-BEATS(L=90),5,test
2023-11-30,GLD,-4.141797,0.015894262,-4.667215,0.009398409,N-BEATS(L=90),5,test
2023-11-30,SPY,-4.4872036,0.011252065,-4.7289863,0.008835424,N-BEATS(L=90),5,test
2023-11-30,TLT,-4.149175,0.015777424,-4.5132194,0.010963109,N-BEATS(L=90),5,test
2023-12-01,GLD,-4.205507,0.0149132265,-4.8929543,0.0074992343,N-BEATS(L=90),5,test
2023-12-01,SPY,-4.535861,0.010717675,-4.782966,0.008371132,N-BEATS(L=90),5,test
2023-12-01,TLT,-4.2738814,0.013927619,-4.463145,0.011526059,N-BEATS(L=90),5,test
2023-12-04,GLD,-4.446135,0.011723791,-4.561722,0.010444061,N-BEATS(L=90),5,test
2023-12-04,SPY,-4.784575,0.008357675,-4.6834326,0.009247217,N-BEATS(L=90),5,test
2023-12-04,TLT,-4.2466297,0.014312389,-4.4678707,0.011471717,N-BEATS(L=90),5,test
2023-12-05,GLD,-4.5582767,0.010480104,-4.3218575,0.013275202,N-BEATS(L=90),5,test
2023-12-05,SPY,-4.7508674,0.008644194,-4.5002804,0.011105882,N-BEATS(L=90),5,test
2023-12-05,TLT,-4.2321353,0.01452135,-4.4462433,0.011722523,N-BEATS(L=90),5,test
2023-12-06,GLD,-4.251462,0.014243395,-3.938301,0.019481285,N-BEATS(L=90),5,test
2023-12-06,SPY,-4.6418915,0.009639448,-4.4029326,0.012241388,N-BEATS(L=90),5,test
2023-12-06,TLT,-4.142128,0.015889004,-4.514908,0.010944614,N-BEATS(L=90),5,test
2023-12-07,GLD,-4.208608,0.014867047,-4.1314154,0.016060133,N-BEATS(L=90),5,test
2023-12-07,SPY,-4.4952226,0.011162196,-4.4748077,0.011392412,N-BEATS(L=90),5,test
2023-12-07,TLT,-4.1346197,0.016008751,-4.298056,0.01359496,N-BEATS(L=90),5,test
2023-12-08,GLD,-4.2333765,0.014503337,-4.348231,0.012929667,N-BEATS(L=90),5,test
2023-12-08,SPY,-4.4630237,0.011527455,-4.5071507,0.011029843,N-BEATS(L=90),5,test
2023-12-08,TLT,-4.1634126,0.015554387,-4.2269917,0.014596235,N-BEATS(L=90),5,test
2023-12-11,GLD,-4.2284985,0.014574258,-4.147152,0.015809378,N-BEATS(L=90),5,test
2023-12-11,SPY,-4.418986,0.012046443,-4.40356,0.012233708,N-BEATS(L=90),5,test
2023-12-11,TLT,-4.2319283,0.0145243555,-4.198565,0.015017111,N-BEATS(L=90),5,test
2023-12-12,GLD,-4.1827736,0.015256135,-4.4444814,0.011743194,N-BEATS(L=90),5,test
2023-12-12,SPY,-4.473149,0.011411327,-4.5897145,0.010155757,N-BEATS(L=90),5,test
2023-12-12,TLT,-4.251411,0.0142441215,-4.24748,0.014300226,N-BEATS(L=90),5,test
2023-12-13,GLD,-4.451269,0.0116637545,-4.517563,0.010915594,N-BEATS(L=90),5,test
2023-12-13,SPY,-4.302368,0.013536464,-4.4569383,0.011597819,N-BEATS(L=90),5,test
2023-12-13,TLT,-4.3514314,0.012888351,-4.36793,0.012677456,N-BEATS(L=90),5,test
2023-12-14,GLD,-4.586152,0.010192001,-4.430751,0.011905547,N-BEATS(L=90),5,test
2023-12-14,SPY,-4.328514,0.013187128,-4.572788,0.0103291245,N-BEATS(L=90),5,test
2023-12-14,TLT,-4.4343133,0.011863209,-4.3422875,0.01300674,N-BEATS(L=90),5,test
2023-12-15,GLD,-4.655079,0.009513163,-4.3722677,0.012622584,N-BEATS(L=90),5,test
2023-12-15,SPY,-4.3119283,0.013407671,-4.4779778,0.011356356,N-BEATS(L=90),5,test
2023-12-15,TLT,-4.39121,0.0123857325,-4.339259,0.01304619,N-BEATS(L=90),5,test
2023-12-18,GLD,-4.667014,0.009400296,-4.240356,0.014402464,N-BEATS(L=90),5,test
2023-12-18,SPY,-4.338213,0.013059846,-4.685474,0.00922836,N-BEATS(L=90),5,test
2023-12-18,TLT,-4.408658,0.012171501,-4.320078,0.013298848,N-BEATS(L=90),5,test
2023-12-19,GLD,-4.6520443,0.009542075,-4.4509554,0.011667415,N-BEATS(L=90),5,test
2023-12-19,SPY,-4.336576,0.013081242,-4.630014,0.009754623,N-BEATS(L=90),5,test
2023-12-19,TLT,-4.3630195,0.012739862,-4.391853,0.012377773,N-BEATS(L=90),5,test
2023-12-20,GLD,-4.5821085,0.010233297,-4.213187,0.0147991255,N-BEATS(L=90),5,test
2023-12-20,SPY,-4.688504,0.009200438,-4.6581054,0.009484415,N-BEATS(L=90),5,test
2023-12-20,TLT,-4.3867908,0.01244059,-4.3288455,0.013182758,N-BEATS(L=90),5,test
2023-12-21,GLD,-4.5788507,0.010266689,-4.4916444,0.011202208,N-BEATS(L=90),5,test
2023-12-21,SPY,-4.7313757,0.008814337,-4.5923247,0.010129283,N-BEATS(L=90),5,test
2023-12-21,TLT,-4.338434,0.013056956,-4.3561087,0.012828209,N-BEATS(L=90),5,test
2023-12-22,GLD,-4.604285,0.0100088585,-4.219041,0.014712749,N-BEATS(L=90),5,test
2023-12-22,SPY,-4.7846174,0.00835732,-4.5704803,0.010352986,N-BEATS(L=90),5,test
2023-12-22,TLT,-4.3780627,0.012549647,-4.3271737,0.013204816,N-BEATS(L=90),5,test
2023-12-26,GLD,-4.511658,0.010980237,-4.4468966,0.011714867,N-BEATS(L=90),5,test
2023-12-26,SPY,-4.7474513,0.008673774,-4.350218,0.012904001,N-BEATS(L=90),5,test
2023-12-26,TLT,-4.188895,0.015163028,-4.411638,0.012135287,N-BEATS(L=90),5,test
2023-12-27,GLD,-4.5745115,0.010311334,-4.4521675,0.011653281,N-BEATS(L=90),5,test
2023-12-27,SPY,-4.5895104,0.01015783,-4.6259108,0.009794731,N-BEATS(L=90),5,test
2023-12-27,TLT,-4.2272916,0.014591858,-4.55602,0.010503783,N-BEATS(L=90),5,test
2023-12-28,GLD,-4.4013405,0.012260893,-4.4511037,0.011665684,N-BEATS(L=90),5,test
2023-12-28,SPY,-4.451799,0.011657577,-4.645015,0.009609388,N-BEATS(L=90),5,test
2023-12-28,TLT,-4.0924497,0.016698278,-4.5853643,0.010200033,N-BEATS(L=90),5,test
2023-12-29,GLD,-4.3327723,0.013131094,-4.500176,0.011107042,N-BEATS(L=90),5,test
2023-12-29,SPY,-4.4555745,0.011613646,-4.731022,0.008817456,N-BEATS(L=90),5,test
2023-12-29,TLT,-4.0987196,0.016593909,-4.601087,0.010040915,N-BEATS(L=90),5,test
2024-01-02,GLD,-4.367333,0.012685027,-4.5657306,0.010402277,N-BEATS(L=90),5,test
2024-01-02,SPY,-4.4579024,0.011586642,-4.4281282,0.011936812,N-BEATS(L=90),5,test
2024-01-02,TLT,-4.1054664,0.01648233,-4.4605083,0.0115564875,N-BEATS(L=90),5,test
2024-01-03,GLD,-4.4411635,0.0117822215,-4.6159163,0.009893115,N-BEATS(L=90),5,test
2024-01-03,SPY,-4.4486175,0.011694725,-4.4788938,0.011345957,N-BEATS(L=90),5,test
2024-01-03,TLT,-4.219192,0.014710525,-4.5234914,0.010851072,N-BEATS(L=90),5,test
2024-01-04,GLD,-4.3118463,0.013408771,-4.5949316,0.010102912,N-BEATS(L=90),5,test
2024-01-04,SPY,-4.318889,0.013314666,-4.545735,0.010612371,N-BEATS(L=90),5,test
2024-01-04,TLT,-4.134277,0.01601424,-4.411548,0.012136375,N-BEATS(L=90),5,test
2024-01-05,GLD,-4.381506,0.01250651,-4.5893016,0.010159952,N-BEATS(L=90),5,test
2024-01-05,SPY,-4.358891,0.012792567,-4.607894,0.0099728,N-BEATS(L=90),5,test
2024-01-05,TLT,-4.274028,0.01392558,-4.3412623,0.013020082,N-BEATS(L=90),5,test
2024-01-08,GLD,-4.4073153,0.012187855,-4.7037964,0.009060813,N-BEATS(L=90),5,test
2024-01-08,SPY,-4.357831,0.012806134,-4.3780174,0.012550216,N-BEATS(L=90),5,test
2024-01-08,TLT,-4.2334104,0.014502847,-4.2305446,0.014544468,N-BEATS(L=90),5,test
2024-01-09,GLD,-4.337024,0.01307538,-4.710688,0.008998583,N-BEATS(L=90),5,test
2024-01-09,SPY,-4.366561,0.012694824,-4.54034,0.010669779,N-BEATS(L=90),5,test
2024-01-09,TLT,-4.1851277,0.015220262,-4.310013,0.013433377,N-BEATS(L=90),5,test
2024-01-10,GLD,-4.3700056,0.01265117,-4.638242,0.009674693,N-BEATS(L=90),5,test
2024-01-10,SPY,-4.3114815,0.013413663,-4.5257006,0.010827127,N-BEATS(L=90),5,test
2024-01-10,TLT,-4.1395545,0.015929947,-4.3375864,0.0130680315,N-BEATS(L=90),5,test
2024-01-11,GLD,-4.54275,0.010644096,-4.6765614,0.009310976,N-BEATS(L=90),5,test
2024-01-11,SPY,-4.398427,0.012296667,-4.2956977,0.013627061,N-BEATS(L=90),5,test
2024-01-11,TLT,-4.1694875,0.015460182,-4.0954967,0.016647477,N-BEATS(L=90),5,test
2024-01-12,GLD,-4.692675,0.009162144,-4.568206,0.0103765605,N-BEATS(L=90),5,test
2024-01-12,SPY,-4.434391,0.011862287,-4.628772,0.009766747,N-BEATS(L=90),5,test
2024-01-12,TLT,-4.22547,0.014618461,-4.0609493,0.017232653,N-BEATS(L=90),5,test
2024-01-16,GLD,-4.8055587,0.0081841275,-4.755458,0.008604604,N-BEATS(L=90),5,test
2024-01-16,SPY,-4.5045877,0.011058149,-4.684796,0.009234619,N-BEATS(L=90),5,test
2024-01-16,TLT,-4.344787,0.01297427,-4.0801497,0.016904935,N-BEATS(L=90),5,test
2024-01-17,GLD,-4.9131627,0.007349208,-4.834301,0.007952245,N-BEATS(L=90),5,test
2024-01-17,SPY,-4.4902296,0.011218068,-4.742038,0.008720857,N-BEATS(L=90),5,test
2024-01-17,TLT,-4.289586,0.013710599,-4.1051545,0.016487472,N-BEATS(L=90),5,test
2024-01-18,GLD,-4.802249,0.00821126,-4.5881414,0.010171746,N-BEATS(L=90),5,test
2024-01-18,SPY,-4.574821,0.010308145,-4.7451515,0.008693744,N-BEATS(L=90),5,test
2024-01-18,TLT,-4.349598,0.012912003,-4.2508793,0.014251697,N-BEATS(L=90),5,test
2024-01-19,GLD,-4.8371167,0.007929885,-4.359943,0.012779118,N-BEATS(L=90),5,test
2024-01-19,SPY,-4.7458215,0.008687922,-4.572644,0.010330607,N-BEATS(L=90),5,test
2024-01-19,TLT,-4.4227114,0.012001648,-4.0544105,0.017345704,N-BEATS(L=90),5,test
2024-01-22,GLD,-4.7365193,0.008769115,-4.6465898,0.009594265,N-BEATS(L=90),5,test
2024-01-22,SPY,-4.7117014,0.00898947,-4.694255,0.009147681,N-BEATS(L=90),5,test
2024-01-22,TLT,-4.34805,0.0129320035,-4.240675,0.014397871,N-BEATS(L=90),5,test
2024-01-23,GLD,-4.5877285,0.010175947,-4.6177545,0.0098749455,N-BEATS(L=90),5,test
2024-01-23,SPY,-4.7421412,0.008719955,-4.595385,0.010098332,N-BEATS(L=90),5,test
2024-01-23,TLT,-4.225747,0.014614412,-4.029097,0.017790386,N-BEATS(L=90),5,test
2024-01-24,GLD,-4.3982406,0.01229896,-4.908246,0.007385431,N-BEATS(L=90),5,test
2024-01-24,SPY,-4.706614,0.009035319,-4.6437693,0.009621364,N-BEATS(L=90),5,test
2024-01-24,TLT,-4.281178,0.013826365,-4.0932193,0.016685432,N-BEATS(L=90),5,test
2024-01-25,GLD,-4.248152,0.0142906215,-4.7009034,0.009087064,N-BEATS(L=90),5,test
2024-01-25,SPY,-4.64558,0.0096039595,-4.5683484,0.010375081,N-BEATS(L=90),5,test
2024-01-25,TLT,-4.1384206,0.01594802,-4.2233105,0.014650065,N-BEATS(L=90),5,test
2024-01-26,GLD,-4.231918,0.014524508,-4.7362227,0.008771717,N-BEATS(L=90),5,test
2024-01-26,SPY,-4.4480987,0.011700793,-4.529739,0.010783492,N-BEATS(L=90),5,test
2024-01-26,TLT,-4.0880384,0.0167721,-4.276717,0.013888179,N-BEATS(L=90),5,test
2024-01-29,GLD,-4.264162,0.014063647,-4.9532213,0.007060628,N-BEATS(L=90),5,test
2024-01-29,SPY,-4.3931327,0.012361943,-4.545228,0.010617752,N-BEATS(L=90),5,test
2024-01-29,TLT,-4.126246,0.016143369,-4.4545417,0.011625647,N-BEATS(L=90),5,test
2024-01-30,GLD,-4.3212247,0.013283606,-4.702214,0.009075165,N-BEATS(L=90),5,test
2024-01-30,SPY,-4.37482,0.0125904055,-4.5407314,0.010665603,N-BEATS(L=90),5,test
2024-01-30,TLT,-4.216877,0.014744621,-4.123062,0.016194848,N-BEATS(L=90),5,test
2024-01-31,GLD,-4.4852304,0.011274289,-4.710795,0.008997622,N-BEATS(L=90),5,test
2024-01-31,SPY,-4.4167223,0.012073741,-4.3358846,0.01309029,N-BEATS(L=90),5,test
2024-01-31,TLT,-4.2367682,0.014454229,-4.287701,0.013736468,N-BEATS(L=90),5,test
2024-02-01,GLD,-4.861525,0.007738673,-4.4621754,0.011537238,N-BEATS(L=90),5,test
2024-02-01,SPY,-4.5070486,0.011030969,-4.4339848,0.011867108,N-BEATS(L=90),5,test
2024-02-01,TLT,-4.419277,0.012042934,-4.264083,0.01406476,N-BEATS(L=90),5,test
2024-02-02,GLD,-4.912978,0.0073505645,-4.189665,0.015151362,N-BEATS(L=90),5,test
2024-02-02,SPY,-4.7527747,0.008627722,-4.6297936,0.009756772,N-BEATS(L=90),5,test
2024-02-02,TLT,-4.573541,0.010321345,-4.3681254,0.012674978,N-BEATS(L=90),5,test
2024-02-05,GLD,-4.9479833,0.0070977085,-4.4308357,0.011904537,N-BEATS(L=90),5,test
2024-02-05,SPY,-4.8437862,0.007877173,-4.620935,0.009843589,N-BEATS(L=90),5,test
2024-02-05,TLT,-4.595973,0.010092396,-4.292762,0.013667127,N-BEATS(L=90),5,test
2024-02-06,GLD,-4.997847,0.006752469,-4.2997236,0.013572309,N-BEATS(L=90),5,test
2024-02-06,SPY,-4.45644,0.011603599,-4.551749,0.010548736,N-BEATS(L=90),5,test
2024-02-06,TLT,-4.6043744,0.010007961,-4.356192,0.012827139,N-BEATS(L=90),5,test
2024-02-07,GLD,-4.994555,0.006774735,-4.3050694,0.013499948,N-BEATS(L=90),5,test
2024-02-07,SPY,-4.374344,0.012596404,-4.4788966,0.011345925,N-BEATS(L=90),5,test
2024-02-07,TLT,-4.6094036,0.009957755,-4.3595996,0.012783505,N-BEATS(L=90),5,test
2024-02-08,GLD,-4.9230347,0.007277014,-4.204579,0.014927071,N-BEATS(L=90),5,test
2024-02-08,SPY,-4.351226,0.012891,-4.452627,0.011647926,N-BEATS(L=90),5,test
2024-02-08,TLT,-4.591686,0.010135758,-4.4407506,0.011787088,N-BEATS(L=90),5,test
2024-02-09,GLD,-4.728944,0.008835798,-4.284447,0.013781237,N-BEATS(L=90),5,test
2024-02-09,SPY,-4.3077784,0.013463427,-4.541424,0.01065822,N-BEATS(L=90),5,test
2024-02-09,TLT,-4.567751,0.010381281,-4.4628725,0.011529198,N-BEATS(L=90),5,test
2024-02-12,GLD,-4.7688346,0.008490269,-4.232915,0.014510034,N-BEATS(L=90),5,test
2024-02-12,SPY,-4.282671,0.013805738,-4.4729667,0.011413406,N-BEATS(L=90),5,test
2024-02-12,TLT,-4.6186905,0.009865707,-4.310689,0.013424298,N-BEATS(L=90),5,test
2024-02-13,GLD,-4.7533684,0.008622602,-4.4138346,0.0121086575,N-BEATS(L=90),5,test
2024-02-13,SPY,-4.465261,0.011501693,-4.523155,0.010854721,N-BEATS(L=90),5,test
2024-02-13,TLT,-4.5793533,0.01026153,-4.16162,0.015582292,N-BEATS(L=90),5,test
2024-02-14,GLD,-4.8461456,0.007858609,-4.8049827,0.008188843,N-BEATS(L=90),5,test
2024-02-14,SPY,-4.4620895,0.011538229,-4.4648776,0.011506104,N-BEATS(L=90),5,test
2024-02-14,TLT,-4.6675105,0.009395631,-4.280744,0.013832366,N-BEATS(L=90),5,test
2024-02-15,GLD,-4.7233605,0.008885269,-4.704989,0.009050014,N-BEATS(L=90),5,test
2024-02-15,SPY,-4.4507217,0.0116701415,-4.7087855,0.00901572,N-BEATS(L=90),5,test
2024-02-15,TLT,-4.628287,0.009771485,-4.295282,0.013632729,N-BEATS(L=90),5,test
2024-02-16,GLD,-4.8940487,0.007491032,-4.7156925,0.0089536635,N-BEATS(L=90),5,test
2024-02-16,SPY,-4.5225906,0.010860851,-4.709021,0.009013597,N-BEATS(L=90),5,test
2024-02-16,TLT,-4.5278506,0.010803873,-4.2569304,0.01416572,N-BEATS(L=90),5,test
2024-02-20,GLD,-4.8656044,0.0077071683,-4.950697,0.007078474,N-BEATS(L=90),5,test
2024-02-20,SPY,-4.61097,0.009942169,-4.843025,0.00788317,N-BEATS(L=90),5,test
2024-02-20,TLT,-4.506093,0.011041515,-4.3896723,0.012404794,N-BEATS(L=90),5,test
2024-02-21,GLD,-4.932278,0.007210059,-4.916302,0.0073261717,N-BEATS(L=90),5,test
2024-02-21,SPY,-4.716422,0.008947133,-4.730331,0.00882355,N-BEATS(L=90),5,test
2024-02-21,TLT,-4.53861,0.010688253,-4.378268,0.012547074,N-BEATS(L=90),5,test
2024-02-22,GLD,-4.9275575,0.0072441758,-4.6706038,0.009366613,N-BEATS(L=90),5,test
2024-02-22,SPY,-4.733496,0.008795666,-4.6944284,0.009146093,N-BEATS(L=90),5,test
2024-02-22,TLT,-4.5400968,0.010672374,-4.4731884,0.011410875,N-BEATS(L=90),5,test
2024-02-23,GLD,-4.3554225,0.012837015,-4.7652807,0.008520496,N-BEATS(L=90),5,test
2024-02-23,SPY,-4.696413,0.00912796,-4.719559,0.00891911,N-BEATS(L=90),5,test
2024-02-23,TLT,-4.365501,0.012708288,-4.6284,0.00977038,N-BEATS(L=90),5,test
2024-02-26,GLD,-4.2570925,0.014163423,-4.5418434,0.010653749,N-BEATS(L=90),5,test
2024-02-26,SPY,-4.6912045,0.009175627,-4.5841966,0.010211951,N-BEATS(L=90),5,test
2024-02-26,TLT,-4.455057,0.011619655,-4.5818634,0.010235805,N-BEATS(L=90),5,test
2024-02-27,GLD,-4.205996,0.014905931,-4.646041,0.009599532,N-BEATS(L=90),5,test
2024-02-27,SPY,-4.497798,0.0111334855,-4.672401,0.009349794,N-BEATS(L=90),5,test
2024-02-27,TLT,-4.425661,0.011966298,-4.5769167,0.010286564,N-BEATS(L=90),5,test
2024-02-28,GLD,-4.1321836,0.0160478,-4.4961724,0.011151599,N-BEATS(L=90),5,test
2024-02-28,SPY,-4.426878,0.0119517455,-4.4766273,0.011371701,N-BEATS(L=90),5,test
2024-02-28,TLT,-4.420955,0.012022743,-4.561277,0.010448708,N-BEATS(L=90),5,test
2024-02-29,GLD,-4.111108,0.016389608,-4.628315,0.00977121,N-BEATS(L=90),5,test
2024-02-29,SPY,-4.335068,0.01310098,-4.765723,0.008516726,N-BEATS(L=90),5,test
2024-02-29,TLT,-4.333843,0.013117039,-4.7541428,0.008615928,N-BEATS(L=90),5,test
2024-03-01,GLD,-4.2079887,0.014876259,-4.76247,0.00854448,N-BEATS(L=90),5,test
2024-03-01,SPY,-4.198932,0.015011598,-4.6733427,0.009340993,N-BEATS(L=90),5,test
2024-03-01,TLT,-4.5666356,0.010392867,-4.5766444,0.010289365,N-BEATS(L=90),5,test
2024-03-04,GLD,-4.289949,0.013705625,-4.5172477,0.010919035,N-BEATS(L=90),5,test
2024-03-04,SPY,-4.173174,0.015403294,-4.611865,0.009933275,N-BEATS(L=90),5,test
2024-03-04,TLT,-4.511167,0.0109856315,-4.14751,0.015803717,N-BEATS(L=90),5,test
2024-03-05,GLD,-4.302504,0.013534625,-4.497367,0.011138286,N-BEATS(L=90),5,test
2024-03-05,SPY,-4.1460104,0.015827436,-4.6891546,0.009194456,N-BEATS(L=90),5,test
2024-03-05,TLT,-4.564169,0.010418534,-4.3945074,0.01234496,N-BEATS(L=90),5,test
2024-03-06,GLD,-4.3479958,0.012932707,-4.2356067,0.014471028,N-BEATS(L=90),5,test
2024-03-06,SPY,-4.170111,0.015450542,-4.717546,0.008937083,N-BEATS(L=90),5,test
2024-03-06,TLT,-4.5900693,0.010152155,-4.2253566,0.014620121,N-BEATS(L=90),5,test
2024-03-07,GLD,-4.3496923,0.012910784,-4.272394,0.013948348,N-BEATS(L=90),5,test
2024-03-07,SPY,-4.211249,0.014827839,-4.44247,0.011766838,N-BEATS(L=90),5,test
2024-03-07,TLT,-4.681619,0.009264002,-4.423132,0.011996601,N-BEATS(L=90),5,test
2024-03-08,GLD,-4.681907,0.009261334,-4.2761393,0.013896208,N-BEATS(L=90),5,test
2024-03-08,SPY,-4.3401647,0.013034382,-4.360437,0.012772806,N-BEATS(L=90),5,test
2024-03-08,TLT,-4.736352,0.008770583,-4.303706,0.013518365,N-BEATS(L=90),5,test
2024-03-11,GLD,-4.7210846,0.008905514,-4.3182683,0.0133229345,N-BEATS(L=90),5,test
2024-03-11,SPY,-4.3563457,0.01282517,-4.2401385,0.014405596,N-BEATS(L=90),5,test
2024-03-11,TLT,-4.7722683,0.008461166,-4.5509233,0.010557451,N-BEATS(L=90),5,test
2024-03-12,GLD,-4.8182282,0.0080810925,-4.522923,0.010857241,N-BEATS(L=90),5,test
2024-03-12,SPY,-4.4863586,0.011261577,-4.1862235,0.015203593,N-BEATS(L=90),5,test
2024-03-12,TLT,-4.7363214,0.0087708505,-4.474592,0.011394868,N-BEATS(L=90),5,test
2024-03-13,GLD,-4.556254,0.010501324,-4.5192,0.01089774,N-BEATS(L=90),5,test
2024-03-13,SPY,-4.439516,0.011801648,-4.084765,0.016827093,N-BEATS(L=90),5,test
2024-03-13,TLT,-4.2856507,0.013764662,-4.5761776,0.010294169,N-BEATS(L=90),5,test
2024-03-14,GLD,-4.271755,0.013957264,-4.3398614,0.013038335,N-BEATS(L=90),5,test
2024-03-14,SPY,-4.6113043,0.009938846,-4.3443346,0.012980143,N-BEATS(L=90),5,test
2024-03-14,TLT,-4.2676415,0.014014797,-4.5707936,0.010349742,N-BEATS(L=90),5,test
2024-03-15,GLD,-4.1907387,0.015135101,-4.3191333,0.013311416,N-BEATS(L=90),5,test
2024-03-15,SPY,-4.728515,0.008839587,-4.4888897,0.011233109,N-BEATS(L=90),5,test
2024-03-15,TLT,-4.2678175,0.014012332,-4.6108675,0.009943189,N-BEATS(L=90),5,test
2024-03-18,GLD,-4.1743245,0.015385581,-4.382929,0.012488727,N-BEATS(L=90),5,test
2024-03-18,SPY,-4.8139467,0.008115766,-4.5150666,0.010942876,N-BEATS(L=90),5,test
2024-03-18,TLT,-4.2779117,0.013871601,-4.5528097,0.010537555,N-BEATS(L=90),5,test
2024-03-19,GLD,-4.141272,0.015902609,-4.522989,0.010856527,N-BEATS(L=90),5,test
2024-03-19,SPY,-4.9558816,0.0070418697,-4.3521066,0.012879652,N-BEATS(L=90),5,test
2024-03-19,TLT,-4.28402,0.013787127,-4.556764,0.010495967,N-BEATS(L=90),5,test
2024-03-20,GLD,-4.2862225,0.013756794,-4.717957,0.008933411,N-BEATS(L=90),5,test
2024-03-20,SPY,-4.9856133,0.006835584,-4.520833,0.010879957,N-BEATS(L=90),5,test
2024-03-20,TLT,-4.7647676,0.008524869,-4.661182,0.00945528,N-BEATS(L=90),5,test
2024-03-21,GLD,-4.4643426,0.011512262,-4.6861653,0.009221981,N-BEATS(L=90),5,test
2024-03-21,SPY,-4.9939017,0.006779162,-4.5850787,0.010202947,N-BEATS(L=90),5,test
2024-03-21,TLT,-4.766357,0.008511331,-4.4145365,0.012100162,N-BEATS(L=90),5,test
2024-03-22,GLD,-4.4115477,0.012136381,-4.1953955,0.015064783,N-BEATS(L=90),5,test
2024-03-22,SPY,-4.8646736,0.0077143456,-4.7810836,0.008386906,N-BEATS(L=90),5,test
2024-03-22,TLT,-4.7148676,0.008961053,-4.4452634,0.011734015,N-BEATS(L=90),5,test
2024-03-25,GLD,-4.289839,0.013707135,-4.3263493,0.013215707,N-BEATS(L=90),5,test
2024-03-25,SPY,-4.8029013,0.008205905,-4.7297,0.008829119,N-BEATS(L=90),5,test
2024-03-25,TLT,-4.584242,0.010211488,-4.415642,0.012086795,N-BEATS(L=90),5,test
2024-03-26,GLD,-4.2753735,0.013906854,-3.997268,0.018365746,N-BEATS(L=90),5,test
2024-03-26,SPY,-4.763575,0.0085350415,-5.005048,0.006704021,N-BEATS(L=90),5,test
2024-03-26,TLT,-4.5120835,0.010975569,-4.3848352,0.0124649415,N-BEATS(L=90),5,test
2024-03-27,GLD,-4.1413913,0.015900714,-4.259985,0.014122515,N-BEATS(L=90),5,test
2024-03-27,SPY,-4.501242,0.011095206,-4.7543864,0.008613829,N-BEATS(L=90),5,test
2024-03-27,TLT,-4.436488,0.011837437,-4.4184575,0.012052809,N-BEATS(L=90),5,test
2024-03-28,GLD,-4.0814757,0.016882533,-4.2439117,0.014351343,N-BEATS(L=90),5,test
2024-03-28,SPY,-4.335537,0.013094841,-4.7491755,0.008658831,N-BEATS(L=90),5,test
2024-03-28,TLT,-4.4113193,0.012139153,-4.396016,0.012326349,N-BEATS(L=90),5,test
2024-04-01,GLD,-4.1040845,0.016505122,-4.124926,0.016164688,N-BEATS(L=90),5,test
2024-04-01,SPY,-4.3590474,0.012790566,-4.625223,0.009801468,N-BEATS(L=90),5,test
2024-04-01,TLT,-4.427751,0.011941315,-4.561594,0.0104453955,N-BEATS(L=90),5,test
2024-04-02,GLD,-4.0876565,0.016778508,-4.37729,0.0125593515,N-BEATS(L=90),5,test
2024-04-02,SPY,-4.195438,0.0150641445,-4.6752896,0.009322825,N-BEATS(L=90),5,test
2024-04-02,TLT,-4.518868,0.010901357,-4.5964174,0.010087912,N-BEATS(L=90),5,test
2024-04-03,GLD,-3.9746442,0.018785985,-4.413986,0.012106822,N-BEATS(L=90),5,test
2024-04-03,SPY,-4.1636605,0.0155505305,-4.5460005,0.010609553,N-BEATS(L=90),5,test
2024-04-03,TLT,-4.4525833,0.011648436,-4.532455,0.010754243,N-BEATS(L=90),5,test
2024-04-04,GLD,-3.9334927,0.019575184,-4.5306444,0.010773731,N-BEATS(L=90),5,test
2024-04-04,SPY,-4.119285,0.016256131,-4.6989923,0.009104447,N-BEATS(L=90),5,test
2024-04-04,TLT,-4.424949,0.01197482,-4.509618,0.011002664,N-BEATS(L=90),5,test
2024-04-05,GLD,-3.4774497,0.03088608,-4.5614653,0.01044674,N-BEATS(L=90),5,test
2024-04-05,SPY,-4.0937734,0.01667619,-4.7440853,0.008703019,N-BEATS(L=90),5,test
2024-04-05,TLT,-4.4697413,0.011450277,-4.7518215,0.00863595,N-BEATS(L=90),5,test
2024-04-08,GLD,-3.365401,0.03454816,-4.214706,0.014776667,N-BEATS(L=90),5,test
2024-04-08,SPY,-3.959554,0.01907162,-4.290671,0.013695735,N-BEATS(L=90),5,test
2024-04-08,TLT,-4.4063725,0.012199351,-4.4811425,0.011320472,N-BEATS(L=90),5,test
2024-04-09,GLD,-3.350397,0.035070423,-4.02703,0.017827198,N-BEATS(L=90),5,test
2024-04-09,SPY,-4.019842,0.017955799,-4.6410437,0.009647624,N-BEATS(L=90),5,test
2024-04-09,TLT,-4.3230376,0.013259545,-4.3696876,0.012655194,N-BEATS(L=90),5,test
2024-04-10,GLD,-3.3548667,0.034914024,-4.122987,0.016196068,N-BEATS(L=90),5,test
2024-04-10,SPY,-3.9855485,0.018582249,-4.3738256,0.012602936,N-BEATS(L=90),5,test
2024-04-10,TLT,-4.3362765,0.0130851595,-4.5980253,0.010071704,N-BEATS(L=90),5,test
2024-04-11,GLD,-3.3773947,0.034136277,-4.1546426,0.015691398,N-BEATS(L=90),5,test
2024-04-11,SPY,-4.0516224,0.017394131,-4.129229,0.016095283,N-BEATS(L=90),5,test
2024-04-11,TLT,-4.388283,0.012422042,-4.651205,0.009550086,N-BEATS(L=90),5,test
2024-04-12,GLD,-3.7355042,0.023861138,-4.024637,0.017869906,N-BEATS(L=90),5,test
2024-04-12,SPY,-4.066338,0.01714004,-3.917093,0.019898856,N-BEATS(L=90),5,test
2024-04-12,TLT,-4.4212656,0.012019011,-4.5485525,0.010582511,N-BEATS(L=90),5,test
2024-04-15,GLD,-4.039101,0.017613297,-3.7486217,0.023550183,N-BEATS(L=90),5,test
2024-04-15,SPY,-4.072525,0.017034322,-4.1126266,0.016364735,N-BEATS(L=90),5,test
2024-04-15,TLT,-4.497306,0.011138966,-4.444749,0.011740054,N-BEATS(L=90),5,test
2024-04-16,GLD,-4.1554484,0.015678758,-3.8361812,0.021575838,N-BEATS(L=90),5,test
2024-04-16,SPY,-4.024657,0.017869556,-4.2488775,0.014280254,N-BEATS(L=90),5,test
2024-04-16,TLT,-4.421257,0.012019115,-4.577929,0.010276156,N-BEATS(L=90),5,test
2024-04-17,GLD,-4.2660275,0.014037437,-3.7853196,0.022701606,N-BEATS(L=90),5,test
2024-04-17,SPY,-4.0576773,0.01728913,-4.1390376,0.015938183,N-BEATS(L=90),5,test
2024-04-17,TLT,-4.310776,0.013423126,-4.5974126,0.010077878,N-BEATS(L=90),5,test
2024-04-18,GLD,-4.2148037,0.014775222,-4.0245595,0.017871294,N-BEATS(L=90),5,test
2024-04-18,SPY,-4.04014,0.017595006,-3.9894955,0.018509049,N-BEATS(L=90),5,test
2024-04-18,TLT,-4.327053,0.013206408,-4.527405,0.01080869,N-BEATS(L=90),5,test
2024-04-19,GLD,-4.2772746,0.01388044,-4.042156,0.01755957,N-BEATS(L=90),5,test
2024-04-19,SPY,-4.093078,0.016687788,-4.1934943,0.015093451,N-BEATS(L=90),5,test
2024-04-19,TLT,-4.3035626,0.013520305,-4.505589,0.011047081,N-BEATS(L=90),5,test
2024-04-22,GLD,-4.2498913,0.014265785,-4.2031803,0.014947962,N-BEATS(L=90),5,test
2024-04-22,SPY,-4.2326894,0.014513306,-4.106159,0.016470915,N-BEATS(L=90),5,test
2024-04-22,TLT,-4.291329,0.013686725,-4.622151,0.009831627,N-BEATS(L=90),5,test
2024-04-23,GLD,-4.232338,0.014518407,-4.2623835,0.014088683,N-BEATS(L=90),5,test
2024-04-23,SPY,-4.270939,0.013968662,-3.7637525,0.023196533,N-BEATS(L=90),5,test
2024-04-23,TLT,-4.3914666,0.012382556,-4.4747357,0.011393232,N-BEATS(L=90),5,test
2024-04-24,GLD,-4.1147714,0.016329674,-4.2089386,0.014862135,N-BEATS(L=90),5,test
2024-04-24,SPY,-4.061699,0.017219739,-3.6688724,0.025505215,N-BEATS(L=90),5,test
2024-04-24,TLT,-4.466543,0.011486955,-4.3442063,0.012981808,N-BEATS(L=90),5,test
2024-04-25,GLD,-4.1533723,0.015711345,-3.8806257,0.020637907,N-BEATS(L=90),5,test
2024-04-25,SPY,-4.0365663,0.017658,-3.910471,0.020031065,N-BEATS(L=90),5,test
2024-04-25,TLT,-4.396725,0.012317612,-4.361681,0.012756925,N-BEATS(L=90),5,test
2024-04-26,GLD,-4.068843,0.01709716,-4.1762114,0.015356578,N-BEATS(L=90),5,test
2024-04-26,SPY,-4.0331984,0.017717572,-3.6903377,0.02496357,N-BEATS(L=90),5,test
2024-04-26,TLT,-4.3220925,0.013272082,-4.35846,0.012798082,N-BEATS(L=90),5,test
2024-04-29,GLD,-4.1023173,0.016534315,-4.3345337,0.013107985,N-BEATS(L=90),5,test
2024-04-29,SPY,-4.0569406,0.017301872,-3.9314928,0.01961437,N-BEATS(L=90),5,test
2024-04-29,TLT,-4.3153043,0.013362483,-4.4607925,0.011553204,N-BEATS(L=90),5,test
2024-04-30,GLD,-4.1587644,0.015626855,-4.480538,0.011327319,N-BEATS(L=90),5,test
2024-04-30,SPY,-4.126079,0.016146062,-4.049852,0.017424956,N-BEATS(L=90),5,test
2024-04-30,TLT,-4.31699,0.013339978,-4.683634,0.009245357,N-BEATS(L=90),5,test
2024-05-01,GLD,-4.357327,0.01281259,-4.6379786,0.00967724,N-BEATS(L=90),5,test
2024-05-01,SPY,-4.4612436,0.011547993,-4.0481515,0.01745461,N-BEATS(L=90),5,test
2024-05-01,TLT,-4.501235,0.011095285,-4.588807,0.010164977,N-BEATS(L=90),5,test
2024-05-02,GLD,-4.438207,0.011817106,-4.566445,0.010394849,N-BEATS(L=90),5,test
2024-05-02,SPY,-4.808265,0.008162007,-4.2670107,0.014023641,N-BEATS(L=90),5,test
2024-05-02,TLT,-4.5309024,0.010770952,-4.636369,0.009692826,N-BEATS(L=90),5,test
2024-05-03,GLD,-4.6520896,0.009541643,-4.4395556,0.011801181,N-BEATS(L=90),5,test
2024-05-03,SPY,-4.9331307,0.007203914,-4.1639037,0.015546749,N-BEATS(L=90),5,test
2024-05-03,TLT,-4.7097335,0.009007178,-4.369444,0.0126582775,N-BEATS(L=90),5,test
2024-05-06,GLD,-4.6706443,0.009366233,-4.3174596,0.013333714,N-BEATS(L=90),5,test
2024-05-06,SPY,-4.906356,0.007399404,-4.183211,0.015249466,N-BEATS(L=90),5,test
2024-05-06,TLT,-4.7918925,0.00829674,-4.3215404,0.013279413,N-BEATS(L=90),5,test
2024-05-07,GLD,-4.645417,0.009605521,-4.5047827,0.011055993,N-BEATS(L=90),5,test
2024-05-07,SPY,-4.865374,0.007708944,-4.3029933,0.013528005,N-BEATS(L=90),5,test
2024-05-07,TLT,-4.867569,0.0076920423,-4.396235,0.012323651,N-BEATS(L=90),5,test
2024-05-08,GLD,-4.3189206,0.013314247,-4.5256386,0.010827797,N-BEATS(L=90),5,test
2024-05-08,SPY,-4.758146,0.008581506,-4.4819674,0.011311137,N-BEATS(L=90),5,test
2024-05-08,TLT,-4.746398,0.008682915,-4.220835,0.014686373,N-BEATS(L=90),5,test
2024-05-09,GLD,-4.3268046,0.013209689,-4.173513,0.015398073,N-BEATS(L=90),5,test
2024-05-09,SPY,-4.743168,0.008711007,-4.506779,0.011033941,N-BEATS(L=90),5,test
2024-05-09,TLT,-4.9092507,0.0073780143,-4.5204,0.010884669,N-BEATS(L=90),5,test
2024-05-10,GLD,-4.3021135,0.013539911,-4.151988,0.015733108,N-BEATS(L=90),5,test
2024-05-10,SPY,-4.7965856,0.008257895,-4.3178988,0.013327859,N-BEATS(L=90),5,test
2024-05-10,TLT,-4.9083066,0.0073849834,-4.158692,0.015627988,N-BEATS(L=90),5,test
2024-05-13,GLD,-4.1909575,0.015131788,-4.2838016,0.013790138,N-BEATS(L=90),5,test
2024-05-13,SPY,-4.8123326,0.008128876,-4.4804707,0.011328081,N-BEATS(L=90),5,test
2024-05-13,TLT,-4.8894477,0.0075255777,-4.341931,0.013011381,N-BEATS(L=90),5,test
2024-05-14,GLD,-4.18086,0.015285356,-4.26746,0.0140173435,N-BEATS(L=90),5,test
2024-05-14,SPY,-4.877567,0.0076155216,-4.3625913,0.012745318,N-BEATS(L=90),5,test
2024-05-14,TLT,-4.9569206,0.0070345565,-4.5449347,0.010620866,N-BEATS(L=90),5,test
2024-05-15,GLD,-4.296968,0.013609761,-4.121717,0.016216647,N-BEATS(L=90),5,test
2024-05-15,SPY,-4.8517656,0.007814568,-4.513569,0.010959278,N-BEATS(L=90),5,test
2024-05-15,TLT,-5.1155467,0.0060026953,-4.4772573,0.01136454,N-BEATS(L=90),5,test
2024-05-16,GLD,-4.1907244,0.015135317,-4.314644,0.013371311,N-BEATS(L=90),5,test
2024-05-16,SPY,-4.584019,0.0102137625,-4.4988074,0.011122253,N-BEATS(L=90),5,test
2024-05-16,TLT,-4.823306,0.008040162,-4.524892,0.010835886,N-BEATS(L=90),5,test
2024-05-17,GLD,-4.228624,0.01457243,-4.421933,0.012010991,N-BEATS(L=90),5,test
2024-05-17,SPY,-4.542774,0.010643837,-4.7017694,0.009079198,N-BEATS(L=90),5,test
2024-05-17,TLT,-4.808138,0.008163046,-4.4765754,0.011372292,N-BEATS(L=90),5,test
2024-05-20,GLD,-4.347986,0.0129328305,-4.503586,0.0110692335,N-BEATS(L=90),5,test
2024-05-20,SPY,-4.4982324,0.011128651,-4.7826777,0.008373547,N-BEATS(L=90),5,test
2024-05-20,TLT,-4.6366153,0.009690441,-4.746209,0.008684555,N-BEATS(L=90),5,test
2024-05-21,GLD,-4.390487,0.012394689,-4.7468786,0.008678743,N-BEATS(L=90),5,test
2024-05-21,SPY,-4.4909544,0.01120994,-4.6248546,0.0098050805,N-BEATS(L=90),5,test
2024-05-21,TLT,-4.53828,0.010691781,-4.743133,0.00871131,N-BEATS(L=90),5,test
2024-05-22,GLD,-4.551355,0.010552897,-4.6231203,0.0098221,N-BEATS(L=90),5,test
2024-05-22,SPY,-4.5003953,0.011104606,-4.7955284,0.00826663,N-BEATS(L=90),5,test
2024-05-22,TLT,-4.5082245,0.011018005,-4.7631745,0.00853846,N-BEATS(L=90),5,test
2024-05-23,GLD,-4.513814,0.010956592,-4.4326224,0.011883286,N-BEATS(L=90),5,test
2024-05-23,SPY,-4.2611704,0.014105784,-4.742024,0.008720977,N-BEATS(L=90),5,test
2024-05-23,TLT,-4.625481,0.009798939,-4.737073,0.008764262,N-BEATS(L=90),5,test
2024-05-24,GLD,-4.4113407,0.012138893,-4.154608,0.015691945,N-BEATS(L=90),5,test
2024-05-24,SPY,-4.125065,0.016162446,-4.703632,0.009062304,N-BEATS(L=90),5,test
2024-05-24,TLT,-4.561856,0.010442661,-4.6534376,0.00952879,N-BEATS(L=90),5,test
2024-05-28,GLD,-4.355144,0.01284059,-4.3572392,0.012813714,N-BEATS(L=90),5,test
2024-05-28,SPY,-4.1136193,0.016348496,-4.8755207,0.00763112,N-BEATS(L=90),5,test
2024-05-28,TLT,-4.5830936,0.01022322,-4.6758757,0.009317363,N-BEATS(L=90),5,test
2024-05-29,GLD,-4.2667956,0.014026658,-4.243177,0.014361893,N-BEATS(L=90),5,test
2024-05-29,SPY,-4.051141,0.017402511,-4.710814,0.008997451,N-BEATS(L=90),5,test
2024-05-29,TLT,-4.4892383,0.011229195,-4.5424457,0.010647335,N-BEATS(L=90),5,test
2024-05-30,GLD,-4.2312884,0.014533653,-4.286485,0.01375318,N-BEATS(L=90),5,test
2024-05-30,SPY,-4.0665402,0.017136574,-4.672658,0.009347391,N-BEATS(L=90),5,test
2024-05-30,TLT,-4.4881153,0.011241811,-4.686585,0.009218113,N-BEATS(L=90),5,test
2024-05-31,GLD,-4.2881303,0.0137305735,-4.630251,0.009752312,N-BEATS(L=90),5,test
2024-05-31,SPY,-4.27429,0.013921929,-4.6851153,0.00923167,N-BEATS(L=90),5,test
2024-05-31,TLT,-4.5051045,0.011052434,-4.7708287,0.008473355,N-BEATS(L=90),5,test
2024-06-03,GLD,-4.360599,0.012770735,-4.3289514,0.013181362,N-BEATS(L=90),5,test
2024-06-03,SPY,-4.4869814,0.011254566,-4.5796695,0.010258286,N-BEATS(L=90),5,test
2024-06-03,TLT,-4.5712624,0.010344893,-4.6033573,0.010018145,N-BEATS(L=90),5,test
2024-06-04,GLD,-4.437459,0.01182595,-4.270385,0.013976404,N-BEATS(L=90),5,test
2024-06-04,SPY,-4.465911,0.011494221,-4.324707,0.013237428,N-BEATS(L=90),5,test
2024-06-04,TLT,-4.5902753,0.010150064,-4.869975,0.0076735565,N-BEATS(L=90),5,test
2024-06-05,GLD,-4.4540124,0.011631802,-4.1777005,0.015333727,N-BEATS(L=90),5,test
2024-06-05,SPY,-4.536514,0.010710681,-4.110623,0.016397558,N-BEATS(L=90),5,test
2024-06-05,TLT,-4.5520306,0.010545769,-4.399763,0.012280249,N-BEATS(L=90),5,test
2024-06-06,GLD,-4.340761,0.013026609,-4.232548,0.014515355,N-BEATS(L=90),5,test
2024-06-06,SPY,-4.493966,0.011176229,-4.168238,0.015479509,N-BEATS(L=90),5,test
2024-06-06,TLT,-4.4408264,0.0117861945,-4.5874443,0.010178839,N-BEATS(L=90),5,test
2024-06-07,GLD,-4.449962,0.01167901,-4.155487,0.015678152,N-BEATS(L=90),5,test
2024-06-07,SPY,-4.594375,0.010108535,-4.2185345,0.0147202015,N-BEATS(L=90),5,test
2024-06-07,TLT,-4.401291,0.0122615015,-4.5056973,0.011045886,N-BEATS(L=90),5,test
2024-06-10,GLD,-4.4059873,0.012204052,-4.0608354,0.017234616,N-BEATS(L=90),5,test
2024-06-10,SPY,-4.444916,0.0117380945,-4.1923904,0.015110122,N-BEATS(L=90),5,test
2024-06-10,TLT,-4.3865776,0.012443242,-4.657629,0.009488934,N-BEATS(L=90),5,test
2024-06-11,GLD,-4.370776,0.012641424,-4.3377542,0.013065838,N-BEATS(L=90),5,test
2024-06-11,SPY,-4.5594234,0.010468093,-4.3820305,0.012499952,N-BEATS(L=90),5,test
2024-06-11,TLT,-4.3966265,0.012318828,-4.775463,0.008434177,N-BEATS(L=90),5,test
2024-06-12,GLD,-4.3429384,0.012998277,-4.1276774,0.016120275,N-BEATS(L=90),5,test
2024-06-12,SPY,-4.522876,0.010857754,-4.3366375,0.013080438,N-BEATS(L=90),5,test
2024-06-12,TLT,-4.570889,0.010348756,-4.695389,0.009137314,N-BEATS(L=90),5,test
2024-06-13,GLD,-4.3327465,0.013131432,-4.063226,0.017193459,N-BEATS(L=90),5,test
2024-06-13,SPY,-4.57446,0.010311866,-4.311238,0.013416932,N-BEATS(L=90),5,test
2024-06-13,TLT,-4.5770154,0.010285549,-4.63155,0.009739652,N-BEATS(L=90),5,test
2024-06-14,GLD,-4.347437,0.0129399365,-4.012203,0.018093487,N-BEATS(L=90),5,test
2024-06-14,SPY,-4.4959407,0.011154183,-4.304239,0.013511166,N-BEATS(L=90),5,test
2024-06-14,TLT,-4.5805516,0.010249241,-4.490974,0.011209721,N-BEATS(L=90),5,test
2024-06-17,GLD,-4.392817,0.012365845,-4.252188,0.014233055,N-BEATS(L=90),5,test
2024-06-17,SPY,-4.665655,0.009413079,-4.5163517,0.010928823,N-BEATS(L=90),5,test
2024-06-17,TLT,-4.6176653,0.009875827,-4.354466,0.0128493,N-BEATS(L=90),5,test
2024-06-18,GLD,-4.4415903,0.011777194,-4.402335,0.012248703,N-BEATS(L=90),5,test
2024-06-18,SPY,-4.6153607,0.009898612,-4.2965193,0.01361587,N-BEATS(L=90),5,test
2024-06-18,TLT,-4.6991863,0.009102681,-4.571682,0.010340553,N-BEATS(L=90),5,test
2024-06-20,GLD,-4.5725193,0.010331898,-4.44721,0.011711198,N-BEATS(L=90),5,test
2024-06-20,SPY,-4.7630444,0.008539572,-4.5081005,0.011019371,N-BEATS(L=90),5,test
2024-06-20,TLT,-4.7413883,0.008726522,-4.5498962,0.010568301,N-BEATS(L=90),5,test
2024-06-21,GLD,-4.9626174,0.006994596,-4.523062,0.01085573,N-BEATS(L=90),5,test
2024-06-21,SPY,-4.4370437,0.011830863,-4.54038,0.010669352,N-BEATS(L=90),5,test
2024-06-21,TLT,-4.6355743,0.009700534,-4.7257023,0.008864487,N-BEATS(L=90),5,test
2024-06-24,GLD,-4.8066044,0.008175573,-4.428867,0.011927998,N-BEATS(L=90),5,test
2024-06-24,SPY,-4.471534,0.011429772,-4.3351164,0.013100349,N-BEATS(L=90),5,test
2024-06-24,TLT,-4.363711,0.012731057,-4.640912,0.009648893,N-BEATS(L=90),5,test
2024-06-25,GLD,-4.746591,0.008681239,-4.8143573,0.008112434,N-BEATS(L=90),5,test
2024-06-25,SPY,-4.4727635,0.011415725,-4.443883,0.011750224,N-BEATS(L=90),5,test
2024-06-25,TLT,-4.289987,0.013705102,-4.5095806,0.011003074,N-BEATS(L=90),5,test
2024-06-26,GLD,-4.702585,0.009071794,-4.4785943,0.011349356,N-BEATS(L=90),5,test
2024-06-26,SPY,-4.496934,0.01114311,-4.4769473,0.011368063,N-BEATS(L=90),5,test
2024-06-26,TLT,-4.2559867,0.014179094,-4.422345,0.012006043,N-BEATS(L=90),5,test
2024-06-27,GLD,-4.6791167,0.009287213,-4.461988,0.011539401,N-BEATS(L=90),5,test
2024-06-27,SPY,-4.4699917,0.011447411,-4.3512745,0.012890373,N-BEATS(L=90),5,test
2024-06-27,TLT,-4.182539,0.015259714,-4.585548,0.01019816,N-BEATS(L=90),5,test
2024-06-28,GLD,-4.4575915,0.011590244,-4.643532,0.009623649,N-BEATS(L=90),5,test
2024-06-28,SPY,-4.8673573,0.0076936707,-4.511005,0.010987413,N-BEATS(L=90),5,test
2024-06-28,TLT,-4.2724404,0.013947703,-4.5514774,0.0105516035,N-BEATS(L=90),5,test
2024-07-01,GLD,-4.391236,0.012385414,-4.4962897,0.01115029,N-BEATS(L=90),5,test
2024-07-01,SPY,-5.0105643,0.00666714,-4.584379,0.010210087,N-BEATS(L=90),5,test
2024-07-01,TLT,-4.410019,0.012154948,-4.609762,0.009954185,N-BEATS(L=90),5,test
2024-07-02,GLD,-4.399699,0.012281033,-4.1689243,0.015468891,N-BEATS(L=90),5,test
2024-07-02,SPY,-4.963004,0.0069918917,-4.4053073,0.012212353,N-BEATS(L=90),5,test
2024-07-02,TLT,-4.497261,0.0111394655,-4.3488927,0.012921113,N-BEATS(L=90),5,test
2024-07-03,GLD,-4.252734,0.014225286,-4.450866,0.011668455,N-BEATS(L=90),5,test
2024-07-03,SPY,-4.7220793,0.008896661,-4.488441,0.01123815,N-BEATS(L=90),5,test
2024-07-03,TLT,-4.4785476,0.011349886,-4.378147,0.012548588,N-BEATS(L=90),5,test
2024-07-05,GLD,-4.2359815,0.014465606,-4.344688,0.012975557,N-BEATS(L=90),5,test
2024-07-05,SPY,-4.4932284,0.011184477,-4.638107,0.009675998,N-BEATS(L=90),5,test
2024-07-05,TLT,-4.5791473,0.010263644,-4.3124347,0.013400883,N-BEATS(L=90),5,test
2024-07-08,GLD,-4.215387,0.014766608,-4.5163913,0.010928391,N-BEATS(L=90),5,test
2024-07-08,SPY,-4.3674526,0.012683509,-4.6996446,0.00909851,N-BEATS(L=90),5,test
2024-07-08,TLT,-4.6097584,0.009954223,-4.2255955,0.014616628,N-BEATS(L=90),5,test
2024-07-09,GLD,-4.2546,0.014198769,-4.229879,0.014554153,N-BEATS(L=90),5,test
2024-07-09,SPY,-4.3499928,0.012906906,-4.4369636,0.011831811,N-BEATS(L=90),5,test
2024-07-09,TLT,-4.7077146,0.009025381,-4.5350394,0.0107264845,N-BEATS(L=90),5,test
2024-07-10,GLD,-4.149326,0.015775047,-3.9337947,0.01956927,N-BEATS(L=90),5,test
2024-07-10,SPY,-4.338105,0.013061253,-4.5762463,0.010293463,N-BEATS(L=90),5,test
2024-07-10,TLT,-4.6148343,0.009903824,-4.2548947,0.014194584,N-BEATS(L=90),5,test
2024-07-11,GLD,-4.1990776,0.015009415,-4.038206,0.017629068,N-BEATS(L=90),5,test
2024-07-11,SPY,-4.2002764,0.014991433,-4.7028017,0.00906983,N-BEATS(L=90),5,test
2024-07-11,TLT,-4.583884,0.010215146,-4.431502,0.011896609,N-BEATS(L=90),5,test
2024-07-12,GLD,-4.212831,0.014804398,-4.209032,0.0148607455,N-BEATS(L=90),5,test
2024-07-12,SPY,-4.2302485,0.014548776,-4.5979033,0.010072934,N-BEATS(L=90),5,test
2024-07-12,TLT,-4.619101,0.009861657,-4.5521426,0.010544587,N-BEATS(L=90),5,test
2024-07-15,GLD,-4.3161216,0.013351566,-4.299487,0.01357552,N-BEATS(L=90),5,test
2024-07-15,SPY,-4.2709346,0.013968722,-4.747655,0.008672008,N-BEATS(L=90),5,test
2024-07-15,TLT,-4.4241934,0.011983874,-4.69272,0.009161733,N-BEATS(L=90),5,test
2024-07-16,GLD,-4.371867,0.012627641,-4.423822,0.011988326,N-BEATS(L=90),5,test
2024-07-16,SPY,-4.2489295,0.014279512,-4.8919106,0.0075070662,N-BEATS(L=90),5,test
2024-07-16,TLT,-4.449493,0.01168449,-4.5374155,0.010701028,N-BEATS(L=90),5,test
2024-07-17,GLD,-4.341716,0.013014179,-4.324101,0.013245453,N-BEATS(L=90),5,test
2024-07-17,SPY,-4.1653643,0.015524059,-4.5018806,0.0110881245,N-BEATS(L=90),5,test
2024-07-17,TLT,-4.3365307,0.013081835,-4.3832974,0.012484125,N-BEATS(L=90),5,test
2024-07-18,GLD,-4.396369,0.012322,-4.2148542,0.014774475,N-BEATS(L=90),5,test
2024-07-18,SPY,-4.0419025,0.017564025,-4.3813066,0.012509003,N-BEATS(L=90),5,test
2024-07-18,TLT,-4.2974854,0.013602722,-4.497703,0.0111345425,N-BEATS(L=90),5,test
2024-07-19,GLD,-4.3999896,0.012277467,-4.450479,0.011672974,N-BEATS(L=90),5,test
2024-07-19,SPY,-4.040271,0.017592708,-4.620407,0.009848786,N-BEATS(L=90),5,test
2024-07-19,TLT,-4.2839,0.013788784,-4.592447,0.010128046,N-BEATS(L=90),5,test
2024-07-22,GLD,-4.297879,0.0135973655,-4.554615,0.010518549,N-BEATS(L=90),5,test
2024-07-22,SPY,-4.034768,0.017689781,-4.120548,0.016235618,N-BEATS(L=90),5,test
2024-07-22,TLT,-4.436061,0.011842496,-4.6102815,0.009949017,N-BEATS(L=90),5,test
2024-07-23,GLD,-4.179307,0.015309113,-4.4207506,0.012025203,N-BEATS(L=90),5,test
2024-07-23,SPY,-3.9089024,0.02006251,-4.4364347,0.011838069,N-BEATS(L=90),5,test
2024-07-23,TLT,-4.3742604,0.012597456,-4.504138,0.011063122,N-BEATS(L=90),5,test
2024-07-24,GLD,-4.302792,0.0135307275,-4.373614,0.012605604,N-BEATS(L=90),5,test
2024-07-24,SPY,-3.9134412,0.019971656,-4.141985,0.015891276,N-BEATS(L=90),5,test
2024-07-24,TLT,-4.532973,0.010748675,-4.7887545,0.008322817,N-BEATS(L=90),5,test
2024-07-25,GLD,-4.2340007,0.014494288,-4.2442846,0.014345992,N-BEATS(L=90),5,test
2024-07-25,SPY,-3.780263,0.022816692,-3.8638072,0.020987943,N-BEATS(L=90),5,test
2024-07-25,TLT,-4.5869994,0.010183369,-4.3492045,0.012917084,N-BEATS(L=90),5,test
2024-07-26,GLD,-3.816559,0.022003382,-4.335475,0.013095653,N-BEATS(L=90),5,test
2024-07-26,SPY,-3.7220507,0.024184324,-4.08064,0.01689665,N-BEATS(L=90),5,test
2024-07-26,TLT,-4.433087,0.011877768,-4.4366527,0.011835489,N-BEATS(L=90),5,test
2024-07-29,GLD,-3.8198502,0.021931086,-4.4258432,0.011964118,N-BEATS(L=90),5,test
2024-07-29,SPY,-3.541759,0.028962336,-4.29541,0.01363098,N-BEATS(L=90),5,test
2024-07-29,TLT,-4.037117,0.01764828,-4.376165,0.012573487,N-BEATS(L=90),5,test
2024-07-30,GLD,-3.8410456,0.021471139,-4.308734,0.013450568,N-BEATS(L=90),5,test
2024-07-30,SPY,-3.466272,0.031233247,-4.4274893,0.011944441,N-BEATS(L=90),5,test
2024-07-30,TLT,-3.9718056,0.018839387,-4.520966,0.01087851,N-BEATS(L=90),5,test
2024-07-31,GLD,-3.8430831,0.021427436,-4.547553,0.010593093,N-BEATS(L=90),5,test
2024-07-31,SPY,-3.3975728,0.033454373,-4.2545404,0.0141996145,N-BEATS(L=90),5,test
2024-07-31,TLT,-3.928433,0.01967448,-4.844113,0.007874601,N-BEATS(L=90),5,test
2024-08-01,GLD,-3.8857963,0.020531474,-4.718708,0.008926704,N-BEATS(L=90),5,test
2024-08-01,SPY,-3.4866424,0.030603455,-4.3105006,0.013426826,N-BEATS(L=90),5,test
2024-08-01,TLT,-3.951358,0.01922857,-4.485129,0.011275434,N-BEATS(L=90),5,test
2024-08-02,GLD,-4.3919396,0.0123767,-4.618697,0.009865641,N-BEATS(L=90),5,test
2024-08-02,SPY,-3.5221367,0.029536258,-4.21999,0.014698795,N-BEATS(L=90),5,test
2024-08-02,TLT,-4.0089126,0.018153125,-4.4657297,0.011496304,N-BEATS(L=90),5,test
2024-08-05,GLD,-4.496091,0.011152508,-4.3825164,0.0124938795,N-BEATS(L=90),5,test
2024-08-05,SPY,-3.6865602,0.02505805,-3.9632292,0.019001655,N-BEATS(L=90),5,test
2024-08-05,TLT,-4.307064,0.013473048,-4.5105963,0.010991904,N-BEATS(L=90),5,test
2024-08-06,GLD,-4.5902824,0.010149991,-4.489227,0.011229323,N-BEATS(L=90),5,test
2024-08-06,SPY,-3.9064367,0.02011204,-3.8985476,0.020271331,N-BEATS(L=90),5,test
2024-08-06,TLT,-4.5393057,0.01068082,-4.135813,0.015989656,N-BEATS(L=90),5,test
2024-08-07,GLD,-4.5041623,0.011062854,-4.4608045,0.011553066,N-BEATS(L=90),5,test
2024-08-07,SPY,-4.155067,0.01568474,-3.8117604,0.022109224,N-BEATS(L=90),5,test
2024-08-07,TLT,-4.701043,0.009085795,-4.053725,0.0173576,N-BEATS(L=90),5,test
2024-08-08,GLD,-4.3727355,0.01261668,-4.4007907,0.012267636,N-BEATS(L=90),5,test
2024-08-08,SPY,-4.3550053,0.012842372,-3.647942,0.026044672,N-BEATS(L=90),5,test
2024-08-08,TLT,-4.659666,0.009469625,-4.0234613,0.01789093,N-BEATS(L=90),5,test
2024-08-09,GLD,-4.2716255,0.013959074,-4.438178,0.01181745,N-BEATS(L=90),5,test
2024-08-09,SPY,-4.479193,0.011342561,-3.7914834,0.022562109,N-BEATS(L=90),5,test
2024-08-09,TLT,-4.624537,0.009808195,-4.292478,0.013671005,N-BEATS(L=90),5,test
2024-08-12,GLD,-4.276216,0.013895142,-4.433456,0.011873385,N-BEATS(L=90),5,test
2024-08-12,SPY,-4.542333,0.010648533,-3.9775133,0.018732162,N-BEATS(L=90),5,test
2024-08-12,TLT,-4.697842,0.009114925,-4.1730785,0.015404763,N-BEATS(L=90),5,test
2024-08-13,GLD,-4.1614017,0.015585695,-4.38105,0.012512213,N-BEATS(L=90),5,test
2024-08-13,SPY,-4.5517316,0.010548922,-4.0905104,0.016730692,N-BEATS(L=90),5,test
2024-08-13,TLT,-4.611207,0.009939814,-4.202651,0.014955875,N-BEATS(L=90),5,test
2024-08-14,GLD,-4.144472,0.015851801,-4.253101,0.014220071,N-BEATS(L=90),5,test
2024-08-14,SPY,-4.373336,0.012609108,-4.0653815,0.017156443,N-BEATS(L=90),5,test
2024-08-14,TLT,-4.4680133,0.011470081,-4.4314795,0.011896876,N-BEATS(L=90),5,test
2024-08-15,GLD,-4.182464,0.015260857,-4.2948356,0.013638814,N-BEATS(L=90),5,test
2024-08-15,SPY,-4.2583694,0.014145348,-4.039959,0.017598195,N-BEATS(L=90),5,test
2024-08-15,TLT,-4.440303,0.011792366,-4.3064346,0.01348153,N-BEATS(L=90),5,test
2024-08-16,GLD,-4.2219806,0.014669562,-4.357818,0.012806299,N-BEATS(L=90),5,test
2024-08-16,SPY,-4.1825767,0.015259139,-4.0601845,0.017245837,N-BEATS(L=90),5,test
2024-08-16,TLT,-4.4068093,0.0121940235,-4.233138,0.014506795,N-BEATS(L=90),5,test
2024-08-19,GLD,-4.240631,0.014398502,-4.118854,0.01626314,N-BEATS(L=90),5,test
2024-08-19,SPY,-4.168241,0.015479464,-4.121215,0.016224792,N-BEATS(L=90),5,test
2024-08-19,TLT,-4.451364,0.011662648,-4.4619975,0.011539291,N-BEATS(L=90),5,test
2024-08-20,GLD,-4.3876853,0.0124294665,-4.2242446,0.014636387,N-BEATS(L=90),5,test
2024-08-20,SPY,-4.1733565,0.015400481,-4.2885613,0.013724656,N-BEATS(L=90),5,test
2024-08-20,TLT,-4.48628,0.0112624625,-4.598046,0.010071498,N-BEATS(L=90),5,test
2024-08-21,GLD,-4.52287,0.010857816,-4.250962,0.014250522,N-BEATS(L=90),5,test
2024-08-21,SPY,-4.2333217,0.014504133,-4.4308743,0.011904077,N-BEATS(L=90),5,test
2024-08-21,TLT,-4.6738653,0.009336113,-4.623133,0.009821974,N-BEATS(L=90),5,test
2024-08-22,GLD,-4.598271,0.0100692315,-4.2623434,0.014089247,N-BEATS(L=90),5,test
2024-08-22,SPY,-4.2225614,0.014661044,-4.235804,0.014468172,N-BEATS(L=90),5,test
2024-08-22,TLT,-4.7864523,0.008342,-4.329606,0.013172735,N-BEATS(L=90),5,test
2024-08-23,GLD,-4.5979977,0.010071983,-4.3484893,0.012926326,N-BEATS(L=90),5,test
2024-08-23,SPY,-4.1704,0.015446078,-4.215472,0.014765347,N-BEATS(L=90),5,test
2024-08-23,TLT,-4.5608306,0.010453373,-4.516341,0.010928937,N-BEATS(L=90),5,test
2024-08-26,GLD,-4.496158,0.011151758,-4.445947,0.011725994,N-BEATS(L=90),5,test
2024-08-26,SPY,-4.0121684,0.018094117,-4.2189307,0.01471437,N-BEATS(L=90),5,test
2024-08-26,TLT,-4.507963,0.011020885,-4.419319,0.012042428,N-BEATS(L=90),5,test
2024-08-27,GLD,-4.4541593,0.011630094,-4.5761757,0.01029419,N-BEATS(L=90),5,test
2024-08-27,SPY,-3.9784992,0.018713703,-4.182765,0.015256265,N-BEATS(L=90),5,test
2024-08-27,TLT,-4.4617596,0.011542036,-4.658374,0.009481869,N-BEATS(L=90),5,test
2024-08-28,GLD,-4.4306407,0.0119068585,-4.4229627,0.011998632,N-BEATS(L=90),5,test
2024-08-28,SPY,-3.9611692,0.019040838,-4.070966,0.017060904,N-BEATS(L=90),5,test
2024-08-28,TLT,-4.364553,0.01272034,-4.3817005,0.0125040775,N-BEATS(L=90),5,test
2024-08-29,GLD,-4.247722,0.014296763,-4.3669415,0.012689995,N-BEATS(L=90),5,test
2024-08-29,SPY,-3.8768032,0.020716948,-4.007532,0.018178202,N-BEATS(L=90),5,test
2024-08-29,TLT,-4.0983176,0.01660058,-4.5146036,0.010947944,N-BEATS(L=90),5,test
2024-08-30,GLD,-4.3138213,0.013382314,-4.613117,0.009920845,N-BEATS(L=90),5,test
2024-08-30,SPY,-3.9135265,0.019969951,-4.1138268,0.016345106,N-BEATS(L=90),5,test
2024-08-30,TLT,-4.1624656,0.015569123,-4.5211854,0.010876124,N-BEATS(L=90),5,test
2024-09-03,GLD,-4.3564925,0.0128232865,-4.2692866,0.013991761,N-BEATS(L=90),5,test
2024-09-03,SPY,-4.000603,0.018304594,-4.135111,0.016000891,N-BEATS(L=90),5,test
2024-09-03,TLT,-4.1360126,0.01598647,-4.477926,0.011356945,N-BEATS(L=90),5,test
2024-09-04,GLD,-4.3451157,0.012970008,-4.2787633,0.013859792,N-BEATS(L=90),5,test
2024-09-04,SPY,-3.6699655,0.025477348,-4.100963,0.016556721,N-BEATS(L=90),5,test
2024-09-04,TLT,-4.112136,0.016372766,-4.2258277,0.014613234,N-BEATS(L=90),5,test
2024-09-05,GLD,-4.358881,0.012792694,-4.2294283,0.0145607125,N-BEATS(L=90),5,test
2024-09-05,SPY,-3.6863983,0.025062107,-4.141401,0.015900562,N-BEATS(L=90),5,test
2024-09-05,TLT,-4.1197176,0.016249103,-4.323013,0.013259874,N-BEATS(L=90),5,test
2024-09-06,GLD,-4.6421995,0.0096364785,-4.3986306,0.012294164,N-BEATS(L=90),5,test
2024-09-06,SPY,-3.787811,0.022645118,-4.3487926,0.012922406,N-BEATS(L=90),5,test
2024-09-06,TLT,-4.38672,0.012441468,-4.307281,0.013470124,N-BEATS(L=90),5,test
2024-09-09,GLD,-4.64271,0.009631558,-4.2076283,0.014881622,N-BEATS(L=90),5,test
2024-09-09,SPY,-3.8114486,0.022116119,-3.9409964,0.019428845,N-BEATS(L=90),5,test
2024-09-09,TLT,-4.4007125,0.012268595,-3.834396,0.021614391,N-BEATS(L=90),5,test
2024-09-10,GLD,-4.6047726,0.0100039765,-4.186319,0.015202143,N-BEATS(L=90),5,test
2024-09-10,SPY,-3.8194823,0.021939155,-4.1495347,0.015771754,N-BEATS(L=90),5,test
2024-09-10,TLT,-4.4300447,0.011913958,-4.1455946,0.015834019,N-BEATS(L=90),5,test
2024-09-11,GLD,-4.1604295,0.015600856,-4.345953,0.012959152,N-BEATS(L=90),5,test
2024-09-11,SPY,-4.216352,0.014752363,-4.221174,0.014681402,N-BEATS(L=90),5,test
2024-09-11,TLT,-4.377165,0.012560921,-4.0658817,0.017147863,N-BEATS(L=90),5,test
2024-09-12,GLD,-4.1266856,0.016136272,-4.1903524,0.015140948,N-BEATS(L=90),5,test
2024-09-12,SPY,-4.2535563,0.0142135965,-4.2324095,0.014517369,N-BEATS(L=90),5,test
2024-09-12,TLT,-4.4623504,0.011535219,-4.194519,0.015077992,N-BEATS(L=90),5,test
2024-09-13,GLD,-4.0880156,0.016772484,-4.2635536,0.014072206,N-BEATS(L=90),5,test
2024-09-13,SPY,-4.223341,0.014649618,-3.845878,0.021367636,N-BEATS(L=90),5,test
2024-09-13,TLT,-4.475075,0.01138937,-4.333178,0.013125767,N-BEATS(L=90),5,test
2024-09-16,GLD,-4.101326,0.016550714,-4.21993,0.0146996705,N-BEATS(L=90),5,test
2024-09-16,SPY,-4.240686,0.014397712,-3.865496,0.020952528,N-BEATS(L=90),5,test
2024-09-16,TLT,-4.36768,0.012680625,-4.3541737,0.012853056,N-BEATS(L=90),5,test
2024-09-17,GLD,-4.1021733,0.016536696,-4.431728,0.011893921,N-BEATS(L=90),5,test
2024-09-17,SPY,-4.309776,0.013436561,-4.0202494,0.017948488,N-BEATS(L=90),5,test
2024-09-17,TLT,-4.3246913,0.013237636,-4.2652555,0.014048278,N-BEATS(L=90),5,test
2024-09-18,GLD,-4.4945107,0.011170145,-4.5319195,0.010760003,N-BEATS(L=90),5,test
2024-09-18,SPY,-4.592403,0.010128491,-3.877016,0.020712538,N-BEATS(L=90),5,test
2024-09-18,TLT,-4.4811735,0.011320121,-4.35322,0.01286532,N-BEATS(L=90),5,test
2024-09-19,GLD,-4.481482,0.011316629,-4.375779,0.012578338,N-BEATS(L=90),5,test
2024-09-19,SPY,-4.618216,0.009870389,-3.901028,0.020221116,N-BEATS(L=90),5,test
2024-09-19,TLT,-4.3898897,0.012402097,-4.2638955,0.014067396,N-BEATS(L=90),5,test
2024-09-20,GLD,-4.4375825,0.01182449,-4.3605204,0.01277174,N-BEATS(L=90),5,test
2024-09-20,SPY,-4.6651945,0.0094174165,-4.1471167,0.015809936,N-BEATS(L=90),5,test
2024-09-20,TLT,-4.3843894,0.012470501,-4.497965,0.0111316275,N-BEATS(L=90),5,test
2024-09-23,GLD,-4.403588,0.01223337,-4.504473,0.011059415,N-BEATS(L=90),5,test
2024-09-23,SPY,-4.4786468,0.011348761,-4.123702,0.016184488,N-BEATS(L=90),5,test
2024-09-23,TLT,-4.5068316,0.011033363,-4.3961086,0.012325209,N-BEATS(L=90),5,test
2024-09-24,GLD,-4.408592,0.012172302,-4.382435,0.012494898,N-BEATS(L=90),5,test
2024-09-24,SPY,-4.30936,0.013442149,-4.167015,0.015498453,N-BEATS(L=90),5,test
2024-09-24,TLT,-4.4971333,0.011140889,-4.2889624,0.013719154,N-BEATS(L=90),5,test
2024-09-25,GLD,-4.3635254,0.0127334185,-4.4017663,0.012255673,N-BEATS(L=90),5,test
2024-09-25,SPY,-4.258173,0.014148127,-4.1611977,0.015588877,N-BEATS(L=90),5,test
2024-09-25,TLT,-4.4479556,0.011702467,-4.2473593,0.014301952,N-BEATS(L=90),5,test
2024-09-26,GLD,-4.36358,0.01273272,-4.508321,0.011016944,N-BEATS(L=90),5,test
2024-09-26,SPY,-4.262345,0.014089227,-4.459887,0.01156367,N-BEATS(L=90),5,test
2024-09-26,TLT,-4.5240107,0.010845439,-4.6522026,0.009540564,N-BEATS(L=90),5,test
2024-09-27,GLD,-4.3217387,0.013276779,-4.462626,0.01153204,N-BEATS(L=90),5,test
2024-09-27,SPY,-4.204589,0.014926922,-4.542978,0.010641671,N-BEATS(L=90),5,test
2024-09-27,TLT,-4.519538,0.010894056,-4.266843,0.0140259955,N-BEATS(L=90),5,test
2024-09-30,GLD,-4.345663,0.01296291,-4.3152227,0.013363573,N-BEATS(L=90),5,test
2024-09-30,SPY,-4.24771,0.014296933,-4.368928,0.012664811,N-BEATS(L=90),5,test
2024-09-30,TLT,-4.566178,0.010397625,-4.461646,0.011543347,N-BEATS(L=90),5,test
2024-10-01,GLD,-4.200852,0.014982807,-4.434905,0.011856192,N-BEATS(L=90),5,test
2024-10-01,SPY,-4.401749,0.012255884,-4.477124,0.011366053,N-BEATS(L=90),5,test
2024-10-01,TLT,-4.730923,0.0088183265,-4.6063476,0.009988233,N-BEATS(L=90),5,test
2024-10-02,GLD,-4.2566953,0.01416905,-4.301764,0.013544645,N-BEATS(L=90),5,test
2024-10-02,SPY,-4.435982,0.011843427,-4.4075246,0.012185304,N-BEATS(L=90),5,test
2024-10-02,TLT,-4.707346,0.009028709,-4.5273743,0.01080902,N-BEATS(L=90),5,test
2024-10-03,GLD,-4.323583,0.013252313,-4.663734,0.009431181,N-BEATS(L=90),5,test
2024-10-03,SPY,-4.4898834,0.011221952,-4.355873,0.012831232,N-BEATS(L=90),5,test
2024-10-03,TLT,-4.6611147,0.0094559165,-4.6405663,0.00965223,N-BEATS(L=90),5,test
2024-10-04,GLD,-4.4771843,0.01136537,-4.5696354,0.010361737,N-BEATS(L=90),5,test
2024-10-04,SPY,-4.611516,0.0099367425,-4.5447493,0.010622836,N-BEATS(L=90),5,test
2024-10-04,TLT,-4.632382,0.009731552,-4.73727,0.008762537,N-BEATS(L=90),5,test
2024-10-07,GLD,-4.426417,0.011957257,-4.1870565,0.015190933,N-BEATS(L=90),5,test
2024-10-07,SPY,-4.6640615,0.009428092,-4.6720834,0.009352764,N-BEATS(L=90),5,test
2024-10-07,TLT,-4.6341662,0.009714203,-4.539785,0.010675702,N-BEATS(L=90),5,test
2024-10-08,GLD,-4.6837997,0.009243823,-4.547777,0.01059072,N-BEATS(L=90),5,test
2024-10-08,SPY,-4.5875487,0.010177776,-4.4504275,0.011673575,N-BEATS(L=90),5,test
2024-10-08,TLT,-4.6217794,0.00983528,-4.646158,0.009598406,N-BEATS(L=90),5,test
2024-10-09,GLD,-4.6243,0.00981052,-4.3886485,0.0124175,N-BEATS(L=90),5,test
2024-10-09,SPY,-4.6216216,0.009836832,-4.4778843,0.011357416,N-BEATS(L=90),5,test
2024-10-09,TLT,-4.684295,0.009239244,-4.581587,0.010238636,N-BEATS(L=90),5,test
2024-10-10,GLD,-4.6254177,0.0097995605,-4.489541,0.011225794,N-BEATS(L=90),5,test
2024-10-10,SPY,-4.6514635,0.009547618,-4.3310943,0.013153147,N-BEATS(L=90),5,test
2024-10-10,TLT,-4.693341,0.009156046,-4.45243,0.011650225,N-BEATS(L=90),5,test
2024-10-11,GLD,-4.6474977,0.009585558,-4.655585,0.009508351,N-BEATS(L=90),5,test
2024-10-11,SPY,-4.671262,0.009360451,-4.442635,0.011764896,N-BEATS(L=90),5,test
2024-10-11,TLT,-4.7801013,0.008395148,-4.308132,0.0134586645,N-BEATS(L=90),5,test
2024-10-14,GLD,-4.5937085,0.010115276,-4.62206,0.009832522,N-BEATS(L=90),5,test
2024-10-14,SPY,-4.6320353,0.009734926,-4.448267,0.011698823,N-BEATS(L=90),5,test
2024-10-14,TLT,-4.7670264,0.008505635,-4.550542,0.01056148,N-BEATS(L=90),5,test
2024-10-15,GLD,-4.685277,0.009230178,-4.7006774,0.009089118,N-BEATS(L=90),5,test
2024-10-15,SPY,-4.7135334,0.008973016,-4.3962927,0.01232294,N-BEATS(L=90),5,test
2024-10-15,TLT,-4.714913,0.008960647,-4.6521955,0.009540633,N-BEATS(L=90),5,test
2024-10-16,GLD,-4.592901,0.010123446,-4.5453897,0.010616035,N-BEATS(L=90),5,test
2024-10-16,SPY,-4.463273,0.011524581,-4.529512,0.010785939,N-BEATS(L=90),5,test
2024-10-16,TLT,-4.629478,0.009759853,-4.6405787,0.00965211,N-BEATS(L=90),5,test
2024-10-17,GLD,-4.5218234,0.010869186,-4.7141232,0.008967725,N-BEATS(L=90),5,test
2024-10-17,SPY,-4.4306707,0.011906501,-4.4045963,0.012221038,N-BEATS(L=90),5,test
2024-10-17,TLT,-4.485245,0.011274123,-4.5170426,0.010921274,N-BEATS(L=90),5,test
2024-10-18,GLD,-4.493077,0.011186173,-4.616494,0.009887399,N-BEATS(L=90),5,test
2024-10-18,SPY,-4.3010163,0.013554776,-4.5748606,0.010307737,N-BEATS(L=90),5,test
2024-10-18,TLT,-4.4134145,0.012113745,-4.5914345,0.010138305,N-BEATS(L=90),5,test
2024-10-21,GLD,-4.6234035,0.009819319,-4.7361426,0.00877242,N-BEATS(L=90),5,test
2024-10-21,SPY,-4.367727,0.012680032,-4.5110173,0.010987277,N-BEATS(L=90),5,test
2024-10-21,TLT,-4.339712,0.013040282,-4.4391184,0.011806343,N-BEATS(L=90),5,test
2024-10-22,GLD,-4.592151,0.0101310415,-4.273007,0.013939804,N-BEATS(L=90),5,test
2024-10-22,SPY,-4.3482246,0.012929747,-4.535262,0.010724096,N-BEATS(L=90),5,test
2024-10-22,TLT,-4.2995553,0.013574595,-4.5259376,0.010824561,N-BEATS(L=90),5,test
2024-10-23,GLD,-4.6945863,0.00914465,-4.2891407,0.013716707,N-BEATS(L=90),5,test
2024-10-23,SPY,-4.505312,0.011050142,-4.424999,0.01197422,N-BEATS(L=90),5,test
2024-10-23,TLT,-4.21544,0.014765826,-4.5679865,0.010378837,N-BEATS(L=90),5,test
2024-10-24,GLD,-4.507447,0.011026578,-4.3607845,0.012768366,N-BEATS(L=90),5,test
2024-10-24,SPY,-4.4856577,0.0112694735,-4.1723585,0.0154158585,N-BEATS(L=90),5,test
2024-10-24,TLT,-4.194478,0.015078611,-4.56308,0.010429887,N-BEATS(L=90),5,test
2024-10-25,GLD,-4.4663057,0.011489684,-4.3607225,0.012769158,N-BEATS(L=90),5,test
2024-10-25,SPY,-4.5544667,0.010520109,-4.5034976,0.01107021,N-BEATS(L=90),5,test
2024-10-25,TLT,-4.0862517,0.016802095,-4.258201,0.01414773,N-BEATS(L=90),5,test
2024-10-28,GLD,-4.433407,0.011873968,-4.5000963,0.011107926,N-BEATS(L=90),5,test
2024-10-28,SPY,-4.445814,0.011727555,-4.1584916,0.015631119,N-BEATS(L=90),5,test
2024-10-28,TLT,-4.0624423,0.017206943,-4.338237,0.013059534,N-BEATS(L=90),5,test
2024-10-29,GLD,-4.42913,0.011924859,-4.520692,0.010881493,N-BEATS(L=90),5,test
2024-10-29,SPY,-4.4774847,0.011361956,-4.311518,0.01341317,N-BEATS(L=90),5,test
2024-10-29,TLT,-3.997739,0.018357096,-3.958699,0.019087931,N-BEATS(L=90),5,test
2024-10-30,GLD,-4.3447356,0.012974938,-4.552658,0.010539154,N-BEATS(L=90),5,test
2024-10-30,SPY,-4.3550835,0.012841368,-4.379874,0.012526934,N-BEATS(L=90),5,test
2024-10-30,TLT,-3.9857848,0.018577859,-4.2175093,0.0147353,N-BEATS(L=90),5,test
2024-10-31,GLD,-4.483915,0.011289131,-4.652286,0.009539768,N-BEATS(L=90),5,test
2024-10-31,SPY,-4.388457,0.01241988,-4.457825,0.011587537,N-BEATS(L=90),5,test
2024-10-31,TLT,-4.020649,0.017941318,-4.460971,0.011551143,N-BEATS(L=90),5,test
2024-11-01,GLD,-4.5353513,0.01072314,-4.4597144,0.011565666,N-BEATS(L=90),5,test
2024-11-01,SPY,-4.474892,0.011391451,-4.2142615,0.014783234,N-BEATS(L=90),5,test
2024-11-01,TLT,-4.1239314,0.016180776,-4.3677335,0.012679948,N-BEATS(L=90),5,test
2024-11-04,GLD,-4.4953437,0.011160844,-4.7200856,0.008914416,N-BEATS(L=90),5,test
2024-11-04,SPY,-4.5478525,0.010589922,-4.1729593,0.015406599,N-BEATS(L=90),5,test
2024-11-04,TLT,-4.1777363,0.015333178,-4.3172436,0.013336594,N-BEATS(L=90),5,test
2024-11-05,GLD,-4.436065,0.011842445,-4.6041913,0.010009794,N-BEATS(L=90),5,test
2024-11-05,SPY,-4.4912024,0.011207161,-4.428104,0.011937102,N-BEATS(L=90),5,test
2024-11-05,TLT,-4.1610007,0.015591946,-4.250635,0.014255177,N-BEATS(L=90),5,test
2024-11-06,GLD,-4.4636917,0.011519757,-4.4034944,0.012234514,N-BEATS(L=90),5,test
2024-11-06,SPY,-4.640519,0.009652685,-4.3673143,0.0126852635,N-BEATS(L=90),5,test
2024-11-06,TLT,-4.174901,0.015376714,-4.192686,0.015105655,N-BEATS(L=90),5,test
2024-11-07,GLD,-4.445995,0.011725435,-4.471666,0.011428262,N-BEATS(L=90),5,test
2024-11-07,SPY,-4.5965285,0.010086791,-4.4207783,0.01202487,N-BEATS(L=90),5,test
2024-11-07,TLT,-4.193294,0.015096474,-4.163906,0.015546712,N-BEATS(L=90),5,test
2024-11-08,GLD,-4.436893,0.011832646,-4.365158,0.012712645,N-BEATS(L=90),5,test
2024-11-08,SPY,-4.473912,0.011402624,-4.4350843,0.0118540665,N-BEATS(L=90),5,test
2024-11-08,TLT,-4.083787,0.01684356,-4.103707,0.016511356,N-BEATS(L=90),5,test
2024-11-11,GLD,-4.492335,0.011194476,-4.398863,0.012291309,N-BEATS(L=90),5,test
2024-11-11,SPY,-4.4442544,0.011745861,-4.2778673,0.0138722155,N-BEATS(L=90),5,test
2024-11-11,TLT,-4.013075,0.018077724,-4.0822997,0.016868629,N-BEATS(L=90),5,test
2024-11-12,GLD,-4.588886,0.010164177,-4.436642,0.011835614,N-BEATS(L=90),5,test
2024-11-12,SPY,-4.424179,0.011984046,-4.103895,0.016508248,N-BEATS(L=90),5,test
2024-11-12,TLT,-4.139261,0.015934626,-4.0074263,0.018180126,N-BEATS(L=90),5,test
2024-11-13,GLD,-4.701227,0.009084122,-4.2763333,0.013893512,N-BEATS(L=90),5,test
2024-11-13,SPY,-4.3311205,0.013152801,-4.103263,0.016518688,N-BEATS(L=90),5,test
2024-11-13,TLT,-4.211451,0.014824841,-4.0426946,0.017550118,N-BEATS(L=90),5,test
2024-11-14,GLD,-4.8422484,0.007889296,-4.7111263,0.008994641,N-BEATS(L=90),5,test
2024-11-14,SPY,-4.1744537,0.015383593,-4.4220786,0.0120092435,N-BEATS(L=90),5,test
2024-11-14,TLT,-4.1866336,0.015197359,-3.9501524,0.019251768,N-BEATS(L=90),5,test
2024-11-15,GLD,-4.702645,0.009071253,-4.5177536,0.010913513,N-BEATS(L=90),5,test
2024-11-15,SPY,-4.246389,0.014315836,-4.4888635,0.011233403,N-BEATS(L=90),5,test
2024-11-15,TLT,-4.3401017,0.013035202,-4.272216,0.013950836,N-BEATS(L=90),5,test
2024-11-18,GLD,-4.4865394,0.011259542,-4.4614935,0.011545108,N-BEATS(L=90),5,test
2024-11-18,SPY,-4.2004204,0.014989275,-4.504032,0.011064294,N-BEATS(L=90),5,test
2024-11-18,TLT,-4.492183,0.011196174,-4.259729,0.014126131,N-BEATS(L=90),5,test
2024-11-19,GLD,-4.4605646,0.011555837,-4.813661,0.008118084,N-BEATS(L=90),5,test
2024-11-19,SPY,-4.259667,0.014127007,-4.6142564,0.00990955,N-BEATS(L=90),5,test
2024-11-19,TLT,-4.454587,0.01162512,-4.0784383,0.01693389,N-BEATS(L=90),5,test
2024-11-20,GLD,-4.4542165,0.011629428,-4.4313207,0.011898765,N-BEATS(L=90),5,test
2024-11-20,SPY,-4.371545,0.012631712,-4.77687,0.008422322,N-BEATS(L=90),5,test
2024-11-20,TLT,-4.4522924,0.011651825,-4.3498707,0.012908482,N-BEATS(L=90),5,test
2024-11-21,GLD,-4.4550076,0.011620232,-4.6666336,0.009403873,N-BEATS(L=90),5,test
2024-11-21,SPY,-4.6670103,0.009400331,-4.694069,0.009149382,N-BEATS(L=90),5,test
2024-11-21,TLT,-4.567639,0.0103824455,-4.3755326,0.01258144,N-BEATS(L=90),5,test
2024-11-22,GLD,-4.553451,0.0105308,-4.748128,0.008667907,N-BEATS(L=90),5,test
2024-11-22,SPY,-4.6946254,0.009144292,-4.268852,0.01399784,N-BEATS(L=90),5,test
2024-11-22,TLT,-4.4037294,0.012231638,-4.308368,0.013455489,N-BEATS(L=90),5,test
2024-11-25,GLD,-4.7024155,0.009073334,-4.53296,0.010748813,N-BEATS(L=90),5,test
2024-11-25,SPY,-4.978815,0.0068822126,-4.5150757,0.010942777,N-BEATS(L=90),5,test
2024-11-25,TLT,-4.3888173,0.012415404,-4.4195614,0.012039511,N-BEATS(L=90),5,test
2024-11-26,GLD,-4.778526,0.008408385,-4.4075246,0.012185304,N-BEATS(L=90),5,test
2024-11-26,SPY,-5.017347,0.006622073,-4.6113377,0.009938515,N-BEATS(L=90),5,test
2024-11-26,TLT,-4.2694817,0.013989032,-4.3621078,0.012751482,N-BEATS(L=90),5,test
2024-11-27,GLD,-4.711646,0.008989967,-4.472806,0.01141524,N-BEATS(L=90),5,test
2024-11-27,SPY,-5.1395545,0.0058603,-4.5736628,0.010320091,N-BEATS(L=90),5,test
2024-11-27,TLT,-4.299036,0.013581645,-4.52402,0.010845335,N-BEATS(L=90),5,test
2024-11-29,GLD,-4.664835,0.009420803,-4.5403404,0.010669773,N-BEATS(L=90),5,test
2024-11-29,SPY,-5.259433,0.0051982524,-4.597578,0.01007621,N-BEATS(L=90),5,test
2024-11-29,TLT,-4.2517886,0.014238743,-4.250979,0.014250277,N-BEATS(L=90),5,test
2024-12-02,GLD,-4.600715,0.010044649,-4.671335,0.009359764,N-BEATS(L=90),5,test
2024-12-02,SPY,-5.163839,0.0057197004,-4.5715814,0.010341593,N-BEATS(L=90),5,test
2024-12-02,TLT,-4.3962107,0.012323951,-4.312434,0.013400889,N-BEATS(L=90),5,test
2024-12-03,GLD,-4.6959977,0.009131752,-4.8529706,0.007805157,N-BEATS(L=90),5,test
2024-12-03,SPY,-5.0643063,0.0063182926,-4.702553,0.009072089,N-BEATS(L=90),5,test
2024-12-03,TLT,-4.466002,0.011493174,-4.32943,0.0131750535,N-BEATS(L=90),5,test
2024-12-04,GLD,-4.5958033,0.010094109,-4.6387653,0.009669629,N-BEATS(L=90),5,test
2024-12-04,SPY,-5.05069,0.0064049116,-4.621144,0.009841532,N-BEATS(L=90),5,test
2024-12-04,TLT,-4.530505,0.010775231,-4.3297653,0.013170638,N-BEATS(L=90),5,test
2024-12-05,GLD,-4.6898174,0.009188363,-4.663122,0.009436953,N-BEATS(L=90),5,test
2024-12-05,SPY,-5.048436,0.0064193644,-4.3942714,0.012347874,N-BEATS(L=90),5,test
2024-12-05,TLT,-4.5248656,0.01083617,-4.168138,0.0154810585,N-BEATS(L=90),5,test
2024-12-06,GLD,-4.726244,0.008859686,-4.4879713,0.01124343,N-BEATS(L=90),5,test
2024-12-06,SPY,-4.894119,0.007490507,-4.348884,0.012921223,N-BEATS(L=90),5,test
2024-12-06,TLT,-4.606231,0.009989396,-4.1837215,0.01524168,N-BEATS(L=90),5,test
2024-12-09,GLD,-4.806245,0.0081785135,-4.490351,0.011216704,N-BEATS(L=90),5,test
2024-12-09,SPY,-4.9086633,0.00738235,-4.079872,0.016909627,N-BEATS(L=90),5,test
2024-12-09,TLT,-4.5569496,0.010494021,-4.342325,0.01300625,N-BEATS(L=90),5,test
2024-12-10,GLD,-4.7414184,0.008726261,-4.32171,0.013277159,N-BEATS(L=90),5,test
2024-12-10,SPY,-4.950323,0.0070811207,-4.197993,0.015025706,N-BEATS(L=90),5,test
2024-12-10,TLT,-4.5228477,0.01085806,-4.4786415,0.01134882,N-BEATS(L=90),5,test
2024-12-11,GLD,-4.4644036,0.011511559,-4.607369,0.009978036,N-BEATS(L=90),5,test
2024-12-11,SPY,-4.0690002,0.01709447,-4.402352,0.012248499,N-BEATS(L=90),5,test
2024-12-11,TLT,-4.4616036,0.011543836,-4.7121296,0.008985622,N-BEATS(L=90),5,test
2024-12-12,GLD,-4.4583035,0.011581996,-4.5797634,0.010257322,N-BEATS(L=90),5,test
2024-12-12,SPY,-4.0091457,0.018148892,-4.446877,0.011715096,N-BEATS(L=90),5,test
2024-12-12,TLT,-4.3677707,0.012679475,-4.66232,0.0094445245,N-BEATS(L=90),5,test
2024-12-13,GLD,-4.4112353,0.012140172,-4.6015253,0.010036515,N-BEATS(L=90),5,test
2024-12-13,SPY,-3.7729454,0.022984266,-4.4014316,0.012259777,N-BEATS(L=90),5,test
2024-12-13,TLT,-4.350026,0.012906475,-4.6321726,0.009733589,N-BEATS(L=90),5,test
2024-12-16,GLD,-4.4284644,0.0119328,-4.4629455,0.011528357,N-BEATS(L=90),5,test
2024-12-16,SPY,-3.7198138,0.02423848,-4.558217,0.010480729,N-BEATS(L=90),5,test
2024-12-16,TLT,-4.3514557,0.012888038,-4.5759683,0.010296325,N-BEATS(L=90),5,test
2024-12-17,GLD,-4.4591413,0.011572297,-4.597545,0.010076541,N-BEATS(L=90),5,test
2024-12-17,SPY,-3.7101986,0.024472661,-4.730092,0.008825659,N-BEATS(L=90),5,test
2024-12-17,TLT,-4.3425627,0.013003163,-4.5251193,0.010833422,N-BEATS(L=90),5,test
2024-12-18,GLD,-4.8261175,0.008017589,-4.6060214,0.009991491,N-BEATS(L=90),5,test
2024-12-18,SPY,-3.9491427,0.019271215,-4.5485454,0.010582587,N-BEATS(L=90),5,test
2024-12-18,TLT,-4.49097,0.011209764,-4.494341,0.011172041,N-BEATS(L=90),5,test
2024-12-19,GLD,-4.896949,0.007469339,-4.434588,0.011859952,N-BEATS(L=90),5,test
2024-12-19,SPY,-3.9228153,0.019785315,-4.6848674,0.009233959,N-BEATS(L=90),5,test
2024-12-19,TLT,-4.5780478,0.0102749355,-4.7647486,0.008525032,N-BEATS(L=90),5,test
2024-12-20,GLD,-4.9544935,0.007051651,-4.6199746,0.009853046,N-BEATS(L=90),5,test
2024-12-20,SPY,-4.147652,0.015801473,-4.7688518,0.008490123,N-BEATS(L=90),5,test
2024-12-20,TLT,-4.6452084,0.009607527,-4.4767156,0.011370698,N-BEATS(L=90),5,test
2024-12-23,GLD,-4.910851,0.007366217,-4.633747,0.009718276,N-BEATS(L=90),5,test
2024-12-23,SPY,-4.206895,0.01489254,-4.5574555,0.010488713,N-BEATS(L=90),5,test
2024-12-23,TLT,-4.5617304,0.0104439715,-4.5973334,0.010078675,N-BEATS(L=90),5,test
2024-12-24,GLD,-4.8908453,0.0075150672,-4.607056,0.009981158,N-BEATS(L=90),5,test
2024-12-24,SPY,-3.9894512,0.01850987,-4.5431404,0.01063994,N-BEATS(L=90),5,test
2024-12-24,TLT,-4.433622,0.011871415,-4.6170025,0.009882375,N-BEATS(L=90),5,test
2024-12-26,GLD,-4.91056,0.0073683597,-4.7869864,0.008337546,N-BEATS(L=90),5,test
2024-12-26,SPY,-3.975298,0.018773707,-4.3642282,0.012724471,N-BEATS(L=90),5,test
2024-12-26,TLT,-4.4204383,0.012028959,-4.6685038,0.009386303,N-BEATS(L=90),5,test
2024-12-27,GLD,-4.794929,0.008271586,-4.498046,0.011130726,N-BEATS(L=90),5,test
2024-12-27,SPY,-3.9918199,0.018466078,-4.5247684,0.010837224,N-BEATS(L=90),5,test
2024-12-27,TLT,-4.4452486,0.0117341885,-4.639466,0.009662858,N-BEATS(L=90),5,test
2024-12-30,GLD,-4.7396584,0.008741632,-4.586087,0.0101926625,N-BEATS(L=90),5,test
2024-12-30,SPY,-3.9786372,0.018711122,-4.1910276,0.015130728,N-BEATS(L=90),5,test
2024-12-30,TLT,-4.3417163,0.013014173,-4.608738,0.009964386,N-BEATS(L=90),5,test
2024-12-31,GLD,-4.6216545,0.009836508,-4.573126,0.010325633,N-BEATS(L=90),5,test
2024-12-31,SPY,-3.976459,0.018751921,-4.2351375,0.01447782,N-BEATS(L=90),5,test
2024-12-31,TLT,-4.346497,0.012952103,-4.4676695,0.011474025,N-BEATS(L=90),5,test
